{
"type": "FeatureCollection",
"name": "COALNE",
"crs": { "type": "name", "properties": { "name": "urn:ogc:def:crs:OGC:1.3:CRS84" } },
"features": [
{ "type": "Feature", "properties": { "RCID": 67, "PRIM": 2, "GRUP": 2, "OBJL": 30, "RVER": 1, "AGEN": 550, "FIDN": 575282967, "FIDS": 9, "LNAM": "0226224A1F170009", "LNAM_REFS": null, "FFPT_RIND": null, "CATCOA": null, "COLOUR": null, "CONRAD": null, "CONVIS": null, "ELEVAT": null, "NOBJNM": null, "OBJNAM": null, "VERACC": null, "VERDAT": null, "INFORM": null, "NINFOM": null, "NTXTDS": null, "PICREP": null, "SCAMAX": null, "SCAMIN": null, "TXTDSC": null, "RECDAT": null, "RECIND": null, "SORDAT": "20150206", "SORIND": "US,US,reprt,L-246-2015", "_enc_cell": "US4TB3P0" }, "geometry": { "type": "LineString", "coordinates": [ [ 134.547073399999988, 7.3435612 ], [ 134.547424299999989, 7.3436499 ], [ 134.5475159, 7.3436499 ], [ 134.547912599999989, 7.3434973 ], [ 134.5479279, 7.3434196 ], [ 134.548141500000014, 7.3431945 ], [ 134.548172, 7.3431168 ], [ 134.5483246, 7.3430028 ], [ 134.548584, 7.3428721 ], [ 134.5487671, 7.3428111 ], [ 134.548980699999987, 7.3425889 ], [ 134.549057, 7.3424721 ], [ 134.5491791, 7.3423638 ], [ 134.549209600000012, 7.342289 ], [ 134.5493774, 7.3421388 ], [ 134.5494995, 7.3420668 ], [ 134.54953, 7.3420081 ], [ 134.5496216, 7.342011 ], [ 134.5498352, 7.3419557 ], [ 134.5498657, 7.3419361 ], [ 134.549881, 7.3419027 ], [ 134.550079399999987, 7.3419027 ], [ 134.550155600000011, 7.3418889 ], [ 134.550186200000013, 7.341928 ], [ 134.5502777, 7.3419862 ], [ 134.550354, 7.3419471 ], [ 134.5503845, 7.3418999 ], [ 134.5505219, 7.3418388 ], [ 134.5505981, 7.3418446 ], [ 134.5506897, 7.3417611 ], [ 134.5506897, 7.3416748 ], [ 134.550643900000011, 7.3415694 ], [ 134.5506744, 7.3415141 ], [ 134.550766, 7.3414474 ], [ 134.550781300000011, 7.3413749 ], [ 134.5508423, 7.341372 ], [ 134.550918599999989, 7.3413334 ], [ 134.5511017, 7.3413305 ], [ 134.551178, 7.341311 ], [ 134.5512238, 7.3412724 ], [ 134.5512238, 7.3411918 ], [ 134.551116900000011, 7.3408055 ], [ 134.5510864, 7.340714 ], [ 134.5511017, 7.3404498 ], [ 134.551147500000013, 7.3402667 ], [ 134.5511627, 7.3401141 ], [ 134.551040699999987, 7.3398113 ], [ 134.5509949, 7.3397498 ], [ 134.5509796, 7.3396807 ], [ 134.551025399999986, 7.3395891 ], [ 134.5512085, 7.3393722 ], [ 134.551239, 7.3392973 ], [ 134.5512238, 7.3391862 ], [ 134.551254300000011, 7.3390665 ], [ 134.5513611, 7.3388333 ], [ 134.5513458, 7.3387332 ], [ 134.551254300000011, 7.3386388 ], [ 134.551132200000012, 7.3385415 ], [ 134.551025399999986, 7.3384972 ], [ 134.550903299999987, 7.3384805 ], [ 134.550781300000011, 7.338511 ], [ 134.5506897, 7.3385944 ], [ 134.550643900000011, 7.3387055 ], [ 134.5505676, 7.3388028 ], [ 134.5504761, 7.3388639 ], [ 134.550415, 7.3390555 ], [ 134.5503998, 7.3392553 ], [ 134.5502167, 7.3394666 ], [ 134.550186200000013, 7.3395777 ], [ 134.550170900000012, 7.3397055 ], [ 134.550155600000011, 7.3401251 ], [ 134.550186200000013, 7.3402834 ], [ 134.5500946, 7.3405862 ], [ 134.550079399999987, 7.3407359 ], [ 134.5500183, 7.3408251 ], [ 134.549881, 7.3410749 ], [ 134.5497742, 7.341114 ], [ 134.5496521, 7.3410835 ], [ 134.5495606, 7.3410001 ], [ 134.549469, 7.3409333 ], [ 134.54933170000001, 7.340889 ], [ 134.549224900000013, 7.3408279 ], [ 134.5490265, 7.3406334 ], [ 134.5489197, 7.3405585 ], [ 134.54884340000001, 7.3405914 ], [ 134.548736600000012, 7.340672 ], [ 134.548721300000011, 7.3407722 ], [ 134.548629799999986, 7.3408585 ], [ 134.548599200000012, 7.3409414 ], [ 134.548584, 7.3412776 ], [ 134.5484009, 7.341547 ], [ 134.5483246, 7.3416224 ], [ 134.5482025, 7.3416638 ], [ 134.5480499, 7.3418388 ], [ 134.54788210000001, 7.3419251 ], [ 134.5477142, 7.3420529 ], [ 134.5476227, 7.3419972 ], [ 134.547531099999986, 7.3418832 ], [ 134.54740910000001, 7.3418779 ], [ 134.5473633, 7.3418946 ], [ 134.547302300000013, 7.3418918 ], [ 134.5472565, 7.3417945 ], [ 134.547180200000014, 7.3417721 ], [ 134.5470276, 7.3418026 ], [ 134.5469971, 7.3418694 ], [ 134.5468903, 7.3419695 ], [ 134.5468597, 7.3421359 ], [ 134.546798700000011, 7.3421917 ], [ 134.546798700000011, 7.3422666 ], [ 134.5468292, 7.3423138 ], [ 134.5466614, 7.3428721 ], [ 134.546676600000012, 7.3429499 ], [ 134.546691900000013, 7.3430362 ], [ 134.5467224, 7.3431501 ], [ 134.5468292, 7.3433499 ], [ 134.546875, 7.3434196 ], [ 134.547073399999988, 7.3435612 ] ] } },
{ "type": "Feature", "properties": { "RCID": 68, "PRIM": 2, "GRUP": 2, "OBJL": 30, "RVER": 1, "AGEN": 550, "FIDN": 136152510, "FIDS": 9, "LNAM": "0226081D85BE0009", "LNAM_REFS": null, "FFPT_RIND": null, "CATCOA": 7.0, "COLOUR": null, "CONRAD": null, "CONVIS": null, "ELEVAT": null, "NOBJNM": null, "OBJNAM": null, "VERACC": null, "VERDAT": null, "INFORM": null, "NINFOM": null, "NTXTDS": null, "PICREP": null, "SCAMAX": null, "SCAMIN": null, "TXTDSC": null, "RECDAT": null, "RECIND": null, "SORDAT": "20150206", "SORIND": "US,US,reprt,L-246-2015", "_enc_cell": "US4TB3P0" }, "geometry": { "type": "LineString", "coordinates": [ [ 134.5336914, 7.3526249 ], [ 134.533721899999989, 7.3530111 ], [ 134.533783, 7.3532639 ], [ 134.533828699999987, 7.3535028 ], [ 134.53370670000001, 7.3535166 ], [ 134.5336151, 7.3533859 ], [ 134.5332031, 7.3532305 ], [ 134.53302, 7.3530445 ], [ 134.532867399999986, 7.3530502 ], [ 134.5327301, 7.3530808 ], [ 134.5326843, 7.3530111 ], [ 134.5325775, 7.3528891 ], [ 134.5324402, 7.3528695 ], [ 134.532287599999989, 7.3528724 ], [ 134.532028200000013, 7.353014 ], [ 134.5317688, 7.3530474 ], [ 134.5316315, 7.3531942 ], [ 134.5315704, 7.3533473 ], [ 134.5314636, 7.3534331 ], [ 134.5314026, 7.3535609 ], [ 134.531311, 7.3540082 ], [ 134.531173700000011, 7.3540082 ], [ 134.5311127, 7.3538055 ], [ 134.5311127, 7.3535914 ], [ 134.5311432, 7.3530555 ], [ 134.531082199999986, 7.3526082 ], [ 134.5309753, 7.3524804 ], [ 134.5308075, 7.3523307 ], [ 134.5306549, 7.3521085 ], [ 134.5305328, 7.3519974 ], [ 134.5304108, 7.3518391 ] ] } },
{ "type": "Feature", "properties": { "RCID": 69, "PRIM": 2, "GRUP": 2, "OBJL": 30, "RVER": 1, "AGEN": 550, "FIDN": 127956011, "FIDS": 9, "LNAM": "022607A0742B0009", "LNAM_REFS": null, "FFPT_RIND": null, "CATCOA": null, "COLOUR": null, "CONRAD": null, "CONVIS": null, "ELEVAT": null, "NOBJNM": null, "OBJNAM": null, "VERACC": null, "VERDAT": null, "INFORM": null, "NINFOM": null, "NTXTDS": null, "PICREP": null, "SCAMAX": null, "SCAMIN": null, "TXTDSC": null, "RECDAT": null, "RECIND": null, "SORDAT": "20150206", "SORIND": "US,US,reprt,L-246-2015", "_enc_cell": "US4TB3P0" }, "geometry": { "type": "LineString", "coordinates": [ [ 134.52876280000001, 7.3462415 ], [ 134.528717, 7.3463221 ], [ 134.528656, 7.3463917 ], [ 134.5286408, 7.3464804 ], [ 134.5286408, 7.3466334 ], [ 134.528656, 7.3467555 ], [ 134.5287018, 7.3468585 ], [ 134.5288239, 7.3469224 ], [ 134.5289459, 7.3469224 ], [ 134.529037499999987, 7.3468971 ], [ 134.5291748, 7.3466945 ], [ 134.5291901, 7.3464165 ], [ 134.5291138, 7.3463082 ], [ 134.529022200000014, 7.3462277 ], [ 134.5288086, 7.346189 ], [ 134.52876280000001, 7.3462415 ] ] } },
{ "type": "Feature", "properties": { "RCID": 70, "PRIM": 2, "GRUP": 2, "OBJL": 30, "RVER": 1, "AGEN": 550, "FIDN": 402302986, "FIDS": 9, "LNAM": "022617FAA80A0009", "LNAM_REFS": null, "FFPT_RIND": null, "CATCOA": null, "COLOUR": null, "CONRAD": null, "CONVIS": null, "ELEVAT": null, "NOBJNM": null, "OBJNAM": null, "VERACC": null, "VERDAT": null, "INFORM": null, "NINFOM": null, "NTXTDS": null, "PICREP": null, "SCAMAX": null, "SCAMIN": null, "TXTDSC": null, "RECDAT": null, "RECIND": null, "SORDAT": "20150206", "SORIND": "US,US,reprt,L-246-2015", "_enc_cell": "US4TB3P0" }, "geometry": { "type": "LineString", "coordinates": [ [ 134.5266876, 7.3517027 ], [ 134.526748700000013, 7.3516917 ], [ 134.5268097, 7.3516974 ], [ 134.526870699999989, 7.3516388 ], [ 134.5269013, 7.3514891 ], [ 134.526886, 7.3513999 ], [ 134.5267639, 7.3512807 ], [ 134.5266571, 7.3512859 ], [ 134.5265808, 7.351325 ], [ 134.526535, 7.3514166 ], [ 134.526519799999988, 7.3515225 ], [ 134.5265503, 7.3515916 ], [ 134.5265808, 7.3516307 ], [ 134.5264893, 7.3516417 ], [ 134.5264435, 7.3516722 ], [ 134.526474, 7.3517056 ], [ 134.526504499999987, 7.3517389 ], [ 134.526626599999986, 7.3517942 ], [ 134.5266876, 7.3517027 ] ] } },
{ "type": "Feature", "properties": { "RCID": 75, "PRIM": 2, "GRUP": 2, "OBJL": 30, "RVER": 1, "AGEN": 550, "FIDN": 739559473, "FIDS": 9, "LNAM": "02262C14C8310009", "LNAM_REFS": null, "FFPT_RIND": null, "CATCOA": null, "COLOUR": null, "CONRAD": null, "CONVIS": null, "ELEVAT": null, "NOBJNM": null, "OBJNAM": null, "VERACC": null, "VERDAT": null, "INFORM": null, "NINFOM": null, "NTXTDS": null, "PICREP": null, "SCAMAX": null, "SCAMIN": null, "TXTDSC": null, "RECDAT": null, "RECIND": null, "SORDAT": "20150206", "SORIND": "US,US,reprt,L-246-2015", "_enc_cell": "US4TB3P0" }, "geometry": { "type": "LineString", "coordinates": [ [ 134.4786072, 7.3175335 ], [ 134.4786072, 7.3174973 ], [ 134.478653, 7.3173862 ], [ 134.4787598, 7.3173556 ], [ 134.4788361, 7.3172889 ], [ 134.478897100000012, 7.3171835 ], [ 134.4788666, 7.3169527 ], [ 134.4789276, 7.3167138 ], [ 134.47901920000001, 7.3164973 ], [ 134.4790955, 7.3162279 ], [ 134.4790955, 7.3160086 ], [ 134.47901920000001, 7.3159027 ], [ 134.4791107, 7.3156195 ], [ 134.4792481, 7.3154836 ], [ 134.479370100000011, 7.3153667 ], [ 134.479538, 7.3152609 ], [ 134.479751599999986, 7.3152447 ], [ 134.4799652, 7.315239 ], [ 134.4801941, 7.3151002 ], [ 134.4803772, 7.3150001 ], [ 134.4806519, 7.314939 ], [ 134.48092650000001, 7.3150001 ], [ 134.481247, 7.3149252 ], [ 134.481567399999989, 7.314703 ], [ 134.4818268, 7.3143501 ], [ 134.4820709, 7.3141112 ], [ 134.4823151, 7.3138528 ], [ 134.482513399999988, 7.313736 ], [ 134.482650799999988, 7.313736 ], [ 134.4828033, 7.313828 ], [ 134.4829559, 7.3142638 ], [ 134.4829254, 7.3143473 ], [ 134.4829254, 7.3145585 ], [ 134.48298650000001, 7.3147445 ], [ 134.4829407, 7.3149195 ], [ 134.4828949, 7.3153029 ], [ 134.4827118, 7.3154502 ], [ 134.4826965, 7.3155918 ], [ 134.4827271, 7.3157835 ], [ 134.4828339, 7.3159056 ], [ 134.4828949, 7.3160224 ], [ 134.483123799999987, 7.3161836 ], [ 134.4831696, 7.3163223 ], [ 134.4831848, 7.316464 ], [ 134.4836273, 7.3165169 ], [ 134.483718900000014, 7.3164697 ], [ 134.4837494, 7.3163166 ], [ 134.483825700000011, 7.3163109 ], [ 134.4838409, 7.316164 ], [ 134.4837341, 7.3161502 ], [ 134.4835358, 7.316061 ], [ 134.483352700000012, 7.3160086 ], [ 134.4833221, 7.3159304 ], [ 134.483429, 7.3157473 ], [ 134.4834595, 7.3155804 ], [ 134.4834137, 7.3152137 ], [ 134.4835358, 7.3151612 ], [ 134.4836273, 7.315022 ], [ 134.483612099999988, 7.3148804 ], [ 134.483581500000014, 7.3147001 ], [ 134.483581500000014, 7.3145137 ], [ 134.4835663, 7.3144612 ], [ 134.4836731, 7.314364 ], [ 134.483825700000011, 7.3143416 ], [ 134.4840393, 7.3142195 ], [ 134.4840546, 7.314075 ], [ 134.4840088, 7.3139305 ], [ 134.4842529, 7.313839 ], [ 134.484436, 7.3138166 ], [ 134.4848175, 7.313561 ], [ 134.48526, 7.3132224 ], [ 134.4854736, 7.3130584 ], [ 134.485763600000013, 7.3130112 ], [ 134.486023, 7.3131638 ], [ 134.4862824, 7.3134222 ], [ 134.486587500000013, 7.3134222 ], [ 134.487091099999986, 7.3133502 ], [ 134.4874878, 7.3132582 ], [ 134.4877625, 7.3133168 ], [ 134.4880066, 7.3132334 ], [ 134.4881744, 7.3132443 ], [ 134.4881744, 7.3135276 ], [ 134.4880981, 7.3136835 ], [ 134.487930299999988, 7.3140197 ], [ 134.4876404, 7.3145223 ], [ 134.487564099999986, 7.3148055 ], [ 134.4876404, 7.3152971 ], [ 134.487686200000013, 7.3154888 ], [ 134.487793, 7.3156252 ], [ 134.4878998, 7.3158026 ], [ 134.4879761, 7.3159833 ], [ 134.487915, 7.3161054 ], [ 134.487686200000013, 7.3164387 ], [ 134.4874878, 7.3164887 ], [ 134.487182600000011, 7.3166943 ], [ 134.4870148, 7.3167667 ], [ 134.486496, 7.3168359 ], [ 134.4864655, 7.3169332 ], [ 134.486480699999987, 7.3170862 ], [ 134.486480699999987, 7.3172221 ], [ 134.4867401, 7.3174195 ], [ 134.4868164, 7.3175807 ], [ 134.4868927, 7.3179221 ], [ 134.4868927, 7.3191776 ], [ 134.486908, 7.3192554 ], [ 134.4869995, 7.3192945 ], [ 134.487091099999986, 7.3194804 ], [ 134.487091099999986, 7.3196139 ], [ 134.4871521, 7.3197165 ], [ 134.4872437, 7.3199501 ], [ 134.487197900000012, 7.3200779 ], [ 134.4872131, 7.3202305 ], [ 134.4872894, 7.3202944 ], [ 134.487197900000012, 7.3203778 ], [ 134.487075800000014, 7.3203917 ], [ 134.486969, 7.3205195 ], [ 134.486953699999987, 7.3206415 ], [ 134.48703, 7.320653 ], [ 134.487091099999986, 7.3207111 ], [ 134.486969, 7.320786 ], [ 134.486846899999989, 7.3208861 ], [ 134.4867554, 7.3209806 ], [ 134.486724900000013, 7.3211222 ], [ 134.486587500000013, 7.3211279 ], [ 134.4865418, 7.3208971 ], [ 134.4864349, 7.3207555 ], [ 134.486480699999987, 7.3206167 ], [ 134.486602799999986, 7.3205195 ], [ 134.4867554, 7.3202944 ], [ 134.486846899999989, 7.320128 ], [ 134.486724900000013, 7.3198137 ], [ 134.486694300000011, 7.3196082 ], [ 134.4864655, 7.319314 ], [ 134.486496, 7.3191748 ], [ 134.4865265, 7.3191195 ], [ 134.4866333, 7.3190584 ], [ 134.4866486, 7.3190222 ], [ 134.4866486, 7.3189807 ], [ 134.486602799999986, 7.3189526 ], [ 134.4861755, 7.318903 ], [ 134.486023, 7.3189669 ], [ 134.4859009, 7.3190832 ], [ 134.4858246, 7.3194027 ], [ 134.4854431, 7.3194943 ], [ 134.485321, 7.3195748 ], [ 134.4852905, 7.3197694 ], [ 134.4852142, 7.3198776 ], [ 134.485168499999986, 7.3200307 ], [ 134.4850922, 7.3201332 ], [ 134.4849396, 7.3202305 ], [ 134.4847565, 7.3202887 ], [ 134.4844971, 7.3204279 ], [ 134.4843445, 7.320539 ], [ 134.484191900000013, 7.3206668 ], [ 134.4841309, 7.3208361 ], [ 134.4841156, 7.3211279 ], [ 134.4839783, 7.3214307 ], [ 134.4840088, 7.3215776 ], [ 134.4841003, 7.3217249 ], [ 134.4842835, 7.3219056 ], [ 134.4844971, 7.3220916 ], [ 134.4847412, 7.3222084 ], [ 134.4849386, 7.3223375 ], [ 134.4849701, 7.3223581 ], [ 134.4852295, 7.3224053 ], [ 134.485397299999988, 7.3224502 ], [ 134.4855042, 7.3224363 ], [ 134.4855804, 7.322464 ], [ 134.4856567, 7.3225164 ], [ 134.4858551, 7.3225665 ], [ 134.4859009, 7.3226471 ], [ 134.4859619, 7.3226972 ], [ 134.486129799999986, 7.3226252 ], [ 134.4862824, 7.3226166 ], [ 134.486496, 7.3226471 ], [ 134.486602799999986, 7.3226442 ], [ 134.486694300000011, 7.322711 ], [ 134.4868164, 7.3227501 ], [ 134.4870453, 7.3225946 ], [ 134.4871216, 7.3224721 ], [ 134.4872131, 7.3222776 ], [ 134.48730470000001, 7.3221693 ], [ 134.4874268, 7.3220806 ], [ 134.4875183, 7.3220248 ], [ 134.4877625, 7.3220224 ], [ 134.4878845, 7.3220058 ], [ 134.4879761, 7.3219528 ], [ 134.4881134, 7.321939 ], [ 134.488205, 7.3219085 ], [ 134.4882965, 7.3218446 ], [ 134.488418599999989, 7.3215971 ], [ 134.488540699999987, 7.3214388 ], [ 134.488647500000013, 7.3213611 ], [ 134.488739, 7.3213363 ], [ 134.488906899999989, 7.3213887 ], [ 134.48909, 7.3213582 ], [ 134.4893189, 7.3214445 ], [ 134.489624, 7.3213973 ], [ 134.4896698, 7.3214665 ], [ 134.4897766, 7.3215137 ], [ 134.4899445, 7.3215222 ], [ 134.490081800000013, 7.3215027 ], [ 134.49018860000001, 7.3214417 ], [ 134.4902496, 7.3213611 ], [ 134.4902802, 7.3211222 ], [ 134.4904785, 7.3208942 ], [ 134.4905396, 7.3208332 ], [ 134.4906006, 7.320725 ], [ 134.49066160000001, 7.3205276 ], [ 134.4907379, 7.3203778 ], [ 134.4908447, 7.3200474 ], [ 134.4908752, 7.3198724 ], [ 134.4908295, 7.3196335 ], [ 134.4908295, 7.3194084 ], [ 134.4908752, 7.3191609 ], [ 134.4908905, 7.3191028 ], [ 134.4909821, 7.3190918 ], [ 134.4911041, 7.3189416 ], [ 134.4910736, 7.3188138 ], [ 134.4909668, 7.3186221 ], [ 134.4907379, 7.3182859 ], [ 134.4906464, 7.3182306 ], [ 134.490570100000014, 7.3181391 ], [ 134.4904175, 7.3180223 ], [ 134.490341199999989, 7.3180084 ], [ 134.4903107, 7.3179555 ], [ 134.4902954, 7.317853 ], [ 134.490203900000012, 7.3175583 ], [ 134.4901428, 7.3174887 ], [ 134.4901428, 7.3174057 ], [ 134.4900055, 7.3172584 ], [ 134.4899445, 7.3172193 ], [ 134.4899139, 7.3172193 ], [ 134.4896545, 7.3175221 ], [ 134.4895477, 7.3176222 ], [ 134.4894562, 7.3177419 ], [ 134.489379899999989, 7.3178167 ], [ 134.4892883, 7.3178668 ], [ 134.48922730000001, 7.3179555 ], [ 134.4891357, 7.317986 ], [ 134.488891599999988, 7.3180223 ], [ 134.4888153, 7.3180943 ], [ 134.4887085, 7.3180418 ], [ 134.488632200000012, 7.3180723 ], [ 134.4885864, 7.3182583 ], [ 134.488632200000012, 7.3183308 ], [ 134.4887085, 7.3183332 ], [ 134.4887085, 7.3183947 ], [ 134.488647500000013, 7.3184333 ], [ 134.488647500000013, 7.3187056 ], [ 134.4886932, 7.3188472 ], [ 134.4889526, 7.319253 ], [ 134.4889374, 7.3192806 ], [ 134.4888153, 7.3192582 ], [ 134.4886932, 7.3193359 ], [ 134.4885864, 7.319561 ], [ 134.4885712, 7.3196502 ], [ 134.4886017, 7.319725 ], [ 134.4886627, 7.3197584 ], [ 134.488769499999989, 7.3197694 ], [ 134.488876299999987, 7.3197446 ], [ 134.4889679, 7.3197026 ], [ 134.4890442, 7.3197751 ], [ 134.4892578, 7.3199 ], [ 134.4893036, 7.3199835 ], [ 134.4893036, 7.3202472 ], [ 134.4892731, 7.3203473 ], [ 134.489151, 7.3205056 ], [ 134.4890595, 7.3204947 ], [ 134.4888458, 7.3203554 ], [ 134.488769499999989, 7.3203387 ], [ 134.4886932, 7.3203692 ], [ 134.488525399999986, 7.3205361 ], [ 134.4884796, 7.3206248 ], [ 134.4883881, 7.3207083 ], [ 134.4883575, 7.3205752 ], [ 134.4883881, 7.320364 ], [ 134.4884644, 7.3200083 ], [ 134.4884644, 7.3198471 ], [ 134.488403299999987, 7.3196387 ], [ 134.488327, 7.3194614 ], [ 134.4882965, 7.3193445 ], [ 134.488159200000013, 7.3190832 ], [ 134.488037100000014, 7.3188 ], [ 134.488037100000014, 7.3186498 ], [ 134.4881134, 7.3183861 ], [ 134.4880981, 7.3182168 ], [ 134.4879608, 7.3177748 ], [ 134.487930299999988, 7.3175583 ], [ 134.487945599999989, 7.3175139 ], [ 134.4880066, 7.3174834 ], [ 134.4879761, 7.3174224 ], [ 134.4879913, 7.3173418 ], [ 134.488159200000013, 7.3171363 ], [ 134.488327, 7.3170586 ], [ 134.488403299999987, 7.3169193 ], [ 134.488632200000012, 7.3167887 ], [ 134.4886627, 7.3167167 ], [ 134.4887238, 7.3166528 ], [ 134.4888458, 7.316597 ], [ 134.4889221, 7.316639 ], [ 134.4890442, 7.3166609 ], [ 134.489151, 7.3166251 ], [ 134.4894562, 7.316453 ], [ 134.489563, 7.3162804 ], [ 134.489563, 7.3162141 ], [ 134.4894104, 7.3158808 ], [ 134.4893341, 7.3157835 ], [ 134.489242600000011, 7.3157444 ], [ 134.4890442, 7.3154526 ], [ 134.4889679, 7.3152943 ], [ 134.4889526, 7.3151918 ], [ 134.4890595, 7.314786 ], [ 134.489242600000011, 7.3146167 ], [ 134.4894104, 7.3145418 ], [ 134.4895477, 7.3143582 ], [ 134.4895477, 7.3138971 ], [ 134.489608800000013, 7.3137612 ], [ 134.48983770000001, 7.3137054 ], [ 134.4901276, 7.3137221 ], [ 134.4906158, 7.3139668 ], [ 134.4909821, 7.3141193 ], [ 134.4911804, 7.3141666 ], [ 134.4915619, 7.3141193 ], [ 134.491806, 7.3140974 ], [ 134.4922333, 7.3139582 ], [ 134.492614800000013, 7.3137002 ], [ 134.493072500000011, 7.3135834 ], [ 134.4932404, 7.3135696 ], [ 134.493331899999987, 7.3135028 ], [ 134.4934845, 7.3134251 ], [ 134.4935303, 7.3133612 ], [ 134.493515, 7.3132944 ], [ 134.4936066, 7.3132029 ], [ 134.4937439, 7.3129916 ], [ 134.4937897, 7.3129668 ], [ 134.493988, 7.3127804 ], [ 134.4943848, 7.3127165 ], [ 134.4944611, 7.3126831 ], [ 134.494796799999989, 7.312747 ], [ 134.494888300000014, 7.3128362 ], [ 134.4949799, 7.3128834 ], [ 134.4950714, 7.3128223 ], [ 134.495163, 7.3126831 ], [ 134.4951782, 7.3125639 ], [ 134.4951477, 7.3122416 ], [ 134.4951782, 7.3121305 ], [ 134.495269799999988, 7.3119917 ], [ 134.495361300000013, 7.3118887 ], [ 134.4956513, 7.3117223 ], [ 134.495742799999988, 7.3116388 ], [ 134.495758099999989, 7.3115139 ], [ 134.495758099999989, 7.3113585 ], [ 134.495727499999987, 7.3110919 ], [ 134.4956818, 7.3109999 ], [ 134.4955444, 7.3108749 ], [ 134.495391899999987, 7.3107724 ], [ 134.4952087, 7.3106613 ], [ 134.4948731, 7.3105192 ], [ 134.494751, 7.3104582 ], [ 134.4946289, 7.3104248 ], [ 134.4944611, 7.3104167 ], [ 134.4944, 7.3103919 ], [ 134.494308499999988, 7.3104639 ], [ 134.4943237, 7.3104138 ], [ 134.4944916, 7.3102112 ], [ 134.494522100000012, 7.3100915 ], [ 134.4946137, 7.3099113 ], [ 134.4945831, 7.30935 ], [ 134.494537400000013, 7.3091888 ], [ 134.494537400000013, 7.3089585 ], [ 134.4945984, 7.3088527 ], [ 134.4946899, 7.3087583 ], [ 134.4947205, 7.3086362 ], [ 134.494812, 7.3085165 ], [ 134.495132500000011, 7.3083444 ], [ 134.495361300000013, 7.3083139 ], [ 134.495620699999989, 7.3083057 ], [ 134.495849600000014, 7.3081389 ], [ 134.495971700000013, 7.3080277 ], [ 134.4960632, 7.307786 ], [ 134.496215799999987, 7.307672 ], [ 134.4963837, 7.3076081 ], [ 134.496521, 7.3076248 ], [ 134.4965973, 7.3076167 ], [ 134.496688799999987, 7.3075724 ], [ 134.496810900000014, 7.3074498 ], [ 134.4968567, 7.3073721 ], [ 134.496917700000012, 7.3073692 ], [ 134.4969482, 7.307303 ], [ 134.4970093, 7.3072333 ], [ 134.4970703, 7.3072333 ], [ 134.4971008, 7.3073053 ], [ 134.4972229, 7.3073306 ], [ 134.4972687, 7.3074002 ], [ 134.4974365, 7.3076029 ], [ 134.4977112, 7.3078113 ], [ 134.4978485, 7.3078775 ], [ 134.4980927, 7.30795 ], [ 134.4981842, 7.3078861 ], [ 134.498260499999986, 7.3078027 ], [ 134.498291, 7.3074946 ], [ 134.498245200000014, 7.3072557 ], [ 134.49823, 7.3069196 ], [ 134.498245200000014, 7.30685 ], [ 134.498291, 7.3068137 ], [ 134.4983521, 7.3068442 ], [ 134.4984589, 7.3068419 ], [ 134.4985504, 7.306797 ], [ 134.4985809, 7.3067417 ], [ 134.4985046, 7.3065276 ], [ 134.4984283, 7.3063779 ], [ 134.49823, 7.3060832 ], [ 134.498245200000014, 7.3060165 ], [ 134.4981995, 7.3059554 ], [ 134.498153699999989, 7.3058834 ], [ 134.498169, 7.3057861 ], [ 134.498153699999989, 7.3057194 ], [ 134.4981079, 7.3056612 ], [ 134.4980316, 7.305614 ], [ 134.49800110000001, 7.3055277 ], [ 134.4979553, 7.3054638 ], [ 134.497894300000013, 7.3054304 ], [ 134.497772200000014, 7.3054586 ], [ 134.497421300000013, 7.305275 ], [ 134.497283900000014, 7.3051696 ], [ 134.4972229, 7.3051887 ], [ 134.4971314, 7.3051887 ], [ 134.4970093, 7.3050666 ], [ 134.4968414, 7.3049693 ], [ 134.496810900000014, 7.3049192 ], [ 134.4967346, 7.3048639 ], [ 134.4966278, 7.3048639 ], [ 134.4966126, 7.3047471 ], [ 134.496429400000011, 7.3043861 ], [ 134.4963684, 7.3043389 ], [ 134.4963074, 7.304328 ], [ 134.4962616, 7.3042917 ], [ 134.4960022, 7.3040056 ], [ 134.4959869, 7.3038721 ], [ 134.4960022, 7.3037748 ], [ 134.4962463, 7.3035722 ], [ 134.496353199999987, 7.3034444 ], [ 134.4963989, 7.3033028 ], [ 134.4963989, 7.3031807 ], [ 134.4963787, 7.3031191 ], [ 134.496353199999987, 7.3030415 ], [ 134.4960327, 7.3027859 ], [ 134.495956400000011, 7.3027611 ], [ 134.4959106, 7.3026891 ], [ 134.495849600000014, 7.3026276 ], [ 134.495636, 7.3025527 ], [ 134.495575, 7.3025723 ], [ 134.4955369, 7.3025688 ], [ 134.4954529, 7.3025613 ], [ 134.4953003, 7.3026748 ], [ 134.495254499999987, 7.3027554 ], [ 134.495163, 7.3027444 ], [ 134.495010400000012, 7.3027 ], [ 134.4949493, 7.3026586 ], [ 134.4948578, 7.3025084 ], [ 134.4947357, 7.3024473 ], [ 134.4946289, 7.3023167 ], [ 134.4942017, 7.3021445 ], [ 134.493927, 7.3021307 ], [ 134.493911700000012, 7.3021751 ], [ 134.493927, 7.3022556 ], [ 134.4938812, 7.3023362 ], [ 134.493866, 7.3024111 ], [ 134.4937592, 7.3024974 ], [ 134.4936371, 7.3025279 ], [ 134.493560800000012, 7.3025084 ], [ 134.4933777, 7.3024335 ], [ 134.493347199999988, 7.3023224 ], [ 134.493225099999989, 7.3022833 ], [ 134.493087800000012, 7.3021722 ], [ 134.492858899999987, 7.3017082 ], [ 134.492691, 7.3014722 ], [ 134.4925537, 7.3013611 ], [ 134.4923554, 7.3013082 ], [ 134.4919281, 7.3013082 ], [ 134.491745, 7.3012223 ], [ 134.4914551, 7.3011499 ], [ 134.4912415, 7.3011389 ], [ 134.491149900000011, 7.3012805 ], [ 134.4910736, 7.3012943 ], [ 134.490799, 7.3012166 ], [ 134.49066160000001, 7.301136 ], [ 134.4904022, 7.3011026 ], [ 134.4902954, 7.3011112 ], [ 134.4899902, 7.3012557 ], [ 134.4896545, 7.3011527 ], [ 134.4893189, 7.3009667 ], [ 134.4889832, 7.3008585 ], [ 134.4889221, 7.3007946 ], [ 134.488876299999987, 7.3006444 ], [ 134.4888306, 7.3006167 ], [ 134.488754300000011, 7.3005915 ], [ 134.4886932, 7.3005891 ], [ 134.488647500000013, 7.3006334 ], [ 134.488647500000013, 7.3007221 ], [ 134.4886017, 7.3008194 ], [ 134.488525399999986, 7.3008752 ], [ 134.4884796, 7.3009749 ], [ 134.488266, 7.3011279 ], [ 134.488205, 7.3011389 ], [ 134.4880981, 7.3010945 ], [ 134.4880219, 7.3010359 ], [ 134.4878388, 7.301075 ], [ 134.4877319, 7.3010221 ], [ 134.487686200000013, 7.3009362 ], [ 134.4876251, 7.3008752 ], [ 134.487457299999988, 7.3008695 ], [ 134.4872742, 7.300797 ], [ 134.486694300000011, 7.3006249 ], [ 134.4865418, 7.3005137 ], [ 134.4863892, 7.3004723 ], [ 134.486084, 7.3004637 ], [ 134.4857178, 7.3003998 ], [ 134.48538210000001, 7.3002777 ], [ 134.4852295, 7.3002501 ], [ 134.4849396, 7.3002248 ], [ 134.4848175, 7.3002667 ], [ 134.4847412, 7.3003306 ], [ 134.484664900000013, 7.3006334 ], [ 134.484573399999988, 7.3006611 ], [ 134.484451299999989, 7.3006611 ], [ 134.4843445, 7.3006501 ], [ 134.484207199999986, 7.3006029 ], [ 134.4841309, 7.3006001 ], [ 134.4839783, 7.3006749 ], [ 134.483902, 7.3007917 ], [ 134.4837799, 7.3008833 ], [ 134.483703600000013, 7.3009696 ], [ 134.4836884, 7.3010998 ], [ 134.4837341, 7.3011832 ], [ 134.4840393, 7.3012557 ], [ 134.484069799999986, 7.3013029 ], [ 134.4840546, 7.3013721 ], [ 134.4841461, 7.3014307 ], [ 134.484191900000013, 7.3014998 ], [ 134.484191900000013, 7.3015499 ], [ 134.4840393, 7.3016501 ], [ 134.4840393, 7.3017306 ], [ 134.484069799999986, 7.3017888 ], [ 134.484191900000013, 7.3018446 ], [ 134.4843292, 7.3018665 ], [ 134.4843445, 7.3019252 ], [ 134.4843292, 7.3020778 ], [ 134.484375, 7.3022113 ], [ 134.484436, 7.3022943 ], [ 134.4845886, 7.3023362 ], [ 134.4846344, 7.3024001 ], [ 134.4847107, 7.3024335 ], [ 134.4848175, 7.3024473 ], [ 134.4848785, 7.3024278 ], [ 134.4850159, 7.3023109 ], [ 134.485061699999989, 7.3023362 ], [ 134.485046399999987, 7.3024249 ], [ 134.4850922, 7.3025141 ], [ 134.4851837, 7.3025498 ], [ 134.4855499, 7.302464 ], [ 134.485611, 7.3023582 ], [ 134.4857025, 7.3023334 ], [ 134.4858246, 7.3023834 ], [ 134.4859314, 7.3024888 ], [ 134.486099200000012, 7.3026915 ], [ 134.486236600000012, 7.302947 ], [ 134.4863892, 7.3033695 ], [ 134.4866486, 7.3038693 ], [ 134.4866486, 7.3039613 ], [ 134.486587500000013, 7.3040667 ], [ 134.4864655, 7.304153 ], [ 134.4864197, 7.3042169 ], [ 134.4864349, 7.304328 ], [ 134.4863739, 7.3043943 ], [ 134.486114500000014, 7.3045917 ], [ 134.4859467, 7.3046475 ], [ 134.4858551, 7.3045836 ], [ 134.485748300000012, 7.3044529 ], [ 134.4855957, 7.3041029 ], [ 134.4855042, 7.3039861 ], [ 134.4855652, 7.3039308 ], [ 134.485733, 7.3039165 ], [ 134.485748300000012, 7.3039165 ], [ 134.485885599999989, 7.3039613 ], [ 134.486099200000012, 7.3040166 ], [ 134.486129799999986, 7.3038778 ], [ 134.4860687, 7.3037167 ], [ 134.4859772, 7.3035307 ], [ 134.4859619, 7.3033443 ], [ 134.4858551, 7.3031859 ], [ 134.4857025, 7.3031974 ], [ 134.4855957, 7.3031974 ], [ 134.4855499, 7.3030529 ], [ 134.4855042, 7.3029194 ], [ 134.4853516, 7.302814 ], [ 134.485321, 7.3027387 ], [ 134.4852448, 7.3026586 ], [ 134.485137900000012, 7.3025861 ], [ 134.4850159, 7.3024836 ], [ 134.4849396, 7.3024669 ], [ 134.48477170000001, 7.3024917 ], [ 134.4846191, 7.3026333 ], [ 134.4844055, 7.3027554 ], [ 134.484298700000011, 7.3028417 ], [ 134.4842682, 7.3029528 ], [ 134.4842682, 7.3030391 ], [ 134.484451299999989, 7.3031554 ], [ 134.4845123, 7.3031807 ], [ 134.484573399999988, 7.3032446 ], [ 134.4845429, 7.3033609 ], [ 134.4844666, 7.3035584 ], [ 134.4844208, 7.3036027 ], [ 134.484314, 7.3036113 ], [ 134.4842682, 7.3035808 ], [ 134.4841156, 7.3033724 ], [ 134.4840393, 7.3033056 ], [ 134.4839935, 7.3032332 ], [ 134.484085099999987, 7.3031669 ], [ 134.4841003, 7.3031197 ], [ 134.484085099999987, 7.3030582 ], [ 134.4840241, 7.3030086 ], [ 134.4840088, 7.3029614 ], [ 134.4839325, 7.302947 ], [ 134.483902, 7.3029804 ], [ 134.4838715, 7.3031554 ], [ 134.48381040000001, 7.3031974 ], [ 134.483703600000013, 7.3032222 ], [ 134.4836273, 7.3032804 ], [ 134.4835663, 7.3033915 ], [ 134.48349, 7.3034334 ], [ 134.4834442, 7.303411 ], [ 134.4833984, 7.3033609 ], [ 134.483474699999988, 7.3031807 ], [ 134.483474699999988, 7.3031139 ], [ 134.4834442, 7.3030391 ], [ 134.483352700000012, 7.3029723 ], [ 134.483230600000013, 7.3029194 ], [ 134.483017, 7.3027196 ], [ 134.4829407, 7.3025556 ], [ 134.483017, 7.3023391 ], [ 134.483078, 7.302289 ], [ 134.483718900000014, 7.3018804 ], [ 134.48394780000001, 7.3017612 ], [ 134.4839935, 7.3017082 ], [ 134.4839935, 7.3016501 ], [ 134.4839783, 7.3016028 ], [ 134.483703600000013, 7.3014722 ], [ 134.483703600000013, 7.3013806 ], [ 134.483596799999987, 7.3012748 ], [ 134.483581500000014, 7.3011947 ], [ 134.483352700000012, 7.3010693 ], [ 134.483245899999986, 7.3010335 ], [ 134.4831543, 7.3009415 ], [ 134.4830933, 7.3008194 ], [ 134.4830627, 7.3007169 ], [ 134.483078, 7.3006306 ], [ 134.483245899999986, 7.3005085 ], [ 134.4832916, 7.300314 ], [ 134.4832764, 7.3002138 ], [ 134.483215300000012, 7.3000779 ], [ 134.483139, 7.2999835 ], [ 134.483001699999988, 7.2999334 ], [ 134.482864400000011, 7.2999277 ], [ 134.482620200000014, 7.299839 ], [ 134.482055699999989, 7.2997446 ], [ 134.4819183, 7.299778 ], [ 134.4818268, 7.2998276 ], [ 134.481674199999986, 7.2998109 ], [ 134.4816284, 7.2998362 ], [ 134.4815369, 7.2998109 ], [ 134.4814606, 7.2997584 ], [ 134.481369, 7.2995887 ], [ 134.4812775, 7.2994776 ], [ 134.4811401, 7.2993832 ], [ 134.480697600000013, 7.2992916 ], [ 134.4806366, 7.2992334 ], [ 134.480590799999987, 7.299161 ], [ 134.4805756, 7.2990804 ], [ 134.4805145, 7.2990332 ], [ 134.4802295, 7.2989008 ], [ 134.480072, 7.2988277 ], [ 134.479980500000011, 7.2988362 ], [ 134.4799042, 7.2988863 ], [ 134.479836, 7.2989577 ], [ 134.4797821, 7.2990141 ], [ 134.4796753, 7.2990141 ], [ 134.4796074, 7.2989908 ], [ 134.479538, 7.2989669 ], [ 134.4794464, 7.298914 ], [ 134.4792481, 7.2987609 ], [ 134.4790955, 7.2987137 ], [ 134.4789429, 7.2986999 ], [ 134.478653, 7.2987332 ], [ 134.47853090000001, 7.2987304 ], [ 134.478408800000011, 7.2987971 ], [ 134.478210499999989, 7.2988248 ], [ 134.4780426, 7.2988248 ], [ 134.4778442, 7.2988887 ], [ 134.477584799999988, 7.2989416 ], [ 134.4772949, 7.2989416 ], [ 134.4771271, 7.2990637 ], [ 134.4771271, 7.2992721 ], [ 134.477249199999989, 7.2993999 ], [ 134.4774017, 7.2994666 ], [ 134.4777374, 7.2995305 ], [ 134.477813700000013, 7.2995944 ], [ 134.4779053, 7.2996359 ], [ 134.4779968, 7.299675 ], [ 134.478073099999989, 7.2996836 ], [ 134.478302, 7.2999554 ], [ 134.4783936, 7.3000917 ], [ 134.4785004, 7.3001418 ], [ 134.478546099999988, 7.3000279 ], [ 134.478668199999987, 7.2998667 ], [ 134.478775, 7.2994695 ], [ 134.4788208, 7.2994113 ], [ 134.478897100000012, 7.2993751 ], [ 134.479034399999989, 7.299386 ], [ 134.479263300000014, 7.2994752 ], [ 134.4793091, 7.2994471 ], [ 134.479385400000012, 7.2994804 ], [ 134.4794617, 7.299675 ], [ 134.479751599999986, 7.2998166 ], [ 134.480011, 7.3000054 ], [ 134.480133099999989, 7.3000445 ], [ 134.480224600000014, 7.3000917 ], [ 134.4803009, 7.3001695 ], [ 134.480423, 7.3001804 ], [ 134.4806519, 7.3003111 ], [ 134.4807892, 7.300364 ], [ 134.480896, 7.3003998 ], [ 134.4810028, 7.3004112 ], [ 134.481094399999989, 7.3004389 ], [ 134.4811096, 7.3004918 ], [ 134.481079099999988, 7.3005304 ], [ 134.480941800000011, 7.3005109 ], [ 134.4807739, 7.3004499 ], [ 134.4801636, 7.3003836 ], [ 134.479980500000011, 7.3003445 ], [ 134.479766899999987, 7.3002777 ], [ 134.4795227, 7.2999721 ], [ 134.479370100000011, 7.2998557 ], [ 134.4793091, 7.2998304 ], [ 134.4792481, 7.2998724 ], [ 134.479156499999988, 7.2998724 ], [ 134.4790955, 7.2998362 ], [ 134.4789887, 7.2998443 ], [ 134.478897100000012, 7.2999082 ], [ 134.4788361, 7.3000026 ], [ 134.478790299999986, 7.300128 ], [ 134.478790299999986, 7.3002639 ], [ 134.4788666, 7.3004332 ], [ 134.4789581, 7.3005724 ], [ 134.47901920000001, 7.3006444 ], [ 134.4792023, 7.3006835 ], [ 134.4795532, 7.300653 ], [ 134.479644799999988, 7.300664 ], [ 134.4797821, 7.3008447 ], [ 134.47995, 7.3009305 ], [ 134.480011, 7.3011694 ], [ 134.4800873, 7.3012333 ], [ 134.480224600000014, 7.3012724 ], [ 134.480239899999987, 7.3013501 ], [ 134.4803162, 7.3014054 ], [ 134.4804382, 7.3014526 ], [ 134.480728199999987, 7.3014917 ], [ 134.480804400000011, 7.3015609 ], [ 134.480896, 7.3017111 ], [ 134.4810486, 7.3019304 ], [ 134.4811401, 7.3019776 ], [ 134.4812775, 7.3019972 ], [ 134.4816132, 7.3019362 ], [ 134.4817505, 7.3019443 ], [ 134.4819489, 7.3020806 ], [ 134.4820862, 7.3021083 ], [ 134.4823608, 7.3022251 ], [ 134.4824829, 7.3027749 ], [ 134.4825897, 7.3028498 ], [ 134.4827728, 7.302886 ], [ 134.482757600000014, 7.3030834 ], [ 134.4827118, 7.3032308 ], [ 134.482666, 7.3033056 ], [ 134.482650799999988, 7.3034167 ], [ 134.482620200000014, 7.3034749 ], [ 134.4824524, 7.303514 ], [ 134.4824524, 7.3034444 ], [ 134.4824219, 7.3033805 ], [ 134.4823608, 7.3033276 ], [ 134.4823151, 7.3032084 ], [ 134.4822388, 7.3031278 ], [ 134.482162499999987, 7.3030639 ], [ 134.4819641, 7.3030224 ], [ 134.481842, 7.302947 ], [ 134.481781, 7.3028641 ], [ 134.4817047, 7.3027306 ], [ 134.4815064, 7.3025527 ], [ 134.48141480000001, 7.3025141 ], [ 134.480957, 7.3024669 ], [ 134.4808502, 7.302475 ], [ 134.4807892, 7.3025084 ], [ 134.4807434, 7.3025804 ], [ 134.480545, 7.3026419 ], [ 134.480239899999987, 7.3028779 ], [ 134.480239899999987, 7.3029804 ], [ 134.4802704, 7.303061 ], [ 134.480590799999987, 7.3032584 ], [ 134.4807587, 7.3034887 ], [ 134.4807739, 7.303647 ], [ 134.4807587, 7.3037415 ], [ 134.4806213, 7.3039222 ], [ 134.480804400000011, 7.3046193 ], [ 134.4808807, 7.3047471 ], [ 134.480957, 7.3049278 ], [ 134.481063799999987, 7.3050165 ], [ 134.4812164, 7.3050776 ], [ 134.48141480000001, 7.3051276 ], [ 134.4816437, 7.3051558 ], [ 134.4820709, 7.305161 ], [ 134.4821777, 7.3052197 ], [ 134.482269300000013, 7.3053165 ], [ 134.4823151, 7.3054137 ], [ 134.4824066, 7.3054943 ], [ 134.482757600000014, 7.3056526 ], [ 134.4829254, 7.3056502 ], [ 134.4830322, 7.3056221 ], [ 134.483429, 7.305614 ], [ 134.4836884, 7.3055553 ], [ 134.48394780000001, 7.305378 ], [ 134.4841309, 7.3051415 ], [ 134.4843903, 7.3050418 ], [ 134.4846344, 7.3050194 ], [ 134.4851227, 7.3051806 ], [ 134.4851074, 7.305397 ], [ 134.4849701, 7.305614 ], [ 134.4846344, 7.3059721 ], [ 134.484558099999987, 7.3060918 ], [ 134.4845123, 7.3061805 ], [ 134.4845123, 7.3062639 ], [ 134.484436, 7.3063889 ], [ 134.484314, 7.3065276 ], [ 134.4841003, 7.3067279 ], [ 134.484069799999986, 7.3068419 ], [ 134.4840241, 7.3069058 ], [ 134.4839172, 7.3069611 ], [ 134.4838409, 7.3069806 ], [ 134.483718900000014, 7.307086 ], [ 134.4836273, 7.3071113 ], [ 134.4835358, 7.3071528 ], [ 134.48349, 7.3072529 ], [ 134.483474699999988, 7.30755 ], [ 134.4834442, 7.3076029 ], [ 134.4833832, 7.3076224 ], [ 134.483337400000011, 7.3075833 ], [ 134.4833679, 7.307539 ], [ 134.4833832, 7.3074446 ], [ 134.4833679, 7.3073502 ], [ 134.4833069, 7.3072195 ], [ 134.4832764, 7.3071971 ], [ 134.4829712, 7.3072028 ], [ 134.4828949, 7.3072305 ], [ 134.482757600000014, 7.3073387 ], [ 134.4827271, 7.3074002 ], [ 134.4827118, 7.3075419 ], [ 134.482605, 7.3075972 ], [ 134.4823456, 7.3074918 ], [ 134.482254, 7.307375 ], [ 134.482193, 7.3073306 ], [ 134.48188780000001, 7.3073387 ], [ 134.481674199999986, 7.3074446 ], [ 134.4814758, 7.3075361 ], [ 134.4814606, 7.3075361 ], [ 134.4812317, 7.307497 ], [ 134.4808502, 7.3074832 ], [ 134.480606099999989, 7.3075223 ], [ 134.4803619, 7.3076749 ], [ 134.4800873, 7.3078666 ], [ 134.479736300000013, 7.3081026 ], [ 134.4794312, 7.3081946 ], [ 134.4790497, 7.3083029 ], [ 134.478683499999988, 7.3083248 ], [ 134.478302, 7.3083553 ], [ 134.4779663, 7.3085389 ], [ 134.477706899999987, 7.3088307 ], [ 134.4774933, 7.3089914 ], [ 134.4772644, 7.3090529 ], [ 134.476974500000011, 7.3089914 ], [ 134.4767304, 7.3088613 ], [ 134.476471, 7.3088307 ], [ 134.476150499999989, 7.3089085 ], [ 134.476257299999986, 7.3092279 ], [ 134.4761658, 7.3093391 ], [ 134.4759827, 7.3094363 ], [ 134.475662199999988, 7.3094363 ], [ 134.4751587, 7.3092971 ], [ 134.4749756, 7.3092527 ], [ 134.4748688, 7.3094139 ], [ 134.4748535, 7.3095331 ], [ 134.474700899999988, 7.3096194 ], [ 134.4746704, 7.309803 ], [ 134.4746704, 7.3098998 ], [ 134.4746857, 7.3100109 ], [ 134.4746094, 7.3102222 ], [ 134.4745178, 7.3104081 ], [ 134.4743958, 7.310575 ], [ 134.4742737, 7.3106141 ], [ 134.4741669, 7.3107276 ], [ 134.4740448, 7.3108029 ], [ 134.473877, 7.3108335 ], [ 134.4737091, 7.3108082 ], [ 134.473465, 7.3108778 ], [ 134.473388699999987, 7.3110724 ], [ 134.473373400000014, 7.3112555 ], [ 134.4734039, 7.3113942 ], [ 134.473388699999987, 7.3115029 ], [ 134.473465, 7.3116751 ], [ 134.473373400000014, 7.3119831 ], [ 134.4732056, 7.3121109 ], [ 134.4731751, 7.3122611 ], [ 134.4732208, 7.3123641 ], [ 134.473373400000014, 7.3124251 ], [ 134.4736481, 7.3121777 ], [ 134.4737091, 7.312078 ], [ 134.4738159, 7.3119917 ], [ 134.4739227, 7.3119974 ], [ 134.473999, 7.311986 ], [ 134.4740295, 7.3120751 ], [ 134.473983800000013, 7.3121443 ], [ 134.4738007, 7.3123083 ], [ 134.473754899999989, 7.3122973 ], [ 134.473617600000011, 7.3123694 ], [ 134.4735718, 7.3124776 ], [ 134.4736786, 7.3125362 ], [ 134.4737091, 7.3126669 ], [ 134.4736633, 7.3127585 ], [ 134.473480200000012, 7.3127446 ], [ 134.4733582, 7.3126888 ], [ 134.4732208, 7.3126168 ], [ 134.473114, 7.3123694 ], [ 134.473007200000012, 7.3121057 ], [ 134.4729309, 7.3119946 ], [ 134.4728699, 7.311914 ], [ 134.4728241, 7.3118362 ], [ 134.4729614, 7.3117471 ], [ 134.473053, 7.311728 ], [ 134.4730988, 7.3116221 ], [ 134.473129300000011, 7.3112779 ], [ 134.473114, 7.3110223 ], [ 134.473144499999989, 7.3109474 ], [ 134.4732208, 7.310936 ], [ 134.473281899999989, 7.3109002 ], [ 134.473266599999988, 7.3108444 ], [ 134.4732056, 7.3108196 ], [ 134.473144499999989, 7.3107805 ], [ 134.473129300000011, 7.3107166 ], [ 134.473144499999989, 7.3106194 ], [ 134.4731598, 7.3105168 ], [ 134.473144499999989, 7.3104057 ], [ 134.473266599999988, 7.3103418 ], [ 134.4733276, 7.3102694 ], [ 134.473281899999989, 7.3101974 ], [ 134.4733124, 7.3101196 ], [ 134.4735565, 7.3099084 ], [ 134.4735565, 7.3094721 ], [ 134.4735565, 7.3088474 ], [ 134.473465, 7.3087387 ], [ 134.4733582, 7.3087554 ], [ 134.4733429, 7.3086915 ], [ 134.473388699999987, 7.3085666 ], [ 134.4734345, 7.3084502 ], [ 134.473480200000012, 7.308372 ], [ 134.473617600000011, 7.3082943 ], [ 134.4738159, 7.3083973 ], [ 134.4743195, 7.308372 ], [ 134.4746704, 7.3084221 ], [ 134.474700899999988, 7.3085194 ], [ 134.4747772, 7.3086028 ], [ 134.47503660000001, 7.3087387 ], [ 134.4752045, 7.3087668 ], [ 134.4752808, 7.3087082 ], [ 134.4752808, 7.3085942 ], [ 134.4752045, 7.3085165 ], [ 134.474700899999988, 7.3080721 ], [ 134.4741058, 7.3078222 ], [ 134.473999, 7.3078251 ], [ 134.4738007, 7.30795 ], [ 134.473480200000012, 7.3076 ], [ 134.473266599999988, 7.3070445 ], [ 134.4736328, 7.3059473 ], [ 134.4737701, 7.3054915 ], [ 134.473861699999986, 7.3051558 ], [ 134.4740601, 7.3044334 ], [ 134.474243199999989, 7.3035779 ], [ 134.4745178, 7.302875 ], [ 134.4747467, 7.3026085 ], [ 134.4749603, 7.3026276 ], [ 134.475311299999987, 7.3022752 ], [ 134.475433399999986, 7.3018637 ], [ 134.4753723, 7.3017583 ], [ 134.475433399999986, 7.3016887 ], [ 134.4755859, 7.3015776 ], [ 134.475799599999988, 7.3014336 ], [ 134.4760284, 7.3012834 ], [ 134.4762421, 7.3011694 ], [ 134.4764404, 7.3010249 ], [ 134.4766083, 7.3008723 ], [ 134.476638799999989, 7.3007722 ], [ 134.4765778, 7.3007002 ], [ 134.4764557, 7.3006668 ], [ 134.4763489, 7.3006835 ], [ 134.4763031, 7.3006916 ], [ 134.476181, 7.3007307 ], [ 134.4760284, 7.3007779 ], [ 134.4758453, 7.3007779 ], [ 134.475540200000012, 7.3007417 ], [ 134.475189199999988, 7.3006859 ], [ 134.4749603, 7.3006139 ], [ 134.474716199999989, 7.3005471 ], [ 134.4745331, 7.3005109 ], [ 134.474334700000014, 7.3005943 ], [ 134.4741516, 7.3007221 ], [ 134.4740143, 7.3008804 ], [ 134.4738159, 7.301189 ], [ 134.4738007, 7.3013082 ], [ 134.473861699999986, 7.3014584 ], [ 134.473846400000014, 7.3016582 ], [ 134.47360230000001, 7.3026609 ], [ 134.473388699999987, 7.3029614 ], [ 134.4730988, 7.3044167 ], [ 134.472641, 7.3053498 ], [ 134.4723358, 7.3056054 ], [ 134.472305299999988, 7.3059669 ], [ 134.472045900000012, 7.3075585 ], [ 134.4718781, 7.3087554 ], [ 134.4718781, 7.3094835 ], [ 134.4717407, 7.3096862 ], [ 134.471695, 7.3098083 ], [ 134.4717712, 7.3101778 ], [ 134.4717712, 7.3104224 ], [ 134.4717255, 7.3105359 ], [ 134.4717712, 7.3107138 ], [ 134.4716492, 7.3108196 ], [ 134.471359299999989, 7.311214 ], [ 134.4712982, 7.311461 ], [ 134.4712677, 7.3117194 ], [ 134.471359299999989, 7.3118639 ], [ 134.471450800000014, 7.3119054 ], [ 134.4716339, 7.3119249 ], [ 134.471817, 7.3119917 ], [ 134.471923800000013, 7.3121944 ], [ 134.472030600000011, 7.3124971 ], [ 134.4721375, 7.3128333 ], [ 134.4723358, 7.3130417 ], [ 134.4726868, 7.3131418 ], [ 134.4729462, 7.3131862 ], [ 134.473053, 7.3133526 ], [ 134.4730835, 7.3135805 ], [ 134.473114, 7.3136807 ], [ 134.4731903, 7.3138084 ], [ 134.4732208, 7.3138695 ], [ 134.4731598, 7.3140526 ], [ 134.473053, 7.3142695 ], [ 134.473053, 7.3143859 ], [ 134.4730988, 7.3144918 ], [ 134.4732056, 7.314539 ], [ 134.4733429, 7.3145585 ], [ 134.473465, 7.3144693 ], [ 134.4736633, 7.3143501 ], [ 134.4742737, 7.3144584 ], [ 134.4745178, 7.3143888 ], [ 134.4746704, 7.3142748 ], [ 134.4748688, 7.3141084 ], [ 134.4750824, 7.3140249 ], [ 134.4752655, 7.3139806 ], [ 134.4753418, 7.3140473 ], [ 134.475296, 7.3141723 ], [ 134.4752045, 7.3144832 ], [ 134.4751434, 7.3147526 ], [ 134.4750671, 7.315011 ], [ 134.4750824, 7.3151417 ], [ 134.475189199999988, 7.3151584 ], [ 134.4752502, 7.3152723 ], [ 134.4752197, 7.3153167 ], [ 134.4751587, 7.3153057 ], [ 134.4751129, 7.315228 ], [ 134.47503660000001, 7.3152056 ], [ 134.4749908, 7.3152723 ], [ 134.47503660000001, 7.3153362 ], [ 134.47503660000001, 7.3154473 ], [ 134.4749756, 7.3155112 ], [ 134.474945100000014, 7.3154721 ], [ 134.474884, 7.3154836 ], [ 134.4748993, 7.3155804 ], [ 134.4748993, 7.3156915 ], [ 134.474807700000014, 7.3157611 ], [ 134.4747315, 7.3157363 ], [ 134.4746704, 7.3156891 ], [ 134.4746704, 7.3156056 ], [ 134.4747772, 7.3155222 ], [ 134.474884, 7.3154001 ], [ 134.4749146, 7.315228 ], [ 134.474823, 7.3150473 ], [ 134.4747315, 7.3150168 ], [ 134.4746552, 7.3149915 ], [ 134.4745178, 7.3150387 ], [ 134.474472100000014, 7.3151193 ], [ 134.474456800000013, 7.3153057 ], [ 134.474456800000013, 7.3154168 ], [ 134.474411, 7.3154416 ], [ 134.4743652, 7.3153834 ], [ 134.4742889, 7.3153806 ], [ 134.4741211, 7.3155055 ], [ 134.473983800000013, 7.3156471 ], [ 134.4739075, 7.3157697 ], [ 134.473861699999986, 7.3161359 ], [ 134.4739227, 7.3163028 ], [ 134.4740448, 7.3164139 ], [ 134.474243199999989, 7.3164973 ], [ 134.474472100000014, 7.3165388 ], [ 134.47456360000001, 7.3166361 ], [ 134.4746246, 7.3167334 ], [ 134.47456360000001, 7.3170137 ], [ 134.474411, 7.3172584 ], [ 134.4743958, 7.3173919 ], [ 134.4744873, 7.3175554 ], [ 134.4744263, 7.3176751 ], [ 134.4743805, 7.3177805 ], [ 134.4742889, 7.3179026 ], [ 134.474243199999989, 7.3179975 ], [ 134.4741669, 7.3181725 ], [ 134.4741821, 7.3183112 ], [ 134.4741669, 7.3185639 ], [ 134.474227899999988, 7.3187971 ], [ 134.4742889, 7.3189807 ], [ 134.4742584, 7.3190446 ], [ 134.4741516, 7.3190475 ], [ 134.4741211, 7.3191724 ], [ 134.4740601, 7.3192697 ], [ 134.473739599999988, 7.319386 ], [ 134.473465, 7.3194833 ], [ 134.473388699999987, 7.31955 ], [ 134.4731903, 7.3195391 ], [ 134.473114, 7.319664 ], [ 134.473114, 7.3197637 ], [ 134.473266599999988, 7.3199363 ], [ 134.4734192, 7.3200336 ], [ 134.4735107, 7.3200917 ], [ 134.4732056, 7.3208861 ], [ 134.4731751, 7.3210611 ], [ 134.4731903, 7.3214054 ], [ 134.4732361, 7.3217888 ], [ 134.4731598, 7.3219528 ], [ 134.4729614, 7.322011 ], [ 134.472793599999989, 7.3220501 ], [ 134.472702, 7.3219028 ], [ 134.4728546, 7.3218498 ], [ 134.472900399999986, 7.3217502 ], [ 134.473007200000012, 7.321661 ], [ 134.4730835, 7.3215637 ], [ 134.4730835, 7.3214221 ], [ 134.473053, 7.3212862 ], [ 134.472991900000011, 7.321136 ], [ 134.4728546, 7.3210974 ], [ 134.4726868, 7.3211055 ], [ 134.472518900000011, 7.3212028 ], [ 134.4723816, 7.3211527 ], [ 134.4722443, 7.3211832 ], [ 134.4720764, 7.3211112 ], [ 134.471939099999986, 7.3210583 ], [ 134.4718018, 7.3211446 ], [ 134.4717255, 7.3212194 ], [ 134.4716644, 7.3213668 ], [ 134.4718628, 7.3218637 ], [ 134.4719086, 7.3220553 ], [ 134.4720154, 7.3221583 ], [ 134.4722138, 7.32235 ], [ 134.4722443, 7.322403 ], [ 134.4727631, 7.3231387 ], [ 134.472656300000011, 7.3233776 ], [ 134.472229, 7.3235583 ], [ 134.4721527, 7.3237972 ], [ 134.471832299999988, 7.3240891 ], [ 134.4717865, 7.3244472 ], [ 134.47167970000001, 7.3245916 ], [ 134.4716644, 7.3245916 ], [ 134.4714356, 7.3247137 ], [ 134.4714356, 7.3248138 ], [ 134.4712524, 7.3249583 ], [ 134.4711762, 7.3251414 ], [ 134.4710388, 7.3254638 ], [ 134.4708405, 7.325664 ], [ 134.4705658, 7.3258557 ], [ 134.4701538, 7.3259387 ], [ 134.470108, 7.3262196 ], [ 134.4700775, 7.3263917 ], [ 134.4701691, 7.3264751 ], [ 134.470108, 7.3265276 ], [ 134.470138600000013, 7.3266335 ], [ 134.4701538, 7.3267498 ], [ 134.4699402, 7.326828 ], [ 134.46975710000001, 7.3267417 ], [ 134.469574, 7.3268113 ], [ 134.4693756, 7.3269639 ], [ 134.469223, 7.327136 ], [ 134.4690704, 7.3276167 ], [ 134.469223, 7.3279419 ], [ 134.4691315, 7.3280029 ], [ 134.4690247, 7.3280082 ], [ 134.468933099999987, 7.3279028 ], [ 134.4687195, 7.3278027 ], [ 134.468444799999986, 7.3272724 ], [ 134.4680023, 7.3273916 ], [ 134.467971799999987, 7.3274751 ], [ 134.4679413, 7.3275585 ], [ 134.4679386, 7.3275667 ], [ 134.4679108, 7.3276501 ], [ 134.4681549, 7.3280082 ], [ 134.46832280000001, 7.3284359 ], [ 134.4684143, 7.3285723 ], [ 134.468551600000012, 7.3286529 ], [ 134.4685211, 7.3288193 ], [ 134.4684753, 7.3291831 ], [ 134.468460099999987, 7.3293443 ], [ 134.4685059, 7.3294334 ], [ 134.4685211, 7.329536 ], [ 134.4684143, 7.3295832 ], [ 134.4682617, 7.329536 ], [ 134.468078600000013, 7.3295665 ], [ 134.4678345, 7.3298502 ], [ 134.4675446, 7.3301168 ], [ 134.467590300000012, 7.3303804 ], [ 134.4676361, 7.3306279 ], [ 134.4678803, 7.3307419 ], [ 134.468078600000013, 7.3307138 ], [ 134.468277, 7.3310223 ], [ 134.4685059, 7.331203 ], [ 134.4683838, 7.3316555 ], [ 134.4682312, 7.3320084 ], [ 134.4680328, 7.3322778 ], [ 134.4677734, 7.3325224 ], [ 134.4676819, 7.3326306 ], [ 134.4672699, 7.3326001 ], [ 134.4672089, 7.3326054 ], [ 134.4668732, 7.3327446 ], [ 134.4663544, 7.3336859 ], [ 134.466171300000013, 7.3338919 ], [ 134.4658966, 7.3338137 ], [ 134.46578980000001, 7.3338194 ], [ 134.4656982, 7.3338223 ], [ 134.4655151, 7.3341804 ], [ 134.465469399999989, 7.33425 ], [ 134.4654083, 7.3345833 ], [ 134.4652405, 7.3349443 ], [ 134.4653626, 7.3355112 ], [ 134.4653801, 7.3355854 ], [ 134.4654236, 7.3357697 ], [ 134.4655914, 7.3362861 ], [ 134.4657288, 7.3362446 ], [ 134.4658661, 7.3361692 ], [ 134.4659576, 7.336164 ], [ 134.4660187, 7.3362751 ], [ 134.4661102, 7.3363471 ], [ 134.466217, 7.3363586 ], [ 134.4662323, 7.3362417 ], [ 134.4660034, 7.3358359 ], [ 134.466064499999987, 7.3357778 ], [ 134.466156, 7.3357863 ], [ 134.4663391, 7.3359447 ], [ 134.466507, 7.3358998 ], [ 134.466766400000012, 7.3357363 ], [ 134.4668274, 7.3358192 ], [ 134.4669342, 7.3358917 ], [ 134.467010499999986, 7.3358278 ], [ 134.467132600000014, 7.3356276 ], [ 134.467117300000012, 7.3355694 ], [ 134.467132600000014, 7.335475 ], [ 134.4672852, 7.3355055 ], [ 134.467376699999988, 7.3353887 ], [ 134.467392, 7.3352637 ], [ 134.467453, 7.3352251 ], [ 134.4674683, 7.3352084 ], [ 134.46736150000001, 7.3350473 ], [ 134.467376699999988, 7.3350058 ], [ 134.467453, 7.3347526 ], [ 134.4675293, 7.3346834 ], [ 134.4675446, 7.3345833 ], [ 134.467483499999986, 7.334475 ], [ 134.467514, 7.3343363 ], [ 134.467620899999986, 7.3345165 ], [ 134.4678955, 7.3344555 ], [ 134.4682159, 7.3340359 ], [ 134.4685059, 7.3336 ], [ 134.4686432, 7.3337641 ], [ 134.4688416, 7.3336582 ], [ 134.4689941, 7.3334971 ], [ 134.4690704, 7.3333278 ], [ 134.4690704, 7.3332057 ], [ 134.4691925, 7.3330975 ], [ 134.4693298, 7.3330722 ], [ 134.469421399999987, 7.3328972 ], [ 134.469421399999987, 7.3327751 ], [ 134.4694672, 7.3326387 ], [ 134.469574, 7.3325305 ], [ 134.4696045, 7.332428 ], [ 134.4702148, 7.3317752 ], [ 134.47052, 7.3313308 ], [ 134.4707794, 7.3308697 ], [ 134.470733599999988, 7.3307028 ], [ 134.470596300000011, 7.3303471 ], [ 134.4704437, 7.3302388 ], [ 134.4700623, 7.3301806 ], [ 134.4700775, 7.3300695 ], [ 134.4703522, 7.3297558 ], [ 134.4709168, 7.3296557 ], [ 134.470977799999986, 7.3296194 ], [ 134.470932, 7.3295083 ], [ 134.4708405, 7.329464 ], [ 134.470733599999988, 7.3292527 ], [ 134.470855699999987, 7.3289943 ], [ 134.4712524, 7.3288221 ], [ 134.4714813, 7.3285446 ], [ 134.471557600000011, 7.3284111 ], [ 134.47167970000001, 7.3282251 ], [ 134.4719849, 7.3277998 ], [ 134.4721069, 7.3276916 ], [ 134.4722443, 7.3270669 ], [ 134.4724579, 7.3265777 ], [ 134.472534200000013, 7.3265667 ], [ 134.47258, 7.3267222 ], [ 134.473053, 7.3267002 ], [ 134.473144499999989, 7.3266749 ], [ 134.4734039, 7.3266053 ], [ 134.4735107, 7.3266335 ], [ 134.4736328, 7.3267002 ], [ 134.4737854, 7.3266082 ], [ 134.4738922, 7.3263888 ], [ 134.4739227, 7.3260584 ], [ 134.4743805, 7.3254333 ], [ 134.4743652, 7.3250723 ], [ 134.474334700000014, 7.3249445 ], [ 134.4742584, 7.3248529 ], [ 134.4743195, 7.3246141 ], [ 134.4743805, 7.3245807 ], [ 134.47435, 7.3244863 ], [ 134.474472100000014, 7.3242388 ], [ 134.47456360000001, 7.323997 ], [ 134.4746552, 7.3240361 ], [ 134.4747925, 7.3243723 ], [ 134.4748993, 7.3244391 ], [ 134.4750061, 7.3244391 ], [ 134.475174, 7.3240194 ], [ 134.475235, 7.3237777 ], [ 134.4753265, 7.3232474 ], [ 134.475235, 7.3231111 ], [ 134.4749756, 7.3227696 ], [ 134.4749756, 7.3225999 ], [ 134.4752502, 7.3223558 ], [ 134.475402800000012, 7.3224444 ], [ 134.475524900000011, 7.3226137 ], [ 134.4756165, 7.3226471 ], [ 134.4757538, 7.3226137 ], [ 134.4758453, 7.3225474 ], [ 134.4759216, 7.3223224 ], [ 134.4759216, 7.3221808 ], [ 134.475799599999988, 7.3219695 ], [ 134.475647, 7.3217669 ], [ 134.4755859, 7.3216472 ], [ 134.475647, 7.3214831 ], [ 134.475708, 7.3213501 ], [ 134.4759827, 7.3212223 ], [ 134.4762268, 7.3209581 ], [ 134.4764404, 7.3205056 ], [ 134.4764099, 7.320364 ], [ 134.476471, 7.3202972 ], [ 134.476593, 7.3202696 ], [ 134.4768372, 7.3201137 ], [ 134.477005, 7.3199668 ], [ 134.47709660000001, 7.3198252 ], [ 134.4771881, 7.3194084 ], [ 134.4771423, 7.3192778 ], [ 134.477249199999989, 7.319078 ], [ 134.477218599999986, 7.3189836 ], [ 134.4771576, 7.318903 ], [ 134.477249199999989, 7.3187919 ], [ 134.4773712, 7.3187056 ], [ 134.4775085, 7.3186641 ], [ 134.477584799999988, 7.318572 ], [ 134.4775543, 7.3184943 ], [ 134.4776459, 7.3184085 ], [ 134.4777679, 7.3183804 ], [ 134.47792050000001, 7.3182612 ], [ 134.4779816, 7.3181138 ], [ 134.4781189, 7.3180361 ], [ 134.4782257, 7.3179307 ], [ 134.4782715, 7.3178334 ], [ 134.4782562, 7.3176999 ], [ 134.478363, 7.3177252 ], [ 134.4785004, 7.3176999 ], [ 134.4785919, 7.3175998 ], [ 134.4786072, 7.3175335 ] ] } },
{ "type": "Feature", "properties": { "RCID": 76, "PRIM": 2, "GRUP": 2, "OBJL": 30, "RVER": 1, "AGEN": 550, "FIDN": 4314735, "FIDS": 9, "LNAM": "02260041D66F0009", "LNAM_REFS": null, "FFPT_RIND": null, "CATCOA": null, "COLOUR": null, "CONRAD": null, "CONVIS": null, "ELEVAT": null, "NOBJNM": null, "OBJNAM": null, "VERACC": null, "VERDAT": null, "INFORM": null, "NINFOM": null, "NTXTDS": null, "PICREP": null, "SCAMAX": null, "SCAMIN": null, "TXTDSC": null, "RECDAT": null, "RECIND": null, "SORDAT": "20150206", "SORIND": "US,US,reprt,L-246-2015", "_enc_cell": "US4TB3P0" }, "geometry": { "type": "LineString", "coordinates": [ [ 134.4973602, 7.3275666 ], [ 134.4973297, 7.3276501 ], [ 134.497345, 7.327703 ], [ 134.497421300000013, 7.327714 ], [ 134.49751280000001, 7.3277001 ], [ 134.4976044, 7.327661 ], [ 134.497680699999989, 7.3275971 ], [ 134.497680699999989, 7.3275166 ], [ 134.4976044, 7.3274694 ], [ 134.4973602, 7.3275666 ] ] } },
{ "type": "Feature", "properties": { "RCID": 77, "PRIM": 2, "GRUP": 2, "OBJL": 30, "RVER": 1, "AGEN": 550, "FIDN": 276092853, "FIDS": 9, "LNAM": "02261074D7B50009", "LNAM_REFS": null, "FFPT_RIND": null, "CATCOA": 7.0, "COLOUR": null, "CONRAD": null, "CONVIS": null, "ELEVAT": null, "NOBJNM": null, "OBJNAM": null, "VERACC": null, "VERDAT": null, "INFORM": null, "NINFOM": null, "NTXTDS": null, "PICREP": null, "SCAMAX": null, "SCAMIN": null, "TXTDSC": null, "RECDAT": null, "RECIND": null, "SORDAT": "20150206", "SORIND": "US,US,reprt,L-246-2015", "_enc_cell": "US4TB3P0" }, "geometry": { "type": "LineString", "coordinates": [ [ 134.487182600000011, 7.3517389 ], [ 134.4872742, 7.3518581 ], [ 134.4874268, 7.3518667 ], [ 134.4876251, 7.3518529 ], [ 134.487793, 7.3519974 ], [ 134.487945599999989, 7.3519859 ], [ 134.4879761, 7.3519416 ], [ 134.4879608, 7.3517861 ], [ 134.488037100000014, 7.3518195 ], [ 134.488143900000011, 7.3519278 ], [ 134.4883118, 7.3520279 ], [ 134.4885864, 7.3519001 ], [ 134.4889679, 7.3515973 ], [ 134.489151, 7.3515334 ], [ 134.48922730000001, 7.3514862 ], [ 134.4893341, 7.3515501 ], [ 134.4895172, 7.3515306 ], [ 134.4897308, 7.3514056 ], [ 134.4898834, 7.3511558 ], [ 134.49018860000001, 7.3509831 ], [ 134.4903107, 7.3509808 ], [ 134.4906006, 7.3512836 ], [ 134.4909058, 7.3513527 ], [ 134.491165200000012, 7.3513084 ], [ 134.4914551, 7.3511887 ], [ 134.49162290000001, 7.3511 ], [ 134.4919128, 7.3512111 ], [ 134.492477400000013, 7.3509526 ], [ 134.4927673, 7.3512335 ], [ 134.4930267, 7.3514442 ], [ 134.493087800000012, 7.3515415 ], [ 134.493225099999989, 7.351572 ], [ 134.4933167, 7.3515415 ], [ 134.4933929, 7.3513308 ], [ 134.4934998, 7.3512998 ], [ 134.4935913, 7.3513498 ], [ 134.4935913, 7.3515611 ], [ 134.4937134, 7.3515835 ], [ 134.493820199999988, 7.3516612 ], [ 134.493911700000012, 7.3516808 ], [ 134.4940949, 7.3516583 ], [ 134.4941406, 7.3517194 ], [ 134.4942017, 7.3517418 ], [ 134.494415299999986, 7.3517752 ], [ 134.494537400000013, 7.3518252 ], [ 134.494659399999989, 7.35185 ], [ 134.4950409, 7.351747 ], [ 134.49511720000001, 7.351747 ], [ 134.495163, 7.3517695 ], [ 134.4954071, 7.3521419 ], [ 134.495498700000013, 7.3522472 ], [ 134.4955597, 7.3522668 ], [ 134.4956513, 7.3522611 ], [ 134.495727499999987, 7.3522835 ], [ 134.495849600000014, 7.3522863 ], [ 134.4958954, 7.3523693 ], [ 134.4959259, 7.352561 ], [ 134.4959869, 7.3526249 ], [ 134.496093800000011, 7.3526444 ], [ 134.4961853, 7.3526363 ], [ 134.4962463, 7.3525696 ], [ 134.496337899999986, 7.3523612 ], [ 134.4963989, 7.3523722 ], [ 134.496429400000011, 7.3524194 ], [ 134.496429400000011, 7.3525362 ], [ 134.4964905, 7.3526526 ], [ 134.496566800000011, 7.3529387 ], [ 134.4966126, 7.353086 ], [ 134.496688799999987, 7.3532472 ], [ 134.496810900000014, 7.3534222 ], [ 134.4969482, 7.3535252 ], [ 134.4970245, 7.3536224 ], [ 134.497177099999988, 7.3537917 ], [ 134.497421300000013, 7.3539558 ], [ 134.4973755, 7.3540525 ], [ 134.497314499999987, 7.3541279 ], [ 134.497314499999987, 7.3542275 ], [ 134.497299199999986, 7.3543248 ] ] } },
{ "type": "Feature", "properties": { "RCID": 78, "PRIM": 2, "GRUP": 2, "OBJL": 30, "RVER": 1, "AGEN": 550, "FIDN": 796666616, "FIDS": 9, "LNAM": "02262F7C2AF80009", "LNAM_REFS": null, "FFPT_RIND": null, "CATCOA": null, "COLOUR": null, "CONRAD": null, "CONVIS": null, "ELEVAT": null, "NOBJNM": null, "OBJNAM": null, "VERACC": null, "VERDAT": null, "INFORM": null, "NINFOM": null, "NTXTDS": null, "PICREP": null, "SCAMAX": null, "SCAMIN": null, "TXTDSC": null, "RECDAT": null, "RECIND": null, "SORDAT": "20150206", "SORIND": "US,US,reprt,L-246-2015", "_enc_cell": "US4TB3P0" }, "geometry": { "type": "LineString", "coordinates": [ [ 134.495269799999988, 7.417275 ], [ 134.4952393, 7.4171777 ], [ 134.49511720000001, 7.4168248 ], [ 134.4948273, 7.4167028 ], [ 134.494751, 7.4165974 ], [ 134.4946747, 7.4161391 ], [ 134.4947357, 7.4155307 ], [ 134.4943543, 7.4153833 ], [ 134.494033800000011, 7.4153862 ], [ 134.493927, 7.4155417 ], [ 134.493988, 7.4161363 ], [ 134.4944916, 7.416389 ], [ 134.4945984, 7.4167166 ] ] } },
{ "type": "Feature", "properties": { "RCID": 79, "PRIM": 2, "GRUP": 2, "OBJL": 30, "RVER": 1, "AGEN": 550, "FIDN": 640851370, "FIDS": 9, "LNAM": "022626329DAA0009", "LNAM_REFS": null, "FFPT_RIND": null, "CATCOA": null, "COLOUR": null, "CONRAD": null, "CONVIS": null, "ELEVAT": null, "NOBJNM": null, "OBJNAM": null, "VERACC": null, "VERDAT": null, "INFORM": null, "NINFOM": null, "NTXTDS": null, "PICREP": null, "SCAMAX": null, "SCAMIN": null, "TXTDSC": null, "RECDAT": null, "RECIND": null, "SORDAT": "20150206", "SORIND": "US,US,reprt,L-246-2015", "_enc_cell": "US4TB3P0" }, "geometry": { "type": "LineString", "coordinates": [ [ 134.4935913, 7.3335805 ], [ 134.4936066, 7.3336887 ], [ 134.493698099999989, 7.3337612 ], [ 134.4938507, 7.3339696 ], [ 134.4938965, 7.3343778 ], [ 134.493835499999989, 7.3344946 ], [ 134.4937592, 7.3345833 ], [ 134.4937134, 7.334722 ], [ 134.4937286, 7.3348613 ], [ 134.493820199999988, 7.3349609 ], [ 134.4939575, 7.3350554 ], [ 134.4942474, 7.3351526 ], [ 134.4942474, 7.3352919 ], [ 134.494278, 7.3353696 ], [ 134.4943695, 7.3353639 ], [ 134.4944305, 7.3353 ], [ 134.4944916, 7.3353362 ], [ 134.4944916, 7.3354082 ], [ 134.4946289, 7.3354168 ], [ 134.4946747, 7.3352556 ], [ 134.4947357, 7.3352165 ], [ 134.494766199999987, 7.3351002 ], [ 134.4949188, 7.334775 ], [ 134.4949341, 7.334547 ], [ 134.494995100000011, 7.3343334 ], [ 134.494995100000011, 7.334125 ], [ 134.494903599999986, 7.3338943 ], [ 134.494888300000014, 7.333653 ], [ 134.4949341, 7.3332582 ], [ 134.494903599999986, 7.3331251 ], [ 134.494888300000014, 7.3330026 ], [ 134.494903599999986, 7.3328471 ], [ 134.4949493, 7.3326917 ], [ 134.495010400000012, 7.3325276 ], [ 134.4950562, 7.3323526 ], [ 134.4950256, 7.332222 ], [ 134.4949646, 7.3320637 ], [ 134.4949646, 7.3319612 ], [ 134.495010400000012, 7.3318529 ], [ 134.4950714, 7.3317943 ], [ 134.4951019, 7.3317304 ], [ 134.4951019, 7.3316221 ], [ 134.495163, 7.3314276 ], [ 134.495132500000011, 7.331336 ], [ 134.4948273, 7.3310165 ], [ 134.494781499999988, 7.3308835 ], [ 134.494781499999988, 7.3307529 ], [ 134.49464420000001, 7.3306751 ], [ 134.4943848, 7.3304472 ], [ 134.4942474, 7.3303471 ], [ 134.4941101, 7.3301444 ], [ 134.494033800000011, 7.3298502 ], [ 134.4939728, 7.3297391 ], [ 134.4934692, 7.3294582 ], [ 134.4933167, 7.3292527 ], [ 134.4931641, 7.3289471 ], [ 134.4931488, 7.328711 ], [ 134.4930573, 7.3280277 ], [ 134.493103, 7.3279223 ], [ 134.493087800000012, 7.3277669 ], [ 134.4929199, 7.3275638 ], [ 134.4927826, 7.3275776 ], [ 134.492599500000011, 7.3276501 ], [ 134.4922028, 7.3277693 ], [ 134.4919739, 7.3276057 ], [ 134.491775499999989, 7.3273778 ], [ 134.4916077, 7.3273473 ], [ 134.4915009, 7.3273692 ], [ 134.4913483, 7.3275609 ], [ 134.4912109, 7.3276749 ], [ 134.4910126, 7.3277779 ], [ 134.4908295, 7.3277669 ], [ 134.490554800000012, 7.3276196 ], [ 134.490432700000014, 7.3275251 ], [ 134.4902802, 7.3273554 ], [ 134.49018860000001, 7.3271999 ], [ 134.490066500000012, 7.3270807 ], [ 134.4899139, 7.3269777 ], [ 134.4897308, 7.3269863 ], [ 134.489563, 7.3269415 ], [ 134.489502, 7.3270307 ], [ 134.489471400000014, 7.3271861 ], [ 134.4894257, 7.3276887 ], [ 134.4894562, 7.3278723 ], [ 134.4895325, 7.3279834 ], [ 134.4895477, 7.3281083 ], [ 134.4895477, 7.3282418 ], [ 134.489486699999986, 7.3283277 ], [ 134.4895172, 7.3284416 ], [ 134.4896393, 7.3286748 ], [ 134.4897461, 7.3287916 ], [ 134.4897919, 7.3288751 ], [ 134.4900208, 7.3288751 ], [ 134.490341199999989, 7.3286305 ], [ 134.4906006, 7.3284473 ], [ 134.490921, 7.3282943 ], [ 134.4911957, 7.3281779 ], [ 134.4913635, 7.3280778 ], [ 134.491531400000014, 7.328011 ], [ 134.4917145, 7.328011 ], [ 134.4918518, 7.3281169 ], [ 134.4920654, 7.3283081 ], [ 134.492111200000011, 7.328372 ], [ 134.4921875, 7.3284416 ], [ 134.4924164, 7.328928 ], [ 134.492492700000014, 7.3290391 ], [ 134.49263, 7.3291946 ], [ 134.4927063, 7.3294668 ], [ 134.4928131, 7.3296776 ], [ 134.4929199, 7.3297668 ], [ 134.4931641, 7.3298583 ], [ 134.49319460000001, 7.3299251 ], [ 134.4931641, 7.3300138 ], [ 134.493072500000011, 7.3300777 ], [ 134.492981, 7.3301749 ], [ 134.4929199, 7.3303776 ], [ 134.4928284, 7.3306027 ], [ 134.4927521, 7.3307419 ], [ 134.4926453, 7.3308749 ], [ 134.4926605, 7.3309498 ], [ 134.492736799999989, 7.3309336 ], [ 134.492858899999987, 7.330936 ], [ 134.4931183, 7.3308916 ], [ 134.4931641, 7.3308168 ], [ 134.4932404, 7.3308001 ], [ 134.493347199999988, 7.3308168 ], [ 134.4934082, 7.3308778 ], [ 134.4936218, 7.3308473 ], [ 134.4939728, 7.3309002 ], [ 134.4941254, 7.3309665 ], [ 134.4942474, 7.3310752 ], [ 134.494308499999988, 7.3311863 ], [ 134.4944, 7.3312502 ], [ 134.4944305, 7.3315697 ], [ 134.4944, 7.3317113 ], [ 134.494278, 7.3320055 ], [ 134.4942322, 7.3320584 ], [ 134.4942627, 7.3321915 ], [ 134.494171099999988, 7.3324556 ], [ 134.4941406, 7.3326416 ], [ 134.493927, 7.3328195 ], [ 134.493804899999986, 7.3330169 ], [ 134.493560800000012, 7.3333197 ], [ 134.4935913, 7.3335805 ] ] } },
{ "type": "Feature", "properties": { "RCID": 80, "PRIM": 2, "GRUP": 2, "OBJL": 30, "RVER": 1, "AGEN": 550, "FIDN": 301141868, "FIDS": 9, "LNAM": "022611F30F6C0009", "LNAM_REFS": null, "FFPT_RIND": null, "CATCOA": null, "COLOUR": null, "CONRAD": null, "CONVIS": null, "ELEVAT": null, "NOBJNM": null, "OBJNAM": null, "VERACC": null, "VERDAT": null, "INFORM": null, "NINFOM": null, "NTXTDS": null, "PICREP": null, "SCAMAX": null, "SCAMIN": null, "TXTDSC": null, "RECDAT": null, "RECIND": null, "SORDAT": "20150206", "SORIND": "US,US,reprt,L-246-2015", "_enc_cell": "US4TB3P0" }, "geometry": { "type": "LineString", "coordinates": [ [ 134.4907379, 7.3362112 ], [ 134.4907227, 7.3362722 ], [ 134.4907532, 7.3363166 ], [ 134.4908295, 7.3363419 ], [ 134.4908905, 7.3363252 ], [ 134.490921, 7.3363166 ], [ 134.4909821, 7.3362279 ], [ 134.4909668, 7.3361197 ], [ 134.4908295, 7.3360724 ], [ 134.4907379, 7.3362112 ] ] } },
{ "type": "Feature", "properties": { "RCID": 81, "PRIM": 2, "GRUP": 2, "OBJL": 30, "RVER": 1, "AGEN": 550, "FIDN": 804444297, "FIDS": 9, "LNAM": "02262FF2D8890009", "LNAM_REFS": null, "FFPT_RIND": null, "CATCOA": null, "COLOUR": null, "CONRAD": null, "CONVIS": null, "ELEVAT": null, "NOBJNM": null, "OBJNAM": null, "VERACC": null, "VERDAT": null, "INFORM": null, "NINFOM": null, "NTXTDS": null, "PICREP": null, "SCAMAX": null, "SCAMIN": null, "TXTDSC": null, "RECDAT": null, "RECIND": null, "SORDAT": "20150206", "SORIND": "US,US,reprt,L-246-2015", "_enc_cell": "US4TB3P0" }, "geometry": { "type": "LineString", "coordinates": [ [ 134.4907837, 7.3400664 ], [ 134.490554800000012, 7.3400278 ], [ 134.4904785, 7.3400502 ], [ 134.490341199999989, 7.3400555 ], [ 134.4901581, 7.3400664 ], [ 134.490066500000012, 7.3400168 ] ] } },
{ "type": "Feature", "properties": { "RCID": 100, "PRIM": 2, "GRUP": 2, "OBJL": 30, "RVER": 1, "AGEN": 550, "FIDN": 162798968, "FIDS": 9, "LNAM": "022609B41D780009", "LNAM_REFS": null, "FFPT_RIND": null, "CATCOA": 7.0, "COLOUR": null, "CONRAD": null, "CONVIS": null, "ELEVAT": null, "NOBJNM": null, "OBJNAM": null, "VERACC": null, "VERDAT": null, "INFORM": null, "NINFOM": null, "NTXTDS": null, "PICREP": null, "SCAMAX": null, "SCAMIN": null, "TXTDSC": null, "RECDAT": null, "RECIND": null, "SORDAT": "20150206", "SORIND": "US,US,reprt,L-246-2015", "_enc_cell": "US4TB3P0" }, "geometry": { "type": "LineString", "coordinates": [ [ 134.5610046, 7.3591418 ], [ 134.561142, 7.358386 ], [ 134.561264, 7.3582501 ], [ 134.5612183, 7.3580637 ], [ 134.56111150000001, 7.3579416 ], [ 134.5610657, 7.3579249 ], [ 134.5610352, 7.3578916 ], [ 134.5610046, 7.357861 ], [ 134.5608521, 7.357553 ], [ 134.5605927, 7.3572998 ], [ 134.56050110000001, 7.3572416 ], [ 134.560409600000014, 7.3571611 ], [ 134.560318, 7.3571334 ], [ 134.5602417, 7.3570862 ], [ 134.5599365, 7.3568306 ], [ 134.5598908, 7.3567276 ], [ 134.5596466, 7.3565054 ], [ 134.5595856, 7.35635 ], [ 134.559372, 7.3561945 ], [ 134.5594025, 7.3561053 ], [ 134.5593567, 7.3559556 ], [ 134.5592804, 7.3558612 ], [ 134.559188799999987, 7.3558054 ], [ 134.5591278, 7.355875 ], [ 134.559082, 7.3558221 ], [ 134.5590973, 7.355711 ], [ 134.5591278, 7.3555832 ], [ 134.5591126, 7.3552084 ], [ 134.5591431, 7.3550553 ], [ 134.5591583, 7.3549609 ], [ 134.5593414, 7.3546443 ], [ 134.559372, 7.3545303 ], [ 134.559372, 7.3544583 ], [ 134.5594482, 7.3543167 ], [ 134.5594788, 7.3541832 ], [ 134.5594635, 7.3540974 ], [ 134.559372, 7.3539085 ], [ 134.559372, 7.3538332 ], [ 134.5592346, 7.3533945 ], [ 134.5591431, 7.3532558 ], [ 134.5589142, 7.353147 ], [ 134.558853199999987, 7.3530693 ], [ 134.558822600000013, 7.3529887 ], [ 134.5587769, 7.3529363 ], [ 134.55867, 7.3528805 ], [ 134.558471700000013, 7.3526363 ], [ 134.5583801, 7.3525972 ], [ 134.557998700000013, 7.3523054 ], [ 134.557876599999986, 7.3523002 ], [ 134.557769799999988, 7.3523192 ], [ 134.5573731, 7.3524556 ], [ 134.557159399999989, 7.3524165 ], [ 134.557022100000012, 7.3524251 ], [ 134.5567627, 7.3525333 ], [ 134.5565033, 7.3526053 ], [ 134.556366, 7.3526278 ], [ 134.556060800000012, 7.3526001 ], [ 134.555938700000013, 7.352561 ], [ 134.5552826, 7.352561 ], [ 134.5551758, 7.3526001 ], [ 134.5549622, 7.3526502 ], [ 134.5549011, 7.3526945 ], [ 134.5548401, 7.3526917 ], [ 134.5547943, 7.3526387 ], [ 134.5547028, 7.3526082 ], [ 134.5545807, 7.3526082 ], [ 134.554489100000012, 7.3526526 ], [ 134.5544128, 7.3527279 ], [ 134.5540466, 7.3527832 ], [ 134.5540009, 7.3527498 ], [ 134.5538483, 7.3527308 ], [ 134.553665200000012, 7.3527665 ], [ 134.5535889, 7.3528304 ], [ 134.5531006, 7.3528137 ], [ 134.552963299999988, 7.3528223 ], [ 134.5528565, 7.3528805 ], [ 134.5524292, 7.3528972 ], [ 134.5522766, 7.3529835 ], [ 134.5516968, 7.3532333 ], [ 134.551605200000012, 7.3532529 ], [ 134.5515442, 7.3533168 ], [ 134.551498400000014, 7.3534222 ], [ 134.551498400000014, 7.3533554 ], [ 134.5514221, 7.3532972 ], [ 134.551376299999987, 7.3533416 ], [ 134.551254300000011, 7.353322 ], [ 134.5512848, 7.3532639 ], [ 134.551269499999989, 7.3531637 ], [ 134.5510864, 7.3529697 ], [ 134.5509644, 7.3529277 ], [ 134.550552399999987, 7.3528833 ], [ 134.5503693, 7.3528805 ], [ 134.550293, 7.3528276 ], [ 134.5502014, 7.352839 ], [ 134.5500946, 7.3528137 ], [ 134.54980470000001, 7.3526416 ], [ 134.549697900000012, 7.352664 ], [ 134.5495606, 7.3525944 ], [ 134.549224900000013, 7.3525085 ], [ 134.5489349, 7.3524637 ], [ 134.5486908, 7.352447 ], [ 134.5485535, 7.3524637 ], [ 134.548523, 7.3525276 ], [ 134.548492399999986, 7.3526335 ], [ 134.5484467, 7.3526387 ], [ 134.5484161, 7.3525777 ], [ 134.5483246, 7.3525362 ], [ 134.5482788, 7.3523998 ], [ 134.548172, 7.3522363 ], [ 134.5475159, 7.3519278 ], [ 134.547287, 7.3517723 ], [ 134.5471954, 7.3517919 ], [ 134.5471191, 7.3516111 ], [ 134.5469666, 7.3515444 ], [ 134.546951299999989, 7.3513308 ], [ 134.5469055, 7.3510666 ], [ 134.5468292, 7.3508582 ], [ 134.5465241, 7.3506165 ], [ 134.5463715, 7.3504582 ], [ 134.5461426, 7.3503304 ], [ 134.5458679, 7.3502359 ], [ 134.5454254, 7.3501277 ], [ 134.5452728, 7.3501167 ], [ 134.545120200000014, 7.3501415 ], [ 134.5450592, 7.3500915 ], [ 134.544891400000012, 7.3501473 ], [ 134.544555699999989, 7.3500419 ], [ 134.5443268, 7.3499417 ], [ 134.543869, 7.3498721 ], [ 134.543212899999986, 7.3498168 ], [ 134.542266899999987, 7.3499999 ], [ 134.5419617, 7.350111 ], [ 134.541671799999989, 7.3502832 ], [ 134.541183499999988, 7.3505054 ], [ 134.5410156, 7.3505974 ], [ 134.540679899999986, 7.3508472 ], [ 134.5406036, 7.3508444 ], [ 134.5405426, 7.3509831 ], [ 134.540313700000013, 7.3510447 ], [ 134.5402374, 7.3511472 ], [ 134.540206899999987, 7.3513026 ], [ 134.540084799999988, 7.3514304 ], [ 134.5399323, 7.3515554 ], [ 134.539825400000012, 7.3516083 ], [ 134.5397644, 7.3516722 ], [ 134.5397034, 7.351686 ], [ 134.5396576, 7.3516054 ], [ 134.539611799999989, 7.3516278 ], [ 134.53959660000001, 7.3515916 ], [ 134.539611799999989, 7.3515778 ], [ 134.53959660000001, 7.3515472 ], [ 134.5395203, 7.3515887 ], [ 134.5395355, 7.3516192 ], [ 134.539566, 7.3516026 ], [ 134.5395813, 7.3516417 ], [ 134.539505, 7.3516917 ], [ 134.539505, 7.3517499 ], [ 134.5390167, 7.3518276 ], [ 134.5388489, 7.3519249 ], [ 134.538681, 7.3520498 ], [ 134.5385437, 7.3521304 ], [ 134.5381165, 7.3522334 ], [ 134.5379486, 7.3522887 ], [ 134.5377655, 7.3522973 ], [ 134.537689199999988, 7.3522248 ], [ 134.537551900000011, 7.3521833 ], [ 134.5371857, 7.3522334 ], [ 134.53706360000001, 7.3522973 ], [ 134.5369263, 7.3522697 ], [ 134.536743199999989, 7.3521915 ], [ 134.5365295, 7.3521252 ], [ 134.5362701, 7.3521419 ], [ 134.5356751, 7.3521333 ], [ 134.535553, 7.3520947 ], [ 134.535385100000013, 7.352097 ], [ 134.5352631, 7.3521442 ], [ 134.5352173, 7.3522248 ], [ 134.5351715, 7.3522306 ], [ 134.5350494, 7.352139 ], [ 134.5346985, 7.3521776 ], [ 134.534530600000011, 7.3521776 ], [ 134.5344086, 7.3522472 ], [ 134.5343018, 7.3522887 ], [ 134.534195, 7.3523831 ], [ 134.534057600000011, 7.3524637 ], [ 134.533966099999986, 7.3524804 ] ] } },
{ "type": "Feature", "properties": { "RCID": 101, "PRIM": 2, "GRUP": 2, "OBJL": 30, "RVER": 1, "AGEN": 550, "FIDN": 844404288, "FIDS": 9, "LNAM": "0226325496400009", "LNAM_REFS": null, "FFPT_RIND": null, "CATCOA": null, "COLOUR": null, "CONRAD": null, "CONVIS": null, "ELEVAT": null, "NOBJNM": null, "OBJNAM": null, "VERACC": null, "VERDAT": null, "INFORM": null, "NINFOM": null, "NTXTDS": null, "PICREP": null, "SCAMAX": null, "SCAMIN": null, "TXTDSC": null, "RECDAT": null, "RECIND": null, "SORDAT": "20150206", "SORIND": "US,US,reprt,L-246-2015", "_enc_cell": "US4TB3P0" }, "geometry": { "type": "LineString", "coordinates": [ [ 134.5575714, 7.3411779 ], [ 134.5575409, 7.3413081 ], [ 134.5575867, 7.3413916 ], [ 134.557632500000011, 7.3414416 ], [ 134.557769799999988, 7.3414278 ], [ 134.557861300000013, 7.3413696 ], [ 134.5580444, 7.3411193 ], [ 134.5581818, 7.3409915 ], [ 134.558364899999987, 7.3408918 ], [ 134.5585175, 7.3407807 ], [ 134.5584869, 7.3405862 ], [ 134.5585022, 7.3405304 ], [ 134.5585022, 7.3404388 ], [ 134.5585175, 7.3401141 ], [ 134.558548, 7.3399887 ], [ 134.5583801, 7.3398891 ], [ 134.5582123, 7.3398776 ], [ 134.5580597, 7.3399167 ], [ 134.5579529, 7.3399973 ], [ 134.557861300000013, 7.3401861 ], [ 134.5577393, 7.3403306 ], [ 134.5576477, 7.3403945 ], [ 134.557403599999986, 7.340436 ], [ 134.5573425, 7.3404889 ], [ 134.557281499999988, 7.3405304 ], [ 134.5572357, 7.3405943 ], [ 134.5572357, 7.340672 ], [ 134.557266199999987, 7.3408942 ], [ 134.557312, 7.3409667 ], [ 134.557312, 7.3411474 ], [ 134.5573578, 7.3411641 ], [ 134.5574188, 7.3411331 ], [ 134.557510400000012, 7.3411164 ], [ 134.5575256, 7.3411279 ], [ 134.5575714, 7.3411779 ] ] } },
{ "type": "Feature", "properties": { "RCID": 102, "PRIM": 2, "GRUP": 2, "OBJL": 30, "RVER": 1, "AGEN": 550, "FIDN": 460855006, "FIDS": 9, "LNAM": "02261B7816DE0009", "LNAM_REFS": null, "FFPT_RIND": null, "CATCOA": null, "COLOUR": null, "CONRAD": null, "CONVIS": null, "ELEVAT": null, "NOBJNM": null, "OBJNAM": null, "VERACC": null, "VERDAT": null, "INFORM": null, "NINFOM": null, "NTXTDS": null, "PICREP": null, "SCAMAX": null, "SCAMIN": null, "TXTDSC": null, "RECDAT": null, "RECIND": null, "SORDAT": "20150206", "SORIND": "US,US,reprt,L-246-2015", "_enc_cell": "US4TB3P0" }, "geometry": { "type": "LineString", "coordinates": [ [ 134.5539856, 7.3404307 ], [ 134.5540924, 7.3403082 ], [ 134.554184, 7.3402529 ], [ 134.5541992, 7.3401918 ], [ 134.554275499999989, 7.3401141 ], [ 134.554275499999989, 7.3399553 ], [ 134.554245, 7.3398666 ], [ 134.5541077, 7.3397083 ], [ 134.554016100000013, 7.3397141 ], [ 134.5538483, 7.3398833 ], [ 134.553833, 7.3400002 ], [ 134.553787199999988, 7.3400583 ], [ 134.553772, 7.3401279 ], [ 134.553649900000011, 7.3403502 ], [ 134.5536346, 7.3404141 ], [ 134.553665200000012, 7.340425 ], [ 134.553787199999988, 7.3404026 ], [ 134.553924599999988, 7.3404498 ], [ 134.5539856, 7.3404307 ] ] } },
{ "type": "Feature", "properties": { "RCID": 103, "PRIM": 2, "GRUP": 2, "OBJL": 30, "RVER": 1, "AGEN": 550, "FIDN": 843957864, "FIDS": 9, "LNAM": "0226324DC6680009", "LNAM_REFS": null, "FFPT_RIND": null, "CATCOA": null, "COLOUR": null, "CONRAD": null, "CONVIS": null, "ELEVAT": null, "NOBJNM": null, "OBJNAM": null, "VERACC": null, "VERDAT": null, "INFORM": null, "NINFOM": null, "NTXTDS": null, "PICREP": null, "SCAMAX": null, "SCAMIN": null, "TXTDSC": null, "RECDAT": null, "RECIND": null, "SORDAT": "20150206", "SORIND": "US,US,reprt,L-246-2015", "_enc_cell": "US4TB3P0" }, "geometry": { "type": "LineString", "coordinates": [ [ 134.5390625, 7.3296695 ], [ 134.5391846, 7.3296332 ], [ 134.5393219, 7.3296332 ], [ 134.539489800000013, 7.3295693 ], [ 134.539566, 7.3294611 ], [ 134.5396271, 7.3293362 ], [ 134.5397034, 7.3292861 ], [ 134.5398102, 7.3292613 ], [ 134.5399933, 7.3293109 ], [ 134.5401764, 7.3293915 ], [ 134.54039, 7.3294058 ], [ 134.5404663, 7.3293915 ], [ 134.54055790000001, 7.3293471 ], [ 134.5406494, 7.3292332 ], [ 134.540817299999986, 7.329114 ], [ 134.5409851, 7.3289471 ], [ 134.541183499999988, 7.3286667 ], [ 134.541183499999988, 7.3286138 ], [ 134.5411224, 7.3285279 ], [ 134.541046099999988, 7.3285165 ], [ 134.540863, 7.3285723 ], [ 134.540817299999986, 7.3285165 ], [ 134.540817299999986, 7.3284359 ], [ 134.5407257, 7.3283167 ], [ 134.540573099999989, 7.3282027 ], [ 134.54042050000001, 7.3281474 ], [ 134.5402527, 7.3281584 ], [ 134.540084799999988, 7.3282223 ], [ 134.5398102, 7.328372 ], [ 134.5396423, 7.3284249 ], [ 134.53945920000001, 7.3284416 ], [ 134.5392914, 7.3284416 ], [ 134.539138799999989, 7.328414 ], [ 134.5390167, 7.3283334 ], [ 134.5389099, 7.3282304 ], [ 134.5387878, 7.3281946 ], [ 134.5385437, 7.328239 ], [ 134.5384827, 7.3283501 ], [ 134.5384522, 7.3284917 ], [ 134.538406400000014, 7.3285613 ], [ 134.5384369, 7.3287029 ], [ 134.5385437, 7.3288221 ], [ 134.538650499999989, 7.3288999 ], [ 134.538772599999987, 7.3288779 ], [ 134.538894699999986, 7.3288918 ], [ 134.5389404, 7.3289557 ], [ 134.5389099, 7.3290501 ], [ 134.5388489, 7.329114 ], [ 134.5387116, 7.3292222 ], [ 134.538650499999989, 7.3293276 ], [ 134.5386658, 7.3294334 ], [ 134.5387421, 7.3295221 ], [ 134.538879400000013, 7.3296194 ], [ 134.5390625, 7.3296695 ] ] } },
{ "type": "Feature", "properties": { "RCID": 104, "PRIM": 2, "GRUP": 2, "OBJL": 30, "RVER": 1, "AGEN": 550, "FIDN": 699249169, "FIDS": 9, "LNAM": "022629ADB2110009", "LNAM_REFS": null, "FFPT_RIND": null, "CATCOA": null, "COLOUR": null, "CONRAD": null, "CONVIS": null, "ELEVAT": null, "NOBJNM": null, "OBJNAM": null, "VERACC": null, "VERDAT": null, "INFORM": null, "NINFOM": null, "NTXTDS": null, "PICREP": null, "SCAMAX": null, "SCAMIN": null, "TXTDSC": null, "RECDAT": null, "RECIND": null, "SORDAT": "20150206", "SORIND": "US,US,reprt,L-246-2015", "_enc_cell": "US4TB3P0" }, "geometry": { "type": "LineString", "coordinates": [ [ 134.5336609, 7.3416834 ], [ 134.5336762, 7.3416472 ], [ 134.53370670000001, 7.3415833 ], [ 134.5337524, 7.3415585 ], [ 134.533783, 7.3414998 ], [ 134.5337524, 7.3414445 ], [ 134.53370670000001, 7.3413944 ], [ 134.5336914, 7.3412833 ], [ 134.5336151, 7.3412695 ], [ 134.533599900000013, 7.3411527 ], [ 134.5335388, 7.3411388 ], [ 134.5334015, 7.3411751 ], [ 134.5333405, 7.3412085 ], [ 134.5333099, 7.3413057 ], [ 134.5332947, 7.341403 ], [ 134.5333252, 7.3414998 ], [ 134.5334015, 7.3415446 ], [ 134.533477799999986, 7.3415361 ], [ 134.5335388, 7.3415833 ], [ 134.533584600000012, 7.3416362 ], [ 134.5336151, 7.3416944 ], [ 134.5336609, 7.3416834 ] ] } },
{ "type": "Feature", "properties": { "RCID": 105, "PRIM": 2, "GRUP": 2, "OBJL": 30, "RVER": 1, "AGEN": 550, "FIDN": 955839049, "FIDS": 9, "LNAM": "022638F8F2490009", "LNAM_REFS": null, "FFPT_RIND": null, "CATCOA": null, "COLOUR": null, "CONRAD": null, "CONVIS": null, "ELEVAT": null, "NOBJNM": null, "OBJNAM": null, "VERACC": null, "VERDAT": null, "INFORM": null, "NINFOM": null, "NTXTDS": null, "PICREP": null, "SCAMAX": null, "SCAMIN": null, "TXTDSC": null, "RECDAT": null, "RECIND": null, "SORDAT": "20150206", "SORIND": "US,US,reprt,L-246-2015", "_enc_cell": "US4TB3P0" }, "geometry": { "type": "LineString", "coordinates": [ [ 134.5331879, 7.3334918 ], [ 134.5333099, 7.3335137 ], [ 134.533462500000013, 7.3334584 ], [ 134.5335083, 7.3333998 ], [ 134.533493, 7.3332501 ], [ 134.533584600000012, 7.3330278 ], [ 134.533599900000013, 7.3329167 ], [ 134.5335541, 7.3328362 ], [ 134.5335541, 7.332736 ], [ 134.533584600000012, 7.3326111 ], [ 134.533569300000011, 7.3325167 ], [ 134.5335236, 7.3324194 ], [ 134.5334473, 7.3323665 ], [ 134.5333252, 7.3323278 ], [ 134.5333252, 7.3322945 ], [ 134.533355699999987, 7.3322501 ], [ 134.5334015, 7.3322139 ], [ 134.533432, 7.3321667 ], [ 134.5334168, 7.3321137 ], [ 134.533355699999987, 7.3321028 ], [ 134.5334168, 7.3319473 ], [ 134.533355699999987, 7.3319445 ], [ 134.5333405, 7.3319082 ], [ 134.5332947, 7.3318863 ], [ 134.5332489, 7.331903 ], [ 134.53321840000001, 7.3319359 ], [ 134.533233599999988, 7.331975 ], [ 134.5332794, 7.3319998 ], [ 134.5332031, 7.332222 ], [ 134.5331726, 7.3322582 ], [ 134.533111600000012, 7.3322611 ], [ 134.532989500000014, 7.3322082 ], [ 134.5329285, 7.3322387 ], [ 134.532882699999988, 7.3322973 ], [ 134.5328217, 7.3324723 ], [ 134.5327759, 7.3325391 ], [ 134.5327759, 7.3326111 ], [ 134.532882699999988, 7.332736 ], [ 134.532974200000012, 7.3328834 ], [ 134.532989500000014, 7.3329444 ], [ 134.532959, 7.3330998 ], [ 134.533004799999986, 7.3332915 ], [ 134.533004799999986, 7.3333945 ], [ 134.5330658, 7.3334475 ], [ 134.5331879, 7.3334918 ] ] } },
{ "type": "Feature", "properties": { "RCID": 106, "PRIM": 2, "GRUP": 2, "OBJL": 30, "RVER": 1, "AGEN": 550, "FIDN": 96356623, "FIDS": 9, "LNAM": "022605BE490F0009", "LNAM_REFS": null, "FFPT_RIND": null, "CATCOA": null, "COLOUR": null, "CONRAD": null, "CONVIS": null, "ELEVAT": null, "NOBJNM": null, "OBJNAM": null, "VERACC": null, "VERDAT": null, "INFORM": null, "NINFOM": null, "NTXTDS": null, "PICREP": null, "SCAMAX": null, "SCAMIN": null, "TXTDSC": null, "RECDAT": null, "RECIND": null, "SORDAT": "20150206", "SORIND": "US,US,reprt,L-246-2015", "_enc_cell": "US4TB3P0" }, "geometry": { "type": "LineString", "coordinates": [ [ 134.5293732, 7.3460221 ], [ 134.529419, 7.3459778 ], [ 134.5294495, 7.345922 ], [ 134.5294342, 7.3458056 ], [ 134.5292816, 7.3457665 ], [ 134.5292358, 7.3458223 ], [ 134.5292053, 7.3459058 ], [ 134.5291748, 7.3459916 ], [ 134.5292206, 7.3460279 ], [ 134.5293732, 7.3460221 ] ] } },
{ "type": "Feature", "properties": { "RCID": 107, "PRIM": 2, "GRUP": 2, "OBJL": 30, "RVER": 1, "AGEN": 550, "FIDN": 380754075, "FIDS": 9, "LNAM": "022616B1D89B0009", "LNAM_REFS": null, "FFPT_RIND": null, "CATCOA": null, "COLOUR": null, "CONRAD": null, "CONVIS": null, "ELEVAT": null, "NOBJNM": null, "OBJNAM": null, "VERACC": null, "VERDAT": null, "INFORM": null, "NINFOM": null, "NTXTDS": null, "PICREP": null, "SCAMAX": null, "SCAMIN": null, "TXTDSC": null, "RECDAT": null, "RECIND": null, "SORDAT": "20150206", "SORIND": "US,US,reprt,L-246-2015", "_enc_cell": "US4TB3P0" }, "geometry": { "type": "LineString", "coordinates": [ [ 134.528076199999987, 7.3481641 ], [ 134.5281067, 7.3481083 ], [ 134.5280914, 7.3480167 ], [ 134.5280457, 7.348011 ], [ 134.5279846, 7.3480554 ], [ 134.5279846, 7.3481221 ], [ 134.5280151, 7.3481779 ], [ 134.528076199999987, 7.3481641 ] ] } },
{ "type": "Feature", "properties": { "RCID": 110, "PRIM": 2, "GRUP": 2, "OBJL": 30, "RVER": 1, "AGEN": 550, "FIDN": 297085752, "FIDS": 9, "LNAM": "022611B52B380009", "LNAM_REFS": null, "FFPT_RIND": null, "CATCOA": null, "COLOUR": null, "CONRAD": null, "CONVIS": null, "ELEVAT": null, "NOBJNM": null, "OBJNAM": null, "VERACC": null, "VERDAT": null, "INFORM": null, "NINFOM": null, "NTXTDS": null, "PICREP": null, "SCAMAX": null, "SCAMIN": null, "TXTDSC": null, "RECDAT": null, "RECIND": null, "SORDAT": "20150206", "SORIND": "US,US,reprt,L-246-2015", "_enc_cell": "US4TB3P0" }, "geometry": { "type": "LineString", "coordinates": [ [ 134.5139465, 7.3244777 ], [ 134.513916, 7.3246613 ], [ 134.5139771, 7.324903 ], [ 134.5139771, 7.3251443 ], [ 134.514007600000014, 7.3253861 ], [ 134.51409910000001, 7.3255138 ], [ 134.514251699999988, 7.3255944 ], [ 134.5142975, 7.3256168 ], [ 134.5144348, 7.3255363 ], [ 134.5145721, 7.3253307 ], [ 134.5145416, 7.3251362 ], [ 134.514373799999987, 7.3249583 ], [ 134.5142975, 7.3248973 ], [ 134.5142822, 7.3246946 ], [ 134.5143127, 7.3245306 ], [ 134.5143127, 7.3244414 ], [ 134.514251699999988, 7.3243804 ], [ 134.5140686, 7.3243637 ], [ 134.5139465, 7.3244777 ] ] } },
{ "type": "Feature", "properties": { "RCID": 112, "PRIM": 2, "GRUP": 2, "OBJL": 30, "RVER": 1, "AGEN": 550, "FIDN": 946414820, "FIDS": 9, "LNAM": "0226386924E40009", "LNAM_REFS": null, "FFPT_RIND": null, "CATCOA": null, "COLOUR": null, "CONRAD": null, "CONVIS": null, "ELEVAT": null, "NOBJNM": null, "OBJNAM": null, "VERACC": null, "VERDAT": null, "INFORM": null, "NINFOM": null, "NTXTDS": null, "PICREP": null, "SCAMAX": null, "SCAMIN": null, "TXTDSC": null, "RECDAT": null, "RECIND": null, "SORDAT": "20150206", "SORIND": "US,US,reprt,L-246-2015", "_enc_cell": "US4TB3P0" }, "geometry": { "type": "LineString", "coordinates": [ [ 134.5075684, 7.3517222 ], [ 134.5075989, 7.3516946 ], [ 134.507751500000012, 7.3517194 ], [ 134.507843, 7.3515945 ], [ 134.507843, 7.3515863 ], [ 134.507873499999988, 7.3514972 ], [ 134.507888799999989, 7.3514276 ], [ 134.5078583, 7.3513475 ], [ 134.5079346, 7.3512473 ], [ 134.508010899999988, 7.3512445 ], [ 134.5080719, 7.3511944 ], [ 134.5081482, 7.3510919 ], [ 134.508239800000013, 7.3510499 ], [ 134.5084229, 7.3507724 ], [ 134.508499199999989, 7.350739 ], [ 134.508575400000012, 7.3505249 ], [ 134.508606, 7.3504944 ], [ 134.508590700000013, 7.3504472 ], [ 134.508499199999989, 7.3503528 ], [ 134.508361799999989, 7.3502307 ], [ 134.508239800000013, 7.3501668 ], [ 134.508194, 7.3501139 ], [ 134.5081787, 7.3499723 ], [ 134.50820920000001, 7.3498778 ], [ 134.508224500000011, 7.349864 ] ] } },
{ "type": "Feature", "properties": { "RCID": 114, "PRIM": 2, "GRUP": 2, "OBJL": 30, "RVER": 1, "AGEN": 550, "FIDN": 140446809, "FIDS": 9, "LNAM": "0226085F0C590009", "LNAM_REFS": null, "FFPT_RIND": null, "CATCOA": null, "COLOUR": null, "CONRAD": null, "CONVIS": null, "ELEVAT": null, "NOBJNM": null, "OBJNAM": null, "VERACC": null, "VERDAT": null, "INFORM": null, "NINFOM": null, "NTXTDS": null, "PICREP": null, "SCAMAX": null, "SCAMIN": null, "TXTDSC": null, "RECDAT": null, "RECIND": null, "SORDAT": "20150206", "SORIND": "US,US,reprt,L-246-2015", "_enc_cell": "US4TB3P0" }, "geometry": { "type": "LineString", "coordinates": [ [ 134.4962769, 7.3356972 ], [ 134.496215799999987, 7.3357444 ], [ 134.496093800000011, 7.3357806 ], [ 134.4959259, 7.3359222 ], [ 134.495605500000011, 7.3360252 ], [ 134.4955139, 7.3361111 ], [ 134.4954529, 7.3361888 ], [ 134.495391899999987, 7.3363471 ], [ 134.4952087, 7.3364697 ], [ 134.4951019, 7.3365054 ] ] } },
{ "type": "Feature", "properties": { "RCID": 115, "PRIM": 2, "GRUP": 2, "OBJL": 30, "RVER": 1, "AGEN": 550, "FIDN": 689916867, "FIDS": 9, "LNAM": "0226291F4BC30009", "LNAM_REFS": null, "FFPT_RIND": null, "CATCOA": 7.0, "COLOUR": null, "CONRAD": null, "CONVIS": null, "ELEVAT": null, "NOBJNM": null, "OBJNAM": null, "VERACC": null, "VERDAT": null, "INFORM": null, "NINFOM": null, "NTXTDS": null, "PICREP": null, "SCAMAX": null, "SCAMIN": null, "TXTDSC": null, "RECDAT": null, "RECIND": null, "SORDAT": "20150206", "SORIND": "US,US,reprt,L-246-2015", "_enc_cell": "US4TB3P0" }, "geometry": { "type": "LineString", "coordinates": [ [ 134.490066500000012, 7.3400168 ], [ 134.4901276, 7.3399196 ], [ 134.4902496, 7.3399415 ], [ 134.490509, 7.3399029 ], [ 134.490570100000014, 7.339797 ], [ 134.4906006, 7.339675 ], [ 134.4905243, 7.3394251 ], [ 134.490463299999988, 7.3393278 ], [ 134.4902496, 7.3392139 ], [ 134.49018860000001, 7.3392553 ], [ 134.4901276, 7.3390279 ], [ 134.4899139, 7.3389001 ], [ 134.4895783, 7.3388333 ], [ 134.4894562, 7.3388472 ], [ 134.4895477, 7.3386526 ], [ 134.4895477, 7.3385248 ], [ 134.4893951, 7.3383222 ], [ 134.489471400000014, 7.3380971 ], [ 134.48922730000001, 7.3376417 ], [ 134.489151, 7.3371334 ], [ 134.488769499999989, 7.3367724 ], [ 134.488540699999987, 7.3366695 ], [ 134.4884338, 7.3365917 ], [ 134.4881897, 7.336525 ], [ 134.487930299999988, 7.3365026 ], [ 134.487808199999989, 7.3365307 ], [ 134.4877625, 7.3366332 ], [ 134.487808199999989, 7.3367529 ], [ 134.487915, 7.3368197 ], [ 134.487945599999989, 7.3370752 ], [ 134.4880676, 7.3372722 ], [ 134.4880829, 7.3375306 ], [ 134.4882355, 7.3378863 ], [ 134.4883728, 7.3380971 ], [ 134.488281300000011, 7.3388696 ], [ 134.488327, 7.338903 ], [ 134.4882507, 7.3390055 ], [ 134.4881897, 7.339253 ], [ 134.488205, 7.3393779 ], [ 134.488281300000011, 7.339478 ], [ 134.4881134, 7.3398027 ], [ 134.4880219, 7.3401637 ], [ 134.487854, 7.3399611 ], [ 134.4877472, 7.3399057 ], [ 134.4874878, 7.3398972 ], [ 134.4873657, 7.3398442 ], [ 134.4872437, 7.3398361 ], [ 134.4870148, 7.3397331 ], [ 134.486496, 7.3397083 ], [ 134.4859009, 7.3399277 ], [ 134.485626200000013, 7.3401833 ], [ 134.4855957, 7.3403139 ], [ 134.4855499, 7.3404193 ], [ 134.48538210000001, 7.3405056 ], [ 134.4852905, 7.3404083 ], [ 134.4852905, 7.3401666 ], [ 134.485199, 7.3400693 ], [ 134.4850922, 7.3400083 ], [ 134.4847107, 7.3400359 ], [ 134.4844971, 7.3399196 ], [ 134.4842377, 7.3398609 ], [ 134.4841156, 7.3398752 ], [ 134.4837341, 7.3397694 ], [ 134.483612099999988, 7.3397999 ], [ 134.4835053, 7.3398833 ], [ 134.4833832, 7.3398891 ], [ 134.4832764, 7.339828 ], [ 134.4828949, 7.339736 ], [ 134.4828339, 7.3396249 ], [ 134.4827728, 7.3393779 ], [ 134.4826813, 7.3392887 ], [ 134.482544, 7.3392696 ], [ 134.4823608, 7.3391085 ], [ 134.482147200000014, 7.3389807 ], [ 134.481903100000011, 7.3389082 ], [ 134.4816132, 7.3386664 ], [ 134.481079099999988, 7.3383999 ], [ 134.481201199999987, 7.3381696 ], [ 134.4812164, 7.3377805 ], [ 134.481185900000014, 7.3376498 ], [ 134.4811096, 7.3375526 ], [ 134.4810028, 7.3374834 ], [ 134.4806366, 7.3373418 ], [ 134.4802551, 7.3372665 ], [ 134.4802551, 7.3371501 ], [ 134.4803009, 7.3370333 ], [ 134.4803162, 7.3369026 ], [ 134.4802856, 7.3366447 ], [ 134.480346700000013, 7.3361306 ], [ 134.4801941, 7.3354998 ], [ 134.480117799999988, 7.3353944 ], [ 134.479873700000013, 7.3353362 ], [ 134.4796906, 7.3351693 ], [ 134.4789429, 7.3349361 ], [ 134.4788666, 7.334836 ], [ 134.478790299999986, 7.3345776 ], [ 134.4786224, 7.3343749 ], [ 134.4787598, 7.3341665 ], [ 134.4788055, 7.3340473 ], [ 134.478775, 7.3337832 ], [ 134.4788208, 7.3331332 ], [ 134.478714, 7.3326221 ], [ 134.4787445, 7.3325028 ], [ 134.478881800000011, 7.3322835 ], [ 134.4789581, 7.3320279 ], [ 134.4789429, 7.3319111 ], [ 134.4788513, 7.3318138 ], [ 134.4788513, 7.3316889 ], [ 134.478912400000013, 7.331564 ], [ 134.479187, 7.3312998 ], [ 134.4792328, 7.331172 ], [ 134.4792175, 7.3310447 ], [ 134.479141199999987, 7.3309388 ], [ 134.4789276, 7.3308306 ], [ 134.4787598, 7.3304777 ], [ 134.47853090000001, 7.3301611 ], [ 134.4783783, 7.3301082 ] ] } },
{ "type": "Feature", "properties": { "RCID": 149, "PRIM": 2, "GRUP": 2, "OBJL": 30, "RVER": 1, "AGEN": 550, "FIDN": 348555187, "FIDS": 9, "LNAM": "022614C687B30009", "LNAM_REFS": null, "FFPT_RIND": null, "CATCOA": null, "COLOUR": null, "CONRAD": null, "CONVIS": null, "ELEVAT": null, "NOBJNM": null, "OBJNAM": null, "VERACC": null, "VERDAT": null, "INFORM": null, "NINFOM": null, "NTXTDS": null, "PICREP": null, "SCAMAX": null, "SCAMIN": null, "TXTDSC": null, "RECDAT": null, "RECIND": null, "SORDAT": "20150206", "SORIND": "US,US,reprt,L-246-2015", "_enc_cell": "US4TB3P0" }, "geometry": { "type": "LineString", "coordinates": [ [ 134.563262900000012, 7.3545361 ], [ 134.563385, 7.3545556 ], [ 134.5634155, 7.3546195 ], [ 134.5634766, 7.3546529 ], [ 134.563736, 7.35465 ], [ 134.5639343, 7.3546028 ], [ 134.5640717, 7.3544693 ], [ 134.564239500000014, 7.3541498 ], [ 134.5642853, 7.3541555 ], [ 134.5643158, 7.3541946 ], [ 134.5645142, 7.3542085 ], [ 134.5645599, 7.3541498 ], [ 134.564682, 7.3541026 ], [ 134.564712500000013, 7.3540196 ], [ 134.5648651, 7.3539 ], [ 134.5649109, 7.3537998 ], [ 134.5649872, 7.3533416 ], [ 134.5650177, 7.353261 ], [ 134.5650177, 7.3531165 ], [ 134.565078699999987, 7.3530054 ], [ 134.565155, 7.3529611 ], [ 134.565200800000014, 7.3528943 ], [ 134.5651856, 7.3528223 ], [ 134.565200800000014, 7.3527527 ], [ 134.565216099999986, 7.3523192 ], [ 134.5652618, 7.3522334 ], [ 134.5652924, 7.3520947 ], [ 134.5652618, 7.3519692 ], [ 134.5652466, 7.35185 ], [ 134.5651398, 7.3517919 ], [ 134.5654755, 7.3514195 ], [ 134.5654907, 7.351325 ], [ 134.5654602, 7.3512416 ], [ 134.5655365, 7.3507252 ], [ 134.565582299999988, 7.3503113 ], [ 134.5656586, 7.3500471 ], [ 134.565933199999989, 7.3498807 ], [ 134.5661316, 7.3496666 ], [ 134.5664368, 7.3496556 ], [ 134.5666199, 7.3497443 ], [ 134.5669098, 7.3498998 ], [ 134.5669556, 7.3499222 ], [ 134.567031899999989, 7.3498888 ], [ 134.5670929, 7.3499026 ], [ 134.567138699999987, 7.3498859 ], [ 134.567215, 7.349936 ], [ 134.5675507, 7.3502388 ], [ 134.567749, 7.3503804 ], [ 134.5679169, 7.350461 ], [ 134.5681, 7.3504834 ], [ 134.5682373, 7.3504696 ], [ 134.56831360000001, 7.3504 ], [ 134.5683594, 7.3503027 ], [ 134.5684204, 7.3499999 ], [ 134.5686646, 7.3493695 ], [ 134.56878660000001, 7.3491502 ], [ 134.5689545, 7.3489695 ], [ 134.5692444, 7.3487139 ], [ 134.5694428, 7.3486195 ], [ 134.5695953, 7.3485251 ], [ 134.5697327, 7.3484888 ], [ 134.5697784, 7.348536 ], [ 134.5698547, 7.3486443 ], [ 134.570007299999986, 7.3486223 ], [ 134.5700989, 7.3486638 ], [ 134.5702057, 7.3486362 ], [ 134.5704651, 7.3483863 ], [ 134.5704804, 7.3482499 ], [ 134.5704193, 7.3481112 ], [ 134.570221, 7.3478141 ], [ 134.5701599, 7.347589 ], [ 134.5700836, 7.3475223 ], [ 134.570114100000012, 7.3474307 ], [ 134.5702057, 7.3473196 ], [ 134.570236200000011, 7.3472085 ], [ 134.570495599999987, 7.3468194 ], [ 134.570510899999988, 7.3466749 ], [ 134.5706482, 7.3464279 ], [ 134.5706635, 7.3463054 ], [ 134.5706329, 7.3461723 ], [ 134.5705414, 7.3460641 ], [ 134.5705414, 7.3459473 ], [ 134.5705719, 7.345839 ], [ 134.5706482, 7.3457527 ], [ 134.570694, 7.345561 ], [ 134.5705261, 7.3450751 ], [ 134.570463, 7.3449564 ], [ 134.5704346, 7.344903 ], [ 134.5703278, 7.3448472 ], [ 134.5701904, 7.3448196 ], [ 134.570129400000013, 7.3447585 ], [ 134.5699463, 7.3446331 ], [ 134.5698808, 7.3446213 ], [ 134.569763200000011, 7.3446002 ], [ 134.5695648, 7.3446307 ], [ 134.569183399999986, 7.3447304 ], [ 134.5691071, 7.3446832 ], [ 134.5690308, 7.3447223 ], [ 134.5689697, 7.3447919 ], [ 134.5688171, 7.3448887 ], [ 134.568634, 7.3449473 ], [ 134.5684052, 7.3451805 ], [ 134.5682526, 7.3452444 ], [ 134.5680237, 7.3453169 ], [ 134.567749, 7.3455887 ], [ 134.5677033, 7.3457751 ], [ 134.5676422, 7.3458862 ], [ 134.567504899999989, 7.3459444 ], [ 134.5673218, 7.345953 ], [ 134.5668488, 7.3460445 ], [ 134.566741900000011, 7.3461137 ], [ 134.5664825, 7.346386 ], [ 134.56633, 7.3464527 ], [ 134.566177399999987, 7.3464694 ], [ 134.5660248, 7.3465362 ], [ 134.565979, 7.3466058 ], [ 134.5659485, 7.3465724 ], [ 134.5658264, 7.3465223 ], [ 134.5653687, 7.3465695 ], [ 134.5651398, 7.3466668 ], [ 134.5649872, 7.346797 ], [ 134.5648956, 7.3469334 ], [ 134.5647736, 7.347075 ], [ 134.564743, 7.3471999 ], [ 134.564819300000011, 7.3473139 ], [ 134.564834600000012, 7.3474112 ], [ 134.564682, 7.347836 ], [ 134.564621, 7.3479056 ], [ 134.5645599, 7.3479915 ], [ 134.5645599, 7.3481026 ], [ 134.564605699999987, 7.3481083 ], [ 134.56446840000001, 7.3483639 ], [ 134.5644226, 7.3485889 ], [ 134.5644074, 7.3487139 ], [ 134.5644226, 7.3488221 ], [ 134.564483599999988, 7.3488584 ], [ 134.564483599999988, 7.349 ], [ 134.5645142, 7.3490443 ], [ 134.564605699999987, 7.3490334 ], [ 134.5646515, 7.3489804 ], [ 134.5646668, 7.3491221 ], [ 134.5646362, 7.3494058 ], [ 134.5645599, 7.3495169 ], [ 134.5644226, 7.3498998 ], [ 134.5643005, 7.3500891 ], [ 134.564224200000012, 7.3502388 ], [ 134.564148, 7.3503223 ], [ 134.563888600000013, 7.3506918 ], [ 134.5638123, 7.3507586 ], [ 134.5637054, 7.350811 ], [ 134.5636292, 7.3508778 ], [ 134.5635986, 7.350975 ], [ 134.5636139, 7.3510499 ], [ 134.563659699999988, 7.3511305 ], [ 134.5637817, 7.3512249 ], [ 134.5637054, 7.3515639 ], [ 134.563736, 7.3516359 ], [ 134.563736, 7.3516946 ], [ 134.5636749, 7.3518667 ], [ 134.5636902, 7.3519416 ], [ 134.563736, 7.3520193 ], [ 134.5636749, 7.3521442 ], [ 134.56350710000001, 7.3523359 ], [ 134.563400300000012, 7.3524056 ], [ 134.5633087, 7.3524418 ], [ 134.5632477, 7.3525558 ], [ 134.563156099999986, 7.3526335 ], [ 134.5630646, 7.3526778 ], [ 134.562973, 7.3528471 ], [ 134.5629425, 7.3530054 ], [ 134.562851, 7.3530779 ], [ 134.562789900000013, 7.3531585 ], [ 134.562805200000014, 7.3532529 ], [ 134.5628662, 7.3533168 ], [ 134.5628815, 7.3536611 ], [ 134.56289670000001, 7.3537526 ], [ 134.5629578, 7.3538861 ], [ 134.56303410000001, 7.3539805 ], [ 134.5630798, 7.354136 ], [ 134.5631256, 7.3542585 ], [ 134.563156099999986, 7.3544831 ], [ 134.5632172, 7.3545165 ] ] } },
{ "type": "Feature", "properties": { "RCID": 150, "PRIM": 2, "GRUP": 2, "OBJL": 30, "RVER": 1, "AGEN": 550, "FIDN": 77290640, "FIDS": 9, "LNAM": "0226049B5C900009", "LNAM_REFS": null, "FFPT_RIND": null, "CATCOA": null, "COLOUR": null, "CONRAD": null, "CONVIS": null, "ELEVAT": null, "NOBJNM": null, "OBJNAM": null, "VERACC": null, "VERDAT": null, "INFORM": null, "NINFOM": null, "NTXTDS": null, "PICREP": null, "SCAMAX": null, "SCAMIN": null, "TXTDSC": null, "RECDAT": null, "RECIND": null, "SORDAT": "20150206", "SORIND": "US,US,reprt,L-246-2015", "_enc_cell": "US4TB3P0" }, "geometry": { "type": "LineString", "coordinates": [ [ 134.533966099999986, 7.3524804 ], [ 134.5339813, 7.3524137 ], [ 134.534332299999988, 7.3519859 ], [ 134.5347138, 7.3518748 ], [ 134.5348358, 7.3516974 ], [ 134.5350952, 7.3515225 ], [ 134.5351715, 7.3514166 ], [ 134.5352325, 7.3512387 ], [ 134.5353699, 7.3510194 ], [ 134.5355682, 7.3506026 ], [ 134.535614, 7.3504195 ], [ 134.5356598, 7.3503389 ], [ 134.5357208, 7.350328 ], [ 134.53610230000001, 7.3503666 ], [ 134.5365295, 7.3504639 ], [ 134.53671270000001, 7.3504725 ], [ 134.5369873, 7.3503614 ], [ 134.5371399, 7.350275 ], [ 134.5372467, 7.3501835 ], [ 134.5373993, 7.3498778 ], [ 134.5374908, 7.3497391 ], [ 134.5378418, 7.3495693 ], [ 134.538024900000011, 7.3495445 ], [ 134.5381928, 7.3495665 ], [ 134.538406400000014, 7.3495693 ], [ 134.5388184, 7.3495474 ], [ 134.538986200000011, 7.349525 ], [ 134.5391998, 7.3495445 ], [ 134.539367700000014, 7.3495832 ], [ 134.539611799999989, 7.3496027 ], [ 134.5397797, 7.3495526 ], [ 134.5399017, 7.3494721 ], [ 134.5401611, 7.3491836 ], [ 134.5402527, 7.3490138 ], [ 134.5402527, 7.3489137 ], [ 134.5401611, 7.3488584 ], [ 134.5396881, 7.3487415 ], [ 134.5393982, 7.3486943 ], [ 134.5389404, 7.3486724 ], [ 134.5388336, 7.3486943 ], [ 134.53863530000001, 7.3486943 ], [ 134.5381165, 7.3485475 ], [ 134.5379639, 7.3485475 ], [ 134.5377197, 7.3484836 ], [ 134.5374603, 7.3484473 ], [ 134.5372772, 7.3483944 ], [ 134.537200899999988, 7.348311 ], [ 134.5370026, 7.3479276 ], [ 134.5368958, 7.3478279 ], [ 134.5365448, 7.3477693 ], [ 134.5364075, 7.3478055 ], [ 134.5363159, 7.3478918 ], [ 134.5361939, 7.3480887 ], [ 134.5362091, 7.3482223 ], [ 134.5363312, 7.3484974 ], [ 134.536468500000012, 7.3487167 ], [ 134.536483800000013, 7.348836 ], [ 134.5364533, 7.3489943 ], [ 134.536361699999986, 7.3491473 ], [ 134.536239599999988, 7.3492389 ], [ 134.5361786, 7.3493223 ], [ 134.5361786, 7.3494 ], [ 134.5362854, 7.3494639 ], [ 134.5363312, 7.3495555 ], [ 134.536361699999986, 7.3497138 ], [ 134.536361699999986, 7.3498502 ], [ 134.5362854, 7.3501639 ], [ 134.5361786, 7.3502498 ], [ 134.5360565, 7.3502054 ], [ 134.5359039, 7.3501835 ], [ 134.5356598, 7.3501668 ], [ 134.535507200000012, 7.3501864 ], [ 134.5354309, 7.3502693 ], [ 134.535385100000013, 7.3505445 ], [ 134.5351715, 7.3509975 ], [ 134.5350037, 7.3513331 ], [ 134.534729, 7.3516002 ], [ 134.5343628, 7.3518362 ], [ 134.534195, 7.3519278 ], [ 134.5340271, 7.3520861 ], [ 134.5338898, 7.3522582 ], [ 134.533828699999987, 7.3522167 ], [ 134.5338898, 7.3519335 ], [ 134.533828699999987, 7.3518276 ], [ 134.5335541, 7.3518529 ], [ 134.533584600000012, 7.3520055 ], [ 134.5336609, 7.3521862 ], [ 134.5336914, 7.3526249 ] ] } },
{ "type": "Feature", "properties": { "RCID": 151, "PRIM": 2, "GRUP": 2, "OBJL": 30, "RVER": 1, "AGEN": 550, "FIDN": 342281434, "FIDS": 9, "LNAM": "02261466CCDA0009", "LNAM_REFS": null, "FFPT_RIND": null, "CATCOA": null, "COLOUR": null, "CONRAD": null, "CONVIS": null, "ELEVAT": null, "NOBJNM": null, "OBJNAM": null, "VERACC": null, "VERDAT": null, "INFORM": null, "NINFOM": null, "NTXTDS": null, "PICREP": null, "SCAMAX": null, "SCAMIN": null, "TXTDSC": null, "RECDAT": null, "RECIND": null, "SORDAT": "20150206", "SORIND": "US,US,reprt,L-246-2015", "_enc_cell": "US4TB3P0" }, "geometry": { "type": "LineString", "coordinates": [ [ 134.5333405, 7.3369527 ], [ 134.5333099, 7.3370113 ], [ 134.5332642, 7.3371029 ], [ 134.5332642, 7.3371749 ], [ 134.5332947, 7.337225 ], [ 134.5333405, 7.3372722 ], [ 134.5333862, 7.3372889 ], [ 134.533477799999986, 7.337275 ], [ 134.5335541, 7.337225 ], [ 134.5335541, 7.337153 ], [ 134.5334473, 7.3369222 ], [ 134.5334015, 7.3369165 ], [ 134.5333405, 7.3369527 ] ] } },
{ "type": "Feature", "properties": { "RCID": 153, "PRIM": 2, "GRUP": 2, "OBJL": 30, "RVER": 1, "AGEN": 550, "FIDN": 513391281, "FIDS": 9, "LNAM": "02261E99BAB10009", "LNAM_REFS": null, "FFPT_RIND": null, "CATCOA": 7.0, "COLOUR": null, "CONRAD": null, "CONVIS": null, "ELEVAT": null, "NOBJNM": null, "OBJNAM": null, "VERACC": null, "VERDAT": null, "INFORM": null, "NINFOM": null, "NTXTDS": null, "PICREP": null, "SCAMAX": null, "SCAMIN": null, "TXTDSC": null, "RECDAT": null, "RECIND": null, "SORDAT": "20150206", "SORIND": "US,US,reprt,L-246-2015", "_enc_cell": "US4TB3P0" }, "geometry": { "type": "LineString", "coordinates": [ [ 134.5225678, 7.35495 ], [ 134.5223541, 7.3549557 ], [ 134.5222473, 7.3549137 ], [ 134.5221558, 7.354836 ], [ 134.5220795, 7.3547196 ], [ 134.5219421, 7.3546972 ], [ 134.521820100000014, 7.3547001 ], [ 134.521713299999988, 7.3547669 ], [ 134.521575899999988, 7.3547835 ], [ 134.5213928, 7.3547444 ], [ 134.521225, 7.3547473 ], [ 134.5210724, 7.3548527 ], [ 134.520858800000013, 7.3551168 ], [ 134.5205536, 7.3553252 ], [ 134.5204163, 7.355361 ], [ 134.520263699999987, 7.3553529 ], [ 134.5201111, 7.3553224 ], [ 134.519866900000011, 7.3552389 ], [ 134.5196381, 7.3551998 ], [ 134.5194855, 7.3553276 ], [ 134.5193787, 7.3555417 ], [ 134.5192108, 7.3557138 ], [ 134.519195599999989, 7.3559194 ], [ 134.5191498, 7.3560915 ], [ 134.519104, 7.3561611 ], [ 134.519043, 7.3562279 ], [ 134.5189667, 7.3562417 ], [ 134.51857, 7.3560472 ], [ 134.5184174, 7.3560414 ], [ 134.517730699999987, 7.355825 ], [ 134.5174255, 7.3557916 ], [ 134.517257699999988, 7.3557472 ], [ 134.5171661, 7.3555389 ], [ 134.5169373, 7.3554139 ], [ 134.5167084, 7.3553333 ], [ 134.516525300000012, 7.3553472 ], [ 134.5163574, 7.3553891 ], [ 134.516174299999989, 7.3553834 ], [ 134.515946500000013, 7.3554105 ], [ 134.5158691, 7.3554196 ], [ 134.515701299999989, 7.3553696 ], [ 134.5155182, 7.3554139 ], [ 134.5152893, 7.3554416 ], [ 134.515075700000011, 7.3554888 ], [ 134.514862099999988, 7.3555722 ], [ 134.5146637, 7.3556972 ], [ 134.514495899999986, 7.3558388 ], [ 134.5143433, 7.355875 ], [ 134.514251699999988, 7.3558555 ], [ 134.5141754, 7.3559251 ], [ 134.51362610000001, 7.3562946 ], [ 134.5132294, 7.3564696 ], [ 134.51313780000001, 7.3566361 ], [ 134.5129852, 7.3567891 ], [ 134.5128479, 7.3568583 ], [ 134.5127564, 7.3570418 ], [ 134.5126953, 7.3570972 ], [ 134.5125885, 7.3573637 ], [ 134.5125885, 7.357625 ], [ 134.51266480000001, 7.3577166 ], [ 134.5127106, 7.3578248 ], [ 134.512680100000011, 7.3579111 ], [ 134.5127106, 7.3580918 ], [ 134.5127564, 7.358222 ], [ 134.51266480000001, 7.3582501 ], [ 134.512344399999989, 7.3583446 ], [ 134.5119934, 7.3583803 ], [ 134.511734, 7.3584943 ], [ 134.5114441, 7.3585582 ], [ 134.5112915, 7.3586083 ], [ 134.511093100000011, 7.3586001 ], [ 134.5109406, 7.3585472 ], [ 134.5108032, 7.3585749 ], [ 134.5106812, 7.3586612 ], [ 134.510620100000011, 7.3587971 ], [ 134.5105896, 7.3590474 ], [ 134.510513300000014, 7.359086 ], [ 134.510406499999988, 7.3591085 ], [ 134.5103302, 7.3590055 ], [ 134.5101929, 7.3589888 ], [ 134.510040299999986, 7.359036 ], [ 134.509658800000011, 7.3592944 ], [ 134.5095825, 7.3594222 ], [ 134.5095825, 7.3594666 ], [ 134.509613, 7.3595305 ], [ 134.5095978, 7.3595581 ], [ 134.5094757, 7.3596139 ], [ 134.509429899999986, 7.3596721 ], [ 134.5093842, 7.3596721 ], [ 134.5092773, 7.359725 ], [ 134.5091095, 7.3599029 ], [ 134.508972199999988, 7.3599029 ], [ 134.5088806, 7.3599777 ], [ 134.5088806, 7.3600221 ], [ 134.5087585, 7.360189 ], [ 134.5087585, 7.3603249 ], [ 134.508728, 7.3603916 ], [ 134.5086823, 7.3604527 ], [ 134.5086212, 7.3604555 ], [ 134.5085144, 7.3605056 ], [ 134.5084076, 7.3605971 ], [ 134.5083771, 7.3606529 ], [ 134.508361799999989, 7.3608751 ], [ 134.5083923, 7.3609166 ], [ 134.50834660000001, 7.3610249 ], [ 134.50834660000001, 7.3610807 ], [ 134.5083923, 7.3611527 ], [ 134.5084534, 7.3611808 ], [ 134.5084229, 7.3611808 ], [ 134.508361799999989, 7.3612166 ], [ 134.508316, 7.3612194 ], [ 134.5082703, 7.3613138 ], [ 134.508255, 7.3614612 ], [ 134.50820920000001, 7.3615222 ], [ 134.5081787, 7.3616581 ], [ 134.508194, 7.3617749 ], [ 134.508255, 7.3618169 ], [ 134.508224500000011, 7.3618584 ], [ 134.508194, 7.3619666 ], [ 134.5081329, 7.3621111 ], [ 134.5081635, 7.362186 ], [ 134.5081482, 7.3622141 ], [ 134.508117700000014, 7.3622193 ], [ 134.508117700000014, 7.3623471 ], [ 134.5080566, 7.3624249 ], [ 134.5080414, 7.3624668 ], [ 134.5080566, 7.3625054 ], [ 134.5080414, 7.3625474 ], [ 134.5080566, 7.362597 ], [ 134.5081482, 7.3626609 ], [ 134.5081635, 7.3627362 ], [ 134.508194, 7.3627391 ], [ 134.5082855, 7.3629084 ] ] } },
{ "type": "Feature", "properties": { "RCID": 156, "PRIM": 2, "GRUP": 2, "OBJL": 30, "RVER": 1, "AGEN": 550, "FIDN": 45649256, "FIDS": 9, "LNAM": "022602B88D680009", "LNAM_REFS": null, "FFPT_RIND": null, "CATCOA": null, "COLOUR": null, "CONRAD": null, "CONVIS": null, "ELEVAT": null, "NOBJNM": null, "OBJNAM": null, "VERACC": null, "VERDAT": null, "INFORM": null, "NINFOM": null, "NTXTDS": null, "PICREP": null, "SCAMAX": null, "SCAMIN": null, "TXTDSC": null, "RECDAT": null, "RECIND": null, "SORDAT": "20150206", "SORIND": "US,US,reprt,L-246-2015", "_enc_cell": "US4TB3P0" }, "geometry": { "type": "LineString", "coordinates": [ [ 134.5122681, 7.3331223 ], [ 134.5121613, 7.3330612 ], [ 134.5119934, 7.3330917 ], [ 134.511795, 7.3332667 ], [ 134.5116425, 7.3333335 ], [ 134.5115051, 7.3333612 ], [ 134.511352499999987, 7.3333888 ], [ 134.5111542, 7.3335028 ], [ 134.511093100000011, 7.3336668 ], [ 134.511093100000011, 7.3338695 ], [ 134.5111389, 7.3340778 ], [ 134.5111847, 7.3342557 ], [ 134.5112, 7.3343916 ], [ 134.5114288, 7.3345556 ], [ 134.5115204, 7.3346 ], [ 134.51170350000001, 7.3346086 ], [ 134.5118713, 7.3345919 ], [ 134.511947600000013, 7.3345389 ], [ 134.512054400000011, 7.3344779 ], [ 134.5121155, 7.3343835 ], [ 134.5121155, 7.3343248 ], [ 134.512085, 7.3342443 ], [ 134.5121002, 7.3341308 ], [ 134.5122376, 7.3339748 ], [ 134.5123596, 7.3337445 ], [ 134.5124054, 7.3336501 ], [ 134.5124207, 7.3335028 ], [ 134.5122681, 7.3331223 ] ] } },
{ "type": "Feature", "properties": { "RCID": 160, "PRIM": 2, "GRUP": 2, "OBJL": 30, "RVER": 1, "AGEN": 550, "FIDN": 623729704, "FIDS": 9, "LNAM": "0226252D5C280009", "LNAM_REFS": null, "FFPT_RIND": null, "CATCOA": null, "COLOUR": null, "CONRAD": null, "CONVIS": null, "ELEVAT": null, "NOBJNM": null, "OBJNAM": null, "VERACC": null, "VERDAT": null, "INFORM": null, "NINFOM": null, "NTXTDS": null, "PICREP": null, "SCAMAX": null, "SCAMIN": null, "TXTDSC": null, "RECDAT": null, "RECIND": null, "SORDAT": "20150206", "SORIND": "US,US,reprt,L-246-2015", "_enc_cell": "US4TB3P0" }, "geometry": { "type": "LineString", "coordinates": [ [ 134.494339, 7.3284192 ], [ 134.4943237, 7.3285723 ], [ 134.494415299999986, 7.3289805 ], [ 134.4945526, 7.3292832 ], [ 134.494766199999987, 7.3293834 ], [ 134.4950256, 7.3293943 ], [ 134.495224, 7.3292613 ], [ 134.4953156, 7.329061 ], [ 134.4951477, 7.3285999 ], [ 134.4948578, 7.3282304 ], [ 134.4948273, 7.328136 ], [ 134.4947357, 7.3280363 ], [ 134.4947205, 7.3279166 ], [ 134.494659399999989, 7.3278279 ], [ 134.4946747, 7.3277082 ], [ 134.4947052, 7.3277001 ], [ 134.4947052, 7.3276305 ], [ 134.494659399999989, 7.3275805 ], [ 134.49464420000001, 7.3274221 ], [ 134.4946747, 7.3273945 ], [ 134.4944916, 7.326839 ], [ 134.4945831, 7.3266139 ], [ 134.4949341, 7.3263555 ], [ 134.495376599999986, 7.3255611 ], [ 134.495605500000011, 7.3252277 ], [ 134.4956665, 7.3249221 ], [ 134.4955444, 7.3244581 ], [ 134.4955597, 7.3243084 ], [ 134.495636, 7.3241639 ], [ 134.4957733, 7.3240805 ], [ 134.4962006, 7.3239889 ], [ 134.496444700000012, 7.3238277 ], [ 134.4964905, 7.3237138 ], [ 134.4965973, 7.3236361 ], [ 134.496688799999987, 7.3234749 ], [ 134.4967346, 7.323236 ], [ 134.496688799999987, 7.3230305 ], [ 134.4965363, 7.3228555 ], [ 134.496429400000011, 7.3227835 ], [ 134.496109, 7.3229332 ], [ 134.4957123, 7.3229055 ], [ 134.495636, 7.3228335 ], [ 134.495636, 7.3227444 ], [ 134.495956400000011, 7.3226419 ], [ 134.496048, 7.3225474 ], [ 134.4960175, 7.3224416 ], [ 134.495849600000014, 7.3222942 ], [ 134.495620699999989, 7.3221583 ], [ 134.4953461, 7.3218637 ], [ 134.495254499999987, 7.3216305 ], [ 134.495269799999988, 7.3214917 ], [ 134.4952087, 7.3214026 ], [ 134.495254499999987, 7.3213334 ], [ 134.4951935, 7.3211083 ], [ 134.4952087, 7.3209944 ], [ 134.4953461, 7.3209777 ], [ 134.495376599999986, 7.3209362 ], [ 134.495483400000012, 7.3208332 ], [ 134.495620699999989, 7.3208556 ], [ 134.4958801, 7.3207359 ], [ 134.495956400000011, 7.320611 ], [ 134.496093800000011, 7.3205333 ], [ 134.496215799999987, 7.3204918 ], [ 134.4962921, 7.3205252 ], [ 134.4965057, 7.3204446 ], [ 134.4965363, 7.320375 ], [ 134.4965339, 7.3203658 ], [ 134.4965057, 7.3202558 ], [ 134.496429400000011, 7.3201113 ], [ 134.4962921, 7.3199916 ], [ 134.4962921, 7.3197165 ], [ 134.4959106, 7.3193498 ], [ 134.495575, 7.318903 ], [ 134.495468100000011, 7.3188777 ], [ 134.495285, 7.318964 ], [ 134.4950867, 7.31915 ], [ 134.4949188, 7.3191776 ], [ 134.494659399999989, 7.319272 ], [ 134.4937744, 7.3203416 ], [ 134.4936676, 7.3203669 ], [ 134.493347199999988, 7.3203335 ], [ 134.493103, 7.3204889 ], [ 134.492843599999986, 7.3208304 ], [ 134.4922333, 7.3211474 ], [ 134.4919128, 7.3213778 ], [ 134.491745, 7.3215694 ], [ 134.4916534, 7.3217692 ], [ 134.4915619, 7.322125 ], [ 134.4917297, 7.3226667 ], [ 134.4917297, 7.3228169 ], [ 134.491684, 7.3229113 ], [ 134.4916687, 7.3229971 ], [ 134.4915924, 7.3230109 ], [ 134.4914856, 7.3229556 ], [ 134.491333, 7.3229222 ], [ 134.4911957, 7.3229585 ], [ 134.4910736, 7.3230805 ], [ 134.4909058, 7.3229361 ], [ 134.49086, 7.3228359 ], [ 134.4907379, 7.3228388 ], [ 134.4906006, 7.3228002 ], [ 134.4903717, 7.322578 ], [ 134.4900513, 7.3223667 ], [ 134.4899139, 7.3222919 ], [ 134.48970030000001, 7.3222332 ], [ 134.489608800000013, 7.3222418 ], [ 134.489379899999989, 7.3224721 ], [ 134.4893189, 7.3225999 ], [ 134.489120500000013, 7.3227611 ], [ 134.488998400000014, 7.3228169 ], [ 134.4887238, 7.3228474 ], [ 134.4884949, 7.3229833 ], [ 134.4881134, 7.3231306 ], [ 134.4880676, 7.3232222 ], [ 134.4878693, 7.3233609 ], [ 134.4878388, 7.3234668 ], [ 134.487686200000013, 7.3235307 ], [ 134.4874878, 7.3238249 ], [ 134.4872131, 7.3239112 ], [ 134.4871521, 7.3239861 ], [ 134.4871521, 7.3240609 ], [ 134.4872284, 7.3242002 ], [ 134.487197900000012, 7.324286 ], [ 134.4871368, 7.3243361 ], [ 134.4868927, 7.3243918 ], [ 134.486709600000012, 7.3245721 ], [ 134.4865418, 7.3247891 ], [ 134.4864349, 7.3248529 ], [ 134.48634340000001, 7.3248529 ], [ 134.486007699999988, 7.3246946 ], [ 134.4859314, 7.3245335 ], [ 134.485672, 7.3243027 ], [ 134.4855804, 7.3241472 ], [ 134.4854736, 7.3240943 ], [ 134.48538210000001, 7.3241668 ], [ 134.4852448, 7.3240471 ], [ 134.4847987, 7.3237957 ], [ 134.484787, 7.3237891 ], [ 134.484664900000013, 7.3238139 ], [ 134.4845429, 7.3237915 ], [ 134.4840546, 7.3241334 ], [ 134.4839783, 7.3242221 ], [ 134.483963, 7.324275 ], [ 134.483963, 7.324328 ], [ 134.483902, 7.324636 ], [ 134.483963, 7.324925 ], [ 134.4839935, 7.3249974 ], [ 134.484069799999986, 7.3250113 ], [ 134.484176600000012, 7.3249168 ], [ 134.484207199999986, 7.3248277 ], [ 134.4842682, 7.324811 ], [ 134.484436, 7.3245111 ], [ 134.4845276, 7.3244138 ], [ 134.4848938, 7.3245001 ], [ 134.4851074, 7.3246222 ], [ 134.4854584, 7.3249111 ], [ 134.485763600000013, 7.3253751 ], [ 134.4858246, 7.3257499 ], [ 134.4860382, 7.3262582 ], [ 134.4860687, 7.3266082 ], [ 134.4860382, 7.3267641 ], [ 134.486084, 7.3268919 ], [ 134.4861755, 7.3270221 ], [ 134.4862671, 7.327003 ], [ 134.4863129, 7.326911 ], [ 134.4864349, 7.3267751 ], [ 134.4865723, 7.3265805 ], [ 134.486908, 7.3254557 ], [ 134.48703, 7.3252111 ], [ 134.4872284, 7.3250141 ], [ 134.4874725, 7.3250084 ], [ 134.487670900000012, 7.32515 ], [ 134.4878693, 7.3254113 ], [ 134.487930299999988, 7.3255749 ], [ 134.4879913, 7.3259502 ], [ 134.4880066, 7.3260803 ], [ 134.487915, 7.3263307 ], [ 134.4879761, 7.3266139 ], [ 134.488037100000014, 7.3266778 ], [ 134.488540699999987, 7.3266692 ], [ 134.4888611, 7.3262444 ], [ 134.4889832, 7.3261442 ], [ 134.489013699999987, 7.3260665 ], [ 134.4892578, 7.3258696 ], [ 134.4895783, 7.3257446 ], [ 134.4897308, 7.3257723 ], [ 134.490036, 7.3259749 ], [ 134.490203900000012, 7.3259888 ], [ 134.490448, 7.3259139 ], [ 134.490554800000012, 7.3258443 ], [ 134.4905853, 7.3257527 ], [ 134.4907074, 7.3256249 ], [ 134.4908905, 7.3247557 ], [ 134.490936299999987, 7.3246026 ], [ 134.491165200000012, 7.3244557 ], [ 134.4913788, 7.3242555 ], [ 134.491531400000014, 7.3242889 ], [ 134.49162290000001, 7.3242502 ], [ 134.491745, 7.3242974 ], [ 134.49176030000001, 7.324378 ], [ 134.4918671, 7.3244362 ], [ 134.4919128, 7.3246164 ], [ 134.491989100000012, 7.3246889 ], [ 134.4923248, 7.3251834 ], [ 134.492492700000014, 7.3253026 ], [ 134.4926453, 7.3251391 ], [ 134.4926758, 7.3250585 ], [ 134.492599500000011, 7.3248248 ], [ 134.4925385, 7.3247805 ], [ 134.4925079, 7.3247113 ], [ 134.4926758, 7.324564 ], [ 134.492874199999989, 7.3242474 ], [ 134.492965700000013, 7.3242889 ], [ 134.4929962, 7.3243613 ], [ 134.4931335, 7.3243637 ], [ 134.4931335, 7.3245444 ], [ 134.4929962, 7.3245053 ], [ 134.4928894, 7.3245139 ], [ 134.492843599999986, 7.3245668 ], [ 134.4928284, 7.3246474 ], [ 134.492874199999989, 7.3247252 ], [ 134.4931488, 7.3247528 ], [ 134.4933929, 7.3248334 ], [ 134.4934998, 7.3248248 ], [ 134.49368290000001, 7.3245721 ], [ 134.493804899999986, 7.3242083 ], [ 134.4940186, 7.3240752 ], [ 134.4940949, 7.323925 ], [ 134.4941406, 7.3237891 ], [ 134.4941406, 7.3236694 ], [ 134.4940643, 7.3235693 ], [ 134.494049100000012, 7.3234806 ], [ 134.4943848, 7.3234415 ], [ 134.4944763, 7.3231807 ], [ 134.4944611, 7.3230391 ], [ 134.4946747, 7.3230252 ], [ 134.4946899, 7.3230748 ], [ 134.4944763, 7.3233972 ], [ 134.494506800000011, 7.3234973 ], [ 134.4946747, 7.3235974 ], [ 134.494796799999989, 7.323575 ], [ 134.494888300000014, 7.323514 ], [ 134.4949341, 7.3235359 ], [ 134.4946899, 7.3239861 ], [ 134.494659399999989, 7.3242974 ], [ 134.4946747, 7.3244638 ], [ 134.494812, 7.3247252 ], [ 134.4948273, 7.3249917 ], [ 134.494766199999987, 7.3253026 ], [ 134.4946289, 7.3255916 ], [ 134.4945526, 7.325664 ], [ 134.494522100000012, 7.3258057 ], [ 134.4945526, 7.325964 ], [ 134.494522100000012, 7.3260779 ], [ 134.494171099999988, 7.3263083 ], [ 134.49354550000001, 7.3269391 ], [ 134.4933167, 7.3271027 ], [ 134.4932709, 7.3271971 ], [ 134.493209799999988, 7.3272529 ], [ 134.4932556, 7.3273001 ], [ 134.4933167, 7.3272944 ], [ 134.4936523, 7.3271141 ], [ 134.493804899999986, 7.3271251 ], [ 134.4939728, 7.3271556 ], [ 134.4941101, 7.3272333 ], [ 134.494278, 7.3274083 ], [ 134.4944, 7.3277359 ], [ 134.4944305, 7.3279085 ], [ 134.4944763, 7.3279724 ], [ 134.4945679, 7.3279944 ], [ 134.494339, 7.3284192 ] ] } },
{ "type": "Feature", "properties": { "RCID": 161, "PRIM": 2, "GRUP": 2, "OBJL": 30, "RVER": 1, "AGEN": 550, "FIDN": 630202677, "FIDS": 9, "LNAM": "0226259021350009", "LNAM_REFS": null, "FFPT_RIND": null, "CATCOA": null, "COLOUR": null, "CONRAD": null, "CONVIS": null, "ELEVAT": null, "NOBJNM": null, "OBJNAM": null, "VERACC": null, "VERDAT": null, "INFORM": null, "NINFOM": null, "NTXTDS": null, "PICREP": null, "SCAMAX": null, "SCAMIN": null, "TXTDSC": null, "RECDAT": null, "RECIND": null, "SORDAT": "20150206", "SORIND": "US,US,reprt,L-246-2015", "_enc_cell": "US4TB3P0" }, "geometry": { "type": "LineString", "coordinates": [ [ 134.4950714, 7.336925 ], [ 134.4950409, 7.3369446 ], [ 134.4948273, 7.3368917 ], [ 134.4943237, 7.3368888 ], [ 134.494278, 7.3368473 ], [ 134.494049100000012, 7.336936 ], [ 134.4939575, 7.3370304 ], [ 134.493927, 7.3371167 ], [ 134.4938965, 7.3372026 ], [ 134.493820199999988, 7.3372526 ], [ 134.4937592, 7.3373637 ], [ 134.493438700000013, 7.3376722 ], [ 134.4934235, 7.3377862 ], [ 134.4933929, 7.3378472 ] ] } },
{ "type": "Feature", "properties": { "RCID": 162, "PRIM": 2, "GRUP": 2, "OBJL": 30, "RVER": 1, "AGEN": 550, "FIDN": 179093111, "FIDS": 9, "LNAM": "02260AACBE770009", "LNAM_REFS": null, "FFPT_RIND": null, "CATCOA": null, "COLOUR": null, "CONRAD": null, "CONVIS": null, "ELEVAT": null, "NOBJNM": null, "OBJNAM": null, "VERACC": null, "VERDAT": null, "INFORM": null, "NINFOM": null, "NTXTDS": null, "PICREP": null, "SCAMAX": null, "SCAMIN": null, "TXTDSC": null, "RECDAT": null, "RECIND": null, "SORDAT": "20150206", "SORIND": "US,US,reprt,L-246-2015", "_enc_cell": "US4TB3P0" }, "geometry": { "type": "LineString", "coordinates": [ [ 134.4919281, 7.4165387 ], [ 134.4918518, 7.4166694 ], [ 134.4918671, 7.4169192 ], [ 134.4919739, 7.4170752 ], [ 134.4923554, 7.4172053 ], [ 134.492691, 7.4172473 ], [ 134.4929352, 7.4169169 ], [ 134.49272160000001, 7.4166307 ], [ 134.4922333, 7.4164863 ], [ 134.4919281, 7.4165387 ] ] } },
{ "type": "Feature", "properties": { "RCID": 187, "PRIM": 2, "GRUP": 2, "OBJL": 30, "RVER": 1, "AGEN": 550, "FIDN": 789665267, "FIDS": 9, "LNAM": "02262F1155F30009", "LNAM_REFS": null, "FFPT_RIND": null, "CATCOA": null, "COLOUR": null, "CONRAD": null, "CONVIS": null, "ELEVAT": null, "NOBJNM": null, "OBJNAM": null, "VERACC": null, "VERDAT": null, "INFORM": null, "NINFOM": null, "NTXTDS": null, "PICREP": null, "SCAMAX": null, "SCAMIN": null, "TXTDSC": null, "RECDAT": null, "RECIND": null, "SORDAT": "20150206", "SORIND": "US,US,reprt,L-246-2015", "_enc_cell": "US4TB3P0" }, "geometry": { "type": "LineString", "coordinates": [ [ 134.5881805, 7.3541446 ], [ 134.5879974, 7.3540306 ], [ 134.58790590000001, 7.3539085 ], [ 134.587921099999988, 7.3537917 ], [ 134.58790590000001, 7.3536582 ], [ 134.5878601, 7.3535667 ], [ 134.587677, 7.3534026 ], [ 134.587692299999986, 7.353086 ], [ 134.587738, 7.3529916 ], [ 134.5878296, 7.3530002 ], [ 134.5878601, 7.3529363 ], [ 134.5878449, 7.3528252 ], [ 134.587738, 7.3527083 ], [ 134.587677, 7.3525834 ], [ 134.587570199999988, 7.3525167 ], [ 134.5874176, 7.3523831 ], [ 134.5873413, 7.3522553 ], [ 134.5873566, 7.3521333 ], [ 134.5873566, 7.3518 ], [ 134.5875397, 7.3516083 ], [ 134.5876312, 7.3514748 ], [ 134.587661700000012, 7.3513861 ], [ 134.5875397, 7.3512721 ], [ 134.5873718, 7.3510723 ], [ 134.5872345, 7.350975 ], [ 134.587130800000011, 7.3508854 ], [ 134.5870514, 7.3508167 ], [ 134.5869141, 7.3505721 ], [ 134.586715700000013, 7.3504472 ], [ 134.5864563, 7.3503804 ], [ 134.586242700000014, 7.3503666 ], [ 134.5860291, 7.3504224 ], [ 134.58598760000001, 7.3504524 ], [ 134.5859375, 7.3504887 ] ] } },
{ "type": "Feature", "properties": { "RCID": 188, "PRIM": 2, "GRUP": 2, "OBJL": 30, "RVER": 1, "AGEN": 550, "FIDN": 641860932, "FIDS": 9, "LNAM": "0226264205440009", "LNAM_REFS": null, "FFPT_RIND": null, "CATCOA": 7.0, "COLOUR": null, "CONRAD": null, "CONVIS": null, "ELEVAT": null, "NOBJNM": null, "OBJNAM": null, "VERACC": null, "VERDAT": null, "INFORM": null, "NINFOM": null, "NTXTDS": null, "PICREP": null, "SCAMAX": null, "SCAMIN": null, "TXTDSC": null, "RECDAT": null, "RECIND": null, "SORDAT": "20150206", "SORIND": "US,US,reprt,L-246-2015", "_enc_cell": "US4TB3P0" }, "geometry": { "type": "LineString", "coordinates": [ [ 134.5859375, 7.3504887 ], [ 134.5858917, 7.3506193 ], [ 134.5858917, 7.3507471 ], [ 134.5857239, 7.3507528 ], [ 134.5855408, 7.3507114 ], [ 134.585174599999988, 7.3505669 ], [ 134.584899900000011, 7.3504086 ], [ 134.5844421, 7.3501806 ], [ 134.584213299999988, 7.3501248 ], [ 134.5840454, 7.3501554 ], [ 134.5837708, 7.3503556 ], [ 134.583709700000014, 7.3504863 ], [ 134.5836334, 7.3506999 ], [ 134.5835571, 7.3507972 ], [ 134.583252, 7.3508778 ], [ 134.5831909, 7.3509946 ], [ 134.5832062, 7.3511581 ], [ 134.5831451, 7.3512197 ], [ 134.582855200000012, 7.3512974 ], [ 134.582641599999988, 7.3513141 ], [ 134.5826111, 7.3514419 ], [ 134.5827332, 7.3517971 ], [ 134.5827332, 7.3519721 ], [ 134.5826874, 7.3520474 ], [ 134.582366900000011, 7.3521028 ], [ 134.5821075, 7.352078 ], [ 134.581558199999989, 7.3519278 ], [ 134.5811615, 7.351747 ], [ 134.58105470000001, 7.3516502 ], [ 134.5809784, 7.3515415 ], [ 134.5808716, 7.3515334 ], [ 134.580658, 7.3513584 ], [ 134.5805054, 7.3511443 ], [ 134.580368, 7.3509388 ], [ 134.580337500000013, 7.3507276 ], [ 134.580352799999986, 7.3505836 ], [ 134.580352799999986, 7.3504973 ], [ 134.580459600000012, 7.3503919 ], [ 134.5805359, 7.3503056 ], [ 134.58058170000001, 7.3500085 ], [ 134.58058170000001, 7.3498139 ], [ 134.5804138, 7.3495445 ], [ 134.5801849, 7.3492999 ], [ 134.5799408, 7.3491082 ], [ 134.5797272, 7.3490086 ], [ 134.5794373, 7.3489695 ], [ 134.57901, 7.3490558 ], [ 134.5788269, 7.3491335 ], [ 134.578201299999989, 7.3493528 ], [ 134.5777283, 7.3496471 ], [ 134.5771332, 7.3501029 ], [ 134.5769348, 7.3502808 ], [ 134.57659910000001, 7.3504834 ], [ 134.576141400000012, 7.3505583 ], [ 134.5758362, 7.3506084 ], [ 134.5756683, 7.3507137 ], [ 134.5755158, 7.3507443 ], [ 134.5752106, 7.3507667 ], [ 134.5751495, 7.3508472 ], [ 134.5750732, 7.3509779 ], [ 134.5749054, 7.3511581 ], [ 134.5748749, 7.3512974 ], [ 134.5749207, 7.3514748 ], [ 134.5749817, 7.3515334 ], [ 134.5750122, 7.3516002 ], [ 134.574997, 7.3516946 ], [ 134.5751038, 7.3518224 ], [ 134.5752869, 7.3518639 ], [ 134.5756683, 7.3518252 ], [ 134.576019300000013, 7.3518138 ], [ 134.5760498, 7.35185 ], [ 134.575943, 7.3519473 ], [ 134.5759277, 7.352025 ], [ 134.5759888, 7.3521776 ], [ 134.57612610000001, 7.3522224 ], [ 134.5761719, 7.352253 ], [ 134.5760651, 7.3522973 ], [ 134.576004, 7.3523946 ], [ 134.576034600000014, 7.3524556 ], [ 134.5760956, 7.3525195 ], [ 134.5761871, 7.3525443 ], [ 134.576263399999988, 7.3525085 ], [ 134.5763397, 7.352428 ], [ 134.576370200000014, 7.3522697 ], [ 134.5765228, 7.3522916 ], [ 134.5766449, 7.3522835 ], [ 134.5767059, 7.3522501 ], [ 134.5767059, 7.3523278 ], [ 134.5766754, 7.3523974 ], [ 134.5766907, 7.3524666 ], [ 134.576751699999988, 7.3525057 ], [ 134.576751699999988, 7.3525863 ], [ 134.576751699999988, 7.3526669 ], [ 134.5767059, 7.3528137 ], [ 134.5766907, 7.3530169 ], [ 134.5766602, 7.3532195 ], [ 134.5765839, 7.353425 ], [ 134.5765381, 7.3535805 ], [ 134.576294, 7.3535752 ], [ 134.5761719, 7.3535361 ], [ 134.575912499999987, 7.3535304 ] ] } },
{ "type": "Feature", "properties": { "RCID": 189, "PRIM": 2, "GRUP": 2, "OBJL": 30, "RVER": 1, "AGEN": 550, "FIDN": 830104745, "FIDS": 9, "LNAM": "0226317A64A90009", "LNAM_REFS": null, "FFPT_RIND": null, "CATCOA": null, "COLOUR": null, "CONRAD": null, "CONVIS": null, "ELEVAT": null, "NOBJNM": null, "OBJNAM": null, "VERACC": null, "VERDAT": null, "INFORM": null, "NINFOM": null, "NTXTDS": null, "PICREP": null, "SCAMAX": null, "SCAMIN": null, "TXTDSC": null, "RECDAT": null, "RECIND": null, "SORDAT": "20150206", "SORIND": "US,US,reprt,L-246-2015", "_enc_cell": "US4TB3P0" }, "geometry": { "type": "LineString", "coordinates": [ [ 134.5380707, 7.3280888 ], [ 134.5380707, 7.3280859 ], [ 134.538162199999988, 7.3279862 ], [ 134.538269, 7.3279166 ], [ 134.5383453, 7.3278637 ], [ 134.5383453, 7.3277583 ], [ 134.5383148, 7.3276668 ], [ 134.5383453, 7.3275833 ], [ 134.538406400000014, 7.3274446 ], [ 134.538406400000014, 7.3274417 ], [ 134.5384522, 7.3273554 ], [ 134.5384369, 7.3272862 ], [ 134.5383301, 7.3272057 ], [ 134.538299599999988, 7.3271999 ], [ 134.538162199999988, 7.3271833 ], [ 134.538147, 7.3271804 ], [ 134.538040200000012, 7.3272138 ], [ 134.5380096, 7.3272224 ], [ 134.537902800000012, 7.327261 ], [ 134.5376587, 7.3273139 ], [ 134.5375824, 7.3273945 ], [ 134.5375671, 7.3273974 ], [ 134.53753660000001, 7.3275113 ], [ 134.53753660000001, 7.3275137 ], [ 134.5374908, 7.3276248 ], [ 134.5374908, 7.3276277 ], [ 134.5375061, 7.3277388 ], [ 134.537551900000011, 7.3278332 ], [ 134.5375671, 7.3278418 ], [ 134.5375977, 7.3279223 ], [ 134.5375671, 7.3279362 ], [ 134.53753660000001, 7.3279443 ], [ 134.53753660000001, 7.3279471 ], [ 134.5375061, 7.3279972 ], [ 134.5375061, 7.3280001 ], [ 134.5373993, 7.328186 ], [ 134.5373993, 7.3281918 ], [ 134.537307700000014, 7.3283944 ], [ 134.5372925, 7.3284888 ], [ 134.537216199999989, 7.3286305 ], [ 134.537216199999989, 7.3286333 ], [ 134.5371246, 7.3287859 ], [ 134.5371246, 7.3287888 ], [ 134.53706360000001, 7.3289056 ], [ 134.5370483, 7.3289084 ], [ 134.537078900000012, 7.3289805 ], [ 134.5371857, 7.3290334 ], [ 134.537216199999989, 7.3290362 ], [ 134.5372772, 7.3290415 ], [ 134.537338299999988, 7.3290501 ], [ 134.537445100000014, 7.3290415 ], [ 134.5375061, 7.3290391 ], [ 134.5375214, 7.3290362 ], [ 134.5375671, 7.3290196 ], [ 134.5376587, 7.3289919 ], [ 134.537735, 7.328928 ], [ 134.537735, 7.3289251 ], [ 134.5378265, 7.3287945 ], [ 134.5378265, 7.3287916 ], [ 134.537933399999986, 7.3286419 ], [ 134.537933399999986, 7.328639 ], [ 134.5379791, 7.328536 ], [ 134.5379791, 7.3283668 ], [ 134.5379944, 7.3282194 ], [ 134.5379944, 7.3282166 ], [ 134.5380707, 7.3280888 ] ] } },
{ "type": "Feature", "properties": { "RCID": 190, "PRIM": 2, "GRUP": 2, "OBJL": 30, "RVER": 1, "AGEN": 550, "FIDN": 806632856, "FIDS": 9, "LNAM": "022630143D980009", "LNAM_REFS": null, "FFPT_RIND": null, "CATCOA": null, "COLOUR": null, "CONRAD": null, "CONVIS": null, "ELEVAT": null, "NOBJNM": null, "OBJNAM": null, "VERACC": null, "VERDAT": null, "INFORM": null, "NINFOM": null, "NTXTDS": null, "PICREP": null, "SCAMAX": null, "SCAMIN": null, "TXTDSC": null, "RECDAT": null, "RECIND": null, "SORDAT": "20150206", "SORIND": "US,US,reprt,L-246-2015", "_enc_cell": "US4TB3P0" }, "geometry": { "type": "LineString", "coordinates": [ [ 134.5145111, 7.3334694 ], [ 134.514495899999986, 7.3336806 ], [ 134.5145721, 7.3338833 ], [ 134.5146637, 7.3340082 ], [ 134.5148773, 7.3340082 ], [ 134.5149994, 7.3339362 ], [ 134.5152435, 7.33355 ], [ 134.5153046, 7.3334804 ], [ 134.515548700000011, 7.3334804 ], [ 134.5156555, 7.3334165 ], [ 134.515823399999988, 7.3330193 ], [ 134.5160065, 7.3328471 ], [ 134.516311699999989, 7.332675 ], [ 134.5164337, 7.3326526 ], [ 134.516647299999988, 7.3327112 ], [ 134.5168152, 7.3326249 ], [ 134.516784699999988, 7.3324113 ], [ 134.5167236, 7.3322277 ], [ 134.51651, 7.3322277 ], [ 134.5164337, 7.3322334 ], [ 134.5163422, 7.3320332 ], [ 134.516311699999989, 7.3318582 ], [ 134.5162659, 7.331625 ], [ 134.5162354, 7.3315139 ], [ 134.5163574, 7.3313527 ], [ 134.5165863, 7.3312974 ], [ 134.516784699999988, 7.3311415 ], [ 134.516876200000013, 7.3310137 ], [ 134.51712040000001, 7.3309279 ], [ 134.5175324, 7.3308473 ], [ 134.5176697, 7.3308082 ], [ 134.5177155, 7.3306751 ], [ 134.5176544, 7.3304334 ], [ 134.5174103, 7.3304863 ], [ 134.5172272, 7.3304639 ], [ 134.5169067, 7.3303471 ], [ 134.516784699999988, 7.3304057 ], [ 134.516662599999989, 7.3305721 ], [ 134.516647299999988, 7.3307777 ], [ 134.5164795, 7.3308363 ], [ 134.5163269, 7.3307777 ], [ 134.5161133, 7.3309336 ], [ 134.516037, 7.3309336 ], [ 134.5158997, 7.3308582 ], [ 134.5156708, 7.3308473 ], [ 134.515548700000011, 7.3309169 ], [ 134.5152893, 7.3314166 ], [ 134.5151062, 7.3315778 ], [ 134.51474, 7.3318138 ], [ 134.5144501, 7.3318639 ], [ 134.514373799999987, 7.3320613 ], [ 134.5145569, 7.3323307 ], [ 134.5146179, 7.3323307 ], [ 134.51474, 7.3325248 ], [ 134.514846799999987, 7.3325725 ], [ 134.5148773, 7.332614 ], [ 134.5146637, 7.3331137 ], [ 134.5145111, 7.3334694 ] ] } },
{ "type": "Feature", "properties": { "RCID": 192, "PRIM": 2, "GRUP": 2, "OBJL": 30, "RVER": 1, "AGEN": 550, "FIDN": 409450730, "FIDS": 9, "LNAM": "02261867B8EA0009", "LNAM_REFS": null, "FFPT_RIND": null, "CATCOA": null, "COLOUR": null, "CONRAD": null, "CONVIS": null, "ELEVAT": null, "NOBJNM": null, "OBJNAM": null, "VERACC": null, "VERDAT": null, "INFORM": null, "NINFOM": null, "NTXTDS": null, "PICREP": null, "SCAMAX": null, "SCAMIN": null, "TXTDSC": null, "RECDAT": null, "RECIND": null, "SORDAT": "20150206", "SORIND": "US,US,reprt,L-246-2015", "_enc_cell": "US4TB3P0" }, "geometry": { "type": "LineString", "coordinates": [ [ 134.504501299999987, 7.3441777 ], [ 134.5045929, 7.3440971 ], [ 134.5045776, 7.3439331 ], [ 134.5046082, 7.343811 ], [ 134.5045929, 7.3437443 ], [ 134.504531899999989, 7.3436971 ], [ 134.5044861, 7.3436804 ], [ 134.5044861, 7.3436418 ], [ 134.5045929, 7.3436055 ], [ 134.504623400000014, 7.3435669 ], [ 134.504623400000014, 7.3434668 ], [ 134.5045776, 7.3433251 ], [ 134.5045929, 7.3432584 ], [ 134.5046845, 7.3431554 ], [ 134.504715, 7.3430834 ], [ 134.504745500000013, 7.3430305 ], [ 134.5049744, 7.3429999 ], [ 134.5050507, 7.342947 ], [ 134.505111699999986, 7.342886 ], [ 134.505233800000013, 7.3426776 ], [ 134.505340600000011, 7.3425612 ], [ 134.505340600000011, 7.3424668 ], [ 134.5054321, 7.34235 ], [ 134.5054321, 7.3423085 ], [ 134.505477899999988, 7.342289 ], [ 134.5055084, 7.3423085 ], [ 134.5055695, 7.342278 ], [ 134.5056152, 7.3421722 ], [ 134.505706800000013, 7.3421807 ], [ 134.5057526, 7.342103 ], [ 134.505828900000012, 7.3420138 ], [ 134.505706800000013, 7.3419223 ], [ 134.505706800000013, 7.3417583 ], [ 134.5057831, 7.3416944 ], [ 134.5058441, 7.3417029 ], [ 134.5058899, 7.3416224 ], [ 134.5059357, 7.3415279 ], [ 134.506012, 7.341228 ], [ 134.5063477, 7.3409777 ], [ 134.506439199999988, 7.3408055 ], [ 134.5066376, 7.3406196 ], [ 134.5066986, 7.3405361 ], [ 134.5067139, 7.3402915 ], [ 134.5066986, 7.340189 ], [ 134.5066223, 7.3400917 ], [ 134.5064087, 7.3399501 ], [ 134.5065308, 7.3399501 ], [ 134.5067291, 7.3398972 ], [ 134.506897, 7.3398194 ], [ 134.5069885, 7.3397331 ], [ 134.5070801, 7.3396249 ], [ 134.507309, 7.3395724 ], [ 134.507522599999987, 7.3394055 ], [ 134.5075684, 7.3391638 ], [ 134.5076599, 7.3391585 ], [ 134.507751500000012, 7.3391776 ], [ 134.507873499999988, 7.339097 ], [ 134.507888799999989, 7.3389835 ], [ 134.5079498, 7.3388639 ], [ 134.508102400000013, 7.3386307 ], [ 134.508102400000013, 7.338511 ], [ 134.5081635, 7.33845 ], [ 134.5083008, 7.3383417 ], [ 134.5085297, 7.3381558 ], [ 134.508712800000012, 7.3380776 ], [ 134.5089111, 7.3380165 ], [ 134.508972199999988, 7.3380055 ], [ 134.5090942, 7.3378863 ], [ 134.509079, 7.337625 ], [ 134.5090027, 7.3374915 ], [ 134.5089417, 7.3374252 ], [ 134.5087585, 7.3373585 ], [ 134.508606, 7.3371863 ], [ 134.5085602, 7.337111 ], [ 134.5085297, 7.3369141 ], [ 134.508468599999986, 7.3367724 ], [ 134.5085449, 7.3366499 ], [ 134.5084534, 7.3365417 ], [ 134.5085449, 7.3364363 ], [ 134.5085297, 7.3363891 ], [ 134.5085449, 7.3363276 ], [ 134.5086212, 7.3363304 ], [ 134.5086823, 7.3363557 ], [ 134.5086823, 7.3363943 ], [ 134.508575400000012, 7.3364778 ], [ 134.508606, 7.3366222 ], [ 134.508575400000012, 7.3366833 ], [ 134.508575400000012, 7.3367391 ], [ 134.508590700000013, 7.3368416 ], [ 134.508712800000012, 7.3370943 ], [ 134.508834799999988, 7.3371639 ], [ 134.508956899999987, 7.3372335 ], [ 134.5090942, 7.3372502 ], [ 134.509323099999989, 7.3371058 ], [ 134.5094147, 7.3370028 ], [ 134.5095978, 7.3368835 ], [ 134.509658800000011, 7.3367391 ], [ 134.5096436, 7.3366447 ], [ 134.509567299999986, 7.3365889 ], [ 134.5094147, 7.3363056 ], [ 134.509323099999989, 7.3360581 ], [ 134.50930790000001, 7.335825 ], [ 134.5094757, 7.3359585 ], [ 134.5095825, 7.3359613 ], [ 134.5097046, 7.3359137 ], [ 134.50978090000001, 7.3358307 ], [ 134.5098572, 7.3357916 ], [ 134.509933499999988, 7.3357081 ], [ 134.509964, 7.3356195 ], [ 134.5099487, 7.335464 ], [ 134.5098724, 7.335228 ], [ 134.5098877, 7.3351388 ], [ 134.509918199999987, 7.3350554 ], [ 134.509933499999988, 7.3349891 ], [ 134.509918199999987, 7.3349195 ], [ 134.510147100000012, 7.3348751 ], [ 134.5102539, 7.334836 ], [ 134.5103302, 7.3347836 ], [ 134.510391199999987, 7.334722 ], [ 134.510406499999988, 7.3346305 ], [ 134.510406499999988, 7.334547 ], [ 134.510421799999989, 7.3344998 ], [ 134.5104523, 7.3344808 ], [ 134.510406499999988, 7.3342695 ], [ 134.510391199999987, 7.3341947 ], [ 134.510406499999988, 7.3341279 ], [ 134.5104675, 7.3339696 ], [ 134.510635400000012, 7.3337169 ], [ 134.5106812, 7.3335862 ], [ 134.5107727, 7.3331833 ], [ 134.510849, 7.3330555 ], [ 134.5109406, 7.3329639 ], [ 134.511001599999986, 7.33285 ], [ 134.5110321, 7.3327556 ], [ 134.511123700000013, 7.3327417 ], [ 134.5111847, 7.3326945 ], [ 134.511261, 7.3325391 ], [ 134.511290699999989, 7.3324653 ], [ 134.5113373, 7.3323498 ], [ 134.5113068, 7.3322749 ], [ 134.511322, 7.3321776 ], [ 134.5113983, 7.3321137 ], [ 134.5114441, 7.3320084 ], [ 134.5115509, 7.3319249 ], [ 134.51170350000001, 7.3318472 ], [ 134.511673, 7.3320446 ], [ 134.511718800000011, 7.3320584 ], [ 134.5117645, 7.3321109 ], [ 134.511856099999989, 7.3321528 ], [ 134.5119324, 7.3321557 ], [ 134.512069700000012, 7.3321276 ], [ 134.512207, 7.3320804 ], [ 134.5123901, 7.331872 ], [ 134.512435900000014, 7.3320141 ], [ 134.5125122, 7.3320417 ], [ 134.5126038, 7.3320417 ], [ 134.512680100000011, 7.3320084 ], [ 134.5127106, 7.3319359 ], [ 134.5127564, 7.3318915 ], [ 134.5128326, 7.331861 ], [ 134.51297, 7.3316665 ], [ 134.5130768, 7.3316889 ], [ 134.5131683, 7.3317361 ], [ 134.5132141, 7.3318276 ], [ 134.5132294, 7.3320832 ], [ 134.513412499999987, 7.3321137 ], [ 134.5134735, 7.3321557 ], [ 134.5135956, 7.3321528 ], [ 134.51362610000001, 7.3320637 ], [ 134.513641400000012, 7.3319001 ], [ 134.51362610000001, 7.3317499 ], [ 134.5135803, 7.3316722 ], [ 134.513397200000014, 7.3315306 ], [ 134.5133514, 7.3314276 ], [ 134.5133667, 7.3313527 ], [ 134.513397200000014, 7.3313055 ], [ 134.513412499999987, 7.3312502 ], [ 134.5134735, 7.3312221 ], [ 134.5134888, 7.3311029 ], [ 134.513534600000014, 7.3310752 ], [ 134.5136719, 7.3312583 ], [ 134.513763399999988, 7.3313193 ], [ 134.513870200000014, 7.3313584 ], [ 134.51409910000001, 7.3313055 ], [ 134.5141602, 7.3312473 ], [ 134.5141754, 7.3311472 ], [ 134.51409910000001, 7.3310609 ], [ 134.5138245, 7.3308945 ], [ 134.5137177, 7.3307362 ], [ 134.5137024, 7.3305974 ], [ 134.5136108, 7.3303638 ], [ 134.51362610000001, 7.3300805 ], [ 134.5135803, 7.3297696 ], [ 134.5135498, 7.3297029 ], [ 134.5133667, 7.3295169 ], [ 134.5133514, 7.3294501 ], [ 134.513305699999989, 7.3294001 ], [ 134.51327520000001, 7.3293304 ], [ 134.513382, 7.3290916 ], [ 134.5134583, 7.3290081 ], [ 134.5135803, 7.3289666 ], [ 134.5135803, 7.3290415 ], [ 134.513534600000014, 7.3291221 ], [ 134.513534600000014, 7.3291888 ], [ 134.5135651, 7.329361 ], [ 134.5134735, 7.3295112 ], [ 134.5134583, 7.3295641 ], [ 134.5136108, 7.3297277 ], [ 134.5137177, 7.3297248 ], [ 134.513916, 7.3296166 ], [ 134.513992300000012, 7.3295498 ], [ 134.51409910000001, 7.3294916 ], [ 134.5141907, 7.329422 ], [ 134.5141907, 7.329164 ], [ 134.5140839, 7.3290391 ], [ 134.513855, 7.3288889 ], [ 134.513900799999988, 7.3287835 ], [ 134.513885499999986, 7.328464 ], [ 134.5136871, 7.3282137 ], [ 134.5137329, 7.328022 ], [ 134.5137329, 7.3279138 ], [ 134.5136871, 7.3278279 ], [ 134.5136108, 7.3277555 ], [ 134.513412499999987, 7.3276277 ], [ 134.513382, 7.3275585 ], [ 134.5134735, 7.3273139 ], [ 134.5135498, 7.3271942 ], [ 134.5135803, 7.3270526 ], [ 134.5135498, 7.3268776 ], [ 134.513519300000013, 7.3267946 ], [ 134.513290399999988, 7.3265557 ], [ 134.5132141, 7.3264251 ], [ 134.5131989, 7.3261418 ], [ 134.513153100000011, 7.3259916 ], [ 134.5131073, 7.3256722 ], [ 134.5130615, 7.3254724 ], [ 134.5128937, 7.3250971 ], [ 134.5128937, 7.32475 ], [ 134.5128632, 7.3245668 ], [ 134.512802099999988, 7.3243861 ], [ 134.5127106, 7.3242221 ], [ 134.51266480000001, 7.3239446 ], [ 134.5126495, 7.3236141 ], [ 134.5129852, 7.3235502 ], [ 134.5131226, 7.3233585 ], [ 134.51327520000001, 7.3232026 ], [ 134.51327520000001, 7.3231196 ], [ 134.5132446, 7.3230252 ], [ 134.5131836, 7.322947 ], [ 134.512680100000011, 7.3228722 ], [ 134.5126038, 7.3228998 ], [ 134.512542700000012, 7.3228169 ], [ 134.5124817, 7.3226972 ], [ 134.512542700000012, 7.3221445 ], [ 134.5125275, 7.3220277 ], [ 134.512497, 7.3219609 ], [ 134.512435900000014, 7.3219361 ], [ 134.512313799999987, 7.3219252 ], [ 134.5120239, 7.3219695 ], [ 134.5119019, 7.3220224 ], [ 134.5118103, 7.3221083 ], [ 134.5115509, 7.3225222 ], [ 134.511489899999987, 7.322578 ], [ 134.5114136, 7.3226137 ], [ 134.511322, 7.3225722 ], [ 134.511245699999989, 7.3224917 ], [ 134.5110626, 7.3221169 ], [ 134.5110474, 7.322 ], [ 134.511001599999986, 7.3219419 ], [ 134.5109558, 7.3218112 ], [ 134.510849, 7.3217363 ], [ 134.5108337, 7.3216558 ], [ 134.5108643, 7.3216028 ], [ 134.510879499999987, 7.321486 ], [ 134.51091, 7.3214026 ], [ 134.5110779, 7.3214083 ], [ 134.511123700000013, 7.3214665 ], [ 134.5111847, 7.3215752 ], [ 134.5114594, 7.3216696 ], [ 134.5115356, 7.3216581 ], [ 134.511581400000011, 7.3215971 ], [ 134.511581400000011, 7.3214974 ], [ 134.5115356, 7.3213749 ], [ 134.5115204, 7.3208499 ], [ 134.511489899999987, 7.3207445 ], [ 134.5114594, 7.3206554 ], [ 134.511322, 7.3206167 ], [ 134.510986300000013, 7.3206887 ], [ 134.51074220000001, 7.320828 ], [ 134.5105896, 7.3209333 ], [ 134.5104828, 7.3209834 ], [ 134.5104523, 7.3209748 ], [ 134.510437, 7.3208027 ], [ 134.510513300000014, 7.3206554 ], [ 134.5106812, 7.3205252 ], [ 134.5106812, 7.3204584 ], [ 134.5105743, 7.3204331 ], [ 134.5104523, 7.3204331 ], [ 134.5103607, 7.3204165 ], [ 134.510406499999988, 7.3203611 ], [ 134.5104675, 7.3202777 ], [ 134.510437, 7.3202334 ], [ 134.5104523, 7.3201361 ], [ 134.510421799999989, 7.3197861 ], [ 134.5103607, 7.3194332 ], [ 134.5103607, 7.3193054 ], [ 134.5104981, 7.3189583 ], [ 134.5105743, 7.3187137 ], [ 134.5105743, 7.318625 ], [ 134.5105438, 7.3185473 ], [ 134.510406499999988, 7.3183889 ], [ 134.5100555, 7.3181696 ], [ 134.5098877, 7.3181086 ], [ 134.5095825, 7.3180418 ], [ 134.5092926, 7.3180389 ], [ 134.509185800000012, 7.3180666 ], [ 134.509079, 7.3181391 ], [ 134.5085297, 7.318203 ], [ 134.5084229, 7.3182445 ], [ 134.5083771, 7.3183084 ], [ 134.50834660000001, 7.3183999 ], [ 134.5082855, 7.3184557 ], [ 134.508224500000011, 7.3186998 ], [ 134.5080719, 7.3188086 ], [ 134.5079193, 7.3188529 ], [ 134.507751500000012, 7.3188582 ], [ 134.507629400000013, 7.3188224 ], [ 134.50737, 7.3187113 ], [ 134.50724790000001, 7.3187361 ], [ 134.507141100000013, 7.3186917 ], [ 134.507034299999987, 7.3187332 ], [ 134.506958, 7.3188248 ], [ 134.5068359, 7.319078 ], [ 134.5068359, 7.3193278 ], [ 134.5068817, 7.3193946 ], [ 134.5069428, 7.3196974 ], [ 134.5069885, 7.3197498 ], [ 134.5070038, 7.3198223 ], [ 134.5069885, 7.3199081 ], [ 134.5070038, 7.3200278 ], [ 134.507034299999987, 7.3201304 ], [ 134.507019, 7.3202109 ], [ 134.507019, 7.3203197 ], [ 134.5070648, 7.3203807 ], [ 134.507141100000013, 7.3204751 ], [ 134.50724790000001, 7.3205557 ], [ 134.50737, 7.3206472 ], [ 134.5074463, 7.3207693 ], [ 134.5073547, 7.3208919 ], [ 134.5072784, 7.3209167 ], [ 134.507141100000013, 7.3208499 ], [ 134.5071259, 7.320672 ], [ 134.5069428, 7.3205085 ], [ 134.5068054, 7.3203778 ], [ 134.5066376, 7.3201971 ], [ 134.5065155, 7.320025 ], [ 134.5062103, 7.3198361 ], [ 134.506195100000014, 7.3196335 ], [ 134.5063324, 7.3194943 ], [ 134.5063324, 7.319314 ], [ 134.5062256, 7.319036 ], [ 134.506073, 7.3189139 ], [ 134.5059967, 7.3188558 ], [ 134.5059967, 7.3185778 ], [ 134.5061188, 7.3184304 ], [ 134.506073, 7.3181944 ], [ 134.5059967, 7.3181748 ], [ 134.5058746, 7.3181748 ], [ 134.5057678, 7.3183417 ], [ 134.505722100000014, 7.3185444 ], [ 134.5056152, 7.3185363 ], [ 134.505706800000013, 7.3181887 ], [ 134.5057373, 7.3178415 ], [ 134.5058441, 7.3171945 ], [ 134.5058746, 7.3170638 ], [ 134.505950899999988, 7.3168974 ], [ 134.5060272, 7.3167915 ], [ 134.506057700000014, 7.3167 ], [ 134.5060272, 7.3165388 ], [ 134.5059204, 7.3163695 ], [ 134.5057678, 7.3161974 ], [ 134.505706800000013, 7.3160944 ], [ 134.5053864, 7.3157835 ], [ 134.505233800000013, 7.315589 ], [ 134.5051575, 7.3155499 ], [ 134.5049286, 7.3155112 ], [ 134.504730200000012, 7.3155026 ], [ 134.5045624, 7.3154054 ], [ 134.5044861, 7.3152165 ], [ 134.5044403, 7.3150697 ], [ 134.504531899999989, 7.3149304 ], [ 134.5045929, 7.3147359 ], [ 134.504623400000014, 7.3145223 ], [ 134.504623400000014, 7.3143249 ], [ 134.5046692, 7.314064 ], [ 134.5047607, 7.3139334 ], [ 134.50485230000001, 7.3139415 ], [ 134.50485230000001, 7.3139582 ], [ 134.505004899999989, 7.3142276 ], [ 134.5051727, 7.3145304 ], [ 134.5052643, 7.314661 ], [ 134.5053558, 7.3147612 ], [ 134.505340600000011, 7.3149972 ], [ 134.5054474, 7.315053 ], [ 134.5056458, 7.315022 ], [ 134.5057526, 7.3149085 ], [ 134.5058594, 7.3144918 ], [ 134.505828900000012, 7.3143835 ], [ 134.5057831, 7.3143001 ], [ 134.505477899999988, 7.3141112 ], [ 134.505340600000011, 7.3138332 ], [ 134.5052795, 7.313714 ], [ 134.505249, 7.3135777 ], [ 134.5052948, 7.313489 ], [ 134.5055084, 7.3134222 ], [ 134.5055542, 7.3133612 ], [ 134.5055389, 7.3132472 ], [ 134.5054474, 7.3131723 ], [ 134.505340600000011, 7.3131113 ], [ 134.505233800000013, 7.3131251 ], [ 134.5051422, 7.3131084 ], [ 134.5050354, 7.3130446 ], [ 134.504989599999988, 7.3128667 ], [ 134.5048065, 7.312686 ], [ 134.5046997, 7.312614 ], [ 134.504531899999989, 7.3123388 ], [ 134.504501299999987, 7.3121915 ], [ 134.504364, 7.3119693 ], [ 134.504135100000013, 7.3117166 ], [ 134.504043599999989, 7.3116221 ], [ 134.503952, 7.3113112 ], [ 134.503906300000011, 7.3112526 ], [ 134.503784200000013, 7.311203 ], [ 134.5037537, 7.311161 ], [ 134.5036316, 7.3111501 ], [ 134.50354, 7.3111138 ], [ 134.503433199999989, 7.3111029 ], [ 134.503295900000012, 7.3112192 ], [ 134.5031281, 7.3112359 ], [ 134.5028687, 7.3112526 ], [ 134.5026703, 7.3113251 ], [ 134.5024414, 7.3112888 ], [ 134.502319300000011, 7.3113418 ], [ 134.502243, 7.3114362 ], [ 134.5022583, 7.3116221 ], [ 134.5022888, 7.3117471 ], [ 134.5023041, 7.3119555 ], [ 134.5022736, 7.312078 ], [ 134.5021668, 7.3122888 ], [ 134.502105699999987, 7.3125558 ], [ 134.5022583, 7.3125916 ], [ 134.5022888, 7.3126388 ], [ 134.5022888, 7.3127165 ], [ 134.502227799999986, 7.3127942 ], [ 134.501983599999988, 7.3130002 ], [ 134.5018005, 7.3130999 ], [ 134.501632699999988, 7.3131557 ], [ 134.5013428, 7.3131361 ], [ 134.5012207, 7.313211 ], [ 134.501022299999988, 7.3131113 ], [ 134.500778200000013, 7.3130832 ], [ 134.5007477, 7.3130307 ], [ 134.5008545, 7.3128109 ], [ 134.5008698, 7.3126192 ], [ 134.5008545, 7.3125248 ], [ 134.5007019, 7.3124442 ], [ 134.5006104, 7.3124471 ], [ 134.50053410000001, 7.3125057 ], [ 134.5004883, 7.3125973 ], [ 134.500427300000013, 7.3128748 ], [ 134.5004425, 7.3130999 ], [ 134.5003662, 7.3132224 ], [ 134.5000916, 7.313386 ], [ 134.5, 7.3133917 ], [ 134.499816900000013, 7.3134027 ], [ 134.499588, 7.3135777 ], [ 134.4996033, 7.3139277 ], [ 134.4996033, 7.3142915 ], [ 134.499588, 7.3144279 ], [ 134.4993744, 7.3146696 ], [ 134.4991913, 7.314786 ], [ 134.4987793, 7.3149862 ], [ 134.4985046, 7.315053 ], [ 134.498169, 7.3151779 ], [ 134.497909600000014, 7.3152556 ], [ 134.4977417, 7.3153334 ], [ 134.4976349, 7.3153276 ], [ 134.497528100000011, 7.3154974 ], [ 134.4973297, 7.3155308 ], [ 134.4972076, 7.3156056 ], [ 134.4971161, 7.3156915 ], [ 134.4969635, 7.3159695 ], [ 134.4968414, 7.3161416 ], [ 134.4967804, 7.316278 ], [ 134.4966736, 7.3164444 ], [ 134.496566800000011, 7.3164859 ], [ 134.4965363, 7.3165832 ], [ 134.4963989, 7.3167944 ], [ 134.4963684, 7.3169251 ], [ 134.4963837, 7.3170471 ], [ 134.49646, 7.3170943 ], [ 134.496521, 7.317214 ], [ 134.49655150000001, 7.3173304 ], [ 134.4965057, 7.3175693 ], [ 134.4965057, 7.3176665 ], [ 134.4966278, 7.3179221 ], [ 134.496688799999987, 7.3179832 ], [ 134.496704099999988, 7.3179998 ], [ 134.4967346, 7.3180804 ], [ 134.4967804, 7.31815 ], [ 134.4968414, 7.3182669 ], [ 134.497055100000011, 7.3182836 ], [ 134.4974365, 7.3184195 ], [ 134.497528100000011, 7.3185749 ], [ 134.4975433, 7.3186808 ], [ 134.4975891, 7.3188362 ], [ 134.4977112, 7.3189502 ], [ 134.4977264, 7.3190055 ], [ 134.4976959, 7.3190832 ], [ 134.4976959, 7.3192945 ], [ 134.497787499999987, 7.3195057 ], [ 134.497879, 7.3196721 ], [ 134.4978485, 7.3198776 ], [ 134.497757, 7.3201723 ], [ 134.4975739, 7.3203473 ], [ 134.497467, 7.3204417 ], [ 134.4971314, 7.3205113 ], [ 134.4969788, 7.3205252 ], [ 134.4969161, 7.3205569 ], [ 134.4967651, 7.3206334 ], [ 134.49655150000001, 7.3207054 ], [ 134.496582, 7.3207998 ], [ 134.4970856, 7.3212471 ], [ 134.4971619, 7.3212194 ], [ 134.4973602, 7.3213277 ], [ 134.4974518, 7.3214083 ], [ 134.4975739, 7.321414 ], [ 134.49765020000001, 7.3215084 ], [ 134.497757, 7.3215556 ], [ 134.4978485, 7.3216224 ], [ 134.4979858, 7.3216581 ], [ 134.4981995, 7.3216887 ], [ 134.4983215, 7.321661 ], [ 134.498382600000014, 7.3216224 ], [ 134.4984283, 7.321528 ], [ 134.498382600000014, 7.3212833 ], [ 134.498489400000011, 7.3209581 ], [ 134.498703, 7.3204141 ], [ 134.498733499999986, 7.3204918 ], [ 134.498840300000012, 7.3206058 ], [ 134.498977700000012, 7.3206058 ], [ 134.4992523, 7.320611 ], [ 134.4993897, 7.3206277 ], [ 134.4994659, 7.3207002 ], [ 134.499694799999986, 7.3207502 ], [ 134.499801600000012, 7.3208499 ], [ 134.5, 7.3208861 ], [ 134.5000153, 7.320889 ], [ 134.5002747, 7.3210278 ], [ 134.50039670000001, 7.3210859 ], [ 134.5005188, 7.3211165 ], [ 134.5007172, 7.3211222 ], [ 134.500900300000012, 7.3210778 ], [ 134.5009918, 7.3210807 ], [ 134.5010986, 7.3211446 ], [ 134.5012054, 7.3212333 ], [ 134.5012054, 7.3213224 ], [ 134.5010834, 7.3213944 ], [ 134.5009155, 7.3214583 ], [ 134.5008087, 7.3215165 ], [ 134.5007324, 7.3215919 ], [ 134.5006104, 7.3216085 ], [ 134.5002747, 7.3215776 ], [ 134.5001068, 7.3215971 ], [ 134.5000305, 7.3216558 ], [ 134.5, 7.3216972 ], [ 134.4999695, 7.3217363 ], [ 134.5, 7.3218694 ], [ 134.5000153, 7.3219419 ], [ 134.5002441, 7.3221169 ], [ 134.50039670000001, 7.3223333 ], [ 134.5005798, 7.3225083 ], [ 134.5005951, 7.3225861 ], [ 134.5005646, 7.3226914 ], [ 134.500412, 7.3229775 ], [ 134.500351, 7.3231692 ], [ 134.500305200000014, 7.3232026 ], [ 134.5002441, 7.3232164 ], [ 134.5002136, 7.3231778 ], [ 134.5002136, 7.3231168 ], [ 134.5001373, 7.3230944 ], [ 134.5000305, 7.3231335 ], [ 134.5, 7.3231525 ], [ 134.4997559, 7.3233361 ], [ 134.4996796, 7.3234668 ], [ 134.4996643, 7.3234835 ], [ 134.4995422, 7.3236332 ], [ 134.49943540000001, 7.3238139 ], [ 134.4994049, 7.3239803 ], [ 134.4993591, 7.3240418 ], [ 134.4992981, 7.3240776 ], [ 134.499176, 7.3240752 ], [ 134.4989319, 7.3239026 ], [ 134.498748799999987, 7.3237362 ], [ 134.4987183, 7.3236556 ], [ 134.4986572, 7.3236194 ], [ 134.498489400000011, 7.3235974 ], [ 134.49823, 7.3235974 ], [ 134.498153699999989, 7.3235722 ], [ 134.4979553, 7.3235612 ], [ 134.497818, 7.3236389 ], [ 134.49765020000001, 7.3237028 ], [ 134.4975891, 7.3237581 ], [ 134.4975586, 7.3238249 ], [ 134.497421300000013, 7.3239055 ], [ 134.4974365, 7.3240471 ], [ 134.4976044, 7.3243446 ], [ 134.4977112, 7.32445 ], [ 134.4977112, 7.3245916 ], [ 134.4976959, 7.3247027 ], [ 134.4976959, 7.3250666 ], [ 134.497757, 7.3251443 ], [ 134.4978027, 7.3251472 ], [ 134.4978638, 7.3251529 ], [ 134.497909600000014, 7.3250861 ], [ 134.4979248, 7.3250084 ], [ 134.4979248, 7.3247194 ], [ 134.4979706, 7.3246584 ], [ 134.4981995, 7.3246331 ], [ 134.4983978, 7.3246861 ], [ 134.49847410000001, 7.3246803 ], [ 134.4985809, 7.3247223 ], [ 134.498733499999986, 7.3249416 ], [ 134.498840300000012, 7.3249555 ], [ 134.498870899999986, 7.3248887 ], [ 134.4989319, 7.3248529 ], [ 134.4989929, 7.3248472 ], [ 134.4990692, 7.3249054 ], [ 134.499115, 7.3249779 ], [ 134.4991608, 7.3251443 ], [ 134.4991303, 7.3255 ], [ 134.4990082, 7.3257141 ], [ 134.498977700000012, 7.3256974 ], [ 134.4989319, 7.3254085 ], [ 134.4989929, 7.3253665 ], [ 134.4990082, 7.325314 ], [ 134.4990082, 7.3252554 ], [ 134.498962400000011, 7.3252249 ], [ 134.4989166, 7.3252416 ], [ 134.498870899999986, 7.3252916 ], [ 134.4987946, 7.3252692 ], [ 134.498626699999988, 7.3251305 ], [ 134.4985809, 7.3250613 ], [ 134.498489400000011, 7.3251 ], [ 134.498367300000012, 7.3252111 ], [ 134.4983215, 7.3251972 ], [ 134.498275799999988, 7.3252277 ], [ 134.498245200000014, 7.3253164 ], [ 134.498260499999986, 7.3253918 ], [ 134.498275799999988, 7.3254137 ], [ 134.49847410000001, 7.3255835 ], [ 134.49861150000001, 7.3257279 ], [ 134.498733499999986, 7.3258109 ], [ 134.4989471, 7.3261499 ], [ 134.498962400000011, 7.3262444 ], [ 134.4989471, 7.3263221 ], [ 134.4988251, 7.3265748 ], [ 134.498748799999987, 7.3266749 ], [ 134.498703, 7.3267779 ], [ 134.4985352, 7.3269582 ], [ 134.4985199, 7.3270555 ], [ 134.4985504, 7.3271499 ], [ 134.4985199, 7.3272224 ], [ 134.4985046, 7.3272333 ], [ 134.498489400000011, 7.3272667 ], [ 134.4984283, 7.3272724 ], [ 134.4983521, 7.3273058 ], [ 134.4983215, 7.3274169 ], [ 134.4983063, 7.3275471 ], [ 134.498260499999986, 7.3277054 ], [ 134.4981232, 7.3278279 ], [ 134.497909600000014, 7.3281279 ], [ 134.4977112, 7.3283081 ], [ 134.4976044, 7.3284779 ], [ 134.4974976, 7.3286333 ], [ 134.497299199999986, 7.3290777 ], [ 134.497299199999986, 7.3291693 ], [ 134.4973602, 7.3292499 ], [ 134.4974518, 7.3293085 ], [ 134.4977417, 7.3292918 ], [ 134.4978638, 7.3292613 ], [ 134.498138399999988, 7.329072 ], [ 134.4983368, 7.3289723 ], [ 134.498840300000012, 7.3286028 ], [ 134.4990692, 7.3282113 ], [ 134.499221799999987, 7.3279891 ], [ 134.4993591, 7.3278666 ], [ 134.4996185, 7.3277831 ], [ 134.4998627, 7.3276224 ], [ 134.4998932, 7.3275304 ], [ 134.5, 7.327364 ], [ 134.5001221, 7.3271637 ], [ 134.500183099999987, 7.3268137 ], [ 134.500183099999987, 7.3267112 ], [ 134.5002594, 7.3265944 ], [ 134.5003204, 7.3263917 ], [ 134.5003204, 7.3261805 ], [ 134.5002747, 7.325922 ], [ 134.5002594, 7.3257303 ], [ 134.5002289, 7.3256168 ], [ 134.5002441, 7.3255529 ], [ 134.500289900000013, 7.325511 ], [ 134.500305200000014, 7.3252749 ], [ 134.5002594, 7.3252082 ], [ 134.5002594, 7.3250055 ], [ 134.5001526, 7.3248973 ], [ 134.5001068, 7.3247914 ], [ 134.500061, 7.3247585 ], [ 134.5000458, 7.3246803 ], [ 134.5, 7.3246164 ], [ 134.4999695, 7.3245835 ], [ 134.499939, 7.3245692 ], [ 134.4999695, 7.3241777 ], [ 134.5, 7.3241806 ], [ 134.500183099999987, 7.3242002 ], [ 134.5002594, 7.324172 ], [ 134.5002594, 7.3240585 ], [ 134.500427300000013, 7.3239222 ], [ 134.5007172, 7.3238168 ], [ 134.5008545, 7.3237414 ], [ 134.50100710000001, 7.3237472 ], [ 134.501144399999987, 7.3236918 ], [ 134.501388600000013, 7.3237 ], [ 134.5014801, 7.3236694 ], [ 134.5015411, 7.3236222 ], [ 134.5015564, 7.3235664 ], [ 134.5016632, 7.3234863 ], [ 134.5017853, 7.3234863 ], [ 134.501861600000012, 7.3233557 ], [ 134.501846300000011, 7.323278 ], [ 134.5016785, 7.3231721 ], [ 134.501510599999989, 7.3230362 ], [ 134.5014191, 7.3228889 ], [ 134.5013428, 7.3227391 ], [ 134.501266500000014, 7.3225918 ], [ 134.501251200000013, 7.3225055 ], [ 134.501297, 7.3224387 ], [ 134.5014648, 7.322403 ], [ 134.5017853, 7.32235 ], [ 134.501983599999988, 7.3224387 ], [ 134.5020905, 7.3225722 ], [ 134.5021668, 7.3227553 ], [ 134.5021973, 7.3229165 ], [ 134.502212500000013, 7.3230362 ], [ 134.5021362, 7.3231168 ], [ 134.5021973, 7.3232613 ], [ 134.5022736, 7.3233419 ], [ 134.5024109, 7.3234139 ], [ 134.502578699999987, 7.3234696 ], [ 134.502807600000011, 7.3234944 ], [ 134.503082299999988, 7.3236752 ], [ 134.503280600000011, 7.3237057 ], [ 134.5036316, 7.3237 ], [ 134.5037231, 7.3236723 ], [ 134.5037994, 7.323586 ], [ 134.5038605, 7.3235917 ], [ 134.5041199, 7.3237138 ], [ 134.504303, 7.323997 ], [ 134.5044708, 7.3242416 ], [ 134.5045929, 7.32445 ], [ 134.5046539, 7.3247442 ], [ 134.5045776, 7.3249998 ], [ 134.504379300000011, 7.3254833 ], [ 134.504501299999987, 7.325686 ], [ 134.504745500000013, 7.3260002 ], [ 134.5047913, 7.3262944 ], [ 134.5054169, 7.3269777 ], [ 134.5056458, 7.3270721 ], [ 134.5058594, 7.3272638 ], [ 134.5061493, 7.3276057 ], [ 134.5063934, 7.3280554 ], [ 134.5066376, 7.3283057 ], [ 134.506790200000012, 7.3283 ], [ 134.5068817, 7.3283472 ], [ 134.506897, 7.3285055 ], [ 134.5068665, 7.3287082 ], [ 134.5067444, 7.3289805 ], [ 134.5068207, 7.3291168 ], [ 134.5068512, 7.3293834 ], [ 134.507034299999987, 7.3294668 ], [ 134.5071259, 7.3296084 ], [ 134.5071869, 7.3298335 ], [ 134.5072937, 7.3300695 ], [ 134.5073242, 7.3302527 ], [ 134.507431, 7.3304248 ], [ 134.5074463, 7.3305669 ], [ 134.50737, 7.3306499 ], [ 134.507284700000014, 7.3308988 ], [ 134.5072784, 7.3309169 ], [ 134.507263200000011, 7.3311834 ], [ 134.5071106, 7.3315277 ], [ 134.5070648, 7.3317695 ], [ 134.507049599999988, 7.332036 ], [ 134.506912199999988, 7.3323221 ], [ 134.506927499999989, 7.3327694 ], [ 134.5069733, 7.3331084 ], [ 134.506897, 7.3333859 ], [ 134.5068512, 7.3336835 ], [ 134.5066376, 7.3340807 ], [ 134.506561299999987, 7.3342362 ], [ 134.5064087, 7.3344002 ], [ 134.5063782, 7.3345194 ], [ 134.5063171, 7.3346195 ], [ 134.5063477, 7.3350697 ], [ 134.5063171, 7.3353057 ], [ 134.5061646, 7.3356195 ], [ 134.5061646, 7.3357501 ], [ 134.506134, 7.3359056 ], [ 134.5060425, 7.3360167 ], [ 134.5056763, 7.3360887 ], [ 134.5055389, 7.3360944 ], [ 134.5054321, 7.336122 ], [ 134.5051727, 7.3363361 ], [ 134.5049591, 7.3363833 ], [ 134.5048828, 7.3364363 ], [ 134.50485230000001, 7.3365278 ], [ 134.504730200000012, 7.3364554 ], [ 134.5045929, 7.3364501 ], [ 134.5044861, 7.336472 ], [ 134.504364, 7.3365278 ], [ 134.504303, 7.3364029 ], [ 134.5042267, 7.3363471 ], [ 134.5040894, 7.3363137 ], [ 134.504028299999987, 7.3362308 ], [ 134.5039368, 7.3361583 ], [ 134.50383, 7.336122 ], [ 134.503555299999988, 7.3357778 ], [ 134.5036011, 7.33565 ], [ 134.5036316, 7.335525 ], [ 134.503570599999989, 7.3353834 ], [ 134.5034638, 7.3352695 ], [ 134.5029755, 7.3351169 ], [ 134.50292970000001, 7.335011 ], [ 134.5028534, 7.3349586 ], [ 134.502716099999986, 7.3349586 ], [ 134.502533, 7.3349915 ], [ 134.5021515, 7.3351111 ] ] } },
{ "type": "Feature", "properties": { "RCID": 193, "PRIM": 2, "GRUP": 2, "OBJL": 30, "RVER": 1, "AGEN": 550, "FIDN": 336039582, "FIDS": 9, "LNAM": "022614078E9E0009", "LNAM_REFS": null, "FFPT_RIND": null, "CATCOA": null, "COLOUR": null, "CONRAD": null, "CONVIS": null, "ELEVAT": null, "NOBJNM": null, "OBJNAM": null, "VERACC": null, "VERDAT": null, "INFORM": null, "NINFOM": null, "NTXTDS": null, "PICREP": null, "SCAMAX": null, "SCAMIN": null, "TXTDSC": null, "RECDAT": null, "RECIND": null, "SORDAT": "20150206", "SORIND": "US,US,reprt,L-246-2015", "_enc_cell": "US4TB3P0" }, "geometry": { "type": "LineString", "coordinates": [ [ 134.500351, 7.3094611 ], [ 134.5002594, 7.3095193 ], [ 134.5002594, 7.3095803 ], [ 134.500289900000013, 7.3096528 ], [ 134.500305200000014, 7.3097501 ], [ 134.5003204, 7.3098998 ], [ 134.500198399999988, 7.3101416 ], [ 134.5002289, 7.3102331 ], [ 134.5002594, 7.3103471 ], [ 134.500351, 7.3105001 ], [ 134.500412, 7.3106446 ], [ 134.5005035, 7.3107777 ], [ 134.5005646, 7.3108611 ], [ 134.500656099999986, 7.3109751 ], [ 134.5007019, 7.3110113 ], [ 134.5008087, 7.3110113 ], [ 134.5009155, 7.3109832 ], [ 134.5010986, 7.3109665 ], [ 134.501266500000014, 7.3109613 ], [ 134.5014191, 7.3109722 ], [ 134.5015564, 7.3109417 ], [ 134.501724200000012, 7.310914 ], [ 134.5017853, 7.3108859 ], [ 134.501846300000011, 7.3108611 ], [ 134.5019074, 7.3108168 ], [ 134.5019074, 7.3107472 ], [ 134.5018768, 7.3107028 ], [ 134.5018158, 7.310678 ], [ 134.5017853, 7.3105998 ], [ 134.501724200000012, 7.3104334 ], [ 134.501617399999986, 7.3103361 ], [ 134.5015411, 7.3103166 ], [ 134.5014648, 7.3101668 ], [ 134.501510599999989, 7.3100333 ], [ 134.5014801, 7.3099999 ], [ 134.501297, 7.3098831 ], [ 134.501266500000014, 7.3097887 ], [ 134.5012207, 7.3096943 ], [ 134.5010529, 7.3096442 ], [ 134.5009613, 7.3095722 ], [ 134.5009155, 7.3095279 ], [ 134.500778200000013, 7.309475 ], [ 134.5007324, 7.3093944 ], [ 134.500656099999986, 7.3093252 ], [ 134.5005951, 7.3093276 ], [ 134.5005646, 7.3093667 ], [ 134.5005646, 7.3094277 ], [ 134.5005188, 7.3094554 ], [ 134.500473, 7.3094554 ], [ 134.500412, 7.3094363 ], [ 134.500351, 7.3094611 ] ] } },
{ "type": "Feature", "properties": { "RCID": 194, "PRIM": 2, "GRUP": 2, "OBJL": 30, "RVER": 1, "AGEN": 550, "FIDN": 189968016, "FIDS": 9, "LNAM": "02260B52AE900009", "LNAM_REFS": null, "FFPT_RIND": null, "CATCOA": null, "COLOUR": null, "CONRAD": null, "CONVIS": null, "ELEVAT": null, "NOBJNM": null, "OBJNAM": null, "VERACC": null, "VERDAT": null, "INFORM": null, "NINFOM": null, "NTXTDS": null, "PICREP": null, "SCAMAX": null, "SCAMIN": null, "TXTDSC": null, "RECDAT": null, "RECIND": null, "SORDAT": "20150206", "SORIND": "US,US,reprt,L-246-2015", "_enc_cell": "US4TB3P0" }, "geometry": { "type": "LineString", "coordinates": [ [ 134.5010834, 7.3125887 ], [ 134.501037599999989, 7.3125863 ], [ 134.501037599999989, 7.3127027 ], [ 134.5010681, 7.3127308 ], [ 134.5010834, 7.3127971 ], [ 134.5010681, 7.3128195 ], [ 134.5010681, 7.31285 ], [ 134.5011292, 7.3128862 ], [ 134.501159699999988, 7.312861 ], [ 134.5011749, 7.3128305 ], [ 134.5011902, 7.3127418 ], [ 134.501236, 7.3127084 ], [ 134.5012817, 7.3126946 ], [ 134.501297, 7.3126669 ], [ 134.501297, 7.3126192 ], [ 134.501266500000014, 7.3125916 ], [ 134.501159699999988, 7.3126335 ], [ 134.5010834, 7.3125887 ] ] } },
{ "type": "Feature", "properties": { "RCID": 195, "PRIM": 2, "GRUP": 2, "OBJL": 30, "RVER": 1, "AGEN": 550, "FIDN": 324253696, "FIDS": 9, "LNAM": "02261353B8000009", "LNAM_REFS": null, "FFPT_RIND": null, "CATCOA": null, "COLOUR": null, "CONRAD": null, "CONVIS": null, "ELEVAT": null, "NOBJNM": null, "OBJNAM": null, "VERACC": null, "VERDAT": null, "INFORM": null, "NINFOM": null, "NTXTDS": null, "PICREP": null, "SCAMAX": null, "SCAMIN": null, "TXTDSC": null, "RECDAT": null, "RECIND": null, "SORDAT": "20150206", "SORIND": "US,US,reprt,L-246-2015", "_enc_cell": "US4TB3P0" }, "geometry": { "type": "LineString", "coordinates": [ [ 134.5001373, 7.3300057 ], [ 134.500289900000013, 7.3300028 ], [ 134.500412, 7.3299804 ], [ 134.50053410000001, 7.3299804 ], [ 134.500793499999986, 7.3299251 ], [ 134.5008698, 7.3299861 ], [ 134.5009613, 7.3299861 ], [ 134.501037599999989, 7.3299332 ], [ 134.5010681, 7.3298612 ], [ 134.500900300000012, 7.3296723 ], [ 134.500824, 7.3296304 ], [ 134.5005951, 7.3296528 ], [ 134.5004578, 7.3296418 ], [ 134.5003357, 7.3296084 ], [ 134.5, 7.3294196 ], [ 134.4999542, 7.3293943 ], [ 134.4998474, 7.3293057 ], [ 134.499694799999986, 7.3292666 ], [ 134.4995575, 7.3293362 ], [ 134.4994659, 7.3294249 ], [ 134.4993591, 7.3295417 ], [ 134.4993591, 7.3296557 ], [ 134.49943540000001, 7.3297582 ], [ 134.4999085, 7.3299556 ], [ 134.5, 7.3299751 ], [ 134.5001373, 7.3300057 ] ] } },
{ "type": "Feature", "properties": { "RCID": 196, "PRIM": 2, "GRUP": 2, "OBJL": 30, "RVER": 1, "AGEN": 550, "FIDN": 408756188, "FIDS": 9, "LNAM": "0226185D1FDC0009", "LNAM_REFS": null, "FFPT_RIND": null, "CATCOA": null, "COLOUR": null, "CONRAD": null, "CONVIS": null, "ELEVAT": null, "NOBJNM": null, "OBJNAM": null, "VERACC": null, "VERDAT": null, "INFORM": null, "NINFOM": null, "NTXTDS": null, "PICREP": null, "SCAMAX": null, "SCAMIN": null, "TXTDSC": null, "RECDAT": null, "RECIND": null, "SORDAT": "20150206", "SORIND": "US,US,reprt,L-246-2015", "_enc_cell": "US4TB3P0" }, "geometry": { "type": "LineString", "coordinates": [ [ 134.499206500000014, 7.3300443 ], [ 134.4991455, 7.3301554 ], [ 134.499099699999988, 7.3303084 ], [ 134.499054, 7.3304277 ], [ 134.499054, 7.3306165 ], [ 134.499099699999988, 7.3307252 ], [ 134.4991455, 7.3307724 ], [ 134.4991913, 7.3308554 ], [ 134.499206500000014, 7.330936 ], [ 134.4994202, 7.3309751 ], [ 134.4994659, 7.3309169 ], [ 134.4994812, 7.3306971 ], [ 134.4995422, 7.3304248 ], [ 134.4995117, 7.3302665 ], [ 134.4994659, 7.330164 ], [ 134.4993897, 7.3300529 ], [ 134.4992828, 7.3300057 ], [ 134.499206500000014, 7.3300443 ] ] } },
{ "type": "Feature", "properties": { "RCID": 197, "PRIM": 2, "GRUP": 2, "OBJL": 30, "RVER": 1, "AGEN": 550, "FIDN": 975086821, "FIDS": 9, "LNAM": "02263A1EA4E50009", "LNAM_REFS": null, "FFPT_RIND": null, "CATCOA": 7.0, "COLOUR": null, "CONRAD": null, "CONVIS": null, "ELEVAT": null, "NOBJNM": null, "OBJNAM": null, "VERACC": null, "VERDAT": null, "INFORM": null, "NINFOM": null, "NTXTDS": null, "PICREP": null, "SCAMAX": null, "SCAMIN": null, "TXTDSC": null, "RECDAT": null, "RECIND": null, "SORDAT": "20150206", "SORIND": "US,US,reprt,L-246-2015", "_enc_cell": "US4TB3P0" }, "geometry": { "type": "LineString", "coordinates": [ [ 134.4945984, 7.4167166 ], [ 134.4943543, 7.416625 ], [ 134.493927, 7.4166112 ], [ 134.493820199999988, 7.4167805 ], [ 134.4938507, 7.4169278 ], [ 134.4934845, 7.4168668 ], [ 134.493225099999989, 7.4171109 ], [ 134.493087800000012, 7.4171224 ], [ 134.4930115, 7.4172669 ], [ 134.493042, 7.4176974 ], [ 134.4931335, 7.417861 ], [ 134.4934082, 7.4180694 ], [ 134.4933777, 7.4182529 ], [ 134.4935913, 7.4186416 ], [ 134.4936523, 7.4190335 ], [ 134.493515, 7.4194694 ], [ 134.4932404, 7.4196887 ], [ 134.49319460000001, 7.4199529 ], [ 134.4929962, 7.4200444 ], [ 134.492858899999987, 7.4206109 ], [ 134.49258420000001, 7.4205332 ], [ 134.4924164, 7.4205723 ], [ 134.4919739, 7.4208584 ], [ 134.49176030000001, 7.4211555 ], [ 134.4913788, 7.4211474 ], [ 134.491043100000013, 7.421339 ], [ 134.49066160000001, 7.4217167 ], [ 134.4899445, 7.4220276 ], [ 134.489852899999988, 7.4221692 ], [ 134.4898834, 7.4223585 ], [ 134.4896545, 7.4224916 ], [ 134.4897308, 7.4229193 ], [ 134.489471400000014, 7.4228721 ], [ 134.4892883, 7.4230471 ], [ 134.4891663, 7.4235945 ], [ 134.4892731, 7.4238806 ], [ 134.4887238, 7.4240804 ], [ 134.4885559, 7.4242444 ], [ 134.488540699999987, 7.4244084 ], [ 134.4886932, 7.4245167 ], [ 134.4883118, 7.4245863 ], [ 134.4878388, 7.4245138 ], [ 134.4875336, 7.4248304 ], [ 134.4867401, 7.4248805 ], [ 134.4859467, 7.4253359 ], [ 134.485611, 7.4258723 ], [ 134.485641500000014, 7.4263058 ], [ 134.485534699999988, 7.4263973 ], [ 134.4853363, 7.4263749 ], [ 134.4852142, 7.4265723 ], [ 134.4852142, 7.4267249 ], [ 134.4853516, 7.4268084 ], [ 134.4853363, 7.4268918 ], [ 134.4848785, 7.4268417 ], [ 134.4847412, 7.4270387 ], [ 134.484802300000013, 7.4273834 ], [ 134.4845123, 7.4273696 ], [ 134.4841614, 7.4276915 ], [ 134.483581500000014, 7.4279804 ], [ 134.483551, 7.4281306 ], [ 134.4833832, 7.428225 ], [ 134.4832916, 7.4283748 ], [ 134.4829407, 7.4281693 ], [ 134.4824677, 7.4281416 ], [ 134.4822083, 7.4282556 ], [ 134.481796300000013, 7.4286418 ], [ 134.4815064, 7.4285998 ], [ 134.481308, 7.4287362 ], [ 134.480941800000011, 7.4288278 ], [ 134.480697600000013, 7.4290276 ], [ 134.4805756, 7.4293833 ], [ 134.4802551, 7.4291887 ], [ 134.479873700000013, 7.4292831 ], [ 134.4795685, 7.4291887 ], [ 134.479263300000014, 7.4292779 ], [ 134.4787293, 7.4295945 ], [ 134.478286700000012, 7.4295249 ], [ 134.4780121, 7.429575 ], [ 134.4776611, 7.4298554 ], [ 134.4775085, 7.4303222 ], [ 134.477233899999987, 7.4304667 ], [ 134.477218599999986, 7.4306307 ] ] } },
{ "type": "Feature", "properties": { "RCID": 229, "PRIM": 2, "GRUP": 2, "OBJL": 30, "RVER": 1, "AGEN": 550, "FIDN": 260475758, "FIDS": 9, "LNAM": "02260F868B6E0009", "LNAM_REFS": null, "FFPT_RIND": null, "CATCOA": 7.0, "COLOUR": null, "CONRAD": null, "CONVIS": null, "ELEVAT": null, "NOBJNM": null, "OBJNAM": null, "VERACC": null, "VERDAT": null, "INFORM": null, "NINFOM": null, "NTXTDS": null, "PICREP": null, "SCAMAX": null, "SCAMIN": null, "TXTDSC": null, "RECDAT": null, "RECIND": null, "SORDAT": "20150206", "SORIND": "US,US,reprt,L-246-2015", "_enc_cell": "US4TB3P0" }, "geometry": { "type": "LineString", "coordinates": [ [ 134.5902252, 7.3808389 ], [ 134.5902405, 7.380825 ], [ 134.5902863, 7.3807445 ], [ 134.5903778, 7.3805666 ], [ 134.5904236, 7.3803697 ], [ 134.5903931, 7.380086 ], [ 134.590316800000011, 7.3800111 ], [ 134.5904083, 7.3799443 ], [ 134.5904846, 7.3797998 ], [ 134.5905914, 7.3796277 ], [ 134.590667700000012, 7.3793807 ], [ 134.5907593, 7.3792777 ], [ 134.5908814, 7.3791666 ], [ 134.590942399999989, 7.379139 ], [ 134.5909882, 7.3791165 ], [ 134.591033900000014, 7.3790946 ], [ 134.5911408, 7.3790026 ], [ 134.5911865, 7.3789444 ], [ 134.591171300000013, 7.3788586 ], [ 134.591217, 7.3787389 ], [ 134.5912476, 7.3786054 ], [ 134.59126280000001, 7.3784585 ], [ 134.5911865, 7.3783445 ], [ 134.5911102, 7.3782473 ], [ 134.5911408, 7.3781724 ], [ 134.591217, 7.3781276 ], [ 134.5912933, 7.3780723 ], [ 134.59126280000001, 7.377986 ], [ 134.591217, 7.3779168 ], [ 134.5913086, 7.3779082 ], [ 134.5913696, 7.377861 ], [ 134.591507, 7.3776388 ], [ 134.5915833, 7.377439 ], [ 134.591644300000013, 7.3772807 ], [ 134.5916748, 7.3772526 ], [ 134.5918121, 7.3770971 ], [ 134.5919647, 7.3770251 ], [ 134.5920563, 7.376853 ], [ 134.5921021, 7.3766332 ], [ 134.5921783, 7.376586 ], [ 134.5922852, 7.3765082 ], [ 134.5924377, 7.3762665 ], [ 134.5925751, 7.3760057 ], [ 134.592605600000013, 7.3757391 ], [ 134.5925751, 7.3755498 ], [ 134.592514, 7.3754807 ], [ 134.5924683, 7.3753557 ], [ 134.5924377, 7.3751669 ], [ 134.59236150000001, 7.3749638 ], [ 134.5922546, 7.3748474 ], [ 134.5921783, 7.374661 ], [ 134.5921783, 7.3744946 ], [ 134.5920868, 7.3742442 ], [ 134.5919495, 7.3740583 ], [ 134.591919, 7.3738585 ], [ 134.5918274, 7.3734665 ], [ 134.5918274, 7.37325 ], [ 134.591766400000012, 7.3731027 ], [ 134.59175110000001, 7.3726721 ], [ 134.5916138, 7.372478 ], [ 134.591522200000014, 7.3722777 ], [ 134.5914459, 7.3720498 ], [ 134.591430699999989, 7.3719111 ], [ 134.591430699999989, 7.3717389 ], [ 134.591507, 7.3715501 ], [ 134.591659600000014, 7.3713694 ], [ 134.5917358, 7.3712082 ], [ 134.59175110000001, 7.3709388 ], [ 134.591766400000012, 7.3707333 ], [ 134.591766400000012, 7.3705668 ], [ 134.5917969, 7.3705168 ], [ 134.5918274, 7.3704667 ], [ 134.591903699999989, 7.3703804 ], [ 134.592025799999988, 7.3702664 ], [ 134.5920868, 7.3701057 ], [ 134.5921631, 7.3699331 ], [ 134.5921478, 7.3697443 ], [ 134.5921021, 7.3695054 ], [ 134.592117300000012, 7.3693862 ], [ 134.5921783, 7.369225 ], [ 134.592239400000011, 7.369061 ], [ 134.5922699, 7.3689251 ], [ 134.592239400000011, 7.3687248 ], [ 134.592239400000011, 7.3683777 ], [ 134.5924072, 7.3683696 ], [ 134.592590300000012, 7.3683696 ], [ 134.5927582, 7.3683443 ], [ 134.592804, 7.3683276 ], [ 134.5928955, 7.3682971 ], [ 134.5930328, 7.3682056 ], [ 134.5931091, 7.3681278 ], [ 134.5931549, 7.3680224 ], [ 134.5931244, 7.3678803 ], [ 134.5931702, 7.3678279 ], [ 134.593200700000011, 7.367897 ], [ 134.5932617, 7.368011 ], [ 134.59332280000001, 7.36795 ], [ 134.5933685, 7.3678417 ], [ 134.5933838, 7.3677335 ], [ 134.5934906, 7.3676195 ], [ 134.5935364, 7.3674779 ], [ 134.5936127, 7.3673863 ], [ 134.5937195, 7.3672695 ], [ 134.5937653, 7.3671475 ], [ 134.5937042, 7.3670836 ], [ 134.5935974, 7.3670473 ], [ 134.5934906, 7.3670473 ], [ 134.593460099999987, 7.3670111 ], [ 134.5934906, 7.3669639 ], [ 134.5936279, 7.3669915 ], [ 134.5937347, 7.3670054 ], [ 134.5938416, 7.3669863 ], [ 134.5939179, 7.3669305 ], [ 134.593948399999988, 7.3668361 ], [ 134.593948399999988, 7.3666248 ], [ 134.593933099999987, 7.366478 ], [ 134.593948399999988, 7.3663335 ], [ 134.5939941, 7.3661723 ], [ 134.5940247, 7.3660474 ], [ 134.5939941, 7.3659864 ], [ 134.593933099999987, 7.3659196 ], [ 134.5939789, 7.3658724 ], [ 134.5940247, 7.3658609 ], [ 134.5940857, 7.3659277 ], [ 134.5941315, 7.366075 ], [ 134.594101, 7.3664222 ], [ 134.5940857, 7.3665223 ], [ 134.59414670000001, 7.366611 ], [ 134.5941925, 7.3667307 ], [ 134.5942535, 7.3667975 ], [ 134.5943451, 7.3668528 ], [ 134.594421399999987, 7.3668528 ], [ 134.594543499999986, 7.3667722 ], [ 134.5946655, 7.3665891 ], [ 134.594650300000012, 7.3665471 ], [ 134.5946808, 7.3665195 ], [ 134.59475710000001, 7.3664584 ], [ 134.594787599999989, 7.3663836 ], [ 134.594772299999988, 7.3662915 ], [ 134.594894399999987, 7.3662696 ], [ 134.5949707, 7.366261 ], [ 134.594787599999989, 7.3664947 ], [ 134.594696, 7.3666363 ], [ 134.594650300000012, 7.3667584 ], [ 134.594574, 7.3668833 ], [ 134.594574, 7.3671861 ], [ 134.5946045, 7.3673196 ], [ 134.5946808, 7.3673778 ], [ 134.594772299999988, 7.3673973 ], [ 134.5948486, 7.3674054 ], [ 134.594986, 7.3673415 ], [ 134.595047, 7.3672776 ], [ 134.595047, 7.3672028 ], [ 134.5950317, 7.3671026 ], [ 134.595138600000013, 7.3671613 ], [ 134.5952148, 7.3671527 ], [ 134.5953217, 7.367075 ], [ 134.5954132, 7.3669224 ], [ 134.5954132, 7.3667693 ], [ 134.595367399999986, 7.3666334 ], [ 134.595398, 7.3665667 ], [ 134.5954132, 7.3664308 ], [ 134.5953064, 7.3663306 ], [ 134.5951996, 7.3663168 ], [ 134.5951538, 7.3662696 ], [ 134.5950623, 7.3662138 ], [ 134.5950775, 7.3660998 ], [ 134.5951843, 7.365972 ], [ 134.5952148, 7.3658276 ], [ 134.595260599999989, 7.3657026 ], [ 134.5952148, 7.3655777 ], [ 134.595138600000013, 7.3655391 ], [ 134.595138600000013, 7.3654776 ], [ 134.5951691, 7.3653722 ], [ 134.595123300000012, 7.3652973 ], [ 134.5950928, 7.3650889 ], [ 134.594986, 7.364964 ], [ 134.5948639, 7.3649221 ], [ 134.59475710000001, 7.3649168 ], [ 134.5947418, 7.3647528 ], [ 134.5947418, 7.3645887 ], [ 134.594772299999988, 7.3644586 ], [ 134.5948486, 7.364378 ], [ 134.5949554, 7.3643584 ], [ 134.5950928, 7.3643026 ], [ 134.59524540000001, 7.364203 ], [ 134.595367399999986, 7.3640389 ], [ 134.595474200000012, 7.3637776 ], [ 134.595596300000011, 7.3632779 ], [ 134.595611600000012, 7.3629279 ], [ 134.5955505, 7.3625193 ], [ 134.5954437, 7.3622389 ], [ 134.5953064, 7.3620224 ], [ 134.5952301, 7.3618779 ], [ 134.5951691, 7.3617916 ], [ 134.5950775, 7.3617168 ], [ 134.5950317, 7.3615637 ], [ 134.5949707, 7.361486 ], [ 134.5948639, 7.3613944 ], [ 134.5948029, 7.361228 ], [ 134.5946808, 7.3611002 ], [ 134.594543499999986, 7.3611112 ], [ 134.5944977, 7.3610501 ], [ 134.5943909, 7.36095 ], [ 134.5942688, 7.3608613 ], [ 134.594177300000013, 7.3607249 ], [ 134.5940247, 7.3606391 ], [ 134.593933099999987, 7.3606443 ], [ 134.5936432, 7.3606472 ], [ 134.5934753, 7.3606834 ], [ 134.5934753, 7.360425 ], [ 134.5934296, 7.3602195 ], [ 134.5933838, 7.3601446 ], [ 134.593338, 7.3600502 ], [ 134.593200700000011, 7.3600249 ], [ 134.5930481, 7.3599863 ], [ 134.5930023, 7.3598919 ], [ 134.5928955, 7.3598919 ], [ 134.5927734, 7.3598056 ], [ 134.5927429, 7.3596306 ], [ 134.592727700000012, 7.3594694 ], [ 134.592605600000013, 7.3593445 ], [ 134.592483499999986, 7.3593054 ], [ 134.59236150000001, 7.3592582 ], [ 134.5922546, 7.359303 ], [ 134.59222410000001, 7.3593779 ], [ 134.5920715, 7.3593473 ], [ 134.59198, 7.3593583 ], [ 134.5918427, 7.3593359 ], [ 134.5918121, 7.3592749 ], [ 134.59175110000001, 7.3592138 ], [ 134.5916138, 7.3592277 ], [ 134.591568, 7.3592806 ], [ 134.5915527, 7.3593416 ], [ 134.5914917, 7.3594084 ], [ 134.5914459, 7.3594918 ], [ 134.591415399999988, 7.3594194 ], [ 134.591415399999988, 7.3592944 ], [ 134.5913544, 7.359189 ], [ 134.591217, 7.3591638 ], [ 134.591095, 7.3592224 ], [ 134.591033900000014, 7.3593221 ], [ 134.590942399999989, 7.3593473 ], [ 134.590805100000011, 7.3591805 ], [ 134.5906982, 7.3590832 ], [ 134.5905304, 7.3590946 ], [ 134.590438799999987, 7.3590641 ], [ 134.590271, 7.3590331 ], [ 134.590179400000011, 7.3589001 ], [ 134.5899353, 7.3587833 ], [ 134.589843800000011, 7.3588252 ], [ 134.589706400000011, 7.3587556 ], [ 134.5895233, 7.3586917 ], [ 134.589370699999989, 7.3586807 ], [ 134.589248700000013, 7.358736 ], [ 134.5891724, 7.3587942 ], [ 134.589035, 7.3587833 ], [ 134.5889282, 7.3588109 ], [ 134.5888367, 7.3588915 ], [ 134.5887299, 7.3588724 ], [ 134.5887146, 7.3588109 ], [ 134.5886993, 7.3587332 ], [ 134.5885925, 7.3586669 ], [ 134.5884247, 7.3586278 ], [ 134.588272100000012, 7.3586249 ], [ 134.5881195, 7.358572 ], [ 134.5880127, 7.3585167 ], [ 134.5879669, 7.3584194 ], [ 134.587921099999988, 7.3583999 ], [ 134.587783800000011, 7.3583722 ], [ 134.5877075, 7.3582473 ], [ 134.5877228, 7.3581028 ], [ 134.5877533, 7.3579946 ], [ 134.587783800000011, 7.3579249 ], [ 134.5877686, 7.3578553 ], [ 134.5878296, 7.3578057 ], [ 134.5878906, 7.3577166 ], [ 134.5878449, 7.3576584 ], [ 134.5878601, 7.3575945 ], [ 134.5878296, 7.3575416 ], [ 134.5877686, 7.3574834 ], [ 134.5877686, 7.3573971 ], [ 134.5878601, 7.3573666 ], [ 134.5879974, 7.3573804 ], [ 134.5881805, 7.3573446 ], [ 134.5883484, 7.3572974 ], [ 134.5884399, 7.3572221 ], [ 134.588501, 7.3570442 ], [ 134.5884399, 7.3568668 ], [ 134.5883179, 7.3567414 ], [ 134.5883637, 7.3565917 ], [ 134.5883789, 7.3563805 ], [ 134.5883026, 7.3561668 ], [ 134.5881958, 7.3561029 ], [ 134.5881958, 7.355989 ], [ 134.5883026, 7.3557806 ], [ 134.5883789, 7.3555555 ], [ 134.5884705, 7.3553195 ], [ 134.5884705, 7.3551307 ], [ 134.588409399999989, 7.3549252 ], [ 134.5883484, 7.3546748 ], [ 134.5883179, 7.3545499 ], [ 134.588272100000012, 7.3542862 ], [ 134.5881805, 7.3541446 ] ] } },
{ "type": "Feature", "properties": { "RCID": 230, "PRIM": 2, "GRUP": 2, "OBJL": 30, "RVER": 1, "AGEN": 550, "FIDN": 433769760, "FIDS": 9, "LNAM": "022619DACD200009", "LNAM_REFS": null, "FFPT_RIND": null, "CATCOA": null, "COLOUR": null, "CONRAD": null, "CONVIS": null, "ELEVAT": null, "NOBJNM": null, "OBJNAM": null, "VERACC": null, "VERDAT": null, "INFORM": null, "NINFOM": null, "NTXTDS": null, "PICREP": null, "SCAMAX": null, "SCAMIN": null, "TXTDSC": null, "RECDAT": null, "RECIND": null, "SORDAT": "20150206", "SORIND": "US,US,reprt,L-246-2015", "_enc_cell": "US4TB3P0" }, "geometry": { "type": "LineString", "coordinates": [ [ 134.575912499999987, 7.3535304 ], [ 134.5758209, 7.3534308 ], [ 134.5757141, 7.3534083 ], [ 134.5756226, 7.3534946 ], [ 134.5756226, 7.353497 ], [ 134.5755768, 7.3535166 ], [ 134.575546300000013, 7.3536029 ], [ 134.5754852, 7.3537831 ], [ 134.5754852, 7.3537889 ], [ 134.575424199999986, 7.3539085 ], [ 134.575424199999986, 7.3539109 ], [ 134.575302099999988, 7.3539777 ], [ 134.5752258, 7.3540111 ], [ 134.5752106, 7.3540111 ], [ 134.575119, 7.3541002 ], [ 134.575119, 7.3541026 ], [ 134.575042700000012, 7.3541694 ], [ 134.575042700000012, 7.3541751 ], [ 134.5750122, 7.35425 ], [ 134.5749664, 7.3543944 ], [ 134.5749664, 7.3545113 ], [ 134.574951199999987, 7.3546252 ], [ 134.5749207, 7.3546414 ], [ 134.5749207, 7.3546443 ], [ 134.5749054, 7.3547335 ], [ 134.574951199999987, 7.3548141 ], [ 134.5749664, 7.3549194 ], [ 134.575058, 7.3550224 ], [ 134.575180100000011, 7.3551583 ], [ 134.5752869, 7.3552723 ], [ 134.575408900000014, 7.3553724 ], [ 134.5755158, 7.3554363 ], [ 134.5756683, 7.3554554 ], [ 134.575790399999988, 7.3554888 ], [ 134.5758667, 7.3555417 ], [ 134.5760651, 7.3555613 ], [ 134.5761719, 7.3556027 ], [ 134.5762329, 7.3556609 ], [ 134.576263399999988, 7.3557553 ], [ 134.5763092, 7.3558612 ], [ 134.576370200000014, 7.3559084 ], [ 134.5764313, 7.3559861 ], [ 134.5764771, 7.3560834 ], [ 134.5765839, 7.3561974 ], [ 134.5766449, 7.3563304 ], [ 134.5767059, 7.3564277 ], [ 134.5767822, 7.3565335 ], [ 134.576889, 7.3566418 ], [ 134.576965300000012, 7.3567195 ], [ 134.5770721, 7.3567667 ], [ 134.5771942, 7.3568029 ], [ 134.577301, 7.356822 ], [ 134.5773163, 7.3568974 ], [ 134.5773926, 7.3569331 ], [ 134.577468900000014, 7.3569474 ], [ 134.5775299, 7.3569331 ], [ 134.5775299, 7.3569307 ] ] } },
{ "type": "Feature", "properties": { "RCID": 231, "PRIM": 2, "GRUP": 2, "OBJL": 30, "RVER": 1, "AGEN": 550, "FIDN": 908043466, "FIDS": 9, "LNAM": "0226361FA4CA0009", "LNAM_REFS": null, "FFPT_RIND": null, "CATCOA": null, "COLOUR": null, "CONRAD": null, "CONVIS": null, "ELEVAT": null, "NOBJNM": null, "OBJNAM": null, "VERACC": null, "VERDAT": null, "INFORM": null, "NINFOM": null, "NTXTDS": null, "PICREP": null, "SCAMAX": null, "SCAMIN": null, "TXTDSC": null, "RECDAT": null, "RECIND": null, "SORDAT": "20150206", "SORIND": "US,US,reprt,L-246-2015", "_enc_cell": "US4TB3P0" }, "geometry": { "type": "LineString", "coordinates": [ [ 134.552932700000014, 7.3420501 ], [ 134.55316160000001, 7.3422971 ], [ 134.5532074, 7.342453 ], [ 134.5532837, 7.3426194 ], [ 134.5533752, 7.3426724 ], [ 134.5534515, 7.3426724 ], [ 134.553558399999986, 7.3425832 ], [ 134.553649900000011, 7.3425498 ], [ 134.5538483, 7.3425279 ], [ 134.553924599999988, 7.3424692 ], [ 134.5539551, 7.3423419 ], [ 134.5539398, 7.3421502 ], [ 134.5539551, 7.3420363 ], [ 134.5539856, 7.3419251 ], [ 134.5540924, 7.3416891 ], [ 134.5541077, 7.3415833 ], [ 134.5540619, 7.3414612 ], [ 134.5539398, 7.3412585 ], [ 134.553894, 7.3411527 ], [ 134.553772, 7.3409863 ], [ 134.5536957, 7.3409333 ], [ 134.553649900000011, 7.3407693 ], [ 134.5536041, 7.3407168 ], [ 134.5536041, 7.3405776 ], [ 134.5535736, 7.340528 ], [ 134.553527800000012, 7.34055 ], [ 134.5534821, 7.3407002 ], [ 134.5535126, 7.3408113 ], [ 134.5534821, 7.3409472 ], [ 134.5533752, 7.3409834 ], [ 134.5533295, 7.3410916 ], [ 134.5532074, 7.3412223 ], [ 134.553009, 7.3416419 ], [ 134.552932700000014, 7.3418417 ], [ 134.552932700000014, 7.3420501 ] ] } },
{ "type": "Feature", "properties": { "RCID": 233, "PRIM": 2, "GRUP": 2, "OBJL": 30, "RVER": 1, "AGEN": 550, "FIDN": 327677247, "FIDS": 9, "LNAM": "02261387F53F0009", "LNAM_REFS": null, "FFPT_RIND": null, "CATCOA": null, "COLOUR": null, "CONRAD": null, "CONVIS": null, "ELEVAT": null, "NOBJNM": null, "OBJNAM": null, "VERACC": null, "VERDAT": null, "INFORM": null, "NINFOM": null, "NTXTDS": null, "PICREP": null, "SCAMAX": null, "SCAMIN": null, "TXTDSC": null, "RECDAT": null, "RECIND": null, "SORDAT": "20150206", "SORIND": "US,US,reprt,L-246-2015", "_enc_cell": "US4TB3P0" }, "geometry": { "type": "LineString", "coordinates": [ [ 134.533493, 7.3342638 ], [ 134.5334015, 7.3344083 ], [ 134.533371, 7.3344779 ], [ 134.5334168, 7.3346276 ], [ 134.533477799999986, 7.334764 ], [ 134.533462500000013, 7.3348446 ], [ 134.533493, 7.3349223 ], [ 134.5335541, 7.3349805 ], [ 134.5336304, 7.3349915 ], [ 134.533783, 7.3351169 ], [ 134.5338898, 7.335175 ], [ 134.533966099999986, 7.3352528 ], [ 134.5339966, 7.3353443 ], [ 134.5339813, 7.335422 ], [ 134.533950800000014, 7.3354859 ], [ 134.533966099999986, 7.3355694 ], [ 134.5340118, 7.3356695 ], [ 134.5340881, 7.3357806 ], [ 134.5341644, 7.3358054 ], [ 134.5342255, 7.3358054 ], [ 134.534256, 7.3357749 ], [ 134.534332299999988, 7.3357363 ], [ 134.5343933, 7.3355222 ], [ 134.534439099999986, 7.3355055 ], [ 134.5345001, 7.3355308 ], [ 134.534530600000011, 7.3354583 ], [ 134.534561200000013, 7.3353443 ], [ 134.534545900000012, 7.3353224 ], [ 134.5344696, 7.3353109 ], [ 134.5343475, 7.3351026 ], [ 134.5341339, 7.3349137 ], [ 134.5341339, 7.3346248 ], [ 134.5341034, 7.3344779 ], [ 134.5340118, 7.3343058 ], [ 134.5337677, 7.3342586 ], [ 134.5335541, 7.334239 ], [ 134.533493, 7.3342638 ] ] } },
{ "type": "Feature", "properties": { "RCID": 234, "PRIM": 2, "GRUP": 2, "OBJL": 30, "RVER": 1, "AGEN": 550, "FIDN": 220957146, "FIDS": 9, "LNAM": "02260D2B89DA0009", "LNAM_REFS": null, "FFPT_RIND": null, "CATCOA": null, "COLOUR": null, "CONRAD": null, "CONVIS": null, "ELEVAT": null, "NOBJNM": null, "OBJNAM": null, "VERACC": null, "VERDAT": null, "INFORM": null, "NINFOM": null, "NTXTDS": null, "PICREP": null, "SCAMAX": null, "SCAMIN": null, "TXTDSC": null, "RECDAT": null, "RECIND": null, "SORDAT": "20150206", "SORIND": "US,US,reprt,L-246-2015", "_enc_cell": "US4TB3P0" }, "geometry": { "type": "LineString", "coordinates": [ [ 134.5341339, 7.3495417 ], [ 134.5339813, 7.3493557 ], [ 134.533844, 7.3494167 ], [ 134.533859299999989, 7.3495693 ], [ 134.5340271, 7.3497224 ], [ 134.5342102, 7.3497915 ], [ 134.5342865, 7.3496776 ], [ 134.5341339, 7.3495417 ] ] } },
{ "type": "Feature", "properties": { "RCID": 235, "PRIM": 2, "GRUP": 2, "OBJL": 30, "RVER": 1, "AGEN": 550, "FIDN": 543177442, "FIDS": 9, "LNAM": "022620603AE20009", "LNAM_REFS": null, "FFPT_RIND": null, "CATCOA": null, "COLOUR": null, "CONRAD": null, "CONVIS": null, "ELEVAT": null, "NOBJNM": null, "OBJNAM": null, "VERACC": null, "VERDAT": null, "INFORM": null, "NINFOM": null, "NTXTDS": null, "PICREP": null, "SCAMAX": null, "SCAMIN": null, "TXTDSC": null, "RECDAT": null, "RECIND": null, "SORDAT": "20150206", "SORIND": "US,US,reprt,L-246-2015", "_enc_cell": "US4TB3P0" }, "geometry": { "type": "LineString", "coordinates": [ [ 134.5341644, 7.3375416 ], [ 134.5341187, 7.3375249 ], [ 134.534057600000011, 7.3375554 ], [ 134.5340118, 7.3376164 ], [ 134.5340271, 7.3376861 ], [ 134.534072900000012, 7.3377333 ], [ 134.5341492, 7.3377419 ], [ 134.5342255, 7.3376803 ], [ 134.5341644, 7.3375416 ] ] } },
{ "type": "Feature", "properties": { "RCID": 236, "PRIM": 2, "GRUP": 2, "OBJL": 30, "RVER": 1, "AGEN": 550, "FIDN": 47963451, "FIDS": 9, "LNAM": "022602DBDD3B0009", "LNAM_REFS": null, "FFPT_RIND": null, "CATCOA": null, "COLOUR": null, "CONRAD": null, "CONVIS": null, "ELEVAT": null, "NOBJNM": null, "OBJNAM": null, "VERACC": null, "VERDAT": null, "INFORM": null, "NINFOM": null, "NTXTDS": null, "PICREP": null, "SCAMAX": null, "SCAMIN": null, "TXTDSC": null, "RECDAT": null, "RECIND": null, "SORDAT": "20150206", "SORIND": "US,US,reprt,L-246-2015", "_enc_cell": "US4TB3P0" }, "geometry": { "type": "LineString", "coordinates": [ [ 134.5304108, 7.3518391 ], [ 134.530471799999987, 7.3518086 ], [ 134.5305634, 7.3517332 ], [ 134.5307159, 7.3514609 ], [ 134.53082280000001, 7.3513165 ], [ 134.530838, 7.3512335 ], [ 134.5308075, 7.3511581 ], [ 134.5308685, 7.3510861 ], [ 134.5310059, 7.3510084 ], [ 134.5311585, 7.3509641 ], [ 134.5314636, 7.3509278 ], [ 134.531539900000013, 7.3508139 ], [ 134.5315704, 7.350678 ], [ 134.5317688, 7.3505387 ], [ 134.5318451, 7.35045 ], [ 134.5319977, 7.3503804 ], [ 134.5321045, 7.3502917 ], [ 134.5321808, 7.3502026 ], [ 134.53225710000001, 7.3500586 ], [ 134.5323181, 7.3500166 ], [ 134.5323334, 7.3499665 ], [ 134.532287599999989, 7.3499279 ], [ 134.532272299999988, 7.349875 ], [ 134.5323334, 7.3498278 ], [ 134.532409699999988, 7.3497443 ], [ 134.5325623, 7.3495221 ], [ 134.5325928, 7.3493862 ], [ 134.5325623, 7.3492665 ], [ 134.532623300000012, 7.3492165 ], [ 134.532638600000013, 7.3491139 ], [ 134.532760599999989, 7.3488193 ], [ 134.5327759, 7.348711 ], [ 134.533111600000012, 7.3484778 ], [ 134.5334015, 7.3480387 ], [ 134.5335083, 7.3477111 ], [ 134.5336151, 7.3475418 ], [ 134.53370670000001, 7.3474641 ], [ 134.5337524, 7.3472915 ], [ 134.5337677, 7.347136 ], [ 134.5336914, 7.3469195 ], [ 134.5336456, 7.3466582 ], [ 134.5336609, 7.3465862 ], [ 134.5336762, 7.3465586 ] ] } },
{ "type": "Feature", "properties": { "RCID": 237, "PRIM": 2, "GRUP": 2, "OBJL": 30, "RVER": 1, "AGEN": 550, "FIDN": 607953744, "FIDS": 9, "LNAM": "0226243CA3500009", "LNAM_REFS": null, "FFPT_RIND": null, "CATCOA": null, "COLOUR": null, "CONRAD": null, "CONVIS": null, "ELEVAT": null, "NOBJNM": null, "OBJNAM": null, "VERACC": null, "VERDAT": null, "INFORM": null, "NINFOM": null, "NTXTDS": null, "PICREP": null, "SCAMAX": null, "SCAMIN": null, "TXTDSC": null, "RECDAT": null, "RECIND": null, "SORDAT": "20150206", "SORIND": "US,US,reprt,L-246-2015", "_enc_cell": "US4TB3P0" }, "geometry": { "type": "LineString", "coordinates": [ [ 134.5336762, 7.346447 ], [ 134.533569300000011, 7.3463502 ], [ 134.533355699999987, 7.3462248 ], [ 134.5332642, 7.3461447 ], [ 134.5331574, 7.346086 ], [ 134.533111600000012, 7.3461113 ], [ 134.5331268, 7.3461499 ], [ 134.5330505, 7.3463197 ], [ 134.5330353, 7.3464332 ], [ 134.532989500000014, 7.3465586 ], [ 134.532974200000012, 7.3466835 ], [ 134.5329437, 7.3468084 ], [ 134.5328522, 7.3468776 ], [ 134.532547, 7.3468862 ], [ 134.5323486, 7.3471613 ], [ 134.5321198, 7.3473196 ], [ 134.532028200000013, 7.347311 ], [ 134.5319672, 7.34725 ], [ 134.531799299999989, 7.3471971 ], [ 134.531723, 7.3471308 ], [ 134.5316162, 7.3471026 ], [ 134.5315094, 7.3469863 ], [ 134.5313416, 7.3469138 ], [ 134.5312347, 7.3467917 ], [ 134.5309906, 7.3465776 ], [ 134.5308685, 7.3466139 ], [ 134.530777, 7.3466859 ], [ 134.5307617, 7.3467832 ], [ 134.5306702, 7.346786 ], [ 134.5306091, 7.3468471 ], [ 134.530456500000014, 7.3470836 ], [ 134.5303192, 7.3470974 ], [ 134.5301971, 7.3471308 ], [ 134.529953, 7.347239 ], [ 134.52986150000001, 7.3473139 ], [ 134.5298309, 7.347425 ], [ 134.5299225, 7.3476501 ], [ 134.529953, 7.3477693 ], [ 134.5299225, 7.3478832 ], [ 134.5294647, 7.347878 ], [ 134.5293274, 7.3478055 ], [ 134.5291748, 7.3476276 ], [ 134.5290833, 7.3475165 ], [ 134.5289917, 7.347528 ], [ 134.5288849, 7.3475943 ], [ 134.528778100000011, 7.347764 ], [ 134.528778100000011, 7.3479028 ], [ 134.5288239, 7.3480582 ], [ 134.52890020000001, 7.3481665 ], [ 134.529007, 7.3482027 ], [ 134.52890020000001, 7.3483529 ], [ 134.5288239, 7.348475 ], [ 134.528671300000013, 7.3485112 ], [ 134.528564499999987, 7.3486276 ], [ 134.5285187, 7.3487363 ], [ 134.528549199999986, 7.3488498 ], [ 134.528717, 7.3492165 ], [ 134.528778100000011, 7.3493276 ], [ 134.5288086, 7.3494749 ], [ 134.5287933, 7.3496113 ], [ 134.528549199999986, 7.3500915 ], [ 134.5283661, 7.3503056 ], [ 134.528244, 7.3503861 ], [ 134.5281372, 7.3504248 ], [ 134.5280914, 7.3503971 ], [ 134.528076199999987, 7.3503251 ], [ 134.527954099999988, 7.3502417 ], [ 134.527771, 7.3500667 ], [ 134.5276184, 7.3500419 ], [ 134.5275269, 7.3499584 ], [ 134.52742, 7.3499694 ], [ 134.5270691, 7.3503804 ], [ 134.5270691, 7.3504582 ], [ 134.527221700000013, 7.3507195 ], [ 134.5272675, 7.3507361 ], [ 134.527343800000011, 7.3506832 ], [ 134.5274506, 7.3506417 ], [ 134.5274963, 7.3505917 ], [ 134.5276184, 7.350811 ], [ 134.527694700000012, 7.3508277 ], [ 134.527816800000011, 7.3510056 ], [ 134.5277252, 7.351089 ], [ 134.5275574, 7.3513613 ], [ 134.5275116, 7.3515167 ], [ 134.527481099999989, 7.3516111 ], [ 134.5274963, 7.3517804 ], [ 134.5275421, 7.3519197 ], [ 134.527603199999987, 7.3520222 ], [ 134.5275574, 7.3521085 ], [ 134.527481099999989, 7.3520694 ], [ 134.5273895, 7.3518887 ], [ 134.5274048, 7.3517585 ], [ 134.5273743, 7.3516474 ], [ 134.5272827, 7.3516111 ], [ 134.5271912, 7.351614 ], [ 134.527114899999987, 7.3516722 ], [ 134.526977499999987, 7.3518972 ], [ 134.5269013, 7.3519168 ], [ 134.5267944, 7.3519974 ], [ 134.5266724, 7.3520556 ], [ 134.5265656, 7.351861 ], [ 134.5263519, 7.3517304 ], [ 134.5262146, 7.3517389 ], [ 134.526001, 7.3518972 ], [ 134.5259247, 7.3519387 ], [ 134.5259247, 7.351747 ], [ 134.5258637, 7.3516693 ], [ 134.5258331, 7.3516083 ], [ 134.52589420000001, 7.3516026 ], [ 134.5259399, 7.3516526 ], [ 134.526062, 7.3515582 ], [ 134.526138300000014, 7.3515306 ], [ 134.5261841, 7.3513308 ], [ 134.5262299, 7.3512778 ], [ 134.5262909, 7.3512363 ], [ 134.526382500000011, 7.3512611 ], [ 134.5264893, 7.3512445 ], [ 134.5265808, 7.3511777 ], [ 134.526641899999987, 7.3510418 ], [ 134.5265961, 7.3508945 ], [ 134.526519799999988, 7.3508139 ], [ 134.526611300000013, 7.3504334 ], [ 134.5265808, 7.3502722 ], [ 134.5263367, 7.3501 ], [ 134.5262299, 7.3501582 ], [ 134.526153599999986, 7.3502417 ], [ 134.526062, 7.3502693 ], [ 134.5259552, 7.350328 ], [ 134.5258789, 7.3502445 ], [ 134.5257111, 7.3502193 ], [ 134.5254974, 7.350328 ], [ 134.5254822, 7.3504391 ], [ 134.525543199999987, 7.350522 ], [ 134.525558499999988, 7.3506084 ], [ 134.5254517, 7.3507419 ], [ 134.5252533, 7.3506222 ], [ 134.5251465, 7.3505917 ], [ 134.5250092, 7.3506527 ], [ 134.5248566, 7.3506665 ], [ 134.5246277, 7.3507834 ], [ 134.524581899999987, 7.3508554 ], [ 134.524108899999987, 7.3507834 ], [ 134.5240631, 7.3507195 ], [ 134.524093599999986, 7.3506804 ], [ 134.5242767, 7.3505859 ], [ 134.524322500000011, 7.3504748 ], [ 134.524322500000011, 7.3503418 ], [ 134.5242615, 7.3501973 ], [ 134.5241394, 7.3500748 ], [ 134.5239105, 7.3499556 ], [ 134.523513799999989, 7.3497224 ], [ 134.5234833, 7.3496304 ], [ 134.5234222, 7.3492723 ], [ 134.5233154, 7.349225 ], [ 134.5231781, 7.3492141 ], [ 134.5230866, 7.3492584 ], [ 134.522934, 7.3495054 ], [ 134.52287290000001, 7.3499613 ], [ 134.5229034, 7.35005 ], [ 134.5231018, 7.3502221 ], [ 134.5233002, 7.3504639 ], [ 134.5233307, 7.3506165 ], [ 134.523254400000013, 7.3506112 ], [ 134.5231781, 7.3506584 ], [ 134.523147599999987, 7.3507443 ], [ 134.5232086, 7.3511 ], [ 134.523254400000013, 7.3511529 ], [ 134.5233307, 7.3511667 ], [ 134.5234222, 7.3511276 ], [ 134.5234528, 7.3510447 ], [ 134.5235748, 7.3510776 ], [ 134.52383420000001, 7.351028 ], [ 134.523941, 7.3510613 ], [ 134.5241699, 7.3512778 ], [ 134.5240784, 7.3512859 ], [ 134.523986799999989, 7.351336 ], [ 134.5239105, 7.3514724 ], [ 134.523819, 7.3515554 ], [ 134.5236969, 7.351553 ], [ 134.5235291, 7.3515196 ], [ 134.5233917, 7.3515778 ], [ 134.523254400000013, 7.3516831 ], [ 134.5231628, 7.3518305 ], [ 134.5230866, 7.3522058 ], [ 134.522995, 7.3523388 ], [ 134.522995, 7.3526197 ], [ 134.523025499999989, 7.3527861 ], [ 134.522934, 7.3528833 ], [ 134.5226135, 7.3530889 ], [ 134.522308399999986, 7.3533583 ], [ 134.5222168, 7.3534751 ], [ 134.522186299999987, 7.3536196 ], [ 134.522308399999986, 7.3540053 ], [ 134.522293100000013, 7.3541722 ], [ 134.5222626, 7.3542914 ], [ 134.5221252, 7.3543887 ], [ 134.52211, 7.3544998 ], [ 134.5221558, 7.3546639 ], [ 134.5222473, 7.3547888 ], [ 134.5223846, 7.3548918 ], [ 134.5225678, 7.35495 ] ] } },
{ "type": "Feature", "properties": { "RCID": 238, "PRIM": 2, "GRUP": 2, "OBJL": 30, "RVER": 1, "AGEN": 550, "FIDN": 702285144, "FIDS": 9, "LNAM": "022629DC05580009", "LNAM_REFS": null, "FFPT_RIND": null, "CATCOA": null, "COLOUR": null, "CONRAD": null, "CONVIS": null, "ELEVAT": null, "NOBJNM": null, "OBJNAM": null, "VERACC": null, "VERDAT": null, "INFORM": null, "NINFOM": null, "NTXTDS": null, "PICREP": null, "SCAMAX": null, "SCAMIN": null, "TXTDSC": null, "RECDAT": null, "RECIND": null, "SORDAT": "20150206", "SORIND": "US,US,reprt,L-246-2015", "_enc_cell": "US4TB3P0" }, "geometry": { "type": "LineString", "coordinates": [ [ 134.531601, 7.3291473 ], [ 134.5315857, 7.3292251 ], [ 134.5316162, 7.3293667 ], [ 134.531677300000013, 7.3294334 ], [ 134.531723, 7.3295331 ], [ 134.53178410000001, 7.3296084 ], [ 134.5318298, 7.3297138 ], [ 134.5318146, 7.329814 ], [ 134.531539900000013, 7.3300276 ], [ 134.5314179, 7.330153 ], [ 134.5313873, 7.3302722 ], [ 134.5313721, 7.3304029 ], [ 134.531326299999989, 7.3305306 ], [ 134.53125, 7.3306193 ], [ 134.5312042, 7.3307695 ], [ 134.5311585, 7.3312473 ], [ 134.5311127, 7.3315501 ], [ 134.531173700000011, 7.331686 ], [ 134.531311, 7.3318138 ], [ 134.5314941, 7.3319197 ], [ 134.5316162, 7.3318973 ], [ 134.531723, 7.3317919 ], [ 134.531723, 7.3316722 ], [ 134.5317078, 7.3315249 ], [ 134.53164670000001, 7.3314276 ], [ 134.531723, 7.3313141 ], [ 134.531799299999989, 7.3312779 ], [ 134.5318756, 7.3310943 ], [ 134.532012900000012, 7.3309083 ], [ 134.5321045, 7.3308334 ], [ 134.5322418, 7.3306193 ], [ 134.5322418, 7.330389 ], [ 134.5323334, 7.3301668 ], [ 134.532272299999988, 7.3300748 ], [ 134.5322113, 7.3296833 ], [ 134.5322266, 7.3296027 ], [ 134.532287599999989, 7.329525 ], [ 134.5323792, 7.3295169 ], [ 134.5324249, 7.3294807 ], [ 134.532486, 7.32935 ], [ 134.532486, 7.3292084 ], [ 134.532394399999987, 7.3290863 ], [ 134.5321655, 7.3289638 ], [ 134.532074, 7.3289805 ], [ 134.5319824, 7.3290248 ], [ 134.531936699999989, 7.3289943 ], [ 134.531601, 7.3291473 ] ] } },
{ "type": "Feature", "properties": { "RCID": 239, "PRIM": 2, "GRUP": 2, "OBJL": 30, "RVER": 1, "AGEN": 550, "FIDN": 559173342, "FIDS": 9, "LNAM": "022621544EDE0009", "LNAM_REFS": null, "FFPT_RIND": null, "CATCOA": null, "COLOUR": null, "CONRAD": null, "CONVIS": null, "ELEVAT": null, "NOBJNM": null, "OBJNAM": null, "VERACC": null, "VERDAT": null, "INFORM": null, "NINFOM": null, "NTXTDS": null, "PICREP": null, "SCAMAX": null, "SCAMIN": null, "TXTDSC": null, "RECDAT": null, "RECIND": null, "SORDAT": "20150206", "SORIND": "US,US,reprt,L-246-2015", "_enc_cell": "US4TB3P0" }, "geometry": { "type": "LineString", "coordinates": [ [ 134.53178410000001, 7.332264 ], [ 134.531723, 7.3322501 ], [ 134.53164670000001, 7.3323641 ], [ 134.531601, 7.3324804 ], [ 134.531662, 7.3325415 ], [ 134.5317078, 7.3325806 ], [ 134.53178410000001, 7.3325748 ], [ 134.5318298, 7.3325529 ], [ 134.5318756, 7.3324971 ], [ 134.531921399999987, 7.3323665 ], [ 134.5318909, 7.3323083 ], [ 134.5318451, 7.332264 ], [ 134.53178410000001, 7.332264 ] ] } },
{ "type": "Feature", "properties": { "RCID": 240, "PRIM": 2, "GRUP": 2, "OBJL": 30, "RVER": 1, "AGEN": 550, "FIDN": 140480539, "FIDS": 9, "LNAM": "0226085F901B0009", "LNAM_REFS": null, "FFPT_RIND": null, "CATCOA": null, "COLOUR": null, "CONRAD": null, "CONVIS": null, "ELEVAT": null, "NOBJNM": null, "OBJNAM": null, "VERACC": null, "VERDAT": null, "INFORM": null, "NINFOM": null, "NTXTDS": null, "PICREP": null, "SCAMAX": null, "SCAMIN": null, "TXTDSC": null, "RECDAT": null, "RECIND": null, "SORDAT": "20150206", "SORIND": "US,US,reprt,L-246-2015", "_enc_cell": "US4TB3P0" }, "geometry": { "type": "LineString", "coordinates": [ [ 134.531799299999989, 7.3528137 ], [ 134.5318909, 7.3524056 ], [ 134.5318756, 7.3520389 ], [ 134.5316925, 7.3520308 ], [ 134.5315247, 7.3522363 ], [ 134.5312653, 7.3523054 ], [ 134.5311127, 7.3523526 ], [ 134.5312195, 7.3527141 ], [ 134.531326299999989, 7.3529887 ], [ 134.53164670000001, 7.3529387 ], [ 134.531799299999989, 7.3528137 ] ] } },
{ "type": "Feature", "properties": { "RCID": 241, "PRIM": 2, "GRUP": 2, "OBJL": 30, "RVER": 1, "AGEN": 550, "FIDN": 496767194, "FIDS": 9, "LNAM": "02261D9C10DA0009", "LNAM_REFS": null, "FFPT_RIND": null, "CATCOA": null, "COLOUR": null, "CONRAD": null, "CONVIS": null, "ELEVAT": null, "NOBJNM": null, "OBJNAM": null, "VERACC": null, "VERDAT": null, "INFORM": null, "NINFOM": null, "NTXTDS": null, "PICREP": null, "SCAMAX": null, "SCAMIN": null, "TXTDSC": null, "RECDAT": null, "RECIND": null, "SORDAT": "20150206", "SORIND": "US,US,reprt,L-246-2015", "_enc_cell": "US4TB3P0" }, "geometry": { "type": "LineString", "coordinates": [ [ 134.5284882, 7.3482194 ], [ 134.528533900000014, 7.3483 ], [ 134.5286255, 7.3483529 ], [ 134.528717, 7.3483305 ], [ 134.52876280000001, 7.3482165 ], [ 134.5287018, 7.348136 ], [ 134.5286102, 7.3481054 ], [ 134.528533900000014, 7.3481445 ], [ 134.5284882, 7.3482194 ] ] } },
{ "type": "Feature", "properties": { "RCID": 242, "PRIM": 2, "GRUP": 2, "OBJL": 30, "RVER": 1, "AGEN": 550, "FIDN": 443895005, "FIDS": 9, "LNAM": "02261A754CDD0009", "LNAM_REFS": null, "FFPT_RIND": null, "CATCOA": null, "COLOUR": null, "CONRAD": null, "CONVIS": null, "ELEVAT": null, "NOBJNM": null, "OBJNAM": null, "VERACC": null, "VERDAT": null, "INFORM": null, "NINFOM": null, "NTXTDS": null, "PICREP": null, "SCAMAX": null, "SCAMIN": null, "TXTDSC": null, "RECDAT": null, "RECIND": null, "SORDAT": "20150206", "SORIND": "US,US,reprt,L-246-2015", "_enc_cell": "US4TB3P0" }, "geometry": { "type": "LineString", "coordinates": [ [ 134.5283966, 7.3477502 ], [ 134.5284882, 7.3478222 ], [ 134.5286102, 7.3477888 ], [ 134.528671300000013, 7.3476944 ], [ 134.528717, 7.3475833 ], [ 134.5287323, 7.3472304 ], [ 134.5286865, 7.3470693 ], [ 134.528595, 7.3469915 ], [ 134.5284729, 7.346972 ], [ 134.5283814, 7.3470111 ], [ 134.5282593, 7.3472748 ], [ 134.5282135, 7.3475113 ], [ 134.528244, 7.3475971 ], [ 134.5283966, 7.3477502 ] ] } },
{ "type": "Feature", "properties": { "RCID": 247, "PRIM": 2, "GRUP": 2, "OBJL": 30, "RVER": 1, "AGEN": 550, "FIDN": 289450927, "FIDS": 9, "LNAM": "02261140ABAF0009", "LNAM_REFS": null, "FFPT_RIND": null, "CATCOA": 7.0, "COLOUR": null, "CONRAD": null, "CONVIS": null, "ELEVAT": null, "NOBJNM": null, "OBJNAM": null, "VERACC": null, "VERDAT": null, "INFORM": null, "NINFOM": null, "NTXTDS": null, "PICREP": null, "SCAMAX": null, "SCAMIN": null, "TXTDSC": null, "RECDAT": null, "RECIND": null, "SORDAT": "20150206", "SORIND": "US,US,reprt,L-246-2015", "_enc_cell": "US4TB3P0" }, "geometry": { "type": "LineString", "coordinates": [ [ 134.4975586, 7.3558054 ], [ 134.4976196, 7.3557639 ], [ 134.498016400000012, 7.3557305 ], [ 134.498153699999989, 7.3557029 ], [ 134.4983063, 7.3556418 ], [ 134.4983978, 7.3555861 ], [ 134.4984436, 7.3555307 ], [ 134.4985199, 7.3555307 ], [ 134.4988098, 7.3557057 ], [ 134.498977700000012, 7.3556914 ], [ 134.499221799999987, 7.3556418 ], [ 134.4994659, 7.355639 ], [ 134.4998779, 7.3555918 ], [ 134.5, 7.3555331 ], [ 134.5001526, 7.355464 ], [ 134.5002441, 7.3554053 ], [ 134.500427300000013, 7.3554473 ], [ 134.5007172, 7.3555584 ], [ 134.500824, 7.3555803 ], [ 134.50100710000001, 7.3555999 ], [ 134.5015564, 7.3555861 ], [ 134.5017853, 7.3555193 ], [ 134.5019074, 7.3554416 ], [ 134.50196840000001, 7.3552804 ], [ 134.5020294, 7.3552303 ], [ 134.502121, 7.3552251 ], [ 134.502334600000012, 7.3552694 ], [ 134.5024872, 7.3552418 ], [ 134.5027313, 7.3551359 ], [ 134.5028687, 7.3551054 ], [ 134.5030365, 7.3550334 ], [ 134.503204399999987, 7.3549223 ], [ 134.503295900000012, 7.354836 ], [ 134.5034485, 7.3548055 ], [ 134.5036926, 7.3546915 ], [ 134.5039368, 7.3545585 ], [ 134.5042267, 7.3544917 ], [ 134.5045929, 7.3544612 ], [ 134.504745500000013, 7.3544169 ], [ 134.5049286, 7.3543553 ], [ 134.505111699999986, 7.3542056 ], [ 134.505340600000011, 7.3542113 ], [ 134.5055542, 7.3541803 ], [ 134.5065155, 7.3539805 ], [ 134.5066376, 7.3539252 ], [ 134.5068359, 7.3537693 ], [ 134.5070953, 7.3536668 ], [ 134.5073395, 7.3535333 ], [ 134.5074768, 7.3533692 ], [ 134.507629400000013, 7.3530335 ], [ 134.5077057, 7.3527803 ], [ 134.5077667, 7.3524332 ], [ 134.5077667, 7.3522306 ], [ 134.507736200000011, 7.3521223 ], [ 134.507736200000011, 7.3520389 ], [ 134.507782, 7.351922 ], [ 134.507721, 7.3518086 ], [ 134.5076599, 7.3517585 ], [ 134.5075684, 7.3517222 ] ] } },
{ "type": "Feature", "properties": { "RCID": 248, "PRIM": 2, "GRUP": 2, "OBJL": 30, "RVER": 1, "AGEN": 550, "FIDN": 57614138, "FIDS": 9, "LNAM": "0226036F1F3A0009", "LNAM_REFS": null, "FFPT_RIND": null, "CATCOA": 7.0, "COLOUR": null, "CONRAD": null, "CONVIS": null, "ELEVAT": null, "NOBJNM": null, "OBJNAM": null, "VERACC": null, "VERDAT": null, "INFORM": null, "NINFOM": null, "NTXTDS": null, "PICREP": null, "SCAMAX": null, "SCAMIN": null, "TXTDSC": null, "RECDAT": null, "RECIND": null, "SORDAT": "20150206", "SORIND": "US,US,reprt,L-246-2015", "_enc_cell": "US4TB3P0" }, "geometry": { "type": "LineString", "coordinates": [ [ 134.506927499999989, 7.3492389 ], [ 134.506927499999989, 7.3491721 ], [ 134.506958, 7.3491082 ], [ 134.5069428, 7.3490362 ], [ 134.506927499999989, 7.3489971 ], [ 134.506897, 7.3488388 ], [ 134.5067291, 7.3486276 ], [ 134.5067444, 7.3483443 ], [ 134.5066376, 7.3482223 ], [ 134.5065765, 7.3480835 ], [ 134.5064087, 7.347961 ], [ 134.5062714, 7.3476501 ], [ 134.5063171, 7.3473306 ], [ 134.5061188, 7.3470221 ], [ 134.506179800000012, 7.3467722 ], [ 134.5062256, 7.3465943 ], [ 134.5061493, 7.345922 ], [ 134.505950899999988, 7.3454943 ], [ 134.5058441, 7.3453999 ], [ 134.5056763, 7.3451667 ], [ 134.5054016, 7.3449721 ], [ 134.5052948, 7.344728 ], [ 134.5051575, 7.3446193 ], [ 134.505096400000014, 7.3444252 ], [ 134.5048218, 7.344336 ], [ 134.5045929, 7.3441944 ], [ 134.5045929, 7.3441916 ], [ 134.504501299999987, 7.3441777 ] ] } },
{ "type": "Feature", "properties": { "RCID": 252, "PRIM": 2, "GRUP": 2, "OBJL": 30, "RVER": 1, "AGEN": 550, "FIDN": 119582045, "FIDS": 9, "LNAM": "02260720AD5D0009", "LNAM_REFS": null, "FFPT_RIND": null, "CATCOA": 7.0, "COLOUR": null, "CONRAD": null, "CONVIS": null, "ELEVAT": null, "NOBJNM": null, "OBJNAM": null, "VERACC": null, "VERDAT": null, "INFORM": null, "NINFOM": null, "NTXTDS": null, "PICREP": null, "SCAMAX": null, "SCAMIN": null, "TXTDSC": null, "RECDAT": null, "RECIND": null, "SORDAT": "20150206", "SORIND": "US,US,reprt,L-246-2015", "_enc_cell": "US4TB3P0" }, "geometry": { "type": "LineString", "coordinates": [ [ 134.4933014, 7.3379974 ], [ 134.4932556, 7.3381167 ], [ 134.4931335, 7.3382335 ], [ 134.4931183, 7.3383164 ], [ 134.492874199999989, 7.3387222 ], [ 134.4926605, 7.3388834 ], [ 134.491806, 7.3389945 ], [ 134.4913483, 7.339097 ], [ 134.491333, 7.3391194 ], [ 134.491272, 7.3391223 ], [ 134.4910889, 7.3392582 ], [ 134.4909973, 7.3393002 ], [ 134.490936299999987, 7.3395748 ], [ 134.4907837, 7.3399944 ], [ 134.4907837, 7.3400664 ] ] } },
{ "type": "Feature", "properties": { "RCID": 270, "PRIM": 2, "GRUP": 2, "OBJL": 30, "RVER": 1, "AGEN": 550, "FIDN": 218889350, "FIDS": 9, "LNAM": "02260D0BFC860009", "LNAM_REFS": null, "FFPT_RIND": null, "CATCOA": null, "COLOUR": null, "CONRAD": null, "CONVIS": null, "ELEVAT": null, "NOBJNM": null, "OBJNAM": null, "VERACC": null, "VERDAT": null, "INFORM": null, "NINFOM": null, "NTXTDS": null, "PICREP": null, "SCAMAX": null, "SCAMIN": null, "TXTDSC": null, "RECDAT": null, "RECIND": null, "SORDAT": "20150206", "SORIND": "US,US,reprt,L-246-2015", "_enc_cell": "US4TB3P0" }, "geometry": { "type": "LineString", "coordinates": [ [ 134.590224, 7.3808401 ], [ 134.5902252, 7.3808389 ] ] } },
{ "type": "Feature", "properties": { "RCID": 271, "PRIM": 2, "GRUP": 2, "OBJL": 30, "RVER": 1, "AGEN": 550, "FIDN": 710019037, "FIDS": 9, "LNAM": "02262A5207DD0009", "LNAM_REFS": null, "FFPT_RIND": null, "CATCOA": null, "COLOUR": null, "CONRAD": null, "CONVIS": null, "ELEVAT": null, "NOBJNM": null, "OBJNAM": null, "VERACC": null, "VERDAT": null, "INFORM": null, "NINFOM": null, "NTXTDS": null, "PICREP": null, "SCAMAX": null, "SCAMIN": null, "TXTDSC": null, "RECDAT": null, "RECIND": null, "SORDAT": "20150206", "SORIND": "US,US,reprt,L-246-2015", "_enc_cell": "US4TB3P0" }, "geometry": { "type": "LineString", "coordinates": [ [ 134.588760400000012, 7.3547053 ], [ 134.5886688, 7.3547583 ], [ 134.5886078, 7.3548279 ], [ 134.5885925, 7.3549223 ], [ 134.588638300000014, 7.3549752 ], [ 134.5886688, 7.355 ], [ 134.588760400000012, 7.3550057 ], [ 134.5888519, 7.3549776 ], [ 134.588913, 7.3549166 ], [ 134.588913, 7.3547335 ], [ 134.5888519, 7.3546863 ], [ 134.588760400000012, 7.3547053 ] ] } },
{ "type": "Feature", "properties": { "RCID": 272, "PRIM": 2, "GRUP": 2, "OBJL": 30, "RVER": 1, "AGEN": 550, "FIDN": 175927307, "FIDS": 9, "LNAM": "02260A7C700B0009", "LNAM_REFS": null, "FFPT_RIND": null, "CATCOA": 7.0, "COLOUR": null, "CONRAD": null, "CONVIS": null, "ELEVAT": null, "NOBJNM": null, "OBJNAM": null, "VERACC": null, "VERDAT": null, "INFORM": null, "NINFOM": null, "NTXTDS": null, "PICREP": null, "SCAMAX": null, "SCAMIN": null, "TXTDSC": null, "RECDAT": null, "RECIND": null, "SORDAT": "20150206", "SORIND": "US,US,reprt,L-246-2015", "_enc_cell": "US4TB3P0" }, "geometry": { "type": "LineString", "coordinates": [ [ 134.5775299, 7.3569307 ], [ 134.577652, 7.3568335 ], [ 134.577652, 7.3568306 ], [ 134.57769780000001, 7.3566942 ], [ 134.57769780000001, 7.3566918 ], [ 134.5777588, 7.3565664 ], [ 134.5777588, 7.356564 ], [ 134.577835099999987, 7.3564334 ], [ 134.5779114, 7.3563891 ], [ 134.5779114, 7.3563862 ], [ 134.5780182, 7.3563333 ], [ 134.5780182, 7.3563304 ], [ 134.5781403, 7.3562055 ], [ 134.5782471, 7.3561668 ], [ 134.5783539, 7.356164 ], [ 134.5784607, 7.3562002 ], [ 134.5785675, 7.3562307 ], [ 134.5786896, 7.356236 ], [ 134.578811699999989, 7.3561945 ], [ 134.5789337, 7.3561778 ], [ 134.579025300000012, 7.3561554 ], [ 134.5791016, 7.3560972 ], [ 134.5792542, 7.3560777 ], [ 134.579422, 7.35605 ], [ 134.5794678, 7.3561502 ], [ 134.5795593, 7.3562112 ], [ 134.5797119, 7.356236 ], [ 134.579895, 7.356236 ], [ 134.5800324, 7.356225 ], [ 134.5800324, 7.3562222 ], [ 134.5801849, 7.3561778 ], [ 134.5801849, 7.356175 ], [ 134.5802612, 7.3560834 ], [ 134.5802612, 7.3560805 ], [ 134.5802918, 7.356 ], [ 134.5804901, 7.3560305 ], [ 134.5806274, 7.3560391 ], [ 134.5806427, 7.3560362 ], [ 134.5806732, 7.3559918 ], [ 134.580825800000014, 7.3560414 ], [ 134.5810242, 7.3561082 ], [ 134.5810852, 7.3561168 ], [ 134.5812378, 7.3561363 ], [ 134.581436200000013, 7.356164 ], [ 134.581787100000014, 7.356411 ], [ 134.5819702, 7.3565168 ], [ 134.5821228, 7.356586 ], [ 134.5824738, 7.3568444 ], [ 134.5825806, 7.3568859 ], [ 134.5827332, 7.356914 ], [ 134.582901, 7.3570166 ], [ 134.5830383, 7.3571696 ], [ 134.5830231, 7.3572583 ], [ 134.5830536, 7.3573527 ], [ 134.583114599999988, 7.3574224 ], [ 134.583221400000014, 7.3574472 ], [ 134.5833283, 7.3576331 ], [ 134.5833893, 7.3577776 ], [ 134.5835419, 7.3579445 ], [ 134.58358770000001, 7.358047 ], [ 134.5836487, 7.3581557 ], [ 134.5836639, 7.3582888 ], [ 134.583831800000013, 7.3585196 ], [ 134.583953900000012, 7.3586192 ], [ 134.584182700000014, 7.3589692 ], [ 134.584304800000012, 7.3591304 ], [ 134.5843964, 7.359261 ], [ 134.5842285, 7.3591695 ], [ 134.5841065, 7.3591223 ], [ 134.583953900000012, 7.3590083 ], [ 134.5835724, 7.3588166 ], [ 134.5834351, 7.3587999 ], [ 134.5832977, 7.3588724 ], [ 134.583252, 7.3588333 ], [ 134.5831604, 7.3587999 ], [ 134.5830841, 7.3587556 ], [ 134.582962, 7.3587332 ], [ 134.58284, 7.3587861 ], [ 134.5823517, 7.3588805 ], [ 134.5821991, 7.3589277 ], [ 134.5821075, 7.3590221 ], [ 134.5819702, 7.3591137 ], [ 134.5818176, 7.3591695 ], [ 134.581665, 7.3591666 ], [ 134.5814819, 7.3591361 ], [ 134.5811005, 7.3590279 ], [ 134.5806427, 7.3590279 ], [ 134.5805512, 7.3589807 ], [ 134.5804901, 7.3589139 ], [ 134.5803833, 7.3588862 ], [ 134.5800629, 7.3589277 ], [ 134.579849200000012, 7.3588724 ], [ 134.5795593, 7.3589139 ], [ 134.579422, 7.3589029 ], [ 134.5793457, 7.3588362 ], [ 134.5792542, 7.3587999 ], [ 134.578887900000012, 7.35885 ], [ 134.5786896, 7.3589916 ], [ 134.5785675, 7.3590527 ], [ 134.5783844, 7.3590279 ], [ 134.5782776, 7.3589692 ], [ 134.5781708, 7.3589945 ], [ 134.577926600000012, 7.359097 ], [ 134.5777435, 7.3590889 ], [ 134.5775147, 7.3591166 ], [ 134.5773773, 7.3591752 ], [ 134.577301, 7.3592277 ], [ 134.5772095, 7.3592444 ], [ 134.5770569, 7.3592444 ], [ 134.5769196, 7.3591943 ], [ 134.5766449, 7.3592305 ], [ 134.5765381, 7.359272 ], [ 134.576400799999988, 7.3593583 ], [ 134.576263399999988, 7.3594251 ], [ 134.5760803, 7.3594613 ], [ 134.575882, 7.3595696 ], [ 134.5757141, 7.3597169 ], [ 134.5753479, 7.360178 ], [ 134.5752564, 7.360311 ], [ 134.5752258, 7.3604055 ], [ 134.5752411, 7.3605723 ], [ 134.5751495, 7.360939 ], [ 134.5750122, 7.3610196 ], [ 134.574935900000014, 7.3612752 ], [ 134.5749207, 7.3614168 ], [ 134.574951199999987, 7.3617916 ], [ 134.5748596, 7.3622751 ], [ 134.5748901, 7.3624501 ], [ 134.574935900000014, 7.3625832 ], [ 134.57516480000001, 7.3627558 ], [ 134.5752869, 7.3627582 ], [ 134.5753632, 7.362936 ], [ 134.575408900000014, 7.3633585 ], [ 134.5753784, 7.3634167 ], [ 134.575317399999989, 7.3635221 ], [ 134.575302099999988, 7.363647 ], [ 134.575317399999989, 7.3637586 ], [ 134.5753479, 7.3638668 ], [ 134.575408900000014, 7.3639388 ], [ 134.57547, 7.3639555 ], [ 134.575546300000013, 7.3641725 ], [ 134.5756073, 7.3643141 ], [ 134.575653100000011, 7.3646083 ], [ 134.5757446, 7.3646946 ], [ 134.5758209, 7.3648167 ], [ 134.5760803, 7.3650446 ], [ 134.5761566, 7.3653112 ], [ 134.576294, 7.3654389 ], [ 134.5765839, 7.3658471 ], [ 134.576751699999988, 7.3659363 ], [ 134.5769043, 7.3661556 ], [ 134.5770721, 7.3663168 ], [ 134.5770416, 7.3664165 ], [ 134.5770264, 7.3664556 ], [ 134.576889, 7.3665443 ], [ 134.5767059, 7.3667111 ], [ 134.5765839, 7.3669725 ], [ 134.5765228, 7.3672442 ], [ 134.5764465, 7.3675084 ], [ 134.576416, 7.3677363 ], [ 134.5763245, 7.3679137 ], [ 134.5761871, 7.3681417 ], [ 134.5761566, 7.3683581 ], [ 134.5761108, 7.3684692 ], [ 134.5760498, 7.3686166 ], [ 134.576004, 7.3686137 ], [ 134.575943, 7.3686085 ], [ 134.5758362, 7.3686361 ], [ 134.57563780000001, 7.3688779 ], [ 134.575531, 7.3691249 ], [ 134.575180100000011, 7.369339 ], [ 134.5749664, 7.3693166 ], [ 134.574585, 7.3694415 ], [ 134.5743256, 7.3695502 ], [ 134.5741272, 7.3696556 ], [ 134.5739441, 7.3697863 ], [ 134.5737915, 7.369997 ], [ 134.5736542, 7.3701029 ], [ 134.5731049, 7.3702335 ], [ 134.5729828, 7.3702612 ], [ 134.57276920000001, 7.3703332 ], [ 134.5725555, 7.3703775 ], [ 134.5723267, 7.370389 ], [ 134.5722046, 7.3704305 ], [ 134.57180790000001, 7.3704414 ], [ 134.5717773, 7.3705111 ], [ 134.5717163, 7.3704166 ], [ 134.571563700000013, 7.3703499 ], [ 134.571228, 7.3702831 ], [ 134.5711823, 7.3701057 ], [ 134.5708923, 7.369875 ], [ 134.57070920000001, 7.3697472 ], [ 134.5703125, 7.3695889 ], [ 134.570114100000012, 7.3695526 ], [ 134.569900499999989, 7.3695335 ], [ 134.5697784, 7.369575 ], [ 134.5696716, 7.3696528 ], [ 134.5695801, 7.3697305 ], [ 134.5695801, 7.3697972 ], [ 134.5694733, 7.3698111 ], [ 134.5693207, 7.3697972 ], [ 134.5691986, 7.3698082 ], [ 134.569152800000012, 7.3696942 ], [ 134.568985, 7.3696141 ], [ 134.5688477, 7.3696165 ], [ 134.5687714, 7.369647 ], [ 134.5687103, 7.3695946 ], [ 134.568634, 7.3696251 ], [ 134.568588299999988, 7.3696165 ], [ 134.5685272, 7.3695278 ], [ 134.5684815, 7.3695025 ], [ 134.5684052, 7.3695693 ], [ 134.568328900000012, 7.3695359 ], [ 134.5682373, 7.369453 ], [ 134.5681763, 7.3693557 ], [ 134.5677643, 7.3691387 ], [ 134.567504899999989, 7.3690805 ], [ 134.56735230000001, 7.3689861 ], [ 134.567138699999987, 7.3689332 ], [ 134.5662994, 7.3690639 ], [ 134.5660095, 7.3691692 ], [ 134.565933199999989, 7.3693113 ], [ 134.5657654, 7.3703556 ], [ 134.5655212, 7.370872 ], [ 134.5653687, 7.3708167 ], [ 134.5655518, 7.3703361 ], [ 134.565567, 7.3701749 ], [ 134.5654602, 7.3699307 ], [ 134.565078699999987, 7.3695998 ], [ 134.56495670000001, 7.3694501 ], [ 134.564682, 7.3691888 ], [ 134.564621, 7.3691611 ], [ 134.564621, 7.3690195 ], [ 134.564682, 7.3688722 ], [ 134.564712500000013, 7.3686972 ], [ 134.5646362, 7.3685751 ], [ 134.564361600000012, 7.3683305 ], [ 134.564239500000014, 7.3681002 ], [ 134.564224200000012, 7.3680749 ], [ 134.563751200000013, 7.3678193 ], [ 134.5635834, 7.3677054 ], [ 134.563385, 7.3677111 ], [ 134.5631409, 7.3679776 ], [ 134.5630951, 7.3679667 ], [ 134.5630035, 7.3680582 ], [ 134.5629578, 7.3681612 ], [ 134.5628815, 7.3679695 ], [ 134.562789900000013, 7.3677502 ], [ 134.5626526, 7.3676086 ], [ 134.5624542, 7.3675194 ], [ 134.5622864, 7.3674026 ], [ 134.562194799999986, 7.367311 ], [ 134.562194799999986, 7.3670111 ], [ 134.5621491, 7.3669028 ], [ 134.5620422, 7.3668389 ], [ 134.5620117, 7.3665609 ], [ 134.5619659, 7.3663416 ], [ 134.5618134, 7.3661165 ], [ 134.561843900000014, 7.3660359 ], [ 134.5618591, 7.3658891 ], [ 134.561843900000014, 7.3654499 ], [ 134.5617523, 7.3651362 ], [ 134.561554, 7.3645916 ], [ 134.561477700000012, 7.3644862 ], [ 134.5614166, 7.364286 ], [ 134.5611725, 7.3639474 ], [ 134.5610504, 7.3638387 ], [ 134.5609589, 7.3637943 ], [ 134.5609131, 7.363811 ], [ 134.560882600000014, 7.3637776 ], [ 134.5609436, 7.3636918 ], [ 134.5609283, 7.3636279 ], [ 134.560882600000014, 7.3636193 ], [ 134.5608063, 7.363647 ], [ 134.560760499999986, 7.3636389 ], [ 134.5607147, 7.3635721 ], [ 134.560745200000014, 7.3635387 ], [ 134.5609589, 7.3635082 ], [ 134.56111150000001, 7.3634501 ], [ 134.561126699999988, 7.3633752 ], [ 134.5610809, 7.3631859 ], [ 134.561126699999988, 7.3630776 ], [ 134.5611877, 7.3630748 ], [ 134.5612183, 7.3631611 ], [ 134.5612946, 7.363214 ], [ 134.5614014, 7.3632417 ], [ 134.561615, 7.3633361 ], [ 134.5618744, 7.3633332 ], [ 134.562027, 7.3633862 ], [ 134.5622406, 7.3633971 ], [ 134.5626373, 7.3633084 ], [ 134.5627289, 7.3632665 ], [ 134.5627747, 7.3631415 ], [ 134.562698399999988, 7.3629193 ] ] } },
{ "type": "Feature", "properties": { "RCID": 273, "PRIM": 2, "GRUP": 2, "OBJL": 30, "RVER": 1, "AGEN": 550, "FIDN": 248112406, "FIDS": 9, "LNAM": "02260EC9E5160009", "LNAM_REFS": null, "FFPT_RIND": null, "CATCOA": null, "COLOUR": null, "CONRAD": null, "CONVIS": null, "ELEVAT": null, "NOBJNM": null, "OBJNAM": null, "VERACC": null, "VERDAT": null, "INFORM": null, "NINFOM": null, "NTXTDS": null, "PICREP": null, "SCAMAX": null, "SCAMIN": null, "TXTDSC": null, "RECDAT": null, "RECIND": null, "SORDAT": "20150206", "SORIND": "US,US,reprt,L-246-2015", "_enc_cell": "US4TB3P0" }, "geometry": { "type": "LineString", "coordinates": [ [ 134.5618897, 7.3584805 ], [ 134.5618591, 7.3585081 ], [ 134.561843900000014, 7.3585167 ], [ 134.561554, 7.3584695 ], [ 134.561355600000013, 7.3584609 ], [ 134.5612793, 7.3584557 ], [ 134.5612793, 7.3584776 ], [ 134.561203, 7.3589139 ], [ 134.56111150000001, 7.3589001 ], [ 134.5610657, 7.3591442 ], [ 134.5610046, 7.3591418 ] ] } },
{ "type": "Feature", "properties": { "RCID": 274, "PRIM": 2, "GRUP": 2, "OBJL": 30, "RVER": 1, "AGEN": 550, "FIDN": 831815176, "FIDS": 9, "LNAM": "022631947E080009", "LNAM_REFS": null, "FFPT_RIND": null, "CATCOA": null, "COLOUR": null, "CONRAD": null, "CONVIS": null, "ELEVAT": null, "NOBJNM": null, "OBJNAM": null, "VERACC": null, "VERDAT": null, "INFORM": null, "NINFOM": null, "NTXTDS": null, "PICREP": null, "SCAMAX": null, "SCAMIN": null, "TXTDSC": null, "RECDAT": null, "RECIND": null, "SORDAT": "20150206", "SORIND": "US,US,reprt,L-246-2015", "_enc_cell": "US4TB3P0" }, "geometry": { "type": "LineString", "coordinates": [ [ 134.5484384, 7.3298001 ], [ 134.5483093, 7.329978 ], [ 134.5481567, 7.3301554 ], [ 134.5480042, 7.3302751 ], [ 134.547821, 7.3303528 ], [ 134.5477142, 7.3304915 ], [ 134.5476074, 7.3306279 ], [ 134.547546399999987, 7.330997 ], [ 134.547531099999986, 7.3311224 ], [ 134.547561699999989, 7.3311667 ], [ 134.5475769, 7.3311944 ], [ 134.5479279, 7.3312721 ], [ 134.5480957, 7.3313389 ], [ 134.548172, 7.331439 ], [ 134.5481873, 7.331728 ], [ 134.5481567, 7.3318749 ], [ 134.5480652, 7.3320332 ], [ 134.5480804, 7.3322415 ], [ 134.5481873, 7.3323665 ], [ 134.5483093, 7.3324332 ], [ 134.54837040000001, 7.3324137 ], [ 134.5485535, 7.3322444 ], [ 134.5486908, 7.3321834 ], [ 134.5487824, 7.3319082 ], [ 134.5489044, 7.3318 ], [ 134.5490112, 7.3317833 ], [ 134.5490723, 7.3317137 ], [ 134.5490723, 7.3316026 ], [ 134.549194300000011, 7.3314276 ], [ 134.549408, 7.3313026 ], [ 134.5495453, 7.3312779 ], [ 134.5495606, 7.331203 ], [ 134.5495453, 7.3310919 ], [ 134.549484299999989, 7.3310418 ], [ 134.549194300000011, 7.3309526 ], [ 134.5490265, 7.3309526 ], [ 134.5489197, 7.3309779 ], [ 134.548858599999988, 7.3309169 ], [ 134.548858599999988, 7.3308001 ], [ 134.5489044, 7.3306804 ], [ 134.5489655, 7.3306027 ], [ 134.549087500000013, 7.3305221 ], [ 134.5491486, 7.3303499 ], [ 134.5491581, 7.3303355 ], [ 134.5492401, 7.3302112 ], [ 134.5493164, 7.330153 ], [ 134.5494232, 7.330153 ], [ 134.5495606, 7.3302002 ], [ 134.5496674, 7.3302612 ], [ 134.5497742, 7.3302808 ], [ 134.5497894, 7.3301721 ], [ 134.5497437, 7.330164 ], [ 134.549697900000012, 7.3300891 ], [ 134.5496674, 7.3299527 ], [ 134.5496521, 7.3297668 ], [ 134.5497131, 7.3295169 ], [ 134.5497894, 7.3294082 ], [ 134.5497284, 7.3293333 ], [ 134.549469, 7.3292751 ], [ 134.549057, 7.3293529 ], [ 134.5489197, 7.3293581 ], [ 134.5487671, 7.3294554 ], [ 134.5487061, 7.3295693 ], [ 134.548584, 7.3296862 ], [ 134.5484467, 7.3297887 ], [ 134.5484384, 7.3298001 ] ] } },
{ "type": "Feature", "properties": { "RCID": 275, "PRIM": 2, "GRUP": 2, "OBJL": 30, "RVER": 1, "AGEN": 550, "FIDN": 939817724, "FIDS": 9, "LNAM": "022638047AFC0009", "LNAM_REFS": null, "FFPT_RIND": null, "CATCOA": null, "COLOUR": null, "CONRAD": null, "CONVIS": null, "ELEVAT": null, "NOBJNM": null, "OBJNAM": null, "VERACC": null, "VERDAT": null, "INFORM": null, "NINFOM": null, "NTXTDS": null, "PICREP": null, "SCAMAX": null, "SCAMIN": null, "TXTDSC": null, "RECDAT": null, "RECIND": null, "SORDAT": "20150206", "SORIND": "US,US,reprt,L-246-2015", "_enc_cell": "US4TB3P0" }, "geometry": { "type": "LineString", "coordinates": [ [ 134.54788210000001, 7.3292084 ], [ 134.547897299999988, 7.3292141 ], [ 134.5479431, 7.3292251 ], [ 134.5480042, 7.3291721 ], [ 134.548019399999987, 7.3291111 ], [ 134.5479736, 7.3290443 ], [ 134.5479584, 7.3290248 ], [ 134.5479279, 7.3289805 ], [ 134.5478363, 7.328989 ], [ 134.5478058, 7.3290305 ], [ 134.5477905, 7.3290639 ], [ 134.547821, 7.3291502 ], [ 134.54788210000001, 7.3292084 ] ] } },
{ "type": "Feature", "properties": { "RCID": 276, "PRIM": 2, "GRUP": 2, "OBJL": 30, "RVER": 1, "AGEN": 550, "FIDN": 865845358, "FIDS": 9, "LNAM": "0226339BC06E0009", "LNAM_REFS": null, "FFPT_RIND": null, "CATCOA": null, "COLOUR": null, "CONRAD": null, "CONVIS": null, "ELEVAT": null, "NOBJNM": null, "OBJNAM": null, "VERACC": null, "VERDAT": null, "INFORM": null, "NINFOM": null, "NTXTDS": null, "PICREP": null, "SCAMAX": null, "SCAMIN": null, "TXTDSC": null, "RECDAT": null, "RECIND": null, "SORDAT": "20150206", "SORIND": "US,US,reprt,L-246-2015", "_enc_cell": "US4TB3P0" }, "geometry": { "type": "LineString", "coordinates": [ [ 134.5326996, 7.3450141 ], [ 134.5326843, 7.3453527 ], [ 134.5327148, 7.3454223 ], [ 134.5328522, 7.3455138 ], [ 134.5329437, 7.3456807 ], [ 134.533004799999986, 7.3458557 ], [ 134.5331726, 7.345911 ], [ 134.5331879, 7.3459806 ], [ 134.5332642, 7.3460555 ], [ 134.533721899999989, 7.3463502 ], [ 134.5337982, 7.346386 ], [ 134.5339203, 7.3465085 ], [ 134.533966099999986, 7.3465443 ], [ 134.5341492, 7.3465304 ], [ 134.5341492, 7.3463554 ], [ 134.5342865, 7.3462696 ], [ 134.5343781, 7.3462305 ], [ 134.5346527, 7.3462391 ], [ 134.5348358, 7.3462195 ], [ 134.5349426, 7.3461609 ], [ 134.535018900000011, 7.3460946 ], [ 134.5350952, 7.3459859 ], [ 134.5351257, 7.3457222 ], [ 134.5351715, 7.3456359 ], [ 134.5352631, 7.3456054 ], [ 134.5354309, 7.3453665 ], [ 134.535522500000013, 7.3453169 ], [ 134.5355682, 7.3451943 ], [ 134.535553, 7.3450947 ], [ 134.5355377, 7.3450556 ], [ 134.535553, 7.3449831 ], [ 134.5355835, 7.3449445 ], [ 134.5355988, 7.3448973 ], [ 134.5358276, 7.3448668 ], [ 134.5359345, 7.3447223 ], [ 134.536026, 7.3446307 ], [ 134.53610230000001, 7.3445249 ], [ 134.5361328, 7.3444276 ], [ 134.53610230000001, 7.344111 ], [ 134.5360413, 7.3440557 ], [ 134.535965, 7.3438888 ], [ 134.535995500000013, 7.3437748 ], [ 134.535995500000013, 7.3435974 ], [ 134.5359345, 7.343472 ], [ 134.5358124, 7.3432641 ], [ 134.5357971, 7.3431473 ], [ 134.5357361, 7.3430638 ], [ 134.5356751, 7.342936 ], [ 134.5357056, 7.3428502 ], [ 134.535751299999987, 7.3428888 ], [ 134.535751299999987, 7.3429527 ], [ 134.5358124, 7.3430224 ], [ 134.535965, 7.3431058 ], [ 134.5358582, 7.3431668 ], [ 134.535873400000014, 7.343214 ], [ 134.5359039, 7.3432946 ], [ 134.535980200000012, 7.3433585 ], [ 134.5361633, 7.3434501 ], [ 134.5362701, 7.3434529 ], [ 134.5363312, 7.3434057 ], [ 134.536361699999986, 7.343339 ], [ 134.536346400000014, 7.3432474 ], [ 134.536361699999986, 7.3431554 ], [ 134.5363312, 7.3431139 ], [ 134.536254899999989, 7.3430696 ], [ 134.5361786, 7.34305 ], [ 134.53610230000001, 7.3430529 ], [ 134.53610230000001, 7.3429942 ], [ 134.5361633, 7.3429251 ], [ 134.5362091, 7.342947 ], [ 134.5362701, 7.3429418 ], [ 134.5363159, 7.3429027 ], [ 134.5363312, 7.342814 ], [ 134.536377, 7.342803 ], [ 134.5364227, 7.342711 ], [ 134.536438, 7.3426137 ], [ 134.536483800000013, 7.3425584 ], [ 134.5365448, 7.3423863 ], [ 134.53657530000001, 7.3419752 ], [ 134.5366516, 7.3416529 ], [ 134.53671270000001, 7.3415527 ], [ 134.53671270000001, 7.3414192 ], [ 134.5366821, 7.3411946 ], [ 134.536743199999989, 7.3411584 ], [ 134.5368195, 7.3410363 ], [ 134.5368652, 7.340889 ], [ 134.5369263, 7.3407502 ], [ 134.536956800000013, 7.3406196 ], [ 134.5370026, 7.3400278 ], [ 134.5369873, 7.3398113 ], [ 134.5370483, 7.3397307 ], [ 134.5370331, 7.3396778 ], [ 134.53706360000001, 7.3395777 ], [ 134.5371246, 7.339561 ], [ 134.537200899999988, 7.3394585 ], [ 134.5373993, 7.3391333 ], [ 134.5375061, 7.338975 ], [ 134.5375977, 7.3388195 ], [ 134.537674, 7.338747 ], [ 134.5378723, 7.3385363 ], [ 134.5378723, 7.3383389 ], [ 134.5380096, 7.3379502 ], [ 134.5381012, 7.3377695 ], [ 134.538162199999988, 7.3374944 ], [ 134.538284299999987, 7.3374276 ], [ 134.5385284, 7.3370943 ], [ 134.5385895, 7.3369694 ], [ 134.5386658, 7.3368807 ], [ 134.538772599999987, 7.336822 ], [ 134.538879400000013, 7.3365998 ], [ 134.539123499999988, 7.3364248 ], [ 134.5391998, 7.3363195 ], [ 134.5392914, 7.3362417 ], [ 134.5393066, 7.3360748 ], [ 134.5393982, 7.3360724 ], [ 134.539489800000013, 7.3357973 ], [ 134.5397797, 7.3356972 ], [ 134.5401306, 7.3356609 ], [ 134.5402679, 7.3356252 ], [ 134.54039, 7.3355694 ], [ 134.5405273, 7.3355751 ], [ 134.5405121, 7.3354807 ], [ 134.5406342, 7.3354859 ], [ 134.540741, 7.3355389 ], [ 134.5408478, 7.3354836 ], [ 134.5409851, 7.3354778 ], [ 134.5412598, 7.3354306 ], [ 134.5413361, 7.3353725 ], [ 134.5414429, 7.33535 ], [ 134.5419617, 7.3352776 ], [ 134.5420685, 7.3352165 ], [ 134.5423279, 7.3352027 ], [ 134.542480500000011, 7.3351779 ], [ 134.5425415, 7.3351278 ], [ 134.5426483, 7.3349862 ], [ 134.5428009, 7.3349557 ], [ 134.5430298, 7.3349695 ], [ 134.5432892, 7.335011 ], [ 134.54342650000001, 7.335053 ], [ 134.543685900000014, 7.335228 ], [ 134.543792700000012, 7.3352723 ], [ 134.5438995, 7.3352585 ], [ 134.5440064, 7.3352027 ], [ 134.5441437, 7.3351665 ], [ 134.5442505, 7.3350778 ], [ 134.5444183, 7.3349972 ], [ 134.5445862, 7.3349443 ], [ 134.544662499999987, 7.3348475 ], [ 134.5447235, 7.3347998 ], [ 134.544891400000012, 7.3347526 ], [ 134.545013399999988, 7.3347278 ], [ 134.5455322, 7.3348389 ], [ 134.545639, 7.3347859 ], [ 134.545730600000013, 7.334722 ], [ 134.545837400000011, 7.3344889 ], [ 134.5459137, 7.3344002 ], [ 134.5461426, 7.3343582 ], [ 134.546203600000013, 7.3342891 ], [ 134.5463562, 7.3342695 ], [ 134.5465088, 7.3342748 ], [ 134.5466309, 7.3343139 ], [ 134.5467835, 7.3342695 ], [ 134.5468292, 7.3342333 ], [ 134.5467835, 7.3341193 ], [ 134.5467377, 7.3340859 ], [ 134.5467224, 7.3340387 ], [ 134.5467835, 7.3339558 ], [ 134.546707199999986, 7.3338666 ], [ 134.5467835, 7.3338113 ], [ 134.546875, 7.3336749 ], [ 134.546875, 7.3335166 ], [ 134.546814, 7.3332195 ], [ 134.5468597, 7.3331113 ], [ 134.5469208, 7.3329945 ], [ 134.547164900000013, 7.3327613 ], [ 134.5473938, 7.3323445 ], [ 134.5475769, 7.3321056 ], [ 134.5476074, 7.3319197 ], [ 134.5475922, 7.3317862 ], [ 134.547637900000012, 7.3317056 ], [ 134.547637900000012, 7.3316474 ], [ 134.5475922, 7.3315058 ], [ 134.547546399999987, 7.3314471 ], [ 134.5474854, 7.331461 ], [ 134.5474701, 7.3315029 ], [ 134.54740910000001, 7.3314972 ], [ 134.5473938, 7.3314748 ], [ 134.547424299999989, 7.3314419 ], [ 134.54740910000001, 7.3313999 ], [ 134.5474701, 7.3313112 ], [ 134.5474701, 7.3312554 ], [ 134.547424299999989, 7.3312416 ], [ 134.547348, 7.3312721 ], [ 134.547226, 7.3313446 ], [ 134.547073399999988, 7.331461 ], [ 134.5467529, 7.3314195 ], [ 134.5466156, 7.3314695 ], [ 134.5465241, 7.3315306 ], [ 134.5463409, 7.3317165 ], [ 134.5462647, 7.331728 ], [ 134.5462341, 7.3316112 ], [ 134.5461731, 7.3314972 ], [ 134.546203600000013, 7.3314304 ], [ 134.5463409, 7.3312721 ], [ 134.546463, 7.3311973 ], [ 134.5465088, 7.3311167 ], [ 134.5466003, 7.3309474 ], [ 134.5466309, 7.3308249 ], [ 134.546707199999986, 7.3307276 ], [ 134.5467835, 7.3306637 ], [ 134.546875, 7.3306165 ], [ 134.5469666, 7.3305998 ], [ 134.5470123, 7.3306193 ], [ 134.547058099999987, 7.3305974 ], [ 134.5470886, 7.3305335 ], [ 134.54727170000001, 7.3305388 ], [ 134.5473175, 7.3305693 ], [ 134.54740910000001, 7.3305168 ], [ 134.5476227, 7.3304887 ], [ 134.547653200000013, 7.3304305 ], [ 134.547653200000013, 7.3303638 ], [ 134.5476227, 7.3302527 ], [ 134.547653200000013, 7.3301196 ], [ 134.547668499999986, 7.3299666 ], [ 134.547637900000012, 7.329864 ], [ 134.5477448, 7.3296084 ], [ 134.5477295, 7.3295112 ], [ 134.547668499999986, 7.3294835 ], [ 134.5475922, 7.3295054 ], [ 134.5471954, 7.3295388 ], [ 134.5471191, 7.3295665 ], [ 134.5470276, 7.3296447 ], [ 134.5469208, 7.3296723 ], [ 134.546707199999986, 7.3296609 ], [ 134.546585099999987, 7.329689 ], [ 134.546402, 7.3297863 ], [ 134.5462647, 7.3299527 ], [ 134.5461731, 7.3299499 ], [ 134.546096799999987, 7.3299165 ], [ 134.5459442, 7.3297558 ], [ 134.5458832, 7.3297582 ], [ 134.5458069, 7.3298054 ], [ 134.5454407, 7.3296666 ], [ 134.5454102, 7.329639 ], [ 134.5453949, 7.3294945 ], [ 134.5453186, 7.3293834 ], [ 134.545242300000012, 7.3293028 ], [ 134.544784600000014, 7.3291721 ], [ 134.54438780000001, 7.3291831 ], [ 134.5443115, 7.3291416 ], [ 134.544281, 7.329072 ], [ 134.544281, 7.3289971 ], [ 134.544067399999989, 7.3288388 ], [ 134.5438995, 7.3287721 ], [ 134.5437775, 7.3287582 ], [ 134.5436707, 7.328814 ], [ 134.5435028, 7.3290224 ], [ 134.543441800000011, 7.3291526 ], [ 134.5432739, 7.3294416 ], [ 134.5430756, 7.3297248 ], [ 134.5429993, 7.3297834 ], [ 134.542739899999987, 7.3298807 ], [ 134.542617799999988, 7.3298998 ], [ 134.5425415, 7.3298974 ], [ 134.5424652, 7.3298416 ], [ 134.542236300000013, 7.3298583 ], [ 134.542007500000011, 7.3300057 ], [ 134.5419617, 7.3300695 ], [ 134.54199220000001, 7.3301249 ], [ 134.54199220000001, 7.3302498 ], [ 134.5420685, 7.3303418 ], [ 134.5417023, 7.330411 ], [ 134.541290299999986, 7.3307138 ], [ 134.541168199999987, 7.3307557 ], [ 134.5410767, 7.3307056 ], [ 134.5410156, 7.3307166 ], [ 134.5410004, 7.33075 ], [ 134.5407562, 7.3307834 ], [ 134.5406189, 7.3309054 ], [ 134.5404663, 7.3308196 ], [ 134.5402527, 7.330864 ], [ 134.539840700000013, 7.3308196 ], [ 134.5395508, 7.3308334 ], [ 134.5392151, 7.3307915 ], [ 134.5389099, 7.3307276 ], [ 134.538894699999986, 7.3307109 ], [ 134.5388184, 7.3306332 ], [ 134.5387421, 7.3306141 ], [ 134.538650499999989, 7.3306332 ], [ 134.5385895, 7.3305583 ], [ 134.538513200000011, 7.3305359 ], [ 134.5384674, 7.3304973 ], [ 134.538391100000013, 7.3305111 ], [ 134.5383301, 7.3305917 ], [ 134.538284299999987, 7.3306832 ], [ 134.538284299999987, 7.3307586 ], [ 134.538208, 7.3307943 ], [ 134.5381165, 7.3308249 ], [ 134.5379944, 7.3307724 ], [ 134.5378571, 7.3307777 ], [ 134.537674, 7.3303776 ], [ 134.5376587, 7.3302002 ], [ 134.537735, 7.3299141 ], [ 134.5378723, 7.3296332 ], [ 134.537933399999986, 7.329525 ], [ 134.538024900000011, 7.3294611 ], [ 134.5380554, 7.3293724 ], [ 134.5380096, 7.3292804 ], [ 134.537902800000012, 7.3291946 ], [ 134.537689199999988, 7.3291249 ], [ 134.5376434, 7.3290944 ], [ 134.53753660000001, 7.3291054 ], [ 134.5374146, 7.3291388 ], [ 134.537307700000014, 7.3291998 ], [ 134.537078900000012, 7.3290863 ], [ 134.536956800000013, 7.3291583 ], [ 134.536972100000014, 7.3293276 ], [ 134.537200899999988, 7.3296084 ], [ 134.5371246, 7.3296971 ], [ 134.536972100000014, 7.3298359 ], [ 134.536911, 7.3299112 ], [ 134.53685, 7.3300581 ], [ 134.536743199999989, 7.3301668 ], [ 134.5366516, 7.3301306 ], [ 134.5365448, 7.3301611 ], [ 134.536468500000012, 7.3302751 ], [ 134.536346400000014, 7.3302417 ], [ 134.536254899999989, 7.3302779 ], [ 134.5361786, 7.330225 ], [ 134.5358124, 7.330122 ], [ 134.535751299999987, 7.3301249 ], [ 134.5357056, 7.3301945 ], [ 134.5355835, 7.3301973 ], [ 134.535522500000013, 7.3302307 ], [ 134.535491900000011, 7.3301473 ], [ 134.5354462, 7.3300443 ], [ 134.5354462, 7.3298307 ], [ 134.5353699, 7.3297248 ], [ 134.5353241, 7.3295999 ], [ 134.535293599999989, 7.329411 ], [ 134.5353088, 7.3293085 ], [ 134.5353088, 7.3291502 ], [ 134.5352478, 7.3290696 ], [ 134.5352325, 7.3289776 ], [ 134.5353088, 7.3288417 ], [ 134.5353546, 7.3287082 ], [ 134.535400399999986, 7.3286252 ], [ 134.535491900000011, 7.3285418 ], [ 134.535614, 7.3284693 ], [ 134.5356903, 7.3283863 ], [ 134.5357056, 7.3283 ], [ 134.535553, 7.3280387 ], [ 134.5354614, 7.3277583 ], [ 134.535385100000013, 7.3274889 ], [ 134.5353699, 7.3272748 ], [ 134.535400399999986, 7.3271279 ], [ 134.5354767, 7.3269529 ], [ 134.5355835, 7.326797 ], [ 134.5356598, 7.3267279 ], [ 134.5356751, 7.3266335 ], [ 134.535614, 7.3265834 ], [ 134.535522500000013, 7.3265557 ], [ 134.535034200000013, 7.326622 ], [ 134.5348663, 7.3266029 ], [ 134.5347138, 7.3266277 ], [ 134.534561200000013, 7.3266277 ], [ 134.534454399999987, 7.326611 ], [ 134.5343475, 7.326561 ], [ 134.5342712, 7.3265085 ], [ 134.5342712, 7.3264251 ], [ 134.5342407, 7.3263474 ], [ 134.534057600000011, 7.3262777 ], [ 134.5340424, 7.3262081 ], [ 134.5339966, 7.3261585 ], [ 134.5339356, 7.3261666 ], [ 134.533905, 7.3262081 ], [ 134.533783, 7.3262277 ], [ 134.533721899999989, 7.3262639 ], [ 134.5336914, 7.3263946 ], [ 134.5336609, 7.326447 ], [ 134.5336609, 7.3266611 ], [ 134.5336456, 7.3267279 ], [ 134.5336609, 7.3267918 ], [ 134.533721899999989, 7.3268304 ], [ 134.5338135, 7.3269391 ], [ 134.533859299999989, 7.3270359 ], [ 134.5340424, 7.3271694 ], [ 134.5341034, 7.3272834 ], [ 134.5341339, 7.3274026 ], [ 134.53417970000001, 7.3274808 ], [ 134.534256, 7.3276334 ], [ 134.5342865, 7.3277555 ], [ 134.5342407, 7.327836 ], [ 134.53417970000001, 7.3278861 ], [ 134.534072900000012, 7.3279362 ], [ 134.533950800000014, 7.3280335 ], [ 134.5338745, 7.3281388 ], [ 134.533844, 7.3282418 ], [ 134.533844, 7.328536 ], [ 134.5339356, 7.3288446 ], [ 134.5339966, 7.328928 ], [ 134.5341034, 7.3292947 ], [ 134.534195, 7.3294416 ], [ 134.5342102, 7.3295584 ], [ 134.5341644, 7.3295889 ], [ 134.53417970000001, 7.3296723 ], [ 134.5343018, 7.3298945 ], [ 134.534317, 7.3300943 ], [ 134.5342865, 7.3301835 ], [ 134.5342865, 7.3302331 ], [ 134.5343018, 7.3302693 ], [ 134.5342865, 7.3303695 ], [ 134.534317, 7.3304777 ], [ 134.53417970000001, 7.3306141 ], [ 134.5341339, 7.3307276 ], [ 134.5341644, 7.3308029 ], [ 134.5343781, 7.330914 ], [ 134.534423800000013, 7.3309779 ], [ 134.5345764, 7.3315582 ], [ 134.5344696, 7.3318472 ], [ 134.5345001, 7.3320446 ], [ 134.534439099999986, 7.3320417 ], [ 134.5343781, 7.3319359 ], [ 134.534439099999986, 7.3316026 ], [ 134.5343933, 7.3315582 ], [ 134.534332299999988, 7.3315697 ], [ 134.5342712, 7.331522 ], [ 134.5342712, 7.3314276 ], [ 134.5343475, 7.3313417 ], [ 134.5343781, 7.3312197 ], [ 134.5343781, 7.3310447 ], [ 134.53417970000001, 7.3309193 ], [ 134.5340881, 7.3309445 ], [ 134.534057600000011, 7.3310165 ], [ 134.534057600000011, 7.3311138 ], [ 134.5339356, 7.3313055 ], [ 134.5340118, 7.3314529 ], [ 134.5341034, 7.3314529 ], [ 134.5341339, 7.3314943 ], [ 134.5341187, 7.3315582 ], [ 134.533966099999986, 7.3316193 ], [ 134.5338898, 7.331686 ], [ 134.533828699999987, 7.3317695 ], [ 134.5337524, 7.3319612 ], [ 134.5338135, 7.3320947 ], [ 134.5338745, 7.3323054 ], [ 134.533950800000014, 7.3323751 ], [ 134.5343018, 7.3324113 ], [ 134.5344086, 7.3323779 ], [ 134.534454399999987, 7.3322973 ], [ 134.5345154, 7.3323751 ], [ 134.534530600000011, 7.3325725 ], [ 134.5345917, 7.3326778 ], [ 134.5345917, 7.3327665 ], [ 134.534561200000013, 7.3329196 ], [ 134.5345917, 7.3331361 ], [ 134.534668, 7.3332696 ], [ 134.5348816, 7.3334889 ], [ 134.534927399999987, 7.3335834 ], [ 134.5348969, 7.3337526 ], [ 134.5350494, 7.3339415 ], [ 134.5351257, 7.3339887 ], [ 134.5352173, 7.3340836 ], [ 134.535293599999989, 7.3342114 ], [ 134.5353088, 7.334311 ], [ 134.5350647, 7.3345251 ], [ 134.535034200000013, 7.3346276 ], [ 134.535034200000013, 7.3347082 ], [ 134.5350647, 7.3347917 ], [ 134.5351257, 7.3348446 ], [ 134.5352631, 7.3350639 ], [ 134.5353699, 7.335125 ], [ 134.535400399999986, 7.3352056 ], [ 134.5353394, 7.3353529 ], [ 134.5353241, 7.3354583 ], [ 134.5353699, 7.3355861 ], [ 134.5353546, 7.3356972 ], [ 134.5353699, 7.335814 ], [ 134.5354462, 7.3358526 ], [ 134.5354767, 7.335928 ], [ 134.5354462, 7.3359833 ], [ 134.5353241, 7.3360724 ], [ 134.535293599999989, 7.3363752 ], [ 134.5353088, 7.3364582 ], [ 134.53508, 7.3364363 ], [ 134.535018900000011, 7.3365054 ], [ 134.5348969, 7.3367224 ], [ 134.534805299999988, 7.3368001 ], [ 134.5346527, 7.3368554 ], [ 134.534530600000011, 7.3368945 ], [ 134.5342865, 7.3368692 ], [ 134.5342102, 7.3368835 ], [ 134.5341339, 7.3370724 ], [ 134.534195, 7.3371973 ], [ 134.5342712, 7.3373361 ], [ 134.5342712, 7.3374391 ], [ 134.534317, 7.3375807 ], [ 134.5346222, 7.3380971 ], [ 134.5346985, 7.3381224 ], [ 134.534668, 7.3381972 ], [ 134.5346069, 7.3382917 ], [ 134.5345917, 7.3383889 ], [ 134.5346069, 7.3385887 ], [ 134.534668, 7.3386474 ], [ 134.5348511, 7.3387389 ], [ 134.534912100000014, 7.3387446 ], [ 134.5349426, 7.3390584 ], [ 134.5349884, 7.3391166 ], [ 134.5349426, 7.3391724 ], [ 134.5348663, 7.3391972 ], [ 134.53479, 7.3392501 ], [ 134.5346069, 7.3393502 ], [ 134.5345001, 7.3395166 ], [ 134.534439099999986, 7.3395443 ], [ 134.5344086, 7.3395138 ], [ 134.5343475, 7.339489 ], [ 134.534256, 7.3395472 ], [ 134.53417970000001, 7.3395724 ], [ 134.5341339, 7.339675 ], [ 134.5341339, 7.3397832 ], [ 134.533950800000014, 7.3398471 ], [ 134.533721899999989, 7.3399806 ], [ 134.5336456, 7.3400445 ], [ 134.5336151, 7.3401694 ], [ 134.5337677, 7.3403387 ], [ 134.533859299999989, 7.3404918 ], [ 134.533905, 7.3406334 ], [ 134.53417970000001, 7.3408527 ], [ 134.5341339, 7.3410335 ], [ 134.534072900000012, 7.3410554 ], [ 134.5340118, 7.3411279 ], [ 134.5339356, 7.3412333 ], [ 134.533859299999989, 7.3416972 ], [ 134.5339203, 7.3417554 ], [ 134.533950800000014, 7.3418474 ], [ 134.533905, 7.3420081 ], [ 134.533859299999989, 7.342072 ], [ 134.5337982, 7.3421278 ], [ 134.5337982, 7.3422141 ], [ 134.533828699999987, 7.3422751 ], [ 134.533844, 7.3424029 ], [ 134.533783, 7.3425026 ], [ 134.533599900000013, 7.3426251 ], [ 134.533477799999986, 7.342639 ], [ 134.5332031, 7.3425331 ], [ 134.5330505, 7.342453 ], [ 134.5329437, 7.3423529 ], [ 134.532882699999988, 7.3422055 ], [ 134.5327148, 7.3421888 ], [ 134.5326691, 7.3421278 ], [ 134.5326691, 7.3419943 ], [ 134.532608, 7.3418779 ], [ 134.5325317, 7.341661 ], [ 134.5325775, 7.3416224 ], [ 134.532547, 7.3415556 ], [ 134.5324707, 7.3415556 ], [ 134.532394399999987, 7.3415251 ], [ 134.5323181, 7.3414693 ], [ 134.5323181, 7.3413973 ], [ 134.5322113, 7.3413863 ], [ 134.5321655, 7.3413391 ], [ 134.5322266, 7.3412666 ], [ 134.532196, 7.3411555 ], [ 134.532150300000012, 7.3411164 ], [ 134.532028200000013, 7.3410668 ], [ 134.5319519, 7.3409944 ], [ 134.5318756, 7.3409305 ], [ 134.5311585, 7.3408222 ], [ 134.5310364, 7.3408637 ], [ 134.5307922, 7.3410306 ], [ 134.5307922, 7.3411112 ], [ 134.53082280000001, 7.3412194 ], [ 134.5307617, 7.3413167 ], [ 134.5307159, 7.3414307 ], [ 134.5307159, 7.3415499 ], [ 134.5307312, 7.3416333 ], [ 134.5306549, 7.3419418 ], [ 134.5304108, 7.342514 ], [ 134.5303803, 7.342628 ], [ 134.5304108, 7.3427639 ], [ 134.5306091, 7.3429751 ], [ 134.5306244, 7.3430529 ], [ 134.53068540000001, 7.3432055 ], [ 134.5307465, 7.3432832 ], [ 134.5308533, 7.3432641 ], [ 134.5308838, 7.3433418 ], [ 134.5308838, 7.3434558 ], [ 134.530944799999986, 7.3435168 ], [ 134.531051600000012, 7.3435445 ], [ 134.5311279, 7.3435359 ], [ 134.5312195, 7.3434558 ], [ 134.5313721, 7.3433833 ], [ 134.5315094, 7.3432808 ], [ 134.53164670000001, 7.343153 ], [ 134.531723, 7.3430028 ], [ 134.5317535, 7.3426862 ], [ 134.5318756, 7.3426194 ], [ 134.5319672, 7.3426056 ], [ 134.532028200000013, 7.3425388 ], [ 134.5321045, 7.3423777 ], [ 134.5321655, 7.342361 ], [ 134.5322418, 7.3423915 ], [ 134.532272299999988, 7.342453 ], [ 134.5323029, 7.3425694 ], [ 134.532287599999989, 7.3426609 ], [ 134.53225710000001, 7.3426919 ], [ 134.53225710000001, 7.3427472 ], [ 134.5323334, 7.3427863 ], [ 134.532394399999987, 7.3428669 ], [ 134.5325317, 7.3429527 ], [ 134.532623300000012, 7.3429694 ], [ 134.5327301, 7.3429637 ], [ 134.5328064, 7.3430057 ], [ 134.532898, 7.3430748 ], [ 134.5329437, 7.3431668 ], [ 134.5330353, 7.3432584 ], [ 134.5331421, 7.3432555 ], [ 134.5331574, 7.3432808 ], [ 134.533096300000011, 7.3433113 ], [ 134.5330811, 7.3433971 ], [ 134.5330811, 7.3434472 ], [ 134.53302, 7.3434305 ], [ 134.533004799999986, 7.3433862 ], [ 134.5329285, 7.3433666 ], [ 134.5326538, 7.3433723 ], [ 134.5325775, 7.3433919 ], [ 134.5324402, 7.343514 ], [ 134.5323181, 7.3436832 ], [ 134.5322113, 7.3440585 ], [ 134.5322113, 7.3441668 ], [ 134.5322266, 7.3442669 ], [ 134.5323334, 7.3444581 ], [ 134.5325928, 7.3446498 ], [ 134.532638600000013, 7.3447528 ], [ 134.5326996, 7.3449001 ] ] } },
{ "type": "Feature", "properties": { "RCID": 278, "PRIM": 2, "GRUP": 2, "OBJL": 30, "RVER": 1, "AGEN": 550, "FIDN": 987175179, "FIDS": 9, "LNAM": "02263AD7190B0009", "LNAM_REFS": null, "FFPT_RIND": null, "CATCOA": null, "COLOUR": null, "CONRAD": null, "CONVIS": null, "ELEVAT": null, "NOBJNM": null, "OBJNAM": null, "VERACC": null, "VERDAT": null, "INFORM": null, "NINFOM": null, "NTXTDS": null, "PICREP": null, "SCAMAX": null, "SCAMIN": null, "TXTDSC": null, "RECDAT": null, "RECIND": null, "SORDAT": "20150206", "SORIND": "US,US,reprt,L-246-2015", "_enc_cell": "US4TB3P0" }, "geometry": { "type": "LineString", "coordinates": [ [ 134.534683199999989, 7.3340306 ], [ 134.5347443, 7.3341279 ], [ 134.534805299999988, 7.3341861 ], [ 134.5348969, 7.3342195 ], [ 134.5349731, 7.3342166 ], [ 134.5350037, 7.334178 ], [ 134.535034200000013, 7.3340387 ], [ 134.5350037, 7.3340054 ], [ 134.534912100000014, 7.3339667 ], [ 134.53479, 7.3338637 ], [ 134.5347138, 7.3338833 ], [ 134.534668, 7.3339415 ], [ 134.534683199999989, 7.3340306 ] ] } },
{ "type": "Feature", "properties": { "RCID": 279, "PRIM": 2, "GRUP": 2, "OBJL": 30, "RVER": 1, "AGEN": 550, "FIDN": 691240708, "FIDS": 9, "LNAM": "022629337F040009", "LNAM_REFS": null, "FFPT_RIND": null, "CATCOA": null, "COLOUR": null, "CONRAD": null, "CONVIS": null, "ELEVAT": null, "NOBJNM": null, "OBJNAM": null, "VERACC": null, "VERDAT": null, "INFORM": null, "NINFOM": null, "NTXTDS": null, "PICREP": null, "SCAMAX": null, "SCAMIN": null, "TXTDSC": null, "RECDAT": null, "RECIND": null, "SORDAT": "20150206", "SORIND": "US,US,reprt,L-246-2015", "_enc_cell": "US4TB3P0" }, "geometry": { "type": "LineString", "coordinates": [ [ 134.5347138, 7.3485723 ], [ 134.5347748, 7.3484836 ], [ 134.53479, 7.3483558 ], [ 134.5345154, 7.3484111 ], [ 134.5344849, 7.3485055 ], [ 134.5345154, 7.3486137 ], [ 134.5346069, 7.3486223 ], [ 134.5347138, 7.3485723 ] ] } },
{ "type": "Feature", "properties": { "RCID": 280, "PRIM": 2, "GRUP": 2, "OBJL": 30, "RVER": 1, "AGEN": 550, "FIDN": 797051056, "FIDS": 9, "LNAM": "02262F8208B00009", "LNAM_REFS": null, "FFPT_RIND": null, "CATCOA": null, "COLOUR": null, "CONRAD": null, "CONVIS": null, "ELEVAT": null, "NOBJNM": null, "OBJNAM": null, "VERACC": null, "VERDAT": null, "INFORM": null, "NINFOM": null, "NTXTDS": null, "PICREP": null, "SCAMAX": null, "SCAMIN": null, "TXTDSC": null, "RECDAT": null, "RECIND": null, "SORDAT": "20150206", "SORIND": "US,US,reprt,L-246-2015", "_enc_cell": "US4TB3P0" }, "geometry": { "type": "LineString", "coordinates": [ [ 134.5323639, 7.3404999 ], [ 134.532272299999988, 7.3404803 ], [ 134.5322266, 7.340539 ], [ 134.5322113, 7.3406029 ], [ 134.53225710000001, 7.340672 ], [ 134.5323486, 7.340725 ], [ 134.5324554, 7.3407388 ], [ 134.532516500000014, 7.340714 ], [ 134.532516500000014, 7.3406444 ], [ 134.532501200000013, 7.34055 ], [ 134.5323639, 7.3404999 ] ] } },
{ "type": "Feature", "properties": { "RCID": 281, "PRIM": 2, "GRUP": 2, "OBJL": 30, "RVER": 1, "AGEN": 550, "FIDN": 213567702, "FIDS": 9, "LNAM": "02260CBAC8D60009", "LNAM_REFS": null, "FFPT_RIND": null, "CATCOA": null, "COLOUR": null, "CONRAD": null, "CONVIS": null, "ELEVAT": null, "NOBJNM": null, "OBJNAM": null, "VERACC": null, "VERDAT": null, "INFORM": null, "NINFOM": null, "NTXTDS": null, "PICREP": null, "SCAMAX": null, "SCAMIN": null, "TXTDSC": null, "RECDAT": null, "RECIND": null, "SORDAT": "20150206", "SORIND": "US,US,reprt,L-246-2015", "_enc_cell": "US4TB3P0" }, "geometry": { "type": "LineString", "coordinates": [ [ 134.5269623, 7.3494639 ], [ 134.5269013, 7.3493667 ], [ 134.5267639, 7.3492751 ], [ 134.5265808, 7.349225 ], [ 134.526413, 7.3492332 ], [ 134.526260400000012, 7.3492665 ], [ 134.5261841, 7.3493109 ], [ 134.5261688, 7.3493891 ], [ 134.5258637, 7.3496804 ], [ 134.5258637, 7.3497863 ], [ 134.5258789, 7.3498502 ], [ 134.5258637, 7.3499446 ], [ 134.5259247, 7.3500085 ], [ 134.526001, 7.3500085 ], [ 134.526031499999988, 7.3499556 ], [ 134.5261078, 7.3499193 ], [ 134.5261993, 7.3499332 ], [ 134.5263062, 7.3499751 ], [ 134.526748700000013, 7.3503056 ], [ 134.5270691, 7.3501387 ], [ 134.5271606, 7.3500667 ], [ 134.5272369, 7.3499665 ], [ 134.5272522, 7.3498278 ], [ 134.527221700000013, 7.3496666 ], [ 134.5271912, 7.349575 ], [ 134.5271301, 7.3495665 ], [ 134.527099600000014, 7.3496137 ], [ 134.5269623, 7.3494639 ] ] } },
{ "type": "Feature", "properties": { "RCID": 282, "PRIM": 2, "GRUP": 2, "OBJL": 30, "RVER": 1, "AGEN": 550, "FIDN": 999956076, "FIDS": 9, "LNAM": "02263B9A1E6C0009", "LNAM_REFS": null, "FFPT_RIND": null, "CATCOA": null, "COLOUR": null, "CONRAD": null, "CONVIS": null, "ELEVAT": null, "NOBJNM": null, "OBJNAM": null, "VERACC": null, "VERDAT": null, "INFORM": null, "NINFOM": null, "NTXTDS": null, "PICREP": null, "SCAMAX": null, "SCAMIN": null, "TXTDSC": null, "RECDAT": null, "RECIND": null, "SORDAT": "20150206", "SORIND": "US,US,reprt,L-246-2015", "_enc_cell": "US4TB3P0" }, "geometry": { "type": "LineString", "coordinates": [ [ 134.5166779, 7.3298998 ], [ 134.5166779, 7.3300109 ], [ 134.516876200000013, 7.3300419 ], [ 134.51712040000001, 7.3299141 ], [ 134.5171509, 7.3297029 ], [ 134.5170593, 7.3295026 ], [ 134.5170593, 7.3293972 ], [ 134.5169067, 7.3291197 ], [ 134.5167542, 7.3290081 ], [ 134.51663210000001, 7.3289862 ], [ 134.516525300000012, 7.3290305 ], [ 134.516449, 7.3292332 ], [ 134.5165405, 7.3293834 ], [ 134.516571, 7.3296056 ], [ 134.5166779, 7.3298998 ] ] } },
{ "type": "Feature", "properties": { "RCID": 283, "PRIM": 2, "GRUP": 2, "OBJL": 30, "RVER": 1, "AGEN": 550, "FIDN": 726464370, "FIDS": 9, "LNAM": "02262B4CF7720009", "LNAM_REFS": null, "FFPT_RIND": null, "CATCOA": null, "COLOUR": null, "CONRAD": null, "CONVIS": null, "ELEVAT": null, "NOBJNM": null, "OBJNAM": null, "VERACC": null, "VERDAT": null, "INFORM": null, "NINFOM": null, "NTXTDS": null, "PICREP": null, "SCAMAX": null, "SCAMIN": null, "TXTDSC": null, "RECDAT": null, "RECIND": null, "SORDAT": "20150206", "SORIND": "US,US,reprt,L-246-2015", "_enc_cell": "US4TB3P0" }, "geometry": { "type": "LineString", "coordinates": [ [ 134.5150299, 7.3279834 ], [ 134.5150909, 7.3280416 ], [ 134.5152588, 7.3280335 ], [ 134.5153503, 7.3279748 ], [ 134.515335099999987, 7.3278332 ], [ 134.5152283, 7.3277054 ], [ 134.5153809, 7.327539 ], [ 134.5154877, 7.327322 ], [ 134.5154877, 7.3271222 ], [ 134.5153961, 7.326911 ], [ 134.5151672, 7.3267388 ], [ 134.5151062, 7.326664 ], [ 134.51506040000001, 7.3264389 ], [ 134.5149841, 7.326261 ], [ 134.514831500000014, 7.3261113 ], [ 134.5147095, 7.3260641 ], [ 134.514587400000011, 7.3259974 ], [ 134.514480600000013, 7.3260722 ], [ 134.5145264, 7.3264918 ], [ 134.5147095, 7.3268971 ], [ 134.514724699999988, 7.3271499 ], [ 134.514587400000011, 7.3274193 ], [ 134.5145721, 7.327661 ], [ 134.5146942, 7.3278556 ], [ 134.5147705, 7.3278389 ], [ 134.5148773, 7.3277946 ], [ 134.5149994, 7.3278165 ], [ 134.5150299, 7.3279834 ] ] } },
{ "type": "Feature", "properties": { "RCID": 286, "PRIM": 2, "GRUP": 2, "OBJL": 30, "RVER": 1, "AGEN": 550, "FIDN": 554378910, "FIDS": 9, "LNAM": "0226210B269E0009", "LNAM_REFS": null, "FFPT_RIND": null, "CATCOA": null, "COLOUR": null, "CONRAD": null, "CONVIS": null, "ELEVAT": null, "NOBJNM": null, "OBJNAM": null, "VERACC": null, "VERDAT": null, "INFORM": null, "NINFOM": null, "NTXTDS": null, "PICREP": null, "SCAMAX": null, "SCAMIN": null, "TXTDSC": null, "RECDAT": null, "RECIND": null, "SORDAT": "20150206", "SORIND": "US,US,reprt,L-246-2015", "_enc_cell": "US4TB3P0" }, "geometry": { "type": "LineString", "coordinates": [ [ 134.5103455, 7.3361001 ], [ 134.5103302, 7.336164 ], [ 134.5103607, 7.3362141 ], [ 134.510376, 7.3362584 ], [ 134.510406499999988, 7.3362889 ], [ 134.5106049, 7.3363252 ], [ 134.51074220000001, 7.3363891 ], [ 134.5108032, 7.3364363 ], [ 134.5109253, 7.3365583 ], [ 134.5109711, 7.3367109 ], [ 134.511108400000012, 7.3368387 ], [ 134.5114136, 7.3369279 ], [ 134.5114594, 7.3369584 ], [ 134.511474600000014, 7.3370085 ], [ 134.5115051, 7.3370166 ], [ 134.5115356, 7.3370137 ], [ 134.5115356, 7.3369417 ], [ 134.5116272, 7.3367887 ], [ 134.5116425, 7.3367252 ], [ 134.511734, 7.3366194 ], [ 134.511734, 7.3365054 ], [ 134.5117798, 7.3364806 ], [ 134.5118256, 7.3363943 ], [ 134.5118103, 7.3363419 ], [ 134.5116425, 7.3363333 ], [ 134.5115509, 7.3364415 ], [ 134.511474600000014, 7.3364363 ], [ 134.5114136, 7.3364 ], [ 134.5110321, 7.3359971 ], [ 134.51074220000001, 7.3358221 ], [ 134.510620100000011, 7.3358388 ], [ 134.5105438, 7.3358831 ], [ 134.5103455, 7.3361001 ] ] } },
{ "type": "Feature", "properties": { "RCID": 287, "PRIM": 2, "GRUP": 2, "OBJL": 30, "RVER": 1, "AGEN": 550, "FIDN": 458779460, "FIDS": 9, "LNAM": "02261B586B440009", "LNAM_REFS": null, "FFPT_RIND": null, "CATCOA": null, "COLOUR": null, "CONRAD": null, "CONVIS": null, "ELEVAT": null, "NOBJNM": null, "OBJNAM": null, "VERACC": null, "VERDAT": null, "INFORM": null, "NINFOM": null, "NTXTDS": null, "PICREP": null, "SCAMAX": null, "SCAMIN": null, "TXTDSC": null, "RECDAT": null, "RECIND": null, "SORDAT": "20150206", "SORIND": "US,US,reprt,L-246-2015", "_enc_cell": "US4TB3P0" }, "geometry": { "type": "LineString", "coordinates": [ [ 134.5082855, 7.3629084 ], [ 134.5082703, 7.3630028 ], [ 134.5082855, 7.3630529 ], [ 134.50820920000001, 7.3630943 ], [ 134.5081787, 7.3631363 ], [ 134.5081635, 7.3631806 ], [ 134.508194, 7.3632612 ], [ 134.5080566, 7.363153 ], [ 134.5079651, 7.3629613 ], [ 134.5079804, 7.3626919 ], [ 134.5079651, 7.3625474 ], [ 134.5079041, 7.3625002 ], [ 134.5077057, 7.362453 ], [ 134.5074921, 7.3623443 ], [ 134.507431, 7.3623471 ], [ 134.50737, 7.3623972 ], [ 134.507309, 7.3623834 ], [ 134.5072784, 7.3623443 ], [ 134.5071716, 7.3623028 ], [ 134.507034299999987, 7.3623471 ], [ 134.5068512, 7.3624058 ], [ 134.5068207, 7.3627472 ], [ 134.5067444, 7.3628502 ], [ 134.5067291, 7.3629026 ], [ 134.506683399999986, 7.3629193 ], [ 134.5065765, 7.3628416 ], [ 134.5065002, 7.3628168 ], [ 134.506439199999988, 7.362761 ], [ 134.5063782, 7.3626609 ], [ 134.5063171, 7.3626113 ], [ 134.5062408, 7.3625999 ], [ 134.5061035, 7.3625112 ], [ 134.506012, 7.3624835 ], [ 134.505828900000012, 7.3624806 ], [ 134.5057678, 7.3624334 ], [ 134.5056458, 7.3623862 ], [ 134.5055695, 7.3623748 ], [ 134.50552540000001, 7.3623685 ], [ 134.505493199999989, 7.3623638 ], [ 134.5053864, 7.3624306 ], [ 134.50532530000001, 7.3624082 ], [ 134.5052948, 7.3625526 ], [ 134.505292700000012, 7.3625647 ], [ 134.505249, 7.3628168 ], [ 134.5051575, 7.3631249 ], [ 134.505127, 7.3631973 ], [ 134.505233800000013, 7.3632336 ], [ 134.5053864, 7.3632336 ], [ 134.5056, 7.3632584 ], [ 134.505828900000012, 7.3633084 ], [ 134.5063934, 7.3635054 ], [ 134.506927499999989, 7.3636026 ], [ 134.5070953, 7.3636861 ], [ 134.507141100000013, 7.3636971 ], [ 134.5070801, 7.363914 ] ] } },
{ "type": "Feature", "properties": { "RCID": 288, "PRIM": 2, "GRUP": 2, "OBJL": 30, "RVER": 1, "AGEN": 550, "FIDN": 636142134, "FIDS": 9, "LNAM": "022625EAC2360009", "LNAM_REFS": null, "FFPT_RIND": null, "CATCOA": null, "COLOUR": null, "CONRAD": null, "CONVIS": null, "ELEVAT": null, "NOBJNM": null, "OBJNAM": null, "VERACC": null, "VERDAT": null, "INFORM": null, "NINFOM": null, "NTXTDS": null, "PICREP": null, "SCAMAX": null, "SCAMIN": null, "TXTDSC": null, "RECDAT": null, "RECIND": null, "SORDAT": "20150206", "SORIND": "US,US,reprt,L-246-2015", "_enc_cell": "US4TB3P0" }, "geometry": { "type": "LineString", "coordinates": [ [ 134.5024414, 7.3103638 ], [ 134.5024109, 7.3104057 ], [ 134.5024109, 7.3104444 ], [ 134.50245670000001, 7.3104916 ], [ 134.502533, 7.3105249 ], [ 134.5025635, 7.3105054 ], [ 134.502609299999989, 7.310472 ], [ 134.5026245, 7.3104305 ], [ 134.502609299999989, 7.3103752 ], [ 134.5025024, 7.310339 ], [ 134.5024414, 7.3103638 ] ] } },
{ "type": "Feature", "properties": { "RCID": 289, "PRIM": 2, "GRUP": 2, "OBJL": 30, "RVER": 1, "AGEN": 550, "FIDN": 786356292, "FIDS": 9, "LNAM": "02262EDED8440009", "LNAM_REFS": null, "FFPT_RIND": null, "CATCOA": null, "COLOUR": null, "CONRAD": null, "CONVIS": null, "ELEVAT": null, "NOBJNM": null, "OBJNAM": null, "VERACC": null, "VERDAT": null, "INFORM": null, "NINFOM": null, "NTXTDS": null, "PICREP": null, "SCAMAX": null, "SCAMIN": null, "TXTDSC": null, "RECDAT": null, "RECIND": null, "SORDAT": "20150206", "SORIND": "US,US,reprt,L-246-2015", "_enc_cell": "US4TB3P0" }, "geometry": { "type": "LineString", "coordinates": [ [ 134.501724200000012, 7.3355165 ], [ 134.501648, 7.3355308 ], [ 134.5016937, 7.3355832 ], [ 134.501648, 7.3356276 ], [ 134.5014648, 7.3357 ], [ 134.5014343, 7.335772 ], [ 134.501373300000012, 7.3358278 ], [ 134.5013275, 7.3358083 ], [ 134.5012817, 7.335825 ], [ 134.501266500000014, 7.3358526 ], [ 134.5011902, 7.3358722 ], [ 134.5011292, 7.3359304 ], [ 134.5011292, 7.33605 ], [ 134.50100710000001, 7.3360667 ], [ 134.5007477, 7.33605 ], [ 134.500671399999987, 7.3360748 ], [ 134.5005798, 7.3361692 ], [ 134.5005646, 7.3362165 ], [ 134.50053410000001, 7.336236 ], [ 134.500473, 7.3362947 ], [ 134.5003357, 7.3362861 ], [ 134.5002594, 7.3363113 ], [ 134.5002136, 7.3363471 ], [ 134.5002441, 7.3363833 ], [ 134.5001526, 7.3364081 ], [ 134.5000305, 7.3364058 ], [ 134.5, 7.3363972 ], [ 134.4997711, 7.3363419 ], [ 134.4995575, 7.3363862 ], [ 134.4993134, 7.33635 ], [ 134.4991608, 7.3363609 ], [ 134.499115, 7.3362389 ], [ 134.4989929, 7.3361888 ], [ 134.4988251, 7.336061 ], [ 134.498733499999986, 7.3360472 ], [ 134.4986877, 7.335989 ], [ 134.4985962, 7.3359056 ], [ 134.4983368, 7.3357444 ], [ 134.4981995, 7.3356805 ], [ 134.498016400000012, 7.3354669 ], [ 134.4979401, 7.335422 ], [ 134.4978485, 7.3354054 ], [ 134.4975433, 7.3354139 ], [ 134.4974365, 7.3353834 ], [ 134.4970856, 7.3354278 ], [ 134.4969482, 7.3354082 ], [ 134.496826199999987, 7.3354583 ], [ 134.496704099999988, 7.335422 ], [ 134.4965973, 7.3354363 ], [ 134.4965363, 7.3354836 ], [ 134.496521, 7.3356724 ], [ 134.496353199999987, 7.3356609 ] ] } },
{ "type": "Feature", "properties": { "RCID": 291, "PRIM": 2, "GRUP": 2, "OBJL": 30, "RVER": 1, "AGEN": 550, "FIDN": 256533331, "FIDS": 9, "LNAM": "02260F4A63530009", "LNAM_REFS": null, "FFPT_RIND": null, "CATCOA": null, "COLOUR": null, "CONRAD": null, "CONVIS": null, "ELEVAT": null, "NOBJNM": null, "OBJNAM": null, "VERACC": null, "VERDAT": null, "INFORM": null, "NINFOM": null, "NTXTDS": null, "PICREP": null, "SCAMAX": null, "SCAMIN": null, "TXTDSC": null, "RECDAT": null, "RECIND": null, "SORDAT": "20150206", "SORIND": "US,US,reprt,L-246-2015", "_enc_cell": "US4TB3P0" }, "geometry": { "type": "LineString", "coordinates": [ [ 134.4980469, 7.359972 ], [ 134.4979858, 7.3600168 ], [ 134.4979553, 7.3600831 ], [ 134.497909600000014, 7.3601418 ], [ 134.497909600000014, 7.3602166 ], [ 134.4979553, 7.3602696 ], [ 134.4980621, 7.3602724 ], [ 134.498138399999988, 7.360239 ], [ 134.4982147, 7.3600974 ], [ 134.498275799999988, 7.3600249 ], [ 134.498275799999988, 7.3599639 ], [ 134.4982147, 7.3599472 ], [ 134.4980469, 7.359972 ] ] } },
{ "type": "Feature", "properties": { "RCID": 310, "PRIM": 2, "GRUP": 2, "OBJL": 30, "RVER": 1, "AGEN": 550, "FIDN": 355638353, "FIDS": 9, "LNAM": "022615329C510009", "LNAM_REFS": null, "FFPT_RIND": null, "CATCOA": null, "COLOUR": null, "CONRAD": null, "CONVIS": null, "ELEVAT": null, "NOBJNM": null, "OBJNAM": null, "VERACC": null, "VERDAT": null, "INFORM": null, "NINFOM": null, "NTXTDS": null, "PICREP": null, "SCAMAX": null, "SCAMIN": null, "TXTDSC": null, "RECDAT": null, "RECIND": null, "SORDAT": "20150206", "SORIND": "US,US,reprt,L-246-2015", "_enc_cell": "US4TB3P0" }, "geometry": { "type": "LineString", "coordinates": [ [ 134.5308533, 7.3252749 ], [ 134.5307312, 7.3252082 ], [ 134.5306549, 7.3252363 ], [ 134.530487099999988, 7.3253861 ], [ 134.530471799999987, 7.3254805 ], [ 134.5303803, 7.3255553 ], [ 134.5303803, 7.3256278 ], [ 134.5304108, 7.325675 ], [ 134.530471799999987, 7.3256974 ], [ 134.5305023, 7.3258085 ], [ 134.5304413, 7.3262863 ], [ 134.530456500000014, 7.3264084 ], [ 134.530365, 7.3265944 ], [ 134.530365, 7.3267307 ], [ 134.5305328, 7.3272748 ], [ 134.530593900000014, 7.3273888 ], [ 134.5307465, 7.3276081 ], [ 134.5307312, 7.3278279 ], [ 134.5307465, 7.3280835 ], [ 134.5307312, 7.3282027 ], [ 134.5306702, 7.3282776 ], [ 134.53068540000001, 7.3286252 ], [ 134.530777, 7.3287416 ], [ 134.530838, 7.3287859 ], [ 134.531051600000012, 7.3290443 ], [ 134.5311585, 7.3291111 ], [ 134.5312195, 7.3292308 ], [ 134.5312805, 7.3292527 ], [ 134.5313721, 7.3292308 ], [ 134.5315247, 7.3290806 ], [ 134.5315857, 7.3288751 ], [ 134.5316315, 7.3286109 ], [ 134.5316315, 7.3284998 ], [ 134.5315704, 7.3283248 ], [ 134.5315247, 7.3279195 ], [ 134.5317078, 7.3277001 ], [ 134.5316925, 7.3276248 ], [ 134.531601, 7.3275609 ], [ 134.531539900000013, 7.3274665 ], [ 134.531539900000013, 7.3273721 ], [ 134.5316315, 7.3271751 ], [ 134.531601, 7.327003 ], [ 134.531555200000014, 7.3269196 ], [ 134.531539900000013, 7.3267779 ], [ 134.5314636, 7.3266692 ], [ 134.5313873, 7.3264666 ], [ 134.5312805, 7.3259778 ], [ 134.531173700000011, 7.3256388 ], [ 134.531066900000013, 7.3254695 ], [ 134.5308533, 7.3252749 ] ] } },
{ "type": "Feature", "properties": { "RCID": 311, "PRIM": 2, "GRUP": 2, "OBJL": 30, "RVER": 1, "AGEN": 550, "FIDN": 232469734, "FIDS": 9, "LNAM": "02260DDB34E60009", "LNAM_REFS": null, "FFPT_RIND": null, "CATCOA": null, "COLOUR": null, "CONRAD": null, "CONVIS": null, "ELEVAT": null, "NOBJNM": null, "OBJNAM": null, "VERACC": null, "VERDAT": null, "INFORM": null, "NINFOM": null, "NTXTDS": null, "PICREP": null, "SCAMAX": null, "SCAMIN": null, "TXTDSC": null, "RECDAT": null, "RECIND": null, "SORDAT": "20150206", "SORIND": "US,US,reprt,L-246-2015", "_enc_cell": "US4TB3P0" }, "geometry": { "type": "LineString", "coordinates": [ [ 134.528122, 7.3477526 ], [ 134.5281067, 7.3478222 ], [ 134.528122, 7.3479085 ], [ 134.528183, 7.3479557 ], [ 134.528244, 7.347961 ], [ 134.5283356, 7.3479056 ], [ 134.5283508, 7.3478193 ], [ 134.528305100000011, 7.3477526 ], [ 134.5282135, 7.3476973 ], [ 134.528122, 7.3477526 ] ] } },
{ "type": "Feature", "properties": { "RCID": 313, "PRIM": 2, "GRUP": 2, "OBJL": 30, "RVER": 1, "AGEN": 550, "FIDN": 718844737, "FIDS": 9, "LNAM": "02262AD8B3410009", "LNAM_REFS": null, "FFPT_RIND": null, "CATCOA": null, "COLOUR": null, "CONRAD": null, "CONVIS": null, "ELEVAT": null, "NOBJNM": null, "OBJNAM": null, "VERACC": null, "VERDAT": null, "INFORM": null, "NINFOM": null, "NTXTDS": null, "PICREP": null, "SCAMAX": null, "SCAMIN": null, "TXTDSC": null, "RECDAT": null, "RECIND": null, "SORDAT": "20150206", "SORIND": "US,US,reprt,L-246-2015", "_enc_cell": "US4TB3P0" }, "geometry": { "type": "LineString", "coordinates": [ [ 134.5144043, 7.3195529 ], [ 134.514328, 7.3195028 ], [ 134.5140228, 7.3195195 ], [ 134.513763399999988, 7.319664 ], [ 134.5136719, 7.3196807 ], [ 134.5135651, 7.319725 ], [ 134.513519300000013, 7.3198085 ], [ 134.513382, 7.3198166 ], [ 134.51327520000001, 7.3200111 ], [ 134.5131836, 7.3201418 ], [ 134.5130768, 7.3203139 ], [ 134.513031, 7.3204446 ], [ 134.5130005, 7.3206029 ], [ 134.51313780000001, 7.3208194 ], [ 134.513290399999988, 7.3209944 ], [ 134.5134277, 7.3211803 ], [ 134.5134583, 7.3212609 ], [ 134.513534600000014, 7.3213916 ], [ 134.5137024, 7.3214641 ], [ 134.513870200000014, 7.3216529 ], [ 134.513900799999988, 7.3217306 ], [ 134.5139313, 7.3218112 ], [ 134.5139313, 7.3218947 ], [ 134.513900799999988, 7.3219914 ], [ 134.5140381, 7.3222141 ], [ 134.5141602, 7.3223696 ], [ 134.5142975, 7.3226833 ], [ 134.51474, 7.3230891 ], [ 134.514831500000014, 7.3231053 ], [ 134.5148773, 7.3231721 ], [ 134.5148926, 7.3233557 ], [ 134.5149231, 7.3234696 ], [ 134.514968900000014, 7.3235083 ], [ 134.514968900000014, 7.3236055 ], [ 134.5150452, 7.3238473 ], [ 134.5151215, 7.323936 ], [ 134.5152588, 7.3239613 ], [ 134.5152893, 7.3238306 ], [ 134.515319799999986, 7.3235445 ], [ 134.5153503, 7.3234224 ], [ 134.5153046, 7.3233752 ], [ 134.5153046, 7.3233333 ], [ 134.5153656, 7.3233304 ], [ 134.5153961, 7.3231916 ], [ 134.5153961, 7.3231139 ], [ 134.515319799999986, 7.3229919 ], [ 134.5152741, 7.3229332 ], [ 134.5151367, 7.3226776 ], [ 134.5150452, 7.3224249 ], [ 134.5150147, 7.3223109 ], [ 134.5150147, 7.3221002 ], [ 134.5148773, 7.3217363 ], [ 134.514862099999988, 7.3216581 ], [ 134.514862099999988, 7.3215251 ], [ 134.5147553, 7.3213582 ], [ 134.5146942, 7.3213224 ], [ 134.5146637, 7.3212194 ], [ 134.5146637, 7.3210945 ], [ 134.514724699999988, 7.3208585 ], [ 134.5146332, 7.3206444 ], [ 134.514602700000012, 7.3205276 ], [ 134.5146179, 7.3199806 ], [ 134.514587400000011, 7.3198333 ], [ 134.5145111, 7.3197279 ], [ 134.514465300000012, 7.3196306 ], [ 134.5144043, 7.3195529 ] ] } },
{ "type": "Feature", "properties": { "RCID": 314, "PRIM": 2, "GRUP": 2, "OBJL": 30, "RVER": 1, "AGEN": 550, "FIDN": 688267755, "FIDS": 9, "LNAM": "0226290621EB0009", "LNAM_REFS": null, "FFPT_RIND": null, "CATCOA": null, "COLOUR": null, "CONRAD": null, "CONVIS": null, "ELEVAT": null, "NOBJNM": null, "OBJNAM": null, "VERACC": null, "VERDAT": null, "INFORM": null, "NINFOM": null, "NTXTDS": null, "PICREP": null, "SCAMAX": null, "SCAMIN": null, "TXTDSC": null, "RECDAT": null, "RECIND": null, "SORDAT": "20150206", "SORIND": "US,US,reprt,L-246-2015", "_enc_cell": "US4TB3P0" }, "geometry": { "type": "LineString", "coordinates": [ [ 134.5123596, 7.3347859 ], [ 134.5123901, 7.3349137 ], [ 134.512451199999987, 7.3349972 ], [ 134.512558, 7.335053 ], [ 134.51266480000001, 7.3350668 ], [ 134.5127869, 7.335053 ], [ 134.5128784, 7.3349862 ], [ 134.512924199999986, 7.3349114 ], [ 134.51297, 7.3348475 ], [ 134.5131683, 7.3347111 ], [ 134.5132294, 7.3346391 ], [ 134.5132599, 7.3345194 ], [ 134.5131836, 7.3341498 ], [ 134.5131989, 7.3340335 ], [ 134.5132599, 7.3339443 ], [ 134.513290399999988, 7.3337641 ], [ 134.513443, 7.3336554 ], [ 134.5134583, 7.3335724 ], [ 134.513443, 7.3334918 ], [ 134.513305699999989, 7.3334556 ], [ 134.5132294, 7.3334832 ], [ 134.513153100000011, 7.3335109 ], [ 134.513092, 7.3335915 ], [ 134.512908900000014, 7.3337221 ], [ 134.5128632, 7.3338056 ], [ 134.5128632, 7.3340778 ], [ 134.5128326, 7.3342195 ], [ 134.5127564, 7.3343 ], [ 134.5126343, 7.3343554 ], [ 134.5125275, 7.3344498 ], [ 134.512497, 7.3345389 ], [ 134.5123596, 7.3347859 ] ] } },
{ "type": "Feature", "properties": { "RCID": 315, "PRIM": 2, "GRUP": 2, "OBJL": 30, "RVER": 1, "AGEN": 550, "FIDN": 645074040, "FIDS": 9, "LNAM": "022626730C780009", "LNAM_REFS": null, "FFPT_RIND": null, "CATCOA": null, "COLOUR": null, "CONRAD": null, "CONVIS": null, "ELEVAT": null, "NOBJNM": null, "OBJNAM": null, "VERACC": null, "VERDAT": null, "INFORM": null, "NINFOM": null, "NTXTDS": null, "PICREP": null, "SCAMAX": null, "SCAMIN": null, "TXTDSC": null, "RECDAT": null, "RECIND": null, "SORDAT": "20150206", "SORIND": "US,US,reprt,L-246-2015", "_enc_cell": "US4TB3P0" }, "geometry": { "type": "LineString", "coordinates": [ [ 134.512619, 7.3323641 ], [ 134.512558, 7.3323832 ], [ 134.5125122, 7.3324499 ], [ 134.512497, 7.3325305 ], [ 134.512542700000012, 7.3325944 ], [ 134.5126038, 7.3326359 ], [ 134.5128937, 7.3326612 ], [ 134.5130005, 7.3326502 ], [ 134.5130615, 7.3326054 ], [ 134.513092, 7.3325472 ], [ 134.513092, 7.3324223 ], [ 134.5128937, 7.3323808 ], [ 134.512817399999989, 7.3324332 ], [ 134.512619, 7.3323641 ] ] } },
{ "type": "Feature", "properties": { "RCID": 316, "PRIM": 2, "GRUP": 2, "OBJL": 30, "RVER": 1, "AGEN": 550, "FIDN": 126887991, "FIDS": 9, "LNAM": "0226079028370009", "LNAM_REFS": null, "FFPT_RIND": null, "CATCOA": null, "COLOUR": null, "CONRAD": null, "CONVIS": null, "ELEVAT": null, "NOBJNM": null, "OBJNAM": null, "VERACC": null, "VERDAT": null, "INFORM": null, "NINFOM": null, "NTXTDS": null, "PICREP": null, "SCAMAX": null, "SCAMIN": null, "TXTDSC": null, "RECDAT": null, "RECIND": null, "SORDAT": "20150206", "SORIND": "US,US,reprt,L-246-2015", "_enc_cell": "US4TB3P0" }, "geometry": { "type": "LineString", "coordinates": [ [ 134.512069700000012, 7.3358388 ], [ 134.5121002, 7.3358831 ], [ 134.512146, 7.3359027 ], [ 134.5122681, 7.3358946 ], [ 134.5122833, 7.3358665 ], [ 134.5123749, 7.3358359 ], [ 134.5124207, 7.3358002 ], [ 134.5124207, 7.3357444 ], [ 134.512344399999989, 7.3355947 ], [ 134.5122986, 7.335536 ], [ 134.5122376, 7.3354945 ], [ 134.5122223, 7.3354473 ], [ 134.512191800000011, 7.335422 ], [ 134.512146, 7.3354778 ], [ 134.5118713, 7.3354502 ], [ 134.511856099999989, 7.3354888 ], [ 134.5118866, 7.3355832 ], [ 134.5120087, 7.3356252 ], [ 134.512069700000012, 7.3356972 ], [ 134.512054400000011, 7.3357749 ], [ 134.512069700000012, 7.3358388 ] ] } },
{ "type": "Feature", "properties": { "RCID": 317, "PRIM": 2, "GRUP": 2, "OBJL": 30, "RVER": 1, "AGEN": 550, "FIDN": 49615109, "FIDS": 9, "LNAM": "022602F511050009", "LNAM_REFS": null, "FFPT_RIND": null, "CATCOA": 7.0, "COLOUR": null, "CONRAD": null, "CONVIS": null, "ELEVAT": null, "NOBJNM": null, "OBJNAM": null, "VERACC": null, "VERDAT": null, "INFORM": null, "NINFOM": null, "NTXTDS": null, "PICREP": null, "SCAMAX": null, "SCAMIN": null, "TXTDSC": null, "RECDAT": null, "RECIND": null, "SORDAT": "20150206", "SORIND": "US,US,reprt,L-246-2015", "_enc_cell": "US4TB3P0" }, "geometry": { "type": "LineString", "coordinates": [ [ 134.508499199999989, 7.3650723 ], [ 134.508255, 7.3654194 ], [ 134.5081635, 7.3656945 ], [ 134.5080414, 7.3658834 ], [ 134.507995599999987, 7.3660111 ], [ 134.5079651, 7.3663945 ], [ 134.507873499999988, 7.3666225 ], [ 134.507843, 7.3667779 ], [ 134.507782, 7.3669109 ], [ 134.5075989, 7.3675027 ], [ 134.5075836, 7.3676057 ], [ 134.507614100000012, 7.367661 ], [ 134.507614100000012, 7.3677111 ], [ 134.5075684, 7.3677917 ], [ 134.5075378, 7.3679085 ], [ 134.5075378, 7.3682165 ], [ 134.5075989, 7.3683167 ], [ 134.5074158, 7.3683138 ], [ 134.507309, 7.3684249 ], [ 134.507263200000011, 7.3685002 ], [ 134.507263200000011, 7.3685751 ], [ 134.5072174, 7.3685751 ], [ 134.507156400000014, 7.3686862 ], [ 134.507141100000013, 7.3688612 ], [ 134.5071259, 7.3689084 ], [ 134.5071106, 7.3690167 ], [ 134.507019, 7.3691196 ], [ 134.5069428, 7.3692279 ], [ 134.506927499999989, 7.3694391 ], [ 134.506897, 7.3694863 ], [ 134.5068665, 7.3695278 ], [ 134.5067596, 7.3696055 ], [ 134.5067444, 7.3696613 ], [ 134.5066986, 7.3698888 ], [ 134.506652800000012, 7.3700194 ], [ 134.5066376, 7.3701806 ], [ 134.5065765, 7.3703113 ], [ 134.5065918, 7.3703971 ], [ 134.506485, 7.3705387 ], [ 134.5064697, 7.3706584 ], [ 134.506424, 7.3708081 ], [ 134.5064697, 7.3709831 ], [ 134.5064545, 7.3710585 ], [ 134.506439199999988, 7.3711109 ], [ 134.506439199999988, 7.3712807 ], [ 134.5064087, 7.3713555 ], [ 134.5063782, 7.3716664 ], [ 134.506301900000011, 7.3718166 ], [ 134.5062714, 7.3719053 ], [ 134.506179800000012, 7.3720555 ], [ 134.5061646, 7.3721585 ], [ 134.506179800000012, 7.3724194 ], [ 134.5061493, 7.3725529 ], [ 134.5061493, 7.3726916 ], [ 134.50628660000001, 7.373353 ], [ 134.5063629, 7.3735638 ], [ 134.5064697, 7.3737307 ], [ 134.506652800000012, 7.3739696 ], [ 134.506683399999986, 7.3740554 ], [ 134.5067444, 7.374136 ], [ 134.5068207, 7.3741694 ], [ 134.5068817, 7.3741808 ], [ 134.5070038, 7.3741055 ], [ 134.507019, 7.374136 ], [ 134.507034299999987, 7.3742333 ], [ 134.5069733, 7.3742638 ], [ 134.506927499999989, 7.3743277 ], [ 134.5068817, 7.3744388 ], [ 134.5068817, 7.3745222 ], [ 134.5069885, 7.3749085 ], [ 134.507019, 7.3749666 ], [ 134.5071259, 7.3751998 ], [ 134.5072174, 7.3753195 ], [ 134.507400499999989, 7.3754888 ], [ 134.507522599999987, 7.375689 ], [ 134.5079193, 7.3760724 ], [ 134.5080872, 7.3762083 ], [ 134.508239800000013, 7.3763804 ], [ 134.508483899999987, 7.3765721 ], [ 134.508667, 7.3766832 ], [ 134.5087738, 7.3767028 ], [ 134.5088043, 7.3768196 ], [ 134.508850099999989, 7.3768668 ], [ 134.508956899999987, 7.3769279 ], [ 134.5088654, 7.3770695 ], [ 134.508850099999989, 7.3772721 ], [ 134.5088806, 7.3773418 ], [ 134.5088806, 7.3773971 ], [ 134.508834799999988, 7.3774695 ], [ 134.508850099999989, 7.3775387 ], [ 134.5089111, 7.3776054 ], [ 134.508956899999987, 7.3777361 ], [ 134.5089417, 7.3778582 ], [ 134.5088959, 7.3779836 ], [ 134.5088959, 7.3781138 ], [ 134.5089874, 7.3784804 ], [ 134.509063700000013, 7.3786168 ], [ 134.5090942, 7.3788028 ], [ 134.5092163, 7.3790999 ], [ 134.5092621, 7.3792834 ], [ 134.5093994, 7.3794141 ], [ 134.5093994, 7.379653 ], [ 134.5095062, 7.3800306 ], [ 134.5095215, 7.3802443 ], [ 134.5098877, 7.3808417 ], [ 134.5102387, 7.3814387 ], [ 134.5099793, 7.3820305 ], [ 134.5099945, 7.3821974 ], [ 134.51026920000001, 7.3826776 ], [ 134.510421799999989, 7.3836417 ], [ 134.5101166, 7.3841748 ], [ 134.510162400000013, 7.3847666 ], [ 134.510284399999989, 7.385025 ], [ 134.509964, 7.3851943 ], [ 134.5098114, 7.3853889 ], [ 134.5097504, 7.3855863 ], [ 134.5098419, 7.3858113 ], [ 134.509613, 7.3858028 ], [ 134.5093689, 7.3859835 ], [ 134.50917050000001, 7.3865304 ], [ 134.508834799999988, 7.3868694 ], [ 134.508255, 7.3879499 ], [ 134.5081787, 7.3883028 ], [ 134.50834660000001, 7.3887553 ], [ 134.508255, 7.3891416 ], [ 134.508255, 7.3893166 ], [ 134.508194, 7.3898277 ], [ 134.508102400000013, 7.3902669 ], [ 134.508010899999988, 7.3906555 ], [ 134.507873499999988, 7.3913498 ], [ 134.507736200000011, 7.3917279 ], [ 134.5074616, 7.3920832 ], [ 134.507522599999987, 7.3922749 ], [ 134.5074616, 7.3925252 ], [ 134.5076599, 7.3926888 ], [ 134.5073395, 7.392911 ], [ 134.507263200000011, 7.3934169 ], [ 134.507019, 7.3937111 ], [ 134.5070801, 7.3940139 ], [ 134.5066376, 7.3941779 ], [ 134.5065308, 7.3945332 ], [ 134.5063629, 7.3946915 ], [ 134.5062714, 7.3950834 ], [ 134.5056763, 7.3954196 ], [ 134.5054016, 7.3960891 ], [ 134.5051422, 7.3962917 ], [ 134.5051575, 7.3965693 ], [ 134.5045929, 7.3977084 ], [ 134.504364, 7.3978887 ], [ 134.5041962, 7.3983808 ], [ 134.503784200000013, 7.398778 ], [ 134.503677399999987, 7.3990974 ], [ 134.5031128, 7.399786 ], [ 134.5029602, 7.400475 ], [ 134.502807600000011, 7.4006777 ], [ 134.502807600000011, 7.401011 ], [ 134.5026703, 7.4012637 ], [ 134.502700800000014, 7.4014139 ], [ 134.5025024, 7.4019637 ], [ 134.5026703, 7.4025416 ], [ 134.502609299999989, 7.4031196 ], [ 134.5027313, 7.4033332 ], [ 134.5027466, 7.4036112 ], [ 134.5030212, 7.404386 ], [ 134.5030365, 7.404686 ], [ 134.50354, 7.4051528 ], [ 134.5041046, 7.4062109 ], [ 134.504303, 7.406414 ], [ 134.5043488, 7.4067807 ], [ 134.5046845, 7.4070554 ], [ 134.5047913, 7.4072447 ], [ 134.505111699999986, 7.407311 ], [ 134.5050201, 7.4074502 ], [ 134.5050659, 7.4081473 ], [ 134.505233800000013, 7.4084611 ], [ 134.5052948, 7.4088669 ], [ 134.5065308, 7.4102998 ], [ 134.506958, 7.4112001 ], [ 134.5071259, 7.4113445 ], [ 134.506927499999989, 7.4117498 ], [ 134.507034299999987, 7.412128 ], [ 134.5069733, 7.4122529 ], [ 134.506774900000011, 7.4123836 ], [ 134.506439199999988, 7.4123416 ], [ 134.5061188, 7.412478 ], [ 134.5059357, 7.4127221 ], [ 134.50532530000001, 7.4131694 ], [ 134.5052033, 7.4135389 ], [ 134.504989599999988, 7.4136639 ], [ 134.504730200000012, 7.4139862 ], [ 134.504272500000013, 7.4149303 ], [ 134.5041199, 7.4154916 ], [ 134.503906300000011, 7.4157195 ], [ 134.5038147, 7.416039 ], [ 134.5036163, 7.4163446 ], [ 134.5035858, 7.4166641 ], [ 134.503784200000013, 7.4169807 ], [ 134.504516599999988, 7.4175553 ], [ 134.504501299999987, 7.4176359 ], [ 134.5043335, 7.4176474 ], [ 134.50383, 7.4172335 ], [ 134.5030365, 7.4167557 ], [ 134.502700800000014, 7.4167194 ], [ 134.5024109, 7.4165859 ], [ 134.5022736, 7.4162779 ], [ 134.5018158, 7.4162002 ], [ 134.5006104, 7.4168167 ], [ 134.5003662, 7.4169693 ], [ 134.5003357, 7.4170971 ], [ 134.5001221, 7.4171414 ], [ 134.5000458, 7.4172335 ], [ 134.5, 7.4172306 ], [ 134.4998474, 7.417222 ], [ 134.4996491, 7.4173832 ], [ 134.4995117, 7.4172721 ], [ 134.499343900000014, 7.4173474 ], [ 134.4993134, 7.4174528 ], [ 134.4991913, 7.4174085 ], [ 134.499099699999988, 7.4175139 ], [ 134.4989471, 7.4175277 ], [ 134.4988098, 7.417686 ], [ 134.4987946, 7.4179916 ], [ 134.4985504, 7.4179001 ], [ 134.4980469, 7.4180918 ], [ 134.497879, 7.4180389 ], [ 134.4976959, 7.4181695 ], [ 134.4976044, 7.4181056 ], [ 134.497314499999987, 7.4182916 ], [ 134.4972534, 7.4181609 ], [ 134.4969635, 7.4179888 ], [ 134.4962463, 7.4177055 ], [ 134.495971700000013, 7.4176831 ], [ 134.495864899999987, 7.4175334 ], [ 134.495269799999988, 7.417275 ] ] } },
{ "type": "Feature", "properties": { "RCID": 318, "PRIM": 2, "GRUP": 2, "OBJL": 30, "RVER": 1, "AGEN": 550, "FIDN": 987569898, "FIDS": 9, "LNAM": "02263ADD1EEA0009", "LNAM_REFS": null, "FFPT_RIND": null, "CATCOA": null, "COLOUR": null, "CONRAD": null, "CONVIS": null, "ELEVAT": null, "NOBJNM": null, "OBJNAM": null, "VERACC": null, "VERDAT": null, "INFORM": null, "NINFOM": null, "NTXTDS": null, "PICREP": null, "SCAMAX": null, "SCAMIN": null, "TXTDSC": null, "RECDAT": null, "RECIND": null, "SORDAT": "20150206", "SORIND": "US,US,reprt,L-246-2015", "_enc_cell": "US4TB3P0" }, "geometry": { "type": "LineString", "coordinates": [ [ 134.5079498, 7.3652554 ], [ 134.508117700000014, 7.365211 ], [ 134.5082855, 7.3651333 ], [ 134.508499199999989, 7.3650723 ] ] } },
{ "type": "Feature", "properties": { "RCID": 319, "PRIM": 2, "GRUP": 2, "OBJL": 30, "RVER": 1, "AGEN": 550, "FIDN": 731886751, "FIDS": 9, "LNAM": "02262B9FB49F0009", "LNAM_REFS": null, "FFPT_RIND": null, "CATCOA": null, "COLOUR": null, "CONRAD": null, "CONVIS": null, "ELEVAT": null, "NOBJNM": null, "OBJNAM": null, "VERACC": null, "VERDAT": null, "INFORM": null, "NINFOM": null, "NTXTDS": null, "PICREP": null, "SCAMAX": null, "SCAMIN": null, "TXTDSC": null, "RECDAT": null, "RECIND": null, "SORDAT": "20150206", "SORIND": "US,US,reprt,L-246-2015", "_enc_cell": "US4TB3P0" }, "geometry": { "type": "LineString", "coordinates": [ [ 134.5079651, 7.3497334 ], [ 134.5077972, 7.3497725 ], [ 134.5075378, 7.3497057 ], [ 134.507507299999986, 7.3496165 ], [ 134.5074616, 7.3495693 ], [ 134.5072784, 7.3495808 ], [ 134.507156400000014, 7.3495336 ], [ 134.507034299999987, 7.3493276 ], [ 134.506927499999989, 7.3492389 ] ] } },
{ "type": "Feature", "properties": { "RCID": 321, "PRIM": 2, "GRUP": 2, "OBJL": 30, "RVER": 1, "AGEN": 550, "FIDN": 284160795, "FIDS": 9, "LNAM": "022610EFF31B0009", "LNAM_REFS": null, "FFPT_RIND": null, "CATCOA": null, "COLOUR": null, "CONRAD": null, "CONVIS": null, "ELEVAT": null, "NOBJNM": null, "OBJNAM": null, "VERACC": null, "VERDAT": null, "INFORM": null, "NINFOM": null, "NTXTDS": null, "PICREP": null, "SCAMAX": null, "SCAMIN": null, "TXTDSC": null, "RECDAT": null, "RECIND": null, "SORDAT": "20150206", "SORIND": "US,US,reprt,L-246-2015", "_enc_cell": "US4TB3P0" }, "geometry": { "type": "LineString", "coordinates": [ [ 134.497299199999986, 7.3543248 ], [ 134.4970856, 7.3545528 ], [ 134.4970245, 7.3547807 ], [ 134.496933, 7.3548083 ], [ 134.4969482, 7.3548803 ], [ 134.496826199999987, 7.3549972 ], [ 134.496719399999989, 7.3552527 ], [ 134.4966431, 7.3552666 ], [ 134.4966126, 7.3553305 ], [ 134.4966736, 7.3557 ], [ 134.4967346, 7.3557749 ], [ 134.4967346, 7.3558555 ], [ 134.496582, 7.3558779 ], [ 134.49646, 7.3560195 ], [ 134.4964752, 7.3560863 ], [ 134.496521, 7.3561196 ], [ 134.49655150000001, 7.3562055 ], [ 134.4966583, 7.3562803 ], [ 134.496719399999989, 7.3562861 ], [ 134.4967957, 7.356225 ], [ 134.496933, 7.3561945 ], [ 134.4969788, 7.3560109 ], [ 134.49703980000001, 7.3559666 ], [ 134.4971008, 7.3559389 ], [ 134.497192399999989, 7.3559303 ], [ 134.4973908, 7.3559971 ], [ 134.49751280000001, 7.3562141 ], [ 134.4976044, 7.3564639 ], [ 134.497680699999989, 7.356575 ], [ 134.497787499999987, 7.3566499 ], [ 134.4980774, 7.3571 ], [ 134.497818, 7.3572221 ], [ 134.4977112, 7.3573332 ], [ 134.4976959, 7.3574419 ], [ 134.49765020000001, 7.3575029 ], [ 134.4974823, 7.3575168 ], [ 134.497345, 7.3575583 ], [ 134.497192399999989, 7.3576417 ], [ 134.4971008, 7.3577666 ], [ 134.4970856, 7.3578668 ], [ 134.4971008, 7.3580165 ], [ 134.497283900000014, 7.3582249 ], [ 134.4976959, 7.3587942 ], [ 134.497787499999987, 7.3589668 ], [ 134.497818, 7.3590751 ], [ 134.497894300000013, 7.3590918 ], [ 134.4981079, 7.358953 ], [ 134.49847410000001, 7.3588085 ], [ 134.49861150000001, 7.3587141 ], [ 134.4986877, 7.3585887 ], [ 134.4986877, 7.3585863 ], [ 134.4987946, 7.3585277 ], [ 134.498855600000013, 7.3584776 ], [ 134.4990692, 7.3588471 ], [ 134.4992981, 7.359139 ], [ 134.499527, 7.359364 ], [ 134.5, 7.3597498 ], [ 134.5001526, 7.3598666 ], [ 134.5005951, 7.3602724 ], [ 134.5015869, 7.3611083 ], [ 134.5018311, 7.361239 ], [ 134.502105699999987, 7.3614197 ], [ 134.502319300000011, 7.3616109 ], [ 134.5025177, 7.3617668 ], [ 134.5026856, 7.3619447 ], [ 134.5028534, 7.3621526 ], [ 134.503006, 7.3622999 ], [ 134.5030212, 7.3622665 ], [ 134.503082299999988, 7.3621974 ], [ 134.5031433, 7.3621001 ], [ 134.5029755, 7.3619585 ], [ 134.5030518, 7.3618193 ], [ 134.5033875, 7.3617721 ], [ 134.5034027, 7.3617363 ], [ 134.503404499999988, 7.3617316 ], [ 134.5034638, 7.3615751 ], [ 134.503433199999989, 7.3615613 ], [ 134.5033875, 7.3613887 ], [ 134.5034027, 7.3612695 ], [ 134.503479, 7.3611474 ], [ 134.5035248, 7.3610363 ], [ 134.5035248, 7.3609419 ], [ 134.5035095, 7.3608918 ], [ 134.503479, 7.3608971 ], [ 134.5034638, 7.3609195 ], [ 134.503479, 7.3609891 ], [ 134.503479, 7.3610363 ], [ 134.5034485, 7.3610807 ], [ 134.5033417, 7.3610582 ], [ 134.503280600000011, 7.3610668 ], [ 134.503189099999986, 7.3611112 ], [ 134.5030975, 7.3611388 ], [ 134.5029755, 7.361125 ], [ 134.5028992, 7.3610888 ], [ 134.502807600000011, 7.3609805 ], [ 134.5027313, 7.3609471 ], [ 134.502609299999989, 7.3610082 ], [ 134.502471899999989, 7.3609915 ], [ 134.502227799999986, 7.3609252 ], [ 134.5018921, 7.3607888 ], [ 134.5018005, 7.3608279 ], [ 134.5016937, 7.3608279 ], [ 134.5014343, 7.3607249 ], [ 134.5007172, 7.3601666 ], [ 134.5003357, 7.3598471 ], [ 134.5002441, 7.3597388 ], [ 134.5002594, 7.3596416 ], [ 134.500061, 7.3595333 ], [ 134.5000305, 7.3594585 ], [ 134.5000305, 7.3593612 ], [ 134.5002136, 7.3591471 ], [ 134.5003357, 7.3590498 ], [ 134.5004425, 7.3588777 ], [ 134.500549299999989, 7.3585973 ], [ 134.5006409, 7.3585029 ], [ 134.5007019, 7.3583946 ], [ 134.5007019, 7.3583279 ], [ 134.500656099999986, 7.3582945 ], [ 134.5005951, 7.3582888 ], [ 134.500427300000013, 7.3584776 ], [ 134.5003204, 7.3586526 ], [ 134.5000153, 7.3589277 ], [ 134.5, 7.3589692 ], [ 134.499923700000011, 7.359128 ], [ 134.499832199999986, 7.359211 ], [ 134.499694799999986, 7.3592806 ], [ 134.49943540000001, 7.3590307 ], [ 134.499221799999987, 7.3587418 ], [ 134.4989014, 7.358222 ], [ 134.4988861, 7.3581581 ], [ 134.4989929, 7.357986 ], [ 134.4989929, 7.3578696 ], [ 134.4989319, 7.3577056 ], [ 134.4989166, 7.3575859 ], [ 134.4988861, 7.3574805 ], [ 134.4988098, 7.3574166 ], [ 134.498764, 7.3573141 ], [ 134.4986877, 7.3572416 ], [ 134.4985962, 7.357214 ], [ 134.4985657, 7.3571081 ], [ 134.4985199, 7.3570919 ], [ 134.4984436, 7.357111 ], [ 134.4981995, 7.3571277 ], [ 134.4975891, 7.3561583 ], [ 134.497467, 7.3558831 ], [ 134.4975586, 7.3558054 ] ] } },
{ "type": "Feature", "properties": { "RCID": 322, "PRIM": 2, "GRUP": 2, "OBJL": 30, "RVER": 1, "AGEN": 550, "FIDN": 507913808, "FIDS": 9, "LNAM": "02261E4626500009", "LNAM_REFS": null, "FFPT_RIND": null, "CATCOA": null, "COLOUR": null, "CONRAD": null, "CONVIS": null, "ELEVAT": null, "NOBJNM": null, "OBJNAM": null, "VERACC": null, "VERDAT": null, "INFORM": null, "NINFOM": null, "NTXTDS": null, "PICREP": null, "SCAMAX": null, "SCAMIN": null, "TXTDSC": null, "RECDAT": null, "RECIND": null, "SORDAT": "20150206", "SORIND": "US,US,reprt,L-246-2015", "_enc_cell": "US4TB3P0" }, "geometry": { "type": "LineString", "coordinates": [ [ 134.4994202, 7.3313446 ], [ 134.4994202, 7.3314276 ], [ 134.4994659, 7.331564 ], [ 134.499527, 7.3316307 ], [ 134.4996033, 7.3316808 ], [ 134.4997559, 7.3319693 ], [ 134.499832199999986, 7.3320222 ], [ 134.4999542, 7.3320389 ], [ 134.500076299999989, 7.3320389 ], [ 134.500183099999987, 7.3319778 ], [ 134.5002136, 7.3318944 ], [ 134.5001679, 7.3318057 ], [ 134.5000458, 7.331728 ], [ 134.5, 7.3316832 ], [ 134.4999542, 7.3316336 ], [ 134.499801600000012, 7.331389 ], [ 134.4996796, 7.3312669 ], [ 134.499527, 7.3311887 ], [ 134.499450700000011, 7.3311887 ], [ 134.4994202, 7.3313446 ] ] } },
{ "type": "Feature", "properties": { "RCID": 323, "PRIM": 2, "GRUP": 2, "OBJL": 30, "RVER": 1, "AGEN": 550, "FIDN": 122106261, "FIDS": 9, "LNAM": "0226074731950009", "LNAM_REFS": null, "FFPT_RIND": null, "CATCOA": null, "COLOUR": null, "CONRAD": null, "CONVIS": null, "ELEVAT": null, "NOBJNM": null, "OBJNAM": null, "VERACC": null, "VERDAT": null, "INFORM": null, "NINFOM": null, "NTXTDS": null, "PICREP": null, "SCAMAX": null, "SCAMIN": null, "TXTDSC": null, "RECDAT": null, "RECIND": null, "SORDAT": "20150206", "SORIND": "US,US,reprt,L-246-2015", "_enc_cell": "US4TB3P0" }, "geometry": { "type": "LineString", "coordinates": [ [ 134.4962006, 7.3564973 ], [ 134.4961395, 7.3566332 ], [ 134.496231099999989, 7.3567581 ], [ 134.4963074, 7.3567777 ], [ 134.4963837, 7.3567696 ], [ 134.4965057, 7.3567305 ], [ 134.4965363, 7.3566752 ], [ 134.4965363, 7.3565974 ], [ 134.4965057, 7.3565083 ], [ 134.49646, 7.3564277 ], [ 134.4964142, 7.3564 ], [ 134.4962006, 7.3564973 ] ] } },
{ "type": "Feature", "properties": { "RCID": 341, "PRIM": 2, "GRUP": 2, "OBJL": 30, "RVER": 1, "AGEN": 550, "FIDN": 124330265, "FIDS": 9, "LNAM": "0226076921190009", "LNAM_REFS": null, "FFPT_RIND": null, "CATCOA": null, "COLOUR": null, "CONRAD": null, "CONVIS": null, "ELEVAT": null, "NOBJNM": null, "OBJNAM": null, "VERACC": null, "VERDAT": null, "INFORM": null, "NINFOM": null, "NTXTDS": null, "PICREP": null, "SCAMAX": null, "SCAMIN": null, "TXTDSC": null, "RECDAT": null, "RECIND": null, "SORDAT": "20150206", "SORIND": "US,US,reprt,L-246-2015", "_enc_cell": "US4TB3P0" }, "geometry": { "type": "LineString", "coordinates": [ [ 134.5894165, 7.3530917 ], [ 134.589370699999989, 7.3532639 ], [ 134.5892792, 7.3533444 ], [ 134.589218100000011, 7.3534641 ], [ 134.5890808, 7.3535419 ], [ 134.589019799999988, 7.3537474 ], [ 134.5890656, 7.3538251 ], [ 134.5890656, 7.3538499 ], [ 134.5891876, 7.3538666 ], [ 134.5896606, 7.3537555 ], [ 134.589798, 7.3536778 ], [ 134.58992, 7.3535891 ], [ 134.5900574, 7.3534279 ], [ 134.590087899999986, 7.3533473 ], [ 134.589981099999989, 7.3530693 ], [ 134.5898895, 7.3529553 ], [ 134.5897827, 7.3529639 ], [ 134.5896301, 7.3530526 ], [ 134.5895386, 7.3530221 ], [ 134.5894165, 7.3530917 ] ] } },
{ "type": "Feature", "properties": { "RCID": 342, "PRIM": 2, "GRUP": 2, "OBJL": 30, "RVER": 1, "AGEN": 550, "FIDN": 134892460, "FIDS": 9, "LNAM": "0226080A4BAC0009", "LNAM_REFS": null, "FFPT_RIND": null, "CATCOA": null, "COLOUR": null, "CONRAD": null, "CONVIS": null, "ELEVAT": null, "NOBJNM": null, "OBJNAM": null, "VERACC": null, "VERDAT": null, "INFORM": null, "NINFOM": null, "NTXTDS": null, "PICREP": null, "SCAMAX": null, "SCAMIN": null, "TXTDSC": null, "RECDAT": null, "RECIND": null, "SORDAT": "20150206", "SORIND": "US,US,reprt,L-246-2015", "_enc_cell": "US4TB3P0" }, "geometry": { "type": "LineString", "coordinates": [ [ 134.562698399999988, 7.3629193 ], [ 134.562789900000013, 7.3629723 ], [ 134.5628357, 7.3630304 ], [ 134.5630951, 7.3630276 ], [ 134.5632019, 7.3629584 ], [ 134.5634308, 7.3628583 ], [ 134.5637817, 7.3626609 ], [ 134.5639191, 7.3626027 ], [ 134.564117399999986, 7.3623223 ], [ 134.564117399999986, 7.3621526 ], [ 134.5641785, 7.3619194 ], [ 134.56427, 7.3616638 ], [ 134.5643158, 7.3615112 ], [ 134.5643768, 7.3613915 ], [ 134.5643921, 7.3612919 ], [ 134.5642853, 7.3608861 ], [ 134.56399540000001, 7.3602333 ], [ 134.5637817, 7.360014 ], [ 134.5635834, 7.3599081 ], [ 134.56350710000001, 7.3598251 ], [ 134.5633545, 7.3597527 ], [ 134.563293499999986, 7.3596668 ], [ 134.5632172, 7.3595748 ], [ 134.5631409, 7.3592944 ], [ 134.5632019, 7.3592081 ], [ 134.5631409, 7.3591585 ], [ 134.5630646, 7.3591418 ], [ 134.5630035, 7.3591585 ], [ 134.5629578, 7.3591332 ], [ 134.562698399999988, 7.3590026 ], [ 134.5622711, 7.3586917 ], [ 134.5620117, 7.3585391 ] ] } },
{ "type": "Feature", "properties": { "RCID": 343, "PRIM": 2, "GRUP": 2, "OBJL": 30, "RVER": 1, "AGEN": 550, "FIDN": 523541232, "FIDS": 9, "LNAM": "02261F349AF00009", "LNAM_REFS": null, "FFPT_RIND": null, "CATCOA": null, "COLOUR": null, "CONRAD": null, "CONVIS": null, "ELEVAT": null, "NOBJNM": null, "OBJNAM": null, "VERACC": null, "VERDAT": null, "INFORM": null, "NINFOM": null, "NTXTDS": null, "PICREP": null, "SCAMAX": null, "SCAMIN": null, "TXTDSC": null, "RECDAT": null, "RECIND": null, "SORDAT": "20150206", "SORIND": "US,US,reprt,L-246-2015", "_enc_cell": "US4TB3P0" }, "geometry": { "type": "LineString", "coordinates": [ [ 134.561233499999986, 7.3634305 ], [ 134.5611877, 7.3634806 ], [ 134.5612183, 7.3635526 ], [ 134.561233499999986, 7.3635583 ], [ 134.561340300000012, 7.3635917 ], [ 134.5614166, 7.3635473 ], [ 134.5614319, 7.3634639 ], [ 134.5613861, 7.3633862 ], [ 134.5613098, 7.3633752 ], [ 134.561233499999986, 7.3634305 ] ] } },
{ "type": "Feature", "properties": { "RCID": 345, "PRIM": 2, "GRUP": 2, "OBJL": 30, "RVER": 1, "AGEN": 550, "FIDN": 869335294, "FIDS": 9, "LNAM": "022633D100FE0009", "LNAM_REFS": null, "FFPT_RIND": null, "CATCOA": null, "COLOUR": null, "CONRAD": null, "CONVIS": null, "ELEVAT": null, "NOBJNM": null, "OBJNAM": null, "VERACC": null, "VERDAT": null, "INFORM": null, "NINFOM": null, "NTXTDS": null, "PICREP": null, "SCAMAX": null, "SCAMIN": null, "TXTDSC": null, "RECDAT": null, "RECIND": null, "SORDAT": "20150206", "SORIND": "US,US,reprt,L-246-2015", "_enc_cell": "US4TB3P0" }, "geometry": { "type": "LineString", "coordinates": [ [ 134.5305481, 7.3439446 ], [ 134.530578600000013, 7.3438692 ], [ 134.5305634, 7.3437667 ], [ 134.530487099999988, 7.3436971 ], [ 134.530365, 7.3437195 ], [ 134.5303192, 7.3437223 ], [ 134.530304, 7.3438139 ], [ 134.530349699999988, 7.343853 ], [ 134.530349699999988, 7.3439446 ], [ 134.530365, 7.3439751 ], [ 134.530471799999987, 7.3439751 ], [ 134.5305481, 7.3439446 ] ] } },
{ "type": "Feature", "properties": { "RCID": 350, "PRIM": 2, "GRUP": 2, "OBJL": 30, "RVER": 1, "AGEN": 550, "FIDN": 139720351, "FIDS": 9, "LNAM": "02260853F69F0009", "LNAM_REFS": null, "FFPT_RIND": null, "CATCOA": null, "COLOUR": null, "CONRAD": null, "CONVIS": null, "ELEVAT": null, "NOBJNM": null, "OBJNAM": null, "VERACC": null, "VERDAT": null, "INFORM": null, "NINFOM": null, "NTXTDS": null, "PICREP": null, "SCAMAX": null, "SCAMIN": null, "TXTDSC": null, "RECDAT": null, "RECIND": null, "SORDAT": "20150206", "SORIND": "US,US,reprt,L-246-2015", "_enc_cell": "US4TB3P0" }, "geometry": { "type": "LineString", "coordinates": [ [ 134.499450700000011, 7.3221612 ], [ 134.499450700000011, 7.3222585 ], [ 134.4994965, 7.3224583 ], [ 134.4996185, 7.3225193 ], [ 134.4997253, 7.3224053 ], [ 134.4997559, 7.3223252 ], [ 134.499816900000013, 7.3222613 ], [ 134.4997711, 7.3221946 ], [ 134.4997559, 7.3220863 ], [ 134.499694799999986, 7.3221002 ], [ 134.499527, 7.3220749 ], [ 134.499450700000011, 7.3221612 ] ] } },
{ "type": "Feature", "properties": { "RCID": 351, "PRIM": 2, "GRUP": 2, "OBJL": 30, "RVER": 1, "AGEN": 550, "FIDN": 621291812, "FIDS": 9, "LNAM": "0226250829240009", "LNAM_REFS": null, "FFPT_RIND": null, "CATCOA": null, "COLOUR": null, "CONRAD": null, "CONVIS": null, "ELEVAT": null, "NOBJNM": null, "OBJNAM": null, "VERACC": null, "VERDAT": null, "INFORM": null, "NINFOM": null, "NTXTDS": null, "PICREP": null, "SCAMAX": null, "SCAMIN": null, "TXTDSC": null, "RECDAT": null, "RECIND": null, "SORDAT": "20150206", "SORIND": "US,US,reprt,L-246-2015", "_enc_cell": "US4TB3P0" }, "geometry": { "type": "LineString", "coordinates": [ [ 134.491149900000011, 7.3323307 ], [ 134.4911346, 7.3321891 ], [ 134.4910889, 7.332036 ], [ 134.4910889, 7.3319082 ], [ 134.491165200000012, 7.3316498 ], [ 134.4911804, 7.3315058 ], [ 134.4910736, 7.3311944 ], [ 134.4910126, 7.3310919 ], [ 134.4909668, 7.3309445 ], [ 134.4909668, 7.3308249 ], [ 134.4908295, 7.3305502 ], [ 134.4908295, 7.3304415 ], [ 134.4908752, 7.3303027 ], [ 134.4909515, 7.3302331 ], [ 134.491058399999986, 7.3301973 ], [ 134.4911346, 7.3301029 ], [ 134.4912262, 7.3300276 ], [ 134.4913788, 7.3299666 ], [ 134.491531400000014, 7.3297973 ], [ 134.491684, 7.3297195 ], [ 134.4918366, 7.3296723 ], [ 134.4919434, 7.3295693 ], [ 134.491989100000012, 7.3294363 ], [ 134.4919434, 7.3293195 ], [ 134.4918366, 7.3292613 ], [ 134.4916992, 7.329236 ], [ 134.4916077, 7.3292751 ], [ 134.4915924, 7.32935 ], [ 134.491516100000013, 7.3294277 ], [ 134.491394, 7.329422 ], [ 134.491287199999988, 7.3293724 ], [ 134.491043100000013, 7.3294501 ], [ 134.4907684, 7.3297224 ], [ 134.4907227, 7.3298278 ], [ 134.4906921, 7.329947 ], [ 134.4906158, 7.3299971 ], [ 134.4904785, 7.33005 ], [ 134.4904785, 7.3301473 ], [ 134.4904022, 7.3302474 ], [ 134.490066500000012, 7.330214 ], [ 134.4897308, 7.3300724 ], [ 134.4896393, 7.3299527 ], [ 134.4895172, 7.3298998 ], [ 134.4894409, 7.3298221 ], [ 134.489364599999988, 7.3297081 ], [ 134.4891663, 7.329525 ], [ 134.4890747, 7.3294139 ], [ 134.4889526, 7.3293333 ], [ 134.4888306, 7.3293724 ], [ 134.4886932, 7.329464 ], [ 134.4885864, 7.3295889 ], [ 134.4884949, 7.3297277 ], [ 134.4883881, 7.329978 ], [ 134.488418599999989, 7.330122 ], [ 134.488418599999989, 7.3302555 ], [ 134.4884491, 7.3303471 ], [ 134.4885712, 7.3304277 ], [ 134.4887085, 7.3304863 ], [ 134.4888611, 7.3305306 ], [ 134.488876299999987, 7.330647 ], [ 134.4889832, 7.3306999 ], [ 134.4891663, 7.3308749 ], [ 134.4892731, 7.330936 ], [ 134.4894257, 7.3309808 ], [ 134.4895783, 7.3309665 ], [ 134.4897308, 7.3310027 ], [ 134.489868199999989, 7.3310833 ], [ 134.489975, 7.3311777 ], [ 134.4901581, 7.3314834 ], [ 134.4902344, 7.3317194 ], [ 134.4903107, 7.3319001 ], [ 134.4904022, 7.3319998 ], [ 134.490387, 7.3320556 ], [ 134.4903717, 7.3320723 ], [ 134.4903717, 7.3321304 ], [ 134.4904785, 7.3321252 ], [ 134.490554800000012, 7.3321972 ], [ 134.4906006, 7.332397 ], [ 134.4906464, 7.3324556 ], [ 134.4907684, 7.3324609 ], [ 134.4908447, 7.3327084 ], [ 134.4910126, 7.3327584 ], [ 134.4911194, 7.3325 ], [ 134.491149900000011, 7.3323307 ] ] } }
]
}
