{
"type": "FeatureCollection",
"name": "DEPCNT_SAMPLED_POINTS",
"crs": { "type": "name", "properties": { "name": "urn:ogc:def:crs:OGC:1.3:CRS84" } },
"features": [
{ "type": "Feature", "properties": { "depth_m": 5.0, "evidence": "DEPCNT" }, "geometry": { "type": "Point", "coordinates": [ 134.487075800000014, 7.4028835 ] } },
{ "type": "Feature", "properties": { "depth_m": 5.0, "evidence": "DEPCNT" }, "geometry": { "type": "Point", "coordinates": [ 134.488222915686691, 7.402628257486133 ] } },
{ "type": "Feature", "properties": { "depth_m": 5.0, "evidence": "DEPCNT" }, "geometry": { "type": "Point", "coordinates": [ 134.489232604283529, 7.403090607037032 ] } },
{ "type": "Feature", "properties": { "depth_m": 5.0, "evidence": "DEPCNT" }, "geometry": { "type": "Point", "coordinates": [ 134.490059466899254, 7.40245756667238 ] } },
{ "type": "Feature", "properties": { "depth_m": 5.0, "evidence": "DEPCNT" }, "geometry": { "type": "Point", "coordinates": [ 134.490570100000014, 7.4023418 ] } },
{ "type": "Feature", "properties": { "depth_m": 2.0, "evidence": "DEPCNT" }, "geometry": { "type": "Point", "coordinates": [ 134.4948425, 7.4141417 ] } },
{ "type": "Feature", "properties": { "depth_m": 2.0, "evidence": "DEPCNT" }, "geometry": { "type": "Point", "coordinates": [ 134.495010400000012, 7.4139638 ] } },
{ "type": "Feature", "properties": { "depth_m": 20.0, "evidence": "DEPCNT" }, "geometry": { "type": "Point", "coordinates": [ 134.5005951, 7.3002558 ] } },
{ "type": "Feature", "properties": { "depth_m": 20.0, "evidence": "DEPCNT" }, "geometry": { "type": "Point", "coordinates": [ 134.501339005417776, 7.300379966503289 ] } },
{ "type": "Feature", "properties": { "depth_m": 20.0, "evidence": "DEPCNT" }, "geometry": { "type": "Point", "coordinates": [ 134.500816355159856, 7.300917748616588 ] } },
{ "type": "Feature", "properties": { "depth_m": 20.0, "evidence": "DEPCNT" }, "geometry": { "type": "Point", "coordinates": [ 134.5005951, 7.3002558 ] } },
{ "type": "Feature", "properties": { "depth_m": 5.0, "evidence": "DEPCNT" }, "geometry": { "type": "Point", "coordinates": [ 134.5008698, 7.3043861 ] } },
{ "type": "Feature", "properties": { "depth_m": 5.0, "evidence": "DEPCNT" }, "geometry": { "type": "Point", "coordinates": [ 134.501784480995866, 7.303884066019285 ] } },
{ "type": "Feature", "properties": { "depth_m": 5.0, "evidence": "DEPCNT" }, "geometry": { "type": "Point", "coordinates": [ 134.502528912169339, 7.303123704484451 ] } },
{ "type": "Feature", "properties": { "depth_m": 5.0, "evidence": "DEPCNT" }, "geometry": { "type": "Point", "coordinates": [ 134.503499605031806, 7.302961057427246 ] } },
{ "type": "Feature", "properties": { "depth_m": 5.0, "evidence": "DEPCNT" }, "geometry": { "type": "Point", "coordinates": [ 134.5038757, 7.3038721 ] } },
{ "type": "Feature", "properties": { "depth_m": 10.0, "evidence": "DEPCNT" }, "geometry": { "type": "Point", "coordinates": [ 134.504837, 7.2899833 ] } },
{ "type": "Feature", "properties": { "depth_m": 10.0, "evidence": "DEPCNT" }, "geometry": { "type": "Point", "coordinates": [ 134.505577141829235, 7.289952618281053 ] } },
{ "type": "Feature", "properties": { "depth_m": 10.0, "evidence": "DEPCNT" }, "geometry": { "type": "Point", "coordinates": [ 134.50628660000001, 7.289875 ] } },
{ "type": "Feature", "properties": { "depth_m": 2.0, "evidence": "DEPCNT" }, "geometry": { "type": "Point", "coordinates": [ 134.5056305, 7.3618193 ] } },
{ "type": "Feature", "properties": { "depth_m": 2.0, "evidence": "DEPCNT" }, "geometry": { "type": "Point", "coordinates": [ 134.505704616788393, 7.360859898173405 ] } },
{ "type": "Feature", "properties": { "depth_m": 2.0, "evidence": "DEPCNT" }, "geometry": { "type": "Point", "coordinates": [ 134.5064545, 7.3603697 ] } },
{ "type": "Feature", "properties": { "depth_m": 20.0, "evidence": "DEPCNT" }, "geometry": { "type": "Point", "coordinates": [ 134.5066376, 7.3590417 ] } },
{ "type": "Feature", "properties": { "depth_m": 20.0, "evidence": "DEPCNT" }, "geometry": { "type": "Point", "coordinates": [ 134.507605507160321, 7.358157181788146 ] } },
{ "type": "Feature", "properties": { "depth_m": 20.0, "evidence": "DEPCNT" }, "geometry": { "type": "Point", "coordinates": [ 134.508449706353446, 7.357167747622695 ] } },
{ "type": "Feature", "properties": { "depth_m": 20.0, "evidence": "DEPCNT" }, "geometry": { "type": "Point", "coordinates": [ 134.50935018819186, 7.356200227186989 ] } },
{ "type": "Feature", "properties": { "depth_m": 20.0, "evidence": "DEPCNT" }, "geometry": { "type": "Point", "coordinates": [ 134.5102387, 7.3552222 ] } },
{ "type": "Feature", "properties": { "depth_m": 5.0, "evidence": "DEPCNT" }, "geometry": { "type": "Point", "coordinates": [ 134.5120087, 7.3471918 ] } },
{ "type": "Feature", "properties": { "depth_m": 5.0, "evidence": "DEPCNT" }, "geometry": { "type": "Point", "coordinates": [ 134.51277011858798, 7.346988540538591 ] } },
{ "type": "Feature", "properties": { "depth_m": 5.0, "evidence": "DEPCNT" }, "geometry": { "type": "Point", "coordinates": [ 134.5125275, 7.346447 ] } },
{ "type": "Feature", "properties": { "depth_m": 30.0, "evidence": "DEPCNT" }, "geometry": { "type": "Point", "coordinates": [ 134.5152283, 7.2996554 ] } },
{ "type": "Feature", "properties": { "depth_m": 30.0, "evidence": "DEPCNT" }, "geometry": { "type": "Point", "coordinates": [ 134.514940216479403, 7.298414294868166 ] } },
{ "type": "Feature", "properties": { "depth_m": 30.0, "evidence": "DEPCNT" }, "geometry": { "type": "Point", "coordinates": [ 134.513863873404944, 7.298692005703998 ] } },
{ "type": "Feature", "properties": { "depth_m": 30.0, "evidence": "DEPCNT" }, "geometry": { "type": "Point", "coordinates": [ 134.513456676656006, 7.297563658517793 ] } },
{ "type": "Feature", "properties": { "depth_m": 30.0, "evidence": "DEPCNT" }, "geometry": { "type": "Point", "coordinates": [ 134.513862611020642, 7.296583413736624 ] } },
{ "type": "Feature", "properties": { "depth_m": 30.0, "evidence": "DEPCNT" }, "geometry": { "type": "Point", "coordinates": [ 134.514811637403852, 7.296940677883796 ] } },
{ "type": "Feature", "properties": { "depth_m": 30.0, "evidence": "DEPCNT" }, "geometry": { "type": "Point", "coordinates": [ 134.514344156313797, 7.295897911429074 ] } },
{ "type": "Feature", "properties": { "depth_m": 30.0, "evidence": "DEPCNT" }, "geometry": { "type": "Point", "coordinates": [ 134.515078064834, 7.295403034635562 ] } },
{ "type": "Feature", "properties": { "depth_m": 30.0, "evidence": "DEPCNT" }, "geometry": { "type": "Point", "coordinates": [ 134.515238860472152, 7.294138698480507 ] } },
{ "type": "Feature", "properties": { "depth_m": 30.0, "evidence": "DEPCNT" }, "geometry": { "type": "Point", "coordinates": [ 134.515625, 7.2949224 ] } },
{ "type": "Feature", "properties": { "depth_m": 30.0, "evidence": "DEPCNT" }, "geometry": { "type": "Point", "coordinates": [ 134.517395, 7.3391275 ] } },
{ "type": "Feature", "properties": { "depth_m": 30.0, "evidence": "DEPCNT" }, "geometry": { "type": "Point", "coordinates": [ 134.516800147062497, 7.339886368792113 ] } },
{ "type": "Feature", "properties": { "depth_m": 30.0, "evidence": "DEPCNT" }, "geometry": { "type": "Point", "coordinates": [ 134.516610541370426, 7.340822793030137 ] } },
{ "type": "Feature", "properties": { "depth_m": 30.0, "evidence": "DEPCNT" }, "geometry": { "type": "Point", "coordinates": [ 134.516571, 7.3417888 ] } },
{ "type": "Feature", "properties": { "depth_m": 10.0, "evidence": "DEPCNT" }, "geometry": { "type": "Point", "coordinates": [ 134.5164337, 7.3089166 ] } },
{ "type": "Feature", "properties": { "depth_m": 10.0, "evidence": "DEPCNT" }, "geometry": { "type": "Point", "coordinates": [ 134.51729323468868, 7.308752997034105 ] } },
{ "type": "Feature", "properties": { "depth_m": 10.0, "evidence": "DEPCNT" }, "geometry": { "type": "Point", "coordinates": [ 134.517807, 7.3093391 ] } },
{ "type": "Feature", "properties": { "depth_m": 20.0, "evidence": "DEPCNT" }, "geometry": { "type": "Point", "coordinates": [ 134.5162048, 7.3489776 ] } },
{ "type": "Feature", "properties": { "depth_m": 20.0, "evidence": "DEPCNT" }, "geometry": { "type": "Point", "coordinates": [ 134.517148883299484, 7.348664622754863 ] } },
{ "type": "Feature", "properties": { "depth_m": 20.0, "evidence": "DEPCNT" }, "geometry": { "type": "Point", "coordinates": [ 134.518167818112602, 7.348817823912265 ] } },
{ "type": "Feature", "properties": { "depth_m": 20.0, "evidence": "DEPCNT" }, "geometry": { "type": "Point", "coordinates": [ 134.5186005, 7.348125 ] } },
{ "type": "Feature", "properties": { "depth_m": 30.0, "evidence": "DEPCNT" }, "geometry": { "type": "Point", "coordinates": [ 134.5190735, 7.289753 ] } },
{ "type": "Feature", "properties": { "depth_m": 30.0, "evidence": "DEPCNT" }, "geometry": { "type": "Point", "coordinates": [ 134.517969947415679, 7.289629977552234 ] } },
{ "type": "Feature", "properties": { "depth_m": 30.0, "evidence": "DEPCNT" }, "geometry": { "type": "Point", "coordinates": [ 134.516922, 7.2900224 ] } },
{ "type": "Feature", "properties": { "depth_m": 30.0, "evidence": "DEPCNT" }, "geometry": { "type": "Point", "coordinates": [ 134.5203095, 7.3419056 ] } },
{ "type": "Feature", "properties": { "depth_m": 30.0, "evidence": "DEPCNT" }, "geometry": { "type": "Point", "coordinates": [ 134.5204315, 7.3412137 ] } },
{ "type": "Feature", "properties": { "depth_m": 5.0, "evidence": "DEPCNT" }, "geometry": { "type": "Point", "coordinates": [ 134.5210724, 7.3452082 ] } },
{ "type": "Feature", "properties": { "depth_m": 5.0, "evidence": "DEPCNT" }, "geometry": { "type": "Point", "coordinates": [ 134.520398454242638, 7.34467670330253 ] } },
{ "type": "Feature", "properties": { "depth_m": 5.0, "evidence": "DEPCNT" }, "geometry": { "type": "Point", "coordinates": [ 134.520019499999989, 7.3454971 ] } },
{ "type": "Feature", "properties": { "depth_m": 5.0, "evidence": "DEPCNT" }, "geometry": { "type": "Point", "coordinates": [ 134.517349200000012, 7.2920694 ] } },
{ "type": "Feature", "properties": { "depth_m": 5.0, "evidence": "DEPCNT" }, "geometry": { "type": "Point", "coordinates": [ 134.517328500623535, 7.290943799924268 ] } },
{ "type": "Feature", "properties": { "depth_m": 5.0, "evidence": "DEPCNT" }, "geometry": { "type": "Point", "coordinates": [ 134.518402266814149, 7.291053643874769 ] } },
{ "type": "Feature", "properties": { "depth_m": 5.0, "evidence": "DEPCNT" }, "geometry": { "type": "Point", "coordinates": [ 134.519318986268161, 7.290355216926093 ] } },
{ "type": "Feature", "properties": { "depth_m": 5.0, "evidence": "DEPCNT" }, "geometry": { "type": "Point", "coordinates": [ 134.520298249966686, 7.290258400004508 ] } },
{ "type": "Feature", "properties": { "depth_m": 5.0, "evidence": "DEPCNT" }, "geometry": { "type": "Point", "coordinates": [ 134.521343756480974, 7.289790723952684 ] } },
{ "type": "Feature", "properties": { "depth_m": 5.0, "evidence": "DEPCNT" }, "geometry": { "type": "Point", "coordinates": [ 134.522432228340818, 7.289310150858855 ] } },
{ "type": "Feature", "properties": { "depth_m": 5.0, "evidence": "DEPCNT" }, "geometry": { "type": "Point", "coordinates": [ 134.5234833, 7.2887859 ] } },
{ "type": "Feature", "properties": { "depth_m": 20.0, "evidence": "DEPCNT" }, "geometry": { "type": "Point", "coordinates": [ 134.5240784, 7.3345614 ] } },
{ "type": "Feature", "properties": { "depth_m": 20.0, "evidence": "DEPCNT" }, "geometry": { "type": "Point", "coordinates": [ 134.523215057421339, 7.334895250891312 ] } },
{ "type": "Feature", "properties": { "depth_m": 20.0, "evidence": "DEPCNT" }, "geometry": { "type": "Point", "coordinates": [ 134.52278380908993, 7.33425286206261 ] } },
{ "type": "Feature", "properties": { "depth_m": 20.0, "evidence": "DEPCNT" }, "geometry": { "type": "Point", "coordinates": [ 134.5235748, 7.3338447 ] } },
{ "type": "Feature", "properties": { "depth_m": 30.0, "evidence": "DEPCNT" }, "geometry": { "type": "Point", "coordinates": [ 134.524810800000012, 7.2745166 ] } },
{ "type": "Feature", "properties": { "depth_m": 30.0, "evidence": "DEPCNT" }, "geometry": { "type": "Point", "coordinates": [ 134.523634957887708, 7.274624285398653 ] } },
{ "type": "Feature", "properties": { "depth_m": 30.0, "evidence": "DEPCNT" }, "geometry": { "type": "Point", "coordinates": [ 134.5239563, 7.2735472 ] } },
{ "type": "Feature", "properties": { "depth_m": 5.0, "evidence": "DEPCNT" }, "geometry": { "type": "Point", "coordinates": [ 134.523864800000013, 7.3487611 ] } },
{ "type": "Feature", "properties": { "depth_m": 5.0, "evidence": "DEPCNT" }, "geometry": { "type": "Point", "coordinates": [ 134.524763133768403, 7.348888236371371 ] } },
{ "type": "Feature", "properties": { "depth_m": 5.0, "evidence": "DEPCNT" }, "geometry": { "type": "Point", "coordinates": [ 134.525543199999987, 7.3492861 ] } },
{ "type": "Feature", "properties": { "depth_m": 5.0, "evidence": "DEPCNT" }, "geometry": { "type": "Point", "coordinates": [ 134.5264435, 7.2867193 ] } },
{ "type": "Feature", "properties": { "depth_m": 5.0, "evidence": "DEPCNT" }, "geometry": { "type": "Point", "coordinates": [ 134.5255737, 7.2872028 ] } },
{ "type": "Feature", "properties": { "depth_m": 20.0, "evidence": "DEPCNT" }, "geometry": { "type": "Point", "coordinates": [ 134.526001, 7.3345833 ] } },
{ "type": "Feature", "properties": { "depth_m": 20.0, "evidence": "DEPCNT" }, "geometry": { "type": "Point", "coordinates": [ 134.52706989062375, 7.333788990218643 ] } },
{ "type": "Feature", "properties": { "depth_m": 20.0, "evidence": "DEPCNT" }, "geometry": { "type": "Point", "coordinates": [ 134.528398630598673, 7.33380096474267 ] } },
{ "type": "Feature", "properties": { "depth_m": 20.0, "evidence": "DEPCNT" }, "geometry": { "type": "Point", "coordinates": [ 134.529480015289181, 7.334394636697319 ] } },
{ "type": "Feature", "properties": { "depth_m": 20.0, "evidence": "DEPCNT" }, "geometry": { "type": "Point", "coordinates": [ 134.528585746066824, 7.335066802478278 ] } },
{ "type": "Feature", "properties": { "depth_m": 20.0, "evidence": "DEPCNT" }, "geometry": { "type": "Point", "coordinates": [ 134.5272522, 7.3351612 ] } },
{ "type": "Feature", "properties": { "depth_m": 20.0, "evidence": "DEPCNT" }, "geometry": { "type": "Point", "coordinates": [ 134.5311432, 7.2743721 ] } },
{ "type": "Feature", "properties": { "depth_m": 20.0, "evidence": "DEPCNT" }, "geometry": { "type": "Point", "coordinates": [ 134.531421307069479, 7.273107532449056 ] } },
{ "type": "Feature", "properties": { "depth_m": 20.0, "evidence": "DEPCNT" }, "geometry": { "type": "Point", "coordinates": [ 134.532419076096033, 7.272297644707764 ] } },
{ "type": "Feature", "properties": { "depth_m": 20.0, "evidence": "DEPCNT" }, "geometry": { "type": "Point", "coordinates": [ 134.532912972858128, 7.271123395907921 ] } },
{ "type": "Feature", "properties": { "depth_m": 20.0, "evidence": "DEPCNT" }, "geometry": { "type": "Point", "coordinates": [ 134.5339966, 7.2707 ] } },
{ "type": "Feature", "properties": { "depth_m": 20.0, "evidence": "DEPCNT" }, "geometry": { "type": "Point", "coordinates": [ 134.5365601, 7.2950807 ] } },
{ "type": "Feature", "properties": { "depth_m": 20.0, "evidence": "DEPCNT" }, "geometry": { "type": "Point", "coordinates": [ 134.535715616001028, 7.294128356548412 ] } },
{ "type": "Feature", "properties": { "depth_m": 20.0, "evidence": "DEPCNT" }, "geometry": { "type": "Point", "coordinates": [ 134.534574809932252, 7.29425773123542 ] } },
{ "type": "Feature", "properties": { "depth_m": 20.0, "evidence": "DEPCNT" }, "geometry": { "type": "Point", "coordinates": [ 134.533999664206675, 7.295443432221046 ] } },
{ "type": "Feature", "properties": { "depth_m": 20.0, "evidence": "DEPCNT" }, "geometry": { "type": "Point", "coordinates": [ 134.534469473080463, 7.296491761540485 ] } },
{ "type": "Feature", "properties": { "depth_m": 20.0, "evidence": "DEPCNT" }, "geometry": { "type": "Point", "coordinates": [ 134.535505968541258, 7.297129390800142 ] } },
{ "type": "Feature", "properties": { "depth_m": 20.0, "evidence": "DEPCNT" }, "geometry": { "type": "Point", "coordinates": [ 134.536482159787681, 7.296393106567025 ] } },
{ "type": "Feature", "properties": { "depth_m": 20.0, "evidence": "DEPCNT" }, "geometry": { "type": "Point", "coordinates": [ 134.5365601, 7.2950807 ] } },
{ "type": "Feature", "properties": { "depth_m": 50.0, "evidence": "DEPCNT" }, "geometry": { "type": "Point", "coordinates": [ 134.527359, 7.3080668 ] } },
{ "type": "Feature", "properties": { "depth_m": 50.0, "evidence": "DEPCNT" }, "geometry": { "type": "Point", "coordinates": [ 134.527597354967213, 7.30676346111403 ] } },
{ "type": "Feature", "properties": { "depth_m": 50.0, "evidence": "DEPCNT" }, "geometry": { "type": "Point", "coordinates": [ 134.528212866672959, 7.305647598211005 ] } },
{ "type": "Feature", "properties": { "depth_m": 50.0, "evidence": "DEPCNT" }, "geometry": { "type": "Point", "coordinates": [ 134.529507849514204, 7.305476149743332 ] } },
{ "type": "Feature", "properties": { "depth_m": 50.0, "evidence": "DEPCNT" }, "geometry": { "type": "Point", "coordinates": [ 134.530687566600079, 7.305973899301095 ] } },
{ "type": "Feature", "properties": { "depth_m": 50.0, "evidence": "DEPCNT" }, "geometry": { "type": "Point", "coordinates": [ 134.531076016520444, 7.307208736144605 ] } },
{ "type": "Feature", "properties": { "depth_m": 50.0, "evidence": "DEPCNT" }, "geometry": { "type": "Point", "coordinates": [ 134.53201585226509, 7.307913785246869 ] } },
{ "type": "Feature", "properties": { "depth_m": 50.0, "evidence": "DEPCNT" }, "geometry": { "type": "Point", "coordinates": [ 134.533256175088411, 7.308356917350411 ] } },
{ "type": "Feature", "properties": { "depth_m": 50.0, "evidence": "DEPCNT" }, "geometry": { "type": "Point", "coordinates": [ 134.534534501843837, 7.308655100328303 ] } },
{ "type": "Feature", "properties": { "depth_m": 50.0, "evidence": "DEPCNT" }, "geometry": { "type": "Point", "coordinates": [ 134.535848422778258, 7.308462173777377 ] } },
{ "type": "Feature", "properties": { "depth_m": 50.0, "evidence": "DEPCNT" }, "geometry": { "type": "Point", "coordinates": [ 134.537083704332247, 7.308821404943685 ] } },
{ "type": "Feature", "properties": { "depth_m": 50.0, "evidence": "DEPCNT" }, "geometry": { "type": "Point", "coordinates": [ 134.537924940856783, 7.309852972621608 ] } },
{ "type": "Feature", "properties": { "depth_m": 50.0, "evidence": "DEPCNT" }, "geometry": { "type": "Point", "coordinates": [ 134.538483852516038, 7.310991162871836 ] } },
{ "type": "Feature", "properties": { "depth_m": 50.0, "evidence": "DEPCNT" }, "geometry": { "type": "Point", "coordinates": [ 134.537239861489354, 7.311352700003456 ] } },
{ "type": "Feature", "properties": { "depth_m": 50.0, "evidence": "DEPCNT" }, "geometry": { "type": "Point", "coordinates": [ 134.53590928076008, 7.311411965392884 ] } },
{ "type": "Feature", "properties": { "depth_m": 50.0, "evidence": "DEPCNT" }, "geometry": { "type": "Point", "coordinates": [ 134.534648638457384, 7.311701333434742 ] } },
{ "type": "Feature", "properties": { "depth_m": 50.0, "evidence": "DEPCNT" }, "geometry": { "type": "Point", "coordinates": [ 134.533584600000012, 7.3124752 ] } },
{ "type": "Feature", "properties": { "depth_m": 20.0, "evidence": "DEPCNT" }, "geometry": { "type": "Point", "coordinates": [ 134.5402679, 7.2717557 ] } },
{ "type": "Feature", "properties": { "depth_m": 20.0, "evidence": "DEPCNT" }, "geometry": { "type": "Point", "coordinates": [ 134.540832500000249, 7.272304699799168 ] } },
{ "type": "Feature", "properties": { "depth_m": 20.0, "evidence": "DEPCNT" }, "geometry": { "type": "Point", "coordinates": [ 134.540089098350535, 7.272570546927888 ] } },
{ "type": "Feature", "properties": { "depth_m": 20.0, "evidence": "DEPCNT" }, "geometry": { "type": "Point", "coordinates": [ 134.5402679, 7.2717557 ] } },
{ "type": "Feature", "properties": { "depth_m": 20.0, "evidence": "DEPCNT" }, "geometry": { "type": "Point", "coordinates": [ 134.5409699, 7.3162694 ] } },
{ "type": "Feature", "properties": { "depth_m": 20.0, "evidence": "DEPCNT" }, "geometry": { "type": "Point", "coordinates": [ 134.540241278135341, 7.315256797597356 ] } },
{ "type": "Feature", "properties": { "depth_m": 20.0, "evidence": "DEPCNT" }, "geometry": { "type": "Point", "coordinates": [ 134.539411005200861, 7.314318464684757 ] } },
{ "type": "Feature", "properties": { "depth_m": 20.0, "evidence": "DEPCNT" }, "geometry": { "type": "Point", "coordinates": [ 134.538680299446781, 7.313303010014259 ] } },
{ "type": "Feature", "properties": { "depth_m": 20.0, "evidence": "DEPCNT" }, "geometry": { "type": "Point", "coordinates": [ 134.537742739086923, 7.312986626151324 ] } },
{ "type": "Feature", "properties": { "depth_m": 20.0, "evidence": "DEPCNT" }, "geometry": { "type": "Point", "coordinates": [ 134.538189746848758, 7.314074025145218 ] } },
{ "type": "Feature", "properties": { "depth_m": 20.0, "evidence": "DEPCNT" }, "geometry": { "type": "Point", "coordinates": [ 134.538549607072667, 7.315203032256455 ] } },
{ "type": "Feature", "properties": { "depth_m": 20.0, "evidence": "DEPCNT" }, "geometry": { "type": "Point", "coordinates": [ 134.537484072773339, 7.315491353801352 ] } },
{ "type": "Feature", "properties": { "depth_m": 20.0, "evidence": "DEPCNT" }, "geometry": { "type": "Point", "coordinates": [ 134.536346712508589, 7.31499213144906 ] } },
{ "type": "Feature", "properties": { "depth_m": 20.0, "evidence": "DEPCNT" }, "geometry": { "type": "Point", "coordinates": [ 134.5353394, 7.314261 ] } },
{ "type": "Feature", "properties": { "depth_m": 30.0, "evidence": "DEPCNT" }, "geometry": { "type": "Point", "coordinates": [ 134.5401917, 7.2879028 ] } },
{ "type": "Feature", "properties": { "depth_m": 30.0, "evidence": "DEPCNT" }, "geometry": { "type": "Point", "coordinates": [ 134.540033511947314, 7.289234017742285 ] } },
{ "type": "Feature", "properties": { "depth_m": 30.0, "evidence": "DEPCNT" }, "geometry": { "type": "Point", "coordinates": [ 134.540372601887668, 7.290462121570967 ] } },
{ "type": "Feature", "properties": { "depth_m": 30.0, "evidence": "DEPCNT" }, "geometry": { "type": "Point", "coordinates": [ 134.540378446981947, 7.291649553028082 ] } },
{ "type": "Feature", "properties": { "depth_m": 30.0, "evidence": "DEPCNT" }, "geometry": { "type": "Point", "coordinates": [ 134.541567091199028, 7.292151678005306 ] } },
{ "type": "Feature", "properties": { "depth_m": 30.0, "evidence": "DEPCNT" }, "geometry": { "type": "Point", "coordinates": [ 134.541869744063405, 7.293433448186307 ] } },
{ "type": "Feature", "properties": { "depth_m": 30.0, "evidence": "DEPCNT" }, "geometry": { "type": "Point", "coordinates": [ 134.542068500000141, 7.294742940447817 ] } },
{ "type": "Feature", "properties": { "depth_m": 30.0, "evidence": "DEPCNT" }, "geometry": { "type": "Point", "coordinates": [ 134.540873473212855, 7.294445957256415 ] } },
{ "type": "Feature", "properties": { "depth_m": 30.0, "evidence": "DEPCNT" }, "geometry": { "type": "Point", "coordinates": [ 134.539707035728952, 7.29429607971483 ] } },
{ "type": "Feature", "properties": { "depth_m": 30.0, "evidence": "DEPCNT" }, "geometry": { "type": "Point", "coordinates": [ 134.539582961009387, 7.293563414209639 ] } },
{ "type": "Feature", "properties": { "depth_m": 30.0, "evidence": "DEPCNT" }, "geometry": { "type": "Point", "coordinates": [ 134.54010331529642, 7.292547304127232 ] } },
{ "type": "Feature", "properties": { "depth_m": 30.0, "evidence": "DEPCNT" }, "geometry": { "type": "Point", "coordinates": [ 134.53888134287908, 7.292549923138507 ] } },
{ "type": "Feature", "properties": { "depth_m": 30.0, "evidence": "DEPCNT" }, "geometry": { "type": "Point", "coordinates": [ 134.537645779429937, 7.292241902112556 ] } },
{ "type": "Feature", "properties": { "depth_m": 30.0, "evidence": "DEPCNT" }, "geometry": { "type": "Point", "coordinates": [ 134.536353615199999, 7.292148460725343 ] } },
{ "type": "Feature", "properties": { "depth_m": 30.0, "evidence": "DEPCNT" }, "geometry": { "type": "Point", "coordinates": [ 134.536687627976988, 7.291196052755771 ] } },
{ "type": "Feature", "properties": { "depth_m": 30.0, "evidence": "DEPCNT" }, "geometry": { "type": "Point", "coordinates": [ 134.536315382402989, 7.29052296498108 ] } },
{ "type": "Feature", "properties": { "depth_m": 30.0, "evidence": "DEPCNT" }, "geometry": { "type": "Point", "coordinates": [ 134.536848038206188, 7.289334313160187 ] } },
{ "type": "Feature", "properties": { "depth_m": 30.0, "evidence": "DEPCNT" }, "geometry": { "type": "Point", "coordinates": [ 134.5357260384109, 7.289001431017998 ] } },
{ "type": "Feature", "properties": { "depth_m": 30.0, "evidence": "DEPCNT" }, "geometry": { "type": "Point", "coordinates": [ 134.536133353092112, 7.288042974660499 ] } },
{ "type": "Feature", "properties": { "depth_m": 30.0, "evidence": "DEPCNT" }, "geometry": { "type": "Point", "coordinates": [ 134.536788192378964, 7.286926494931767 ] } },
{ "type": "Feature", "properties": { "depth_m": 30.0, "evidence": "DEPCNT" }, "geometry": { "type": "Point", "coordinates": [ 134.537918100000013, 7.2873945 ] } },
{ "type": "Feature", "properties": { "depth_m": 50.0, "evidence": "DEPCNT" }, "geometry": { "type": "Point", "coordinates": [ 134.5362701, 7.2994723 ] } },
{ "type": "Feature", "properties": { "depth_m": 50.0, "evidence": "DEPCNT" }, "geometry": { "type": "Point", "coordinates": [ 134.53752864353234, 7.299890471264241 ] } },
{ "type": "Feature", "properties": { "depth_m": 50.0, "evidence": "DEPCNT" }, "geometry": { "type": "Point", "coordinates": [ 134.538749757524414, 7.300408652020781 ] } },
{ "type": "Feature", "properties": { "depth_m": 50.0, "evidence": "DEPCNT" }, "geometry": { "type": "Point", "coordinates": [ 134.539983592779151, 7.300897315291715 ] } },
{ "type": "Feature", "properties": { "depth_m": 50.0, "evidence": "DEPCNT" }, "geometry": { "type": "Point", "coordinates": [ 134.541107910342447, 7.301595064824194 ] } },
{ "type": "Feature", "properties": { "depth_m": 50.0, "evidence": "DEPCNT" }, "geometry": { "type": "Point", "coordinates": [ 134.542008211036261, 7.302558774300733 ] } },
{ "type": "Feature", "properties": { "depth_m": 50.0, "evidence": "DEPCNT" }, "geometry": { "type": "Point", "coordinates": [ 134.542909652861539, 7.303522545908744 ] } },
{ "type": "Feature", "properties": { "depth_m": 50.0, "evidence": "DEPCNT" }, "geometry": { "type": "Point", "coordinates": [ 134.543123826865582, 7.304715110216025 ] } },
{ "type": "Feature", "properties": { "depth_m": 50.0, "evidence": "DEPCNT" }, "geometry": { "type": "Point", "coordinates": [ 134.54213012439601, 7.305507999149701 ] } },
{ "type": "Feature", "properties": { "depth_m": 50.0, "evidence": "DEPCNT" }, "geometry": { "type": "Point", "coordinates": [ 134.540837527000178, 7.305697140042608 ] } },
{ "type": "Feature", "properties": { "depth_m": 50.0, "evidence": "DEPCNT" }, "geometry": { "type": "Point", "coordinates": [ 134.539670517741428, 7.305140147806407 ] } },
{ "type": "Feature", "properties": { "depth_m": 50.0, "evidence": "DEPCNT" }, "geometry": { "type": "Point", "coordinates": [ 134.538796808249373, 7.304154830113075 ] } },
{ "type": "Feature", "properties": { "depth_m": 50.0, "evidence": "DEPCNT" }, "geometry": { "type": "Point", "coordinates": [ 134.537722432437391, 7.303377540038543 ] } },
{ "type": "Feature", "properties": { "depth_m": 50.0, "evidence": "DEPCNT" }, "geometry": { "type": "Point", "coordinates": [ 134.53665349280044, 7.302605302596438 ] } },
{ "type": "Feature", "properties": { "depth_m": 50.0, "evidence": "DEPCNT" }, "geometry": { "type": "Point", "coordinates": [ 134.535769334720044, 7.301680007788606 ] } },
{ "type": "Feature", "properties": { "depth_m": 50.0, "evidence": "DEPCNT" }, "geometry": { "type": "Point", "coordinates": [ 134.535600509864281, 7.300373436455009 ] } },
{ "type": "Feature", "properties": { "depth_m": 50.0, "evidence": "DEPCNT" }, "geometry": { "type": "Point", "coordinates": [ 134.5362701, 7.2994723 ] } },
{ "type": "Feature", "properties": { "depth_m": 2.0, "evidence": "DEPCNT" }, "geometry": { "type": "Point", "coordinates": [ 134.5430298, 7.2866945 ] } },
{ "type": "Feature", "properties": { "depth_m": 2.0, "evidence": "DEPCNT" }, "geometry": { "type": "Point", "coordinates": [ 134.542777820141055, 7.285952214011944 ] } },
{ "type": "Feature", "properties": { "depth_m": 2.0, "evidence": "DEPCNT" }, "geometry": { "type": "Point", "coordinates": [ 134.5436554, 7.2861166 ] } },
{ "type": "Feature", "properties": { "depth_m": 20.0, "evidence": "DEPCNT" }, "geometry": { "type": "Point", "coordinates": [ 134.5442352, 7.300211 ] } },
{ "type": "Feature", "properties": { "depth_m": 20.0, "evidence": "DEPCNT" }, "geometry": { "type": "Point", "coordinates": [ 134.544804043659838, 7.300891213307665 ] } },
{ "type": "Feature", "properties": { "depth_m": 20.0, "evidence": "DEPCNT" }, "geometry": { "type": "Point", "coordinates": [ 134.545608048205452, 7.300603868712797 ] } },
{ "type": "Feature", "properties": { "depth_m": 20.0, "evidence": "DEPCNT" }, "geometry": { "type": "Point", "coordinates": [ 134.545974699999988, 7.299747 ] } },
{ "type": "Feature", "properties": { "depth_m": 5.0, "evidence": "DEPCNT" }, "geometry": { "type": "Point", "coordinates": [ 134.548599200000012, 7.2987752 ] } },
{ "type": "Feature", "properties": { "depth_m": 5.0, "evidence": "DEPCNT" }, "geometry": { "type": "Point", "coordinates": [ 134.549009050675465, 7.299834344631294 ] } },
{ "type": "Feature", "properties": { "depth_m": 5.0, "evidence": "DEPCNT" }, "geometry": { "type": "Point", "coordinates": [ 134.54931517311735, 7.301057221230866 ] } },
{ "type": "Feature", "properties": { "depth_m": 5.0, "evidence": "DEPCNT" }, "geometry": { "type": "Point", "coordinates": [ 134.550085832260748, 7.301990504682337 ] } },
{ "type": "Feature", "properties": { "depth_m": 5.0, "evidence": "DEPCNT" }, "geometry": { "type": "Point", "coordinates": [ 134.550766000003051, 7.301164367063938 ] } },
{ "type": "Feature", "properties": { "depth_m": 5.0, "evidence": "DEPCNT" }, "geometry": { "type": "Point", "coordinates": [ 134.550621891033273, 7.299912518862671 ] } },
{ "type": "Feature", "properties": { "depth_m": 5.0, "evidence": "DEPCNT" }, "geometry": { "type": "Point", "coordinates": [ 134.550362992596177, 7.298674681626585 ] } },
{ "type": "Feature", "properties": { "depth_m": 5.0, "evidence": "DEPCNT" }, "geometry": { "type": "Point", "coordinates": [ 134.550354000000652, 7.297409474998791 ] } },
{ "type": "Feature", "properties": { "depth_m": 5.0, "evidence": "DEPCNT" }, "geometry": { "type": "Point", "coordinates": [ 134.549859346795273, 7.296335565951097 ] } },
{ "type": "Feature", "properties": { "depth_m": 5.0, "evidence": "DEPCNT" }, "geometry": { "type": "Point", "coordinates": [ 134.548685462434662, 7.295856101851202 ] } },
{ "type": "Feature", "properties": { "depth_m": 5.0, "evidence": "DEPCNT" }, "geometry": { "type": "Point", "coordinates": [ 134.547529807466304, 7.295341032814715 ] } },
{ "type": "Feature", "properties": { "depth_m": 5.0, "evidence": "DEPCNT" }, "geometry": { "type": "Point", "coordinates": [ 134.5463562, 7.295589 ] } },
{ "type": "Feature", "properties": { "depth_m": 30.0, "evidence": "DEPCNT" }, "geometry": { "type": "Point", "coordinates": [ 134.5405273, 7.2870975 ] } },
{ "type": "Feature", "properties": { "depth_m": 30.0, "evidence": "DEPCNT" }, "geometry": { "type": "Point", "coordinates": [ 134.541385903521217, 7.288054385785563 ] } },
{ "type": "Feature", "properties": { "depth_m": 30.0, "evidence": "DEPCNT" }, "geometry": { "type": "Point", "coordinates": [ 134.542346891421545, 7.288923700924824 ] } },
{ "type": "Feature", "properties": { "depth_m": 30.0, "evidence": "DEPCNT" }, "geometry": { "type": "Point", "coordinates": [ 134.54357955646779, 7.289305858018007 ] } },
{ "type": "Feature", "properties": { "depth_m": 30.0, "evidence": "DEPCNT" }, "geometry": { "type": "Point", "coordinates": [ 134.544776184953577, 7.289781433781116 ] } },
{ "type": "Feature", "properties": { "depth_m": 30.0, "evidence": "DEPCNT" }, "geometry": { "type": "Point", "coordinates": [ 134.545836196471186, 7.290514122669085 ] } },
{ "type": "Feature", "properties": { "depth_m": 30.0, "evidence": "DEPCNT" }, "geometry": { "type": "Point", "coordinates": [ 134.546946328610431, 7.291151119971871 ] } },
{ "type": "Feature", "properties": { "depth_m": 30.0, "evidence": "DEPCNT" }, "geometry": { "type": "Point", "coordinates": [ 134.548142739665565, 7.291646451443203 ] } },
{ "type": "Feature", "properties": { "depth_m": 30.0, "evidence": "DEPCNT" }, "geometry": { "type": "Point", "coordinates": [ 134.548054312751361, 7.29269525219075 ] } },
{ "type": "Feature", "properties": { "depth_m": 30.0, "evidence": "DEPCNT" }, "geometry": { "type": "Point", "coordinates": [ 134.546991844883451, 7.293399845324582 ] } },
{ "type": "Feature", "properties": { "depth_m": 30.0, "evidence": "DEPCNT" }, "geometry": { "type": "Point", "coordinates": [ 134.546696396434982, 7.294525181128516 ] } },
{ "type": "Feature", "properties": { "depth_m": 30.0, "evidence": "DEPCNT" }, "geometry": { "type": "Point", "coordinates": [ 134.547895007775679, 7.294689433035714 ] } },
{ "type": "Feature", "properties": { "depth_m": 30.0, "evidence": "DEPCNT" }, "geometry": { "type": "Point", "coordinates": [ 134.548740635293569, 7.293720345406316 ] } },
{ "type": "Feature", "properties": { "depth_m": 30.0, "evidence": "DEPCNT" }, "geometry": { "type": "Point", "coordinates": [ 134.549463117849797, 7.29265338746137 ] } },
{ "type": "Feature", "properties": { "depth_m": 30.0, "evidence": "DEPCNT" }, "geometry": { "type": "Point", "coordinates": [ 134.550633683918932, 7.292206672333554 ] } },
{ "type": "Feature", "properties": { "depth_m": 30.0, "evidence": "DEPCNT" }, "geometry": { "type": "Point", "coordinates": [ 134.551722058329659, 7.292820481427191 ] } },
{ "type": "Feature", "properties": { "depth_m": 30.0, "evidence": "DEPCNT" }, "geometry": { "type": "Point", "coordinates": [ 134.5527496, 7.2936053 ] } },
{ "type": "Feature", "properties": { "depth_m": 30.0, "evidence": "DEPCNT" }, "geometry": { "type": "Point", "coordinates": [ 134.5529938, 7.3044028 ] } },
{ "type": "Feature", "properties": { "depth_m": 30.0, "evidence": "DEPCNT" }, "geometry": { "type": "Point", "coordinates": [ 134.551980788804542, 7.303873873523595 ] } },
{ "type": "Feature", "properties": { "depth_m": 30.0, "evidence": "DEPCNT" }, "geometry": { "type": "Point", "coordinates": [ 134.551818614056913, 7.3032866682651 ] } },
{ "type": "Feature", "properties": { "depth_m": 30.0, "evidence": "DEPCNT" }, "geometry": { "type": "Point", "coordinates": [ 134.552090728977078, 7.302398721634237 ] } },
{ "type": "Feature", "properties": { "depth_m": 30.0, "evidence": "DEPCNT" }, "geometry": { "type": "Point", "coordinates": [ 134.550918599999989, 7.3024693 ] } },
{ "type": "Feature", "properties": { "depth_m": 30.0, "evidence": "DEPCNT" }, "geometry": { "type": "Point", "coordinates": [ 134.5529022, 7.3194223 ] } },
{ "type": "Feature", "properties": { "depth_m": 30.0, "evidence": "DEPCNT" }, "geometry": { "type": "Point", "coordinates": [ 134.553440243842289, 7.318519600007799 ] } },
{ "type": "Feature", "properties": { "depth_m": 30.0, "evidence": "DEPCNT" }, "geometry": { "type": "Point", "coordinates": [ 134.554362914665745, 7.319281416052566 ] } },
{ "type": "Feature", "properties": { "depth_m": 30.0, "evidence": "DEPCNT" }, "geometry": { "type": "Point", "coordinates": [ 134.554018123248596, 7.320064100003064 ] } },
{ "type": "Feature", "properties": { "depth_m": 30.0, "evidence": "DEPCNT" }, "geometry": { "type": "Point", "coordinates": [ 134.5529022, 7.3194223 ] } },
{ "type": "Feature", "properties": { "depth_m": 30.0, "evidence": "DEPCNT" }, "geometry": { "type": "Point", "coordinates": [ 134.5539398, 7.3032279 ] } },
{ "type": "Feature", "properties": { "depth_m": 30.0, "evidence": "DEPCNT" }, "geometry": { "type": "Point", "coordinates": [ 134.554979471660488, 7.303293401592676 ] } },
{ "type": "Feature", "properties": { "depth_m": 30.0, "evidence": "DEPCNT" }, "geometry": { "type": "Point", "coordinates": [ 134.554322814998216, 7.303999579925065 ] } },
{ "type": "Feature", "properties": { "depth_m": 30.0, "evidence": "DEPCNT" }, "geometry": { "type": "Point", "coordinates": [ 134.5539398, 7.3032279 ] } },
{ "type": "Feature", "properties": { "depth_m": 20.0, "evidence": "DEPCNT" }, "geometry": { "type": "Point", "coordinates": [ 134.5520783, 7.2832222 ] } },
{ "type": "Feature", "properties": { "depth_m": 20.0, "evidence": "DEPCNT" }, "geometry": { "type": "Point", "coordinates": [ 134.55237475264596, 7.284378962573717 ] } },
{ "type": "Feature", "properties": { "depth_m": 20.0, "evidence": "DEPCNT" }, "geometry": { "type": "Point", "coordinates": [ 134.553225426726982, 7.285290576734421 ] } },
{ "type": "Feature", "properties": { "depth_m": 20.0, "evidence": "DEPCNT" }, "geometry": { "type": "Point", "coordinates": [ 134.554074744950867, 7.286209285500872 ] } },
{ "type": "Feature", "properties": { "depth_m": 20.0, "evidence": "DEPCNT" }, "geometry": { "type": "Point", "coordinates": [ 134.554790434151158, 7.287233776844691 ] } },
{ "type": "Feature", "properties": { "depth_m": 20.0, "evidence": "DEPCNT" }, "geometry": { "type": "Point", "coordinates": [ 134.55537215538186, 7.288320553064417 ] } },
{ "type": "Feature", "properties": { "depth_m": 20.0, "evidence": "DEPCNT" }, "geometry": { "type": "Point", "coordinates": [ 134.555947381775638, 7.289429354074124 ] } },
{ "type": "Feature", "properties": { "depth_m": 20.0, "evidence": "DEPCNT" }, "geometry": { "type": "Point", "coordinates": [ 134.55646319694165, 7.290566851466825 ] } },
{ "type": "Feature", "properties": { "depth_m": 20.0, "evidence": "DEPCNT" }, "geometry": { "type": "Point", "coordinates": [ 134.556869700224695, 7.29172841740584 ] } },
{ "type": "Feature", "properties": { "depth_m": 20.0, "evidence": "DEPCNT" }, "geometry": { "type": "Point", "coordinates": [ 134.557060716633032, 7.292966214578447 ] } },
{ "type": "Feature", "properties": { "depth_m": 20.0, "evidence": "DEPCNT" }, "geometry": { "type": "Point", "coordinates": [ 134.557189900010286, 7.294205773676629 ] } },
{ "type": "Feature", "properties": { "depth_m": 20.0, "evidence": "DEPCNT" }, "geometry": { "type": "Point", "coordinates": [ 134.557144200001176, 7.295457915416105 ] } },
{ "type": "Feature", "properties": { "depth_m": 20.0, "evidence": "DEPCNT" }, "geometry": { "type": "Point", "coordinates": [ 134.557431042205536, 7.29666387014084 ] } },
{ "type": "Feature", "properties": { "depth_m": 20.0, "evidence": "DEPCNT" }, "geometry": { "type": "Point", "coordinates": [ 134.5576477, 7.2978916 ] } },
{ "type": "Feature", "properties": { "depth_m": 20.0, "evidence": "DEPCNT" }, "geometry": { "type": "Point", "coordinates": [ 134.5634308, 7.3104529 ] } },
{ "type": "Feature", "properties": { "depth_m": 20.0, "evidence": "DEPCNT" }, "geometry": { "type": "Point", "coordinates": [ 134.562224876492422, 7.310774856035411 ] } },
{ "type": "Feature", "properties": { "depth_m": 20.0, "evidence": "DEPCNT" }, "geometry": { "type": "Point", "coordinates": [ 134.561185120721433, 7.311625019477295 ] } },
{ "type": "Feature", "properties": { "depth_m": 20.0, "evidence": "DEPCNT" }, "geometry": { "type": "Point", "coordinates": [ 134.5599518, 7.3121138 ] } },
{ "type": "Feature", "properties": { "depth_m": 5.0, "evidence": "DEPCNT" }, "geometry": { "type": "Point", "coordinates": [ 134.570922900000028, 7.3614388 ] } },
{ "type": "Feature", "properties": { "depth_m": 5.0, "evidence": "DEPCNT" }, "geometry": { "type": "Point", "coordinates": [ 134.570039533560561, 7.361525808104586 ] } },
{ "type": "Feature", "properties": { "depth_m": 5.0, "evidence": "DEPCNT" }, "geometry": { "type": "Point", "coordinates": [ 134.5693512, 7.3608637 ] } },
{ "type": "Feature", "properties": { "depth_m": 5.0, "evidence": "DEPCNT" }, "geometry": { "type": "Point", "coordinates": [ 134.574356099999989, 7.3437915 ] } },
{ "type": "Feature", "properties": { "depth_m": 5.0, "evidence": "DEPCNT" }, "geometry": { "type": "Point", "coordinates": [ 134.573696437533982, 7.343513338721166 ] } },
{ "type": "Feature", "properties": { "depth_m": 5.0, "evidence": "DEPCNT" }, "geometry": { "type": "Point", "coordinates": [ 134.5729828, 7.3437581 ] } },
{ "type": "Feature", "properties": { "depth_m": 30.0, "evidence": "DEPCNT" }, "geometry": { "type": "Point", "coordinates": [ 134.5809021, 7.3446693 ] } },
{ "type": "Feature", "properties": { "depth_m": 30.0, "evidence": "DEPCNT" }, "geometry": { "type": "Point", "coordinates": [ 134.58172635945931, 7.34526149393258 ] } },
{ "type": "Feature", "properties": { "depth_m": 30.0, "evidence": "DEPCNT" }, "geometry": { "type": "Point", "coordinates": [ 134.582016, 7.3444891 ] } },
{ "type": "Feature", "properties": { "depth_m": 30.0, "evidence": "DEPCNT" }, "geometry": { "type": "Point", "coordinates": [ 134.5818787, 7.338747 ] } },
{ "type": "Feature", "properties": { "depth_m": 30.0, "evidence": "DEPCNT" }, "geometry": { "type": "Point", "coordinates": [ 134.582549119869924, 7.339122756141171 ] } },
{ "type": "Feature", "properties": { "depth_m": 30.0, "evidence": "DEPCNT" }, "geometry": { "type": "Point", "coordinates": [ 134.581882624428914, 7.339555062140079 ] } },
{ "type": "Feature", "properties": { "depth_m": 30.0, "evidence": "DEPCNT" }, "geometry": { "type": "Point", "coordinates": [ 134.5818787, 7.338747 ] } },
{ "type": "Feature", "properties": { "depth_m": 50.0, "evidence": "DEPCNT" }, "geometry": { "type": "Point", "coordinates": [ 134.5838776, 7.342453 ] } },
{ "type": "Feature", "properties": { "depth_m": 50.0, "evidence": "DEPCNT" }, "geometry": { "type": "Point", "coordinates": [ 134.584505079674045, 7.343091532800343 ] } },
{ "type": "Feature", "properties": { "depth_m": 50.0, "evidence": "DEPCNT" }, "geometry": { "type": "Point", "coordinates": [ 134.583637391523979, 7.343385503886513 ] } },
{ "type": "Feature", "properties": { "depth_m": 50.0, "evidence": "DEPCNT" }, "geometry": { "type": "Point", "coordinates": [ 134.5838776, 7.342453 ] } },
{ "type": "Feature", "properties": { "depth_m": 5.0, "evidence": "DEPCNT" }, "geometry": { "type": "Point", "coordinates": [ 134.5906372, 7.3490806 ] } },
{ "type": "Feature", "properties": { "depth_m": 5.0, "evidence": "DEPCNT" }, "geometry": { "type": "Point", "coordinates": [ 134.5896301, 7.3486195 ] } },
{ "type": "Feature", "properties": { "depth_m": 30.0, "evidence": "DEPCNT" }, "geometry": { "type": "Point", "coordinates": [ 134.599838299999988, 7.3473001 ] } },
{ "type": "Feature", "properties": { "depth_m": 30.0, "evidence": "DEPCNT" }, "geometry": { "type": "Point", "coordinates": [ 134.600893169999154, 7.34790204119072 ] } },
{ "type": "Feature", "properties": { "depth_m": 30.0, "evidence": "DEPCNT" }, "geometry": { "type": "Point", "coordinates": [ 134.601924772365209, 7.348463905434858 ] } },
{ "type": "Feature", "properties": { "depth_m": 30.0, "evidence": "DEPCNT" }, "geometry": { "type": "Point", "coordinates": [ 134.601989800000013, 7.3496804 ] } },
{ "type": "Feature", "properties": { "depth_m": 2.0, "evidence": "DEPCNT" }, "geometry": { "type": "Point", "coordinates": [ 134.6059876, 7.3731446 ] } },
{ "type": "Feature", "properties": { "depth_m": 2.0, "evidence": "DEPCNT" }, "geometry": { "type": "Point", "coordinates": [ 134.606552099999988, 7.3731389 ] } },
{ "type": "Feature", "properties": { "depth_m": 20.0, "evidence": "DEPCNT" }, "geometry": { "type": "Point", "coordinates": [ 134.60672, 7.3480306 ] } },
{ "type": "Feature", "properties": { "depth_m": 20.0, "evidence": "DEPCNT" }, "geometry": { "type": "Point", "coordinates": [ 134.605872426724233, 7.347131147799864 ] } },
{ "type": "Feature", "properties": { "depth_m": 20.0, "evidence": "DEPCNT" }, "geometry": { "type": "Point", "coordinates": [ 134.604814856418699, 7.346402091227259 ] } },
{ "type": "Feature", "properties": { "depth_m": 20.0, "evidence": "DEPCNT" }, "geometry": { "type": "Point", "coordinates": [ 134.604020170696515, 7.345403669719001 ] } },
{ "type": "Feature", "properties": { "depth_m": 20.0, "evidence": "DEPCNT" }, "geometry": { "type": "Point", "coordinates": [ 134.602989675704862, 7.34461605857871 ] } },
{ "type": "Feature", "properties": { "depth_m": 20.0, "evidence": "DEPCNT" }, "geometry": { "type": "Point", "coordinates": [ 134.601781074972678, 7.344629722959597 ] } },
{ "type": "Feature", "properties": { "depth_m": 20.0, "evidence": "DEPCNT" }, "geometry": { "type": "Point", "coordinates": [ 134.601213263856323, 7.345769725114831 ] } },
{ "type": "Feature", "properties": { "depth_m": 20.0, "evidence": "DEPCNT" }, "geometry": { "type": "Point", "coordinates": [ 134.60017675120352, 7.346524324492552 ] } },
{ "type": "Feature", "properties": { "depth_m": 20.0, "evidence": "DEPCNT" }, "geometry": { "type": "Point", "coordinates": [ 134.599237193538301, 7.346998501051882 ] } },
{ "type": "Feature", "properties": { "depth_m": 20.0, "evidence": "DEPCNT" }, "geometry": { "type": "Point", "coordinates": [ 134.600471267051745, 7.347174620699894 ] } },
{ "type": "Feature", "properties": { "depth_m": 20.0, "evidence": "DEPCNT" }, "geometry": { "type": "Point", "coordinates": [ 134.601671479342485, 7.34763121448987 ] } },
{ "type": "Feature", "properties": { "depth_m": 20.0, "evidence": "DEPCNT" }, "geometry": { "type": "Point", "coordinates": [ 134.6027374, 7.3483582 ] } },
{ "type": "Feature", "properties": { "depth_m": 50.0, "evidence": "DEPCNT" }, "geometry": { "type": "Point", "coordinates": [ 134.612995, 7.3754592 ] } },
{ "type": "Feature", "properties": { "depth_m": 50.0, "evidence": "DEPCNT" }, "geometry": { "type": "Point", "coordinates": [ 134.6133273467305, 7.374834946731919 ] } },
{ "type": "Feature", "properties": { "depth_m": 50.0, "evidence": "DEPCNT" }, "geometry": { "type": "Point", "coordinates": [ 134.612995, 7.3754592 ] } },
{ "type": "Feature", "properties": { "depth_m": 5.0, "evidence": "DEPCNT" }, "geometry": { "type": "Point", "coordinates": [ 134.490325899999988, 7.3877082 ] } },
{ "type": "Feature", "properties": { "depth_m": 5.0, "evidence": "DEPCNT" }, "geometry": { "type": "Point", "coordinates": [ 134.490354196456479, 7.388457308681009 ] } },
{ "type": "Feature", "properties": { "depth_m": 5.0, "evidence": "DEPCNT" }, "geometry": { "type": "Point", "coordinates": [ 134.4909058, 7.3878946 ] } },
{ "type": "Feature", "properties": { "depth_m": 20.0, "evidence": "DEPCNT" }, "geometry": { "type": "Point", "coordinates": [ 134.4905853, 7.388597 ] } },
{ "type": "Feature", "properties": { "depth_m": 20.0, "evidence": "DEPCNT" }, "geometry": { "type": "Point", "coordinates": [ 134.491299864254358, 7.389531423427526 ] } },
{ "type": "Feature", "properties": { "depth_m": 20.0, "evidence": "DEPCNT" }, "geometry": { "type": "Point", "coordinates": [ 134.49124065654334, 7.390706201922868 ] } },
{ "type": "Feature", "properties": { "depth_m": 20.0, "evidence": "DEPCNT" }, "geometry": { "type": "Point", "coordinates": [ 134.490898494006245, 7.391472828768707 ] } },
{ "type": "Feature", "properties": { "depth_m": 20.0, "evidence": "DEPCNT" }, "geometry": { "type": "Point", "coordinates": [ 134.490570100000014, 7.3906665 ] } },
{ "type": "Feature", "properties": { "depth_m": 20.0, "evidence": "DEPCNT" }, "geometry": { "type": "Point", "coordinates": [ 134.4911041, 7.3331137 ] } },
{ "type": "Feature", "properties": { "depth_m": 20.0, "evidence": "DEPCNT" }, "geometry": { "type": "Point", "coordinates": [ 134.4915466, 7.3334751 ] } },
{ "type": "Feature", "properties": { "depth_m": 5.0, "evidence": "DEPCNT" }, "geometry": { "type": "Point", "coordinates": [ 134.4914703, 7.3970971 ] } },
{ "type": "Feature", "properties": { "depth_m": 5.0, "evidence": "DEPCNT" }, "geometry": { "type": "Point", "coordinates": [ 134.491049091435087, 7.396440923743066 ] } },
{ "type": "Feature", "properties": { "depth_m": 5.0, "evidence": "DEPCNT" }, "geometry": { "type": "Point", "coordinates": [ 134.4915772, 7.3957777 ] } },
{ "type": "Feature", "properties": { "depth_m": 5.0, "evidence": "DEPCNT" }, "geometry": { "type": "Point", "coordinates": [ 134.491775499999989, 7.4129915 ] } },
{ "type": "Feature", "properties": { "depth_m": 5.0, "evidence": "DEPCNT" }, "geometry": { "type": "Point", "coordinates": [ 134.4916534, 7.4132276 ] } },
{ "type": "Feature", "properties": { "depth_m": 20.0, "evidence": "DEPCNT" }, "geometry": { "type": "Point", "coordinates": [ 134.492599500000011, 7.3311415 ] } },
{ "type": "Feature", "properties": { "depth_m": 20.0, "evidence": "DEPCNT" }, "geometry": { "type": "Point", "coordinates": [ 134.492446900000317, 7.332141438908248 ] } },
{ "type": "Feature", "properties": { "depth_m": 20.0, "evidence": "DEPCNT" }, "geometry": { "type": "Point", "coordinates": [ 134.492218, 7.3331304 ] } },
{ "type": "Feature", "properties": { "depth_m": 20.0, "evidence": "DEPCNT" }, "geometry": { "type": "Point", "coordinates": [ 134.492874199999989, 7.3274307 ] } },
{ "type": "Feature", "properties": { "depth_m": 20.0, "evidence": "DEPCNT" }, "geometry": { "type": "Point", "coordinates": [ 134.493365904362264, 7.326274723602221 ] } },
{ "type": "Feature", "properties": { "depth_m": 20.0, "evidence": "DEPCNT" }, "geometry": { "type": "Point", "coordinates": [ 134.493225099999989, 7.3250141 ] } },
{ "type": "Feature", "properties": { "depth_m": 2.0, "evidence": "DEPCNT" }, "geometry": { "type": "Point", "coordinates": [ 134.4932556, 7.4156389 ] } },
{ "type": "Feature", "properties": { "depth_m": 2.0, "evidence": "DEPCNT" }, "geometry": { "type": "Point", "coordinates": [ 134.493588525369375, 7.41504785701441 ] } },
{ "type": "Feature", "properties": { "depth_m": 2.0, "evidence": "DEPCNT" }, "geometry": { "type": "Point", "coordinates": [ 134.492981, 7.4149942 ] } },
{ "type": "Feature", "properties": { "depth_m": 20.0, "evidence": "DEPCNT" }, "geometry": { "type": "Point", "coordinates": [ 134.500686699999989, 7.3650999 ] } },
{ "type": "Feature", "properties": { "depth_m": 20.0, "evidence": "DEPCNT" }, "geometry": { "type": "Point", "coordinates": [ 134.500161145263291, 7.366234880350315 ] } },
{ "type": "Feature", "properties": { "depth_m": 20.0, "evidence": "DEPCNT" }, "geometry": { "type": "Point", "coordinates": [ 134.499268390910203, 7.367103229480444 ] } },
{ "type": "Feature", "properties": { "depth_m": 20.0, "evidence": "DEPCNT" }, "geometry": { "type": "Point", "coordinates": [ 134.498338613959447, 7.367943014233881 ] } },
{ "type": "Feature", "properties": { "depth_m": 20.0, "evidence": "DEPCNT" }, "geometry": { "type": "Point", "coordinates": [ 134.497268463872302, 7.368598783861938 ] } },
{ "type": "Feature", "properties": { "depth_m": 20.0, "evidence": "DEPCNT" }, "geometry": { "type": "Point", "coordinates": [ 134.4962921, 7.369339 ] } },
{ "type": "Feature", "properties": { "depth_m": 30.0, "evidence": "DEPCNT" }, "geometry": { "type": "Point", "coordinates": [ 134.5010834, 7.3033304 ] } },
{ "type": "Feature", "properties": { "depth_m": 30.0, "evidence": "DEPCNT" }, "geometry": { "type": "Point", "coordinates": [ 134.500248797812702, 7.303663056873097 ] } },
{ "type": "Feature", "properties": { "depth_m": 30.0, "evidence": "DEPCNT" }, "geometry": { "type": "Point", "coordinates": [ 134.500349154067862, 7.302797813433274 ] } },
{ "type": "Feature", "properties": { "depth_m": 30.0, "evidence": "DEPCNT" }, "geometry": { "type": "Point", "coordinates": [ 134.499708325883802, 7.302421225882874 ] } },
{ "type": "Feature", "properties": { "depth_m": 30.0, "evidence": "DEPCNT" }, "geometry": { "type": "Point", "coordinates": [ 134.4990387, 7.3030276 ] } },
{ "type": "Feature", "properties": { "depth_m": 30.0, "evidence": "DEPCNT" }, "geometry": { "type": "Point", "coordinates": [ 134.4909058, 7.2905221 ] } },
{ "type": "Feature", "properties": { "depth_m": 30.0, "evidence": "DEPCNT" }, "geometry": { "type": "Point", "coordinates": [ 134.491200498597919, 7.291194613633865 ] } },
{ "type": "Feature", "properties": { "depth_m": 30.0, "evidence": "DEPCNT" }, "geometry": { "type": "Point", "coordinates": [ 134.490356286163177, 7.291327781477953 ] } },
{ "type": "Feature", "properties": { "depth_m": 30.0, "evidence": "DEPCNT" }, "geometry": { "type": "Point", "coordinates": [ 134.490918329095535, 7.292445678912452 ] } },
{ "type": "Feature", "properties": { "depth_m": 30.0, "evidence": "DEPCNT" }, "geometry": { "type": "Point", "coordinates": [ 134.490184327854791, 7.29330574355127 ] } },
{ "type": "Feature", "properties": { "depth_m": 30.0, "evidence": "DEPCNT" }, "geometry": { "type": "Point", "coordinates": [ 134.491296841903505, 7.293745324458697 ] } },
{ "type": "Feature", "properties": { "depth_m": 30.0, "evidence": "DEPCNT" }, "geometry": { "type": "Point", "coordinates": [ 134.490604697139105, 7.294557582453809 ] } },
{ "type": "Feature", "properties": { "depth_m": 30.0, "evidence": "DEPCNT" }, "geometry": { "type": "Point", "coordinates": [ 134.49129458447598, 7.295522105746295 ] } },
{ "type": "Feature", "properties": { "depth_m": 30.0, "evidence": "DEPCNT" }, "geometry": { "type": "Point", "coordinates": [ 134.492366269639433, 7.296016353437416 ] } },
{ "type": "Feature", "properties": { "depth_m": 30.0, "evidence": "DEPCNT" }, "geometry": { "type": "Point", "coordinates": [ 134.49351316114425, 7.295866681781906 ] } },
{ "type": "Feature", "properties": { "depth_m": 30.0, "evidence": "DEPCNT" }, "geometry": { "type": "Point", "coordinates": [ 134.493781446440266, 7.296918549420556 ] } },
{ "type": "Feature", "properties": { "depth_m": 30.0, "evidence": "DEPCNT" }, "geometry": { "type": "Point", "coordinates": [ 134.494862299941786, 7.297551327912723 ] } },
{ "type": "Feature", "properties": { "depth_m": 30.0, "evidence": "DEPCNT" }, "geometry": { "type": "Point", "coordinates": [ 134.496026546037172, 7.297977900008391 ] } },
{ "type": "Feature", "properties": { "depth_m": 30.0, "evidence": "DEPCNT" }, "geometry": { "type": "Point", "coordinates": [ 134.497122415964242, 7.298440673888844 ] } },
{ "type": "Feature", "properties": { "depth_m": 30.0, "evidence": "DEPCNT" }, "geometry": { "type": "Point", "coordinates": [ 134.497781131946567, 7.299532652849055 ] } },
{ "type": "Feature", "properties": { "depth_m": 30.0, "evidence": "DEPCNT" }, "geometry": { "type": "Point", "coordinates": [ 134.498946862616435, 7.300044570666749 ] } },
{ "type": "Feature", "properties": { "depth_m": 30.0, "evidence": "DEPCNT" }, "geometry": { "type": "Point", "coordinates": [ 134.499488753187563, 7.301127629238334 ] } },
{ "type": "Feature", "properties": { "depth_m": 30.0, "evidence": "DEPCNT" }, "geometry": { "type": "Point", "coordinates": [ 134.500530388244101, 7.30133668240613 ] } },
{ "type": "Feature", "properties": { "depth_m": 30.0, "evidence": "DEPCNT" }, "geometry": { "type": "Point", "coordinates": [ 134.501251200000013, 7.3019638 ] } },
{ "type": "Feature", "properties": { "depth_m": 5.0, "evidence": "DEPCNT" }, "geometry": { "type": "Point", "coordinates": [ 134.5020142, 7.2988834 ] } },
{ "type": "Feature", "properties": { "depth_m": 5.0, "evidence": "DEPCNT" }, "geometry": { "type": "Point", "coordinates": [ 134.501673303807507, 7.298262401844764 ] } },
{ "type": "Feature", "properties": { "depth_m": 5.0, "evidence": "DEPCNT" }, "geometry": { "type": "Point", "coordinates": [ 134.502243, 7.2981195 ] } },
{ "type": "Feature", "properties": { "depth_m": 5.0, "evidence": "DEPCNT" }, "geometry": { "type": "Point", "coordinates": [ 134.506057700000014, 7.3066306 ] } },
{ "type": "Feature", "properties": { "depth_m": 5.0, "evidence": "DEPCNT" }, "geometry": { "type": "Point", "coordinates": [ 134.505519303261877, 7.30578624575531 ] } },
{ "type": "Feature", "properties": { "depth_m": 5.0, "evidence": "DEPCNT" }, "geometry": { "type": "Point", "coordinates": [ 134.506142577511639, 7.305063210276848 ] } },
{ "type": "Feature", "properties": { "depth_m": 5.0, "evidence": "DEPCNT" }, "geometry": { "type": "Point", "coordinates": [ 134.506647214514913, 7.304292283703779 ] } },
{ "type": "Feature", "properties": { "depth_m": 5.0, "evidence": "DEPCNT" }, "geometry": { "type": "Point", "coordinates": [ 134.507721, 7.3041863 ] } },
{ "type": "Feature", "properties": { "depth_m": 100.0, "evidence": "DEPCNT" }, "geometry": { "type": "Point", "coordinates": [ 134.510131800000011, 7.2893391 ] } },
{ "type": "Feature", "properties": { "depth_m": 100.0, "evidence": "DEPCNT" }, "geometry": { "type": "Point", "coordinates": [ 134.509374962375603, 7.288885772938505 ] } },
{ "type": "Feature", "properties": { "depth_m": 100.0, "evidence": "DEPCNT" }, "geometry": { "type": "Point", "coordinates": [ 134.508850099999989, 7.2881694 ] } },
{ "type": "Feature", "properties": { "depth_m": 10.0, "evidence": "DEPCNT" }, "geometry": { "type": "Point", "coordinates": [ 134.5100861, 7.3559194 ] } },
{ "type": "Feature", "properties": { "depth_m": 10.0, "evidence": "DEPCNT" }, "geometry": { "type": "Point", "coordinates": [ 134.510481360552802, 7.354867233794029 ] } },
{ "type": "Feature", "properties": { "depth_m": 10.0, "evidence": "DEPCNT" }, "geometry": { "type": "Point", "coordinates": [ 134.5113983, 7.3546195 ] } },
{ "type": "Feature", "properties": { "depth_m": 20.0, "evidence": "DEPCNT" }, "geometry": { "type": "Point", "coordinates": [ 134.511093100000011, 7.3036389 ] } },
{ "type": "Feature", "properties": { "depth_m": 20.0, "evidence": "DEPCNT" }, "geometry": { "type": "Point", "coordinates": [ 134.511917100000261, 7.303862234798356 ] } },
{ "type": "Feature", "properties": { "depth_m": 20.0, "evidence": "DEPCNT" }, "geometry": { "type": "Point", "coordinates": [ 134.511276146848758, 7.304205314876499 ] } },
{ "type": "Feature", "properties": { "depth_m": 20.0, "evidence": "DEPCNT" }, "geometry": { "type": "Point", "coordinates": [ 134.511093100000011, 7.3036389 ] } },
{ "type": "Feature", "properties": { "depth_m": 30.0, "evidence": "DEPCNT" }, "geometry": { "type": "Point", "coordinates": [ 134.510788, 7.3015556 ] } },
{ "type": "Feature", "properties": { "depth_m": 30.0, "evidence": "DEPCNT" }, "geometry": { "type": "Point", "coordinates": [ 134.509906286284917, 7.30070020015233 ] } },
{ "type": "Feature", "properties": { "depth_m": 30.0, "evidence": "DEPCNT" }, "geometry": { "type": "Point", "coordinates": [ 134.509972298218088, 7.299693618261774 ] } },
{ "type": "Feature", "properties": { "depth_m": 30.0, "evidence": "DEPCNT" }, "geometry": { "type": "Point", "coordinates": [ 134.511014553667252, 7.299187695997251 ] } },
{ "type": "Feature", "properties": { "depth_m": 30.0, "evidence": "DEPCNT" }, "geometry": { "type": "Point", "coordinates": [ 134.511879363242372, 7.298466700001653 ] } },
{ "type": "Feature", "properties": { "depth_m": 30.0, "evidence": "DEPCNT" }, "geometry": { "type": "Point", "coordinates": [ 134.512926008133576, 7.299056957471798 ] } },
{ "type": "Feature", "properties": { "depth_m": 30.0, "evidence": "DEPCNT" }, "geometry": { "type": "Point", "coordinates": [ 134.51323691844442, 7.300177097415348 ] } },
{ "type": "Feature", "properties": { "depth_m": 30.0, "evidence": "DEPCNT" }, "geometry": { "type": "Point", "coordinates": [ 134.512584107934799, 7.301205389743591 ] } },
{ "type": "Feature", "properties": { "depth_m": 30.0, "evidence": "DEPCNT" }, "geometry": { "type": "Point", "coordinates": [ 134.511758516998015, 7.30210244329542 ] } },
{ "type": "Feature", "properties": { "depth_m": 30.0, "evidence": "DEPCNT" }, "geometry": { "type": "Point", "coordinates": [ 134.510788, 7.3015556 ] } },
{ "type": "Feature", "properties": { "depth_m": 2.0, "evidence": "DEPCNT" }, "geometry": { "type": "Point", "coordinates": [ 134.514389, 7.2929721 ] } },
{ "type": "Feature", "properties": { "depth_m": 2.0, "evidence": "DEPCNT" }, "geometry": { "type": "Point", "coordinates": [ 134.514050628977429, 7.291679022985252 ] } },
{ "type": "Feature", "properties": { "depth_m": 2.0, "evidence": "DEPCNT" }, "geometry": { "type": "Point", "coordinates": [ 134.513272077590244, 7.29064975765998 ] } },
{ "type": "Feature", "properties": { "depth_m": 2.0, "evidence": "DEPCNT" }, "geometry": { "type": "Point", "coordinates": [ 134.512006388743657, 7.290208300029969 ] } },
{ "type": "Feature", "properties": { "depth_m": 2.0, "evidence": "DEPCNT" }, "geometry": { "type": "Point", "coordinates": [ 134.51066475655432, 7.2901033784896 ] } },
{ "type": "Feature", "properties": { "depth_m": 2.0, "evidence": "DEPCNT" }, "geometry": { "type": "Point", "coordinates": [ 134.50937480463088, 7.290437826576643 ] } },
{ "type": "Feature", "properties": { "depth_m": 2.0, "evidence": "DEPCNT" }, "geometry": { "type": "Point", "coordinates": [ 134.508094479245443, 7.290045381733302 ] } },
{ "type": "Feature", "properties": { "depth_m": 2.0, "evidence": "DEPCNT" }, "geometry": { "type": "Point", "coordinates": [ 134.506943947690417, 7.2899327408815 ] } },
{ "type": "Feature", "properties": { "depth_m": 2.0, "evidence": "DEPCNT" }, "geometry": { "type": "Point", "coordinates": [ 134.507499838768354, 7.291041776751428 ] } },
{ "type": "Feature", "properties": { "depth_m": 2.0, "evidence": "DEPCNT" }, "geometry": { "type": "Point", "coordinates": [ 134.508019267200012, 7.292260684755868 ] } },
{ "type": "Feature", "properties": { "depth_m": 2.0, "evidence": "DEPCNT" }, "geometry": { "type": "Point", "coordinates": [ 134.509146802907765, 7.292877857173194 ] } },
{ "type": "Feature", "properties": { "depth_m": 2.0, "evidence": "DEPCNT" }, "geometry": { "type": "Point", "coordinates": [ 134.510470979470256, 7.292664608991997 ] } },
{ "type": "Feature", "properties": { "depth_m": 2.0, "evidence": "DEPCNT" }, "geometry": { "type": "Point", "coordinates": [ 134.51181074191669, 7.292581898795714 ] } },
{ "type": "Feature", "properties": { "depth_m": 2.0, "evidence": "DEPCNT" }, "geometry": { "type": "Point", "coordinates": [ 134.513027750273096, 7.293114232353219 ] } },
{ "type": "Feature", "properties": { "depth_m": 2.0, "evidence": "DEPCNT" }, "geometry": { "type": "Point", "coordinates": [ 134.51401790916168, 7.293972764408791 ] } },
{ "type": "Feature", "properties": { "depth_m": 2.0, "evidence": "DEPCNT" }, "geometry": { "type": "Point", "coordinates": [ 134.514940392902702, 7.294181195846359 ] } },
{ "type": "Feature", "properties": { "depth_m": 2.0, "evidence": "DEPCNT" }, "geometry": { "type": "Point", "coordinates": [ 134.514389, 7.2929721 ] } },
{ "type": "Feature", "properties": { "depth_m": 30.0, "evidence": "DEPCNT" }, "geometry": { "type": "Point", "coordinates": [ 134.5144348, 7.3474054 ] } },
{ "type": "Feature", "properties": { "depth_m": 30.0, "evidence": "DEPCNT" }, "geometry": { "type": "Point", "coordinates": [ 134.51508260515044, 7.346820598258001 ] } },
{ "type": "Feature", "properties": { "depth_m": 30.0, "evidence": "DEPCNT" }, "geometry": { "type": "Point", "coordinates": [ 134.515230868593164, 7.347714782397032 ] } },
{ "type": "Feature", "properties": { "depth_m": 30.0, "evidence": "DEPCNT" }, "geometry": { "type": "Point", "coordinates": [ 134.5144348, 7.3474054 ] } },
{ "type": "Feature", "properties": { "depth_m": 20.0, "evidence": "DEPCNT" }, "geometry": { "type": "Point", "coordinates": [ 134.5131226, 7.3522334 ] } },
{ "type": "Feature", "properties": { "depth_m": 20.0, "evidence": "DEPCNT" }, "geometry": { "type": "Point", "coordinates": [ 134.513655868523244, 7.351457010203119 ] } },
{ "type": "Feature", "properties": { "depth_m": 20.0, "evidence": "DEPCNT" }, "geometry": { "type": "Point", "coordinates": [ 134.514489584879783, 7.350906140707179 ] } },
{ "type": "Feature", "properties": { "depth_m": 20.0, "evidence": "DEPCNT" }, "geometry": { "type": "Point", "coordinates": [ 134.514847540532799, 7.349985436301075 ] } },
{ "type": "Feature", "properties": { "depth_m": 20.0, "evidence": "DEPCNT" }, "geometry": { "type": "Point", "coordinates": [ 134.515701299999989, 7.3493748 ] } },
{ "type": "Feature", "properties": { "depth_m": 5.0, "evidence": "DEPCNT" }, "geometry": { "type": "Point", "coordinates": [ 134.5155029, 7.2970891 ] } },
{ "type": "Feature", "properties": { "depth_m": 5.0, "evidence": "DEPCNT" }, "geometry": { "type": "Point", "coordinates": [ 134.515247601821841, 7.296104742681247 ] } },
{ "type": "Feature", "properties": { "depth_m": 5.0, "evidence": "DEPCNT" }, "geometry": { "type": "Point", "coordinates": [ 134.515657312877664, 7.295147658783069 ] } },
{ "type": "Feature", "properties": { "depth_m": 5.0, "evidence": "DEPCNT" }, "geometry": { "type": "Point", "coordinates": [ 134.516267122226452, 7.294665683249043 ] } },
{ "type": "Feature", "properties": { "depth_m": 5.0, "evidence": "DEPCNT" }, "geometry": { "type": "Point", "coordinates": [ 134.5166168, 7.2956362 ] } },
{ "type": "Feature", "properties": { "depth_m": 10.0, "evidence": "DEPCNT" }, "geometry": { "type": "Point", "coordinates": [ 134.5168304, 7.3495083 ] } },
{ "type": "Feature", "properties": { "depth_m": 10.0, "evidence": "DEPCNT" }, "geometry": { "type": "Point", "coordinates": [ 134.516034846762153, 7.349101322713802 ] } },
{ "type": "Feature", "properties": { "depth_m": 10.0, "evidence": "DEPCNT" }, "geometry": { "type": "Point", "coordinates": [ 134.5157929, 7.3499665 ] } },
{ "type": "Feature", "properties": { "depth_m": 20.0, "evidence": "DEPCNT" }, "geometry": { "type": "Point", "coordinates": [ 134.5170746, 7.3019943 ] } },
{ "type": "Feature", "properties": { "depth_m": 20.0, "evidence": "DEPCNT" }, "geometry": { "type": "Point", "coordinates": [ 134.518036650554762, 7.302724630082472 ] } },
{ "type": "Feature", "properties": { "depth_m": 20.0, "evidence": "DEPCNT" }, "geometry": { "type": "Point", "coordinates": [ 134.518242424624503, 7.303632787522417 ] } },
{ "type": "Feature", "properties": { "depth_m": 20.0, "evidence": "DEPCNT" }, "geometry": { "type": "Point", "coordinates": [ 134.517073296860644, 7.30403301578287 ] } },
{ "type": "Feature", "properties": { "depth_m": 20.0, "evidence": "DEPCNT" }, "geometry": { "type": "Point", "coordinates": [ 134.515909778776063, 7.304407331864846 ] } },
{ "type": "Feature", "properties": { "depth_m": 20.0, "evidence": "DEPCNT" }, "geometry": { "type": "Point", "coordinates": [ 134.514816300000035, 7.304921383229308 ] } },
{ "type": "Feature", "properties": { "depth_m": 20.0, "evidence": "DEPCNT" }, "geometry": { "type": "Point", "coordinates": [ 134.515123838938081, 7.306114701751102 ] } },
{ "type": "Feature", "properties": { "depth_m": 20.0, "evidence": "DEPCNT" }, "geometry": { "type": "Point", "coordinates": [ 134.516045593084954, 7.306667889667181 ] } },
{ "type": "Feature", "properties": { "depth_m": 20.0, "evidence": "DEPCNT" }, "geometry": { "type": "Point", "coordinates": [ 134.517055259907238, 7.305953630768304 ] } },
{ "type": "Feature", "properties": { "depth_m": 20.0, "evidence": "DEPCNT" }, "geometry": { "type": "Point", "coordinates": [ 134.517702536136312, 7.306433056762659 ] } },
{ "type": "Feature", "properties": { "depth_m": 20.0, "evidence": "DEPCNT" }, "geometry": { "type": "Point", "coordinates": [ 134.517240038023971, 7.307493600722196 ] } },
{ "type": "Feature", "properties": { "depth_m": 20.0, "evidence": "DEPCNT" }, "geometry": { "type": "Point", "coordinates": [ 134.5175781, 7.3086276 ] } },
{ "type": "Feature", "properties": { "depth_m": 2.0, "evidence": "DEPCNT" }, "geometry": { "type": "Point", "coordinates": [ 134.517944300000011, 7.3398027 ] } },
{ "type": "Feature", "properties": { "depth_m": 2.0, "evidence": "DEPCNT" }, "geometry": { "type": "Point", "coordinates": [ 134.518840019431565, 7.339047236827892 ] } },
{ "type": "Feature", "properties": { "depth_m": 2.0, "evidence": "DEPCNT" }, "geometry": { "type": "Point", "coordinates": [ 134.518324751932596, 7.337879834974611 ] } },
{ "type": "Feature", "properties": { "depth_m": 2.0, "evidence": "DEPCNT" }, "geometry": { "type": "Point", "coordinates": [ 134.51742550000003, 7.338184583280793 ] } },
{ "type": "Feature", "properties": { "depth_m": 2.0, "evidence": "DEPCNT" }, "geometry": { "type": "Point", "coordinates": [ 134.517509732218457, 7.339192910905508 ] } },
{ "type": "Feature", "properties": { "depth_m": 2.0, "evidence": "DEPCNT" }, "geometry": { "type": "Point", "coordinates": [ 134.517944300000011, 7.3398027 ] } },
{ "type": "Feature", "properties": { "depth_m": 30.0, "evidence": "DEPCNT" }, "geometry": { "type": "Point", "coordinates": [ 134.518814099999986, 7.3395581 ] } },
{ "type": "Feature", "properties": { "depth_m": 30.0, "evidence": "DEPCNT" }, "geometry": { "type": "Point", "coordinates": [ 134.519093258112832, 7.340549814079981 ] } },
{ "type": "Feature", "properties": { "depth_m": 30.0, "evidence": "DEPCNT" }, "geometry": { "type": "Point", "coordinates": [ 134.518845552805487, 7.341611151302073 ] } },
{ "type": "Feature", "properties": { "depth_m": 30.0, "evidence": "DEPCNT" }, "geometry": { "type": "Point", "coordinates": [ 134.51830687454023, 7.342559323584399 ] } },
{ "type": "Feature", "properties": { "depth_m": 30.0, "evidence": "DEPCNT" }, "geometry": { "type": "Point", "coordinates": [ 134.518087849682132, 7.343557937257962 ] } },
{ "type": "Feature", "properties": { "depth_m": 30.0, "evidence": "DEPCNT" }, "geometry": { "type": "Point", "coordinates": [ 134.5189667, 7.3431807 ] } },
{ "type": "Feature", "properties": { "depth_m": 10.0, "evidence": "DEPCNT" }, "geometry": { "type": "Point", "coordinates": [ 134.5182495, 7.3473806 ] } },
{ "type": "Feature", "properties": { "depth_m": 10.0, "evidence": "DEPCNT" }, "geometry": { "type": "Point", "coordinates": [ 134.517761593063881, 7.346154898079524 ] } },
{ "type": "Feature", "properties": { "depth_m": 10.0, "evidence": "DEPCNT" }, "geometry": { "type": "Point", "coordinates": [ 134.518543587553609, 7.345793153734606 ] } },
{ "type": "Feature", "properties": { "depth_m": 10.0, "evidence": "DEPCNT" }, "geometry": { "type": "Point", "coordinates": [ 134.519409200000013, 7.3465891 ] } },
{ "type": "Feature", "properties": { "depth_m": 5.0, "evidence": "DEPCNT" }, "geometry": { "type": "Point", "coordinates": [ 134.5205841, 7.346539 ] } },
{ "type": "Feature", "properties": { "depth_m": 5.0, "evidence": "DEPCNT" }, "geometry": { "type": "Point", "coordinates": [ 134.519791098597835, 7.34714007226098 ] } },
{ "type": "Feature", "properties": { "depth_m": 5.0, "evidence": "DEPCNT" }, "geometry": { "type": "Point", "coordinates": [ 134.5198059, 7.3463221 ] } },
{ "type": "Feature", "properties": { "depth_m": 10.0, "evidence": "DEPCNT" }, "geometry": { "type": "Point", "coordinates": [ 134.5194397, 7.342628 ] } },
{ "type": "Feature", "properties": { "depth_m": 10.0, "evidence": "DEPCNT" }, "geometry": { "type": "Point", "coordinates": [ 134.520391641810164, 7.342011854331307 ] } },
{ "type": "Feature", "properties": { "depth_m": 10.0, "evidence": "DEPCNT" }, "geometry": { "type": "Point", "coordinates": [ 134.5202789, 7.3430362 ] } },
{ "type": "Feature", "properties": { "depth_m": 50.0, "evidence": "DEPCNT" }, "geometry": { "type": "Point", "coordinates": [ 134.5232849, 7.2741165 ] } },
{ "type": "Feature", "properties": { "depth_m": 50.0, "evidence": "DEPCNT" }, "geometry": { "type": "Point", "coordinates": [ 134.522685061825229, 7.273327807183861 ] } },
{ "type": "Feature", "properties": { "depth_m": 50.0, "evidence": "DEPCNT" }, "geometry": { "type": "Point", "coordinates": [ 134.522510439455459, 7.272384995719198 ] } },
{ "type": "Feature", "properties": { "depth_m": 50.0, "evidence": "DEPCNT" }, "geometry": { "type": "Point", "coordinates": [ 134.5228424, 7.271461 ] } },
{ "type": "Feature", "properties": { "depth_m": 20.0, "evidence": "DEPCNT" }, "geometry": { "type": "Point", "coordinates": [ 134.522049, 7.341589 ] } },
{ "type": "Feature", "properties": { "depth_m": 20.0, "evidence": "DEPCNT" }, "geometry": { "type": "Point", "coordinates": [ 134.522735886935436, 7.341204114092801 ] } },
{ "type": "Feature", "properties": { "depth_m": 20.0, "evidence": "DEPCNT" }, "geometry": { "type": "Point", "coordinates": [ 134.523346, 7.341639 ] } },
{ "type": "Feature", "properties": { "depth_m": 20.0, "evidence": "DEPCNT" }, "geometry": { "type": "Point", "coordinates": [ 134.524231, 7.2946777 ] } },
{ "type": "Feature", "properties": { "depth_m": 20.0, "evidence": "DEPCNT" }, "geometry": { "type": "Point", "coordinates": [ 134.525189372349672, 7.295102804006228 ] } },
{ "type": "Feature", "properties": { "depth_m": 20.0, "evidence": "DEPCNT" }, "geometry": { "type": "Point", "coordinates": [ 134.524358567449354, 7.295655783813385 ] } },
{ "type": "Feature", "properties": { "depth_m": 20.0, "evidence": "DEPCNT" }, "geometry": { "type": "Point", "coordinates": [ 134.524231, 7.2946777 ] } },
{ "type": "Feature", "properties": { "depth_m": 100.0, "evidence": "DEPCNT" }, "geometry": { "type": "Point", "coordinates": [ 134.5260773, 7.278203 ] } },
{ "type": "Feature", "properties": { "depth_m": 100.0, "evidence": "DEPCNT" }, "geometry": { "type": "Point", "coordinates": [ 134.525850271570505, 7.279376025766319 ] } },
{ "type": "Feature", "properties": { "depth_m": 100.0, "evidence": "DEPCNT" }, "geometry": { "type": "Point", "coordinates": [ 134.526165879923042, 7.280576146079673 ] } },
{ "type": "Feature", "properties": { "depth_m": 100.0, "evidence": "DEPCNT" }, "geometry": { "type": "Point", "coordinates": [ 134.526370880930074, 7.281743500236134 ] } },
{ "type": "Feature", "properties": { "depth_m": 100.0, "evidence": "DEPCNT" }, "geometry": { "type": "Point", "coordinates": [ 134.526160493670915, 7.282927677738581 ] } },
{ "type": "Feature", "properties": { "depth_m": 100.0, "evidence": "DEPCNT" }, "geometry": { "type": "Point", "coordinates": [ 134.525648954242229, 7.284088059215945 ] } },
{ "type": "Feature", "properties": { "depth_m": 100.0, "evidence": "DEPCNT" }, "geometry": { "type": "Point", "coordinates": [ 134.524752821989466, 7.284987278062035 ] } },
{ "type": "Feature", "properties": { "depth_m": 100.0, "evidence": "DEPCNT" }, "geometry": { "type": "Point", "coordinates": [ 134.523921362364945, 7.285954929079259 ] } },
{ "type": "Feature", "properties": { "depth_m": 100.0, "evidence": "DEPCNT" }, "geometry": { "type": "Point", "coordinates": [ 134.52285678575646, 7.286619144760968 ] } },
{ "type": "Feature", "properties": { "depth_m": 100.0, "evidence": "DEPCNT" }, "geometry": { "type": "Point", "coordinates": [ 134.521996168216219, 7.287423993424677 ] } },
{ "type": "Feature", "properties": { "depth_m": 100.0, "evidence": "DEPCNT" }, "geometry": { "type": "Point", "coordinates": [ 134.521591199999989, 7.2886305 ] } },
{ "type": "Feature", "properties": { "depth_m": 30.0, "evidence": "DEPCNT" }, "geometry": { "type": "Point", "coordinates": [ 134.5253601, 7.2869 ] } },
{ "type": "Feature", "properties": { "depth_m": 30.0, "evidence": "DEPCNT" }, "geometry": { "type": "Point", "coordinates": [ 134.52511339232916, 7.285878372002136 ] } },
{ "type": "Feature", "properties": { "depth_m": 30.0, "evidence": "DEPCNT" }, "geometry": { "type": "Point", "coordinates": [ 134.525164634414523, 7.284852232813825 ] } },
{ "type": "Feature", "properties": { "depth_m": 30.0, "evidence": "DEPCNT" }, "geometry": { "type": "Point", "coordinates": [ 134.526124502876286, 7.284885386636182 ] } },
{ "type": "Feature", "properties": { "depth_m": 30.0, "evidence": "DEPCNT" }, "geometry": { "type": "Point", "coordinates": [ 134.5271606, 7.2847056 ] } },
{ "type": "Feature", "properties": { "depth_m": 20.0, "evidence": "DEPCNT" }, "geometry": { "type": "Point", "coordinates": [ 134.5323486, 7.2796583 ] } },
{ "type": "Feature", "properties": { "depth_m": 20.0, "evidence": "DEPCNT" }, "geometry": { "type": "Point", "coordinates": [ 134.533200768912451, 7.278988595098069 ] } },
{ "type": "Feature", "properties": { "depth_m": 20.0, "evidence": "DEPCNT" }, "geometry": { "type": "Point", "coordinates": [ 134.532135, 7.2785974 ] } },
{ "type": "Feature", "properties": { "depth_m": 30.0, "evidence": "DEPCNT" }, "geometry": { "type": "Point", "coordinates": [ 134.5347595, 7.2970138 ] } },
{ "type": "Feature", "properties": { "depth_m": 30.0, "evidence": "DEPCNT" }, "geometry": { "type": "Point", "coordinates": [ 134.533969289665151, 7.29787480094105 ] } },
{ "type": "Feature", "properties": { "depth_m": 30.0, "evidence": "DEPCNT" }, "geometry": { "type": "Point", "coordinates": [ 134.532876725624931, 7.297423527557896 ] } },
{ "type": "Feature", "properties": { "depth_m": 30.0, "evidence": "DEPCNT" }, "geometry": { "type": "Point", "coordinates": [ 134.53172079091587, 7.297481706825217 ] } },
{ "type": "Feature", "properties": { "depth_m": 30.0, "evidence": "DEPCNT" }, "geometry": { "type": "Point", "coordinates": [ 134.530877023407697, 7.298488482519338 ] } },
{ "type": "Feature", "properties": { "depth_m": 30.0, "evidence": "DEPCNT" }, "geometry": { "type": "Point", "coordinates": [ 134.529677088254772, 7.298751628779268 ] } },
{ "type": "Feature", "properties": { "depth_m": 30.0, "evidence": "DEPCNT" }, "geometry": { "type": "Point", "coordinates": [ 134.529230849729998, 7.297552257572724 ] } },
{ "type": "Feature", "properties": { "depth_m": 30.0, "evidence": "DEPCNT" }, "geometry": { "type": "Point", "coordinates": [ 134.528230715067508, 7.298367049434773 ] } },
{ "type": "Feature", "properties": { "depth_m": 30.0, "evidence": "DEPCNT" }, "geometry": { "type": "Point", "coordinates": [ 134.527175900000174, 7.298414352033212 ] } },
{ "type": "Feature", "properties": { "depth_m": 30.0, "evidence": "DEPCNT" }, "geometry": { "type": "Point", "coordinates": [ 134.526068580935174, 7.298028088237723 ] } },
{ "type": "Feature", "properties": { "depth_m": 30.0, "evidence": "DEPCNT" }, "geometry": { "type": "Point", "coordinates": [ 134.526290768678166, 7.299060732858983 ] } },
{ "type": "Feature", "properties": { "depth_m": 30.0, "evidence": "DEPCNT" }, "geometry": { "type": "Point", "coordinates": [ 134.526774550741067, 7.300081822251719 ] } },
{ "type": "Feature", "properties": { "depth_m": 30.0, "evidence": "DEPCNT" }, "geometry": { "type": "Point", "coordinates": [ 134.525787090177573, 7.300299093331716 ] } },
{ "type": "Feature", "properties": { "depth_m": 30.0, "evidence": "DEPCNT" }, "geometry": { "type": "Point", "coordinates": [ 134.524634609600071, 7.299649371234498 ] } },
{ "type": "Feature", "properties": { "depth_m": 30.0, "evidence": "DEPCNT" }, "geometry": { "type": "Point", "coordinates": [ 134.523299022918138, 7.299742156126042 ] } },
{ "type": "Feature", "properties": { "depth_m": 30.0, "evidence": "DEPCNT" }, "geometry": { "type": "Point", "coordinates": [ 134.522338900001017, 7.29926527525009 ] } },
{ "type": "Feature", "properties": { "depth_m": 30.0, "evidence": "DEPCNT" }, "geometry": { "type": "Point", "coordinates": [ 134.522213199886778, 7.298000925250443 ] } },
{ "type": "Feature", "properties": { "depth_m": 30.0, "evidence": "DEPCNT" }, "geometry": { "type": "Point", "coordinates": [ 134.521331039614438, 7.297890698069898 ] } },
{ "type": "Feature", "properties": { "depth_m": 30.0, "evidence": "DEPCNT" }, "geometry": { "type": "Point", "coordinates": [ 134.521296942606511, 7.299210257025465 ] } },
{ "type": "Feature", "properties": { "depth_m": 30.0, "evidence": "DEPCNT" }, "geometry": { "type": "Point", "coordinates": [ 134.52090164325341, 7.300041700031736 ] } },
{ "type": "Feature", "properties": { "depth_m": 30.0, "evidence": "DEPCNT" }, "geometry": { "type": "Point", "coordinates": [ 134.519993096343768, 7.300886813790221 ] } },
{ "type": "Feature", "properties": { "depth_m": 30.0, "evidence": "DEPCNT" }, "geometry": { "type": "Point", "coordinates": [ 134.519363346196229, 7.30005855866126 ] } },
{ "type": "Feature", "properties": { "depth_m": 30.0, "evidence": "DEPCNT" }, "geometry": { "type": "Point", "coordinates": [ 134.520545760570741, 7.299547546900238 ] } },
{ "type": "Feature", "properties": { "depth_m": 30.0, "evidence": "DEPCNT" }, "geometry": { "type": "Point", "coordinates": [ 134.520333900844207, 7.298322390830335 ] } },
{ "type": "Feature", "properties": { "depth_m": 30.0, "evidence": "DEPCNT" }, "geometry": { "type": "Point", "coordinates": [ 134.520507800000559, 7.297057736822052 ] } },
{ "type": "Feature", "properties": { "depth_m": 30.0, "evidence": "DEPCNT" }, "geometry": { "type": "Point", "coordinates": [ 134.519410907178184, 7.296696440059196 ] } },
{ "type": "Feature", "properties": { "depth_m": 30.0, "evidence": "DEPCNT" }, "geometry": { "type": "Point", "coordinates": [ 134.518848796703935, 7.297879762635185 ] } },
{ "type": "Feature", "properties": { "depth_m": 30.0, "evidence": "DEPCNT" }, "geometry": { "type": "Point", "coordinates": [ 134.518997200000911, 7.29921693942141 ] } },
{ "type": "Feature", "properties": { "depth_m": 30.0, "evidence": "DEPCNT" }, "geometry": { "type": "Point", "coordinates": [ 134.518165995714043, 7.299925964596665 ] } },
{ "type": "Feature", "properties": { "depth_m": 30.0, "evidence": "DEPCNT" }, "geometry": { "type": "Point", "coordinates": [ 134.516839569480453, 7.299671261382412 ] } },
{ "type": "Feature", "properties": { "depth_m": 30.0, "evidence": "DEPCNT" }, "geometry": { "type": "Point", "coordinates": [ 134.515877741742742, 7.298796412139911 ] } },
{ "type": "Feature", "properties": { "depth_m": 30.0, "evidence": "DEPCNT" }, "geometry": { "type": "Point", "coordinates": [ 134.5157166, 7.2974582 ] } },
{ "type": "Feature", "properties": { "depth_m": 30.0, "evidence": "DEPCNT" }, "geometry": { "type": "Point", "coordinates": [ 134.5382538, 7.2909164 ] } },
{ "type": "Feature", "properties": { "depth_m": 30.0, "evidence": "DEPCNT" }, "geometry": { "type": "Point", "coordinates": [ 134.537723926912804, 7.290146209964842 ] } },
{ "type": "Feature", "properties": { "depth_m": 30.0, "evidence": "DEPCNT" }, "geometry": { "type": "Point", "coordinates": [ 134.538436843179824, 7.289142148077903 ] } },
{ "type": "Feature", "properties": { "depth_m": 30.0, "evidence": "DEPCNT" }, "geometry": { "type": "Point", "coordinates": [ 134.539245083367831, 7.289897864934457 ] } },
{ "type": "Feature", "properties": { "depth_m": 30.0, "evidence": "DEPCNT" }, "geometry": { "type": "Point", "coordinates": [ 134.539521615991617, 7.290745315494747 ] } },
{ "type": "Feature", "properties": { "depth_m": 30.0, "evidence": "DEPCNT" }, "geometry": { "type": "Point", "coordinates": [ 134.5382538, 7.2909164 ] } },
{ "type": "Feature", "properties": { "depth_m": 30.0, "evidence": "DEPCNT" }, "geometry": { "type": "Point", "coordinates": [ 134.53610230000001, 7.2688556 ] } },
{ "type": "Feature", "properties": { "depth_m": 30.0, "evidence": "DEPCNT" }, "geometry": { "type": "Point", "coordinates": [ 134.535789907283544, 7.269794049737801 ] } },
{ "type": "Feature", "properties": { "depth_m": 30.0, "evidence": "DEPCNT" }, "geometry": { "type": "Point", "coordinates": [ 134.536923783952744, 7.270512168064232 ] } },
{ "type": "Feature", "properties": { "depth_m": 30.0, "evidence": "DEPCNT" }, "geometry": { "type": "Point", "coordinates": [ 134.536825761177624, 7.271633216975783 ] } },
{ "type": "Feature", "properties": { "depth_m": 30.0, "evidence": "DEPCNT" }, "geometry": { "type": "Point", "coordinates": [ 134.535756926314633, 7.27245210620665 ] } },
{ "type": "Feature", "properties": { "depth_m": 30.0, "evidence": "DEPCNT" }, "geometry": { "type": "Point", "coordinates": [ 134.535371572955711, 7.27362187072951 ] } },
{ "type": "Feature", "properties": { "depth_m": 30.0, "evidence": "DEPCNT" }, "geometry": { "type": "Point", "coordinates": [ 134.53583098100674, 7.274853427649315 ] } },
{ "type": "Feature", "properties": { "depth_m": 30.0, "evidence": "DEPCNT" }, "geometry": { "type": "Point", "coordinates": [ 134.537006680104867, 7.275485760393186 ] } },
{ "type": "Feature", "properties": { "depth_m": 30.0, "evidence": "DEPCNT" }, "geometry": { "type": "Point", "coordinates": [ 134.538273429689241, 7.275929025088077 ] } },
{ "type": "Feature", "properties": { "depth_m": 30.0, "evidence": "DEPCNT" }, "geometry": { "type": "Point", "coordinates": [ 134.538665926995577, 7.277196917357609 ] } },
{ "type": "Feature", "properties": { "depth_m": 30.0, "evidence": "DEPCNT" }, "geometry": { "type": "Point", "coordinates": [ 134.538755171628964, 7.278535656081019 ] } },
{ "type": "Feature", "properties": { "depth_m": 30.0, "evidence": "DEPCNT" }, "geometry": { "type": "Point", "coordinates": [ 134.538347339150249, 7.279822923159244 ] } },
{ "type": "Feature", "properties": { "depth_m": 30.0, "evidence": "DEPCNT" }, "geometry": { "type": "Point", "coordinates": [ 134.537722812708068, 7.281015843928461 ] } },
{ "type": "Feature", "properties": { "depth_m": 30.0, "evidence": "DEPCNT" }, "geometry": { "type": "Point", "coordinates": [ 134.537581892277814, 7.282319074871785 ] } },
{ "type": "Feature", "properties": { "depth_m": 30.0, "evidence": "DEPCNT" }, "geometry": { "type": "Point", "coordinates": [ 134.537896648402324, 7.283582402396653 ] } },
{ "type": "Feature", "properties": { "depth_m": 30.0, "evidence": "DEPCNT" }, "geometry": { "type": "Point", "coordinates": [ 134.538433895978329, 7.284560102261031 ] } },
{ "type": "Feature", "properties": { "depth_m": 30.0, "evidence": "DEPCNT" }, "geometry": { "type": "Point", "coordinates": [ 134.539266142772846, 7.285545229133624 ] } },
{ "type": "Feature", "properties": { "depth_m": 30.0, "evidence": "DEPCNT" }, "geometry": { "type": "Point", "coordinates": [ 134.5401611, 7.2862082 ] } },
{ "type": "Feature", "properties": { "depth_m": 2.0, "evidence": "DEPCNT" }, "geometry": { "type": "Point", "coordinates": [ 134.5490112, 7.2781472 ] } },
{ "type": "Feature", "properties": { "depth_m": 2.0, "evidence": "DEPCNT" }, "geometry": { "type": "Point", "coordinates": [ 134.549881, 7.2778583 ] } },
{ "type": "Feature", "properties": { "depth_m": 10.0, "evidence": "DEPCNT" }, "geometry": { "type": "Point", "coordinates": [ 134.5503388, 7.3021779 ] } },
{ "type": "Feature", "properties": { "depth_m": 10.0, "evidence": "DEPCNT" }, "geometry": { "type": "Point", "coordinates": [ 134.549243947110085, 7.302733969480006 ] } },
{ "type": "Feature", "properties": { "depth_m": 10.0, "evidence": "DEPCNT" }, "geometry": { "type": "Point", "coordinates": [ 134.54828675886111, 7.302395843926872 ] } },
{ "type": "Feature", "properties": { "depth_m": 10.0, "evidence": "DEPCNT" }, "geometry": { "type": "Point", "coordinates": [ 134.548548419811283, 7.301230573133342 ] } },
{ "type": "Feature", "properties": { "depth_m": 10.0, "evidence": "DEPCNT" }, "geometry": { "type": "Point", "coordinates": [ 134.5489655, 7.3000832 ] } },
{ "type": "Feature", "properties": { "depth_m": 30.0, "evidence": "DEPCNT" }, "geometry": { "type": "Point", "coordinates": [ 134.5503388, 7.3037748 ] } },
{ "type": "Feature", "properties": { "depth_m": 30.0, "evidence": "DEPCNT" }, "geometry": { "type": "Point", "coordinates": [ 134.5508728, 7.3044667 ] } },
{ "type": "Feature", "properties": { "depth_m": 20.0, "evidence": "DEPCNT" }, "geometry": { "type": "Point", "coordinates": [ 134.5504608, 7.3024693 ] } },
{ "type": "Feature", "properties": { "depth_m": 20.0, "evidence": "DEPCNT" }, "geometry": { "type": "Point", "coordinates": [ 134.551253335409456, 7.303227628675615 ] } },
{ "type": "Feature", "properties": { "depth_m": 20.0, "evidence": "DEPCNT" }, "geometry": { "type": "Point", "coordinates": [ 134.55024532728811, 7.303602745063644 ] } },
{ "type": "Feature", "properties": { "depth_m": 20.0, "evidence": "DEPCNT" }, "geometry": { "type": "Point", "coordinates": [ 134.549209600000012, 7.3030028 ] } },
{ "type": "Feature", "properties": { "depth_m": 30.0, "evidence": "DEPCNT" }, "geometry": { "type": "Point", "coordinates": [ 134.553299, 7.2973471 ] } },
{ "type": "Feature", "properties": { "depth_m": 30.0, "evidence": "DEPCNT" }, "geometry": { "type": "Point", "coordinates": [ 134.554259753568459, 7.297504619848993 ] } },
{ "type": "Feature", "properties": { "depth_m": 30.0, "evidence": "DEPCNT" }, "geometry": { "type": "Point", "coordinates": [ 134.553641031541787, 7.298186300024063 ] } },
{ "type": "Feature", "properties": { "depth_m": 30.0, "evidence": "DEPCNT" }, "geometry": { "type": "Point", "coordinates": [ 134.553299, 7.2973471 ] } },
{ "type": "Feature", "properties": { "depth_m": 20.0, "evidence": "DEPCNT" }, "geometry": { "type": "Point", "coordinates": [ 134.5560913, 7.3051806 ] } },
{ "type": "Feature", "properties": { "depth_m": 20.0, "evidence": "DEPCNT" }, "geometry": { "type": "Point", "coordinates": [ 134.557101350261775, 7.305753413862574 ] } },
{ "type": "Feature", "properties": { "depth_m": 20.0, "evidence": "DEPCNT" }, "geometry": { "type": "Point", "coordinates": [ 134.557495778869622, 7.306796933060528 ] } },
{ "type": "Feature", "properties": { "depth_m": 20.0, "evidence": "DEPCNT" }, "geometry": { "type": "Point", "coordinates": [ 134.556736744353657, 7.307451920136968 ] } },
{ "type": "Feature", "properties": { "depth_m": 20.0, "evidence": "DEPCNT" }, "geometry": { "type": "Point", "coordinates": [ 134.555735914196617, 7.306888862333 ] } },
{ "type": "Feature", "properties": { "depth_m": 20.0, "evidence": "DEPCNT" }, "geometry": { "type": "Point", "coordinates": [ 134.555287447592491, 7.305801983237004 ] } },
{ "type": "Feature", "properties": { "depth_m": 20.0, "evidence": "DEPCNT" }, "geometry": { "type": "Point", "coordinates": [ 134.5560913, 7.3051806 ] } },
{ "type": "Feature", "properties": { "depth_m": 30.0, "evidence": "DEPCNT" }, "geometry": { "type": "Point", "coordinates": [ 134.5630798, 7.3130918 ] } },
{ "type": "Feature", "properties": { "depth_m": 30.0, "evidence": "DEPCNT" }, "geometry": { "type": "Point", "coordinates": [ 134.563169740322905, 7.312406530976087 ] } },
{ "type": "Feature", "properties": { "depth_m": 30.0, "evidence": "DEPCNT" }, "geometry": { "type": "Point", "coordinates": [ 134.563853158267449, 7.312774652600216 ] } },
{ "type": "Feature", "properties": { "depth_m": 30.0, "evidence": "DEPCNT" }, "geometry": { "type": "Point", "coordinates": [ 134.5630798, 7.3130918 ] } },
{ "type": "Feature", "properties": { "depth_m": 0.0, "evidence": "DEPCNT" }, "geometry": { "type": "Point", "coordinates": [ 134.5712738, 7.3462696 ] } },
{ "type": "Feature", "properties": { "depth_m": 0.0, "evidence": "DEPCNT" }, "geometry": { "type": "Point", "coordinates": [ 134.571521743996072, 7.347325461266446 ] } },
{ "type": "Feature", "properties": { "depth_m": 0.0, "evidence": "DEPCNT" }, "geometry": { "type": "Point", "coordinates": [ 134.571852176002125, 7.348359571543541 ] } },
{ "type": "Feature", "properties": { "depth_m": 0.0, "evidence": "DEPCNT" }, "geometry": { "type": "Point", "coordinates": [ 134.5721436, 7.3494058 ] } },
{ "type": "Feature", "properties": { "depth_m": 10.0, "evidence": "DEPCNT" }, "geometry": { "type": "Point", "coordinates": [ 134.581436200000013, 7.3242693 ] } },
{ "type": "Feature", "properties": { "depth_m": 10.0, "evidence": "DEPCNT" }, "geometry": { "type": "Point", "coordinates": [ 134.581484486372858, 7.325008111476786 ] } },
{ "type": "Feature", "properties": { "depth_m": 10.0, "evidence": "DEPCNT" }, "geometry": { "type": "Point", "coordinates": [ 134.581436200000013, 7.3242693 ] } },
{ "type": "Feature", "properties": { "depth_m": 200.0, "evidence": "DEPCNT" }, "geometry": { "type": "Point", "coordinates": [ 134.5788727, 7.3172917 ] } },
{ "type": "Feature", "properties": { "depth_m": 200.0, "evidence": "DEPCNT" }, "geometry": { "type": "Point", "coordinates": [ 134.580065574598933, 7.317325342537472 ] } },
{ "type": "Feature", "properties": { "depth_m": 200.0, "evidence": "DEPCNT" }, "geometry": { "type": "Point", "coordinates": [ 134.581153772476455, 7.31778277306624 ] } },
{ "type": "Feature", "properties": { "depth_m": 200.0, "evidence": "DEPCNT" }, "geometry": { "type": "Point", "coordinates": [ 134.582092074300419, 7.318528582835416 ] } },
{ "type": "Feature", "properties": { "depth_m": 200.0, "evidence": "DEPCNT" }, "geometry": { "type": "Point", "coordinates": [ 134.5826874, 7.3195529 ] } },
{ "type": "Feature", "properties": { "depth_m": 30.0, "evidence": "DEPCNT" }, "geometry": { "type": "Point", "coordinates": [ 134.5800781, 7.3379388 ] } },
{ "type": "Feature", "properties": { "depth_m": 30.0, "evidence": "DEPCNT" }, "geometry": { "type": "Point", "coordinates": [ 134.579749455610539, 7.336695668774997 ] } },
{ "type": "Feature", "properties": { "depth_m": 30.0, "evidence": "DEPCNT" }, "geometry": { "type": "Point", "coordinates": [ 134.579141157937329, 7.33556454887573 ] } },
{ "type": "Feature", "properties": { "depth_m": 30.0, "evidence": "DEPCNT" }, "geometry": { "type": "Point", "coordinates": [ 134.577960688009881, 7.33509807994456 ] } },
{ "type": "Feature", "properties": { "depth_m": 30.0, "evidence": "DEPCNT" }, "geometry": { "type": "Point", "coordinates": [ 134.576671178479415, 7.335105400022091 ] } },
{ "type": "Feature", "properties": { "depth_m": 30.0, "evidence": "DEPCNT" }, "geometry": { "type": "Point", "coordinates": [ 134.57537178486271, 7.335084343381881 ] } },
{ "type": "Feature", "properties": { "depth_m": 30.0, "evidence": "DEPCNT" }, "geometry": { "type": "Point", "coordinates": [ 134.574642613080044, 7.334367776183957 ] } },
{ "type": "Feature", "properties": { "depth_m": 30.0, "evidence": "DEPCNT" }, "geometry": { "type": "Point", "coordinates": [ 134.575716128931333, 7.333866375163968 ] } },
{ "type": "Feature", "properties": { "depth_m": 30.0, "evidence": "DEPCNT" }, "geometry": { "type": "Point", "coordinates": [ 134.576536465659359, 7.333047262102448 ] } },
{ "type": "Feature", "properties": { "depth_m": 30.0, "evidence": "DEPCNT" }, "geometry": { "type": "Point", "coordinates": [ 134.577452977392738, 7.332156588473168 ] } },
{ "type": "Feature", "properties": { "depth_m": 30.0, "evidence": "DEPCNT" }, "geometry": { "type": "Point", "coordinates": [ 134.578064033563692, 7.332664171119774 ] } },
{ "type": "Feature", "properties": { "depth_m": 30.0, "evidence": "DEPCNT" }, "geometry": { "type": "Point", "coordinates": [ 134.579086386151488, 7.333072997857252 ] } },
{ "type": "Feature", "properties": { "depth_m": 30.0, "evidence": "DEPCNT" }, "geometry": { "type": "Point", "coordinates": [ 134.580351699335466, 7.33303315599448 ] } },
{ "type": "Feature", "properties": { "depth_m": 30.0, "evidence": "DEPCNT" }, "geometry": { "type": "Point", "coordinates": [ 134.581627969577852, 7.332915855618921 ] } },
{ "type": "Feature", "properties": { "depth_m": 30.0, "evidence": "DEPCNT" }, "geometry": { "type": "Point", "coordinates": [ 134.582662975036357, 7.332202120542822 ] } },
{ "type": "Feature", "properties": { "depth_m": 30.0, "evidence": "DEPCNT" }, "geometry": { "type": "Point", "coordinates": [ 134.583280585325014, 7.331112688882353 ] } },
{ "type": "Feature", "properties": { "depth_m": 30.0, "evidence": "DEPCNT" }, "geometry": { "type": "Point", "coordinates": [ 134.582831543355923, 7.329903906162516 ] } },
{ "type": "Feature", "properties": { "depth_m": 30.0, "evidence": "DEPCNT" }, "geometry": { "type": "Point", "coordinates": [ 134.582226994524916, 7.328839696642837 ] } },
{ "type": "Feature", "properties": { "depth_m": 30.0, "evidence": "DEPCNT" }, "geometry": { "type": "Point", "coordinates": [ 134.581043522516524, 7.329198575365101 ] } },
{ "type": "Feature", "properties": { "depth_m": 30.0, "evidence": "DEPCNT" }, "geometry": { "type": "Point", "coordinates": [ 134.579857358704601, 7.329023313298507 ] } },
{ "type": "Feature", "properties": { "depth_m": 30.0, "evidence": "DEPCNT" }, "geometry": { "type": "Point", "coordinates": [ 134.578651303207238, 7.328930008384152 ] } },
{ "type": "Feature", "properties": { "depth_m": 30.0, "evidence": "DEPCNT" }, "geometry": { "type": "Point", "coordinates": [ 134.579186847063454, 7.327900568986729 ] } },
{ "type": "Feature", "properties": { "depth_m": 30.0, "evidence": "DEPCNT" }, "geometry": { "type": "Point", "coordinates": [ 134.579025300000012, 7.3266363 ] } },
{ "type": "Feature", "properties": { "depth_m": 20.0, "evidence": "DEPCNT" }, "geometry": { "type": "Point", "coordinates": [ 134.5787354, 7.319272 ] } },
{ "type": "Feature", "properties": { "depth_m": 20.0, "evidence": "DEPCNT" }, "geometry": { "type": "Point", "coordinates": [ 134.579747848653881, 7.320022429687754 ] } },
{ "type": "Feature", "properties": { "depth_m": 20.0, "evidence": "DEPCNT" }, "geometry": { "type": "Point", "coordinates": [ 134.580589519814822, 7.321019375094552 ] } },
{ "type": "Feature", "properties": { "depth_m": 20.0, "evidence": "DEPCNT" }, "geometry": { "type": "Point", "coordinates": [ 134.581479196573554, 7.322011587557167 ] } },
{ "type": "Feature", "properties": { "depth_m": 20.0, "evidence": "DEPCNT" }, "geometry": { "type": "Point", "coordinates": [ 134.582538422641932, 7.322811914989033 ] } },
{ "type": "Feature", "properties": { "depth_m": 20.0, "evidence": "DEPCNT" }, "geometry": { "type": "Point", "coordinates": [ 134.58321763351563, 7.323929525004822 ] } },
{ "type": "Feature", "properties": { "depth_m": 20.0, "evidence": "DEPCNT" }, "geometry": { "type": "Point", "coordinates": [ 134.584030232722739, 7.324951663103191 ] } },
{ "type": "Feature", "properties": { "depth_m": 20.0, "evidence": "DEPCNT" }, "geometry": { "type": "Point", "coordinates": [ 134.583721140075198, 7.325995208127617 ] } },
{ "type": "Feature", "properties": { "depth_m": 20.0, "evidence": "DEPCNT" }, "geometry": { "type": "Point", "coordinates": [ 134.582887422351575, 7.326732146610424 ] } },
{ "type": "Feature", "properties": { "depth_m": 20.0, "evidence": "DEPCNT" }, "geometry": { "type": "Point", "coordinates": [ 134.582209898328415, 7.32765889444807 ] } },
{ "type": "Feature", "properties": { "depth_m": 20.0, "evidence": "DEPCNT" }, "geometry": { "type": "Point", "coordinates": [ 134.5810089, 7.3271999 ] } },
{ "type": "Feature", "properties": { "depth_m": 30.0, "evidence": "DEPCNT" }, "geometry": { "type": "Point", "coordinates": [ 134.5876007, 7.3460054 ] } },
{ "type": "Feature", "properties": { "depth_m": 30.0, "evidence": "DEPCNT" }, "geometry": { "type": "Point", "coordinates": [ 134.586314460690318, 7.345980102185813 ] } },
{ "type": "Feature", "properties": { "depth_m": 30.0, "evidence": "DEPCNT" }, "geometry": { "type": "Point", "coordinates": [ 134.585362353297995, 7.345270593552724 ] } },
{ "type": "Feature", "properties": { "depth_m": 30.0, "evidence": "DEPCNT" }, "geometry": { "type": "Point", "coordinates": [ 134.5849488527235, 7.344138891191959 ] } },
{ "type": "Feature", "properties": { "depth_m": 30.0, "evidence": "DEPCNT" }, "geometry": { "type": "Point", "coordinates": [ 134.585359405977272, 7.342916529017082 ] } },
{ "type": "Feature", "properties": { "depth_m": 30.0, "evidence": "DEPCNT" }, "geometry": { "type": "Point", "coordinates": [ 134.586612069086897, 7.342752838443674 ] } },
{ "type": "Feature", "properties": { "depth_m": 30.0, "evidence": "DEPCNT" }, "geometry": { "type": "Point", "coordinates": [ 134.587903204877591, 7.342639211546317 ] } },
{ "type": "Feature", "properties": { "depth_m": 30.0, "evidence": "DEPCNT" }, "geometry": { "type": "Point", "coordinates": [ 134.589193590160107, 7.342544600005442 ] } },
{ "type": "Feature", "properties": { "depth_m": 30.0, "evidence": "DEPCNT" }, "geometry": { "type": "Point", "coordinates": [ 134.590054776204909, 7.343370984795685 ] } },
{ "type": "Feature", "properties": { "depth_m": 30.0, "evidence": "DEPCNT" }, "geometry": { "type": "Point", "coordinates": [ 134.590148900000486, 7.344663618091168 ] } },
{ "type": "Feature", "properties": { "depth_m": 30.0, "evidence": "DEPCNT" }, "geometry": { "type": "Point", "coordinates": [ 134.58974604306519, 7.34587206452431 ] } },
{ "type": "Feature", "properties": { "depth_m": 30.0, "evidence": "DEPCNT" }, "geometry": { "type": "Point", "coordinates": [ 134.588727446758952, 7.346577600046542 ] } },
{ "type": "Feature", "properties": { "depth_m": 30.0, "evidence": "DEPCNT" }, "geometry": { "type": "Point", "coordinates": [ 134.5876007, 7.3460054 ] } },
{ "type": "Feature", "properties": { "depth_m": 50.0, "evidence": "DEPCNT" }, "geometry": { "type": "Point", "coordinates": [ 134.5916748, 7.332861 ] } },
{ "type": "Feature", "properties": { "depth_m": 50.0, "evidence": "DEPCNT" }, "geometry": { "type": "Point", "coordinates": [ 134.592935484261545, 7.3330798977835 ] } },
{ "type": "Feature", "properties": { "depth_m": 50.0, "evidence": "DEPCNT" }, "geometry": { "type": "Point", "coordinates": [ 134.593277, 7.3342028 ] } },
{ "type": "Feature", "properties": { "depth_m": 5.0, "evidence": "DEPCNT" }, "geometry": { "type": "Point", "coordinates": [ 134.5959168, 7.3542275 ] } },
{ "type": "Feature", "properties": { "depth_m": 5.0, "evidence": "DEPCNT" }, "geometry": { "type": "Point", "coordinates": [ 134.59557134240211, 7.353197769198789 ] } },
{ "type": "Feature", "properties": { "depth_m": 5.0, "evidence": "DEPCNT" }, "geometry": { "type": "Point", "coordinates": [ 134.594788204502635, 7.3524460348538 ] } },
{ "type": "Feature", "properties": { "depth_m": 5.0, "evidence": "DEPCNT" }, "geometry": { "type": "Point", "coordinates": [ 134.5939636, 7.3516946 ] } },
{ "type": "Feature", "properties": { "depth_m": 10.0, "evidence": "DEPCNT" }, "geometry": { "type": "Point", "coordinates": [ 134.594101, 7.3515554 ] } },
{ "type": "Feature", "properties": { "depth_m": 10.0, "evidence": "DEPCNT" }, "geometry": { "type": "Point", "coordinates": [ 134.595127883097433, 7.351927996761889 ] } },
{ "type": "Feature", "properties": { "depth_m": 10.0, "evidence": "DEPCNT" }, "geometry": { "type": "Point", "coordinates": [ 134.595685733253731, 7.352751606623387 ] } },
{ "type": "Feature", "properties": { "depth_m": 10.0, "evidence": "DEPCNT" }, "geometry": { "type": "Point", "coordinates": [ 134.596441660048157, 7.353576808877496 ] } },
{ "type": "Feature", "properties": { "depth_m": 10.0, "evidence": "DEPCNT" }, "geometry": { "type": "Point", "coordinates": [ 134.5963898, 7.35465 ] } },
{ "type": "Feature", "properties": { "depth_m": 10.0, "evidence": "DEPCNT" }, "geometry": { "type": "Point", "coordinates": [ 134.6012878, 7.3586249 ] } },
{ "type": "Feature", "properties": { "depth_m": 10.0, "evidence": "DEPCNT" }, "geometry": { "type": "Point", "coordinates": [ 134.602264660101639, 7.359262254013467 ] } },
{ "type": "Feature", "properties": { "depth_m": 10.0, "evidence": "DEPCNT" }, "geometry": { "type": "Point", "coordinates": [ 134.603046099918402, 7.360111591608006 ] } },
{ "type": "Feature", "properties": { "depth_m": 10.0, "evidence": "DEPCNT" }, "geometry": { "type": "Point", "coordinates": [ 134.603363, 7.3612332 ] } },
{ "type": "Feature", "properties": { "depth_m": 10.0, "evidence": "DEPCNT" }, "geometry": { "type": "Point", "coordinates": [ 134.6026154, 7.3462639 ] } },
{ "type": "Feature", "properties": { "depth_m": 10.0, "evidence": "DEPCNT" }, "geometry": { "type": "Point", "coordinates": [ 134.603601930951356, 7.346749666179693 ] } },
{ "type": "Feature", "properties": { "depth_m": 10.0, "evidence": "DEPCNT" }, "geometry": { "type": "Point", "coordinates": [ 134.603094010510034, 7.347694013468658 ] } },
{ "type": "Feature", "properties": { "depth_m": 10.0, "evidence": "DEPCNT" }, "geometry": { "type": "Point", "coordinates": [ 134.602258311460218, 7.347750186113934 ] } },
{ "type": "Feature", "properties": { "depth_m": 10.0, "evidence": "DEPCNT" }, "geometry": { "type": "Point", "coordinates": [ 134.601706065866921, 7.346812819256592 ] } },
{ "type": "Feature", "properties": { "depth_m": 10.0, "evidence": "DEPCNT" }, "geometry": { "type": "Point", "coordinates": [ 134.6026154, 7.3462639 ] } },
{ "type": "Feature", "properties": { "depth_m": 5.0, "evidence": "DEPCNT" }, "geometry": { "type": "Point", "coordinates": [ 134.602813700000013, 7.3666363 ] } },
{ "type": "Feature", "properties": { "depth_m": 5.0, "evidence": "DEPCNT" }, "geometry": { "type": "Point", "coordinates": [ 134.603694599529035, 7.367003419173315 ] } },
{ "type": "Feature", "properties": { "depth_m": 5.0, "evidence": "DEPCNT" }, "geometry": { "type": "Point", "coordinates": [ 134.603391469335264, 7.367847424504489 ] } },
{ "type": "Feature", "properties": { "depth_m": 5.0, "evidence": "DEPCNT" }, "geometry": { "type": "Point", "coordinates": [ 134.602548752713972, 7.367484921740349 ] } },
{ "type": "Feature", "properties": { "depth_m": 5.0, "evidence": "DEPCNT" }, "geometry": { "type": "Point", "coordinates": [ 134.602813700000013, 7.3666363 ] } },
{ "type": "Feature", "properties": { "depth_m": 50.0, "evidence": "DEPCNT" }, "geometry": { "type": "Point", "coordinates": [ 134.5981751, 7.3380694 ] } },
{ "type": "Feature", "properties": { "depth_m": 50.0, "evidence": "DEPCNT" }, "geometry": { "type": "Point", "coordinates": [ 134.599410908087805, 7.338385743404561 ] } },
{ "type": "Feature", "properties": { "depth_m": 50.0, "evidence": "DEPCNT" }, "geometry": { "type": "Point", "coordinates": [ 134.60050656880631, 7.339019306999465 ] } },
{ "type": "Feature", "properties": { "depth_m": 50.0, "evidence": "DEPCNT" }, "geometry": { "type": "Point", "coordinates": [ 134.601383580298119, 7.339951192509246 ] } },
{ "type": "Feature", "properties": { "depth_m": 50.0, "evidence": "DEPCNT" }, "geometry": { "type": "Point", "coordinates": [ 134.602358632589898, 7.340777354575271 ] } },
{ "type": "Feature", "properties": { "depth_m": 50.0, "evidence": "DEPCNT" }, "geometry": { "type": "Point", "coordinates": [ 134.603358808989213, 7.341571687506898 ] } },
{ "type": "Feature", "properties": { "depth_m": 50.0, "evidence": "DEPCNT" }, "geometry": { "type": "Point", "coordinates": [ 134.60434622728576, 7.342384925973493 ] } },
{ "type": "Feature", "properties": { "depth_m": 50.0, "evidence": "DEPCNT" }, "geometry": { "type": "Point", "coordinates": [ 134.605164513167466, 7.343351920449541 ] } },
{ "type": "Feature", "properties": { "depth_m": 50.0, "evidence": "DEPCNT" }, "geometry": { "type": "Point", "coordinates": [ 134.606000592145506, 7.344314460073731 ] } },
{ "type": "Feature", "properties": { "depth_m": 50.0, "evidence": "DEPCNT" }, "geometry": { "type": "Point", "coordinates": [ 134.606952493031542, 7.345151850515389 ] } },
{ "type": "Feature", "properties": { "depth_m": 50.0, "evidence": "DEPCNT" }, "geometry": { "type": "Point", "coordinates": [ 134.608127173799346, 7.345656911362117 ] } },
{ "type": "Feature", "properties": { "depth_m": 50.0, "evidence": "DEPCNT" }, "geometry": { "type": "Point", "coordinates": [ 134.609044296220503, 7.346504409155543 ] } },
{ "type": "Feature", "properties": { "depth_m": 50.0, "evidence": "DEPCNT" }, "geometry": { "type": "Point", "coordinates": [ 134.610007545918961, 7.34734701752167 ] } },
{ "type": "Feature", "properties": { "depth_m": 50.0, "evidence": "DEPCNT" }, "geometry": { "type": "Point", "coordinates": [ 134.610997349469216, 7.348155674509312 ] } },
{ "type": "Feature", "properties": { "depth_m": 50.0, "evidence": "DEPCNT" }, "geometry": { "type": "Point", "coordinates": [ 134.611640145690245, 7.349235888066278 ] } },
{ "type": "Feature", "properties": { "depth_m": 50.0, "evidence": "DEPCNT" }, "geometry": { "type": "Point", "coordinates": [ 134.611801200003413, 7.350499526769235 ] } },
{ "type": "Feature", "properties": { "depth_m": 50.0, "evidence": "DEPCNT" }, "geometry": { "type": "Point", "coordinates": [ 134.61183170000001, 7.3517776 ] } },
{ "type": "Feature", "properties": { "depth_m": 20.0, "evidence": "DEPCNT" }, "geometry": { "type": "Point", "coordinates": [ 134.6091461, 7.3496165 ] } },
{ "type": "Feature", "properties": { "depth_m": 20.0, "evidence": "DEPCNT" }, "geometry": { "type": "Point", "coordinates": [ 134.610272383663528, 7.35029221034337 ] } },
{ "type": "Feature", "properties": { "depth_m": 20.0, "evidence": "DEPCNT" }, "geometry": { "type": "Point", "coordinates": [ 134.611166941783466, 7.351255864239385 ] } },
{ "type": "Feature", "properties": { "depth_m": 20.0, "evidence": "DEPCNT" }, "geometry": { "type": "Point", "coordinates": [ 134.611944337254755, 7.352321440876149 ] } },
{ "type": "Feature", "properties": { "depth_m": 20.0, "evidence": "DEPCNT" }, "geometry": { "type": "Point", "coordinates": [ 134.612816862011385, 7.353311652562837 ] } },
{ "type": "Feature", "properties": { "depth_m": 20.0, "evidence": "DEPCNT" }, "geometry": { "type": "Point", "coordinates": [ 134.613720240728895, 7.35426960183395 ] } },
{ "type": "Feature", "properties": { "depth_m": 20.0, "evidence": "DEPCNT" }, "geometry": { "type": "Point", "coordinates": [ 134.614770093344077, 7.355070733733162 ] } },
{ "type": "Feature", "properties": { "depth_m": 20.0, "evidence": "DEPCNT" }, "geometry": { "type": "Point", "coordinates": [ 134.61586817087624, 7.355804998487536 ] } },
{ "type": "Feature", "properties": { "depth_m": 20.0, "evidence": "DEPCNT" }, "geometry": { "type": "Point", "coordinates": [ 134.616966252094898, 7.356539260714761 ] } },
{ "type": "Feature", "properties": { "depth_m": 20.0, "evidence": "DEPCNT" }, "geometry": { "type": "Point", "coordinates": [ 134.61803338822827, 7.357317273854305 ] } },
{ "type": "Feature", "properties": { "depth_m": 20.0, "evidence": "DEPCNT" }, "geometry": { "type": "Point", "coordinates": [ 134.619117440654747, 7.358070535681625 ] } },
{ "type": "Feature", "properties": { "depth_m": 20.0, "evidence": "DEPCNT" }, "geometry": { "type": "Point", "coordinates": [ 134.62008040578101, 7.358971043826728 ] } },
{ "type": "Feature", "properties": { "depth_m": 20.0, "evidence": "DEPCNT" }, "geometry": { "type": "Point", "coordinates": [ 134.620913471470573, 7.359989784526522 ] } },
{ "type": "Feature", "properties": { "depth_m": 20.0, "evidence": "DEPCNT" }, "geometry": { "type": "Point", "coordinates": [ 134.621499872355855, 7.361168144872277 ] } },
{ "type": "Feature", "properties": { "depth_m": 20.0, "evidence": "DEPCNT" }, "geometry": { "type": "Point", "coordinates": [ 134.6222229, 7.3622637 ] } },
{ "type": "Feature", "properties": { "depth_m": 50.0, "evidence": "DEPCNT" }, "geometry": { "type": "Point", "coordinates": [ 134.623840300000012, 7.3635111 ] } },
{ "type": "Feature", "properties": { "depth_m": 50.0, "evidence": "DEPCNT" }, "geometry": { "type": "Point", "coordinates": [ 134.624051491835843, 7.362195762419987 ] } },
{ "type": "Feature", "properties": { "depth_m": 50.0, "evidence": "DEPCNT" }, "geometry": { "type": "Point", "coordinates": [ 134.624294496611952, 7.360899367488737 ] } },
{ "type": "Feature", "properties": { "depth_m": 50.0, "evidence": "DEPCNT" }, "geometry": { "type": "Point", "coordinates": [ 134.623641171677008, 7.359760450429124 ] } },
{ "type": "Feature", "properties": { "depth_m": 50.0, "evidence": "DEPCNT" }, "geometry": { "type": "Point", "coordinates": [ 134.622676135454185, 7.358815406426689 ] } },
{ "type": "Feature", "properties": { "depth_m": 50.0, "evidence": "DEPCNT" }, "geometry": { "type": "Point", "coordinates": [ 134.621884471323057, 7.357762639208432 ] } },
{ "type": "Feature", "properties": { "depth_m": 50.0, "evidence": "DEPCNT" }, "geometry": { "type": "Point", "coordinates": [ 134.621284121675359, 7.356562443886508 ] } },
{ "type": "Feature", "properties": { "depth_m": 50.0, "evidence": "DEPCNT" }, "geometry": { "type": "Point", "coordinates": [ 134.620456291542069, 7.355509572113713 ] } },
{ "type": "Feature", "properties": { "depth_m": 50.0, "evidence": "DEPCNT" }, "geometry": { "type": "Point", "coordinates": [ 134.619406711043212, 7.354659764785249 ] } },
{ "type": "Feature", "properties": { "depth_m": 50.0, "evidence": "DEPCNT" }, "geometry": { "type": "Point", "coordinates": [ 134.6183449597346, 7.353827964750872 ] } },
{ "type": "Feature", "properties": { "depth_m": 50.0, "evidence": "DEPCNT" }, "geometry": { "type": "Point", "coordinates": [ 134.617181867839747, 7.353142170121707 ] } },
{ "type": "Feature", "properties": { "depth_m": 50.0, "evidence": "DEPCNT" }, "geometry": { "type": "Point", "coordinates": [ 134.615874704622229, 7.352815750755021 ] } },
{ "type": "Feature", "properties": { "depth_m": 50.0, "evidence": "DEPCNT" }, "geometry": { "type": "Point", "coordinates": [ 134.61454014352546, 7.352749909206365 ] } },
{ "type": "Feature", "properties": { "depth_m": 50.0, "evidence": "DEPCNT" }, "geometry": { "type": "Point", "coordinates": [ 134.613205, 7.3529582 ] } },
{ "type": "Feature", "properties": { "depth_m": 5.0, "evidence": "DEPCNT" }, "geometry": { "type": "Point", "coordinates": [ 134.4899139, 7.3938665 ] } },
{ "type": "Feature", "properties": { "depth_m": 5.0, "evidence": "DEPCNT" }, "geometry": { "type": "Point", "coordinates": [ 134.4901123, 7.3926806 ] } },
{ "type": "Feature", "properties": { "depth_m": 10.0, "evidence": "DEPCNT" }, "geometry": { "type": "Point", "coordinates": [ 134.489593500000012, 7.3819056 ] } },
{ "type": "Feature", "properties": { "depth_m": 10.0, "evidence": "DEPCNT" }, "geometry": { "type": "Point", "coordinates": [ 134.489978639355911, 7.381175837749078 ] } },
{ "type": "Feature", "properties": { "depth_m": 10.0, "evidence": "DEPCNT" }, "geometry": { "type": "Point", "coordinates": [ 134.49023440000002, 7.3803887 ] } },
{ "type": "Feature", "properties": { "depth_m": 5.0, "evidence": "DEPCNT" }, "geometry": { "type": "Point", "coordinates": [ 134.4950714, 7.4026752 ] } },
{ "type": "Feature", "properties": { "depth_m": 5.0, "evidence": "DEPCNT" }, "geometry": { "type": "Point", "coordinates": [ 134.4955902, 7.402678 ] } },
{ "type": "Feature", "properties": { "depth_m": 20.0, "evidence": "DEPCNT" }, "geometry": { "type": "Point", "coordinates": [ 134.4958038, 7.3690305 ] } },
{ "type": "Feature", "properties": { "depth_m": 20.0, "evidence": "DEPCNT" }, "geometry": { "type": "Point", "coordinates": [ 134.495968561719309, 7.367957204572194 ] } },
{ "type": "Feature", "properties": { "depth_m": 20.0, "evidence": "DEPCNT" }, "geometry": { "type": "Point", "coordinates": [ 134.4962616, 7.3669696 ] } },
{ "type": "Feature", "properties": { "depth_m": 20.0, "evidence": "DEPCNT" }, "geometry": { "type": "Point", "coordinates": [ 134.5044403, 7.292675 ] } },
{ "type": "Feature", "properties": { "depth_m": 20.0, "evidence": "DEPCNT" }, "geometry": { "type": "Point", "coordinates": [ 134.505261977908361, 7.292972456172093 ] } },
{ "type": "Feature", "properties": { "depth_m": 20.0, "evidence": "DEPCNT" }, "geometry": { "type": "Point", "coordinates": [ 134.504678979061879, 7.293429380751248 ] } },
{ "type": "Feature", "properties": { "depth_m": 20.0, "evidence": "DEPCNT" }, "geometry": { "type": "Point", "coordinates": [ 134.5044403, 7.292675 ] } },
{ "type": "Feature", "properties": { "depth_m": 10.0, "evidence": "DEPCNT" }, "geometry": { "type": "Point", "coordinates": [ 134.515548700000011, 7.2926054 ] } },
{ "type": "Feature", "properties": { "depth_m": 10.0, "evidence": "DEPCNT" }, "geometry": { "type": "Point", "coordinates": [ 134.5145721, 7.2923193 ] } },
{ "type": "Feature", "properties": { "depth_m": 20.0, "evidence": "DEPCNT" }, "geometry": { "type": "Point", "coordinates": [ 134.5153503, 7.3440971 ] } },
{ "type": "Feature", "properties": { "depth_m": 20.0, "evidence": "DEPCNT" }, "geometry": { "type": "Point", "coordinates": [ 134.515634594880368, 7.344960919506531 ] } },
{ "type": "Feature", "properties": { "depth_m": 20.0, "evidence": "DEPCNT" }, "geometry": { "type": "Point", "coordinates": [ 134.5162506, 7.344286 ] } },
{ "type": "Feature", "properties": { "depth_m": 10.0, "evidence": "DEPCNT" }, "geometry": { "type": "Point", "coordinates": [ 134.5165558, 7.2921557 ] } },
{ "type": "Feature", "properties": { "depth_m": 10.0, "evidence": "DEPCNT" }, "geometry": { "type": "Point", "coordinates": [ 134.5171814, 7.2920194 ] } },
{ "type": "Feature", "properties": { "depth_m": 5.0, "evidence": "DEPCNT" }, "geometry": { "type": "Point", "coordinates": [ 134.516876200000013, 7.3031278 ] } },
{ "type": "Feature", "properties": { "depth_m": 5.0, "evidence": "DEPCNT" }, "geometry": { "type": "Point", "coordinates": [ 134.517686286997701, 7.302822761438545 ] } },
{ "type": "Feature", "properties": { "depth_m": 5.0, "evidence": "DEPCNT" }, "geometry": { "type": "Point", "coordinates": [ 134.518217517352412, 7.303324050010633 ] } },
{ "type": "Feature", "properties": { "depth_m": 5.0, "evidence": "DEPCNT" }, "geometry": { "type": "Point", "coordinates": [ 134.5174103, 7.3037305 ] } },
{ "type": "Feature", "properties": { "depth_m": 100.0, "evidence": "DEPCNT" }, "geometry": { "type": "Point", "coordinates": [ 134.523407, 7.2744417 ] } },
{ "type": "Feature", "properties": { "depth_m": 100.0, "evidence": "DEPCNT" }, "geometry": { "type": "Point", "coordinates": [ 134.522372391225389, 7.273611151204771 ] } },
{ "type": "Feature", "properties": { "depth_m": 100.0, "evidence": "DEPCNT" }, "geometry": { "type": "Point", "coordinates": [ 134.521672410644527, 7.272476116744516 ] } },
{ "type": "Feature", "properties": { "depth_m": 100.0, "evidence": "DEPCNT" }, "geometry": { "type": "Point", "coordinates": [ 134.521231450364354, 7.271245180053969 ] } },
{ "type": "Feature", "properties": { "depth_m": 100.0, "evidence": "DEPCNT" }, "geometry": { "type": "Point", "coordinates": [ 134.520766815891022, 7.269992273613356 ] } },
{ "type": "Feature", "properties": { "depth_m": 100.0, "evidence": "DEPCNT" }, "geometry": { "type": "Point", "coordinates": [ 134.520268910764059, 7.268749947593653 ] } },
{ "type": "Feature", "properties": { "depth_m": 100.0, "evidence": "DEPCNT" }, "geometry": { "type": "Point", "coordinates": [ 134.519656428259708, 7.267565952378257 ] } },
{ "type": "Feature", "properties": { "depth_m": 100.0, "evidence": "DEPCNT" }, "geometry": { "type": "Point", "coordinates": [ 134.519412537340628, 7.266255381071639 ] } },
{ "type": "Feature", "properties": { "depth_m": 100.0, "evidence": "DEPCNT" }, "geometry": { "type": "Point", "coordinates": [ 134.518906242218264, 7.26502448426401 ] } },
{ "type": "Feature", "properties": { "depth_m": 100.0, "evidence": "DEPCNT" }, "geometry": { "type": "Point", "coordinates": [ 134.518537068616865, 7.263751594519713 ] } },
{ "type": "Feature", "properties": { "depth_m": 100.0, "evidence": "DEPCNT" }, "geometry": { "type": "Point", "coordinates": [ 134.518325800000014, 7.2624388 ] } },
{ "type": "Feature", "properties": { "depth_m": 20.0, "evidence": "DEPCNT" }, "geometry": { "type": "Point", "coordinates": [ 134.524200400000012, 7.3282805 ] } },
{ "type": "Feature", "properties": { "depth_m": 20.0, "evidence": "DEPCNT" }, "geometry": { "type": "Point", "coordinates": [ 134.523078459815792, 7.328698163763501 ] } },
{ "type": "Feature", "properties": { "depth_m": 20.0, "evidence": "DEPCNT" }, "geometry": { "type": "Point", "coordinates": [ 134.5235291, 7.3297081 ] } },
{ "type": "Feature", "properties": { "depth_m": 10.0, "evidence": "DEPCNT" }, "geometry": { "type": "Point", "coordinates": [ 134.5014496, 7.2904582 ] } },
{ "type": "Feature", "properties": { "depth_m": 10.0, "evidence": "DEPCNT" }, "geometry": { "type": "Point", "coordinates": [ 134.500319857923671, 7.289795769423665 ] } },
{ "type": "Feature", "properties": { "depth_m": 10.0, "evidence": "DEPCNT" }, "geometry": { "type": "Point", "coordinates": [ 134.499954200000445, 7.288609247253623 ] } },
{ "type": "Feature", "properties": { "depth_m": 10.0, "evidence": "DEPCNT" }, "geometry": { "type": "Point", "coordinates": [ 134.499465900000274, 7.287440225169859 ] } },
{ "type": "Feature", "properties": { "depth_m": 10.0, "evidence": "DEPCNT" }, "geometry": { "type": "Point", "coordinates": [ 134.500335814193164, 7.2870750000201 ] } },
{ "type": "Feature", "properties": { "depth_m": 10.0, "evidence": "DEPCNT" }, "geometry": { "type": "Point", "coordinates": [ 134.50148641779964, 7.286563698943448 ] } },
{ "type": "Feature", "properties": { "depth_m": 10.0, "evidence": "DEPCNT" }, "geometry": { "type": "Point", "coordinates": [ 134.502030548046292, 7.285387445877038 ] } },
{ "type": "Feature", "properties": { "depth_m": 10.0, "evidence": "DEPCNT" }, "geometry": { "type": "Point", "coordinates": [ 134.502891014806778, 7.28551648483867 ] } },
{ "type": "Feature", "properties": { "depth_m": 10.0, "evidence": "DEPCNT" }, "geometry": { "type": "Point", "coordinates": [ 134.503329616058295, 7.28673920745116 ] } },
{ "type": "Feature", "properties": { "depth_m": 10.0, "evidence": "DEPCNT" }, "geometry": { "type": "Point", "coordinates": [ 134.504313945478003, 7.287544099928902 ] } },
{ "type": "Feature", "properties": { "depth_m": 10.0, "evidence": "DEPCNT" }, "geometry": { "type": "Point", "coordinates": [ 134.505275708929389, 7.28831267962912 ] } },
{ "type": "Feature", "properties": { "depth_m": 10.0, "evidence": "DEPCNT" }, "geometry": { "type": "Point", "coordinates": [ 134.506140622759233, 7.288760262395027 ] } },
{ "type": "Feature", "properties": { "depth_m": 10.0, "evidence": "DEPCNT" }, "geometry": { "type": "Point", "coordinates": [ 134.506925340887818, 7.287718817524699 ] } },
{ "type": "Feature", "properties": { "depth_m": 10.0, "evidence": "DEPCNT" }, "geometry": { "type": "Point", "coordinates": [ 134.507857395158794, 7.287056537252584 ] } },
{ "type": "Feature", "properties": { "depth_m": 10.0, "evidence": "DEPCNT" }, "geometry": { "type": "Point", "coordinates": [ 134.508578371982992, 7.287948253500256 ] } },
{ "type": "Feature", "properties": { "depth_m": 10.0, "evidence": "DEPCNT" }, "geometry": { "type": "Point", "coordinates": [ 134.507953431258727, 7.288960017665699 ] } },
{ "type": "Feature", "properties": { "depth_m": 10.0, "evidence": "DEPCNT" }, "geometry": { "type": "Point", "coordinates": [ 134.509114159950968, 7.2895003156272 ] } },
{ "type": "Feature", "properties": { "depth_m": 10.0, "evidence": "DEPCNT" }, "geometry": { "type": "Point", "coordinates": [ 134.510428333519229, 7.289429742168791 ] } },
{ "type": "Feature", "properties": { "depth_m": 10.0, "evidence": "DEPCNT" }, "geometry": { "type": "Point", "coordinates": [ 134.51171405002836, 7.28918099686578 ] } },
{ "type": "Feature", "properties": { "depth_m": 10.0, "evidence": "DEPCNT" }, "geometry": { "type": "Point", "coordinates": [ 134.512936489940188, 7.289366659825799 ] } },
{ "type": "Feature", "properties": { "depth_m": 10.0, "evidence": "DEPCNT" }, "geometry": { "type": "Point", "coordinates": [ 134.514087972473817, 7.289978889706791 ] } },
{ "type": "Feature", "properties": { "depth_m": 10.0, "evidence": "DEPCNT" }, "geometry": { "type": "Point", "coordinates": [ 134.514711789272241, 7.291112501679255 ] } },
{ "type": "Feature", "properties": { "depth_m": 10.0, "evidence": "DEPCNT" }, "geometry": { "type": "Point", "coordinates": [ 134.515960711865432, 7.291129773634642 ] } },
{ "type": "Feature", "properties": { "depth_m": 10.0, "evidence": "DEPCNT" }, "geometry": { "type": "Point", "coordinates": [ 134.517172072485977, 7.290777336983465 ] } },
{ "type": "Feature", "properties": { "depth_m": 10.0, "evidence": "DEPCNT" }, "geometry": { "type": "Point", "coordinates": [ 134.518399752008207, 7.290319383556395 ] } },
{ "type": "Feature", "properties": { "depth_m": 10.0, "evidence": "DEPCNT" }, "geometry": { "type": "Point", "coordinates": [ 134.519565406726002, 7.289791600006425 ] } },
{ "type": "Feature", "properties": { "depth_m": 10.0, "evidence": "DEPCNT" }, "geometry": { "type": "Point", "coordinates": [ 134.520810309299861, 7.289477556671568 ] } },
{ "type": "Feature", "properties": { "depth_m": 10.0, "evidence": "DEPCNT" }, "geometry": { "type": "Point", "coordinates": [ 134.521959963753829, 7.288849429253366 ] } },
{ "type": "Feature", "properties": { "depth_m": 10.0, "evidence": "DEPCNT" }, "geometry": { "type": "Point", "coordinates": [ 134.523170998917834, 7.288391236768995 ] } },
{ "type": "Feature", "properties": { "depth_m": 10.0, "evidence": "DEPCNT" }, "geometry": { "type": "Point", "coordinates": [ 134.524327149664742, 7.287823597141459 ] } },
{ "type": "Feature", "properties": { "depth_m": 10.0, "evidence": "DEPCNT" }, "geometry": { "type": "Point", "coordinates": [ 134.5254517, 7.2871943 ] } },
{ "type": "Feature", "properties": { "depth_m": 2.0, "evidence": "DEPCNT" }, "geometry": { "type": "Point", "coordinates": [ 134.526718100000011, 7.3364081 ] } },
{ "type": "Feature", "properties": { "depth_m": 2.0, "evidence": "DEPCNT" }, "geometry": { "type": "Point", "coordinates": [ 134.5269013, 7.3365054 ] } },
{ "type": "Feature", "properties": { "depth_m": 2.0, "evidence": "DEPCNT" }, "geometry": { "type": "Point", "coordinates": [ 134.5270691, 7.3373585 ] } },
{ "type": "Feature", "properties": { "depth_m": 2.0, "evidence": "DEPCNT" }, "geometry": { "type": "Point", "coordinates": [ 134.526183942520191, 7.337138728980246 ] } },
{ "type": "Feature", "properties": { "depth_m": 2.0, "evidence": "DEPCNT" }, "geometry": { "type": "Point", "coordinates": [ 134.525787400000041, 7.3365831 ] } },
{ "type": "Feature", "properties": { "depth_m": 20.0, "evidence": "DEPCNT" }, "geometry": { "type": "Point", "coordinates": [ 134.5270844, 7.3362308 ] } },
{ "type": "Feature", "properties": { "depth_m": 20.0, "evidence": "DEPCNT" }, "geometry": { "type": "Point", "coordinates": [ 134.5271301, 7.3359585 ] } },
{ "type": "Feature", "properties": { "depth_m": 10.0, "evidence": "DEPCNT" }, "geometry": { "type": "Point", "coordinates": [ 134.5309753, 7.3404946 ] } },
{ "type": "Feature", "properties": { "depth_m": 10.0, "evidence": "DEPCNT" }, "geometry": { "type": "Point", "coordinates": [ 134.530578600000013, 7.339325 ] } },
{ "type": "Feature", "properties": { "depth_m": 2.0, "evidence": "DEPCNT" }, "geometry": { "type": "Point", "coordinates": [ 134.538958799999989, 7.2876364 ] } },
{ "type": "Feature", "properties": { "depth_m": 2.0, "evidence": "DEPCNT" }, "geometry": { "type": "Point", "coordinates": [ 134.539407095895541, 7.286752290344371 ] } },
{ "type": "Feature", "properties": { "depth_m": 2.0, "evidence": "DEPCNT" }, "geometry": { "type": "Point", "coordinates": [ 134.538407597955398, 7.286984709831412 ] } },
{ "type": "Feature", "properties": { "depth_m": 2.0, "evidence": "DEPCNT" }, "geometry": { "type": "Point", "coordinates": [ 134.538958799999989, 7.2876364 ] } },
{ "type": "Feature", "properties": { "depth_m": 30.0, "evidence": "DEPCNT" }, "geometry": { "type": "Point", "coordinates": [ 134.5473868, 7.3204902 ] } },
{ "type": "Feature", "properties": { "depth_m": 30.0, "evidence": "DEPCNT" }, "geometry": { "type": "Point", "coordinates": [ 134.547379192032309, 7.319958127523302 ] } },
{ "type": "Feature", "properties": { "depth_m": 30.0, "evidence": "DEPCNT" }, "geometry": { "type": "Point", "coordinates": [ 134.5473868, 7.3204902 ] } },
{ "type": "Feature", "properties": { "depth_m": 30.0, "evidence": "DEPCNT" }, "geometry": { "type": "Point", "coordinates": [ 134.5490723, 7.3058167 ] } },
{ "type": "Feature", "properties": { "depth_m": 30.0, "evidence": "DEPCNT" }, "geometry": { "type": "Point", "coordinates": [ 134.549691007542975, 7.306438429743491 ] } },
{ "type": "Feature", "properties": { "depth_m": 30.0, "evidence": "DEPCNT" }, "geometry": { "type": "Point", "coordinates": [ 134.549963845297498, 7.305595212754236 ] } },
{ "type": "Feature", "properties": { "depth_m": 30.0, "evidence": "DEPCNT" }, "geometry": { "type": "Point", "coordinates": [ 134.5490723, 7.3058167 ] } },
{ "type": "Feature", "properties": { "depth_m": 10.0, "evidence": "DEPCNT" }, "geometry": { "type": "Point", "coordinates": [ 134.553176900000011, 7.3048248 ] } },
{ "type": "Feature", "properties": { "depth_m": 10.0, "evidence": "DEPCNT" }, "geometry": { "type": "Point", "coordinates": [ 134.552180243060491, 7.304284489899348 ] } },
{ "type": "Feature", "properties": { "depth_m": 10.0, "evidence": "DEPCNT" }, "geometry": { "type": "Point", "coordinates": [ 134.551023404718677, 7.304492935920275 ] } },
{ "type": "Feature", "properties": { "depth_m": 10.0, "evidence": "DEPCNT" }, "geometry": { "type": "Point", "coordinates": [ 134.551077739599378, 7.305613809162629 ] } },
{ "type": "Feature", "properties": { "depth_m": 10.0, "evidence": "DEPCNT" }, "geometry": { "type": "Point", "coordinates": [ 134.551802238282477, 7.306548225466433 ] } },
{ "type": "Feature", "properties": { "depth_m": 10.0, "evidence": "DEPCNT" }, "geometry": { "type": "Point", "coordinates": [ 134.552741009365235, 7.30700969138448 ] } },
{ "type": "Feature", "properties": { "depth_m": 10.0, "evidence": "DEPCNT" }, "geometry": { "type": "Point", "coordinates": [ 134.55331846998007, 7.306004273876183 ] } },
{ "type": "Feature", "properties": { "depth_m": 10.0, "evidence": "DEPCNT" }, "geometry": { "type": "Point", "coordinates": [ 134.553176900000011, 7.3048248 ] } },
{ "type": "Feature", "properties": { "depth_m": 10.0, "evidence": "DEPCNT" }, "geometry": { "type": "Point", "coordinates": [ 134.550537100000014, 7.2985249 ] } },
{ "type": "Feature", "properties": { "depth_m": 10.0, "evidence": "DEPCNT" }, "geometry": { "type": "Point", "coordinates": [ 134.55082566711917, 7.297306193386891 ] } },
{ "type": "Feature", "properties": { "depth_m": 10.0, "evidence": "DEPCNT" }, "geometry": { "type": "Point", "coordinates": [ 134.551439627013792, 7.296183763190616 ] } },
{ "type": "Feature", "properties": { "depth_m": 10.0, "evidence": "DEPCNT" }, "geometry": { "type": "Point", "coordinates": [ 134.55252881348045, 7.295628602334284 ] } },
{ "type": "Feature", "properties": { "depth_m": 10.0, "evidence": "DEPCNT" }, "geometry": { "type": "Point", "coordinates": [ 134.553785299252837, 7.295590047348618 ] } },
{ "type": "Feature", "properties": { "depth_m": 10.0, "evidence": "DEPCNT" }, "geometry": { "type": "Point", "coordinates": [ 134.553788351217349, 7.294462969149336 ] } },
{ "type": "Feature", "properties": { "depth_m": 10.0, "evidence": "DEPCNT" }, "geometry": { "type": "Point", "coordinates": [ 134.552706115174345, 7.29380132624805 ] } },
{ "type": "Feature", "properties": { "depth_m": 10.0, "evidence": "DEPCNT" }, "geometry": { "type": "Point", "coordinates": [ 134.551459136319181, 7.293508500021577 ] } },
{ "type": "Feature", "properties": { "depth_m": 10.0, "evidence": "DEPCNT" }, "geometry": { "type": "Point", "coordinates": [ 134.550288460487138, 7.293899911189428 ] } },
{ "type": "Feature", "properties": { "depth_m": 10.0, "evidence": "DEPCNT" }, "geometry": { "type": "Point", "coordinates": [ 134.549523515976205, 7.294907232855942 ] } },
{ "type": "Feature", "properties": { "depth_m": 10.0, "evidence": "DEPCNT" }, "geometry": { "type": "Point", "coordinates": [ 134.548584, 7.2956581 ] } },
{ "type": "Feature", "properties": { "depth_m": 30.0, "evidence": "DEPCNT" }, "geometry": { "type": "Point", "coordinates": [ 134.559326199999987, 7.3257942 ] } },
{ "type": "Feature", "properties": { "depth_m": 30.0, "evidence": "DEPCNT" }, "geometry": { "type": "Point", "coordinates": [ 134.560307196824766, 7.326279723496863 ] } },
{ "type": "Feature", "properties": { "depth_m": 30.0, "evidence": "DEPCNT" }, "geometry": { "type": "Point", "coordinates": [ 134.560686977816118, 7.327217848421176 ] } },
{ "type": "Feature", "properties": { "depth_m": 30.0, "evidence": "DEPCNT" }, "geometry": { "type": "Point", "coordinates": [ 134.559699577568466, 7.327234147358909 ] } },
{ "type": "Feature", "properties": { "depth_m": 30.0, "evidence": "DEPCNT" }, "geometry": { "type": "Point", "coordinates": [ 134.558833737081301, 7.326491207528532 ] } },
{ "type": "Feature", "properties": { "depth_m": 30.0, "evidence": "DEPCNT" }, "geometry": { "type": "Point", "coordinates": [ 134.559326199999987, 7.3257942 ] } },
{ "type": "Feature", "properties": { "depth_m": 5.0, "evidence": "DEPCNT" }, "geometry": { "type": "Point", "coordinates": [ 134.5608215, 7.3104944 ] } },
{ "type": "Feature", "properties": { "depth_m": 5.0, "evidence": "DEPCNT" }, "geometry": { "type": "Point", "coordinates": [ 134.561615033854906, 7.310910547906572 ] } },
{ "type": "Feature", "properties": { "depth_m": 5.0, "evidence": "DEPCNT" }, "geometry": { "type": "Point", "coordinates": [ 134.560637232706483, 7.311486962092741 ] } },
{ "type": "Feature", "properties": { "depth_m": 5.0, "evidence": "DEPCNT" }, "geometry": { "type": "Point", "coordinates": [ 134.559875500000715, 7.310943785603237 ] } },
{ "type": "Feature", "properties": { "depth_m": 5.0, "evidence": "DEPCNT" }, "geometry": { "type": "Point", "coordinates": [ 134.5608215, 7.3104944 ] } },
{ "type": "Feature", "properties": { "depth_m": 30.0, "evidence": "DEPCNT" }, "geometry": { "type": "Point", "coordinates": [ 134.5629883, 7.3231249 ] } },
{ "type": "Feature", "properties": { "depth_m": 30.0, "evidence": "DEPCNT" }, "geometry": { "type": "Point", "coordinates": [ 134.5627594, 7.3235445 ] } },
{ "type": "Feature", "properties": { "depth_m": 0.0, "evidence": "DEPCNT" }, "geometry": { "type": "Point", "coordinates": [ 134.5698547, 7.365561 ] } },
{ "type": "Feature", "properties": { "depth_m": 0.0, "evidence": "DEPCNT" }, "geometry": { "type": "Point", "coordinates": [ 134.56897382831383, 7.364581688373051 ] } },
{ "type": "Feature", "properties": { "depth_m": 0.0, "evidence": "DEPCNT" }, "geometry": { "type": "Point", "coordinates": [ 134.568912408394112, 7.363260639228471 ] } },
{ "type": "Feature", "properties": { "depth_m": 0.0, "evidence": "DEPCNT" }, "geometry": { "type": "Point", "coordinates": [ 134.569087955342241, 7.361934713993399 ] } },
{ "type": "Feature", "properties": { "depth_m": 0.0, "evidence": "DEPCNT" }, "geometry": { "type": "Point", "coordinates": [ 134.569281820098581, 7.360611441083325 ] } },
{ "type": "Feature", "properties": { "depth_m": 0.0, "evidence": "DEPCNT" }, "geometry": { "type": "Point", "coordinates": [ 134.5691071, 7.3593669 ] } },
{ "type": "Feature", "properties": { "depth_m": 0.0, "evidence": "DEPCNT" }, "geometry": { "type": "Point", "coordinates": [ 134.5713654, 7.3660722 ] } },
{ "type": "Feature", "properties": { "depth_m": 0.0, "evidence": "DEPCNT" }, "geometry": { "type": "Point", "coordinates": [ 134.572587679680026, 7.366341468510326 ] } },
{ "type": "Feature", "properties": { "depth_m": 0.0, "evidence": "DEPCNT" }, "geometry": { "type": "Point", "coordinates": [ 134.572257373255354, 7.365426266228263 ] } },
{ "type": "Feature", "properties": { "depth_m": 0.0, "evidence": "DEPCNT" }, "geometry": { "type": "Point", "coordinates": [ 134.571598333378915, 7.364421712616732 ] } },
{ "type": "Feature", "properties": { "depth_m": 0.0, "evidence": "DEPCNT" }, "geometry": { "type": "Point", "coordinates": [ 134.572052, 7.3632417 ] } },
{ "type": "Feature", "properties": { "depth_m": 50.0, "evidence": "DEPCNT" }, "geometry": { "type": "Point", "coordinates": [ 134.572700200000014, 7.3101007 ] } },
{ "type": "Feature", "properties": { "depth_m": 50.0, "evidence": "DEPCNT" }, "geometry": { "type": "Point", "coordinates": [ 134.572974583404743, 7.310523355599694 ] } },
{ "type": "Feature", "properties": { "depth_m": 50.0, "evidence": "DEPCNT" }, "geometry": { "type": "Point", "coordinates": [ 134.572700200000014, 7.3101007 ] } },
{ "type": "Feature", "properties": { "depth_m": 0.0, "evidence": "DEPCNT" }, "geometry": { "type": "Point", "coordinates": [ 134.573761, 7.3550415 ] } },
{ "type": "Feature", "properties": { "depth_m": 0.0, "evidence": "DEPCNT" }, "geometry": { "type": "Point", "coordinates": [ 134.573313223243957, 7.353797120402533 ] } },
{ "type": "Feature", "properties": { "depth_m": 0.0, "evidence": "DEPCNT" }, "geometry": { "type": "Point", "coordinates": [ 134.573663895709302, 7.352525161199698 ] } },
{ "type": "Feature", "properties": { "depth_m": 0.0, "evidence": "DEPCNT" }, "geometry": { "type": "Point", "coordinates": [ 134.574569700000012, 7.3515639 ] } },
{ "type": "Feature", "properties": { "depth_m": 30.0, "evidence": "DEPCNT" }, "geometry": { "type": "Point", "coordinates": [ 134.5859222, 7.3261113 ] } },
{ "type": "Feature", "properties": { "depth_m": 30.0, "evidence": "DEPCNT" }, "geometry": { "type": "Point", "coordinates": [ 134.585547859725324, 7.325094407498611 ] } },
{ "type": "Feature", "properties": { "depth_m": 30.0, "evidence": "DEPCNT" }, "geometry": { "type": "Point", "coordinates": [ 134.584411600000038, 7.325161 ] } },
{ "type": "Feature", "properties": { "depth_m": 20.0, "evidence": "DEPCNT" }, "geometry": { "type": "Point", "coordinates": [ 134.6029968, 7.3627138 ] } },
{ "type": "Feature", "properties": { "depth_m": 20.0, "evidence": "DEPCNT" }, "geometry": { "type": "Point", "coordinates": [ 134.602609171671418, 7.363690261069772 ] } },
{ "type": "Feature", "properties": { "depth_m": 20.0, "evidence": "DEPCNT" }, "geometry": { "type": "Point", "coordinates": [ 134.603297994354534, 7.364523440290135 ] } },
{ "type": "Feature", "properties": { "depth_m": 20.0, "evidence": "DEPCNT" }, "geometry": { "type": "Point", "coordinates": [ 134.603263925374307, 7.365494792812192 ] } },
{ "type": "Feature", "properties": { "depth_m": 20.0, "evidence": "DEPCNT" }, "geometry": { "type": "Point", "coordinates": [ 134.602259197804358, 7.365918151343132 ] } },
{ "type": "Feature", "properties": { "depth_m": 20.0, "evidence": "DEPCNT" }, "geometry": { "type": "Point", "coordinates": [ 134.601272599999987, 7.3663387 ] } },
{ "type": "Feature", "properties": { "depth_m": 30.0, "evidence": "DEPCNT" }, "geometry": { "type": "Point", "coordinates": [ 134.603653, 7.3616943 ] } },
{ "type": "Feature", "properties": { "depth_m": 30.0, "evidence": "DEPCNT" }, "geometry": { "type": "Point", "coordinates": [ 134.60403187154904, 7.360780994334432 ] } },
{ "type": "Feature", "properties": { "depth_m": 30.0, "evidence": "DEPCNT" }, "geometry": { "type": "Point", "coordinates": [ 134.604571098427328, 7.360019305212397 ] } },
{ "type": "Feature", "properties": { "depth_m": 30.0, "evidence": "DEPCNT" }, "geometry": { "type": "Point", "coordinates": [ 134.603676089653447, 7.359592539613352 ] } },
{ "type": "Feature", "properties": { "depth_m": 30.0, "evidence": "DEPCNT" }, "geometry": { "type": "Point", "coordinates": [ 134.6027374, 7.3592057 ] } },
{ "type": "Feature", "properties": { "depth_m": 30.0, "evidence": "DEPCNT" }, "geometry": { "type": "Point", "coordinates": [ 134.601486200000011, 7.3584638 ] } },
{ "type": "Feature", "properties": { "depth_m": 30.0, "evidence": "DEPCNT" }, "geometry": { "type": "Point", "coordinates": [ 134.600503041443091, 7.357783612869298 ] } },
{ "type": "Feature", "properties": { "depth_m": 30.0, "evidence": "DEPCNT" }, "geometry": { "type": "Point", "coordinates": [ 134.600250887097332, 7.356688749247336 ] } },
{ "type": "Feature", "properties": { "depth_m": 30.0, "evidence": "DEPCNT" }, "geometry": { "type": "Point", "coordinates": [ 134.600944889115567, 7.35574941711565 ] } },
{ "type": "Feature", "properties": { "depth_m": 30.0, "evidence": "DEPCNT" }, "geometry": { "type": "Point", "coordinates": [ 134.602023486981011, 7.355237051118176 ] } },
{ "type": "Feature", "properties": { "depth_m": 30.0, "evidence": "DEPCNT" }, "geometry": { "type": "Point", "coordinates": [ 134.603146604250668, 7.354812899208655 ] } },
{ "type": "Feature", "properties": { "depth_m": 30.0, "evidence": "DEPCNT" }, "geometry": { "type": "Point", "coordinates": [ 134.604273149678733, 7.354471105826078 ] } },
{ "type": "Feature", "properties": { "depth_m": 30.0, "evidence": "DEPCNT" }, "geometry": { "type": "Point", "coordinates": [ 134.605423, 7.3548026 ] } },
{ "type": "Feature", "properties": { "depth_m": 50.0, "evidence": "DEPCNT" }, "geometry": { "type": "Point", "coordinates": [ 134.6034393, 7.3737917 ] } },
{ "type": "Feature", "properties": { "depth_m": 50.0, "evidence": "DEPCNT" }, "geometry": { "type": "Point", "coordinates": [ 134.603683416911565, 7.374989503225713 ] } },
{ "type": "Feature", "properties": { "depth_m": 50.0, "evidence": "DEPCNT" }, "geometry": { "type": "Point", "coordinates": [ 134.604444340545825, 7.375942555593553 ] } },
{ "type": "Feature", "properties": { "depth_m": 50.0, "evidence": "DEPCNT" }, "geometry": { "type": "Point", "coordinates": [ 134.6055756, 7.376339 ] } },
{ "type": "Feature", "properties": { "depth_m": 200.0, "evidence": "DEPCNT" }, "geometry": { "type": "Point", "coordinates": [ 134.603302, 7.3390555 ] } },
{ "type": "Feature", "properties": { "depth_m": 200.0, "evidence": "DEPCNT" }, "geometry": { "type": "Point", "coordinates": [ 134.604458701965541, 7.339356793225294 ] } },
{ "type": "Feature", "properties": { "depth_m": 200.0, "evidence": "DEPCNT" }, "geometry": { "type": "Point", "coordinates": [ 134.605485764997525, 7.339989377160617 ] } },
{ "type": "Feature", "properties": { "depth_m": 200.0, "evidence": "DEPCNT" }, "geometry": { "type": "Point", "coordinates": [ 134.606139529181263, 7.340995388853793 ] } },
{ "type": "Feature", "properties": { "depth_m": 200.0, "evidence": "DEPCNT" }, "geometry": { "type": "Point", "coordinates": [ 134.606658900000014, 7.3420863 ] } },
{ "type": "Feature", "properties": { "depth_m": 20.0, "evidence": "DEPCNT" }, "geometry": { "type": "Point", "coordinates": [ 134.4895783, 7.3722415 ] } },
{ "type": "Feature", "properties": { "depth_m": 20.0, "evidence": "DEPCNT" }, "geometry": { "type": "Point", "coordinates": [ 134.490130452162362, 7.372916890430396 ] } },
{ "type": "Feature", "properties": { "depth_m": 20.0, "evidence": "DEPCNT" }, "geometry": { "type": "Point", "coordinates": [ 134.490575685990052, 7.373671796567689 ] } },
{ "type": "Feature", "properties": { "depth_m": 20.0, "evidence": "DEPCNT" }, "geometry": { "type": "Point", "coordinates": [ 134.491394, 7.3735361 ] } },
{ "type": "Feature", "properties": { "depth_m": 20.0, "evidence": "DEPCNT" }, "geometry": { "type": "Point", "coordinates": [ 134.4886627, 7.3857002 ] } },
{ "type": "Feature", "properties": { "depth_m": 20.0, "evidence": "DEPCNT" }, "geometry": { "type": "Point", "coordinates": [ 134.489402640692532, 7.384813310459948 ] } },
{ "type": "Feature", "properties": { "depth_m": 20.0, "evidence": "DEPCNT" }, "geometry": { "type": "Point", "coordinates": [ 134.490107465864838, 7.384247635911045 ] } },
{ "type": "Feature", "properties": { "depth_m": 20.0, "evidence": "DEPCNT" }, "geometry": { "type": "Point", "coordinates": [ 134.491236918239451, 7.384444759857356 ] } },
{ "type": "Feature", "properties": { "depth_m": 20.0, "evidence": "DEPCNT" }, "geometry": { "type": "Point", "coordinates": [ 134.491293591869407, 7.385543764680079 ] } },
{ "type": "Feature", "properties": { "depth_m": 20.0, "evidence": "DEPCNT" }, "geometry": { "type": "Point", "coordinates": [ 134.490838597003602, 7.38649696668722 ] } },
{ "type": "Feature", "properties": { "depth_m": 20.0, "evidence": "DEPCNT" }, "geometry": { "type": "Point", "coordinates": [ 134.490203900000012, 7.3876638 ] } },
{ "type": "Feature", "properties": { "depth_m": 10.0, "evidence": "DEPCNT" }, "geometry": { "type": "Point", "coordinates": [ 134.491226200000028, 7.3752084 ] } },
{ "type": "Feature", "properties": { "depth_m": 10.0, "evidence": "DEPCNT" }, "geometry": { "type": "Point", "coordinates": [ 134.491948518557138, 7.375315403774878 ] } },
{ "type": "Feature", "properties": { "depth_m": 10.0, "evidence": "DEPCNT" }, "geometry": { "type": "Point", "coordinates": [ 134.491226200000028, 7.3752084 ] } },
{ "type": "Feature", "properties": { "depth_m": 20.0, "evidence": "DEPCNT" }, "geometry": { "type": "Point", "coordinates": [ 134.492096, 7.3694778 ] } },
{ "type": "Feature", "properties": { "depth_m": 20.0, "evidence": "DEPCNT" }, "geometry": { "type": "Point", "coordinates": [ 134.490878498564086, 7.369750834402946 ] } },
{ "type": "Feature", "properties": { "depth_m": 20.0, "evidence": "DEPCNT" }, "geometry": { "type": "Point", "coordinates": [ 134.489694989511889, 7.370213243395773 ] } },
{ "type": "Feature", "properties": { "depth_m": 20.0, "evidence": "DEPCNT" }, "geometry": { "type": "Point", "coordinates": [ 134.488582116611383, 7.370839966571634 ] } },
{ "type": "Feature", "properties": { "depth_m": 20.0, "evidence": "DEPCNT" }, "geometry": { "type": "Point", "coordinates": [ 134.4877167, 7.3701081 ] } },
{ "type": "Feature", "properties": { "depth_m": 10.0, "evidence": "DEPCNT" }, "geometry": { "type": "Point", "coordinates": [ 134.49319460000001, 7.3707972 ] } },
{ "type": "Feature", "properties": { "depth_m": 10.0, "evidence": "DEPCNT" }, "geometry": { "type": "Point", "coordinates": [ 134.493072500000011, 7.3713417 ] } },
{ "type": "Feature", "properties": { "depth_m": 10.0, "evidence": "DEPCNT" }, "geometry": { "type": "Point", "coordinates": [ 134.492385900000016, 7.4022389 ] } },
{ "type": "Feature", "properties": { "depth_m": 10.0, "evidence": "DEPCNT" }, "geometry": { "type": "Point", "coordinates": [ 134.493240400001753, 7.401398332880521 ] } },
{ "type": "Feature", "properties": { "depth_m": 10.0, "evidence": "DEPCNT" }, "geometry": { "type": "Point", "coordinates": [ 134.492843599999986, 7.4004307 ] } },
{ "type": "Feature", "properties": { "depth_m": 10.0, "evidence": "DEPCNT" }, "geometry": { "type": "Point", "coordinates": [ 134.4972687, 7.3342776 ] } },
{ "type": "Feature", "properties": { "depth_m": 10.0, "evidence": "DEPCNT" }, "geometry": { "type": "Point", "coordinates": [ 134.497361090625333, 7.333386132854113 ] } },
{ "type": "Feature", "properties": { "depth_m": 10.0, "evidence": "DEPCNT" }, "geometry": { "type": "Point", "coordinates": [ 134.496577066692709, 7.333381647383515 ] } },
{ "type": "Feature", "properties": { "depth_m": 10.0, "evidence": "DEPCNT" }, "geometry": { "type": "Point", "coordinates": [ 134.4962769, 7.3342085 ] } },
{ "type": "Feature", "properties": { "depth_m": 5.0, "evidence": "DEPCNT" }, "geometry": { "type": "Point", "coordinates": [ 134.5031433, 7.2870612 ] } },
{ "type": "Feature", "properties": { "depth_m": 5.0, "evidence": "DEPCNT" }, "geometry": { "type": "Point", "coordinates": [ 134.502782396589566, 7.286059843885998 ] } },
{ "type": "Feature", "properties": { "depth_m": 5.0, "evidence": "DEPCNT" }, "geometry": { "type": "Point", "coordinates": [ 134.501958744967283, 7.286249158997806 ] } },
{ "type": "Feature", "properties": { "depth_m": 5.0, "evidence": "DEPCNT" }, "geometry": { "type": "Point", "coordinates": [ 134.501377734487932, 7.287104586059774 ] } },
{ "type": "Feature", "properties": { "depth_m": 5.0, "evidence": "DEPCNT" }, "geometry": { "type": "Point", "coordinates": [ 134.5007324, 7.2879472 ] } },
{ "type": "Feature", "properties": { "depth_m": 2.0, "evidence": "DEPCNT" }, "geometry": { "type": "Point", "coordinates": [ 134.5030365, 7.3598471 ] } },
{ "type": "Feature", "properties": { "depth_m": 2.0, "evidence": "DEPCNT" }, "geometry": { "type": "Point", "coordinates": [ 134.503427990460608, 7.358892498562665 ] } },
{ "type": "Feature", "properties": { "depth_m": 2.0, "evidence": "DEPCNT" }, "geometry": { "type": "Point", "coordinates": [ 134.502748728725152, 7.358054228508361 ] } },
{ "type": "Feature", "properties": { "depth_m": 2.0, "evidence": "DEPCNT" }, "geometry": { "type": "Point", "coordinates": [ 134.5026398, 7.3570113 ] } },
{ "type": "Feature", "properties": { "depth_m": 2.0, "evidence": "DEPCNT" }, "geometry": { "type": "Point", "coordinates": [ 134.505096400000014, 7.362886 ] } },
{ "type": "Feature", "properties": { "depth_m": 2.0, "evidence": "DEPCNT" }, "geometry": { "type": "Point", "coordinates": [ 134.504637210794584, 7.363522110379789 ] } },
{ "type": "Feature", "properties": { "depth_m": 2.0, "evidence": "DEPCNT" }, "geometry": { "type": "Point", "coordinates": [ 134.504394499999989, 7.364264 ] } },
{ "type": "Feature", "properties": { "depth_m": 30.0, "evidence": "DEPCNT" }, "geometry": { "type": "Point", "coordinates": [ 134.504806500000029, 7.3618641 ] } },
{ "type": "Feature", "properties": { "depth_m": 30.0, "evidence": "DEPCNT" }, "geometry": { "type": "Point", "coordinates": [ 134.50429406739849, 7.361281853236573 ] } },
{ "type": "Feature", "properties": { "depth_m": 30.0, "evidence": "DEPCNT" }, "geometry": { "type": "Point", "coordinates": [ 134.505067772743018, 7.361114809429248 ] } },
{ "type": "Feature", "properties": { "depth_m": 30.0, "evidence": "DEPCNT" }, "geometry": { "type": "Point", "coordinates": [ 134.504806500000029, 7.3618641 ] } },
{ "type": "Feature", "properties": { "depth_m": 5.0, "evidence": "DEPCNT" }, "geometry": { "type": "Point", "coordinates": [ 134.5044556, 7.2900777 ] } },
{ "type": "Feature", "properties": { "depth_m": 5.0, "evidence": "DEPCNT" }, "geometry": { "type": "Point", "coordinates": [ 134.505269062901846, 7.28920454135548 ] } },
{ "type": "Feature", "properties": { "depth_m": 5.0, "evidence": "DEPCNT" }, "geometry": { "type": "Point", "coordinates": [ 134.5045776, 7.2883167 ] } },
{ "type": "Feature", "properties": { "depth_m": 20.0, "evidence": "DEPCNT" }, "geometry": { "type": "Point", "coordinates": [ 134.510894799999988, 7.3490806 ] } },
{ "type": "Feature", "properties": { "depth_m": 20.0, "evidence": "DEPCNT" }, "geometry": { "type": "Point", "coordinates": [ 134.512031414698072, 7.348532161491509 ] } },
{ "type": "Feature", "properties": { "depth_m": 20.0, "evidence": "DEPCNT" }, "geometry": { "type": "Point", "coordinates": [ 134.512313799999987, 7.347353 ] } },
{ "type": "Feature", "properties": { "depth_m": 20.0, "evidence": "DEPCNT" }, "geometry": { "type": "Point", "coordinates": [ 134.513046300000013, 7.3471055 ] } },
{ "type": "Feature", "properties": { "depth_m": 20.0, "evidence": "DEPCNT" }, "geometry": { "type": "Point", "coordinates": [ 134.514160200001328, 7.346999661220541 ] } },
{ "type": "Feature", "properties": { "depth_m": 20.0, "evidence": "DEPCNT" }, "geometry": { "type": "Point", "coordinates": [ 134.513514565343996, 7.34600877783537 ] } },
{ "type": "Feature", "properties": { "depth_m": 20.0, "evidence": "DEPCNT" }, "geometry": { "type": "Point", "coordinates": [ 134.5125885, 7.3461418 ] } },
{ "type": "Feature", "properties": { "depth_m": 20.0, "evidence": "DEPCNT" }, "geometry": { "type": "Point", "coordinates": [ 134.515380900000025, 7.3001776 ] } },
{ "type": "Feature", "properties": { "depth_m": 20.0, "evidence": "DEPCNT" }, "geometry": { "type": "Point", "coordinates": [ 134.51438483296468, 7.29996214956155 ] } },
{ "type": "Feature", "properties": { "depth_m": 20.0, "evidence": "DEPCNT" }, "geometry": { "type": "Point", "coordinates": [ 134.513953082361098, 7.300974042749839 ] } },
{ "type": "Feature", "properties": { "depth_m": 20.0, "evidence": "DEPCNT" }, "geometry": { "type": "Point", "coordinates": [ 134.515152, 7.3007808 ] } },
{ "type": "Feature", "properties": { "depth_m": 20.0, "evidence": "DEPCNT" }, "geometry": { "type": "Point", "coordinates": [ 134.515686, 7.3390918 ] } },
{ "type": "Feature", "properties": { "depth_m": 20.0, "evidence": "DEPCNT" }, "geometry": { "type": "Point", "coordinates": [ 134.515516308796805, 7.340276444912259 ] } },
{ "type": "Feature", "properties": { "depth_m": 20.0, "evidence": "DEPCNT" }, "geometry": { "type": "Point", "coordinates": [ 134.514689856268575, 7.341129999714689 ] } },
{ "type": "Feature", "properties": { "depth_m": 20.0, "evidence": "DEPCNT" }, "geometry": { "type": "Point", "coordinates": [ 134.513941536912284, 7.342102719492436 ] } },
{ "type": "Feature", "properties": { "depth_m": 20.0, "evidence": "DEPCNT" }, "geometry": { "type": "Point", "coordinates": [ 134.513371360407632, 7.343168519014871 ] } },
{ "type": "Feature", "properties": { "depth_m": 20.0, "evidence": "DEPCNT" }, "geometry": { "type": "Point", "coordinates": [ 134.512783771389678, 7.343997917242947 ] } },
{ "type": "Feature", "properties": { "depth_m": 20.0, "evidence": "DEPCNT" }, "geometry": { "type": "Point", "coordinates": [ 134.512329099999988, 7.342989 ] } },
{ "type": "Feature", "properties": { "depth_m": 20.0, "evidence": "DEPCNT" }, "geometry": { "type": "Point", "coordinates": [ 134.515457200000014, 7.2926641 ] } },
{ "type": "Feature", "properties": { "depth_m": 20.0, "evidence": "DEPCNT" }, "geometry": { "type": "Point", "coordinates": [ 134.516365490289758, 7.293256238098808 ] } },
{ "type": "Feature", "properties": { "depth_m": 20.0, "evidence": "DEPCNT" }, "geometry": { "type": "Point", "coordinates": [ 134.51744047555573, 7.293726829800001 ] } },
{ "type": "Feature", "properties": { "depth_m": 20.0, "evidence": "DEPCNT" }, "geometry": { "type": "Point", "coordinates": [ 134.517388409704466, 7.294828218135212 ] } },
{ "type": "Feature", "properties": { "depth_m": 20.0, "evidence": "DEPCNT" }, "geometry": { "type": "Point", "coordinates": [ 134.5167542, 7.2955279 ] } },
{ "type": "Feature", "properties": { "depth_m": 20.0, "evidence": "DEPCNT" }, "geometry": { "type": "Point", "coordinates": [ 134.5177155, 7.2904363 ] } },
{ "type": "Feature", "properties": { "depth_m": 20.0, "evidence": "DEPCNT" }, "geometry": { "type": "Point", "coordinates": [ 134.51679854878779, 7.29020919559288 ] } },
{ "type": "Feature", "properties": { "depth_m": 20.0, "evidence": "DEPCNT" }, "geometry": { "type": "Point", "coordinates": [ 134.515994237708242, 7.290582807826929 ] } },
{ "type": "Feature", "properties": { "depth_m": 20.0, "evidence": "DEPCNT" }, "geometry": { "type": "Point", "coordinates": [ 134.515152, 7.2910113 ] } },
{ "type": "Feature", "properties": { "depth_m": 5.0, "evidence": "DEPCNT" }, "geometry": { "type": "Point", "coordinates": [ 134.51857, 7.3494248 ] } },
{ "type": "Feature", "properties": { "depth_m": 5.0, "evidence": "DEPCNT" }, "geometry": { "type": "Point", "coordinates": [ 134.5175476, 7.3496194 ] } },
{ "type": "Feature", "properties": { "depth_m": 20.0, "evidence": "DEPCNT" }, "geometry": { "type": "Point", "coordinates": [ 134.522049, 7.3091083 ] } },
{ "type": "Feature", "properties": { "depth_m": 20.0, "evidence": "DEPCNT" }, "geometry": { "type": "Point", "coordinates": [ 134.521971560140287, 7.307802570873608 ] } },
{ "type": "Feature", "properties": { "depth_m": 20.0, "evidence": "DEPCNT" }, "geometry": { "type": "Point", "coordinates": [ 134.520971221082931, 7.307364396630491 ] } },
{ "type": "Feature", "properties": { "depth_m": 20.0, "evidence": "DEPCNT" }, "geometry": { "type": "Point", "coordinates": [ 134.5197144, 7.3076668 ] } },
{ "type": "Feature", "properties": { "depth_m": 10.0, "evidence": "DEPCNT" }, "geometry": { "type": "Point", "coordinates": [ 134.522613500000034, 7.3468862 ] } },
{ "type": "Feature", "properties": { "depth_m": 10.0, "evidence": "DEPCNT" }, "geometry": { "type": "Point", "coordinates": [ 134.5223846, 7.3468027 ] } },
{ "type": "Feature", "properties": { "depth_m": 20.0, "evidence": "DEPCNT" }, "geometry": { "type": "Point", "coordinates": [ 134.5231628, 7.3195558 ] } },
{ "type": "Feature", "properties": { "depth_m": 20.0, "evidence": "DEPCNT" }, "geometry": { "type": "Point", "coordinates": [ 134.523679647503371, 7.320745469803571 ] } },
{ "type": "Feature", "properties": { "depth_m": 20.0, "evidence": "DEPCNT" }, "geometry": { "type": "Point", "coordinates": [ 134.523658218927835, 7.322039297995913 ] } },
{ "type": "Feature", "properties": { "depth_m": 20.0, "evidence": "DEPCNT" }, "geometry": { "type": "Point", "coordinates": [ 134.52329132992881, 7.323258037488515 ] } },
{ "type": "Feature", "properties": { "depth_m": 20.0, "evidence": "DEPCNT" }, "geometry": { "type": "Point", "coordinates": [ 134.522560129388324, 7.322543753343106 ] } },
{ "type": "Feature", "properties": { "depth_m": 20.0, "evidence": "DEPCNT" }, "geometry": { "type": "Point", "coordinates": [ 134.5214844, 7.3219638 ] } },
{ "type": "Feature", "properties": { "depth_m": 30.0, "evidence": "DEPCNT" }, "geometry": { "type": "Point", "coordinates": [ 134.523819, 7.3222113 ] } },
{ "type": "Feature", "properties": { "depth_m": 30.0, "evidence": "DEPCNT" }, "geometry": { "type": "Point", "coordinates": [ 134.524109961762917, 7.323254026143617 ] } },
{ "type": "Feature", "properties": { "depth_m": 30.0, "evidence": "DEPCNT" }, "geometry": { "type": "Point", "coordinates": [ 134.523835064468358, 7.324196642564815 ] } },
{ "type": "Feature", "properties": { "depth_m": 30.0, "evidence": "DEPCNT" }, "geometry": { "type": "Point", "coordinates": [ 134.5229492, 7.3237362 ] } },
{ "type": "Feature", "properties": { "depth_m": 5.0, "evidence": "DEPCNT" }, "geometry": { "type": "Point", "coordinates": [ 134.5241699, 7.3480945 ] } },
{ "type": "Feature", "properties": { "depth_m": 5.0, "evidence": "DEPCNT" }, "geometry": { "type": "Point", "coordinates": [ 134.5247498, 7.3475609 ] } },
{ "type": "Feature", "properties": { "depth_m": 20.0, "evidence": "DEPCNT" }, "geometry": { "type": "Point", "coordinates": [ 134.5223389, 7.3321085 ] } },
{ "type": "Feature", "properties": { "depth_m": 20.0, "evidence": "DEPCNT" }, "geometry": { "type": "Point", "coordinates": [ 134.52354483600152, 7.332518721543003 ] } },
{ "type": "Feature", "properties": { "depth_m": 20.0, "evidence": "DEPCNT" }, "geometry": { "type": "Point", "coordinates": [ 134.524709096696228, 7.33284976733779 ] } },
{ "type": "Feature", "properties": { "depth_m": 20.0, "evidence": "DEPCNT" }, "geometry": { "type": "Point", "coordinates": [ 134.525054899999986, 7.3338137 ] } },
{ "type": "Feature", "properties": { "depth_m": 10.0, "evidence": "DEPCNT" }, "geometry": { "type": "Point", "coordinates": [ 134.526870700000018, 7.2854528 ] } },
{ "type": "Feature", "properties": { "depth_m": 10.0, "evidence": "DEPCNT" }, "geometry": { "type": "Point", "coordinates": [ 134.52630794002377, 7.285881121824779 ] } },
{ "type": "Feature", "properties": { "depth_m": 10.0, "evidence": "DEPCNT" }, "geometry": { "type": "Point", "coordinates": [ 134.526245100000011, 7.2865915 ] } },
{ "type": "Feature", "properties": { "depth_m": 5.0, "evidence": "DEPCNT" }, "geometry": { "type": "Point", "coordinates": [ 134.532074, 7.2890778 ] } },
{ "type": "Feature", "properties": { "depth_m": 5.0, "evidence": "DEPCNT" }, "geometry": { "type": "Point", "coordinates": [ 134.533214986004367, 7.289366700000388 ] } },
{ "type": "Feature", "properties": { "depth_m": 5.0, "evidence": "DEPCNT" }, "geometry": { "type": "Point", "coordinates": [ 134.533353142633274, 7.288351009003325 ] } },
{ "type": "Feature", "properties": { "depth_m": 5.0, "evidence": "DEPCNT" }, "geometry": { "type": "Point", "coordinates": [ 134.5324249, 7.2876058 ] } },
{ "type": "Feature", "properties": { "depth_m": 50.0, "evidence": "DEPCNT" }, "geometry": { "type": "Point", "coordinates": [ 134.533355699999987, 7.3045054 ] } },
{ "type": "Feature", "properties": { "depth_m": 50.0, "evidence": "DEPCNT" }, "geometry": { "type": "Point", "coordinates": [ 134.534047607994722, 7.304976875501333 ] } },
{ "type": "Feature", "properties": { "depth_m": 50.0, "evidence": "DEPCNT" }, "geometry": { "type": "Point", "coordinates": [ 134.533200998950747, 7.305333795207854 ] } },
{ "type": "Feature", "properties": { "depth_m": 50.0, "evidence": "DEPCNT" }, "geometry": { "type": "Point", "coordinates": [ 134.533355699999987, 7.3045054 ] } },
{ "type": "Feature", "properties": { "depth_m": 20.0, "evidence": "DEPCNT" }, "geometry": { "type": "Point", "coordinates": [ 134.54039, 7.2869306 ] } },
{ "type": "Feature", "properties": { "depth_m": 20.0, "evidence": "DEPCNT" }, "geometry": { "type": "Point", "coordinates": [ 134.539445306668824, 7.286257399843806 ] } },
{ "type": "Feature", "properties": { "depth_m": 20.0, "evidence": "DEPCNT" }, "geometry": { "type": "Point", "coordinates": [ 134.53875760279837, 7.285295163381004 ] } },
{ "type": "Feature", "properties": { "depth_m": 20.0, "evidence": "DEPCNT" }, "geometry": { "type": "Point", "coordinates": [ 134.537836435334128, 7.28513347526322 ] } },
{ "type": "Feature", "properties": { "depth_m": 20.0, "evidence": "DEPCNT" }, "geometry": { "type": "Point", "coordinates": [ 134.537605764682496, 7.286312849433705 ] } },
{ "type": "Feature", "properties": { "depth_m": 20.0, "evidence": "DEPCNT" }, "geometry": { "type": "Point", "coordinates": [ 134.538094108845655, 7.287339302861521 ] } },
{ "type": "Feature", "properties": { "depth_m": 20.0, "evidence": "DEPCNT" }, "geometry": { "type": "Point", "coordinates": [ 134.53863240739031, 7.288348244305971 ] } },
{ "type": "Feature", "properties": { "depth_m": 20.0, "evidence": "DEPCNT" }, "geometry": { "type": "Point", "coordinates": [ 134.539742559309616, 7.28788834521731 ] } },
{ "type": "Feature", "properties": { "depth_m": 20.0, "evidence": "DEPCNT" }, "geometry": { "type": "Point", "coordinates": [ 134.54039, 7.2869306 ] } },
{ "type": "Feature", "properties": { "depth_m": 20.0, "evidence": "DEPCNT" }, "geometry": { "type": "Point", "coordinates": [ 134.5486908, 7.3003888 ] } },
{ "type": "Feature", "properties": { "depth_m": 20.0, "evidence": "DEPCNT" }, "geometry": { "type": "Point", "coordinates": [ 134.547812533402805, 7.300624139624873 ] } },
{ "type": "Feature", "properties": { "depth_m": 20.0, "evidence": "DEPCNT" }, "geometry": { "type": "Point", "coordinates": [ 134.547408562431571, 7.301299432157657 ] } },
{ "type": "Feature", "properties": { "depth_m": 20.0, "evidence": "DEPCNT" }, "geometry": { "type": "Point", "coordinates": [ 134.5480652, 7.3018918 ] } },
{ "type": "Feature", "properties": { "depth_m": 30.0, "evidence": "DEPCNT" }, "geometry": { "type": "Point", "coordinates": [ 134.5487671, 7.2992806 ] } },
{ "type": "Feature", "properties": { "depth_m": 30.0, "evidence": "DEPCNT" }, "geometry": { "type": "Point", "coordinates": [ 134.547691859291575, 7.29849543126354 ] } },
{ "type": "Feature", "properties": { "depth_m": 30.0, "evidence": "DEPCNT" }, "geometry": { "type": "Point", "coordinates": [ 134.546416659058252, 7.298315255907159 ] } },
{ "type": "Feature", "properties": { "depth_m": 30.0, "evidence": "DEPCNT" }, "geometry": { "type": "Point", "coordinates": [ 134.546270595177532, 7.29704528150625 ] } },
{ "type": "Feature", "properties": { "depth_m": 30.0, "evidence": "DEPCNT" }, "geometry": { "type": "Point", "coordinates": [ 134.545075245823881, 7.296622374257535 ] } },
{ "type": "Feature", "properties": { "depth_m": 30.0, "evidence": "DEPCNT" }, "geometry": { "type": "Point", "coordinates": [ 134.543878245085665, 7.297026873459514 ] } },
{ "type": "Feature", "properties": { "depth_m": 30.0, "evidence": "DEPCNT" }, "geometry": { "type": "Point", "coordinates": [ 134.543306199971482, 7.298149918398321 ] } },
{ "type": "Feature", "properties": { "depth_m": 30.0, "evidence": "DEPCNT" }, "geometry": { "type": "Point", "coordinates": [ 134.542167854810515, 7.298860122755548 ] } },
{ "type": "Feature", "properties": { "depth_m": 30.0, "evidence": "DEPCNT" }, "geometry": { "type": "Point", "coordinates": [ 134.540902470913835, 7.298797821827257 ] } },
{ "type": "Feature", "properties": { "depth_m": 30.0, "evidence": "DEPCNT" }, "geometry": { "type": "Point", "coordinates": [ 134.540346765931503, 7.297597289686332 ] } },
{ "type": "Feature", "properties": { "depth_m": 30.0, "evidence": "DEPCNT" }, "geometry": { "type": "Point", "coordinates": [ 134.539096642727856, 7.29717462255246 ] } },
{ "type": "Feature", "properties": { "depth_m": 30.0, "evidence": "DEPCNT" }, "geometry": { "type": "Point", "coordinates": [ 134.538635687136207, 7.295997195107328 ] } },
{ "type": "Feature", "properties": { "depth_m": 30.0, "evidence": "DEPCNT" }, "geometry": { "type": "Point", "coordinates": [ 134.538078392145508, 7.294941678706599 ] } },
{ "type": "Feature", "properties": { "depth_m": 30.0, "evidence": "DEPCNT" }, "geometry": { "type": "Point", "coordinates": [ 134.5367889, 7.2950196 ] } },
{ "type": "Feature", "properties": { "depth_m": 2.0, "evidence": "DEPCNT" }, "geometry": { "type": "Point", "coordinates": [ 134.549371900000011, 7.2990264 ] } },
{ "type": "Feature", "properties": { "depth_m": 2.0, "evidence": "DEPCNT" }, "geometry": { "type": "Point", "coordinates": [ 134.54971962951376, 7.299477122601005 ] } },
{ "type": "Feature", "properties": { "depth_m": 2.0, "evidence": "DEPCNT" }, "geometry": { "type": "Point", "coordinates": [ 134.549371900000011, 7.2990264 ] } },
{ "type": "Feature", "properties": { "depth_m": 50.0, "evidence": "DEPCNT" }, "geometry": { "type": "Point", "coordinates": [ 134.5513153, 7.3205085 ] } },
{ "type": "Feature", "properties": { "depth_m": 50.0, "evidence": "DEPCNT" }, "geometry": { "type": "Point", "coordinates": [ 134.552565109529951, 7.320519249318383 ] } },
{ "type": "Feature", "properties": { "depth_m": 50.0, "evidence": "DEPCNT" }, "geometry": { "type": "Point", "coordinates": [ 134.553809769259658, 7.320784626006139 ] } },
{ "type": "Feature", "properties": { "depth_m": 50.0, "evidence": "DEPCNT" }, "geometry": { "type": "Point", "coordinates": [ 134.554863045705901, 7.321314537882659 ] } },
{ "type": "Feature", "properties": { "depth_m": 50.0, "evidence": "DEPCNT" }, "geometry": { "type": "Point", "coordinates": [ 134.553972986844059, 7.32193040021106 ] } },
{ "type": "Feature", "properties": { "depth_m": 50.0, "evidence": "DEPCNT" }, "geometry": { "type": "Point", "coordinates": [ 134.552700533624147, 7.321911300011656 ] } },
{ "type": "Feature", "properties": { "depth_m": 50.0, "evidence": "DEPCNT" }, "geometry": { "type": "Point", "coordinates": [ 134.551482246392254, 7.321605021919893 ] } },
{ "type": "Feature", "properties": { "depth_m": 50.0, "evidence": "DEPCNT" }, "geometry": { "type": "Point", "coordinates": [ 134.5513153, 7.3205085 ] } },
{ "type": "Feature", "properties": { "depth_m": 50.0, "evidence": "DEPCNT" }, "geometry": { "type": "Point", "coordinates": [ 134.5556793, 7.3137388 ] } },
{ "type": "Feature", "properties": { "depth_m": 50.0, "evidence": "DEPCNT" }, "geometry": { "type": "Point", "coordinates": [ 134.556521558492307, 7.31422900660549 ] } },
{ "type": "Feature", "properties": { "depth_m": 50.0, "evidence": "DEPCNT" }, "geometry": { "type": "Point", "coordinates": [ 134.555634203352469, 7.314716444391322 ] } },
{ "type": "Feature", "properties": { "depth_m": 50.0, "evidence": "DEPCNT" }, "geometry": { "type": "Point", "coordinates": [ 134.5556793, 7.3137388 ] } },
{ "type": "Feature", "properties": { "depth_m": 30.0, "evidence": "DEPCNT" }, "geometry": { "type": "Point", "coordinates": [ 134.558293600000013, 7.3097775 ] } },
{ "type": "Feature", "properties": { "depth_m": 30.0, "evidence": "DEPCNT" }, "geometry": { "type": "Point", "coordinates": [ 134.557189507753094, 7.309781582097535 ] } },
{ "type": "Feature", "properties": { "depth_m": 30.0, "evidence": "DEPCNT" }, "geometry": { "type": "Point", "coordinates": [ 134.557672258385651, 7.308976244410385 ] } },
{ "type": "Feature", "properties": { "depth_m": 30.0, "evidence": "DEPCNT" }, "geometry": { "type": "Point", "coordinates": [ 134.558293600000013, 7.3097775 ] } },
{ "type": "Feature", "properties": { "depth_m": 30.0, "evidence": "DEPCNT" }, "geometry": { "type": "Point", "coordinates": [ 134.5579376, 7.3045502 ] } },
{ "type": "Feature", "properties": { "depth_m": 30.0, "evidence": "DEPCNT" }, "geometry": { "type": "Point", "coordinates": [ 134.558906248461483, 7.305238246635044 ] } },
{ "type": "Feature", "properties": { "depth_m": 30.0, "evidence": "DEPCNT" }, "geometry": { "type": "Point", "coordinates": [ 134.559495170855456, 7.306130226743152 ] } },
{ "type": "Feature", "properties": { "depth_m": 30.0, "evidence": "DEPCNT" }, "geometry": { "type": "Point", "coordinates": [ 134.559022420581073, 7.307181051438597 ] } },
{ "type": "Feature", "properties": { "depth_m": 30.0, "evidence": "DEPCNT" }, "geometry": { "type": "Point", "coordinates": [ 134.559707608239819, 7.307981837486377 ] } },
{ "type": "Feature", "properties": { "depth_m": 30.0, "evidence": "DEPCNT" }, "geometry": { "type": "Point", "coordinates": [ 134.560501100000835, 7.308674504346559 ] } },
{ "type": "Feature", "properties": { "depth_m": 30.0, "evidence": "DEPCNT" }, "geometry": { "type": "Point", "coordinates": [ 134.5598755, 7.3096304 ] } },
{ "type": "Feature", "properties": { "depth_m": 5.0, "evidence": "DEPCNT" }, "geometry": { "type": "Point", "coordinates": [ 134.562789900000013, 7.2986999 ] } },
{ "type": "Feature", "properties": { "depth_m": 5.0, "evidence": "DEPCNT" }, "geometry": { "type": "Point", "coordinates": [ 134.562683100002488, 7.297936523039736 ] } },
{ "type": "Feature", "properties": { "depth_m": 5.0, "evidence": "DEPCNT" }, "geometry": { "type": "Point", "coordinates": [ 134.5624085, 7.2972665 ] } },
{ "type": "Feature", "properties": { "depth_m": 2.0, "evidence": "DEPCNT" }, "geometry": { "type": "Point", "coordinates": [ 134.5717926, 7.3631668 ] } },
{ "type": "Feature", "properties": { "depth_m": 2.0, "evidence": "DEPCNT" }, "geometry": { "type": "Point", "coordinates": [ 134.570957725312894, 7.363974506977321 ] } },
{ "type": "Feature", "properties": { "depth_m": 2.0, "evidence": "DEPCNT" }, "geometry": { "type": "Point", "coordinates": [ 134.569858103880591, 7.363566278479495 ] } },
{ "type": "Feature", "properties": { "depth_m": 2.0, "evidence": "DEPCNT" }, "geometry": { "type": "Point", "coordinates": [ 134.5691071, 7.3626528 ] } },
{ "type": "Feature", "properties": { "depth_m": 10.0, "evidence": "DEPCNT" }, "geometry": { "type": "Point", "coordinates": [ 134.575042700000012, 7.3223558 ] } },
{ "type": "Feature", "properties": { "depth_m": 10.0, "evidence": "DEPCNT" }, "geometry": { "type": "Point", "coordinates": [ 134.575904559691054, 7.322701335103134 ] } },
{ "type": "Feature", "properties": { "depth_m": 10.0, "evidence": "DEPCNT" }, "geometry": { "type": "Point", "coordinates": [ 134.576195906094028, 7.323565967026156 ] } },
{ "type": "Feature", "properties": { "depth_m": 10.0, "evidence": "DEPCNT" }, "geometry": { "type": "Point", "coordinates": [ 134.57673650000001, 7.3243222 ] } },
{ "type": "Feature", "properties": { "depth_m": 20.0, "evidence": "DEPCNT" }, "geometry": { "type": "Point", "coordinates": [ 134.5780335, 7.3177891 ] } },
{ "type": "Feature", "properties": { "depth_m": 20.0, "evidence": "DEPCNT" }, "geometry": { "type": "Point", "coordinates": [ 134.577318509008563, 7.316741831182555 ] } },
{ "type": "Feature", "properties": { "depth_m": 20.0, "evidence": "DEPCNT" }, "geometry": { "type": "Point", "coordinates": [ 134.576390727946233, 7.315849575014729 ] } },
{ "type": "Feature", "properties": { "depth_m": 20.0, "evidence": "DEPCNT" }, "geometry": { "type": "Point", "coordinates": [ 134.575435440376424, 7.31499726611611 ] } },
{ "type": "Feature", "properties": { "depth_m": 20.0, "evidence": "DEPCNT" }, "geometry": { "type": "Point", "coordinates": [ 134.574622165061953, 7.314012637468633 ] } },
{ "type": "Feature", "properties": { "depth_m": 20.0, "evidence": "DEPCNT" }, "geometry": { "type": "Point", "coordinates": [ 134.57377835158448, 7.313046531969371 ] } },
{ "type": "Feature", "properties": { "depth_m": 20.0, "evidence": "DEPCNT" }, "geometry": { "type": "Point", "coordinates": [ 134.573095111227246, 7.311983865720705 ] } },
{ "type": "Feature", "properties": { "depth_m": 20.0, "evidence": "DEPCNT" }, "geometry": { "type": "Point", "coordinates": [ 134.572332316530435, 7.310957788550259 ] } },
{ "type": "Feature", "properties": { "depth_m": 20.0, "evidence": "DEPCNT" }, "geometry": { "type": "Point", "coordinates": [ 134.571863369064232, 7.309758242671045 ] } },
{ "type": "Feature", "properties": { "depth_m": 20.0, "evidence": "DEPCNT" }, "geometry": { "type": "Point", "coordinates": [ 134.571432893995279, 7.308553485043284 ] } },
{ "type": "Feature", "properties": { "depth_m": 20.0, "evidence": "DEPCNT" }, "geometry": { "type": "Point", "coordinates": [ 134.570538325385087, 7.307634625505328 ] } },
{ "type": "Feature", "properties": { "depth_m": 20.0, "evidence": "DEPCNT" }, "geometry": { "type": "Point", "coordinates": [ 134.569580943918908, 7.306781729536476 ] } },
{ "type": "Feature", "properties": { "depth_m": 20.0, "evidence": "DEPCNT" }, "geometry": { "type": "Point", "coordinates": [ 134.568819761773455, 7.305753848806953 ] } },
{ "type": "Feature", "properties": { "depth_m": 20.0, "evidence": "DEPCNT" }, "geometry": { "type": "Point", "coordinates": [ 134.567993199999989, 7.3049221 ] } },
{ "type": "Feature", "properties": { "depth_m": 10.0, "evidence": "DEPCNT" }, "geometry": { "type": "Point", "coordinates": [ 134.5786285, 7.3453808 ] } },
{ "type": "Feature", "properties": { "depth_m": 10.0, "evidence": "DEPCNT" }, "geometry": { "type": "Point", "coordinates": [ 134.579689037683096, 7.345755385078315 ] } },
{ "type": "Feature", "properties": { "depth_m": 10.0, "evidence": "DEPCNT" }, "geometry": { "type": "Point", "coordinates": [ 134.579959927751617, 7.347021148526435 ] } },
{ "type": "Feature", "properties": { "depth_m": 10.0, "evidence": "DEPCNT" }, "geometry": { "type": "Point", "coordinates": [ 134.580932600000011, 7.3479276 ] } },
{ "type": "Feature", "properties": { "depth_m": 30.0, "evidence": "DEPCNT" }, "geometry": { "type": "Point", "coordinates": [ 134.5859375, 7.3367887 ] } },
{ "type": "Feature", "properties": { "depth_m": 30.0, "evidence": "DEPCNT" }, "geometry": { "type": "Point", "coordinates": [ 134.586059600003551, 7.33806558339644 ] } },
{ "type": "Feature", "properties": { "depth_m": 30.0, "evidence": "DEPCNT" }, "geometry": { "type": "Point", "coordinates": [ 134.585894881336344, 7.339322540782717 ] } },
{ "type": "Feature", "properties": { "depth_m": 30.0, "evidence": "DEPCNT" }, "geometry": { "type": "Point", "coordinates": [ 134.584890236766768, 7.340082799027622 ] } },
{ "type": "Feature", "properties": { "depth_m": 30.0, "evidence": "DEPCNT" }, "geometry": { "type": "Point", "coordinates": [ 134.583683706032673, 7.339868468121734 ] } },
{ "type": "Feature", "properties": { "depth_m": 30.0, "evidence": "DEPCNT" }, "geometry": { "type": "Point", "coordinates": [ 134.584009888521422, 7.338766790706408 ] } },
{ "type": "Feature", "properties": { "depth_m": 30.0, "evidence": "DEPCNT" }, "geometry": { "type": "Point", "coordinates": [ 134.583348398495616, 7.337717995497443 ] } },
{ "type": "Feature", "properties": { "depth_m": 30.0, "evidence": "DEPCNT" }, "geometry": { "type": "Point", "coordinates": [ 134.582153299999987, 7.3375473 ] } },
{ "type": "Feature", "properties": { "depth_m": 50.0, "evidence": "DEPCNT" }, "geometry": { "type": "Point", "coordinates": [ 134.5895691, 7.3295307 ] } },
{ "type": "Feature", "properties": { "depth_m": 50.0, "evidence": "DEPCNT" }, "geometry": { "type": "Point", "coordinates": [ 134.590777363957102, 7.329766777541741 ] } },
{ "type": "Feature", "properties": { "depth_m": 50.0, "evidence": "DEPCNT" }, "geometry": { "type": "Point", "coordinates": [ 134.591715471071524, 7.330461280076427 ] } },
{ "type": "Feature", "properties": { "depth_m": 50.0, "evidence": "DEPCNT" }, "geometry": { "type": "Point", "coordinates": [ 134.591751100000039, 7.3316917 ] } },
{ "type": "Feature", "properties": { "depth_m": 30.0, "evidence": "DEPCNT" }, "geometry": { "type": "Point", "coordinates": [ 134.6017914, 7.3502336 ] } },
{ "type": "Feature", "properties": { "depth_m": 30.0, "evidence": "DEPCNT" }, "geometry": { "type": "Point", "coordinates": [ 134.602326347522364, 7.351076829997772 ] } },
{ "type": "Feature", "properties": { "depth_m": 30.0, "evidence": "DEPCNT" }, "geometry": { "type": "Point", "coordinates": [ 134.6020355, 7.3519054 ] } },
{ "type": "Feature", "properties": { "depth_m": 100.0, "evidence": "DEPCNT" }, "geometry": { "type": "Point", "coordinates": [ 134.5808716, 7.3198252 ] } },
{ "type": "Feature", "properties": { "depth_m": 100.0, "evidence": "DEPCNT" }, "geometry": { "type": "Point", "coordinates": [ 134.582205685763, 7.319998611460072 ] } },
{ "type": "Feature", "properties": { "depth_m": 100.0, "evidence": "DEPCNT" }, "geometry": { "type": "Point", "coordinates": [ 134.583538263645977, 7.320159691324593 ] } },
{ "type": "Feature", "properties": { "depth_m": 100.0, "evidence": "DEPCNT" }, "geometry": { "type": "Point", "coordinates": [ 134.584614740951338, 7.320917235143207 ] } },
{ "type": "Feature", "properties": { "depth_m": 100.0, "evidence": "DEPCNT" }, "geometry": { "type": "Point", "coordinates": [ 134.58540798235353, 7.322006310119013 ] } },
{ "type": "Feature", "properties": { "depth_m": 100.0, "evidence": "DEPCNT" }, "geometry": { "type": "Point", "coordinates": [ 134.586354567983904, 7.322970366602342 ] } },
{ "type": "Feature", "properties": { "depth_m": 100.0, "evidence": "DEPCNT" }, "geometry": { "type": "Point", "coordinates": [ 134.587205511062962, 7.323994091330824 ] } },
{ "type": "Feature", "properties": { "depth_m": 100.0, "evidence": "DEPCNT" }, "geometry": { "type": "Point", "coordinates": [ 134.588184161732869, 7.32492334509683 ] } },
{ "type": "Feature", "properties": { "depth_m": 100.0, "evidence": "DEPCNT" }, "geometry": { "type": "Point", "coordinates": [ 134.589184185826383, 7.325832163726891 ] } },
{ "type": "Feature", "properties": { "depth_m": 100.0, "evidence": "DEPCNT" }, "geometry": { "type": "Point", "coordinates": [ 134.590194253124139, 7.326722033710666 ] } },
{ "type": "Feature", "properties": { "depth_m": 100.0, "evidence": "DEPCNT" }, "geometry": { "type": "Point", "coordinates": [ 134.591151290577756, 7.32766659448466 ] } },
{ "type": "Feature", "properties": { "depth_m": 100.0, "evidence": "DEPCNT" }, "geometry": { "type": "Point", "coordinates": [ 134.591989410970228, 7.328725009734427 ] } },
{ "type": "Feature", "properties": { "depth_m": 100.0, "evidence": "DEPCNT" }, "geometry": { "type": "Point", "coordinates": [ 134.592624033795545, 7.329902613339673 ] } },
{ "type": "Feature", "properties": { "depth_m": 100.0, "evidence": "DEPCNT" }, "geometry": { "type": "Point", "coordinates": [ 134.593169485441933, 7.331132824155251 ] } },
{ "type": "Feature", "properties": { "depth_m": 100.0, "evidence": "DEPCNT" }, "geometry": { "type": "Point", "coordinates": [ 134.594070625070742, 7.332125717805492 ] } },
{ "type": "Feature", "properties": { "depth_m": 100.0, "evidence": "DEPCNT" }, "geometry": { "type": "Point", "coordinates": [ 134.59520620241932, 7.33284697679141 ] } },
{ "type": "Feature", "properties": { "depth_m": 100.0, "evidence": "DEPCNT" }, "geometry": { "type": "Point", "coordinates": [ 134.596343232542466, 7.333568323345873 ] } },
{ "type": "Feature", "properties": { "depth_m": 100.0, "evidence": "DEPCNT" }, "geometry": { "type": "Point", "coordinates": [ 134.597463215658422, 7.334324249027415 ] } },
{ "type": "Feature", "properties": { "depth_m": 100.0, "evidence": "DEPCNT" }, "geometry": { "type": "Point", "coordinates": [ 134.598607300069148, 7.335039757159895 ] } },
{ "type": "Feature", "properties": { "depth_m": 100.0, "evidence": "DEPCNT" }, "geometry": { "type": "Point", "coordinates": [ 134.599773946517018, 7.335720099334741 ] } },
{ "type": "Feature", "properties": { "depth_m": 100.0, "evidence": "DEPCNT" }, "geometry": { "type": "Point", "coordinates": [ 134.600787189275394, 7.336610631829873 ] } },
{ "type": "Feature", "properties": { "depth_m": 100.0, "evidence": "DEPCNT" }, "geometry": { "type": "Point", "coordinates": [ 134.601746730949799, 7.337559370577218 ] } },
{ "type": "Feature", "properties": { "depth_m": 100.0, "evidence": "DEPCNT" }, "geometry": { "type": "Point", "coordinates": [ 134.602564435344789, 7.338626761079759 ] } },
{ "type": "Feature", "properties": { "depth_m": 100.0, "evidence": "DEPCNT" }, "geometry": { "type": "Point", "coordinates": [ 134.603118729856703, 7.33983526824499 ] } },
{ "type": "Feature", "properties": { "depth_m": 100.0, "evidence": "DEPCNT" }, "geometry": { "type": "Point", "coordinates": [ 134.603302, 7.3411722 ] } },
{ "type": "Feature", "properties": { "depth_m": 30.0, "evidence": "DEPCNT" }, "geometry": { "type": "Point", "coordinates": [ 134.6080475, 7.3483501 ] } },
{ "type": "Feature", "properties": { "depth_m": 30.0, "evidence": "DEPCNT" }, "geometry": { "type": "Point", "coordinates": [ 134.607326846715097, 7.34725966811551 ] } },
{ "type": "Feature", "properties": { "depth_m": 30.0, "evidence": "DEPCNT" }, "geometry": { "type": "Point", "coordinates": [ 134.606327462530629, 7.346377015182724 ] } },
{ "type": "Feature", "properties": { "depth_m": 30.0, "evidence": "DEPCNT" }, "geometry": { "type": "Point", "coordinates": [ 134.60548555628273, 7.345366322779188 ] } },
{ "type": "Feature", "properties": { "depth_m": 30.0, "evidence": "DEPCNT" }, "geometry": { "type": "Point", "coordinates": [ 134.604585937450452, 7.344425094079335 ] } },
{ "type": "Feature", "properties": { "depth_m": 30.0, "evidence": "DEPCNT" }, "geometry": { "type": "Point", "coordinates": [ 134.603570674733476, 7.343601046649522 ] } },
{ "type": "Feature", "properties": { "depth_m": 30.0, "evidence": "DEPCNT" }, "geometry": { "type": "Point", "coordinates": [ 134.602534640396016, 7.342826955468839 ] } },
{ "type": "Feature", "properties": { "depth_m": 30.0, "evidence": "DEPCNT" }, "geometry": { "type": "Point", "coordinates": [ 134.601762337675325, 7.341769599185463 ] } },
{ "type": "Feature", "properties": { "depth_m": 30.0, "evidence": "DEPCNT" }, "geometry": { "type": "Point", "coordinates": [ 134.600795391553078, 7.340849672788829 ] } },
{ "type": "Feature", "properties": { "depth_m": 30.0, "evidence": "DEPCNT" }, "geometry": { "type": "Point", "coordinates": [ 134.59974128512323, 7.340037108809504 ] } },
{ "type": "Feature", "properties": { "depth_m": 30.0, "evidence": "DEPCNT" }, "geometry": { "type": "Point", "coordinates": [ 134.598699565511311, 7.339219721068718 ] } },
{ "type": "Feature", "properties": { "depth_m": 30.0, "evidence": "DEPCNT" }, "geometry": { "type": "Point", "coordinates": [ 134.597691465117038, 7.338413269872641 ] } },
{ "type": "Feature", "properties": { "depth_m": 30.0, "evidence": "DEPCNT" }, "geometry": { "type": "Point", "coordinates": [ 134.596799692136585, 7.337430373864233 ] } },
{ "type": "Feature", "properties": { "depth_m": 30.0, "evidence": "DEPCNT" }, "geometry": { "type": "Point", "coordinates": [ 134.59614885704562, 7.336278890338271 ] } },
{ "type": "Feature", "properties": { "depth_m": 30.0, "evidence": "DEPCNT" }, "geometry": { "type": "Point", "coordinates": [ 134.595254206263093, 7.335292159626659 ] } },
{ "type": "Feature", "properties": { "depth_m": 30.0, "evidence": "DEPCNT" }, "geometry": { "type": "Point", "coordinates": [ 134.594647768312569, 7.334129463452947 ] } },
{ "type": "Feature", "properties": { "depth_m": 30.0, "evidence": "DEPCNT" }, "geometry": { "type": "Point", "coordinates": [ 134.593406965627508, 7.334293253859676 ] } },
{ "type": "Feature", "properties": { "depth_m": 30.0, "evidence": "DEPCNT" }, "geometry": { "type": "Point", "coordinates": [ 134.592351795183902, 7.335105121714496 ] } },
{ "type": "Feature", "properties": { "depth_m": 30.0, "evidence": "DEPCNT" }, "geometry": { "type": "Point", "coordinates": [ 134.591230177074294, 7.335806909733919 ] } },
{ "type": "Feature", "properties": { "depth_m": 30.0, "evidence": "DEPCNT" }, "geometry": { "type": "Point", "coordinates": [ 134.589951589356247, 7.335939159642282 ] } },
{ "type": "Feature", "properties": { "depth_m": 30.0, "evidence": "DEPCNT" }, "geometry": { "type": "Point", "coordinates": [ 134.590540900334958, 7.336959486885235 ] } },
{ "type": "Feature", "properties": { "depth_m": 30.0, "evidence": "DEPCNT" }, "geometry": { "type": "Point", "coordinates": [ 134.590786709349686, 7.338197955649939 ] } },
{ "type": "Feature", "properties": { "depth_m": 30.0, "evidence": "DEPCNT" }, "geometry": { "type": "Point", "coordinates": [ 134.591706177386186, 7.33903680973896 ] } },
{ "type": "Feature", "properties": { "depth_m": 30.0, "evidence": "DEPCNT" }, "geometry": { "type": "Point", "coordinates": [ 134.592809672194051, 7.339752446948181 ] } },
{ "type": "Feature", "properties": { "depth_m": 30.0, "evidence": "DEPCNT" }, "geometry": { "type": "Point", "coordinates": [ 134.594016024283405, 7.340319490852207 ] } },
{ "type": "Feature", "properties": { "depth_m": 30.0, "evidence": "DEPCNT" }, "geometry": { "type": "Point", "coordinates": [ 134.595071575201871, 7.341133154894993 ] } },
{ "type": "Feature", "properties": { "depth_m": 30.0, "evidence": "DEPCNT" }, "geometry": { "type": "Point", "coordinates": [ 134.596103040150638, 7.341968113426534 ] } },
{ "type": "Feature", "properties": { "depth_m": 30.0, "evidence": "DEPCNT" }, "geometry": { "type": "Point", "coordinates": [ 134.596899193185635, 7.343035206514466 ] } },
{ "type": "Feature", "properties": { "depth_m": 30.0, "evidence": "DEPCNT" }, "geometry": { "type": "Point", "coordinates": [ 134.597813865080354, 7.343905361550279 ] } },
{ "type": "Feature", "properties": { "depth_m": 30.0, "evidence": "DEPCNT" }, "geometry": { "type": "Point", "coordinates": [ 134.599007167890761, 7.343862424338256 ] } },
{ "type": "Feature", "properties": { "depth_m": 30.0, "evidence": "DEPCNT" }, "geometry": { "type": "Point", "coordinates": [ 134.600133112160307, 7.34452312113565 ] } },
{ "type": "Feature", "properties": { "depth_m": 30.0, "evidence": "DEPCNT" }, "geometry": { "type": "Point", "coordinates": [ 134.600195900320927, 7.345690276184746 ] } },
{ "type": "Feature", "properties": { "depth_m": 30.0, "evidence": "DEPCNT" }, "geometry": { "type": "Point", "coordinates": [ 134.599229143957388, 7.346273858600044 ] } },
{ "type": "Feature", "properties": { "depth_m": 30.0, "evidence": "DEPCNT" }, "geometry": { "type": "Point", "coordinates": [ 134.598104418534234, 7.34647610200363 ] } },
{ "type": "Feature", "properties": { "depth_m": 30.0, "evidence": "DEPCNT" }, "geometry": { "type": "Point", "coordinates": [ 134.598968500000012, 7.346786 ] } },
{ "type": "Feature", "properties": { "depth_m": 30.0, "evidence": "DEPCNT" }, "geometry": { "type": "Point", "coordinates": [ 134.4901222, 7.2901755 ] } },
{ "type": "Feature", "properties": { "depth_m": 30.0, "evidence": "DEPCNT" }, "geometry": { "type": "Point", "coordinates": [ 134.489299227153111, 7.289803860649172 ] } },
{ "type": "Feature", "properties": { "depth_m": 30.0, "evidence": "DEPCNT" }, "geometry": { "type": "Point", "coordinates": [ 134.48931444663603, 7.290588762442037 ] } },
{ "type": "Feature", "properties": { "depth_m": 30.0, "evidence": "DEPCNT" }, "geometry": { "type": "Point", "coordinates": [ 134.4901222, 7.2901755 ] } },
{ "type": "Feature", "properties": { "depth_m": 20.0, "evidence": "DEPCNT" }, "geometry": { "type": "Point", "coordinates": [ 134.4895783, 7.3892999 ] } },
{ "type": "Feature", "properties": { "depth_m": 20.0, "evidence": "DEPCNT" }, "geometry": { "type": "Point", "coordinates": [ 134.490448, 7.3899527 ] } },
{ "type": "Feature", "properties": { "depth_m": 10.0, "evidence": "DEPCNT" }, "geometry": { "type": "Point", "coordinates": [ 134.4878998, 7.3985086 ] } },
{ "type": "Feature", "properties": { "depth_m": 10.0, "evidence": "DEPCNT" }, "geometry": { "type": "Point", "coordinates": [ 134.488949927732193, 7.398957206852245 ] } },
{ "type": "Feature", "properties": { "depth_m": 10.0, "evidence": "DEPCNT" }, "geometry": { "type": "Point", "coordinates": [ 134.488657397575395, 7.399694881642892 ] } },
{ "type": "Feature", "properties": { "depth_m": 10.0, "evidence": "DEPCNT" }, "geometry": { "type": "Point", "coordinates": [ 134.488781304290114, 7.400291400062744 ] } },
{ "type": "Feature", "properties": { "depth_m": 10.0, "evidence": "DEPCNT" }, "geometry": { "type": "Point", "coordinates": [ 134.489503456916452, 7.401003343408915 ] } },
{ "type": "Feature", "properties": { "depth_m": 10.0, "evidence": "DEPCNT" }, "geometry": { "type": "Point", "coordinates": [ 134.490617043489294, 7.400791232645443 ] } },
{ "type": "Feature", "properties": { "depth_m": 10.0, "evidence": "DEPCNT" }, "geometry": { "type": "Point", "coordinates": [ 134.491076104398616, 7.401866585962448 ] } },
{ "type": "Feature", "properties": { "depth_m": 10.0, "evidence": "DEPCNT" }, "geometry": { "type": "Point", "coordinates": [ 134.491806, 7.401886 ] } },
{ "type": "Feature", "properties": { "depth_m": 20.0, "evidence": "DEPCNT" }, "geometry": { "type": "Point", "coordinates": [ 134.49258420000001, 7.3307667 ] } },
{ "type": "Feature", "properties": { "depth_m": 20.0, "evidence": "DEPCNT" }, "geometry": { "type": "Point", "coordinates": [ 134.491824460211831, 7.330362198628716 ] } },
{ "type": "Feature", "properties": { "depth_m": 20.0, "evidence": "DEPCNT" }, "geometry": { "type": "Point", "coordinates": [ 134.491027800000012, 7.330761 ] } },
{ "type": "Feature", "properties": { "depth_m": 10.0, "evidence": "DEPCNT" }, "geometry": { "type": "Point", "coordinates": [ 134.491989100000012, 7.2744141 ] } },
{ "type": "Feature", "properties": { "depth_m": 10.0, "evidence": "DEPCNT" }, "geometry": { "type": "Point", "coordinates": [ 134.492747322619721, 7.273540064828784 ] } },
{ "type": "Feature", "properties": { "depth_m": 10.0, "evidence": "DEPCNT" }, "geometry": { "type": "Point", "coordinates": [ 134.492417321361927, 7.272503370854851 ] } },
{ "type": "Feature", "properties": { "depth_m": 10.0, "evidence": "DEPCNT" }, "geometry": { "type": "Point", "coordinates": [ 134.491342743181974, 7.272237175443371 ] } },
{ "type": "Feature", "properties": { "depth_m": 10.0, "evidence": "DEPCNT" }, "geometry": { "type": "Point", "coordinates": [ 134.490524300000544, 7.273009538710937 ] } },
{ "type": "Feature", "properties": { "depth_m": 10.0, "evidence": "DEPCNT" }, "geometry": { "type": "Point", "coordinates": [ 134.491000599662613, 7.27408749753166 ] } },
{ "type": "Feature", "properties": { "depth_m": 10.0, "evidence": "DEPCNT" }, "geometry": { "type": "Point", "coordinates": [ 134.491989100000012, 7.2744141 ] } },
{ "type": "Feature", "properties": { "depth_m": 2.0, "evidence": "DEPCNT" }, "geometry": { "type": "Point", "coordinates": [ 134.494339, 7.415278 ] } },
{ "type": "Feature", "properties": { "depth_m": 2.0, "evidence": "DEPCNT" }, "geometry": { "type": "Point", "coordinates": [ 134.4949493, 7.4148612 ] } },
{ "type": "Feature", "properties": { "depth_m": 30.0, "evidence": "DEPCNT" }, "geometry": { "type": "Point", "coordinates": [ 134.46386720000001, 7.2363973 ] } },
{ "type": "Feature", "properties": { "depth_m": 30.0, "evidence": "DEPCNT" }, "geometry": { "type": "Point", "coordinates": [ 134.464364689012683, 7.237587866662943 ] } },
{ "type": "Feature", "properties": { "depth_m": 30.0, "evidence": "DEPCNT" }, "geometry": { "type": "Point", "coordinates": [ 134.465219752359786, 7.238450074551149 ] } },
{ "type": "Feature", "properties": { "depth_m": 30.0, "evidence": "DEPCNT" }, "geometry": { "type": "Point", "coordinates": [ 134.466019750387517, 7.239520260052407 ] } },
{ "type": "Feature", "properties": { "depth_m": 30.0, "evidence": "DEPCNT" }, "geometry": { "type": "Point", "coordinates": [ 134.46676335809866, 7.240582309249709 ] } },
{ "type": "Feature", "properties": { "depth_m": 30.0, "evidence": "DEPCNT" }, "geometry": { "type": "Point", "coordinates": [ 134.466926115747867, 7.241766594227857 ] } },
{ "type": "Feature", "properties": { "depth_m": 30.0, "evidence": "DEPCNT" }, "geometry": { "type": "Point", "coordinates": [ 134.468228736822311, 7.241984272837644 ] } },
{ "type": "Feature", "properties": { "depth_m": 30.0, "evidence": "DEPCNT" }, "geometry": { "type": "Point", "coordinates": [ 134.468685243074475, 7.243159929302414 ] } },
{ "type": "Feature", "properties": { "depth_m": 30.0, "evidence": "DEPCNT" }, "geometry": { "type": "Point", "coordinates": [ 134.469097960147053, 7.244369521323458 ] } },
{ "type": "Feature", "properties": { "depth_m": 30.0, "evidence": "DEPCNT" }, "geometry": { "type": "Point", "coordinates": [ 134.469762225732552, 7.245491527940944 ] } },
{ "type": "Feature", "properties": { "depth_m": 30.0, "evidence": "DEPCNT" }, "geometry": { "type": "Point", "coordinates": [ 134.470559826505223, 7.24655518599042 ] } },
{ "type": "Feature", "properties": { "depth_m": 30.0, "evidence": "DEPCNT" }, "geometry": { "type": "Point", "coordinates": [ 134.471133430854707, 7.247737334006437 ] } },
{ "type": "Feature", "properties": { "depth_m": 30.0, "evidence": "DEPCNT" }, "geometry": { "type": "Point", "coordinates": [ 134.472310391324271, 7.248166750836251 ] } },
{ "type": "Feature", "properties": { "depth_m": 30.0, "evidence": "DEPCNT" }, "geometry": { "type": "Point", "coordinates": [ 134.472653593082015, 7.249417456931278 ] } },
{ "type": "Feature", "properties": { "depth_m": 30.0, "evidence": "DEPCNT" }, "geometry": { "type": "Point", "coordinates": [ 134.473557958946031, 7.25038945366812 ] } },
{ "type": "Feature", "properties": { "depth_m": 30.0, "evidence": "DEPCNT" }, "geometry": { "type": "Point", "coordinates": [ 134.474504419964148, 7.251284345492355 ] } },
{ "type": "Feature", "properties": { "depth_m": 30.0, "evidence": "DEPCNT" }, "geometry": { "type": "Point", "coordinates": [ 134.474990919367656, 7.252490048388696 ] } },
{ "type": "Feature", "properties": { "depth_m": 30.0, "evidence": "DEPCNT" }, "geometry": { "type": "Point", "coordinates": [ 134.475263693053279, 7.253794293022978 ] } },
{ "type": "Feature", "properties": { "depth_m": 30.0, "evidence": "DEPCNT" }, "geometry": { "type": "Point", "coordinates": [ 134.475497169343754, 7.255015316430564 ] } },
{ "type": "Feature", "properties": { "depth_m": 30.0, "evidence": "DEPCNT" }, "geometry": { "type": "Point", "coordinates": [ 134.476071787034272, 7.256194402563859 ] } },
{ "type": "Feature", "properties": { "depth_m": 30.0, "evidence": "DEPCNT" }, "geometry": { "type": "Point", "coordinates": [ 134.47672478866096, 7.25736082239107 ] } },
{ "type": "Feature", "properties": { "depth_m": 30.0, "evidence": "DEPCNT" }, "geometry": { "type": "Point", "coordinates": [ 134.477659402846285, 7.258323061741386 ] } },
{ "type": "Feature", "properties": { "depth_m": 30.0, "evidence": "DEPCNT" }, "geometry": { "type": "Point", "coordinates": [ 134.478724577143083, 7.259142837022734 ] } },
{ "type": "Feature", "properties": { "depth_m": 30.0, "evidence": "DEPCNT" }, "geometry": { "type": "Point", "coordinates": [ 134.479734351602133, 7.260023564691012 ] } },
{ "type": "Feature", "properties": { "depth_m": 30.0, "evidence": "DEPCNT" }, "geometry": { "type": "Point", "coordinates": [ 134.480850760830805, 7.260748376607521 ] } },
{ "type": "Feature", "properties": { "depth_m": 30.0, "evidence": "DEPCNT" }, "geometry": { "type": "Point", "coordinates": [ 134.481912871058569, 7.261404151498509 ] } },
{ "type": "Feature", "properties": { "depth_m": 30.0, "evidence": "DEPCNT" }, "geometry": { "type": "Point", "coordinates": [ 134.48310932489386, 7.261908500008157 ] } },
{ "type": "Feature", "properties": { "depth_m": 30.0, "evidence": "DEPCNT" }, "geometry": { "type": "Point", "coordinates": [ 134.483967998049565, 7.262554405844273 ] } },
{ "type": "Feature", "properties": { "depth_m": 30.0, "evidence": "DEPCNT" }, "geometry": { "type": "Point", "coordinates": [ 134.484702362487184, 7.263667152063696 ] } },
{ "type": "Feature", "properties": { "depth_m": 30.0, "evidence": "DEPCNT" }, "geometry": { "type": "Point", "coordinates": [ 134.485835208286829, 7.264328758333797 ] } },
{ "type": "Feature", "properties": { "depth_m": 30.0, "evidence": "DEPCNT" }, "geometry": { "type": "Point", "coordinates": [ 134.486859896438006, 7.265070192410796 ] } },
{ "type": "Feature", "properties": { "depth_m": 30.0, "evidence": "DEPCNT" }, "geometry": { "type": "Point", "coordinates": [ 134.486983795541164, 7.266404023555079 ] } },
{ "type": "Feature", "properties": { "depth_m": 30.0, "evidence": "DEPCNT" }, "geometry": { "type": "Point", "coordinates": [ 134.487906606796344, 7.267286863912583 ] } },
{ "type": "Feature", "properties": { "depth_m": 30.0, "evidence": "DEPCNT" }, "geometry": { "type": "Point", "coordinates": [ 134.488629743439674, 7.26838963362765 ] } },
{ "type": "Feature", "properties": { "depth_m": 30.0, "evidence": "DEPCNT" }, "geometry": { "type": "Point", "coordinates": [ 134.489727768167938, 7.269156598297198 ] } },
{ "type": "Feature", "properties": { "depth_m": 30.0, "evidence": "DEPCNT" }, "geometry": { "type": "Point", "coordinates": [ 134.490899996697976, 7.269799049363447 ] } },
{ "type": "Feature", "properties": { "depth_m": 30.0, "evidence": "DEPCNT" }, "geometry": { "type": "Point", "coordinates": [ 134.492064562559023, 7.270447634408217 ] } },
{ "type": "Feature", "properties": { "depth_m": 30.0, "evidence": "DEPCNT" }, "geometry": { "type": "Point", "coordinates": [ 134.493235158237354, 7.270958400002705 ] } },
{ "type": "Feature", "properties": { "depth_m": 30.0, "evidence": "DEPCNT" }, "geometry": { "type": "Point", "coordinates": [ 134.494516717517428, 7.271336467011469 ] } },
{ "type": "Feature", "properties": { "depth_m": 30.0, "evidence": "DEPCNT" }, "geometry": { "type": "Point", "coordinates": [ 134.495614418449435, 7.272091288108863 ] } },
{ "type": "Feature", "properties": { "depth_m": 30.0, "evidence": "DEPCNT" }, "geometry": { "type": "Point", "coordinates": [ 134.496774670828444, 7.2727414254477 ] } },
{ "type": "Feature", "properties": { "depth_m": 30.0, "evidence": "DEPCNT" }, "geometry": { "type": "Point", "coordinates": [ 134.497479306538793, 7.273802349949849 ] } },
{ "type": "Feature", "properties": { "depth_m": 30.0, "evidence": "DEPCNT" }, "geometry": { "type": "Point", "coordinates": [ 134.49815339441119, 7.274734982732927 ] } },
{ "type": "Feature", "properties": { "depth_m": 30.0, "evidence": "DEPCNT" }, "geometry": { "type": "Point", "coordinates": [ 134.498712976509523, 7.275948452743714 ] } },
{ "type": "Feature", "properties": { "depth_m": 30.0, "evidence": "DEPCNT" }, "geometry": { "type": "Point", "coordinates": [ 134.4993744, 7.2771053 ] } },
{ "type": "Feature", "properties": { "depth_m": 10.0, "evidence": "DEPCNT" }, "geometry": { "type": "Point", "coordinates": [ 134.4735565, 7.2838168 ] } },
{ "type": "Feature", "properties": { "depth_m": 10.0, "evidence": "DEPCNT" }, "geometry": { "type": "Point", "coordinates": [ 134.474732134511868, 7.284468097605958 ] } },
{ "type": "Feature", "properties": { "depth_m": 10.0, "evidence": "DEPCNT" }, "geometry": { "type": "Point", "coordinates": [ 134.475602918250161, 7.285407096011843 ] } },
{ "type": "Feature", "properties": { "depth_m": 10.0, "evidence": "DEPCNT" }, "geometry": { "type": "Point", "coordinates": [ 134.476493840443084, 7.286389019810144 ] } },
{ "type": "Feature", "properties": { "depth_m": 10.0, "evidence": "DEPCNT" }, "geometry": { "type": "Point", "coordinates": [ 134.477545907769155, 7.287150176479808 ] } },
{ "type": "Feature", "properties": { "depth_m": 10.0, "evidence": "DEPCNT" }, "geometry": { "type": "Point", "coordinates": [ 134.478575495575654, 7.288000640717041 ] } },
{ "type": "Feature", "properties": { "depth_m": 10.0, "evidence": "DEPCNT" }, "geometry": { "type": "Point", "coordinates": [ 134.47959617964699, 7.2888798200684 ] } },
{ "type": "Feature", "properties": { "depth_m": 10.0, "evidence": "DEPCNT" }, "geometry": { "type": "Point", "coordinates": [ 134.480407492673436, 7.289938630892666 ] } },
{ "type": "Feature", "properties": { "depth_m": 10.0, "evidence": "DEPCNT" }, "geometry": { "type": "Point", "coordinates": [ 134.481137656927984, 7.29106303734744 ] } },
{ "type": "Feature", "properties": { "depth_m": 10.0, "evidence": "DEPCNT" }, "geometry": { "type": "Point", "coordinates": [ 134.481950678145211, 7.292081066997056 ] } },
{ "type": "Feature", "properties": { "depth_m": 10.0, "evidence": "DEPCNT" }, "geometry": { "type": "Point", "coordinates": [ 134.483037600843659, 7.292863436683648 ] } },
{ "type": "Feature", "properties": { "depth_m": 10.0, "evidence": "DEPCNT" }, "geometry": { "type": "Point", "coordinates": [ 134.484294502509243, 7.293270638084538 ] } },
{ "type": "Feature", "properties": { "depth_m": 10.0, "evidence": "DEPCNT" }, "geometry": { "type": "Point", "coordinates": [ 134.485425973588406, 7.293981429977438 ] } },
{ "type": "Feature", "properties": { "depth_m": 10.0, "evidence": "DEPCNT" }, "geometry": { "type": "Point", "coordinates": [ 134.48648421033289, 7.294804850808867 ] } },
{ "type": "Feature", "properties": { "depth_m": 10.0, "evidence": "DEPCNT" }, "geometry": { "type": "Point", "coordinates": [ 134.487474175768227, 7.295677584300602 ] } },
{ "type": "Feature", "properties": { "depth_m": 10.0, "evidence": "DEPCNT" }, "geometry": { "type": "Point", "coordinates": [ 134.488591191838509, 7.296340416601645 ] } },
{ "type": "Feature", "properties": { "depth_m": 10.0, "evidence": "DEPCNT" }, "geometry": { "type": "Point", "coordinates": [ 134.489229305780867, 7.297465178915914 ] } },
{ "type": "Feature", "properties": { "depth_m": 10.0, "evidence": "DEPCNT" }, "geometry": { "type": "Point", "coordinates": [ 134.49034603980067, 7.298205303730926 ] } },
{ "type": "Feature", "properties": { "depth_m": 10.0, "evidence": "DEPCNT" }, "geometry": { "type": "Point", "coordinates": [ 134.491460657640204, 7.29889150000779 ] } },
{ "type": "Feature", "properties": { "depth_m": 10.0, "evidence": "DEPCNT" }, "geometry": { "type": "Point", "coordinates": [ 134.492708253272866, 7.299049122917011 ] } },
{ "type": "Feature", "properties": { "depth_m": 10.0, "evidence": "DEPCNT" }, "geometry": { "type": "Point", "coordinates": [ 134.493761203379165, 7.299875855718534 ] } },
{ "type": "Feature", "properties": { "depth_m": 10.0, "evidence": "DEPCNT" }, "geometry": { "type": "Point", "coordinates": [ 134.494965447905258, 7.300261522492998 ] } },
{ "type": "Feature", "properties": { "depth_m": 10.0, "evidence": "DEPCNT" }, "geometry": { "type": "Point", "coordinates": [ 134.496022075873015, 7.300939747916464 ] } },
{ "type": "Feature", "properties": { "depth_m": 10.0, "evidence": "DEPCNT" }, "geometry": { "type": "Point", "coordinates": [ 134.497175730778764, 7.301583174005995 ] } },
{ "type": "Feature", "properties": { "depth_m": 10.0, "evidence": "DEPCNT" }, "geometry": { "type": "Point", "coordinates": [ 134.498244448368666, 7.302376440719264 ] } },
{ "type": "Feature", "properties": { "depth_m": 10.0, "evidence": "DEPCNT" }, "geometry": { "type": "Point", "coordinates": [ 134.499186241544379, 7.303262482831118 ] } },
{ "type": "Feature", "properties": { "depth_m": 10.0, "evidence": "DEPCNT" }, "geometry": { "type": "Point", "coordinates": [ 134.5001221, 7.3042278 ] } },
{ "type": "Feature", "properties": { "depth_m": 20.0, "evidence": "DEPCNT" }, "geometry": { "type": "Point", "coordinates": [ 134.48281860000003, 7.2660027 ] } },
{ "type": "Feature", "properties": { "depth_m": 20.0, "evidence": "DEPCNT" }, "geometry": { "type": "Point", "coordinates": [ 134.483982725510828, 7.266550794958228 ] } },
{ "type": "Feature", "properties": { "depth_m": 20.0, "evidence": "DEPCNT" }, "geometry": { "type": "Point", "coordinates": [ 134.484734269803994, 7.267591319259926 ] } },
{ "type": "Feature", "properties": { "depth_m": 20.0, "evidence": "DEPCNT" }, "geometry": { "type": "Point", "coordinates": [ 134.485551510315304, 7.268592825937702 ] } },
{ "type": "Feature", "properties": { "depth_m": 20.0, "evidence": "DEPCNT" }, "geometry": { "type": "Point", "coordinates": [ 134.48604983926171, 7.269627076054987 ] } },
{ "type": "Feature", "properties": { "depth_m": 20.0, "evidence": "DEPCNT" }, "geometry": { "type": "Point", "coordinates": [ 134.48723524454013, 7.269214975374894 ] } },
{ "type": "Feature", "properties": { "depth_m": 20.0, "evidence": "DEPCNT" }, "geometry": { "type": "Point", "coordinates": [ 134.487930300000187, 7.270323647396571 ] } },
{ "type": "Feature", "properties": { "depth_m": 20.0, "evidence": "DEPCNT" }, "geometry": { "type": "Point", "coordinates": [ 134.487827899737624, 7.271456704579433 ] } },
{ "type": "Feature", "properties": { "depth_m": 20.0, "evidence": "DEPCNT" }, "geometry": { "type": "Point", "coordinates": [ 134.489007441363015, 7.272042026865794 ] } },
{ "type": "Feature", "properties": { "depth_m": 20.0, "evidence": "DEPCNT" }, "geometry": { "type": "Point", "coordinates": [ 134.490082053816053, 7.272741857857688 ] } },
{ "type": "Feature", "properties": { "depth_m": 20.0, "evidence": "DEPCNT" }, "geometry": { "type": "Point", "coordinates": [ 134.49068527546342, 7.273907722752825 ] } },
{ "type": "Feature", "properties": { "depth_m": 20.0, "evidence": "DEPCNT" }, "geometry": { "type": "Point", "coordinates": [ 134.491605571336976, 7.274725000011705 ] } },
{ "type": "Feature", "properties": { "depth_m": 20.0, "evidence": "DEPCNT" }, "geometry": { "type": "Point", "coordinates": [ 134.492915860431253, 7.27458566735535 ] } },
{ "type": "Feature", "properties": { "depth_m": 20.0, "evidence": "DEPCNT" }, "geometry": { "type": "Point", "coordinates": [ 134.494041957562388, 7.273933020748512 ] } },
{ "type": "Feature", "properties": { "depth_m": 20.0, "evidence": "DEPCNT" }, "geometry": { "type": "Point", "coordinates": [ 134.494759187245592, 7.274230023678592 ] } },
{ "type": "Feature", "properties": { "depth_m": 20.0, "evidence": "DEPCNT" }, "geometry": { "type": "Point", "coordinates": [ 134.494628900000237, 7.275523804844118 ] } },
{ "type": "Feature", "properties": { "depth_m": 20.0, "evidence": "DEPCNT" }, "geometry": { "type": "Point", "coordinates": [ 134.495166476773932, 7.276683937900599 ] } },
{ "type": "Feature", "properties": { "depth_m": 20.0, "evidence": "DEPCNT" }, "geometry": { "type": "Point", "coordinates": [ 134.496211218306684, 7.277348552459959 ] } },
{ "type": "Feature", "properties": { "depth_m": 20.0, "evidence": "DEPCNT" }, "geometry": { "type": "Point", "coordinates": [ 134.497058293211836, 7.278325157108129 ] } },
{ "type": "Feature", "properties": { "depth_m": 20.0, "evidence": "DEPCNT" }, "geometry": { "type": "Point", "coordinates": [ 134.497381838572323, 7.279524647331553 ] } },
{ "type": "Feature", "properties": { "depth_m": 20.0, "evidence": "DEPCNT" }, "geometry": { "type": "Point", "coordinates": [ 134.498077080852596, 7.278593702326214 ] } },
{ "type": "Feature", "properties": { "depth_m": 20.0, "evidence": "DEPCNT" }, "geometry": { "type": "Point", "coordinates": [ 134.498957485473596, 7.278453551514328 ] } },
{ "type": "Feature", "properties": { "depth_m": 20.0, "evidence": "DEPCNT" }, "geometry": { "type": "Point", "coordinates": [ 134.499509692004068, 7.279648618968836 ] } },
{ "type": "Feature", "properties": { "depth_m": 20.0, "evidence": "DEPCNT" }, "geometry": { "type": "Point", "coordinates": [ 134.500303667091856, 7.280652594109807 ] } },
{ "type": "Feature", "properties": { "depth_m": 20.0, "evidence": "DEPCNT" }, "geometry": { "type": "Point", "coordinates": [ 134.499564261005276, 7.281454569580173 ] } },
{ "type": "Feature", "properties": { "depth_m": 20.0, "evidence": "DEPCNT" }, "geometry": { "type": "Point", "coordinates": [ 134.49852587740898, 7.281991266967153 ] } },
{ "type": "Feature", "properties": { "depth_m": 20.0, "evidence": "DEPCNT" }, "geometry": { "type": "Point", "coordinates": [ 134.497558594201649, 7.282652398765574 ] } },
{ "type": "Feature", "properties": { "depth_m": 20.0, "evidence": "DEPCNT" }, "geometry": { "type": "Point", "coordinates": [ 134.496453472361679, 7.282805023162307 ] } },
{ "type": "Feature", "properties": { "depth_m": 20.0, "evidence": "DEPCNT" }, "geometry": { "type": "Point", "coordinates": [ 134.496261364806344, 7.284073548076522 ] } },
{ "type": "Feature", "properties": { "depth_m": 20.0, "evidence": "DEPCNT" }, "geometry": { "type": "Point", "coordinates": [ 134.497233785627344, 7.28490925739764 ] } },
{ "type": "Feature", "properties": { "depth_m": 20.0, "evidence": "DEPCNT" }, "geometry": { "type": "Point", "coordinates": [ 134.497626363074829, 7.286144120806019 ] } },
{ "type": "Feature", "properties": { "depth_m": 20.0, "evidence": "DEPCNT" }, "geometry": { "type": "Point", "coordinates": [ 134.49833388116798, 7.287177149374161 ] } },
{ "type": "Feature", "properties": { "depth_m": 20.0, "evidence": "DEPCNT" }, "geometry": { "type": "Point", "coordinates": [ 134.499185506572161, 7.288152951896047 ] } },
{ "type": "Feature", "properties": { "depth_m": 20.0, "evidence": "DEPCNT" }, "geometry": { "type": "Point", "coordinates": [ 134.4998627, 7.2892776 ] } },
{ "type": "Feature", "properties": { "depth_m": 20.0, "evidence": "DEPCNT" }, "geometry": { "type": "Point", "coordinates": [ 134.5034943, 7.3062553 ] } },
{ "type": "Feature", "properties": { "depth_m": 20.0, "evidence": "DEPCNT" }, "geometry": { "type": "Point", "coordinates": [ 134.502670300000062, 7.305767133758369 ] } },
{ "type": "Feature", "properties": { "depth_m": 20.0, "evidence": "DEPCNT" }, "geometry": { "type": "Point", "coordinates": [ 134.503536296295181, 7.304999535137298 ] } },
{ "type": "Feature", "properties": { "depth_m": 20.0, "evidence": "DEPCNT" }, "geometry": { "type": "Point", "coordinates": [ 134.504111761490037, 7.303882272083358 ] } },
{ "type": "Feature", "properties": { "depth_m": 20.0, "evidence": "DEPCNT" }, "geometry": { "type": "Point", "coordinates": [ 134.504933636189037, 7.303019500010013 ] } },
{ "type": "Feature", "properties": { "depth_m": 20.0, "evidence": "DEPCNT" }, "geometry": { "type": "Point", "coordinates": [ 134.505955120257681, 7.303482852061578 ] } },
{ "type": "Feature", "properties": { "depth_m": 20.0, "evidence": "DEPCNT" }, "geometry": { "type": "Point", "coordinates": [ 134.505334011064946, 7.304528352240846 ] } },
{ "type": "Feature", "properties": { "depth_m": 20.0, "evidence": "DEPCNT" }, "geometry": { "type": "Point", "coordinates": [ 134.504800954165546, 7.305562072613609 ] } },
{ "type": "Feature", "properties": { "depth_m": 20.0, "evidence": "DEPCNT" }, "geometry": { "type": "Point", "coordinates": [ 134.505403952279806, 7.306654010592942 ] } },
{ "type": "Feature", "properties": { "depth_m": 20.0, "evidence": "DEPCNT" }, "geometry": { "type": "Point", "coordinates": [ 134.505641596034707, 7.307684280536675 ] } },
{ "type": "Feature", "properties": { "depth_m": 20.0, "evidence": "DEPCNT" }, "geometry": { "type": "Point", "coordinates": [ 134.504597965509163, 7.307363835563462 ] } },
{ "type": "Feature", "properties": { "depth_m": 20.0, "evidence": "DEPCNT" }, "geometry": { "type": "Point", "coordinates": [ 134.5039215, 7.3065777 ] } },
{ "type": "Feature", "properties": { "depth_m": 100.0, "evidence": "DEPCNT" }, "geometry": { "type": "Point", "coordinates": [ 134.507507299999986, 7.2868695 ] } },
{ "type": "Feature", "properties": { "depth_m": 100.0, "evidence": "DEPCNT" }, "geometry": { "type": "Point", "coordinates": [ 134.506234786733074, 7.286483062517969 ] } },
{ "type": "Feature", "properties": { "depth_m": 100.0, "evidence": "DEPCNT" }, "geometry": { "type": "Point", "coordinates": [ 134.505382079291479, 7.285544881921505 ] } },
{ "type": "Feature", "properties": { "depth_m": 100.0, "evidence": "DEPCNT" }, "geometry": { "type": "Point", "coordinates": [ 134.504820818283633, 7.284336266894823 ] } },
{ "type": "Feature", "properties": { "depth_m": 100.0, "evidence": "DEPCNT" }, "geometry": { "type": "Point", "coordinates": [ 134.50405594765374, 7.283237584829944 ] } },
{ "type": "Feature", "properties": { "depth_m": 100.0, "evidence": "DEPCNT" }, "geometry": { "type": "Point", "coordinates": [ 134.503490001680206, 7.282024249733829 ] } },
{ "type": "Feature", "properties": { "depth_m": 100.0, "evidence": "DEPCNT" }, "geometry": { "type": "Point", "coordinates": [ 134.502898058866805, 7.280820379584084 ] } },
{ "type": "Feature", "properties": { "depth_m": 100.0, "evidence": "DEPCNT" }, "geometry": { "type": "Point", "coordinates": [ 134.502602816536836, 7.27952302742132 ] } },
{ "type": "Feature", "properties": { "depth_m": 100.0, "evidence": "DEPCNT" }, "geometry": { "type": "Point", "coordinates": [ 134.501941779009627, 7.278389633849253 ] } },
{ "type": "Feature", "properties": { "depth_m": 100.0, "evidence": "DEPCNT" }, "geometry": { "type": "Point", "coordinates": [ 134.501527467172707, 7.27711738297764 ] } },
{ "type": "Feature", "properties": { "depth_m": 100.0, "evidence": "DEPCNT" }, "geometry": { "type": "Point", "coordinates": [ 134.500696550294919, 7.276080739870028 ] } },
{ "type": "Feature", "properties": { "depth_m": 100.0, "evidence": "DEPCNT" }, "geometry": { "type": "Point", "coordinates": [ 134.499860273830905, 7.2750291388659 ] } },
{ "type": "Feature", "properties": { "depth_m": 100.0, "evidence": "DEPCNT" }, "geometry": { "type": "Point", "coordinates": [ 134.499132767398834, 7.273903606568749 ] } },
{ "type": "Feature", "properties": { "depth_m": 100.0, "evidence": "DEPCNT" }, "geometry": { "type": "Point", "coordinates": [ 134.498533791106183, 7.272701217618335 ] } },
{ "type": "Feature", "properties": { "depth_m": 100.0, "evidence": "DEPCNT" }, "geometry": { "type": "Point", "coordinates": [ 134.497762843345384, 7.271604472544342 ] } },
{ "type": "Feature", "properties": { "depth_m": 100.0, "evidence": "DEPCNT" }, "geometry": { "type": "Point", "coordinates": [ 134.496880030180364, 7.270590593749704 ] } },
{ "type": "Feature", "properties": { "depth_m": 100.0, "evidence": "DEPCNT" }, "geometry": { "type": "Point", "coordinates": [ 134.495839969048177, 7.26976654040255 ] } },
{ "type": "Feature", "properties": { "depth_m": 100.0, "evidence": "DEPCNT" }, "geometry": { "type": "Point", "coordinates": [ 134.494563232087529, 7.269349911088868 ] } },
{ "type": "Feature", "properties": { "depth_m": 100.0, "evidence": "DEPCNT" }, "geometry": { "type": "Point", "coordinates": [ 134.493298861726402, 7.268897711454779 ] } },
{ "type": "Feature", "properties": { "depth_m": 100.0, "evidence": "DEPCNT" }, "geometry": { "type": "Point", "coordinates": [ 134.492168354661032, 7.268202600623153 ] } },
{ "type": "Feature", "properties": { "depth_m": 100.0, "evidence": "DEPCNT" }, "geometry": { "type": "Point", "coordinates": [ 134.4918366, 7.2670388 ] } },
{ "type": "Feature", "properties": { "depth_m": 30.0, "evidence": "DEPCNT" }, "geometry": { "type": "Point", "coordinates": [ 134.5119171, 7.3532863 ] } },
{ "type": "Feature", "properties": { "depth_m": 30.0, "evidence": "DEPCNT" }, "geometry": { "type": "Point", "coordinates": [ 134.512011612305002, 7.352177884424038 ] } },
{ "type": "Feature", "properties": { "depth_m": 30.0, "evidence": "DEPCNT" }, "geometry": { "type": "Point", "coordinates": [ 134.511023445082316, 7.351816106468082 ] } },
{ "type": "Feature", "properties": { "depth_m": 30.0, "evidence": "DEPCNT" }, "geometry": { "type": "Point", "coordinates": [ 134.5100098, 7.3523169 ] } },
{ "type": "Feature", "properties": { "depth_m": 10.0, "evidence": "DEPCNT" }, "geometry": { "type": "Point", "coordinates": [ 134.512802099999988, 7.349103 ] } },
{ "type": "Feature", "properties": { "depth_m": 10.0, "evidence": "DEPCNT" }, "geometry": { "type": "Point", "coordinates": [ 134.512890941994215, 7.348253258509204 ] } },
{ "type": "Feature", "properties": { "depth_m": 10.0, "evidence": "DEPCNT" }, "geometry": { "type": "Point", "coordinates": [ 134.513488799257686, 7.348643395165656 ] } },
{ "type": "Feature", "properties": { "depth_m": 10.0, "evidence": "DEPCNT" }, "geometry": { "type": "Point", "coordinates": [ 134.512802099999988, 7.349103 ] } },
{ "type": "Feature", "properties": { "depth_m": 5.0, "evidence": "DEPCNT" }, "geometry": { "type": "Point", "coordinates": [ 134.506973300000027, 7.2904248 ] } },
{ "type": "Feature", "properties": { "depth_m": 5.0, "evidence": "DEPCNT" }, "geometry": { "type": "Point", "coordinates": [ 134.506301900000068, 7.289486263774442 ] } },
{ "type": "Feature", "properties": { "depth_m": 5.0, "evidence": "DEPCNT" }, "geometry": { "type": "Point", "coordinates": [ 134.507293983886228, 7.289297327584597 ] } },
{ "type": "Feature", "properties": { "depth_m": 5.0, "evidence": "DEPCNT" }, "geometry": { "type": "Point", "coordinates": [ 134.508387839155091, 7.289758505012715 ] } },
{ "type": "Feature", "properties": { "depth_m": 5.0, "evidence": "DEPCNT" }, "geometry": { "type": "Point", "coordinates": [ 134.509410493665911, 7.290144854271183 ] } },
{ "type": "Feature", "properties": { "depth_m": 5.0, "evidence": "DEPCNT" }, "geometry": { "type": "Point", "coordinates": [ 134.510545283607456, 7.289833637276668 ] } },
{ "type": "Feature", "properties": { "depth_m": 5.0, "evidence": "DEPCNT" }, "geometry": { "type": "Point", "coordinates": [ 134.51174213182847, 7.28959144976367 ] } },
{ "type": "Feature", "properties": { "depth_m": 5.0, "evidence": "DEPCNT" }, "geometry": { "type": "Point", "coordinates": [ 134.512927814491263, 7.289833560553009 ] } },
{ "type": "Feature", "properties": { "depth_m": 5.0, "evidence": "DEPCNT" }, "geometry": { "type": "Point", "coordinates": [ 134.513643700530054, 7.290545442536011 ] } },
{ "type": "Feature", "properties": { "depth_m": 5.0, "evidence": "DEPCNT" }, "geometry": { "type": "Point", "coordinates": [ 134.514545090383962, 7.291343029636758 ] } },
{ "type": "Feature", "properties": { "depth_m": 5.0, "evidence": "DEPCNT" }, "geometry": { "type": "Point", "coordinates": [ 134.5144501, 7.2925696 ] } },
{ "type": "Feature", "properties": { "depth_m": 10.0, "evidence": "DEPCNT" }, "geometry": { "type": "Point", "coordinates": [ 134.5163269, 7.3432889 ] } },
{ "type": "Feature", "properties": { "depth_m": 10.0, "evidence": "DEPCNT" }, "geometry": { "type": "Point", "coordinates": [ 134.51623763808152, 7.342594649328237 ] } },
{ "type": "Feature", "properties": { "depth_m": 10.0, "evidence": "DEPCNT" }, "geometry": { "type": "Point", "coordinates": [ 134.5156708, 7.3430057 ] } },
{ "type": "Feature", "properties": { "depth_m": 5.0, "evidence": "DEPCNT" }, "geometry": { "type": "Point", "coordinates": [ 134.5210114, 7.322011 ] } },
{ "type": "Feature", "properties": { "depth_m": 5.0, "evidence": "DEPCNT" }, "geometry": { "type": "Point", "coordinates": [ 134.521714886627024, 7.321260557736588 ] } },
{ "type": "Feature", "properties": { "depth_m": 5.0, "evidence": "DEPCNT" }, "geometry": { "type": "Point", "coordinates": [ 134.5207672, 7.321425 ] } },
{ "type": "Feature", "properties": { "depth_m": 5.0, "evidence": "DEPCNT" }, "geometry": { "type": "Point", "coordinates": [ 134.522049, 7.3484721 ] } },
{ "type": "Feature", "properties": { "depth_m": 5.0, "evidence": "DEPCNT" }, "geometry": { "type": "Point", "coordinates": [ 134.521110752555927, 7.348353438521449 ] } },
{ "type": "Feature", "properties": { "depth_m": 5.0, "evidence": "DEPCNT" }, "geometry": { "type": "Point", "coordinates": [ 134.5210586208687, 7.347139791646887 ] } },
{ "type": "Feature", "properties": { "depth_m": 5.0, "evidence": "DEPCNT" }, "geometry": { "type": "Point", "coordinates": [ 134.522277800000012, 7.3472529 ] } },
{ "type": "Feature", "properties": { "depth_m": 10.0, "evidence": "DEPCNT" }, "geometry": { "type": "Point", "coordinates": [ 134.5216065, 7.3243361 ] } },
{ "type": "Feature", "properties": { "depth_m": 10.0, "evidence": "DEPCNT" }, "geometry": { "type": "Point", "coordinates": [ 134.522650354327567, 7.32421193083147 ] } },
{ "type": "Feature", "properties": { "depth_m": 10.0, "evidence": "DEPCNT" }, "geometry": { "type": "Point", "coordinates": [ 134.522428723114501, 7.323428508064985 ] } },
{ "type": "Feature", "properties": { "depth_m": 10.0, "evidence": "DEPCNT" }, "geometry": { "type": "Point", "coordinates": [ 134.5213623, 7.3235083 ] } },
{ "type": "Feature", "properties": { "depth_m": 2.0, "evidence": "DEPCNT" }, "geometry": { "type": "Point", "coordinates": [ 134.522522, 7.3474193 ] } },
{ "type": "Feature", "properties": { "depth_m": 2.0, "evidence": "DEPCNT" }, "geometry": { "type": "Point", "coordinates": [ 134.521908245389568, 7.348038175850324 ] } },
{ "type": "Feature", "properties": { "depth_m": 2.0, "evidence": "DEPCNT" }, "geometry": { "type": "Point", "coordinates": [ 134.522743615722817, 7.348321195120286 ] } },
{ "type": "Feature", "properties": { "depth_m": 2.0, "evidence": "DEPCNT" }, "geometry": { "type": "Point", "coordinates": [ 134.522522, 7.3474193 ] } },
{ "type": "Feature", "properties": { "depth_m": 20.0, "evidence": "DEPCNT" }, "geometry": { "type": "Point", "coordinates": [ 134.523742700000014, 7.3306308 ] } },
{ "type": "Feature", "properties": { "depth_m": 20.0, "evidence": "DEPCNT" }, "geometry": { "type": "Point", "coordinates": [ 134.523382136462175, 7.331441376757328 ] } },
{ "type": "Feature", "properties": { "depth_m": 20.0, "evidence": "DEPCNT" }, "geometry": { "type": "Point", "coordinates": [ 134.522399900000011, 7.3314805 ] } },
{ "type": "Feature", "properties": { "depth_m": 30.0, "evidence": "DEPCNT" }, "geometry": { "type": "Point", "coordinates": [ 134.5232464, 7.3045626 ] } },
{ "type": "Feature", "properties": { "depth_m": 30.0, "evidence": "DEPCNT" }, "geometry": { "type": "Point", "coordinates": [ 134.523786665085822, 7.304759491334778 ] } },
{ "type": "Feature", "properties": { "depth_m": 30.0, "evidence": "DEPCNT" }, "geometry": { "type": "Point", "coordinates": [ 134.5232464, 7.3045626 ] } },
{ "type": "Feature", "properties": { "depth_m": 2.0, "evidence": "DEPCNT" }, "geometry": { "type": "Point", "coordinates": [ 134.524597199999988, 7.3457947 ] } },
{ "type": "Feature", "properties": { "depth_m": 2.0, "evidence": "DEPCNT" }, "geometry": { "type": "Point", "coordinates": [ 134.5245667, 7.3469138 ] } },
{ "type": "Feature", "properties": { "depth_m": 50.0, "evidence": "DEPCNT" }, "geometry": { "type": "Point", "coordinates": [ 134.5240631, 7.3021359 ] } },
{ "type": "Feature", "properties": { "depth_m": 50.0, "evidence": "DEPCNT" }, "geometry": { "type": "Point", "coordinates": [ 134.524929364261794, 7.302653760015221 ] } },
{ "type": "Feature", "properties": { "depth_m": 50.0, "evidence": "DEPCNT" }, "geometry": { "type": "Point", "coordinates": [ 134.524161501822618, 7.303521588124888 ] } },
{ "type": "Feature", "properties": { "depth_m": 50.0, "evidence": "DEPCNT" }, "geometry": { "type": "Point", "coordinates": [ 134.522988355866858, 7.303808200013259 ] } },
{ "type": "Feature", "properties": { "depth_m": 50.0, "evidence": "DEPCNT" }, "geometry": { "type": "Point", "coordinates": [ 134.523067187891598, 7.302839795723751 ] } },
{ "type": "Feature", "properties": { "depth_m": 50.0, "evidence": "DEPCNT" }, "geometry": { "type": "Point", "coordinates": [ 134.5240631, 7.3021359 ] } },
{ "type": "Feature", "properties": { "depth_m": 200.0, "evidence": "DEPCNT" }, "geometry": { "type": "Point", "coordinates": [ 134.4693604, 7.2363973 ] } },
{ "type": "Feature", "properties": { "depth_m": 200.0, "evidence": "DEPCNT" }, "geometry": { "type": "Point", "coordinates": [ 134.469990646628105, 7.237575600422566 ] } },
{ "type": "Feature", "properties": { "depth_m": 200.0, "evidence": "DEPCNT" }, "geometry": { "type": "Point", "coordinates": [ 134.470231904540185, 7.238889834457652 ] } },
{ "type": "Feature", "properties": { "depth_m": 200.0, "evidence": "DEPCNT" }, "geometry": { "type": "Point", "coordinates": [ 134.470615686659102, 7.240176947020707 ] } },
{ "type": "Feature", "properties": { "depth_m": 200.0, "evidence": "DEPCNT" }, "geometry": { "type": "Point", "coordinates": [ 134.470735468926677, 7.241501714888977 ] } },
{ "type": "Feature", "properties": { "depth_m": 200.0, "evidence": "DEPCNT" }, "geometry": { "type": "Point", "coordinates": [ 134.471068411327849, 7.242801750553259 ] } },
{ "type": "Feature", "properties": { "depth_m": 200.0, "evidence": "DEPCNT" }, "geometry": { "type": "Point", "coordinates": [ 134.47018309885857, 7.243786242085103 ] } },
{ "type": "Feature", "properties": { "depth_m": 200.0, "evidence": "DEPCNT" }, "geometry": { "type": "Point", "coordinates": [ 134.470597884840885, 7.244558923722238 ] } },
{ "type": "Feature", "properties": { "depth_m": 200.0, "evidence": "DEPCNT" }, "geometry": { "type": "Point", "coordinates": [ 134.471920490567783, 7.244717416158864 ] } },
{ "type": "Feature", "properties": { "depth_m": 200.0, "evidence": "DEPCNT" }, "geometry": { "type": "Point", "coordinates": [ 134.47295641278032, 7.245530312458309 ] } },
{ "type": "Feature", "properties": { "depth_m": 200.0, "evidence": "DEPCNT" }, "geometry": { "type": "Point", "coordinates": [ 134.473975529499853, 7.246403644863681 ] } },
{ "type": "Feature", "properties": { "depth_m": 200.0, "evidence": "DEPCNT" }, "geometry": { "type": "Point", "coordinates": [ 134.474918599356755, 7.247360916048602 ] } },
{ "type": "Feature", "properties": { "depth_m": 200.0, "evidence": "DEPCNT" }, "geometry": { "type": "Point", "coordinates": [ 134.475867539170309, 7.24831208145652 ] } },
{ "type": "Feature", "properties": { "depth_m": 200.0, "evidence": "DEPCNT" }, "geometry": { "type": "Point", "coordinates": [ 134.476957074921472, 7.249091274880033 ] } },
{ "type": "Feature", "properties": { "depth_m": 200.0, "evidence": "DEPCNT" }, "geometry": { "type": "Point", "coordinates": [ 134.477834940914789, 7.250092534217001 ] } },
{ "type": "Feature", "properties": { "depth_m": 200.0, "evidence": "DEPCNT" }, "geometry": { "type": "Point", "coordinates": [ 134.478539607336444, 7.251232581757685 ] } },
{ "type": "Feature", "properties": { "depth_m": 200.0, "evidence": "DEPCNT" }, "geometry": { "type": "Point", "coordinates": [ 134.478984558304973, 7.252499032235668 ] } },
{ "type": "Feature", "properties": { "depth_m": 200.0, "evidence": "DEPCNT" }, "geometry": { "type": "Point", "coordinates": [ 134.479237021750578, 7.253806820511002 ] } },
{ "type": "Feature", "properties": { "depth_m": 200.0, "evidence": "DEPCNT" }, "geometry": { "type": "Point", "coordinates": [ 134.479367930825106, 7.255141242621962 ] } },
{ "type": "Feature", "properties": { "depth_m": 200.0, "evidence": "DEPCNT" }, "geometry": { "type": "Point", "coordinates": [ 134.480285299492749, 7.255990333468152 ] } },
{ "type": "Feature", "properties": { "depth_m": 200.0, "evidence": "DEPCNT" }, "geometry": { "type": "Point", "coordinates": [ 134.481598603105454, 7.256267062147012 ] } },
{ "type": "Feature", "properties": { "depth_m": 200.0, "evidence": "DEPCNT" }, "geometry": { "type": "Point", "coordinates": [ 134.48273087390757, 7.256933760574933 ] } },
{ "type": "Feature", "properties": { "depth_m": 200.0, "evidence": "DEPCNT" }, "geometry": { "type": "Point", "coordinates": [ 134.483332273681725, 7.258121645941483 ] } },
{ "type": "Feature", "properties": { "depth_m": 200.0, "evidence": "DEPCNT" }, "geometry": { "type": "Point", "coordinates": [ 134.48384998059629, 7.259356695625549 ] } },
{ "type": "Feature", "properties": { "depth_m": 200.0, "evidence": "DEPCNT" }, "geometry": { "type": "Point", "coordinates": [ 134.484604024215116, 7.260462672824749 ] } },
{ "type": "Feature", "properties": { "depth_m": 200.0, "evidence": "DEPCNT" }, "geometry": { "type": "Point", "coordinates": [ 134.485632032990878, 7.261287789066702 ] } },
{ "type": "Feature", "properties": { "depth_m": 200.0, "evidence": "DEPCNT" }, "geometry": { "type": "Point", "coordinates": [ 134.486899100582662, 7.261734638923371 ] } },
{ "type": "Feature", "properties": { "depth_m": 200.0, "evidence": "DEPCNT" }, "geometry": { "type": "Point", "coordinates": [ 134.48817034979237, 7.262166158734807 ] } },
{ "type": "Feature", "properties": { "depth_m": 200.0, "evidence": "DEPCNT" }, "geometry": { "type": "Point", "coordinates": [ 134.489309180002266, 7.262864884483336 ] } },
{ "type": "Feature", "properties": { "depth_m": 200.0, "evidence": "DEPCNT" }, "geometry": { "type": "Point", "coordinates": [ 134.490240606561343, 7.263831706373885 ] } },
{ "type": "Feature", "properties": { "depth_m": 200.0, "evidence": "DEPCNT" }, "geometry": { "type": "Point", "coordinates": [ 134.491179236863474, 7.264793291397678 ] } },
{ "type": "Feature", "properties": { "depth_m": 200.0, "evidence": "DEPCNT" }, "geometry": { "type": "Point", "coordinates": [ 134.492172961345005, 7.265689707272937 ] } },
{ "type": "Feature", "properties": { "depth_m": 200.0, "evidence": "DEPCNT" }, "geometry": { "type": "Point", "coordinates": [ 134.493298810148616, 7.266419113981907 ] } },
{ "type": "Feature", "properties": { "depth_m": 200.0, "evidence": "DEPCNT" }, "geometry": { "type": "Point", "coordinates": [ 134.494201339198156, 7.267399256253682 ] } },
{ "type": "Feature", "properties": { "depth_m": 200.0, "evidence": "DEPCNT" }, "geometry": { "type": "Point", "coordinates": [ 134.494847721789455, 7.268574406635966 ] } },
{ "type": "Feature", "properties": { "depth_m": 200.0, "evidence": "DEPCNT" }, "geometry": { "type": "Point", "coordinates": [ 134.495977850827131, 7.269229063294345 ] } },
{ "type": "Feature", "properties": { "depth_m": 200.0, "evidence": "DEPCNT" }, "geometry": { "type": "Point", "coordinates": [ 134.497113609202017, 7.269901169681408 ] } },
{ "type": "Feature", "properties": { "depth_m": 200.0, "evidence": "DEPCNT" }, "geometry": { "type": "Point", "coordinates": [ 134.497967873867594, 7.270930696196131 ] } },
{ "type": "Feature", "properties": { "depth_m": 200.0, "evidence": "DEPCNT" }, "geometry": { "type": "Point", "coordinates": [ 134.498768245702962, 7.27200099201215 ] } },
{ "type": "Feature", "properties": { "depth_m": 200.0, "evidence": "DEPCNT" }, "geometry": { "type": "Point", "coordinates": [ 134.499473396234634, 7.273111931350903 ] } },
{ "type": "Feature", "properties": { "depth_m": 200.0, "evidence": "DEPCNT" }, "geometry": { "type": "Point", "coordinates": [ 134.499975924249014, 7.274354829368484 ] } },
{ "type": "Feature", "properties": { "depth_m": 200.0, "evidence": "DEPCNT" }, "geometry": { "type": "Point", "coordinates": [ 134.500632029981148, 7.275516731378668 ] } },
{ "type": "Feature", "properties": { "depth_m": 200.0, "evidence": "DEPCNT" }, "geometry": { "type": "Point", "coordinates": [ 134.501695290603493, 7.276335016703646 ] } },
{ "type": "Feature", "properties": { "depth_m": 200.0, "evidence": "DEPCNT" }, "geometry": { "type": "Point", "coordinates": [ 134.50271606345234, 7.277197115587825 ] } },
{ "type": "Feature", "properties": { "depth_m": 200.0, "evidence": "DEPCNT" }, "geometry": { "type": "Point", "coordinates": [ 134.503154675350942, 7.278443336990996 ] } },
{ "type": "Feature", "properties": { "depth_m": 200.0, "evidence": "DEPCNT" }, "geometry": { "type": "Point", "coordinates": [ 134.503236116882988, 7.279783086159249 ] } },
{ "type": "Feature", "properties": { "depth_m": 200.0, "evidence": "DEPCNT" }, "geometry": { "type": "Point", "coordinates": [ 134.50350581385544, 7.281091859319496 ] } },
{ "type": "Feature", "properties": { "depth_m": 200.0, "evidence": "DEPCNT" }, "geometry": { "type": "Point", "coordinates": [ 134.504027115959161, 7.282316541836231 ] } },
{ "type": "Feature", "properties": { "depth_m": 200.0, "evidence": "DEPCNT" }, "geometry": { "type": "Point", "coordinates": [ 134.504982904114797, 7.283232971010775 ] } },
{ "type": "Feature", "properties": { "depth_m": 200.0, "evidence": "DEPCNT" }, "geometry": { "type": "Point", "coordinates": [ 134.506137805870651, 7.283919799934634 ] } },
{ "type": "Feature", "properties": { "depth_m": 200.0, "evidence": "DEPCNT" }, "geometry": { "type": "Point", "coordinates": [ 134.507308669255337, 7.28458071861168 ] } },
{ "type": "Feature", "properties": { "depth_m": 200.0, "evidence": "DEPCNT" }, "geometry": { "type": "Point", "coordinates": [ 134.508423461276521, 7.285329648027562 ] } },
{ "type": "Feature", "properties": { "depth_m": 200.0, "evidence": "DEPCNT" }, "geometry": { "type": "Point", "coordinates": [ 134.509508514226667, 7.286107955552963 ] } },
{ "type": "Feature", "properties": { "depth_m": 200.0, "evidence": "DEPCNT" }, "geometry": { "type": "Point", "coordinates": [ 134.510636926201784, 7.286806907857553 ] } },
{ "type": "Feature", "properties": { "depth_m": 200.0, "evidence": "DEPCNT" }, "geometry": { "type": "Point", "coordinates": [ 134.511878863207158, 7.287239165734422 ] } },
{ "type": "Feature", "properties": { "depth_m": 200.0, "evidence": "DEPCNT" }, "geometry": { "type": "Point", "coordinates": [ 134.51320202651354, 7.287452070839029 ] } },
{ "type": "Feature", "properties": { "depth_m": 200.0, "evidence": "DEPCNT" }, "geometry": { "type": "Point", "coordinates": [ 134.514407039773999, 7.288045037157349 ] } },
{ "type": "Feature", "properties": { "depth_m": 200.0, "evidence": "DEPCNT" }, "geometry": { "type": "Point", "coordinates": [ 134.515702059460466, 7.288387786435342 ] } },
{ "type": "Feature", "properties": { "depth_m": 200.0, "evidence": "DEPCNT" }, "geometry": { "type": "Point", "coordinates": [ 134.516985557691214, 7.288216177538573 ] } },
{ "type": "Feature", "properties": { "depth_m": 200.0, "evidence": "DEPCNT" }, "geometry": { "type": "Point", "coordinates": [ 134.518314523728037, 7.288261390991158 ] } },
{ "type": "Feature", "properties": { "depth_m": 200.0, "evidence": "DEPCNT" }, "geometry": { "type": "Point", "coordinates": [ 134.51956167659813, 7.287926521973672 ] } },
{ "type": "Feature", "properties": { "depth_m": 200.0, "evidence": "DEPCNT" }, "geometry": { "type": "Point", "coordinates": [ 134.520251288498315, 7.286808572687868 ] } },
{ "type": "Feature", "properties": { "depth_m": 200.0, "evidence": "DEPCNT" }, "geometry": { "type": "Point", "coordinates": [ 134.521066876398976, 7.285776411011483 ] } },
{ "type": "Feature", "properties": { "depth_m": 200.0, "evidence": "DEPCNT" }, "geometry": { "type": "Point", "coordinates": [ 134.522211295920584, 7.285070884929741 ] } },
{ "type": "Feature", "properties": { "depth_m": 200.0, "evidence": "DEPCNT" }, "geometry": { "type": "Point", "coordinates": [ 134.5234428271757, 7.284771298946657 ] } },
{ "type": "Feature", "properties": { "depth_m": 200.0, "evidence": "DEPCNT" }, "geometry": { "type": "Point", "coordinates": [ 134.524718989183071, 7.284531838880155 ] } },
{ "type": "Feature", "properties": { "depth_m": 200.0, "evidence": "DEPCNT" }, "geometry": { "type": "Point", "coordinates": [ 134.525418318299756, 7.283429945434813 ] } },
{ "type": "Feature", "properties": { "depth_m": 200.0, "evidence": "DEPCNT" }, "geometry": { "type": "Point", "coordinates": [ 134.525116888791956, 7.282123837822247 ] } },
{ "type": "Feature", "properties": { "depth_m": 200.0, "evidence": "DEPCNT" }, "geometry": { "type": "Point", "coordinates": [ 134.524980879224131, 7.28078916580074 ] } },
{ "type": "Feature", "properties": { "depth_m": 200.0, "evidence": "DEPCNT" }, "geometry": { "type": "Point", "coordinates": [ 134.5252557935396, 7.279487177537482 ] } },
{ "type": "Feature", "properties": { "depth_m": 200.0, "evidence": "DEPCNT" }, "geometry": { "type": "Point", "coordinates": [ 134.524705908526101, 7.278396938990633 ] } },
{ "type": "Feature", "properties": { "depth_m": 200.0, "evidence": "DEPCNT" }, "geometry": { "type": "Point", "coordinates": [ 134.524389343283246, 7.277223815417025 ] } },
{ "type": "Feature", "properties": { "depth_m": 200.0, "evidence": "DEPCNT" }, "geometry": { "type": "Point", "coordinates": [ 134.524299534766698, 7.276268266123613 ] } },
{ "type": "Feature", "properties": { "depth_m": 200.0, "evidence": "DEPCNT" }, "geometry": { "type": "Point", "coordinates": [ 134.523201136254727, 7.275512491388861 ] } },
{ "type": "Feature", "properties": { "depth_m": 200.0, "evidence": "DEPCNT" }, "geometry": { "type": "Point", "coordinates": [ 134.5226898, 7.2743807 ] } },
{ "type": "Feature", "properties": { "depth_m": 10.0, "evidence": "DEPCNT" }, "geometry": { "type": "Point", "coordinates": [ 134.5268402, 7.3411307 ] } },
{ "type": "Feature", "properties": { "depth_m": 10.0, "evidence": "DEPCNT" }, "geometry": { "type": "Point", "coordinates": [ 134.526073611620177, 7.341164126704237 ] } },
{ "type": "Feature", "properties": { "depth_m": 10.0, "evidence": "DEPCNT" }, "geometry": { "type": "Point", "coordinates": [ 134.526488730398285, 7.341824772637318 ] } },
{ "type": "Feature", "properties": { "depth_m": 10.0, "evidence": "DEPCNT" }, "geometry": { "type": "Point", "coordinates": [ 134.5268402, 7.3411307 ] } },
{ "type": "Feature", "properties": { "depth_m": 10.0, "evidence": "DEPCNT" }, "geometry": { "type": "Point", "coordinates": [ 134.5285797, 7.3415194 ] } },
{ "type": "Feature", "properties": { "depth_m": 10.0, "evidence": "DEPCNT" }, "geometry": { "type": "Point", "coordinates": [ 134.529505448550537, 7.34184349402635 ] } },
{ "type": "Feature", "properties": { "depth_m": 10.0, "evidence": "DEPCNT" }, "geometry": { "type": "Point", "coordinates": [ 134.5303345, 7.3412361 ] } },
{ "type": "Feature", "properties": { "depth_m": 10.0, "evidence": "DEPCNT" }, "geometry": { "type": "Point", "coordinates": [ 134.5287018, 7.3330083 ] } },
{ "type": "Feature", "properties": { "depth_m": 10.0, "evidence": "DEPCNT" }, "geometry": { "type": "Point", "coordinates": [ 134.529319673142879, 7.333700200008734 ] } },
{ "type": "Feature", "properties": { "depth_m": 10.0, "evidence": "DEPCNT" }, "geometry": { "type": "Point", "coordinates": [ 134.530452039990791, 7.333427559158611 ] } },
{ "type": "Feature", "properties": { "depth_m": 10.0, "evidence": "DEPCNT" }, "geometry": { "type": "Point", "coordinates": [ 134.531601, 7.3335419 ] } },
{ "type": "Feature", "properties": { "depth_m": 10.0, "evidence": "DEPCNT" }, "geometry": { "type": "Point", "coordinates": [ 134.53178410000001, 7.2790165 ] } },
{ "type": "Feature", "properties": { "depth_m": 10.0, "evidence": "DEPCNT" }, "geometry": { "type": "Point", "coordinates": [ 134.532373312115169, 7.280186525302151 ] } },
{ "type": "Feature", "properties": { "depth_m": 10.0, "evidence": "DEPCNT" }, "geometry": { "type": "Point", "coordinates": [ 134.533049769075888, 7.281305277855926 ] } },
{ "type": "Feature", "properties": { "depth_m": 10.0, "evidence": "DEPCNT" }, "geometry": { "type": "Point", "coordinates": [ 134.5335541, 7.2825141 ] } },
{ "type": "Feature", "properties": { "depth_m": 20.0, "evidence": "DEPCNT" }, "geometry": { "type": "Point", "coordinates": [ 134.5156555, 7.2972279 ] } },
{ "type": "Feature", "properties": { "depth_m": 20.0, "evidence": "DEPCNT" }, "geometry": { "type": "Point", "coordinates": [ 134.516895482727705, 7.297247877852655 ] } },
{ "type": "Feature", "properties": { "depth_m": 20.0, "evidence": "DEPCNT" }, "geometry": { "type": "Point", "coordinates": [ 134.51809118239936, 7.296693749499434 ] } },
{ "type": "Feature", "properties": { "depth_m": 20.0, "evidence": "DEPCNT" }, "geometry": { "type": "Point", "coordinates": [ 134.519231120885223, 7.296182143382858 ] } },
{ "type": "Feature", "properties": { "depth_m": 20.0, "evidence": "DEPCNT" }, "geometry": { "type": "Point", "coordinates": [ 134.518663635445648, 7.295058475533232 ] } },
{ "type": "Feature", "properties": { "depth_m": 20.0, "evidence": "DEPCNT" }, "geometry": { "type": "Point", "coordinates": [ 134.519121026789975, 7.294025193058048 ] } },
{ "type": "Feature", "properties": { "depth_m": 20.0, "evidence": "DEPCNT" }, "geometry": { "type": "Point", "coordinates": [ 134.520380391283226, 7.293935490301829 ] } },
{ "type": "Feature", "properties": { "depth_m": 20.0, "evidence": "DEPCNT" }, "geometry": { "type": "Point", "coordinates": [ 134.521403456910605, 7.293962846245135 ] } },
{ "type": "Feature", "properties": { "depth_m": 20.0, "evidence": "DEPCNT" }, "geometry": { "type": "Point", "coordinates": [ 134.522509141105331, 7.29338310001441 ] } },
{ "type": "Feature", "properties": { "depth_m": 20.0, "evidence": "DEPCNT" }, "geometry": { "type": "Point", "coordinates": [ 134.523828639184103, 7.293334363770612 ] } },
{ "type": "Feature", "properties": { "depth_m": 20.0, "evidence": "DEPCNT" }, "geometry": { "type": "Point", "coordinates": [ 134.524881665944264, 7.293933400042828 ] } },
{ "type": "Feature", "properties": { "depth_m": 20.0, "evidence": "DEPCNT" }, "geometry": { "type": "Point", "coordinates": [ 134.526061987396702, 7.294410114592385 ] } },
{ "type": "Feature", "properties": { "depth_m": 20.0, "evidence": "DEPCNT" }, "geometry": { "type": "Point", "coordinates": [ 134.527273977170154, 7.294802422237657 ] } },
{ "type": "Feature", "properties": { "depth_m": 20.0, "evidence": "DEPCNT" }, "geometry": { "type": "Point", "coordinates": [ 134.527794737727419, 7.295610900007595 ] } },
{ "type": "Feature", "properties": { "depth_m": 20.0, "evidence": "DEPCNT" }, "geometry": { "type": "Point", "coordinates": [ 134.526593625280555, 7.295814405752609 ] } },
{ "type": "Feature", "properties": { "depth_m": 20.0, "evidence": "DEPCNT" }, "geometry": { "type": "Point", "coordinates": [ 134.526391655690247, 7.296855591852897 ] } },
{ "type": "Feature", "properties": { "depth_m": 20.0, "evidence": "DEPCNT" }, "geometry": { "type": "Point", "coordinates": [ 134.527560514212297, 7.296324782542156 ] } },
{ "type": "Feature", "properties": { "depth_m": 20.0, "evidence": "DEPCNT" }, "geometry": { "type": "Point", "coordinates": [ 134.52856664325779, 7.297006913136548 ] } },
{ "type": "Feature", "properties": { "depth_m": 20.0, "evidence": "DEPCNT" }, "geometry": { "type": "Point", "coordinates": [ 134.529803561059367, 7.296874691303309 ] } },
{ "type": "Feature", "properties": { "depth_m": 20.0, "evidence": "DEPCNT" }, "geometry": { "type": "Point", "coordinates": [ 134.530772263931908, 7.296138120543005 ] } },
{ "type": "Feature", "properties": { "depth_m": 20.0, "evidence": "DEPCNT" }, "geometry": { "type": "Point", "coordinates": [ 134.532068774999601, 7.29627425807504 ] } },
{ "type": "Feature", "properties": { "depth_m": 20.0, "evidence": "DEPCNT" }, "geometry": { "type": "Point", "coordinates": [ 134.533096899946855, 7.2956330982645 ] } },
{ "type": "Feature", "properties": { "depth_m": 20.0, "evidence": "DEPCNT" }, "geometry": { "type": "Point", "coordinates": [ 134.533581816087263, 7.29440716609418 ] } },
{ "type": "Feature", "properties": { "depth_m": 20.0, "evidence": "DEPCNT" }, "geometry": { "type": "Point", "coordinates": [ 134.534427384309652, 7.293426270869634 ] } },
{ "type": "Feature", "properties": { "depth_m": 20.0, "evidence": "DEPCNT" }, "geometry": { "type": "Point", "coordinates": [ 134.534854511626691, 7.292230847545309 ] } },
{ "type": "Feature", "properties": { "depth_m": 20.0, "evidence": "DEPCNT" }, "geometry": { "type": "Point", "coordinates": [ 134.533879827411027, 7.291377214305937 ] } },
{ "type": "Feature", "properties": { "depth_m": 20.0, "evidence": "DEPCNT" }, "geometry": { "type": "Point", "coordinates": [ 134.533409530562267, 7.290171630006687 ] } },
{ "type": "Feature", "properties": { "depth_m": 20.0, "evidence": "DEPCNT" }, "geometry": { "type": "Point", "coordinates": [ 134.5323792, 7.2893581 ] } },
{ "type": "Feature", "properties": { "depth_m": 10.0, "evidence": "DEPCNT" }, "geometry": { "type": "Point", "coordinates": [ 134.5354462, 7.281589 ] } },
{ "type": "Feature", "properties": { "depth_m": 10.0, "evidence": "DEPCNT" }, "geometry": { "type": "Point", "coordinates": [ 134.534542985851772, 7.281931633454588 ] } },
{ "type": "Feature", "properties": { "depth_m": 10.0, "evidence": "DEPCNT" }, "geometry": { "type": "Point", "coordinates": [ 134.534358104364998, 7.281157266039959 ] } },
{ "type": "Feature", "properties": { "depth_m": 10.0, "evidence": "DEPCNT" }, "geometry": { "type": "Point", "coordinates": [ 134.5351715, 7.2806807 ] } },
{ "type": "Feature", "properties": { "depth_m": 30.0, "evidence": "DEPCNT" }, "geometry": { "type": "Point", "coordinates": [ 134.5366211, 7.296061 ] } },
{ "type": "Feature", "properties": { "depth_m": 30.0, "evidence": "DEPCNT" }, "geometry": { "type": "Point", "coordinates": [ 134.536774857025051, 7.297124374632278 ] } },
{ "type": "Feature", "properties": { "depth_m": 30.0, "evidence": "DEPCNT" }, "geometry": { "type": "Point", "coordinates": [ 134.536087000001174, 7.297801197209444 ] } },
{ "type": "Feature", "properties": { "depth_m": 30.0, "evidence": "DEPCNT" }, "geometry": { "type": "Point", "coordinates": [ 134.53546274347994, 7.298330603577967 ] } },
{ "type": "Feature", "properties": { "depth_m": 30.0, "evidence": "DEPCNT" }, "geometry": { "type": "Point", "coordinates": [ 134.5350952, 7.2972221 ] } },
{ "type": "Feature", "properties": { "depth_m": 10.0, "evidence": "DEPCNT" }, "geometry": { "type": "Point", "coordinates": [ 134.5392151, 7.2836695 ] } },
{ "type": "Feature", "properties": { "depth_m": 10.0, "evidence": "DEPCNT" }, "geometry": { "type": "Point", "coordinates": [ 134.53942220087248, 7.282938131161405 ] } },
{ "type": "Feature", "properties": { "depth_m": 10.0, "evidence": "DEPCNT" }, "geometry": { "type": "Point", "coordinates": [ 134.539917, 7.2835221 ] } },
{ "type": "Feature", "properties": { "depth_m": 20.0, "evidence": "DEPCNT" }, "geometry": { "type": "Point", "coordinates": [ 134.5427856, 7.2806029 ] } },
{ "type": "Feature", "properties": { "depth_m": 20.0, "evidence": "DEPCNT" }, "geometry": { "type": "Point", "coordinates": [ 134.542030568189176, 7.280952296495366 ] } },
{ "type": "Feature", "properties": { "depth_m": 20.0, "evidence": "DEPCNT" }, "geometry": { "type": "Point", "coordinates": [ 134.542125535621551, 7.280215615415157 ] } },
{ "type": "Feature", "properties": { "depth_m": 20.0, "evidence": "DEPCNT" }, "geometry": { "type": "Point", "coordinates": [ 134.5427856, 7.2806029 ] } },
{ "type": "Feature", "properties": { "depth_m": 30.0, "evidence": "DEPCNT" }, "geometry": { "type": "Point", "coordinates": [ 134.5481873, 7.3074164 ] } },
{ "type": "Feature", "properties": { "depth_m": 30.0, "evidence": "DEPCNT" }, "geometry": { "type": "Point", "coordinates": [ 134.547778190197647, 7.308579316630382 ] } },
{ "type": "Feature", "properties": { "depth_m": 30.0, "evidence": "DEPCNT" }, "geometry": { "type": "Point", "coordinates": [ 134.547924486872517, 7.309902346982786 ] } },
{ "type": "Feature", "properties": { "depth_m": 30.0, "evidence": "DEPCNT" }, "geometry": { "type": "Point", "coordinates": [ 134.54883873284794, 7.309482789943983 ] } },
{ "type": "Feature", "properties": { "depth_m": 30.0, "evidence": "DEPCNT" }, "geometry": { "type": "Point", "coordinates": [ 134.548934655854566, 7.308188398528292 ] } },
{ "type": "Feature", "properties": { "depth_m": 30.0, "evidence": "DEPCNT" }, "geometry": { "type": "Point", "coordinates": [ 134.5481873, 7.3074164 ] } },
{ "type": "Feature", "properties": { "depth_m": 20.0, "evidence": "DEPCNT" }, "geometry": { "type": "Point", "coordinates": [ 134.549865700000026, 7.2763276 ] } },
{ "type": "Feature", "properties": { "depth_m": 20.0, "evidence": "DEPCNT" }, "geometry": { "type": "Point", "coordinates": [ 134.549143060366021, 7.275713119062017 ] } },
{ "type": "Feature", "properties": { "depth_m": 20.0, "evidence": "DEPCNT" }, "geometry": { "type": "Point", "coordinates": [ 134.5482788, 7.2753196 ] } },
{ "type": "Feature", "properties": { "depth_m": 20.0, "evidence": "DEPCNT" }, "geometry": { "type": "Point", "coordinates": [ 134.551376299999987, 7.296639 ] } },
{ "type": "Feature", "properties": { "depth_m": 20.0, "evidence": "DEPCNT" }, "geometry": { "type": "Point", "coordinates": [ 134.552550090034288, 7.29666422820827 ] } },
{ "type": "Feature", "properties": { "depth_m": 20.0, "evidence": "DEPCNT" }, "geometry": { "type": "Point", "coordinates": [ 134.5531464, 7.2958279 ] } },
{ "type": "Feature", "properties": { "depth_m": 30.0, "evidence": "DEPCNT" }, "geometry": { "type": "Point", "coordinates": [ 134.5672607, 7.3267751 ] } },
{ "type": "Feature", "properties": { "depth_m": 30.0, "evidence": "DEPCNT" }, "geometry": { "type": "Point", "coordinates": [ 134.566513100000066, 7.326390331573099 ] } },
{ "type": "Feature", "properties": { "depth_m": 30.0, "evidence": "DEPCNT" }, "geometry": { "type": "Point", "coordinates": [ 134.567255506877586, 7.32597210004458 ] } },
{ "type": "Feature", "properties": { "depth_m": 30.0, "evidence": "DEPCNT" }, "geometry": { "type": "Point", "coordinates": [ 134.5672607, 7.3267751 ] } },
{ "type": "Feature", "properties": { "depth_m": 20.0, "evidence": "DEPCNT" }, "geometry": { "type": "Point", "coordinates": [ 134.567764300000022, 7.304636 ] } },
{ "type": "Feature", "properties": { "depth_m": 20.0, "evidence": "DEPCNT" }, "geometry": { "type": "Point", "coordinates": [ 134.567628594430317, 7.303317648373637 ] } },
{ "type": "Feature", "properties": { "depth_m": 20.0, "evidence": "DEPCNT" }, "geometry": { "type": "Point", "coordinates": [ 134.567355165298949, 7.302025644458568 ] } },
{ "type": "Feature", "properties": { "depth_m": 20.0, "evidence": "DEPCNT" }, "geometry": { "type": "Point", "coordinates": [ 134.566874371531526, 7.300789317827156 ] } },
{ "type": "Feature", "properties": { "depth_m": 20.0, "evidence": "DEPCNT" }, "geometry": { "type": "Point", "coordinates": [ 134.566045182383846, 7.299756203493714 ] } },
{ "type": "Feature", "properties": { "depth_m": 20.0, "evidence": "DEPCNT" }, "geometry": { "type": "Point", "coordinates": [ 134.565103292310766, 7.298822480427815 ] } },
{ "type": "Feature", "properties": { "depth_m": 20.0, "evidence": "DEPCNT" }, "geometry": { "type": "Point", "coordinates": [ 134.563958167119239, 7.298200528778237 ] } },
{ "type": "Feature", "properties": { "depth_m": 20.0, "evidence": "DEPCNT" }, "geometry": { "type": "Point", "coordinates": [ 134.563302592313022, 7.297477623040516 ] } },
{ "type": "Feature", "properties": { "depth_m": 20.0, "evidence": "DEPCNT" }, "geometry": { "type": "Point", "coordinates": [ 134.563797806260709, 7.296258377522836 ] } },
{ "type": "Feature", "properties": { "depth_m": 20.0, "evidence": "DEPCNT" }, "geometry": { "type": "Point", "coordinates": [ 134.56427, 7.2950501 ] } },
{ "type": "Feature", "properties": { "depth_m": 5.0, "evidence": "DEPCNT" }, "geometry": { "type": "Point", "coordinates": [ 134.5686646, 7.3429055 ] } },
{ "type": "Feature", "properties": { "depth_m": 5.0, "evidence": "DEPCNT" }, "geometry": { "type": "Point", "coordinates": [ 134.569538497826414, 7.342930800010932 ] } },
{ "type": "Feature", "properties": { "depth_m": 5.0, "evidence": "DEPCNT" }, "geometry": { "type": "Point", "coordinates": [ 134.570381958511291, 7.343147503183111 ] } },
{ "type": "Feature", "properties": { "depth_m": 5.0, "evidence": "DEPCNT" }, "geometry": { "type": "Point", "coordinates": [ 134.5705414, 7.3440361 ] } },
{ "type": "Feature", "properties": { "depth_m": 10.0, "evidence": "DEPCNT" }, "geometry": { "type": "Point", "coordinates": [ 134.5716248, 7.3585081 ] } },
{ "type": "Feature", "properties": { "depth_m": 10.0, "evidence": "DEPCNT" }, "geometry": { "type": "Point", "coordinates": [ 134.572408313476046, 7.357519955003834 ] } },
{ "type": "Feature", "properties": { "depth_m": 10.0, "evidence": "DEPCNT" }, "geometry": { "type": "Point", "coordinates": [ 134.57270737309247, 7.356315776751214 ] } },
{ "type": "Feature", "properties": { "depth_m": 10.0, "evidence": "DEPCNT" }, "geometry": { "type": "Point", "coordinates": [ 134.5735779, 7.3554473 ] } },
{ "type": "Feature", "properties": { "depth_m": 5.0, "evidence": "DEPCNT" }, "geometry": { "type": "Point", "coordinates": [ 134.5761108, 7.3444748 ] } },
{ "type": "Feature", "properties": { "depth_m": 5.0, "evidence": "DEPCNT" }, "geometry": { "type": "Point", "coordinates": [ 134.575606559211394, 7.34391581930168 ] } },
{ "type": "Feature", "properties": { "depth_m": 5.0, "evidence": "DEPCNT" }, "geometry": { "type": "Point", "coordinates": [ 134.574935900000014, 7.343689 ] } },
{ "type": "Feature", "properties": { "depth_m": 20.0, "evidence": "DEPCNT" }, "geometry": { "type": "Point", "coordinates": [ 134.5754547, 7.3227224 ] } },
{ "type": "Feature", "properties": { "depth_m": 20.0, "evidence": "DEPCNT" }, "geometry": { "type": "Point", "coordinates": [ 134.575769746031312, 7.323887477028737 ] } },
{ "type": "Feature", "properties": { "depth_m": 20.0, "evidence": "DEPCNT" }, "geometry": { "type": "Point", "coordinates": [ 134.57640747088189, 7.324923594508732 ] } },
{ "type": "Feature", "properties": { "depth_m": 20.0, "evidence": "DEPCNT" }, "geometry": { "type": "Point", "coordinates": [ 134.577318498000352, 7.325696896369124 ] } },
{ "type": "Feature", "properties": { "depth_m": 20.0, "evidence": "DEPCNT" }, "geometry": { "type": "Point", "coordinates": [ 134.578504609735234, 7.326007451947635 ] } },
{ "type": "Feature", "properties": { "depth_m": 20.0, "evidence": "DEPCNT" }, "geometry": { "type": "Point", "coordinates": [ 134.5794373, 7.3267999 ] } },
{ "type": "Feature", "properties": { "depth_m": 30.0, "evidence": "DEPCNT" }, "geometry": { "type": "Point", "coordinates": [ 134.5804138, 7.3454804 ] } },
{ "type": "Feature", "properties": { "depth_m": 30.0, "evidence": "DEPCNT" }, "geometry": { "type": "Point", "coordinates": [ 134.581521897063112, 7.345751850822676 ] } },
{ "type": "Feature", "properties": { "depth_m": 30.0, "evidence": "DEPCNT" }, "geometry": { "type": "Point", "coordinates": [ 134.581695599999989, 7.3468833 ] } },
{ "type": "Feature", "properties": { "depth_m": 10.0, "evidence": "DEPCNT" }, "geometry": { "type": "Point", "coordinates": [ 134.5849915, 7.3278942 ] } },
{ "type": "Feature", "properties": { "depth_m": 10.0, "evidence": "DEPCNT" }, "geometry": { "type": "Point", "coordinates": [ 134.586023306954189, 7.328498380980064 ] } },
{ "type": "Feature", "properties": { "depth_m": 10.0, "evidence": "DEPCNT" }, "geometry": { "type": "Point", "coordinates": [ 134.587100785056094, 7.329110120399987 ] } },
{ "type": "Feature", "properties": { "depth_m": 10.0, "evidence": "DEPCNT" }, "geometry": { "type": "Point", "coordinates": [ 134.587893735409637, 7.330089016443443 ] } },
{ "type": "Feature", "properties": { "depth_m": 10.0, "evidence": "DEPCNT" }, "geometry": { "type": "Point", "coordinates": [ 134.588078652989026, 7.331193343755011 ] } },
{ "type": "Feature", "properties": { "depth_m": 10.0, "evidence": "DEPCNT" }, "geometry": { "type": "Point", "coordinates": [ 134.587269878943886, 7.331598807917442 ] } },
{ "type": "Feature", "properties": { "depth_m": 10.0, "evidence": "DEPCNT" }, "geometry": { "type": "Point", "coordinates": [ 134.586273993111604, 7.331754134509155 ] } },
{ "type": "Feature", "properties": { "depth_m": 10.0, "evidence": "DEPCNT" }, "geometry": { "type": "Point", "coordinates": [ 134.585685615431657, 7.33076498838521 ] } },
{ "type": "Feature", "properties": { "depth_m": 10.0, "evidence": "DEPCNT" }, "geometry": { "type": "Point", "coordinates": [ 134.584821961861195, 7.329833255805331 ] } },
{ "type": "Feature", "properties": { "depth_m": 10.0, "evidence": "DEPCNT" }, "geometry": { "type": "Point", "coordinates": [ 134.584251600279543, 7.328759896505088 ] } },
{ "type": "Feature", "properties": { "depth_m": 10.0, "evidence": "DEPCNT" }, "geometry": { "type": "Point", "coordinates": [ 134.5849915, 7.3278942 ] } },
{ "type": "Feature", "properties": { "depth_m": 30.0, "evidence": "DEPCNT" }, "geometry": { "type": "Point", "coordinates": [ 134.5900269, 7.3301835 ] } },
{ "type": "Feature", "properties": { "depth_m": 30.0, "evidence": "DEPCNT" }, "geometry": { "type": "Point", "coordinates": [ 134.590957185376027, 7.330962708045779 ] } },
{ "type": "Feature", "properties": { "depth_m": 30.0, "evidence": "DEPCNT" }, "geometry": { "type": "Point", "coordinates": [ 134.591465199974493, 7.332044886806759 ] } },
{ "type": "Feature", "properties": { "depth_m": 30.0, "evidence": "DEPCNT" }, "geometry": { "type": "Point", "coordinates": [ 134.59098971058765, 7.333023556536799 ] } },
{ "type": "Feature", "properties": { "depth_m": 30.0, "evidence": "DEPCNT" }, "geometry": { "type": "Point", "coordinates": [ 134.589842493335482, 7.333441984150143 ] } },
{ "type": "Feature", "properties": { "depth_m": 30.0, "evidence": "DEPCNT" }, "geometry": { "type": "Point", "coordinates": [ 134.588944343254639, 7.334234835601189 ] } },
{ "type": "Feature", "properties": { "depth_m": 30.0, "evidence": "DEPCNT" }, "geometry": { "type": "Point", "coordinates": [ 134.588221418800202, 7.335200897110951 ] } },
{ "type": "Feature", "properties": { "depth_m": 30.0, "evidence": "DEPCNT" }, "geometry": { "type": "Point", "coordinates": [ 134.58708885585645, 7.335568954429332 ] } },
{ "type": "Feature", "properties": { "depth_m": 30.0, "evidence": "DEPCNT" }, "geometry": { "type": "Point", "coordinates": [ 134.5860291, 7.3361168 ] } },
{ "type": "Feature", "properties": { "depth_m": 20.0, "evidence": "DEPCNT" }, "geometry": { "type": "Point", "coordinates": [ 134.5614014, 7.3323336 ] } },
{ "type": "Feature", "properties": { "depth_m": 20.0, "evidence": "DEPCNT" }, "geometry": { "type": "Point", "coordinates": [ 134.562536985398481, 7.333032573202598 ] } },
{ "type": "Feature", "properties": { "depth_m": 20.0, "evidence": "DEPCNT" }, "geometry": { "type": "Point", "coordinates": [ 134.563660894946963, 7.333752861332656 ] } },
{ "type": "Feature", "properties": { "depth_m": 20.0, "evidence": "DEPCNT" }, "geometry": { "type": "Point", "coordinates": [ 134.564421134981245, 7.334769217297017 ] } },
{ "type": "Feature", "properties": { "depth_m": 20.0, "evidence": "DEPCNT" }, "geometry": { "type": "Point", "coordinates": [ 134.564498961329349, 7.336090961659711 ] } },
{ "type": "Feature", "properties": { "depth_m": 20.0, "evidence": "DEPCNT" }, "geometry": { "type": "Point", "coordinates": [ 134.565062764785665, 7.337284294233023 ] } },
{ "type": "Feature", "properties": { "depth_m": 20.0, "evidence": "DEPCNT" }, "geometry": { "type": "Point", "coordinates": [ 134.56557728160999, 7.338508566625468 ] } },
{ "type": "Feature", "properties": { "depth_m": 20.0, "evidence": "DEPCNT" }, "geometry": { "type": "Point", "coordinates": [ 134.566004656779086, 7.339752768658684 ] } },
{ "type": "Feature", "properties": { "depth_m": 20.0, "evidence": "DEPCNT" }, "geometry": { "type": "Point", "coordinates": [ 134.566198636918017, 7.341038996967495 ] } },
{ "type": "Feature", "properties": { "depth_m": 20.0, "evidence": "DEPCNT" }, "geometry": { "type": "Point", "coordinates": [ 134.567241686899933, 7.341640993794312 ] } },
{ "type": "Feature", "properties": { "depth_m": 20.0, "evidence": "DEPCNT" }, "geometry": { "type": "Point", "coordinates": [ 134.568502782149721, 7.341871808609776 ] } },
{ "type": "Feature", "properties": { "depth_m": 20.0, "evidence": "DEPCNT" }, "geometry": { "type": "Point", "coordinates": [ 134.569702178234905, 7.34242234769659 ] } },
{ "type": "Feature", "properties": { "depth_m": 20.0, "evidence": "DEPCNT" }, "geometry": { "type": "Point", "coordinates": [ 134.570835485928569, 7.343067656170998 ] } },
{ "type": "Feature", "properties": { "depth_m": 20.0, "evidence": "DEPCNT" }, "geometry": { "type": "Point", "coordinates": [ 134.571399292611005, 7.344211768299775 ] } },
{ "type": "Feature", "properties": { "depth_m": 20.0, "evidence": "DEPCNT" }, "geometry": { "type": "Point", "coordinates": [ 134.57246704170683, 7.343621561918234 ] } },
{ "type": "Feature", "properties": { "depth_m": 20.0, "evidence": "DEPCNT" }, "geometry": { "type": "Point", "coordinates": [ 134.573576781838597, 7.342916074647805 ] } },
{ "type": "Feature", "properties": { "depth_m": 20.0, "evidence": "DEPCNT" }, "geometry": { "type": "Point", "coordinates": [ 134.574899252886212, 7.342961072787056 ] } },
{ "type": "Feature", "properties": { "depth_m": 20.0, "evidence": "DEPCNT" }, "geometry": { "type": "Point", "coordinates": [ 134.576158985535358, 7.343405228541716 ] } },
{ "type": "Feature", "properties": { "depth_m": 20.0, "evidence": "DEPCNT" }, "geometry": { "type": "Point", "coordinates": [ 134.577206265079582, 7.344206128022691 ] } },
{ "type": "Feature", "properties": { "depth_m": 20.0, "evidence": "DEPCNT" }, "geometry": { "type": "Point", "coordinates": [ 134.578273553621926, 7.34493885760868 ] } },
{ "type": "Feature", "properties": { "depth_m": 20.0, "evidence": "DEPCNT" }, "geometry": { "type": "Point", "coordinates": [ 134.579605006142884, 7.344991958991805 ] } },
{ "type": "Feature", "properties": { "depth_m": 20.0, "evidence": "DEPCNT" }, "geometry": { "type": "Point", "coordinates": [ 134.580367049691858, 7.345854938300287 ] } },
{ "type": "Feature", "properties": { "depth_m": 20.0, "evidence": "DEPCNT" }, "geometry": { "type": "Point", "coordinates": [ 134.58122161416199, 7.346812662641685 ] } },
{ "type": "Feature", "properties": { "depth_m": 20.0, "evidence": "DEPCNT" }, "geometry": { "type": "Point", "coordinates": [ 134.582344424976782, 7.347500002891981 ] } },
{ "type": "Feature", "properties": { "depth_m": 20.0, "evidence": "DEPCNT" }, "geometry": { "type": "Point", "coordinates": [ 134.583604387682669, 7.347351934811045 ] } },
{ "type": "Feature", "properties": { "depth_m": 20.0, "evidence": "DEPCNT" }, "geometry": { "type": "Point", "coordinates": [ 134.584911449094164, 7.347561247351361 ] } },
{ "type": "Feature", "properties": { "depth_m": 20.0, "evidence": "DEPCNT" }, "geometry": { "type": "Point", "coordinates": [ 134.58623454830547, 7.347424857265422 ] } },
{ "type": "Feature", "properties": { "depth_m": 20.0, "evidence": "DEPCNT" }, "geometry": { "type": "Point", "coordinates": [ 134.587569572748095, 7.347436662288871 ] } },
{ "type": "Feature", "properties": { "depth_m": 20.0, "evidence": "DEPCNT" }, "geometry": { "type": "Point", "coordinates": [ 134.588816947306839, 7.347880878439615 ] } },
{ "type": "Feature", "properties": { "depth_m": 20.0, "evidence": "DEPCNT" }, "geometry": { "type": "Point", "coordinates": [ 134.590140760157908, 7.348003569489208 ] } },
{ "type": "Feature", "properties": { "depth_m": 20.0, "evidence": "DEPCNT" }, "geometry": { "type": "Point", "coordinates": [ 134.591475782431729, 7.348069987169143 ] } },
{ "type": "Feature", "properties": { "depth_m": 20.0, "evidence": "DEPCNT" }, "geometry": { "type": "Point", "coordinates": [ 134.592767790813099, 7.34838206154147 ] } },
{ "type": "Feature", "properties": { "depth_m": 20.0, "evidence": "DEPCNT" }, "geometry": { "type": "Point", "coordinates": [ 134.593954246926785, 7.348988746215767 ] } },
{ "type": "Feature", "properties": { "depth_m": 20.0, "evidence": "DEPCNT" }, "geometry": { "type": "Point", "coordinates": [ 134.594909716439162, 7.349919012187468 ] } },
{ "type": "Feature", "properties": { "depth_m": 20.0, "evidence": "DEPCNT" }, "geometry": { "type": "Point", "coordinates": [ 134.595577440733308, 7.351072357651099 ] } },
{ "type": "Feature", "properties": { "depth_m": 20.0, "evidence": "DEPCNT" }, "geometry": { "type": "Point", "coordinates": [ 134.596325471804192, 7.352157295822675 ] } },
{ "type": "Feature", "properties": { "depth_m": 20.0, "evidence": "DEPCNT" }, "geometry": { "type": "Point", "coordinates": [ 134.597124260679379, 7.353196335533154 ] } },
{ "type": "Feature", "properties": { "depth_m": 20.0, "evidence": "DEPCNT" }, "geometry": { "type": "Point", "coordinates": [ 134.5968018, 7.3542724 ] } },
{ "type": "Feature", "properties": { "depth_m": 5.0, "evidence": "DEPCNT" }, "geometry": { "type": "Point", "coordinates": [ 134.4910736, 7.3804359 ] } },
{ "type": "Feature", "properties": { "depth_m": 5.0, "evidence": "DEPCNT" }, "geometry": { "type": "Point", "coordinates": [ 134.490499300951171, 7.379975170163095 ] } },
{ "type": "Feature", "properties": { "depth_m": 5.0, "evidence": "DEPCNT" }, "geometry": { "type": "Point", "coordinates": [ 134.4910736, 7.3804359 ] } },
{ "type": "Feature", "properties": { "depth_m": 10.0, "evidence": "DEPCNT" }, "geometry": { "type": "Point", "coordinates": [ 134.4941254, 7.3705668 ] } },
{ "type": "Feature", "properties": { "depth_m": 10.0, "evidence": "DEPCNT" }, "geometry": { "type": "Point", "coordinates": [ 134.493829236641687, 7.37121820645203 ] } },
{ "type": "Feature", "properties": { "depth_m": 10.0, "evidence": "DEPCNT" }, "geometry": { "type": "Point", "coordinates": [ 134.4933624, 7.3717527 ] } },
{ "type": "Feature", "properties": { "depth_m": 30.0, "evidence": "DEPCNT" }, "geometry": { "type": "Point", "coordinates": [ 134.487915, 7.2797113 ] } },
{ "type": "Feature", "properties": { "depth_m": 30.0, "evidence": "DEPCNT" }, "geometry": { "type": "Point", "coordinates": [ 134.48785863389358, 7.280847504033149 ] } },
{ "type": "Feature", "properties": { "depth_m": 30.0, "evidence": "DEPCNT" }, "geometry": { "type": "Point", "coordinates": [ 134.488647500001377, 7.281687736997472 ] } },
{ "type": "Feature", "properties": { "depth_m": 30.0, "evidence": "DEPCNT" }, "geometry": { "type": "Point", "coordinates": [ 134.488358388411399, 7.282962878362821 ] } },
{ "type": "Feature", "properties": { "depth_m": 30.0, "evidence": "DEPCNT" }, "geometry": { "type": "Point", "coordinates": [ 134.489270321560014, 7.283409010734156 ] } },
{ "type": "Feature", "properties": { "depth_m": 30.0, "evidence": "DEPCNT" }, "geometry": { "type": "Point", "coordinates": [ 134.49022439453779, 7.282661183583616 ] } },
{ "type": "Feature", "properties": { "depth_m": 30.0, "evidence": "DEPCNT" }, "geometry": { "type": "Point", "coordinates": [ 134.490366706119403, 7.283451067283822 ] } },
{ "type": "Feature", "properties": { "depth_m": 30.0, "evidence": "DEPCNT" }, "geometry": { "type": "Point", "coordinates": [ 134.48990684158278, 7.284424327447204 ] } },
{ "type": "Feature", "properties": { "depth_m": 30.0, "evidence": "DEPCNT" }, "geometry": { "type": "Point", "coordinates": [ 134.490871549154946, 7.28515612395387 ] } },
{ "type": "Feature", "properties": { "depth_m": 30.0, "evidence": "DEPCNT" }, "geometry": { "type": "Point", "coordinates": [ 134.491235486143239, 7.284029693315251 ] } },
{ "type": "Feature", "properties": { "depth_m": 30.0, "evidence": "DEPCNT" }, "geometry": { "type": "Point", "coordinates": [ 134.492248500000017, 7.28362661309027 ] } },
{ "type": "Feature", "properties": { "depth_m": 30.0, "evidence": "DEPCNT" }, "geometry": { "type": "Point", "coordinates": [ 134.492267819019332, 7.284681829522452 ] } },
{ "type": "Feature", "properties": { "depth_m": 30.0, "evidence": "DEPCNT" }, "geometry": { "type": "Point", "coordinates": [ 134.493447842144064, 7.285093544636293 ] } },
{ "type": "Feature", "properties": { "depth_m": 30.0, "evidence": "DEPCNT" }, "geometry": { "type": "Point", "coordinates": [ 134.494363873211881, 7.285942592327965 ] } },
{ "type": "Feature", "properties": { "depth_m": 30.0, "evidence": "DEPCNT" }, "geometry": { "type": "Point", "coordinates": [ 134.493921035917225, 7.287126145931799 ] } },
{ "type": "Feature", "properties": { "depth_m": 30.0, "evidence": "DEPCNT" }, "geometry": { "type": "Point", "coordinates": [ 134.492897007740623, 7.286679772397758 ] } },
{ "type": "Feature", "properties": { "depth_m": 30.0, "evidence": "DEPCNT" }, "geometry": { "type": "Point", "coordinates": [ 134.493100323272159, 7.287517536254661 ] } },
{ "type": "Feature", "properties": { "depth_m": 30.0, "evidence": "DEPCNT" }, "geometry": { "type": "Point", "coordinates": [ 134.492929891174441, 7.28848129362666 ] } },
{ "type": "Feature", "properties": { "depth_m": 30.0, "evidence": "DEPCNT" }, "geometry": { "type": "Point", "coordinates": [ 134.492327460410507, 7.289230511776313 ] } },
{ "type": "Feature", "properties": { "depth_m": 30.0, "evidence": "DEPCNT" }, "geometry": { "type": "Point", "coordinates": [ 134.492284260527867, 7.288150802660659 ] } },
{ "type": "Feature", "properties": { "depth_m": 30.0, "evidence": "DEPCNT" }, "geometry": { "type": "Point", "coordinates": [ 134.491247875662651, 7.288506547306698 ] } },
{ "type": "Feature", "properties": { "depth_m": 30.0, "evidence": "DEPCNT" }, "geometry": { "type": "Point", "coordinates": [ 134.4909515, 7.2897668 ] } },
{ "type": "Feature", "properties": { "depth_m": 10.0, "evidence": "DEPCNT" }, "geometry": { "type": "Point", "coordinates": [ 134.4956665, 7.3989554 ] } },
{ "type": "Feature", "properties": { "depth_m": 10.0, "evidence": "DEPCNT" }, "geometry": { "type": "Point", "coordinates": [ 134.4957886, 7.3982611 ] } },
{ "type": "Feature", "properties": { "depth_m": 20.0, "evidence": "DEPCNT" }, "geometry": { "type": "Point", "coordinates": [ 134.4957886, 7.3268361 ] } },
{ "type": "Feature", "properties": { "depth_m": 20.0, "evidence": "DEPCNT" }, "geometry": { "type": "Point", "coordinates": [ 134.495479118998702, 7.327650079348321 ] } },
{ "type": "Feature", "properties": { "depth_m": 20.0, "evidence": "DEPCNT" }, "geometry": { "type": "Point", "coordinates": [ 134.496328570661944, 7.327405454877373 ] } },
{ "type": "Feature", "properties": { "depth_m": 20.0, "evidence": "DEPCNT" }, "geometry": { "type": "Point", "coordinates": [ 134.4957886, 7.3268361 ] } },
{ "type": "Feature", "properties": { "depth_m": 20.0, "evidence": "DEPCNT" }, "geometry": { "type": "Point", "coordinates": [ 134.497772200000014, 7.301786 ] } },
{ "type": "Feature", "properties": { "depth_m": 20.0, "evidence": "DEPCNT" }, "geometry": { "type": "Point", "coordinates": [ 134.497343297665907, 7.300612994920194 ] } },
{ "type": "Feature", "properties": { "depth_m": 20.0, "evidence": "DEPCNT" }, "geometry": { "type": "Point", "coordinates": [ 134.496179714938592, 7.300159301430019 ] } },
{ "type": "Feature", "properties": { "depth_m": 20.0, "evidence": "DEPCNT" }, "geometry": { "type": "Point", "coordinates": [ 134.494934522622316, 7.299783226433933 ] } },
{ "type": "Feature", "properties": { "depth_m": 20.0, "evidence": "DEPCNT" }, "geometry": { "type": "Point", "coordinates": [ 134.493911678488899, 7.299020411173067 ] } },
{ "type": "Feature", "properties": { "depth_m": 20.0, "evidence": "DEPCNT" }, "geometry": { "type": "Point", "coordinates": [ 134.492720419606229, 7.298528324516713 ] } },
{ "type": "Feature", "properties": { "depth_m": 20.0, "evidence": "DEPCNT" }, "geometry": { "type": "Point", "coordinates": [ 134.491554985938393, 7.297932108010333 ] } },
{ "type": "Feature", "properties": { "depth_m": 20.0, "evidence": "DEPCNT" }, "geometry": { "type": "Point", "coordinates": [ 134.490327845598358, 7.297394734126409 ] } },
{ "type": "Feature", "properties": { "depth_m": 20.0, "evidence": "DEPCNT" }, "geometry": { "type": "Point", "coordinates": [ 134.489452954502866, 7.296418654191937 ] } },
{ "type": "Feature", "properties": { "depth_m": 20.0, "evidence": "DEPCNT" }, "geometry": { "type": "Point", "coordinates": [ 134.488308886657109, 7.29573070552584 ] } },
{ "type": "Feature", "properties": { "depth_m": 20.0, "evidence": "DEPCNT" }, "geometry": { "type": "Point", "coordinates": [ 134.487727439101803, 7.294606929500366 ] } },
{ "type": "Feature", "properties": { "depth_m": 20.0, "evidence": "DEPCNT" }, "geometry": { "type": "Point", "coordinates": [ 134.487779080188915, 7.293364804598567 ] } },
{ "type": "Feature", "properties": { "depth_m": 20.0, "evidence": "DEPCNT" }, "geometry": { "type": "Point", "coordinates": [ 134.486491080794082, 7.293591639001657 ] } },
{ "type": "Feature", "properties": { "depth_m": 20.0, "evidence": "DEPCNT" }, "geometry": { "type": "Point", "coordinates": [ 134.485220808441881, 7.293335865442246 ] } },
{ "type": "Feature", "properties": { "depth_m": 20.0, "evidence": "DEPCNT" }, "geometry": { "type": "Point", "coordinates": [ 134.484529092366643, 7.29258247710267 ] } },
{ "type": "Feature", "properties": { "depth_m": 20.0, "evidence": "DEPCNT" }, "geometry": { "type": "Point", "coordinates": [ 134.483286343433292, 7.292492555435416 ] } },
{ "type": "Feature", "properties": { "depth_m": 20.0, "evidence": "DEPCNT" }, "geometry": { "type": "Point", "coordinates": [ 134.482159225558888, 7.291813117123256 ] } },
{ "type": "Feature", "properties": { "depth_m": 20.0, "evidence": "DEPCNT" }, "geometry": { "type": "Point", "coordinates": [ 134.481589362135168, 7.290668803016826 ] } },
{ "type": "Feature", "properties": { "depth_m": 20.0, "evidence": "DEPCNT" }, "geometry": { "type": "Point", "coordinates": [ 134.480984192968322, 7.289498034175244 ] } },
{ "type": "Feature", "properties": { "depth_m": 20.0, "evidence": "DEPCNT" }, "geometry": { "type": "Point", "coordinates": [ 134.480230954105934, 7.288436668760458 ] } },
{ "type": "Feature", "properties": { "depth_m": 20.0, "evidence": "DEPCNT" }, "geometry": { "type": "Point", "coordinates": [ 134.479402205987242, 7.287395587732929 ] } },
{ "type": "Feature", "properties": { "depth_m": 20.0, "evidence": "DEPCNT" }, "geometry": { "type": "Point", "coordinates": [ 134.478476251676199, 7.286439886474431 ] } },
{ "type": "Feature", "properties": { "depth_m": 20.0, "evidence": "DEPCNT" }, "geometry": { "type": "Point", "coordinates": [ 134.477388585258893, 7.285663351728586 ] } },
{ "type": "Feature", "properties": { "depth_m": 20.0, "evidence": "DEPCNT" }, "geometry": { "type": "Point", "coordinates": [ 134.476719878899075, 7.284592935053352 ] } },
{ "type": "Feature", "properties": { "depth_m": 20.0, "evidence": "DEPCNT" }, "geometry": { "type": "Point", "coordinates": [ 134.47631306938959, 7.28362037398619 ] } },
{ "type": "Feature", "properties": { "depth_m": 20.0, "evidence": "DEPCNT" }, "geometry": { "type": "Point", "coordinates": [ 134.475034073320415, 7.283319914032714 ] } },
{ "type": "Feature", "properties": { "depth_m": 20.0, "evidence": "DEPCNT" }, "geometry": { "type": "Point", "coordinates": [ 134.47386883711448, 7.282678906095838 ] } },
{ "type": "Feature", "properties": { "depth_m": 20.0, "evidence": "DEPCNT" }, "geometry": { "type": "Point", "coordinates": [ 134.472765110594565, 7.281938952229063 ] } },
{ "type": "Feature", "properties": { "depth_m": 20.0, "evidence": "DEPCNT" }, "geometry": { "type": "Point", "coordinates": [ 134.471623060768479, 7.28123789549845 ] } },
{ "type": "Feature", "properties": { "depth_m": 20.0, "evidence": "DEPCNT" }, "geometry": { "type": "Point", "coordinates": [ 134.470504647180576, 7.280522297897951 ] } },
{ "type": "Feature", "properties": { "depth_m": 20.0, "evidence": "DEPCNT" }, "geometry": { "type": "Point", "coordinates": [ 134.469254515215283, 7.280047029061892 ] } },
{ "type": "Feature", "properties": { "depth_m": 20.0, "evidence": "DEPCNT" }, "geometry": { "type": "Point", "coordinates": [ 134.467944933609147, 7.279754767360574 ] } },
{ "type": "Feature", "properties": { "depth_m": 20.0, "evidence": "DEPCNT" }, "geometry": { "type": "Point", "coordinates": [ 134.466684094282414, 7.279484024822226 ] } },
{ "type": "Feature", "properties": { "depth_m": 20.0, "evidence": "DEPCNT" }, "geometry": { "type": "Point", "coordinates": [ 134.4661255, 7.2806859 ] } },
{ "type": "Feature", "properties": { "depth_m": 50.0, "evidence": "DEPCNT" }, "geometry": { "type": "Point", "coordinates": [ 134.4983215, 7.2746778 ] } },
{ "type": "Feature", "properties": { "depth_m": 50.0, "evidence": "DEPCNT" }, "geometry": { "type": "Point", "coordinates": [ 134.499064432003138, 7.275164603588663 ] } },
{ "type": "Feature", "properties": { "depth_m": 50.0, "evidence": "DEPCNT" }, "geometry": { "type": "Point", "coordinates": [ 134.4990234, 7.2760363 ] } },
{ "type": "Feature", "properties": { "depth_m": 5.0, "evidence": "DEPCNT" }, "geometry": { "type": "Point", "coordinates": [ 134.500289900000013, 7.2896724 ] } },
{ "type": "Feature", "properties": { "depth_m": 5.0, "evidence": "DEPCNT" }, "geometry": { "type": "Point", "coordinates": [ 134.500289900000013, 7.2896724 ] } },
{ "type": "Feature", "properties": { "depth_m": 10.0, "evidence": "DEPCNT" }, "geometry": { "type": "Point", "coordinates": [ 134.502182, 7.2990332 ] } },
{ "type": "Feature", "properties": { "depth_m": 10.0, "evidence": "DEPCNT" }, "geometry": { "type": "Point", "coordinates": [ 134.501389252583664, 7.29826304147401 ] } },
{ "type": "Feature", "properties": { "depth_m": 10.0, "evidence": "DEPCNT" }, "geometry": { "type": "Point", "coordinates": [ 134.501763546510347, 7.297516119023014 ] } },
{ "type": "Feature", "properties": { "depth_m": 10.0, "evidence": "DEPCNT" }, "geometry": { "type": "Point", "coordinates": [ 134.5026398, 7.2983112 ] } },
{ "type": "Feature", "properties": { "depth_m": 10.0, "evidence": "DEPCNT" }, "geometry": { "type": "Point", "coordinates": [ 134.500793499999986, 7.3042665 ] } },
{ "type": "Feature", "properties": { "depth_m": 10.0, "evidence": "DEPCNT" }, "geometry": { "type": "Point", "coordinates": [ 134.501478976658092, 7.303611906461566 ] } },
{ "type": "Feature", "properties": { "depth_m": 10.0, "evidence": "DEPCNT" }, "geometry": { "type": "Point", "coordinates": [ 134.502256990540303, 7.302947891797515 ] } },
{ "type": "Feature", "properties": { "depth_m": 10.0, "evidence": "DEPCNT" }, "geometry": { "type": "Point", "coordinates": [ 134.502960476704715, 7.30230224255233 ] } },
{ "type": "Feature", "properties": { "depth_m": 10.0, "evidence": "DEPCNT" }, "geometry": { "type": "Point", "coordinates": [ 134.50372310000003, 7.3030362 ] } },
{ "type": "Feature", "properties": { "depth_m": 5.0, "evidence": "DEPCNT" }, "geometry": { "type": "Point", "coordinates": [ 134.5036316, 7.3612223 ] } },
{ "type": "Feature", "properties": { "depth_m": 5.0, "evidence": "DEPCNT" }, "geometry": { "type": "Point", "coordinates": [ 134.504043599999989, 7.360178 ] } },
{ "type": "Feature", "properties": { "depth_m": 20.0, "evidence": "DEPCNT" }, "geometry": { "type": "Point", "coordinates": [ 134.5029907, 7.3340554 ] } },
{ "type": "Feature", "properties": { "depth_m": 20.0, "evidence": "DEPCNT" }, "geometry": { "type": "Point", "coordinates": [ 134.503650701843839, 7.333242954008376 ] } },
{ "type": "Feature", "properties": { "depth_m": 20.0, "evidence": "DEPCNT" }, "geometry": { "type": "Point", "coordinates": [ 134.504606888902629, 7.332877873711425 ] } },
{ "type": "Feature", "properties": { "depth_m": 20.0, "evidence": "DEPCNT" }, "geometry": { "type": "Point", "coordinates": [ 134.505609737253565, 7.33308276917521 ] } },
{ "type": "Feature", "properties": { "depth_m": 20.0, "evidence": "DEPCNT" }, "geometry": { "type": "Point", "coordinates": [ 134.5062408, 7.3339195 ] } },
{ "type": "Feature", "properties": { "depth_m": 5.0, "evidence": "DEPCNT" }, "geometry": { "type": "Point", "coordinates": [ 134.5090942, 7.3045416 ] } },
{ "type": "Feature", "properties": { "depth_m": 5.0, "evidence": "DEPCNT" }, "geometry": { "type": "Point", "coordinates": [ 134.509334843916974, 7.303405277772547 ] } },
{ "type": "Feature", "properties": { "depth_m": 5.0, "evidence": "DEPCNT" }, "geometry": { "type": "Point", "coordinates": [ 134.510056002311075, 7.303956781851392 ] } },
{ "type": "Feature", "properties": { "depth_m": 5.0, "evidence": "DEPCNT" }, "geometry": { "type": "Point", "coordinates": [ 134.5105438, 7.3049278 ] } },
{ "type": "Feature", "properties": { "depth_m": 20.0, "evidence": "DEPCNT" }, "geometry": { "type": "Point", "coordinates": [ 134.500900300000012, 7.3038111 ] } },
{ "type": "Feature", "properties": { "depth_m": 20.0, "evidence": "DEPCNT" }, "geometry": { "type": "Point", "coordinates": [ 134.501815807938982, 7.303056945351003 ] } },
{ "type": "Feature", "properties": { "depth_m": 20.0, "evidence": "DEPCNT" }, "geometry": { "type": "Point", "coordinates": [ 134.501330158326908, 7.301918798693486 ] } },
{ "type": "Feature", "properties": { "depth_m": 20.0, "evidence": "DEPCNT" }, "geometry": { "type": "Point", "coordinates": [ 134.502009623480888, 7.300878638060606 ] } },
{ "type": "Feature", "properties": { "depth_m": 20.0, "evidence": "DEPCNT" }, "geometry": { "type": "Point", "coordinates": [ 134.501892100000077, 7.299594273011246 ] } },
{ "type": "Feature", "properties": { "depth_m": 20.0, "evidence": "DEPCNT" }, "geometry": { "type": "Point", "coordinates": [ 134.501222395565009, 7.298464359666596 ] } },
{ "type": "Feature", "properties": { "depth_m": 20.0, "evidence": "DEPCNT" }, "geometry": { "type": "Point", "coordinates": [ 134.501248215406662, 7.29734113680434 ] } },
{ "type": "Feature", "properties": { "depth_m": 20.0, "evidence": "DEPCNT" }, "geometry": { "type": "Point", "coordinates": [ 134.50245122226184, 7.297792672988443 ] } },
{ "type": "Feature", "properties": { "depth_m": 20.0, "evidence": "DEPCNT" }, "geometry": { "type": "Point", "coordinates": [ 134.503331667181698, 7.298719034548887 ] } },
{ "type": "Feature", "properties": { "depth_m": 20.0, "evidence": "DEPCNT" }, "geometry": { "type": "Point", "coordinates": [ 134.504450696399829, 7.298984916422437 ] } },
{ "type": "Feature", "properties": { "depth_m": 20.0, "evidence": "DEPCNT" }, "geometry": { "type": "Point", "coordinates": [ 134.504995104513, 7.299167934212586 ] } },
{ "type": "Feature", "properties": { "depth_m": 20.0, "evidence": "DEPCNT" }, "geometry": { "type": "Point", "coordinates": [ 134.505709179054548, 7.29991867040384 ] } },
{ "type": "Feature", "properties": { "depth_m": 20.0, "evidence": "DEPCNT" }, "geometry": { "type": "Point", "coordinates": [ 134.504997402881258, 7.300871876174199 ] } },
{ "type": "Feature", "properties": { "depth_m": 20.0, "evidence": "DEPCNT" }, "geometry": { "type": "Point", "coordinates": [ 134.505769260264174, 7.301421543101867 ] } },
{ "type": "Feature", "properties": { "depth_m": 20.0, "evidence": "DEPCNT" }, "geometry": { "type": "Point", "coordinates": [ 134.506954071286543, 7.300997789128936 ] } },
{ "type": "Feature", "properties": { "depth_m": 20.0, "evidence": "DEPCNT" }, "geometry": { "type": "Point", "coordinates": [ 134.507988417197851, 7.301350100005219 ] } },
{ "type": "Feature", "properties": { "depth_m": 20.0, "evidence": "DEPCNT" }, "geometry": { "type": "Point", "coordinates": [ 134.508601164710626, 7.302360818997837 ] } },
{ "type": "Feature", "properties": { "depth_m": 20.0, "evidence": "DEPCNT" }, "geometry": { "type": "Point", "coordinates": [ 134.509766036658164, 7.302857759264668 ] } },
{ "type": "Feature", "properties": { "depth_m": 20.0, "evidence": "DEPCNT" }, "geometry": { "type": "Point", "coordinates": [ 134.510338983906649, 7.303971531745134 ] } },
{ "type": "Feature", "properties": { "depth_m": 20.0, "evidence": "DEPCNT" }, "geometry": { "type": "Point", "coordinates": [ 134.511301288074691, 7.30449643548111 ] } },
{ "type": "Feature", "properties": { "depth_m": 20.0, "evidence": "DEPCNT" }, "geometry": { "type": "Point", "coordinates": [ 134.512372381372899, 7.304496614046153 ] } },
{ "type": "Feature", "properties": { "depth_m": 20.0, "evidence": "DEPCNT" }, "geometry": { "type": "Point", "coordinates": [ 134.512569056159663, 7.30319263499879 ] } },
{ "type": "Feature", "properties": { "depth_m": 20.0, "evidence": "DEPCNT" }, "geometry": { "type": "Point", "coordinates": [ 134.513420672941209, 7.302715994819825 ] } },
{ "type": "Feature", "properties": { "depth_m": 20.0, "evidence": "DEPCNT" }, "geometry": { "type": "Point", "coordinates": [ 134.513951388305429, 7.303849905811354 ] } },
{ "type": "Feature", "properties": { "depth_m": 20.0, "evidence": "DEPCNT" }, "geometry": { "type": "Point", "coordinates": [ 134.515143994291719, 7.303529823885126 ] } },
{ "type": "Feature", "properties": { "depth_m": 20.0, "evidence": "DEPCNT" }, "geometry": { "type": "Point", "coordinates": [ 134.516435841682352, 7.303407160999646 ] } },
{ "type": "Feature", "properties": { "depth_m": 20.0, "evidence": "DEPCNT" }, "geometry": { "type": "Point", "coordinates": [ 134.5163574, 7.3022137 ] } },
{ "type": "Feature", "properties": { "depth_m": 20.0, "evidence": "DEPCNT" }, "geometry": { "type": "Point", "coordinates": [ 134.519882200000012, 7.3351779 ] } },
{ "type": "Feature", "properties": { "depth_m": 20.0, "evidence": "DEPCNT" }, "geometry": { "type": "Point", "coordinates": [ 134.520572445958436, 7.335663996058084 ] } },
{ "type": "Feature", "properties": { "depth_m": 20.0, "evidence": "DEPCNT" }, "geometry": { "type": "Point", "coordinates": [ 134.519688595308111, 7.336154218665118 ] } },
{ "type": "Feature", "properties": { "depth_m": 20.0, "evidence": "DEPCNT" }, "geometry": { "type": "Point", "coordinates": [ 134.519882200000012, 7.3351779 ] } },
{ "type": "Feature", "properties": { "depth_m": 10.0, "evidence": "DEPCNT" }, "geometry": { "type": "Point", "coordinates": [ 134.5202179, 7.3301501 ] } },
{ "type": "Feature", "properties": { "depth_m": 10.0, "evidence": "DEPCNT" }, "geometry": { "type": "Point", "coordinates": [ 134.520701118646713, 7.329426363584002 ] } },
{ "type": "Feature", "properties": { "depth_m": 10.0, "evidence": "DEPCNT" }, "geometry": { "type": "Point", "coordinates": [ 134.520721400000014, 7.3285165 ] } },
{ "type": "Feature", "properties": { "depth_m": 20.0, "evidence": "DEPCNT" }, "geometry": { "type": "Point", "coordinates": [ 134.520721400000014, 7.3436832 ] } },
{ "type": "Feature", "properties": { "depth_m": 20.0, "evidence": "DEPCNT" }, "geometry": { "type": "Point", "coordinates": [ 134.519905098564266, 7.344212499398837 ] } },
{ "type": "Feature", "properties": { "depth_m": 20.0, "evidence": "DEPCNT" }, "geometry": { "type": "Point", "coordinates": [ 134.518981900000057, 7.344600456138227 ] } },
{ "type": "Feature", "properties": { "depth_m": 20.0, "evidence": "DEPCNT" }, "geometry": { "type": "Point", "coordinates": [ 134.518872572065732, 7.345641564412741 ] } },
{ "type": "Feature", "properties": { "depth_m": 20.0, "evidence": "DEPCNT" }, "geometry": { "type": "Point", "coordinates": [ 134.5196381, 7.3460808 ] } },
{ "type": "Feature", "properties": { "depth_m": 30.0, "evidence": "DEPCNT" }, "geometry": { "type": "Point", "coordinates": [ 134.5186157, 7.3028998 ] } },
{ "type": "Feature", "properties": { "depth_m": 30.0, "evidence": "DEPCNT" }, "geometry": { "type": "Point", "coordinates": [ 134.519658581987841, 7.303272239094518 ] } },
{ "type": "Feature", "properties": { "depth_m": 30.0, "evidence": "DEPCNT" }, "geometry": { "type": "Point", "coordinates": [ 134.520535353438504, 7.304010816743522 ] } },
{ "type": "Feature", "properties": { "depth_m": 30.0, "evidence": "DEPCNT" }, "geometry": { "type": "Point", "coordinates": [ 134.521060779378161, 7.305007434906519 ] } },
{ "type": "Feature", "properties": { "depth_m": 30.0, "evidence": "DEPCNT" }, "geometry": { "type": "Point", "coordinates": [ 134.521358987366796, 7.306058267689102 ] } },
{ "type": "Feature", "properties": { "depth_m": 30.0, "evidence": "DEPCNT" }, "geometry": { "type": "Point", "coordinates": [ 134.5213013, 7.3071775 ] } },
{ "type": "Feature", "properties": { "depth_m": 30.0, "evidence": "DEPCNT" }, "geometry": { "type": "Point", "coordinates": [ 134.5208893, 7.3293419 ] } },
{ "type": "Feature", "properties": { "depth_m": 30.0, "evidence": "DEPCNT" }, "geometry": { "type": "Point", "coordinates": [ 134.521644028422713, 7.328837348838124 ] } },
{ "type": "Feature", "properties": { "depth_m": 30.0, "evidence": "DEPCNT" }, "geometry": { "type": "Point", "coordinates": [ 134.521716554400143, 7.327973081554236 ] } },
{ "type": "Feature", "properties": { "depth_m": 30.0, "evidence": "DEPCNT" }, "geometry": { "type": "Point", "coordinates": [ 134.521225, 7.3272085 ] } },
{ "type": "Feature", "properties": { "depth_m": 5.0, "evidence": "DEPCNT" }, "geometry": { "type": "Point", "coordinates": [ 134.52397160000001, 7.3263974 ] } },
{ "type": "Feature", "properties": { "depth_m": 5.0, "evidence": "DEPCNT" }, "geometry": { "type": "Point", "coordinates": [ 134.524028023937831, 7.327074696428906 ] } },
{ "type": "Feature", "properties": { "depth_m": 5.0, "evidence": "DEPCNT" }, "geometry": { "type": "Point", "coordinates": [ 134.52397160000001, 7.3263974 ] } },
{ "type": "Feature", "properties": { "depth_m": 50.0, "evidence": "DEPCNT" }, "geometry": { "type": "Point", "coordinates": [ 134.5259399, 7.3041749 ] } },
{ "type": "Feature", "properties": { "depth_m": 50.0, "evidence": "DEPCNT" }, "geometry": { "type": "Point", "coordinates": [ 134.526156666158897, 7.3050284924551 ] } },
{ "type": "Feature", "properties": { "depth_m": 50.0, "evidence": "DEPCNT" }, "geometry": { "type": "Point", "coordinates": [ 134.525303219098049, 7.304762638642183 ] } },
{ "type": "Feature", "properties": { "depth_m": 50.0, "evidence": "DEPCNT" }, "geometry": { "type": "Point", "coordinates": [ 134.5259399, 7.3041749 ] } },
{ "type": "Feature", "properties": { "depth_m": 50.0, "evidence": "DEPCNT" }, "geometry": { "type": "Point", "coordinates": [ 134.526641899999987, 7.2782946 ] } },
{ "type": "Feature", "properties": { "depth_m": 50.0, "evidence": "DEPCNT" }, "geometry": { "type": "Point", "coordinates": [ 134.52577374773287, 7.277395925144149 ] } },
{ "type": "Feature", "properties": { "depth_m": 50.0, "evidence": "DEPCNT" }, "geometry": { "type": "Point", "coordinates": [ 134.52512457090009, 7.276361955666272 ] } },
{ "type": "Feature", "properties": { "depth_m": 50.0, "evidence": "DEPCNT" }, "geometry": { "type": "Point", "coordinates": [ 134.524841766743975, 7.275461200026095 ] } },
{ "type": "Feature", "properties": { "depth_m": 50.0, "evidence": "DEPCNT" }, "geometry": { "type": "Point", "coordinates": [ 134.5238037, 7.2749414 ] } },
{ "type": "Feature", "properties": { "depth_m": 10.0, "evidence": "DEPCNT" }, "geometry": { "type": "Point", "coordinates": [ 134.5307465, 7.2736168 ] } },
{ "type": "Feature", "properties": { "depth_m": 10.0, "evidence": "DEPCNT" }, "geometry": { "type": "Point", "coordinates": [ 134.530994097400878, 7.274725046105116 ] } },
{ "type": "Feature", "properties": { "depth_m": 10.0, "evidence": "DEPCNT" }, "geometry": { "type": "Point", "coordinates": [ 134.53127077715493, 7.275832920006018 ] } },
{ "type": "Feature", "properties": { "depth_m": 10.0, "evidence": "DEPCNT" }, "geometry": { "type": "Point", "coordinates": [ 134.531483561960954, 7.276954721907326 ] } },
{ "type": "Feature", "properties": { "depth_m": 10.0, "evidence": "DEPCNT" }, "geometry": { "type": "Point", "coordinates": [ 134.5315247, 7.2780943 ] } },
{ "type": "Feature", "properties": { "depth_m": 5.0, "evidence": "DEPCNT" }, "geometry": { "type": "Point", "coordinates": [ 134.532012900000012, 7.3384419 ] } },
{ "type": "Feature", "properties": { "depth_m": 5.0, "evidence": "DEPCNT" }, "geometry": { "type": "Point", "coordinates": [ 134.5319824, 7.3381639 ] } },
{ "type": "Feature", "properties": { "depth_m": 2.0, "evidence": "DEPCNT" }, "geometry": { "type": "Point", "coordinates": [ 134.5322266, 7.3343639 ] } },
{ "type": "Feature", "properties": { "depth_m": 2.0, "evidence": "DEPCNT" }, "geometry": { "type": "Point", "coordinates": [ 134.53218371587721, 7.335502888255217 ] } },
{ "type": "Feature", "properties": { "depth_m": 2.0, "evidence": "DEPCNT" }, "geometry": { "type": "Point", "coordinates": [ 134.53178410000001, 7.3366222 ] } },
{ "type": "Feature", "properties": { "depth_m": 10.0, "evidence": "DEPCNT" }, "geometry": { "type": "Point", "coordinates": [ 134.5330505, 7.2877498 ] } },
{ "type": "Feature", "properties": { "depth_m": 10.0, "evidence": "DEPCNT" }, "geometry": { "type": "Point", "coordinates": [ 134.533341790485963, 7.286901028972271 ] } },
{ "type": "Feature", "properties": { "depth_m": 10.0, "evidence": "DEPCNT" }, "geometry": { "type": "Point", "coordinates": [ 134.53338457175397, 7.285998210491084 ] } },
{ "type": "Feature", "properties": { "depth_m": 10.0, "evidence": "DEPCNT" }, "geometry": { "type": "Point", "coordinates": [ 134.533111600000041, 7.2851362 ] } },
{ "type": "Feature", "properties": { "depth_m": 30.0, "evidence": "DEPCNT" }, "geometry": { "type": "Point", "coordinates": [ 134.538147, 7.3125806 ] } },
{ "type": "Feature", "properties": { "depth_m": 30.0, "evidence": "DEPCNT" }, "geometry": { "type": "Point", "coordinates": [ 134.536953035408004, 7.312025570286997 ] } },
{ "type": "Feature", "properties": { "depth_m": 30.0, "evidence": "DEPCNT" }, "geometry": { "type": "Point", "coordinates": [ 134.536286380963247, 7.31279671150462 ] } },
{ "type": "Feature", "properties": { "depth_m": 30.0, "evidence": "DEPCNT" }, "geometry": { "type": "Point", "coordinates": [ 134.5374908, 7.3132887 ] } },
{ "type": "Feature", "properties": { "depth_m": 30.0, "evidence": "DEPCNT" }, "geometry": { "type": "Point", "coordinates": [ 134.5430298, 7.284936 ] } },
{ "type": "Feature", "properties": { "depth_m": 30.0, "evidence": "DEPCNT" }, "geometry": { "type": "Point", "coordinates": [ 134.544134462558191, 7.285241685379575 ] } },
{ "type": "Feature", "properties": { "depth_m": 30.0, "evidence": "DEPCNT" }, "geometry": { "type": "Point", "coordinates": [ 134.544663757437291, 7.286265183179586 ] } },
{ "type": "Feature", "properties": { "depth_m": 30.0, "evidence": "DEPCNT" }, "geometry": { "type": "Point", "coordinates": [ 134.544406517226946, 7.287384390749739 ] } },
{ "type": "Feature", "properties": { "depth_m": 30.0, "evidence": "DEPCNT" }, "geometry": { "type": "Point", "coordinates": [ 134.543312917798318, 7.2877424334066 ] } },
{ "type": "Feature", "properties": { "depth_m": 30.0, "evidence": "DEPCNT" }, "geometry": { "type": "Point", "coordinates": [ 134.542195519986535, 7.287348903075043 ] } },
{ "type": "Feature", "properties": { "depth_m": 30.0, "evidence": "DEPCNT" }, "geometry": { "type": "Point", "coordinates": [ 134.541522545567432, 7.286419796084312 ] } },
{ "type": "Feature", "properties": { "depth_m": 30.0, "evidence": "DEPCNT" }, "geometry": { "type": "Point", "coordinates": [ 134.541961514408968, 7.285377191971419 ] } },
{ "type": "Feature", "properties": { "depth_m": 30.0, "evidence": "DEPCNT" }, "geometry": { "type": "Point", "coordinates": [ 134.5430298, 7.284936 ] } },
{ "type": "Feature", "properties": { "depth_m": 20.0, "evidence": "DEPCNT" }, "geometry": { "type": "Point", "coordinates": [ 134.5480042, 7.2739611 ] } },
{ "type": "Feature", "properties": { "depth_m": 20.0, "evidence": "DEPCNT" }, "geometry": { "type": "Point", "coordinates": [ 134.548317502150553, 7.272695568122298 ] } },
{ "type": "Feature", "properties": { "depth_m": 20.0, "evidence": "DEPCNT" }, "geometry": { "type": "Point", "coordinates": [ 134.548277353332878, 7.271421071599328 ] } },
{ "type": "Feature", "properties": { "depth_m": 20.0, "evidence": "DEPCNT" }, "geometry": { "type": "Point", "coordinates": [ 134.547609092334483, 7.270303751111257 ] } },
{ "type": "Feature", "properties": { "depth_m": 20.0, "evidence": "DEPCNT" }, "geometry": { "type": "Point", "coordinates": [ 134.546822695278991, 7.269277061241568 ] } },
{ "type": "Feature", "properties": { "depth_m": 20.0, "evidence": "DEPCNT" }, "geometry": { "type": "Point", "coordinates": [ 134.5459595, 7.2682972 ] } },
{ "type": "Feature", "properties": { "depth_m": 10.0, "evidence": "DEPCNT" }, "geometry": { "type": "Point", "coordinates": [ 134.5533447, 7.3187304 ] } },
{ "type": "Feature", "properties": { "depth_m": 10.0, "evidence": "DEPCNT" }, "geometry": { "type": "Point", "coordinates": [ 134.553420637381464, 7.319541093939555 ] } },
{ "type": "Feature", "properties": { "depth_m": 10.0, "evidence": "DEPCNT" }, "geometry": { "type": "Point", "coordinates": [ 134.5533447, 7.3187304 ] } },
{ "type": "Feature", "properties": { "depth_m": 50.0, "evidence": "DEPCNT" }, "geometry": { "type": "Point", "coordinates": [ 134.553543100000013, 7.3079972 ] } },
{ "type": "Feature", "properties": { "depth_m": 50.0, "evidence": "DEPCNT" }, "geometry": { "type": "Point", "coordinates": [ 134.554649310133584, 7.3075871377951 ] } },
{ "type": "Feature", "properties": { "depth_m": 50.0, "evidence": "DEPCNT" }, "geometry": { "type": "Point", "coordinates": [ 134.555781218873392, 7.307539360896228 ] } },
{ "type": "Feature", "properties": { "depth_m": 50.0, "evidence": "DEPCNT" }, "geometry": { "type": "Point", "coordinates": [ 134.555959247226554, 7.308469324630714 ] } },
{ "type": "Feature", "properties": { "depth_m": 50.0, "evidence": "DEPCNT" }, "geometry": { "type": "Point", "coordinates": [ 134.555003702446356, 7.30907778544985 ] } },
{ "type": "Feature", "properties": { "depth_m": 50.0, "evidence": "DEPCNT" }, "geometry": { "type": "Point", "coordinates": [ 134.553837318996671, 7.309243660946059 ] } },
{ "type": "Feature", "properties": { "depth_m": 50.0, "evidence": "DEPCNT" }, "geometry": { "type": "Point", "coordinates": [ 134.55287154165174, 7.308821256845481 ] } },
{ "type": "Feature", "properties": { "depth_m": 50.0, "evidence": "DEPCNT" }, "geometry": { "type": "Point", "coordinates": [ 134.553543100000013, 7.3079972 ] } },
{ "type": "Feature", "properties": { "depth_m": 10.0, "evidence": "DEPCNT" }, "geometry": { "type": "Point", "coordinates": [ 134.5549622, 7.2778974 ] } },
{ "type": "Feature", "properties": { "depth_m": 10.0, "evidence": "DEPCNT" }, "geometry": { "type": "Point", "coordinates": [ 134.555307523280533, 7.276635348849851 ] } },
{ "type": "Feature", "properties": { "depth_m": 10.0, "evidence": "DEPCNT" }, "geometry": { "type": "Point", "coordinates": [ 134.555850165580637, 7.27545684100769 ] } },
{ "type": "Feature", "properties": { "depth_m": 10.0, "evidence": "DEPCNT" }, "geometry": { "type": "Point", "coordinates": [ 134.556228600002953, 7.274212390972781 ] } },
{ "type": "Feature", "properties": { "depth_m": 10.0, "evidence": "DEPCNT" }, "geometry": { "type": "Point", "coordinates": [ 134.555898013740034, 7.272992008702726 ] } },
{ "type": "Feature", "properties": { "depth_m": 10.0, "evidence": "DEPCNT" }, "geometry": { "type": "Point", "coordinates": [ 134.55498570424632, 7.27205359897791 ] } },
{ "type": "Feature", "properties": { "depth_m": 10.0, "evidence": "DEPCNT" }, "geometry": { "type": "Point", "coordinates": [ 134.554275499999989, 7.2709637 ] } },
{ "type": "Feature", "properties": { "depth_m": 30.0, "evidence": "DEPCNT" }, "geometry": { "type": "Point", "coordinates": [ 134.5574493, 7.2987113 ] } },
{ "type": "Feature", "properties": { "depth_m": 30.0, "evidence": "DEPCNT" }, "geometry": { "type": "Point", "coordinates": [ 134.55726990002367, 7.299927491284339 ] } },
{ "type": "Feature", "properties": { "depth_m": 30.0, "evidence": "DEPCNT" }, "geometry": { "type": "Point", "coordinates": [ 134.557891900000612, 7.30100400034582 ] } },
{ "type": "Feature", "properties": { "depth_m": 30.0, "evidence": "DEPCNT" }, "geometry": { "type": "Point", "coordinates": [ 134.558093600495852, 7.302248615799944 ] } },
{ "type": "Feature", "properties": { "depth_m": 30.0, "evidence": "DEPCNT" }, "geometry": { "type": "Point", "coordinates": [ 134.557659911817211, 7.303411087125803 ] } },
{ "type": "Feature", "properties": { "depth_m": 30.0, "evidence": "DEPCNT" }, "geometry": { "type": "Point", "coordinates": [ 134.5579376, 7.3045502 ] } },
{ "type": "Feature", "properties": { "depth_m": 10.0, "evidence": "DEPCNT" }, "geometry": { "type": "Point", "coordinates": [ 134.556366, 7.3281584 ] } },
{ "type": "Feature", "properties": { "depth_m": 10.0, "evidence": "DEPCNT" }, "geometry": { "type": "Point", "coordinates": [ 134.557568464389817, 7.328577163187783 ] } },
{ "type": "Feature", "properties": { "depth_m": 10.0, "evidence": "DEPCNT" }, "geometry": { "type": "Point", "coordinates": [ 134.558464597798405, 7.329433196323741 ] } },
{ "type": "Feature", "properties": { "depth_m": 10.0, "evidence": "DEPCNT" }, "geometry": { "type": "Point", "coordinates": [ 134.559276751676748, 7.330411335961307 ] } },
{ "type": "Feature", "properties": { "depth_m": 10.0, "evidence": "DEPCNT" }, "geometry": { "type": "Point", "coordinates": [ 134.560136108729068, 7.331345507437175 ] } },
{ "type": "Feature", "properties": { "depth_m": 10.0, "evidence": "DEPCNT" }, "geometry": { "type": "Point", "coordinates": [ 134.561086335988364, 7.332187864025558 ] } },
{ "type": "Feature", "properties": { "depth_m": 10.0, "evidence": "DEPCNT" }, "geometry": { "type": "Point", "coordinates": [ 134.561961298007446, 7.33310371900829 ] } },
{ "type": "Feature", "properties": { "depth_m": 10.0, "evidence": "DEPCNT" }, "geometry": { "type": "Point", "coordinates": [ 134.56298858955779, 7.333787830960886 ] } },
{ "type": "Feature", "properties": { "depth_m": 10.0, "evidence": "DEPCNT" }, "geometry": { "type": "Point", "coordinates": [ 134.563578620583002, 7.334833740807577 ] } },
{ "type": "Feature", "properties": { "depth_m": 10.0, "evidence": "DEPCNT" }, "geometry": { "type": "Point", "coordinates": [ 134.563859715107014, 7.33605447601427 ] } },
{ "type": "Feature", "properties": { "depth_m": 10.0, "evidence": "DEPCNT" }, "geometry": { "type": "Point", "coordinates": [ 134.564310007083975, 7.337240053477421 ] } },
{ "type": "Feature", "properties": { "depth_m": 10.0, "evidence": "DEPCNT" }, "geometry": { "type": "Point", "coordinates": [ 134.564702476577622, 7.338436157707267 ] } },
{ "type": "Feature", "properties": { "depth_m": 10.0, "evidence": "DEPCNT" }, "geometry": { "type": "Point", "coordinates": [ 134.565226975182242, 7.339566785471249 ] } },
{ "type": "Feature", "properties": { "depth_m": 10.0, "evidence": "DEPCNT" }, "geometry": { "type": "Point", "coordinates": [ 134.565567, 7.3407526 ] } },
{ "type": "Feature", "properties": { "depth_m": 30.0, "evidence": "DEPCNT" }, "geometry": { "type": "Point", "coordinates": [ 134.5677948, 7.3186026 ] } },
{ "type": "Feature", "properties": { "depth_m": 30.0, "evidence": "DEPCNT" }, "geometry": { "type": "Point", "coordinates": [ 134.56855770263607, 7.318203001342222 ] } },
{ "type": "Feature", "properties": { "depth_m": 30.0, "evidence": "DEPCNT" }, "geometry": { "type": "Point", "coordinates": [ 134.568476363304313, 7.318927441920459 ] } },
{ "type": "Feature", "properties": { "depth_m": 30.0, "evidence": "DEPCNT" }, "geometry": { "type": "Point", "coordinates": [ 134.5677948, 7.3186026 ] } },
{ "type": "Feature", "properties": { "depth_m": 30.0, "evidence": "DEPCNT" }, "geometry": { "type": "Point", "coordinates": [ 134.572937, 7.3279862 ] } },
{ "type": "Feature", "properties": { "depth_m": 30.0, "evidence": "DEPCNT" }, "geometry": { "type": "Point", "coordinates": [ 134.573426889313822, 7.326938619831851 ] } },
{ "type": "Feature", "properties": { "depth_m": 30.0, "evidence": "DEPCNT" }, "geometry": { "type": "Point", "coordinates": [ 134.573131325511326, 7.325719246077398 ] } },
{ "type": "Feature", "properties": { "depth_m": 30.0, "evidence": "DEPCNT" }, "geometry": { "type": "Point", "coordinates": [ 134.573653915596594, 7.324558727420555 ] } },
{ "type": "Feature", "properties": { "depth_m": 30.0, "evidence": "DEPCNT" }, "geometry": { "type": "Point", "coordinates": [ 134.574145486419553, 7.325204602858172 ] } },
{ "type": "Feature", "properties": { "depth_m": 30.0, "evidence": "DEPCNT" }, "geometry": { "type": "Point", "coordinates": [ 134.574562191996733, 7.32637352725741 ] } },
{ "type": "Feature", "properties": { "depth_m": 30.0, "evidence": "DEPCNT" }, "geometry": { "type": "Point", "coordinates": [ 134.575701152591677, 7.325962684142107 ] } },
{ "type": "Feature", "properties": { "depth_m": 30.0, "evidence": "DEPCNT" }, "geometry": { "type": "Point", "coordinates": [ 134.576354195052005, 7.32710241592422 ] } },
{ "type": "Feature", "properties": { "depth_m": 30.0, "evidence": "DEPCNT" }, "geometry": { "type": "Point", "coordinates": [ 134.577139430097731, 7.328184436328598 ] } },
{ "type": "Feature", "properties": { "depth_m": 30.0, "evidence": "DEPCNT" }, "geometry": { "type": "Point", "coordinates": [ 134.57689338649115, 7.32948891954102 ] } },
{ "type": "Feature", "properties": { "depth_m": 30.0, "evidence": "DEPCNT" }, "geometry": { "type": "Point", "coordinates": [ 134.576344360655838, 7.330682125282516 ] } },
{ "type": "Feature", "properties": { "depth_m": 30.0, "evidence": "DEPCNT" }, "geometry": { "type": "Point", "coordinates": [ 134.576324210245559, 7.331529749217059 ] } },
{ "type": "Feature", "properties": { "depth_m": 30.0, "evidence": "DEPCNT" }, "geometry": { "type": "Point", "coordinates": [ 134.575857253825944, 7.332645448296748 ] } },
{ "type": "Feature", "properties": { "depth_m": 30.0, "evidence": "DEPCNT" }, "geometry": { "type": "Point", "coordinates": [ 134.574856505314358, 7.331997405971999 ] } },
{ "type": "Feature", "properties": { "depth_m": 30.0, "evidence": "DEPCNT" }, "geometry": { "type": "Point", "coordinates": [ 134.574956845989192, 7.330783550608825 ] } },
{ "type": "Feature", "properties": { "depth_m": 30.0, "evidence": "DEPCNT" }, "geometry": { "type": "Point", "coordinates": [ 134.57544451351194, 7.329733046364099 ] } },
{ "type": "Feature", "properties": { "depth_m": 30.0, "evidence": "DEPCNT" }, "geometry": { "type": "Point", "coordinates": [ 134.574199357632637, 7.329833875951681 ] } },
{ "type": "Feature", "properties": { "depth_m": 30.0, "evidence": "DEPCNT" }, "geometry": { "type": "Point", "coordinates": [ 134.573149531157014, 7.329388709419475 ] } },
{ "type": "Feature", "properties": { "depth_m": 30.0, "evidence": "DEPCNT" }, "geometry": { "type": "Point", "coordinates": [ 134.572006200000203, 7.328843024226289 ] } },
{ "type": "Feature", "properties": { "depth_m": 30.0, "evidence": "DEPCNT" }, "geometry": { "type": "Point", "coordinates": [ 134.572937, 7.3279862 ] } },
{ "type": "Feature", "properties": { "depth_m": 5.0, "evidence": "DEPCNT" }, "geometry": { "type": "Point", "coordinates": [ 134.580825800000014, 7.3481693 ] } },
{ "type": "Feature", "properties": { "depth_m": 5.0, "evidence": "DEPCNT" }, "geometry": { "type": "Point", "coordinates": [ 134.581547517903886, 7.348187030924795 ] } },
{ "type": "Feature", "properties": { "depth_m": 5.0, "evidence": "DEPCNT" }, "geometry": { "type": "Point", "coordinates": [ 134.5822296, 7.3484778 ] } },
{ "type": "Feature", "properties": { "depth_m": 2.0, "evidence": "DEPCNT" }, "geometry": { "type": "Point", "coordinates": [ 134.587738, 7.3481307 ] } },
{ "type": "Feature", "properties": { "depth_m": 2.0, "evidence": "DEPCNT" }, "geometry": { "type": "Point", "coordinates": [ 134.587021914970052, 7.347784738819141 ] } },
{ "type": "Feature", "properties": { "depth_m": 2.0, "evidence": "DEPCNT" }, "geometry": { "type": "Point", "coordinates": [ 134.58633420000001, 7.3482666 ] } },
{ "type": "Feature", "properties": { "depth_m": 50.0, "evidence": "DEPCNT" }, "geometry": { "type": "Point", "coordinates": [ 134.5984039, 7.3728252 ] } },
{ "type": "Feature", "properties": { "depth_m": 50.0, "evidence": "DEPCNT" }, "geometry": { "type": "Point", "coordinates": [ 134.597980315077905, 7.373826534962978 ] } },
{ "type": "Feature", "properties": { "depth_m": 50.0, "evidence": "DEPCNT" }, "geometry": { "type": "Point", "coordinates": [ 134.597218103767204, 7.374603809400275 ] } },
{ "type": "Feature", "properties": { "depth_m": 50.0, "evidence": "DEPCNT" }, "geometry": { "type": "Point", "coordinates": [ 134.59620670000001, 7.374939 ] } },
{ "type": "Feature", "properties": { "depth_m": 30.0, "evidence": "DEPCNT" }, "geometry": { "type": "Point", "coordinates": [ 134.599456800000013, 7.3517585 ] } },
{ "type": "Feature", "properties": { "depth_m": 30.0, "evidence": "DEPCNT" }, "geometry": { "type": "Point", "coordinates": [ 134.599361755297934, 7.352775884508174 ] } },
{ "type": "Feature", "properties": { "depth_m": 30.0, "evidence": "DEPCNT" }, "geometry": { "type": "Point", "coordinates": [ 134.599919410572966, 7.353730499731059 ] } },
{ "type": "Feature", "properties": { "depth_m": 30.0, "evidence": "DEPCNT" }, "geometry": { "type": "Point", "coordinates": [ 134.599243200000018, 7.3543415 ] } },
{ "type": "Feature", "properties": { "depth_m": 5.0, "evidence": "DEPCNT" }, "geometry": { "type": "Point", "coordinates": [ 134.60195920000001, 7.360539 ] } },
{ "type": "Feature", "properties": { "depth_m": 5.0, "evidence": "DEPCNT" }, "geometry": { "type": "Point", "coordinates": [ 134.602915902191171, 7.361215026962983 ] } },
{ "type": "Feature", "properties": { "depth_m": 5.0, "evidence": "DEPCNT" }, "geometry": { "type": "Point", "coordinates": [ 134.603311422630583, 7.362189018278111 ] } },
{ "type": "Feature", "properties": { "depth_m": 5.0, "evidence": "DEPCNT" }, "geometry": { "type": "Point", "coordinates": [ 134.6023712, 7.3628807 ] } },
{ "type": "Feature", "properties": { "depth_m": 20.0, "evidence": "DEPCNT" }, "geometry": { "type": "Point", "coordinates": [ 134.6032257, 7.3490167 ] } },
{ "type": "Feature", "properties": { "depth_m": 20.0, "evidence": "DEPCNT" }, "geometry": { "type": "Point", "coordinates": [ 134.603683499999988, 7.3496637 ] } },
{ "type": "Feature", "properties": { "depth_m": 30.0, "evidence": "DEPCNT" }, "geometry": { "type": "Point", "coordinates": [ 134.604599, 7.3738446 ] } },
{ "type": "Feature", "properties": { "depth_m": 30.0, "evidence": "DEPCNT" }, "geometry": { "type": "Point", "coordinates": [ 134.603489613030831, 7.373361824829469 ] } },
{ "type": "Feature", "properties": { "depth_m": 30.0, "evidence": "DEPCNT" }, "geometry": { "type": "Point", "coordinates": [ 134.602755549701897, 7.372373722895895 ] } },
{ "type": "Feature", "properties": { "depth_m": 30.0, "evidence": "DEPCNT" }, "geometry": { "type": "Point", "coordinates": [ 134.60177974859036, 7.371652600014549 ] } },
{ "type": "Feature", "properties": { "depth_m": 30.0, "evidence": "DEPCNT" }, "geometry": { "type": "Point", "coordinates": [ 134.600672711833653, 7.372076536349864 ] } },
{ "type": "Feature", "properties": { "depth_m": 30.0, "evidence": "DEPCNT" }, "geometry": { "type": "Point", "coordinates": [ 134.599636493996343, 7.372669164527442 ] } },
{ "type": "Feature", "properties": { "depth_m": 30.0, "evidence": "DEPCNT" }, "geometry": { "type": "Point", "coordinates": [ 134.598418846734063, 7.372518537174561 ] } },
{ "type": "Feature", "properties": { "depth_m": 30.0, "evidence": "DEPCNT" }, "geometry": { "type": "Point", "coordinates": [ 134.5976105, 7.3716278 ] } },
{ "type": "Feature", "properties": { "depth_m": 20.0, "evidence": "DEPCNT" }, "geometry": { "type": "Point", "coordinates": [ 134.603668199999987, 7.3507834 ] } },
{ "type": "Feature", "properties": { "depth_m": 20.0, "evidence": "DEPCNT" }, "geometry": { "type": "Point", "coordinates": [ 134.604343097834374, 7.351480367358228 ] } },
{ "type": "Feature", "properties": { "depth_m": 20.0, "evidence": "DEPCNT" }, "geometry": { "type": "Point", "coordinates": [ 134.605026825247535, 7.35217603929373 ] } },
{ "type": "Feature", "properties": { "depth_m": 20.0, "evidence": "DEPCNT" }, "geometry": { "type": "Point", "coordinates": [ 134.604886822148359, 7.352878397097794 ] } },
{ "type": "Feature", "properties": { "depth_m": 20.0, "evidence": "DEPCNT" }, "geometry": { "type": "Point", "coordinates": [ 134.604573114109627, 7.353499095890238 ] } },
{ "type": "Feature", "properties": { "depth_m": 20.0, "evidence": "DEPCNT" }, "geometry": { "type": "Point", "coordinates": [ 134.6055603, 7.3539276 ] } },
{ "type": "Feature", "properties": { "depth_m": 10.0, "evidence": "DEPCNT" }, "geometry": { "type": "Point", "coordinates": [ 134.6066284, 7.3713222 ] } },
{ "type": "Feature", "properties": { "depth_m": 10.0, "evidence": "DEPCNT" }, "geometry": { "type": "Point", "coordinates": [ 134.605687660212141, 7.370793781608949 ] } },
{ "type": "Feature", "properties": { "depth_m": 10.0, "evidence": "DEPCNT" }, "geometry": { "type": "Point", "coordinates": [ 134.604757265984546, 7.370238800016392 ] } },
{ "type": "Feature", "properties": { "depth_m": 10.0, "evidence": "DEPCNT" }, "geometry": { "type": "Point", "coordinates": [ 134.603899204595621, 7.370760880872668 ] } },
{ "type": "Feature", "properties": { "depth_m": 10.0, "evidence": "DEPCNT" }, "geometry": { "type": "Point", "coordinates": [ 134.604189505467218, 7.371783132509456 ] } },
{ "type": "Feature", "properties": { "depth_m": 10.0, "evidence": "DEPCNT" }, "geometry": { "type": "Point", "coordinates": [ 134.604858400000012, 7.3726721 ] } },
{ "type": "Feature", "properties": { "depth_m": 20.0, "evidence": "DEPCNT" }, "geometry": { "type": "Point", "coordinates": [ 134.6070862, 7.3683057 ] } },
{ "type": "Feature", "properties": { "depth_m": 20.0, "evidence": "DEPCNT" }, "geometry": { "type": "Point", "coordinates": [ 134.606538277406656, 7.367304864311168 ] } },
{ "type": "Feature", "properties": { "depth_m": 20.0, "evidence": "DEPCNT" }, "geometry": { "type": "Point", "coordinates": [ 134.605618674919526, 7.367811819174804 ] } },
{ "type": "Feature", "properties": { "depth_m": 20.0, "evidence": "DEPCNT" }, "geometry": { "type": "Point", "coordinates": [ 134.606115173479481, 7.368751332921259 ] } },
{ "type": "Feature", "properties": { "depth_m": 20.0, "evidence": "DEPCNT" }, "geometry": { "type": "Point", "coordinates": [ 134.6070862, 7.3683057 ] } },
{ "type": "Feature", "properties": { "depth_m": 10.0, "evidence": "DEPCNT" }, "geometry": { "type": "Point", "coordinates": [ 134.611969, 7.3547306 ] } },
{ "type": "Feature", "properties": { "depth_m": 10.0, "evidence": "DEPCNT" }, "geometry": { "type": "Point", "coordinates": [ 134.611755400020343, 7.35364961485077 ] } },
{ "type": "Feature", "properties": { "depth_m": 10.0, "evidence": "DEPCNT" }, "geometry": { "type": "Point", "coordinates": [ 134.611545683798141, 7.352556148418754 ] } },
{ "type": "Feature", "properties": { "depth_m": 10.0, "evidence": "DEPCNT" }, "geometry": { "type": "Point", "coordinates": [ 134.61066471580321, 7.351859551570456 ] } },
{ "type": "Feature", "properties": { "depth_m": 10.0, "evidence": "DEPCNT" }, "geometry": { "type": "Point", "coordinates": [ 134.609548595476895, 7.351797090434019 ] } },
{ "type": "Feature", "properties": { "depth_m": 10.0, "evidence": "DEPCNT" }, "geometry": { "type": "Point", "coordinates": [ 134.6084137, 7.3518777 ] } },
{ "type": "Feature", "properties": { "depth_m": 100.0, "evidence": "DEPCNT" }, "geometry": { "type": "Point", "coordinates": [ 134.6122437, 7.3495388 ] } },
{ "type": "Feature", "properties": { "depth_m": 100.0, "evidence": "DEPCNT" }, "geometry": { "type": "Point", "coordinates": [ 134.613207743318753, 7.350003742225641 ] } },
{ "type": "Feature", "properties": { "depth_m": 100.0, "evidence": "DEPCNT" }, "geometry": { "type": "Point", "coordinates": [ 134.614034559411493, 7.350683869804759 ] } },
{ "type": "Feature", "properties": { "depth_m": 100.0, "evidence": "DEPCNT" }, "geometry": { "type": "Point", "coordinates": [ 134.614749587858313, 7.351480150258122 ] } },
{ "type": "Feature", "properties": { "depth_m": 100.0, "evidence": "DEPCNT" }, "geometry": { "type": "Point", "coordinates": [ 134.615463299999988, 7.3522778 ] } },
{ "type": "Feature", "properties": { "depth_m": 30.0, "evidence": "DEPCNT" }, "geometry": { "type": "Point", "coordinates": [ 134.610168499999986, 7.3736887 ] } },
{ "type": "Feature", "properties": { "depth_m": 30.0, "evidence": "DEPCNT" }, "geometry": { "type": "Point", "coordinates": [ 134.611392216146299, 7.373458122053574 ] } },
{ "type": "Feature", "properties": { "depth_m": 30.0, "evidence": "DEPCNT" }, "geometry": { "type": "Point", "coordinates": [ 134.612581408212833, 7.373763525305741 ] } },
{ "type": "Feature", "properties": { "depth_m": 30.0, "evidence": "DEPCNT" }, "geometry": { "type": "Point", "coordinates": [ 134.613658719075346, 7.374424831704247 ] } },
{ "type": "Feature", "properties": { "depth_m": 30.0, "evidence": "DEPCNT" }, "geometry": { "type": "Point", "coordinates": [ 134.614544798123404, 7.375328064843401 ] } },
{ "type": "Feature", "properties": { "depth_m": 30.0, "evidence": "DEPCNT" }, "geometry": { "type": "Point", "coordinates": [ 134.615504104329716, 7.376149073391431 ] } },
{ "type": "Feature", "properties": { "depth_m": 30.0, "evidence": "DEPCNT" }, "geometry": { "type": "Point", "coordinates": [ 134.6165924, 7.3767972 ] } },
{ "type": "Feature", "properties": { "depth_m": 10.0, "evidence": "DEPCNT" }, "geometry": { "type": "Point", "coordinates": [ 134.616333, 7.3733945 ] } },
{ "type": "Feature", "properties": { "depth_m": 10.0, "evidence": "DEPCNT" }, "geometry": { "type": "Point", "coordinates": [ 134.617001248911862, 7.374220220650245 ] } },
{ "type": "Feature", "properties": { "depth_m": 10.0, "evidence": "DEPCNT" }, "geometry": { "type": "Point", "coordinates": [ 134.61596209529381, 7.374384371098488 ] } },
{ "type": "Feature", "properties": { "depth_m": 10.0, "evidence": "DEPCNT" }, "geometry": { "type": "Point", "coordinates": [ 134.616333, 7.3733945 ] } },
{ "type": "Feature", "properties": { "depth_m": 10.0, "evidence": "DEPCNT" }, "geometry": { "type": "Point", "coordinates": [ 134.625778200000013, 7.3713222 ] } },
{ "type": "Feature", "properties": { "depth_m": 10.0, "evidence": "DEPCNT" }, "geometry": { "type": "Point", "coordinates": [ 134.625851229734423, 7.370007108550293 ] } },
{ "type": "Feature", "properties": { "depth_m": 10.0, "evidence": "DEPCNT" }, "geometry": { "type": "Point", "coordinates": [ 134.626083400000198, 7.368710226347611 ] } },
{ "type": "Feature", "properties": { "depth_m": 10.0, "evidence": "DEPCNT" }, "geometry": { "type": "Point", "coordinates": [ 134.62560958852427, 7.367494998662366 ] } },
{ "type": "Feature", "properties": { "depth_m": 10.0, "evidence": "DEPCNT" }, "geometry": { "type": "Point", "coordinates": [ 134.624982059121379, 7.366334010589117 ] } },
{ "type": "Feature", "properties": { "depth_m": 10.0, "evidence": "DEPCNT" }, "geometry": { "type": "Point", "coordinates": [ 134.624333321162311, 7.36518204262233 ] } },
{ "type": "Feature", "properties": { "depth_m": 10.0, "evidence": "DEPCNT" }, "geometry": { "type": "Point", "coordinates": [ 134.623653099720059, 7.364048353148692 ] } },
{ "type": "Feature", "properties": { "depth_m": 10.0, "evidence": "DEPCNT" }, "geometry": { "type": "Point", "coordinates": [ 134.622901123489328, 7.362962762869815 ] } },
{ "type": "Feature", "properties": { "depth_m": 10.0, "evidence": "DEPCNT" }, "geometry": { "type": "Point", "coordinates": [ 134.621813403657313, 7.362225644041016 ] } },
{ "type": "Feature", "properties": { "depth_m": 10.0, "evidence": "DEPCNT" }, "geometry": { "type": "Point", "coordinates": [ 134.6206513, 7.3615971 ] } },
{ "type": "Feature", "properties": { "depth_m": 10.0, "evidence": "DEPCNT" }, "geometry": { "type": "Point", "coordinates": [ 134.4908295, 7.3816776 ] } },
{ "type": "Feature", "properties": { "depth_m": 10.0, "evidence": "DEPCNT" }, "geometry": { "type": "Point", "coordinates": [ 134.4910126, 7.3808417 ] } },
{ "type": "Feature", "properties": { "depth_m": 20.0, "evidence": "DEPCNT" }, "geometry": { "type": "Point", "coordinates": [ 134.4916534, 7.2796502 ] } },
{ "type": "Feature", "properties": { "depth_m": 20.0, "evidence": "DEPCNT" }, "geometry": { "type": "Point", "coordinates": [ 134.492376841808124, 7.280564754790708 ] } },
{ "type": "Feature", "properties": { "depth_m": 20.0, "evidence": "DEPCNT" }, "geometry": { "type": "Point", "coordinates": [ 134.493128946299606, 7.27994302742383 ] } },
{ "type": "Feature", "properties": { "depth_m": 20.0, "evidence": "DEPCNT" }, "geometry": { "type": "Point", "coordinates": [ 134.492126500000012, 7.2792139 ] } },
{ "type": "Feature", "properties": { "depth_m": 20.0, "evidence": "DEPCNT" }, "geometry": { "type": "Point", "coordinates": [ 134.49703980000001, 7.2937694 ] } },
{ "type": "Feature", "properties": { "depth_m": 20.0, "evidence": "DEPCNT" }, "geometry": { "type": "Point", "coordinates": [ 134.497012821053261, 7.294623611161457 ] } },
{ "type": "Feature", "properties": { "depth_m": 20.0, "evidence": "DEPCNT" }, "geometry": { "type": "Point", "coordinates": [ 134.496105210654349, 7.29519301958132 ] } },
{ "type": "Feature", "properties": { "depth_m": 20.0, "evidence": "DEPCNT" }, "geometry": { "type": "Point", "coordinates": [ 134.496076439860815, 7.294290171604827 ] } },
{ "type": "Feature", "properties": { "depth_m": 20.0, "evidence": "DEPCNT" }, "geometry": { "type": "Point", "coordinates": [ 134.49703980000001, 7.2937694 ] } },
{ "type": "Feature", "properties": { "depth_m": 10.0, "evidence": "DEPCNT" }, "geometry": { "type": "Point", "coordinates": [ 134.5005035, 7.368886 ] } },
{ "type": "Feature", "properties": { "depth_m": 10.0, "evidence": "DEPCNT" }, "geometry": { "type": "Point", "coordinates": [ 134.499664522244188, 7.369688983468912 ] } },
{ "type": "Feature", "properties": { "depth_m": 10.0, "evidence": "DEPCNT" }, "geometry": { "type": "Point", "coordinates": [ 134.498828339207591, 7.37040622347401 ] } },
{ "type": "Feature", "properties": { "depth_m": 10.0, "evidence": "DEPCNT" }, "geometry": { "type": "Point", "coordinates": [ 134.497937979761076, 7.37096857185129 ] } },
{ "type": "Feature", "properties": { "depth_m": 10.0, "evidence": "DEPCNT" }, "geometry": { "type": "Point", "coordinates": [ 134.4972534, 7.3719111 ] } },
{ "type": "Feature", "properties": { "depth_m": 2.0, "evidence": "DEPCNT" }, "geometry": { "type": "Point", "coordinates": [ 134.502594, 7.3607335 ] } },
{ "type": "Feature", "properties": { "depth_m": 2.0, "evidence": "DEPCNT" }, "geometry": { "type": "Point", "coordinates": [ 134.50292970000001, 7.3600388 ] } },
{ "type": "Feature", "properties": { "depth_m": 30.0, "evidence": "DEPCNT" }, "geometry": { "type": "Point", "coordinates": [ 134.503173800000013, 7.3626137 ] } },
{ "type": "Feature", "properties": { "depth_m": 30.0, "evidence": "DEPCNT" }, "geometry": { "type": "Point", "coordinates": [ 134.504015893165189, 7.363228331436674 ] } },
{ "type": "Feature", "properties": { "depth_m": 30.0, "evidence": "DEPCNT" }, "geometry": { "type": "Point", "coordinates": [ 134.503631349362109, 7.364135927149905 ] } },
{ "type": "Feature", "properties": { "depth_m": 30.0, "evidence": "DEPCNT" }, "geometry": { "type": "Point", "coordinates": [ 134.503196343654565, 7.365092294191489 ] } },
{ "type": "Feature", "properties": { "depth_m": 30.0, "evidence": "DEPCNT" }, "geometry": { "type": "Point", "coordinates": [ 134.50292970000001, 7.3661223 ] } },
{ "type": "Feature", "properties": { "depth_m": 2.0, "evidence": "DEPCNT" }, "geometry": { "type": "Point", "coordinates": [ 134.5049439, 7.3582168 ] } },
{ "type": "Feature", "properties": { "depth_m": 2.0, "evidence": "DEPCNT" }, "geometry": { "type": "Point", "coordinates": [ 134.50400517794688, 7.357754293971555 ] } },
{ "type": "Feature", "properties": { "depth_m": 2.0, "evidence": "DEPCNT" }, "geometry": { "type": "Point", "coordinates": [ 134.503187042326658, 7.357579547020837 ] } },
{ "type": "Feature", "properties": { "depth_m": 2.0, "evidence": "DEPCNT" }, "geometry": { "type": "Point", "coordinates": [ 134.503784200000041, 7.3567638 ] } },
{ "type": "Feature", "properties": { "depth_m": 2.0, "evidence": "DEPCNT" }, "geometry": { "type": "Point", "coordinates": [ 134.5057831, 7.3055029 ] } },
{ "type": "Feature", "properties": { "depth_m": 2.0, "evidence": "DEPCNT" }, "geometry": { "type": "Point", "coordinates": [ 134.5057831, 7.3055029 ] } },
{ "type": "Feature", "properties": { "depth_m": 20.0, "evidence": "DEPCNT" }, "geometry": { "type": "Point", "coordinates": [ 134.485137900000012, 7.2657805 ] } },
{ "type": "Feature", "properties": { "depth_m": 20.0, "evidence": "DEPCNT" }, "geometry": { "type": "Point", "coordinates": [ 134.486156133358179, 7.266557814810067 ] } },
{ "type": "Feature", "properties": { "depth_m": 20.0, "evidence": "DEPCNT" }, "geometry": { "type": "Point", "coordinates": [ 134.487038133589181, 7.267563761793163 ] } },
{ "type": "Feature", "properties": { "depth_m": 20.0, "evidence": "DEPCNT" }, "geometry": { "type": "Point", "coordinates": [ 134.488179185496563, 7.268240665823983 ] } },
{ "type": "Feature", "properties": { "depth_m": 20.0, "evidence": "DEPCNT" }, "geometry": { "type": "Point", "coordinates": [ 134.488980234125421, 7.269309566208765 ] } },
{ "type": "Feature", "properties": { "depth_m": 20.0, "evidence": "DEPCNT" }, "geometry": { "type": "Point", "coordinates": [ 134.48972424674804, 7.270390238222217 ] } },
{ "type": "Feature", "properties": { "depth_m": 20.0, "evidence": "DEPCNT" }, "geometry": { "type": "Point", "coordinates": [ 134.490941744723614, 7.270943925547012 ] } },
{ "type": "Feature", "properties": { "depth_m": 20.0, "evidence": "DEPCNT" }, "geometry": { "type": "Point", "coordinates": [ 134.492200373208021, 7.271408554406474 ] } },
{ "type": "Feature", "properties": { "depth_m": 20.0, "evidence": "DEPCNT" }, "geometry": { "type": "Point", "coordinates": [ 134.493206192663251, 7.27211412644994 ] } },
{ "type": "Feature", "properties": { "depth_m": 20.0, "evidence": "DEPCNT" }, "geometry": { "type": "Point", "coordinates": [ 134.494501534623595, 7.272285364384237 ] } },
{ "type": "Feature", "properties": { "depth_m": 20.0, "evidence": "DEPCNT" }, "geometry": { "type": "Point", "coordinates": [ 134.49566650000034, 7.27252926214092 ] } },
{ "type": "Feature", "properties": { "depth_m": 20.0, "evidence": "DEPCNT" }, "geometry": { "type": "Point", "coordinates": [ 134.496263083209527, 7.273655841609276 ] } },
{ "type": "Feature", "properties": { "depth_m": 20.0, "evidence": "DEPCNT" }, "geometry": { "type": "Point", "coordinates": [ 134.497166583872229, 7.274638044368326 ] } },
{ "type": "Feature", "properties": { "depth_m": 20.0, "evidence": "DEPCNT" }, "geometry": { "type": "Point", "coordinates": [ 134.497982627924699, 7.275678098334307 ] } },
{ "type": "Feature", "properties": { "depth_m": 20.0, "evidence": "DEPCNT" }, "geometry": { "type": "Point", "coordinates": [ 134.498741827344418, 7.276765520749072 ] } },
{ "type": "Feature", "properties": { "depth_m": 20.0, "evidence": "DEPCNT" }, "geometry": { "type": "Point", "coordinates": [ 134.499729101299465, 7.277659907268283 ] } },
{ "type": "Feature", "properties": { "depth_m": 20.0, "evidence": "DEPCNT" }, "geometry": { "type": "Point", "coordinates": [ 134.500292411392792, 7.278855790177595 ] } },
{ "type": "Feature", "properties": { "depth_m": 20.0, "evidence": "DEPCNT" }, "geometry": { "type": "Point", "coordinates": [ 134.500843380610377, 7.280050878102607 ] } },
{ "type": "Feature", "properties": { "depth_m": 20.0, "evidence": "DEPCNT" }, "geometry": { "type": "Point", "coordinates": [ 134.501579503984743, 7.281164140668547 ] } },
{ "type": "Feature", "properties": { "depth_m": 20.0, "evidence": "DEPCNT" }, "geometry": { "type": "Point", "coordinates": [ 134.502015150953298, 7.282426674493098 ] } },
{ "type": "Feature", "properties": { "depth_m": 20.0, "evidence": "DEPCNT" }, "geometry": { "type": "Point", "coordinates": [ 134.50246912339, 7.283652217486701 ] } },
{ "type": "Feature", "properties": { "depth_m": 20.0, "evidence": "DEPCNT" }, "geometry": { "type": "Point", "coordinates": [ 134.502875199197234, 7.284912567047304 ] } },
{ "type": "Feature", "properties": { "depth_m": 20.0, "evidence": "DEPCNT" }, "geometry": { "type": "Point", "coordinates": [ 134.5034981973279, 7.286099260348674 ] } },
{ "type": "Feature", "properties": { "depth_m": 20.0, "evidence": "DEPCNT" }, "geometry": { "type": "Point", "coordinates": [ 134.504233405686222, 7.287205423097153 ] } },
{ "type": "Feature", "properties": { "depth_m": 20.0, "evidence": "DEPCNT" }, "geometry": { "type": "Point", "coordinates": [ 134.50550282586471, 7.287519500055043 ] } },
{ "type": "Feature", "properties": { "depth_m": 20.0, "evidence": "DEPCNT" }, "geometry": { "type": "Point", "coordinates": [ 134.5067444, 7.287786 ] } },
{ "type": "Feature", "properties": { "depth_m": 10.0, "evidence": "DEPCNT" }, "geometry": { "type": "Point", "coordinates": [ 134.5058441, 7.360436 ] } },
{ "type": "Feature", "properties": { "depth_m": 10.0, "evidence": "DEPCNT" }, "geometry": { "type": "Point", "coordinates": [ 134.506289790684008, 7.35950384243996 ] } },
{ "type": "Feature", "properties": { "depth_m": 10.0, "evidence": "DEPCNT" }, "geometry": { "type": "Point", "coordinates": [ 134.5072022, 7.3591113 ] } },
{ "type": "Feature", "properties": { "depth_m": 20.0, "evidence": "DEPCNT" }, "geometry": { "type": "Point", "coordinates": [ 134.506195100000014, 7.2944641 ] } },
{ "type": "Feature", "properties": { "depth_m": 20.0, "evidence": "DEPCNT" }, "geometry": { "type": "Point", "coordinates": [ 134.507386845659369, 7.294466994562636 ] } },
{ "type": "Feature", "properties": { "depth_m": 20.0, "evidence": "DEPCNT" }, "geometry": { "type": "Point", "coordinates": [ 134.507027491126735, 7.295509101194664 ] } },
{ "type": "Feature", "properties": { "depth_m": 20.0, "evidence": "DEPCNT" }, "geometry": { "type": "Point", "coordinates": [ 134.50591692987112, 7.295325658499075 ] } },
{ "type": "Feature", "properties": { "depth_m": 20.0, "evidence": "DEPCNT" }, "geometry": { "type": "Point", "coordinates": [ 134.506195100000014, 7.2944641 ] } },
{ "type": "Feature", "properties": { "depth_m": 20.0, "evidence": "DEPCNT" }, "geometry": { "type": "Point", "coordinates": [ 134.5114288, 7.3463974 ] } },
{ "type": "Feature", "properties": { "depth_m": 20.0, "evidence": "DEPCNT" }, "geometry": { "type": "Point", "coordinates": [ 134.510925300001134, 7.345315884441855 ] } },
{ "type": "Feature", "properties": { "depth_m": 20.0, "evidence": "DEPCNT" }, "geometry": { "type": "Point", "coordinates": [ 134.511047400000876, 7.344108268996167 ] } },
{ "type": "Feature", "properties": { "depth_m": 20.0, "evidence": "DEPCNT" }, "geometry": { "type": "Point", "coordinates": [ 134.5117798, 7.3432641 ] } },
{ "type": "Feature", "properties": { "depth_m": 30.0, "evidence": "DEPCNT" }, "geometry": { "type": "Point", "coordinates": [ 134.5146637, 7.3413582 ] } },
{ "type": "Feature", "properties": { "depth_m": 30.0, "evidence": "DEPCNT" }, "geometry": { "type": "Point", "coordinates": [ 134.51474454713167, 7.342344567709738 ] } },
{ "type": "Feature", "properties": { "depth_m": 30.0, "evidence": "DEPCNT" }, "geometry": { "type": "Point", "coordinates": [ 134.5156403, 7.3427196 ] } },
{ "type": "Feature", "properties": { "depth_m": 30.0, "evidence": "DEPCNT" }, "geometry": { "type": "Point", "coordinates": [ 134.516311699999989, 7.3016443 ] } },
{ "type": "Feature", "properties": { "depth_m": 30.0, "evidence": "DEPCNT" }, "geometry": { "type": "Point", "coordinates": [ 134.515666852369037, 7.302641302639698 ] } },
{ "type": "Feature", "properties": { "depth_m": 30.0, "evidence": "DEPCNT" }, "geometry": { "type": "Point", "coordinates": [ 134.515176096505542, 7.302275935439765 ] } },
{ "type": "Feature", "properties": { "depth_m": 30.0, "evidence": "DEPCNT" }, "geometry": { "type": "Point", "coordinates": [ 134.515152, 7.3010526 ] } },
{ "type": "Feature", "properties": { "depth_m": 50.0, "evidence": "DEPCNT" }, "geometry": { "type": "Point", "coordinates": [ 134.5173768, 7.3013812 ] } },
{ "type": "Feature", "properties": { "depth_m": 50.0, "evidence": "DEPCNT" }, "geometry": { "type": "Point", "coordinates": [ 134.51690484021708, 7.300626224733667 ] } },
{ "type": "Feature", "properties": { "depth_m": 50.0, "evidence": "DEPCNT" }, "geometry": { "type": "Point", "coordinates": [ 134.517870899533932, 7.300610124488652 ] } },
{ "type": "Feature", "properties": { "depth_m": 50.0, "evidence": "DEPCNT" }, "geometry": { "type": "Point", "coordinates": [ 134.5173768, 7.3013812 ] } },
{ "type": "Feature", "properties": { "depth_m": 10.0, "evidence": "DEPCNT" }, "geometry": { "type": "Point", "coordinates": [ 134.5190888, 7.3482332 ] } },
{ "type": "Feature", "properties": { "depth_m": 10.0, "evidence": "DEPCNT" }, "geometry": { "type": "Point", "coordinates": [ 134.519195599999989, 7.348475 ] } },
{ "type": "Feature", "properties": { "depth_m": 10.0, "evidence": "DEPCNT" }, "geometry": { "type": "Point", "coordinates": [ 134.5187531, 7.3362112 ] } },
{ "type": "Feature", "properties": { "depth_m": 10.0, "evidence": "DEPCNT" }, "geometry": { "type": "Point", "coordinates": [ 134.518408902076857, 7.335570130233769 ] } },
{ "type": "Feature", "properties": { "depth_m": 10.0, "evidence": "DEPCNT" }, "geometry": { "type": "Point", "coordinates": [ 134.519179305092791, 7.335384186365745 ] } },
{ "type": "Feature", "properties": { "depth_m": 10.0, "evidence": "DEPCNT" }, "geometry": { "type": "Point", "coordinates": [ 134.5187531, 7.3362112 ] } },
{ "type": "Feature", "properties": { "depth_m": 20.0, "evidence": "DEPCNT" }, "geometry": { "type": "Point", "coordinates": [ 134.52108770000001, 7.2892447 ] } },
{ "type": "Feature", "properties": { "depth_m": 20.0, "evidence": "DEPCNT" }, "geometry": { "type": "Point", "coordinates": [ 134.520116069606303, 7.289029379896654 ] } },
{ "type": "Feature", "properties": { "depth_m": 20.0, "evidence": "DEPCNT" }, "geometry": { "type": "Point", "coordinates": [ 134.519393900000011, 7.2896891 ] } },
{ "type": "Feature", "properties": { "depth_m": 20.0, "evidence": "DEPCNT" }, "geometry": { "type": "Point", "coordinates": [ 134.5218353, 7.2946391 ] } },
{ "type": "Feature", "properties": { "depth_m": 20.0, "evidence": "DEPCNT" }, "geometry": { "type": "Point", "coordinates": [ 134.520842075448826, 7.29505624791016 ] } },
{ "type": "Feature", "properties": { "depth_m": 20.0, "evidence": "DEPCNT" }, "geometry": { "type": "Point", "coordinates": [ 134.520514586298759, 7.296065479060718 ] } },
{ "type": "Feature", "properties": { "depth_m": 20.0, "evidence": "DEPCNT" }, "geometry": { "type": "Point", "coordinates": [ 134.521283999808077, 7.296577651997428 ] } },
{ "type": "Feature", "properties": { "depth_m": 20.0, "evidence": "DEPCNT" }, "geometry": { "type": "Point", "coordinates": [ 134.52224988040507, 7.296195177145024 ] } },
{ "type": "Feature", "properties": { "depth_m": 20.0, "evidence": "DEPCNT" }, "geometry": { "type": "Point", "coordinates": [ 134.5224304, 7.2951222 ] } },
{ "type": "Feature", "properties": { "depth_m": 30.0, "evidence": "DEPCNT" }, "geometry": { "type": "Point", "coordinates": [ 134.5235596, 7.3299971 ] } },
{ "type": "Feature", "properties": { "depth_m": 30.0, "evidence": "DEPCNT" }, "geometry": { "type": "Point", "coordinates": [ 134.522951890244514, 7.330517277604541 ] } },
{ "type": "Feature", "properties": { "depth_m": 30.0, "evidence": "DEPCNT" }, "geometry": { "type": "Point", "coordinates": [ 134.522781400000014, 7.3312974 ] } },
{ "type": "Feature", "properties": { "depth_m": 5.0, "evidence": "DEPCNT" }, "geometry": { "type": "Point", "coordinates": [ 134.5233307, 7.3478084 ] } },
{ "type": "Feature", "properties": { "depth_m": 5.0, "evidence": "DEPCNT" }, "geometry": { "type": "Point", "coordinates": [ 134.522722309209115, 7.346822507206706 ] } },
{ "type": "Feature", "properties": { "depth_m": 5.0, "evidence": "DEPCNT" }, "geometry": { "type": "Point", "coordinates": [ 134.523315291976616, 7.345876074846348 ] } },
{ "type": "Feature", "properties": { "depth_m": 5.0, "evidence": "DEPCNT" }, "geometry": { "type": "Point", "coordinates": [ 134.5244293, 7.3454776 ] } },
{ "type": "Feature", "properties": { "depth_m": 5.0, "evidence": "DEPCNT" }, "geometry": { "type": "Point", "coordinates": [ 134.5250092, 7.3345919 ] } },
{ "type": "Feature", "properties": { "depth_m": 5.0, "evidence": "DEPCNT" }, "geometry": { "type": "Point", "coordinates": [ 134.523909577502792, 7.334375699465334 ] } },
{ "type": "Feature", "properties": { "depth_m": 5.0, "evidence": "DEPCNT" }, "geometry": { "type": "Point", "coordinates": [ 134.524108135032549, 7.333601236436632 ] } },
{ "type": "Feature", "properties": { "depth_m": 5.0, "evidence": "DEPCNT" }, "geometry": { "type": "Point", "coordinates": [ 134.525161700000012, 7.333961 ] } },
{ "type": "Feature", "properties": { "depth_m": 10.0, "evidence": "DEPCNT" }, "geometry": { "type": "Point", "coordinates": [ 134.525161700000012, 7.3251891 ] } },
{ "type": "Feature", "properties": { "depth_m": 10.0, "evidence": "DEPCNT" }, "geometry": { "type": "Point", "coordinates": [ 134.524414100000371, 7.325745503567243 ] } },
{ "type": "Feature", "properties": { "depth_m": 10.0, "evidence": "DEPCNT" }, "geometry": { "type": "Point", "coordinates": [ 134.525177, 7.3261471 ] } },
{ "type": "Feature", "properties": { "depth_m": 5.0, "evidence": "DEPCNT" }, "geometry": { "type": "Point", "coordinates": [ 134.524826100000013, 7.3392305 ] } },
{ "type": "Feature", "properties": { "depth_m": 5.0, "evidence": "DEPCNT" }, "geometry": { "type": "Point", "coordinates": [ 134.525511996350787, 7.338265890600499 ] } },
{ "type": "Feature", "properties": { "depth_m": 5.0, "evidence": "DEPCNT" }, "geometry": { "type": "Point", "coordinates": [ 134.524475099999989, 7.3376112 ] } },
{ "type": "Feature", "properties": { "depth_m": 5.0, "evidence": "DEPCNT" }, "geometry": { "type": "Point", "coordinates": [ 134.5256043, 7.3446474 ] } },
{ "type": "Feature", "properties": { "depth_m": 5.0, "evidence": "DEPCNT" }, "geometry": { "type": "Point", "coordinates": [ 134.5257111, 7.3454723 ] } },
{ "type": "Feature", "properties": { "depth_m": 20.0, "evidence": "DEPCNT" }, "geometry": { "type": "Point", "coordinates": [ 134.523941, 7.3422222 ] } },
{ "type": "Feature", "properties": { "depth_m": 20.0, "evidence": "DEPCNT" }, "geometry": { "type": "Point", "coordinates": [ 134.524849774595481, 7.342410107358213 ] } },
{ "type": "Feature", "properties": { "depth_m": 20.0, "evidence": "DEPCNT" }, "geometry": { "type": "Point", "coordinates": [ 134.525285354080296, 7.343241754081033 ] } },
{ "type": "Feature", "properties": { "depth_m": 20.0, "evidence": "DEPCNT" }, "geometry": { "type": "Point", "coordinates": [ 134.526016199999987, 7.3438363 ] } },
{ "type": "Feature", "properties": { "depth_m": 5.0, "evidence": "DEPCNT" }, "geometry": { "type": "Point", "coordinates": [ 134.526001, 7.3439808 ] } },
{ "type": "Feature", "properties": { "depth_m": 5.0, "evidence": "DEPCNT" }, "geometry": { "type": "Point", "coordinates": [ 134.526870700007692, 7.344753583953435 ] } },
{ "type": "Feature", "properties": { "depth_m": 5.0, "evidence": "DEPCNT" }, "geometry": { "type": "Point", "coordinates": [ 134.527114899999987, 7.3459196 ] } },
{ "type": "Feature", "properties": { "depth_m": 20.0, "evidence": "DEPCNT" }, "geometry": { "type": "Point", "coordinates": [ 134.527008099999989, 7.3448224 ] } },
{ "type": "Feature", "properties": { "depth_m": 20.0, "evidence": "DEPCNT" }, "geometry": { "type": "Point", "coordinates": [ 134.5276337, 7.344625 ] } },
{ "type": "Feature", "properties": { "depth_m": 20.0, "evidence": "DEPCNT" }, "geometry": { "type": "Point", "coordinates": [ 134.5307312, 7.3108501 ] } },
{ "type": "Feature", "properties": { "depth_m": 20.0, "evidence": "DEPCNT" }, "geometry": { "type": "Point", "coordinates": [ 134.529665704913441, 7.310108365391889 ] } },
{ "type": "Feature", "properties": { "depth_m": 20.0, "evidence": "DEPCNT" }, "geometry": { "type": "Point", "coordinates": [ 134.52869006634964, 7.309259281834091 ] } },
{ "type": "Feature", "properties": { "depth_m": 20.0, "evidence": "DEPCNT" }, "geometry": { "type": "Point", "coordinates": [ 134.527619415885312, 7.308540605294913 ] } },
{ "type": "Feature", "properties": { "depth_m": 20.0, "evidence": "DEPCNT" }, "geometry": { "type": "Point", "coordinates": [ 134.526626378727656, 7.30858666778126 ] } },
{ "type": "Feature", "properties": { "depth_m": 20.0, "evidence": "DEPCNT" }, "geometry": { "type": "Point", "coordinates": [ 134.525566519234872, 7.309263666457692 ] } },
{ "type": "Feature", "properties": { "depth_m": 20.0, "evidence": "DEPCNT" }, "geometry": { "type": "Point", "coordinates": [ 134.524483573279383, 7.309927035196354 ] } },
{ "type": "Feature", "properties": { "depth_m": 20.0, "evidence": "DEPCNT" }, "geometry": { "type": "Point", "coordinates": [ 134.524826100000013, 7.3110972 ] } },
{ "type": "Feature", "properties": { "depth_m": 2.0, "evidence": "DEPCNT" }, "geometry": { "type": "Point", "coordinates": [ 134.5310974, 7.3393693 ] } },
{ "type": "Feature", "properties": { "depth_m": 2.0, "evidence": "DEPCNT" }, "geometry": { "type": "Point", "coordinates": [ 134.530164996686096, 7.338846099877656 ] } },
{ "type": "Feature", "properties": { "depth_m": 2.0, "evidence": "DEPCNT" }, "geometry": { "type": "Point", "coordinates": [ 134.530169598145136, 7.338008462779357 ] } },
{ "type": "Feature", "properties": { "depth_m": 2.0, "evidence": "DEPCNT" }, "geometry": { "type": "Point", "coordinates": [ 134.5312042, 7.3382502 ] } },
{ "type": "Feature", "properties": { "depth_m": 20.0, "evidence": "DEPCNT" }, "geometry": { "type": "Point", "coordinates": [ 134.5356751, 7.2799387 ] } },
{ "type": "Feature", "properties": { "depth_m": 20.0, "evidence": "DEPCNT" }, "geometry": { "type": "Point", "coordinates": [ 134.534747640851407, 7.279801837531341 ] } },
{ "type": "Feature", "properties": { "depth_m": 20.0, "evidence": "DEPCNT" }, "geometry": { "type": "Point", "coordinates": [ 134.534955868973924, 7.278985147377544 ] } },
{ "type": "Feature", "properties": { "depth_m": 20.0, "evidence": "DEPCNT" }, "geometry": { "type": "Point", "coordinates": [ 134.535888699999987, 7.2791443 ] } },
{ "type": "Feature", "properties": { "depth_m": 5.0, "evidence": "DEPCNT" }, "geometry": { "type": "Point", "coordinates": [ 134.5364075, 7.283886 ] } },
{ "type": "Feature", "properties": { "depth_m": 5.0, "evidence": "DEPCNT" }, "geometry": { "type": "Point", "coordinates": [ 134.536966380594947, 7.283446258064288 ] } },
{ "type": "Feature", "properties": { "depth_m": 5.0, "evidence": "DEPCNT" }, "geometry": { "type": "Point", "coordinates": [ 134.536956800000013, 7.2841139 ] } },
{ "type": "Feature", "properties": { "depth_m": 30.0, "evidence": "DEPCNT" }, "geometry": { "type": "Point", "coordinates": [ 134.536438, 7.3148251 ] } },
{ "type": "Feature", "properties": { "depth_m": 30.0, "evidence": "DEPCNT" }, "geometry": { "type": "Point", "coordinates": [ 134.537392565782056, 7.315085577235409 ] } },
{ "type": "Feature", "properties": { "depth_m": 30.0, "evidence": "DEPCNT" }, "geometry": { "type": "Point", "coordinates": [ 134.538208, 7.3146305 ] } },
{ "type": "Feature", "properties": { "depth_m": 30.0, "evidence": "DEPCNT" }, "geometry": { "type": "Point", "coordinates": [ 134.5392151, 7.282661 ] } },
{ "type": "Feature", "properties": { "depth_m": 30.0, "evidence": "DEPCNT" }, "geometry": { "type": "Point", "coordinates": [ 134.540009737575133, 7.281935684961215 ] } },
{ "type": "Feature", "properties": { "depth_m": 30.0, "evidence": "DEPCNT" }, "geometry": { "type": "Point", "coordinates": [ 134.5405273, 7.2829166 ] } },
{ "type": "Feature", "properties": { "depth_m": 20.0, "evidence": "DEPCNT" }, "geometry": { "type": "Point", "coordinates": [ 134.539962800000012, 7.2840304 ] } },
{ "type": "Feature", "properties": { "depth_m": 20.0, "evidence": "DEPCNT" }, "geometry": { "type": "Point", "coordinates": [ 134.540847800000023, 7.28354584035459 ] } },
{ "type": "Feature", "properties": { "depth_m": 20.0, "evidence": "DEPCNT" }, "geometry": { "type": "Point", "coordinates": [ 134.54006960000001, 7.2830582 ] } },
{ "type": "Feature", "properties": { "depth_m": 30.0, "evidence": "DEPCNT" }, "geometry": { "type": "Point", "coordinates": [ 134.5420837, 7.2811222 ] } },
{ "type": "Feature", "properties": { "depth_m": 30.0, "evidence": "DEPCNT" }, "geometry": { "type": "Point", "coordinates": [ 134.542376573524109, 7.281906635138053 ] } },
{ "type": "Feature", "properties": { "depth_m": 30.0, "evidence": "DEPCNT" }, "geometry": { "type": "Point", "coordinates": [ 134.543014500004233, 7.281560941995196 ] } },
{ "type": "Feature", "properties": { "depth_m": 30.0, "evidence": "DEPCNT" }, "geometry": { "type": "Point", "coordinates": [ 134.5429077, 7.2807169 ] } },
{ "type": "Feature", "properties": { "depth_m": 5.0, "evidence": "DEPCNT" }, "geometry": { "type": "Point", "coordinates": [ 134.545120200000014, 7.2991166 ] } },
{ "type": "Feature", "properties": { "depth_m": 5.0, "evidence": "DEPCNT" }, "geometry": { "type": "Point", "coordinates": [ 134.546185009157028, 7.29890088881197 ] } },
{ "type": "Feature", "properties": { "depth_m": 5.0, "evidence": "DEPCNT" }, "geometry": { "type": "Point", "coordinates": [ 134.545639, 7.2998028 ] } },
{ "type": "Feature", "properties": { "depth_m": 5.0, "evidence": "DEPCNT" }, "geometry": { "type": "Point", "coordinates": [ 134.546218900000014, 7.2965555 ] } },
{ "type": "Feature", "properties": { "depth_m": 5.0, "evidence": "DEPCNT" }, "geometry": { "type": "Point", "coordinates": [ 134.54707769679672, 7.296900412017906 ] } },
{ "type": "Feature", "properties": { "depth_m": 5.0, "evidence": "DEPCNT" }, "geometry": { "type": "Point", "coordinates": [ 134.547916582822467, 7.297299411974562 ] } },
{ "type": "Feature", "properties": { "depth_m": 5.0, "evidence": "DEPCNT" }, "geometry": { "type": "Point", "coordinates": [ 134.5483246, 7.2979751 ] } },
{ "type": "Feature", "properties": { "depth_m": 2.0, "evidence": "DEPCNT" }, "geometry": { "type": "Point", "coordinates": [ 134.5498962, 7.2795582 ] } },
{ "type": "Feature", "properties": { "depth_m": 2.0, "evidence": "DEPCNT" }, "geometry": { "type": "Point", "coordinates": [ 134.549193634587311, 7.279653913223966 ] } },
{ "type": "Feature", "properties": { "depth_m": 2.0, "evidence": "DEPCNT" }, "geometry": { "type": "Point", "coordinates": [ 134.5487824, 7.2791057 ] } },
{ "type": "Feature", "properties": { "depth_m": 30.0, "evidence": "DEPCNT" }, "geometry": { "type": "Point", "coordinates": [ 134.5559692, 7.2903276 ] } },
{ "type": "Feature", "properties": { "depth_m": 30.0, "evidence": "DEPCNT" }, "geometry": { "type": "Point", "coordinates": [ 134.555153423609084, 7.289323531753829 ] } },
{ "type": "Feature", "properties": { "depth_m": 30.0, "evidence": "DEPCNT" }, "geometry": { "type": "Point", "coordinates": [ 134.554255365834848, 7.28837207955022 ] } },
{ "type": "Feature", "properties": { "depth_m": 30.0, "evidence": "DEPCNT" }, "geometry": { "type": "Point", "coordinates": [ 134.553269699847817, 7.287518940930729 ] } },
{ "type": "Feature", "properties": { "depth_m": 30.0, "evidence": "DEPCNT" }, "geometry": { "type": "Point", "coordinates": [ 134.552282435836759, 7.286664904339497 ] } },
{ "type": "Feature", "properties": { "depth_m": 30.0, "evidence": "DEPCNT" }, "geometry": { "type": "Point", "coordinates": [ 134.551575846876176, 7.285578958129926 ] } },
{ "type": "Feature", "properties": { "depth_m": 30.0, "evidence": "DEPCNT" }, "geometry": { "type": "Point", "coordinates": [ 134.551109689581466, 7.28435953374623 ] } },
{ "type": "Feature", "properties": { "depth_m": 30.0, "evidence": "DEPCNT" }, "geometry": { "type": "Point", "coordinates": [ 134.550831401130807, 7.283087240156907 ] } },
{ "type": "Feature", "properties": { "depth_m": 30.0, "evidence": "DEPCNT" }, "geometry": { "type": "Point", "coordinates": [ 134.550518630278333, 7.281823294621859 ] } },
{ "type": "Feature", "properties": { "depth_m": 30.0, "evidence": "DEPCNT" }, "geometry": { "type": "Point", "coordinates": [ 134.549650000242821, 7.280877103481895 ] } },
{ "type": "Feature", "properties": { "depth_m": 30.0, "evidence": "DEPCNT" }, "geometry": { "type": "Point", "coordinates": [ 134.548389303940809, 7.280644032798371 ] } },
{ "type": "Feature", "properties": { "depth_m": 30.0, "evidence": "DEPCNT" }, "geometry": { "type": "Point", "coordinates": [ 134.547187388357315, 7.280252283144135 ] } },
{ "type": "Feature", "properties": { "depth_m": 30.0, "evidence": "DEPCNT" }, "geometry": { "type": "Point", "coordinates": [ 134.546766371797389, 7.279109966372316 ] } },
{ "type": "Feature", "properties": { "depth_m": 30.0, "evidence": "DEPCNT" }, "geometry": { "type": "Point", "coordinates": [ 134.547501706477874, 7.2780458959321 ] } },
{ "type": "Feature", "properties": { "depth_m": 30.0, "evidence": "DEPCNT" }, "geometry": { "type": "Point", "coordinates": [ 134.548358275062469, 7.277097143640555 ] } },
{ "type": "Feature", "properties": { "depth_m": 30.0, "evidence": "DEPCNT" }, "geometry": { "type": "Point", "coordinates": [ 134.547621997267242, 7.276203570043756 ] } },
{ "type": "Feature", "properties": { "depth_m": 30.0, "evidence": "DEPCNT" }, "geometry": { "type": "Point", "coordinates": [ 134.546323447065049, 7.276220351637861 ] } },
{ "type": "Feature", "properties": { "depth_m": 30.0, "evidence": "DEPCNT" }, "geometry": { "type": "Point", "coordinates": [ 134.545262360373727, 7.275783228722701 ] } },
{ "type": "Feature", "properties": { "depth_m": 30.0, "evidence": "DEPCNT" }, "geometry": { "type": "Point", "coordinates": [ 134.545745780901399, 7.274650582295895 ] } },
{ "type": "Feature", "properties": { "depth_m": 30.0, "evidence": "DEPCNT" }, "geometry": { "type": "Point", "coordinates": [ 134.546697861078798, 7.27376445373082 ] } },
{ "type": "Feature", "properties": { "depth_m": 30.0, "evidence": "DEPCNT" }, "geometry": { "type": "Point", "coordinates": [ 134.547390139225911, 7.272656585948575 ] } },
{ "type": "Feature", "properties": { "depth_m": 30.0, "evidence": "DEPCNT" }, "geometry": { "type": "Point", "coordinates": [ 134.547233692312858, 7.271418559166139 ] } },
{ "type": "Feature", "properties": { "depth_m": 30.0, "evidence": "DEPCNT" }, "geometry": { "type": "Point", "coordinates": [ 134.546258561660494, 7.270555773891691 ] } },
{ "type": "Feature", "properties": { "depth_m": 30.0, "evidence": "DEPCNT" }, "geometry": { "type": "Point", "coordinates": [ 134.545357658535437, 7.269624298124167 ] } },
{ "type": "Feature", "properties": { "depth_m": 30.0, "evidence": "DEPCNT" }, "geometry": { "type": "Point", "coordinates": [ 134.544157437852391, 7.269114222141305 ] } },
{ "type": "Feature", "properties": { "depth_m": 30.0, "evidence": "DEPCNT" }, "geometry": { "type": "Point", "coordinates": [ 134.542851901585522, 7.269020892824996 ] } },
{ "type": "Feature", "properties": { "depth_m": 30.0, "evidence": "DEPCNT" }, "geometry": { "type": "Point", "coordinates": [ 134.541546093234217, 7.269093260345573 ] } },
{ "type": "Feature", "properties": { "depth_m": 30.0, "evidence": "DEPCNT" }, "geometry": { "type": "Point", "coordinates": [ 134.540259785392323, 7.268893223464692 ] } },
{ "type": "Feature", "properties": { "depth_m": 30.0, "evidence": "DEPCNT" }, "geometry": { "type": "Point", "coordinates": [ 134.5390472, 7.2693391 ] } },
{ "type": "Feature", "properties": { "depth_m": 30.0, "evidence": "DEPCNT" }, "geometry": { "type": "Point", "coordinates": [ 134.5604706, 7.3204918 ] } },
{ "type": "Feature", "properties": { "depth_m": 30.0, "evidence": "DEPCNT" }, "geometry": { "type": "Point", "coordinates": [ 134.5601539514671, 7.319590680149824 ] } },
{ "type": "Feature", "properties": { "depth_m": 30.0, "evidence": "DEPCNT" }, "geometry": { "type": "Point", "coordinates": [ 134.561002853248937, 7.319065432749047 ] } },
{ "type": "Feature", "properties": { "depth_m": 30.0, "evidence": "DEPCNT" }, "geometry": { "type": "Point", "coordinates": [ 134.56131164792771, 7.319926283452645 ] } },
{ "type": "Feature", "properties": { "depth_m": 30.0, "evidence": "DEPCNT" }, "geometry": { "type": "Point", "coordinates": [ 134.5604706, 7.3204918 ] } },
{ "type": "Feature", "properties": { "depth_m": 20.0, "evidence": "DEPCNT" }, "geometry": { "type": "Point", "coordinates": [ 134.5613861, 7.308403 ] } },
{ "type": "Feature", "properties": { "depth_m": 20.0, "evidence": "DEPCNT" }, "geometry": { "type": "Point", "coordinates": [ 134.561949389257933, 7.309495807698114 ] } },
{ "type": "Feature", "properties": { "depth_m": 20.0, "evidence": "DEPCNT" }, "geometry": { "type": "Point", "coordinates": [ 134.561025475920161, 7.310183142182718 ] } },
{ "type": "Feature", "properties": { "depth_m": 20.0, "evidence": "DEPCNT" }, "geometry": { "type": "Point", "coordinates": [ 134.559755954008665, 7.31055877709794 ] } },
{ "type": "Feature", "properties": { "depth_m": 20.0, "evidence": "DEPCNT" }, "geometry": { "type": "Point", "coordinates": [ 134.5594025, 7.3117919 ] } },
{ "type": "Feature", "properties": { "depth_m": 30.0, "evidence": "DEPCNT" }, "geometry": { "type": "Point", "coordinates": [ 134.564030800000012, 7.3244127 ] } },
{ "type": "Feature", "properties": { "depth_m": 30.0, "evidence": "DEPCNT" }, "geometry": { "type": "Point", "coordinates": [ 134.564734076524928, 7.324755757620415 ] } },
{ "type": "Feature", "properties": { "depth_m": 30.0, "evidence": "DEPCNT" }, "geometry": { "type": "Point", "coordinates": [ 134.564030800000012, 7.3244127 ] } },
{ "type": "Feature", "properties": { "depth_m": 30.0, "evidence": "DEPCNT" }, "geometry": { "type": "Point", "coordinates": [ 134.5678101, 7.3413835 ] } },
{ "type": "Feature", "properties": { "depth_m": 30.0, "evidence": "DEPCNT" }, "geometry": { "type": "Point", "coordinates": [ 134.568680734164218, 7.34114170008724 ] } },
{ "type": "Feature", "properties": { "depth_m": 30.0, "evidence": "DEPCNT" }, "geometry": { "type": "Point", "coordinates": [ 134.569386755987892, 7.341555628588717 ] } },
{ "type": "Feature", "properties": { "depth_m": 30.0, "evidence": "DEPCNT" }, "geometry": { "type": "Point", "coordinates": [ 134.5699463, 7.3422751 ] } },
{ "type": "Feature", "properties": { "depth_m": 10.0, "evidence": "DEPCNT" }, "geometry": { "type": "Point", "coordinates": [ 134.572433499999988, 7.3127918 ] } },
{ "type": "Feature", "properties": { "depth_m": 10.0, "evidence": "DEPCNT" }, "geometry": { "type": "Point", "coordinates": [ 134.572370860661778, 7.311622591153683 ] } },
{ "type": "Feature", "properties": { "depth_m": 10.0, "evidence": "DEPCNT" }, "geometry": { "type": "Point", "coordinates": [ 134.571438555923351, 7.311020823595285 ] } },
{ "type": "Feature", "properties": { "depth_m": 10.0, "evidence": "DEPCNT" }, "geometry": { "type": "Point", "coordinates": [ 134.57071323075553, 7.310122407996372 ] } },
{ "type": "Feature", "properties": { "depth_m": 10.0, "evidence": "DEPCNT" }, "geometry": { "type": "Point", "coordinates": [ 134.570149622397423, 7.309114296394251 ] } },
{ "type": "Feature", "properties": { "depth_m": 10.0, "evidence": "DEPCNT" }, "geometry": { "type": "Point", "coordinates": [ 134.569182176868878, 7.308472299383484 ] } },
{ "type": "Feature", "properties": { "depth_m": 10.0, "evidence": "DEPCNT" }, "geometry": { "type": "Point", "coordinates": [ 134.568925312060145, 7.307350980884036 ] } },
{ "type": "Feature", "properties": { "depth_m": 10.0, "evidence": "DEPCNT" }, "geometry": { "type": "Point", "coordinates": [ 134.568164821307562, 7.30647576395221 ] } },
{ "type": "Feature", "properties": { "depth_m": 10.0, "evidence": "DEPCNT" }, "geometry": { "type": "Point", "coordinates": [ 134.567123400000014, 7.3058863 ] } },
{ "type": "Feature", "properties": { "depth_m": 20.0, "evidence": "DEPCNT" }, "geometry": { "type": "Point", "coordinates": [ 134.572784399999989, 7.3282528 ] } },
{ "type": "Feature", "properties": { "depth_m": 20.0, "evidence": "DEPCNT" }, "geometry": { "type": "Point", "coordinates": [ 134.572916567433509, 7.329063096071491 ] } },
{ "type": "Feature", "properties": { "depth_m": 20.0, "evidence": "DEPCNT" }, "geometry": { "type": "Point", "coordinates": [ 134.573608400000012, 7.3285141 ] } },
{ "type": "Feature", "properties": { "depth_m": 5.0, "evidence": "DEPCNT" }, "geometry": { "type": "Point", "coordinates": [ 134.5777588, 7.3454137 ] } },
{ "type": "Feature", "properties": { "depth_m": 5.0, "evidence": "DEPCNT" }, "geometry": { "type": "Point", "coordinates": [ 134.578571676002213, 7.345453924534172 ] } },
{ "type": "Feature", "properties": { "depth_m": 5.0, "evidence": "DEPCNT" }, "geometry": { "type": "Point", "coordinates": [ 134.5788269, 7.3461943 ] } },
{ "type": "Feature", "properties": { "depth_m": 5.0, "evidence": "DEPCNT" }, "geometry": { "type": "Point", "coordinates": [ 134.5745239, 7.3223057 ] } },
{ "type": "Feature", "properties": { "depth_m": 5.0, "evidence": "DEPCNT" }, "geometry": { "type": "Point", "coordinates": [ 134.575825214823283, 7.322415971692844 ] } },
{ "type": "Feature", "properties": { "depth_m": 5.0, "evidence": "DEPCNT" }, "geometry": { "type": "Point", "coordinates": [ 134.57712709031702, 7.322521664385532 ] } },
{ "type": "Feature", "properties": { "depth_m": 5.0, "evidence": "DEPCNT" }, "geometry": { "type": "Point", "coordinates": [ 134.578208062513255, 7.322964320838837 ] } },
{ "type": "Feature", "properties": { "depth_m": 5.0, "evidence": "DEPCNT" }, "geometry": { "type": "Point", "coordinates": [ 134.577335360484113, 7.323741579325182 ] } },
{ "type": "Feature", "properties": { "depth_m": 5.0, "evidence": "DEPCNT" }, "geometry": { "type": "Point", "coordinates": [ 134.577112560824901, 7.324784459903297 ] } },
{ "type": "Feature", "properties": { "depth_m": 5.0, "evidence": "DEPCNT" }, "geometry": { "type": "Point", "coordinates": [ 134.577898184418046, 7.323980380953938 ] } },
{ "type": "Feature", "properties": { "depth_m": 5.0, "evidence": "DEPCNT" }, "geometry": { "type": "Point", "coordinates": [ 134.579133956633967, 7.323676900063033 ] } },
{ "type": "Feature", "properties": { "depth_m": 5.0, "evidence": "DEPCNT" }, "geometry": { "type": "Point", "coordinates": [ 134.578650329377012, 7.322755753673261 ] } },
{ "type": "Feature", "properties": { "depth_m": 5.0, "evidence": "DEPCNT" }, "geometry": { "type": "Point", "coordinates": [ 134.578255110589424, 7.321529697842184 ] } },
{ "type": "Feature", "properties": { "depth_m": 5.0, "evidence": "DEPCNT" }, "geometry": { "type": "Point", "coordinates": [ 134.578332041473885, 7.320314143830841 ] } },
{ "type": "Feature", "properties": { "depth_m": 5.0, "evidence": "DEPCNT" }, "geometry": { "type": "Point", "coordinates": [ 134.577677464921209, 7.319377033859421 ] } },
{ "type": "Feature", "properties": { "depth_m": 5.0, "evidence": "DEPCNT" }, "geometry": { "type": "Point", "coordinates": [ 134.576834270181791, 7.318370054511551 ] } },
{ "type": "Feature", "properties": { "depth_m": 5.0, "evidence": "DEPCNT" }, "geometry": { "type": "Point", "coordinates": [ 134.575978971507311, 7.317379031905896 ] } },
{ "type": "Feature", "properties": { "depth_m": 5.0, "evidence": "DEPCNT" }, "geometry": { "type": "Point", "coordinates": [ 134.575095424486022, 7.316419405319285 ] } },
{ "type": "Feature", "properties": { "depth_m": 5.0, "evidence": "DEPCNT" }, "geometry": { "type": "Point", "coordinates": [ 134.574296687921731, 7.315395917822124 ] } },
{ "type": "Feature", "properties": { "depth_m": 5.0, "evidence": "DEPCNT" }, "geometry": { "type": "Point", "coordinates": [ 134.573462549862313, 7.314391467573993 ] } },
{ "type": "Feature", "properties": { "depth_m": 5.0, "evidence": "DEPCNT" }, "geometry": { "type": "Point", "coordinates": [ 134.572667665683554, 7.313360584961253 ] } },
{ "type": "Feature", "properties": { "depth_m": 5.0, "evidence": "DEPCNT" }, "geometry": { "type": "Point", "coordinates": [ 134.571808178821755, 7.312364753678411 ] } },
{ "type": "Feature", "properties": { "depth_m": 5.0, "evidence": "DEPCNT" }, "geometry": { "type": "Point", "coordinates": [ 134.571027594745004, 7.311309468014092 ] } },
{ "type": "Feature", "properties": { "depth_m": 5.0, "evidence": "DEPCNT" }, "geometry": { "type": "Point", "coordinates": [ 134.57029609145539, 7.310246135284209 ] } },
{ "type": "Feature", "properties": { "depth_m": 5.0, "evidence": "DEPCNT" }, "geometry": { "type": "Point", "coordinates": [ 134.569388120059699, 7.30929979201718 ] } },
{ "type": "Feature", "properties": { "depth_m": 5.0, "evidence": "DEPCNT" }, "geometry": { "type": "Point", "coordinates": [ 134.568522811181168, 7.308313950187562 ] } },
{ "type": "Feature", "properties": { "depth_m": 5.0, "evidence": "DEPCNT" }, "geometry": { "type": "Point", "coordinates": [ 134.567891100499821, 7.307166736056391 ] } },
{ "type": "Feature", "properties": { "depth_m": 5.0, "evidence": "DEPCNT" }, "geometry": { "type": "Point", "coordinates": [ 134.567152489530343, 7.306079974412378 ] } },
{ "type": "Feature", "properties": { "depth_m": 5.0, "evidence": "DEPCNT" }, "geometry": { "type": "Point", "coordinates": [ 134.566343186479543, 7.305043042030746 ] } },
{ "type": "Feature", "properties": { "depth_m": 5.0, "evidence": "DEPCNT" }, "geometry": { "type": "Point", "coordinates": [ 134.565420337186424, 7.304112346155794 ] } },
{ "type": "Feature", "properties": { "depth_m": 5.0, "evidence": "DEPCNT" }, "geometry": { "type": "Point", "coordinates": [ 134.5643311, 7.3033748 ] } },
{ "type": "Feature", "properties": { "depth_m": 10.0, "evidence": "DEPCNT" }, "geometry": { "type": "Point", "coordinates": [ 134.572891199999987, 7.3133831 ] } },
{ "type": "Feature", "properties": { "depth_m": 10.0, "evidence": "DEPCNT" }, "geometry": { "type": "Point", "coordinates": [ 134.574001998677261, 7.31407341297534 ] } },
{ "type": "Feature", "properties": { "depth_m": 10.0, "evidence": "DEPCNT" }, "geometry": { "type": "Point", "coordinates": [ 134.574717995745345, 7.315174701304172 ] } },
{ "type": "Feature", "properties": { "depth_m": 10.0, "evidence": "DEPCNT" }, "geometry": { "type": "Point", "coordinates": [ 134.575747837075966, 7.315795473483532 ] } },
{ "type": "Feature", "properties": { "depth_m": 10.0, "evidence": "DEPCNT" }, "geometry": { "type": "Point", "coordinates": [ 134.576155029700914, 7.317030631429588 ] } },
{ "type": "Feature", "properties": { "depth_m": 10.0, "evidence": "DEPCNT" }, "geometry": { "type": "Point", "coordinates": [ 134.577276677354206, 7.317699255757319 ] } },
{ "type": "Feature", "properties": { "depth_m": 10.0, "evidence": "DEPCNT" }, "geometry": { "type": "Point", "coordinates": [ 134.578161823854771, 7.318449586037898 ] } },
{ "type": "Feature", "properties": { "depth_m": 10.0, "evidence": "DEPCNT" }, "geometry": { "type": "Point", "coordinates": [ 134.578610040977139, 7.319661225925733 ] } },
{ "type": "Feature", "properties": { "depth_m": 10.0, "evidence": "DEPCNT" }, "geometry": { "type": "Point", "coordinates": [ 134.579467270204248, 7.320426266595849 ] } },
{ "type": "Feature", "properties": { "depth_m": 10.0, "evidence": "DEPCNT" }, "geometry": { "type": "Point", "coordinates": [ 134.579317614724744, 7.321682708637267 ] } },
{ "type": "Feature", "properties": { "depth_m": 10.0, "evidence": "DEPCNT" }, "geometry": { "type": "Point", "coordinates": [ 134.580048037940969, 7.32278381592374 ] } },
{ "type": "Feature", "properties": { "depth_m": 10.0, "evidence": "DEPCNT" }, "geometry": { "type": "Point", "coordinates": [ 134.580281455284819, 7.324078518788106 ] } },
{ "type": "Feature", "properties": { "depth_m": 10.0, "evidence": "DEPCNT" }, "geometry": { "type": "Point", "coordinates": [ 134.580704374221739, 7.325307740104876 ] } },
{ "type": "Feature", "properties": { "depth_m": 10.0, "evidence": "DEPCNT" }, "geometry": { "type": "Point", "coordinates": [ 134.580819556383034, 7.326567873183389 ] } },
{ "type": "Feature", "properties": { "depth_m": 10.0, "evidence": "DEPCNT" }, "geometry": { "type": "Point", "coordinates": [ 134.58027370714774, 7.327410323125173 ] } },
{ "type": "Feature", "properties": { "depth_m": 10.0, "evidence": "DEPCNT" }, "geometry": { "type": "Point", "coordinates": [ 134.5793848097303, 7.326462490122135 ] } },
{ "type": "Feature", "properties": { "depth_m": 10.0, "evidence": "DEPCNT" }, "geometry": { "type": "Point", "coordinates": [ 134.578501997622084, 7.325641659558571 ] } },
{ "type": "Feature", "properties": { "depth_m": 10.0, "evidence": "DEPCNT" }, "geometry": { "type": "Point", "coordinates": [ 134.5775299, 7.3249083 ] } },
{ "type": "Feature", "properties": { "depth_m": 30.0, "evidence": "DEPCNT" }, "geometry": { "type": "Point", "coordinates": [ 134.5825806, 7.3473415 ] } },
{ "type": "Feature", "properties": { "depth_m": 30.0, "evidence": "DEPCNT" }, "geometry": { "type": "Point", "coordinates": [ 134.583864171173758, 7.346972488566029 ] } },
{ "type": "Feature", "properties": { "depth_m": 30.0, "evidence": "DEPCNT" }, "geometry": { "type": "Point", "coordinates": [ 134.585152309244279, 7.346613644534707 ] } },
{ "type": "Feature", "properties": { "depth_m": 30.0, "evidence": "DEPCNT" }, "geometry": { "type": "Point", "coordinates": [ 134.586464811787039, 7.346873870005261 ] } },
{ "type": "Feature", "properties": { "depth_m": 30.0, "evidence": "DEPCNT" }, "geometry": { "type": "Point", "coordinates": [ 134.587771047714313, 7.347140947696161 ] } },
{ "type": "Feature", "properties": { "depth_m": 30.0, "evidence": "DEPCNT" }, "geometry": { "type": "Point", "coordinates": [ 134.5889587, 7.347764 ] } },
{ "type": "Feature", "properties": { "depth_m": 20.0, "evidence": "DEPCNT" }, "geometry": { "type": "Point", "coordinates": [ 134.5858917, 7.3363776 ] } },
{ "type": "Feature", "properties": { "depth_m": 20.0, "evidence": "DEPCNT" }, "geometry": { "type": "Point", "coordinates": [ 134.585101424884471, 7.337356254501704 ] } },
{ "type": "Feature", "properties": { "depth_m": 20.0, "evidence": "DEPCNT" }, "geometry": { "type": "Point", "coordinates": [ 134.583793530033631, 7.337058129266063 ] } },
{ "type": "Feature", "properties": { "depth_m": 20.0, "evidence": "DEPCNT" }, "geometry": { "type": "Point", "coordinates": [ 134.582496414720055, 7.336929845376361 ] } },
{ "type": "Feature", "properties": { "depth_m": 20.0, "evidence": "DEPCNT" }, "geometry": { "type": "Point", "coordinates": [ 134.581733980015912, 7.338024359156972 ] } },
{ "type": "Feature", "properties": { "depth_m": 20.0, "evidence": "DEPCNT" }, "geometry": { "type": "Point", "coordinates": [ 134.580527956580738, 7.338219665871869 ] } },
{ "type": "Feature", "properties": { "depth_m": 20.0, "evidence": "DEPCNT" }, "geometry": { "type": "Point", "coordinates": [ 134.580324681426077, 7.337060381852098 ] } },
{ "type": "Feature", "properties": { "depth_m": 20.0, "evidence": "DEPCNT" }, "geometry": { "type": "Point", "coordinates": [ 134.580875122679572, 7.335893806965101 ] } },
{ "type": "Feature", "properties": { "depth_m": 20.0, "evidence": "DEPCNT" }, "geometry": { "type": "Point", "coordinates": [ 134.581520546790557, 7.334870560989733 ] } },
{ "type": "Feature", "properties": { "depth_m": 20.0, "evidence": "DEPCNT" }, "geometry": { "type": "Point", "coordinates": [ 134.582796360480813, 7.334471634457208 ] } },
{ "type": "Feature", "properties": { "depth_m": 20.0, "evidence": "DEPCNT" }, "geometry": { "type": "Point", "coordinates": [ 134.584004709839519, 7.333922400008333 ] } },
{ "type": "Feature", "properties": { "depth_m": 20.0, "evidence": "DEPCNT" }, "geometry": { "type": "Point", "coordinates": [ 134.584858516063917, 7.333076706749855 ] } },
{ "type": "Feature", "properties": { "depth_m": 20.0, "evidence": "DEPCNT" }, "geometry": { "type": "Point", "coordinates": [ 134.584033860469049, 7.33207935225697 ] } },
{ "type": "Feature", "properties": { "depth_m": 20.0, "evidence": "DEPCNT" }, "geometry": { "type": "Point", "coordinates": [ 134.583673496592468, 7.330805738313913 ] } },
{ "type": "Feature", "properties": { "depth_m": 20.0, "evidence": "DEPCNT" }, "geometry": { "type": "Point", "coordinates": [ 134.583110606923668, 7.329591430628069 ] } },
{ "type": "Feature", "properties": { "depth_m": 20.0, "evidence": "DEPCNT" }, "geometry": { "type": "Point", "coordinates": [ 134.583068881927176, 7.328250036147304 ] } },
{ "type": "Feature", "properties": { "depth_m": 20.0, "evidence": "DEPCNT" }, "geometry": { "type": "Point", "coordinates": [ 134.583898686317895, 7.327255908823993 ] } },
{ "type": "Feature", "properties": { "depth_m": 20.0, "evidence": "DEPCNT" }, "geometry": { "type": "Point", "coordinates": [ 134.584794355737387, 7.326263386151939 ] } },
{ "type": "Feature", "properties": { "depth_m": 20.0, "evidence": "DEPCNT" }, "geometry": { "type": "Point", "coordinates": [ 134.586052231032568, 7.326613383756153 ] } },
{ "type": "Feature", "properties": { "depth_m": 20.0, "evidence": "DEPCNT" }, "geometry": { "type": "Point", "coordinates": [ 134.58695555607315, 7.327590749868183 ] } },
{ "type": "Feature", "properties": { "depth_m": 20.0, "evidence": "DEPCNT" }, "geometry": { "type": "Point", "coordinates": [ 134.587889287213386, 7.328567494289476 ] } },
{ "type": "Feature", "properties": { "depth_m": 20.0, "evidence": "DEPCNT" }, "geometry": { "type": "Point", "coordinates": [ 134.588907711887998, 7.329444970211757 ] } },
{ "type": "Feature", "properties": { "depth_m": 20.0, "evidence": "DEPCNT" }, "geometry": { "type": "Point", "coordinates": [ 134.589919939731658, 7.330336771795957 ] } },
{ "type": "Feature", "properties": { "depth_m": 20.0, "evidence": "DEPCNT" }, "geometry": { "type": "Point", "coordinates": [ 134.590481150602812, 7.331479985324458 ] } },
{ "type": "Feature", "properties": { "depth_m": 20.0, "evidence": "DEPCNT" }, "geometry": { "type": "Point", "coordinates": [ 134.589970123415441, 7.332638383166878 ] } },
{ "type": "Feature", "properties": { "depth_m": 20.0, "evidence": "DEPCNT" }, "geometry": { "type": "Point", "coordinates": [ 134.588694821307485, 7.333071603418309 ] } },
{ "type": "Feature", "properties": { "depth_m": 20.0, "evidence": "DEPCNT" }, "geometry": { "type": "Point", "coordinates": [ 134.588062728095309, 7.334030434620641 ] } },
{ "type": "Feature", "properties": { "depth_m": 20.0, "evidence": "DEPCNT" }, "geometry": { "type": "Point", "coordinates": [ 134.586895909849261, 7.334499800045825 ] } },
{ "type": "Feature", "properties": { "depth_m": 20.0, "evidence": "DEPCNT" }, "geometry": { "type": "Point", "coordinates": [ 134.585850068509785, 7.33503948018209 ] } },
{ "type": "Feature", "properties": { "depth_m": 20.0, "evidence": "DEPCNT" }, "geometry": { "type": "Point", "coordinates": [ 134.5858917, 7.3363776 ] } },
{ "type": "Feature", "properties": { "depth_m": 20.0, "evidence": "DEPCNT" }, "geometry": { "type": "Point", "coordinates": [ 134.593774200000013, 7.3347518 ] } },
{ "type": "Feature", "properties": { "depth_m": 20.0, "evidence": "DEPCNT" }, "geometry": { "type": "Point", "coordinates": [ 134.594697412100686, 7.335318338911684 ] } },
{ "type": "Feature", "properties": { "depth_m": 20.0, "evidence": "DEPCNT" }, "geometry": { "type": "Point", "coordinates": [ 134.59477729768426, 7.336480007023657 ] } },
{ "type": "Feature", "properties": { "depth_m": 20.0, "evidence": "DEPCNT" }, "geometry": { "type": "Point", "coordinates": [ 134.59380465712843, 7.33701244880567 ] } },
{ "type": "Feature", "properties": { "depth_m": 20.0, "evidence": "DEPCNT" }, "geometry": { "type": "Point", "coordinates": [ 134.592883984078838, 7.336496875248671 ] } },
{ "type": "Feature", "properties": { "depth_m": 20.0, "evidence": "DEPCNT" }, "geometry": { "type": "Point", "coordinates": [ 134.592889217339973, 7.335372401796731 ] } },
{ "type": "Feature", "properties": { "depth_m": 20.0, "evidence": "DEPCNT" }, "geometry": { "type": "Point", "coordinates": [ 134.593774200000013, 7.3347518 ] } },
{ "type": "Feature", "properties": { "depth_m": 50.0, "evidence": "DEPCNT" }, "geometry": { "type": "Point", "coordinates": [ 134.600647, 7.3724165 ] } },
{ "type": "Feature", "properties": { "depth_m": 50.0, "evidence": "DEPCNT" }, "geometry": { "type": "Point", "coordinates": [ 134.601288199449954, 7.373047533812766 ] } },
{ "type": "Feature", "properties": { "depth_m": 50.0, "evidence": "DEPCNT" }, "geometry": { "type": "Point", "coordinates": [ 134.602155485660262, 7.373276899748787 ] } },
{ "type": "Feature", "properties": { "depth_m": 50.0, "evidence": "DEPCNT" }, "geometry": { "type": "Point", "coordinates": [ 134.6030426, 7.3731556 ] } },
{ "type": "Feature", "properties": { "depth_m": 10.0, "evidence": "DEPCNT" }, "geometry": { "type": "Point", "coordinates": [ 134.6032257, 7.3485055 ] } },
{ "type": "Feature", "properties": { "depth_m": 10.0, "evidence": "DEPCNT" }, "geometry": { "type": "Point", "coordinates": [ 134.603942784134233, 7.34799672262753 ] } },
{ "type": "Feature", "properties": { "depth_m": 10.0, "evidence": "DEPCNT" }, "geometry": { "type": "Point", "coordinates": [ 134.604980887238895, 7.34788483493957 ] } },
{ "type": "Feature", "properties": { "depth_m": 10.0, "evidence": "DEPCNT" }, "geometry": { "type": "Point", "coordinates": [ 134.605838886839365, 7.348174436164686 ] } },
{ "type": "Feature", "properties": { "depth_m": 10.0, "evidence": "DEPCNT" }, "geometry": { "type": "Point", "coordinates": [ 134.6062317, 7.3490305 ] } },
{ "type": "Feature", "properties": { "depth_m": 30.0, "evidence": "DEPCNT" }, "geometry": { "type": "Point", "coordinates": [ 134.6074677, 7.3676028 ] } },
{ "type": "Feature", "properties": { "depth_m": 30.0, "evidence": "DEPCNT" }, "geometry": { "type": "Point", "coordinates": [ 134.607282024398557, 7.366467211707185 ] } },
{ "type": "Feature", "properties": { "depth_m": 30.0, "evidence": "DEPCNT" }, "geometry": { "type": "Point", "coordinates": [ 134.606652808969585, 7.365518728982891 ] } },
{ "type": "Feature", "properties": { "depth_m": 30.0, "evidence": "DEPCNT" }, "geometry": { "type": "Point", "coordinates": [ 134.605902705141801, 7.36463371715459 ] } },
{ "type": "Feature", "properties": { "depth_m": 30.0, "evidence": "DEPCNT" }, "geometry": { "type": "Point", "coordinates": [ 134.604843808927285, 7.364241600098818 ] } },
{ "type": "Feature", "properties": { "depth_m": 30.0, "evidence": "DEPCNT" }, "geometry": { "type": "Point", "coordinates": [ 134.6037445, 7.3645225 ] } },
{ "type": "Feature", "properties": { "depth_m": 30.0, "evidence": "DEPCNT" }, "geometry": { "type": "Point", "coordinates": [ 134.606903100000011, 7.3689027 ] } },
{ "type": "Feature", "properties": { "depth_m": 30.0, "evidence": "DEPCNT" }, "geometry": { "type": "Point", "coordinates": [ 134.6075897, 7.369411 ] } },
{ "type": "Feature", "properties": { "depth_m": 100.0, "evidence": "DEPCNT" }, "geometry": { "type": "Point", "coordinates": [ 134.6087952, 7.3456974 ] } },
{ "type": "Feature", "properties": { "depth_m": 100.0, "evidence": "DEPCNT" }, "geometry": { "type": "Point", "coordinates": [ 134.608616894613704, 7.3445261361856 ] } },
{ "type": "Feature", "properties": { "depth_m": 100.0, "evidence": "DEPCNT" }, "geometry": { "type": "Point", "coordinates": [ 134.607977925996551, 7.343537338775655 ] } },
{ "type": "Feature", "properties": { "depth_m": 100.0, "evidence": "DEPCNT" }, "geometry": { "type": "Point", "coordinates": [ 134.607129497271131, 7.342714307777752 ] } },
{ "type": "Feature", "properties": { "depth_m": 100.0, "evidence": "DEPCNT" }, "geometry": { "type": "Point", "coordinates": [ 134.60607372373741, 7.342206882068193 ] } },
{ "type": "Feature", "properties": { "depth_m": 100.0, "evidence": "DEPCNT" }, "geometry": { "type": "Point", "coordinates": [ 134.6048889, 7.3422585 ] } },
{ "type": "Feature", "properties": { "depth_m": 30.0, "evidence": "DEPCNT" }, "geometry": { "type": "Point", "coordinates": [ 134.6088715, 7.369411 ] } },
{ "type": "Feature", "properties": { "depth_m": 30.0, "evidence": "DEPCNT" }, "geometry": { "type": "Point", "coordinates": [ 134.609786203909437, 7.368598846315566 ] } },
{ "type": "Feature", "properties": { "depth_m": 30.0, "evidence": "DEPCNT" }, "geometry": { "type": "Point", "coordinates": [ 134.610481083934815, 7.367618452111426 ] } },
{ "type": "Feature", "properties": { "depth_m": 30.0, "evidence": "DEPCNT" }, "geometry": { "type": "Point", "coordinates": [ 134.610630988532478, 7.366413530677384 ] } },
{ "type": "Feature", "properties": { "depth_m": 30.0, "evidence": "DEPCNT" }, "geometry": { "type": "Point", "coordinates": [ 134.610030749678799, 7.365437208965396 ] } },
{ "type": "Feature", "properties": { "depth_m": 30.0, "evidence": "DEPCNT" }, "geometry": { "type": "Point", "coordinates": [ 134.608929534627549, 7.364905718829363 ] } },
{ "type": "Feature", "properties": { "depth_m": 30.0, "evidence": "DEPCNT" }, "geometry": { "type": "Point", "coordinates": [ 134.607941608329753, 7.3642101427211 ] } },
{ "type": "Feature", "properties": { "depth_m": 30.0, "evidence": "DEPCNT" }, "geometry": { "type": "Point", "coordinates": [ 134.607344082195169, 7.363155741190003 ] } },
{ "type": "Feature", "properties": { "depth_m": 30.0, "evidence": "DEPCNT" }, "geometry": { "type": "Point", "coordinates": [ 134.606968714558747, 7.36199542351317 ] } },
{ "type": "Feature", "properties": { "depth_m": 30.0, "evidence": "DEPCNT" }, "geometry": { "type": "Point", "coordinates": [ 134.606954549883426, 7.360785624876494 ] } },
{ "type": "Feature", "properties": { "depth_m": 30.0, "evidence": "DEPCNT" }, "geometry": { "type": "Point", "coordinates": [ 134.607620200000014, 7.3598137 ] } },
{ "type": "Feature", "properties": { "depth_m": 5.0, "evidence": "DEPCNT" }, "geometry": { "type": "Point", "coordinates": [ 134.491531400000014, 7.2729998 ] } },
{ "type": "Feature", "properties": { "depth_m": 5.0, "evidence": "DEPCNT" }, "geometry": { "type": "Point", "coordinates": [ 134.491971613959947, 7.273843716808817 ] } },
{ "type": "Feature", "properties": { "depth_m": 5.0, "evidence": "DEPCNT" }, "geometry": { "type": "Point", "coordinates": [ 134.491216446276724, 7.273948422691473 ] } },
{ "type": "Feature", "properties": { "depth_m": 5.0, "evidence": "DEPCNT" }, "geometry": { "type": "Point", "coordinates": [ 134.491531400000014, 7.2729998 ] } },
{ "type": "Feature", "properties": { "depth_m": 10.0, "evidence": "DEPCNT" }, "geometry": { "type": "Point", "coordinates": [ 134.492477400000013, 7.3763528 ] } },
{ "type": "Feature", "properties": { "depth_m": 10.0, "evidence": "DEPCNT" }, "geometry": { "type": "Point", "coordinates": [ 134.492133875547296, 7.377238288821804 ] } },
{ "type": "Feature", "properties": { "depth_m": 10.0, "evidence": "DEPCNT" }, "geometry": { "type": "Point", "coordinates": [ 134.493042, 7.3770666 ] } },
{ "type": "Feature", "properties": { "depth_m": 10.0, "evidence": "DEPCNT" }, "geometry": { "type": "Point", "coordinates": [ 134.492981, 7.3988609 ] } },
{ "type": "Feature", "properties": { "depth_m": 10.0, "evidence": "DEPCNT" }, "geometry": { "type": "Point", "coordinates": [ 134.4933777, 7.3987861 ] } },
{ "type": "Feature", "properties": { "depth_m": 20.0, "evidence": "DEPCNT" }, "geometry": { "type": "Point", "coordinates": [ 134.4942627, 7.3282919 ] } },
{ "type": "Feature", "properties": { "depth_m": 20.0, "evidence": "DEPCNT" }, "geometry": { "type": "Point", "coordinates": [ 134.493643722971882, 7.327833054399476 ] } },
{ "type": "Feature", "properties": { "depth_m": 20.0, "evidence": "DEPCNT" }, "geometry": { "type": "Point", "coordinates": [ 134.493209799999988, 7.3286109 ] } },
{ "type": "Feature", "properties": { "depth_m": 2.0, "evidence": "DEPCNT" }, "geometry": { "type": "Point", "coordinates": [ 134.496688799999987, 7.4053888 ] } },
{ "type": "Feature", "properties": { "depth_m": 2.0, "evidence": "DEPCNT" }, "geometry": { "type": "Point", "coordinates": [ 134.497276224725937, 7.406179628107584 ] } },
{ "type": "Feature", "properties": { "depth_m": 2.0, "evidence": "DEPCNT" }, "geometry": { "type": "Point", "coordinates": [ 134.4970703, 7.4068999 ] } },
{ "type": "Feature", "properties": { "depth_m": 20.0, "evidence": "DEPCNT" }, "geometry": { "type": "Point", "coordinates": [ 134.5001526, 7.2956557 ] } },
{ "type": "Feature", "properties": { "depth_m": 20.0, "evidence": "DEPCNT" }, "geometry": { "type": "Point", "coordinates": [ 134.500816061901503, 7.294768073596127 ] } },
{ "type": "Feature", "properties": { "depth_m": 20.0, "evidence": "DEPCNT" }, "geometry": { "type": "Point", "coordinates": [ 134.501445189850642, 7.295553007848867 ] } },
{ "type": "Feature", "properties": { "depth_m": 20.0, "evidence": "DEPCNT" }, "geometry": { "type": "Point", "coordinates": [ 134.500875806335046, 7.296465888447702 ] } },
{ "type": "Feature", "properties": { "depth_m": 20.0, "evidence": "DEPCNT" }, "geometry": { "type": "Point", "coordinates": [ 134.5001526, 7.2956557 ] } },
{ "type": "Feature", "properties": { "depth_m": 10.0, "evidence": "DEPCNT" }, "geometry": { "type": "Point", "coordinates": [ 134.5053558, 7.3063054 ] } },
{ "type": "Feature", "properties": { "depth_m": 10.0, "evidence": "DEPCNT" }, "geometry": { "type": "Point", "coordinates": [ 134.504994968866413, 7.305456443186867 ] } },
{ "type": "Feature", "properties": { "depth_m": 10.0, "evidence": "DEPCNT" }, "geometry": { "type": "Point", "coordinates": [ 134.505536631904306, 7.30486144885034 ] } },
{ "type": "Feature", "properties": { "depth_m": 10.0, "evidence": "DEPCNT" }, "geometry": { "type": "Point", "coordinates": [ 134.5063477, 7.3045363 ] } },
{ "type": "Feature", "properties": { "depth_m": 20.0, "evidence": "DEPCNT" }, "geometry": { "type": "Point", "coordinates": [ 134.5071716, 7.2996306 ] } },
{ "type": "Feature", "properties": { "depth_m": 20.0, "evidence": "DEPCNT" }, "geometry": { "type": "Point", "coordinates": [ 134.506630466686374, 7.299201416308363 ] } },
{ "type": "Feature", "properties": { "depth_m": 20.0, "evidence": "DEPCNT" }, "geometry": { "type": "Point", "coordinates": [ 134.507394077718743, 7.298886424513005 ] } },
{ "type": "Feature", "properties": { "depth_m": 20.0, "evidence": "DEPCNT" }, "geometry": { "type": "Point", "coordinates": [ 134.5071716, 7.2996306 ] } },
{ "type": "Feature", "properties": { "depth_m": 20.0, "evidence": "DEPCNT" }, "geometry": { "type": "Point", "coordinates": [ 134.501510599999989, 7.2908335 ] } },
{ "type": "Feature", "properties": { "depth_m": 20.0, "evidence": "DEPCNT" }, "geometry": { "type": "Point", "coordinates": [ 134.50198021357923, 7.292053895933448 ] } },
{ "type": "Feature", "properties": { "depth_m": 20.0, "evidence": "DEPCNT" }, "geometry": { "type": "Point", "coordinates": [ 134.503196551455119, 7.292089589766902 ] } },
{ "type": "Feature", "properties": { "depth_m": 20.0, "evidence": "DEPCNT" }, "geometry": { "type": "Point", "coordinates": [ 134.504437930712186, 7.292070778171296 ] } },
{ "type": "Feature", "properties": { "depth_m": 20.0, "evidence": "DEPCNT" }, "geometry": { "type": "Point", "coordinates": [ 134.50543057410826, 7.291507135327166 ] } },
{ "type": "Feature", "properties": { "depth_m": 20.0, "evidence": "DEPCNT" }, "geometry": { "type": "Point", "coordinates": [ 134.5052526623044, 7.290633908273111 ] } },
{ "type": "Feature", "properties": { "depth_m": 20.0, "evidence": "DEPCNT" }, "geometry": { "type": "Point", "coordinates": [ 134.5064583437713, 7.290471774430939 ] } },
{ "type": "Feature", "properties": { "depth_m": 20.0, "evidence": "DEPCNT" }, "geometry": { "type": "Point", "coordinates": [ 134.507332039522026, 7.291433550354407 ] } },
{ "type": "Feature", "properties": { "depth_m": 20.0, "evidence": "DEPCNT" }, "geometry": { "type": "Point", "coordinates": [ 134.5080872, 7.2924914 ] } },
{ "type": "Feature", "properties": { "depth_m": 20.0, "evidence": "DEPCNT" }, "geometry": { "type": "Point", "coordinates": [ 134.51091, 7.3544278 ] } },
{ "type": "Feature", "properties": { "depth_m": 20.0, "evidence": "DEPCNT" }, "geometry": { "type": "Point", "coordinates": [ 134.511646072011047, 7.353849926148803 ] } },
{ "type": "Feature", "properties": { "depth_m": 20.0, "evidence": "DEPCNT" }, "geometry": { "type": "Point", "coordinates": [ 134.5122833, 7.3531585 ] } },
{ "type": "Feature", "properties": { "depth_m": 10.0, "evidence": "DEPCNT" }, "geometry": { "type": "Point", "coordinates": [ 134.513412499999987, 7.3523026 ] } },
{ "type": "Feature", "properties": { "depth_m": 10.0, "evidence": "DEPCNT" }, "geometry": { "type": "Point", "coordinates": [ 134.512475042864139, 7.352942658681683 ] } },
{ "type": "Feature", "properties": { "depth_m": 10.0, "evidence": "DEPCNT" }, "geometry": { "type": "Point", "coordinates": [ 134.5122681, 7.3541694 ] } },
{ "type": "Feature", "properties": { "depth_m": 200.0, "evidence": "DEPCNT" }, "geometry": { "type": "Point", "coordinates": [ 134.512146, 7.272264 ] } },
{ "type": "Feature", "properties": { "depth_m": 200.0, "evidence": "DEPCNT" }, "geometry": { "type": "Point", "coordinates": [ 134.511129614373345, 7.272870467869939 ] } },
{ "type": "Feature", "properties": { "depth_m": 200.0, "evidence": "DEPCNT" }, "geometry": { "type": "Point", "coordinates": [ 134.510687254863996, 7.274078741243853 ] } },
{ "type": "Feature", "properties": { "depth_m": 200.0, "evidence": "DEPCNT" }, "geometry": { "type": "Point", "coordinates": [ 134.510753325569056, 7.275267656361866 ] } },
{ "type": "Feature", "properties": { "depth_m": 200.0, "evidence": "DEPCNT" }, "geometry": { "type": "Point", "coordinates": [ 134.511762833788708, 7.276059536837052 ] } },
{ "type": "Feature", "properties": { "depth_m": 200.0, "evidence": "DEPCNT" }, "geometry": { "type": "Point", "coordinates": [ 134.51286881045155, 7.276708707268326 ] } },
{ "type": "Feature", "properties": { "depth_m": 200.0, "evidence": "DEPCNT" }, "geometry": { "type": "Point", "coordinates": [ 134.514098353344451, 7.277093400750172 ] } },
{ "type": "Feature", "properties": { "depth_m": 200.0, "evidence": "DEPCNT" }, "geometry": { "type": "Point", "coordinates": [ 134.515364657837154, 7.277272867915936 ] } },
{ "type": "Feature", "properties": { "depth_m": 200.0, "evidence": "DEPCNT" }, "geometry": { "type": "Point", "coordinates": [ 134.516139982139634, 7.276460838420621 ] } },
{ "type": "Feature", "properties": { "depth_m": 200.0, "evidence": "DEPCNT" }, "geometry": { "type": "Point", "coordinates": [ 134.515349646945594, 7.275524083043726 ] } },
{ "type": "Feature", "properties": { "depth_m": 200.0, "evidence": "DEPCNT" }, "geometry": { "type": "Point", "coordinates": [ 134.514166492791531, 7.275021772334036 ] } },
{ "type": "Feature", "properties": { "depth_m": 200.0, "evidence": "DEPCNT" }, "geometry": { "type": "Point", "coordinates": [ 134.513042959703, 7.274402146443728 ] } },
{ "type": "Feature", "properties": { "depth_m": 200.0, "evidence": "DEPCNT" }, "geometry": { "type": "Point", "coordinates": [ 134.512499642131701, 7.27330704776897 ] } },
{ "type": "Feature", "properties": { "depth_m": 200.0, "evidence": "DEPCNT" }, "geometry": { "type": "Point", "coordinates": [ 134.512146, 7.272264 ] } },
{ "type": "Feature", "properties": { "depth_m": 5.0, "evidence": "DEPCNT" }, "geometry": { "type": "Point", "coordinates": [ 134.515808099999987, 7.2928 ] } },
{ "type": "Feature", "properties": { "depth_m": 5.0, "evidence": "DEPCNT" }, "geometry": { "type": "Point", "coordinates": [ 134.515663899528818, 7.291981928613856 ] } },
{ "type": "Feature", "properties": { "depth_m": 5.0, "evidence": "DEPCNT" }, "geometry": { "type": "Point", "coordinates": [ 134.5164795, 7.2922139 ] } },
{ "type": "Feature", "properties": { "depth_m": 5.0, "evidence": "DEPCNT" }, "geometry": { "type": "Point", "coordinates": [ 134.5163422, 7.3435831 ] } },
{ "type": "Feature", "properties": { "depth_m": 5.0, "evidence": "DEPCNT" }, "geometry": { "type": "Point", "coordinates": [ 134.51529168492678, 7.343108443772805 ] } },
{ "type": "Feature", "properties": { "depth_m": 5.0, "evidence": "DEPCNT" }, "geometry": { "type": "Point", "coordinates": [ 134.515796816729392, 7.344063569261428 ] } },
{ "type": "Feature", "properties": { "depth_m": 5.0, "evidence": "DEPCNT" }, "geometry": { "type": "Point", "coordinates": [ 134.5163422, 7.3435831 ] } },
{ "type": "Feature", "properties": { "depth_m": 20.0, "evidence": "DEPCNT" }, "geometry": { "type": "Point", "coordinates": [ 134.516525300000012, 7.3429389 ] } },
{ "type": "Feature", "properties": { "depth_m": 20.0, "evidence": "DEPCNT" }, "geometry": { "type": "Point", "coordinates": [ 134.516975120539712, 7.341926261763341 ] } },
{ "type": "Feature", "properties": { "depth_m": 20.0, "evidence": "DEPCNT" }, "geometry": { "type": "Point", "coordinates": [ 134.515930200000014, 7.3423724 ] } },
{ "type": "Feature", "properties": { "depth_m": 5.0, "evidence": "DEPCNT" }, "geometry": { "type": "Point", "coordinates": [ 134.519577, 7.3376584 ] } },
{ "type": "Feature", "properties": { "depth_m": 5.0, "evidence": "DEPCNT" }, "geometry": { "type": "Point", "coordinates": [ 134.51906475627132, 7.336869170685391 ] } },
{ "type": "Feature", "properties": { "depth_m": 5.0, "evidence": "DEPCNT" }, "geometry": { "type": "Point", "coordinates": [ 134.519993051749651, 7.336779735520953 ] } },
{ "type": "Feature", "properties": { "depth_m": 5.0, "evidence": "DEPCNT" }, "geometry": { "type": "Point", "coordinates": [ 134.519577, 7.3376584 ] } },
{ "type": "Feature", "properties": { "depth_m": 200.0, "evidence": "DEPCNT" }, "geometry": { "type": "Point", "coordinates": [ 134.5192566, 7.2832556 ] } },
{ "type": "Feature", "properties": { "depth_m": 200.0, "evidence": "DEPCNT" }, "geometry": { "type": "Point", "coordinates": [ 134.518630693667717, 7.284049834675445 ] } },
{ "type": "Feature", "properties": { "depth_m": 200.0, "evidence": "DEPCNT" }, "geometry": { "type": "Point", "coordinates": [ 134.519410479473237, 7.28478105547858 ] } },
{ "type": "Feature", "properties": { "depth_m": 200.0, "evidence": "DEPCNT" }, "geometry": { "type": "Point", "coordinates": [ 134.520073386541014, 7.283989686562993 ] } },
{ "type": "Feature", "properties": { "depth_m": 200.0, "evidence": "DEPCNT" }, "geometry": { "type": "Point", "coordinates": [ 134.5192566, 7.2832556 ] } },
{ "type": "Feature", "properties": { "depth_m": 20.0, "evidence": "DEPCNT" }, "geometry": { "type": "Point", "coordinates": [ 134.5201111, 7.330689 ] } },
{ "type": "Feature", "properties": { "depth_m": 20.0, "evidence": "DEPCNT" }, "geometry": { "type": "Point", "coordinates": [ 134.520233200001712, 7.33168463482148 ] } },
{ "type": "Feature", "properties": { "depth_m": 20.0, "evidence": "DEPCNT" }, "geometry": { "type": "Point", "coordinates": [ 134.5196075, 7.332428 ] } },
{ "type": "Feature", "properties": { "depth_m": 50.0, "evidence": "DEPCNT" }, "geometry": { "type": "Point", "coordinates": [ 134.520156899999989, 7.3020749 ] } },
{ "type": "Feature", "properties": { "depth_m": 50.0, "evidence": "DEPCNT" }, "geometry": { "type": "Point", "coordinates": [ 134.520602021548569, 7.30277459493571 ] } },
{ "type": "Feature", "properties": { "depth_m": 50.0, "evidence": "DEPCNT" }, "geometry": { "type": "Point", "coordinates": [ 134.519761553440674, 7.302884186282968 ] } },
{ "type": "Feature", "properties": { "depth_m": 50.0, "evidence": "DEPCNT" }, "geometry": { "type": "Point", "coordinates": [ 134.520156899999989, 7.3020749 ] } },
{ "type": "Feature", "properties": { "depth_m": 5.0, "evidence": "DEPCNT" }, "geometry": { "type": "Point", "coordinates": [ 134.5225983, 7.3305807 ] } },
{ "type": "Feature", "properties": { "depth_m": 5.0, "evidence": "DEPCNT" }, "geometry": { "type": "Point", "coordinates": [ 134.522504947824871, 7.3298156710774 ] } },
{ "type": "Feature", "properties": { "depth_m": 5.0, "evidence": "DEPCNT" }, "geometry": { "type": "Point", "coordinates": [ 134.5225983, 7.3305807 ] } },
{ "type": "Feature", "properties": { "depth_m": 30.0, "evidence": "DEPCNT" }, "geometry": { "type": "Point", "coordinates": [ 134.5230866, 7.3262224 ] } },
{ "type": "Feature", "properties": { "depth_m": 30.0, "evidence": "DEPCNT" }, "geometry": { "type": "Point", "coordinates": [ 134.523440984498166, 7.326978202331822 ] } },
{ "type": "Feature", "properties": { "depth_m": 30.0, "evidence": "DEPCNT" }, "geometry": { "type": "Point", "coordinates": [ 134.522505897945706, 7.326820695912963 ] } },
{ "type": "Feature", "properties": { "depth_m": 30.0, "evidence": "DEPCNT" }, "geometry": { "type": "Point", "coordinates": [ 134.5230866, 7.3262224 ] } },
{ "type": "Feature", "properties": { "depth_m": 30.0, "evidence": "DEPCNT" }, "geometry": { "type": "Point", "coordinates": [ 134.5235291, 7.3349862 ] } },
{ "type": "Feature", "properties": { "depth_m": 30.0, "evidence": "DEPCNT" }, "geometry": { "type": "Point", "coordinates": [ 134.5236816, 7.3354807 ] } },
{ "type": "Feature", "properties": { "depth_m": 20.0, "evidence": "DEPCNT" }, "geometry": { "type": "Point", "coordinates": [ 134.5227966, 7.3436861 ] } },
{ "type": "Feature", "properties": { "depth_m": 20.0, "evidence": "DEPCNT" }, "geometry": { "type": "Point", "coordinates": [ 134.52368966726084, 7.34439922782915 ] } },
{ "type": "Feature", "properties": { "depth_m": 20.0, "evidence": "DEPCNT" }, "geometry": { "type": "Point", "coordinates": [ 134.523573984640706, 7.345398993905913 ] } },
{ "type": "Feature", "properties": { "depth_m": 20.0, "evidence": "DEPCNT" }, "geometry": { "type": "Point", "coordinates": [ 134.5224868522306, 7.345144744972508 ] } },
{ "type": "Feature", "properties": { "depth_m": 20.0, "evidence": "DEPCNT" }, "geometry": { "type": "Point", "coordinates": [ 134.521498493103991, 7.344727995015076 ] } },
{ "type": "Feature", "properties": { "depth_m": 20.0, "evidence": "DEPCNT" }, "geometry": { "type": "Point", "coordinates": [ 134.5212708, 7.3436279 ] } },
{ "type": "Feature", "properties": { "depth_m": 10.0, "evidence": "DEPCNT" }, "geometry": { "type": "Point", "coordinates": [ 134.524719200000021, 7.3477387 ] } },
{ "type": "Feature", "properties": { "depth_m": 10.0, "evidence": "DEPCNT" }, "geometry": { "type": "Point", "coordinates": [ 134.5246735, 7.3487611 ] } },
{ "type": "Feature", "properties": { "depth_m": 10.0, "evidence": "DEPCNT" }, "geometry": { "type": "Point", "coordinates": [ 134.5254669, 7.3227277 ] } },
{ "type": "Feature", "properties": { "depth_m": 10.0, "evidence": "DEPCNT" }, "geometry": { "type": "Point", "coordinates": [ 134.524720573496836, 7.323295065772904 ] } },
{ "type": "Feature", "properties": { "depth_m": 10.0, "evidence": "DEPCNT" }, "geometry": { "type": "Point", "coordinates": [ 134.525116, 7.3241582 ] } },
{ "type": "Feature", "properties": { "depth_m": 20.0, "evidence": "DEPCNT" }, "geometry": { "type": "Point", "coordinates": [ 134.5259552, 7.3411446 ] } },
{ "type": "Feature", "properties": { "depth_m": 20.0, "evidence": "DEPCNT" }, "geometry": { "type": "Point", "coordinates": [ 134.525117323210225, 7.340658986334224 ] } },
{ "type": "Feature", "properties": { "depth_m": 20.0, "evidence": "DEPCNT" }, "geometry": { "type": "Point", "coordinates": [ 134.525579117752585, 7.339969648127922 ] } },
{ "type": "Feature", "properties": { "depth_m": 20.0, "evidence": "DEPCNT" }, "geometry": { "type": "Point", "coordinates": [ 134.526605826149478, 7.340036771292702 ] } },
{ "type": "Feature", "properties": { "depth_m": 20.0, "evidence": "DEPCNT" }, "geometry": { "type": "Point", "coordinates": [ 134.526870700000018, 7.3409748 ] } },
{ "type": "Feature", "properties": { "depth_m": 10.0, "evidence": "DEPCNT" }, "geometry": { "type": "Point", "coordinates": [ 134.5278473, 7.3452387 ] } },
{ "type": "Feature", "properties": { "depth_m": 10.0, "evidence": "DEPCNT" }, "geometry": { "type": "Point", "coordinates": [ 134.527825005403713, 7.344496302925475 ] } },
{ "type": "Feature", "properties": { "depth_m": 10.0, "evidence": "DEPCNT" }, "geometry": { "type": "Point", "coordinates": [ 134.527954100000017, 7.3437667 ] } },
{ "type": "Feature", "properties": { "depth_m": 20.0, "evidence": "DEPCNT" }, "geometry": { "type": "Point", "coordinates": [ 134.528183, 7.3374391 ] } },
{ "type": "Feature", "properties": { "depth_m": 20.0, "evidence": "DEPCNT" }, "geometry": { "type": "Point", "coordinates": [ 134.528647699221011, 7.338354353427343 ] } },
{ "type": "Feature", "properties": { "depth_m": 20.0, "evidence": "DEPCNT" }, "geometry": { "type": "Point", "coordinates": [ 134.529467664325068, 7.339008777619012 ] } },
{ "type": "Feature", "properties": { "depth_m": 20.0, "evidence": "DEPCNT" }, "geometry": { "type": "Point", "coordinates": [ 134.530279362527324, 7.339675484141869 ] } },
{ "type": "Feature", "properties": { "depth_m": 20.0, "evidence": "DEPCNT" }, "geometry": { "type": "Point", "coordinates": [ 134.5307465, 7.3405585 ] } },
{ "type": "Feature", "properties": { "depth_m": 50.0, "evidence": "DEPCNT" }, "geometry": { "type": "Point", "coordinates": [ 134.528183, 7.3000917 ] } },
{ "type": "Feature", "properties": { "depth_m": 50.0, "evidence": "DEPCNT" }, "geometry": { "type": "Point", "coordinates": [ 134.529130370664035, 7.300849425236348 ] } },
{ "type": "Feature", "properties": { "depth_m": 50.0, "evidence": "DEPCNT" }, "geometry": { "type": "Point", "coordinates": [ 134.530282921819662, 7.300424734268714 ] } },
{ "type": "Feature", "properties": { "depth_m": 50.0, "evidence": "DEPCNT" }, "geometry": { "type": "Point", "coordinates": [ 134.530777, 7.301432835572324 ] } },
{ "type": "Feature", "properties": { "depth_m": 50.0, "evidence": "DEPCNT" }, "geometry": { "type": "Point", "coordinates": [ 134.530467043008088, 7.302625455268762 ] } },
{ "type": "Feature", "properties": { "depth_m": 50.0, "evidence": "DEPCNT" }, "geometry": { "type": "Point", "coordinates": [ 134.529434700216484, 7.303090033384171 ] } },
{ "type": "Feature", "properties": { "depth_m": 50.0, "evidence": "DEPCNT" }, "geometry": { "type": "Point", "coordinates": [ 134.528214229766292, 7.302880872881131 ] } },
{ "type": "Feature", "properties": { "depth_m": 50.0, "evidence": "DEPCNT" }, "geometry": { "type": "Point", "coordinates": [ 134.527038395866413, 7.303164988715713 ] } },
{ "type": "Feature", "properties": { "depth_m": 50.0, "evidence": "DEPCNT" }, "geometry": { "type": "Point", "coordinates": [ 134.526144019264905, 7.30266299543363 ] } },
{ "type": "Feature", "properties": { "depth_m": 50.0, "evidence": "DEPCNT" }, "geometry": { "type": "Point", "coordinates": [ 134.526857118893787, 7.301814357644126 ] } },
{ "type": "Feature", "properties": { "depth_m": 50.0, "evidence": "DEPCNT" }, "geometry": { "type": "Point", "coordinates": [ 134.527289359719902, 7.3007652829093 ] } },
{ "type": "Feature", "properties": { "depth_m": 50.0, "evidence": "DEPCNT" }, "geometry": { "type": "Point", "coordinates": [ 134.528183, 7.3000917 ] } },
{ "type": "Feature", "properties": { "depth_m": 10.0, "evidence": "DEPCNT" }, "geometry": { "type": "Point", "coordinates": [ 134.5330658, 7.2734752 ] } },
{ "type": "Feature", "properties": { "depth_m": 10.0, "evidence": "DEPCNT" }, "geometry": { "type": "Point", "coordinates": [ 134.533660900001905, 7.273807162339471 ] } },
{ "type": "Feature", "properties": { "depth_m": 10.0, "evidence": "DEPCNT" }, "geometry": { "type": "Point", "coordinates": [ 134.533060434974573, 7.27425304015013 ] } },
{ "type": "Feature", "properties": { "depth_m": 10.0, "evidence": "DEPCNT" }, "geometry": { "type": "Point", "coordinates": [ 134.5330658, 7.2734752 ] } },
{ "type": "Feature", "properties": { "depth_m": 10.0, "evidence": "DEPCNT" }, "geometry": { "type": "Point", "coordinates": [ 134.5338745, 7.2832193 ] } },
{ "type": "Feature", "properties": { "depth_m": 10.0, "evidence": "DEPCNT" }, "geometry": { "type": "Point", "coordinates": [ 134.533945995111395, 7.28396167197907 ] } },
{ "type": "Feature", "properties": { "depth_m": 10.0, "evidence": "DEPCNT" }, "geometry": { "type": "Point", "coordinates": [ 134.5342865, 7.2846446 ] } },
{ "type": "Feature", "properties": { "depth_m": 50.0, "evidence": "DEPCNT" }, "geometry": { "type": "Point", "coordinates": [ 134.541168199999987, 7.3133669 ] } },
{ "type": "Feature", "properties": { "depth_m": 50.0, "evidence": "DEPCNT" }, "geometry": { "type": "Point", "coordinates": [ 134.541398118033527, 7.314319132482768 ] } },
{ "type": "Feature", "properties": { "depth_m": 50.0, "evidence": "DEPCNT" }, "geometry": { "type": "Point", "coordinates": [ 134.542081597332924, 7.313663009051923 ] } },
{ "type": "Feature", "properties": { "depth_m": 50.0, "evidence": "DEPCNT" }, "geometry": { "type": "Point", "coordinates": [ 134.541168199999987, 7.3133669 ] } },
{ "type": "Feature", "properties": { "depth_m": 10.0, "evidence": "DEPCNT" }, "geometry": { "type": "Point", "coordinates": [ 134.5448303, 7.2999582 ] } },
{ "type": "Feature", "properties": { "depth_m": 10.0, "evidence": "DEPCNT" }, "geometry": { "type": "Point", "coordinates": [ 134.543846130729662, 7.299680751679296 ] } },
{ "type": "Feature", "properties": { "depth_m": 10.0, "evidence": "DEPCNT" }, "geometry": { "type": "Point", "coordinates": [ 134.544754, 7.2989612 ] } },
{ "type": "Feature", "properties": { "depth_m": 50.0, "evidence": "DEPCNT" }, "geometry": { "type": "Point", "coordinates": [ 134.539749199999989, 7.3142805 ] } },
{ "type": "Feature", "properties": { "depth_m": 50.0, "evidence": "DEPCNT" }, "geometry": { "type": "Point", "coordinates": [ 134.539660356645612, 7.312941559266918 ] } },
{ "type": "Feature", "properties": { "depth_m": 50.0, "evidence": "DEPCNT" }, "geometry": { "type": "Point", "coordinates": [ 134.539779698511722, 7.311602631915188 ] } },
{ "type": "Feature", "properties": { "depth_m": 50.0, "evidence": "DEPCNT" }, "geometry": { "type": "Point", "coordinates": [ 134.540129438698727, 7.310427376039667 ] } },
{ "type": "Feature", "properties": { "depth_m": 50.0, "evidence": "DEPCNT" }, "geometry": { "type": "Point", "coordinates": [ 134.541235231937009, 7.309718454003143 ] } },
{ "type": "Feature", "properties": { "depth_m": 50.0, "evidence": "DEPCNT" }, "geometry": { "type": "Point", "coordinates": [ 134.542527027726038, 7.309340705035396 ] } },
{ "type": "Feature", "properties": { "depth_m": 50.0, "evidence": "DEPCNT" }, "geometry": { "type": "Point", "coordinates": [ 134.543801955757175, 7.309236777937863 ] } },
{ "type": "Feature", "properties": { "depth_m": 50.0, "evidence": "DEPCNT" }, "geometry": { "type": "Point", "coordinates": [ 134.544589473070999, 7.310311537259987 ] } },
{ "type": "Feature", "properties": { "depth_m": 50.0, "evidence": "DEPCNT" }, "geometry": { "type": "Point", "coordinates": [ 134.545782044371549, 7.310790909989682 ] } },
{ "type": "Feature", "properties": { "depth_m": 50.0, "evidence": "DEPCNT" }, "geometry": { "type": "Point", "coordinates": [ 134.546045724640123, 7.309601439494933 ] } },
{ "type": "Feature", "properties": { "depth_m": 50.0, "evidence": "DEPCNT" }, "geometry": { "type": "Point", "coordinates": [ 134.545745900002402, 7.308301968401123 ] } },
{ "type": "Feature", "properties": { "depth_m": 50.0, "evidence": "DEPCNT" }, "geometry": { "type": "Point", "coordinates": [ 134.546308541761562, 7.307251773729178 ] } },
{ "type": "Feature", "properties": { "depth_m": 50.0, "evidence": "DEPCNT" }, "geometry": { "type": "Point", "coordinates": [ 134.547316394464872, 7.307932144877902 ] } },
{ "type": "Feature", "properties": { "depth_m": 50.0, "evidence": "DEPCNT" }, "geometry": { "type": "Point", "coordinates": [ 134.547439269925576, 7.309270397752029 ] } },
{ "type": "Feature", "properties": { "depth_m": 50.0, "evidence": "DEPCNT" }, "geometry": { "type": "Point", "coordinates": [ 134.547996935446719, 7.310440486404405 ] } },
{ "type": "Feature", "properties": { "depth_m": 50.0, "evidence": "DEPCNT" }, "geometry": { "type": "Point", "coordinates": [ 134.549037516550811, 7.311272889196414 ] } },
{ "type": "Feature", "properties": { "depth_m": 50.0, "evidence": "DEPCNT" }, "geometry": { "type": "Point", "coordinates": [ 134.549903003373032, 7.312306144930165 ] } },
{ "type": "Feature", "properties": { "depth_m": 50.0, "evidence": "DEPCNT" }, "geometry": { "type": "Point", "coordinates": [ 134.550478226554986, 7.31350198752555 ] } },
{ "type": "Feature", "properties": { "depth_m": 50.0, "evidence": "DEPCNT" }, "geometry": { "type": "Point", "coordinates": [ 134.550044542982903, 7.314730825795545 ] } },
{ "type": "Feature", "properties": { "depth_m": 50.0, "evidence": "DEPCNT" }, "geometry": { "type": "Point", "coordinates": [ 134.548957175979695, 7.31551024365606 ] } },
{ "type": "Feature", "properties": { "depth_m": 50.0, "evidence": "DEPCNT" }, "geometry": { "type": "Point", "coordinates": [ 134.54854310742104, 7.31677834369962 ] } },
{ "type": "Feature", "properties": { "depth_m": 50.0, "evidence": "DEPCNT" }, "geometry": { "type": "Point", "coordinates": [ 134.548199968000773, 7.31807735167923 ] } },
{ "type": "Feature", "properties": { "depth_m": 50.0, "evidence": "DEPCNT" }, "geometry": { "type": "Point", "coordinates": [ 134.547495676239805, 7.319073173021795 ] } },
{ "type": "Feature", "properties": { "depth_m": 50.0, "evidence": "DEPCNT" }, "geometry": { "type": "Point", "coordinates": [ 134.546160025193331, 7.319094557408488 ] } },
{ "type": "Feature", "properties": { "depth_m": 50.0, "evidence": "DEPCNT" }, "geometry": { "type": "Point", "coordinates": [ 134.5449371, 7.3195696 ] } },
{ "type": "Feature", "properties": { "depth_m": 30.0, "evidence": "DEPCNT" }, "geometry": { "type": "Point", "coordinates": [ 134.557251, 7.3236418 ] } },
{ "type": "Feature", "properties": { "depth_m": 30.0, "evidence": "DEPCNT" }, "geometry": { "type": "Point", "coordinates": [ 134.557317639822628, 7.324586862665893 ] } },
{ "type": "Feature", "properties": { "depth_m": 30.0, "evidence": "DEPCNT" }, "geometry": { "type": "Point", "coordinates": [ 134.556308929321773, 7.324262342109815 ] } },
{ "type": "Feature", "properties": { "depth_m": 30.0, "evidence": "DEPCNT" }, "geometry": { "type": "Point", "coordinates": [ 134.557251, 7.3236418 ] } },
{ "type": "Feature", "properties": { "depth_m": 20.0, "evidence": "DEPCNT" }, "geometry": { "type": "Point", "coordinates": [ 134.551040699999987, 7.2626276 ] } },
{ "type": "Feature", "properties": { "depth_m": 20.0, "evidence": "DEPCNT" }, "geometry": { "type": "Point", "coordinates": [ 134.552185010523772, 7.263277268083732 ] } },
{ "type": "Feature", "properties": { "depth_m": 20.0, "evidence": "DEPCNT" }, "geometry": { "type": "Point", "coordinates": [ 134.55324131802422, 7.264059712713847 ] } },
{ "type": "Feature", "properties": { "depth_m": 20.0, "evidence": "DEPCNT" }, "geometry": { "type": "Point", "coordinates": [ 134.554215634824374, 7.264931410037403 ] } },
{ "type": "Feature", "properties": { "depth_m": 20.0, "evidence": "DEPCNT" }, "geometry": { "type": "Point", "coordinates": [ 134.555118381083645, 7.265879340728309 ] } },
{ "type": "Feature", "properties": { "depth_m": 20.0, "evidence": "DEPCNT" }, "geometry": { "type": "Point", "coordinates": [ 134.555885858950489, 7.266946697402539 ] } },
{ "type": "Feature", "properties": { "depth_m": 20.0, "evidence": "DEPCNT" }, "geometry": { "type": "Point", "coordinates": [ 134.556323248448621, 7.268176008825537 ] } },
{ "type": "Feature", "properties": { "depth_m": 20.0, "evidence": "DEPCNT" }, "geometry": { "type": "Point", "coordinates": [ 134.556544046116443, 7.26947147759019 ] } },
{ "type": "Feature", "properties": { "depth_m": 20.0, "evidence": "DEPCNT" }, "geometry": { "type": "Point", "coordinates": [ 134.556671100002063, 7.27077852346803 ] } },
{ "type": "Feature", "properties": { "depth_m": 20.0, "evidence": "DEPCNT" }, "geometry": { "type": "Point", "coordinates": [ 134.556738183324768, 7.272088650684184 ] } },
{ "type": "Feature", "properties": { "depth_m": 20.0, "evidence": "DEPCNT" }, "geometry": { "type": "Point", "coordinates": [ 134.556970949562839, 7.273362489320516 ] } },
{ "type": "Feature", "properties": { "depth_m": 20.0, "evidence": "DEPCNT" }, "geometry": { "type": "Point", "coordinates": [ 134.557377179226478, 7.27460247236014 ] } },
{ "type": "Feature", "properties": { "depth_m": 20.0, "evidence": "DEPCNT" }, "geometry": { "type": "Point", "coordinates": [ 134.557771394629583, 7.275856044910031 ] } },
{ "type": "Feature", "properties": { "depth_m": 20.0, "evidence": "DEPCNT" }, "geometry": { "type": "Point", "coordinates": [ 134.55821307200867, 7.277089232166709 ] } },
{ "type": "Feature", "properties": { "depth_m": 20.0, "evidence": "DEPCNT" }, "geometry": { "type": "Point", "coordinates": [ 134.558748367932708, 7.278286703073741 ] } },
{ "type": "Feature", "properties": { "depth_m": 20.0, "evidence": "DEPCNT" }, "geometry": { "type": "Point", "coordinates": [ 134.559341912560086, 7.279452292522404 ] } },
{ "type": "Feature", "properties": { "depth_m": 20.0, "evidence": "DEPCNT" }, "geometry": { "type": "Point", "coordinates": [ 134.560104368737029, 7.280523888139447 ] } },
{ "type": "Feature", "properties": { "depth_m": 20.0, "evidence": "DEPCNT" }, "geometry": { "type": "Point", "coordinates": [ 134.56085113905857, 7.281606331215794 ] } },
{ "type": "Feature", "properties": { "depth_m": 20.0, "evidence": "DEPCNT" }, "geometry": { "type": "Point", "coordinates": [ 134.561575028034127, 7.282702120972802 ] } },
{ "type": "Feature", "properties": { "depth_m": 20.0, "evidence": "DEPCNT" }, "geometry": { "type": "Point", "coordinates": [ 134.56251530000003, 7.2836165 ] } },
{ "type": "Feature", "properties": { "depth_m": 10.0, "evidence": "DEPCNT" }, "geometry": { "type": "Point", "coordinates": [ 134.5583954, 7.2839141 ] } },
{ "type": "Feature", "properties": { "depth_m": 10.0, "evidence": "DEPCNT" }, "geometry": { "type": "Point", "coordinates": [ 134.559675748979373, 7.283725343208485 ] } },
{ "type": "Feature", "properties": { "depth_m": 10.0, "evidence": "DEPCNT" }, "geometry": { "type": "Point", "coordinates": [ 134.560966040632849, 7.2838049602476 ] } },
{ "type": "Feature", "properties": { "depth_m": 10.0, "evidence": "DEPCNT" }, "geometry": { "type": "Point", "coordinates": [ 134.562243417641497, 7.283948685248052 ] } },
{ "type": "Feature", "properties": { "depth_m": 10.0, "evidence": "DEPCNT" }, "geometry": { "type": "Point", "coordinates": [ 134.56313888318391, 7.284799195388159 ] } },
{ "type": "Feature", "properties": { "depth_m": 10.0, "evidence": "DEPCNT" }, "geometry": { "type": "Point", "coordinates": [ 134.563324000007526, 7.28606781143779 ] } },
{ "type": "Feature", "properties": { "depth_m": 10.0, "evidence": "DEPCNT" }, "geometry": { "type": "Point", "coordinates": [ 134.563418447231584, 7.287354826921449 ] } },
{ "type": "Feature", "properties": { "depth_m": 10.0, "evidence": "DEPCNT" }, "geometry": { "type": "Point", "coordinates": [ 134.563674284284758, 7.28862107876981 ] } },
{ "type": "Feature", "properties": { "depth_m": 10.0, "evidence": "DEPCNT" }, "geometry": { "type": "Point", "coordinates": [ 134.564048441922949, 7.289857657839149 ] } },
{ "type": "Feature", "properties": { "depth_m": 10.0, "evidence": "DEPCNT" }, "geometry": { "type": "Point", "coordinates": [ 134.564325059355212, 7.291113985805322 ] } },
{ "type": "Feature", "properties": { "depth_m": 10.0, "evidence": "DEPCNT" }, "geometry": { "type": "Point", "coordinates": [ 134.564387233318172, 7.292403893694087 ] } },
{ "type": "Feature", "properties": { "depth_m": 10.0, "evidence": "DEPCNT" }, "geometry": { "type": "Point", "coordinates": [ 134.563960120544323, 7.293591873765287 ] } },
{ "type": "Feature", "properties": { "depth_m": 10.0, "evidence": "DEPCNT" }, "geometry": { "type": "Point", "coordinates": [ 134.563156435308144, 7.294587596617488 ] } },
{ "type": "Feature", "properties": { "depth_m": 10.0, "evidence": "DEPCNT" }, "geometry": { "type": "Point", "coordinates": [ 134.5627594, 7.295814 ] } },
{ "type": "Feature", "properties": { "depth_m": 10.0, "evidence": "DEPCNT" }, "geometry": { "type": "Point", "coordinates": [ 134.56974790000001, 7.3549361 ] } },
{ "type": "Feature", "properties": { "depth_m": 10.0, "evidence": "DEPCNT" }, "geometry": { "type": "Point", "coordinates": [ 134.569554882489371, 7.356161053124358 ] } },
{ "type": "Feature", "properties": { "depth_m": 10.0, "evidence": "DEPCNT" }, "geometry": { "type": "Point", "coordinates": [ 134.57029009361284, 7.357199817667737 ] } },
{ "type": "Feature", "properties": { "depth_m": 10.0, "evidence": "DEPCNT" }, "geometry": { "type": "Point", "coordinates": [ 134.570168534793027, 7.358466445637093 ] } },
{ "type": "Feature", "properties": { "depth_m": 10.0, "evidence": "DEPCNT" }, "geometry": { "type": "Point", "coordinates": [ 134.569948928213506, 7.359732659785523 ] } },
{ "type": "Feature", "properties": { "depth_m": 10.0, "evidence": "DEPCNT" }, "geometry": { "type": "Point", "coordinates": [ 134.5709381, 7.3597665 ] } },
{ "type": "Feature", "properties": { "depth_m": 30.0, "evidence": "DEPCNT" }, "geometry": { "type": "Point", "coordinates": [ 134.56303410000001, 7.3245583 ] } },
{ "type": "Feature", "properties": { "depth_m": 30.0, "evidence": "DEPCNT" }, "geometry": { "type": "Point", "coordinates": [ 134.564149250746027, 7.325239962013241 ] } },
{ "type": "Feature", "properties": { "depth_m": 30.0, "evidence": "DEPCNT" }, "geometry": { "type": "Point", "coordinates": [ 134.564882990645941, 7.32629968130462 ] } },
{ "type": "Feature", "properties": { "depth_m": 30.0, "evidence": "DEPCNT" }, "geometry": { "type": "Point", "coordinates": [ 134.565522801974623, 7.327363642071924 ] } },
{ "type": "Feature", "properties": { "depth_m": 30.0, "evidence": "DEPCNT" }, "geometry": { "type": "Point", "coordinates": [ 134.566246759130252, 7.328250770615039 ] } },
{ "type": "Feature", "properties": { "depth_m": 30.0, "evidence": "DEPCNT" }, "geometry": { "type": "Point", "coordinates": [ 134.565902581271871, 7.329411948016113 ] } },
{ "type": "Feature", "properties": { "depth_m": 30.0, "evidence": "DEPCNT" }, "geometry": { "type": "Point", "coordinates": [ 134.566914991495594, 7.329242018412673 ] } },
{ "type": "Feature", "properties": { "depth_m": 30.0, "evidence": "DEPCNT" }, "geometry": { "type": "Point", "coordinates": [ 134.568102271833908, 7.32962150000303 ] } },
{ "type": "Feature", "properties": { "depth_m": 30.0, "evidence": "DEPCNT" }, "geometry": { "type": "Point", "coordinates": [ 134.568841927562602, 7.3307066634003 ] } },
{ "type": "Feature", "properties": { "depth_m": 30.0, "evidence": "DEPCNT" }, "geometry": { "type": "Point", "coordinates": [ 134.56997834769993, 7.331328510275522 ] } },
{ "type": "Feature", "properties": { "depth_m": 30.0, "evidence": "DEPCNT" }, "geometry": { "type": "Point", "coordinates": [ 134.57109361883559, 7.332021555896487 ] } },
{ "type": "Feature", "properties": { "depth_m": 30.0, "evidence": "DEPCNT" }, "geometry": { "type": "Point", "coordinates": [ 134.570236686518427, 7.332424762472209 ] } },
{ "type": "Feature", "properties": { "depth_m": 30.0, "evidence": "DEPCNT" }, "geometry": { "type": "Point", "coordinates": [ 134.569013545154917, 7.332911855704132 ] } },
{ "type": "Feature", "properties": { "depth_m": 30.0, "evidence": "DEPCNT" }, "geometry": { "type": "Point", "coordinates": [ 134.567990927276753, 7.333742908386 ] } },
{ "type": "Feature", "properties": { "depth_m": 30.0, "evidence": "DEPCNT" }, "geometry": { "type": "Point", "coordinates": [ 134.566894452934662, 7.333943706419392 ] } },
{ "type": "Feature", "properties": { "depth_m": 30.0, "evidence": "DEPCNT" }, "geometry": { "type": "Point", "coordinates": [ 134.566454371417478, 7.333031199534472 ] } },
{ "type": "Feature", "properties": { "depth_m": 30.0, "evidence": "DEPCNT" }, "geometry": { "type": "Point", "coordinates": [ 134.565136770158944, 7.333044500009618 ] } },
{ "type": "Feature", "properties": { "depth_m": 30.0, "evidence": "DEPCNT" }, "geometry": { "type": "Point", "coordinates": [ 134.564016757409604, 7.332350866276435 ] } },
{ "type": "Feature", "properties": { "depth_m": 30.0, "evidence": "DEPCNT" }, "geometry": { "type": "Point", "coordinates": [ 134.562905372999296, 7.331645924303085 ] } },
{ "type": "Feature", "properties": { "depth_m": 30.0, "evidence": "DEPCNT" }, "geometry": { "type": "Point", "coordinates": [ 134.562013603341114, 7.330801783406625 ] } },
{ "type": "Feature", "properties": { "depth_m": 30.0, "evidence": "DEPCNT" }, "geometry": { "type": "Point", "coordinates": [ 134.562045876807161, 7.329490939639477 ] } },
{ "type": "Feature", "properties": { "depth_m": 30.0, "evidence": "DEPCNT" }, "geometry": { "type": "Point", "coordinates": [ 134.561355251119352, 7.328411877869308 ] } },
{ "type": "Feature", "properties": { "depth_m": 30.0, "evidence": "DEPCNT" }, "geometry": { "type": "Point", "coordinates": [ 134.562296499516776, 7.327925431469731 ] } },
{ "type": "Feature", "properties": { "depth_m": 30.0, "evidence": "DEPCNT" }, "geometry": { "type": "Point", "coordinates": [ 134.56283307014877, 7.329094296644533 ] } },
{ "type": "Feature", "properties": { "depth_m": 30.0, "evidence": "DEPCNT" }, "geometry": { "type": "Point", "coordinates": [ 134.563867192371077, 7.328569318026618 ] } },
{ "type": "Feature", "properties": { "depth_m": 30.0, "evidence": "DEPCNT" }, "geometry": { "type": "Point", "coordinates": [ 134.563498716095381, 7.32746607248486 ] } },
{ "type": "Feature", "properties": { "depth_m": 30.0, "evidence": "DEPCNT" }, "geometry": { "type": "Point", "coordinates": [ 134.562310970627664, 7.326891494354798 ] } },
{ "type": "Feature", "properties": { "depth_m": 30.0, "evidence": "DEPCNT" }, "geometry": { "type": "Point", "coordinates": [ 134.561129742057005, 7.326333171743784 ] } },
{ "type": "Feature", "properties": { "depth_m": 30.0, "evidence": "DEPCNT" }, "geometry": { "type": "Point", "coordinates": [ 134.561538700002899, 7.325177954940301 ] } },
{ "type": "Feature", "properties": { "depth_m": 30.0, "evidence": "DEPCNT" }, "geometry": { "type": "Point", "coordinates": [ 134.560587981169505, 7.324577800016119 ] } },
{ "type": "Feature", "properties": { "depth_m": 30.0, "evidence": "DEPCNT" }, "geometry": { "type": "Point", "coordinates": [ 134.559283970629565, 7.324524817675496 ] } },
{ "type": "Feature", "properties": { "depth_m": 30.0, "evidence": "DEPCNT" }, "geometry": { "type": "Point", "coordinates": [ 134.55820825019552, 7.323837615296324 ] } },
{ "type": "Feature", "properties": { "depth_m": 30.0, "evidence": "DEPCNT" }, "geometry": { "type": "Point", "coordinates": [ 134.559095400328914, 7.323121796315772 ] } },
{ "type": "Feature", "properties": { "depth_m": 30.0, "evidence": "DEPCNT" }, "geometry": { "type": "Point", "coordinates": [ 134.560411151974364, 7.323027600010553 ] } },
{ "type": "Feature", "properties": { "depth_m": 30.0, "evidence": "DEPCNT" }, "geometry": { "type": "Point", "coordinates": [ 134.561422111087779, 7.323773496615713 ] } },
{ "type": "Feature", "properties": { "depth_m": 30.0, "evidence": "DEPCNT" }, "geometry": { "type": "Point", "coordinates": [ 134.5622253, 7.3228946 ] } },
{ "type": "Feature", "properties": { "depth_m": 20.0, "evidence": "DEPCNT" }, "geometry": { "type": "Point", "coordinates": [ 134.571456899999987, 7.3460722 ] } },
{ "type": "Feature", "properties": { "depth_m": 20.0, "evidence": "DEPCNT" }, "geometry": { "type": "Point", "coordinates": [ 134.571720053982887, 7.345374227698027 ] } },
{ "type": "Feature", "properties": { "depth_m": 20.0, "evidence": "DEPCNT" }, "geometry": { "type": "Point", "coordinates": [ 134.5723114, 7.3449445 ] } },
{ "type": "Feature", "properties": { "depth_m": 20.0, "evidence": "DEPCNT" }, "geometry": { "type": "Point", "coordinates": [ 134.5726166, 7.3512168 ] } },
{ "type": "Feature", "properties": { "depth_m": 20.0, "evidence": "DEPCNT" }, "geometry": { "type": "Point", "coordinates": [ 134.572830200002841, 7.352318446774208 ] } },
{ "type": "Feature", "properties": { "depth_m": 20.0, "evidence": "DEPCNT" }, "geometry": { "type": "Point", "coordinates": [ 134.572671331327228, 7.353440332329939 ] } },
{ "type": "Feature", "properties": { "depth_m": 20.0, "evidence": "DEPCNT" }, "geometry": { "type": "Point", "coordinates": [ 134.57199667384296, 7.354346359521965 ] } },
{ "type": "Feature", "properties": { "depth_m": 20.0, "evidence": "DEPCNT" }, "geometry": { "type": "Point", "coordinates": [ 134.571638383162735, 7.355376869335781 ] } },
{ "type": "Feature", "properties": { "depth_m": 20.0, "evidence": "DEPCNT" }, "geometry": { "type": "Point", "coordinates": [ 134.572589111472439, 7.355750042272709 ] } },
{ "type": "Feature", "properties": { "depth_m": 20.0, "evidence": "DEPCNT" }, "geometry": { "type": "Point", "coordinates": [ 134.573288, 7.3548665 ] } },
{ "type": "Feature", "properties": { "depth_m": 30.0, "evidence": "DEPCNT" }, "geometry": { "type": "Point", "coordinates": [ 134.5598755, 7.3096304 ] } },
{ "type": "Feature", "properties": { "depth_m": 30.0, "evidence": "DEPCNT" }, "geometry": { "type": "Point", "coordinates": [ 134.55918896996468, 7.310685790560793 ] } },
{ "type": "Feature", "properties": { "depth_m": 30.0, "evidence": "DEPCNT" }, "geometry": { "type": "Point", "coordinates": [ 134.558986222150622, 7.311968069575466 ] } },
{ "type": "Feature", "properties": { "depth_m": 30.0, "evidence": "DEPCNT" }, "geometry": { "type": "Point", "coordinates": [ 134.559557078752249, 7.312855700021108 ] } },
{ "type": "Feature", "properties": { "depth_m": 30.0, "evidence": "DEPCNT" }, "geometry": { "type": "Point", "coordinates": [ 134.560772672565093, 7.312453001517963 ] } },
{ "type": "Feature", "properties": { "depth_m": 30.0, "evidence": "DEPCNT" }, "geometry": { "type": "Point", "coordinates": [ 134.561691225756078, 7.311556844632813 ] } },
{ "type": "Feature", "properties": { "depth_m": 30.0, "evidence": "DEPCNT" }, "geometry": { "type": "Point", "coordinates": [ 134.562873982938186, 7.311148691577126 ] } },
{ "type": "Feature", "properties": { "depth_m": 30.0, "evidence": "DEPCNT" }, "geometry": { "type": "Point", "coordinates": [ 134.564002504055253, 7.311758507367533 ] } },
{ "type": "Feature", "properties": { "depth_m": 30.0, "evidence": "DEPCNT" }, "geometry": { "type": "Point", "coordinates": [ 134.564913002005284, 7.312684391472968 ] } },
{ "type": "Feature", "properties": { "depth_m": 30.0, "evidence": "DEPCNT" }, "geometry": { "type": "Point", "coordinates": [ 134.564601231255182, 7.313406090596622 ] } },
{ "type": "Feature", "properties": { "depth_m": 30.0, "evidence": "DEPCNT" }, "geometry": { "type": "Point", "coordinates": [ 134.565105117778586, 7.314167013818678 ] } },
{ "type": "Feature", "properties": { "depth_m": 30.0, "evidence": "DEPCNT" }, "geometry": { "type": "Point", "coordinates": [ 134.566258935639297, 7.31470362335996 ] } },
{ "type": "Feature", "properties": { "depth_m": 30.0, "evidence": "DEPCNT" }, "geometry": { "type": "Point", "coordinates": [ 134.567402313541976, 7.315306215574914 ] } },
{ "type": "Feature", "properties": { "depth_m": 30.0, "evidence": "DEPCNT" }, "geometry": { "type": "Point", "coordinates": [ 134.568179659153714, 7.316321496076097 ] } },
{ "type": "Feature", "properties": { "depth_m": 30.0, "evidence": "DEPCNT" }, "geometry": { "type": "Point", "coordinates": [ 134.568461896101098, 7.317447710725326 ] } },
{ "type": "Feature", "properties": { "depth_m": 30.0, "evidence": "DEPCNT" }, "geometry": { "type": "Point", "coordinates": [ 134.569729310670994, 7.317737621400043 ] } },
{ "type": "Feature", "properties": { "depth_m": 30.0, "evidence": "DEPCNT" }, "geometry": { "type": "Point", "coordinates": [ 134.570828914627384, 7.318388772647501 ] } },
{ "type": "Feature", "properties": { "depth_m": 30.0, "evidence": "DEPCNT" }, "geometry": { "type": "Point", "coordinates": [ 134.571093083675322, 7.319580039663515 ] } },
{ "type": "Feature", "properties": { "depth_m": 30.0, "evidence": "DEPCNT" }, "geometry": { "type": "Point", "coordinates": [ 134.570720469520353, 7.320615569521078 ] } },
{ "type": "Feature", "properties": { "depth_m": 30.0, "evidence": "DEPCNT" }, "geometry": { "type": "Point", "coordinates": [ 134.571996987251282, 7.320475711210754 ] } },
{ "type": "Feature", "properties": { "depth_m": 30.0, "evidence": "DEPCNT" }, "geometry": { "type": "Point", "coordinates": [ 134.572957147498187, 7.321282927709034 ] } },
{ "type": "Feature", "properties": { "depth_m": 30.0, "evidence": "DEPCNT" }, "geometry": { "type": "Point", "coordinates": [ 134.573556858185697, 7.322430122954396 ] } },
{ "type": "Feature", "properties": { "depth_m": 30.0, "evidence": "DEPCNT" }, "geometry": { "type": "Point", "coordinates": [ 134.574552838195871, 7.323259850467868 ] } },
{ "type": "Feature", "properties": { "depth_m": 30.0, "evidence": "DEPCNT" }, "geometry": { "type": "Point", "coordinates": [ 134.5756836, 7.323853 ] } },
{ "type": "Feature", "properties": { "depth_m": 30.0, "evidence": "DEPCNT" }, "geometry": { "type": "Point", "coordinates": [ 134.570831300000037, 7.3329639 ] } },
{ "type": "Feature", "properties": { "depth_m": 30.0, "evidence": "DEPCNT" }, "geometry": { "type": "Point", "coordinates": [ 134.571348885640816, 7.3340646227278 ] } },
{ "type": "Feature", "properties": { "depth_m": 30.0, "evidence": "DEPCNT" }, "geometry": { "type": "Point", "coordinates": [ 134.572497979704906, 7.334731838110386 ] } },
{ "type": "Feature", "properties": { "depth_m": 30.0, "evidence": "DEPCNT" }, "geometry": { "type": "Point", "coordinates": [ 134.573488554534975, 7.335642407113058 ] } },
{ "type": "Feature", "properties": { "depth_m": 30.0, "evidence": "DEPCNT" }, "geometry": { "type": "Point", "coordinates": [ 134.57467937388833, 7.33619181110538 ] } },
{ "type": "Feature", "properties": { "depth_m": 30.0, "evidence": "DEPCNT" }, "geometry": { "type": "Point", "coordinates": [ 134.575977137431806, 7.336247472408788 ] } },
{ "type": "Feature", "properties": { "depth_m": 30.0, "evidence": "DEPCNT" }, "geometry": { "type": "Point", "coordinates": [ 134.577140210310063, 7.336927553120472 ] } },
{ "type": "Feature", "properties": { "depth_m": 30.0, "evidence": "DEPCNT" }, "geometry": { "type": "Point", "coordinates": [ 134.578143918233764, 7.337809770368005 ] } },
{ "type": "Feature", "properties": { "depth_m": 30.0, "evidence": "DEPCNT" }, "geometry": { "type": "Point", "coordinates": [ 134.57912140951035, 7.338728489062587 ] } },
{ "type": "Feature", "properties": { "depth_m": 30.0, "evidence": "DEPCNT" }, "geometry": { "type": "Point", "coordinates": [ 134.579906773430167, 7.339819972476398 ] } },
{ "type": "Feature", "properties": { "depth_m": 30.0, "evidence": "DEPCNT" }, "geometry": { "type": "Point", "coordinates": [ 134.581034732500967, 7.340483948371388 ] } },
{ "type": "Feature", "properties": { "depth_m": 30.0, "evidence": "DEPCNT" }, "geometry": { "type": "Point", "coordinates": [ 134.58188934923956, 7.341463904234384 ] } },
{ "type": "Feature", "properties": { "depth_m": 30.0, "evidence": "DEPCNT" }, "geometry": { "type": "Point", "coordinates": [ 134.5822518035516, 7.342699660189282 ] } },
{ "type": "Feature", "properties": { "depth_m": 30.0, "evidence": "DEPCNT" }, "geometry": { "type": "Point", "coordinates": [ 134.580974762796444, 7.343019609921469 ] } },
{ "type": "Feature", "properties": { "depth_m": 30.0, "evidence": "DEPCNT" }, "geometry": { "type": "Point", "coordinates": [ 134.579677496687253, 7.343133625259033 ] } },
{ "type": "Feature", "properties": { "depth_m": 30.0, "evidence": "DEPCNT" }, "geometry": { "type": "Point", "coordinates": [ 134.57867791604005, 7.342409069490031 ] } },
{ "type": "Feature", "properties": { "depth_m": 30.0, "evidence": "DEPCNT" }, "geometry": { "type": "Point", "coordinates": [ 134.578327310619613, 7.341212295269608 ] } },
{ "type": "Feature", "properties": { "depth_m": 30.0, "evidence": "DEPCNT" }, "geometry": { "type": "Point", "coordinates": [ 134.577091127453116, 7.340675381363166 ] } },
{ "type": "Feature", "properties": { "depth_m": 30.0, "evidence": "DEPCNT" }, "geometry": { "type": "Point", "coordinates": [ 134.576035788985735, 7.339853583755769 ] } },
{ "type": "Feature", "properties": { "depth_m": 30.0, "evidence": "DEPCNT" }, "geometry": { "type": "Point", "coordinates": [ 134.575110689609915, 7.339067185677566 ] } },
{ "type": "Feature", "properties": { "depth_m": 30.0, "evidence": "DEPCNT" }, "geometry": { "type": "Point", "coordinates": [ 134.573924803057309, 7.338671211850942 ] } },
{ "type": "Feature", "properties": { "depth_m": 30.0, "evidence": "DEPCNT" }, "geometry": { "type": "Point", "coordinates": [ 134.573551450670266, 7.337503092493314 ] } },
{ "type": "Feature", "properties": { "depth_m": 30.0, "evidence": "DEPCNT" }, "geometry": { "type": "Point", "coordinates": [ 134.572640706387375, 7.33653989950098 ] } },
{ "type": "Feature", "properties": { "depth_m": 30.0, "evidence": "DEPCNT" }, "geometry": { "type": "Point", "coordinates": [ 134.5714180871324, 7.336343211336751 ] } },
{ "type": "Feature", "properties": { "depth_m": 30.0, "evidence": "DEPCNT" }, "geometry": { "type": "Point", "coordinates": [ 134.570236252912281, 7.336958263423855 ] } },
{ "type": "Feature", "properties": { "depth_m": 30.0, "evidence": "DEPCNT" }, "geometry": { "type": "Point", "coordinates": [ 134.569105757413297, 7.337689054874852 ] } },
{ "type": "Feature", "properties": { "depth_m": 30.0, "evidence": "DEPCNT" }, "geometry": { "type": "Point", "coordinates": [ 134.568158459297308, 7.336950123311542 ] } },
{ "type": "Feature", "properties": { "depth_m": 30.0, "evidence": "DEPCNT" }, "geometry": { "type": "Point", "coordinates": [ 134.567794800001252, 7.335679075742155 ] } },
{ "type": "Feature", "properties": { "depth_m": 30.0, "evidence": "DEPCNT" }, "geometry": { "type": "Point", "coordinates": [ 134.568352158234489, 7.334534415490424 ] } },
{ "type": "Feature", "properties": { "depth_m": 30.0, "evidence": "DEPCNT" }, "geometry": { "type": "Point", "coordinates": [ 134.569625174542921, 7.334227600027946 ] } },
{ "type": "Feature", "properties": { "depth_m": 30.0, "evidence": "DEPCNT" }, "geometry": { "type": "Point", "coordinates": [ 134.570325607094958, 7.333671182001688 ] } },
{ "type": "Feature", "properties": { "depth_m": 30.0, "evidence": "DEPCNT" }, "geometry": { "type": "Point", "coordinates": [ 134.570831300000037, 7.3329639 ] } },
{ "type": "Feature", "properties": { "depth_m": 30.0, "evidence": "DEPCNT" }, "geometry": { "type": "Point", "coordinates": [ 134.5905151, 7.3479166 ] } },
{ "type": "Feature", "properties": { "depth_m": 30.0, "evidence": "DEPCNT" }, "geometry": { "type": "Point", "coordinates": [ 134.591565670555184, 7.347647492088786 ] } },
{ "type": "Feature", "properties": { "depth_m": 30.0, "evidence": "DEPCNT" }, "geometry": { "type": "Point", "coordinates": [ 134.592665137068678, 7.347648618932337 ] } },
{ "type": "Feature", "properties": { "depth_m": 30.0, "evidence": "DEPCNT" }, "geometry": { "type": "Point", "coordinates": [ 134.593689801193932, 7.348043829309737 ] } },
{ "type": "Feature", "properties": { "depth_m": 30.0, "evidence": "DEPCNT" }, "geometry": { "type": "Point", "coordinates": [ 134.594649215243578, 7.348578860007835 ] } },
{ "type": "Feature", "properties": { "depth_m": 30.0, "evidence": "DEPCNT" }, "geometry": { "type": "Point", "coordinates": [ 134.5953369, 7.349411 ] } },
{ "type": "Feature", "properties": { "depth_m": 10.0, "evidence": "DEPCNT" }, "geometry": { "type": "Point", "coordinates": [ 134.5937195, 7.378397 ] } },
{ "type": "Feature", "properties": { "depth_m": 10.0, "evidence": "DEPCNT" }, "geometry": { "type": "Point", "coordinates": [ 134.594572903328384, 7.377513097005636 ] } },
{ "type": "Feature", "properties": { "depth_m": 10.0, "evidence": "DEPCNT" }, "geometry": { "type": "Point", "coordinates": [ 134.595494568824705, 7.376691203826454 ] } },
{ "type": "Feature", "properties": { "depth_m": 10.0, "evidence": "DEPCNT" }, "geometry": { "type": "Point", "coordinates": [ 134.596032670971624, 7.375604711250139 ] } },
{ "type": "Feature", "properties": { "depth_m": 10.0, "evidence": "DEPCNT" }, "geometry": { "type": "Point", "coordinates": [ 134.59582063669535, 7.374396414822288 ] } },
{ "type": "Feature", "properties": { "depth_m": 10.0, "evidence": "DEPCNT" }, "geometry": { "type": "Point", "coordinates": [ 134.595368137039685, 7.373243755209914 ] } },
{ "type": "Feature", "properties": { "depth_m": 10.0, "evidence": "DEPCNT" }, "geometry": { "type": "Point", "coordinates": [ 134.5951538, 7.3720446 ] } },
{ "type": "Feature", "properties": { "depth_m": 2.0, "evidence": "DEPCNT" }, "geometry": { "type": "Point", "coordinates": [ 134.6056213, 7.3717332 ] } },
{ "type": "Feature", "properties": { "depth_m": 2.0, "evidence": "DEPCNT" }, "geometry": { "type": "Point", "coordinates": [ 134.606348636329301, 7.371844011642552 ] } },
{ "type": "Feature", "properties": { "depth_m": 2.0, "evidence": "DEPCNT" }, "geometry": { "type": "Point", "coordinates": [ 134.607040399999988, 7.3715916 ] } },
{ "type": "Feature", "properties": { "depth_m": 30.0, "evidence": "DEPCNT" }, "geometry": { "type": "Point", "coordinates": [ 134.605423, 7.3745055 ] } },
{ "type": "Feature", "properties": { "depth_m": 30.0, "evidence": "DEPCNT" }, "geometry": { "type": "Point", "coordinates": [ 134.605649811007822, 7.375784584667107 ] } },
{ "type": "Feature", "properties": { "depth_m": 30.0, "evidence": "DEPCNT" }, "geometry": { "type": "Point", "coordinates": [ 134.606448848685261, 7.376830361364607 ] } },
{ "type": "Feature", "properties": { "depth_m": 30.0, "evidence": "DEPCNT" }, "geometry": { "type": "Point", "coordinates": [ 134.60756523570339, 7.377529301693756 ] } },
{ "type": "Feature", "properties": { "depth_m": 30.0, "evidence": "DEPCNT" }, "geometry": { "type": "Point", "coordinates": [ 134.608818560976431, 7.377342364622214 ] } },
{ "type": "Feature", "properties": { "depth_m": 30.0, "evidence": "DEPCNT" }, "geometry": { "type": "Point", "coordinates": [ 134.609450658093294, 7.376206502360153 ] } },
{ "type": "Feature", "properties": { "depth_m": 30.0, "evidence": "DEPCNT" }, "geometry": { "type": "Point", "coordinates": [ 134.609558099999987, 7.374886 ] } },
{ "type": "Feature", "properties": { "depth_m": 10.0, "evidence": "DEPCNT" }, "geometry": { "type": "Point", "coordinates": [ 134.613616799999988, 7.3808382 ] } },
{ "type": "Feature", "properties": { "depth_m": 10.0, "evidence": "DEPCNT" }, "geometry": { "type": "Point", "coordinates": [ 134.613571200002582, 7.379692090220631 ] } },
{ "type": "Feature", "properties": { "depth_m": 10.0, "evidence": "DEPCNT" }, "geometry": { "type": "Point", "coordinates": [ 134.613279197561752, 7.378600941285427 ] } },
{ "type": "Feature", "properties": { "depth_m": 10.0, "evidence": "DEPCNT" }, "geometry": { "type": "Point", "coordinates": [ 134.612274255441037, 7.378189100034651 ] } },
{ "type": "Feature", "properties": { "depth_m": 10.0, "evidence": "DEPCNT" }, "geometry": { "type": "Point", "coordinates": [ 134.611257242049106, 7.378640650104924 ] } },
{ "type": "Feature", "properties": { "depth_m": 10.0, "evidence": "DEPCNT" }, "geometry": { "type": "Point", "coordinates": [ 134.610921413981401, 7.379724632233274 ] } },
{ "type": "Feature", "properties": { "depth_m": 10.0, "evidence": "DEPCNT" }, "geometry": { "type": "Point", "coordinates": [ 134.610656700000021, 7.3808389 ] } },
{ "type": "Feature", "properties": { "depth_m": 100.0, "evidence": "DEPCNT" }, "geometry": { "type": "Point", "coordinates": [ 134.625570900000014, 7.3655766 ] } },
{ "type": "Feature", "properties": { "depth_m": 100.0, "evidence": "DEPCNT" }, "geometry": { "type": "Point", "coordinates": [ 134.625594202193128, 7.364934885127239 ] } },
{ "type": "Feature", "properties": { "depth_m": 100.0, "evidence": "DEPCNT" }, "geometry": { "type": "Point", "coordinates": [ 134.625570900000014, 7.3655766 ] } }
]
}
