{
"type": "FeatureCollection",
"name": "DEPCNT",
"crs": { "type": "name", "properties": { "name": "urn:ogc:def:crs:OGC:1.3:CRS84" } },
"features": [
{ "type": "Feature", "properties": { "RCID": 3710, "PRIM": 2, "GRUP": 2, "OBJL": 43, "RVER": 1, "AGEN": 550, "FIDN": 115426162, "FIDS": 9, "LNAM": "022606E143720009", "LNAM_REFS": null, "FFPT_RIND": null, "VALDCO": 5.0, "VERDAT": null, "INFORM": null, "NINFOM": null, "NTXTDS": null, "SCAMAX": null, "SCAMIN": 44999, "TXTDSC": null, "RECDAT": null, "RECIND": null, "SORDAT": null, "SORIND": null, "hypcat": null, "_enc_cell": "US4TB3P0" }, "geometry": { "type": "LineString", "coordinates": [ [ 134.487075800000014, 7.4028835 ], [ 134.4873657, 7.4028363 ], [ 134.4875183, 7.4028249 ], [ 134.4877625, 7.4028053 ], [ 134.4878998, 7.4027891 ], [ 134.488205, 7.4026361 ], [ 134.488281300000011, 7.4026027 ], [ 134.4883575, 7.4025888 ], [ 134.4884491, 7.4026113 ], [ 134.488525399999986, 7.4026556 ], [ 134.488647500000013, 7.4027581 ], [ 134.4888001, 7.4029498 ], [ 134.4889679, 7.4030442 ], [ 134.489105200000012, 7.4030805 ], [ 134.489242600000011, 7.4030914 ], [ 134.4894409, 7.4030638 ], [ 134.4896851, 7.4029861 ], [ 134.4898987, 7.4028835 ], [ 134.489975, 7.4028168 ], [ 134.490036, 7.40275 ], [ 134.490066500000012, 7.4025502 ], [ 134.4900513, 7.40235 ], [ 134.4900208, 7.4021611 ], [ 134.490036, 7.4020639 ], [ 134.490097100000014, 7.4019918 ], [ 134.4902191, 7.4019527 ], [ 134.4903565, 7.4019804 ], [ 134.490432700000014, 7.4020391 ], [ 134.4904938, 7.4022002 ], [ 134.490570100000014, 7.4023418 ] ] } },
{ "type": "Feature", "properties": { "RCID": 3716, "PRIM": 2, "GRUP": 2, "OBJL": 43, "RVER": 1, "AGEN": 550, "FIDN": 134883908, "FIDS": 9, "LNAM": "0226080A2A440009", "LNAM_REFS": null, "FFPT_RIND": null, "VALDCO": 2.0, "VERDAT": null, "INFORM": null, "NINFOM": null, "NTXTDS": null, "SCAMAX": null, "SCAMIN": 44999, "TXTDSC": null, "RECDAT": null, "RECIND": null, "SORDAT": null, "SORIND": null, "hypcat": null, "_enc_cell": "US4TB3P0" }, "geometry": { "type": "LineString", "coordinates": [ [ 134.4948425, 7.4141417 ], [ 134.4949188, 7.4141002 ], [ 134.4949799, 7.4140277 ], [ 134.495010400000012, 7.4139638 ] ] } },
{ "type": "Feature", "properties": { "RCID": 3718, "PRIM": 2, "GRUP": 2, "OBJL": 43, "RVER": 1, "AGEN": 550, "FIDN": 824583037, "FIDS": 9, "LNAM": "02263126237D0009", "LNAM_REFS": null, "FFPT_RIND": null, "VALDCO": 20.0, "VERDAT": null, "INFORM": null, "NINFOM": null, "NTXTDS": null, "SCAMAX": null, "SCAMIN": 44999, "TXTDSC": null, "RECDAT": null, "RECIND": null, "SORDAT": null, "SORIND": null, "hypcat": null, "_enc_cell": "US4TB3P0" }, "geometry": { "type": "LineString", "coordinates": [ [ 134.5005951, 7.3002558 ], [ 134.5007019, 7.3002195 ], [ 134.500946, 7.3001752 ], [ 134.50100710000001, 7.3001528 ], [ 134.5010529, 7.3001418 ], [ 134.5010834, 7.3001361 ], [ 134.5011902, 7.3001418 ], [ 134.5012817, 7.3001723 ], [ 134.5013275, 7.3002334 ], [ 134.5013275, 7.3003359 ], [ 134.5013428, 7.3003945 ], [ 134.5013428, 7.3006387 ], [ 134.5013275, 7.3007002 ], [ 134.5013123, 7.3007665 ], [ 134.5012817, 7.3008113 ], [ 134.5012054, 7.3008528 ], [ 134.501144399999987, 7.3008833 ], [ 134.5010986, 7.3008971 ], [ 134.501037599999989, 7.3009 ], [ 134.5009766, 7.3008971 ], [ 134.5008392, 7.3009167 ], [ 134.500778200000013, 7.3009195 ], [ 134.5007019, 7.3009138 ], [ 134.5006409, 7.3008943 ], [ 134.5005798, 7.3008637 ], [ 134.500549299999989, 7.3008194 ], [ 134.50053410000001, 7.3007946 ], [ 134.5005188, 7.3007641 ], [ 134.5004883, 7.3007026 ], [ 134.5004578, 7.3006415 ], [ 134.5004578, 7.3006082 ], [ 134.5005035, 7.3003526 ], [ 134.500549299999989, 7.3002806 ], [ 134.5005951, 7.3002558 ] ] } },
{ "type": "Feature", "properties": { "RCID": 3720, "PRIM": 2, "GRUP": 2, "OBJL": 43, "RVER": 1, "AGEN": 550, "FIDN": 517162363, "FIDS": 9, "LNAM": "02261ED3457B0009", "LNAM_REFS": null, "FFPT_RIND": null, "VALDCO": 5.0, "VERDAT": null, "INFORM": null, "NINFOM": null, "NTXTDS": null, "SCAMAX": null, "SCAMIN": 44999, "TXTDSC": null, "RECDAT": null, "RECIND": null, "SORDAT": null, "SORIND": null, "hypcat": null, "_enc_cell": "US4TB3P0" }, "geometry": { "type": "LineString", "coordinates": [ [ 134.5008698, 7.3043861 ], [ 134.501251200000013, 7.3042779 ], [ 134.501648, 7.3040419 ], [ 134.5019989, 7.3036361 ], [ 134.5023956, 7.3032804 ], [ 134.502594, 7.3030472 ], [ 134.5027466, 7.3029499 ], [ 134.503006, 7.3029084 ], [ 134.5032349, 7.302875 ], [ 134.503433199999989, 7.3028975 ], [ 134.5036011, 7.3030582 ], [ 134.5037231, 7.3032694 ], [ 134.503891, 7.303453 ], [ 134.5039368, 7.3036027 ], [ 134.5038757, 7.3038721 ] ] } },
{ "type": "Feature", "properties": { "RCID": 3723, "PRIM": 2, "GRUP": 2, "OBJL": 43, "RVER": 1, "AGEN": 550, "FIDN": 989412740, "FIDS": 9, "LNAM": "02263AF93D840009", "LNAM_REFS": null, "FFPT_RIND": null, "VALDCO": 10.0, "VERDAT": null, "INFORM": null, "NINFOM": null, "NTXTDS": null, "SCAMAX": null, "SCAMIN": 44999, "TXTDSC": null, "RECDAT": null, "RECIND": null, "SORDAT": null, "SORIND": null, "hypcat": null, "_enc_cell": "US4TB3P0" }, "geometry": { "type": "LineString", "coordinates": [ [ 134.504837, 7.2899833 ], [ 134.5049286, 7.2900305 ], [ 134.5050507, 7.2900944 ], [ 134.5051727, 7.290122 ], [ 134.505340600000011, 7.290122 ], [ 134.5054321, 7.290103 ], [ 134.5055389, 7.2899942 ], [ 134.5056305, 7.2898946 ], [ 134.5057678, 7.2897835 ], [ 134.5058594, 7.2897387 ], [ 134.5059967, 7.289711 ], [ 134.506088299999988, 7.2897387 ], [ 134.5061646, 7.2897749 ], [ 134.5062408, 7.2898278 ], [ 134.50628660000001, 7.289875 ] ] } },
{ "type": "Feature", "properties": { "RCID": 3724, "PRIM": 2, "GRUP": 2, "OBJL": 43, "RVER": 1, "AGEN": 550, "FIDN": 225427956, "FIDS": 9, "LNAM": "02260D6FC1F40009", "LNAM_REFS": null, "FFPT_RIND": null, "VALDCO": 2.0, "VERDAT": null, "INFORM": null, "NINFOM": null, "NTXTDS": null, "SCAMAX": null, "SCAMIN": 44999, "TXTDSC": null, "RECDAT": null, "RECIND": null, "SORDAT": null, "SORIND": null, "hypcat": null, "_enc_cell": "US4TB3P0" }, "geometry": { "type": "LineString", "coordinates": [ [ 134.5056305, 7.3618193 ], [ 134.5056317, 7.3617906 ], [ 134.5056458, 7.3614693 ], [ 134.505691500000012, 7.3611693 ], [ 134.505706800000013, 7.3608084 ], [ 134.5058441, 7.3605943 ], [ 134.5061646, 7.3604555 ], [ 134.5063171, 7.3604446 ], [ 134.5064545, 7.3603697 ] ] } },
{ "type": "Feature", "properties": { "RCID": 3729, "PRIM": 2, "GRUP": 2, "OBJL": 43, "RVER": 1, "AGEN": 550, "FIDN": 537882963, "FIDS": 9, "LNAM": "0226200F71530009", "LNAM_REFS": null, "FFPT_RIND": null, "VALDCO": 20.0, "VERDAT": null, "INFORM": null, "NINFOM": null, "NTXTDS": null, "SCAMAX": null, "SCAMIN": 44999, "TXTDSC": null, "RECDAT": null, "RECIND": null, "SORDAT": null, "SORIND": null, "hypcat": null, "_enc_cell": "US4TB3P0" }, "geometry": { "type": "LineString", "coordinates": [ [ 134.5066376, 7.3590417 ], [ 134.5069733, 7.3587165 ], [ 134.5072174, 7.3584418 ], [ 134.50738530000001, 7.3582501 ], [ 134.507629400000013, 7.3581471 ], [ 134.507873499999988, 7.357975 ], [ 134.508102400000013, 7.3577695 ], [ 134.5082855, 7.3574777 ], [ 134.508361799999989, 7.3573055 ], [ 134.5085602, 7.3569946 ], [ 134.5088043, 7.3567028 ], [ 134.508972199999988, 7.356564 ], [ 134.5092316, 7.3563252 ], [ 134.509445199999988, 7.3561001 ], [ 134.5095978, 7.355875 ], [ 134.5097656, 7.3556528 ], [ 134.509903, 7.3555141 ], [ 134.5102387, 7.3552222 ] ] } },
{ "type": "Feature", "properties": { "RCID": 3732, "PRIM": 2, "GRUP": 2, "OBJL": 43, "RVER": 1, "AGEN": 550, "FIDN": 69383030, "FIDS": 9, "LNAM": "02260422B3760009", "LNAM_REFS": null, "FFPT_RIND": null, "VALDCO": 5.0, "VERDAT": null, "INFORM": null, "NINFOM": null, "NTXTDS": null, "SCAMAX": null, "SCAMIN": 44999, "TXTDSC": null, "RECDAT": null, "RECIND": null, "SORDAT": null, "SORIND": null, "hypcat": null, "_enc_cell": "US4TB3P0" }, "geometry": { "type": "LineString", "coordinates": [ [ 134.5120087, 7.3471918 ], [ 134.512146, 7.3471918 ], [ 134.512344399999989, 7.3471918 ], [ 134.512451199999987, 7.3471804 ], [ 134.5125732, 7.347147 ], [ 134.5126495, 7.3471055 ], [ 134.5127258, 7.3470473 ], [ 134.5128326, 7.3469057 ], [ 134.5128479, 7.3468556 ], [ 134.5128632, 7.3468056 ], [ 134.5128784, 7.3466749 ], [ 134.5128784, 7.3466139 ], [ 134.5128632, 7.3465724 ], [ 134.512817399999989, 7.3465028 ], [ 134.5127258, 7.3464751 ], [ 134.51266480000001, 7.3464584 ], [ 134.5126343, 7.3464584 ], [ 134.512542700000012, 7.3464499 ], [ 134.5125275, 7.346447 ] ] } },
{ "type": "Feature", "properties": { "RCID": 3734, "PRIM": 2, "GRUP": 2, "OBJL": 43, "RVER": 1, "AGEN": 550, "FIDN": 283097574, "FIDS": 9, "LNAM": "022610DFB9E60009", "LNAM_REFS": null, "FFPT_RIND": null, "VALDCO": 30.0, "VERDAT": null, "INFORM": null, "NINFOM": null, "NTXTDS": null, "SCAMAX": null, "SCAMIN": 89999, "TXTDSC": null, "RECDAT": null, "RECIND": null, "SORDAT": null, "SORIND": null, "hypcat": null, "_enc_cell": "US4TB3P0" }, "geometry": { "type": "LineString", "coordinates": [ [ 134.5152283, 7.2996554 ], [ 134.51519780000001, 7.2995777 ], [ 134.51506040000001, 7.2993445 ], [ 134.5150299, 7.2992334 ], [ 134.5150299, 7.2991362 ], [ 134.5150147, 7.299078 ], [ 134.5149994, 7.2989526 ], [ 134.5149994, 7.2986693 ], [ 134.5149841, 7.2985973 ], [ 134.514968900000014, 7.2985058 ], [ 134.5149384, 7.2984085 ], [ 134.5148773, 7.2983446 ], [ 134.5147705, 7.2983251 ], [ 134.514602700000012, 7.2983251 ], [ 134.5144043, 7.298336 ], [ 134.5143127, 7.2983637 ], [ 134.51423650000001, 7.2984276 ], [ 134.5141602, 7.2986026 ], [ 134.51409910000001, 7.2986612 ], [ 134.5140686, 7.2986999 ], [ 134.513992300000012, 7.2987194 ], [ 134.513885499999986, 7.2986999 ], [ 134.513794, 7.2986665 ], [ 134.5136566, 7.2985973 ], [ 134.51362610000001, 7.2985554 ], [ 134.5135803, 7.298461 ], [ 134.513519300000013, 7.2983332 ], [ 134.5134735, 7.2976999 ], [ 134.513443, 7.2974529 ], [ 134.5134277, 7.2971916 ], [ 134.5134888, 7.2967806 ], [ 134.51362610000001, 7.2966166 ], [ 134.5136566, 7.2965999 ], [ 134.5136871, 7.2965694 ], [ 134.5138092, 7.2965169 ], [ 134.513916, 7.2966499 ], [ 134.5139465, 7.2967668 ], [ 134.5139465, 7.2968502 ], [ 134.513992300000012, 7.2969418 ], [ 134.5140686, 7.2970085 ], [ 134.5141754, 7.2970581 ], [ 134.5143127, 7.2971001 ], [ 134.514465300000012, 7.2971001 ], [ 134.514602700000012, 7.2970777 ], [ 134.514724699999988, 7.2970223 ], [ 134.5147858, 7.2969666 ], [ 134.5148163, 7.296936 ], [ 134.5148926, 7.2968278 ], [ 134.5148926, 7.2965527 ], [ 134.514862099999988, 7.2964363 ], [ 134.5148163, 7.2964029 ], [ 134.5147858, 7.2963805 ], [ 134.51474, 7.2963557 ], [ 134.5146332, 7.2962971 ], [ 134.5145111, 7.2961721 ], [ 134.5144196, 7.2960277 ], [ 134.5144043, 7.2959919 ], [ 134.5142975, 7.295825 ], [ 134.514267, 7.2957416 ], [ 134.514267, 7.2957249 ], [ 134.51423650000001, 7.2956834 ], [ 134.5142212, 7.2956362 ], [ 134.51423650000001, 7.2955613 ], [ 134.514251699999988, 7.2955446 ], [ 134.5142975, 7.2955084 ], [ 134.514358499999986, 7.2954974 ], [ 134.514480600000013, 7.2955084 ], [ 134.5147705, 7.2955637 ], [ 134.5148773, 7.2955637 ], [ 134.5149231, 7.2955499 ], [ 134.514953600000013, 7.2955279 ], [ 134.5150452, 7.2954474 ], [ 134.5151215, 7.2953444 ], [ 134.5151825, 7.2951665 ], [ 134.515213, 7.2950196 ], [ 134.51519780000001, 7.294672 ], [ 134.51519780000001, 7.2943249 ], [ 134.5152283, 7.2941527 ], [ 134.515335099999987, 7.2940111 ], [ 134.515457199999986, 7.2939749 ], [ 134.5155792, 7.2940779 ], [ 134.515625, 7.2942138 ], [ 134.515625, 7.2949224 ] ] } },
{ "type": "Feature", "properties": { "RCID": 3735, "PRIM": 2, "GRUP": 2, "OBJL": 43, "RVER": 1, "AGEN": 550, "FIDN": 580559251, "FIDS": 9, "LNAM": "0226229AA1930009", "LNAM_REFS": null, "FFPT_RIND": null, "VALDCO": 30.0, "VERDAT": null, "INFORM": null, "NINFOM": null, "NTXTDS": null, "SCAMAX": null, "SCAMIN": 89999, "TXTDSC": null, "RECDAT": null, "RECIND": null, "SORDAT": null, "SORIND": null, "hypcat": null, "_enc_cell": "US4TB3P0" }, "geometry": { "type": "LineString", "coordinates": [ [ 134.517395, 7.3391275 ], [ 134.5170746, 7.3393889 ], [ 134.5169678, 7.3395391 ], [ 134.516861, 7.3397803 ], [ 134.5168152, 7.3398609 ], [ 134.5167084, 7.3400416 ], [ 134.5166168, 7.3403196 ], [ 134.516571, 7.3405972 ], [ 134.5166168, 7.3408585 ], [ 134.516647299999988, 7.3410835 ], [ 134.516662599999989, 7.3413806 ], [ 134.51663210000001, 7.3415999 ], [ 134.51663210000001, 7.3416057 ], [ 134.51663210000001, 7.3416419 ], [ 134.516571, 7.3417888 ] ] } },
{ "type": "Feature", "properties": { "RCID": 3736, "PRIM": 2, "GRUP": 2, "OBJL": 43, "RVER": 1, "AGEN": 550, "FIDN": 977668257, "FIDS": 9, "LNAM": "02263A4608A10009", "LNAM_REFS": null, "FFPT_RIND": null, "VALDCO": 10.0, "VERDAT": null, "INFORM": null, "NINFOM": null, "NTXTDS": null, "SCAMAX": null, "SCAMIN": 44999, "TXTDSC": null, "RECDAT": null, "RECIND": null, "SORDAT": null, "SORIND": null, "hypcat": null, "_enc_cell": "US4TB3P0" }, "geometry": { "type": "LineString", "coordinates": [ [ 134.5164337, 7.3089166 ], [ 134.5164948, 7.3089914 ], [ 134.5166779, 7.3090749 ], [ 134.5168457, 7.3091192 ], [ 134.517013600000013, 7.3090696 ], [ 134.5171509, 7.3088722 ], [ 134.5173035, 7.3087444 ], [ 134.5174255, 7.3087053 ], [ 134.5175629, 7.3087111 ], [ 134.5177155, 7.3087859 ], [ 134.517837500000013, 7.3088803 ], [ 134.517868, 7.3089695 ], [ 134.517837500000013, 7.309186 ], [ 134.517807, 7.3093391 ] ] } },
{ "type": "Feature", "properties": { "RCID": 3738, "PRIM": 2, "GRUP": 2, "OBJL": 43, "RVER": 1, "AGEN": 550, "FIDN": 152864168, "FIDS": 9, "LNAM": "0226091C85A80009", "LNAM_REFS": null, "FFPT_RIND": null, "VALDCO": 20.0, "VERDAT": null, "INFORM": null, "NINFOM": null, "NTXTDS": null, "SCAMAX": null, "SCAMIN": 44999, "TXTDSC": null, "RECDAT": null, "RECIND": null, "SORDAT": null, "SORIND": null, "hypcat": null, "_enc_cell": "US4TB3P0" }, "geometry": { "type": "LineString", "coordinates": [ [ 134.5162048, 7.3489776 ], [ 134.516281099999986, 7.3488584 ], [ 134.5164948, 7.3487611 ], [ 134.517013600000013, 7.3486724 ], [ 134.5172119, 7.348661 ], [ 134.5174255, 7.348661 ], [ 134.5176544, 7.3487001 ], [ 134.517837500000013, 7.3487611 ], [ 134.5181122, 7.3488193 ], [ 134.5184174, 7.3488112 ], [ 134.5185089, 7.3487887 ], [ 134.5185852, 7.3486724 ], [ 134.518631, 7.3484917 ], [ 134.5186157, 7.3483138 ], [ 134.5186005, 7.348125 ] ] } },
{ "type": "Feature", "properties": { "RCID": 3739, "PRIM": 2, "GRUP": 2, "OBJL": 43, "RVER": 1, "AGEN": 550, "FIDN": 584479269, "FIDS": 9, "LNAM": "022622D672250009", "LNAM_REFS": null, "FFPT_RIND": null, "VALDCO": 30.0, "VERDAT": null, "INFORM": null, "NINFOM": null, "NTXTDS": null, "SCAMAX": null, "SCAMIN": 89999, "TXTDSC": null, "RECDAT": null, "RECIND": null, "SORDAT": null, "SORIND": null, "hypcat": null, "_enc_cell": "US4TB3P0" }, "geometry": { "type": "LineString", "coordinates": [ [ 134.5190735, 7.289753 ], [ 134.518920900000012, 7.2896752 ], [ 134.5187378, 7.2896695 ], [ 134.5184021, 7.2896304 ], [ 134.518158, 7.2896223 ], [ 134.517959600000012, 7.2896304 ], [ 134.5176392, 7.2897224 ], [ 134.517349200000012, 7.2898054 ], [ 134.517135599999989, 7.2899222 ], [ 134.516922, 7.2900224 ] ] } },
{ "type": "Feature", "properties": { "RCID": 3740, "PRIM": 2, "GRUP": 2, "OBJL": 43, "RVER": 1, "AGEN": 550, "FIDN": 785570351, "FIDS": 9, "LNAM": "02262ED2DA2F0009", "LNAM_REFS": null, "FFPT_RIND": null, "VALDCO": 30.0, "VERDAT": null, "INFORM": null, "NINFOM": null, "NTXTDS": null, "SCAMAX": null, "SCAMIN": 89999, "TXTDSC": null, "RECDAT": null, "RECIND": null, "SORDAT": null, "SORIND": null, "hypcat": null, "_enc_cell": "US4TB3P0" }, "geometry": { "type": "LineString", "coordinates": [ [ 134.5203095, 7.3419056 ], [ 134.520370500000013, 7.3418222 ], [ 134.520401, 7.3417335 ], [ 134.5204163, 7.3416252 ], [ 134.5204315, 7.3415055 ], [ 134.5204315, 7.3412137 ] ] } },
{ "type": "Feature", "properties": { "RCID": 3741, "PRIM": 2, "GRUP": 2, "OBJL": 43, "RVER": 1, "AGEN": 550, "FIDN": 367967603, "FIDS": 9, "LNAM": "022615EEBD730009", "LNAM_REFS": null, "FFPT_RIND": null, "VALDCO": 5.0, "VERDAT": null, "INFORM": null, "NINFOM": null, "NTXTDS": null, "SCAMAX": null, "SCAMIN": 44999, "TXTDSC": null, "RECDAT": null, "RECIND": null, "SORDAT": null, "SORIND": null, "hypcat": null, "_enc_cell": "US4TB3P0" }, "geometry": { "type": "LineString", "coordinates": [ [ 134.5210724, 7.3452082 ], [ 134.5209808, 7.3449807 ], [ 134.5209198, 7.344861 ], [ 134.520858800000013, 7.3447919 ], [ 134.520752, 7.3447223 ], [ 134.5206604, 7.3446722 ], [ 134.5205689, 7.3446527 ], [ 134.5204315, 7.3446641 ], [ 134.5202789, 7.3447223 ], [ 134.5201874, 7.3448029 ], [ 134.520141599999988, 7.3449307 ], [ 134.520126299999987, 7.3450999 ], [ 134.5201111, 7.3452473 ], [ 134.5200653, 7.345386 ], [ 134.520019499999989, 7.3454971 ] ] } },
{ "type": "Feature", "properties": { "RCID": 3742, "PRIM": 2, "GRUP": 2, "OBJL": 43, "RVER": 1, "AGEN": 550, "FIDN": 350012679, "FIDS": 9, "LNAM": "022614DCC5070009", "LNAM_REFS": null, "FFPT_RIND": null, "VALDCO": 5.0, "VERDAT": null, "INFORM": null, "NINFOM": null, "NTXTDS": null, "SCAMAX": null, "SCAMIN": 44999, "TXTDSC": null, "RECDAT": null, "RECIND": null, "SORDAT": null, "SORIND": null, "hypcat": null, "_enc_cell": "US4TB3P0" }, "geometry": { "type": "LineString", "coordinates": [ [ 134.517349200000012, 7.2920694 ], [ 134.517334, 7.2920446 ], [ 134.517273, 7.2919526 ], [ 134.517257699999988, 7.291853 ], [ 134.5172272, 7.2916613 ], [ 134.5172272, 7.2913942 ], [ 134.5172119, 7.291286 ], [ 134.5171967, 7.2911553 ], [ 134.517257699999988, 7.2910276 ], [ 134.517349200000012, 7.2909193 ], [ 134.517471300000011, 7.2908554 ], [ 134.5176544, 7.2908363 ], [ 134.5177612, 7.2908721 ], [ 134.5178223, 7.2909474 ], [ 134.5179138, 7.2910361 ], [ 134.5180359, 7.2910914 ], [ 134.5181274, 7.2910914 ], [ 134.5182648, 7.2910833 ], [ 134.518432600000011, 7.2910471 ], [ 134.51857, 7.2910194 ], [ 134.5186768, 7.2909751 ], [ 134.5187683, 7.2909193 ], [ 134.518905600000011, 7.2908473 ], [ 134.5190125, 7.2907529 ], [ 134.519058199999989, 7.2906804 ], [ 134.5192566, 7.2904415 ], [ 134.5193176, 7.2903585 ], [ 134.519393900000011, 7.2901778 ], [ 134.5194702, 7.2901139 ], [ 134.5195923, 7.2900777 ], [ 134.519775399999986, 7.2900391 ], [ 134.519928, 7.29005 ], [ 134.5200348, 7.290103 ], [ 134.520156899999989, 7.2902141 ], [ 134.5201721, 7.290225 ], [ 134.520263699999987, 7.2902584 ], [ 134.5204163, 7.2902584 ], [ 134.5205689, 7.2902498 ], [ 134.5206909, 7.2901945 ], [ 134.5208283, 7.2901306 ], [ 134.520874, 7.2900777 ], [ 134.5209351, 7.2899833 ], [ 134.5211334, 7.2898555 ], [ 134.5212555, 7.2898192 ], [ 134.5213928, 7.2897749 ], [ 134.5215607, 7.2897277 ], [ 134.521698, 7.2896638 ], [ 134.521804800000012, 7.2895918 ], [ 134.52211, 7.2894363 ], [ 134.5223541, 7.2893443 ], [ 134.5225067, 7.2892776 ], [ 134.5225983, 7.2892056 ], [ 134.522781400000014, 7.2891336 ], [ 134.522934, 7.2890306 ], [ 134.523025499999989, 7.28895 ], [ 134.523147599999987, 7.2888751 ], [ 134.523361200000011, 7.2888417 ], [ 134.5234528, 7.2887945 ], [ 134.5234833, 7.2887859 ] ] } },
{ "type": "Feature", "properties": { "RCID": 3743, "PRIM": 2, "GRUP": 2, "OBJL": 43, "RVER": 1, "AGEN": 550, "FIDN": 170172109, "FIDS": 9, "LNAM": "02260A249ECD0009", "LNAM_REFS": null, "FFPT_RIND": null, "VALDCO": 20.0, "VERDAT": null, "INFORM": null, "NINFOM": null, "NTXTDS": null, "SCAMAX": null, "SCAMIN": 44999, "TXTDSC": null, "RECDAT": null, "RECIND": null, "SORDAT": null, "SORIND": null, "hypcat": null, "_enc_cell": "US4TB3P0" }, "geometry": { "type": "LineString", "coordinates": [ [ 134.5240784, 7.3345614 ], [ 134.523864800000013, 7.3346334 ], [ 134.5234375, 7.3348475 ], [ 134.5231934, 7.3348999 ], [ 134.522934, 7.3348475 ], [ 134.5228119, 7.33465 ], [ 134.5227509, 7.3344889 ], [ 134.522781400000014, 7.3342557 ], [ 134.5229797, 7.3340221 ], [ 134.5231934, 7.33395 ], [ 134.5233917, 7.3339334 ], [ 134.5235748, 7.3338447 ] ] } },
{ "type": "Feature", "properties": { "RCID": 3744, "PRIM": 2, "GRUP": 2, "OBJL": 43, "RVER": 1, "AGEN": 550, "FIDN": 174993828, "FIDS": 9, "LNAM": "02260A6E31A40009", "LNAM_REFS": null, "FFPT_RIND": null, "VALDCO": 30.0, "VERDAT": null, "INFORM": null, "NINFOM": null, "NTXTDS": null, "SCAMAX": null, "SCAMIN": 89999, "TXTDSC": null, "RECDAT": null, "RECIND": null, "SORDAT": null, "SORIND": null, "hypcat": null, "_enc_cell": "US4TB3P0" }, "geometry": { "type": "LineString", "coordinates": [ [ 134.524810800000012, 7.2745166 ], [ 134.524597199999988, 7.2746306 ], [ 134.524394199999989, 7.2747095 ], [ 134.5242615, 7.2747612 ], [ 134.524108899999987, 7.2747779 ], [ 134.52383420000001, 7.2747612 ], [ 134.5236816, 7.2746806 ], [ 134.5235596, 7.2745333 ], [ 134.523498499999988, 7.2743249 ], [ 134.5235443, 7.2740336 ], [ 134.523635899999988, 7.2738528 ], [ 134.5238037, 7.2736917 ], [ 134.5239072, 7.2735937 ], [ 134.5239563, 7.2735472 ] ] } },
{ "type": "Feature", "properties": { "RCID": 3745, "PRIM": 2, "GRUP": 2, "OBJL": 43, "RVER": 1, "AGEN": 550, "FIDN": 513504140, "FIDS": 9, "LNAM": "02261E9B738C0009", "LNAM_REFS": null, "FFPT_RIND": null, "VALDCO": 5.0, "VERDAT": null, "INFORM": null, "NINFOM": null, "NTXTDS": null, "SCAMAX": null, "SCAMIN": 44999, "TXTDSC": null, "RECDAT": null, "RECIND": null, "SORDAT": null, "SORIND": null, "hypcat": null, "_enc_cell": "US4TB3P0" }, "geometry": { "type": "LineString", "coordinates": [ [ 134.523864800000013, 7.3487611 ], [ 134.5240021, 7.3487611 ], [ 134.5241394, 7.3487697 ], [ 134.524337800000012, 7.3487887 ], [ 134.5245209, 7.3488193 ], [ 134.524704, 7.3488693 ], [ 134.524826100000013, 7.3489084 ], [ 134.5248871, 7.3489695 ], [ 134.525054899999986, 7.3491168 ], [ 134.525116, 7.3491778 ], [ 134.525283800000011, 7.3492556 ], [ 134.5253754, 7.3492861 ], [ 134.525543199999987, 7.3492861 ] ] } },
{ "type": "Feature", "properties": { "RCID": 3746, "PRIM": 2, "GRUP": 2, "OBJL": 43, "RVER": 1, "AGEN": 550, "FIDN": 196225382, "FIDS": 9, "LNAM": "02260BB229660009", "LNAM_REFS": null, "FFPT_RIND": null, "VALDCO": 5.0, "VERDAT": null, "INFORM": null, "NINFOM": null, "NTXTDS": null, "SCAMAX": null, "SCAMIN": 44999, "TXTDSC": null, "RECDAT": null, "RECIND": null, "SORDAT": null, "SORIND": null, "hypcat": null, "_enc_cell": "US4TB3P0" }, "geometry": { "type": "LineString", "coordinates": [ [ 134.5264435, 7.2867193 ], [ 134.526260400000012, 7.2866998 ], [ 134.5259552, 7.2867556 ], [ 134.525756800000011, 7.2868695 ], [ 134.5256348, 7.2871056 ], [ 134.5255737, 7.2872028 ] ] } },
{ "type": "Feature", "properties": { "RCID": 3748, "PRIM": 2, "GRUP": 2, "OBJL": 43, "RVER": 1, "AGEN": 550, "FIDN": 141760679, "FIDS": 9, "LNAM": "0226087318A70009", "LNAM_REFS": null, "FFPT_RIND": null, "VALDCO": 20.0, "VERDAT": null, "INFORM": null, "NINFOM": null, "NTXTDS": null, "SCAMAX": null, "SCAMIN": 44999, "TXTDSC": null, "RECDAT": null, "RECIND": null, "SORDAT": null, "SORIND": null, "hypcat": null, "_enc_cell": "US4TB3P0" }, "geometry": { "type": "LineString", "coordinates": [ [ 134.526001, 7.3345833 ], [ 134.5261841, 7.3343835 ], [ 134.5264282, 7.3342056 ], [ 134.5266876, 7.3340249 ], [ 134.526787899999988, 7.3339631 ], [ 134.527114899999987, 7.3337612 ], [ 134.5273743, 7.3337612 ], [ 134.5279236, 7.3337526 ], [ 134.5285797, 7.3338194 ], [ 134.528671300000013, 7.3338361 ], [ 134.5288239, 7.333889 ], [ 134.5289764, 7.3339305 ], [ 134.529144300000013, 7.334003 ], [ 134.52925110000001, 7.3340554 ], [ 134.5293732, 7.3341084 ], [ 134.5294495, 7.3342471 ], [ 134.52948, 7.3343945 ], [ 134.529495200000014, 7.3345304 ], [ 134.5294647, 7.3346558 ], [ 134.529388399999988, 7.334836 ], [ 134.529266400000012, 7.3349609 ], [ 134.5291748, 7.3350248 ], [ 134.5289764, 7.3350444 ], [ 134.528244, 7.3350864 ], [ 134.5279846, 7.3351307 ], [ 134.5277405, 7.3351388 ], [ 134.527465799999987, 7.3351388 ], [ 134.5272522, 7.3351612 ] ] } },
{ "type": "Feature", "properties": { "RCID": 3751, "PRIM": 2, "GRUP": 2, "OBJL": 43, "RVER": 1, "AGEN": 550, "FIDN": 662680177, "FIDS": 9, "LNAM": "0226277FB2710009", "LNAM_REFS": null, "FFPT_RIND": null, "VALDCO": 20.0, "VERDAT": null, "INFORM": null, "NINFOM": null, "NTXTDS": null, "SCAMAX": null, "SCAMIN": 44999, "TXTDSC": null, "RECDAT": null, "RECIND": null, "SORDAT": null, "SORIND": null, "hypcat": null, "_enc_cell": "US4TB3P0" }, "geometry": { "type": "LineString", "coordinates": [ [ 134.5311432, 7.2743721 ], [ 134.5311585, 7.2739472 ], [ 134.5312195, 7.2736139 ], [ 134.531326299999989, 7.2732806 ], [ 134.531539900000013, 7.2728915 ], [ 134.5318298, 7.272686 ], [ 134.5322113, 7.2724834 ], [ 134.5325623, 7.2721696 ], [ 134.53274540000001, 7.2718916 ], [ 134.5328217, 7.2714834 ], [ 134.5329132, 7.2711225 ], [ 134.532959, 7.2710223 ], [ 134.5330811, 7.2708974 ], [ 134.5332794, 7.2707362 ], [ 134.5334015, 7.2706471 ], [ 134.5335388, 7.2705917 ], [ 134.533569300000011, 7.2705889 ], [ 134.5339966, 7.2707 ] ] } },
{ "type": "Feature", "properties": { "RCID": 3752, "PRIM": 2, "GRUP": 2, "OBJL": 43, "RVER": 1, "AGEN": 550, "FIDN": 145335205, "FIDS": 9, "LNAM": "022608A9A3A50009", "LNAM_REFS": null, "FFPT_RIND": null, "VALDCO": 20.0, "VERDAT": null, "INFORM": null, "NINFOM": null, "NTXTDS": null, "SCAMAX": null, "SCAMIN": 44999, "TXTDSC": null, "RECDAT": null, "RECIND": null, "SORDAT": null, "SORIND": null, "hypcat": null, "_enc_cell": "US4TB3P0" }, "geometry": { "type": "LineString", "coordinates": [ [ 134.5365601, 7.2950807 ], [ 134.5364227, 7.2946863 ], [ 134.5360107, 7.2943416 ], [ 134.5357361, 7.2941418 ], [ 134.5354309, 7.2939415 ], [ 134.5349579, 7.2939415 ], [ 134.5346222, 7.2941694 ], [ 134.5343628, 7.2946529 ], [ 134.533966099999986, 7.2955165 ], [ 134.533905, 7.2956805 ], [ 134.5338898, 7.2958446 ], [ 134.5339203, 7.2959805 ], [ 134.5339966, 7.2960973 ], [ 134.534072900000012, 7.2961693 ], [ 134.5341492, 7.2962084 ], [ 134.5343475, 7.296361 ], [ 134.5344849, 7.2965083 ], [ 134.5346069, 7.2967529 ], [ 134.534820599999989, 7.2969446 ], [ 134.5351105, 7.2971196 ], [ 134.535293599999989, 7.2971444 ], [ 134.535644499999989, 7.2971196 ], [ 134.535873400000014, 7.2970557 ], [ 134.5361786, 7.2968807 ], [ 134.5364227, 7.2966166 ], [ 134.5365143, 7.2962723 ], [ 134.5365143, 7.2958169 ], [ 134.5365601, 7.2950807 ] ] } },
{ "type": "Feature", "properties": { "RCID": 3753, "PRIM": 2, "GRUP": 2, "OBJL": 43, "RVER": 1, "AGEN": 550, "FIDN": 423391635, "FIDS": 9, "LNAM": "0226193C71930009", "LNAM_REFS": null, "FFPT_RIND": null, "VALDCO": 50.0, "VERDAT": null, "INFORM": null, "NINFOM": null, "NTXTDS": null, "SCAMAX": null, "SCAMIN": 44999, "TXTDSC": null, "RECDAT": null, "RECIND": null, "SORDAT": null, "SORIND": null, "hypcat": null, "_enc_cell": "US4TB3P0" }, "geometry": { "type": "LineString", "coordinates": [ [ 134.527359, 7.3080668 ], [ 134.5274353, 7.3078694 ], [ 134.5274963, 7.3075333 ], [ 134.527572600000013, 7.3068585 ], [ 134.5277405, 7.3062139 ], [ 134.527969399999989, 7.3057919 ], [ 134.5283966, 7.3055387 ], [ 134.528930699999989, 7.3054557 ], [ 134.5293274, 7.3054557 ], [ 134.5300598, 7.3055387 ], [ 134.5305023, 7.3057637 ], [ 134.5308991, 7.3062139 ], [ 134.5310059, 7.3068862 ], [ 134.5311279, 7.3074474 ], [ 134.531433099999987, 7.3078418 ], [ 134.5317078, 7.3078971 ], [ 134.5322266, 7.3079252 ], [ 134.532760599999989, 7.3080945 ], [ 134.533096300000011, 7.3082638 ], [ 134.533477799999986, 7.308486 ], [ 134.5340118, 7.3086276 ], [ 134.534545900000012, 7.3086557 ], [ 134.534912100000014, 7.3086276 ], [ 134.535507200000012, 7.308486 ], [ 134.5359039, 7.3084583 ], [ 134.5363007, 7.3084583 ], [ 134.536743199999989, 7.3085723 ], [ 134.53706360000001, 7.3087974 ], [ 134.5374146, 7.3092165 ], [ 134.5378723, 7.3097806 ], [ 134.538177499999989, 7.3102002 ], [ 134.5384369, 7.310678 ], [ 134.5385437, 7.3108277 ], [ 134.5384674, 7.3110361 ], [ 134.537918100000013, 7.3112474 ], [ 134.5376129, 7.3113527 ], [ 134.5372315, 7.3113527 ], [ 134.5363159, 7.311378 ], [ 134.535995500000013, 7.3113999 ], [ 134.5357361, 7.3114362 ], [ 134.53508, 7.3114471 ], [ 134.5348969, 7.3115416 ], [ 134.5346375, 7.3117085 ], [ 134.534332299999988, 7.3119416 ], [ 134.5340881, 7.3121805 ], [ 134.5340118, 7.3122501 ], [ 134.5338745, 7.3123665 ], [ 134.533584600000012, 7.3124752 ] ] } },
{ "type": "Feature", "properties": { "RCID": 3754, "PRIM": 2, "GRUP": 2, "OBJL": 43, "RVER": 1, "AGEN": 550, "FIDN": 790696739, "FIDS": 9, "LNAM": "02262F2113230009", "LNAM_REFS": null, "FFPT_RIND": null, "VALDCO": 20.0, "VERDAT": null, "INFORM": null, "NINFOM": null, "NTXTDS": null, "SCAMAX": null, "SCAMIN": 44999, "TXTDSC": null, "RECDAT": null, "RECIND": null, "SORDAT": null, "SORIND": null, "hypcat": null, "_enc_cell": "US4TB3P0" }, "geometry": { "type": "LineString", "coordinates": [ [ 134.5402679, 7.2717557 ], [ 134.5404968, 7.2717166 ], [ 134.5406342, 7.2717557 ], [ 134.5407715, 7.2718864 ], [ 134.540802, 7.2719889 ], [ 134.5408325, 7.2721834 ], [ 134.5408325, 7.272336 ], [ 134.5407257, 7.2725444 ], [ 134.540573099999989, 7.2726808 ], [ 134.5403595, 7.2727084 ], [ 134.5401917, 7.2726359 ], [ 134.5400391, 7.2725387 ], [ 134.539978, 7.2724137 ], [ 134.539947500000011, 7.2722306 ], [ 134.5400085, 7.2720084 ], [ 134.540084799999988, 7.2718668 ], [ 134.5402679, 7.2717557 ] ] } },
{ "type": "Feature", "properties": { "RCID": 3755, "PRIM": 2, "GRUP": 2, "OBJL": 43, "RVER": 1, "AGEN": 550, "FIDN": 679337670, "FIDS": 9, "LNAM": "0226287DDEC60009", "LNAM_REFS": null, "FFPT_RIND": null, "VALDCO": 20.0, "VERDAT": null, "INFORM": null, "NINFOM": null, "NTXTDS": null, "SCAMAX": null, "SCAMIN": 44999, "TXTDSC": null, "RECDAT": null, "RECIND": null, "SORDAT": null, "SORIND": null, "hypcat": null, "_enc_cell": "US4TB3P0" }, "geometry": { "type": "LineString", "coordinates": [ [ 134.5409699, 7.3162694 ], [ 134.5408936, 7.316103 ], [ 134.540741, 7.3158417 ], [ 134.540435800000012, 7.3154974 ], [ 134.540222199999988, 7.3152332 ], [ 134.5400238, 7.3150082 ], [ 134.5399085, 7.3148428 ], [ 134.5399017, 7.3148332 ], [ 134.539733899999987, 7.3146668 ], [ 134.53959660000001, 7.3145056 ], [ 134.539367700000014, 7.3142748 ], [ 134.5392761, 7.3141389 ], [ 134.5391846, 7.3139749 ], [ 134.539032, 7.3138056 ], [ 134.538879400000013, 7.313611 ], [ 134.53863530000001, 7.3132334 ], [ 134.53849790000001, 7.3129749 ], [ 134.5383453, 7.3128696 ], [ 134.5381928, 7.3128085 ], [ 134.5380096, 7.3127918 ], [ 134.5378418, 7.31285 ], [ 134.537735, 7.3129973 ], [ 134.537689199999988, 7.313211 ], [ 134.537735, 7.3134499 ], [ 134.5377502, 7.313478 ], [ 134.537811299999987, 7.3136334 ], [ 134.5379791, 7.313828 ], [ 134.538162199999988, 7.3140359 ], [ 134.5383148, 7.3142471 ], [ 134.5383759, 7.3143859 ], [ 134.5384776, 7.3144924 ], [ 134.53849790000001, 7.3145137 ], [ 134.5385742, 7.3146529 ], [ 134.5385895, 7.314847 ], [ 134.538559, 7.3151832 ], [ 134.5384827, 7.3153443 ], [ 134.538406400000014, 7.3154221 ], [ 134.538299599999988, 7.3155055 ], [ 134.538162199999988, 7.3155751 ], [ 134.5380096, 7.3156028 ], [ 134.5378571, 7.3156028 ], [ 134.5377197, 7.315589 ], [ 134.5375671, 7.3155332 ], [ 134.537429800000012, 7.315464 ], [ 134.5370941, 7.3153915 ], [ 134.5368652, 7.315311 ], [ 134.5367838, 7.3152563 ], [ 134.5366669, 7.3151779 ], [ 134.5364075, 7.3150334 ], [ 134.5361786, 7.314878 ], [ 134.5359497, 7.3146944 ], [ 134.5357361, 7.3144665 ], [ 134.5353394, 7.314261 ] ] } },
{ "type": "Feature", "properties": { "RCID": 3756, "PRIM": 2, "GRUP": 2, "OBJL": 43, "RVER": 1, "AGEN": 550, "FIDN": 809056726, "FIDS": 9, "LNAM": "0226303939D60009", "LNAM_REFS": null, "FFPT_RIND": null, "VALDCO": 30.0, "VERDAT": null, "INFORM": null, "NINFOM": null, "NTXTDS": null, "SCAMAX": null, "SCAMIN": 89999, "TXTDSC": null, "RECDAT": null, "RECIND": null, "SORDAT": null, "SORIND": null, "hypcat": null, "_enc_cell": "US4TB3P0" }, "geometry": { "type": "LineString", "coordinates": [ [ 134.5401917, 7.2879028 ], [ 134.5401306, 7.2880859 ], [ 134.5400926, 7.2882163 ], [ 134.5400543, 7.2883472 ], [ 134.540084799999988, 7.2886944 ], [ 134.5400238, 7.2893362 ], [ 134.5400543, 7.2896638 ], [ 134.540206899999987, 7.2898641 ], [ 134.54039, 7.290061 ], [ 134.54039, 7.2904058 ], [ 134.540313700000013, 7.2906528 ], [ 134.5401917, 7.2908835 ], [ 134.5401306, 7.2911472 ], [ 134.5401611, 7.2914915 ], [ 134.5402832, 7.291625 ], [ 134.5404663, 7.2916722 ], [ 134.540741, 7.2916722 ], [ 134.54103090000001, 7.2917223 ], [ 134.5413208, 7.2918863 ], [ 134.5414887, 7.2920361 ], [ 134.541656499999988, 7.2922835 ], [ 134.541671799999989, 7.2925944 ], [ 134.541671799999989, 7.2928085 ], [ 134.5417023, 7.2931223 ], [ 134.5418396, 7.2933359 ], [ 134.5419006, 7.2935333 ], [ 134.541870100000011, 7.2940779 ], [ 134.5419769, 7.294322 ], [ 134.5420685, 7.294539 ], [ 134.5420685, 7.2947526 ], [ 134.5418243, 7.2948666 ], [ 134.5417023, 7.2948666 ], [ 134.5414581, 7.2948332 ], [ 134.541168199999987, 7.294703 ], [ 134.540908800000011, 7.2944889 ], [ 134.5407715, 7.294322 ], [ 134.540573099999989, 7.2941251 ], [ 134.540313700000013, 7.2940779 ], [ 134.5400238, 7.2941585 ], [ 134.5397949, 7.2942915 ], [ 134.539474500000011, 7.2943082 ], [ 134.5392914, 7.2942581 ], [ 134.5391693, 7.2940278 ], [ 134.5392151, 7.293797 ], [ 134.5395203, 7.2935834 ], [ 134.5398865, 7.2934666 ], [ 134.5400391, 7.2933693 ], [ 134.5401611, 7.2930722 ], [ 134.5401459, 7.2926278 ], [ 134.5400238, 7.292397 ], [ 134.5398102, 7.2923307 ], [ 134.5393829, 7.2923641 ], [ 134.539001500000012, 7.2924972 ], [ 134.5386658, 7.2926445 ], [ 134.5384674, 7.2926612 ], [ 134.5379486, 7.2924137 ], [ 134.537689199999988, 7.2922669 ], [ 134.5373993, 7.2921 ], [ 134.5371399, 7.2921 ], [ 134.5368042, 7.2921166 ], [ 134.5365448, 7.2921834 ], [ 134.536377, 7.2921834 ], [ 134.5363007, 7.2920694 ], [ 134.5363007, 7.2919192 ], [ 134.5365143, 7.291739 ], [ 134.53671270000001, 7.2916889 ], [ 134.53685, 7.2915249 ], [ 134.5368652, 7.2913613 ], [ 134.53671270000001, 7.2911973 ], [ 134.536377, 7.2911806 ], [ 134.536239599999988, 7.2911639 ], [ 134.53610230000001, 7.2910805 ], [ 134.535980200000012, 7.2909331 ], [ 134.536026, 7.2907529 ], [ 134.5361786, 7.2906361 ], [ 134.536377, 7.290472 ], [ 134.5366058, 7.2902584 ], [ 134.536743199999989, 7.2899613 ], [ 134.5368195, 7.2895498 ], [ 134.53685, 7.2893195 ], [ 134.5366516, 7.2890058 ], [ 134.536438, 7.2889085 ], [ 134.536087, 7.2889085 ], [ 134.535781899999989, 7.2890225 ], [ 134.5355682, 7.2889419 ], [ 134.5355377, 7.2888084 ], [ 134.535522500000013, 7.2885613 ], [ 134.5357361, 7.2883472 ], [ 134.5360718, 7.2881026 ], [ 134.5362091, 7.2879696 ], [ 134.5363159, 7.2876887 ], [ 134.536346400000014, 7.2874446 ], [ 134.5364533, 7.2871971 ], [ 134.536590600000011, 7.2870474 ], [ 134.5368042, 7.2869167 ], [ 134.5370026, 7.2868834 ], [ 134.537262, 7.2868834 ], [ 134.5374756, 7.2869 ], [ 134.5375671, 7.2869973 ], [ 134.537918100000013, 7.2873945 ] ] } },
{ "type": "Feature", "properties": { "RCID": 3757, "PRIM": 2, "GRUP": 2, "OBJL": 43, "RVER": 1, "AGEN": 550, "FIDN": 542863062, "FIDS": 9, "LNAM": "0226205B6ED60009", "LNAM_REFS": null, "FFPT_RIND": null, "VALDCO": 50.0, "VERDAT": null, "INFORM": null, "NINFOM": null, "NTXTDS": null, "SCAMAX": null, "SCAMIN": 44999, "TXTDSC": null, "RECDAT": null, "RECIND": null, "SORDAT": null, "SORIND": null, "hypcat": null, "_enc_cell": "US4TB3P0" }, "geometry": { "type": "LineString", "coordinates": [ [ 134.5362701, 7.2994723 ], [ 134.53671270000001, 7.2995863 ], [ 134.5372315, 7.2997832 ], [ 134.5380096, 7.3000641 ], [ 134.5389099, 7.3004832 ], [ 134.539947500000011, 7.3008776 ], [ 134.5407715, 7.3013277 ], [ 134.5414429, 7.3018613 ], [ 134.5419006, 7.3023944 ], [ 134.5421753, 7.302814 ], [ 134.542602499999987, 7.3032637 ], [ 134.5431366, 7.3037138 ], [ 134.5432434, 7.3043585 ], [ 134.543045, 7.3049502 ], [ 134.542572, 7.3053141 ], [ 134.541870100000011, 7.3056221 ], [ 134.541046099999988, 7.3057361 ], [ 134.540435800000012, 7.3056221 ], [ 134.539749199999989, 7.3052583 ], [ 134.539505, 7.3048916 ], [ 134.5393372, 7.3046694 ], [ 134.5391083, 7.3044167 ], [ 134.538971, 7.304275 ], [ 134.5386047, 7.3040223 ], [ 134.5382385, 7.3037415 ], [ 134.5377808, 7.3034334 ], [ 134.5373688, 7.3030391 ], [ 134.5368042, 7.3026748 ], [ 134.536377, 7.3024778 ], [ 134.535995500000013, 7.3021417 ], [ 134.5357056, 7.3015499 ], [ 134.535644499999989, 7.3007946 ], [ 134.5355682, 7.3000641 ], [ 134.5357056, 7.2996693 ], [ 134.5362701, 7.2994723 ] ] } },
{ "type": "Feature", "properties": { "RCID": 3758, "PRIM": 2, "GRUP": 2, "OBJL": 43, "RVER": 1, "AGEN": 550, "FIDN": 164673281, "FIDS": 9, "LNAM": "022609D0B7010009", "LNAM_REFS": null, "FFPT_RIND": null, "VALDCO": 2.0, "VERDAT": null, "INFORM": null, "NINFOM": null, "NTXTDS": null, "SCAMAX": null, "SCAMIN": 44999, "TXTDSC": null, "RECDAT": null, "RECIND": null, "SORDAT": null, "SORIND": null, "hypcat": null, "_enc_cell": "US4TB3P0" }, "geometry": { "type": "LineString", "coordinates": [ [ 134.5430298, 7.2866945 ], [ 134.5428925, 7.286675 ], [ 134.5427856, 7.2865973 ], [ 134.5426788, 7.2864332 ], [ 134.542633099999989, 7.2862697 ], [ 134.5426788, 7.2860694 ], [ 134.5428009, 7.2859249 ], [ 134.542984, 7.2858777 ], [ 134.5432434, 7.2858582 ], [ 134.5434876, 7.2859197 ], [ 134.5436249, 7.2860889 ], [ 134.5436554, 7.2861166 ] ] } },
{ "type": "Feature", "properties": { "RCID": 3759, "PRIM": 2, "GRUP": 2, "OBJL": 43, "RVER": 1, "AGEN": 550, "FIDN": 76468415, "FIDS": 9, "LNAM": "0226048ED0BF0009", "LNAM_REFS": null, "FFPT_RIND": null, "VALDCO": 20.0, "VERDAT": null, "INFORM": null, "NINFOM": null, "NTXTDS": null, "SCAMAX": null, "SCAMIN": 44999, "TXTDSC": null, "RECDAT": null, "RECIND": null, "SORDAT": null, "SORIND": null, "hypcat": null, "_enc_cell": "US4TB3P0" }, "geometry": { "type": "LineString", "coordinates": [ [ 134.5442352, 7.300211 ], [ 134.5443573, 7.3004556 ], [ 134.5444641, 7.3007112 ], [ 134.5447083, 7.3008666 ], [ 134.545044, 7.3009529 ], [ 134.5454407, 7.3008194 ], [ 134.5456543, 7.3005443 ], [ 134.5458069, 7.300189 ], [ 134.545929, 7.2999473 ], [ 134.545974699999988, 7.299747 ] ] } },
{ "type": "Feature", "properties": { "RCID": 3760, "PRIM": 2, "GRUP": 2, "OBJL": 43, "RVER": 1, "AGEN": 550, "FIDN": 417975266, "FIDS": 9, "LNAM": "022618E9CBE20009", "LNAM_REFS": null, "FFPT_RIND": null, "VALDCO": 5.0, "VERDAT": null, "INFORM": null, "NINFOM": null, "NTXTDS": null, "SCAMAX": null, "SCAMIN": 44999, "TXTDSC": null, "RECDAT": null, "RECIND": null, "SORDAT": null, "SORIND": null, "hypcat": null, "_enc_cell": "US4TB3P0" }, "geometry": { "type": "LineString", "coordinates": [ [ 134.548599200000012, 7.2987752 ], [ 134.5488281, 7.2988362 ], [ 134.5489197, 7.2990637 ], [ 134.548996, 7.299253 ], [ 134.548996, 7.2995887 ], [ 134.5490112, 7.2998748 ], [ 134.5490723, 7.3000665 ], [ 134.549102799999986, 7.3003888 ], [ 134.5492706, 7.3008666 ], [ 134.54933170000001, 7.3011279 ], [ 134.5494385, 7.3014498 ], [ 134.549591099999986, 7.3016305 ], [ 134.5499115, 7.3019056 ], [ 134.550048800000013, 7.3019891 ], [ 134.5503388, 7.3020001 ], [ 134.5505676, 7.3018804 ], [ 134.550659200000013, 7.3017502 ], [ 134.550705, 7.3015695 ], [ 134.550766, 7.3012724 ], [ 134.550766, 7.3007474 ], [ 134.5507507, 7.300447 ], [ 134.5505981, 7.2998138 ], [ 134.5504913, 7.2994223 ], [ 134.550415, 7.2990971 ], [ 134.5503845, 7.2989306 ], [ 134.5503693, 7.2987166 ], [ 134.5503388, 7.2985139 ], [ 134.5503388, 7.2978697 ], [ 134.550354, 7.2976308 ], [ 134.550354, 7.2973666 ], [ 134.5503235, 7.2969251 ], [ 134.5502625, 7.2967444 ], [ 134.5502167, 7.296628 ], [ 134.5501404, 7.2965307 ], [ 134.549957299999988, 7.2963891 ], [ 134.54980470000001, 7.2963057 ], [ 134.5496368, 7.2962332 ], [ 134.54884340000001, 7.2959333 ], [ 134.5485535, 7.2957916 ], [ 134.5482178, 7.2956362 ], [ 134.5480042, 7.2955165 ], [ 134.5478363, 7.2954335 ], [ 134.5473938, 7.2953 ], [ 134.5471344, 7.2952776 ], [ 134.5469208, 7.295289 ], [ 134.546870899999988, 7.2953057 ], [ 134.5467377, 7.2953501 ], [ 134.546585099999987, 7.2954192 ], [ 134.54644780000001, 7.2954807 ], [ 134.5463562, 7.295589 ] ] } },
{ "type": "Feature", "properties": { "RCID": 3761, "PRIM": 2, "GRUP": 2, "OBJL": 43, "RVER": 1, "AGEN": 550, "FIDN": 426740853, "FIDS": 9, "LNAM": "0226196F8C750009", "LNAM_REFS": null, "FFPT_RIND": null, "VALDCO": 30.0, "VERDAT": null, "INFORM": null, "NINFOM": null, "NTXTDS": null, "SCAMAX": null, "SCAMIN": 89999, "TXTDSC": null, "RECDAT": null, "RECIND": null, "SORDAT": null, "SORIND": null, "hypcat": null, "_enc_cell": "US4TB3P0" }, "geometry": { "type": "LineString", "coordinates": [ [ 134.5405273, 7.2870975 ], [ 134.5406189, 7.2872887 ], [ 134.540908800000011, 7.2875805 ], [ 134.541153, 7.2878528 ], [ 134.5413361, 7.2880139 ], [ 134.541534399999989, 7.2881751 ], [ 134.5417328, 7.2883863 ], [ 134.5420685, 7.2886915 ], [ 134.542358400000012, 7.2889333 ], [ 134.5427551, 7.2891111 ], [ 134.5430298, 7.2891917 ], [ 134.543319700000012, 7.2892389 ], [ 134.5439453, 7.2894001 ], [ 134.544555699999989, 7.2896276 ], [ 134.5449219, 7.2898831 ], [ 134.545364400000011, 7.2901249 ], [ 134.5456848, 7.2903471 ], [ 134.5458069, 7.2904887 ], [ 134.5460663, 7.2907138 ], [ 134.546218900000014, 7.2908001 ], [ 134.5464783, 7.290978 ], [ 134.5467377, 7.2911081 ], [ 134.5469666, 7.2911553 ], [ 134.5471954, 7.2912278 ], [ 134.547531099999986, 7.291347 ], [ 134.5482178, 7.2916832 ], [ 134.54837040000001, 7.2919221 ], [ 134.548385599999989, 7.292089 ], [ 134.54837040000001, 7.2923641 ], [ 134.5482788, 7.2925777 ], [ 134.548141500000014, 7.2926612 ], [ 134.5478363, 7.2927804 ], [ 134.5475006, 7.2929363 ], [ 134.547164900000013, 7.2931862 ], [ 134.546951299999989, 7.2934499 ], [ 134.5468292, 7.293653 ], [ 134.546733, 7.2937895 ], [ 134.546676600000012, 7.2938695 ], [ 134.5465546, 7.2941446 ], [ 134.5465546, 7.2943444 ], [ 134.5466309, 7.2944417 ], [ 134.5467529, 7.2945972 ], [ 134.546811100000014, 7.2946476 ], [ 134.546875, 7.294703 ], [ 134.547164900000013, 7.294786 ], [ 134.5474548, 7.294786 ], [ 134.547775300000012, 7.2947388 ], [ 134.5479431, 7.2946696 ], [ 134.5480957, 7.2945361 ], [ 134.548233, 7.2943444 ], [ 134.5484314, 7.2941194 ], [ 134.5486603, 7.2938557 ], [ 134.54884340000001, 7.2935472 ], [ 134.548980699999987, 7.2933054 ], [ 134.549102799999986, 7.2930918 ], [ 134.5492859, 7.2928166 ], [ 134.5495453, 7.2925777 ], [ 134.5499268, 7.2923389 ], [ 134.5501251, 7.2922444 ], [ 134.5503998, 7.2921834 ], [ 134.550903299999987, 7.2922335 ], [ 134.5510864, 7.2922916 ], [ 134.5512848, 7.2923999 ], [ 134.5514526, 7.2925305 ], [ 134.55159, 7.292686 ], [ 134.551742600000011, 7.2928414 ], [ 134.5519257, 7.2930193 ], [ 134.5522614, 7.2932472 ], [ 134.5522919, 7.2932639 ], [ 134.5523224, 7.2933002 ], [ 134.5525208, 7.2934446 ], [ 134.5527496, 7.2936053 ] ] } },
{ "type": "Feature", "properties": { "RCID": 3762, "PRIM": 2, "GRUP": 2, "OBJL": 43, "RVER": 1, "AGEN": 550, "FIDN": 739063569, "FIDS": 9, "LNAM": "02262C0D37110009", "LNAM_REFS": null, "FFPT_RIND": null, "VALDCO": 30.0, "VERDAT": null, "INFORM": null, "NINFOM": null, "NTXTDS": null, "SCAMAX": null, "SCAMIN": 89999, "TXTDSC": null, "RECDAT": null, "RECIND": null, "SORDAT": null, "SORIND": null, "hypcat": null, "_enc_cell": "US4TB3P0" }, "geometry": { "type": "LineString", "coordinates": [ [ 134.5529938, 7.3044028 ], [ 134.5528717, 7.3041277 ], [ 134.5523834, 7.303936 ], [ 134.5521851, 7.3039026 ], [ 134.5518494, 7.3038554 ], [ 134.55172730000001, 7.3038054 ], [ 134.5515595, 7.3037109 ], [ 134.5514374, 7.3035975 ], [ 134.5514221, 7.3034029 ], [ 134.5515442, 7.3033557 ], [ 134.551864599999988, 7.3032751 ], [ 134.552124, 7.3031778 ], [ 134.5522919, 7.3029361 ], [ 134.5523071, 7.302711 ], [ 134.5521393, 7.3024221 ], [ 134.5518341, 7.3022752 ], [ 134.551620500000013, 7.3022752 ], [ 134.551406899999989, 7.3022919 ], [ 134.5512085, 7.3023558 ], [ 134.5510712, 7.3024221 ], [ 134.550918599999989, 7.3024693 ] ] } },
{ "type": "Feature", "properties": { "RCID": 3763, "PRIM": 2, "GRUP": 2, "OBJL": 43, "RVER": 1, "AGEN": 550, "FIDN": 319202792, "FIDS": 9, "LNAM": "02261306A5E80009", "LNAM_REFS": null, "FFPT_RIND": null, "VALDCO": 30.0, "VERDAT": null, "INFORM": null, "NINFOM": null, "NTXTDS": null, "SCAMAX": null, "SCAMIN": 89999, "TXTDSC": null, "RECDAT": null, "RECIND": null, "SORDAT": null, "SORIND": null, "hypcat": null, "_enc_cell": "US4TB3P0" }, "geometry": { "type": "LineString", "coordinates": [ [ 134.5529022, 7.3194223 ], [ 134.5528565, 7.3193417 ], [ 134.5527954, 7.3191638 ], [ 134.5528107, 7.3189778 ], [ 134.5528565, 7.3188086 ], [ 134.5529785, 7.3186641 ], [ 134.553070100000014, 7.3185887 ], [ 134.5532379, 7.3185139 ], [ 134.55336, 7.3185196 ], [ 134.553527800000012, 7.3185196 ], [ 134.5538483, 7.3185554 ], [ 134.5539551, 7.3186498 ], [ 134.5541077, 7.3187389 ], [ 134.554138200000011, 7.3187695 ], [ 134.5541687, 7.3188472 ], [ 134.5542297, 7.318964 ], [ 134.55426030000001, 7.3190751 ], [ 134.554306, 7.319211 ], [ 134.554382299999986, 7.3193054 ], [ 134.554519699999986, 7.3194084 ], [ 134.5546417, 7.3195391 ], [ 134.5546417, 7.3196888 ], [ 134.554596, 7.3198528 ], [ 134.554504400000013, 7.3199415 ], [ 134.554489100000012, 7.3199472 ], [ 134.554382299999986, 7.3200026 ], [ 134.5543518, 7.3200111 ], [ 134.5542908, 7.3200307 ], [ 134.5541992, 7.3200526 ], [ 134.5540619, 7.3200641 ], [ 134.5539551, 7.3200641 ], [ 134.5538788, 7.3200445 ], [ 134.553802499999989, 7.3200169 ], [ 134.5537109, 7.3199554 ], [ 134.553527800000012, 7.3197694 ], [ 134.5534668, 7.3197165 ], [ 134.5533752, 7.3196611 ], [ 134.5532532, 7.319622 ], [ 134.5531158, 7.3195863 ], [ 134.552948, 7.3195138 ], [ 134.5529022, 7.3194223 ] ] } },
{ "type": "Feature", "properties": { "RCID": 3764, "PRIM": 2, "GRUP": 2, "OBJL": 43, "RVER": 1, "AGEN": 550, "FIDN": 475199297, "FIDS": 9, "LNAM": "02261C52F7410009", "LNAM_REFS": null, "FFPT_RIND": null, "VALDCO": 30.0, "VERDAT": null, "INFORM": null, "NINFOM": null, "NTXTDS": null, "SCAMAX": null, "SCAMIN": 89999, "TXTDSC": null, "RECDAT": null, "RECIND": null, "SORDAT": null, "SORIND": null, "hypcat": null, "_enc_cell": "US4TB3P0" }, "geometry": { "type": "LineString", "coordinates": [ [ 134.5539398, 7.3032279 ], [ 134.554245, 7.3030806 ], [ 134.5545349, 7.3030806 ], [ 134.5548096, 7.3031306 ], [ 134.554977400000013, 7.3032584 ], [ 134.554992700000014, 7.3035169 ], [ 134.5549622, 7.3037415 ], [ 134.5547028, 7.3039193 ], [ 134.5543213, 7.3039999 ], [ 134.5540619, 7.3039999 ], [ 134.5539551, 7.3038387 ], [ 134.5538483, 7.3036614 ], [ 134.553802499999989, 7.3033724 ], [ 134.5539398, 7.3032279 ] ] } },
{ "type": "Feature", "properties": { "RCID": 3765, "PRIM": 2, "GRUP": 2, "OBJL": 43, "RVER": 1, "AGEN": 550, "FIDN": 605788731, "FIDS": 9, "LNAM": "0226241B9A3B0009", "LNAM_REFS": null, "FFPT_RIND": null, "VALDCO": 20.0, "VERDAT": null, "INFORM": null, "NINFOM": null, "NTXTDS": null, "SCAMAX": null, "SCAMIN": 44999, "TXTDSC": null, "RECDAT": null, "RECIND": null, "SORDAT": null, "SORIND": null, "hypcat": null, "_enc_cell": "US4TB3P0" }, "geometry": { "type": "LineString", "coordinates": [ [ 134.5520783, 7.2832222 ], [ 134.5520325, 7.2833529 ], [ 134.5520172, 7.2835083 ], [ 134.552093500000012, 7.2836776 ], [ 134.552093500000012, 7.2838306 ], [ 134.5522308, 7.2840695 ], [ 134.5522919, 7.2842612 ], [ 134.5526123, 7.2847166 ], [ 134.5527954, 7.2848582 ], [ 134.5529785, 7.2850609 ], [ 134.5531464, 7.2852168 ], [ 134.5533752, 7.2854304 ], [ 134.553527800000012, 7.285636 ], [ 134.5538635, 7.2859583 ], [ 134.5540009, 7.2861109 ], [ 134.5541992, 7.2863751 ], [ 134.554306, 7.2865415 ], [ 134.5544739, 7.2868419 ], [ 134.554626500000012, 7.2870083 ], [ 134.5547333, 7.2871389 ], [ 134.554870599999987, 7.2873669 ], [ 134.5549469, 7.2876415 ], [ 134.5550385, 7.2879028 ], [ 134.5552521, 7.2881308 ], [ 134.555542, 7.288589 ], [ 134.5558167, 7.2892389 ], [ 134.556015, 7.2895279 ], [ 134.5561523, 7.2897916 ], [ 134.5562134, 7.2899613 ], [ 134.5562897, 7.2901278 ], [ 134.5563507, 7.2902694 ], [ 134.556427, 7.2905083 ], [ 134.5566864, 7.2909279 ], [ 134.556778, 7.2911058 ], [ 134.556793199999987, 7.2912502 ], [ 134.5568237, 7.2914414 ], [ 134.5568695, 7.2917275 ], [ 134.5569611, 7.2921472 ], [ 134.5570526, 7.2928529 ], [ 134.5570679, 7.2930665 ], [ 134.55714420000001, 7.2933192 ], [ 134.5571747, 7.2935333 ], [ 134.5571899, 7.293725 ], [ 134.5571899, 7.2945252 ], [ 134.5571747, 7.294775 ], [ 134.5571747, 7.2949667 ], [ 134.557159399999989, 7.2951946 ], [ 134.55714420000001, 7.295361 ], [ 134.55714420000001, 7.2956362 ], [ 134.557159399999989, 7.2958612 ], [ 134.5572052, 7.2960639 ], [ 134.5573273, 7.296339 ], [ 134.557388300000014, 7.2965055 ], [ 134.5574341, 7.2966752 ], [ 134.5574799, 7.2968669 ], [ 134.5576019, 7.2973084 ], [ 134.5576019, 7.2973418 ], [ 134.557632500000011, 7.2974863 ], [ 134.5576477, 7.297678 ], [ 134.5576477, 7.2978916 ] ] } },
{ "type": "Feature", "properties": { "RCID": 3766, "PRIM": 2, "GRUP": 2, "OBJL": 43, "RVER": 1, "AGEN": 550, "FIDN": 189443354, "FIDS": 9, "LNAM": "02260B4AAD1A0009", "LNAM_REFS": null, "FFPT_RIND": null, "VALDCO": 20.0, "VERDAT": null, "INFORM": null, "NINFOM": null, "NTXTDS": null, "SCAMAX": null, "SCAMIN": 44999, "TXTDSC": null, "RECDAT": null, "RECIND": null, "SORDAT": null, "SORIND": null, "hypcat": null, "_enc_cell": "US4TB3P0" }, "geometry": { "type": "LineString", "coordinates": [ [ 134.5634308, 7.3104529 ], [ 134.5630951, 7.310389 ], [ 134.562789900000013, 7.310389 ], [ 134.5625305, 7.3104668 ], [ 134.5621033, 7.3108974 ], [ 134.5618897, 7.3110528 ], [ 134.561676, 7.3112359 ], [ 134.5614471, 7.3114529 ], [ 134.5612793, 7.3115916 ], [ 134.56097410000001, 7.3116999 ], [ 134.560775799999988, 7.3117442 ], [ 134.5606079, 7.3117752 ], [ 134.560409600000014, 7.3118224 ], [ 134.5602112, 7.3119001 ], [ 134.560028100000011, 7.312036 ], [ 134.5599518, 7.3121138 ] ] } },
{ "type": "Feature", "properties": { "RCID": 3767, "PRIM": 2, "GRUP": 2, "OBJL": 43, "RVER": 1, "AGEN": 550, "FIDN": 977807435, "FIDS": 9, "LNAM": "02263A48284B0009", "LNAM_REFS": null, "FFPT_RIND": null, "VALDCO": 5.0, "VERDAT": null, "INFORM": null, "NINFOM": null, "NTXTDS": null, "SCAMAX": null, "SCAMIN": 44999, "TXTDSC": null, "RECDAT": null, "RECIND": null, "SORDAT": null, "SORIND": null, "hypcat": null, "_enc_cell": "US4TB3P0" }, "geometry": { "type": "LineString", "coordinates": [ [ 134.5709229, 7.3614388 ], [ 134.570861799999989, 7.3615446 ], [ 134.570739800000013, 7.3616028 ], [ 134.570510899999988, 7.3616195 ], [ 134.570251500000012, 7.3616028 ], [ 134.570007299999986, 7.3615141 ], [ 134.56974790000001, 7.3613224 ], [ 134.569534299999987, 7.3611527 ], [ 134.5693512, 7.3608637 ] ] } },
{ "type": "Feature", "properties": { "RCID": 3768, "PRIM": 2, "GRUP": 2, "OBJL": 43, "RVER": 1, "AGEN": 550, "FIDN": 887572047, "FIDS": 9, "LNAM": "022634E7464F0009", "LNAM_REFS": null, "FFPT_RIND": null, "VALDCO": 5.0, "VERDAT": null, "INFORM": null, "NINFOM": null, "NTXTDS": null, "SCAMAX": null, "SCAMIN": 44999, "TXTDSC": null, "RECDAT": null, "RECIND": null, "SORDAT": null, "SORIND": null, "hypcat": null, "_enc_cell": "US4TB3P0" }, "geometry": { "type": "LineString", "coordinates": [ [ 134.574356099999989, 7.3437915 ], [ 134.5743103, 7.343689 ], [ 134.574173, 7.3435693 ], [ 134.5739594, 7.343503 ], [ 134.573608400000012, 7.3435168 ], [ 134.573379499999987, 7.3435307 ], [ 134.5732117, 7.3435831 ], [ 134.5729828, 7.3437581 ] ] } },
{ "type": "Feature", "properties": { "RCID": 3769, "PRIM": 2, "GRUP": 2, "OBJL": 43, "RVER": 1, "AGEN": 550, "FIDN": 231976330, "FIDS": 9, "LNAM": "02260DD3AD8A0009", "LNAM_REFS": null, "FFPT_RIND": null, "VALDCO": 30.0, "VERDAT": null, "INFORM": null, "NINFOM": null, "NTXTDS": null, "SCAMAX": null, "SCAMIN": 89999, "TXTDSC": null, "RECDAT": null, "RECIND": null, "SORDAT": null, "SORIND": null, "hypcat": null, "_enc_cell": "US4TB3P0" }, "geometry": { "type": "LineString", "coordinates": [ [ 134.5809021, 7.3446693 ], [ 134.5809631, 7.3448749 ], [ 134.5810089, 7.3451057 ], [ 134.5812531, 7.3452029 ], [ 134.581604, 7.3452554 ], [ 134.5818329, 7.3452668 ], [ 134.5818634, 7.345264 ], [ 134.582031300000011, 7.3452444 ], [ 134.5821381, 7.345222 ], [ 134.582168599999989, 7.3450751 ], [ 134.582168599999989, 7.3447971 ], [ 134.5821381, 7.3446999 ], [ 134.5820618, 7.344553 ], [ 134.582016, 7.3444891 ] ] } },
{ "type": "Feature", "properties": { "RCID": 3770, "PRIM": 2, "GRUP": 2, "OBJL": 43, "RVER": 1, "AGEN": 550, "FIDN": 135245441, "FIDS": 9, "LNAM": "0226080FAE810009", "LNAM_REFS": null, "FFPT_RIND": null, "VALDCO": 30.0, "VERDAT": null, "INFORM": null, "NINFOM": null, "NTXTDS": null, "SCAMAX": null, "SCAMIN": 89999, "TXTDSC": null, "RECDAT": null, "RECIND": null, "SORDAT": null, "SORIND": null, "hypcat": null, "_enc_cell": "US4TB3P0" }, "geometry": { "type": "LineString", "coordinates": [ [ 134.5818787, 7.338747 ], [ 134.582077, 7.3387194 ], [ 134.582290699999987, 7.3387332 ], [ 134.5824432, 7.3387775 ], [ 134.5825348, 7.3389278 ], [ 134.5825501, 7.3391361 ], [ 134.5825348, 7.339272 ], [ 134.5824738, 7.3394194 ], [ 134.5823364, 7.3395109 ], [ 134.5821991, 7.3395696 ], [ 134.582031300000011, 7.3395863 ], [ 134.5818176, 7.3395414 ], [ 134.5817108, 7.3393474 ], [ 134.581695599999989, 7.3391666 ], [ 134.5817108, 7.3389859 ], [ 134.581787100000014, 7.3388529 ], [ 134.5818787, 7.338747 ] ] } },
{ "type": "Feature", "properties": { "RCID": 3771, "PRIM": 2, "GRUP": 2, "OBJL": 43, "RVER": 1, "AGEN": 550, "FIDN": 466562952, "FIDS": 9, "LNAM": "02261BCF2F880009", "LNAM_REFS": null, "FFPT_RIND": null, "VALDCO": 50.0, "VERDAT": null, "INFORM": null, "NINFOM": null, "NTXTDS": null, "SCAMAX": null, "SCAMIN": 44999, "TXTDSC": null, "RECDAT": null, "RECIND": null, "SORDAT": null, "SORIND": null, "hypcat": null, "_enc_cell": "US4TB3P0" }, "geometry": { "type": "LineString", "coordinates": [ [ 134.5838776, 7.342453 ], [ 134.5841217, 7.3424749 ], [ 134.584320100000014, 7.3425169 ], [ 134.5844727, 7.3425918 ], [ 134.5845184, 7.3427415 ], [ 134.5845184, 7.3429751 ], [ 134.5844879, 7.3432417 ], [ 134.5843506, 7.3433919 ], [ 134.5841217, 7.3434749 ], [ 134.583847100000014, 7.3434863 ], [ 134.5836639, 7.3434444 ], [ 134.58358770000001, 7.3432751 ], [ 134.5835571, 7.3430276 ], [ 134.5835419, 7.3428807 ], [ 134.5835419, 7.3427081 ], [ 134.5836945, 7.3425279 ], [ 134.5838776, 7.342453 ] ] } },
{ "type": "Feature", "properties": { "RCID": 3772, "PRIM": 2, "GRUP": 2, "OBJL": 43, "RVER": 1, "AGEN": 550, "FIDN": 417867955, "FIDS": 9, "LNAM": "022618E828B30009", "LNAM_REFS": null, "FFPT_RIND": null, "VALDCO": 5.0, "VERDAT": null, "INFORM": null, "NINFOM": null, "NTXTDS": null, "SCAMAX": null, "SCAMIN": 44999, "TXTDSC": null, "RECDAT": null, "RECIND": null, "SORDAT": null, "SORIND": null, "hypcat": null, "_enc_cell": "US4TB3P0" }, "geometry": { "type": "LineString", "coordinates": [ [ 134.5906372, 7.3490806 ], [ 134.5905304, 7.3488665 ], [ 134.59030150000001, 7.3485832 ], [ 134.5899963, 7.3485222 ], [ 134.589843800000011, 7.3484945 ], [ 134.5896301, 7.3486195 ] ] } },
{ "type": "Feature", "properties": { "RCID": 3773, "PRIM": 2, "GRUP": 2, "OBJL": 43, "RVER": 1, "AGEN": 550, "FIDN": 49301626, "FIDS": 9, "LNAM": "022602F0487A0009", "LNAM_REFS": null, "FFPT_RIND": null, "VALDCO": 30.0, "VERDAT": null, "INFORM": null, "NINFOM": null, "NTXTDS": null, "SCAMAX": null, "SCAMIN": 89999, "TXTDSC": null, "RECDAT": null, "RECIND": null, "SORDAT": null, "SORIND": null, "hypcat": null, "_enc_cell": "US4TB3P0" }, "geometry": { "type": "LineString", "coordinates": [ [ 134.599838299999988, 7.3473001 ], [ 134.5999756, 7.3474693 ], [ 134.6001434, 7.3475971 ], [ 134.600311299999987, 7.3477554 ], [ 134.6005707, 7.3478584 ], [ 134.6007233, 7.3478918 ], [ 134.6009522, 7.3479056 ], [ 134.60112, 7.3479056 ], [ 134.601364100000012, 7.347961 ], [ 134.6015778, 7.348053 ], [ 134.601760899999988, 7.3481779 ], [ 134.6019135, 7.3484054 ], [ 134.601944, 7.3485637 ], [ 134.60195920000001, 7.3487139 ], [ 134.6020203, 7.3488832 ], [ 134.6020813, 7.3490443 ], [ 134.60209660000001, 7.3491693 ], [ 134.602111799999989, 7.3493166 ], [ 134.6020813, 7.349453 ], [ 134.601989800000013, 7.3496804 ] ] } },
{ "type": "Feature", "properties": { "RCID": 3774, "PRIM": 2, "GRUP": 2, "OBJL": 43, "RVER": 1, "AGEN": 550, "FIDN": 172819991, "FIDS": 9, "LNAM": "02260A4D06170009", "LNAM_REFS": null, "FFPT_RIND": null, "VALDCO": 2.0, "VERDAT": null, "INFORM": null, "NINFOM": null, "NTXTDS": null, "SCAMAX": null, "SCAMIN": 44999, "TXTDSC": null, "RECDAT": null, "RECIND": null, "SORDAT": null, "SORIND": null, "hypcat": null, "_enc_cell": "US4TB3P0" }, "geometry": { "type": "LineString", "coordinates": [ [ 134.6059876, 7.3731446 ], [ 134.6061554, 7.3730722 ], [ 134.6062622, 7.3730722 ], [ 134.606430100000011, 7.373064 ], [ 134.606552099999988, 7.3731389 ] ] } },
{ "type": "Feature", "properties": { "RCID": 3775, "PRIM": 2, "GRUP": 2, "OBJL": 43, "RVER": 1, "AGEN": 550, "FIDN": 139521831, "FIDS": 9, "LNAM": "02260850EF270009", "LNAM_REFS": null, "FFPT_RIND": null, "VALDCO": 20.0, "VERDAT": null, "INFORM": null, "NINFOM": null, "NTXTDS": null, "SCAMAX": null, "SCAMIN": 44999, "TXTDSC": null, "RECDAT": null, "RECIND": null, "SORDAT": null, "SORIND": null, "hypcat": null, "_enc_cell": "US4TB3P0" }, "geometry": { "type": "LineString", "coordinates": [ [ 134.60672, 7.3480306 ], [ 134.6066284, 7.3476863 ], [ 134.6064758, 7.3475223 ], [ 134.6062164, 7.3473582 ], [ 134.605896, 7.3471446 ], [ 134.605545, 7.3469443 ], [ 134.60545350000001, 7.3468137 ], [ 134.6052551, 7.3466778 ], [ 134.6050415, 7.3465724 ], [ 134.604873700000013, 7.3464613 ], [ 134.6045837, 7.3461695 ], [ 134.6044464, 7.3459611 ], [ 134.604385400000012, 7.3457556 ], [ 134.6042175, 7.3455834 ], [ 134.603790299999986, 7.3451943 ], [ 134.6035614, 7.3450193 ], [ 134.6032562, 7.3447805 ], [ 134.6029053, 7.344564 ], [ 134.6026764, 7.344461 ], [ 134.6025085, 7.3444252 ], [ 134.602340700000013, 7.3444166 ], [ 134.6021881, 7.3444362 ], [ 134.6020203, 7.3444777 ], [ 134.6018829, 7.3445721 ], [ 134.6017304, 7.3446584 ], [ 134.601638799999989, 7.3448057 ], [ 134.6015778, 7.3449359 ], [ 134.601471, 7.345089 ], [ 134.6014404, 7.3453054 ], [ 134.601364100000012, 7.3454943 ], [ 134.601272599999987, 7.3456779 ], [ 134.6012116, 7.3457723 ], [ 134.60112, 7.3458419 ], [ 134.60099790000001, 7.345953 ], [ 134.6008759, 7.3460641 ], [ 134.600708, 7.3461943 ], [ 134.6006012, 7.346314 ], [ 134.6004791, 7.3463917 ], [ 134.6003571, 7.3464694 ], [ 134.6002045, 7.3465223 ], [ 134.5999756, 7.346539 ], [ 134.59956360000001, 7.3465223 ], [ 134.599441500000012, 7.3465304 ], [ 134.5994263, 7.3465419 ], [ 134.5993042, 7.3466249 ], [ 134.599227899999988, 7.3467722 ], [ 134.599227899999988, 7.346786 ], [ 134.599227899999988, 7.3467889 ], [ 134.59921270000001, 7.3469195 ], [ 134.5992584, 7.3470669 ], [ 134.5993805, 7.3471251 ], [ 134.5996246, 7.3471446 ], [ 134.599823, 7.3471499 ], [ 134.600311299999987, 7.3471499 ], [ 134.6006012, 7.3471947 ], [ 134.6008759, 7.3472638 ], [ 134.601150499999989, 7.3473334 ], [ 134.6014099, 7.3474526 ], [ 134.6017151, 7.347661 ], [ 134.601867700000014, 7.3477974 ], [ 134.6021729, 7.3480387 ], [ 134.602478, 7.3482556 ], [ 134.6027374, 7.3483582 ] ] } },
{ "type": "Feature", "properties": { "RCID": 3776, "PRIM": 2, "GRUP": 2, "OBJL": 43, "RVER": 1, "AGEN": 550, "FIDN": 200412738, "FIDS": 9, "LNAM": "02260BF20E420009", "LNAM_REFS": null, "FFPT_RIND": null, "VALDCO": 50.0, "VERDAT": null, "INFORM": null, "NINFOM": null, "NTXTDS": null, "SCAMAX": null, "SCAMIN": 44999, "TXTDSC": null, "RECDAT": null, "RECIND": null, "SORDAT": null, "SORIND": null, "hypcat": null, "_enc_cell": "US4TB3P0" }, "geometry": { "type": "LineString", "coordinates": [ [ 134.612995, 7.3754592 ], [ 134.613152, 7.3755163 ], [ 134.6133376, 7.3754735 ], [ 134.613466100000011, 7.3753164 ], [ 134.6134947, 7.3751451 ], [ 134.6134376, 7.3749452 ], [ 134.613323400000013, 7.374831 ], [ 134.613166299999989, 7.3748168 ], [ 134.6129522, 7.3748453 ], [ 134.612838, 7.3749881 ], [ 134.6128094, 7.3751879 ], [ 134.6128808, 7.375345 ], [ 134.612995, 7.3754592 ] ] } },
{ "type": "Feature", "properties": { "RCID": 3956, "PRIM": 2, "GRUP": 2, "OBJL": 43, "RVER": 1, "AGEN": 550, "FIDN": 617484890, "FIDS": 9, "LNAM": "022624CE125A0009", "LNAM_REFS": null, "FFPT_RIND": null, "VALDCO": 5.0, "VERDAT": null, "INFORM": null, "NINFOM": null, "NTXTDS": null, "SCAMAX": null, "SCAMIN": 44999, "TXTDSC": null, "RECDAT": null, "RECIND": null, "SORDAT": null, "SORIND": null, "hypcat": null, "_enc_cell": "US4TB3P0" }, "geometry": { "type": "LineString", "coordinates": [ [ 134.490325899999988, 7.3877082 ], [ 134.4902191, 7.3879027 ], [ 134.4901733, 7.388072 ], [ 134.4901581, 7.3881693 ], [ 134.4901733, 7.3882637 ], [ 134.490203900000012, 7.3883748 ], [ 134.4902954, 7.3884502 ], [ 134.490432700000014, 7.3884668 ], [ 134.4905396, 7.3884583 ], [ 134.4906311, 7.3884082 ], [ 134.4907074, 7.3883305 ], [ 134.4907837, 7.3882389 ], [ 134.4908447, 7.3881002 ], [ 134.4909058, 7.3878946 ] ] } },
{ "type": "Feature", "properties": { "RCID": 3958, "PRIM": 2, "GRUP": 2, "OBJL": 43, "RVER": 1, "AGEN": 550, "FIDN": 938603683, "FIDS": 9, "LNAM": "022637F1F4A30009", "LNAM_REFS": null, "FFPT_RIND": null, "VALDCO": 20.0, "VERDAT": null, "INFORM": null, "NINFOM": null, "NTXTDS": null, "SCAMAX": null, "SCAMIN": 44999, "TXTDSC": null, "RECDAT": null, "RECIND": null, "SORDAT": null, "SORIND": null, "hypcat": null, "_enc_cell": "US4TB3P0" }, "geometry": { "type": "LineString", "coordinates": [ [ 134.4905853, 7.388597 ], [ 134.4907684, 7.3887501 ], [ 134.4909973, 7.3889585 ], [ 134.4912262, 7.3893085 ], [ 134.4913483, 7.389678 ], [ 134.4913483, 7.3898554 ], [ 134.4913178, 7.3900113 ], [ 134.4912262, 7.3903999 ], [ 134.4912109, 7.3905888 ], [ 134.4912567, 7.3907695 ], [ 134.4913635, 7.3910832 ], [ 134.4913635, 7.3913918 ], [ 134.491287199999988, 7.3914638 ], [ 134.4911041, 7.391489 ], [ 134.4907837, 7.3914638 ], [ 134.4904785, 7.3913918 ], [ 134.4904175, 7.3912692 ], [ 134.4904022, 7.3911109 ], [ 134.4904938, 7.3909221 ], [ 134.490570100000014, 7.3906665 ] ] } },
{ "type": "Feature", "properties": { "RCID": 3959, "PRIM": 2, "GRUP": 2, "OBJL": 43, "RVER": 1, "AGEN": 550, "FIDN": 767865550, "FIDS": 9, "LNAM": "02262DC4B2CE0009", "LNAM_REFS": null, "FFPT_RIND": null, "VALDCO": 20.0, "VERDAT": null, "INFORM": null, "NINFOM": null, "NTXTDS": null, "SCAMAX": null, "SCAMIN": 44999, "TXTDSC": null, "RECDAT": null, "RECIND": null, "SORDAT": null, "SORIND": null, "hypcat": null, "_enc_cell": "US4TB3P0" }, "geometry": { "type": "LineString", "coordinates": [ [ 134.4911041, 7.3331137 ], [ 134.4912109, 7.3332391 ], [ 134.4913788, 7.3333778 ], [ 134.4915466, 7.3334751 ] ] } },
{ "type": "Feature", "properties": { "RCID": 3960, "PRIM": 2, "GRUP": 2, "OBJL": 43, "RVER": 1, "AGEN": 550, "FIDN": 113102688, "FIDS": 9, "LNAM": "022606BDCF600009", "LNAM_REFS": null, "FFPT_RIND": null, "VALDCO": 5.0, "VERDAT": null, "INFORM": null, "NINFOM": null, "NTXTDS": null, "SCAMAX": null, "SCAMIN": 44999, "TXTDSC": null, "RECDAT": null, "RECIND": null, "SORDAT": null, "SORIND": null, "hypcat": null, "_enc_cell": "US4TB3P0" }, "geometry": { "type": "LineString", "coordinates": [ [ 134.4914703, 7.3970971 ], [ 134.491516100000013, 7.3969526 ], [ 134.4915009, 7.3968582 ], [ 134.4913788, 7.3967638 ], [ 134.4911804, 7.3967085 ], [ 134.4910889, 7.396564 ], [ 134.491043100000013, 7.3964224 ], [ 134.4910736, 7.3962693 ], [ 134.4912415, 7.3961387 ], [ 134.4914398, 7.3960333 ], [ 134.491531400000014, 7.3959193 ], [ 134.4915772, 7.3957777 ] ] } },
{ "type": "Feature", "properties": { "RCID": 3962, "PRIM": 2, "GRUP": 2, "OBJL": 43, "RVER": 1, "AGEN": 550, "FIDN": 472549537, "FIDS": 9, "LNAM": "02261C2A88A10009", "LNAM_REFS": null, "FFPT_RIND": null, "VALDCO": 5.0, "VERDAT": null, "INFORM": null, "NINFOM": null, "NTXTDS": null, "SCAMAX": null, "SCAMIN": 44999, "TXTDSC": null, "RECDAT": null, "RECIND": null, "SORDAT": null, "SORIND": null, "hypcat": null, "_enc_cell": "US4TB3P0" }, "geometry": { "type": "LineString", "coordinates": [ [ 134.491775499999989, 7.4129915 ], [ 134.491806, 7.4130445 ], [ 134.491806, 7.4131389 ], [ 134.491775499999989, 7.4131804 ], [ 134.4917297, 7.4132137 ], [ 134.4916534, 7.4132276 ] ] } },
{ "type": "Feature", "properties": { "RCID": 3964, "PRIM": 2, "GRUP": 2, "OBJL": 43, "RVER": 1, "AGEN": 550, "FIDN": 746150619, "FIDS": 9, "LNAM": "02262C795ADB0009", "LNAM_REFS": null, "FFPT_RIND": null, "VALDCO": 20.0, "VERDAT": null, "INFORM": null, "NINFOM": null, "NTXTDS": null, "SCAMAX": null, "SCAMIN": 44999, "TXTDSC": null, "RECDAT": null, "RECIND": null, "SORDAT": null, "SORIND": null, "hypcat": null, "_enc_cell": "US4TB3P0" }, "geometry": { "type": "LineString", "coordinates": [ [ 134.492599500000011, 7.3311415 ], [ 134.492477400000013, 7.3315835 ], [ 134.4924469, 7.3319416 ], [ 134.4924469, 7.332161 ], [ 134.4924164, 7.332397 ], [ 134.4923401, 7.332686 ], [ 134.4922943, 7.3328943 ], [ 134.492218, 7.3331304 ] ] } },
{ "type": "Feature", "properties": { "RCID": 3965, "PRIM": 2, "GRUP": 2, "OBJL": 43, "RVER": 1, "AGEN": 550, "FIDN": 395695252, "FIDS": 9, "LNAM": "02261795D4940009", "LNAM_REFS": null, "FFPT_RIND": null, "VALDCO": 20.0, "VERDAT": null, "INFORM": null, "NINFOM": null, "NTXTDS": null, "SCAMAX": null, "SCAMIN": 44999, "TXTDSC": null, "RECDAT": null, "RECIND": null, "SORDAT": null, "SORIND": null, "hypcat": null, "_enc_cell": "US4TB3P0" }, "geometry": { "type": "LineString", "coordinates": [ [ 134.492874199999989, 7.3274307 ], [ 134.492965700000013, 7.327003 ], [ 134.493042, 7.3268223 ], [ 134.493225099999989, 7.3266001 ], [ 134.4933624, 7.3263111 ], [ 134.4933929, 7.3259945 ], [ 134.493331899999987, 7.3255806 ], [ 134.4932709, 7.3253584 ], [ 134.493225099999989, 7.3250141 ] ] } },
{ "type": "Feature", "properties": { "RCID": 3966, "PRIM": 2, "GRUP": 2, "OBJL": 43, "RVER": 1, "AGEN": 550, "FIDN": 524984084, "FIDS": 9, "LNAM": "02261F4A9F140009", "LNAM_REFS": null, "FFPT_RIND": null, "VALDCO": 2.0, "VERDAT": null, "INFORM": null, "NINFOM": null, "NTXTDS": null, "SCAMAX": null, "SCAMIN": 44999, "TXTDSC": null, "RECDAT": null, "RECIND": null, "SORDAT": null, "SORIND": null, "hypcat": null, "_enc_cell": "US4TB3P0" }, "geometry": { "type": "LineString", "coordinates": [ [ 134.4932556, 7.4156389 ], [ 134.4934082, 7.4155169 ], [ 134.49354550000001, 7.4153915 ], [ 134.493576100000013, 7.4153166 ], [ 134.4936066, 7.4152026 ], [ 134.4935913, 7.415061 ], [ 134.493576100000013, 7.414989 ], [ 134.4935303, 7.4149194 ], [ 134.493454, 7.4148779 ], [ 134.4933777, 7.4148612 ], [ 134.4932556, 7.4148612 ], [ 134.4931488, 7.4148998 ], [ 134.492981, 7.4149942 ] ] } },
{ "type": "Feature", "properties": { "RCID": 3972, "PRIM": 2, "GRUP": 2, "OBJL": 43, "RVER": 1, "AGEN": 550, "FIDN": 454908923, "FIDS": 9, "LNAM": "02261B1D5BFB0009", "LNAM_REFS": null, "FFPT_RIND": null, "VALDCO": 20.0, "VERDAT": null, "INFORM": null, "NINFOM": null, "NTXTDS": null, "SCAMAX": null, "SCAMIN": 44999, "TXTDSC": null, "RECDAT": null, "RECIND": null, "SORDAT": null, "SORIND": null, "hypcat": null, "_enc_cell": "US4TB3P0" }, "geometry": { "type": "LineString", "coordinates": [ [ 134.500686699999989, 7.3650999 ], [ 134.5003204, 7.3660002 ], [ 134.5000153, 7.3664498 ], [ 134.5, 7.3664613 ], [ 134.4997406, 7.3667221 ], [ 134.4995117, 7.3668776 ], [ 134.4994049, 7.3669777 ], [ 134.499343900000014, 7.3670445 ], [ 134.4992981, 7.367075 ], [ 134.499221799999987, 7.3671475 ], [ 134.499099699999988, 7.3672833 ], [ 134.4989471, 7.3674026 ], [ 134.4987946, 7.367547 ], [ 134.498642, 7.3677082 ], [ 134.49847410000001, 7.3678446 ], [ 134.498291, 7.3679776 ], [ 134.498138399999988, 7.3680916 ], [ 134.497879, 7.3682556 ], [ 134.49751280000001, 7.3684583 ], [ 134.497467, 7.3684859 ], [ 134.497314499999987, 7.3685694 ], [ 134.4971008, 7.3687058 ], [ 134.496704099999988, 7.3688974 ], [ 134.4966278, 7.3689556 ], [ 134.4964905, 7.3690891 ], [ 134.496429400000011, 7.3692279 ], [ 134.4963989, 7.3692417 ], [ 134.4962921, 7.369339 ] ] } },
{ "type": "Feature", "properties": { "RCID": 3973, "PRIM": 2, "GRUP": 2, "OBJL": 43, "RVER": 1, "AGEN": 550, "FIDN": 853177156, "FIDS": 9, "LNAM": "022632DA73440009", "LNAM_REFS": null, "FFPT_RIND": null, "VALDCO": 30.0, "VERDAT": null, "INFORM": null, "NINFOM": null, "NTXTDS": null, "SCAMAX": null, "SCAMIN": 89999, "TXTDSC": null, "RECDAT": null, "RECIND": null, "SORDAT": null, "SORIND": null, "hypcat": null, "_enc_cell": "US4TB3P0" }, "geometry": { "type": "LineString", "coordinates": [ [ 134.5010834, 7.3033304 ], [ 134.50100710000001, 7.3034248 ], [ 134.5008698, 7.3035359 ], [ 134.5007172, 7.3036723 ], [ 134.5005951, 7.3037529 ], [ 134.50039670000001, 7.3037529 ], [ 134.5002594, 7.3036723 ], [ 134.5001221, 7.3035526 ], [ 134.500061, 7.3033471 ], [ 134.5001068, 7.3031473 ], [ 134.500198399999988, 7.3030224 ], [ 134.5003204, 7.3028946 ], [ 134.500351, 7.3027916 ], [ 134.5003662, 7.3026943 ], [ 134.5003662, 7.3025055 ], [ 134.500289900000013, 7.3023944 ], [ 134.5000458, 7.3023529 ], [ 134.5, 7.302361 ], [ 134.4999085, 7.3023777 ], [ 134.4997253, 7.3024168 ], [ 134.499588, 7.3024526 ], [ 134.4995422, 7.302464 ], [ 134.4993897, 7.3025918 ], [ 134.4993134, 7.3029165 ], [ 134.4991608, 7.3030362 ], [ 134.4990387, 7.3030276 ] ] } },
{ "type": "Feature", "properties": { "RCID": 3974, "PRIM": 2, "GRUP": 2, "OBJL": 43, "RVER": 1, "AGEN": 550, "FIDN": 274805632, "FIDS": 9, "LNAM": "0226106133800009", "LNAM_REFS": null, "FFPT_RIND": null, "VALDCO": 30.0, "VERDAT": null, "INFORM": null, "NINFOM": null, "NTXTDS": null, "SCAMAX": null, "SCAMIN": 89999, "TXTDSC": null, "RECDAT": null, "RECIND": null, "SORDAT": null, "SORIND": null, "hypcat": null, "_enc_cell": "US4TB3P0" }, "geometry": { "type": "LineString", "coordinates": [ [ 134.4909058, 7.2905221 ], [ 134.491058399999986, 7.2904248 ], [ 134.491165200000012, 7.2904248 ], [ 134.4913178, 7.2905221 ], [ 134.491394, 7.2907276 ], [ 134.491409299999987, 7.2909584 ], [ 134.4913635, 7.2911334 ], [ 134.491302499999989, 7.2911749 ], [ 134.491272, 7.2911973 ], [ 134.491043100000013, 7.2911887 ], [ 134.4908295, 7.2910776 ], [ 134.4906921, 7.2909584 ], [ 134.4905243, 7.2909193 ], [ 134.4904022, 7.2909279 ], [ 134.490341199999989, 7.2911501 ], [ 134.4903565, 7.2913303 ], [ 134.4904175, 7.2915611 ], [ 134.4905243, 7.2917609 ], [ 134.490554800000012, 7.2918 ], [ 134.490676900000011, 7.2919664 ], [ 134.490814199999988, 7.2921109 ], [ 134.4909058, 7.2922692 ], [ 134.490921, 7.2924833 ], [ 134.490921, 7.2926502 ], [ 134.4908752, 7.2928 ], [ 134.4907684, 7.2929111 ], [ 134.490463299999988, 7.2930641 ], [ 134.4902802, 7.293128 ], [ 134.4901733, 7.2932057 ], [ 134.49018860000001, 7.2933445 ], [ 134.4902802, 7.2933998 ], [ 134.490432700000014, 7.2934637 ], [ 134.49066160000001, 7.2934971 ], [ 134.49086, 7.2934971 ], [ 134.4910889, 7.2935276 ], [ 134.4912567, 7.2936473 ], [ 134.4913635, 7.2939081 ], [ 134.4913635, 7.2940917 ], [ 134.4912415, 7.2942414 ], [ 134.491027800000012, 7.2943306 ], [ 134.4908295, 7.2943859 ], [ 134.4906921, 7.2944417 ], [ 134.4905853, 7.2945833 ], [ 134.4905853, 7.2947917 ], [ 134.490676900000011, 7.2949972 ], [ 134.4908752, 7.2952113 ], [ 134.491027800000012, 7.295361 ], [ 134.4912415, 7.2954974 ], [ 134.4913788, 7.2955613 ], [ 134.4918518, 7.2955613 ], [ 134.492019699999986, 7.2955999 ], [ 134.4921722, 7.2957444 ], [ 134.4922791, 7.2958665 ], [ 134.492385899999988, 7.2960501 ], [ 134.4925537, 7.2961278 ], [ 134.4927979, 7.2961831 ], [ 134.4929962, 7.2961917 ], [ 134.4932404, 7.2960415 ], [ 134.4934235, 7.2959137 ], [ 134.493560800000012, 7.2958417 ], [ 134.4936676, 7.2958665 ], [ 134.4937134, 7.296 ], [ 134.4936371, 7.2961998 ], [ 134.4936066, 7.2964611 ], [ 134.4936523, 7.2967305 ], [ 134.493804899999986, 7.2969527 ], [ 134.493942299999986, 7.2970724 ], [ 134.4942169, 7.2972946 ], [ 134.4943848, 7.2973971 ], [ 134.4945526, 7.2974472 ], [ 134.4947357, 7.2974696 ], [ 134.4948731, 7.2975583 ], [ 134.4950256, 7.2976279 ], [ 134.4951782, 7.2976918 ], [ 134.4953156, 7.2977891 ], [ 134.4954529, 7.2979055 ], [ 134.4955597, 7.2979641 ], [ 134.4958038, 7.297986 ], [ 134.4960022, 7.2979779 ], [ 134.496337899999986, 7.2979779 ], [ 134.496704099999988, 7.2980251 ], [ 134.4969788, 7.2982082 ], [ 134.4972534, 7.2986527 ], [ 134.4974518, 7.2989221 ], [ 134.4976196, 7.2992249 ], [ 134.4977417, 7.2995029 ], [ 134.4979401, 7.2996526 ], [ 134.4984436, 7.2998276 ], [ 134.4986572, 7.2999249 ], [ 134.4987946, 7.2999554 ], [ 134.4991455, 7.3001609 ], [ 134.499237099999988, 7.3002887 ], [ 134.4994049, 7.3005443 ], [ 134.49943540000001, 7.3008137 ], [ 134.4994659, 7.3010278 ], [ 134.4995422, 7.3013611 ], [ 134.4996491, 7.3014641 ], [ 134.499939, 7.3014641 ], [ 134.5, 7.3014526 ], [ 134.5002441, 7.3014169 ], [ 134.5005035, 7.3013444 ], [ 134.5005798, 7.3013225 ], [ 134.5007477, 7.3013058 ], [ 134.500900300000012, 7.3012667 ], [ 134.5010834, 7.3012891 ], [ 134.5011749, 7.3013859 ], [ 134.5011902, 7.301703 ], [ 134.5012054, 7.3018527 ], [ 134.501251200000013, 7.3019638 ] ] } },
{ "type": "Feature", "properties": { "RCID": 3979, "PRIM": 2, "GRUP": 2, "OBJL": 43, "RVER": 1, "AGEN": 550, "FIDN": 157201455, "FIDS": 9, "LNAM": "0226095EB42F0009", "LNAM_REFS": null, "FFPT_RIND": null, "VALDCO": 5.0, "VERDAT": null, "INFORM": null, "NINFOM": null, "NTXTDS": null, "SCAMAX": null, "SCAMIN": 44999, "TXTDSC": null, "RECDAT": null, "RECIND": null, "SORDAT": null, "SORIND": null, "hypcat": null, "_enc_cell": "US4TB3P0" }, "geometry": { "type": "LineString", "coordinates": [ [ 134.5020142, 7.2988834 ], [ 134.5018311, 7.298811 ], [ 134.501709, 7.2986193 ], [ 134.501648, 7.2983637 ], [ 134.501709, 7.2981195 ], [ 134.5018005, 7.2979722 ], [ 134.5020294, 7.2980137 ], [ 134.502243, 7.2981195 ] ] } },
{ "type": "Feature", "properties": { "RCID": 3983, "PRIM": 2, "GRUP": 2, "OBJL": 43, "RVER": 1, "AGEN": 550, "FIDN": 781603282, "FIDS": 9, "LNAM": "02262E9651D20009", "LNAM_REFS": null, "FFPT_RIND": null, "VALDCO": 5.0, "VERDAT": null, "INFORM": null, "NINFOM": null, "NTXTDS": null, "SCAMAX": null, "SCAMIN": 44999, "TXTDSC": null, "RECDAT": null, "RECIND": null, "SORDAT": null, "SORIND": null, "hypcat": null, "_enc_cell": "US4TB3P0" }, "geometry": { "type": "LineString", "coordinates": [ [ 134.506057700000014, 7.3066306 ], [ 134.5058594, 7.3065944 ], [ 134.5057831, 7.3065472 ], [ 134.505706800000013, 7.3064556 ], [ 134.5056458, 7.3063555 ], [ 134.5055542, 7.3062081 ], [ 134.5055084, 7.3059721 ], [ 134.5055237, 7.3057113 ], [ 134.5055389, 7.3054972 ], [ 134.5056152, 7.3053222 ], [ 134.505691500000012, 7.3051915 ], [ 134.5057983, 7.3050919 ], [ 134.506012, 7.305047 ], [ 134.506134, 7.3050613 ], [ 134.5062714, 7.3050919 ], [ 134.5063934, 7.3050833 ], [ 134.5064697, 7.3049917 ], [ 134.5065002, 7.3048697 ], [ 134.506485, 7.3046947 ], [ 134.506485, 7.3045721 ], [ 134.5065155, 7.3044725 ], [ 134.5065765, 7.3043585 ], [ 134.506683399999986, 7.3042584 ], [ 134.506790200000012, 7.3041973 ], [ 134.506958, 7.3041501 ], [ 134.5070953, 7.3041415 ], [ 134.507263200000011, 7.3041196 ], [ 134.5074463, 7.3041277 ], [ 134.5074463, 7.3041306 ], [ 134.5074616, 7.3041277 ], [ 134.5075684, 7.3041277 ], [ 134.5076599, 7.3041582 ], [ 134.5076752, 7.3041749 ], [ 134.5077057, 7.3041806 ], [ 134.507721, 7.3041863 ] ] } },
{ "type": "Feature", "properties": { "RCID": 3984, "PRIM": 2, "GRUP": 2, "OBJL": 43, "RVER": 1, "AGEN": 550, "FIDN": 497894903, "FIDS": 9, "LNAM": "02261DAD45F70009", "LNAM_REFS": null, "FFPT_RIND": null, "VALDCO": 100.0, "VERDAT": null, "INFORM": null, "NINFOM": null, "NTXTDS": null, "SCAMAX": null, "SCAMIN": 44999, "TXTDSC": null, "RECDAT": null, "RECIND": null, "SORDAT": null, "SORIND": null, "hypcat": null, "_enc_cell": "US4TB3P0" }, "geometry": { "type": "LineString", "coordinates": [ [ 134.510131800000011, 7.2893391 ], [ 134.5098724, 7.2892389 ], [ 134.5096283, 7.2890916 ], [ 134.5093994, 7.2889137 ], [ 134.509185800000012, 7.2886696 ], [ 134.5090332, 7.2884474 ], [ 134.508850099999989, 7.2881694 ] ] } },
{ "type": "Feature", "properties": { "RCID": 3986, "PRIM": 2, "GRUP": 2, "OBJL": 43, "RVER": 1, "AGEN": 550, "FIDN": 262376112, "FIDS": 9, "LNAM": "02260FA38AB00009", "LNAM_REFS": null, "FFPT_RIND": null, "VALDCO": 10.0, "VERDAT": null, "INFORM": null, "NINFOM": null, "NTXTDS": null, "SCAMAX": null, "SCAMIN": 44999, "TXTDSC": null, "RECDAT": null, "RECIND": null, "SORDAT": null, "SORIND": null, "hypcat": null, "_enc_cell": "US4TB3P0" }, "geometry": { "type": "LineString", "coordinates": [ [ 134.5100861, 7.3559194 ], [ 134.510391199999987, 7.3552556 ], [ 134.510437, 7.3550501 ], [ 134.5104828, 7.3548613 ], [ 134.5105438, 7.3546724 ], [ 134.510635400000012, 7.3545499 ], [ 134.510788, 7.3545332 ], [ 134.5109711, 7.3545666 ], [ 134.5111542, 7.3545666 ], [ 134.5112915, 7.3546028 ], [ 134.5113983, 7.3546195 ] ] } },
{ "type": "Feature", "properties": { "RCID": 3987, "PRIM": 2, "GRUP": 2, "OBJL": 43, "RVER": 1, "AGEN": 550, "FIDN": 43622998, "FIDS": 9, "LNAM": "02260299A2560009", "LNAM_REFS": null, "FFPT_RIND": null, "VALDCO": 20.0, "VERDAT": null, "INFORM": null, "NINFOM": null, "NTXTDS": null, "SCAMAX": null, "SCAMIN": 44999, "TXTDSC": null, "RECDAT": null, "RECIND": null, "SORDAT": null, "SORIND": null, "hypcat": null, "_enc_cell": "US4TB3P0" }, "geometry": { "type": "LineString", "coordinates": [ [ 134.511093100000011, 7.3036389 ], [ 134.5112763, 7.3036194 ], [ 134.5114288, 7.3036389 ], [ 134.5116119, 7.3036528 ], [ 134.5118103, 7.3037224 ], [ 134.5119171, 7.3037863 ], [ 134.5119171, 7.3039055 ], [ 134.5119019, 7.3040113 ], [ 134.511840799999987, 7.304153 ], [ 134.5117493, 7.3042584 ], [ 134.5116272, 7.3042779 ], [ 134.5114441, 7.3042722 ], [ 134.511322, 7.3042278 ], [ 134.5110779, 7.3041081 ], [ 134.51091, 7.3040056 ], [ 134.5108337, 7.3039112 ], [ 134.510879499999987, 7.3037915 ], [ 134.5109406, 7.3037276 ], [ 134.511093100000011, 7.3036389 ] ] } },
{ "type": "Feature", "properties": { "RCID": 3988, "PRIM": 2, "GRUP": 2, "OBJL": 43, "RVER": 1, "AGEN": 550, "FIDN": 264042240, "FIDS": 9, "LNAM": "02260FBCF7000009", "LNAM_REFS": null, "FFPT_RIND": null, "VALDCO": 30.0, "VERDAT": null, "INFORM": null, "NINFOM": null, "NTXTDS": null, "SCAMAX": null, "SCAMIN": 89999, "TXTDSC": null, "RECDAT": null, "RECIND": null, "SORDAT": null, "SORIND": null, "hypcat": null, "_enc_cell": "US4TB3P0" }, "geometry": { "type": "LineString", "coordinates": [ [ 134.510788, 7.3015556 ], [ 134.510528599999986, 7.3013001 ], [ 134.5103149, 7.3010807 ], [ 134.5101013, 7.3008723 ], [ 134.509903, 7.3006973 ], [ 134.5097504, 7.3005028 ], [ 134.5096436, 7.3002944 ], [ 134.509658800000011, 7.3000054 ], [ 134.5097504, 7.2998667 ], [ 134.509903, 7.2997165 ], [ 134.510147100000012, 7.2996359 ], [ 134.510513300000014, 7.2996359 ], [ 134.5106964, 7.2995305 ], [ 134.510894799999988, 7.2993221 ], [ 134.5110779, 7.2991166 ], [ 134.5112, 7.2989416 ], [ 134.5112763, 7.2987804 ], [ 134.5113983, 7.2985721 ], [ 134.511673, 7.2984667 ], [ 134.5118866, 7.2984667 ], [ 134.512085, 7.2984777 ], [ 134.5124054, 7.298697 ], [ 134.512619, 7.2988138 ], [ 134.51297, 7.2990918 ], [ 134.5131683, 7.2993693 ], [ 134.51327520000001, 7.2996473 ], [ 134.51327520000001, 7.2998667 ], [ 134.5132599, 7.300086 ], [ 134.5131989, 7.3003278 ], [ 134.512908900000014, 7.3007917 ], [ 134.5127258, 7.3010221 ], [ 134.5125732, 7.3012195 ], [ 134.5123749, 7.3014169 ], [ 134.512207, 7.3016224 ], [ 134.5121002, 7.3018084 ], [ 134.5118866, 7.3020058 ], [ 134.5116882, 7.3021555 ], [ 134.511367799999988, 7.3021193 ], [ 134.5111694, 7.3020058 ], [ 134.510788, 7.3015556 ] ] } },
{ "type": "Feature", "properties": { "RCID": 3989, "PRIM": 2, "GRUP": 2, "OBJL": 43, "RVER": 1, "AGEN": 550, "FIDN": 519133377, "FIDS": 9, "LNAM": "02261EF158C10009", "LNAM_REFS": null, "FFPT_RIND": null, "VALDCO": 2.0, "VERDAT": null, "INFORM": null, "NINFOM": null, "NTXTDS": null, "SCAMAX": null, "SCAMIN": 44999, "TXTDSC": null, "RECDAT": null, "RECIND": null, "SORDAT": null, "SORIND": null, "hypcat": null, "_enc_cell": "US4TB3P0" }, "geometry": { "type": "LineString", "coordinates": [ [ 134.514389, 7.2929721 ], [ 134.514373799999987, 7.292572 ], [ 134.5141754, 7.2919169 ], [ 134.5139465, 7.2914805 ], [ 134.513794, 7.2911167 ], [ 134.513534600000014, 7.2907391 ], [ 134.5128479, 7.2905054 ], [ 134.512207, 7.2902083 ], [ 134.5118713, 7.2902083 ], [ 134.5111847, 7.2900834 ], [ 134.5106812, 7.2900944 ], [ 134.5103607, 7.2902694 ], [ 134.5098877, 7.2904167 ], [ 134.5093536, 7.2904387 ], [ 134.5089417, 7.2903776 ], [ 134.5086365, 7.2903166 ], [ 134.5083313, 7.2901721 ], [ 134.5080719, 7.2900333 ], [ 134.5078583, 7.2899165 ], [ 134.5075684, 7.2898388 ], [ 134.50737, 7.2898083 ], [ 134.5072022, 7.2897029 ], [ 134.5070648, 7.2897167 ], [ 134.5069428, 7.2899303 ], [ 134.507034299999987, 7.2901249 ], [ 134.507141100000013, 7.2903276 ], [ 134.5071106, 7.2904835 ], [ 134.5071259, 7.2906556 ], [ 134.5071869, 7.2907863 ], [ 134.507400499999989, 7.2908554 ], [ 134.5074768, 7.2910137 ], [ 134.507721, 7.2913113 ], [ 134.5078125, 7.2916164 ], [ 134.5078278, 7.2918415 ], [ 134.5079346, 7.2920833 ], [ 134.5080566, 7.2923389 ], [ 134.508255, 7.292572 ], [ 134.508575400000012, 7.2927723 ], [ 134.5089264, 7.2928667 ], [ 134.5093689, 7.2928891 ], [ 134.509796099999988, 7.2928667 ], [ 134.510162400000013, 7.2927723 ], [ 134.510528599999986, 7.2926445 ], [ 134.510894799999988, 7.2925611 ], [ 134.5114136, 7.2925391 ], [ 134.5118256, 7.2925835 ], [ 134.5121613, 7.292614 ], [ 134.512558, 7.2928028 ], [ 134.5131989, 7.2932277 ], [ 134.5137177, 7.2934918 ], [ 134.5140228, 7.2939806 ], [ 134.5141907, 7.2942224 ], [ 134.514465300000012, 7.294425 ], [ 134.514724699999988, 7.2944555 ], [ 134.514953600000013, 7.2943916 ], [ 134.5149231, 7.2939057 ], [ 134.5147553, 7.2935557 ], [ 134.5145721, 7.2932391 ], [ 134.514389, 7.2929721 ] ] } },
{ "type": "Feature", "properties": { "RCID": 3990, "PRIM": 2, "GRUP": 2, "OBJL": 43, "RVER": 1, "AGEN": 550, "FIDN": 124196459, "FIDS": 9, "LNAM": "02260767166B0009", "LNAM_REFS": null, "FFPT_RIND": null, "VALDCO": 30.0, "VERDAT": null, "INFORM": null, "NINFOM": null, "NTXTDS": null, "SCAMAX": null, "SCAMIN": 89999, "TXTDSC": null, "RECDAT": null, "RECIND": null, "SORDAT": null, "SORIND": null, "hypcat": null, "_enc_cell": "US4TB3P0" }, "geometry": { "type": "LineString", "coordinates": [ [ 134.5144348, 7.3474054 ], [ 134.5144348, 7.34725 ], [ 134.514495899999986, 7.3470416 ], [ 134.5145721, 7.3469224 ], [ 134.5147095, 7.3468447 ], [ 134.514862099999988, 7.3467917 ], [ 134.5149994, 7.3467917 ], [ 134.515152, 7.3468447 ], [ 134.515319799999986, 7.3469749 ], [ 134.5153656, 7.3472109 ], [ 134.515335099999987, 7.3475251 ], [ 134.515213, 7.3477473 ], [ 134.5150299, 7.3478112 ], [ 134.5147858, 7.3477998 ], [ 134.5146332, 7.347786 ], [ 134.514480600000013, 7.3475251 ], [ 134.5144348, 7.3474054 ] ] } },
{ "type": "Feature", "properties": { "RCID": 3991, "PRIM": 2, "GRUP": 2, "OBJL": 43, "RVER": 1, "AGEN": 550, "FIDN": 720851540, "FIDS": 9, "LNAM": "02262AF752540009", "LNAM_REFS": null, "FFPT_RIND": null, "VALDCO": 20.0, "VERDAT": null, "INFORM": null, "NINFOM": null, "NTXTDS": null, "SCAMAX": null, "SCAMIN": 44999, "TXTDSC": null, "RECDAT": null, "RECIND": null, "SORDAT": null, "SORIND": null, "hypcat": null, "_enc_cell": "US4TB3P0" }, "geometry": { "type": "LineString", "coordinates": [ [ 134.5131226, 7.3522334 ], [ 134.5131836, 7.3521137 ], [ 134.5132446, 7.3519054 ], [ 134.5132446, 7.3518415 ], [ 134.5132446, 7.3518362 ], [ 134.5132599, 7.3517165 ], [ 134.5133209, 7.3515887 ], [ 134.5134583, 7.3514891 ], [ 134.5136108, 7.3514638 ], [ 134.5137024, 7.35145 ], [ 134.5139465, 7.3513804 ], [ 134.51409910000001, 7.3513498 ], [ 134.5142212, 7.3512306 ], [ 134.514373799999987, 7.3510919 ], [ 134.5144348, 7.3510137 ], [ 134.5145111, 7.3508639 ], [ 134.5145264, 7.3505054 ], [ 134.5145264, 7.350503 ], [ 134.5145264, 7.3504086 ], [ 134.5145721, 7.3502474 ], [ 134.5147553, 7.35005 ], [ 134.514953600000013, 7.3499112 ], [ 134.5151672, 7.3497415 ], [ 134.515335099999987, 7.3496027 ], [ 134.515441900000013, 7.3495221 ], [ 134.5155029, 7.3494749 ], [ 134.515588400000013, 7.3494318 ], [ 134.515701299999989, 7.3493748 ] ] } },
{ "type": "Feature", "properties": { "RCID": 3992, "PRIM": 2, "GRUP": 2, "OBJL": 43, "RVER": 1, "AGEN": 550, "FIDN": 110803186, "FIDS": 9, "LNAM": "0226069AB8F20009", "LNAM_REFS": null, "FFPT_RIND": null, "VALDCO": 5.0, "VERDAT": null, "INFORM": null, "NINFOM": null, "NTXTDS": null, "SCAMAX": null, "SCAMIN": 44999, "TXTDSC": null, "RECDAT": null, "RECIND": null, "SORDAT": null, "SORIND": null, "hypcat": null, "_enc_cell": "US4TB3P0" }, "geometry": { "type": "LineString", "coordinates": [ [ 134.5155029, 7.2970891 ], [ 134.5153809, 7.2969251 ], [ 134.5153046, 7.2967029 ], [ 134.5152435, 7.2963419 ], [ 134.5152435, 7.296114 ], [ 134.515319799999986, 7.2959418 ], [ 134.5155029, 7.295589 ], [ 134.515564, 7.2954168 ], [ 134.5156403, 7.2952137 ], [ 134.515686, 7.2950363 ], [ 134.515701299999989, 7.2948971 ], [ 134.5157166, 7.2947474 ], [ 134.515808099999987, 7.2946391 ], [ 134.515914900000013, 7.294589 ], [ 134.51602170000001, 7.2945695 ], [ 134.5161285, 7.2945805 ], [ 134.5162659, 7.2946639 ], [ 134.5163574, 7.2947974 ], [ 134.516403200000013, 7.2949805 ], [ 134.5164337, 7.2951641 ], [ 134.51651, 7.2954249 ], [ 134.5166016, 7.2956166 ], [ 134.5166168, 7.2956362 ] ] } },
{ "type": "Feature", "properties": { "RCID": 3993, "PRIM": 2, "GRUP": 2, "OBJL": 43, "RVER": 1, "AGEN": 550, "FIDN": 822770016, "FIDS": 9, "LNAM": "0226310A79600009", "LNAM_REFS": null, "FFPT_RIND": null, "VALDCO": 10.0, "VERDAT": null, "INFORM": null, "NINFOM": null, "NTXTDS": null, "SCAMAX": null, "SCAMIN": 44999, "TXTDSC": null, "RECDAT": null, "RECIND": null, "SORDAT": null, "SORIND": null, "hypcat": null, "_enc_cell": "US4TB3P0" }, "geometry": { "type": "LineString", "coordinates": [ [ 134.5168304, 7.3495083 ], [ 134.5166779, 7.3493748 ], [ 134.516571, 7.349236 ], [ 134.516403200000013, 7.3491082 ], [ 134.5162506, 7.3490582 ], [ 134.5160675, 7.3490887 ], [ 134.5159454, 7.3491359 ], [ 134.5158386, 7.3492556 ], [ 134.515823399999988, 7.3494835 ], [ 134.515808099999987, 7.3496833 ], [ 134.515808099999987, 7.3498335 ], [ 134.5157929, 7.3499665 ] ] } },
{ "type": "Feature", "properties": { "RCID": 3994, "PRIM": 2, "GRUP": 2, "OBJL": 43, "RVER": 1, "AGEN": 550, "FIDN": 42254835, "FIDS": 9, "LNAM": "02260284C1F30009", "LNAM_REFS": null, "FFPT_RIND": null, "VALDCO": 20.0, "VERDAT": null, "INFORM": null, "NINFOM": null, "NTXTDS": null, "SCAMAX": null, "SCAMIN": 44999, "TXTDSC": null, "RECDAT": null, "RECIND": null, "SORDAT": null, "SORIND": null, "hypcat": null, "_enc_cell": "US4TB3P0" }, "geometry": { "type": "LineString", "coordinates": [ [ 134.5170746, 7.3019943 ], [ 134.5171509, 7.3021002 ], [ 134.5172272, 7.3021889 ], [ 134.5173035, 7.3022862 ], [ 134.5174103, 7.3023863 ], [ 134.517471300000011, 7.3024359 ], [ 134.5175171, 7.3025026 ], [ 134.517608599999988, 7.3025694 ], [ 134.5176697, 7.3025889 ], [ 134.5177002, 7.3026137 ], [ 134.5179291, 7.3026805 ], [ 134.5180512, 7.3027306 ], [ 134.518141, 7.3027586 ], [ 134.518158, 7.3027639 ], [ 134.5182648, 7.3028083 ], [ 134.518325800000014, 7.3028278 ], [ 134.518447900000012, 7.3029556 ], [ 134.518447900000012, 7.3029614 ], [ 134.5184784, 7.3030391 ], [ 134.5184784, 7.3032584 ], [ 134.5184567, 7.3033276 ], [ 134.518447900000012, 7.3033557 ], [ 134.5183868, 7.3035002 ], [ 134.5182648, 7.3036194 ], [ 134.5180512, 7.3037472 ], [ 134.5178833, 7.3038364 ], [ 134.5176544, 7.3039193 ], [ 134.5172882, 7.3040028 ], [ 134.5169525, 7.30405 ], [ 134.5167542, 7.3040586 ], [ 134.51663210000001, 7.3040862 ], [ 134.5164337, 7.3041196 ], [ 134.516281099999986, 7.3041806 ], [ 134.516098, 7.3042665 ], [ 134.5159607, 7.3043776 ], [ 134.515808099999987, 7.3044667 ], [ 134.5157166, 7.3045168 ], [ 134.5155945, 7.3046165 ], [ 134.5154114, 7.3047252 ], [ 134.5153046, 7.30475 ], [ 134.5151215, 7.3047752 ], [ 134.5148926, 7.3048196 ], [ 134.514846799999987, 7.3048668 ], [ 134.5148163, 7.3049192 ], [ 134.5148163, 7.3050361 ], [ 134.514846799999987, 7.3051806 ], [ 134.5148926, 7.3052473 ], [ 134.514968900000014, 7.3054586 ], [ 134.5149994, 7.3055749 ], [ 134.5150452, 7.3057113 ], [ 134.515075700000011, 7.3058224 ], [ 134.515075700000011, 7.3059721 ], [ 134.5151367, 7.3061528 ], [ 134.5152435, 7.3063474 ], [ 134.5153503, 7.3064971 ], [ 134.515441900000013, 7.306603 ], [ 134.515548700000011, 7.3067141 ], [ 134.5156708, 7.3067308 ], [ 134.5157929, 7.3067308 ], [ 134.5158844, 7.306725 ], [ 134.5159912, 7.3066917 ], [ 134.5161438, 7.3066249 ], [ 134.5162354, 7.3065581 ], [ 134.5163269, 7.3064804 ], [ 134.516387900000012, 7.3064027 ], [ 134.516449, 7.3063583 ], [ 134.516571, 7.3062472 ], [ 134.516662599999989, 7.3062029 ], [ 134.5167542, 7.3061471 ], [ 134.516861, 7.3060947 ], [ 134.5169678, 7.3060279 ], [ 134.5170593, 7.3059502 ], [ 134.517257699999988, 7.3058333 ], [ 134.517349200000012, 7.3057942 ], [ 134.5175171, 7.3057942 ], [ 134.5176392, 7.3058391 ], [ 134.5176544, 7.3058558 ], [ 134.5176697, 7.3058863 ], [ 134.5177002, 7.3059945 ], [ 134.517730699999987, 7.3061304 ], [ 134.517730699999987, 7.3062806 ], [ 134.5177155, 7.3064084 ], [ 134.5176849, 7.3064666 ], [ 134.5176392, 7.3065581 ], [ 134.5175476, 7.3066473 ], [ 134.517471300000011, 7.3066974 ], [ 134.517364500000014, 7.306778 ], [ 134.517273, 7.3068833 ], [ 134.517257699999988, 7.3069887 ], [ 134.5172272, 7.3071446 ], [ 134.5172272, 7.3073974 ], [ 134.517242399999986, 7.3075113 ], [ 134.517242399999986, 7.3078361 ], [ 134.517257699999988, 7.3079944 ], [ 134.517242399999986, 7.3081389 ], [ 134.5173187, 7.3083057 ], [ 134.5174255, 7.3084831 ], [ 134.5175781, 7.3086276 ] ] } },
{ "type": "Feature", "properties": { "RCID": 3995, "PRIM": 2, "GRUP": 2, "OBJL": 43, "RVER": 1, "AGEN": 550, "FIDN": 153154019, "FIDS": 9, "LNAM": "02260920F1E30009", "LNAM_REFS": null, "FFPT_RIND": null, "VALDCO": 2.0, "VERDAT": null, "INFORM": null, "NINFOM": null, "NTXTDS": null, "SCAMAX": null, "SCAMIN": 44999, "TXTDSC": null, "RECDAT": null, "RECIND": null, "SORDAT": null, "SORIND": null, "hypcat": null, "_enc_cell": "US4TB3P0" }, "geometry": { "type": "LineString", "coordinates": [ [ 134.517944300000011, 7.3398027 ], [ 134.5180664, 7.3397389 ], [ 134.5181732, 7.3397026 ], [ 134.518325800000014, 7.339653 ], [ 134.5184937, 7.3396001 ], [ 134.518631, 7.3395557 ], [ 134.5187225, 7.339447 ], [ 134.518798800000013, 7.3393168 ], [ 134.518829399999987, 7.3391695 ], [ 134.5188446, 7.3389945 ], [ 134.518829399999987, 7.3389525 ], [ 134.518798800000013, 7.3388195 ], [ 134.5187225, 7.3386083 ], [ 134.5186615, 7.3384275 ], [ 134.5186005, 7.338275 ], [ 134.518447900000012, 7.338028 ], [ 134.5182953, 7.3378444 ], [ 134.5181427, 7.3377085 ], [ 134.517959600000012, 7.3376308 ], [ 134.5177918, 7.3376584 ], [ 134.5177002, 7.3377333 ], [ 134.5176697, 7.3377361 ], [ 134.517608599999988, 7.3377776 ], [ 134.5175476, 7.337872 ], [ 134.517486600000012, 7.337975 ], [ 134.5174255, 7.3381057 ], [ 134.5174255, 7.3381891 ], [ 134.5174408, 7.3382974 ], [ 134.517471300000011, 7.3383584 ], [ 134.5175476, 7.3384166 ], [ 134.5176239, 7.3384528 ], [ 134.5176392, 7.3384862 ], [ 134.5177155, 7.3385806 ], [ 134.517807, 7.338728 ], [ 134.517807, 7.3388472 ], [ 134.5177918, 7.3389444 ], [ 134.5177002, 7.3390803 ], [ 134.5175781, 7.3391471 ], [ 134.5174408, 7.3392391 ], [ 134.517364500000014, 7.3393168 ], [ 134.5173187, 7.3394361 ], [ 134.517334, 7.33955 ], [ 134.517364500000014, 7.3397193 ], [ 134.5174255, 7.3398333 ], [ 134.5175629, 7.3399 ], [ 134.517730699999987, 7.339911 ], [ 134.517837500000013, 7.3398442 ], [ 134.517944300000011, 7.3398027 ] ] } },
{ "type": "Feature", "properties": { "RCID": 3996, "PRIM": 2, "GRUP": 2, "OBJL": 43, "RVER": 1, "AGEN": 550, "FIDN": 313377813, "FIDS": 9, "LNAM": "022612ADC4150009", "LNAM_REFS": null, "FFPT_RIND": null, "VALDCO": 30.0, "VERDAT": null, "INFORM": null, "NINFOM": null, "NTXTDS": null, "SCAMAX": null, "SCAMIN": 89999, "TXTDSC": null, "RECDAT": null, "RECIND": null, "SORDAT": null, "SORIND": null, "hypcat": null, "_enc_cell": "US4TB3P0" }, "geometry": { "type": "LineString", "coordinates": [ [ 134.518814099999986, 7.3395581 ], [ 134.519058199999989, 7.3398085 ], [ 134.519104, 7.3400693 ], [ 134.519104, 7.3403554 ], [ 134.5190888, 7.3406305 ], [ 134.5190125, 7.3409834 ], [ 134.5189667, 7.3412724 ], [ 134.5188904, 7.3415194 ], [ 134.5187683, 7.3417692 ], [ 134.5186615, 7.3420305 ], [ 134.5185089, 7.342278 ], [ 134.518325800000014, 7.3425279 ], [ 134.51808170000001, 7.3429332 ], [ 134.5180206, 7.3431416 ], [ 134.5180054, 7.3433251 ], [ 134.5180359, 7.3435082 ], [ 134.518158, 7.3436251 ], [ 134.5183106, 7.3436389 ], [ 134.518447900000012, 7.3436251 ], [ 134.518631, 7.3435612 ], [ 134.5187168, 7.3434986 ], [ 134.5187225, 7.3434944 ], [ 134.5188446, 7.3433776 ], [ 134.5189667, 7.3431807 ] ] } },
{ "type": "Feature", "properties": { "RCID": 3997, "PRIM": 2, "GRUP": 2, "OBJL": 43, "RVER": 1, "AGEN": 550, "FIDN": 445165986, "FIDS": 9, "LNAM": "02261A88B1A20009", "LNAM_REFS": null, "FFPT_RIND": null, "VALDCO": 10.0, "VERDAT": null, "INFORM": null, "NINFOM": null, "NTXTDS": null, "SCAMAX": null, "SCAMIN": 44999, "TXTDSC": null, "RECDAT": null, "RECIND": null, "SORDAT": null, "SORIND": null, "hypcat": null, "_enc_cell": "US4TB3P0" }, "geometry": { "type": "LineString", "coordinates": [ [ 134.5182495, 7.3473806 ], [ 134.5181122, 7.3472028 ], [ 134.5179901, 7.3469248 ], [ 134.5179291, 7.3467751 ], [ 134.517868, 7.3466554 ], [ 134.5177918, 7.346539 ], [ 134.5177612, 7.3461499 ], [ 134.5177612, 7.3459415 ], [ 134.5178223, 7.3457332 ], [ 134.5179291, 7.3455944 ], [ 134.51808170000001, 7.3455443 ], [ 134.518234299999989, 7.3455558 ], [ 134.5183563, 7.3455749 ], [ 134.518447900000012, 7.3456168 ], [ 134.5185394, 7.3457446 ], [ 134.51855470000001, 7.345922 ], [ 134.518631, 7.3461056 ], [ 134.518692, 7.3462863 ], [ 134.5189514, 7.3465166 ], [ 134.519195599999989, 7.3466249 ], [ 134.519409200000013, 7.3465891 ] ] } },
{ "type": "Feature", "properties": { "RCID": 4000, "PRIM": 2, "GRUP": 2, "OBJL": 43, "RVER": 1, "AGEN": 550, "FIDN": 121924080, "FIDS": 9, "LNAM": "0226074469F00009", "LNAM_REFS": null, "FFPT_RIND": null, "VALDCO": 5.0, "VERDAT": null, "INFORM": null, "NINFOM": null, "NTXTDS": null, "SCAMAX": null, "SCAMIN": 44999, "TXTDSC": null, "RECDAT": null, "RECIND": null, "SORDAT": null, "SORIND": null, "hypcat": null, "_enc_cell": "US4TB3P0" }, "geometry": { "type": "LineString", "coordinates": [ [ 134.5205841, 7.346539 ], [ 134.52047730000001, 7.3466554 ], [ 134.52034, 7.3468251 ], [ 134.520263699999987, 7.3469443 ], [ 134.5201721, 7.3470526 ], [ 134.5200501, 7.3471141 ], [ 134.5199585, 7.3471446 ], [ 134.5198059, 7.3471446 ], [ 134.519668599999989, 7.3471026 ], [ 134.519577, 7.347014 ], [ 134.519531300000011, 7.3468251 ], [ 134.519531300000011, 7.3467169 ], [ 134.519577, 7.346539 ], [ 134.5196838, 7.3464084 ], [ 134.519775399999986, 7.3463502 ], [ 134.5198059, 7.3463221 ] ] } },
{ "type": "Feature", "properties": { "RCID": 4001, "PRIM": 2, "GRUP": 2, "OBJL": 43, "RVER": 1, "AGEN": 550, "FIDN": 726434790, "FIDS": 9, "LNAM": "02262B4C83E60009", "LNAM_REFS": null, "FFPT_RIND": null, "VALDCO": 10.0, "VERDAT": null, "INFORM": null, "NINFOM": null, "NTXTDS": null, "SCAMAX": null, "SCAMIN": 44999, "TXTDSC": null, "RECDAT": null, "RECIND": null, "SORDAT": null, "SORIND": null, "hypcat": null, "_enc_cell": "US4TB3P0" }, "geometry": { "type": "LineString", "coordinates": [ [ 134.5194397, 7.342628 ], [ 134.5195923, 7.3423834 ], [ 134.5196991, 7.342236 ], [ 134.520019499999989, 7.3420863 ], [ 134.5201874, 7.3420305 ], [ 134.520401, 7.342011 ], [ 134.5205231, 7.3421612 ], [ 134.5205841, 7.3423276 ], [ 134.5205994, 7.3425331 ], [ 134.5205689, 7.3426638 ], [ 134.520492600000011, 7.3428502 ], [ 134.5202789, 7.3430362 ] ] } },
{ "type": "Feature", "properties": { "RCID": 4003, "PRIM": 2, "GRUP": 2, "OBJL": 43, "RVER": 1, "AGEN": 550, "FIDN": 874751910, "FIDS": 9, "LNAM": "02263423A7A60009", "LNAM_REFS": null, "FFPT_RIND": null, "VALDCO": 50.0, "VERDAT": null, "INFORM": null, "NINFOM": null, "NTXTDS": null, "SCAMAX": null, "SCAMIN": 44999, "TXTDSC": null, "RECDAT": null, "RECIND": null, "SORDAT": null, "SORIND": null, "hypcat": null, "_enc_cell": "US4TB3P0" }, "geometry": { "type": "LineString", "coordinates": [ [ 134.5232849, 7.2741165 ], [ 134.5232086, 7.2740192 ], [ 134.522995, 7.2737918 ], [ 134.5227966, 7.2735667 ], [ 134.522674599999988, 7.2733054 ], [ 134.5225067, 7.2730165 ], [ 134.5224609, 7.2726584 ], [ 134.5224915, 7.2724333 ], [ 134.5225678, 7.2722387 ], [ 134.5227509, 7.2719641 ], [ 134.5228119, 7.2716889 ], [ 134.5228424, 7.271461 ] ] } },
{ "type": "Feature", "properties": { "RCID": 4004, "PRIM": 2, "GRUP": 2, "OBJL": 43, "RVER": 1, "AGEN": 550, "FIDN": 37189327, "FIDS": 9, "LNAM": "0226023776CF0009", "LNAM_REFS": null, "FFPT_RIND": null, "VALDCO": 20.0, "VERDAT": null, "INFORM": null, "NINFOM": null, "NTXTDS": null, "SCAMAX": null, "SCAMIN": 44999, "TXTDSC": null, "RECDAT": null, "RECIND": null, "SORDAT": null, "SORIND": null, "hypcat": null, "_enc_cell": "US4TB3P0" }, "geometry": { "type": "LineString", "coordinates": [ [ 134.522049, 7.341589 ], [ 134.5221405, 7.3414888 ], [ 134.5222626, 7.3413863 ], [ 134.5225067, 7.3412499 ], [ 134.522659299999987, 7.3412137 ], [ 134.5228119, 7.3411946 ], [ 134.5229187, 7.3411946 ], [ 134.5231018, 7.3413224 ], [ 134.5231781, 7.3413944 ], [ 134.5232239, 7.3414583 ], [ 134.5232849, 7.3415389 ], [ 134.523346, 7.341639 ] ] } },
{ "type": "Feature", "properties": { "RCID": 4005, "PRIM": 2, "GRUP": 2, "OBJL": 43, "RVER": 1, "AGEN": 550, "FIDN": 799718141, "FIDS": 9, "LNAM": "02262FAABAFD0009", "LNAM_REFS": null, "FFPT_RIND": null, "VALDCO": 20.0, "VERDAT": null, "INFORM": null, "NINFOM": null, "NTXTDS": null, "SCAMAX": null, "SCAMIN": 44999, "TXTDSC": null, "RECDAT": null, "RECIND": null, "SORDAT": null, "SORIND": null, "hypcat": null, "_enc_cell": "US4TB3P0" }, "geometry": { "type": "LineString", "coordinates": [ [ 134.524231, 7.2946777 ], [ 134.5245667, 7.2945056 ], [ 134.5249023, 7.2947249 ], [ 134.5251465, 7.2949252 ], [ 134.5252075, 7.2951779 ], [ 134.525177, 7.2953973 ], [ 134.5249176, 7.2956252 ], [ 134.524765, 7.295753 ], [ 134.5245514, 7.2957611 ], [ 134.524200400000012, 7.2955694 ], [ 134.52397160000001, 7.2953334 ], [ 134.5239563, 7.294961 ], [ 134.524231, 7.2946777 ] ] } },
{ "type": "Feature", "properties": { "RCID": 4006, "PRIM": 2, "GRUP": 2, "OBJL": 43, "RVER": 1, "AGEN": 550, "FIDN": 648024388, "FIDS": 9, "LNAM": "022626A011440009", "LNAM_REFS": null, "FFPT_RIND": null, "VALDCO": 100.0, "VERDAT": null, "INFORM": null, "NINFOM": null, "NTXTDS": null, "SCAMAX": null, "SCAMIN": 44999, "TXTDSC": null, "RECDAT": null, "RECIND": null, "SORDAT": null, "SORIND": null, "hypcat": null, "_enc_cell": "US4TB3P0" }, "geometry": { "type": "LineString", "coordinates": [ [ 134.5260773, 7.278203 ], [ 134.5259552, 7.2784777 ], [ 134.525921, 7.2785324 ], [ 134.5257416, 7.2788196 ], [ 134.5257416, 7.2790279 ], [ 134.5258331, 7.279336 ], [ 134.5259857, 7.2796917 ], [ 134.5260375, 7.2798145 ], [ 134.526062, 7.2798724 ], [ 134.5261688, 7.2800498 ], [ 134.5261993, 7.2802916 ], [ 134.526153599999986, 7.2806807 ], [ 134.5261255, 7.2807819 ], [ 134.5260773, 7.2809558 ], [ 134.5260773, 7.2812805 ], [ 134.526138300000014, 7.2814751 ], [ 134.526193799999987, 7.2815336 ], [ 134.5263519, 7.2817001 ], [ 134.5264587, 7.2819443 ], [ 134.526474, 7.2822499 ], [ 134.5263977, 7.2825112 ], [ 134.5262995, 7.2826961 ], [ 134.526260400000012, 7.2827697 ], [ 134.5261078, 7.283011 ], [ 134.5259247, 7.2833529 ], [ 134.5258179, 7.2836585 ], [ 134.5257263, 7.283978 ], [ 134.5256348, 7.2841082 ], [ 134.5254517, 7.2842612 ], [ 134.5253296, 7.2844 ], [ 134.525283800000011, 7.2844915 ], [ 134.5249023, 7.2848277 ], [ 134.524826100000013, 7.284914 ], [ 134.5245514, 7.2851887 ], [ 134.5241547, 7.2856975 ], [ 134.5239563, 7.2859197 ], [ 134.523620599999987, 7.2862582 ], [ 134.5234222, 7.2864027 ], [ 134.523147599999987, 7.2865028 ], [ 134.5228424, 7.2866249 ], [ 134.522522, 7.2867417 ], [ 134.522308399999986, 7.2868333 ], [ 134.52211, 7.2870474 ], [ 134.5220337, 7.2872167 ], [ 134.5220032, 7.2874084 ], [ 134.521926900000011, 7.2875776 ], [ 134.5217896, 7.2879696 ], [ 134.5217438, 7.2881918 ], [ 134.521698, 7.2883835 ], [ 134.5216571, 7.2884781 ], [ 134.521591199999989, 7.2886305 ] ] } },
{ "type": "Feature", "properties": { "RCID": 4007, "PRIM": 2, "GRUP": 2, "OBJL": 43, "RVER": 1, "AGEN": 550, "FIDN": 31850239, "FIDS": 9, "LNAM": "022601E5FEFF0009", "LNAM_REFS": null, "FFPT_RIND": null, "VALDCO": 30.0, "VERDAT": null, "INFORM": null, "NINFOM": null, "NTXTDS": null, "SCAMAX": null, "SCAMIN": 89999, "TXTDSC": null, "RECDAT": null, "RECIND": null, "SORDAT": null, "SORIND": null, "hypcat": null, "_enc_cell": "US4TB3P0" }, "geometry": { "type": "LineString", "coordinates": [ [ 134.5253601, 7.2869 ], [ 134.5253449, 7.2867222 ], [ 134.5253143, 7.2866278 ], [ 134.525299100000012, 7.286561 ], [ 134.525285, 7.2865278 ], [ 134.5252686, 7.286489 ], [ 134.5252075, 7.2863336 ], [ 134.525161700000012, 7.2862029 ], [ 134.5251312, 7.2861109 ], [ 134.525116, 7.285903 ], [ 134.5251007, 7.2857585 ], [ 134.525070199999988, 7.285511 ], [ 134.525054899999986, 7.2853055 ], [ 134.525054899999986, 7.2850971 ], [ 134.5251007, 7.2849221 ], [ 134.525192299999986, 7.284822 ], [ 134.525283800000011, 7.284761 ], [ 134.525421099999988, 7.2846918 ], [ 134.5256043, 7.2846665 ], [ 134.5257111, 7.2846832 ], [ 134.5258026, 7.2847223 ], [ 134.5259705, 7.284822 ], [ 134.5260925, 7.2848835 ], [ 134.5262299, 7.2848916 ], [ 134.52636720000001, 7.2848835 ], [ 134.5264893, 7.2848611 ], [ 134.5264963, 7.2848606 ], [ 134.526611300000013, 7.284853 ], [ 134.5268402, 7.284822 ], [ 134.5271606, 7.2847056 ] ] } },
{ "type": "Feature", "properties": { "RCID": 4008, "PRIM": 2, "GRUP": 2, "OBJL": 43, "RVER": 1, "AGEN": 550, "FIDN": 762640507, "FIDS": 9, "LNAM": "02262D74F87B0009", "LNAM_REFS": null, "FFPT_RIND": null, "VALDCO": 20.0, "VERDAT": null, "INFORM": null, "NINFOM": null, "NTXTDS": null, "SCAMAX": null, "SCAMIN": 44999, "TXTDSC": null, "RECDAT": null, "RECIND": null, "SORDAT": null, "SORIND": null, "hypcat": null, "_enc_cell": "US4TB3P0" }, "geometry": { "type": "LineString", "coordinates": [ [ 134.5323486, 7.2796583 ], [ 134.5327301, 7.2795916 ], [ 134.5330658, 7.2794223 ], [ 134.533233599999988, 7.2791863 ], [ 134.5331879, 7.2789111 ], [ 134.533004799999986, 7.2787137 ], [ 134.5327759, 7.2785835 ], [ 134.532486, 7.2785692 ], [ 134.532135, 7.2785974 ] ] } },
{ "type": "Feature", "properties": { "RCID": 4009, "PRIM": 2, "GRUP": 2, "OBJL": 43, "RVER": 1, "AGEN": 550, "FIDN": 93270254, "FIDS": 9, "LNAM": "0226058F30EE0009", "LNAM_REFS": null, "FFPT_RIND": null, "VALDCO": 30.0, "VERDAT": null, "INFORM": null, "NINFOM": null, "NTXTDS": null, "SCAMAX": null, "SCAMIN": 89999, "TXTDSC": null, "RECDAT": null, "RECIND": null, "SORDAT": null, "SORIND": null, "hypcat": null, "_enc_cell": "US4TB3P0" }, "geometry": { "type": "LineString", "coordinates": [ [ 134.5347595, 7.2970138 ], [ 134.5346985, 7.297286 ], [ 134.534683199999989, 7.2973166 ], [ 134.534683199999989, 7.2974582 ], [ 134.5346375, 7.2976193 ], [ 134.5344696, 7.2977529 ], [ 134.534423800000013, 7.2977696 ], [ 134.5343018, 7.2978168 ], [ 134.5341644, 7.2978501 ], [ 134.5340424, 7.2978668 ], [ 134.5338898, 7.2978835 ], [ 134.5331726, 7.2978835 ], [ 134.53302, 7.2977362 ], [ 134.532959, 7.2975721 ], [ 134.5329437, 7.2975555 ], [ 134.5328522, 7.2973752 ], [ 134.5327148, 7.2972612 ], [ 134.532547, 7.2971611 ], [ 134.5323486, 7.2971611 ], [ 134.5321045, 7.2971945 ], [ 134.5319519, 7.2972779 ], [ 134.5317688, 7.2974415 ], [ 134.5316925, 7.2975054 ], [ 134.531601, 7.2975721 ], [ 134.5313873, 7.2977529 ], [ 134.531173700000011, 7.2978835 ], [ 134.531066900000013, 7.2980971 ], [ 134.5309753, 7.2982779 ], [ 134.530838, 7.2985721 ], [ 134.5307159, 7.2987027 ], [ 134.530471799999987, 7.2988167 ], [ 134.530105600000013, 7.2988668 ], [ 134.5298004, 7.2988 ], [ 134.5296783, 7.2987528 ], [ 134.529525799999988, 7.2986054 ], [ 134.5294647, 7.2983918 ], [ 134.5294342, 7.298111 ], [ 134.529403699999989, 7.2977638 ], [ 134.529403699999989, 7.2977362 ], [ 134.529266400000012, 7.2975555 ], [ 134.5290833, 7.2975388 ], [ 134.528671300000013, 7.2978001 ], [ 134.5286255, 7.297853 ], [ 134.5284882, 7.2980304 ], [ 134.5283508, 7.2981944 ], [ 134.5282135, 7.2983918 ], [ 134.5280457, 7.2985058 ], [ 134.52780150000001, 7.2986527 ], [ 134.5276337, 7.2987027 ], [ 134.5275269, 7.2987166 ], [ 134.5274353, 7.2987166 ], [ 134.5272522, 7.2986555 ], [ 134.5271759, 7.2985668 ], [ 134.5271759, 7.2983999 ], [ 134.5270691, 7.2981443 ], [ 134.5269165, 7.2980332 ], [ 134.526870699999989, 7.2979946 ], [ 134.5265503, 7.2979641 ], [ 134.526245100000011, 7.2979641 ], [ 134.526153599999986, 7.297997 ], [ 134.526001, 7.2980528 ], [ 134.5259247, 7.2981887 ], [ 134.5258789, 7.2983694 ], [ 134.5258789, 7.2985363 ], [ 134.52589420000001, 7.2987609 ], [ 134.5259857, 7.2989721 ], [ 134.5263977, 7.2990918 ], [ 134.5265656, 7.2991223 ], [ 134.526718100000011, 7.2992277 ], [ 134.5267944, 7.2993331 ], [ 134.526825, 7.2994695 ], [ 134.526825, 7.2997241 ], [ 134.526825, 7.2997861 ], [ 134.5267944, 7.2999973 ], [ 134.526748700000013, 7.3001919 ], [ 134.526641899999987, 7.3003445 ], [ 134.526535, 7.3004637 ], [ 134.5263519, 7.3005557 ], [ 134.5261688, 7.3006167 ], [ 134.5259857, 7.3004804 ], [ 134.5258331, 7.3003445 ], [ 134.5254364, 7.299953 ], [ 134.5253299, 7.2998961 ], [ 134.525238, 7.2998471 ], [ 134.525085499999989, 7.2997723 ], [ 134.5248718, 7.2997112 ], [ 134.5246429, 7.2996502 ], [ 134.524337800000012, 7.2996197 ], [ 134.5237579, 7.2996359 ], [ 134.5235291, 7.2996502 ], [ 134.5233002, 7.2997417 ], [ 134.5230713, 7.2998304 ], [ 134.522781400000014, 7.2998471 ], [ 134.522583, 7.2998166 ], [ 134.5224762, 7.2996974 ], [ 134.5223389, 7.2993641 ], [ 134.5223389, 7.2991223 ], [ 134.5224457, 7.2986722 ], [ 134.5224609, 7.2984138 ], [ 134.5223694, 7.2981887 ], [ 134.5222626, 7.298039 ], [ 134.5221252, 7.2979331 ], [ 134.5218658, 7.2975721 ], [ 134.5216217, 7.2974668 ], [ 134.5214691, 7.2975721 ], [ 134.5214081, 7.2977223 ], [ 134.521331800000013, 7.2978859 ], [ 134.521286, 7.2981749 ], [ 134.521225, 7.2983861 ], [ 134.5211945, 7.2985668 ], [ 134.5211945, 7.2988362 ], [ 134.5212555, 7.2991529 ], [ 134.5214081, 7.2993641 ], [ 134.5215302, 7.2996974 ], [ 134.5214233, 7.2999363 ], [ 134.521225, 7.3000417 ], [ 134.520813, 7.3000417 ], [ 134.5206604, 7.3001332 ], [ 134.5205927, 7.3004413 ], [ 134.5205841, 7.3004804 ], [ 134.5203857, 7.3007054 ], [ 134.5199585, 7.3009028 ], [ 134.5196838, 7.3008862 ], [ 134.5195007, 7.3008113 ], [ 134.5193481, 7.3006611 ], [ 134.519321600000012, 7.3005876 ], [ 134.5192719, 7.3004499 ], [ 134.519287100000014, 7.3002834 ], [ 134.5193634, 7.3000584 ], [ 134.519455, 7.2998915 ], [ 134.519653299999987, 7.2997723 ], [ 134.5199432, 7.2996974 ], [ 134.5201874, 7.2996807 ], [ 134.5204468, 7.2996197 ], [ 134.520629899999989, 7.2994862 ], [ 134.5206757, 7.2993498 ], [ 134.5206909, 7.2991695 ], [ 134.5206451, 7.2989721 ], [ 134.5205536, 7.2987304 ], [ 134.520462, 7.2985501 ], [ 134.52034, 7.2983389 ], [ 134.5202179, 7.2980084 ], [ 134.5202332, 7.2977972 ], [ 134.5202942, 7.297586 ], [ 134.520355200000012, 7.2974806 ], [ 134.52047730000001, 7.2973137 ], [ 134.5205078, 7.2971501 ], [ 134.5205078, 7.2969694 ], [ 134.5203857, 7.2967863 ], [ 134.5202789, 7.2967 ], [ 134.5202179, 7.2966528 ], [ 134.5200958, 7.2966085 ], [ 134.5198059, 7.2965918 ], [ 134.5195923, 7.2966223 ], [ 134.519531300000011, 7.2966499 ], [ 134.519409200000013, 7.2966971 ], [ 134.5192566, 7.2968168 ], [ 134.519104, 7.2970443 ], [ 134.5189514, 7.2973304 ], [ 134.5188751, 7.297647 ], [ 134.5188446, 7.2979169 ], [ 134.5188599, 7.298264 ], [ 134.5188599, 7.2985058 ], [ 134.5188751, 7.298686 ], [ 134.518936200000013, 7.2989721 ], [ 134.5189972, 7.2991834 ], [ 134.5189972, 7.2995915 ], [ 134.518920900000012, 7.2997556 ], [ 134.5186615, 7.2999082 ], [ 134.5185242, 7.2999334 ], [ 134.5182648, 7.2999334 ], [ 134.5178223, 7.2999001 ], [ 134.5174103, 7.2998333 ], [ 134.5169373, 7.2997026 ], [ 134.5164795, 7.2995558 ], [ 134.5161896, 7.2992611 ], [ 134.5158844, 7.2988334 ], [ 134.5157929, 7.2983251 ], [ 134.5157929, 7.2978334 ], [ 134.5157166, 7.2974582 ] ] } },
{ "type": "Feature", "properties": { "RCID": 4011, "PRIM": 2, "GRUP": 2, "OBJL": 43, "RVER": 1, "AGEN": 550, "FIDN": 384313634, "FIDS": 9, "LNAM": "022616E829220009", "LNAM_REFS": null, "FFPT_RIND": null, "VALDCO": 30.0, "VERDAT": null, "INFORM": null, "NINFOM": null, "NTXTDS": null, "SCAMAX": null, "SCAMIN": 89999, "TXTDSC": null, "RECDAT": null, "RECIND": null, "SORDAT": null, "SORIND": null, "hypcat": null, "_enc_cell": "US4TB3P0" }, "geometry": { "type": "LineString", "coordinates": [ [ 134.5382538, 7.2909164 ], [ 134.538024900000011, 7.2909055 ], [ 134.5379791, 7.2909164 ], [ 134.5377502, 7.2908669 ], [ 134.5376282, 7.2906861 ], [ 134.5376129, 7.2903891 ], [ 134.5377045, 7.290175 ], [ 134.5378265, 7.2899942 ], [ 134.537902800000012, 7.2897639 ], [ 134.5379791, 7.2895498 ], [ 134.538147, 7.2893028 ], [ 134.538299599999988, 7.2891722 ], [ 134.5385284, 7.2891221 ], [ 134.5388184, 7.2891555 ], [ 134.538971, 7.2892528 ], [ 134.5391083, 7.289403 ], [ 134.5391541, 7.2895832 ], [ 134.5391541, 7.2897081 ], [ 134.5391693, 7.289753 ], [ 134.5392304, 7.289886 ], [ 134.5393372, 7.2899723 ], [ 134.539489800000013, 7.2900195 ], [ 134.53959660000001, 7.2900696 ], [ 134.539718599999986, 7.2901363 ], [ 134.5398102, 7.2902331 ], [ 134.5398102, 7.2903805 ], [ 134.539749199999989, 7.2905278 ], [ 134.5396729, 7.2906303 ], [ 134.539566, 7.2907195 ], [ 134.5394135, 7.2908082 ], [ 134.5392304, 7.2908554 ], [ 134.5389252, 7.2908721 ], [ 134.538650499999989, 7.2909112 ], [ 134.538513200000011, 7.2909222 ], [ 134.5382538, 7.2909164 ] ] } },
{ "type": "Feature", "properties": { "RCID": 4012, "PRIM": 2, "GRUP": 2, "OBJL": 43, "RVER": 1, "AGEN": 550, "FIDN": 953436304, "FIDS": 9, "LNAM": "022638D448900009", "LNAM_REFS": null, "FFPT_RIND": null, "VALDCO": 30.0, "VERDAT": null, "INFORM": null, "NINFOM": null, "NTXTDS": null, "SCAMAX": null, "SCAMIN": 89999, "TXTDSC": null, "RECDAT": null, "RECIND": null, "SORDAT": null, "SORIND": null, "hypcat": null, "_enc_cell": "US4TB3P0" }, "geometry": { "type": "LineString", "coordinates": [ [ 134.53610230000001, 7.2688556 ], [ 134.535781899999989, 7.2689638 ], [ 134.535644499999989, 7.269053 ], [ 134.535553, 7.2691417 ], [ 134.5355377, 7.2693749 ], [ 134.5356751, 7.2696252 ], [ 134.535781899999989, 7.2697859 ], [ 134.535888699999987, 7.2698946 ], [ 134.5360718, 7.2700195 ], [ 134.5362091, 7.2701082 ], [ 134.536483800000013, 7.2702165 ], [ 134.53671270000001, 7.2703419 ], [ 134.536956800000013, 7.2705388 ], [ 134.5370178, 7.2706471 ], [ 134.5371246, 7.2707529 ], [ 134.537200899999988, 7.2709498 ], [ 134.537200899999988, 7.2711639 ], [ 134.5371094, 7.2713609 ], [ 134.5367737, 7.2716832 ], [ 134.5365601, 7.2719002 ], [ 134.5362701, 7.2721305 ], [ 134.5360107, 7.2723112 ], [ 134.5356903, 7.2724891 ], [ 134.5354767, 7.2727056 ], [ 134.5353394, 7.2729363 ], [ 134.535293599999989, 7.2732248 ], [ 134.535293599999989, 7.2734194 ], [ 134.5353699, 7.2736197 ], [ 134.535491900000011, 7.273778 ], [ 134.5355377, 7.2739945 ], [ 134.535553, 7.2742276 ], [ 134.535629300000011, 7.274478 ], [ 134.5357056, 7.2747278 ], [ 134.5360107, 7.2750335 ], [ 134.536346400000014, 7.2752276 ], [ 134.536727899999988, 7.2754083 ], [ 134.537307700000014, 7.2755694 ], [ 134.5377045, 7.2756414 ], [ 134.5380554, 7.2758026 ], [ 134.538299599999988, 7.2759442 ], [ 134.538513200000011, 7.2763224 ], [ 134.5385742, 7.2766585 ], [ 134.5386963, 7.2773752 ], [ 134.5387268, 7.2777138 ], [ 134.538772599999987, 7.2780361 ], [ 134.5388031, 7.2782693 ], [ 134.5387421, 7.2786083 ], [ 134.53862, 7.2789307 ], [ 134.538559, 7.2791834 ], [ 134.5384216, 7.2795749 ], [ 134.5383301, 7.2798805 ], [ 134.538147, 7.2802029 ], [ 134.5379486, 7.2805085 ], [ 134.537811299999987, 7.2807584 ], [ 134.5377197, 7.2810249 ], [ 134.5376129, 7.2812777 ], [ 134.53753660000001, 7.2816167 ], [ 134.5374908, 7.281939 ], [ 134.537551900000011, 7.2822776 ], [ 134.537735, 7.2825308 ], [ 134.5378265, 7.2827859 ], [ 134.537902800000012, 7.2829471 ], [ 134.537933399999986, 7.2831111 ], [ 134.537933399999986, 7.2833972 ], [ 134.5378876, 7.283628 ], [ 134.5378418, 7.2839332 ], [ 134.5378265, 7.2841835 ], [ 134.5379791, 7.2844 ], [ 134.5382385, 7.2844887 ], [ 134.5384369, 7.2845612 ], [ 134.5386963, 7.2847223 ], [ 134.538879400000013, 7.2849002 ], [ 134.5390167, 7.2850084 ], [ 134.5391693, 7.2851696 ], [ 134.5392151, 7.2854195 ], [ 134.539260899999988, 7.2855444 ], [ 134.539489800000013, 7.2855806 ], [ 134.5396729, 7.2855806 ], [ 134.5398865, 7.2856169 ], [ 134.540100099999989, 7.2857251 ], [ 134.5401459, 7.2859778 ], [ 134.5401611, 7.2862082 ] ] } },
{ "type": "Feature", "properties": { "RCID": 4013, "PRIM": 2, "GRUP": 2, "OBJL": 43, "RVER": 1, "AGEN": 550, "FIDN": 991959007, "FIDS": 9, "LNAM": "02263B2017DF0009", "LNAM_REFS": null, "FFPT_RIND": null, "VALDCO": 2.0, "VERDAT": null, "INFORM": null, "NINFOM": null, "NTXTDS": null, "SCAMAX": null, "SCAMIN": 44999, "TXTDSC": null, "RECDAT": null, "RECIND": null, "SORDAT": null, "SORIND": null, "hypcat": null, "_enc_cell": "US4TB3P0" }, "geometry": { "type": "LineString", "coordinates": [ [ 134.5490112, 7.2781472 ], [ 134.5490723, 7.2780776 ], [ 134.5491333, 7.2780361 ], [ 134.5493012, 7.2779527 ], [ 134.5494995, 7.2778807 ], [ 134.5496674, 7.2778583 ], [ 134.54982, 7.2778473 ], [ 134.549881, 7.2778583 ] ] } },
{ "type": "Feature", "properties": { "RCID": 4014, "PRIM": 2, "GRUP": 2, "OBJL": 43, "RVER": 1, "AGEN": 550, "FIDN": 929934517, "FIDS": 9, "LNAM": "0226376DACB50009", "LNAM_REFS": null, "FFPT_RIND": null, "VALDCO": 10.0, "VERDAT": null, "INFORM": null, "NINFOM": null, "NTXTDS": null, "SCAMAX": null, "SCAMIN": 44999, "TXTDSC": null, "RECDAT": null, "RECIND": null, "SORDAT": null, "SORIND": null, "hypcat": null, "_enc_cell": "US4TB3P0" }, "geometry": { "type": "LineString", "coordinates": [ [ 134.5503388, 7.3021779 ], [ 134.5499115, 7.3023944 ], [ 134.5497742, 7.3024473 ], [ 134.5492706, 7.3027167 ], [ 134.5491638, 7.3027859 ], [ 134.5490265, 7.3028417 ], [ 134.548858599999988, 7.3028584 ], [ 134.5487061, 7.3028584 ], [ 134.5485382, 7.3028054 ], [ 134.54837040000001, 7.3026085 ], [ 134.5482941, 7.3024306 ], [ 134.548263600000013, 7.3022862 ], [ 134.548263600000013, 7.3020887 ], [ 134.5482941, 7.301786 ], [ 134.5483551, 7.3016248 ], [ 134.5484619, 7.3014083 ], [ 134.5485382, 7.3012834 ], [ 134.548614500000014, 7.300889 ], [ 134.54884340000001, 7.3004055 ], [ 134.5489044, 7.3002639 ], [ 134.5489655, 7.3000832 ] ] } },
{ "type": "Feature", "properties": { "RCID": 4015, "PRIM": 2, "GRUP": 2, "OBJL": 43, "RVER": 1, "AGEN": 550, "FIDN": 526735097, "FIDS": 9, "LNAM": "02261F6556F90009", "LNAM_REFS": null, "FFPT_RIND": null, "VALDCO": 30.0, "VERDAT": null, "INFORM": null, "NINFOM": null, "NTXTDS": null, "SCAMAX": null, "SCAMIN": 89999, "TXTDSC": null, "RECDAT": null, "RECIND": null, "SORDAT": null, "SORIND": null, "hypcat": null, "_enc_cell": "US4TB3P0" }, "geometry": { "type": "LineString", "coordinates": [ [ 134.5503388, 7.3037748 ], [ 134.550659200000013, 7.3039665 ], [ 134.550781300000011, 7.3041277 ], [ 134.5508575, 7.304275 ], [ 134.5508728, 7.3044667 ] ] } },
{ "type": "Feature", "properties": { "RCID": 4016, "PRIM": 2, "GRUP": 2, "OBJL": 43, "RVER": 1, "AGEN": 550, "FIDN": 189337593, "FIDS": 9, "LNAM": "02260B490FF90009", "LNAM_REFS": null, "FFPT_RIND": null, "VALDCO": 20.0, "VERDAT": null, "INFORM": null, "NINFOM": null, "NTXTDS": null, "SCAMAX": null, "SCAMIN": 44999, "TXTDSC": null, "RECDAT": null, "RECIND": null, "SORDAT": null, "SORIND": null, "hypcat": null, "_enc_cell": "US4TB3P0" }, "geometry": { "type": "LineString", "coordinates": [ [ 134.5504608, 7.3024693 ], [ 134.550643900000011, 7.302578 ], [ 134.551025399999986, 7.3027334 ], [ 134.551178, 7.3028889 ], [ 134.5512848, 7.3031335 ], [ 134.551178, 7.303453 ], [ 134.551010100000013, 7.3035612 ], [ 134.550918599999989, 7.3035946 ], [ 134.5506897, 7.3035946 ], [ 134.5505066, 7.3036113 ], [ 134.5503235, 7.3036113 ], [ 134.550170900000012, 7.3035946 ], [ 134.5499878, 7.3035221 ], [ 134.54982, 7.3033972 ], [ 134.5495148, 7.3032279 ], [ 134.549209600000012, 7.3030028 ] ] } },
{ "type": "Feature", "properties": { "RCID": 4017, "PRIM": 2, "GRUP": 2, "OBJL": 43, "RVER": 1, "AGEN": 550, "FIDN": 383572443, "FIDS": 9, "LNAM": "022616DCD9DB0009", "LNAM_REFS": null, "FFPT_RIND": null, "VALDCO": 30.0, "VERDAT": null, "INFORM": null, "NINFOM": null, "NTXTDS": null, "SCAMAX": null, "SCAMIN": 89999, "TXTDSC": null, "RECDAT": null, "RECIND": null, "SORDAT": null, "SORIND": null, "hypcat": null, "_enc_cell": "US4TB3P0" }, "geometry": { "type": "LineString", "coordinates": [ [ 134.553299, 7.2973471 ], [ 134.5537567, 7.2971859 ], [ 134.5540619, 7.2972498 ], [ 134.554275499999989, 7.2975249 ], [ 134.554275499999989, 7.2977667 ], [ 134.5541534, 7.2979946 ], [ 134.5540772, 7.2981224 ], [ 134.553833, 7.2981863 ], [ 134.553527800000012, 7.2981863 ], [ 134.553299, 7.2980723 ], [ 134.5532074, 7.2977834 ], [ 134.5532379, 7.2975583 ], [ 134.553299, 7.2973471 ] ] } },
{ "type": "Feature", "properties": { "RCID": 4018, "PRIM": 2, "GRUP": 2, "OBJL": 43, "RVER": 1, "AGEN": 550, "FIDN": 699618176, "FIDS": 9, "LNAM": "022629B353800009", "LNAM_REFS": null, "FFPT_RIND": null, "VALDCO": 20.0, "VERDAT": null, "INFORM": null, "NINFOM": null, "NTXTDS": null, "SCAMAX": null, "SCAMIN": 44999, "TXTDSC": null, "RECDAT": null, "RECIND": null, "SORDAT": null, "SORIND": null, "hypcat": null, "_enc_cell": "US4TB3P0" }, "geometry": { "type": "LineString", "coordinates": [ [ 134.5560913, 7.3051806 ], [ 134.556488, 7.3052974 ], [ 134.5566406, 7.3054557 ], [ 134.5568695, 7.3055334 ], [ 134.557159399999989, 7.3058085 ], [ 134.5574341, 7.3060803 ], [ 134.5575256, 7.3065414 ], [ 134.5574646, 7.3070641 ], [ 134.557266199999987, 7.3074002 ], [ 134.5568695, 7.3074641 ], [ 134.5563812, 7.3074193 ], [ 134.5561371, 7.3072529 ], [ 134.5557404, 7.3068972 ], [ 134.5555267, 7.3065 ], [ 134.555481, 7.3061419 ], [ 134.5552673, 7.3057666 ], [ 134.5553284, 7.3054166 ], [ 134.5560913, 7.3051806 ] ] } },
{ "type": "Feature", "properties": { "RCID": 4019, "PRIM": 2, "GRUP": 2, "OBJL": 43, "RVER": 1, "AGEN": 550, "FIDN": 718906785, "FIDS": 9, "LNAM": "02262AD9A5A10009", "LNAM_REFS": null, "FFPT_RIND": null, "VALDCO": 30.0, "VERDAT": null, "INFORM": null, "NINFOM": null, "NTXTDS": null, "SCAMAX": null, "SCAMIN": 89999, "TXTDSC": null, "RECDAT": null, "RECIND": null, "SORDAT": null, "SORIND": null, "hypcat": null, "_enc_cell": "US4TB3P0" }, "geometry": { "type": "LineString", "coordinates": [ [ 134.5630798, 7.3130918 ], [ 134.562851, 7.312736 ], [ 134.5628815, 7.3125029 ], [ 134.5630188, 7.312439 ], [ 134.563278200000013, 7.3123832 ], [ 134.563522299999988, 7.3123832 ], [ 134.5637817, 7.3124557 ], [ 134.563858, 7.3125916 ], [ 134.563858, 7.3127637 ], [ 134.5637817, 7.3129363 ], [ 134.563446, 7.3131752 ], [ 134.5630798, 7.3130918 ] ] } },
{ "type": "Feature", "properties": { "RCID": 4020, "PRIM": 2, "GRUP": 2, "OBJL": 43, "RVER": 1, "AGEN": 550, "FIDN": 806991601, "FIDS": 9, "LNAM": "02263019B6F10009", "LNAM_REFS": null, "FFPT_RIND": null, "VALDCO": 0.0, "VERDAT": null, "INFORM": null, "NINFOM": null, "NTXTDS": null, "SCAMAX": null, "SCAMIN": 89999, "TXTDSC": null, "RECDAT": null, "RECIND": null, "SORDAT": null, "SORIND": null, "hypcat": null, "_enc_cell": "US4TB3P0" }, "geometry": { "type": "LineString", "coordinates": [ [ 134.5712738, 7.3462696 ], [ 134.5713654, 7.346786 ], [ 134.57164, 7.3477335 ], [ 134.571823099999989, 7.3482499 ], [ 134.571991, 7.3488832 ], [ 134.572113, 7.3493056 ], [ 134.5721436, 7.3494058 ] ] } },
{ "type": "Feature", "properties": { "RCID": 4021, "PRIM": 2, "GRUP": 2, "OBJL": 43, "RVER": 1, "AGEN": 550, "FIDN": 245118586, "FIDS": 9, "LNAM": "02260E9C367A0009", "LNAM_REFS": null, "FFPT_RIND": null, "VALDCO": 10.0, "VERDAT": null, "INFORM": null, "NINFOM": null, "NTXTDS": null, "SCAMAX": null, "SCAMIN": 44999, "TXTDSC": null, "RECDAT": null, "RECIND": null, "SORDAT": null, "SORIND": null, "hypcat": null, "_enc_cell": "US4TB3P0" }, "geometry": { "type": "LineString", "coordinates": [ [ 134.581436200000013, 7.3242693 ], [ 134.581604, 7.3242807 ], [ 134.5817261, 7.3243694 ], [ 134.5817719, 7.3244944 ], [ 134.581802399999987, 7.3246527 ], [ 134.5817261, 7.324903 ], [ 134.5815735, 7.3250027 ], [ 134.581298800000013, 7.3250194 ], [ 134.5811615, 7.3248863 ], [ 134.581131, 7.3246694 ], [ 134.5811768, 7.32445 ], [ 134.581298800000013, 7.3243165 ], [ 134.581436200000013, 7.3242693 ] ] } },
{ "type": "Feature", "properties": { "RCID": 4022, "PRIM": 2, "GRUP": 2, "OBJL": 43, "RVER": 1, "AGEN": 550, "FIDN": 151085373, "FIDS": 9, "LNAM": "02260901613D0009", "LNAM_REFS": null, "FFPT_RIND": null, "VALDCO": 200.0, "VERDAT": null, "INFORM": null, "NINFOM": null, "NTXTDS": null, "SCAMAX": null, "SCAMIN": 44999, "TXTDSC": null, "RECDAT": null, "RECIND": null, "SORDAT": null, "SORIND": null, "hypcat": null, "_enc_cell": "US4TB3P0" }, "geometry": { "type": "LineString", "coordinates": [ [ 134.5788727, 7.3172917 ], [ 134.579422, 7.3172474 ], [ 134.5801544, 7.3173361 ], [ 134.5808716, 7.317564 ], [ 134.5815125, 7.3180609 ], [ 134.5821838, 7.3186026 ], [ 134.5825501, 7.3191915 ], [ 134.5826874, 7.3195529 ] ] } },
{ "type": "Feature", "properties": { "RCID": 4023, "PRIM": 2, "GRUP": 2, "OBJL": 43, "RVER": 1, "AGEN": 550, "FIDN": 623732994, "FIDS": 9, "LNAM": "0226252D69020009", "LNAM_REFS": null, "FFPT_RIND": null, "VALDCO": 30.0, "VERDAT": null, "INFORM": null, "NINFOM": null, "NTXTDS": null, "SCAMAX": null, "SCAMIN": 89999, "TXTDSC": null, "RECDAT": null, "RECIND": null, "SORDAT": null, "SORIND": null, "hypcat": null, "_enc_cell": "US4TB3P0" }, "geometry": { "type": "LineString", "coordinates": [ [ 134.5800781, 7.3379388 ], [ 134.579834, 7.3373447 ], [ 134.5798187, 7.3370667 ], [ 134.579757699999988, 7.3367391 ], [ 134.579742399999986, 7.3366585 ], [ 134.5796814, 7.3364277 ], [ 134.5795593, 7.3361917 ], [ 134.579376200000013, 7.3359222 ], [ 134.5792236, 7.3356528 ], [ 134.5789795, 7.3353915 ], [ 134.5783539, 7.335228 ], [ 134.578186, 7.3351946 ], [ 134.5778809, 7.3350639 ], [ 134.5777283, 7.3350887 ], [ 134.5772705, 7.335072 ], [ 134.577087400000011, 7.3350806 ], [ 134.5767822, 7.3351054 ], [ 134.576492300000012, 7.3351054 ], [ 134.5762177, 7.3350973 ], [ 134.575882, 7.3351054 ], [ 134.575531, 7.3350887 ], [ 134.5749207, 7.335072 ], [ 134.5747223, 7.3349667 ], [ 134.5746155, 7.334722 ], [ 134.5746307, 7.3344111 ], [ 134.574691800000011, 7.3341889 ], [ 134.5748901, 7.334003 ], [ 134.57516480000001, 7.3339195 ], [ 134.575408900000014, 7.3338804 ], [ 134.5756836, 7.3338723 ], [ 134.5760498, 7.3338056 ], [ 134.576278699999989, 7.3337083 ], [ 134.576385499999986, 7.3334637 ], [ 134.576507600000014, 7.3330946 ], [ 134.5767059, 7.3327694 ], [ 134.576889, 7.3325725 ], [ 134.577102700000012, 7.3323693 ], [ 134.5772858, 7.3322611 ], [ 134.5775299, 7.3321085 ], [ 134.5777283, 7.3320084 ], [ 134.577835099999987, 7.331975 ], [ 134.5778503, 7.3319612 ], [ 134.5780182, 7.331986 ], [ 134.578048700000011, 7.3320832 ], [ 134.578048700000011, 7.3325334 ], [ 134.578064, 7.332664 ], [ 134.5780945, 7.3328195 ], [ 134.5781555, 7.3329082 ], [ 134.5782623, 7.3330169 ], [ 134.5783844, 7.3331137 ], [ 134.5785828, 7.3331695 ], [ 134.5787506, 7.3331695 ], [ 134.5788422, 7.3331447 ], [ 134.579025300000012, 7.3331056 ], [ 134.5792389, 7.3329916 ], [ 134.579284699999988, 7.3329806 ], [ 134.579376200000013, 7.3329501 ], [ 134.579513600000013, 7.3329334 ], [ 134.57962040000001, 7.3329334 ], [ 134.579895, 7.3329639 ], [ 134.5802002, 7.3330054 ], [ 134.5805206, 7.3330641 ], [ 134.5805512, 7.3330641 ], [ 134.5807953, 7.3330555 ], [ 134.5811005, 7.3330641 ], [ 134.5815277, 7.3329501 ], [ 134.5817719, 7.3328667 ], [ 134.5818481, 7.3328471 ], [ 134.5820465, 7.3327947 ], [ 134.5823059, 7.3326221 ], [ 134.5825501, 7.3323526 ], [ 134.5827332, 7.3321085 ], [ 134.582901, 7.3319526 ], [ 134.583221400000014, 7.3314943 ], [ 134.5832977, 7.3312168 ], [ 134.583252, 7.3309388 ], [ 134.5831451, 7.3306527 ], [ 134.5830689, 7.3304081 ], [ 134.5830078, 7.3302112 ], [ 134.5827942, 7.3298388 ], [ 134.582763699999987, 7.329536 ], [ 134.5827332, 7.3294196 ], [ 134.5827179, 7.329339 ], [ 134.582656899999989, 7.3292251 ], [ 134.5825958, 7.3291278 ], [ 134.582489, 7.3290224 ], [ 134.582428, 7.3289557 ], [ 134.5823364, 7.328897 ], [ 134.5822144, 7.3288331 ], [ 134.5820465, 7.3287835 ], [ 134.5818787, 7.3287835 ], [ 134.5817413, 7.3288083 ], [ 134.5815735, 7.3288832 ], [ 134.5815125, 7.3289223 ], [ 134.5814514, 7.3289557 ], [ 134.5812683, 7.3290863 ], [ 134.581131, 7.3291669 ], [ 134.580947900000012, 7.3292332 ], [ 134.5807953, 7.3292584 ], [ 134.5806885, 7.3292499 ], [ 134.580596899999989, 7.3291998 ], [ 134.5805206, 7.3291526 ], [ 134.580459600000012, 7.3290777 ], [ 134.5803833, 7.329011 ], [ 134.5802765, 7.3289805 ], [ 134.580108599999988, 7.3289638 ], [ 134.579986600000012, 7.3289638 ], [ 134.579879799999986, 7.329011 ], [ 134.579773, 7.3290696 ], [ 134.57962040000001, 7.3291278 ], [ 134.5794067, 7.3291278 ], [ 134.5790863, 7.3291555 ], [ 134.5788574, 7.3290887 ], [ 134.5786896, 7.3289919 ], [ 134.5785828, 7.3288193 ], [ 134.5785675, 7.3286138 ], [ 134.5787201, 7.3284526 ], [ 134.5788422, 7.3283472 ], [ 134.5790405, 7.3281584 ], [ 134.579147299999988, 7.3280444 ], [ 134.5792236, 7.3277669 ], [ 134.5792389, 7.3275027 ], [ 134.5791931, 7.327322 ], [ 134.57913210000001, 7.3271084 ], [ 134.5791016, 7.3270445 ], [ 134.5790863, 7.3269863 ], [ 134.579025300000012, 7.3266363 ] ] } },
{ "type": "Feature", "properties": { "RCID": 4024, "PRIM": 2, "GRUP": 2, "OBJL": 43, "RVER": 1, "AGEN": 550, "FIDN": 917021335, "FIDS": 9, "LNAM": "022636A8A2970009", "LNAM_REFS": null, "FFPT_RIND": null, "VALDCO": 20.0, "VERDAT": null, "INFORM": null, "NINFOM": null, "NTXTDS": null, "SCAMAX": null, "SCAMIN": 44999, "TXTDSC": null, "RECDAT": null, "RECIND": null, "SORDAT": null, "SORIND": null, "hypcat": null, "_enc_cell": "US4TB3P0" }, "geometry": { "type": "LineString", "coordinates": [ [ 134.5787354, 7.319272 ], [ 134.5791931, 7.3194113 ], [ 134.579422, 7.31955 ], [ 134.5796967, 7.3198419 ], [ 134.5798187, 7.3202725 ], [ 134.5801697, 7.3206415 ], [ 134.5805512, 7.3209806 ], [ 134.5807953, 7.3212276 ], [ 134.5812683, 7.3217363 ], [ 134.5815277, 7.3220749 ], [ 134.581893900000011, 7.3224001 ], [ 134.582260100000013, 7.3226442 ], [ 134.582428, 7.3227444 ], [ 134.582641599999988, 7.322875 ], [ 134.5828247, 7.3230805 ], [ 134.582870500000013, 7.3231888 ], [ 134.582901, 7.3232861 ], [ 134.5830994, 7.3236861 ], [ 134.5831909, 7.3238502 ], [ 134.583236699999986, 7.3239861 ], [ 134.5832825, 7.3240805 ], [ 134.583358800000013, 7.3242221 ], [ 134.5834351, 7.3243613 ], [ 134.5836334, 7.3245916 ], [ 134.583725, 7.324728 ], [ 134.583831800000013, 7.3248248 ], [ 134.5840149, 7.3249307 ], [ 134.584075899999988, 7.3250141 ], [ 134.5841675, 7.3251805 ], [ 134.584198, 7.3252473 ], [ 134.584213299999988, 7.3253999 ], [ 134.584213299999988, 7.3254805 ], [ 134.584198, 7.3255668 ], [ 134.5841675, 7.3256335 ], [ 134.5841217, 7.3257279 ], [ 134.5840607, 7.3258028 ], [ 134.5839996, 7.3258696 ], [ 134.5839233, 7.3259139 ], [ 134.583725, 7.3259945 ], [ 134.583602899999988, 7.3260169 ], [ 134.5835266, 7.3260169 ], [ 134.583358800000013, 7.3260331 ], [ 134.5831451, 7.326097 ], [ 134.5830231, 7.3261638 ], [ 134.5829468, 7.3262639 ], [ 134.5828857, 7.3264222 ], [ 134.582870500000013, 7.3265529 ], [ 134.5828857, 7.326714 ], [ 134.582901, 7.3268752 ], [ 134.5828857, 7.3270335 ], [ 134.582855200000012, 7.3271723 ], [ 134.5827942, 7.3273277 ], [ 134.5827026, 7.3274193 ], [ 134.5825958, 7.3275361 ], [ 134.5824738, 7.3276415 ], [ 134.5823517, 7.3276835 ], [ 134.5822144, 7.327661 ], [ 134.5821075, 7.327611 ], [ 134.5819702, 7.3274808 ], [ 134.5817566, 7.3273335 ], [ 134.581604, 7.3272581 ], [ 134.5814667, 7.3272166 ], [ 134.5813599, 7.3271971 ], [ 134.581192, 7.3271971 ], [ 134.5810089, 7.3271999 ] ] } },
{ "type": "Feature", "properties": { "RCID": 4025, "PRIM": 2, "GRUP": 2, "OBJL": 43, "RVER": 1, "AGEN": 550, "FIDN": 417291935, "FIDS": 9, "LNAM": "022618DF5E9F0009", "LNAM_REFS": null, "FFPT_RIND": null, "VALDCO": 30.0, "VERDAT": null, "INFORM": null, "NINFOM": null, "NTXTDS": null, "SCAMAX": null, "SCAMIN": 89999, "TXTDSC": null, "RECDAT": null, "RECIND": null, "SORDAT": null, "SORIND": null, "hypcat": null, "_enc_cell": "US4TB3P0" }, "geometry": { "type": "LineString", "coordinates": [ [ 134.5876007, 7.3460054 ], [ 134.5873413, 7.3459473 ], [ 134.5867615, 7.3459082 ], [ 134.5865479, 7.3459473 ], [ 134.5862732, 7.3459859 ], [ 134.585739100000012, 7.3458724 ], [ 134.5855866, 7.345603 ], [ 134.5854187, 7.345336 ], [ 134.5852203, 7.3451057 ], [ 134.5850678, 7.3449168 ], [ 134.584899900000011, 7.3446665 ], [ 134.5848846, 7.3443804 ], [ 134.5849762, 7.3440361 ], [ 134.585037199999988, 7.3437696 ], [ 134.5851135, 7.3434639 ], [ 134.5852356, 7.3431196 ], [ 134.585388200000011, 7.3428693 ], [ 134.5857239, 7.3427553 ], [ 134.5860901, 7.3427553 ], [ 134.5862885, 7.3427749 ], [ 134.5865784, 7.3427553 ], [ 134.5870667, 7.3427196 ], [ 134.5874634, 7.3427196 ], [ 134.5878143, 7.3426609 ], [ 134.5882111, 7.3425641 ], [ 134.5886688, 7.3425446 ], [ 134.5892029, 7.3425446 ], [ 134.589477499999987, 7.3425832 ], [ 134.5896301, 7.3426609 ], [ 134.5898132, 7.3428502 ], [ 134.5900421, 7.3432918 ], [ 134.590087899999986, 7.3435779 ], [ 134.5901184, 7.3439584 ], [ 134.5901489, 7.3443222 ], [ 134.5901489, 7.344686 ], [ 134.5901184, 7.3449917 ], [ 134.5900269, 7.3453169 ], [ 134.58992, 7.3456416 ], [ 134.5896454, 7.3460054 ], [ 134.5894318, 7.3462529 ], [ 134.5892029, 7.3464055 ], [ 134.5889587, 7.3465776 ], [ 134.588546799999989, 7.3465776 ], [ 134.5882416, 7.3464637 ], [ 134.5879974, 7.3462529 ], [ 134.5877686, 7.3460808 ], [ 134.5876007, 7.3460054 ] ] } },
{ "type": "Feature", "properties": { "RCID": 4026, "PRIM": 2, "GRUP": 2, "OBJL": 43, "RVER": 1, "AGEN": 550, "FIDN": 582983998, "FIDS": 9, "LNAM": "022622BFA13E0009", "LNAM_REFS": null, "FFPT_RIND": null, "VALDCO": 50.0, "VERDAT": null, "INFORM": null, "NINFOM": null, "NTXTDS": null, "SCAMAX": null, "SCAMIN": 44999, "TXTDSC": null, "RECDAT": null, "RECIND": null, "SORDAT": null, "SORIND": null, "hypcat": null, "_enc_cell": "US4TB3P0" }, "geometry": { "type": "LineString", "coordinates": [ [ 134.5916748, 7.332861 ], [ 134.591903699999989, 7.3328333 ], [ 134.5922089, 7.332861 ], [ 134.592605600000013, 7.332953 ], [ 134.5930023, 7.3331056 ], [ 134.593200700000011, 7.3332887 ], [ 134.5933075, 7.3335223 ], [ 134.5933685, 7.3338361 ], [ 134.59332280000001, 7.3340416 ], [ 134.593277, 7.3342028 ] ] } },
{ "type": "Feature", "properties": { "RCID": 4027, "PRIM": 2, "GRUP": 2, "OBJL": 43, "RVER": 1, "AGEN": 550, "FIDN": 950159943, "FIDS": 9, "LNAM": "022638A24A470009", "LNAM_REFS": null, "FFPT_RIND": null, "VALDCO": 5.0, "VERDAT": null, "INFORM": null, "NINFOM": null, "NTXTDS": null, "SCAMAX": null, "SCAMIN": 44999, "TXTDSC": null, "RECDAT": null, "RECIND": null, "SORDAT": null, "SORIND": null, "hypcat": null, "_enc_cell": "US4TB3P0" }, "geometry": { "type": "LineString", "coordinates": [ [ 134.5959168, 7.3542275 ], [ 134.5959015, 7.3539333 ], [ 134.5957794, 7.3537722 ], [ 134.595596300000011, 7.3534498 ], [ 134.5955658, 7.3531418 ], [ 134.595382699999988, 7.3528609 ], [ 134.595123300000012, 7.3526335 ], [ 134.5948181, 7.3524723 ], [ 134.5945587, 7.3522444 ], [ 134.5942383, 7.3518834 ], [ 134.5939636, 7.3516946 ] ] } },
{ "type": "Feature", "properties": { "RCID": 4028, "PRIM": 2, "GRUP": 2, "OBJL": 43, "RVER": 1, "AGEN": 550, "FIDN": 139560384, "FIDS": 9, "LNAM": "0226085185C00009", "LNAM_REFS": null, "FFPT_RIND": null, "VALDCO": 10.0, "VERDAT": null, "INFORM": null, "NINFOM": null, "NTXTDS": null, "SCAMAX": null, "SCAMIN": 44999, "TXTDSC": null, "RECDAT": null, "RECIND": null, "SORDAT": null, "SORIND": null, "hypcat": null, "_enc_cell": "US4TB3P0" }, "geometry": { "type": "LineString", "coordinates": [ [ 134.594101, 7.3515554 ], [ 134.5944519, 7.3517971 ], [ 134.594650300000012, 7.3518777 ], [ 134.5947266, 7.351922 ], [ 134.595016500000014, 7.351922 ], [ 134.5952301, 7.3519335 ], [ 134.5953369, 7.3519888 ], [ 134.595489500000014, 7.3520474 ], [ 134.5955658, 7.3521833 ], [ 134.5956268, 7.3523307 ], [ 134.5956574, 7.3525362 ], [ 134.5956726, 7.3527308 ], [ 134.5957794, 7.3529 ], [ 134.5959168, 7.3530612 ], [ 134.5961914, 7.3533001 ], [ 134.5963135, 7.3533917 ], [ 134.5963898, 7.3534946 ], [ 134.5964966, 7.3536639 ], [ 134.5965118, 7.3538141 ], [ 134.5965118, 7.3539891 ], [ 134.5965271, 7.354064 ], [ 134.5965424, 7.3542695 ], [ 134.5965118, 7.3544169 ], [ 134.596405, 7.3545804 ], [ 134.5963898, 7.35465 ] ] } },
{ "type": "Feature", "properties": { "RCID": 4029, "PRIM": 2, "GRUP": 2, "OBJL": 43, "RVER": 1, "AGEN": 550, "FIDN": 651960270, "FIDS": 9, "LNAM": "022626DC1FCE0009", "LNAM_REFS": null, "FFPT_RIND": null, "VALDCO": 10.0, "VERDAT": null, "INFORM": null, "NINFOM": null, "NTXTDS": null, "SCAMAX": null, "SCAMIN": 44999, "TXTDSC": null, "RECDAT": null, "RECIND": null, "SORDAT": null, "SORIND": null, "hypcat": null, "_enc_cell": "US4TB3P0" }, "geometry": { "type": "LineString", "coordinates": [ [ 134.6012878, 7.3586249 ], [ 134.6014557, 7.3587637 ], [ 134.6016846, 7.3589196 ], [ 134.601944, 7.3590722 ], [ 134.602233899999987, 7.3592362 ], [ 134.6026764, 7.359611 ], [ 134.6029816, 7.3599558 ], [ 134.6031494, 7.3603611 ], [ 134.603363, 7.3612332 ] ] } },
{ "type": "Feature", "properties": { "RCID": 4030, "PRIM": 2, "GRUP": 2, "OBJL": 43, "RVER": 1, "AGEN": 550, "FIDN": 476531084, "FIDS": 9, "LNAM": "02261C67498C0009", "LNAM_REFS": null, "FFPT_RIND": null, "VALDCO": 10.0, "VERDAT": null, "INFORM": null, "NINFOM": null, "NTXTDS": null, "SCAMAX": null, "SCAMIN": 44999, "TXTDSC": null, "RECDAT": null, "RECIND": null, "SORDAT": null, "SORIND": null, "hypcat": null, "_enc_cell": "US4TB3P0" }, "geometry": { "type": "LineString", "coordinates": [ [ 134.6026154, 7.3462639 ], [ 134.6028748, 7.3463335 ], [ 134.6030426, 7.3464308 ], [ 134.6031342, 7.3464418 ], [ 134.6033478, 7.3465333 ], [ 134.6034851, 7.3465915 ], [ 134.603546099999988, 7.3466582 ], [ 134.6036224, 7.3467832 ], [ 134.6036224, 7.3469667 ], [ 134.603546099999988, 7.3471499 ], [ 134.6034546, 7.3472862 ], [ 134.6033325, 7.3474002 ], [ 134.6031494, 7.3475971 ], [ 134.603073099999989, 7.3477306 ], [ 134.6029968, 7.3478584 ], [ 134.6028595, 7.3480249 ], [ 134.602706899999987, 7.3480554 ], [ 134.602584799999988, 7.3480554 ], [ 134.602478, 7.3479805 ], [ 134.6023102, 7.3477974 ], [ 134.6021881, 7.3476863 ], [ 134.6020508, 7.3475471 ], [ 134.6017761, 7.3471861 ], [ 134.6017151, 7.3470669 ], [ 134.6016998, 7.3468833 ], [ 134.6017151, 7.3467112 ], [ 134.601867700000014, 7.3465724 ], [ 134.6020203, 7.3464694 ], [ 134.6021729, 7.346375 ], [ 134.6024017, 7.3462806 ], [ 134.6026154, 7.3462639 ] ] } },
{ "type": "Feature", "properties": { "RCID": 4031, "PRIM": 2, "GRUP": 2, "OBJL": 43, "RVER": 1, "AGEN": 550, "FIDN": 768319197, "FIDS": 9, "LNAM": "02262DCB9EDD0009", "LNAM_REFS": null, "FFPT_RIND": null, "VALDCO": 5.0, "VERDAT": null, "INFORM": null, "NINFOM": null, "NTXTDS": null, "SCAMAX": null, "SCAMIN": 44999, "TXTDSC": null, "RECDAT": null, "RECIND": null, "SORDAT": null, "SORIND": null, "hypcat": null, "_enc_cell": "US4TB3P0" }, "geometry": { "type": "LineString", "coordinates": [ [ 134.602813700000013, 7.3666363 ], [ 134.60305790000001, 7.3665915 ], [ 134.603286700000012, 7.3666582 ], [ 134.6034699, 7.3667808 ], [ 134.603668199999987, 7.366961 ], [ 134.6037445, 7.3670836 ], [ 134.603775, 7.3671999 ], [ 134.6037445, 7.3674445 ], [ 134.603683499999988, 7.3676086 ], [ 134.6035919, 7.3677278 ], [ 134.6034699, 7.367825 ], [ 134.6032562, 7.3678861 ], [ 134.60292050000001, 7.3678665 ], [ 134.6027679, 7.3677888 ], [ 134.6026459, 7.3676529 ], [ 134.602462800000012, 7.3673363 ], [ 134.602462800000012, 7.3670554 ], [ 134.6024933, 7.3669391 ], [ 134.602600099999989, 7.3667722 ], [ 134.602813700000013, 7.3666363 ] ] } },
{ "type": "Feature", "properties": { "RCID": 4032, "PRIM": 2, "GRUP": 2, "OBJL": 43, "RVER": 1, "AGEN": 550, "FIDN": 86928602, "FIDS": 9, "LNAM": "0226052E6CDA0009", "LNAM_REFS": null, "FFPT_RIND": null, "VALDCO": 50.0, "VERDAT": null, "INFORM": null, "NINFOM": null, "NTXTDS": null, "SCAMAX": null, "SCAMIN": 44999, "TXTDSC": null, "RECDAT": null, "RECIND": null, "SORDAT": null, "SORIND": null, "hypcat": null, "_enc_cell": "US4TB3P0" }, "geometry": { "type": "LineString", "coordinates": [ [ 134.5981751, 7.3380694 ], [ 134.5985565, 7.3381195 ], [ 134.5992737, 7.338325 ], [ 134.600189199999988, 7.3387303 ], [ 134.600524900000011, 7.339036 ], [ 134.6013336, 7.3399029 ], [ 134.6017304, 7.3402863 ], [ 134.6022644, 7.3406916 ], [ 134.6027679, 7.3411498 ], [ 134.6032562, 7.3414831 ], [ 134.603668199999987, 7.3418388 ], [ 134.60401920000001, 7.3421445 ], [ 134.6044006, 7.3424249 ], [ 134.604736300000013, 7.3427305 ], [ 134.6050415, 7.343111 ], [ 134.605224600000014, 7.3434696 ], [ 134.6054993, 7.34375 ], [ 134.605957, 7.3442583 ], [ 134.6061554, 7.3445139 ], [ 134.6064758, 7.3448443 ], [ 134.6068268, 7.3450694 ], [ 134.6069489, 7.34515 ], [ 134.607391400000012, 7.3453779 ], [ 134.6079254, 7.3455834 ], [ 134.6084137, 7.3457613 ], [ 134.608718900000014, 7.3461418 ], [ 134.6090393, 7.3464999 ], [ 134.6094055, 7.3468304 ], [ 134.6098633, 7.3472138 ], [ 134.610275300000012, 7.3475943 ], [ 134.610672, 7.3478751 ], [ 134.611084, 7.3482304 ], [ 134.6113739, 7.3485637 ], [ 134.611496, 7.3488998 ], [ 134.6116486, 7.3492556 ], [ 134.6116638, 7.3493972 ], [ 134.611694300000011, 7.3495612 ], [ 134.6117706, 7.3498917 ], [ 134.6118012, 7.350275 ], [ 134.6118012, 7.3507586 ], [ 134.61183170000001, 7.3513446 ], [ 134.61183170000001, 7.3517776 ] ] } },
{ "type": "Feature", "properties": { "RCID": 4033, "PRIM": 2, "GRUP": 2, "OBJL": 43, "RVER": 1, "AGEN": 550, "FIDN": 38977336, "FIDS": 9, "LNAM": "02260252BF380009", "LNAM_REFS": null, "FFPT_RIND": null, "VALDCO": 20.0, "VERDAT": null, "INFORM": null, "NINFOM": null, "NTXTDS": null, "SCAMAX": null, "SCAMIN": 44999, "TXTDSC": null, "RECDAT": null, "RECIND": null, "SORDAT": null, "SORIND": null, "hypcat": null, "_enc_cell": "US4TB3P0" }, "geometry": { "type": "LineString", "coordinates": [ [ 134.6091461, 7.3496165 ], [ 134.6096039, 7.349822 ], [ 134.610031099999986, 7.3500891 ], [ 134.6105652, 7.3505387 ], [ 134.610672, 7.350636 ], [ 134.6112976, 7.3514195 ], [ 134.6114349, 7.3516445 ], [ 134.6120453, 7.3524556 ], [ 134.6125946, 7.3530583 ], [ 134.613525399999986, 7.3541193 ], [ 134.6146851, 7.3550139 ], [ 134.617019699999986, 7.356575 ], [ 134.617691, 7.3570609 ], [ 134.617736799999989, 7.3571 ], [ 134.6183624, 7.3575583 ], [ 134.6187744, 7.3578167 ], [ 134.6192474, 7.3581667 ], [ 134.619781499999988, 7.3586502 ], [ 134.6200867, 7.3589778 ], [ 134.620391899999987, 7.3593001 ], [ 134.6208038, 7.359797 ], [ 134.6211548, 7.360414 ], [ 134.62117, 7.360425 ], [ 134.6216126, 7.3614221 ], [ 134.6220093, 7.3620277 ], [ 134.6222229, 7.3622637 ] ] } },
{ "type": "Feature", "properties": { "RCID": 4034, "PRIM": 2, "GRUP": 2, "OBJL": 43, "RVER": 1, "AGEN": 550, "FIDN": 736001116, "FIDS": 9, "LNAM": "02262BDE7C5C0009", "LNAM_REFS": null, "FFPT_RIND": null, "VALDCO": 50.0, "VERDAT": null, "INFORM": null, "NINFOM": null, "NTXTDS": null, "SCAMAX": null, "SCAMIN": 44999, "TXTDSC": null, "RECDAT": null, "RECIND": null, "SORDAT": null, "SORIND": null, "hypcat": null, "_enc_cell": "US4TB3P0" }, "geometry": { "type": "LineString", "coordinates": [ [ 134.623840300000012, 7.3635111 ], [ 134.623840300000012, 7.3628278 ], [ 134.624115, 7.3620057 ], [ 134.6243591, 7.3611999 ], [ 134.6241913, 7.3604193 ], [ 134.623733499999986, 7.3598499 ], [ 134.623169, 7.359303 ], [ 134.6220093, 7.3581557 ], [ 134.6217499, 7.3573389 ], [ 134.6212616, 7.3565249 ], [ 134.6206818, 7.3556833 ], [ 134.619888300000014, 7.355072 ], [ 134.6187592, 7.3541055 ], [ 134.6179962, 7.3535943 ], [ 134.6170807, 7.353086 ], [ 134.6159515, 7.3528304 ], [ 134.6156464, 7.3527722 ], [ 134.6151428, 7.3526778 ], [ 134.6140747, 7.3528056 ], [ 134.613205, 7.3529582 ] ] } },
{ "type": "Feature", "properties": { "RCID": 4207, "PRIM": 2, "GRUP": 2, "OBJL": 43, "RVER": 1, "AGEN": 550, "FIDN": 652120641, "FIDS": 9, "LNAM": "022626DE92410009", "LNAM_REFS": null, "FFPT_RIND": null, "VALDCO": 5.0, "VERDAT": null, "INFORM": null, "NINFOM": null, "NTXTDS": null, "SCAMAX": null, "SCAMIN": 44999, "TXTDSC": null, "RECDAT": null, "RECIND": null, "SORDAT": null, "SORIND": null, "hypcat": null, "_enc_cell": "US4TB3P0" }, "geometry": { "type": "LineString", "coordinates": [ [ 134.4899139, 7.3938665 ], [ 134.4898834, 7.3936667 ], [ 134.4898834, 7.3934665 ], [ 134.4898071, 7.3931751 ], [ 134.4897766, 7.393003 ], [ 134.489868199999989, 7.3928695 ], [ 134.4900055, 7.3927665 ], [ 134.4901123, 7.3926806 ] ] } },
{ "type": "Feature", "properties": { "RCID": 4209, "PRIM": 2, "GRUP": 2, "OBJL": 43, "RVER": 1, "AGEN": 550, "FIDN": 550846835, "FIDS": 9, "LNAM": "022620D541730009", "LNAM_REFS": null, "FFPT_RIND": null, "VALDCO": 10.0, "VERDAT": null, "INFORM": null, "NINFOM": null, "NTXTDS": null, "SCAMAX": null, "SCAMIN": 44999, "TXTDSC": null, "RECDAT": null, "RECIND": null, "SORDAT": null, "SORIND": null, "hypcat": null, "_enc_cell": "US4TB3P0" }, "geometry": { "type": "LineString", "coordinates": [ [ 134.489593500000012, 7.3819056 ], [ 134.4898224, 7.3815918 ], [ 134.4898987, 7.3815222 ], [ 134.4899445, 7.3813834 ], [ 134.489959700000014, 7.3812389 ], [ 134.4900055, 7.3810864 ], [ 134.4899902, 7.3809891 ], [ 134.4900208, 7.3808751 ], [ 134.4900208, 7.3808417 ], [ 134.4900513, 7.3807054 ], [ 134.4901276, 7.3805695 ], [ 134.4902344, 7.3803887 ] ] } },
{ "type": "Feature", "properties": { "RCID": 4221, "PRIM": 2, "GRUP": 2, "OBJL": 43, "RVER": 1, "AGEN": 550, "FIDN": 209327483, "FIDS": 9, "LNAM": "02260C7A157B0009", "LNAM_REFS": null, "FFPT_RIND": null, "VALDCO": 5.0, "VERDAT": null, "INFORM": null, "NINFOM": null, "NTXTDS": null, "SCAMAX": null, "SCAMIN": 44999, "TXTDSC": null, "RECDAT": null, "RECIND": null, "SORDAT": null, "SORIND": null, "hypcat": null, "_enc_cell": "US4TB3P0" }, "geometry": { "type": "LineString", "coordinates": [ [ 134.4950714, 7.4026752 ], [ 134.495132500000011, 7.4027333 ], [ 134.495254499999987, 7.4028001 ], [ 134.4954071, 7.4028001 ], [ 134.4955292, 7.4027414 ], [ 134.4955902, 7.402678 ] ] } },
{ "type": "Feature", "properties": { "RCID": 4223, "PRIM": 2, "GRUP": 2, "OBJL": 43, "RVER": 1, "AGEN": 550, "FIDN": 560268115, "FIDS": 9, "LNAM": "0226216503530009", "LNAM_REFS": null, "FFPT_RIND": null, "VALDCO": 20.0, "VERDAT": null, "INFORM": null, "NINFOM": null, "NTXTDS": null, "SCAMAX": null, "SCAMIN": 44999, "TXTDSC": null, "RECDAT": null, "RECIND": null, "SORDAT": null, "SORIND": null, "hypcat": null, "_enc_cell": "US4TB3P0" }, "geometry": { "type": "LineString", "coordinates": [ [ 134.4958038, 7.3690305 ], [ 134.495727499999987, 7.3688359 ], [ 134.4956513, 7.3685417 ], [ 134.4956513, 7.3685222 ], [ 134.4956818, 7.3681831 ], [ 134.4959259, 7.3679805 ], [ 134.496215799999987, 7.3678222 ], [ 134.496353199999987, 7.3676224 ], [ 134.4963989, 7.3673501 ], [ 134.4963989, 7.3671389 ], [ 134.4963989, 7.3671026 ], [ 134.4962616, 7.3669696 ] ] } },
{ "type": "Feature", "properties": { "RCID": 4229, "PRIM": 2, "GRUP": 2, "OBJL": 43, "RVER": 1, "AGEN": 550, "FIDN": 307874148, "FIDS": 9, "LNAM": "02261259C9640009", "LNAM_REFS": null, "FFPT_RIND": null, "VALDCO": 20.0, "VERDAT": null, "INFORM": null, "NINFOM": null, "NTXTDS": null, "SCAMAX": null, "SCAMIN": 44999, "TXTDSC": null, "RECDAT": null, "RECIND": null, "SORDAT": null, "SORIND": null, "hypcat": null, "_enc_cell": "US4TB3P0" }, "geometry": { "type": "LineString", "coordinates": [ [ 134.5044403, 7.292675 ], [ 134.5046082, 7.2926612 ], [ 134.5048218, 7.2926612 ], [ 134.5050201, 7.2927418 ], [ 134.505218500000012, 7.2928724 ], [ 134.5053101, 7.2930832 ], [ 134.505233800000013, 7.2932806 ], [ 134.5050507, 7.2934194 ], [ 134.504745500000013, 7.2934585 ], [ 134.5045929, 7.2933917 ], [ 134.5044403, 7.2932696 ], [ 134.5043335, 7.2930889 ], [ 134.5043335, 7.2928581 ], [ 134.5044403, 7.292675 ] ] } },
{ "type": "Feature", "properties": { "RCID": 4231, "PRIM": 2, "GRUP": 2, "OBJL": 43, "RVER": 1, "AGEN": 550, "FIDN": 696283116, "FIDS": 9, "LNAM": "022629806FEC0009", "LNAM_REFS": null, "FFPT_RIND": null, "VALDCO": 10.0, "VERDAT": null, "INFORM": null, "NINFOM": null, "NTXTDS": null, "SCAMAX": null, "SCAMIN": 44999, "TXTDSC": null, "RECDAT": null, "RECIND": null, "SORDAT": null, "SORIND": null, "hypcat": null, "_enc_cell": "US4TB3P0" }, "geometry": { "type": "LineString", "coordinates": [ [ 134.515548700000011, 7.2926054 ], [ 134.5154724, 7.2925248 ], [ 134.515441900000013, 7.2924776 ], [ 134.515426600000012, 7.2924304 ], [ 134.5153809, 7.2923832 ], [ 134.5153503, 7.2923613 ], [ 134.515319799999986, 7.2923307 ], [ 134.5152435, 7.2922473 ], [ 134.515152, 7.2921748 ], [ 134.515075700000011, 7.2921391 ], [ 134.5150147, 7.2921276 ], [ 134.5149231, 7.2921391 ], [ 134.514831500000014, 7.2921557 ], [ 134.514724699999988, 7.2922111 ], [ 134.514679, 7.2922721 ], [ 134.5145721, 7.2923193 ] ] } },
{ "type": "Feature", "properties": { "RCID": 4232, "PRIM": 2, "GRUP": 2, "OBJL": 43, "RVER": 1, "AGEN": 550, "FIDN": 800743790, "FIDS": 9, "LNAM": "02262FBA616E0009", "LNAM_REFS": null, "FFPT_RIND": null, "VALDCO": 20.0, "VERDAT": null, "INFORM": null, "NINFOM": null, "NTXTDS": null, "SCAMAX": null, "SCAMIN": 44999, "TXTDSC": null, "RECDAT": null, "RECIND": null, "SORDAT": null, "SORIND": null, "hypcat": null, "_enc_cell": "US4TB3P0" }, "geometry": { "type": "LineString", "coordinates": [ [ 134.5153503, 7.3440971 ], [ 134.5153046, 7.3441887 ], [ 134.5153046, 7.3444862 ], [ 134.515319799999986, 7.3446612 ], [ 134.5153809, 7.3448362 ], [ 134.5154724, 7.3449082 ], [ 134.515625, 7.3449612 ], [ 134.515823399999988, 7.3449554 ], [ 134.515930200000014, 7.3449197 ], [ 134.5160675, 7.3448305 ], [ 134.51615910000001, 7.3446889 ], [ 134.5162048, 7.3445444 ], [ 134.5162354, 7.3444276 ], [ 134.5162354, 7.3443971 ], [ 134.5162506, 7.344286 ] ] } },
{ "type": "Feature", "properties": { "RCID": 4233, "PRIM": 2, "GRUP": 2, "OBJL": 43, "RVER": 1, "AGEN": 550, "FIDN": 940598149, "FIDS": 9, "LNAM": "0226381063850009", "LNAM_REFS": null, "FFPT_RIND": null, "VALDCO": 10.0, "VERDAT": null, "INFORM": null, "NINFOM": null, "NTXTDS": null, "SCAMAX": null, "SCAMIN": 44999, "TXTDSC": null, "RECDAT": null, "RECIND": null, "SORDAT": null, "SORIND": null, "hypcat": null, "_enc_cell": "US4TB3P0" }, "geometry": { "type": "LineString", "coordinates": [ [ 134.5165558, 7.2921557 ], [ 134.516784699999988, 7.292203 ], [ 134.516922, 7.2922387 ], [ 134.5170441, 7.2922306 ], [ 134.5171661, 7.2921 ], [ 134.5171814, 7.2920194 ] ] } },
{ "type": "Feature", "properties": { "RCID": 4234, "PRIM": 2, "GRUP": 2, "OBJL": 43, "RVER": 1, "AGEN": 550, "FIDN": 477488459, "FIDS": 9, "LNAM": "02261C75E54B0009", "LNAM_REFS": null, "FFPT_RIND": null, "VALDCO": 5.0, "VERDAT": null, "INFORM": null, "NINFOM": null, "NTXTDS": null, "SCAMAX": null, "SCAMIN": 44999, "TXTDSC": null, "RECDAT": null, "RECIND": null, "SORDAT": null, "SORIND": null, "hypcat": null, "_enc_cell": "US4TB3P0" }, "geometry": { "type": "LineString", "coordinates": [ [ 134.516876200000013, 7.3031278 ], [ 134.5169067, 7.3030582 ], [ 134.5170288, 7.3029389 ], [ 134.517135599999989, 7.302875 ], [ 134.517242399999986, 7.3028388 ], [ 134.517379799999986, 7.302814 ], [ 134.5176392, 7.302825 ], [ 134.5177002, 7.3028221 ], [ 134.517807, 7.3028278 ], [ 134.5178986, 7.3028278 ], [ 134.5179901, 7.3028498 ], [ 134.5181427, 7.302928 ], [ 134.518203699999987, 7.3029666 ], [ 134.5182495, 7.3030276 ], [ 134.5182648, 7.3031278 ], [ 134.5182495, 7.3031945 ], [ 134.518219, 7.3033223 ], [ 134.518158, 7.3033943 ], [ 134.51808170000001, 7.3034668 ], [ 134.517959600000012, 7.3035193 ], [ 134.5176544, 7.3036919 ], [ 134.5175171, 7.3037305 ], [ 134.5174103, 7.3037305 ] ] } },
{ "type": "Feature", "properties": { "RCID": 4236, "PRIM": 2, "GRUP": 2, "OBJL": 43, "RVER": 1, "AGEN": 550, "FIDN": 124350544, "FIDS": 9, "LNAM": "0226076970500009", "LNAM_REFS": null, "FFPT_RIND": null, "VALDCO": 100.0, "VERDAT": null, "INFORM": null, "NINFOM": null, "NTXTDS": null, "SCAMAX": null, "SCAMIN": 44999, "TXTDSC": null, "RECDAT": null, "RECIND": null, "SORDAT": null, "SORIND": null, "hypcat": null, "_enc_cell": "US4TB3P0" }, "geometry": { "type": "LineString", "coordinates": [ [ 134.523407, 7.2744417 ], [ 134.5228577, 7.2740998 ], [ 134.5227051, 7.2739778 ], [ 134.522537199999988, 7.2737613 ], [ 134.5223236, 7.2735667 ], [ 134.522049, 7.2731609 ], [ 134.521820100000014, 7.272789 ], [ 134.5216522, 7.2724333 ], [ 134.5215607, 7.2720776 ], [ 134.5215454, 7.2717586 ], [ 134.5214081, 7.2715859 ], [ 134.5211792, 7.2711444 ], [ 134.5210114, 7.2705975 ], [ 134.5205994, 7.269578 ], [ 134.520156899999989, 7.2684693 ], [ 134.519760100000013, 7.2678332 ], [ 134.519577, 7.2673612 ], [ 134.5195007, 7.2667251 ], [ 134.5193787, 7.2660751 ], [ 134.5190888, 7.265336 ], [ 134.5187683, 7.2647891 ], [ 134.5186768, 7.2642112 ], [ 134.518447900000012, 7.2634583 ], [ 134.518341099999986, 7.2629862 ], [ 134.518325800000014, 7.2624388 ] ] } },
{ "type": "Feature", "properties": { "RCID": 4237, "PRIM": 2, "GRUP": 2, "OBJL": 43, "RVER": 1, "AGEN": 550, "FIDN": 721765310, "FIDS": 9, "LNAM": "02262B0543BE0009", "LNAM_REFS": null, "FFPT_RIND": null, "VALDCO": 20.0, "VERDAT": null, "INFORM": null, "NINFOM": null, "NTXTDS": null, "SCAMAX": null, "SCAMIN": 44999, "TXTDSC": null, "RECDAT": null, "RECIND": null, "SORDAT": null, "SORIND": null, "hypcat": null, "_enc_cell": "US4TB3P0" }, "geometry": { "type": "LineString", "coordinates": [ [ 134.524200400000012, 7.3282805 ], [ 134.5240326, 7.3283916 ], [ 134.5240104, 7.3283976 ], [ 134.523849500000011, 7.3284416 ], [ 134.5235443, 7.3284807 ], [ 134.5233307, 7.3284917 ], [ 134.5231934, 7.328547 ], [ 134.5231171, 7.3286419 ], [ 134.5230408, 7.328753 ], [ 134.5229645, 7.3288918 ], [ 134.5229645, 7.3290196 ], [ 134.523025499999989, 7.3291416 ], [ 134.523147599999987, 7.3292584 ], [ 134.523269699999986, 7.3293748 ], [ 134.523361200000011, 7.3294859 ], [ 134.523468, 7.3296137 ], [ 134.5235291, 7.3297081 ] ] } },
{ "type": "Feature", "properties": { "RCID": 4238, "PRIM": 2, "GRUP": 2, "OBJL": 43, "RVER": 1, "AGEN": 550, "FIDN": 930273034, "FIDS": 9, "LNAM": "02263772D70A0009", "LNAM_REFS": null, "FFPT_RIND": null, "VALDCO": 10.0, "VERDAT": null, "INFORM": null, "NINFOM": null, "NTXTDS": null, "SCAMAX": null, "SCAMIN": 44999, "TXTDSC": null, "RECDAT": null, "RECIND": null, "SORDAT": null, "SORIND": null, "hypcat": null, "_enc_cell": "US4TB3P0" }, "geometry": { "type": "LineString", "coordinates": [ [ 134.5014496, 7.2904582 ], [ 134.5013275, 7.2903585 ], [ 134.5011902, 7.2902613 ], [ 134.5010681, 7.2901859 ], [ 134.500900300000012, 7.2901053 ], [ 134.500686699999989, 7.2900028 ], [ 134.5005035, 7.2899332 ], [ 134.5002289, 7.2897277 ], [ 134.5000916, 7.2895804 ], [ 134.5, 7.2893109 ], [ 134.4999847, 7.2892585 ], [ 134.4999085, 7.28895 ], [ 134.4999542, 7.2886863 ], [ 134.4999542, 7.2885304 ], [ 134.499923700000011, 7.2883806 ], [ 134.4998627, 7.2882276 ], [ 134.4997559, 7.2880998 ], [ 134.4996907, 7.2880301 ], [ 134.4996185, 7.2879529 ], [ 134.4994965, 7.2877779 ], [ 134.4994812, 7.2876444 ], [ 134.4994659, 7.2874804 ], [ 134.4994659, 7.2873502 ], [ 134.4994812, 7.2871418 ], [ 134.4996033, 7.2869887 ], [ 134.499694799999986, 7.286911 ], [ 134.499939, 7.2868776 ], [ 134.5, 7.2869082 ], [ 134.5000305, 7.2869225 ], [ 134.5002441, 7.287075 ], [ 134.50053410000001, 7.287075 ], [ 134.500778200000013, 7.2869778 ], [ 134.500885, 7.2869444 ], [ 134.501037599999989, 7.2868028 ], [ 134.501144399999987, 7.2866693 ], [ 134.501251200000013, 7.2866278 ], [ 134.5014343, 7.2866054 ], [ 134.5015869, 7.2864833 ], [ 134.5016937, 7.2862973 ], [ 134.5017853, 7.2860665 ], [ 134.5018311, 7.2858501 ], [ 134.5019379, 7.2855859 ], [ 134.5020294, 7.285389 ], [ 134.5021668, 7.285203 ], [ 134.502319300000011, 7.2850609 ], [ 134.5025635, 7.285039 ], [ 134.5026703, 7.2850609 ], [ 134.5028381, 7.2852669 ], [ 134.5028992, 7.2854586 ], [ 134.5028839, 7.2855668 ], [ 134.50292970000001, 7.2857528 ], [ 134.5029602, 7.2858944 ], [ 134.5031433, 7.2862058 ], [ 134.5032196, 7.2863779 ], [ 134.5032654, 7.2865276 ], [ 134.503295900000012, 7.2866778 ], [ 134.5033569, 7.2867889 ], [ 134.503418, 7.2868695 ], [ 134.503489699999989, 7.2869556 ], [ 134.5034943, 7.2869611 ], [ 134.5035858, 7.2870555 ], [ 134.5038147, 7.2872725 ], [ 134.5039215, 7.2873859 ], [ 134.5039825, 7.2874527 ], [ 134.504135100000013, 7.2875195 ], [ 134.504272500000013, 7.2875419 ], [ 134.5044251, 7.28755 ], [ 134.5044861, 7.2875667 ], [ 134.5046845, 7.2875943 ], [ 134.504776, 7.2876501 ], [ 134.50485230000001, 7.287714 ], [ 134.5049286, 7.2878499 ], [ 134.5050201, 7.2879973 ], [ 134.505096400000014, 7.2881055 ], [ 134.505218500000012, 7.2882528 ], [ 134.505340600000011, 7.2883806 ], [ 134.5054474, 7.2885637 ], [ 134.5055237, 7.288703 ], [ 134.505584700000014, 7.2888222 ], [ 134.5056763, 7.2889419 ], [ 134.5058441, 7.2889776 ], [ 134.505950899999988, 7.28895 ], [ 134.506073, 7.2888947 ], [ 134.5061188, 7.2888222 ], [ 134.506134, 7.2887693 ], [ 134.5062256, 7.2886443 ], [ 134.506301900000011, 7.2885332 ], [ 134.5063324, 7.2885084 ], [ 134.5064545, 7.2884026 ], [ 134.506546, 7.2882805 ], [ 134.506652800000012, 7.2881665 ], [ 134.5066986, 7.2881026 ], [ 134.506774900000011, 7.2880139 ], [ 134.5068512, 7.2878251 ], [ 134.506958, 7.287672 ], [ 134.5070038, 7.287478 ], [ 134.5070139, 7.287459 ], [ 134.5070953, 7.2873054 ], [ 134.5072022, 7.2871471 ], [ 134.50738530000001, 7.2870808 ], [ 134.507507299999986, 7.2870417 ], [ 134.5076904, 7.2870336 ], [ 134.5080719, 7.287086 ], [ 134.508224500000011, 7.2871585 ], [ 134.508361799999989, 7.2872639 ], [ 134.5085144, 7.2874417 ], [ 134.508590700000013, 7.2876248 ], [ 134.508590700000013, 7.2879195 ], [ 134.5085561, 7.2880002 ], [ 134.5085144, 7.2880974 ], [ 134.5084229, 7.2882028 ], [ 134.5082703, 7.2883196 ], [ 134.5081787, 7.2884026 ], [ 134.5080872, 7.2884917 ], [ 134.507888799999989, 7.2886696 ], [ 134.507888799999989, 7.2888055 ], [ 134.5079346, 7.288939 ], [ 134.5080414, 7.2890582 ], [ 134.5083771, 7.2893109 ], [ 134.508606, 7.2893944 ], [ 134.5088959, 7.2894836 ], [ 134.5091095, 7.2895002 ], [ 134.509323099999989, 7.2895055 ], [ 134.509536700000012, 7.2895055 ], [ 134.5097199, 7.2894945 ], [ 134.5098724, 7.2894778 ], [ 134.5101013, 7.2894721 ], [ 134.5103455, 7.2894416 ], [ 134.510635400000012, 7.2894001 ], [ 134.5108032, 7.2893581 ], [ 134.511016899999987, 7.2893028 ], [ 134.5110779, 7.2892776 ], [ 134.5111389, 7.2892528 ], [ 134.5112152, 7.2892585 ], [ 134.5113373, 7.2892418 ], [ 134.5114441, 7.2892361 ], [ 134.511596700000013, 7.2891917 ], [ 134.5117798, 7.289175 ], [ 134.5118645, 7.2891614 ], [ 134.512054400000011, 7.2891307 ], [ 134.512191800000011, 7.2891054 ], [ 134.512344399999989, 7.2890945 ], [ 134.512451199999987, 7.2891002 ], [ 134.512558, 7.2891111 ], [ 134.51266480000001, 7.2891359 ], [ 134.5127564, 7.2891998 ], [ 134.512908900000014, 7.2893391 ], [ 134.5130005, 7.2894306 ], [ 134.513092, 7.2895055 ], [ 134.5131683, 7.2895584 ], [ 134.5132294, 7.2896085 ], [ 134.513397200000014, 7.2896724 ], [ 134.5135498, 7.2897472 ], [ 134.5135783, 7.2897628 ], [ 134.5137329, 7.2898474 ], [ 134.5137482, 7.2898526 ], [ 134.5140839, 7.2899752 ], [ 134.5141754, 7.2900581 ], [ 134.51423650000001, 7.2901859 ], [ 134.5142822, 7.2903252 ], [ 134.514358499999986, 7.2904973 ], [ 134.5144043, 7.2906447 ], [ 134.514465300000012, 7.2908139 ], [ 134.5145111, 7.2908554 ], [ 134.514587400000011, 7.2909555 ], [ 134.5147095, 7.291111 ], [ 134.514862099999988, 7.2912111 ], [ 134.5149384, 7.2912221 ], [ 134.51506040000001, 7.2912111 ], [ 134.5151825, 7.2911944 ], [ 134.5152741, 7.2911553 ], [ 134.5155029, 7.2910752 ], [ 134.5156403, 7.2910557 ], [ 134.515701299999989, 7.2910609 ], [ 134.5157471, 7.2910557 ], [ 134.515914900000013, 7.2911029 ], [ 134.516052300000013, 7.2911835 ], [ 134.5162048, 7.2911887 ], [ 134.516281099999986, 7.2911611 ], [ 134.516418499999986, 7.2910752 ], [ 134.5166168, 7.2909751 ], [ 134.5166931, 7.2909279 ], [ 134.5167983, 7.2908929 ], [ 134.516861, 7.2908721 ], [ 134.517013600000013, 7.2908387 ], [ 134.5170288, 7.2908387 ], [ 134.5172882, 7.2907276 ], [ 134.5175324, 7.2906694 ], [ 134.517730699999987, 7.2905445 ], [ 134.5178986, 7.2904806 ], [ 134.517975299999989, 7.2904573 ], [ 134.5182648, 7.2903695 ], [ 134.5183868, 7.2903252 ], [ 134.51855470000001, 7.2902498 ], [ 134.518707299999988, 7.2901416 ], [ 134.5187836, 7.2900305 ], [ 134.5189667, 7.289947 ], [ 134.5191345, 7.2898665 ], [ 134.519302399999987, 7.2898278 ], [ 134.5194855, 7.2897916 ], [ 134.5196381, 7.2897916 ], [ 134.5197144, 7.2898111 ], [ 134.5199738, 7.2898026 ], [ 134.520263699999987, 7.2897553 ], [ 134.5205536, 7.2896085 ], [ 134.520721400000014, 7.2895165 ], [ 134.5209045, 7.2894363 ], [ 134.52108770000001, 7.2893443 ], [ 134.521286, 7.2892418 ], [ 134.5214691, 7.2891221 ], [ 134.521759, 7.2889137 ], [ 134.5220795, 7.2888112 ], [ 134.5222168, 7.2887836 ], [ 134.522537199999988, 7.2887387 ], [ 134.5227203, 7.2886558 ], [ 134.5228119, 7.2885804 ], [ 134.5229187, 7.2885389 ], [ 134.523025499999989, 7.2884975 ], [ 134.523239100000012, 7.2883415 ], [ 134.5233154, 7.2882333 ], [ 134.5234528, 7.2881475 ], [ 134.5237579, 7.2880526 ], [ 134.523941, 7.288003 ], [ 134.524124199999989, 7.28795 ], [ 134.524322500000011, 7.287828 ], [ 134.524475099999989, 7.2876835 ], [ 134.5246735, 7.2876082 ], [ 134.524826100000013, 7.2874556 ], [ 134.525070199999988, 7.2873001 ], [ 134.525238, 7.2872415 ], [ 134.5254517, 7.2871943 ] ] } },
{ "type": "Feature", "properties": { "RCID": 4239, "PRIM": 2, "GRUP": 2, "OBJL": 43, "RVER": 1, "AGEN": 550, "FIDN": 478696464, "FIDS": 9, "LNAM": "02261C8854100009", "LNAM_REFS": null, "FFPT_RIND": null, "VALDCO": 2.0, "VERDAT": null, "INFORM": null, "NINFOM": null, "NTXTDS": null, "SCAMAX": null, "SCAMIN": 44999, "TXTDSC": null, "RECDAT": null, "RECIND": null, "SORDAT": null, "SORIND": null, "hypcat": null, "_enc_cell": "US4TB3P0" }, "geometry": { "type": "LineString", "coordinates": [ [ 134.526718100000011, 7.3364081 ], [ 134.526733400000012, 7.3364334 ], [ 134.526870699999989, 7.3365054 ], [ 134.5269013, 7.3365054 ] ] } },
{ "type": "Feature", "properties": { "RCID": 4240, "PRIM": 2, "GRUP": 2, "OBJL": 43, "RVER": 1, "AGEN": 550, "FIDN": 702260503, "FIDS": 9, "LNAM": "022629DBA5170009", "LNAM_REFS": null, "FFPT_RIND": null, "VALDCO": 2.0, "VERDAT": null, "INFORM": null, "NINFOM": null, "NTXTDS": null, "SCAMAX": null, "SCAMIN": 44999, "TXTDSC": null, "RECDAT": null, "RECIND": null, "SORDAT": null, "SORIND": null, "hypcat": null, "_enc_cell": "US4TB3P0" }, "geometry": { "type": "LineString", "coordinates": [ [ 134.5270691, 7.3373585 ], [ 134.526870699999989, 7.3371697 ], [ 134.5266571, 7.3371277 ], [ 134.52636720000001, 7.3371277 ], [ 134.5261841, 7.3371387 ], [ 134.526056399999987, 7.3371622 ], [ 134.526016199999987, 7.3371697 ], [ 134.5258026, 7.3371167 ], [ 134.5257263, 7.3370113 ], [ 134.5257111, 7.3368335 ], [ 134.5257416, 7.3366637 ], [ 134.525787400000013, 7.3365831 ] ] } },
{ "type": "Feature", "properties": { "RCID": 4241, "PRIM": 2, "GRUP": 2, "OBJL": 43, "RVER": 1, "AGEN": 550, "FIDN": 534641452, "FIDS": 9, "LNAM": "02261FDDFB2C0009", "LNAM_REFS": null, "FFPT_RIND": null, "VALDCO": 20.0, "VERDAT": null, "INFORM": null, "NINFOM": null, "NTXTDS": null, "SCAMAX": null, "SCAMIN": 44999, "TXTDSC": null, "RECDAT": null, "RECIND": null, "SORDAT": null, "SORIND": null, "hypcat": null, "_enc_cell": "US4TB3P0" }, "geometry": { "type": "LineString", "coordinates": [ [ 134.5270844, 7.3362308 ], [ 134.5271301, 7.3360972 ], [ 134.5271454, 7.3360028 ], [ 134.5271301, 7.3359585 ] ] } },
{ "type": "Feature", "properties": { "RCID": 4242, "PRIM": 2, "GRUP": 2, "OBJL": 43, "RVER": 1, "AGEN": 550, "FIDN": 625947797, "FIDS": 9, "LNAM": "0226254F34950009", "LNAM_REFS": null, "FFPT_RIND": null, "VALDCO": 10.0, "VERDAT": null, "INFORM": null, "NINFOM": null, "NTXTDS": null, "SCAMAX": null, "SCAMIN": 44999, "TXTDSC": null, "RECDAT": null, "RECIND": null, "SORDAT": null, "SORIND": null, "hypcat": null, "_enc_cell": "US4TB3P0" }, "geometry": { "type": "LineString", "coordinates": [ [ 134.5309753, 7.3404946 ], [ 134.5310211, 7.3402834 ], [ 134.5310211, 7.3400946 ], [ 134.5309906, 7.3398609 ], [ 134.5309296, 7.3396945 ], [ 134.5308075, 7.3395166 ], [ 134.53068540000001, 7.3393889 ], [ 134.530578600000013, 7.339325 ] ] } },
{ "type": "Feature", "properties": { "RCID": 4243, "PRIM": 2, "GRUP": 2, "OBJL": 43, "RVER": 1, "AGEN": 550, "FIDN": 370835591, "FIDS": 9, "LNAM": "0226161A80870009", "LNAM_REFS": null, "FFPT_RIND": null, "VALDCO": 2.0, "VERDAT": null, "INFORM": null, "NINFOM": null, "NTXTDS": null, "SCAMAX": null, "SCAMIN": 44999, "TXTDSC": null, "RECDAT": null, "RECIND": null, "SORDAT": null, "SORIND": null, "hypcat": null, "_enc_cell": "US4TB3P0" }, "geometry": { "type": "LineString", "coordinates": [ [ 134.538958799999989, 7.2876364 ], [ 134.5390167, 7.2876196 ], [ 134.539245599999987, 7.2874947 ], [ 134.5393829, 7.2873721 ], [ 134.539474500000011, 7.2871919 ], [ 134.539489800000013, 7.2869835 ], [ 134.53945920000001, 7.2868028 ], [ 134.539367700000014, 7.2867141 ], [ 134.5392151, 7.2866473 ], [ 134.539032, 7.2866278 ], [ 134.5389404, 7.2866335 ], [ 134.5388031, 7.2866583 ], [ 134.53862, 7.2867193 ], [ 134.538513200000011, 7.2868223 ], [ 134.5384369, 7.2869248 ], [ 134.5383606, 7.2870808 ], [ 134.5383453, 7.2872028 ], [ 134.5383453, 7.2873168 ], [ 134.5383479, 7.2873241 ], [ 134.538391100000013, 7.2874446 ], [ 134.5384522, 7.2875471 ], [ 134.53849790000001, 7.2875776 ], [ 134.538559, 7.2876697 ], [ 134.5386963, 7.2876916 ], [ 134.538864100000012, 7.2876639 ], [ 134.538958799999989, 7.2876364 ] ] } },
{ "type": "Feature", "properties": { "RCID": 4244, "PRIM": 2, "GRUP": 2, "OBJL": 43, "RVER": 1, "AGEN": 550, "FIDN": 707429651, "FIDS": 9, "LNAM": "02262A2A85130009", "LNAM_REFS": null, "FFPT_RIND": null, "VALDCO": 30.0, "VERDAT": null, "INFORM": null, "NINFOM": null, "NTXTDS": null, "SCAMAX": null, "SCAMIN": 89999, "TXTDSC": null, "RECDAT": null, "RECIND": null, "SORDAT": null, "SORIND": null, "hypcat": null, "_enc_cell": "US4TB3P0" }, "geometry": { "type": "LineString", "coordinates": [ [ 134.5473868, 7.3204902 ], [ 134.5475581, 7.3204236 ], [ 134.5476438, 7.3202618 ], [ 134.5476248, 7.3200905 ], [ 134.547482, 7.3199763 ], [ 134.5473202, 7.3199477 ], [ 134.5471679, 7.3200334 ], [ 134.547120299999989, 7.3202047 ], [ 134.547186900000014, 7.320376 ], [ 134.5473868, 7.3204902 ] ] } },
{ "type": "Feature", "properties": { "RCID": 4245, "PRIM": 2, "GRUP": 2, "OBJL": 43, "RVER": 1, "AGEN": 550, "FIDN": 530975152, "FIDS": 9, "LNAM": "02261FA609B00009", "LNAM_REFS": null, "FFPT_RIND": null, "VALDCO": 30.0, "VERDAT": null, "INFORM": null, "NINFOM": null, "NTXTDS": null, "SCAMAX": null, "SCAMIN": 89999, "TXTDSC": null, "RECDAT": null, "RECIND": null, "SORDAT": null, "SORIND": null, "hypcat": null, "_enc_cell": "US4TB3P0" }, "geometry": { "type": "LineString", "coordinates": [ [ 134.5490723, 7.3058167 ], [ 134.5490418, 7.3060417 ], [ 134.5491333, 7.3063307 ], [ 134.5493622, 7.3064446 ], [ 134.5496674, 7.3064446 ], [ 134.5499115, 7.3063808 ], [ 134.5499878, 7.306253 ], [ 134.5501099, 7.306025 ], [ 134.5501099, 7.3057833 ], [ 134.5498962, 7.3055081 ], [ 134.549224900000013, 7.3055196 ], [ 134.5491791, 7.3056002 ], [ 134.5490723, 7.3058167 ] ] } },
{ "type": "Feature", "properties": { "RCID": 4246, "PRIM": 2, "GRUP": 2, "OBJL": 43, "RVER": 1, "AGEN": 550, "FIDN": 276133391, "FIDS": 9, "LNAM": "02261075760F0009", "LNAM_REFS": null, "FFPT_RIND": null, "VALDCO": 10.0, "VERDAT": null, "INFORM": null, "NINFOM": null, "NTXTDS": null, "SCAMAX": null, "SCAMIN": 44999, "TXTDSC": null, "RECDAT": null, "RECIND": null, "SORDAT": null, "SORIND": null, "hypcat": null, "_enc_cell": "US4TB3P0" }, "geometry": { "type": "LineString", "coordinates": [ [ 134.553176900000011, 7.3048248 ], [ 134.552932700000014, 7.3045111 ], [ 134.5526581, 7.3043447 ], [ 134.5523987, 7.3042808 ], [ 134.552215600000011, 7.3042808 ], [ 134.5518189, 7.3043222 ], [ 134.5513306, 7.3043447 ], [ 134.551147500000013, 7.3043833 ], [ 134.5509338, 7.3045721 ], [ 134.5508881, 7.3047609 ], [ 134.5509796, 7.3049083 ], [ 134.5509949, 7.3050971 ], [ 134.5510559, 7.3053279 ], [ 134.5510559, 7.3054943 ], [ 134.5510864, 7.3056612 ], [ 134.551147500000013, 7.3058276 ], [ 134.551269499999989, 7.3060165 ], [ 134.5514374, 7.3061638 ], [ 134.551605200000012, 7.3063307 ], [ 134.5518341, 7.3065834 ], [ 134.5518951, 7.3066974 ], [ 134.5519257, 7.3067722 ], [ 134.552002, 7.3069196 ], [ 134.55220030000001, 7.3070445 ], [ 134.55233770000001, 7.3070555 ], [ 134.5524445, 7.3070641 ], [ 134.5527802, 7.3070025 ], [ 134.5529022, 7.3068972 ], [ 134.553009, 7.3067722 ], [ 134.553176900000011, 7.3065 ], [ 134.553299, 7.3061638 ], [ 134.5533295, 7.3059139 ], [ 134.5533295, 7.3054943 ], [ 134.553299, 7.3051581 ], [ 134.553176900000011, 7.3048248 ] ] } },
{ "type": "Feature", "properties": { "RCID": 4247, "PRIM": 2, "GRUP": 2, "OBJL": 43, "RVER": 1, "AGEN": 550, "FIDN": 787896154, "FIDS": 9, "LNAM": "02262EF6575A0009", "LNAM_REFS": null, "FFPT_RIND": null, "VALDCO": 10.0, "VERDAT": null, "INFORM": null, "NINFOM": null, "NTXTDS": null, "SCAMAX": null, "SCAMIN": 44999, "TXTDSC": null, "RECDAT": null, "RECIND": null, "SORDAT": null, "SORIND": null, "hypcat": null, "_enc_cell": "US4TB3P0" }, "geometry": { "type": "LineString", "coordinates": [ [ 134.550537100000014, 7.2985249 ], [ 134.550537100000014, 7.2979751 ], [ 134.5506744, 7.2975693 ], [ 134.5509491, 7.2970915 ], [ 134.5513153, 7.2963529 ], [ 134.5515442, 7.2960415 ], [ 134.5518189, 7.295814 ], [ 134.552124, 7.2956581 ], [ 134.5524292, 7.2956224 ], [ 134.552825899999988, 7.2956471 ], [ 134.5531464, 7.2956944 ], [ 134.553558399999986, 7.2956944 ], [ 134.5538178, 7.2955751 ], [ 134.5540009, 7.295372 ], [ 134.554031400000014, 7.2950501 ], [ 134.5539703, 7.2947278 ], [ 134.5537567, 7.2944169 ], [ 134.5535126, 7.2942028 ], [ 134.5531464, 7.2940002 ], [ 134.5527954, 7.2938304 ], [ 134.5525055, 7.293736 ], [ 134.5517731, 7.2935581 ], [ 134.551513699999987, 7.2935085 ], [ 134.5511017, 7.2935085 ], [ 134.550781300000011, 7.2935581 ], [ 134.550537100000014, 7.2937002 ], [ 134.5503235, 7.2938695 ], [ 134.5499268, 7.2942138 ], [ 134.5497742, 7.2945137 ], [ 134.5496216, 7.2947388 ], [ 134.5493012, 7.295289 ], [ 134.5491638, 7.2954445 ], [ 134.549057, 7.2955279 ], [ 134.5489349, 7.2955999 ], [ 134.5487671, 7.2956362 ], [ 134.548584, 7.2956581 ] ] } },
{ "type": "Feature", "properties": { "RCID": 4248, "PRIM": 2, "GRUP": 2, "OBJL": 43, "RVER": 1, "AGEN": 550, "FIDN": 589672072, "FIDS": 9, "LNAM": "02262325AE880009", "LNAM_REFS": null, "FFPT_RIND": null, "VALDCO": 30.0, "VERDAT": null, "INFORM": null, "NINFOM": null, "NTXTDS": null, "SCAMAX": null, "SCAMIN": 89999, "TXTDSC": null, "RECDAT": null, "RECIND": null, "SORDAT": null, "SORIND": null, "hypcat": null, "_enc_cell": "US4TB3P0" }, "geometry": { "type": "LineString", "coordinates": [ [ 134.559326199999987, 7.3257942 ], [ 134.559921300000013, 7.3258724 ], [ 134.560272200000014, 7.3262444 ], [ 134.560775799999988, 7.3267527 ], [ 134.560791, 7.3270474 ], [ 134.5605774, 7.3273974 ], [ 134.559845, 7.3273974 ], [ 134.5594788, 7.3269863 ], [ 134.5588989, 7.3266168 ], [ 134.558715799999987, 7.3262639 ], [ 134.5587769, 7.3259306 ], [ 134.559326199999987, 7.3257942 ] ] } },
{ "type": "Feature", "properties": { "RCID": 4249, "PRIM": 2, "GRUP": 2, "OBJL": 43, "RVER": 1, "AGEN": 550, "FIDN": 393318580, "FIDS": 9, "LNAM": "0226177190B40009", "LNAM_REFS": null, "FFPT_RIND": null, "VALDCO": 5.0, "VERDAT": null, "INFORM": null, "NINFOM": null, "NTXTDS": null, "SCAMAX": null, "SCAMIN": 44999, "TXTDSC": null, "RECDAT": null, "RECIND": null, "SORDAT": null, "SORIND": null, "hypcat": null, "_enc_cell": "US4TB3P0" }, "geometry": { "type": "LineString", "coordinates": [ [ 134.5608215, 7.3104944 ], [ 134.5611725, 7.3104806 ], [ 134.5614319, 7.3104806 ], [ 134.5616303, 7.3106165 ], [ 134.561615, 7.3109112 ], [ 134.561355600000013, 7.3111248 ], [ 134.5610962, 7.311264 ], [ 134.5608521, 7.3114195 ], [ 134.560516400000012, 7.3115249 ], [ 134.5603027, 7.3115416 ], [ 134.5599823, 7.3113418 ], [ 134.5598755, 7.3111582 ], [ 134.5598755, 7.3108945 ], [ 134.5600891, 7.3106165 ], [ 134.5604248, 7.3105249 ], [ 134.5608215, 7.3104944 ] ] } },
{ "type": "Feature", "properties": { "RCID": 4250, "PRIM": 2, "GRUP": 2, "OBJL": 43, "RVER": 1, "AGEN": 550, "FIDN": 833341351, "FIDS": 9, "LNAM": "022631ABC7A70009", "LNAM_REFS": null, "FFPT_RIND": null, "VALDCO": 30.0, "VERDAT": null, "INFORM": null, "NINFOM": null, "NTXTDS": null, "SCAMAX": null, "SCAMIN": 89999, "TXTDSC": null, "RECDAT": null, "RECIND": null, "SORDAT": null, "SORIND": null, "hypcat": null, "_enc_cell": "US4TB3P0" }, "geometry": { "type": "LineString", "coordinates": [ [ 134.5629883, 7.3231249 ], [ 134.5628443, 7.3233058 ], [ 134.5628357, 7.3233166 ], [ 134.5627594, 7.3235445 ] ] } },
{ "type": "Feature", "properties": { "RCID": 4251, "PRIM": 2, "GRUP": 2, "OBJL": 43, "RVER": 1, "AGEN": 550, "FIDN": 699171439, "FIDS": 9, "LNAM": "022629AC826F0009", "LNAM_REFS": null, "FFPT_RIND": null, "VALDCO": 0.0, "VERDAT": null, "INFORM": null, "NINFOM": null, "NTXTDS": null, "SCAMAX": null, "SCAMIN": 89999, "TXTDSC": null, "RECDAT": null, "RECIND": null, "SORDAT": null, "SORIND": null, "hypcat": null, "_enc_cell": "US4TB3P0" }, "geometry": { "type": "LineString", "coordinates": [ [ 134.5698547, 7.365561 ], [ 134.569519, 7.3652916 ], [ 134.569274900000011, 7.3650665 ], [ 134.569168100000013, 7.3649306 ], [ 134.5690155, 7.3646998 ], [ 134.5690002, 7.3646779 ], [ 134.568924, 7.3643999 ], [ 134.5689087, 7.3643165 ], [ 134.5688782, 7.3642221 ], [ 134.5688629, 7.3636222 ], [ 134.568985, 7.3627305 ], [ 134.569152800000012, 7.3614335 ], [ 134.5693054, 7.3604612 ], [ 134.5693359, 7.3598776 ], [ 134.5693207, 7.3595748 ], [ 134.5691071, 7.3593669 ] ] } },
{ "type": "Feature", "properties": { "RCID": 4252, "PRIM": 2, "GRUP": 2, "OBJL": 43, "RVER": 1, "AGEN": 550, "FIDN": 441479061, "FIDS": 9, "LNAM": "02261A506F950009", "LNAM_REFS": null, "FFPT_RIND": null, "VALDCO": 0.0, "VERDAT": null, "INFORM": null, "NINFOM": null, "NTXTDS": null, "SCAMAX": null, "SCAMIN": 89999, "TXTDSC": null, "RECDAT": null, "RECIND": null, "SORDAT": null, "SORIND": null, "hypcat": null, "_enc_cell": "US4TB3P0" }, "geometry": { "type": "LineString", "coordinates": [ [ 134.5713654, 7.3660722 ], [ 134.57167050000001, 7.3661695 ], [ 134.5719757, 7.3662973 ], [ 134.5723724, 7.3663945 ], [ 134.572631800000011, 7.3663306 ], [ 134.5727997, 7.3661695 ], [ 134.5728149, 7.3659582 ], [ 134.5727234, 7.3657637 ], [ 134.5720062, 7.3652444 ], [ 134.571685800000012, 7.3649197 ], [ 134.571579, 7.3645139 ], [ 134.57167050000001, 7.3640776 ], [ 134.5718536, 7.3635249 ], [ 134.572052, 7.3632417 ] ] } },
{ "type": "Feature", "properties": { "RCID": 4253, "PRIM": 2, "GRUP": 2, "OBJL": 43, "RVER": 1, "AGEN": 550, "FIDN": 941739835, "FIDS": 9, "LNAM": "02263821CF3B0009", "LNAM_REFS": null, "FFPT_RIND": null, "VALDCO": 50.0, "VERDAT": null, "INFORM": null, "NINFOM": null, "NTXTDS": null, "SCAMAX": null, "SCAMIN": 44999, "TXTDSC": null, "RECDAT": null, "RECIND": null, "SORDAT": null, "SORIND": null, "hypcat": null, "_enc_cell": "US4TB3P0" }, "geometry": { "type": "LineString", "coordinates": [ [ 134.572700200000014, 7.3101007 ], [ 134.5726776, 7.3101112 ], [ 134.572592, 7.310273 ], [ 134.57263, 7.3104158 ], [ 134.5727157, 7.3105205 ], [ 134.572829899999988, 7.3105776 ], [ 134.572982200000013, 7.3105205 ], [ 134.5730422, 7.3104271 ], [ 134.573067900000012, 7.3103872 ], [ 134.573058300000014, 7.3102159 ], [ 134.5729632, 7.3101017 ], [ 134.572820400000012, 7.3100446 ], [ 134.572700200000014, 7.3101007 ] ] } },
{ "type": "Feature", "properties": { "RCID": 4254, "PRIM": 2, "GRUP": 2, "OBJL": 43, "RVER": 1, "AGEN": 550, "FIDN": 39871311, "FIDS": 9, "LNAM": "02260260634F0009", "LNAM_REFS": null, "FFPT_RIND": null, "VALDCO": 0.0, "VERDAT": null, "INFORM": null, "NINFOM": null, "NTXTDS": null, "SCAMAX": null, "SCAMIN": 89999, "TXTDSC": null, "RECDAT": null, "RECIND": null, "SORDAT": null, "SORIND": null, "hypcat": null, "_enc_cell": "US4TB3P0" }, "geometry": { "type": "LineString", "coordinates": [ [ 134.573761, 7.3550415 ], [ 134.573608400000012, 7.3547807 ], [ 134.5734711, 7.3544917 ], [ 134.5733337, 7.354075 ], [ 134.5733032, 7.3536611 ], [ 134.5733643, 7.3532667 ], [ 134.5733643, 7.3532529 ], [ 134.573501599999986, 7.3528695 ], [ 134.5735474, 7.352725 ], [ 134.5738373, 7.3522277 ], [ 134.574295, 7.3518944 ], [ 134.574569700000012, 7.3515639 ] ] } },
{ "type": "Feature", "properties": { "RCID": 4255, "PRIM": 2, "GRUP": 2, "OBJL": 43, "RVER": 1, "AGEN": 550, "FIDN": 212108206, "FIDS": 9, "LNAM": "02260CA483AE0009", "LNAM_REFS": null, "FFPT_RIND": null, "VALDCO": 30.0, "VERDAT": null, "INFORM": null, "NINFOM": null, "NTXTDS": null, "SCAMAX": null, "SCAMIN": 89999, "TXTDSC": null, "RECDAT": null, "RECIND": null, "SORDAT": null, "SORIND": null, "hypcat": null, "_enc_cell": "US4TB3P0" }, "geometry": { "type": "LineString", "coordinates": [ [ 134.5859222, 7.3261113 ], [ 134.5859485, 7.3260223 ], [ 134.585998499999988, 7.3258529 ], [ 134.585968, 7.3256388 ], [ 134.5859528, 7.3255501 ], [ 134.5858307, 7.3252916 ], [ 134.585556, 7.3250971 ], [ 134.5852966, 7.3250113 ], [ 134.585105, 7.325003 ], [ 134.584777800000012, 7.3249888 ], [ 134.5846405, 7.3250113 ], [ 134.5844727, 7.3250752 ], [ 134.58441160000001, 7.325161 ] ] } },
{ "type": "Feature", "properties": { "RCID": 4256, "PRIM": 2, "GRUP": 2, "OBJL": 43, "RVER": 1, "AGEN": 550, "FIDN": 791324178, "FIDS": 9, "LNAM": "02262F2AA6120009", "LNAM_REFS": null, "FFPT_RIND": null, "VALDCO": 20.0, "VERDAT": null, "INFORM": null, "NINFOM": null, "NTXTDS": null, "SCAMAX": null, "SCAMIN": 44999, "TXTDSC": null, "RECDAT": null, "RECIND": null, "SORDAT": null, "SORIND": null, "hypcat": null, "_enc_cell": "US4TB3P0" }, "geometry": { "type": "LineString", "coordinates": [ [ 134.6029968, 7.3627138 ], [ 134.6028442, 7.362864 ], [ 134.602722199999988, 7.3630805 ], [ 134.602600099999989, 7.3633862 ], [ 134.602584799999988, 7.3636193 ], [ 134.6026459, 7.3637972 ], [ 134.60289, 7.3641777 ], [ 134.6032562, 7.3644748 ], [ 134.6033783, 7.3646169 ], [ 134.6034699, 7.3648028 ], [ 134.6035004, 7.3649778 ], [ 134.6034546, 7.3652501 ], [ 134.603363, 7.3654165 ], [ 134.6030884, 7.3656335 ], [ 134.6027374, 7.365778 ], [ 134.601486200000011, 7.3661447 ], [ 134.601364100000012, 7.3662109 ], [ 134.601272599999987, 7.3663387 ] ] } },
{ "type": "Feature", "properties": { "RCID": 4257, "PRIM": 2, "GRUP": 2, "OBJL": 43, "RVER": 1, "AGEN": 550, "FIDN": 285409930, "FIDS": 9, "LNAM": "02261103028A0009", "LNAM_REFS": null, "FFPT_RIND": null, "VALDCO": 30.0, "VERDAT": null, "INFORM": null, "NINFOM": null, "NTXTDS": null, "SCAMAX": null, "SCAMIN": 89999, "TXTDSC": null, "RECDAT": null, "RECIND": null, "SORDAT": null, "SORIND": null, "hypcat": null, "_enc_cell": "US4TB3P0" }, "geometry": { "type": "LineString", "coordinates": [ [ 134.603653, 7.3616943 ], [ 134.603653, 7.3614998 ], [ 134.603790299999986, 7.3609724 ], [ 134.603912400000013, 7.3608446 ], [ 134.6043091, 7.3606334 ], [ 134.604538, 7.3604474 ], [ 134.604599, 7.3603168 ], [ 134.6045685, 7.3599916 ], [ 134.604538, 7.3599863 ], [ 134.6044312, 7.359828 ], [ 134.6042481, 7.3597193 ], [ 134.6039429, 7.3596168 ], [ 134.6034546, 7.3595724 ], [ 134.6030273, 7.3594666 ], [ 134.6027374, 7.3592057 ] ] } },
{ "type": "Feature", "properties": { "RCID": 4258, "PRIM": 2, "GRUP": 2, "OBJL": 43, "RVER": 1, "AGEN": 550, "FIDN": 865132774, "FIDS": 9, "LNAM": "02263390E0E60009", "LNAM_REFS": null, "FFPT_RIND": null, "VALDCO": 30.0, "VERDAT": null, "INFORM": null, "NINFOM": null, "NTXTDS": null, "SCAMAX": null, "SCAMIN": 89999, "TXTDSC": null, "RECDAT": null, "RECIND": null, "SORDAT": null, "SORIND": null, "hypcat": null, "_enc_cell": "US4TB3P0" }, "geometry": { "type": "LineString", "coordinates": [ [ 134.601486200000011, 7.3584638 ], [ 134.600677499999989, 7.3579583 ], [ 134.6003723, 7.3576527 ], [ 134.6002655, 7.357511 ], [ 134.6002045, 7.3573222 ], [ 134.6002197, 7.3567834 ], [ 134.600311299999987, 7.3565054 ], [ 134.6003265, 7.3564277 ], [ 134.600708, 7.3559165 ], [ 134.6012116, 7.3555613 ], [ 134.6018219, 7.3553085 ], [ 134.6024017, 7.355103 ], [ 134.60256960000001, 7.3550277 ], [ 134.6032562, 7.3547721 ], [ 134.6035156, 7.3546944 ], [ 134.6037598, 7.3545942 ], [ 134.6039734, 7.3544664 ], [ 134.604187, 7.3544612 ], [ 134.6045227, 7.3544998 ], [ 134.605423, 7.3548026 ] ] } },
{ "type": "Feature", "properties": { "RCID": 4259, "PRIM": 2, "GRUP": 2, "OBJL": 43, "RVER": 1, "AGEN": 550, "FIDN": 894553563, "FIDS": 9, "LNAM": "02263551CDDB0009", "LNAM_REFS": null, "FFPT_RIND": null, "VALDCO": 50.0, "VERDAT": null, "INFORM": null, "NINFOM": null, "NTXTDS": null, "SCAMAX": null, "SCAMIN": 44999, "TXTDSC": null, "RECDAT": null, "RECIND": null, "SORDAT": null, "SORIND": null, "hypcat": null, "_enc_cell": "US4TB3P0" }, "geometry": { "type": "LineString", "coordinates": [ [ 134.6034393, 7.3737917 ], [ 134.6034546, 7.3740721 ], [ 134.6035156, 7.3744526 ], [ 134.6035919, 7.3747582 ], [ 134.603714, 7.3750668 ], [ 134.603912400000013, 7.3753972 ], [ 134.604171799999989, 7.3756776 ], [ 134.6044312, 7.3759308 ], [ 134.604629499999987, 7.3761082 ], [ 134.604843100000011, 7.3762112 ], [ 134.605117799999988, 7.3762889 ], [ 134.6055756, 7.376339 ] ] } },
{ "type": "Feature", "properties": { "RCID": 4260, "PRIM": 2, "GRUP": 2, "OBJL": 43, "RVER": 1, "AGEN": 550, "FIDN": 996629739, "FIDS": 9, "LNAM": "02263B675CEB0009", "LNAM_REFS": null, "FFPT_RIND": null, "VALDCO": 200.0, "VERDAT": null, "INFORM": null, "NINFOM": null, "NTXTDS": null, "SCAMAX": null, "SCAMIN": 44999, "TXTDSC": null, "RECDAT": null, "RECIND": null, "SORDAT": null, "SORIND": null, "hypcat": null, "_enc_cell": "US4TB3P0" }, "geometry": { "type": "LineString", "coordinates": [ [ 134.603302, 7.3390555 ], [ 134.6038513, 7.3390999 ], [ 134.6047058, 7.3394613 ], [ 134.6055756, 7.3400502 ], [ 134.6060181, 7.3407722 ], [ 134.6063385, 7.3413611 ], [ 134.606658900000014, 7.3420863 ] ] } },
{ "type": "Feature", "properties": { "RCID": 4418, "PRIM": 2, "GRUP": 2, "OBJL": 43, "RVER": 1, "AGEN": 550, "FIDN": 245924858, "FIDS": 9, "LNAM": "02260EA883FA0009", "LNAM_REFS": null, "FFPT_RIND": null, "VALDCO": 20.0, "VERDAT": null, "INFORM": null, "NINFOM": null, "NTXTDS": null, "SCAMAX": null, "SCAMIN": 44999, "TXTDSC": null, "RECDAT": null, "RECIND": null, "SORDAT": null, "SORIND": null, "hypcat": null, "_enc_cell": "US4TB3P0" }, "geometry": { "type": "LineString", "coordinates": [ [ 134.4895783, 7.3722415 ], [ 134.4896545, 7.3725891 ], [ 134.4899445, 7.3728085 ], [ 134.4900513, 7.3728609 ], [ 134.4901733, 7.3729472 ], [ 134.4902496, 7.373014 ], [ 134.4902954, 7.3731279 ], [ 134.4903107, 7.3732529 ], [ 134.490325899999988, 7.3733387 ], [ 134.4903565, 7.3734946 ], [ 134.490432700000014, 7.373589 ], [ 134.490570100000014, 7.3736696 ], [ 134.4907532, 7.3737416 ], [ 134.4908752, 7.3737807 ], [ 134.4910126, 7.3737888 ], [ 134.4911041, 7.3737807 ], [ 134.4911194, 7.3737721 ], [ 134.491149900000011, 7.3737721 ], [ 134.4913635, 7.3735638 ], [ 134.491394, 7.3735361 ] ] } },
{ "type": "Feature", "properties": { "RCID": 4419, "PRIM": 2, "GRUP": 2, "OBJL": 43, "RVER": 1, "AGEN": 550, "FIDN": 656309861, "FIDS": 9, "LNAM": "0226271E7E650009", "LNAM_REFS": null, "FFPT_RIND": null, "VALDCO": 20.0, "VERDAT": null, "INFORM": null, "NINFOM": null, "NTXTDS": null, "SCAMAX": null, "SCAMIN": 44999, "TXTDSC": null, "RECDAT": null, "RECIND": null, "SORDAT": null, "SORIND": null, "hypcat": null, "_enc_cell": "US4TB3P0" }, "geometry": { "type": "LineString", "coordinates": [ [ 134.4886627, 7.3857002 ], [ 134.4888611, 7.3855777 ], [ 134.489105200000012, 7.3854556 ], [ 134.4892883, 7.3853416 ], [ 134.489379899999989, 7.3852749 ], [ 134.4894409, 7.3851891 ], [ 134.489471400000014, 7.3850832 ], [ 134.4894562, 7.3849611 ], [ 134.4893494, 7.3846664 ], [ 134.4892883, 7.3845277 ], [ 134.4892883, 7.3843722 ], [ 134.489364599999988, 7.3842859 ], [ 134.4895325, 7.3842306 ], [ 134.4898071, 7.3842306 ], [ 134.490066500000012, 7.3842502 ], [ 134.490203900000012, 7.3842416 ], [ 134.4903107, 7.3842001 ], [ 134.4905396, 7.3841057 ], [ 134.4907074, 7.3840585 ], [ 134.49086, 7.3840585 ], [ 134.4909821, 7.3841333 ], [ 134.4911041, 7.3842859 ], [ 134.4913178, 7.3845415 ], [ 134.4915009, 7.3847332 ], [ 134.4915619, 7.3849082 ], [ 134.4915772, 7.3850832 ], [ 134.4915466, 7.385272 ], [ 134.4914551, 7.3854446 ], [ 134.4913635, 7.3855166 ], [ 134.4912567, 7.3855581 ], [ 134.491043100000013, 7.3855777 ], [ 134.490936299999987, 7.3856139 ], [ 134.4908447, 7.3856721 ], [ 134.490799, 7.3857722 ], [ 134.490799, 7.3858805 ], [ 134.4908752, 7.3860946 ], [ 134.4908905, 7.3861861 ], [ 134.4908752, 7.3863721 ], [ 134.4908295, 7.386528 ], [ 134.490676900000011, 7.3868113 ], [ 134.490554800000012, 7.3870111 ], [ 134.490325899999988, 7.3874002 ], [ 134.490203900000012, 7.3876638 ] ] } },
{ "type": "Feature", "properties": { "RCID": 4420, "PRIM": 2, "GRUP": 2, "OBJL": 43, "RVER": 1, "AGEN": 550, "FIDN": 179338015, "FIDS": 9, "LNAM": "02260AB07B1F0009", "LNAM_REFS": null, "FFPT_RIND": null, "VALDCO": 10.0, "VERDAT": null, "INFORM": null, "NINFOM": null, "NTXTDS": null, "SCAMAX": null, "SCAMIN": 44999, "TXTDSC": null, "RECDAT": null, "RECIND": null, "SORDAT": null, "SORIND": null, "hypcat": null, "_enc_cell": "US4TB3P0" }, "geometry": { "type": "LineString", "coordinates": [ [ 134.4912262, 7.3752084 ], [ 134.4912415, 7.3753419 ], [ 134.4912567, 7.3754668 ], [ 134.491302499999989, 7.3755641 ], [ 134.491394, 7.3756585 ], [ 134.4914398, 7.3756971 ], [ 134.4915466, 7.3756695 ], [ 134.491684, 7.3756585 ], [ 134.4918213, 7.3755722 ], [ 134.4919128, 7.3754582 ], [ 134.4919586, 7.3752751 ], [ 134.4919586, 7.3750835 ], [ 134.4919281, 7.3749499 ], [ 134.491806, 7.3748751 ], [ 134.4917145, 7.3748641 ], [ 134.4915924, 7.3748751 ], [ 134.4914703, 7.3749027 ], [ 134.4913483, 7.3749776 ], [ 134.4912567, 7.3750944 ], [ 134.4912262, 7.3752084 ] ] } },
{ "type": "Feature", "properties": { "RCID": 4421, "PRIM": 2, "GRUP": 2, "OBJL": 43, "RVER": 1, "AGEN": 550, "FIDN": 869602295, "FIDS": 9, "LNAM": "022633D513F70009", "LNAM_REFS": null, "FFPT_RIND": null, "VALDCO": 20.0, "VERDAT": null, "INFORM": null, "NINFOM": null, "NTXTDS": null, "SCAMAX": null, "SCAMIN": 44999, "TXTDSC": null, "RECDAT": null, "RECIND": null, "SORDAT": null, "SORIND": null, "hypcat": null, "_enc_cell": "US4TB3P0" }, "geometry": { "type": "LineString", "coordinates": [ [ 134.492096, 7.3694778 ], [ 134.4920807, 7.3694778 ], [ 134.491775499999989, 7.3694916 ], [ 134.4911957, 7.3694778 ], [ 134.4909821, 7.3696528 ], [ 134.4908295, 7.3697972 ], [ 134.4906527, 7.3698021 ], [ 134.490325899999988, 7.3698111 ], [ 134.4894409, 7.3703752 ], [ 134.4893494, 7.37045 ], [ 134.48909, 7.3706722 ], [ 134.4886932, 7.3708696 ], [ 134.4884949, 7.3708167 ], [ 134.4880981, 7.3707805 ], [ 134.487808199999989, 7.3705583 ], [ 134.4877167, 7.3702807 ], [ 134.4877167, 7.3701081 ] ] } },
{ "type": "Feature", "properties": { "RCID": 4423, "PRIM": 2, "GRUP": 2, "OBJL": 43, "RVER": 1, "AGEN": 550, "FIDN": 826488920, "FIDS": 9, "LNAM": "0226314338580009", "LNAM_REFS": null, "FFPT_RIND": null, "VALDCO": 10.0, "VERDAT": null, "INFORM": null, "NINFOM": null, "NTXTDS": null, "SCAMAX": null, "SCAMIN": 44999, "TXTDSC": null, "RECDAT": null, "RECIND": null, "SORDAT": null, "SORIND": null, "hypcat": null, "_enc_cell": "US4TB3P0" }, "geometry": { "type": "LineString", "coordinates": [ [ 134.49319460000001, 7.3707972 ], [ 134.493209799999988, 7.3709807 ], [ 134.493209799999988, 7.3711224 ], [ 134.4931335, 7.3712859 ], [ 134.493072500000011, 7.3713417 ] ] } },
{ "type": "Feature", "properties": { "RCID": 4425, "PRIM": 2, "GRUP": 2, "OBJL": 43, "RVER": 1, "AGEN": 550, "FIDN": 129099975, "FIDS": 9, "LNAM": "022607B1E8C70009", "LNAM_REFS": null, "FFPT_RIND": null, "VALDCO": 10.0, "VERDAT": null, "INFORM": null, "NINFOM": null, "NTXTDS": null, "SCAMAX": null, "SCAMIN": 44999, "TXTDSC": null, "RECDAT": null, "RECIND": null, "SORDAT": null, "SORIND": null, "hypcat": null, "_enc_cell": "US4TB3P0" }, "geometry": { "type": "LineString", "coordinates": [ [ 134.492385899999988, 7.4022389 ], [ 134.4924011, 7.4021473 ], [ 134.4924316, 7.4020972 ], [ 134.4925232, 7.4020581 ], [ 134.4926453, 7.4020224 ], [ 134.4929047, 7.4019165 ], [ 134.493072500000011, 7.4017749 ], [ 134.49319460000001, 7.4016304 ], [ 134.4932404, 7.4015331 ], [ 134.4932404, 7.4012251 ], [ 134.4931641, 7.4011359 ], [ 134.4930573, 7.4010611 ], [ 134.4927673, 7.4008584 ], [ 134.4927063, 7.4007974 ], [ 134.4926758, 7.400703 ], [ 134.4926758, 7.4005776 ], [ 134.49272160000001, 7.400528 ], [ 134.4927673, 7.4004889 ], [ 134.492843599999986, 7.4004307 ] ] } },
{ "type": "Feature", "properties": { "RCID": 4434, "PRIM": 2, "GRUP": 2, "OBJL": 43, "RVER": 1, "AGEN": 550, "FIDN": 544628919, "FIDS": 9, "LNAM": "0226207660B70009", "LNAM_REFS": null, "FFPT_RIND": null, "VALDCO": 10.0, "VERDAT": null, "INFORM": null, "NINFOM": null, "NTXTDS": null, "SCAMAX": null, "SCAMIN": 44999, "TXTDSC": null, "RECDAT": null, "RECIND": null, "SORDAT": null, "SORIND": null, "hypcat": null, "_enc_cell": "US4TB3P0" }, "geometry": { "type": "LineString", "coordinates": [ [ 134.4972687, 7.3342776 ], [ 134.497314499999987, 7.334125 ], [ 134.4973755, 7.3339057 ], [ 134.4973755, 7.3336973 ], [ 134.4973602, 7.3333669 ], [ 134.497177099999988, 7.3332138 ], [ 134.4968567, 7.3332138 ], [ 134.4965973, 7.3333526 ], [ 134.496337899999986, 7.333725 ], [ 134.496322600000013, 7.3339863 ], [ 134.4962769, 7.3342085 ] ] } },
{ "type": "Feature", "properties": { "RCID": 4439, "PRIM": 2, "GRUP": 2, "OBJL": 43, "RVER": 1, "AGEN": 550, "FIDN": 976600373, "FIDS": 9, "LNAM": "02263A35BD350009", "LNAM_REFS": null, "FFPT_RIND": null, "VALDCO": 5.0, "VERDAT": null, "INFORM": null, "NINFOM": null, "NTXTDS": null, "SCAMAX": null, "SCAMIN": 44999, "TXTDSC": null, "RECDAT": null, "RECIND": null, "SORDAT": null, "SORIND": null, "hypcat": null, "_enc_cell": "US4TB3P0" }, "geometry": { "type": "LineString", "coordinates": [ [ 134.5031433, 7.2870612 ], [ 134.503139800000014, 7.2870545 ], [ 134.5030212, 7.2868304 ], [ 134.502945, 7.2866221 ], [ 134.5028992, 7.2864666 ], [ 134.5028381, 7.2862277 ], [ 134.502807600000011, 7.2861085 ], [ 134.5027313, 7.2859612 ], [ 134.5026398, 7.2858777 ], [ 134.5025024, 7.2858696 ], [ 134.5024109, 7.2858777 ], [ 134.502121, 7.286036 ], [ 134.5019989, 7.2861443 ], [ 134.5019531, 7.2862639 ], [ 134.5019074, 7.2863083 ], [ 134.501861600000012, 7.2864389 ], [ 134.5017853, 7.2865667 ], [ 134.501724200000012, 7.2867222 ], [ 134.5016937, 7.2868419 ], [ 134.501632699999988, 7.2869058 ], [ 134.5014496, 7.2870612 ], [ 134.501358, 7.2871165 ], [ 134.501266500000014, 7.287189 ], [ 134.5011749, 7.2872887 ], [ 134.5010834, 7.2873998 ], [ 134.501022299999988, 7.2874918 ], [ 134.5009613, 7.2875776 ], [ 134.500946, 7.2876082 ], [ 134.5008925, 7.2876901 ], [ 134.500793499999986, 7.2878418 ], [ 134.5007324, 7.2879472 ] ] } },
{ "type": "Feature", "properties": { "RCID": 4440, "PRIM": 2, "GRUP": 2, "OBJL": 43, "RVER": 1, "AGEN": 550, "FIDN": 361012452, "FIDS": 9, "LNAM": "022615849CE40009", "LNAM_REFS": null, "FFPT_RIND": null, "VALDCO": 2.0, "VERDAT": null, "INFORM": null, "NINFOM": null, "NTXTDS": null, "SCAMAX": null, "SCAMIN": 44999, "TXTDSC": null, "RECDAT": null, "RECIND": null, "SORDAT": null, "SORIND": null, "hypcat": null, "_enc_cell": "US4TB3P0" }, "geometry": { "type": "LineString", "coordinates": [ [ 134.5030365, 7.3598471 ], [ 134.503082299999988, 7.3596335 ], [ 134.5032654, 7.3594308 ], [ 134.503433199999989, 7.3592501 ], [ 134.503479, 7.3590055 ], [ 134.5033875, 7.3588028 ], [ 134.5032654, 7.358664 ], [ 134.503173800000013, 7.3584833 ], [ 134.5030975, 7.3583002 ], [ 134.5029144, 7.358161 ], [ 134.502716099999986, 7.3580332 ], [ 134.5026398, 7.3578863 ], [ 134.5025635, 7.3576832 ], [ 134.502609299999989, 7.3574696 ], [ 134.5026703, 7.3573084 ], [ 134.5026398, 7.3570113 ] ] } },
{ "type": "Feature", "properties": { "RCID": 4442, "PRIM": 2, "GRUP": 2, "OBJL": 43, "RVER": 1, "AGEN": 550, "FIDN": 909126171, "FIDS": 9, "LNAM": "022636302A1B0009", "LNAM_REFS": null, "FFPT_RIND": null, "VALDCO": 2.0, "VERDAT": null, "INFORM": null, "NINFOM": null, "NTXTDS": null, "SCAMAX": null, "SCAMIN": 44999, "TXTDSC": null, "RECDAT": null, "RECIND": null, "SORDAT": null, "SORIND": null, "hypcat": null, "_enc_cell": "US4TB3P0" }, "geometry": { "type": "LineString", "coordinates": [ [ 134.505096400000014, 7.362886 ], [ 134.5049744, 7.3630419 ], [ 134.50485230000001, 7.3631973 ], [ 134.5046997, 7.3634086 ], [ 134.5045929, 7.3636026 ], [ 134.504501299999987, 7.3638029 ], [ 134.5044403, 7.3640499 ], [ 134.504394499999989, 7.364264 ] ] } },
{ "type": "Feature", "properties": { "RCID": 4443, "PRIM": 2, "GRUP": 2, "OBJL": 43, "RVER": 1, "AGEN": 550, "FIDN": 601190488, "FIDS": 9, "LNAM": "022623D570580009", "LNAM_REFS": null, "FFPT_RIND": null, "VALDCO": 30.0, "VERDAT": null, "INFORM": null, "NINFOM": null, "NTXTDS": null, "SCAMAX": null, "SCAMIN": 89999, "TXTDSC": null, "RECDAT": null, "RECIND": null, "SORDAT": null, "SORIND": null, "hypcat": null, "_enc_cell": "US4TB3P0" }, "geometry": { "type": "LineString", "coordinates": [ [ 134.5048065, 7.3618641 ], [ 134.5046845, 7.3618641 ], [ 134.5044556, 7.3618193 ], [ 134.5043182, 7.3616276 ], [ 134.504272500000013, 7.3613305 ], [ 134.5043488, 7.3611584 ], [ 134.504638699999987, 7.3609777 ], [ 134.5049439, 7.361011 ], [ 134.505096400000014, 7.3611388 ], [ 134.5051575, 7.3614359 ], [ 134.5051575, 7.3614416 ], [ 134.5051575, 7.3614445 ], [ 134.505096400000014, 7.3616166 ], [ 134.504989599999988, 7.3617888 ], [ 134.5048981, 7.3618641 ], [ 134.5048065, 7.3618641 ] ] } },
{ "type": "Feature", "properties": { "RCID": 4444, "PRIM": 2, "GRUP": 2, "OBJL": 43, "RVER": 1, "AGEN": 550, "FIDN": 821534404, "FIDS": 9, "LNAM": "022630F79EC40009", "LNAM_REFS": null, "FFPT_RIND": null, "VALDCO": 5.0, "VERDAT": null, "INFORM": null, "NINFOM": null, "NTXTDS": null, "SCAMAX": null, "SCAMIN": 44999, "TXTDSC": null, "RECDAT": null, "RECIND": null, "SORDAT": null, "SORIND": null, "hypcat": null, "_enc_cell": "US4TB3P0" }, "geometry": { "type": "LineString", "coordinates": [ [ 134.5044556, 7.2900777 ], [ 134.504730200000012, 7.2898054 ], [ 134.50485230000001, 7.2896972 ], [ 134.504989599999988, 7.2895889 ], [ 134.505127, 7.2894692 ], [ 134.5052033, 7.2893777 ], [ 134.5052643, 7.2892585 ], [ 134.5052795, 7.2890863 ], [ 134.5052643, 7.288939 ], [ 134.5049591, 7.2885361 ], [ 134.5047913, 7.2884169 ], [ 134.5045776, 7.2883167 ] ] } },
{ "type": "Feature", "properties": { "RCID": 4446, "PRIM": 2, "GRUP": 2, "OBJL": 43, "RVER": 1, "AGEN": 550, "FIDN": 990873163, "FIDS": 9, "LNAM": "02263B0F864B0009", "LNAM_REFS": null, "FFPT_RIND": null, "VALDCO": 20.0, "VERDAT": null, "INFORM": null, "NINFOM": null, "NTXTDS": null, "SCAMAX": null, "SCAMIN": 44999, "TXTDSC": null, "RECDAT": null, "RECIND": null, "SORDAT": null, "SORIND": null, "hypcat": null, "_enc_cell": "US4TB3P0" }, "geometry": { "type": "LineString", "coordinates": [ [ 134.510894799999988, 7.3490806 ], [ 134.5110474, 7.3488946 ], [ 134.511383099999989, 7.3487082 ], [ 134.5114441, 7.3486724 ], [ 134.5115662, 7.3485971 ], [ 134.5118103, 7.3485613 ], [ 134.512085, 7.3485251 ], [ 134.5122376, 7.3483748 ], [ 134.5122833, 7.348114 ], [ 134.5122681, 7.3478165 ], [ 134.5122376, 7.3476305 ], [ 134.512313799999987, 7.347353 ] ] } },
{ "type": "Feature", "properties": { "RCID": 4447, "PRIM": 2, "GRUP": 2, "OBJL": 43, "RVER": 1, "AGEN": 550, "FIDN": 79354471, "FIDS": 9, "LNAM": "022604BADA670009", "LNAM_REFS": null, "FFPT_RIND": null, "VALDCO": 20.0, "VERDAT": null, "INFORM": null, "NINFOM": null, "NTXTDS": null, "SCAMAX": null, "SCAMIN": 44999, "TXTDSC": null, "RECDAT": null, "RECIND": null, "SORDAT": null, "SORIND": null, "hypcat": null, "_enc_cell": "US4TB3P0" }, "geometry": { "type": "LineString", "coordinates": [ [ 134.513046300000013, 7.3471055 ], [ 134.5132294, 7.3472252 ], [ 134.5135651, 7.3473334 ], [ 134.513916, 7.3473029 ], [ 134.5141602, 7.3470612 ], [ 134.5141602, 7.3467002 ], [ 134.5141296, 7.3464165 ], [ 134.513870200000014, 7.3462639 ], [ 134.5135803, 7.3460889 ], [ 134.5134277, 7.3459029 ], [ 134.5132294, 7.3457279 ], [ 134.5132141, 7.3457279 ], [ 134.5128784, 7.3457165 ], [ 134.5126495, 7.3458252 ], [ 134.5125885, 7.3461418 ] ] } },
{ "type": "Feature", "properties": { "RCID": 4449, "PRIM": 2, "GRUP": 2, "OBJL": 43, "RVER": 1, "AGEN": 550, "FIDN": 684079271, "FIDS": 9, "LNAM": "022628C638A70009", "LNAM_REFS": null, "FFPT_RIND": null, "VALDCO": 20.0, "VERDAT": null, "INFORM": null, "NINFOM": null, "NTXTDS": null, "SCAMAX": null, "SCAMIN": 44999, "TXTDSC": null, "RECDAT": null, "RECIND": null, "SORDAT": null, "SORIND": null, "hypcat": null, "_enc_cell": "US4TB3P0" }, "geometry": { "type": "LineString", "coordinates": [ [ 134.5153809, 7.3001776 ], [ 134.5153656, 7.3000221 ], [ 134.5152588, 7.2999082 ], [ 134.5151367, 7.2998138 ], [ 134.5149994, 7.299747 ], [ 134.5149078, 7.2997279 ], [ 134.5148163, 7.2997584 ], [ 134.51474, 7.2997832 ], [ 134.514679, 7.2998304 ], [ 134.5145569, 7.2999001 ], [ 134.5144501, 7.2999444 ], [ 134.5142975, 7.2999859 ], [ 134.5141907, 7.3000612 ], [ 134.5140381, 7.3002276 ], [ 134.5140381, 7.3003221 ], [ 134.5139618, 7.3003945 ], [ 134.513885499999986, 7.3005333 ], [ 134.513870200000014, 7.3005891 ], [ 134.5138397, 7.3006859 ], [ 134.5138397, 7.3007946 ], [ 134.513885499999986, 7.3009086 ], [ 134.5139771, 7.3009973 ], [ 134.5141449, 7.3010197 ], [ 134.514251699999988, 7.3010001 ], [ 134.5142822, 7.301003 ], [ 134.5144196, 7.3009915 ], [ 134.514495899999986, 7.3009529 ], [ 134.514602700000012, 7.3009248 ], [ 134.5146637, 7.3009334 ], [ 134.5148773, 7.3009472 ], [ 134.5149994, 7.3009248 ], [ 134.5150909, 7.3008723 ], [ 134.515152, 7.3007808 ] ] } },
{ "type": "Feature", "properties": { "RCID": 4450, "PRIM": 2, "GRUP": 2, "OBJL": 43, "RVER": 1, "AGEN": 550, "FIDN": 866182976, "FIDS": 9, "LNAM": "022633A0E7400009", "LNAM_REFS": null, "FFPT_RIND": null, "VALDCO": 20.0, "VERDAT": null, "INFORM": null, "NINFOM": null, "NTXTDS": null, "SCAMAX": null, "SCAMIN": 44999, "TXTDSC": null, "RECDAT": null, "RECIND": null, "SORDAT": null, "SORIND": null, "hypcat": null, "_enc_cell": "US4TB3P0" }, "geometry": { "type": "LineString", "coordinates": [ [ 134.515686, 7.3390918 ], [ 134.515686, 7.3391304 ], [ 134.515701299999989, 7.3392582 ], [ 134.5157166, 7.3395 ], [ 134.5157166, 7.3396859 ], [ 134.515686, 7.3399472 ], [ 134.515564, 7.3401694 ], [ 134.5154724, 7.340375 ], [ 134.5153809, 7.3406167 ], [ 134.5152283, 7.3407474 ], [ 134.5151825, 7.3407831 ], [ 134.514846799999987, 7.3409891 ], [ 134.5146179, 7.3411946 ], [ 134.5144501, 7.3414359 ], [ 134.514251699999988, 7.3416777 ], [ 134.5140381, 7.3419557 ], [ 134.513916, 7.3421416 ], [ 134.5138397, 7.3422723 ], [ 134.513763399999988, 7.3425331 ], [ 134.5135956, 7.3428111 ], [ 134.513519300000013, 7.3428779 ], [ 134.5134583, 7.3429694 ], [ 134.513382, 7.3430777 ], [ 134.5133667, 7.3432083 ], [ 134.5133362, 7.3433695 ], [ 134.5133209, 7.3435473 ], [ 134.5133209, 7.343647 ], [ 134.51327520000001, 7.3438196 ], [ 134.5131836, 7.3439388 ], [ 134.5130615, 7.3440085 ], [ 134.512924199999986, 7.3440085 ], [ 134.5127716, 7.343997 ], [ 134.5126343, 7.3439722 ], [ 134.5125732, 7.3438501 ], [ 134.5125122, 7.3435888 ], [ 134.512497, 7.3434081 ], [ 134.5124817, 7.3432193 ], [ 134.5124664, 7.3431082 ], [ 134.512451199999987, 7.3430638 ], [ 134.512329099999988, 7.342989 ] ] } },
{ "type": "Feature", "properties": { "RCID": 4451, "PRIM": 2, "GRUP": 2, "OBJL": 43, "RVER": 1, "AGEN": 550, "FIDN": 860281626, "FIDS": 9, "LNAM": "02263346DB1A0009", "LNAM_REFS": null, "FFPT_RIND": null, "VALDCO": 20.0, "VERDAT": null, "INFORM": null, "NINFOM": null, "NTXTDS": null, "SCAMAX": null, "SCAMIN": 44999, "TXTDSC": null, "RECDAT": null, "RECIND": null, "SORDAT": null, "SORIND": null, "hypcat": null, "_enc_cell": "US4TB3P0" }, "geometry": { "type": "LineString", "coordinates": [ [ 134.515457199999986, 7.2926641 ], [ 134.5155182, 7.2928777 ], [ 134.5156555, 7.293025 ], [ 134.5157318, 7.2931085 ], [ 134.515976, 7.2931914 ], [ 134.5162048, 7.2932415 ], [ 134.516418499999986, 7.2932611 ], [ 134.516922, 7.2934165 ], [ 134.5171051, 7.2935581 ], [ 134.5171967, 7.2935863 ], [ 134.517349200000012, 7.293664 ], [ 134.5174103, 7.2937141 ], [ 134.5175018, 7.2937527 ], [ 134.5175476, 7.2938137 ], [ 134.5175476, 7.2939472 ], [ 134.5175171, 7.2940664 ], [ 134.517486600000012, 7.2941556 ], [ 134.5174561, 7.2942085 ], [ 134.517395, 7.2943416 ], [ 134.517379799999986, 7.2944751 ], [ 134.517379799999986, 7.2947526 ], [ 134.517395, 7.2948861 ], [ 134.5174255, 7.2950029 ], [ 134.5174103, 7.2951584 ], [ 134.517364500000014, 7.2952776 ], [ 134.5172882, 7.2953916 ], [ 134.5171967, 7.295486 ], [ 134.5170441, 7.2955499 ], [ 134.516891500000014, 7.2955556 ], [ 134.5167542, 7.2955279 ] ] } },
{ "type": "Feature", "properties": { "RCID": 4452, "PRIM": 2, "GRUP": 2, "OBJL": 43, "RVER": 1, "AGEN": 550, "FIDN": 103504939, "FIDS": 9, "LNAM": "0226062B5C2B0009", "LNAM_REFS": null, "FFPT_RIND": null, "VALDCO": 20.0, "VERDAT": null, "INFORM": null, "NINFOM": null, "NTXTDS": null, "SCAMAX": null, "SCAMIN": 44999, "TXTDSC": null, "RECDAT": null, "RECIND": null, "SORDAT": null, "SORIND": null, "hypcat": null, "_enc_cell": "US4TB3P0" }, "geometry": { "type": "LineString", "coordinates": [ [ 134.5177155, 7.2904363 ], [ 134.5175324, 7.2903891 ], [ 134.5172119, 7.2903056 ], [ 134.5170746, 7.2902665 ], [ 134.516876200000013, 7.2902055 ], [ 134.516525300000012, 7.2902222 ], [ 134.5163727, 7.2902527 ], [ 134.5162506, 7.2903137 ], [ 134.5161133, 7.2904058 ], [ 134.516037, 7.2905502 ], [ 134.5159692, 7.2906019 ], [ 134.5158844, 7.2906666 ], [ 134.5157166, 7.2907581 ], [ 134.5153503, 7.2909279 ], [ 134.515152, 7.2910113 ] ] } },
{ "type": "Feature", "properties": { "RCID": 4453, "PRIM": 2, "GRUP": 2, "OBJL": 43, "RVER": 1, "AGEN": 550, "FIDN": 696543270, "FIDS": 9, "LNAM": "0226298468260009", "LNAM_REFS": null, "FFPT_RIND": null, "VALDCO": 5.0, "VERDAT": null, "INFORM": null, "NINFOM": null, "NTXTDS": null, "SCAMAX": null, "SCAMIN": 44999, "TXTDSC": null, "RECDAT": null, "RECIND": null, "SORDAT": null, "SORIND": null, "hypcat": null, "_enc_cell": "US4TB3P0" }, "geometry": { "type": "LineString", "coordinates": [ [ 134.51857, 7.3494248 ], [ 134.5184937, 7.3493557 ], [ 134.518325800000014, 7.3492971 ], [ 134.5181885, 7.3492751 ], [ 134.5179901, 7.3492861 ], [ 134.5178223, 7.3493362 ], [ 134.5176697, 7.3494139 ], [ 134.5175781, 7.3495445 ], [ 134.5175476, 7.3496194 ] ] } },
{ "type": "Feature", "properties": { "RCID": 4454, "PRIM": 2, "GRUP": 2, "OBJL": 43, "RVER": 1, "AGEN": 550, "FIDN": 784736193, "FIDS": 9, "LNAM": "02262EC61FC10009", "LNAM_REFS": null, "FFPT_RIND": null, "VALDCO": 20.0, "VERDAT": null, "INFORM": null, "NINFOM": null, "NTXTDS": null, "SCAMAX": null, "SCAMIN": 44999, "TXTDSC": null, "RECDAT": null, "RECIND": null, "SORDAT": null, "SORIND": null, "hypcat": null, "_enc_cell": "US4TB3P0" }, "geometry": { "type": "LineString", "coordinates": [ [ 134.522049, 7.3091083 ], [ 134.5220337, 7.308939 ], [ 134.5219727, 7.3086748 ], [ 134.5219421, 7.308178 ], [ 134.5219574, 7.3079724 ], [ 134.5219727, 7.3077889 ], [ 134.5219421, 7.3076391 ], [ 134.5218811, 7.3074946 ], [ 134.5218506, 7.3074446 ], [ 134.5217438, 7.3073306 ], [ 134.5216065, 7.307303 ], [ 134.52143860000001, 7.3073111 ], [ 134.5213013, 7.3073249 ], [ 134.52095030000001, 7.3073669 ], [ 134.520700799999986, 7.3073726 ], [ 134.5205994, 7.307375 ], [ 134.5203095, 7.3074279 ], [ 134.5202026, 7.3074527 ], [ 134.5200348, 7.3075166 ], [ 134.519897500000013, 7.3075419 ], [ 134.5197144, 7.3076668 ] ] } },
{ "type": "Feature", "properties": { "RCID": 4455, "PRIM": 2, "GRUP": 2, "OBJL": 43, "RVER": 1, "AGEN": 550, "FIDN": 657232275, "FIDS": 9, "LNAM": "0226272C91930009", "LNAM_REFS": null, "FFPT_RIND": null, "VALDCO": 10.0, "VERDAT": null, "INFORM": null, "NINFOM": null, "NTXTDS": null, "SCAMAX": null, "SCAMIN": 44999, "TXTDSC": null, "RECDAT": null, "RECIND": null, "SORDAT": null, "SORIND": null, "hypcat": null, "_enc_cell": "US4TB3P0" }, "geometry": { "type": "LineString", "coordinates": [ [ 134.5226135, 7.3468862 ], [ 134.5224457, 7.3468695 ], [ 134.5223846, 7.3468027 ] ] } },
{ "type": "Feature", "properties": { "RCID": 4456, "PRIM": 2, "GRUP": 2, "OBJL": 43, "RVER": 1, "AGEN": 550, "FIDN": 506630232, "FIDS": 9, "LNAM": "02261E3290580009", "LNAM_REFS": null, "FFPT_RIND": null, "VALDCO": 20.0, "VERDAT": null, "INFORM": null, "NINFOM": null, "NTXTDS": null, "SCAMAX": null, "SCAMIN": 44999, "TXTDSC": null, "RECDAT": null, "RECIND": null, "SORDAT": null, "SORIND": null, "hypcat": null, "_enc_cell": "US4TB3P0" }, "geometry": { "type": "LineString", "coordinates": [ [ 134.5231628, 7.3195558 ], [ 134.523269699999986, 7.3197222 ], [ 134.5233154, 7.3197832 ], [ 134.5233307, 7.3198166 ], [ 134.523361200000011, 7.319839 ], [ 134.5234375, 7.3200026 ], [ 134.5234833, 7.3202887 ], [ 134.5235748, 7.3204861 ], [ 134.5236664, 7.3207026 ], [ 134.523727400000013, 7.3209 ], [ 134.5237579, 7.3212056 ], [ 134.5237122, 7.3215165 ], [ 134.5237122, 7.3215585 ], [ 134.5236816, 7.3216028 ], [ 134.5236511, 7.3221722 ], [ 134.5236511, 7.3224583 ], [ 134.5235901, 7.3227444 ], [ 134.5235443, 7.3229251 ], [ 134.5232849, 7.3232665 ], [ 134.523147599999987, 7.3233194 ], [ 134.5228424, 7.3232665 ], [ 134.5228119, 7.3232307 ], [ 134.522781400000014, 7.323225 ], [ 134.522766100000013, 7.3232193 ], [ 134.5226288, 7.3230333 ], [ 134.522537199999988, 7.3228946 ], [ 134.522583, 7.3226914 ], [ 134.522552499999989, 7.3224945 ], [ 134.5224762, 7.3223529 ], [ 134.5223541, 7.3222027 ], [ 134.522277800000012, 7.3222084 ], [ 134.522049, 7.3221779 ], [ 134.5218658, 7.3220944 ], [ 134.5216675, 7.3220444 ], [ 134.5214844, 7.3219638 ] ] } },
{ "type": "Feature", "properties": { "RCID": 4457, "PRIM": 2, "GRUP": 2, "OBJL": 43, "RVER": 1, "AGEN": 550, "FIDN": 569334610, "FIDS": 9, "LNAM": "022621EF5B520009", "LNAM_REFS": null, "FFPT_RIND": null, "VALDCO": 30.0, "VERDAT": null, "INFORM": null, "NINFOM": null, "NTXTDS": null, "SCAMAX": null, "SCAMIN": 89999, "TXTDSC": null, "RECDAT": null, "RECIND": null, "SORDAT": null, "SORIND": null, "hypcat": null, "_enc_cell": "US4TB3P0" }, "geometry": { "type": "LineString", "coordinates": [ [ 134.523819, 7.3222113 ], [ 134.523819, 7.3224807 ], [ 134.52388, 7.3227139 ], [ 134.523986799999989, 7.3229637 ], [ 134.5240784, 7.3231611 ], [ 134.5241699, 7.3234305 ], [ 134.5241852, 7.323647 ], [ 134.524108899999987, 7.3239694 ], [ 134.52397160000001, 7.3241305 ], [ 134.5237885, 7.3242192 ], [ 134.523620599999987, 7.3242192 ], [ 134.5234222, 7.3241668 ], [ 134.5231934, 7.3239331 ], [ 134.523132299999986, 7.3237891 ], [ 134.5229492, 7.3237362 ] ] } },
{ "type": "Feature", "properties": { "RCID": 4458, "PRIM": 2, "GRUP": 2, "OBJL": 43, "RVER": 1, "AGEN": 550, "FIDN": 207772375, "FIDS": 9, "LNAM": "02260C625AD70009", "LNAM_REFS": null, "FFPT_RIND": null, "VALDCO": 5.0, "VERDAT": null, "INFORM": null, "NINFOM": null, "NTXTDS": null, "SCAMAX": null, "SCAMIN": 44999, "TXTDSC": null, "RECDAT": null, "RECIND": null, "SORDAT": null, "SORIND": null, "hypcat": null, "_enc_cell": "US4TB3P0" }, "geometry": { "type": "LineString", "coordinates": [ [ 134.5241699, 7.3480945 ], [ 134.524231, 7.3480859 ], [ 134.524337800000012, 7.3480058 ], [ 134.5244141, 7.3479362 ], [ 134.5245667, 7.3476887 ], [ 134.5246429, 7.3476195 ], [ 134.5247498, 7.3475609 ] ] } },
{ "type": "Feature", "properties": { "RCID": 4459, "PRIM": 2, "GRUP": 2, "OBJL": 43, "RVER": 1, "AGEN": 550, "FIDN": 980441861, "FIDS": 9, "LNAM": "02263A705B050009", "LNAM_REFS": null, "FFPT_RIND": null, "VALDCO": 20.0, "VERDAT": null, "INFORM": null, "NINFOM": null, "NTXTDS": null, "SCAMAX": null, "SCAMIN": 44999, "TXTDSC": null, "RECDAT": null, "RECIND": null, "SORDAT": null, "SORIND": null, "hypcat": null, "_enc_cell": "US4TB3P0" }, "geometry": { "type": "LineString", "coordinates": [ [ 134.5223389, 7.3321085 ], [ 134.5224762, 7.3321137 ], [ 134.5227869, 7.3322414 ], [ 134.5231934, 7.3324084 ], [ 134.5234833, 7.3325086 ], [ 134.5236511, 7.3325362 ], [ 134.5236969, 7.3325558 ], [ 134.5237885, 7.3326888 ], [ 134.5239105, 7.3327584 ], [ 134.5240173, 7.3327751 ], [ 134.5241394, 7.3327498 ], [ 134.5241699, 7.3327637 ], [ 134.524581899999987, 7.3327832 ], [ 134.524826100000013, 7.332911 ], [ 134.5249939, 7.3330665 ], [ 134.5252075, 7.3333197 ], [ 134.525238, 7.3334999 ], [ 134.525238, 7.3336363 ], [ 134.5251465, 7.3337832 ], [ 134.525054899999986, 7.3338137 ] ] } },
{ "type": "Feature", "properties": { "RCID": 4460, "PRIM": 2, "GRUP": 2, "OBJL": 43, "RVER": 1, "AGEN": 550, "FIDN": 477514206, "FIDS": 9, "LNAM": "02261C7649DE0009", "LNAM_REFS": null, "FFPT_RIND": null, "VALDCO": 10.0, "VERDAT": null, "INFORM": null, "NINFOM": null, "NTXTDS": null, "SCAMAX": null, "SCAMIN": 44999, "TXTDSC": null, "RECDAT": null, "RECIND": null, "SORDAT": null, "SORIND": null, "hypcat": null, "_enc_cell": "US4TB3P0" }, "geometry": { "type": "LineString", "coordinates": [ [ 134.526870699999989, 7.2854528 ], [ 134.5267639, 7.2854776 ], [ 134.5265647, 7.2856129 ], [ 134.5264893, 7.2856641 ], [ 134.5263214, 7.2858443 ], [ 134.5262639, 7.2860016 ], [ 134.5262299, 7.2860947 ], [ 134.5262146, 7.2863307 ], [ 134.526245100000011, 7.2865915 ] ] } },
{ "type": "Feature", "properties": { "RCID": 4461, "PRIM": 2, "GRUP": 2, "OBJL": 43, "RVER": 1, "AGEN": 550, "FIDN": 150723274, "FIDS": 9, "LNAM": "022608FBDACA0009", "LNAM_REFS": null, "FFPT_RIND": null, "VALDCO": 5.0, "VERDAT": null, "INFORM": null, "NINFOM": null, "NTXTDS": null, "SCAMAX": null, "SCAMIN": 44999, "TXTDSC": null, "RECDAT": null, "RECIND": null, "SORDAT": null, "SORIND": null, "hypcat": null, "_enc_cell": "US4TB3P0" }, "geometry": { "type": "LineString", "coordinates": [ [ 134.532074, 7.2890778 ], [ 134.532287599999989, 7.2891665 ], [ 134.5323486, 7.2892194 ], [ 134.532516500000014, 7.2892776 ], [ 134.5326843, 7.2893224 ], [ 134.533111600000012, 7.2893667 ], [ 134.53321840000001, 7.2893667 ], [ 134.533355699999987, 7.2892723 ], [ 134.533432, 7.289175 ], [ 134.533493, 7.289072 ], [ 134.5335388, 7.2889667 ], [ 134.5335388, 7.2886725 ], [ 134.533493, 7.2885752 ], [ 134.533432, 7.288486 ], [ 134.533371, 7.2883697 ], [ 134.5332489, 7.2882419 ], [ 134.533004799999986, 7.2880139 ], [ 134.532760599999989, 7.2878723 ], [ 134.5324249, 7.2876058 ] ] } },
{ "type": "Feature", "properties": { "RCID": 4462, "PRIM": 2, "GRUP": 2, "OBJL": 43, "RVER": 1, "AGEN": 550, "FIDN": 881796257, "FIDS": 9, "LNAM": "0226348F24A10009", "LNAM_REFS": null, "FFPT_RIND": null, "VALDCO": 50.0, "VERDAT": null, "INFORM": null, "NINFOM": null, "NTXTDS": null, "SCAMAX": null, "SCAMIN": 44999, "TXTDSC": null, "RECDAT": null, "RECIND": null, "SORDAT": null, "SORIND": null, "hypcat": null, "_enc_cell": "US4TB3P0" }, "geometry": { "type": "LineString", "coordinates": [ [ 134.533355699999987, 7.3045054 ], [ 134.5336304, 7.3044443 ], [ 134.533905, 7.304522 ], [ 134.5340424, 7.3047304 ], [ 134.534057600000011, 7.3049278 ], [ 134.5340271, 7.3050776 ], [ 134.533859299999989, 7.3052888 ], [ 134.533584600000012, 7.3053947 ], [ 134.5333252, 7.3053947 ], [ 134.5330811, 7.305275 ], [ 134.53302, 7.3050332 ], [ 134.5330811, 7.3046861 ], [ 134.533355699999987, 7.3045054 ] ] } },
{ "type": "Feature", "properties": { "RCID": 4463, "PRIM": 2, "GRUP": 2, "OBJL": 43, "RVER": 1, "AGEN": 550, "FIDN": 733687373, "FIDS": 9, "LNAM": "02262BBB2E4D0009", "LNAM_REFS": null, "FFPT_RIND": null, "VALDCO": 20.0, "VERDAT": null, "INFORM": null, "NINFOM": null, "NTXTDS": null, "SCAMAX": null, "SCAMIN": 44999, "TXTDSC": null, "RECDAT": null, "RECIND": null, "SORDAT": null, "SORIND": null, "hypcat": null, "_enc_cell": "US4TB3P0" }, "geometry": { "type": "LineString", "coordinates": [ [ 134.54039, 7.2869306 ], [ 134.5403595, 7.2868028 ], [ 134.5402679, 7.2866583 ], [ 134.5401764, 7.2865558 ], [ 134.5400238, 7.2864418 ], [ 134.539825400000012, 7.286386 ], [ 134.5396576, 7.286325 ], [ 134.539489800000013, 7.2862835 ], [ 134.539352400000013, 7.2862029 ], [ 134.5392914, 7.2860165 ], [ 134.5392304, 7.2859445 ], [ 134.539093, 7.2858529 ], [ 134.539001500000012, 7.2857695 ], [ 134.5389404, 7.2856917 ], [ 134.538772599999987, 7.2854667 ], [ 134.538757299999986, 7.2852917 ], [ 134.5386658, 7.2850723 ], [ 134.5385742, 7.2849693 ], [ 134.538406400000014, 7.2848668 ], [ 134.538177499999989, 7.2848721 ], [ 134.5379639, 7.2849946 ], [ 134.5378265, 7.2851443 ], [ 134.537735, 7.2852974 ], [ 134.537689199999988, 7.2854667 ], [ 134.5376587, 7.2856722 ], [ 134.5376587, 7.2859249 ], [ 134.537689199999988, 7.2861195 ], [ 134.5376282, 7.2862248 ], [ 134.5375977, 7.2863445 ], [ 134.5375824, 7.2864833 ], [ 134.5376129, 7.2866221 ], [ 134.537674, 7.2867723 ], [ 134.5377655, 7.2869058 ], [ 134.537796, 7.2869277 ], [ 134.5379486, 7.2869973 ], [ 134.5380554, 7.287086 ], [ 134.5380701, 7.2871819 ], [ 134.5381165, 7.2874861 ], [ 134.538147, 7.2877359 ], [ 134.5382233, 7.2880139 ], [ 134.5383759, 7.2882137 ], [ 134.5385284, 7.2883334 ], [ 134.5387421, 7.2883639 ], [ 134.5389252, 7.2883415 ], [ 134.5391541, 7.2882667 ], [ 134.5393372, 7.2881832 ], [ 134.5395508, 7.2880306 ], [ 134.539627599999989, 7.2879785 ], [ 134.539718599999986, 7.2879167 ], [ 134.539840700000013, 7.2877722 ], [ 134.539978, 7.2876248 ], [ 134.5401459, 7.2875114 ], [ 134.540329, 7.2873612 ], [ 134.54039, 7.2872334 ], [ 134.5404053, 7.2870498 ], [ 134.54039, 7.2869306 ] ] } },
{ "type": "Feature", "properties": { "RCID": 4464, "PRIM": 2, "GRUP": 2, "OBJL": 43, "RVER": 1, "AGEN": 550, "FIDN": 776431996, "FIDS": 9, "LNAM": "02262E47697C0009", "LNAM_REFS": null, "FFPT_RIND": null, "VALDCO": 20.0, "VERDAT": null, "INFORM": null, "NINFOM": null, "NTXTDS": null, "SCAMAX": null, "SCAMIN": 44999, "TXTDSC": null, "RECDAT": null, "RECIND": null, "SORDAT": null, "SORIND": null, "hypcat": null, "_enc_cell": "US4TB3P0" }, "geometry": { "type": "LineString", "coordinates": [ [ 134.5486908, 7.3003888 ], [ 134.5482941, 7.3005137 ], [ 134.5479279, 7.3005862 ], [ 134.5476074, 7.3006916 ], [ 134.5474396, 7.3008361 ], [ 134.5473785, 7.3011055 ], [ 134.54740910000001, 7.3013029 ], [ 134.5476074, 7.3015165 ], [ 134.548019399999987, 7.3017669 ], [ 134.5480652, 7.3018918 ] ] } },
{ "type": "Feature", "properties": { "RCID": 4465, "PRIM": 2, "GRUP": 2, "OBJL": 43, "RVER": 1, "AGEN": 550, "FIDN": 179039371, "FIDS": 9, "LNAM": "02260AABEC8B0009", "LNAM_REFS": null, "FFPT_RIND": null, "VALDCO": 30.0, "VERDAT": null, "INFORM": null, "NINFOM": null, "NTXTDS": null, "SCAMAX": null, "SCAMIN": 89999, "TXTDSC": null, "RECDAT": null, "RECIND": null, "SORDAT": null, "SORIND": null, "hypcat": null, "_enc_cell": "US4TB3P0" }, "geometry": { "type": "LineString", "coordinates": [ [ 134.5487671, 7.2992806 ], [ 134.5486755, 7.2992082 ], [ 134.5486603, 7.2991805 ], [ 134.548584, 7.2990971 ], [ 134.5484619, 7.2990027 ], [ 134.548172, 7.298811 ], [ 134.5480957, 7.2987528 ], [ 134.54788210000001, 7.2986221 ], [ 134.54776, 7.2985139 ], [ 134.547668499999986, 7.2984891 ], [ 134.547424299999989, 7.2984777 ], [ 134.5472107, 7.2985029 ], [ 134.5469818, 7.2985363 ], [ 134.5467377, 7.2985249 ], [ 134.5464935, 7.2983804 ], [ 134.5463562, 7.298264 ], [ 134.5462341, 7.2980723 ], [ 134.5462494, 7.2977138 ], [ 134.546277300000014, 7.2974855 ], [ 134.5462799, 7.2974639 ], [ 134.54631040000001, 7.297236 ], [ 134.5462799, 7.2970696 ], [ 134.5462341, 7.2969499 ], [ 134.546096799999987, 7.2968307 ], [ 134.5459137, 7.2967334 ], [ 134.545715300000012, 7.2966752 ], [ 134.5455322, 7.2966499 ], [ 134.5453339, 7.2966137 ], [ 134.545135499999986, 7.2966137 ], [ 134.5447083, 7.2966752 ], [ 134.54452520000001, 7.2966862 ], [ 134.5443268, 7.2967224 ], [ 134.5440979, 7.2967582 ], [ 134.5440216, 7.296803 ], [ 134.5439911, 7.2968779 ], [ 134.543808, 7.2971196 ], [ 134.5437622, 7.2973943 ], [ 134.5437622, 7.2976027 ], [ 134.543682499999989, 7.2977841 ], [ 134.5436707, 7.297811 ], [ 134.5435486, 7.2980056 ], [ 134.5433807, 7.2981029 ], [ 134.5431519, 7.2982473 ], [ 134.5429077, 7.2984252 ], [ 134.5425873, 7.2986331 ], [ 134.5422974, 7.2987943 ], [ 134.542007500000011, 7.2989416 ], [ 134.541763300000014, 7.2990055 ], [ 134.5414887, 7.2990055 ], [ 134.5412445, 7.2989721 ], [ 134.5410919, 7.2989249 ], [ 134.540924100000012, 7.2988277 ], [ 134.5407715, 7.2986169 ], [ 134.540695199999988, 7.2983279 ], [ 134.540639199999987, 7.2981343 ], [ 134.5405884, 7.2979584 ], [ 134.54042050000001, 7.2976832 ], [ 134.5402679, 7.2975054 ], [ 134.539962800000012, 7.2973943 ], [ 134.5396423, 7.2973442 ], [ 134.539352400000013, 7.2972808 ], [ 134.5390778, 7.2971668 ], [ 134.538879400000013, 7.2970057 ], [ 134.538757299999986, 7.2968612 ], [ 134.538681, 7.296586 ], [ 134.538650499999989, 7.2963944 ], [ 134.538650499999989, 7.2961998 ], [ 134.53863530000001, 7.2959919 ], [ 134.5386658, 7.2956696 ], [ 134.53862, 7.2954445 ], [ 134.538513200000011, 7.295186 ], [ 134.5382385, 7.2949915 ], [ 134.537918100000013, 7.2948918 ], [ 134.5376434, 7.2949109 ], [ 134.537429800000012, 7.2950001 ], [ 134.5372772, 7.2950721 ], [ 134.5369873, 7.2950888 ], [ 134.5367889, 7.2950196 ] ] } },
{ "type": "Feature", "properties": { "RCID": 4466, "PRIM": 2, "GRUP": 2, "OBJL": 43, "RVER": 1, "AGEN": 550, "FIDN": 736118875, "FIDS": 9, "LNAM": "02262BE0485B0009", "LNAM_REFS": null, "FFPT_RIND": null, "VALDCO": 2.0, "VERDAT": null, "INFORM": null, "NINFOM": null, "NTXTDS": null, "SCAMAX": null, "SCAMIN": 44999, "TXTDSC": null, "RECDAT": null, "RECIND": null, "SORDAT": null, "SORIND": null, "hypcat": null, "_enc_cell": "US4TB3P0" }, "geometry": { "type": "LineString", "coordinates": [ [ 134.549371900000011, 7.2990264 ], [ 134.5492767, 7.2992048 ], [ 134.549288600000011, 7.2993952 ], [ 134.5494314, 7.2995379 ], [ 134.5495741, 7.2995498 ], [ 134.5497407, 7.2994666 ], [ 134.5498002, 7.2992762 ], [ 134.5498002, 7.2990502 ], [ 134.5495741, 7.2989669 ], [ 134.549371900000011, 7.2990264 ] ] } },
{ "type": "Feature", "properties": { "RCID": 4468, "PRIM": 2, "GRUP": 2, "OBJL": 43, "RVER": 1, "AGEN": 550, "FIDN": 986462370, "FIDS": 9, "LNAM": "02263ACC38A20009", "LNAM_REFS": null, "FFPT_RIND": null, "VALDCO": 50.0, "VERDAT": null, "INFORM": null, "NINFOM": null, "NTXTDS": null, "SCAMAX": null, "SCAMIN": 44999, "TXTDSC": null, "RECDAT": null, "RECIND": null, "SORDAT": null, "SORIND": null, "hypcat": null, "_enc_cell": "US4TB3P0" }, "geometry": { "type": "LineString", "coordinates": [ [ 134.5513153, 7.3205085 ], [ 134.5515442, 7.320425 ], [ 134.5520325, 7.320425 ], [ 134.5526123, 7.3205276 ], [ 134.553558399999986, 7.3207388 ], [ 134.5544739, 7.3209057 ], [ 134.554748499999988, 7.3210526 ], [ 134.554885899999988, 7.3213668 ], [ 134.5547333, 7.321764 ], [ 134.554275499999989, 7.3219304 ], [ 134.5533447, 7.3219304 ], [ 134.552948, 7.3219113 ], [ 134.5526581, 7.3219113 ], [ 134.55220030000001, 7.3218694 ], [ 134.551986699999986, 7.3218279 ], [ 134.5516968, 7.321722 ], [ 134.551391599999988, 7.3215556 ], [ 134.5511627, 7.3212833 ], [ 134.551147500000013, 7.3209696 ], [ 134.5511932, 7.3207169 ], [ 134.5513153, 7.3205085 ] ] } },
{ "type": "Feature", "properties": { "RCID": 4469, "PRIM": 2, "GRUP": 2, "OBJL": 43, "RVER": 1, "AGEN": 550, "FIDN": 372212342, "FIDS": 9, "LNAM": "0226162F82760009", "LNAM_REFS": null, "FFPT_RIND": null, "VALDCO": 50.0, "VERDAT": null, "INFORM": null, "NINFOM": null, "NTXTDS": null, "SCAMAX": null, "SCAMIN": 44999, "TXTDSC": null, "RECDAT": null, "RECIND": null, "SORDAT": null, "SORIND": null, "hypcat": null, "_enc_cell": "US4TB3P0" }, "geometry": { "type": "LineString", "coordinates": [ [ 134.5556793, 7.3137388 ], [ 134.5560913, 7.3136835 ], [ 134.5563812, 7.3137388 ], [ 134.556488, 7.314075 ], [ 134.556549100000012, 7.3143554 ], [ 134.5562134, 7.3147221 ], [ 134.5557861, 7.3147779 ], [ 134.5555115, 7.3146668 ], [ 134.555358899999987, 7.3142166 ], [ 134.5554199, 7.3139362 ], [ 134.5556793, 7.3137388 ] ] } },
{ "type": "Feature", "properties": { "RCID": 4470, "PRIM": 2, "GRUP": 2, "OBJL": 43, "RVER": 1, "AGEN": 550, "FIDN": 139503921, "FIDS": 9, "LNAM": "02260850A9310009", "LNAM_REFS": null, "FFPT_RIND": null, "VALDCO": 30.0, "VERDAT": null, "INFORM": null, "NINFOM": null, "NTXTDS": null, "SCAMAX": null, "SCAMIN": 89999, "TXTDSC": null, "RECDAT": null, "RECIND": null, "SORDAT": null, "SORIND": null, "hypcat": null, "_enc_cell": "US4TB3P0" }, "geometry": { "type": "LineString", "coordinates": [ [ 134.558293600000013, 7.3097775 ], [ 134.5581513, 7.3099141 ], [ 134.5578308, 7.3100109 ], [ 134.5575867, 7.3100443 ], [ 134.557403599999986, 7.309947 ], [ 134.557312, 7.3098807 ], [ 134.5571747, 7.3097696 ], [ 134.5571137, 7.3095584 ], [ 134.5570831, 7.3093333 ], [ 134.5571899, 7.3090611 ], [ 134.557510400000012, 7.3089638 ], [ 134.5579071, 7.3089943 ], [ 134.5581513, 7.3091555 ], [ 134.558204100000012, 7.3092028 ], [ 134.5583344, 7.3093195 ], [ 134.5583801, 7.3095279 ], [ 134.5583191, 7.3097529 ], [ 134.558293600000013, 7.3097775 ] ] } },
{ "type": "Feature", "properties": { "RCID": 4471, "PRIM": 2, "GRUP": 2, "OBJL": 43, "RVER": 1, "AGEN": 550, "FIDN": 491914606, "FIDS": 9, "LNAM": "02261D52056E0009", "LNAM_REFS": null, "FFPT_RIND": null, "VALDCO": 30.0, "VERDAT": null, "INFORM": null, "NINFOM": null, "NTXTDS": null, "SCAMAX": null, "SCAMIN": 89999, "TXTDSC": null, "RECDAT": null, "RECIND": null, "SORDAT": null, "SORIND": null, "hypcat": null, "_enc_cell": "US4TB3P0" }, "geometry": { "type": "LineString", "coordinates": [ [ 134.5579376, 7.3045502 ], [ 134.5582123, 7.3047304 ], [ 134.5583344, 7.3048668 ], [ 134.5587006, 7.3050752 ], [ 134.558822600000013, 7.3052001 ], [ 134.5590057, 7.3052836 ], [ 134.5592804, 7.3054304 ], [ 134.559433, 7.3055778 ], [ 134.5595093, 7.30585 ], [ 134.5595093, 7.3060999 ], [ 134.559372, 7.3063946 ], [ 134.5592346, 7.306603 ], [ 134.55905150000001, 7.3067918 ], [ 134.5590057, 7.3070445 ], [ 134.5590363, 7.3072944 ], [ 134.5590973, 7.3075252 ], [ 134.5591431, 7.3077335 ], [ 134.559326199999987, 7.3078389 ], [ 134.559372, 7.3078804 ], [ 134.5595093, 7.3079639 ], [ 134.559967, 7.3080053 ], [ 134.560272200000014, 7.3081331 ], [ 134.5604401, 7.3083415 ], [ 134.56050110000001, 7.3085918 ], [ 134.56050110000001, 7.3088222 ], [ 134.560409600000014, 7.3090944 ], [ 134.5602264, 7.3093472 ], [ 134.5599976, 7.3095141 ], [ 134.5598755, 7.3096304 ] ] } },
{ "type": "Feature", "properties": { "RCID": 4472, "PRIM": 2, "GRUP": 2, "OBJL": 43, "RVER": 1, "AGEN": 550, "FIDN": 498081554, "FIDS": 9, "LNAM": "02261DB01F120009", "LNAM_REFS": null, "FFPT_RIND": null, "VALDCO": 5.0, "VERDAT": null, "INFORM": null, "NINFOM": null, "NTXTDS": null, "SCAMAX": null, "SCAMIN": 44999, "TXTDSC": null, "RECDAT": null, "RECIND": null, "SORDAT": null, "SORIND": null, "hypcat": null, "_enc_cell": "US4TB3P0" }, "geometry": { "type": "LineString", "coordinates": [ [ 134.562789900000013, 7.2986999 ], [ 134.562683099999987, 7.2982669 ], [ 134.562683099999987, 7.297822 ], [ 134.5626526, 7.2974973 ], [ 134.5624085, 7.2972665 ] ] } },
{ "type": "Feature", "properties": { "RCID": 4473, "PRIM": 2, "GRUP": 2, "OBJL": 43, "RVER": 1, "AGEN": 550, "FIDN": 374974775, "FIDS": 9, "LNAM": "02261659A9370009", "LNAM_REFS": null, "FFPT_RIND": null, "VALDCO": 2.0, "VERDAT": null, "INFORM": null, "NINFOM": null, "NTXTDS": null, "SCAMAX": null, "SCAMIN": 44999, "TXTDSC": null, "RECDAT": null, "RECIND": null, "SORDAT": null, "SORIND": null, "hypcat": null, "_enc_cell": "US4TB3P0" }, "geometry": { "type": "LineString", "coordinates": [ [ 134.5717926, 7.3631668 ], [ 134.5716553, 7.3633556 ], [ 134.5714874, 7.3635554 ], [ 134.5713959, 7.3637137 ], [ 134.5712891, 7.3638139 ], [ 134.571106, 7.363936 ], [ 134.570999199999989, 7.3639693 ], [ 134.5709076, 7.3639808 ], [ 134.57070920000001, 7.3639474 ], [ 134.5705719, 7.363936 ], [ 134.570114100000012, 7.3637471 ], [ 134.5697327, 7.3634777 ], [ 134.569534299999987, 7.3632999 ], [ 134.5693054, 7.362989 ], [ 134.5692291, 7.3628335 ], [ 134.5691071, 7.3626528 ] ] } },
{ "type": "Feature", "properties": { "RCID": 4474, "PRIM": 2, "GRUP": 2, "OBJL": 43, "RVER": 1, "AGEN": 550, "FIDN": 567193613, "FIDS": 9, "LNAM": "022621CEB00D0009", "LNAM_REFS": null, "FFPT_RIND": null, "VALDCO": 10.0, "VERDAT": null, "INFORM": null, "NINFOM": null, "NTXTDS": null, "SCAMAX": null, "SCAMIN": 44999, "TXTDSC": null, "RECDAT": null, "RECIND": null, "SORDAT": null, "SORIND": null, "hypcat": null, "_enc_cell": "US4TB3P0" }, "geometry": { "type": "LineString", "coordinates": [ [ 134.575042700000012, 7.3223558 ], [ 134.575592, 7.3225002 ], [ 134.5758667, 7.3226557 ], [ 134.575897200000014, 7.3226914 ], [ 134.5759735, 7.3227944 ], [ 134.5760651, 7.3228998 ], [ 134.57612610000001, 7.3230166 ], [ 134.576141400000012, 7.323175 ], [ 134.5761566, 7.3233137 ], [ 134.5761871, 7.3235445 ], [ 134.576263399999988, 7.3237305 ], [ 134.576385499999986, 7.3239331 ], [ 134.576492300000012, 7.32405 ], [ 134.57659910000001, 7.3241668 ], [ 134.5767212, 7.3242807 ], [ 134.57673650000001, 7.3243222 ] ] } },
{ "type": "Feature", "properties": { "RCID": 4475, "PRIM": 2, "GRUP": 2, "OBJL": 43, "RVER": 1, "AGEN": 550, "FIDN": 172724932, "FIDS": 9, "LNAM": "02260A4B92C40009", "LNAM_REFS": null, "FFPT_RIND": null, "VALDCO": 20.0, "VERDAT": null, "INFORM": null, "NINFOM": null, "NTXTDS": null, "SCAMAX": null, "SCAMIN": 44999, "TXTDSC": null, "RECDAT": null, "RECIND": null, "SORDAT": null, "SORIND": null, "hypcat": null, "_enc_cell": "US4TB3P0" }, "geometry": { "type": "LineString", "coordinates": [ [ 134.5780335, 7.3177891 ], [ 134.5778503, 7.3173251 ], [ 134.57756040000001, 7.3169861 ], [ 134.5769196, 7.316339 ], [ 134.5765533, 7.3160305 ], [ 134.576278699999989, 7.3157249 ], [ 134.5759888, 7.3154001 ], [ 134.575592, 7.3151388 ], [ 134.57516480000001, 7.3147526 ], [ 134.574951199999987, 7.3143697 ], [ 134.574554400000011, 7.3139391 ], [ 134.574218800000011, 7.3134613 ], [ 134.5737763, 7.3130446 ], [ 134.573394799999988, 7.312675 ], [ 134.5732117, 7.3122001 ], [ 134.5730438, 7.3118887 ], [ 134.5726013, 7.3114276 ], [ 134.5723419, 7.3109803 ], [ 134.572158800000011, 7.3105502 ], [ 134.571960499999989, 7.3100276 ], [ 134.5718384, 7.309689 ], [ 134.5717584, 7.3094191 ], [ 134.5716095, 7.3089166 ], [ 134.5715332, 7.3086863 ], [ 134.571197500000011, 7.3082418 ], [ 134.5707703, 7.3078084 ], [ 134.570236200000011, 7.3074083 ], [ 134.5697327, 7.3069472 ], [ 134.5696106, 7.3068442 ], [ 134.569427499999989, 7.3064585 ], [ 134.5692139, 7.3062 ], [ 134.5688324, 7.3057637 ], [ 134.56878660000001, 7.305728 ], [ 134.568679800000012, 7.3054805 ], [ 134.5686493, 7.3052807 ], [ 134.568512, 7.3051109 ], [ 134.5682373, 7.3049722 ], [ 134.567993199999989, 7.3049221 ] ] } },
{ "type": "Feature", "properties": { "RCID": 4476, "PRIM": 2, "GRUP": 2, "OBJL": 43, "RVER": 1, "AGEN": 550, "FIDN": 954639175, "FIDS": 9, "LNAM": "022638E6A3470009", "LNAM_REFS": null, "FFPT_RIND": null, "VALDCO": 10.0, "VERDAT": null, "INFORM": null, "NINFOM": null, "NTXTDS": null, "SCAMAX": null, "SCAMIN": 44999, "TXTDSC": null, "RECDAT": null, "RECIND": null, "SORDAT": null, "SORIND": null, "hypcat": null, "_enc_cell": "US4TB3P0" }, "geometry": { "type": "LineString", "coordinates": [ [ 134.5786285, 7.3453808 ], [ 134.578903200000013, 7.3452334 ], [ 134.5791016, 7.3452444 ], [ 134.5796814, 7.3456221 ], [ 134.5796967, 7.3458891 ], [ 134.5796814, 7.3462391 ], [ 134.5797119, 7.3465862 ], [ 134.579895, 7.3469362 ], [ 134.5801392, 7.3472557 ], [ 134.5804901, 7.3475776 ], [ 134.580932600000011, 7.3479276 ] ] } },
{ "type": "Feature", "properties": { "RCID": 4477, "PRIM": 2, "GRUP": 2, "OBJL": 43, "RVER": 1, "AGEN": 550, "FIDN": 503424702, "FIDS": 9, "LNAM": "02261E01A6BE0009", "LNAM_REFS": null, "FFPT_RIND": null, "VALDCO": 30.0, "VERDAT": null, "INFORM": null, "NINFOM": null, "NTXTDS": null, "SCAMAX": null, "SCAMIN": 89999, "TXTDSC": null, "RECDAT": null, "RECIND": null, "SORDAT": null, "SORIND": null, "hypcat": null, "_enc_cell": "US4TB3P0" }, "geometry": { "type": "LineString", "coordinates": [ [ 134.5859375, 7.3367887 ], [ 134.585968, 7.3369584 ], [ 134.585998499999988, 7.3371387 ], [ 134.585998499999988, 7.3373447 ], [ 134.5860291, 7.3374972 ], [ 134.5860596, 7.3377113 ], [ 134.5860596, 7.3382249 ], [ 134.5860748, 7.3384695 ], [ 134.5860596, 7.3386917 ], [ 134.5860291, 7.3389196 ], [ 134.585968, 7.3392057 ], [ 134.5858307, 7.3394251 ], [ 134.5855866, 7.3396945 ], [ 134.585266100000013, 7.3398833 ], [ 134.5850678, 7.3400307 ], [ 134.584793100000013, 7.3401113 ], [ 134.5842438, 7.3401279 ], [ 134.5840302, 7.3401113 ], [ 134.5836945, 7.3398833 ], [ 134.5835571, 7.3396945 ], [ 134.5835571, 7.3394752 ], [ 134.5837708, 7.3391891 ], [ 134.5838928, 7.3390331 ], [ 134.5840149, 7.3388138 ], [ 134.5839844, 7.3385277 ], [ 134.5838776, 7.3382583 ], [ 134.583725, 7.3380861 ], [ 134.5835114, 7.3379002 ], [ 134.5834045, 7.3377833 ], [ 134.5833283, 7.3376946 ], [ 134.5831604, 7.3375721 ], [ 134.5829315, 7.3374724 ], [ 134.5827026, 7.3374333 ], [ 134.5825501, 7.3374333 ], [ 134.5823212, 7.3374724 ], [ 134.582153299999987, 7.3375473 ] ] } },
{ "type": "Feature", "properties": { "RCID": 4478, "PRIM": 2, "GRUP": 2, "OBJL": 43, "RVER": 1, "AGEN": 550, "FIDN": 461210633, "FIDS": 9, "LNAM": "02261B7D84090009", "LNAM_REFS": null, "FFPT_RIND": null, "VALDCO": 50.0, "VERDAT": null, "INFORM": null, "NINFOM": null, "NTXTDS": null, "SCAMAX": null, "SCAMIN": 44999, "TXTDSC": null, "RECDAT": null, "RECIND": null, "SORDAT": null, "SORIND": null, "hypcat": null, "_enc_cell": "US4TB3P0" }, "geometry": { "type": "LineString", "coordinates": [ [ 134.5895691, 7.3295307 ], [ 134.590087899999986, 7.3296833 ], [ 134.5905304, 7.3296833 ], [ 134.5908508, 7.3297916 ], [ 134.5913239, 7.3299556 ], [ 134.591659600000014, 7.3302498 ], [ 134.5917969, 7.3307695 ], [ 134.59175110000001, 7.3316917 ] ] } },
{ "type": "Feature", "properties": { "RCID": 4479, "PRIM": 2, "GRUP": 2, "OBJL": 43, "RVER": 1, "AGEN": 550, "FIDN": 958330397, "FIDS": 9, "LNAM": "0226391EF61D0009", "LNAM_REFS": null, "FFPT_RIND": null, "VALDCO": 30.0, "VERDAT": null, "INFORM": null, "NINFOM": null, "NTXTDS": null, "SCAMAX": null, "SCAMIN": 89999, "TXTDSC": null, "RECDAT": null, "RECIND": null, "SORDAT": null, "SORIND": null, "hypcat": null, "_enc_cell": "US4TB3P0" }, "geometry": { "type": "LineString", "coordinates": [ [ 134.6017914, 7.3502336 ], [ 134.6017914, 7.35045 ], [ 134.6019135, 7.3506112 ], [ 134.602005, 7.350678 ], [ 134.6021271, 7.3508248 ], [ 134.6022797, 7.3510194 ], [ 134.6024017, 7.3511696 ], [ 134.602356, 7.3515167 ], [ 134.6023408, 7.351607 ], [ 134.6023102, 7.351789 ], [ 134.6020355, 7.3519054 ] ] } },
{ "type": "Feature", "properties": { "RCID": 4480, "PRIM": 2, "GRUP": 2, "OBJL": 43, "RVER": 1, "AGEN": 550, "FIDN": 379581275, "FIDS": 9, "LNAM": "0226169FF35B0009", "LNAM_REFS": null, "FFPT_RIND": null, "VALDCO": 100.0, "VERDAT": null, "INFORM": null, "NINFOM": null, "NTXTDS": null, "SCAMAX": null, "SCAMIN": 44999, "TXTDSC": null, "RECDAT": null, "RECIND": null, "SORDAT": null, "SORIND": null, "hypcat": null, "_enc_cell": "US4TB3P0" }, "geometry": { "type": "LineString", "coordinates": [ [ 134.5808716, 7.3198252 ], [ 134.581420900000012, 7.3199611 ], [ 134.581955, 7.3200054 ], [ 134.582763699999987, 7.3199835 ], [ 134.5838623, 7.3202334 ], [ 134.5844574, 7.3207307 ], [ 134.5849915, 7.3213639 ], [ 134.5853577, 7.3219528 ], [ 134.5859528, 7.3225861 ], [ 134.586731, 7.3233304 ], [ 134.5867462, 7.3233609 ], [ 134.586837800000012, 7.3236027 ], [ 134.5870667, 7.3238249 ], [ 134.587265, 7.3240666 ], [ 134.58729550000001, 7.3240914 ], [ 134.587570199999988, 7.3243194 ], [ 134.5878449, 7.324575 ], [ 134.588089, 7.3248305 ], [ 134.5883026, 7.3250389 ], [ 134.5886231, 7.325325 ], [ 134.5889282, 7.325614 ], [ 134.5892639, 7.3259001 ], [ 134.5896759, 7.326189 ], [ 134.5899506, 7.3264751 ], [ 134.5901642, 7.3266974 ], [ 134.5902252, 7.3267474 ], [ 134.5903778, 7.3268919 ], [ 134.5905457, 7.327003 ], [ 134.5907288, 7.327178 ], [ 134.590927099999988, 7.3274331 ], [ 134.5912018, 7.3277192 ], [ 134.591415399999988, 7.3280082 ], [ 134.5914612, 7.328064 ], [ 134.5916901, 7.3283277 ], [ 134.5919342, 7.328661 ], [ 134.59222410000001, 7.3289971 ], [ 134.592376699999988, 7.3293638 ], [ 134.592514, 7.3297138 ], [ 134.592727700000012, 7.3300805 ], [ 134.592865, 7.3304501 ], [ 134.592971799999987, 7.3307695 ], [ 134.5931397, 7.331089 ], [ 134.59332280000001, 7.3313584 ], [ 134.593566900000013, 7.3316474 ], [ 134.5937042, 7.3318362 ], [ 134.5942383, 7.3322582 ], [ 134.5948334, 7.3325777 ], [ 134.595001200000013, 7.3326669 ], [ 134.5952759, 7.3329082 ], [ 134.5958862, 7.3332248 ], [ 134.5964813, 7.3336721 ], [ 134.5969086, 7.3339748 ], [ 134.597229, 7.3341832 ], [ 134.5976257, 7.3344221 ], [ 134.598022500000013, 7.3346305 ], [ 134.5983429, 7.3348694 ], [ 134.598739599999988, 7.335125 ], [ 134.5991364, 7.3353334 ], [ 134.5994873, 7.335525 ], [ 134.599838299999988, 7.3357639 ], [ 134.600174, 7.33605 ], [ 134.6003876, 7.3362751 ], [ 134.6006317, 7.3364973 ], [ 134.6009216, 7.3367086 ], [ 134.60113530000001, 7.3369193 ], [ 134.6021729, 7.3380055 ], [ 134.6030273, 7.3393612 ], [ 134.603210499999989, 7.3403111 ], [ 134.603302, 7.3411722 ] ] } },
{ "type": "Feature", "properties": { "RCID": 4481, "PRIM": 2, "GRUP": 2, "OBJL": 43, "RVER": 1, "AGEN": 550, "FIDN": 656612945, "FIDS": 9, "LNAM": "022627231E510009", "LNAM_REFS": null, "FFPT_RIND": null, "VALDCO": 30.0, "VERDAT": null, "INFORM": null, "NINFOM": null, "NTXTDS": null, "SCAMAX": null, "SCAMIN": 89999, "TXTDSC": null, "RECDAT": null, "RECIND": null, "SORDAT": null, "SORIND": null, "hypcat": null, "_enc_cell": "US4TB3P0" }, "geometry": { "type": "LineString", "coordinates": [ [ 134.6080475, 7.3483501 ], [ 134.6079102, 7.348011 ], [ 134.6078339, 7.3479028 ], [ 134.6078305, 7.3478949 ], [ 134.6077118, 7.3476167 ], [ 134.6075745, 7.3474808 ], [ 134.6074371, 7.3473415 ], [ 134.607254, 7.3472056 ], [ 134.6070709, 7.3470001 ], [ 134.606796300000013, 7.3467722 ], [ 134.6062164, 7.3462834 ], [ 134.6060486, 7.3461585 ], [ 134.605835, 7.3459306 ], [ 134.6056366, 7.3456888 ], [ 134.6054077, 7.3452001 ], [ 134.6053952, 7.3451786 ], [ 134.6053009, 7.3450165 ], [ 134.6051636, 7.3448696 ], [ 134.6049347, 7.344625 ], [ 134.6049042, 7.3445945 ], [ 134.604766899999987, 7.3445168 ], [ 134.6045157, 7.3443895 ], [ 134.6042023, 7.3442307 ], [ 134.603912400000013, 7.3440471 ], [ 134.6038513, 7.3439474 ], [ 134.603714, 7.3437862 ], [ 134.603546099999988, 7.3435693 ], [ 134.6035004, 7.3434916 ], [ 134.6034637, 7.3434455 ], [ 134.603363, 7.3433194 ], [ 134.603195199999988, 7.3431277 ], [ 134.603042499999987, 7.3430676 ], [ 134.6026306, 7.3429055 ], [ 134.6023865, 7.3427057 ], [ 134.6021271, 7.3424139 ], [ 134.6020518, 7.3421788 ], [ 134.6020355, 7.3421278 ], [ 134.6018219, 7.3418169 ], [ 134.6015625, 7.3416109 ], [ 134.6007538, 7.3408084 ], [ 134.600402800000012, 7.3404803 ], [ 134.60003660000001, 7.3402138 ], [ 134.599716199999989, 7.3400221 ], [ 134.5994834, 7.3398743 ], [ 134.599090600000011, 7.3396249 ], [ 134.5988922, 7.3393917 ], [ 134.5987244, 7.3392553 ], [ 134.5986086, 7.3390894 ], [ 134.59860230000001, 7.3390803 ], [ 134.598495500000013, 7.3389196 ], [ 134.5983276, 7.338789 ], [ 134.598257600000011, 7.3387744 ], [ 134.598114, 7.3387446 ], [ 134.5978546, 7.3385887 ], [ 134.5976715, 7.3383918 ], [ 134.5973663, 7.3381085 ], [ 134.5971985, 7.3378501 ], [ 134.5970001, 7.3376832 ], [ 134.5968976, 7.3375542 ], [ 134.596817, 7.3374529 ], [ 134.5966034, 7.3371749 ], [ 134.5964813, 7.336864 ], [ 134.5963745, 7.3365889 ], [ 134.5962372, 7.3363833 ], [ 134.5960541, 7.3361669 ], [ 134.5957642, 7.3358946 ], [ 134.5955353, 7.3356667 ], [ 134.5951996, 7.3352194 ], [ 134.595016500000014, 7.334764 ], [ 134.5949249, 7.3345027 ], [ 134.5947418, 7.3341832 ], [ 134.594421399999987, 7.3340001 ], [ 134.5940857, 7.3340139 ], [ 134.5937195, 7.3341141 ], [ 134.59332280000001, 7.3343415 ], [ 134.5933193, 7.3343437 ], [ 134.5930481, 7.3345137 ], [ 134.5927429, 7.3347416 ], [ 134.5924683, 7.3349943 ], [ 134.5921936, 7.3352556 ], [ 134.5921631, 7.335289 ], [ 134.5918427, 7.3355165 ], [ 134.591415399999988, 7.3357444 ], [ 134.5911102, 7.3358474 ], [ 134.5907135, 7.3358026 ], [ 134.5904236, 7.3357806 ], [ 134.590072600000013, 7.335825 ], [ 134.5899048, 7.3359833 ], [ 134.589859, 7.3361554 ], [ 134.5898895, 7.3363609 ], [ 134.5900269, 7.3365083 ], [ 134.5905457, 7.3369637 ], [ 134.5907135, 7.3371916 ], [ 134.5908356, 7.3375859 ], [ 134.5908508, 7.3379169 ], [ 134.5907745, 7.3380528 ], [ 134.590805100000011, 7.3384166 ], [ 134.5910034, 7.3386664 ], [ 134.5912323, 7.3388028 ], [ 134.591537499999987, 7.3389249 ], [ 134.5917969, 7.339097 ], [ 134.592025799999988, 7.3393307 ], [ 134.5922699, 7.3394499 ], [ 134.592514, 7.3395276 ], [ 134.5926971, 7.3396502 ], [ 134.592865, 7.3398027 ], [ 134.593277, 7.3399835 ], [ 134.5936279, 7.3401389 ], [ 134.594039900000013, 7.3403306 ], [ 134.5943298, 7.3405194 ], [ 134.5946808, 7.3408389 ], [ 134.595047, 7.341114 ], [ 134.5955353, 7.3414946 ], [ 134.595871, 7.3417001 ], [ 134.596221899999989, 7.3421054 ], [ 134.5963745, 7.3423305 ], [ 134.5966492, 7.342761 ], [ 134.5968933, 7.3430252 ], [ 134.5970764, 7.3433361 ], [ 134.5972595, 7.3435946 ], [ 134.5973969, 7.3437748 ], [ 134.5976105, 7.3438807 ], [ 134.597885100000013, 7.343914 ], [ 134.598114, 7.3440332 ], [ 134.5982971, 7.3441196 ], [ 134.598465, 7.3441391 ], [ 134.598587, 7.3440943 ], [ 134.5988159, 7.3438807 ], [ 134.5991058, 7.343853 ], [ 134.599441500000012, 7.3440085 ], [ 134.5998535, 7.3442583 ], [ 134.6000824, 7.3444834 ], [ 134.6002808, 7.3446388 ], [ 134.6003571, 7.3447418 ], [ 134.600433399999986, 7.344975 ], [ 134.600418100000013, 7.3452277 ], [ 134.600418100000013, 7.3452334 ], [ 134.600418100000013, 7.3452859 ], [ 134.6002808, 7.3455696 ], [ 134.600189199999988, 7.3456998 ], [ 134.6000824, 7.3458557 ], [ 134.5999146, 7.3459916 ], [ 134.599807700000014, 7.3460498 ], [ 134.599716199999989, 7.3461056 ], [ 134.5996399, 7.3461666 ], [ 134.5995941, 7.3462834 ], [ 134.5995483, 7.3463502 ], [ 134.5993805, 7.3463974 ], [ 134.5993042, 7.346386 ], [ 134.599227899999988, 7.346272 ], [ 134.5991821, 7.3461585 ], [ 134.5990601, 7.3460889 ], [ 134.5990295, 7.3460889 ], [ 134.598938, 7.3460612 ], [ 134.5986939, 7.3461223 ], [ 134.5985413, 7.3461723 ], [ 134.598281899999989, 7.3463359 ], [ 134.598007200000012, 7.3465529 ], [ 134.597991900000011, 7.3467336 ], [ 134.5980988, 7.3468418 ], [ 134.598144499999989, 7.3468528 ], [ 134.5981903, 7.3468499 ], [ 134.598373400000014, 7.3468556 ], [ 134.59860230000001, 7.3468027 ], [ 134.5987854, 7.3467779 ], [ 134.598968500000012, 7.346786 ] ] } },
{ "type": "Feature", "properties": { "RCID": 4644, "PRIM": 2, "GRUP": 2, "OBJL": 43, "RVER": 1, "AGEN": 550, "FIDN": 268016245, "FIDS": 9, "LNAM": "02260FF99A750009", "LNAM_REFS": null, "FFPT_RIND": null, "VALDCO": 30.0, "VERDAT": null, "INFORM": null, "NINFOM": null, "NTXTDS": null, "SCAMAX": null, "SCAMIN": 89999, "TXTDSC": null, "RECDAT": null, "RECIND": null, "SORDAT": null, "SORIND": null, "hypcat": null, "_enc_cell": "US4TB3P0" }, "geometry": { "type": "LineString", "coordinates": [ [ 134.4901222, 7.2901755 ], [ 134.4901276, 7.2901168 ], [ 134.490081800000013, 7.2899418 ], [ 134.4899292, 7.2898002 ], [ 134.4896851, 7.2897415 ], [ 134.4894257, 7.2897501 ], [ 134.4891968, 7.2898474 ], [ 134.4890442, 7.2900057 ], [ 134.489013699999987, 7.2901888 ], [ 134.489022799999987, 7.290262 ], [ 134.4890442, 7.2904334 ], [ 134.489151, 7.2905612 ], [ 134.489379899999989, 7.2905998 ], [ 134.4898071, 7.2906332 ], [ 134.4900208, 7.290514 ], [ 134.4901123, 7.2902832 ], [ 134.4901222, 7.2901755 ] ] } },
{ "type": "Feature", "properties": { "RCID": 4646, "PRIM": 2, "GRUP": 2, "OBJL": 43, "RVER": 1, "AGEN": 550, "FIDN": 805440972, "FIDS": 9, "LNAM": "022630020DCC0009", "LNAM_REFS": null, "FFPT_RIND": null, "VALDCO": 20.0, "VERDAT": null, "INFORM": null, "NINFOM": null, "NTXTDS": null, "SCAMAX": null, "SCAMIN": 44999, "TXTDSC": null, "RECDAT": null, "RECIND": null, "SORDAT": null, "SORIND": null, "hypcat": null, "_enc_cell": "US4TB3P0" }, "geometry": { "type": "LineString", "coordinates": [ [ 134.4895783, 7.3892999 ], [ 134.4897308, 7.3893862 ], [ 134.4902191, 7.3894973 ], [ 134.490432700000014, 7.3896251 ], [ 134.490448, 7.3899527 ] ] } },
{ "type": "Feature", "properties": { "RCID": 4647, "PRIM": 2, "GRUP": 2, "OBJL": 43, "RVER": 1, "AGEN": 550, "FIDN": 738557764, "FIDS": 9, "LNAM": "02262C057F440009", "LNAM_REFS": null, "FFPT_RIND": null, "VALDCO": 10.0, "VERDAT": null, "INFORM": null, "NINFOM": null, "NTXTDS": null, "SCAMAX": null, "SCAMIN": 44999, "TXTDSC": null, "RECDAT": null, "RECIND": null, "SORDAT": null, "SORIND": null, "hypcat": null, "_enc_cell": "US4TB3P0" }, "geometry": { "type": "LineString", "coordinates": [ [ 134.4878998, 7.3985086 ], [ 134.488052399999987, 7.398489 ], [ 134.488159200000013, 7.3984942 ], [ 134.4882355, 7.3985167 ], [ 134.4883728, 7.3986387 ], [ 134.488510100000013, 7.3988113 ], [ 134.4885864, 7.3988805 ], [ 134.4886627, 7.3989167 ], [ 134.4888611, 7.3989248 ], [ 134.4890442, 7.3989916 ], [ 134.4891357, 7.3990641 ], [ 134.4891968, 7.3991447 ], [ 134.48922730000001, 7.3992391 ], [ 134.489212, 7.3993526 ], [ 134.48909, 7.3995419 ], [ 134.488998400000014, 7.399611 ], [ 134.4889221, 7.3996444 ], [ 134.488754300000011, 7.3996749 ], [ 134.488525399999986, 7.3997221 ], [ 134.488403299999987, 7.3997889 ], [ 134.4883423, 7.3998919 ], [ 134.4883118, 7.4000082 ], [ 134.488281300000011, 7.4001665 ], [ 134.488327, 7.400239 ], [ 134.4883881, 7.4002724 ], [ 134.488540699999987, 7.4002914 ], [ 134.489013699999987, 7.4002914 ], [ 134.4891815, 7.400311 ], [ 134.4893036, 7.4003778 ], [ 134.4894104, 7.4005194 ], [ 134.4894409, 7.4007001 ], [ 134.4894409, 7.4009166 ], [ 134.4895172, 7.4010224 ], [ 134.489608800000013, 7.4010415 ], [ 134.4897461, 7.4009471 ], [ 134.4899292, 7.4008141 ], [ 134.4901276, 7.4007363 ], [ 134.490325899999988, 7.4007278 ], [ 134.490463299999988, 7.4007278 ], [ 134.4906921, 7.4008222 ], [ 134.4908295, 7.4009666 ], [ 134.4908905, 7.4011641 ], [ 134.4909058, 7.4013915 ], [ 134.4909821, 7.4016972 ], [ 134.4911194, 7.4019446 ], [ 134.4912567, 7.4020944 ], [ 134.491409299999987, 7.4022083 ], [ 134.491516100000013, 7.4022694 ], [ 134.4916077, 7.4022861 ], [ 134.4917145, 7.4022613 ], [ 134.4917908, 7.4021974 ], [ 134.4918213, 7.4020944 ], [ 134.491806, 7.401886 ] ] } },
{ "type": "Feature", "properties": { "RCID": 4650, "PRIM": 2, "GRUP": 2, "OBJL": 43, "RVER": 1, "AGEN": 550, "FIDN": 831093751, "FIDS": 9, "LNAM": "022631897BF70009", "LNAM_REFS": null, "FFPT_RIND": null, "VALDCO": 20.0, "VERDAT": null, "INFORM": null, "NINFOM": null, "NTXTDS": null, "SCAMAX": null, "SCAMIN": 44999, "TXTDSC": null, "RECDAT": null, "RECIND": null, "SORDAT": null, "SORIND": null, "hypcat": null, "_enc_cell": "US4TB3P0" }, "geometry": { "type": "LineString", "coordinates": [ [ 134.49258420000001, 7.3307667 ], [ 134.4925385, 7.3306141 ], [ 134.4923248, 7.3304582 ], [ 134.4920654, 7.3303804 ], [ 134.491775499999989, 7.3303585 ], [ 134.4914398, 7.3304081 ], [ 134.4911957, 7.3305669 ], [ 134.491027800000012, 7.330761 ] ] } },
{ "type": "Feature", "properties": { "RCID": 4651, "PRIM": 2, "GRUP": 2, "OBJL": 43, "RVER": 1, "AGEN": 550, "FIDN": 921938981, "FIDS": 9, "LNAM": "022636F3AC250009", "LNAM_REFS": null, "FFPT_RIND": null, "VALDCO": 10.0, "VERDAT": null, "INFORM": null, "NINFOM": null, "NTXTDS": null, "SCAMAX": null, "SCAMIN": 44999, "TXTDSC": null, "RECDAT": null, "RECIND": null, "SORDAT": null, "SORIND": null, "hypcat": null, "_enc_cell": "US4TB3P0" }, "geometry": { "type": "LineString", "coordinates": [ [ 134.491989100000012, 7.2744141 ], [ 134.492126500000012, 7.2743335 ], [ 134.4923401, 7.2742028 ], [ 134.4924469, 7.2740998 ], [ 134.4925232, 7.2739887 ], [ 134.492599500000011, 7.2738752 ], [ 134.4926758, 7.2737637 ], [ 134.4927673, 7.2734776 ], [ 134.4928284, 7.2733169 ], [ 134.4928284, 7.2730193 ], [ 134.4927826, 7.2729197 ], [ 134.49272160000001, 7.2728362 ], [ 134.492614800000013, 7.2727251 ], [ 134.492477400000013, 7.272572 ], [ 134.492370599999987, 7.27245 ], [ 134.4922791, 7.2723165 ], [ 134.4921417, 7.2722364 ], [ 134.4918366, 7.2721834 ], [ 134.491638200000011, 7.2721834 ], [ 134.491302499999989, 7.2722445 ], [ 134.4910736, 7.2723279 ], [ 134.4908447, 7.2725 ], [ 134.4906921, 7.2726417 ], [ 134.490554800000012, 7.2728057 ], [ 134.4905243, 7.2729693 ], [ 134.4905243, 7.2731834 ], [ 134.4905853, 7.2733054 ], [ 134.4907227, 7.2735195 ], [ 134.490814199999988, 7.2736917 ], [ 134.4908905, 7.2738557 ], [ 134.490936299999987, 7.2739887 ], [ 134.491043100000013, 7.2741528 ], [ 134.491043100000013, 7.2741556 ], [ 134.491043100000013, 7.2741613 ], [ 134.4911041, 7.2742639 ], [ 134.4912109, 7.2743859 ], [ 134.491333, 7.274478 ], [ 134.4915772, 7.2745276 ], [ 134.491775499999989, 7.274497 ], [ 134.4919434, 7.274436 ], [ 134.491989100000012, 7.2744141 ] ] } },
{ "type": "Feature", "properties": { "RCID": 4653, "PRIM": 2, "GRUP": 2, "OBJL": 43, "RVER": 1, "AGEN": 550, "FIDN": 115008131, "FIDS": 9, "LNAM": "022606DAE2830009", "LNAM_REFS": null, "FFPT_RIND": null, "VALDCO": 2.0, "VERDAT": null, "INFORM": null, "NINFOM": null, "NTXTDS": null, "SCAMAX": null, "SCAMIN": 44999, "TXTDSC": null, "RECDAT": null, "RECIND": null, "SORDAT": null, "SORIND": null, "hypcat": null, "_enc_cell": "US4TB3P0" }, "geometry": { "type": "LineString", "coordinates": [ [ 134.494339, 7.415278 ], [ 134.494522100000012, 7.4152613 ], [ 134.4947205, 7.4152308 ], [ 134.4948425, 7.4152026 ], [ 134.4949493, 7.4151001 ], [ 134.4949799, 7.4150138 ], [ 134.4949493, 7.4148612 ] ] } },
{ "type": "Feature", "properties": { "RCID": 4656, "PRIM": 2, "GRUP": 2, "OBJL": 43, "RVER": 1, "AGEN": 550, "FIDN": 229588512, "FIDS": 9, "LNAM": "02260DAF3E200009", "LNAM_REFS": null, "FFPT_RIND": null, "VALDCO": 30.0, "VERDAT": null, "INFORM": null, "NINFOM": null, "NTXTDS": null, "SCAMAX": null, "SCAMIN": 89999, "TXTDSC": null, "RECDAT": null, "RECIND": null, "SORDAT": null, "SORIND": null, "hypcat": null, "_enc_cell": "US4TB3P0" }, "geometry": { "type": "LineString", "coordinates": [ [ 134.46386720000001, 7.2363973 ], [ 134.4638977, 7.2364416 ], [ 134.463913, 7.2366304 ], [ 134.4639587, 7.2368612 ], [ 134.463974, 7.2369666 ], [ 134.4639893, 7.237114 ], [ 134.464035, 7.2372279 ], [ 134.464111300000013, 7.2373195 ], [ 134.464218100000011, 7.2374334 ], [ 134.4643097, 7.237525 ], [ 134.4644165, 7.2376471 ], [ 134.464447, 7.2377696 ], [ 134.4644623, 7.237875 ], [ 134.4645386, 7.2380805 ], [ 134.464614899999987, 7.2382026 ], [ 134.4648132, 7.2382999 ], [ 134.4649353, 7.2383251 ], [ 134.465072600000013, 7.2383418 ], [ 134.4651489, 7.2383752 ], [ 134.4652405, 7.238472 ], [ 134.4653473, 7.2386055 ], [ 134.4654236, 7.2387276 ], [ 134.4654999, 7.2388749 ], [ 134.4655457, 7.2389555 ], [ 134.4656372, 7.2390389 ], [ 134.465744, 7.239161 ], [ 134.4658356, 7.2393084 ], [ 134.4659882, 7.2394724 ], [ 134.4660797, 7.2396112 ], [ 134.4662323, 7.2397499 ], [ 134.4663544, 7.2398639 ], [ 134.4665527, 7.240036 ], [ 134.466629, 7.2401748 ], [ 134.4666901, 7.2403722 ], [ 134.4666901, 7.2404862 ], [ 134.466766400000012, 7.2405863 ], [ 134.4667969, 7.240675 ], [ 134.4668579, 7.2408724 ], [ 134.4668579, 7.240953 ], [ 134.4668427, 7.2410193 ], [ 134.4667969, 7.241075 ], [ 134.466766400000012, 7.2411418 ], [ 134.4667053, 7.2412472 ], [ 134.466659600000014, 7.241322 ], [ 134.4666748, 7.2414527 ], [ 134.46675110000001, 7.2415667 ], [ 134.4667816, 7.2416 ], [ 134.4668274, 7.2416668 ], [ 134.4669647, 7.2418056 ], [ 134.467117300000012, 7.2418613 ], [ 134.4672546, 7.2418861 ], [ 134.4676361, 7.2418861 ], [ 134.4677582, 7.2418943 ], [ 134.4679108, 7.2419109 ], [ 134.4680328, 7.2419109 ], [ 134.468200700000011, 7.2419696 ], [ 134.46832280000001, 7.2420335 ], [ 134.468344800000011, 7.2420511 ], [ 134.4684753, 7.2421556 ], [ 134.4685364, 7.2422304 ], [ 134.468556799999988, 7.2423512 ], [ 134.468566900000013, 7.2424111 ], [ 134.468566900000013, 7.2425165 ], [ 134.468582199999986, 7.2426305 ], [ 134.4686585, 7.2429333 ], [ 134.4686585, 7.2430639 ], [ 134.4687042, 7.243228 ], [ 134.4687805, 7.2433529 ], [ 134.4688721, 7.2434669 ], [ 134.468933099999987, 7.2435222 ], [ 134.469055200000014, 7.2436557 ], [ 134.4690704, 7.2437778 ], [ 134.4690704, 7.2442446 ], [ 134.469101, 7.2443833 ], [ 134.469177300000013, 7.2445474 ], [ 134.46928410000001, 7.2446446 ], [ 134.469421399999987, 7.2447915 ], [ 134.469528200000013, 7.244875 ], [ 134.469635, 7.2450471 ], [ 134.469696, 7.2451696 ], [ 134.4697113, 7.245275 ], [ 134.4697266, 7.2453332 ], [ 134.469772299999988, 7.2455363 ], [ 134.4698639, 7.2456832 ], [ 134.4699554, 7.2457833 ], [ 134.4701843, 7.2460194 ], [ 134.4701843, 7.246028 ], [ 134.4703064, 7.24615 ], [ 134.470398, 7.2462583 ], [ 134.470596300000011, 7.2466221 ], [ 134.4707794, 7.2469974 ], [ 134.4707947, 7.2472553 ], [ 134.4710541, 7.2475915 ], [ 134.471069300000011, 7.2476416 ], [ 134.4711456, 7.2477555 ], [ 134.47120670000001, 7.2478361 ], [ 134.4712982, 7.2479277 ], [ 134.471405, 7.2479749 ], [ 134.4715118, 7.2480249 ], [ 134.4716187, 7.2480416 ], [ 134.4717407, 7.2480831 ], [ 134.4718475, 7.2481027 ], [ 134.471939099999986, 7.2480831 ], [ 134.4721375, 7.2480583 ], [ 134.4722138, 7.2480669 ], [ 134.4722748, 7.2481084 ], [ 134.472305299999988, 7.2481556 ], [ 134.4723358, 7.2482224 ], [ 134.4723358, 7.2482529 ], [ 134.4723509, 7.2483271 ], [ 134.4723511, 7.2483277 ], [ 134.4723511, 7.2484026 ], [ 134.4723358, 7.2484832 ], [ 134.4723358, 7.2488389 ], [ 134.4724884, 7.249186 ], [ 134.4726105, 7.2493582 ], [ 134.4727478, 7.249547 ], [ 134.4728394, 7.249661 ], [ 134.4729309, 7.2497859 ], [ 134.4730682, 7.2499499 ], [ 134.4731598, 7.2500887 ], [ 134.4731903, 7.2501192 ], [ 134.4733429, 7.2502666 ], [ 134.4734039, 7.2503085 ], [ 134.473526, 7.2503748 ], [ 134.473617600000011, 7.2504168 ], [ 134.473754899999989, 7.250464 ], [ 134.4738159, 7.2504973 ], [ 134.4741516, 7.2507443 ], [ 134.47421270000001, 7.2508502 ], [ 134.4742889, 7.2510057 ], [ 134.474441500000012, 7.2512112 ], [ 134.4745178, 7.2512999 ], [ 134.4746399, 7.2514057 ], [ 134.4747315, 7.2515111 ], [ 134.4747925, 7.2516112 ], [ 134.474807700000014, 7.2517915 ], [ 134.474823, 7.2519307 ], [ 134.4748688, 7.2520943 ], [ 134.4749146, 7.2522168 ], [ 134.4750061, 7.2525444 ], [ 134.4750671, 7.2529779 ], [ 134.475174, 7.2535529 ], [ 134.475189199999988, 7.2535639 ], [ 134.475189199999988, 7.2536249 ], [ 134.475235, 7.2537389 ], [ 134.475311299999987, 7.2538862 ], [ 134.4754486, 7.254025 ], [ 134.4754944, 7.2540751 ], [ 134.475540200000012, 7.2541804 ], [ 134.475540200000012, 7.2543278 ], [ 134.4754639, 7.2545085 ], [ 134.475433399999986, 7.2546306 ], [ 134.475433399999986, 7.254786 ], [ 134.4754944, 7.2550054 ], [ 134.475540200000012, 7.2551694 ], [ 134.4755554, 7.2553835 ], [ 134.4756165, 7.2555637 ], [ 134.475677499999989, 7.255661 ], [ 134.475784299999987, 7.255825 ], [ 134.475891100000013, 7.2559419 ], [ 134.4760284, 7.2561278 ], [ 134.47613530000001, 7.2562919 ], [ 134.4762116, 7.2564054 ], [ 134.4762878, 7.2565308 ], [ 134.476364100000012, 7.2566695 ], [ 134.4764252, 7.2568278 ], [ 134.4764404, 7.2568975 ], [ 134.4765778, 7.2571611 ], [ 134.476745599999987, 7.2573891 ], [ 134.4768829, 7.2575526 ], [ 134.476944, 7.2576332 ], [ 134.4772034, 7.2579141 ], [ 134.477356, 7.2580442 ], [ 134.4776459, 7.2583137 ], [ 134.4777985, 7.2584195 ], [ 134.477951100000013, 7.2585416 ], [ 134.4781494, 7.2586918 ], [ 134.4784546, 7.2589111 ], [ 134.4786224, 7.2590499 ], [ 134.478775, 7.2591887 ], [ 134.4789581, 7.259336 ], [ 134.479141199999987, 7.2594609 ], [ 134.479263300000014, 7.2595501 ], [ 134.479385400000012, 7.2596555 ], [ 134.4796143, 7.2599111 ], [ 134.4797211, 7.2600083 ], [ 134.4798126, 7.2601137 ], [ 134.4799194, 7.2602058 ], [ 134.4801483, 7.2603526 ], [ 134.480331400000011, 7.2605 ], [ 134.4804382, 7.2605557 ], [ 134.480697600000013, 7.2606945 ], [ 134.480819700000012, 7.2607446 ], [ 134.481094399999989, 7.260778 ], [ 134.4812164, 7.26085 ], [ 134.4813538, 7.2609582 ], [ 134.4814453, 7.2610002 ], [ 134.48172, 7.2610807 ], [ 134.481842, 7.2611694 ], [ 134.4818726, 7.2612696 ], [ 134.481903100000011, 7.2613835 ], [ 134.4819489, 7.2614803 ], [ 134.4820709, 7.2615805 ], [ 134.4824524, 7.2617831 ], [ 134.48298650000001, 7.2619085 ], [ 134.4831696, 7.2619085 ], [ 134.4833069, 7.261889 ], [ 134.483429, 7.2618666 ], [ 134.4835358, 7.2618499 ], [ 134.4836273, 7.2618499 ], [ 134.4837341, 7.2619085 ], [ 134.48381040000001, 7.2619972 ], [ 134.4838409, 7.2621112 ], [ 134.4838562, 7.2622194 ], [ 134.4838715, 7.2623334 ], [ 134.4839783, 7.262578 ], [ 134.4840393, 7.2627249 ], [ 134.4841156, 7.2628417 ], [ 134.484207199999986, 7.2629805 ], [ 134.484314, 7.2631831 ], [ 134.4844055, 7.2633472 ], [ 134.484558099999987, 7.2635279 ], [ 134.4847107, 7.2636752 ], [ 134.4848328, 7.2637887 ], [ 134.4849701, 7.2638888 ], [ 134.4852905, 7.2641583 ], [ 134.4853668, 7.2642055 ], [ 134.4854736, 7.2642555 ], [ 134.485641500000014, 7.2642889 ], [ 134.485748300000012, 7.264297 ], [ 134.4859467, 7.2643695 ], [ 134.4859619, 7.2643752 ], [ 134.486221300000011, 7.2644362 ], [ 134.48634340000001, 7.2644777 ], [ 134.4865112, 7.2645669 ], [ 134.486709600000012, 7.2647638 ], [ 134.486846899999989, 7.2649946 ], [ 134.4868774, 7.265172 ], [ 134.4868774, 7.265286 ], [ 134.486908, 7.2654834 ], [ 134.4869232, 7.265697 ], [ 134.486953699999987, 7.2658529 ], [ 134.486953699999987, 7.2661891 ], [ 134.486969, 7.2663527 ], [ 134.4869995, 7.2664585 ], [ 134.4871674, 7.2667613 ], [ 134.4872437, 7.2669001 ], [ 134.4873962, 7.2670388 ], [ 134.487564099999986, 7.2671056 ], [ 134.487686200000013, 7.2671361 ], [ 134.487808199999989, 7.2671943 ], [ 134.4878998, 7.2672749 ], [ 134.487945599999989, 7.2673554 ], [ 134.4880676, 7.2675085 ], [ 134.4881134, 7.2676196 ], [ 134.4881744, 7.2677665 ], [ 134.4882202, 7.2679057 ], [ 134.4882507, 7.267972 ], [ 134.488281300000011, 7.2680526 ], [ 134.488510100000013, 7.2682834 ], [ 134.488647500000013, 7.2684054 ], [ 134.4887238, 7.2684779 ], [ 134.4888611, 7.2685862 ], [ 134.4889526, 7.2686582 ], [ 134.48909, 7.2687335 ], [ 134.48922730000001, 7.2688308 ], [ 134.489364599999988, 7.2689471 ], [ 134.4894562, 7.269011 ], [ 134.489502, 7.2690334 ], [ 134.489608800000013, 7.2690859 ], [ 134.4897308, 7.2691584 ], [ 134.4899445, 7.2692971 ], [ 134.49018860000001, 7.2694445 ], [ 134.4902649, 7.2695026 ], [ 134.490432700000014, 7.2695832 ], [ 134.490554800000012, 7.2696419 ], [ 134.4906921, 7.2697387 ], [ 134.4909515, 7.269814 ], [ 134.4911346, 7.2698946 ], [ 134.491272, 7.2699695 ], [ 134.491409299999987, 7.2700667 ], [ 134.491531400000014, 7.2701502 ], [ 134.4915466, 7.2701583 ], [ 134.4916687, 7.2702222 ], [ 134.4918671, 7.2702889 ], [ 134.4919739, 7.270361 ], [ 134.4920502, 7.2704277 ], [ 134.492126500000012, 7.2705336 ], [ 134.4921875, 7.2706251 ], [ 134.492248499999988, 7.2706971 ], [ 134.4923401, 7.2707558 ], [ 134.4924622, 7.2708111 ], [ 134.4927521, 7.2709112 ], [ 134.4928894, 7.2709193 ], [ 134.493209799999988, 7.2709584 ], [ 134.493331899999987, 7.2709584 ], [ 134.493515, 7.2709918 ], [ 134.4936218, 7.2710056 ], [ 134.4937897, 7.2710586 ], [ 134.4940796, 7.2711554 ], [ 134.494415299999986, 7.271286 ], [ 134.4945831, 7.2713695 ], [ 134.494659399999989, 7.2714086 ], [ 134.494796799999989, 7.2714582 ], [ 134.495010400000012, 7.2715721 ], [ 134.4951477, 7.2716804 ], [ 134.4953003, 7.2718196 ], [ 134.4954376, 7.271925 ], [ 134.4955597, 7.2720389 ], [ 134.4956818, 7.2721558 ], [ 134.4960327, 7.2722998 ], [ 134.4961548, 7.2723832 ], [ 134.4962616, 7.2724557 ], [ 134.4963074, 7.2724891 ], [ 134.4964905, 7.2725639 ], [ 134.4966431, 7.2726307 ], [ 134.4967651, 7.2727194 ], [ 134.496810900000014, 7.2728248 ], [ 134.496826199999987, 7.2729888 ], [ 134.4968414, 7.2731361 ], [ 134.4968872, 7.2732668 ], [ 134.4969788, 7.2733831 ], [ 134.4971008, 7.2735057 ], [ 134.4972687, 7.2736445 ], [ 134.497345, 7.2737083 ], [ 134.497421300000013, 7.2737665 ], [ 134.4975433, 7.2738419 ], [ 134.497665399999988, 7.2738972 ], [ 134.4979706, 7.2739554 ], [ 134.4980316, 7.2740192 ], [ 134.4980469, 7.2741194 ], [ 134.4980316, 7.2743554 ], [ 134.4980927, 7.2745528 ], [ 134.498153699999989, 7.2747359 ], [ 134.498169, 7.2747889 ], [ 134.4981995, 7.2748804 ], [ 134.49823, 7.275003 ], [ 134.4983063, 7.2751999 ], [ 134.498382600000014, 7.275372 ], [ 134.4984589, 7.2755446 ], [ 134.4985504, 7.2757001 ], [ 134.4986572, 7.2758613 ], [ 134.498840300000012, 7.2761474 ], [ 134.4989166, 7.2762804 ], [ 134.499054, 7.2766557 ], [ 134.4991608, 7.2767944 ], [ 134.4992676, 7.2769084 ], [ 134.4993744, 7.2771053 ] ] } },
{ "type": "Feature", "properties": { "RCID": 4657, "PRIM": 2, "GRUP": 2, "OBJL": 43, "RVER": 1, "AGEN": 550, "FIDN": 972172395, "FIDS": 9, "LNAM": "022639F22C6B0009", "LNAM_REFS": null, "FFPT_RIND": null, "VALDCO": 10.0, "VERDAT": null, "INFORM": null, "NINFOM": null, "NTXTDS": null, "SCAMAX": null, "SCAMIN": 44999, "TXTDSC": null, "RECDAT": null, "RECIND": null, "SORDAT": null, "SORIND": null, "hypcat": null, "_enc_cell": "US4TB3P0" }, "geometry": { "type": "LineString", "coordinates": [ [ 134.4735565, 7.2838168 ], [ 134.473617600000011, 7.2838807 ], [ 134.4738922, 7.2840529 ], [ 134.4741669, 7.2841859 ], [ 134.4745026, 7.2843609 ], [ 134.4747467, 7.2844749 ], [ 134.4750214, 7.2845917 ], [ 134.475296, 7.2847834 ], [ 134.4753876, 7.2850499 ], [ 134.475540200000012, 7.2852807 ], [ 134.475769, 7.2857418 ], [ 134.4759369, 7.2859335 ], [ 134.4762116, 7.2861834 ], [ 134.476501500000012, 7.2863946 ], [ 134.476745599999987, 7.2865305 ], [ 134.4770203, 7.2865863 ], [ 134.4772949, 7.2867971 ], [ 134.477447500000011, 7.2869887 ], [ 134.477600099999989, 7.2872391 ], [ 134.4777527, 7.2873917 ], [ 134.4779663, 7.2875667 ], [ 134.4782715, 7.2877307 ], [ 134.478408800000011, 7.2878614 ], [ 134.4786377, 7.2880526 ], [ 134.478714, 7.2881222 ], [ 134.4788666, 7.2882443 ], [ 134.479034399999989, 7.288372 ], [ 134.4792175, 7.2885499 ], [ 134.4794312, 7.2887139 ], [ 134.4797821, 7.2890668 ], [ 134.4800415, 7.2893109 ], [ 134.4802856, 7.2896724 ], [ 134.4804382, 7.2900057 ], [ 134.4808502, 7.2906613 ], [ 134.4810333, 7.2908473 ], [ 134.481201199999987, 7.2911944 ], [ 134.48141480000001, 7.291575 ], [ 134.481552099999988, 7.2918415 ], [ 134.4818115, 7.2920194 ], [ 134.482055699999989, 7.2921276 ], [ 134.482284600000014, 7.292264 ], [ 134.4824524, 7.2923999 ], [ 134.482666, 7.2925415 ], [ 134.482864400000011, 7.2927556 ], [ 134.4830475, 7.2928696 ], [ 134.4832001, 7.2930055 ], [ 134.4834442, 7.2930946 ], [ 134.4835205, 7.2930861 ], [ 134.4838867, 7.2931557 ], [ 134.4841309, 7.293211 ], [ 134.4844055, 7.2933111 ], [ 134.4845429, 7.2934141 ], [ 134.484848, 7.2936583 ], [ 134.485199, 7.2938638 ], [ 134.4853516, 7.293911 ], [ 134.485397299999988, 7.2939553 ], [ 134.4855957, 7.2941361 ], [ 134.485626200000013, 7.2941637 ], [ 134.4858551, 7.2943473 ], [ 134.4859772, 7.2944613 ], [ 134.486099200000012, 7.2945418 ], [ 134.4862061, 7.2946363 ], [ 134.4863739, 7.2947669 ], [ 134.4865265, 7.2948194 ], [ 134.486602799999986, 7.294847 ], [ 134.4867859, 7.2949443 ], [ 134.486908, 7.2950554 ], [ 134.486984299999989, 7.2951694 ], [ 134.4871216, 7.295311 ], [ 134.487197900000012, 7.2954502 ], [ 134.4875183, 7.2957139 ], [ 134.487670900000012, 7.2957583 ], [ 134.487854, 7.2957835 ], [ 134.4880219, 7.2958446 ], [ 134.4881744, 7.2959251 ], [ 134.488327, 7.2960196 ], [ 134.488403299999987, 7.2961083 ], [ 134.488525399999986, 7.2962308 ], [ 134.4885864, 7.2963276 ], [ 134.488632200000012, 7.2964501 ], [ 134.488632200000012, 7.2965193 ], [ 134.4886627, 7.2966137 ], [ 134.4887085, 7.2968054 ], [ 134.488739, 7.2969556 ], [ 134.4888611, 7.2971306 ], [ 134.488876299999987, 7.297153 ], [ 134.4890747, 7.2973499 ], [ 134.48922730000001, 7.2974639 ], [ 134.489379899999989, 7.2975612 ], [ 134.4895172, 7.2976584 ], [ 134.4895477, 7.2976637 ], [ 134.4897766, 7.2977805 ], [ 134.489975, 7.2978835 ], [ 134.4901123, 7.297997 ], [ 134.4902802, 7.2981472 ], [ 134.4904785, 7.2983222 ], [ 134.4907379, 7.2984972 ], [ 134.4909668, 7.2986889 ], [ 134.4910889, 7.2988224 ], [ 134.4912567, 7.298872 ], [ 134.4913788, 7.2988915 ], [ 134.4915466, 7.2988915 ], [ 134.491684, 7.298872 ], [ 134.491806, 7.2988639 ], [ 134.4919434, 7.2988305 ], [ 134.4920807, 7.2988029 ], [ 134.492248499999988, 7.2987943 ], [ 134.4922791, 7.2988057 ], [ 134.4923096, 7.2988029 ], [ 134.492492700000014, 7.2988443 ], [ 134.4925385, 7.2989082 ], [ 134.492569, 7.2989168 ], [ 134.492691, 7.2990308 ], [ 134.4928894, 7.2992415 ], [ 134.4930115, 7.2993279 ], [ 134.493209799999988, 7.2994418 ], [ 134.4933014, 7.299489 ], [ 134.493438700000013, 7.2996359 ], [ 134.4936066, 7.2997499 ], [ 134.4937134, 7.2998443 ], [ 134.493835499999989, 7.2999249 ], [ 134.4939575, 7.2999749 ], [ 134.4940643, 7.3000193 ], [ 134.4942017, 7.3000999 ], [ 134.494278, 7.3001695 ], [ 134.4943848, 7.3002472 ], [ 134.494522100000012, 7.3003359 ], [ 134.4945984, 7.3003445 ], [ 134.4946747, 7.3003388 ], [ 134.494812, 7.3002915 ], [ 134.4949341, 7.3002639 ], [ 134.4950409, 7.3002558 ], [ 134.495224, 7.3002639 ], [ 134.4953308, 7.3002834 ], [ 134.4955444, 7.3003693 ], [ 134.4956665, 7.3004584 ], [ 134.495758099999989, 7.3005972 ], [ 134.495864899999987, 7.3007193 ], [ 134.495956400000011, 7.3008695 ], [ 134.49607850000001, 7.3010001 ], [ 134.4962006, 7.3011417 ], [ 134.496353199999987, 7.3012362 ], [ 134.4964905, 7.3013167 ], [ 134.4966736, 7.3014026 ], [ 134.4967804, 7.3014641 ], [ 134.496994, 7.3015528 ], [ 134.4971619, 7.3015776 ], [ 134.497314499999987, 7.3016391 ], [ 134.497406, 7.3016834 ], [ 134.49751280000001, 7.3017807 ], [ 134.4977112, 7.3018947 ], [ 134.4978333, 7.3020082 ], [ 134.498138399999988, 7.3022332 ], [ 134.4982147, 7.3023224 ], [ 134.4983063, 7.3024888 ], [ 134.498382600000014, 7.3026276 ], [ 134.4984436, 7.3027778 ], [ 134.498642, 7.3029528 ], [ 134.4987793, 7.3030667 ], [ 134.4989471, 7.3031197 ], [ 134.4990692, 7.3031807 ], [ 134.4991608, 7.3032308 ], [ 134.4992676, 7.3033638 ], [ 134.4994049, 7.3034864 ], [ 134.4995117, 7.303575 ], [ 134.4996033, 7.3036614 ], [ 134.4997253, 7.3037834 ], [ 134.499801600000012, 7.3038807 ], [ 134.4998779, 7.3039389 ], [ 134.5, 7.3040834 ], [ 134.5001221, 7.3042278 ] ] } },
{ "type": "Feature", "properties": { "RCID": 4658, "PRIM": 2, "GRUP": 2, "OBJL": 43, "RVER": 1, "AGEN": 550, "FIDN": 924773148, "FIDS": 9, "LNAM": "0226371EEB1C0009", "LNAM_REFS": null, "FFPT_RIND": null, "VALDCO": 20.0, "VERDAT": null, "INFORM": null, "NINFOM": null, "NTXTDS": null, "SCAMAX": null, "SCAMIN": 44999, "TXTDSC": null, "RECDAT": null, "RECIND": null, "SORDAT": null, "SORIND": null, "hypcat": null, "_enc_cell": "US4TB3P0" }, "geometry": { "type": "LineString", "coordinates": [ [ 134.4828186, 7.2660027 ], [ 134.4829559, 7.2660832 ], [ 134.483123799999987, 7.2661471 ], [ 134.483337400000011, 7.2661891 ], [ 134.4835358, 7.2662277 ], [ 134.483703600000013, 7.2663112 ], [ 134.4838562, 7.2663946 ], [ 134.4839783, 7.2665391 ], [ 134.4840088, 7.2666197 ], [ 134.4840393, 7.2666555 ], [ 134.484191900000013, 7.2668471 ], [ 134.4842529, 7.2669501 ], [ 134.484298700000011, 7.2670641 ], [ 134.4843597, 7.2672582 ], [ 134.484451299999989, 7.2673945 ], [ 134.4845886, 7.2674861 ], [ 134.4847107, 7.2675777 ], [ 134.4848938, 7.2676835 ], [ 134.4849854, 7.2677751 ], [ 134.4851074, 7.2678776 ], [ 134.485321, 7.2681861 ], [ 134.485412599999989, 7.268322 ], [ 134.4855042, 7.2684445 ], [ 134.4855804, 7.2686834 ], [ 134.485611, 7.2688055 ], [ 134.485611, 7.2693529 ], [ 134.4857025, 7.269475 ], [ 134.4857941, 7.269578 ], [ 134.4859161, 7.2696085 ], [ 134.4860382, 7.2696304 ], [ 134.486145, 7.2695999 ], [ 134.4863281, 7.2695584 ], [ 134.4864044, 7.2695112 ], [ 134.4864655, 7.269475 ], [ 134.486557, 7.2693915 ], [ 134.4866638, 7.2692804 ], [ 134.4868164, 7.2692084 ], [ 134.486969, 7.2691779 ], [ 134.487075800000014, 7.2691779 ], [ 134.4872284, 7.2692084 ], [ 134.4873352, 7.269311 ], [ 134.4874268, 7.269414 ], [ 134.4875183, 7.269589 ], [ 134.4876251, 7.269753 ], [ 134.4877319, 7.269897 ], [ 134.4878235, 7.2700834 ], [ 134.487930299999988, 7.2703109 ], [ 134.487930299999988, 7.270536 ], [ 134.4878998, 7.2706804 ], [ 134.4878388, 7.2707834 ], [ 134.4877167, 7.2709193 ], [ 134.4876251, 7.2710304 ], [ 134.4876099, 7.2711554 ], [ 134.4876404, 7.2712693 ], [ 134.4877167, 7.2713833 ], [ 134.4878388, 7.2714639 ], [ 134.4880219, 7.2715669 ], [ 134.488159200000013, 7.2716694 ], [ 134.4883118, 7.2717419 ], [ 134.4884644, 7.2718058 ], [ 134.488616900000011, 7.2718778 ], [ 134.4887848, 7.2719388 ], [ 134.4889832, 7.2720332 ], [ 134.489151, 7.2720943 ], [ 134.4892578, 7.2721443 ], [ 134.489364599999988, 7.2721748 ], [ 134.4894409, 7.2722335 ], [ 134.4895172, 7.2723332 ], [ 134.4895783, 7.2724137 ], [ 134.4897766, 7.2724695 ], [ 134.4899139, 7.272572 ], [ 134.490036, 7.272686 ], [ 134.4901276, 7.2727971 ], [ 134.4902344, 7.2729945 ], [ 134.490387, 7.2732306 ], [ 134.4904938, 7.27355 ], [ 134.49066160000001, 7.27385 ], [ 134.490676900000011, 7.2738862 ], [ 134.490676900000011, 7.2738915 ], [ 134.490799, 7.274128 ], [ 134.4909515, 7.2744165 ], [ 134.491149900000011, 7.2745915 ], [ 134.4914703, 7.274725 ], [ 134.491684, 7.274725 ], [ 134.491897599999987, 7.2747169 ], [ 134.4921417, 7.2747169 ], [ 134.4923401, 7.2746944 ], [ 134.4927521, 7.2746224 ], [ 134.493087800000012, 7.2745471 ], [ 134.4932404, 7.274497 ], [ 134.493347199999988, 7.2744446 ], [ 134.4934998, 7.274364 ], [ 134.4935913, 7.2742887 ], [ 134.4937134, 7.2742 ], [ 134.493866, 7.2740641 ], [ 134.494049100000012, 7.2739277 ], [ 134.49415590000001, 7.2738333 ], [ 134.494293199999987, 7.273725 ], [ 134.494415299999986, 7.2736692 ], [ 134.4945984, 7.2736554 ], [ 134.4946899, 7.2736836 ], [ 134.494781499999988, 7.2738471 ], [ 134.494812, 7.2740221 ], [ 134.494781499999988, 7.2741861 ], [ 134.4947052, 7.2743363 ], [ 134.494659399999989, 7.2744584 ], [ 134.4946137, 7.2750053 ], [ 134.4946289, 7.275075 ], [ 134.4946137, 7.2753 ], [ 134.4946289, 7.2754026 ], [ 134.4946289, 7.2755499 ], [ 134.49464420000001, 7.2757168 ], [ 134.4946899, 7.2759609 ], [ 134.494766199999987, 7.2761278 ], [ 134.4948578, 7.2763224 ], [ 134.4949493, 7.2764778 ], [ 134.4950714, 7.2765999 ], [ 134.4951782, 7.2766943 ], [ 134.495285, 7.2767863 ], [ 134.4954071, 7.2768583 ], [ 134.495483400000012, 7.2768779 ], [ 134.4956665, 7.2768555 ], [ 134.4957123, 7.2768526 ], [ 134.495849600000014, 7.2769418 ], [ 134.495864899999987, 7.2769499 ], [ 134.4959412, 7.2770109 ], [ 134.4960175, 7.2770944 ], [ 134.4961548, 7.2772527 ], [ 134.4961548, 7.2772613 ], [ 134.4963074, 7.2774973 ], [ 134.496353199999987, 7.2775974 ], [ 134.4963684, 7.2776418 ], [ 134.4965363, 7.2778974 ], [ 134.4966736, 7.2779946 ], [ 134.4968567, 7.2781057 ], [ 134.496994, 7.2782416 ], [ 134.4971008, 7.2783804 ], [ 134.4971161, 7.278461 ], [ 134.4971161, 7.2784667 ], [ 134.4971008, 7.2787252 ], [ 134.4971008, 7.2790279 ], [ 134.4972076, 7.2793999 ], [ 134.497421300000013, 7.2795529 ], [ 134.4976959, 7.2794943 ], [ 134.497772200000014, 7.2793889 ], [ 134.49800110000001, 7.2789693 ], [ 134.4980469, 7.2787137 ], [ 134.498138399999988, 7.2783499 ], [ 134.498291, 7.2781639 ], [ 134.4984283, 7.2781277 ], [ 134.4987183, 7.2781391 ], [ 134.4989319, 7.2783971 ], [ 134.499054, 7.2786665 ], [ 134.4990692, 7.2786861 ], [ 134.4990845, 7.278728 ], [ 134.4991608, 7.2788777 ], [ 134.499221799999987, 7.2789807 ], [ 134.4993744, 7.2792807 ], [ 134.4994049, 7.2793999 ], [ 134.4994812, 7.2795777 ], [ 134.499527, 7.2796917 ], [ 134.49957280000001, 7.2797723 ], [ 134.4996491, 7.2799501 ], [ 134.4998932, 7.2802057 ], [ 134.4999847, 7.2802806 ], [ 134.5, 7.2802887 ], [ 134.5002289, 7.2804585 ], [ 134.5002594, 7.2804833 ], [ 134.5003357, 7.2807751 ], [ 134.500305200000014, 7.2810082 ], [ 134.5002136, 7.2811942 ], [ 134.5, 7.281414 ], [ 134.4999847, 7.2814279 ], [ 134.499832199999986, 7.2814641 ], [ 134.4995117, 7.2814527 ], [ 134.4993897, 7.2814446 ], [ 134.4991913, 7.2814279 ], [ 134.498977700000012, 7.2814641 ], [ 134.4986725, 7.2816501 ], [ 134.49861150000001, 7.2817612 ], [ 134.4985657, 7.2818499 ], [ 134.4985046, 7.2820668 ], [ 134.498367300000012, 7.2823944 ], [ 134.4980927, 7.2826057 ], [ 134.4978485, 7.2826638 ], [ 134.4974976, 7.28265 ], [ 134.497299199999986, 7.2825918 ], [ 134.4971314, 7.2824526 ], [ 134.4969788, 7.2824054 ], [ 134.496704099999988, 7.2825251 ], [ 134.49646, 7.2827916 ], [ 134.4963074, 7.2831054 ], [ 134.496231099999989, 7.2834415 ], [ 134.496215799999987, 7.2834806 ], [ 134.496215799999987, 7.2836361 ], [ 134.4962006, 7.2837501 ], [ 134.4962616, 7.2840748 ], [ 134.4964142, 7.2842388 ], [ 134.496582, 7.2843084 ], [ 134.496688799999987, 7.2843666 ], [ 134.4968872, 7.284472 ], [ 134.4971466, 7.2847166 ], [ 134.4972534, 7.2849526 ], [ 134.497299199999986, 7.2852197 ], [ 134.497314499999987, 7.2854276 ], [ 134.4973908, 7.285522 ], [ 134.4974976, 7.2858028 ], [ 134.4976196, 7.286036 ], [ 134.4976349, 7.2862806 ], [ 134.4976959, 7.2864919 ], [ 134.497772200000014, 7.2866669 ], [ 134.497894300000013, 7.286839 ], [ 134.4980927, 7.2870498 ], [ 134.4983978, 7.2872109 ], [ 134.4984436, 7.2872582 ], [ 134.4985504, 7.287375 ], [ 134.4987183, 7.2875252 ], [ 134.4988861, 7.2876887 ], [ 134.499054, 7.2878418 ], [ 134.4991608, 7.2880974 ], [ 134.4991934, 7.2881707 ], [ 134.499343900000014, 7.2885084 ], [ 134.499588, 7.2887974 ], [ 134.4998627, 7.2892776 ] ] } },
{ "type": "Feature", "properties": { "RCID": 4661, "PRIM": 2, "GRUP": 2, "OBJL": 43, "RVER": 1, "AGEN": 550, "FIDN": 72782959, "FIDS": 9, "LNAM": "02260456946F0009", "LNAM_REFS": null, "FFPT_RIND": null, "VALDCO": 20.0, "VERDAT": null, "INFORM": null, "NINFOM": null, "NTXTDS": null, "SCAMAX": null, "SCAMIN": 44999, "TXTDSC": null, "RECDAT": null, "RECIND": null, "SORDAT": null, "SORIND": null, "hypcat": null, "_enc_cell": "US4TB3P0" }, "geometry": { "type": "LineString", "coordinates": [ [ 134.5034943, 7.3062553 ], [ 134.5033417, 7.306386 ], [ 134.503295900000012, 7.3063722 ], [ 134.5032196, 7.3063779 ], [ 134.5030212, 7.3063474 ], [ 134.5028839, 7.3062697 ], [ 134.5027618, 7.3061776 ], [ 134.5026856, 7.3060722 ], [ 134.5026703, 7.305903 ], [ 134.5026703, 7.3057585 ], [ 134.502700800000014, 7.3056502 ], [ 134.502807600000011, 7.305553 ], [ 134.5029144, 7.3054972 ], [ 134.5030365, 7.3054891 ], [ 134.5031586, 7.3054972 ], [ 134.503204399999987, 7.3054752 ], [ 134.5032654, 7.3054137 ], [ 134.5034027, 7.3052888 ], [ 134.5034638, 7.3051529 ], [ 134.50354, 7.3049917 ], [ 134.5036011, 7.3048778 ], [ 134.503784200000013, 7.3045945 ], [ 134.503906300000011, 7.30445 ], [ 134.5039825, 7.3043222 ], [ 134.5039978, 7.3042555 ], [ 134.5041046, 7.3039055 ], [ 134.5041962, 7.3036084 ], [ 134.504272500000013, 7.3034778 ], [ 134.504364, 7.3033557 ], [ 134.5044708, 7.3032637 ], [ 134.504531899999989, 7.3031945 ], [ 134.504638699999987, 7.3031082 ], [ 134.504745500000013, 7.3030558 ], [ 134.5048981, 7.3030195 ], [ 134.505188, 7.3030195 ], [ 134.5053558, 7.3030248 ], [ 134.505493199999989, 7.3030415 ], [ 134.5057526, 7.3031335 ], [ 134.505828900000012, 7.3031778 ], [ 134.5059052, 7.3032556 ], [ 134.505966199999989, 7.3034082 ], [ 134.5059357, 7.3036137 ], [ 134.5058746, 7.3038139 ], [ 134.505828900000012, 7.3040113 ], [ 134.505722100000014, 7.3042111 ], [ 134.5056, 7.3043113 ], [ 134.505188, 7.3046475 ], [ 134.5050354, 7.3048472 ], [ 134.504837, 7.3049998 ], [ 134.504776, 7.3051915 ], [ 134.504745500000013, 7.3053527 ], [ 134.5047913, 7.3055363 ], [ 134.504837, 7.3056583 ], [ 134.5049439, 7.3059502 ], [ 134.5050354, 7.3062081 ], [ 134.5051575, 7.3064165 ], [ 134.5052643, 7.3065167 ], [ 134.5053864, 7.3066444 ], [ 134.5054169, 7.3066611 ], [ 134.5055084, 7.3066917 ], [ 134.5056152, 7.3067613 ], [ 134.505706800000013, 7.3068361 ], [ 134.5057831, 7.306953 ], [ 134.50581360000001, 7.3071141 ], [ 134.50581360000001, 7.3072667 ], [ 134.5057831, 7.3074112 ], [ 134.5057373, 7.30755 ], [ 134.5056458, 7.3076806 ], [ 134.5055695, 7.3077474 ], [ 134.5054474, 7.3078084 ], [ 134.5052643, 7.3078303 ], [ 134.505096400000014, 7.3078084 ], [ 134.5049439, 7.307725 ], [ 134.50485230000001, 7.3076835 ], [ 134.5048065, 7.3075862 ], [ 134.5046845, 7.3074584 ], [ 134.5045929, 7.3073583 ], [ 134.5045624, 7.3073416 ], [ 134.504501299999987, 7.3072891 ], [ 134.5044251, 7.3072414 ], [ 134.504303, 7.3072276 ], [ 134.5041809, 7.3071971 ], [ 134.5040588, 7.3071499 ], [ 134.5039978, 7.3071141 ], [ 134.503952, 7.3070583 ], [ 134.5038757, 7.3069749 ], [ 134.50383, 7.3068442 ], [ 134.5038452, 7.3067446 ], [ 134.5038757, 7.3066502 ], [ 134.5039215, 7.3065777 ] ] } },
{ "type": "Feature", "properties": { "RCID": 4663, "PRIM": 2, "GRUP": 2, "OBJL": 43, "RVER": 1, "AGEN": 550, "FIDN": 381554693, "FIDS": 9, "LNAM": "022616BE10050009", "LNAM_REFS": null, "FFPT_RIND": null, "VALDCO": 100.0, "VERDAT": null, "INFORM": null, "NINFOM": null, "NTXTDS": null, "SCAMAX": null, "SCAMIN": 44999, "TXTDSC": null, "RECDAT": null, "RECIND": null, "SORDAT": null, "SORIND": null, "hypcat": null, "_enc_cell": "US4TB3P0" }, "geometry": { "type": "LineString", "coordinates": [ [ 134.507507299999986, 7.2868695 ], [ 134.5071716, 7.2867971 ], [ 134.506897, 7.2866278 ], [ 134.5066986, 7.2865696 ], [ 134.5063934, 7.2865 ], [ 134.506134, 7.2864723 ], [ 134.5059052, 7.2863722 ], [ 134.505661, 7.2861304 ], [ 134.5055389, 7.2859168 ], [ 134.5054016, 7.2855916 ], [ 134.5052948, 7.285336 ], [ 134.505218500000012, 7.2850666 ], [ 134.5050812, 7.2847109 ], [ 134.504745500000013, 7.2842279 ], [ 134.5044403, 7.283886 ], [ 134.5041962, 7.2834611 ], [ 134.5040131, 7.2831693 ], [ 134.503891, 7.2829776 ], [ 134.5036469, 7.2823248 ], [ 134.5033875, 7.2818279 ], [ 134.5030518, 7.2812166 ], [ 134.5026703, 7.2802334 ], [ 134.502609299999989, 7.2795444 ], [ 134.5024872, 7.2791419 ], [ 134.502349900000013, 7.2790165 ], [ 134.502212500000013, 7.2788973 ], [ 134.5020294, 7.2786112 ], [ 134.5019074, 7.2783027 ], [ 134.5018005, 7.2778859 ], [ 134.5016785, 7.2775192 ], [ 134.5015869, 7.2772026 ], [ 134.5013428, 7.2768526 ], [ 134.5009918, 7.2765665 ], [ 134.5007324, 7.2761307 ], [ 134.500473, 7.2757692 ], [ 134.5001526, 7.2753887 ], [ 134.5, 7.2752028 ], [ 134.4997406, 7.2748804 ], [ 134.49943540000001, 7.2744556 ], [ 134.499206500000014, 7.2740641 ], [ 134.498870899999986, 7.2733336 ], [ 134.4986877, 7.2729917 ], [ 134.4985199, 7.272675 ], [ 134.4983368, 7.272378 ], [ 134.4980469, 7.2719307 ], [ 134.496810900000014, 7.2705112 ], [ 134.4961243, 7.2698779 ], [ 134.4952087, 7.2695193 ], [ 134.4941406, 7.269239 ], [ 134.4934845, 7.2689748 ], [ 134.4932709, 7.2688861 ], [ 134.492599500000011, 7.2685943 ], [ 134.4922791, 7.2683082 ], [ 134.491775499999989, 7.267828 ], [ 134.4918671, 7.2674446 ], [ 134.4918366, 7.2670388 ] ] } },
{ "type": "Feature", "properties": { "RCID": 4664, "PRIM": 2, "GRUP": 2, "OBJL": 43, "RVER": 1, "AGEN": 550, "FIDN": 132192713, "FIDS": 9, "LNAM": "022607E119C90009", "LNAM_REFS": null, "FFPT_RIND": null, "VALDCO": 30.0, "VERDAT": null, "INFORM": null, "NINFOM": null, "NTXTDS": null, "SCAMAX": null, "SCAMIN": 89999, "TXTDSC": null, "RECDAT": null, "RECIND": null, "SORDAT": null, "SORIND": null, "hypcat": null, "_enc_cell": "US4TB3P0" }, "geometry": { "type": "LineString", "coordinates": [ [ 134.5119171, 7.3532863 ], [ 134.5120239, 7.3529887 ], [ 134.512069700000012, 7.3526692 ], [ 134.512069700000012, 7.3523641 ], [ 134.5119934, 7.3521195 ], [ 134.5118713, 7.3519669 ], [ 134.5115662, 7.3518276 ], [ 134.5113068, 7.3517833 ], [ 134.5110321, 7.3518138 ], [ 134.5108032, 7.3518748 ], [ 134.5105438, 7.3519807 ], [ 134.510284399999989, 7.3521195 ], [ 134.5100098, 7.3523169 ] ] } },
{ "type": "Feature", "properties": { "RCID": 4666, "PRIM": 2, "GRUP": 2, "OBJL": 43, "RVER": 1, "AGEN": 550, "FIDN": 909785603, "FIDS": 9, "LNAM": "0226363A3A030009", "LNAM_REFS": null, "FFPT_RIND": null, "VALDCO": 10.0, "VERDAT": null, "INFORM": null, "NINFOM": null, "NTXTDS": null, "SCAMAX": null, "SCAMIN": 44999, "TXTDSC": null, "RECDAT": null, "RECIND": null, "SORDAT": null, "SORIND": null, "hypcat": null, "_enc_cell": "US4TB3P0" }, "geometry": { "type": "LineString", "coordinates": [ [ 134.512802099999988, 7.349103 ], [ 134.5127411, 7.3489971 ], [ 134.5126953, 7.3488417 ], [ 134.512680100000011, 7.3486667 ], [ 134.5126953, 7.3484807 ], [ 134.5128479, 7.3482695 ], [ 134.5130615, 7.3481889 ], [ 134.51327520000001, 7.3482418 ], [ 134.513443, 7.3482804 ], [ 134.513519300000013, 7.3485723 ], [ 134.5133667, 7.348928 ], [ 134.5132599, 7.3490529 ], [ 134.5131073, 7.3491111 ], [ 134.512924199999986, 7.3491335 ], [ 134.512817399999989, 7.3491221 ], [ 134.512802099999988, 7.349103 ] ] } },
{ "type": "Feature", "properties": { "RCID": 4668, "PRIM": 2, "GRUP": 2, "OBJL": 43, "RVER": 1, "AGEN": 550, "FIDN": 111311623, "FIDS": 9, "LNAM": "022606A27B070009", "LNAM_REFS": null, "FFPT_RIND": null, "VALDCO": 5.0, "VERDAT": null, "INFORM": null, "NINFOM": null, "NTXTDS": null, "SCAMAX": null, "SCAMIN": 44999, "TXTDSC": null, "RECDAT": null, "RECIND": null, "SORDAT": null, "SORIND": null, "hypcat": null, "_enc_cell": "US4TB3P0" }, "geometry": { "type": "LineString", "coordinates": [ [ 134.5069733, 7.2904248 ], [ 134.5068665, 7.29035 ], [ 134.5067596, 7.2903137 ], [ 134.5067139, 7.2902584 ], [ 134.506561299999987, 7.2901416 ], [ 134.506485, 7.2900777 ], [ 134.506439199999988, 7.2900028 ], [ 134.5064087, 7.2899137 ], [ 134.5063934, 7.2898831 ], [ 134.5063324, 7.2897387 ], [ 134.506301900000011, 7.2895804 ], [ 134.506301900000011, 7.2894807 ], [ 134.5063782, 7.289289 ], [ 134.5065002, 7.2891974 ], [ 134.5065155, 7.2891917 ], [ 134.5065918, 7.2891336 ], [ 134.5067139, 7.2891054 ], [ 134.5068359, 7.2890973 ], [ 134.5069885, 7.289114 ], [ 134.5071106, 7.2891693 ], [ 134.50724790000001, 7.2892613 ], [ 134.507400499999989, 7.2893806 ], [ 134.5076752, 7.2895722 ], [ 134.5077667, 7.2896085 ], [ 134.5078583, 7.2896361 ], [ 134.5079804, 7.2896361 ], [ 134.5081482, 7.2896276 ], [ 134.5082855, 7.2896638 ], [ 134.508483899999987, 7.2898474 ], [ 134.5085449, 7.2899113 ], [ 134.5086212, 7.2899752 ], [ 134.5086517, 7.2900109 ], [ 134.508834799999988, 7.2901139 ], [ 134.5089264, 7.2902055 ], [ 134.5089874, 7.2902498 ], [ 134.509063700000013, 7.2902694 ], [ 134.509201100000013, 7.2902584 ], [ 134.5092773, 7.2902141 ], [ 134.509491, 7.290103 ], [ 134.5095978, 7.2900391 ], [ 134.509674100000012, 7.2900391 ], [ 134.5097351, 7.2900305 ], [ 134.5098267, 7.29005 ], [ 134.509933499999988, 7.2900581 ], [ 134.5100555, 7.2900581 ], [ 134.5101929, 7.29005 ], [ 134.51026920000001, 7.2900028 ], [ 134.5103302, 7.2899303 ], [ 134.510376, 7.2899027 ], [ 134.510421799999989, 7.289875 ], [ 134.5104675, 7.2898665 ], [ 134.5105591, 7.2898278 ], [ 134.5106659, 7.2897916 ], [ 134.510849, 7.2897472 ], [ 134.5109711, 7.289711 ], [ 134.511123700000013, 7.2897 ], [ 134.511230500000011, 7.2896724 ], [ 134.5114136, 7.2895999 ], [ 134.5115051, 7.2895918 ], [ 134.511596700000013, 7.2895722 ], [ 134.511673, 7.2895804 ], [ 134.511795, 7.2895999 ], [ 134.5118713, 7.2896557 ], [ 134.511978199999987, 7.2897196 ], [ 134.51217650000001, 7.2897863 ], [ 134.5122833, 7.2898026 ], [ 134.5124054, 7.2898111 ], [ 134.5125275, 7.2898278 ], [ 134.5128479, 7.2898278 ], [ 134.5130005, 7.2898388 ], [ 134.5132446, 7.2898388 ], [ 134.5133362, 7.2898474 ], [ 134.5134583, 7.2899194 ], [ 134.513504, 7.2900109 ], [ 134.513504, 7.2903252 ], [ 134.513519300000013, 7.2903891 ], [ 134.5135498, 7.2904501 ], [ 134.5136108, 7.2905169 ], [ 134.5137482, 7.2906361 ], [ 134.513855, 7.2906804 ], [ 134.5139465, 7.2907724 ], [ 134.5140686, 7.2908387 ], [ 134.514114400000011, 7.2909112 ], [ 134.51423650000001, 7.2910914 ], [ 134.5143433, 7.2911668 ], [ 134.5145264, 7.291286 ], [ 134.5145416, 7.2913303 ], [ 134.5145569, 7.2913861 ], [ 134.5145569, 7.2914863 ], [ 134.5145416, 7.2916331 ], [ 134.5145264, 7.2917252 ], [ 134.5145111, 7.291872 ], [ 134.5145111, 7.2920084 ], [ 134.514495899999986, 7.2921362 ], [ 134.514465300000012, 7.292439 ], [ 134.5144501, 7.2925696 ] ] } },
{ "type": "Feature", "properties": { "RCID": 4670, "PRIM": 2, "GRUP": 2, "OBJL": 43, "RVER": 1, "AGEN": 550, "FIDN": 163517405, "FIDS": 9, "LNAM": "022609BF13DD0009", "LNAM_REFS": null, "FFPT_RIND": null, "VALDCO": 10.0, "VERDAT": null, "INFORM": null, "NINFOM": null, "NTXTDS": null, "SCAMAX": null, "SCAMIN": 44999, "TXTDSC": null, "RECDAT": null, "RECIND": null, "SORDAT": null, "SORIND": null, "hypcat": null, "_enc_cell": "US4TB3P0" }, "geometry": { "type": "LineString", "coordinates": [ [ 134.5163269, 7.3432889 ], [ 134.5163574, 7.3431363 ], [ 134.5163727, 7.3429942 ], [ 134.516403200000013, 7.3428083 ], [ 134.516403200000013, 7.342689 ], [ 134.5163422, 7.3426223 ], [ 134.516174299999989, 7.3425779 ], [ 134.516098, 7.3425779 ], [ 134.5159454, 7.3425999 ], [ 134.5158386, 7.3426557 ], [ 134.5157929, 7.3427749 ], [ 134.5156708, 7.3430057 ] ] } },
{ "type": "Feature", "properties": { "RCID": 4671, "PRIM": 2, "GRUP": 2, "OBJL": 43, "RVER": 1, "AGEN": 550, "FIDN": 664780397, "FIDS": 9, "LNAM": "0226279FBE6D0009", "LNAM_REFS": null, "FFPT_RIND": null, "VALDCO": 5.0, "VERDAT": null, "INFORM": null, "NINFOM": null, "NTXTDS": null, "SCAMAX": null, "SCAMIN": 44999, "TXTDSC": null, "RECDAT": null, "RECIND": null, "SORDAT": null, "SORIND": null, "hypcat": null, "_enc_cell": "US4TB3P0" }, "geometry": { "type": "LineString", "coordinates": [ [ 134.5210114, 7.322011 ], [ 134.5211945, 7.3218527 ], [ 134.521316500000012, 7.3218637 ], [ 134.5214844, 7.3218002 ], [ 134.521575899999988, 7.3217335 ], [ 134.5216675, 7.3216529 ], [ 134.5217438, 7.3214722 ], [ 134.5217438, 7.3213415 ], [ 134.5216675, 7.3211279 ], [ 134.5214844, 7.3210721 ], [ 134.5209808, 7.32125 ], [ 134.5209351, 7.3213835 ], [ 134.5208283, 7.3214417 ], [ 134.5207672, 7.321425 ] ] } },
{ "type": "Feature", "properties": { "RCID": 4673, "PRIM": 2, "GRUP": 2, "OBJL": 43, "RVER": 1, "AGEN": 550, "FIDN": 403566761, "FIDS": 9, "LNAM": "0226180DF0A90009", "LNAM_REFS": null, "FFPT_RIND": null, "VALDCO": 5.0, "VERDAT": null, "INFORM": null, "NINFOM": null, "NTXTDS": null, "SCAMAX": null, "SCAMIN": 44999, "TXTDSC": null, "RECDAT": null, "RECIND": null, "SORDAT": null, "SORIND": null, "hypcat": null, "_enc_cell": "US4TB3P0" }, "geometry": { "type": "LineString", "coordinates": [ [ 134.522049, 7.3484721 ], [ 134.5219574, 7.3484721 ], [ 134.5218658, 7.3485527 ], [ 134.5217438, 7.3486528 ], [ 134.5216065, 7.3487501 ], [ 134.5214691, 7.3487501 ], [ 134.5213013, 7.348711 ], [ 134.521209700000014, 7.3485999 ], [ 134.5211334, 7.3484416 ], [ 134.52108770000001, 7.3482637 ], [ 134.5210419, 7.3480859 ], [ 134.5209808, 7.3479085 ], [ 134.520965600000011, 7.3477669 ], [ 134.52095030000001, 7.3476305 ], [ 134.52095030000001, 7.3474999 ], [ 134.5209773, 7.3472884 ], [ 134.5209808, 7.347261 ], [ 134.52108770000001, 7.3470945 ], [ 134.5210978, 7.347094 ], [ 134.521286, 7.3470836 ], [ 134.521575899999988, 7.3471251 ], [ 134.521820100000014, 7.3471637 ], [ 134.522064199999988, 7.3472333 ], [ 134.522277800000012, 7.3472529 ] ] } },
{ "type": "Feature", "properties": { "RCID": 4674, "PRIM": 2, "GRUP": 2, "OBJL": 43, "RVER": 1, "AGEN": 550, "FIDN": 156066853, "FIDS": 9, "LNAM": "0226094D64250009", "LNAM_REFS": null, "FFPT_RIND": null, "VALDCO": 10.0, "VERDAT": null, "INFORM": null, "NINFOM": null, "NTXTDS": null, "SCAMAX": null, "SCAMIN": 44999, "TXTDSC": null, "RECDAT": null, "RECIND": null, "SORDAT": null, "SORIND": null, "hypcat": null, "_enc_cell": "US4TB3P0" }, "geometry": { "type": "LineString", "coordinates": [ [ 134.5216065, 7.3243361 ], [ 134.521820100000014, 7.3243055 ], [ 134.5219727, 7.3243141 ], [ 134.5221558, 7.3243361 ], [ 134.522308399999986, 7.3243361 ], [ 134.522399900000011, 7.3243251 ], [ 134.5225678, 7.3242722 ], [ 134.522659299999987, 7.3242054 ], [ 134.5227509, 7.3240891 ], [ 134.5228119, 7.3239026 ], [ 134.5228119, 7.3237581 ], [ 134.5227966, 7.3235998 ], [ 134.5227051, 7.3235192 ], [ 134.522674599999988, 7.3234944 ], [ 134.522537199999988, 7.3234501 ], [ 134.5223694, 7.3234167 ], [ 134.5222015, 7.3234224 ], [ 134.522064199999988, 7.3234334 ], [ 134.5218964, 7.3234611 ], [ 134.5217438, 7.3235025 ], [ 134.521698, 7.3235002 ], [ 134.5214691, 7.3235083 ], [ 134.5213623, 7.3235083 ] ] } },
{ "type": "Feature", "properties": { "RCID": 4675, "PRIM": 2, "GRUP": 2, "OBJL": 43, "RVER": 1, "AGEN": 550, "FIDN": 646591640, "FIDS": 9, "LNAM": "0226268A34980009", "LNAM_REFS": null, "FFPT_RIND": null, "VALDCO": 2.0, "VERDAT": null, "INFORM": null, "NINFOM": null, "NTXTDS": null, "SCAMAX": null, "SCAMIN": 44999, "TXTDSC": null, "RECDAT": null, "RECIND": null, "SORDAT": null, "SORIND": null, "hypcat": null, "_enc_cell": "US4TB3P0" }, "geometry": { "type": "LineString", "coordinates": [ [ 134.522522, 7.3474193 ], [ 134.5222473, 7.3474112 ], [ 134.52211, 7.3474417 ], [ 134.5220032, 7.3475194 ], [ 134.5219421, 7.3476305 ], [ 134.5218964, 7.3477669 ], [ 134.5218964, 7.3479085 ], [ 134.52191160000001, 7.3480749 ], [ 134.5219727, 7.3481946 ], [ 134.522049, 7.3482833 ], [ 134.522171, 7.3483725 ], [ 134.5222321, 7.3484335 ], [ 134.5223389, 7.348464 ], [ 134.5224609, 7.3484721 ], [ 134.522583, 7.3484526 ], [ 134.522766100000013, 7.3483028 ], [ 134.5228272, 7.3481751 ], [ 134.5228577, 7.3479862 ], [ 134.5228577, 7.3478279 ], [ 134.5228424, 7.3476887 ], [ 134.5227509, 7.3475609 ], [ 134.522659299999987, 7.3474808 ], [ 134.522522, 7.3474193 ] ] } },
{ "type": "Feature", "properties": { "RCID": 4676, "PRIM": 2, "GRUP": 2, "OBJL": 43, "RVER": 1, "AGEN": 550, "FIDN": 100250009, "FIDS": 9, "LNAM": "022605F9B1990009", "LNAM_REFS": null, "FFPT_RIND": null, "VALDCO": 20.0, "VERDAT": null, "INFORM": null, "NINFOM": null, "NTXTDS": null, "SCAMAX": null, "SCAMIN": 44999, "TXTDSC": null, "RECDAT": null, "RECIND": null, "SORDAT": null, "SORIND": null, "hypcat": null, "_enc_cell": "US4TB3P0" }, "geometry": { "type": "LineString", "coordinates": [ [ 134.523742700000014, 7.3306308 ], [ 134.523727400000013, 7.3307805 ], [ 134.5237122, 7.3309641 ], [ 134.523727400000013, 7.3310695 ], [ 134.5236664, 7.3312473 ], [ 134.5235443, 7.3313751 ], [ 134.5234222, 7.3314362 ], [ 134.5232086, 7.3314638 ], [ 134.5229711, 7.3314694 ], [ 134.5229645, 7.3314695 ], [ 134.5227356, 7.3314805 ], [ 134.522399900000011, 7.3314805 ] ] } },
{ "type": "Feature", "properties": { "RCID": 4677, "PRIM": 2, "GRUP": 2, "OBJL": 43, "RVER": 1, "AGEN": 550, "FIDN": 292217515, "FIDS": 9, "LNAM": "0226116AE2AB0009", "LNAM_REFS": null, "FFPT_RIND": null, "VALDCO": 30.0, "VERDAT": null, "INFORM": null, "NINFOM": null, "NTXTDS": null, "SCAMAX": null, "SCAMIN": 89999, "TXTDSC": null, "RECDAT": null, "RECIND": null, "SORDAT": null, "SORIND": null, "hypcat": null, "_enc_cell": "US4TB3P0" }, "geometry": { "type": "LineString", "coordinates": [ [ 134.5232464, 7.3045626 ], [ 134.5232154, 7.3046866 ], [ 134.52325350000001, 7.3048199 ], [ 134.5233772, 7.3049436 ], [ 134.5235295, 7.3049722 ], [ 134.5236913, 7.3049246 ], [ 134.523732099999989, 7.3048552 ], [ 134.5237865, 7.3047628 ], [ 134.523796, 7.3045724 ], [ 134.5237199, 7.3044392 ], [ 134.523586599999987, 7.304344 ], [ 134.5234438, 7.3043535 ], [ 134.5232725, 7.3044582 ], [ 134.5232464, 7.3045626 ] ] } },
{ "type": "Feature", "properties": { "RCID": 4679, "PRIM": 2, "GRUP": 2, "OBJL": 43, "RVER": 1, "AGEN": 550, "FIDN": 52858767, "FIDS": 9, "LNAM": "022603268F8F0009", "LNAM_REFS": null, "FFPT_RIND": null, "VALDCO": 2.0, "VERDAT": null, "INFORM": null, "NINFOM": null, "NTXTDS": null, "SCAMAX": null, "SCAMIN": 44999, "TXTDSC": null, "RECDAT": null, "RECIND": null, "SORDAT": null, "SORIND": null, "hypcat": null, "_enc_cell": "US4TB3P0" }, "geometry": { "type": "LineString", "coordinates": [ [ 134.524597199999988, 7.3457947 ], [ 134.5246124, 7.345964 ], [ 134.5246124, 7.346189 ], [ 134.524597199999988, 7.3463001 ], [ 134.5245667, 7.3464193 ], [ 134.5245361, 7.3465471 ], [ 134.5245209, 7.3466277 ], [ 134.5245209, 7.3468251 ], [ 134.5245667, 7.3469138 ] ] } },
{ "type": "Feature", "properties": { "RCID": 4680, "PRIM": 2, "GRUP": 2, "OBJL": 43, "RVER": 1, "AGEN": 550, "FIDN": 462509533, "FIDS": 9, "LNAM": "02261B9155DD0009", "LNAM_REFS": null, "FFPT_RIND": null, "VALDCO": 50.0, "VERDAT": null, "INFORM": null, "NINFOM": null, "NTXTDS": null, "SCAMAX": null, "SCAMIN": 44999, "TXTDSC": null, "RECDAT": null, "RECIND": null, "SORDAT": null, "SORIND": null, "hypcat": null, "_enc_cell": "US4TB3P0" }, "geometry": { "type": "LineString", "coordinates": [ [ 134.5240631, 7.3021359 ], [ 134.5245667, 7.3020916 ], [ 134.52479550000001, 7.302228 ], [ 134.52493290000001, 7.3026056 ], [ 134.5249176, 7.302814 ], [ 134.5247498, 7.303103 ], [ 134.5245056, 7.3032804 ], [ 134.524322500000011, 7.3034473 ], [ 134.524124199999989, 7.3035388 ], [ 134.5239258, 7.3036137 ], [ 134.5236969, 7.3037195 ], [ 134.5234375, 7.3037806 ], [ 134.5232086, 7.3038082 ], [ 134.522934, 7.3038082 ], [ 134.5227356, 7.3036304 ], [ 134.5227203, 7.3033891 ], [ 134.5228119, 7.3031473 ], [ 134.5230408, 7.3028612 ], [ 134.523376500000012, 7.3025889 ], [ 134.5235901, 7.3024221 ], [ 134.5240631, 7.3021359 ] ] } },
{ "type": "Feature", "properties": { "RCID": 4681, "PRIM": 2, "GRUP": 2, "OBJL": 43, "RVER": 1, "AGEN": 550, "FIDN": 561230283, "FIDS": 9, "LNAM": "02262173B1CB0009", "LNAM_REFS": null, "FFPT_RIND": null, "VALDCO": 200.0, "VERDAT": null, "INFORM": null, "NINFOM": null, "NTXTDS": null, "SCAMAX": null, "SCAMIN": 44999, "TXTDSC": null, "RECDAT": null, "RECIND": null, "SORDAT": null, "SORIND": null, "hypcat": null, "_enc_cell": "US4TB3P0" }, "geometry": { "type": "LineString", "coordinates": [ [ 134.4693604, 7.2363973 ], [ 134.4694824, 7.236578 ], [ 134.469650300000012, 7.2369471 ], [ 134.469986, 7.2375193 ], [ 134.470047, 7.2382584 ], [ 134.470489500000014, 7.2397695 ], [ 134.47071840000001, 7.2405086 ], [ 134.47071840000001, 7.2414498 ], [ 134.4707642, 7.2415891 ], [ 134.4710083, 7.2425027 ], [ 134.471069300000011, 7.2428002 ], [ 134.4708099, 7.2432528 ], [ 134.470260599999989, 7.2437029 ], [ 134.4699249, 7.2440639 ], [ 134.4700317, 7.2444248 ], [ 134.4702759, 7.2445278 ], [ 134.4707642, 7.244575 ], [ 134.471695, 7.2446194 ], [ 134.4723663, 7.2449112 ], [ 134.4726715, 7.2452807 ], [ 134.4731598, 7.2457085 ], [ 134.4731751, 7.2457166 ], [ 134.4737244, 7.2461529 ], [ 134.474050799999986, 7.2464788 ], [ 134.474700899999988, 7.247128 ], [ 134.4752045, 7.2476668 ], [ 134.4755096, 7.2479696 ], [ 134.4761047, 7.248539 ], [ 134.4765472, 7.2488418 ], [ 134.4766807, 7.248923 ], [ 134.476989800000013, 7.2491112 ], [ 134.477584799999988, 7.2496805 ], [ 134.477829, 7.2500835 ], [ 134.4784699, 7.2510581 ], [ 134.4786987, 7.2516308 ], [ 134.478761600000013, 7.2518325 ], [ 134.478897100000012, 7.2522669 ], [ 134.479156499999988, 7.2529554 ], [ 134.479171799999989, 7.2531915 ], [ 134.4792175, 7.2535887 ], [ 134.4792481, 7.2539306 ], [ 134.479278599999986, 7.2541666 ], [ 134.4793243, 7.2543888 ], [ 134.4793396, 7.2545943 ], [ 134.4793549, 7.2550082 ], [ 134.479385400000012, 7.2553196 ], [ 134.479507500000011, 7.2555418 ], [ 134.479766899999987, 7.2557778 ], [ 134.480102499999987, 7.2559252 ], [ 134.4805145, 7.256072 ], [ 134.4806519, 7.2560973 ], [ 134.4817505, 7.2562943 ], [ 134.4820565, 7.2564392 ], [ 134.4824371, 7.2566195 ], [ 134.482650799999988, 7.2568555 ], [ 134.4828186, 7.2570195 ], [ 134.4830322, 7.2573586 ], [ 134.4831848, 7.2577581 ], [ 134.483352700000012, 7.258172 ], [ 134.4834035, 7.2583225 ], [ 134.4834137, 7.2583528 ], [ 134.4834595, 7.2585111 ], [ 134.4836884, 7.2590752 ], [ 134.4842224, 7.2600055 ], [ 134.484802300000013, 7.2607002 ], [ 134.485137900000012, 7.2610555 ], [ 134.4854698, 7.2612115 ], [ 134.4857941, 7.261364 ], [ 134.4863892, 7.2615724 ], [ 134.4864502, 7.2615914 ], [ 134.487182600000011, 7.2618251 ], [ 134.4880219, 7.2620888 ], [ 134.488678, 7.2624307 ], [ 134.489120500000013, 7.2626805 ], [ 134.4894104, 7.2629638 ], [ 134.4894257, 7.2629752 ], [ 134.4895172, 7.2630639 ], [ 134.48983770000001, 7.2633748 ], [ 134.4901276, 7.2637138 ], [ 134.4905243, 7.2641277 ], [ 134.4909058, 7.2645278 ], [ 134.4913635, 7.2649722 ], [ 134.4916534, 7.2652917 ], [ 134.491684, 7.2653279 ], [ 134.492157, 7.2656808 ], [ 134.492370599999987, 7.2658 ], [ 134.4926605, 7.2659612 ], [ 134.493042, 7.2662139 ], [ 134.4933929, 7.2664943 ], [ 134.4938507, 7.2669082 ], [ 134.4941254, 7.2672472 ], [ 134.494339, 7.2676749 ], [ 134.494537400000013, 7.2680612 ], [ 134.49464420000001, 7.2682667 ], [ 134.4947205, 7.2684002 ], [ 134.4949799, 7.2687554 ], [ 134.4953308, 7.269022 ], [ 134.4956818, 7.269125 ], [ 134.496353199999987, 7.269361 ], [ 134.4967346, 7.2695527 ], [ 134.49703980000001, 7.2697916 ], [ 134.4974365, 7.2703805 ], [ 134.497818, 7.2707501 ], [ 134.497982400000012, 7.2709482 ], [ 134.498138399999988, 7.2711363 ], [ 134.498367300000012, 7.2714305 ], [ 134.4983978, 7.2714639 ], [ 134.4985046, 7.2715778 ], [ 134.4985809, 7.2717557 ], [ 134.498733499999986, 7.2719474 ], [ 134.4989929, 7.2723475 ], [ 134.499099699999988, 7.2726998 ], [ 134.4994202, 7.2730026 ], [ 134.4997406, 7.2736611 ], [ 134.4999847, 7.2743807 ], [ 134.5, 7.2744279 ], [ 134.5002747, 7.2750387 ], [ 134.500671399999987, 7.2755694 ], [ 134.502105699999987, 7.2766419 ], [ 134.5025482, 7.276978 ], [ 134.502807600000011, 7.2773166 ], [ 134.5028839, 7.277472 ], [ 134.5030518, 7.2778053 ], [ 134.5031128, 7.278225 ], [ 134.5031586, 7.2784638 ], [ 134.503189099999986, 7.2793112 ], [ 134.503295900000012, 7.2803831 ], [ 134.5034638, 7.2808919 ], [ 134.503570599999989, 7.2814002 ], [ 134.5036926, 7.2815862 ], [ 134.5039673, 7.2822361 ], [ 134.5044403, 7.2828722 ], [ 134.5045624, 7.2829528 ], [ 134.50532530000001, 7.2834611 ], [ 134.5066065, 7.2841844 ], [ 134.5074463, 7.2846584 ], [ 134.5079041, 7.2849999 ], [ 134.5085297, 7.2853971 ], [ 134.509136399999988, 7.2859077 ], [ 134.5092163, 7.285975 ], [ 134.5102539, 7.2864471 ], [ 134.51074220000001, 7.2869058 ], [ 134.5113068, 7.2871723 ], [ 134.511947600000013, 7.2872472 ], [ 134.512558, 7.2872915 ], [ 134.5132599, 7.2874665 ], [ 134.5138245, 7.2877641 ], [ 134.5145264, 7.2881026 ], [ 134.515075700000011, 7.2882667 ], [ 134.515548700000011, 7.2883415 ], [ 134.5160828, 7.2885027 ], [ 134.5171509, 7.2881637 ], [ 134.5176544, 7.2882528 ], [ 134.5187225, 7.2882667 ], [ 134.519287100000014, 7.2881637 ], [ 134.5197144, 7.2877946 ], [ 134.5200501, 7.2873945 ], [ 134.5202942, 7.2866836 ], [ 134.5207977, 7.2859445 ], [ 134.5217896, 7.2853251 ], [ 134.5224304, 7.2849388 ], [ 134.5229645, 7.2846751 ], [ 134.5232239, 7.2847638 ], [ 134.5240326, 7.2847915 ], [ 134.5243988, 7.2847471 ], [ 134.5249023, 7.2844086 ], [ 134.525161700000012, 7.2840695 ], [ 134.5253143, 7.2838168 ], [ 134.525421099999988, 7.2834196 ], [ 134.5253601, 7.2831221 ], [ 134.5252533, 7.282753 ], [ 134.525161700000012, 7.2824001 ], [ 134.525070199999988, 7.281836 ], [ 134.5249939, 7.2811723 ], [ 134.5249786, 7.2807221 ], [ 134.5250092, 7.2802501 ], [ 134.525116, 7.2798944 ], [ 134.5252228, 7.2796278 ], [ 134.525299100000012, 7.2793026 ], [ 134.5252686, 7.2789946 ], [ 134.525177, 7.2787862 ], [ 134.5250092, 7.2785945 ], [ 134.52479550000001, 7.278461 ], [ 134.5245667, 7.2782974 ], [ 134.5244141, 7.2780914 ], [ 134.524322500000011, 7.2777805 ], [ 134.5242767, 7.2775307 ], [ 134.524322500000011, 7.2772946 ], [ 134.5244904, 7.2771168 ], [ 134.5247345, 7.2769084 ], [ 134.524688700000013, 7.2764807 ], [ 134.5244904, 7.2763472 ], [ 134.524093599999986, 7.2761831 ], [ 134.5235443, 7.2757111 ], [ 134.5232239, 7.2755332 ], [ 134.5229492, 7.2752833 ], [ 134.5227356, 7.2750917 ], [ 134.522674599999988, 7.2746916 ], [ 134.5226898, 7.2743807 ] ] } },
{ "type": "Feature", "properties": { "RCID": 4682, "PRIM": 2, "GRUP": 2, "OBJL": 43, "RVER": 1, "AGEN": 550, "FIDN": 290650988, "FIDS": 9, "LNAM": "02261152FB6C0009", "LNAM_REFS": null, "FFPT_RIND": null, "VALDCO": 10.0, "VERDAT": null, "INFORM": null, "NINFOM": null, "NTXTDS": null, "SCAMAX": null, "SCAMIN": 44999, "TXTDSC": null, "RECDAT": null, "RECIND": null, "SORDAT": null, "SORIND": null, "hypcat": null, "_enc_cell": "US4TB3P0" }, "geometry": { "type": "LineString", "coordinates": [ [ 134.5268402, 7.3411307 ], [ 134.5267792, 7.3410053 ], [ 134.5265656, 7.3409529 ], [ 134.52636720000001, 7.3409529 ], [ 134.5261841, 7.3410249 ], [ 134.5260773, 7.3411498 ], [ 134.526031499999988, 7.3413277 ], [ 134.526062, 7.3415251 ], [ 134.5261688, 7.3417053 ], [ 134.5263214, 7.341814 ], [ 134.5265808, 7.3418307 ], [ 134.5267639, 7.3417583 ], [ 134.5268402, 7.3415084 ], [ 134.526870699999989, 7.3413277 ], [ 134.5268402, 7.3411307 ] ] } },
{ "type": "Feature", "properties": { "RCID": 4683, "PRIM": 2, "GRUP": 2, "OBJL": 43, "RVER": 1, "AGEN": 550, "FIDN": 336630696, "FIDS": 9, "LNAM": "0226141093A80009", "LNAM_REFS": null, "FFPT_RIND": null, "VALDCO": 10.0, "VERDAT": null, "INFORM": null, "NINFOM": null, "NTXTDS": null, "SCAMAX": null, "SCAMIN": 44999, "TXTDSC": null, "RECDAT": null, "RECIND": null, "SORDAT": null, "SORIND": null, "hypcat": null, "_enc_cell": "US4TB3P0" }, "geometry": { "type": "LineString", "coordinates": [ [ 134.5285797, 7.3415194 ], [ 134.5286255, 7.3415804 ], [ 134.5287933, 7.3417416 ], [ 134.5289612, 7.3418307 ], [ 134.529129, 7.3418832 ], [ 134.5294342, 7.3418665 ], [ 134.5297089, 7.3417778 ], [ 134.5299072, 7.3416696 ], [ 134.530105600000013, 7.3415251 ], [ 134.5302429, 7.3413277 ], [ 134.5303345, 7.3412361 ] ] } },
{ "type": "Feature", "properties": { "RCID": 4684, "PRIM": 2, "GRUP": 2, "OBJL": 43, "RVER": 1, "AGEN": 550, "FIDN": 837591862, "FIDS": 9, "LNAM": "022631ECA3360009", "LNAM_REFS": null, "FFPT_RIND": null, "VALDCO": 10.0, "VERDAT": null, "INFORM": null, "NINFOM": null, "NTXTDS": null, "SCAMAX": null, "SCAMIN": 44999, "TXTDSC": null, "RECDAT": null, "RECIND": null, "SORDAT": null, "SORIND": null, "hypcat": null, "_enc_cell": "US4TB3P0" }, "geometry": { "type": "LineString", "coordinates": [ [ 134.5287018, 7.3330083 ], [ 134.5286408, 7.3330975 ], [ 134.5286255, 7.3332696 ], [ 134.5286408, 7.3333111 ], [ 134.5287018, 7.333436 ], [ 134.5288086, 7.3335419 ], [ 134.528915399999988, 7.3336363 ], [ 134.529068, 7.3336887 ], [ 134.52925110000001, 7.3337002 ], [ 134.5294342, 7.3337002 ], [ 134.529617300000012, 7.3336778 ], [ 134.52986150000001, 7.3336139 ], [ 134.5300293, 7.3335528 ], [ 134.5301819, 7.3334999 ], [ 134.5305023, 7.3334141 ], [ 134.53068540000001, 7.3334251 ], [ 134.5308075, 7.3334475 ], [ 134.530960099999987, 7.3334804 ], [ 134.5310211, 7.3334665 ], [ 134.5312805, 7.3334665 ], [ 134.531433099999987, 7.3334751 ], [ 134.531601, 7.3335419 ] ] } },
{ "type": "Feature", "properties": { "RCID": 4685, "PRIM": 2, "GRUP": 2, "OBJL": 43, "RVER": 1, "AGEN": 550, "FIDN": 791275829, "FIDS": 9, "LNAM": "02262F29E9350009", "LNAM_REFS": null, "FFPT_RIND": null, "VALDCO": 10.0, "VERDAT": null, "INFORM": null, "NINFOM": null, "NTXTDS": null, "SCAMAX": null, "SCAMIN": 44999, "TXTDSC": null, "RECDAT": null, "RECIND": null, "SORDAT": null, "SORIND": null, "hypcat": null, "_enc_cell": "US4TB3P0" }, "geometry": { "type": "LineString", "coordinates": [ [ 134.53178410000001, 7.2790165 ], [ 134.5319977, 7.2794085 ], [ 134.5322266, 7.2798419 ], [ 134.532409699999988, 7.280272 ], [ 134.532974200000012, 7.2811251 ], [ 134.533111600000012, 7.2814527 ], [ 134.5334168, 7.2821193 ], [ 134.5335541, 7.2825141 ] ] } },
{ "type": "Feature", "properties": { "RCID": 4686, "PRIM": 2, "GRUP": 2, "OBJL": 43, "RVER": 1, "AGEN": 550, "FIDN": 428165038, "FIDS": 9, "LNAM": "0226198547AE0009", "LNAM_REFS": null, "FFPT_RIND": null, "VALDCO": 20.0, "VERDAT": null, "INFORM": null, "NINFOM": null, "NTXTDS": null, "SCAMAX": null, "SCAMIN": 44999, "TXTDSC": null, "RECDAT": null, "RECIND": null, "SORDAT": null, "SORIND": null, "hypcat": null, "_enc_cell": "US4TB3P0" }, "geometry": { "type": "LineString", "coordinates": [ [ 134.5156555, 7.2972279 ], [ 134.515823399999988, 7.2973609 ], [ 134.51602170000001, 7.2974138 ], [ 134.516311699999989, 7.2974196 ], [ 134.5163422, 7.2974138 ], [ 134.516449, 7.2973943 ], [ 134.5165558, 7.2973752 ], [ 134.5168152, 7.2972808 ], [ 134.5170593, 7.2971807 ], [ 134.5172272, 7.2970891 ], [ 134.517379799999986, 7.2969942 ], [ 134.5178986, 7.296772 ], [ 134.518158, 7.2966666 ], [ 134.5185089, 7.296597 ], [ 134.5188599, 7.296525 ], [ 134.519058199999989, 7.2964196 ], [ 134.5192261, 7.2962527 ], [ 134.5192413, 7.2960391 ], [ 134.5192413, 7.2958612 ], [ 134.519165, 7.2957082 ], [ 134.5190735, 7.2955637 ], [ 134.5188904, 7.295361 ], [ 134.5187683, 7.2952333 ], [ 134.5186768, 7.2951055 ], [ 134.518631, 7.2949419 ], [ 134.5186157, 7.2945585 ], [ 134.5186157, 7.2944279 ], [ 134.5186615, 7.2943139 ], [ 134.5187225, 7.2942138 ], [ 134.5188446, 7.2941303 ], [ 134.519043, 7.2940502 ], [ 134.519165, 7.2940111 ], [ 134.5193481, 7.2939668 ], [ 134.519516, 7.2939167 ], [ 134.5196838, 7.2938833 ], [ 134.5199127, 7.2938085 ], [ 134.5200958, 7.2938027 ], [ 134.520248400000014, 7.2938724 ], [ 134.5203247, 7.2938972 ], [ 134.520462, 7.2939916 ], [ 134.5205841, 7.2940946 ], [ 134.5207062, 7.294189 ], [ 134.5208283, 7.2942638 ], [ 134.5209961, 7.2943029 ], [ 134.5211487, 7.2942777 ], [ 134.5213013, 7.2942138 ], [ 134.5213928, 7.2939806 ], [ 134.5214844, 7.293828 ], [ 134.5216065, 7.293675 ], [ 134.521713299999988, 7.2935863 ], [ 134.5219421, 7.2934861 ], [ 134.5221558, 7.2934279 ], [ 134.5224304, 7.2933831 ], [ 134.522674599999988, 7.2933831 ], [ 134.523254400000013, 7.2933526 ], [ 134.523513799999989, 7.2933474 ], [ 134.523849500000011, 7.2933335 ], [ 134.5240479, 7.2933335 ], [ 134.5241852, 7.2933888 ], [ 134.5243835, 7.2936974 ], [ 134.5245514, 7.2938333 ], [ 134.5246582, 7.2939334 ], [ 134.525054899999986, 7.2939334 ], [ 134.5252686, 7.2939415 ], [ 134.5255127, 7.2940249 ], [ 134.5257416, 7.2941446 ], [ 134.526001, 7.2943721 ], [ 134.5262909, 7.2945528 ], [ 134.526504499999987, 7.2947054 ], [ 134.5266571, 7.2947416 ], [ 134.5267639, 7.2947807 ], [ 134.526992799999988, 7.2947555 ], [ 134.5271912, 7.2947722 ], [ 134.5273895, 7.2948446 ], [ 134.5275116, 7.294878 ], [ 134.527694700000012, 7.2949638 ], [ 134.527816800000011, 7.2950945 ], [ 134.5279083, 7.295186 ], [ 134.527969399999989, 7.2952724 ], [ 134.5279846, 7.2953887 ], [ 134.527969399999989, 7.2954888 ], [ 134.527938799999987, 7.2955613 ], [ 134.5278473, 7.2956109 ], [ 134.5276642, 7.2956109 ], [ 134.5274963, 7.2955389 ], [ 134.5273132, 7.2954974 ], [ 134.5271759, 7.2954888 ], [ 134.526992799999988, 7.2955279 ], [ 134.5266571, 7.2957416 ], [ 134.5265503, 7.2958641 ], [ 134.5264282, 7.2960057 ], [ 134.5263062, 7.2961555 ], [ 134.5262146, 7.2962637 ], [ 134.526153599999986, 7.2964001 ], [ 134.526138300000014, 7.2965527 ], [ 134.5261688, 7.2966943 ], [ 134.526245100000011, 7.2967887 ], [ 134.52636720000001, 7.2968526 ], [ 134.5265503, 7.296875 ], [ 134.5267639, 7.296803 ], [ 134.5269165, 7.2966919 ], [ 134.5270844, 7.2966027 ], [ 134.52732850000001, 7.2964306 ], [ 134.5274506, 7.2963557 ], [ 134.5276184, 7.2963085 ], [ 134.5279083, 7.2963085 ], [ 134.5280304, 7.2964501 ], [ 134.528076199999987, 7.2965474 ], [ 134.528183, 7.2966585 ], [ 134.52828980000001, 7.2967806 ], [ 134.528442399999989, 7.2969251 ], [ 134.528549199999986, 7.2969971 ], [ 134.528717, 7.2970915 ], [ 134.5289459, 7.297111 ], [ 134.5292206, 7.297111 ], [ 134.52948, 7.2970748 ], [ 134.52972410000001, 7.2969389 ], [ 134.5298309, 7.2968526 ], [ 134.5301514, 7.2964859 ], [ 134.5302887, 7.2962613 ], [ 134.5305023, 7.2961083 ], [ 134.5309296, 7.2961555 ], [ 134.531189, 7.2961474 ], [ 134.5314636, 7.2962556 ], [ 134.531906099999986, 7.2962918 ], [ 134.5322418, 7.2962556 ], [ 134.5325775, 7.2961555 ], [ 134.5328369, 7.2960887 ], [ 134.533004799999986, 7.2958527 ], [ 134.5331726, 7.2954526 ], [ 134.5333405, 7.2949891 ], [ 134.533432, 7.2947888 ], [ 134.533599900000013, 7.2943611 ], [ 134.533844, 7.2941694 ], [ 134.5340271, 7.2940388 ], [ 134.5341644, 7.2938695 ], [ 134.5342102, 7.2937751 ], [ 134.5343475, 7.2935305 ], [ 134.534530600000011, 7.2932916 ], [ 134.5346375, 7.2931528 ], [ 134.5347595, 7.2929668 ], [ 134.534820599999989, 7.292789 ], [ 134.5348663, 7.2925835 ], [ 134.5348663, 7.2923751 ], [ 134.5348511, 7.2921891 ], [ 134.5347595, 7.2920499 ], [ 134.534332299999988, 7.291739 ], [ 134.5341034, 7.291575 ], [ 134.5339203, 7.2914362 ], [ 134.533828699999987, 7.2913027 ], [ 134.5337524, 7.2911472 ], [ 134.5336609, 7.2909694 ], [ 134.5336304, 7.2907834 ], [ 134.533569300000011, 7.2904501 ], [ 134.5335236, 7.2903028 ], [ 134.5334473, 7.2902141 ], [ 134.533355699999987, 7.2901111 ], [ 134.5332489, 7.2900057 ], [ 134.5331268, 7.2899332 ], [ 134.53302, 7.2898445 ], [ 134.5329285, 7.2897553 ], [ 134.5327759, 7.2896724 ], [ 134.5326843, 7.2895889 ], [ 134.5323792, 7.2893581 ] ] } },
{ "type": "Feature", "properties": { "RCID": 4687, "PRIM": 2, "GRUP": 2, "OBJL": 43, "RVER": 1, "AGEN": 550, "FIDN": 799451891, "FIDS": 9, "LNAM": "02262FA6AAF30009", "LNAM_REFS": null, "FFPT_RIND": null, "VALDCO": 10.0, "VERDAT": null, "INFORM": null, "NINFOM": null, "NTXTDS": null, "SCAMAX": null, "SCAMIN": 44999, "TXTDSC": null, "RECDAT": null, "RECIND": null, "SORDAT": null, "SORIND": null, "hypcat": null, "_enc_cell": "US4TB3P0" }, "geometry": { "type": "LineString", "coordinates": [ [ 134.5354462, 7.281589 ], [ 134.535141, 7.2817917 ], [ 134.53479, 7.2819223 ], [ 134.534561200000013, 7.281939 ], [ 134.5342865, 7.2818279 ], [ 134.5342102, 7.2815137 ], [ 134.5343018, 7.2812362 ], [ 134.5345001, 7.2809582 ], [ 134.534820599999989, 7.280736 ], [ 134.5351715, 7.2806807 ] ] } },
{ "type": "Feature", "properties": { "RCID": 4688, "PRIM": 2, "GRUP": 2, "OBJL": 43, "RVER": 1, "AGEN": 550, "FIDN": 974295040, "FIDS": 9, "LNAM": "02263A1290000009", "LNAM_REFS": null, "FFPT_RIND": null, "VALDCO": 30.0, "VERDAT": null, "INFORM": null, "NINFOM": null, "NTXTDS": null, "SCAMAX": null, "SCAMIN": 89999, "TXTDSC": null, "RECDAT": null, "RECIND": null, "SORDAT": null, "SORIND": null, "hypcat": null, "_enc_cell": "US4TB3P0" }, "geometry": { "type": "LineString", "coordinates": [ [ 134.5366211, 7.296061 ], [ 134.5366211, 7.2962251 ], [ 134.5366516, 7.2963529 ], [ 134.5366974, 7.296514 ], [ 134.5368652, 7.2968669 ], [ 134.5368805, 7.2969971 ], [ 134.5368042, 7.2971416 ], [ 134.5366669, 7.297061 ], [ 134.536483800000013, 7.2970777 ], [ 134.5363312, 7.2971582 ], [ 134.5362244, 7.2973027 ], [ 134.536117600000011, 7.2975946 ], [ 134.536087, 7.2977057 ], [ 134.536087, 7.2979751 ], [ 134.5360718, 7.2980919 ], [ 134.5360107, 7.2983666 ], [ 134.535781899999989, 7.2984638 ], [ 134.535491900000011, 7.2983832 ], [ 134.5353394, 7.2981081 ], [ 134.5353088, 7.2978807 ], [ 134.535293599999989, 7.2977223 ], [ 134.5352631, 7.2976084 ], [ 134.535156300000011, 7.2973499 ], [ 134.5350952, 7.2972221 ] ] } },
{ "type": "Feature", "properties": { "RCID": 4689, "PRIM": 2, "GRUP": 2, "OBJL": 43, "RVER": 1, "AGEN": 550, "FIDN": 729967113, "FIDS": 9, "LNAM": "02262B826A090009", "LNAM_REFS": null, "FFPT_RIND": null, "VALDCO": 10.0, "VERDAT": null, "INFORM": null, "NINFOM": null, "NTXTDS": null, "SCAMAX": null, "SCAMIN": 44999, "TXTDSC": null, "RECDAT": null, "RECIND": null, "SORDAT": null, "SORIND": null, "hypcat": null, "_enc_cell": "US4TB3P0" }, "geometry": { "type": "LineString", "coordinates": [ [ 134.5392151, 7.2836695 ], [ 134.5391083, 7.2835584 ], [ 134.5390472, 7.283411 ], [ 134.539032, 7.2832446 ], [ 134.539123499999988, 7.2830415 ], [ 134.5393219, 7.2829471 ], [ 134.5395355, 7.282928 ], [ 134.5397797, 7.282928 ], [ 134.5399017, 7.2830582 ], [ 134.539962800000012, 7.2832055 ], [ 134.539978, 7.2833557 ], [ 134.539917, 7.2835221 ] ] } },
{ "type": "Feature", "properties": { "RCID": 4690, "PRIM": 2, "GRUP": 2, "OBJL": 43, "RVER": 1, "AGEN": 550, "FIDN": 251531649, "FIDS": 9, "LNAM": "02260EFE11810009", "LNAM_REFS": null, "FFPT_RIND": null, "VALDCO": 20.0, "VERDAT": null, "INFORM": null, "NINFOM": null, "NTXTDS": null, "SCAMAX": null, "SCAMIN": 44999, "TXTDSC": null, "RECDAT": null, "RECIND": null, "SORDAT": null, "SORIND": null, "hypcat": null, "_enc_cell": "US4TB3P0" }, "geometry": { "type": "LineString", "coordinates": [ [ 134.5427856, 7.2806029 ], [ 134.542724600000014, 7.2807722 ], [ 134.5426636, 7.280828 ], [ 134.542511, 7.280911 ], [ 134.542251599999986, 7.281014 ], [ 134.5420227, 7.2809501 ], [ 134.5419159, 7.280889 ], [ 134.5418549, 7.2807498 ], [ 134.5418396, 7.280539 ], [ 134.5419312, 7.2803612 ], [ 134.5420532, 7.2802362 ], [ 134.5421906, 7.2801971 ], [ 134.5424042, 7.2801752 ], [ 134.5425415, 7.2801805 ], [ 134.5426788, 7.2802582 ], [ 134.542739899999987, 7.2803917 ], [ 134.5427856, 7.2804999 ], [ 134.5427856, 7.2806029 ] ] } },
{ "type": "Feature", "properties": { "RCID": 4691, "PRIM": 2, "GRUP": 2, "OBJL": 43, "RVER": 1, "AGEN": 550, "FIDN": 572891279, "FIDS": 9, "LNAM": "02262225A08F0009", "LNAM_REFS": null, "FFPT_RIND": null, "VALDCO": 30.0, "VERDAT": null, "INFORM": null, "NINFOM": null, "NTXTDS": null, "SCAMAX": null, "SCAMIN": 89999, "TXTDSC": null, "RECDAT": null, "RECIND": null, "SORDAT": null, "SORIND": null, "hypcat": null, "_enc_cell": "US4TB3P0" }, "geometry": { "type": "LineString", "coordinates": [ [ 134.5481873, 7.3074164 ], [ 134.5479736, 7.3075914 ], [ 134.5478363, 7.307653 ], [ 134.5478058, 7.3079834 ], [ 134.5478058, 7.3082776 ], [ 134.5477448, 7.3089442 ], [ 134.5478058, 7.3096666 ], [ 134.5479736, 7.3099999 ], [ 134.5484619, 7.3100581 ], [ 134.5486908, 7.3099418 ], [ 134.548858599999988, 7.3095889 ], [ 134.5487671, 7.3091002 ], [ 134.5487976, 7.3083363 ], [ 134.548996, 7.3081222 ], [ 134.548996, 7.307828 ], [ 134.548721300000011, 7.3075137 ], [ 134.548385599999989, 7.3073974 ], [ 134.5481873, 7.3074164 ] ] } },
{ "type": "Feature", "properties": { "RCID": 4692, "PRIM": 2, "GRUP": 2, "OBJL": 43, "RVER": 1, "AGEN": 550, "FIDN": 313797905, "FIDS": 9, "LNAM": "022612B42D110009", "LNAM_REFS": null, "FFPT_RIND": null, "VALDCO": 20.0, "VERDAT": null, "INFORM": null, "NINFOM": null, "NTXTDS": null, "SCAMAX": null, "SCAMIN": 44999, "TXTDSC": null, "RECDAT": null, "RECIND": null, "SORDAT": null, "SORIND": null, "hypcat": null, "_enc_cell": "US4TB3P0" }, "geometry": { "type": "LineString", "coordinates": [ [ 134.5498657, 7.2763276 ], [ 134.5495453, 7.2760248 ], [ 134.5492859, 7.2757974 ], [ 134.5489044, 7.2755723 ], [ 134.5485535, 7.2754221 ], [ 134.5482788, 7.2753196 ] ] } },
{ "type": "Feature", "properties": { "RCID": 4693, "PRIM": 2, "GRUP": 2, "OBJL": 43, "RVER": 1, "AGEN": 550, "FIDN": 125679545, "FIDS": 9, "LNAM": "0226077DB7B90009", "LNAM_REFS": null, "FFPT_RIND": null, "VALDCO": 20.0, "VERDAT": null, "INFORM": null, "NINFOM": null, "NTXTDS": null, "SCAMAX": null, "SCAMIN": 44999, "TXTDSC": null, "RECDAT": null, "RECIND": null, "SORDAT": null, "SORIND": null, "hypcat": null, "_enc_cell": "US4TB3P0" }, "geometry": { "type": "LineString", "coordinates": [ [ 134.551376299999987, 7.296639 ], [ 134.5517578, 7.2966137 ], [ 134.5519257, 7.296639 ], [ 134.5522308, 7.296639 ], [ 134.5524902, 7.2966752 ], [ 134.552825899999988, 7.2966137 ], [ 134.552948, 7.296422 ], [ 134.552932700000014, 7.2961612 ], [ 134.5529785, 7.2959943 ], [ 134.5530396, 7.2959223 ], [ 134.5531464, 7.2958279 ] ] } },
{ "type": "Feature", "properties": { "RCID": 4694, "PRIM": 2, "GRUP": 2, "OBJL": 43, "RVER": 1, "AGEN": 550, "FIDN": 844172565, "FIDS": 9, "LNAM": "022632510D150009", "LNAM_REFS": null, "FFPT_RIND": null, "VALDCO": 30.0, "VERDAT": null, "INFORM": null, "NINFOM": null, "NTXTDS": null, "SCAMAX": null, "SCAMIN": 89999, "TXTDSC": null, "RECDAT": null, "RECIND": null, "SORDAT": null, "SORIND": null, "hypcat": null, "_enc_cell": "US4TB3P0" }, "geometry": { "type": "LineString", "coordinates": [ [ 134.5672607, 7.3267751 ], [ 134.5669708, 7.3268528 ], [ 134.566803, 7.3268333 ], [ 134.566635100000013, 7.3267002 ], [ 134.566543599999989, 7.3265276 ], [ 134.5665131, 7.3263946 ], [ 134.5665131, 7.3262029 ], [ 134.5666199, 7.3260498 ], [ 134.566741900000011, 7.3260112 ], [ 134.5669403, 7.3259721 ], [ 134.5673828, 7.3259721 ], [ 134.5674591, 7.3261251 ], [ 134.567489599999988, 7.3263359 ], [ 134.5674591, 7.3265085 ], [ 134.5672607, 7.3267751 ] ] } },
{ "type": "Feature", "properties": { "RCID": 4695, "PRIM": 2, "GRUP": 2, "OBJL": 43, "RVER": 1, "AGEN": 550, "FIDN": 821726841, "FIDS": 9, "LNAM": "022630FA8E790009", "LNAM_REFS": null, "FFPT_RIND": null, "VALDCO": 20.0, "VERDAT": null, "INFORM": null, "NINFOM": null, "NTXTDS": null, "SCAMAX": null, "SCAMIN": 44999, "TXTDSC": null, "RECDAT": null, "RECIND": null, "SORDAT": null, "SORIND": null, "hypcat": null, "_enc_cell": "US4TB3P0" }, "geometry": { "type": "LineString", "coordinates": [ [ 134.5677643, 7.304636 ], [ 134.567718500000012, 7.3043833 ], [ 134.567718500000012, 7.3039751 ], [ 134.5676575, 7.3034835 ], [ 134.567627, 7.3033085 ], [ 134.5675354, 7.3030276 ], [ 134.5674133, 7.3025694 ], [ 134.5673828, 7.3020973 ], [ 134.5672607, 7.3017807 ], [ 134.5671082, 7.3013697 ], [ 134.5669556, 7.3009276 ], [ 134.566741900000011, 7.3005638 ], [ 134.5662537, 7.2999611 ], [ 134.5659485, 7.2996612 ], [ 134.5656128, 7.2992668 ], [ 134.5651856, 7.298903 ], [ 134.5648956, 7.2986193 ], [ 134.5644226, 7.2983499 ], [ 134.5641632, 7.2982221 ], [ 134.563873300000012, 7.2981916 ], [ 134.5635834, 7.2982554 ], [ 134.5635529, 7.2982831 ], [ 134.5634308, 7.2982197 ], [ 134.5633392, 7.2980499 ], [ 134.5633087, 7.2978668 ], [ 134.563293499999986, 7.297564 ], [ 134.5633087, 7.2974196 ], [ 134.5633545, 7.2972083 ], [ 134.5634308, 7.2970443 ], [ 134.5634918, 7.2969194 ], [ 134.5635681, 7.296689 ], [ 134.563659699999988, 7.2965694 ], [ 134.563797, 7.2962723 ], [ 134.5638123, 7.2960081 ], [ 134.563858, 7.2957692 ], [ 134.564010599999989, 7.2955918 ], [ 134.564148, 7.2953334 ], [ 134.56427, 7.2950501 ] ] } },
{ "type": "Feature", "properties": { "RCID": 4696, "PRIM": 2, "GRUP": 2, "OBJL": 43, "RVER": 1, "AGEN": 550, "FIDN": 150601674, "FIDS": 9, "LNAM": "022608F9FFCA0009", "LNAM_REFS": null, "FFPT_RIND": null, "VALDCO": 5.0, "VERDAT": null, "INFORM": null, "NINFOM": null, "NTXTDS": null, "SCAMAX": null, "SCAMIN": 44999, "TXTDSC": null, "RECDAT": null, "RECIND": null, "SORDAT": null, "SORIND": null, "hypcat": null, "_enc_cell": "US4TB3P0" }, "geometry": { "type": "LineString", "coordinates": [ [ 134.5686646, 7.3429055 ], [ 134.5687408, 7.3429055 ], [ 134.5687561, 7.342886 ], [ 134.5688477, 7.3428416 ], [ 134.5690155, 7.3428054 ], [ 134.5691071, 7.3428307 ], [ 134.5692444, 7.3429084 ], [ 134.5694428, 7.3429308 ], [ 134.569641100000013, 7.3429308 ], [ 134.569809, 7.3429194 ], [ 134.570022599999987, 7.3429279 ], [ 134.570144699999986, 7.3429446 ], [ 134.570282, 7.3430419 ], [ 134.570373499999988, 7.3431306 ], [ 134.5704346, 7.3432527 ], [ 134.5704804, 7.3433776 ], [ 134.570510899999988, 7.3434696 ], [ 134.5705414, 7.3435779 ], [ 134.5705414, 7.343864 ], [ 134.5705566, 7.3439193 ], [ 134.5705414, 7.3440361 ] ] } },
{ "type": "Feature", "properties": { "RCID": 4697, "PRIM": 2, "GRUP": 2, "OBJL": 43, "RVER": 1, "AGEN": 550, "FIDN": 484804140, "FIDS": 9, "LNAM": "02261CE5862C0009", "LNAM_REFS": null, "FFPT_RIND": null, "VALDCO": 10.0, "VERDAT": null, "INFORM": null, "NINFOM": null, "NTXTDS": null, "SCAMAX": null, "SCAMIN": 44999, "TXTDSC": null, "RECDAT": null, "RECIND": null, "SORDAT": null, "SORIND": null, "hypcat": null, "_enc_cell": "US4TB3P0" }, "geometry": { "type": "LineString", "coordinates": [ [ 134.5716248, 7.3585081 ], [ 134.5717621, 7.3584223 ], [ 134.5718689, 7.3583055 ], [ 134.571945199999988, 7.3582082 ], [ 134.5720215, 7.3580971 ], [ 134.572067299999986, 7.357986 ], [ 134.5721283, 7.3578835 ], [ 134.5722351, 7.3577666 ], [ 134.5723572, 7.3575916 ], [ 134.572464, 7.3574419 ], [ 134.5725555, 7.3573165 ], [ 134.5726166, 7.3571944 ], [ 134.5726776, 7.3569918 ], [ 134.5726929, 7.3568306 ], [ 134.5726929, 7.3564029 ], [ 134.5727234, 7.3562193 ], [ 134.57276920000001, 7.3561082 ], [ 134.5728607, 7.3560109 ], [ 134.572937, 7.3559389 ], [ 134.5730438, 7.3558693 ], [ 134.5731506, 7.3558221 ], [ 134.573349, 7.3557138 ], [ 134.5735779, 7.3554473 ] ] } },
{ "type": "Feature", "properties": { "RCID": 4698, "PRIM": 2, "GRUP": 2, "OBJL": 43, "RVER": 1, "AGEN": 550, "FIDN": 938105949, "FIDS": 9, "LNAM": "022637EA5C5D0009", "LNAM_REFS": null, "FFPT_RIND": null, "VALDCO": 5.0, "VERDAT": null, "INFORM": null, "NINFOM": null, "NTXTDS": null, "SCAMAX": null, "SCAMIN": 44999, "TXTDSC": null, "RECDAT": null, "RECIND": null, "SORDAT": null, "SORIND": null, "hypcat": null, "_enc_cell": "US4TB3P0" }, "geometry": { "type": "LineString", "coordinates": [ [ 134.5761108, 7.3444748 ], [ 134.5760498, 7.3443332 ], [ 134.5758209, 7.3441863 ], [ 134.5756836, 7.3440919 ], [ 134.5756073, 7.3439169 ], [ 134.57547, 7.3437166 ], [ 134.575317399999989, 7.3436637 ], [ 134.5750732, 7.343678 ], [ 134.574935900000014, 7.343689 ] ] } },
{ "type": "Feature", "properties": { "RCID": 4699, "PRIM": 2, "GRUP": 2, "OBJL": 43, "RVER": 1, "AGEN": 550, "FIDN": 963242374, "FIDS": 9, "LNAM": "02263969E9860009", "LNAM_REFS": null, "FFPT_RIND": null, "VALDCO": 20.0, "VERDAT": null, "INFORM": null, "NINFOM": null, "NTXTDS": null, "SCAMAX": null, "SCAMIN": 44999, "TXTDSC": null, "RECDAT": null, "RECIND": null, "SORDAT": null, "SORIND": null, "hypcat": null, "_enc_cell": "US4TB3P0" }, "geometry": { "type": "LineString", "coordinates": [ [ 134.5754547, 7.3227224 ], [ 134.57563780000001, 7.3230748 ], [ 134.57563780000001, 7.3234749 ], [ 134.575805699999989, 7.3239999 ], [ 134.576141400000012, 7.3244224 ], [ 134.5761719, 7.3245029 ], [ 134.5762177, 7.3246498 ], [ 134.576416, 7.3249359 ], [ 134.576507600000014, 7.3250833 ], [ 134.5766602, 7.3252416 ], [ 134.5767212, 7.3253474 ], [ 134.576873799999987, 7.325489 ], [ 134.576965300000012, 7.3255501 ], [ 134.5771637, 7.3256278 ], [ 134.577331500000014, 7.3257027 ], [ 134.5774994, 7.3257637 ], [ 134.577713, 7.3258085 ], [ 134.5778809, 7.3258305 ], [ 134.5781097, 7.3258748 ], [ 134.5782776, 7.3259111 ], [ 134.578430200000014, 7.3259721 ], [ 134.5785828, 7.3260446 ], [ 134.5787506, 7.3261638 ], [ 134.5788269, 7.326211 ], [ 134.5788727, 7.3262472 ], [ 134.579071, 7.3264637 ], [ 134.5792236, 7.3266082 ], [ 134.5794373, 7.3267999 ] ] } },
{ "type": "Feature", "properties": { "RCID": 4700, "PRIM": 2, "GRUP": 2, "OBJL": 43, "RVER": 1, "AGEN": 550, "FIDN": 173427147, "FIDS": 9, "LNAM": "02260A5649CB0009", "LNAM_REFS": null, "FFPT_RIND": null, "VALDCO": 30.0, "VERDAT": null, "INFORM": null, "NINFOM": null, "NTXTDS": null, "SCAMAX": null, "SCAMIN": 89999, "TXTDSC": null, "RECDAT": null, "RECIND": null, "SORDAT": null, "SORIND": null, "hypcat": null, "_enc_cell": "US4TB3P0" }, "geometry": { "type": "LineString", "coordinates": [ [ 134.5804138, 7.3454804 ], [ 134.5806122, 7.3455167 ], [ 134.5807953, 7.3455167 ], [ 134.58105470000001, 7.3455277 ], [ 134.5812531, 7.3455806 ], [ 134.581436200000013, 7.3456445 ], [ 134.5815125, 7.3457193 ], [ 134.5815735, 7.3459306 ], [ 134.5815735, 7.3460665 ], [ 134.5815277, 7.3461776 ], [ 134.5815125, 7.3462696 ], [ 134.5815125, 7.3463974 ], [ 134.581558199999989, 7.3465252 ], [ 134.581604, 7.346664 ], [ 134.581665, 7.3467999 ], [ 134.581695599999989, 7.3468833 ] ] } },
{ "type": "Feature", "properties": { "RCID": 4701, "PRIM": 2, "GRUP": 2, "OBJL": 43, "RVER": 1, "AGEN": 550, "FIDN": 588577679, "FIDS": 9, "LNAM": "02262314FB8F0009", "LNAM_REFS": null, "FFPT_RIND": null, "VALDCO": 10.0, "VERDAT": null, "INFORM": null, "NINFOM": null, "NTXTDS": null, "SCAMAX": null, "SCAMIN": 44999, "TXTDSC": null, "RECDAT": null, "RECIND": null, "SORDAT": null, "SORIND": null, "hypcat": null, "_enc_cell": "US4TB3P0" }, "geometry": { "type": "LineString", "coordinates": [ [ 134.5849915, 7.3278942 ], [ 134.5851898, 7.3279223 ], [ 134.5853272, 7.3279109 ], [ 134.585434, 7.3279252 ], [ 134.5855713, 7.3280029 ], [ 134.5856781, 7.3281417 ], [ 134.585754400000013, 7.3282499 ], [ 134.585846, 7.3283582 ], [ 134.5859833, 7.3284807 ], [ 134.5860901, 7.3285279 ], [ 134.58633420000001, 7.328589 ], [ 134.586441, 7.3286028 ], [ 134.5865631, 7.3286333 ], [ 134.586731, 7.3287416 ], [ 134.5868683, 7.3288641 ], [ 134.586975099999989, 7.328989 ], [ 134.5873413, 7.3293419 ], [ 134.587554899999986, 7.3296971 ], [ 134.5877075, 7.3299584 ], [ 134.5877533, 7.3300057 ], [ 134.5879822, 7.3301415 ], [ 134.5881348, 7.3302832 ], [ 134.5882263, 7.3304668 ], [ 134.588256800000011, 7.3306665 ], [ 134.5882263, 7.330822 ], [ 134.588089, 7.3311086 ], [ 134.588058499999988, 7.3313584 ], [ 134.5878754, 7.3317752 ], [ 134.5875397, 7.3317752 ], [ 134.587310800000012, 7.331636 ], [ 134.5871429, 7.3314834 ], [ 134.5870209, 7.3313918 ], [ 134.586792, 7.3312974 ], [ 134.586608899999987, 7.3314362 ], [ 134.586349500000011, 7.3317447 ], [ 134.5861054, 7.3317752 ], [ 134.585968, 7.3316054 ], [ 134.585907, 7.3313279 ], [ 134.5857849, 7.3309445 ], [ 134.5855713, 7.3305583 ], [ 134.585266100000013, 7.330236 ], [ 134.5849457, 7.3299279 ], [ 134.584564199999988, 7.3296361 ], [ 134.584320100000014, 7.3292332 ], [ 134.5842438, 7.3289723 ], [ 134.584259, 7.3285584 ], [ 134.584426900000011, 7.3282027 ], [ 134.58461, 7.3280058 ], [ 134.5847015, 7.3279223 ], [ 134.5848541, 7.3278942 ], [ 134.5849915, 7.3278942 ] ] } },
{ "type": "Feature", "properties": { "RCID": 4702, "PRIM": 2, "GRUP": 2, "OBJL": 43, "RVER": 1, "AGEN": 550, "FIDN": 758994082, "FIDS": 9, "LNAM": "02262D3D54A20009", "LNAM_REFS": null, "FFPT_RIND": null, "VALDCO": 30.0, "VERDAT": null, "INFORM": null, "NINFOM": null, "NTXTDS": null, "SCAMAX": null, "SCAMIN": 89999, "TXTDSC": null, "RECDAT": null, "RECIND": null, "SORDAT": null, "SORIND": null, "hypcat": null, "_enc_cell": "US4TB3P0" }, "geometry": { "type": "LineString", "coordinates": [ [ 134.5900269, 7.3301835 ], [ 134.590316800000011, 7.3303528 ], [ 134.590469399999989, 7.330514 ], [ 134.590560900000014, 7.3305888 ], [ 134.5906982, 7.3307109 ], [ 134.5908661, 7.3308554 ], [ 134.5911255, 7.331161 ], [ 134.5912476, 7.3313446 ], [ 134.5913696, 7.3315721 ], [ 134.591415399999988, 7.3318167 ], [ 134.591430699999989, 7.3318863 ], [ 134.5914917, 7.3321667 ], [ 134.5914917, 7.3325777 ], [ 134.5914419, 7.3326592 ], [ 134.5913849, 7.3327527 ], [ 134.591171300000013, 7.3329225 ], [ 134.590927099999988, 7.3330584 ], [ 134.5903473, 7.3332639 ], [ 134.590072600000013, 7.3333502 ], [ 134.5897522, 7.333478 ], [ 134.589508099999989, 7.3336225 ], [ 134.5892944, 7.333775 ], [ 134.5890808, 7.3340359 ], [ 134.58886720000001, 7.3343473 ], [ 134.588745100000011, 7.3345304 ], [ 134.5886688, 7.3347364 ], [ 134.588409399999989, 7.3349891 ], [ 134.5881805, 7.335247 ], [ 134.5879517, 7.3353834 ], [ 134.5877686, 7.335475 ], [ 134.587554899999986, 7.335536 ], [ 134.5873871, 7.3355527 ], [ 134.5871582, 7.3355613 ], [ 134.586959799999988, 7.3355832 ], [ 134.5863953, 7.3358026 ], [ 134.586242700000014, 7.3359027 ], [ 134.5860901, 7.3360333 ], [ 134.5860291, 7.3361168 ] ] } },
{ "type": "Feature", "properties": { "RCID": 4703, "PRIM": 2, "GRUP": 2, "OBJL": 43, "RVER": 1, "AGEN": 550, "FIDN": 157835905, "FIDS": 9, "LNAM": "0226096862810009", "LNAM_REFS": null, "FFPT_RIND": null, "VALDCO": 20.0, "VERDAT": null, "INFORM": null, "NINFOM": null, "NTXTDS": null, "SCAMAX": null, "SCAMIN": 44999, "TXTDSC": null, "RECDAT": null, "RECIND": null, "SORDAT": null, "SORIND": null, "hypcat": null, "_enc_cell": "US4TB3P0" }, "geometry": { "type": "LineString", "coordinates": [ [ 134.5614014, 7.3323336 ], [ 134.561721799999987, 7.3325334 ], [ 134.5621033, 7.3328085 ], [ 134.5625, 7.3330083 ], [ 134.562805200000014, 7.3332086 ], [ 134.5632324, 7.3335028 ], [ 134.5635529, 7.3337026 ], [ 134.5638275, 7.3338304 ], [ 134.564010599999989, 7.334003 ], [ 134.564209, 7.3341947 ], [ 134.5643311, 7.3343611 ], [ 134.5644074, 7.3346973 ], [ 134.56446840000001, 7.3350167 ], [ 134.5644379, 7.3353639 ], [ 134.5644379, 7.3358388 ], [ 134.5645752, 7.3364058 ], [ 134.5649414, 7.3369527 ], [ 134.565155, 7.3375363 ], [ 134.5652924, 7.3380027 ], [ 134.565780600000011, 7.3388696 ], [ 134.5659485, 7.3392806 ], [ 134.5660095, 7.3397083 ], [ 134.5659638, 7.3401279 ], [ 134.565979, 7.3405113 ], [ 134.56604, 7.340714 ], [ 134.566177399999987, 7.3409777 ], [ 134.566268900000011, 7.3412418 ], [ 134.5664825, 7.3414779 ], [ 134.566741900000011, 7.3416333 ], [ 134.5671082, 7.3416529 ], [ 134.567733800000013, 7.3415971 ], [ 134.5682831, 7.3416891 ], [ 134.5687103, 7.3420444 ], [ 134.5690918, 7.342236 ], [ 134.5695038, 7.3423834 ], [ 134.56988530000001, 7.3424583 ], [ 134.570221, 7.3425832 ], [ 134.5704193, 7.3426833 ], [ 134.5706329, 7.3428416 ], [ 134.5707855, 7.3430085 ], [ 134.5709076, 7.343153 ], [ 134.570968599999986, 7.3433666 ], [ 134.570983899999987, 7.3436222 ], [ 134.570999199999989, 7.3436666 ], [ 134.5710144, 7.3437362 ], [ 134.5710602, 7.3438387 ], [ 134.5711212, 7.3439527 ], [ 134.571197500000011, 7.3440609 ], [ 134.5712891, 7.3441443 ], [ 134.5713654, 7.3441944 ], [ 134.5714417, 7.3442335 ], [ 134.5716248, 7.3442583 ], [ 134.5717468, 7.3442583 ], [ 134.5719757, 7.3441558 ], [ 134.572052, 7.344111 ], [ 134.572158800000011, 7.3440027 ], [ 134.5722656, 7.3438692 ], [ 134.5723419, 7.3437748 ], [ 134.5724487, 7.3436499 ], [ 134.5725098, 7.3435555 ], [ 134.5726013, 7.3434887 ], [ 134.5727997, 7.3433194 ], [ 134.572937, 7.3432193 ], [ 134.5730896, 7.3431196 ], [ 134.573501599999986, 7.3429251 ], [ 134.574173, 7.3428445 ], [ 134.574829099999988, 7.3429389 ], [ 134.57563780000001, 7.3431945 ], [ 134.576400799999988, 7.343503 ], [ 134.5770111, 7.3440862 ], [ 134.5770264, 7.3441057 ], [ 134.5771332, 7.3441582 ], [ 134.5772858, 7.3442583 ], [ 134.5774841, 7.3444443 ], [ 134.57769780000001, 7.3447113 ], [ 134.5777893, 7.3447862 ], [ 134.5782318, 7.3449359 ], [ 134.5786285, 7.344964 ], [ 134.5792084, 7.3449359 ], [ 134.579879799999986, 7.3450308 ], [ 134.580108599999988, 7.3450971 ], [ 134.5802155, 7.3452058 ], [ 134.580337500000013, 7.3457804 ], [ 134.580444300000011, 7.3460498 ], [ 134.5806122, 7.3463306 ], [ 134.58078, 7.3465724 ], [ 134.5810852, 7.3467612 ], [ 134.5815125, 7.3469224 ], [ 134.581893900000011, 7.3471499 ], [ 134.5822144, 7.3474584 ], [ 134.5827179, 7.3476195 ], [ 134.5830536, 7.3474307 ], [ 134.583313, 7.347364 ], [ 134.5836487, 7.3473501 ], [ 134.5845337, 7.3474445 ], [ 134.584808399999986, 7.3475637 ], [ 134.585388200000011, 7.3475499 ], [ 134.5858002, 7.3474445 ], [ 134.5864105, 7.3474169 ], [ 134.5870667, 7.3474584 ], [ 134.5877075, 7.3474307 ], [ 134.58815, 7.347611 ], [ 134.5884552, 7.3477278 ], [ 134.588745100000011, 7.3478637 ], [ 134.5891876, 7.3479695 ], [ 134.5895538, 7.348011 ], [ 134.5899506, 7.3479972 ], [ 134.5903626, 7.348011 ], [ 134.5908661, 7.3480501 ], [ 134.5910187, 7.3480554 ], [ 134.5917206, 7.3480778 ], [ 134.59222410000001, 7.3481975 ], [ 134.592712400000011, 7.3483582 ], [ 134.5932159, 7.3485751 ], [ 134.59375, 7.3488417 ], [ 134.594101, 7.3490944 ], [ 134.5943756, 7.3493638 ], [ 134.5949554, 7.3499665 ], [ 134.595108, 7.350275 ], [ 134.59552, 7.350975 ], [ 134.5957642, 7.3513889 ], [ 134.5958252, 7.3514776 ], [ 134.595962500000013, 7.3516946 ], [ 134.5960083, 7.3518195 ], [ 134.596084600000012, 7.3519554 ], [ 134.596221899999989, 7.3520804 ], [ 134.5964203, 7.3522277 ], [ 134.596557600000011, 7.352386 ], [ 134.59667970000001, 7.352489 ], [ 134.5968018, 7.3525834 ], [ 134.5968781, 7.3526974 ], [ 134.597030600000011, 7.353014 ], [ 134.597061200000013, 7.353086 ], [ 134.5971375, 7.3532195 ], [ 134.5972138, 7.3533111 ], [ 134.59729, 7.353425 ], [ 134.5973358, 7.3536081 ], [ 134.59729, 7.3537221 ], [ 134.5971985, 7.3538694 ], [ 134.5970764, 7.3540053 ], [ 134.596923800000013, 7.354178 ], [ 134.596817, 7.3542638 ], [ 134.5968018, 7.3542724 ] ] } },
{ "type": "Feature", "properties": { "RCID": 4888, "PRIM": 2, "GRUP": 2, "OBJL": 43, "RVER": 1, "AGEN": 550, "FIDN": 659281265, "FIDS": 9, "LNAM": "0226274BD5710009", "LNAM_REFS": null, "FFPT_RIND": null, "VALDCO": 5.0, "VERDAT": null, "INFORM": null, "NINFOM": null, "NTXTDS": null, "SCAMAX": null, "SCAMIN": 44999, "TXTDSC": null, "RECDAT": null, "RECIND": null, "SORDAT": null, "SORIND": null, "hypcat": null, "_enc_cell": "US4TB3P0" }, "geometry": { "type": "LineString", "coordinates": [ [ 134.4910736, 7.3804359 ], [ 134.4911346, 7.3803415 ], [ 134.491165200000012, 7.3802557 ], [ 134.4911804, 7.3801584 ], [ 134.4911804, 7.3800168 ], [ 134.4911194, 7.379911 ], [ 134.4909515, 7.3798137 ], [ 134.490814199999988, 7.3798137 ], [ 134.490676900000011, 7.3798528 ], [ 134.490509, 7.3799582 ], [ 134.490432700000014, 7.3800917 ], [ 134.4903717, 7.3802252 ], [ 134.4903565, 7.3803501 ], [ 134.490432700000014, 7.380486 ], [ 134.4905853, 7.3805804 ], [ 134.4906921, 7.3805723 ], [ 134.490799, 7.3805528 ], [ 134.4908752, 7.3805332 ], [ 134.4909821, 7.380486 ], [ 134.4910736, 7.3804359 ] ] } },
{ "type": "Feature", "properties": { "RCID": 4892, "PRIM": 2, "GRUP": 2, "OBJL": 43, "RVER": 1, "AGEN": 550, "FIDN": 464730591, "FIDS": 9, "LNAM": "02261BB339DF0009", "LNAM_REFS": null, "FFPT_RIND": null, "VALDCO": 10.0, "VERDAT": null, "INFORM": null, "NINFOM": null, "NTXTDS": null, "SCAMAX": null, "SCAMIN": 44999, "TXTDSC": null, "RECDAT": null, "RECIND": null, "SORDAT": null, "SORIND": null, "hypcat": null, "_enc_cell": "US4TB3P0" }, "geometry": { "type": "LineString", "coordinates": [ [ 134.4941254, 7.3705668 ], [ 134.4939728, 7.370739 ], [ 134.4938507, 7.3711667 ], [ 134.4937744, 7.3713498 ], [ 134.4936676, 7.3715305 ], [ 134.4935303, 7.3716474 ], [ 134.4933624, 7.3717527 ] ] } },
{ "type": "Feature", "properties": { "RCID": 4893, "PRIM": 2, "GRUP": 2, "OBJL": 43, "RVER": 1, "AGEN": 550, "FIDN": 441205159, "FIDS": 9, "LNAM": "02261A4C41A70009", "LNAM_REFS": null, "FFPT_RIND": null, "VALDCO": 30.0, "VERDAT": null, "INFORM": null, "NINFOM": null, "NTXTDS": null, "SCAMAX": null, "SCAMIN": 89999, "TXTDSC": null, "RECDAT": null, "RECIND": null, "SORDAT": null, "SORIND": null, "hypcat": null, "_enc_cell": "US4TB3P0" }, "geometry": { "type": "LineString", "coordinates": [ [ 134.487915, 7.2797113 ], [ 134.488052399999987, 7.2798109 ], [ 134.488143900000011, 7.2799082 ], [ 134.4881134, 7.2802639 ], [ 134.487945599999989, 7.2804613 ], [ 134.487854, 7.2807584 ], [ 134.4878693, 7.2810526 ], [ 134.4880829, 7.2811723 ], [ 134.488266, 7.2811918 ], [ 134.488418599999989, 7.2812305 ], [ 134.488540699999987, 7.2813692 ], [ 134.488647500000013, 7.2815862 ], [ 134.488647500000013, 7.2818637 ], [ 134.488540699999987, 7.2822194 ], [ 134.488418599999989, 7.2825141 ], [ 134.4883575, 7.2829695 ], [ 134.4884491, 7.2833056 ], [ 134.488647500000013, 7.2835221 ], [ 134.4889374, 7.2835808 ], [ 134.4892578, 7.283422 ], [ 134.4894104, 7.2832637 ], [ 134.489471400000014, 7.2830887 ], [ 134.4895477, 7.2829084 ], [ 134.4897308, 7.2827916 ], [ 134.4898834, 7.2827029 ], [ 134.4902496, 7.2826581 ], [ 134.4903565, 7.2826276 ], [ 134.490448, 7.2825999 ], [ 134.4905396, 7.2825918 ], [ 134.4906006, 7.2826085 ], [ 134.4906311, 7.2827029 ], [ 134.4906311, 7.2828307 ], [ 134.4906158, 7.2830195 ], [ 134.490554800000012, 7.2831917 ], [ 134.490448, 7.2834082 ], [ 134.4903107, 7.2834806 ], [ 134.4901123, 7.2835331 ], [ 134.489959700000014, 7.2836194 ], [ 134.489852899999988, 7.2837501 ], [ 134.4897919, 7.2839222 ], [ 134.4897919, 7.2841249 ], [ 134.489868199999989, 7.2843556 ], [ 134.4900055, 7.2845998 ], [ 134.4901581, 7.2848334 ], [ 134.4902954, 7.2849999 ], [ 134.4903107, 7.2850137 ], [ 134.4904938, 7.2851362 ], [ 134.4907684, 7.2851777 ], [ 134.4909668, 7.2851362 ], [ 134.4911346, 7.2850194 ], [ 134.4912262, 7.2848473 ], [ 134.4912262, 7.2845502 ], [ 134.4911957, 7.2842808 ], [ 134.4911957, 7.2842612 ], [ 134.4912415, 7.2839947 ], [ 134.4913635, 7.2838221 ], [ 134.491531400000014, 7.283711 ], [ 134.4917145, 7.2835331 ], [ 134.4919434, 7.283453 ], [ 134.492111200000011, 7.2834749 ], [ 134.492248499999988, 7.2836251 ], [ 134.492248499999988, 7.2837582 ], [ 134.492248499999988, 7.283814 ], [ 134.492157, 7.2839584 ], [ 134.4920349, 7.2840724 ], [ 134.4919586, 7.2842917 ], [ 134.492004400000013, 7.2845221 ], [ 134.492157, 7.2846751 ], [ 134.492385899999988, 7.284689 ], [ 134.492569, 7.2846446 ], [ 134.492843599999986, 7.2846804 ], [ 134.4931641, 7.284853 ], [ 134.4933167, 7.2849999 ], [ 134.493515, 7.2851415 ], [ 134.49368290000001, 7.2852445 ], [ 134.4938965, 7.2853665 ], [ 134.4941101, 7.2855029 ], [ 134.4942627, 7.285614 ], [ 134.4943543, 7.2857919 ], [ 134.4943695, 7.2859221 ], [ 134.4943237, 7.2860889 ], [ 134.4942017, 7.2862248 ], [ 134.4941406, 7.2863917 ], [ 134.4941254, 7.2866082 ], [ 134.4941254, 7.2868056 ], [ 134.494049100000012, 7.2870002 ], [ 134.493942299999986, 7.2871223 ], [ 134.4937897, 7.2871499 ], [ 134.4936676, 7.2870555 ], [ 134.4936066, 7.2868834 ], [ 134.4934845, 7.2866888 ], [ 134.4932861, 7.2865944 ], [ 134.493087800000012, 7.2866168 ], [ 134.492843599999986, 7.2866974 ], [ 134.49272160000001, 7.2867613 ], [ 134.49263, 7.2868776 ], [ 134.492599500000011, 7.2869859 ], [ 134.49258420000001, 7.2871084 ], [ 134.492614800000013, 7.2872305 ], [ 134.4926605, 7.2873306 ], [ 134.4927063, 7.2874026 ], [ 134.4927673, 7.2874556 ], [ 134.492874199999989, 7.2874832 ], [ 134.4929962, 7.2874918 ], [ 134.4931641, 7.2875333 ], [ 134.493331899999987, 7.2876196 ], [ 134.4933777, 7.2877498 ], [ 134.4933777, 7.2878804 ], [ 134.4933167, 7.2880197 ], [ 134.4932404, 7.2881055 ], [ 134.4931335, 7.288178 ], [ 134.4930267, 7.28825 ], [ 134.492950400000012, 7.2883139 ], [ 134.4929199, 7.2884221 ], [ 134.492950400000012, 7.2886028 ], [ 134.4930267, 7.2888331 ], [ 134.4930115, 7.2889915 ], [ 134.492950400000012, 7.2891026 ], [ 134.492858899999987, 7.2891808 ], [ 134.492736799999989, 7.2892304 ], [ 134.4925385, 7.2892613 ], [ 134.492385899999988, 7.2892528 ], [ 134.4922333, 7.2891946 ], [ 134.4920502, 7.2890639 ], [ 134.491989100000012, 7.2888637 ], [ 134.4920807, 7.2886248 ], [ 134.492218, 7.2884498 ], [ 134.4922943, 7.2881055 ], [ 134.492218, 7.2880249 ], [ 134.4920349, 7.2879944 ], [ 134.4917908, 7.2880249 ], [ 134.4916077, 7.2881475 ], [ 134.491424599999988, 7.2883 ], [ 134.4913178, 7.2884083 ], [ 134.4912109, 7.2885585 ], [ 134.491165200000012, 7.2887974 ], [ 134.491149900000011, 7.289 ], [ 134.4911194, 7.2892084 ], [ 134.4910889, 7.2893834 ], [ 134.4910889, 7.2894692 ], [ 134.491043100000013, 7.28965 ], [ 134.4909515, 7.2897668 ] ] } },
{ "type": "Feature", "properties": { "RCID": 4895, "PRIM": 2, "GRUP": 2, "OBJL": 43, "RVER": 1, "AGEN": 550, "FIDN": 333313693, "FIDS": 9, "LNAM": "022613DDF69D0009", "LNAM_REFS": null, "FFPT_RIND": null, "VALDCO": 10.0, "VERDAT": null, "INFORM": null, "NINFOM": null, "NTXTDS": null, "SCAMAX": null, "SCAMIN": 44999, "TXTDSC": null, "RECDAT": null, "RECIND": null, "SORDAT": null, "SORIND": null, "hypcat": null, "_enc_cell": "US4TB3P0" }, "geometry": { "type": "LineString", "coordinates": [ [ 134.4956665, 7.3989554 ], [ 134.4957886, 7.398778 ], [ 134.495849600000014, 7.3986278 ], [ 134.4958954, 7.3984861 ], [ 134.495864899999987, 7.3983278 ], [ 134.4957886, 7.3982611 ] ] } },
{ "type": "Feature", "properties": { "RCID": 4896, "PRIM": 2, "GRUP": 2, "OBJL": 43, "RVER": 1, "AGEN": 550, "FIDN": 981411621, "FIDS": 9, "LNAM": "02263A7F27250009", "LNAM_REFS": null, "FFPT_RIND": null, "VALDCO": 20.0, "VERDAT": null, "INFORM": null, "NINFOM": null, "NTXTDS": null, "SCAMAX": null, "SCAMIN": 44999, "TXTDSC": null, "RECDAT": null, "RECIND": null, "SORDAT": null, "SORIND": null, "hypcat": null, "_enc_cell": "US4TB3P0" }, "geometry": { "type": "LineString", "coordinates": [ [ 134.4957886, 7.3268361 ], [ 134.4955292, 7.3269444 ], [ 134.4954376, 7.3270693 ], [ 134.495361300000013, 7.3273058 ], [ 134.495376599999986, 7.327497 ], [ 134.4954376, 7.3276224 ], [ 134.4956665, 7.327775 ], [ 134.4959259, 7.327775 ], [ 134.4962616, 7.3275943 ], [ 134.4963837, 7.32725 ], [ 134.4963684, 7.3269749 ], [ 134.49607850000001, 7.3268085 ], [ 134.4957886, 7.3268361 ] ] } },
{ "type": "Feature", "properties": { "RCID": 4897, "PRIM": 2, "GRUP": 2, "OBJL": 43, "RVER": 1, "AGEN": 550, "FIDN": 141447162, "FIDS": 9, "LNAM": "0226086E4FFA0009", "LNAM_REFS": null, "FFPT_RIND": null, "VALDCO": 20.0, "VERDAT": null, "INFORM": null, "NINFOM": null, "NTXTDS": null, "SCAMAX": null, "SCAMIN": 44999, "TXTDSC": null, "RECDAT": null, "RECIND": null, "SORDAT": null, "SORIND": null, "hypcat": null, "_enc_cell": "US4TB3P0" }, "geometry": { "type": "LineString", "coordinates": [ [ 134.497772200000014, 7.301786 ], [ 134.4975586, 7.3015471 ], [ 134.4974976, 7.3015084 ], [ 134.4974518, 7.3014193 ], [ 134.497345, 7.3012805 ], [ 134.497345, 7.3012276 ], [ 134.4973297, 7.3011308 ], [ 134.4973297, 7.3010082 ], [ 134.4973602, 7.3008776 ], [ 134.4973602, 7.3007474 ], [ 134.497345, 7.3006167 ], [ 134.4973297, 7.3005834 ], [ 134.4973297, 7.3005805 ], [ 134.497299199999986, 7.3004918 ], [ 134.4972534, 7.3004222 ], [ 134.497192399999989, 7.3003612 ], [ 134.4970703, 7.3003082 ], [ 134.496917700000012, 7.3002944 ], [ 134.4967957, 7.3002834 ], [ 134.4966736, 7.3002834 ], [ 134.4965363, 7.3002749 ], [ 134.4963684, 7.3002305 ], [ 134.4961548, 7.3001499 ], [ 134.4961243, 7.3001304 ], [ 134.4960022, 7.3000751 ], [ 134.4959106, 7.3000026 ], [ 134.4958344, 7.2999363 ], [ 134.495758099999989, 7.2998805 ], [ 134.4956665, 7.2998443 ], [ 134.4955139, 7.2998195 ], [ 134.495468100000011, 7.2998166 ], [ 134.4949341, 7.2997832 ], [ 134.494751, 7.2997308 ], [ 134.494659399999989, 7.2996612 ], [ 134.4945984, 7.299572 ], [ 134.4944763, 7.2994084 ], [ 134.4944, 7.2992668 ], [ 134.494308499999988, 7.299161 ], [ 134.49415590000001, 7.2990832 ], [ 134.4940949, 7.2990665 ], [ 134.493820199999988, 7.2989974 ], [ 134.4936676, 7.298986 ], [ 134.4934082, 7.298986 ], [ 134.4932556, 7.2989054 ], [ 134.493225099999989, 7.2989001 ], [ 134.4931793, 7.2988558 ], [ 134.493072500000011, 7.2987499 ], [ 134.492965700000013, 7.2986641 ], [ 134.492843599999986, 7.2985835 ], [ 134.4927063, 7.298522 ], [ 134.4924164, 7.298461 ], [ 134.492248499999988, 7.2983832 ], [ 134.4920349, 7.2983222 ], [ 134.4919128, 7.2982612 ], [ 134.491806, 7.2981558 ], [ 134.491684, 7.2980609 ], [ 134.4915619, 7.297936 ], [ 134.491409299999987, 7.2978501 ], [ 134.4912567, 7.2977805 ], [ 134.4911346, 7.2977362 ], [ 134.4907837, 7.2975946 ], [ 134.4906921, 7.2975693 ], [ 134.4905853, 7.2975249 ], [ 134.490448, 7.2974639 ], [ 134.4902649, 7.2973585 ], [ 134.4901428, 7.2972527 ], [ 134.4900208, 7.2971835 ], [ 134.489959700000014, 7.2970696 ], [ 134.4899292, 7.2969637 ], [ 134.48983770000001, 7.2968082 ], [ 134.48970030000001, 7.2966752 ], [ 134.4896851, 7.2966585 ], [ 134.489563, 7.296536 ], [ 134.4894409, 7.2964058 ], [ 134.4893189, 7.2963166 ], [ 134.4889832, 7.2961779 ], [ 134.4888001, 7.296072 ], [ 134.488647500000013, 7.2959666 ], [ 134.488510100000013, 7.2958803 ], [ 134.4883881, 7.2958002 ], [ 134.4882202, 7.2956529 ], [ 134.4881134, 7.2955389 ], [ 134.4880219, 7.295372 ], [ 134.4878235, 7.2951694 ], [ 134.4877777, 7.2950668 ], [ 134.4877319, 7.294961 ], [ 134.4877014, 7.2948751 ], [ 134.4877014, 7.2946553 ], [ 134.4877625, 7.2945418 ], [ 134.487793, 7.2944527 ], [ 134.4878998, 7.2942667 ], [ 134.487915, 7.2941637 ], [ 134.487945599999989, 7.2940502 ], [ 134.4879608, 7.2939029 ], [ 134.4879608, 7.2937889 ], [ 134.487945599999989, 7.293675 ], [ 134.487915, 7.2935529 ], [ 134.487808199999989, 7.293386 ], [ 134.4877472, 7.2933416 ], [ 134.487670900000012, 7.2933054 ], [ 134.487564099999986, 7.2933054 ], [ 134.487457299999988, 7.2933335 ], [ 134.48732, 7.2933779 ], [ 134.4872131, 7.2934027 ], [ 134.4870148, 7.293447 ], [ 134.4868774, 7.2935 ], [ 134.4867554, 7.2935305 ], [ 134.4866791, 7.2935529 ], [ 134.4865265, 7.2935863 ], [ 134.48634340000001, 7.2936139 ], [ 134.486129799999986, 7.293622 ], [ 134.485992399999986, 7.293622 ], [ 134.4857788, 7.2935777 ], [ 134.4854431, 7.2934723 ], [ 134.485321, 7.2934361 ], [ 134.4852295, 7.2933612 ], [ 134.4851837, 7.2932277 ], [ 134.485153200000013, 7.2929916 ], [ 134.485137900000012, 7.2928333 ], [ 134.485137900000012, 7.2927556 ], [ 134.4851074, 7.2926502 ], [ 134.485046399999987, 7.292553 ], [ 134.48490910000001, 7.2925277 ], [ 134.484787, 7.2925196 ], [ 134.484664900000013, 7.2925444 ], [ 134.4845886, 7.2925696 ], [ 134.484573399999988, 7.2925696 ], [ 134.4842682, 7.2926583 ], [ 134.4840088, 7.2927251 ], [ 134.483825700000011, 7.2927418 ], [ 134.4837494, 7.2927418 ], [ 134.483581500000014, 7.2927194 ], [ 134.4834137, 7.2926111 ], [ 134.4832764, 7.2924833 ], [ 134.483123799999987, 7.292378 ], [ 134.4829102, 7.292203 ], [ 134.482757600000014, 7.2921472 ], [ 134.4825745, 7.2920775 ], [ 134.4823608, 7.2920165 ], [ 134.4822083, 7.291872 ], [ 134.482055699999989, 7.2916889 ], [ 134.4817658, 7.2914252 ], [ 134.4817352, 7.2910724 ], [ 134.4816132, 7.2908249 ], [ 134.481552099999988, 7.2904248 ], [ 134.481292700000012, 7.2901197 ], [ 134.481094399999989, 7.2897387 ], [ 134.481018, 7.2895718 ], [ 134.480957, 7.2894387 ], [ 134.480697600000013, 7.2890611 ], [ 134.4806366, 7.2888055 ], [ 134.4803925, 7.2886443 ], [ 134.4801636, 7.2883501 ], [ 134.480011, 7.2880945 ], [ 134.4798279, 7.2878223 ], [ 134.4794617, 7.2874918 ], [ 134.4793243, 7.2872696 ], [ 134.479156499999988, 7.2870917 ], [ 134.4790649, 7.2869639 ], [ 134.4789887, 7.2868667 ], [ 134.4788361, 7.2867527 ], [ 134.4786987, 7.2866111 ], [ 134.4785156, 7.2864666 ], [ 134.478286700000012, 7.2863112 ], [ 134.477951100000013, 7.2861109 ], [ 134.4777374, 7.2859111 ], [ 134.4775543, 7.2857556 ], [ 134.4772949, 7.2856112 ], [ 134.477005, 7.2853832 ], [ 134.476867700000014, 7.2852001 ], [ 134.4767761, 7.2850418 ], [ 134.4767304, 7.2848277 ], [ 134.4767151, 7.2844863 ], [ 134.4767304, 7.2843723 ], [ 134.4767304, 7.2843499 ], [ 134.4767914, 7.2841582 ], [ 134.4768219, 7.2839584 ], [ 134.4767151, 7.2837167 ], [ 134.476593, 7.2836304 ], [ 134.476364100000012, 7.2836165 ], [ 134.476181, 7.2836304 ], [ 134.475906400000014, 7.2836304 ], [ 134.4757233, 7.2835999 ], [ 134.4753418, 7.2834859 ], [ 134.475174, 7.2833724 ], [ 134.4749146, 7.2832751 ], [ 134.4746552, 7.2831168 ], [ 134.47421270000001, 7.2829447 ], [ 134.474090600000011, 7.2828307 ], [ 134.473926400000011, 7.2827135 ], [ 134.4738922, 7.2826891 ], [ 134.473465, 7.2825027 ], [ 134.4733276, 7.282403 ], [ 134.473144499999989, 7.282289 ], [ 134.4729309, 7.2820888 ], [ 134.472793599999989, 7.281961 ], [ 134.4726105, 7.2818193 ], [ 134.4723511, 7.2816887 ], [ 134.4721069, 7.2815332 ], [ 134.4719872, 7.2814556 ], [ 134.4718628, 7.2813749 ], [ 134.4715424, 7.2811918 ], [ 134.471328699999987, 7.2810192 ], [ 134.471221899999989, 7.2809777 ], [ 134.4710083, 7.2808638 ], [ 134.470871, 7.2807722 ], [ 134.4706879, 7.2805915 ], [ 134.470504799999986, 7.2805224 ], [ 134.470459, 7.2804918 ], [ 134.4700775, 7.2803054 ], [ 134.469696, 7.2801919 ], [ 134.469436699999989, 7.2800946 ], [ 134.469223, 7.2800388 ], [ 134.469162, 7.2800221 ], [ 134.468851199999989, 7.2799709 ], [ 134.468826299999989, 7.2799668 ], [ 134.4687347, 7.2799501 ], [ 134.4685211, 7.2798915 ], [ 134.4682617, 7.2798362 ], [ 134.467926, 7.2797499 ], [ 134.4676819, 7.2796502 ], [ 134.467483499999986, 7.2795806 ], [ 134.4673157, 7.2794805 ], [ 134.4670868, 7.2794113 ], [ 134.4670715, 7.2794085 ], [ 134.466919, 7.2794085 ], [ 134.466659600000014, 7.2794919 ], [ 134.466507, 7.2797141 ], [ 134.4662933, 7.2801724 ], [ 134.466156, 7.280611 ], [ 134.4661255, 7.2806859 ] ] } },
{ "type": "Feature", "properties": { "RCID": 4899, "PRIM": 2, "GRUP": 2, "OBJL": 43, "RVER": 1, "AGEN": 550, "FIDN": 417676423, "FIDS": 9, "LNAM": "022618E53C870009", "LNAM_REFS": null, "FFPT_RIND": null, "VALDCO": 50.0, "VERDAT": null, "INFORM": null, "NINFOM": null, "NTXTDS": null, "SCAMAX": null, "SCAMIN": 44999, "TXTDSC": null, "RECDAT": null, "RECIND": null, "SORDAT": null, "SORIND": null, "hypcat": null, "_enc_cell": "US4TB3P0" }, "geometry": { "type": "LineString", "coordinates": [ [ 134.4983215, 7.2746778 ], [ 134.4984589, 7.274847 ], [ 134.498855600000013, 7.2749972 ], [ 134.4990082, 7.2750917 ], [ 134.4991303, 7.27525 ], [ 134.4991455, 7.2754641 ], [ 134.499099699999988, 7.2756748 ], [ 134.4990387, 7.2758141 ], [ 134.4990234, 7.2760363 ] ] } },
{ "type": "Feature", "properties": { "RCID": 4901, "PRIM": 2, "GRUP": 2, "OBJL": 43, "RVER": 1, "AGEN": 550, "FIDN": 127835105, "FIDS": 9, "LNAM": "0226079E9BE10009", "LNAM_REFS": null, "FFPT_RIND": null, "VALDCO": 5.0, "VERDAT": null, "INFORM": null, "NINFOM": null, "NTXTDS": null, "SCAMAX": null, "SCAMIN": 44999, "TXTDSC": null, "RECDAT": null, "RECIND": null, "SORDAT": null, "SORIND": null, "hypcat": null, "_enc_cell": "US4TB3P0" }, "geometry": { "type": "LineString", "coordinates": [ [ 134.500289900000013, 7.2896724 ], [ 134.500289900000013, 7.2896223 ], [ 134.500305200000014, 7.2895474 ], [ 134.5003357, 7.2894778 ], [ 134.500427300000013, 7.2895279 ], [ 134.500473, 7.2896028 ], [ 134.5004883, 7.2896776 ], [ 134.500427300000013, 7.2897415 ], [ 134.500351, 7.2897415 ], [ 134.500289900000013, 7.2896724 ] ] } },
{ "type": "Feature", "properties": { "RCID": 4903, "PRIM": 2, "GRUP": 2, "OBJL": 43, "RVER": 1, "AGEN": 550, "FIDN": 811103125, "FIDS": 9, "LNAM": "0226305873950009", "LNAM_REFS": null, "FFPT_RIND": null, "VALDCO": 10.0, "VERDAT": null, "INFORM": null, "NINFOM": null, "NTXTDS": null, "SCAMAX": null, "SCAMIN": 44999, "TXTDSC": null, "RECDAT": null, "RECIND": null, "SORDAT": null, "SORIND": null, "hypcat": null, "_enc_cell": "US4TB3P0" }, "geometry": { "type": "LineString", "coordinates": [ [ 134.502182, 7.2990332 ], [ 134.501983599999988, 7.2990222 ], [ 134.501739500000014, 7.2989473 ], [ 134.5015717, 7.2986832 ], [ 134.5014801, 7.2985029 ], [ 134.5013275, 7.2981 ], [ 134.501266500000014, 7.2978444 ], [ 134.5012817, 7.2976332 ], [ 134.501373300000012, 7.297514 ], [ 134.5015411, 7.297461 ], [ 134.5015869, 7.2974391 ], [ 134.501739500000014, 7.2974834 ], [ 134.50177, 7.2975249 ], [ 134.5018311, 7.2976751 ], [ 134.502121, 7.2978859 ], [ 134.5023041, 7.2979388 ], [ 134.5025635, 7.2981944 ], [ 134.5026398, 7.2983112 ] ] } },
{ "type": "Feature", "properties": { "RCID": 4905, "PRIM": 2, "GRUP": 2, "OBJL": 43, "RVER": 1, "AGEN": 550, "FIDN": 416454343, "FIDS": 9, "LNAM": "022618D296C70009", "LNAM_REFS": null, "FFPT_RIND": null, "VALDCO": 10.0, "VERDAT": null, "INFORM": null, "NINFOM": null, "NTXTDS": null, "SCAMAX": null, "SCAMIN": 44999, "TXTDSC": null, "RECDAT": null, "RECIND": null, "SORDAT": null, "SORIND": null, "hypcat": null, "_enc_cell": "US4TB3P0" }, "geometry": { "type": "LineString", "coordinates": [ [ 134.500793499999986, 7.3042665 ], [ 134.5009155, 7.3041029 ], [ 134.5009155, 7.3039947 ], [ 134.500946, 7.3039055 ], [ 134.5009766, 7.3038111 ], [ 134.501037599999989, 7.3037224 ], [ 134.5012817, 7.3036361 ], [ 134.5014496, 7.3036165 ], [ 134.5015564, 7.3035998 ], [ 134.501648, 7.3035917 ], [ 134.501724200000012, 7.3035555 ], [ 134.5018005, 7.3035026 ], [ 134.5019074, 7.3034167 ], [ 134.501983599999988, 7.3033195 ], [ 134.5020905, 7.3032055 ], [ 134.5023041, 7.302875 ], [ 134.5023651, 7.3027334 ], [ 134.5023956, 7.3026195 ], [ 134.5024414, 7.302525 ], [ 134.5025482, 7.3024082 ], [ 134.502609299999989, 7.3023582 ], [ 134.5027313, 7.3022971 ], [ 134.5028534, 7.3022776 ], [ 134.5029755, 7.3023057 ], [ 134.503082299999988, 7.3023834 ], [ 134.5031433, 7.3024526 ], [ 134.5032196, 7.3025141 ], [ 134.503280600000011, 7.3026109 ], [ 134.5033417, 7.3026915 ], [ 134.5034943, 7.3028278 ], [ 134.50354, 7.3028917 ], [ 134.5036163, 7.3029361 ], [ 134.5037231, 7.3030362 ] ] } },
{ "type": "Feature", "properties": { "RCID": 4906, "PRIM": 2, "GRUP": 2, "OBJL": 43, "RVER": 1, "AGEN": 550, "FIDN": 124966147, "FIDS": 9, "LNAM": "02260772D5030009", "LNAM_REFS": null, "FFPT_RIND": null, "VALDCO": 5.0, "VERDAT": null, "INFORM": null, "NINFOM": null, "NTXTDS": null, "SCAMAX": null, "SCAMIN": 44999, "TXTDSC": null, "RECDAT": null, "RECIND": null, "SORDAT": null, "SORIND": null, "hypcat": null, "_enc_cell": "US4TB3P0" }, "geometry": { "type": "LineString", "coordinates": [ [ 134.5036316, 7.3612223 ], [ 134.5038147, 7.361011 ], [ 134.503906300000011, 7.360764 ], [ 134.503952, 7.360497 ], [ 134.504043599999989, 7.360178 ] ] } },
{ "type": "Feature", "properties": { "RCID": 4909, "PRIM": 2, "GRUP": 2, "OBJL": 43, "RVER": 1, "AGEN": 550, "FIDN": 235346042, "FIDS": 9, "LNAM": "02260E07187A0009", "LNAM_REFS": null, "FFPT_RIND": null, "VALDCO": 20.0, "VERDAT": null, "INFORM": null, "NINFOM": null, "NTXTDS": null, "SCAMAX": null, "SCAMIN": 44999, "TXTDSC": null, "RECDAT": null, "RECIND": null, "SORDAT": null, "SORIND": null, "hypcat": null, "_enc_cell": "US4TB3P0" }, "geometry": { "type": "LineString", "coordinates": [ [ 134.5029907, 7.3340554 ], [ 134.5032654, 7.3336835 ], [ 134.5035095, 7.3333387 ], [ 134.5041199, 7.3329248 ], [ 134.504837, 7.3328557 ], [ 134.505249, 7.3328834 ], [ 134.5056458, 7.3331027 ], [ 134.5059357, 7.3334498 ], [ 134.5061493, 7.3337388 ], [ 134.5062408, 7.3339195 ] ] } },
{ "type": "Feature", "properties": { "RCID": 4911, "PRIM": 2, "GRUP": 2, "OBJL": 43, "RVER": 1, "AGEN": 550, "FIDN": 715046939, "FIDS": 9, "LNAM": "02262A9EC01B0009", "LNAM_REFS": null, "FFPT_RIND": null, "VALDCO": 5.0, "VERDAT": null, "INFORM": null, "NINFOM": null, "NTXTDS": null, "SCAMAX": null, "SCAMIN": 44999, "TXTDSC": null, "RECDAT": null, "RECIND": null, "SORDAT": null, "SORIND": null, "hypcat": null, "_enc_cell": "US4TB3P0" }, "geometry": { "type": "LineString", "coordinates": [ [ 134.5090942, 7.3045416 ], [ 134.50917050000001, 7.3044558 ], [ 134.5092316, 7.3043027 ], [ 134.5092468, 7.3039889 ], [ 134.5092468, 7.3037529 ], [ 134.5092621, 7.3035693 ], [ 134.50930790000001, 7.3034387 ], [ 134.5093994, 7.3033252 ], [ 134.5095215, 7.3032947 ], [ 134.5096436, 7.3032947 ], [ 134.5097656, 7.3033166 ], [ 134.5098572, 7.3033915 ], [ 134.509918199999987, 7.3035083 ], [ 134.5099793, 7.3036614 ], [ 134.510040299999986, 7.3038445 ], [ 134.5100861, 7.304172 ], [ 134.5101166, 7.3043194 ], [ 134.510131800000011, 7.3044725 ], [ 134.510162400000013, 7.3046331 ], [ 134.5102234, 7.3047638 ], [ 134.5103149, 7.3048387 ], [ 134.510391199999987, 7.3048863 ], [ 134.5105438, 7.3049278 ] ] } },
{ "type": "Feature", "properties": { "RCID": 4912, "PRIM": 2, "GRUP": 2, "OBJL": 43, "RVER": 1, "AGEN": 550, "FIDN": 34629285, "FIDS": 9, "LNAM": "0226021066A50009", "LNAM_REFS": null, "FFPT_RIND": null, "VALDCO": 20.0, "VERDAT": null, "INFORM": null, "NINFOM": null, "NTXTDS": null, "SCAMAX": null, "SCAMIN": 44999, "TXTDSC": null, "RECDAT": null, "RECIND": null, "SORDAT": null, "SORIND": null, "hypcat": null, "_enc_cell": "US4TB3P0" }, "geometry": { "type": "LineString", "coordinates": [ [ 134.500900300000012, 7.3038111 ], [ 134.500946, 7.3036528 ], [ 134.5009766, 7.3035193 ], [ 134.5011292, 7.3034248 ], [ 134.5012207, 7.3034082 ], [ 134.5014648, 7.3033891 ], [ 134.5016022, 7.3033443 ], [ 134.501709, 7.3032665 ], [ 134.501754799999986, 7.3031974 ], [ 134.5018005, 7.3030834 ], [ 134.5018921, 7.3029251 ], [ 134.501846300000011, 7.3027697 ], [ 134.50177, 7.3026471 ], [ 134.5016632, 7.3024888 ], [ 134.5015259, 7.3023748 ], [ 134.5014343, 7.3022251 ], [ 134.5013428, 7.3020334 ], [ 134.5013275, 7.3018947 ], [ 134.5013275, 7.3017001 ], [ 134.5013428, 7.3015776 ], [ 134.501373300000012, 7.3015084 ], [ 134.5014496, 7.3014193 ], [ 134.5016785, 7.3012724 ], [ 134.5018768, 7.3011141 ], [ 134.5019531, 7.3009915 ], [ 134.5020142, 7.3008695 ], [ 134.5020599, 7.3007555 ], [ 134.5020752, 7.3006167 ], [ 134.5020599, 7.3004832 ], [ 134.5020142, 7.3003693 ], [ 134.5019531, 7.3002749 ], [ 134.5019074, 7.3001418 ], [ 134.5018921, 7.2999058 ], [ 134.5018921, 7.2995915 ], [ 134.501861600000012, 7.2994609 ], [ 134.5018158, 7.2993193 ], [ 134.501724200000012, 7.2991276 ], [ 134.501632699999988, 7.2990055 ], [ 134.501388600000013, 7.2986808 ], [ 134.501251200000013, 7.298522 ], [ 134.501159699999988, 7.2983389 ], [ 134.5009918, 7.2979446 ], [ 134.5009613, 7.2977696 ], [ 134.5009766, 7.2975946 ], [ 134.50100710000001, 7.2974558 ], [ 134.501144399999987, 7.2973862 ], [ 134.501266500000014, 7.2973332 ], [ 134.5013428, 7.2973332 ], [ 134.5014191, 7.2973332 ], [ 134.5015564, 7.2973418 ], [ 134.5016785, 7.2973585 ], [ 134.501861600000012, 7.2974029 ], [ 134.501983599999988, 7.297472 ], [ 134.502212500000013, 7.2976584 ], [ 134.5022888, 7.2977166 ], [ 134.5024414, 7.2977891 ], [ 134.502655, 7.2978668 ], [ 134.5027466, 7.2979446 ], [ 134.5028381, 7.298111 ], [ 134.502945, 7.2982779 ], [ 134.5029907, 7.2984195 ], [ 134.5030975, 7.2985501 ], [ 134.5032196, 7.2986474 ], [ 134.5033264, 7.2987166 ], [ 134.503555299999988, 7.2988224 ], [ 134.5037537, 7.2989168 ], [ 134.5038605, 7.2989779 ], [ 134.5039673, 7.299047 ], [ 134.504028299999987, 7.2991109 ], [ 134.5041046, 7.2991362 ], [ 134.5042114, 7.299161 ], [ 134.504303, 7.2991724 ], [ 134.504364, 7.2991195 ], [ 134.5044403, 7.2990332 ], [ 134.504501299999987, 7.2987499 ], [ 134.504531899999989, 7.2986832 ], [ 134.5046692, 7.2986169 ], [ 134.5047913, 7.2986054 ], [ 134.5048981, 7.2986388 ], [ 134.504989599999988, 7.2987056 ], [ 134.5050659, 7.2988029 ], [ 134.505096400000014, 7.2989249 ], [ 134.5050812, 7.2990251 ], [ 134.5050201, 7.2991304 ], [ 134.5049591, 7.299222 ], [ 134.5049286, 7.299336 ], [ 134.5049286, 7.2994609 ], [ 134.5049591, 7.2995749 ], [ 134.5050201, 7.2996669 ], [ 134.505096400000014, 7.299736 ], [ 134.5052033, 7.2997804 ], [ 134.5055389, 7.2997804 ], [ 134.5056305, 7.2998056 ], [ 134.505691500000012, 7.29985 ], [ 134.5057373, 7.3000279 ], [ 134.505722100000014, 7.3002667 ], [ 134.5056, 7.3004279 ], [ 134.5055237, 7.3004751 ], [ 134.505340600000011, 7.3005362 ], [ 134.5051727, 7.3006196 ], [ 134.505004899999989, 7.3008609 ], [ 134.504989599999988, 7.3008833 ], [ 134.5049591, 7.3010359 ], [ 134.5049744, 7.3012362 ], [ 134.505004899999989, 7.3013444 ], [ 134.5050812, 7.301436 ], [ 134.505218500000012, 7.3015113 ], [ 134.5053558, 7.301528 ], [ 134.505477899999988, 7.301528 ], [ 134.5056152, 7.3014998 ], [ 134.5057678, 7.3014221 ], [ 134.5059052, 7.3013697 ], [ 134.506073, 7.3013225 ], [ 134.5062103, 7.3012109 ], [ 134.50628660000001, 7.3011584 ], [ 134.5064087, 7.3010669 ], [ 134.5065155, 7.3010001 ], [ 134.5066376, 7.3009529 ], [ 134.5067596, 7.3009362 ], [ 134.5068665, 7.3009443 ], [ 134.506927499999989, 7.3009749 ], [ 134.507034299999987, 7.3010669 ], [ 134.507141100000013, 7.3012137 ], [ 134.5072022, 7.3012972 ], [ 134.5072174, 7.3013582 ], [ 134.507263200000011, 7.3014417 ], [ 134.5073395, 7.3015027 ], [ 134.5074158, 7.3014946 ], [ 134.5075378, 7.3014665 ], [ 134.5077057, 7.3013582 ], [ 134.5078125, 7.3013444 ], [ 134.5079193, 7.3013501 ], [ 134.5080566, 7.3013501 ], [ 134.5081635, 7.3013806 ], [ 134.5082703, 7.3014417 ], [ 134.5082855, 7.301528 ], [ 134.5082855, 7.3015499 ], [ 134.508316, 7.3017473 ], [ 134.508316, 7.3019333 ], [ 134.508361799999989, 7.3020859 ], [ 134.5084076, 7.3021998 ], [ 134.5087585, 7.3024917 ], [ 134.508850099999989, 7.3025971 ], [ 134.508956899999987, 7.3026748 ], [ 134.5090332, 7.3027277 ], [ 134.509185800000012, 7.302753 ], [ 134.5092926, 7.302753 ], [ 134.50930790000001, 7.3027582 ], [ 134.5096283, 7.3027668 ], [ 134.5098724, 7.302928 ], [ 134.5101929, 7.3032112 ], [ 134.5102539, 7.303453 ], [ 134.51026920000001, 7.3034864 ], [ 134.5103607, 7.3041225 ], [ 134.5104523, 7.3043304 ], [ 134.5106049, 7.3045139 ], [ 134.510849, 7.3045554 ], [ 134.511123700000013, 7.3044725 ], [ 134.511367799999988, 7.3045054 ], [ 134.5116425, 7.3045139 ], [ 134.511734, 7.3046498 ], [ 134.5117493, 7.3046637 ], [ 134.511856099999989, 7.3047638 ], [ 134.5119934, 7.3048081 ], [ 134.5121155, 7.3047695 ], [ 134.5122528, 7.3046861 ], [ 134.5123596, 7.3045416 ], [ 134.5124054, 7.3043804 ], [ 134.512435900000014, 7.3041806 ], [ 134.512435900000014, 7.3036695 ], [ 134.5125122, 7.3033252 ], [ 134.5125885, 7.3031473 ], [ 134.5126038, 7.3031306 ], [ 134.512680100000011, 7.3030028 ], [ 134.5127716, 7.3028336 ], [ 134.51297, 7.3025584 ], [ 134.5130768, 7.3024888 ], [ 134.5131683, 7.3024836 ], [ 134.5133209, 7.3025498 ], [ 134.5134277, 7.3027277 ], [ 134.5134583, 7.3028808 ], [ 134.5134735, 7.3031249 ], [ 134.513519300000013, 7.303339 ], [ 134.5135651, 7.3034916 ], [ 134.5135803, 7.3035474 ], [ 134.513778699999989, 7.3037224 ], [ 134.513916, 7.3038364 ], [ 134.5140533, 7.3038888 ], [ 134.5141907, 7.3038836 ], [ 134.514373799999987, 7.303822 ], [ 134.5144196, 7.3037696 ], [ 134.5146942, 7.3035193 ], [ 134.5147705, 7.3035083 ], [ 134.5148926, 7.3035083 ], [ 134.5149994, 7.303514 ], [ 134.515152, 7.3035307 ], [ 134.5153961, 7.3035388 ], [ 134.5156097, 7.3035474 ], [ 134.5157929, 7.3035641 ], [ 134.5159454, 7.303586 ], [ 134.516052300000013, 7.3035779 ], [ 134.516174299999989, 7.3035307 ], [ 134.5163422, 7.3034668 ], [ 134.5164642, 7.3033891 ], [ 134.5165405, 7.3032889 ], [ 134.5166168, 7.3031669 ], [ 134.51663210000001, 7.30305 ], [ 134.5166168, 7.302928 ], [ 134.5165558, 7.3028026 ], [ 134.5164795, 7.3027082 ], [ 134.5164337, 7.3026362 ], [ 134.516418499999986, 7.3026195 ], [ 134.5163727, 7.3024917 ], [ 134.516387900000012, 7.3023391 ], [ 134.5163574, 7.3022137 ] ] } },
{ "type": "Feature", "properties": { "RCID": 4915, "PRIM": 2, "GRUP": 2, "OBJL": 43, "RVER": 1, "AGEN": 550, "FIDN": 542766319, "FIDS": 9, "LNAM": "02262059F4EF0009", "LNAM_REFS": null, "FFPT_RIND": null, "VALDCO": 20.0, "VERDAT": null, "INFORM": null, "NINFOM": null, "NTXTDS": null, "SCAMAX": null, "SCAMIN": 44999, "TXTDSC": null, "RECDAT": null, "RECIND": null, "SORDAT": null, "SORIND": null, "hypcat": null, "_enc_cell": "US4TB3P0" }, "geometry": { "type": "LineString", "coordinates": [ [ 134.519882200000012, 7.3351779 ], [ 134.520156899999989, 7.3351054 ], [ 134.5204163, 7.335125 ], [ 134.5205994, 7.3353305 ], [ 134.5205994, 7.3355165 ], [ 134.5205689, 7.3356834 ], [ 134.520492600000011, 7.3358498 ], [ 134.5204163, 7.3359613 ], [ 134.520248400000014, 7.3360915 ], [ 134.5202332, 7.3361001 ], [ 134.520019499999989, 7.3362222 ], [ 134.5196991, 7.3361669 ], [ 134.519577, 7.3360195 ], [ 134.519531300000011, 7.3358693 ], [ 134.5195618, 7.3357387 ], [ 134.519577, 7.3355722 ], [ 134.5196075, 7.3354416 ], [ 134.5196991, 7.3353109 ], [ 134.519866900000011, 7.3351808 ], [ 134.519882200000012, 7.3351779 ] ] } },
{ "type": "Feature", "properties": { "RCID": 4916, "PRIM": 2, "GRUP": 2, "OBJL": 43, "RVER": 1, "AGEN": 550, "FIDN": 374704100, "FIDS": 9, "LNAM": "0226165587E40009", "LNAM_REFS": null, "FFPT_RIND": null, "VALDCO": 10.0, "VERDAT": null, "INFORM": null, "NINFOM": null, "NTXTDS": null, "SCAMAX": null, "SCAMIN": 44999, "TXTDSC": null, "RECDAT": null, "RECIND": null, "SORDAT": null, "SORIND": null, "hypcat": null, "_enc_cell": "US4TB3P0" }, "geometry": { "type": "LineString", "coordinates": [ [ 134.5202179, 7.3301501 ], [ 134.5202942, 7.3300057 ], [ 134.520492600000011, 7.3298359 ], [ 134.5206604, 7.3296833 ], [ 134.5207062, 7.3293943 ], [ 134.5207062, 7.3292027 ], [ 134.5207062, 7.3288388 ], [ 134.520721400000014, 7.328661 ], [ 134.520721400000014, 7.3285165 ] ] } },
{ "type": "Feature", "properties": { "RCID": 4917, "PRIM": 2, "GRUP": 2, "OBJL": 43, "RVER": 1, "AGEN": 550, "FIDN": 35027568, "FIDS": 9, "LNAM": "022602167A700009", "LNAM_REFS": null, "FFPT_RIND": null, "VALDCO": 20.0, "VERDAT": null, "INFORM": null, "NINFOM": null, "NTXTDS": null, "SCAMAX": null, "SCAMIN": 44999, "TXTDSC": null, "RECDAT": null, "RECIND": null, "SORDAT": null, "SORIND": null, "hypcat": null, "_enc_cell": "US4TB3P0" }, "geometry": { "type": "LineString", "coordinates": [ [ 134.520721400000014, 7.3436832 ], [ 134.520721400000014, 7.3438139 ], [ 134.5205689, 7.3440557 ], [ 134.520370500000013, 7.3441973 ], [ 134.5201721, 7.3442416 ], [ 134.5199738, 7.3442416 ], [ 134.5198364, 7.3441834 ], [ 134.519577, 7.3441582 ], [ 134.5194397, 7.3441668 ], [ 134.519302399999987, 7.3442054 ], [ 134.519104, 7.3443637 ], [ 134.519043, 7.3444638 ], [ 134.5189819, 7.3445945 ], [ 134.5189819, 7.3447113 ], [ 134.5190125, 7.3448224 ], [ 134.519043, 7.3448916 ], [ 134.519104, 7.3450418 ], [ 134.519104, 7.3452473 ], [ 134.5190735, 7.345336 ], [ 134.519043, 7.345428 ], [ 134.5188751, 7.3456249 ], [ 134.5188599, 7.3457251 ], [ 134.5188599, 7.3458529 ], [ 134.5188904, 7.3459806 ], [ 134.5189972, 7.3460612 ], [ 134.5190277, 7.3460665 ], [ 134.5191345, 7.3460417 ], [ 134.5195007, 7.3460169 ], [ 134.5196381, 7.3460808 ] ] } },
{ "type": "Feature", "properties": { "RCID": 4918, "PRIM": 2, "GRUP": 2, "OBJL": 43, "RVER": 1, "AGEN": 550, "FIDN": 122793573, "FIDS": 9, "LNAM": "02260751AE650009", "LNAM_REFS": null, "FFPT_RIND": null, "VALDCO": 30.0, "VERDAT": null, "INFORM": null, "NINFOM": null, "NTXTDS": null, "SCAMAX": null, "SCAMIN": 89999, "TXTDSC": null, "RECDAT": null, "RECIND": null, "SORDAT": null, "SORIND": null, "hypcat": null, "_enc_cell": "US4TB3P0" }, "geometry": { "type": "LineString", "coordinates": [ [ 134.5186157, 7.3028998 ], [ 134.5187683, 7.3029165 ], [ 134.519104, 7.3029304 ], [ 134.5193481, 7.3030138 ], [ 134.5195618, 7.3032112 ], [ 134.5198212, 7.3033748 ], [ 134.520019499999989, 7.3035054 ], [ 134.5202026, 7.3036695 ], [ 134.5203857, 7.3038502 ], [ 134.5205536, 7.3040304 ], [ 134.5207977, 7.3042917 ], [ 134.5209351, 7.3045554 ], [ 134.5210114, 7.3048 ], [ 134.5210571, 7.3049641 ], [ 134.5210724, 7.3051443 ], [ 134.521118199999989, 7.3052917 ], [ 134.521286, 7.3054085 ], [ 134.521347100000014, 7.3057499 ], [ 134.5213623, 7.3061442 ], [ 134.521316500000012, 7.306489 ], [ 134.5212402, 7.3067026 ], [ 134.521225, 7.3069973 ], [ 134.5213013, 7.3071775 ] ] } },
{ "type": "Feature", "properties": { "RCID": 4920, "PRIM": 2, "GRUP": 2, "OBJL": 43, "RVER": 1, "AGEN": 550, "FIDN": 418041073, "FIDS": 9, "LNAM": "022618EACCF10009", "LNAM_REFS": null, "FFPT_RIND": null, "VALDCO": 30.0, "VERDAT": null, "INFORM": null, "NINFOM": null, "NTXTDS": null, "SCAMAX": null, "SCAMIN": 89999, "TXTDSC": null, "RECDAT": null, "RECIND": null, "SORDAT": null, "SORIND": null, "hypcat": null, "_enc_cell": "US4TB3P0" }, "geometry": { "type": "LineString", "coordinates": [ [ 134.5208893, 7.3293419 ], [ 134.5210266, 7.3291807 ], [ 134.5211639, 7.3290916 ], [ 134.5215302, 7.3289113 ], [ 134.5216675, 7.3288221 ], [ 134.5217743, 7.3286252 ], [ 134.521804800000012, 7.3283749 ], [ 134.5217743, 7.3281221 ], [ 134.521698, 7.3279252 ], [ 134.5215302, 7.327764 ], [ 134.5213928, 7.3275499 ], [ 134.5213013, 7.3273692 ], [ 134.521225, 7.3272085 ] ] } },
{ "type": "Feature", "properties": { "RCID": 4923, "PRIM": 2, "GRUP": 2, "OBJL": 43, "RVER": 1, "AGEN": 550, "FIDN": 965133819, "FIDS": 9, "LNAM": "02263986C5FB0009", "LNAM_REFS": null, "FFPT_RIND": null, "VALDCO": 5.0, "VERDAT": null, "INFORM": null, "NINFOM": null, "NTXTDS": null, "SCAMAX": null, "SCAMIN": 44999, "TXTDSC": null, "RECDAT": null, "RECIND": null, "SORDAT": null, "SORIND": null, "hypcat": null, "_enc_cell": "US4TB3P0" }, "geometry": { "type": "LineString", "coordinates": [ [ 134.52397160000001, 7.3263974 ], [ 134.524108899999987, 7.3263526 ], [ 134.524215700000013, 7.326364 ], [ 134.524292, 7.326436 ], [ 134.524353, 7.3265195 ], [ 134.5243683, 7.3265915 ], [ 134.5243835, 7.326664 ], [ 134.5243835, 7.3267889 ], [ 134.524292, 7.3269196 ], [ 134.5241852, 7.3270278 ], [ 134.5240326, 7.327075 ], [ 134.5239105, 7.3270669 ], [ 134.5238037, 7.3270974 ], [ 134.523742700000014, 7.3270888 ], [ 134.5236816, 7.3270474 ], [ 134.5236511, 7.3270083 ], [ 134.523620599999987, 7.3269081 ], [ 134.523635899999988, 7.3268166 ], [ 134.523635899999988, 7.3267694 ], [ 134.5236664, 7.3266835 ], [ 134.523727400000013, 7.3265138 ], [ 134.5238037, 7.3264418 ], [ 134.52397160000001, 7.3263974 ] ] } },
{ "type": "Feature", "properties": { "RCID": 4924, "PRIM": 2, "GRUP": 2, "OBJL": 43, "RVER": 1, "AGEN": 550, "FIDN": 487600447, "FIDS": 9, "LNAM": "02261D10313F0009", "LNAM_REFS": null, "FFPT_RIND": null, "VALDCO": 50.0, "VERDAT": null, "INFORM": null, "NINFOM": null, "NTXTDS": null, "SCAMAX": null, "SCAMIN": 44999, "TXTDSC": null, "RECDAT": null, "RECIND": null, "SORDAT": null, "SORIND": null, "hypcat": null, "_enc_cell": "US4TB3P0" }, "geometry": { "type": "LineString", "coordinates": [ [ 134.5259399, 7.3041749 ], [ 134.5261688, 7.3042946 ], [ 134.5263062, 7.3045502 ], [ 134.5262909, 7.3048224 ], [ 134.526153599999986, 7.3050332 ], [ 134.526031499999988, 7.3050942 ], [ 134.5258026, 7.3051529 ], [ 134.5254822, 7.3050637 ], [ 134.5253449, 7.3048973 ], [ 134.525283800000011, 7.3046999 ], [ 134.5253449, 7.3043389 ], [ 134.5256043, 7.3041887 ], [ 134.5259399, 7.3041749 ] ] } },
{ "type": "Feature", "properties": { "RCID": 4925, "PRIM": 2, "GRUP": 2, "OBJL": 43, "RVER": 1, "AGEN": 550, "FIDN": 648576743, "FIDS": 9, "LNAM": "022626A87EE70009", "LNAM_REFS": null, "FFPT_RIND": null, "VALDCO": 50.0, "VERDAT": null, "INFORM": null, "NINFOM": null, "NTXTDS": null, "SCAMAX": null, "SCAMIN": 44999, "TXTDSC": null, "RECDAT": null, "RECIND": null, "SORDAT": null, "SORIND": null, "hypcat": null, "_enc_cell": "US4TB3P0" }, "geometry": { "type": "LineString", "coordinates": [ [ 134.526641899999987, 7.2782946 ], [ 134.5264435, 7.2781 ], [ 134.5261231, 7.2778249 ], [ 134.52589420000001, 7.2775664 ], [ 134.5254822, 7.2769833 ], [ 134.525315299999988, 7.2768195 ], [ 134.525283800000011, 7.2767887 ], [ 134.5252075, 7.2766752 ], [ 134.525116, 7.2764807 ], [ 134.5251233, 7.2763797 ], [ 134.5251312, 7.2762694 ], [ 134.525192299999986, 7.2760277 ], [ 134.5252533, 7.275897 ], [ 134.525283800000011, 7.2757196 ], [ 134.5252533, 7.2755752 ], [ 134.5250397, 7.2754612 ], [ 134.5247223, 7.2754612 ], [ 134.524581899999987, 7.2754612 ], [ 134.524292, 7.2754111 ], [ 134.524108899999987, 7.2753305 ], [ 134.5240173, 7.27525 ], [ 134.523864800000013, 7.2750721 ], [ 134.5238037, 7.2749414 ] ] } },
{ "type": "Feature", "properties": { "RCID": 4927, "PRIM": 2, "GRUP": 2, "OBJL": 43, "RVER": 1, "AGEN": 550, "FIDN": 139383310, "FIDS": 9, "LNAM": "0226084ED20E0009", "LNAM_REFS": null, "FFPT_RIND": null, "VALDCO": 10.0, "VERDAT": null, "INFORM": null, "NINFOM": null, "NTXTDS": null, "SCAMAX": null, "SCAMIN": 44999, "TXTDSC": null, "RECDAT": null, "RECIND": null, "SORDAT": null, "SORIND": null, "hypcat": null, "_enc_cell": "US4TB3P0" }, "geometry": { "type": "LineString", "coordinates": [ [ 134.5307465, 7.2736168 ], [ 134.5308533, 7.2738805 ], [ 134.5309143, 7.2742224 ], [ 134.530944799999986, 7.2745223 ], [ 134.5310211, 7.2748361 ], [ 134.5311279, 7.2752557 ], [ 134.5312805, 7.2758722 ], [ 134.5314941, 7.2770109 ], [ 134.5314941, 7.2776279 ], [ 134.5315094, 7.2779665 ], [ 134.5315247, 7.2780943 ] ] } },
{ "type": "Feature", "properties": { "RCID": 4928, "PRIM": 2, "GRUP": 2, "OBJL": 43, "RVER": 1, "AGEN": 550, "FIDN": 965613056, "FIDS": 9, "LNAM": "0226398E16000009", "LNAM_REFS": null, "FFPT_RIND": null, "VALDCO": 5.0, "VERDAT": null, "INFORM": null, "NINFOM": null, "NTXTDS": null, "SCAMAX": null, "SCAMIN": 44999, "TXTDSC": null, "RECDAT": null, "RECIND": null, "SORDAT": null, "SORIND": null, "hypcat": null, "_enc_cell": "US4TB3P0" }, "geometry": { "type": "LineString", "coordinates": [ [ 134.532012900000012, 7.3384419 ], [ 134.532074, 7.3383279 ], [ 134.532074, 7.3382416 ], [ 134.5319824, 7.3381639 ] ] } },
{ "type": "Feature", "properties": { "RCID": 4929, "PRIM": 2, "GRUP": 2, "OBJL": 43, "RVER": 1, "AGEN": 550, "FIDN": 283873483, "FIDS": 9, "LNAM": "022610EB90CB0009", "LNAM_REFS": null, "FFPT_RIND": null, "VALDCO": 2.0, "VERDAT": null, "INFORM": null, "NINFOM": null, "NTXTDS": null, "SCAMAX": null, "SCAMIN": 44999, "TXTDSC": null, "RECDAT": null, "RECIND": null, "SORDAT": null, "SORIND": null, "hypcat": null, "_enc_cell": "US4TB3P0" }, "geometry": { "type": "LineString", "coordinates": [ [ 134.5322266, 7.3343639 ], [ 134.5323181, 7.3345304 ], [ 134.5323486, 7.3348141 ], [ 134.5323486, 7.3350029 ], [ 134.5323029, 7.3352776 ], [ 134.5321808, 7.3355084 ], [ 134.5320587, 7.3357611 ], [ 134.532028200000013, 7.3359723 ], [ 134.5319672, 7.3361917 ], [ 134.5318604, 7.336411 ], [ 134.531799299999989, 7.3365502 ], [ 134.53178410000001, 7.3366222 ] ] } },
{ "type": "Feature", "properties": { "RCID": 4931, "PRIM": 2, "GRUP": 2, "OBJL": 43, "RVER": 1, "AGEN": 550, "FIDN": 843940885, "FIDS": 9, "LNAM": "0226324D84150009", "LNAM_REFS": null, "FFPT_RIND": null, "VALDCO": 10.0, "VERDAT": null, "INFORM": null, "NINFOM": null, "NTXTDS": null, "SCAMAX": null, "SCAMIN": 44999, "TXTDSC": null, "RECDAT": null, "RECIND": null, "SORDAT": null, "SORIND": null, "hypcat": null, "_enc_cell": "US4TB3P0" }, "geometry": { "type": "LineString", "coordinates": [ [ 134.5330505, 7.2877498 ], [ 134.5330811, 7.2876973 ], [ 134.5332031, 7.2875056 ], [ 134.5332642, 7.2872667 ], [ 134.5333099, 7.2870946 ], [ 134.533355699999987, 7.2868166 ], [ 134.5333862, 7.2865305 ], [ 134.5334015, 7.2862334 ], [ 134.5334015, 7.2860498 ], [ 134.5333405, 7.2858639 ], [ 134.5332794, 7.285739 ], [ 134.5332031, 7.2855582 ], [ 134.5331879, 7.2854528 ], [ 134.5331639, 7.2853535 ], [ 134.533111600000012, 7.2851362 ] ] } },
{ "type": "Feature", "properties": { "RCID": 4932, "PRIM": 2, "GRUP": 2, "OBJL": 43, "RVER": 1, "AGEN": 550, "FIDN": 877771427, "FIDS": 9, "LNAM": "02263451BAA30009", "LNAM_REFS": null, "FFPT_RIND": null, "VALDCO": 30.0, "VERDAT": null, "INFORM": null, "NINFOM": null, "NTXTDS": null, "SCAMAX": null, "SCAMIN": 89999, "TXTDSC": null, "RECDAT": null, "RECIND": null, "SORDAT": null, "SORIND": null, "hypcat": null, "_enc_cell": "US4TB3P0" }, "geometry": { "type": "LineString", "coordinates": [ [ 134.538147, 7.3125806 ], [ 134.5378571, 7.3124166 ], [ 134.5376282, 7.3122387 ], [ 134.537429800000012, 7.3121443 ], [ 134.537216199999989, 7.3120723 ], [ 134.536956800000013, 7.3120251 ], [ 134.536468500000012, 7.3120861 ], [ 134.536254899999989, 7.3122611 ], [ 134.5361939, 7.312439 ], [ 134.5362091, 7.312686 ], [ 134.5363159, 7.312839 ], [ 134.5364227, 7.3129334 ], [ 134.53657530000001, 7.3129945 ], [ 134.536834700000014, 7.3130417 ], [ 134.5370483, 7.3130641 ], [ 134.5371552, 7.3131113 ], [ 134.5372772, 7.3131585 ], [ 134.5374146, 7.3132305 ], [ 134.5374908, 7.3132887 ] ] } },
{ "type": "Feature", "properties": { "RCID": 4934, "PRIM": 2, "GRUP": 2, "OBJL": 43, "RVER": 1, "AGEN": 550, "FIDN": 512790675, "FIDS": 9, "LNAM": "02261E9090930009", "LNAM_REFS": null, "FFPT_RIND": null, "VALDCO": 30.0, "VERDAT": null, "INFORM": null, "NINFOM": null, "NTXTDS": null, "SCAMAX": null, "SCAMIN": 89999, "TXTDSC": null, "RECDAT": null, "RECIND": null, "SORDAT": null, "SORIND": null, "hypcat": null, "_enc_cell": "US4TB3P0" }, "geometry": { "type": "LineString", "coordinates": [ [ 134.5430298, 7.284936 ], [ 134.5435181, 7.2849169 ], [ 134.5438995, 7.2850447 ], [ 134.544174199999986, 7.285275 ], [ 134.54438780000001, 7.2855249 ], [ 134.5445709, 7.2857418 ], [ 134.544647200000014, 7.2861166 ], [ 134.544693, 7.2865276 ], [ 134.544662499999987, 7.2869582 ], [ 134.544555699999989, 7.2871919 ], [ 134.544403100000011, 7.2873888 ], [ 134.544158900000014, 7.2875862 ], [ 134.5438843, 7.2877111 ], [ 134.5434876, 7.2877641 ], [ 134.5430603, 7.2877111 ], [ 134.542739899999987, 7.2876029 ], [ 134.542358400000012, 7.2874613 ], [ 134.54199220000001, 7.2872086 ], [ 134.541671799999989, 7.2868695 ], [ 134.541534399999989, 7.2866001 ], [ 134.5415039, 7.2861362 ], [ 134.541626, 7.2857251 ], [ 134.541870100000011, 7.2854724 ], [ 134.542144799999988, 7.2851863 ], [ 134.5425568, 7.2849889 ], [ 134.5430298, 7.284936 ] ] } },
{ "type": "Feature", "properties": { "RCID": 4935, "PRIM": 2, "GRUP": 2, "OBJL": 43, "RVER": 1, "AGEN": 550, "FIDN": 569565582, "FIDS": 9, "LNAM": "022621F2E18E0009", "LNAM_REFS": null, "FFPT_RIND": null, "VALDCO": 20.0, "VERDAT": null, "INFORM": null, "NINFOM": null, "NTXTDS": null, "SCAMAX": null, "SCAMIN": 44999, "TXTDSC": null, "RECDAT": null, "RECIND": null, "SORDAT": null, "SORIND": null, "hypcat": null, "_enc_cell": "US4TB3P0" }, "geometry": { "type": "LineString", "coordinates": [ [ 134.5480042, 7.2739611 ], [ 134.548111, 7.2733831 ], [ 134.5482788, 7.2728777 ], [ 134.548385599999989, 7.2723751 ], [ 134.548385599999989, 7.2716446 ], [ 134.5482025, 7.2712665 ], [ 134.547897299999988, 7.270864 ], [ 134.5473785, 7.2698555 ], [ 134.5470429, 7.2694807 ], [ 134.5466614, 7.2691279 ], [ 134.5459595, 7.2682972 ] ] } },
{ "type": "Feature", "properties": { "RCID": 4936, "PRIM": 2, "GRUP": 2, "OBJL": 43, "RVER": 1, "AGEN": 550, "FIDN": 491651093, "FIDS": 9, "LNAM": "02261D4E00150009", "LNAM_REFS": null, "FFPT_RIND": null, "VALDCO": 10.0, "VERDAT": null, "INFORM": null, "NINFOM": null, "NTXTDS": null, "SCAMAX": null, "SCAMIN": 44999, "TXTDSC": null, "RECDAT": null, "RECIND": null, "SORDAT": null, "SORIND": null, "hypcat": null, "_enc_cell": "US4TB3P0" }, "geometry": { "type": "LineString", "coordinates": [ [ 134.5533447, 7.3187304 ], [ 134.5535736, 7.3187304 ], [ 134.5537109, 7.3188334 ], [ 134.553802499999989, 7.3189721 ], [ 134.5538178, 7.3191276 ], [ 134.5537567, 7.3192916 ], [ 134.5535889, 7.3194361 ], [ 134.5534515, 7.3195391 ], [ 134.5532379, 7.3195529 ], [ 134.553070100000014, 7.3194695 ], [ 134.5529785, 7.3193612 ], [ 134.552963299999988, 7.3192582 ], [ 134.552948, 7.3191695 ], [ 134.5530396, 7.3189583 ], [ 134.55316160000001, 7.3188415 ], [ 134.5533295, 7.3187304 ], [ 134.5533447, 7.3187304 ] ] } },
{ "type": "Feature", "properties": { "RCID": 4937, "PRIM": 2, "GRUP": 2, "OBJL": 43, "RVER": 1, "AGEN": 550, "FIDN": 562988860, "FIDS": 9, "LNAM": "0226218E873C0009", "LNAM_REFS": null, "FFPT_RIND": null, "VALDCO": 50.0, "VERDAT": null, "INFORM": null, "NINFOM": null, "NTXTDS": null, "SCAMAX": null, "SCAMIN": 44999, "TXTDSC": null, "RECDAT": null, "RECIND": null, "SORDAT": null, "SORIND": null, "hypcat": null, "_enc_cell": "US4TB3P0" }, "geometry": { "type": "LineString", "coordinates": [ [ 134.553543100000013, 7.3079972 ], [ 134.5537109, 7.3079252 ], [ 134.554382299999986, 7.307672 ], [ 134.554992700000014, 7.307478 ], [ 134.555542, 7.3074193 ], [ 134.55604550000001, 7.307672 ], [ 134.55618290000001, 7.3081222 ], [ 134.5558929, 7.3085723 ], [ 134.5556793, 7.308825 ], [ 134.555358899999987, 7.3089914 ], [ 134.5549469, 7.3090916 ], [ 134.5547791, 7.3091335 ], [ 134.554245, 7.3092165 ], [ 134.553787199999988, 7.309247 ], [ 134.5532074, 7.3091888 ], [ 134.552887, 7.3089914 ], [ 134.5528565, 7.3086557 ], [ 134.5529175, 7.308403 ], [ 134.5532532, 7.3081222 ], [ 134.553543100000013, 7.3079972 ] ] } },
{ "type": "Feature", "properties": { "RCID": 4938, "PRIM": 2, "GRUP": 2, "OBJL": 43, "RVER": 1, "AGEN": 550, "FIDN": 977172843, "FIDS": 9, "LNAM": "02263A3E796B0009", "LNAM_REFS": null, "FFPT_RIND": null, "VALDCO": 10.0, "VERDAT": null, "INFORM": null, "NINFOM": null, "NTXTDS": null, "SCAMAX": null, "SCAMIN": 44999, "TXTDSC": null, "RECDAT": null, "RECIND": null, "SORDAT": null, "SORIND": null, "hypcat": null, "_enc_cell": "US4TB3P0" }, "geometry": { "type": "LineString", "coordinates": [ [ 134.5549622, 7.2778974 ], [ 134.5551605, 7.2772055 ], [ 134.5554047, 7.2762585 ], [ 134.5557861, 7.2756276 ], [ 134.55604550000001, 7.2749362 ], [ 134.5562286, 7.2743669 ], [ 134.5562286, 7.2739277 ], [ 134.5561066, 7.2732334 ], [ 134.555725099999989, 7.2727919 ], [ 134.5547791, 7.2718473 ], [ 134.554275499999989, 7.2709637 ] ] } },
{ "type": "Feature", "properties": { "RCID": 4939, "PRIM": 2, "GRUP": 2, "OBJL": 43, "RVER": 1, "AGEN": 550, "FIDN": 918308367, "FIDS": 9, "LNAM": "022636BC460F0009", "LNAM_REFS": null, "FFPT_RIND": null, "VALDCO": 30.0, "VERDAT": null, "INFORM": null, "NINFOM": null, "NTXTDS": null, "SCAMAX": null, "SCAMIN": 89999, "TXTDSC": null, "RECDAT": null, "RECIND": null, "SORDAT": null, "SORIND": null, "hypcat": null, "_enc_cell": "US4TB3P0" }, "geometry": { "type": "LineString", "coordinates": [ [ 134.5574493, 7.2987113 ], [ 134.557403599999986, 7.2988305 ], [ 134.557312, 7.2989526 ], [ 134.5573082, 7.2989625 ], [ 134.557251, 7.2991109 ], [ 134.5572205, 7.2992334 ], [ 134.5572052, 7.2993722 ], [ 134.5572052, 7.2996359 ], [ 134.557251, 7.2998276 ], [ 134.557281499999988, 7.2999888 ], [ 134.5573273, 7.300086 ], [ 134.5574341, 7.3002086 ], [ 134.557495100000011, 7.3002777 ], [ 134.5575867, 7.3003693 ], [ 134.5576935, 7.30055 ], [ 134.5578003, 7.3006721 ], [ 134.5578461, 7.3007722 ], [ 134.557861300000013, 7.300786 ], [ 134.557876599999986, 7.300839 ], [ 134.557876599999986, 7.3009057 ], [ 134.557891899999987, 7.3009777 ], [ 134.557891899999987, 7.3013697 ], [ 134.5579529, 7.3016501 ], [ 134.5579529, 7.3018141 ], [ 134.5580292, 7.3019805 ], [ 134.558075, 7.3020887 ], [ 134.5580902, 7.3022165 ], [ 134.558105500000011, 7.302361 ], [ 134.5580902, 7.3026137 ], [ 134.5580444, 7.3027501 ], [ 134.557983400000012, 7.3028808 ], [ 134.5579224, 7.3029943 ], [ 134.557724, 7.3032637 ], [ 134.5576019, 7.3035445 ], [ 134.5575562, 7.3039694 ], [ 134.557724, 7.3043332 ], [ 134.557891899999987, 7.3045139 ], [ 134.5579376, 7.3045502 ] ] } },
{ "type": "Feature", "properties": { "RCID": 4940, "PRIM": 2, "GRUP": 2, "OBJL": 43, "RVER": 1, "AGEN": 550, "FIDN": 137307266, "FIDS": 9, "LNAM": "0226082F24820009", "LNAM_REFS": null, "FFPT_RIND": null, "VALDCO": 10.0, "VERDAT": null, "INFORM": null, "NINFOM": null, "NTXTDS": null, "SCAMAX": null, "SCAMIN": 44999, "TXTDSC": null, "RECDAT": null, "RECIND": null, "SORDAT": null, "SORIND": null, "hypcat": null, "_enc_cell": "US4TB3P0" }, "geometry": { "type": "LineString", "coordinates": [ [ 134.556366, 7.3281584 ], [ 134.556793199999987, 7.3283334 ], [ 134.5571747, 7.3284583 ], [ 134.557663, 7.3286057 ], [ 134.557968100000011, 7.3287778 ], [ 134.558242799999988, 7.3290887 ], [ 134.5585022, 7.3294916 ], [ 134.558822600000013, 7.329875 ], [ 134.5591583, 7.3302388 ], [ 134.5594025, 7.3305945 ], [ 134.559677099999988, 7.3309054 ], [ 134.560028100000011, 7.3312249 ], [ 134.560257, 7.3314805 ], [ 134.5605774, 7.3317723 ], [ 134.5610504, 7.332139 ], [ 134.561370899999986, 7.3325748 ], [ 134.561615, 7.3328137 ], [ 134.56207280000001, 7.3331971 ], [ 134.5625305, 7.3336248 ], [ 134.5627136, 7.3337445 ], [ 134.562789900000013, 7.3337808 ], [ 134.5630188, 7.3337889 ], [ 134.5631256, 7.3338332 ], [ 134.5632477, 7.333961 ], [ 134.5633087, 7.3342805 ], [ 134.5633392, 7.3344555 ], [ 134.5637207, 7.3350582 ], [ 134.5637817, 7.3356667 ], [ 134.563873300000012, 7.336122 ], [ 134.5640259, 7.3365526 ], [ 134.5641937, 7.3368721 ], [ 134.5643005, 7.3371916 ], [ 134.564361600000012, 7.337503 ], [ 134.5644226, 7.3376584 ], [ 134.56446840000001, 7.3379026 ], [ 134.564682, 7.3382945 ], [ 134.564743, 7.3387165 ], [ 134.5647888, 7.3388748 ], [ 134.5649262, 7.3390164 ], [ 134.5650024, 7.3391442 ], [ 134.5650177, 7.3391833 ], [ 134.5652618, 7.3396306 ], [ 134.5654907, 7.3399973 ], [ 134.565567, 7.3402414 ], [ 134.565582299999988, 7.3405252 ], [ 134.565567, 7.3407526 ] ] } },
{ "type": "Feature", "properties": { "RCID": 4941, "PRIM": 2, "GRUP": 2, "OBJL": 43, "RVER": 1, "AGEN": 550, "FIDN": 813034898, "FIDS": 9, "LNAM": "02263075ED920009", "LNAM_REFS": null, "FFPT_RIND": null, "VALDCO": 30.0, "VERDAT": null, "INFORM": null, "NINFOM": null, "NTXTDS": null, "SCAMAX": null, "SCAMIN": 89999, "TXTDSC": null, "RECDAT": null, "RECIND": null, "SORDAT": null, "SORIND": null, "hypcat": null, "_enc_cell": "US4TB3P0" }, "geometry": { "type": "LineString", "coordinates": [ [ 134.5677948, 7.3186026 ], [ 134.56782530000001, 7.3184776 ], [ 134.5678558, 7.3183804 ], [ 134.5679321, 7.3183141 ], [ 134.5680389, 7.318264 ], [ 134.5681305, 7.3182278 ], [ 134.5682526, 7.3182001 ], [ 134.5684052, 7.3181777 ], [ 134.5684815, 7.3181863 ], [ 134.568557700000014, 7.318203 ], [ 134.5687103, 7.3182807 ], [ 134.5687714, 7.3183498 ], [ 134.568801900000011, 7.3184223 ], [ 134.568801900000011, 7.3185363 ], [ 134.56878660000001, 7.3186169 ], [ 134.5687408, 7.3186946 ], [ 134.5686646, 7.3187776 ], [ 134.5685425, 7.3188806 ], [ 134.5684815, 7.3189249 ], [ 134.5683746, 7.3189778 ], [ 134.568328900000012, 7.3189945 ], [ 134.5682831, 7.3190084 ], [ 134.5681763, 7.3190165 ], [ 134.567993199999989, 7.3190222 ], [ 134.5679169, 7.3189526 ], [ 134.5678558, 7.3188582 ], [ 134.5678101, 7.3187556 ], [ 134.5677948, 7.3186026 ] ] } },
{ "type": "Feature", "properties": { "RCID": 4942, "PRIM": 2, "GRUP": 2, "OBJL": 43, "RVER": 1, "AGEN": 550, "FIDN": 132478702, "FIDS": 9, "LNAM": "022607E576EE0009", "LNAM_REFS": null, "FFPT_RIND": null, "VALDCO": 30.0, "VERDAT": null, "INFORM": null, "NINFOM": null, "NTXTDS": null, "SCAMAX": null, "SCAMIN": 89999, "TXTDSC": null, "RECDAT": null, "RECIND": null, "SORDAT": null, "SORIND": null, "hypcat": null, "_enc_cell": "US4TB3P0" }, "geometry": { "type": "LineString", "coordinates": [ [ 134.572937, 7.3279862 ], [ 134.5729828, 7.3279696 ], [ 134.57341, 7.3276863 ], [ 134.573486300000013, 7.3275666 ], [ 134.573501599999986, 7.3273835 ], [ 134.573501599999986, 7.3272862 ], [ 134.5734406, 7.3271027 ], [ 134.5734253, 7.3269196 ], [ 134.573486300000013, 7.326714 ], [ 134.5735321, 7.3265166 ], [ 134.573501599999986, 7.3263555 ], [ 134.57341, 7.326128 ], [ 134.573288, 7.3259111 ], [ 134.573120100000011, 7.3257055 ], [ 134.5730743, 7.3254557 ], [ 134.5731659, 7.3253164 ], [ 134.573288, 7.325078 ], [ 134.573394799999988, 7.324914 ], [ 134.5735321, 7.3247418 ], [ 134.5736542, 7.3245583 ], [ 134.573761, 7.3244166 ], [ 134.573883099999989, 7.3244166 ], [ 134.5739441, 7.3244252 ], [ 134.5740662, 7.3244391 ], [ 134.574173, 7.3245029 ], [ 134.574218800000011, 7.3245888 ], [ 134.5742493, 7.3248668 ], [ 134.5742493, 7.324925 ], [ 134.574096700000013, 7.325336 ], [ 134.574096700000013, 7.3256831 ], [ 134.5741577, 7.325922 ], [ 134.574218800000011, 7.3260193 ], [ 134.574462899999986, 7.3262696 ], [ 134.574585, 7.3263974 ], [ 134.574707, 7.3264084 ], [ 134.5748749, 7.3263779 ], [ 134.574997, 7.3262887 ], [ 134.57516480000001, 7.3261609 ], [ 134.5752869, 7.3260193 ], [ 134.575408900000014, 7.325922 ], [ 134.575531, 7.3258891 ], [ 134.5757294, 7.3259749 ], [ 134.5757599, 7.3261499 ], [ 134.575790399999988, 7.3262887 ], [ 134.575943, 7.3264751 ], [ 134.5760956, 7.3266807 ], [ 134.5762329, 7.3269081 ], [ 134.5764618, 7.3272748 ], [ 134.576614400000011, 7.3274694 ], [ 134.5769043, 7.3278499 ], [ 134.577102700000012, 7.3280859 ], [ 134.5771484, 7.3282085 ], [ 134.5771332, 7.3284669 ], [ 134.576980600000013, 7.3288555 ], [ 134.576965300000012, 7.3290305 ], [ 134.5768433, 7.3298082 ], [ 134.5767059, 7.3300057 ], [ 134.5765381, 7.3302331 ], [ 134.5764465, 7.3303723 ], [ 134.576370200000014, 7.3305359 ], [ 134.5763397, 7.3307085 ], [ 134.576263399999988, 7.3307943 ], [ 134.5759888, 7.3308697 ], [ 134.5758667, 7.3310447 ], [ 134.575897200000014, 7.3311749 ], [ 134.5760651, 7.3313918 ], [ 134.5762177, 7.3314891 ], [ 134.576355, 7.3315415 ], [ 134.5764313, 7.3316498 ], [ 134.576400799999988, 7.3318029 ], [ 134.5763092, 7.3319416 ], [ 134.5760651, 7.3324528 ], [ 134.5759735, 7.3325725 ], [ 134.575805699999989, 7.3326778 ], [ 134.5756226, 7.3327332 ], [ 134.57547, 7.3326888 ], [ 134.5753937, 7.332614 ], [ 134.575317399999989, 7.3325057 ], [ 134.5752411, 7.3323751 ], [ 134.5751343, 7.3322554 ], [ 134.5750122, 7.3321586 ], [ 134.5749054, 7.3320613 ], [ 134.574813799999987, 7.3319416 ], [ 134.5747376, 7.3317919 ], [ 134.574707, 7.3316169 ], [ 134.57467650000001, 7.3314667 ], [ 134.57467650000001, 7.3313141 ], [ 134.574691800000011, 7.3311749 ], [ 134.5747376, 7.3310447 ], [ 134.574829099999988, 7.330914 ], [ 134.574935900000014, 7.3308058 ], [ 134.5750275, 7.3307085 ], [ 134.5751495, 7.3305998 ], [ 134.575302099999988, 7.3304582 ], [ 134.5753937, 7.3303304 ], [ 134.5754852, 7.3302331 ], [ 134.5755615, 7.3301334 ], [ 134.5755615, 7.3298416 ], [ 134.575408900000014, 7.3297 ], [ 134.5752411, 7.3296251 ], [ 134.5751038, 7.3295722 ], [ 134.574813799999987, 7.3295722 ], [ 134.5746307, 7.3296137 ], [ 134.574478199999987, 7.3296804 ], [ 134.5743713, 7.3297224 ], [ 134.5740204, 7.3299499 ], [ 134.5738068, 7.3299947 ], [ 134.5736694, 7.3298974 ], [ 134.5735321, 7.3296919 ], [ 134.573394799999988, 7.3295279 ], [ 134.5731506, 7.3293891 ], [ 134.572906499999988, 7.3292999 ], [ 134.5726929, 7.3292141 ], [ 134.5724487, 7.3291054 ], [ 134.5722351, 7.3290415 ], [ 134.572052, 7.3290081 ], [ 134.5720062, 7.3289332 ], [ 134.5720062, 7.328814 ], [ 134.5720215, 7.3287058 ], [ 134.572052, 7.3285861 ], [ 134.5721893, 7.3284669 ], [ 134.572433499999988, 7.3282723 ], [ 134.5724945, 7.3282137 ], [ 134.572540299999986, 7.3281641 ], [ 134.5727539, 7.3280668 ], [ 134.572937, 7.3279862 ] ] } },
{ "type": "Feature", "properties": { "RCID": 4943, "PRIM": 2, "GRUP": 2, "OBJL": 43, "RVER": 1, "AGEN": 550, "FIDN": 579031687, "FIDS": 9, "LNAM": "0226228352870009", "LNAM_REFS": null, "FFPT_RIND": null, "VALDCO": 5.0, "VERDAT": null, "INFORM": null, "NINFOM": null, "NTXTDS": null, "SCAMAX": null, "SCAMIN": 44999, "TXTDSC": null, "RECDAT": null, "RECIND": null, "SORDAT": null, "SORIND": null, "hypcat": null, "_enc_cell": "US4TB3P0" }, "geometry": { "type": "LineString", "coordinates": [ [ 134.580825800000014, 7.3481693 ], [ 134.58107, 7.3480473 ], [ 134.581329399999987, 7.3480334 ], [ 134.581543, 7.3481693 ], [ 134.5815735, 7.348289 ], [ 134.5817566, 7.3483834 ], [ 134.582016, 7.3483834 ], [ 134.5822296, 7.3484778 ] ] } },
{ "type": "Feature", "properties": { "RCID": 4944, "PRIM": 2, "GRUP": 2, "OBJL": 43, "RVER": 1, "AGEN": 550, "FIDN": 100366165, "FIDS": 9, "LNAM": "022605FB77550009", "LNAM_REFS": null, "FFPT_RIND": null, "VALDCO": 2.0, "VERDAT": null, "INFORM": null, "NINFOM": null, "NTXTDS": null, "SCAMAX": null, "SCAMIN": 44999, "TXTDSC": null, "RECDAT": null, "RECIND": null, "SORDAT": null, "SORIND": null, "hypcat": null, "_enc_cell": "US4TB3P0" }, "geometry": { "type": "LineString", "coordinates": [ [ 134.587738, 7.3481307 ], [ 134.5875397, 7.3478804 ], [ 134.5871277, 7.3477669 ], [ 134.5868988, 7.3478055 ], [ 134.5867615, 7.3479137 ], [ 134.58633420000001, 7.3482666 ] ] } },
{ "type": "Feature", "properties": { "RCID": 4945, "PRIM": 2, "GRUP": 2, "OBJL": 43, "RVER": 1, "AGEN": 550, "FIDN": 549879228, "FIDS": 9, "LNAM": "022620C67DBC0009", "LNAM_REFS": null, "FFPT_RIND": null, "VALDCO": 50.0, "VERDAT": null, "INFORM": null, "NINFOM": null, "NTXTDS": null, "SCAMAX": null, "SCAMIN": 44999, "TXTDSC": null, "RECDAT": null, "RECIND": null, "SORDAT": null, "SORIND": null, "hypcat": null, "_enc_cell": "US4TB3P0" }, "geometry": { "type": "LineString", "coordinates": [ [ 134.5984039, 7.3728252 ], [ 134.5983124, 7.3731804 ], [ 134.598144499999989, 7.3736138 ], [ 134.5978699, 7.3739696 ], [ 134.5977173, 7.3741999 ], [ 134.5974426, 7.3744526 ], [ 134.5971375, 7.3746581 ], [ 134.596756, 7.3748612 ], [ 134.5965271, 7.3749638 ], [ 134.59620670000001, 7.374939 ] ] } },
{ "type": "Feature", "properties": { "RCID": 4946, "PRIM": 2, "GRUP": 2, "OBJL": 43, "RVER": 1, "AGEN": 550, "FIDN": 35631396, "FIDS": 9, "LNAM": "0226021FB1240009", "LNAM_REFS": null, "FFPT_RIND": null, "VALDCO": 30.0, "VERDAT": null, "INFORM": null, "NINFOM": null, "NTXTDS": null, "SCAMAX": null, "SCAMIN": 89999, "TXTDSC": null, "RECDAT": null, "RECIND": null, "SORDAT": null, "SORIND": null, "hypcat": null, "_enc_cell": "US4TB3P0" }, "geometry": { "type": "LineString", "coordinates": [ [ 134.599456800000013, 7.3517585 ], [ 134.5993195, 7.3518944 ], [ 134.5992584, 7.3522387 ], [ 134.599243199999989, 7.3525696 ], [ 134.5993805, 7.3528085 ], [ 134.5997315, 7.3532972 ], [ 134.5997538, 7.3533563 ], [ 134.599823, 7.353539 ], [ 134.5999908, 7.3538723 ], [ 134.5997315, 7.3541141 ], [ 134.5996857, 7.3542557 ], [ 134.599243199999989, 7.3543415 ] ] } },
{ "type": "Feature", "properties": { "RCID": 4947, "PRIM": 2, "GRUP": 2, "OBJL": 43, "RVER": 1, "AGEN": 550, "FIDN": 780610170, "FIDS": 9, "LNAM": "02262E872A7A0009", "LNAM_REFS": null, "FFPT_RIND": null, "VALDCO": 5.0, "VERDAT": null, "INFORM": null, "NINFOM": null, "NTXTDS": null, "SCAMAX": null, "SCAMIN": 44999, "TXTDSC": null, "RECDAT": null, "RECIND": null, "SORDAT": null, "SORIND": null, "hypcat": null, "_enc_cell": "US4TB3P0" }, "geometry": { "type": "LineString", "coordinates": [ [ 134.60195920000001, 7.360539 ], [ 134.6020355, 7.3606334 ], [ 134.6021881, 7.3607693 ], [ 134.602356, 7.3608918 ], [ 134.602722199999988, 7.3610807 ], [ 134.6031189, 7.3613558 ], [ 134.603302, 7.3615556 ], [ 134.6033936, 7.3618026 ], [ 134.6033783, 7.362011 ], [ 134.603302, 7.3622141 ], [ 134.603210499999989, 7.3623362 ], [ 134.603073099999989, 7.3624501 ], [ 134.6023712, 7.3628807 ] ] } },
{ "type": "Feature", "properties": { "RCID": 4948, "PRIM": 2, "GRUP": 2, "OBJL": 43, "RVER": 1, "AGEN": 550, "FIDN": 543926550, "FIDS": 9, "LNAM": "0226206BA9160009", "LNAM_REFS": null, "FFPT_RIND": null, "VALDCO": 20.0, "VERDAT": null, "INFORM": null, "NINFOM": null, "NTXTDS": null, "SCAMAX": null, "SCAMIN": 44999, "TXTDSC": null, "RECDAT": null, "RECIND": null, "SORDAT": null, "SORIND": null, "hypcat": null, "_enc_cell": "US4TB3P0" }, "geometry": { "type": "LineString", "coordinates": [ [ 134.6032257, 7.3490167 ], [ 134.6031647, 7.3493362 ], [ 134.603179899999986, 7.3495336 ], [ 134.6032715, 7.3496389 ], [ 134.6034546, 7.3496637 ], [ 134.603683499999988, 7.3496637 ] ] } },
{ "type": "Feature", "properties": { "RCID": 4949, "PRIM": 2, "GRUP": 2, "OBJL": 43, "RVER": 1, "AGEN": 550, "FIDN": 297203225, "FIDS": 9, "LNAM": "022611B6F6190009", "LNAM_REFS": null, "FFPT_RIND": null, "VALDCO": 30.0, "VERDAT": null, "INFORM": null, "NINFOM": null, "NTXTDS": null, "SCAMAX": null, "SCAMIN": 89999, "TXTDSC": null, "RECDAT": null, "RECIND": null, "SORDAT": null, "SORIND": null, "hypcat": null, "_enc_cell": "US4TB3P0" }, "geometry": { "type": "LineString", "coordinates": [ [ 134.604599, 7.3738446 ], [ 134.604278599999986, 7.3737669 ], [ 134.6039887, 7.3737168 ], [ 134.6037445, 7.3735609 ], [ 134.6034851, 7.3733583 ], [ 134.603302, 7.3731556 ], [ 134.6031189, 7.3728752 ], [ 134.6028442, 7.3725443 ], [ 134.6027374, 7.3723388 ], [ 134.6024933, 7.3720861 ], [ 134.6022034, 7.3718834 ], [ 134.602005, 7.3717279 ], [ 134.6018219, 7.3716526 ], [ 134.601471, 7.3716526 ], [ 134.601257299999986, 7.3716779 ], [ 134.601059, 7.3717804 ], [ 134.600784299999987, 7.3719583 ], [ 134.6004486, 7.372314 ], [ 134.6001129, 7.3725696 ], [ 134.599838299999988, 7.3726473 ], [ 134.5996094, 7.3726721 ], [ 134.5993042, 7.3726721 ], [ 134.598861699999986, 7.3726473 ], [ 134.598480200000012, 7.3725443 ], [ 134.5982361, 7.3724418 ], [ 134.598022500000013, 7.3722639 ], [ 134.5978394, 7.3720331 ], [ 134.5976105, 7.3716278 ] ] } },
{ "type": "Feature", "properties": { "RCID": 4950, "PRIM": 2, "GRUP": 2, "OBJL": 43, "RVER": 1, "AGEN": 550, "FIDN": 642039815, "FIDS": 9, "LNAM": "02262644C0070009", "LNAM_REFS": null, "FFPT_RIND": null, "VALDCO": 20.0, "VERDAT": null, "INFORM": null, "NINFOM": null, "NTXTDS": null, "SCAMAX": null, "SCAMIN": 44999, "TXTDSC": null, "RECDAT": null, "RECIND": null, "SORDAT": null, "SORIND": null, "hypcat": null, "_enc_cell": "US4TB3P0" }, "geometry": { "type": "LineString", "coordinates": [ [ 134.603668199999987, 7.3507834 ], [ 134.6037445, 7.3510332 ], [ 134.6038055, 7.3512416 ], [ 134.6039276, 7.3513804 ], [ 134.6040955, 7.3514471 ], [ 134.6043396, 7.3514805 ], [ 134.6045532, 7.3514724 ], [ 134.60466, 7.3515444 ], [ 134.604751599999986, 7.3516946 ], [ 134.604766899999987, 7.3518333 ], [ 134.6048279, 7.351964 ], [ 134.60495, 7.3521276 ], [ 134.605117799999988, 7.3522334 ], [ 134.605239899999987, 7.3523083 ], [ 134.605331400000011, 7.3524804 ], [ 134.6052856, 7.3526363 ], [ 134.6051636, 7.3527832 ], [ 134.6049347, 7.3528752 ], [ 134.6046906, 7.3528915 ], [ 134.6045685, 7.3528805 ], [ 134.60449220000001, 7.3529029 ], [ 134.6044312, 7.3529778 ], [ 134.6044006, 7.3531418 ], [ 134.6044159, 7.3533387 ], [ 134.6045227, 7.3534861 ], [ 134.6047058, 7.3535333 ], [ 134.6048889, 7.3535833 ], [ 134.605072, 7.3536248 ], [ 134.6053162, 7.3537307 ], [ 134.6055603, 7.3539276 ] ] } },
{ "type": "Feature", "properties": { "RCID": 4951, "PRIM": 2, "GRUP": 2, "OBJL": 43, "RVER": 1, "AGEN": 550, "FIDN": 429490518, "FIDS": 9, "LNAM": "0226199981560009", "LNAM_REFS": null, "FFPT_RIND": null, "VALDCO": 10.0, "VERDAT": null, "INFORM": null, "NINFOM": null, "NTXTDS": null, "SCAMAX": null, "SCAMIN": 44999, "TXTDSC": null, "RECDAT": null, "RECIND": null, "SORDAT": null, "SORIND": null, "hypcat": null, "_enc_cell": "US4TB3P0" }, "geometry": { "type": "LineString", "coordinates": [ [ 134.6066284, 7.3713222 ], [ 134.6063995, 7.3713002 ], [ 134.606185900000014, 7.3712249 ], [ 134.605804400000011, 7.3709083 ], [ 134.605331400000011, 7.3704443 ], [ 134.605011, 7.370286 ], [ 134.6048126, 7.3702388 ], [ 134.60449220000001, 7.3702388 ], [ 134.6042938, 7.370275 ], [ 134.6040955, 7.3704109 ], [ 134.6039429, 7.3706112 ], [ 134.603912400000013, 7.3706889 ], [ 134.6038513, 7.3710222 ], [ 134.6038666, 7.3711944 ], [ 134.6039429, 7.3714113 ], [ 134.604263300000014, 7.3718944 ], [ 134.6045837, 7.3722582 ], [ 134.604858400000012, 7.3726721 ] ] } },
{ "type": "Feature", "properties": { "RCID": 4952, "PRIM": 2, "GRUP": 2, "OBJL": 43, "RVER": 1, "AGEN": 550, "FIDN": 552112956, "FIDS": 9, "LNAM": "022620E8933C0009", "LNAM_REFS": null, "FFPT_RIND": null, "VALDCO": 20.0, "VERDAT": null, "INFORM": null, "NINFOM": null, "NTXTDS": null, "SCAMAX": null, "SCAMIN": 44999, "TXTDSC": null, "RECDAT": null, "RECIND": null, "SORDAT": null, "SORIND": null, "hypcat": null, "_enc_cell": "US4TB3P0" }, "geometry": { "type": "LineString", "coordinates": [ [ 134.6070862, 7.3683057 ], [ 134.6070709, 7.3681307 ], [ 134.6069946, 7.3678308 ], [ 134.6067352, 7.3674612 ], [ 134.606567399999989, 7.3673167 ], [ 134.606430100000011, 7.3672609 ], [ 134.6062775, 7.36725 ], [ 134.606079099999988, 7.3672915 ], [ 134.605941800000011, 7.3673639 ], [ 134.6057892, 7.3675027 ], [ 134.6056671, 7.3676748 ], [ 134.605606099999989, 7.3678474 ], [ 134.6055756, 7.3681083 ], [ 134.6056671, 7.3683667 ], [ 134.6057434, 7.3685055 ], [ 134.6058807, 7.3686557 ], [ 134.6061249, 7.3687553 ], [ 134.6063232, 7.3687916 ], [ 134.6065216, 7.3687863 ], [ 134.606658900000014, 7.3687553 ], [ 134.6069336, 7.368578 ], [ 134.6070862, 7.3683057 ] ] } },
{ "type": "Feature", "properties": { "RCID": 4953, "PRIM": 2, "GRUP": 2, "OBJL": 43, "RVER": 1, "AGEN": 550, "FIDN": 901563607, "FIDS": 9, "LNAM": "022635BCC4D70009", "LNAM_REFS": null, "FFPT_RIND": null, "VALDCO": 10.0, "VERDAT": null, "INFORM": null, "NINFOM": null, "NTXTDS": null, "SCAMAX": null, "SCAMIN": 44999, "TXTDSC": null, "RECDAT": null, "RECIND": null, "SORDAT": null, "SORIND": null, "hypcat": null, "_enc_cell": "US4TB3P0" }, "geometry": { "type": "LineString", "coordinates": [ [ 134.611969, 7.3547306 ], [ 134.61183170000001, 7.3545666 ], [ 134.6117554, 7.3543167 ], [ 134.6117554, 7.3531303 ], [ 134.611724900000013, 7.3528891 ], [ 134.611618, 7.3526554 ], [ 134.6114502, 7.3524251 ], [ 134.611236600000012, 7.3522029 ], [ 134.6108246, 7.3519111 ], [ 134.6102905, 7.3517389 ], [ 134.610061699999989, 7.3517113 ], [ 134.6089325, 7.3519001 ], [ 134.6084137, 7.3518777 ] ] } },
{ "type": "Feature", "properties": { "RCID": 4954, "PRIM": 2, "GRUP": 2, "OBJL": 43, "RVER": 1, "AGEN": 550, "FIDN": 202314486, "FIDS": 9, "LNAM": "02260C0F12F60009", "LNAM_REFS": null, "FFPT_RIND": null, "VALDCO": 100.0, "VERDAT": null, "INFORM": null, "NINFOM": null, "NTXTDS": null, "SCAMAX": null, "SCAMIN": 44999, "TXTDSC": null, "RECDAT": null, "RECIND": null, "SORDAT": null, "SORIND": null, "hypcat": null, "_enc_cell": "US4TB3P0" }, "geometry": { "type": "LineString", "coordinates": [ [ 134.6122437, 7.3495388 ], [ 134.6131897, 7.3499889 ], [ 134.6140442, 7.3506918 ], [ 134.615463299999988, 7.3522778 ] ] } },
{ "type": "Feature", "properties": { "RCID": 4955, "PRIM": 2, "GRUP": 2, "OBJL": 43, "RVER": 1, "AGEN": 550, "FIDN": 822785138, "FIDS": 9, "LNAM": "0226310AB4720009", "LNAM_REFS": null, "FFPT_RIND": null, "VALDCO": 30.0, "VERDAT": null, "INFORM": null, "NINFOM": null, "NTXTDS": null, "SCAMAX": null, "SCAMIN": 89999, "TXTDSC": null, "RECDAT": null, "RECIND": null, "SORDAT": null, "SORIND": null, "hypcat": null, "_enc_cell": "US4TB3P0" }, "geometry": { "type": "LineString", "coordinates": [ [ 134.610168499999986, 7.3736887 ], [ 134.6105957, 7.3735113 ], [ 134.611129799999986, 7.373425 ], [ 134.61134340000001, 7.3734527 ], [ 134.611618, 7.3734832 ], [ 134.6119385, 7.3736305 ], [ 134.6120148, 7.3735805 ], [ 134.6124878, 7.3737168 ], [ 134.6130219, 7.3739834 ], [ 134.6133423, 7.3741889 ], [ 134.6136627, 7.3744278 ], [ 134.6141663, 7.374989 ], [ 134.6147614, 7.3755221 ], [ 134.6151428, 7.3759055 ], [ 134.61586, 7.376389 ], [ 134.6165924, 7.3767972 ] ] } },
{ "type": "Feature", "properties": { "RCID": 4956, "PRIM": 2, "GRUP": 2, "OBJL": 43, "RVER": 1, "AGEN": 550, "FIDN": 996995116, "FIDS": 9, "LNAM": "02263B6CF02C0009", "LNAM_REFS": null, "FFPT_RIND": null, "VALDCO": 10.0, "VERDAT": null, "INFORM": null, "NINFOM": null, "NTXTDS": null, "SCAMAX": null, "SCAMIN": 44999, "TXTDSC": null, "RECDAT": null, "RECIND": null, "SORDAT": null, "SORIND": null, "hypcat": null, "_enc_cell": "US4TB3P0" }, "geometry": { "type": "LineString", "coordinates": [ [ 134.616333, 7.3733945 ], [ 134.6165619, 7.3734026 ], [ 134.6166992, 7.3734498 ], [ 134.616897599999987, 7.3735776 ], [ 134.616989100000012, 7.373703 ], [ 134.6170502, 7.3739057 ], [ 134.6170502, 7.3740807 ], [ 134.617019699999986, 7.3741918 ], [ 134.6168213, 7.3744974 ], [ 134.6167145, 7.3745861 ], [ 134.6165466, 7.3746276 ], [ 134.616333, 7.3746138 ], [ 134.616165200000012, 7.3745556 ], [ 134.616027800000012, 7.3744612 ], [ 134.6158447, 7.3742471 ], [ 134.615799, 7.3740807 ], [ 134.615814199999988, 7.3738723 ], [ 134.61586, 7.3737474 ], [ 134.6160736, 7.3735027 ], [ 134.616333, 7.3733945 ] ] } },
{ "type": "Feature", "properties": { "RCID": 4957, "PRIM": 2, "GRUP": 2, "OBJL": 43, "RVER": 1, "AGEN": 550, "FIDN": 521222669, "FIDS": 9, "LNAM": "02261F113A0D0009", "LNAM_REFS": null, "FFPT_RIND": null, "VALDCO": 10.0, "VERDAT": null, "INFORM": null, "NINFOM": null, "NTXTDS": null, "SCAMAX": null, "SCAMIN": 44999, "TXTDSC": null, "RECDAT": null, "RECIND": null, "SORDAT": null, "SORIND": null, "hypcat": null, "_enc_cell": "US4TB3P0" }, "geometry": { "type": "LineString", "coordinates": [ [ 134.625778200000013, 7.3713222 ], [ 134.625778200000013, 7.3704252 ], [ 134.625824, 7.3701334 ], [ 134.6260834, 7.3689303 ], [ 134.6260834, 7.3686943 ], [ 134.6260529, 7.3683863 ], [ 134.6259308, 7.3680944 ], [ 134.6254425, 7.3671832 ], [ 134.6253662, 7.3670888 ], [ 134.6249847, 7.3663387 ], [ 134.6242981, 7.3651195 ], [ 134.6235504, 7.3638778 ], [ 134.62347410000001, 7.36375 ], [ 134.6229858, 7.3630586 ], [ 134.6228333, 7.362886 ], [ 134.6227112, 7.362761 ], [ 134.622283900000014, 7.3624859 ], [ 134.621521, 7.3620639 ], [ 134.6209106, 7.3617697 ], [ 134.6206513, 7.3615971 ] ] } },
{ "type": "Feature", "properties": { "RCID": 5137, "PRIM": 2, "GRUP": 2, "OBJL": 43, "RVER": 1, "AGEN": 550, "FIDN": 943272172, "FIDS": 9, "LNAM": "0226383930EC0009", "LNAM_REFS": null, "FFPT_RIND": null, "VALDCO": 10.0, "VERDAT": null, "INFORM": null, "NINFOM": null, "NTXTDS": null, "SCAMAX": null, "SCAMIN": 44999, "TXTDSC": null, "RECDAT": null, "RECIND": null, "SORDAT": null, "SORIND": null, "hypcat": null, "_enc_cell": "US4TB3P0" }, "geometry": { "type": "LineString", "coordinates": [ [ 134.4908295, 7.3816776 ], [ 134.49086, 7.3815498 ], [ 134.4908752, 7.3814473 ], [ 134.490921, 7.3813529 ], [ 134.491027800000012, 7.3811946 ], [ 134.491058399999986, 7.381114 ], [ 134.491058399999986, 7.3810306 ], [ 134.4910126, 7.3808694 ], [ 134.4910126, 7.3808417 ] ] } },
{ "type": "Feature", "properties": { "RCID": 5145, "PRIM": 2, "GRUP": 2, "OBJL": 43, "RVER": 1, "AGEN": 550, "FIDN": 762151271, "FIDS": 9, "LNAM": "02262D6D81670009", "LNAM_REFS": null, "FFPT_RIND": null, "VALDCO": 20.0, "VERDAT": null, "INFORM": null, "NINFOM": null, "NTXTDS": null, "SCAMAX": null, "SCAMIN": 44999, "TXTDSC": null, "RECDAT": null, "RECIND": null, "SORDAT": null, "SORIND": null, "hypcat": null, "_enc_cell": "US4TB3P0" }, "geometry": { "type": "LineString", "coordinates": [ [ 134.4916534, 7.2796502 ], [ 134.49162290000001, 7.2797723 ], [ 134.49162290000001, 7.2798777 ], [ 134.4916687, 7.2800169 ], [ 134.491745, 7.2801085 ], [ 134.4919434, 7.2803083 ], [ 134.4920654, 7.2803998 ], [ 134.492218, 7.2804971 ], [ 134.4923401, 7.2805529 ], [ 134.492477400000013, 7.2805972 ], [ 134.49263, 7.2806277 ], [ 134.4928131, 7.280622 ], [ 134.4929047, 7.2805915 ], [ 134.493042, 7.2804833 ], [ 134.493103, 7.2803779 ], [ 134.4931488, 7.2801557 ], [ 134.4931488, 7.279964 ], [ 134.4929962, 7.2798028 ], [ 134.492691, 7.2795334 ], [ 134.49258420000001, 7.2794056 ], [ 134.492477400000013, 7.2792974 ], [ 134.4923554, 7.2792363 ], [ 134.492248499999988, 7.2792277 ], [ 134.492126500000012, 7.2792139 ] ] } },
{ "type": "Feature", "properties": { "RCID": 5148, "PRIM": 2, "GRUP": 2, "OBJL": 43, "RVER": 1, "AGEN": 550, "FIDN": 435419478, "FIDS": 9, "LNAM": "022619F3F9560009", "LNAM_REFS": null, "FFPT_RIND": null, "VALDCO": 20.0, "VERDAT": null, "INFORM": null, "NINFOM": null, "NTXTDS": null, "SCAMAX": null, "SCAMIN": 44999, "TXTDSC": null, "RECDAT": null, "RECIND": null, "SORDAT": null, "SORIND": null, "hypcat": null, "_enc_cell": "US4TB3P0" }, "geometry": { "type": "LineString", "coordinates": [ [ 134.49703980000001, 7.2937694 ], [ 134.497192399999989, 7.2937999 ], [ 134.497283900000014, 7.2938724 ], [ 134.4973297, 7.294003 ], [ 134.497314499999987, 7.2941613 ], [ 134.497283900000014, 7.2942638 ], [ 134.4972229, 7.2943668 ], [ 134.4971314, 7.2944861 ], [ 134.49703980000001, 7.2945919 ], [ 134.4968414, 7.2948251 ], [ 134.4967346, 7.2949362 ], [ 134.496582, 7.295053 ], [ 134.496521, 7.2951112 ], [ 134.4964142, 7.2951694 ], [ 134.4962769, 7.295197 ], [ 134.4961243, 7.295197 ], [ 134.4960327, 7.2951779 ], [ 134.4959412, 7.295125 ], [ 134.495864899999987, 7.2950387 ], [ 134.4958191, 7.2949166 ], [ 134.4958344, 7.2947002 ], [ 134.4958801, 7.2945442 ], [ 134.4959869, 7.2943749 ], [ 134.4961395, 7.2942305 ], [ 134.496231099999989, 7.2941141 ], [ 134.496353199999987, 7.2940307 ], [ 134.4965363, 7.2939196 ], [ 134.496688799999987, 7.2938418 ], [ 134.4968414, 7.2937889 ], [ 134.49703980000001, 7.2937694 ] ] } },
{ "type": "Feature", "properties": { "RCID": 5151, "PRIM": 2, "GRUP": 2, "OBJL": 43, "RVER": 1, "AGEN": 550, "FIDN": 749826980, "FIDS": 9, "LNAM": "02262CB173A40009", "LNAM_REFS": null, "FFPT_RIND": null, "VALDCO": 10.0, "VERDAT": null, "INFORM": null, "NINFOM": null, "NTXTDS": null, "SCAMAX": null, "SCAMIN": 44999, "TXTDSC": null, "RECDAT": null, "RECIND": null, "SORDAT": null, "SORIND": null, "hypcat": null, "_enc_cell": "US4TB3P0" }, "geometry": { "type": "LineString", "coordinates": [ [ 134.5005035, 7.368886 ], [ 134.500412, 7.3689361 ], [ 134.5002289, 7.3690696 ], [ 134.500076299999989, 7.3692222 ], [ 134.5, 7.3692832 ], [ 134.4998932, 7.3693752 ], [ 134.4997253, 7.369586 ], [ 134.49957280000001, 7.3698444 ], [ 134.4994812, 7.3700361 ], [ 134.4993897, 7.3701611 ], [ 134.4991913, 7.3703027 ], [ 134.498962400000011, 7.3704 ], [ 134.4987793, 7.3704085 ], [ 134.4984589, 7.3704085 ], [ 134.498260499999986, 7.3704944 ], [ 134.498138399999988, 7.3705721 ], [ 134.4980469, 7.3707557 ], [ 134.4979553, 7.3709359 ], [ 134.4978638, 7.3711085 ], [ 134.497772200000014, 7.3712916 ], [ 134.497665399999988, 7.3714333 ], [ 134.4975891, 7.3715391 ], [ 134.497467, 7.3716641 ], [ 134.4973602, 7.3717613 ], [ 134.4972534, 7.3719111 ] ] } },
{ "type": "Feature", "properties": { "RCID": 5153, "PRIM": 2, "GRUP": 2, "OBJL": 43, "RVER": 1, "AGEN": 550, "FIDN": 91387034, "FIDS": 9, "LNAM": "02260572749A0009", "LNAM_REFS": null, "FFPT_RIND": null, "VALDCO": 2.0, "VERDAT": null, "INFORM": null, "NINFOM": null, "NTXTDS": null, "SCAMAX": null, "SCAMIN": 44999, "TXTDSC": null, "RECDAT": null, "RECIND": null, "SORDAT": null, "SORIND": null, "hypcat": null, "_enc_cell": "US4TB3P0" }, "geometry": { "type": "LineString", "coordinates": [ [ 134.502594, 7.3607335 ], [ 134.5026398, 7.3605723 ], [ 134.502716099999986, 7.3603277 ], [ 134.5027771, 7.3601666 ], [ 134.50292970000001, 7.3600388 ] ] } },
{ "type": "Feature", "properties": { "RCID": 5154, "PRIM": 2, "GRUP": 2, "OBJL": 43, "RVER": 1, "AGEN": 550, "FIDN": 590560347, "FIDS": 9, "LNAM": "022623333C5B0009", "LNAM_REFS": null, "FFPT_RIND": null, "VALDCO": 30.0, "VERDAT": null, "INFORM": null, "NINFOM": null, "NTXTDS": null, "SCAMAX": null, "SCAMIN": 89999, "TXTDSC": null, "RECDAT": null, "RECIND": null, "SORDAT": null, "SORIND": null, "hypcat": null, "_enc_cell": "US4TB3P0" }, "geometry": { "type": "LineString", "coordinates": [ [ 134.503173800000013, 7.3626137 ], [ 134.5033264, 7.3628359 ], [ 134.5038757, 7.3631196 ], [ 134.5040131, 7.3632054 ], [ 134.504043599999989, 7.3634558 ], [ 134.5040588, 7.3636417 ], [ 134.5039978, 7.36375 ], [ 134.5037994, 7.3639641 ], [ 134.503479, 7.3642917 ], [ 134.503204399999987, 7.364975 ], [ 134.503204399999987, 7.365025 ], [ 134.503189099999986, 7.3651528 ], [ 134.503189099999986, 7.3651586 ], [ 134.503189099999986, 7.3651748 ], [ 134.503173800000013, 7.3652859 ], [ 134.5031281, 7.365489 ], [ 134.5029755, 7.3658419 ], [ 134.50292970000001, 7.3661223 ] ] } },
{ "type": "Feature", "properties": { "RCID": 5155, "PRIM": 2, "GRUP": 2, "OBJL": 43, "RVER": 1, "AGEN": 550, "FIDN": 762883718, "FIDS": 9, "LNAM": "02262D78AE860009", "LNAM_REFS": null, "FFPT_RIND": null, "VALDCO": 2.0, "VERDAT": null, "INFORM": null, "NINFOM": null, "NTXTDS": null, "SCAMAX": null, "SCAMIN": 44999, "TXTDSC": null, "RECDAT": null, "RECIND": null, "SORDAT": null, "SORIND": null, "hypcat": null, "_enc_cell": "US4TB3P0" }, "geometry": { "type": "LineString", "coordinates": [ [ 134.5049439, 7.3582168 ], [ 134.5046539, 7.3579917 ], [ 134.504394499999989, 7.3578415 ], [ 134.5042267, 7.3577776 ], [ 134.5039368, 7.3577471 ], [ 134.5037537, 7.3577585 ], [ 134.5036011, 7.357811 ], [ 134.5033264, 7.3578749 ], [ 134.503204399999987, 7.357811 ], [ 134.503173800000013, 7.3576722 ], [ 134.503204399999987, 7.3574581 ], [ 134.503311200000013, 7.3571806 ], [ 134.5034638, 7.3569665 ], [ 134.5036316, 7.3568196 ], [ 134.503784200000013, 7.3567638 ] ] } },
{ "type": "Feature", "properties": { "RCID": 5156, "PRIM": 2, "GRUP": 2, "OBJL": 43, "RVER": 1, "AGEN": 550, "FIDN": 272942135, "FIDS": 9, "LNAM": "02261044C4370009", "LNAM_REFS": null, "FFPT_RIND": null, "VALDCO": 2.0, "VERDAT": null, "INFORM": null, "NINFOM": null, "NTXTDS": null, "SCAMAX": null, "SCAMIN": 44999, "TXTDSC": null, "RECDAT": null, "RECIND": null, "SORDAT": null, "SORIND": null, "hypcat": null, "_enc_cell": "US4TB3P0" }, "geometry": { "type": "LineString", "coordinates": [ [ 134.5057831, 7.3055029 ], [ 134.5057678, 7.3053694 ], [ 134.50581360000001, 7.3052669 ], [ 134.505966199999989, 7.3052445 ], [ 134.506012, 7.3052583 ], [ 134.506057700000014, 7.3054252 ], [ 134.506012, 7.3055668 ], [ 134.5058899, 7.3055806 ], [ 134.5057831, 7.3055029 ] ] } },
{ "type": "Feature", "properties": { "RCID": 5157, "PRIM": 2, "GRUP": 2, "OBJL": 43, "RVER": 1, "AGEN": 550, "FIDN": 169544562, "FIDS": 9, "LNAM": "02260A1B0B720009", "LNAM_REFS": null, "FFPT_RIND": null, "VALDCO": 20.0, "VERDAT": null, "INFORM": null, "NINFOM": null, "NTXTDS": null, "SCAMAX": null, "SCAMIN": 44999, "TXTDSC": null, "RECDAT": null, "RECIND": null, "SORDAT": null, "SORIND": null, "hypcat": null, "_enc_cell": "US4TB3P0" }, "geometry": { "type": "LineString", "coordinates": [ [ 134.485137900000012, 7.2657805 ], [ 134.4852142, 7.2659555 ], [ 134.485321, 7.2661085 ], [ 134.4854431, 7.266211 ], [ 134.4858093, 7.2663474 ], [ 134.4859161, 7.266386 ], [ 134.486007699999988, 7.2664194 ], [ 134.486114500000014, 7.266511 ], [ 134.4862061, 7.266614 ], [ 134.4862976, 7.266747 ], [ 134.486557, 7.2670169 ], [ 134.4866638, 7.2671723 ], [ 134.4868164, 7.267314 ], [ 134.4871368, 7.2676749 ], [ 134.4872742, 7.2677889 ], [ 134.4875946, 7.2679138 ], [ 134.487808199999989, 7.2680168 ], [ 134.4879608, 7.2680974 ], [ 134.488037100000014, 7.2681446 ], [ 134.488143900000011, 7.2682109 ], [ 134.488266, 7.2683139 ], [ 134.4883881, 7.2684584 ], [ 134.488525399999986, 7.2686248 ], [ 134.4886627, 7.2688084 ], [ 134.488754300000011, 7.2689748 ], [ 134.488876299999987, 7.2691612 ], [ 134.4889832, 7.2693138 ], [ 134.4890289, 7.2694502 ], [ 134.4890442, 7.2694807 ], [ 134.489105200000012, 7.2696638 ], [ 134.4891815, 7.2698193 ], [ 134.4893494, 7.2700472 ], [ 134.4895325, 7.2702332 ], [ 134.489715600000011, 7.2703862 ], [ 134.489959700000014, 7.2705002 ], [ 134.490387, 7.2707472 ], [ 134.490463299999988, 7.2707834 ], [ 134.4904785, 7.2707887 ], [ 134.4908752, 7.2709222 ], [ 134.4913178, 7.2710667 ], [ 134.491531400000014, 7.2711582 ], [ 134.491897599999987, 7.2713056 ], [ 134.492157, 7.2713971 ], [ 134.4924622, 7.2714777 ], [ 134.4928131, 7.2715306 ], [ 134.4929047, 7.271625 ], [ 134.4930573, 7.2717972 ], [ 134.493072500000011, 7.2718196 ], [ 134.493087800000012, 7.2718611 ], [ 134.4931183, 7.2719832 ], [ 134.493209799999988, 7.2721195 ], [ 134.4933167, 7.2722001 ], [ 134.493454, 7.2722416 ], [ 134.4936066, 7.2722721 ], [ 134.493804899999986, 7.2723141 ], [ 134.4939728, 7.2723332 ], [ 134.4940033, 7.2723332 ], [ 134.494171099999988, 7.272325 ], [ 134.494415299999986, 7.2723026 ], [ 134.4945679, 7.2722721 ], [ 134.494796799999989, 7.2722526 ], [ 134.495010400000012, 7.2722416 ], [ 134.4951782, 7.2722416 ], [ 134.495285, 7.2722306 ], [ 134.495391899999987, 7.2722306 ], [ 134.4955139, 7.272264 ], [ 134.495620699999989, 7.2723556 ], [ 134.4956513, 7.272439 ], [ 134.4956665, 7.2724776 ], [ 134.4956665, 7.272614 ], [ 134.4956818, 7.2728305 ], [ 134.4957123, 7.2730055 ], [ 134.4957733, 7.2731166 ], [ 134.4958801, 7.2732835 ], [ 134.4960022, 7.2734389 ], [ 134.4961395, 7.273561 ], [ 134.496353199999987, 7.273725 ], [ 134.496444700000012, 7.2738361 ], [ 134.4965057, 7.2739387 ], [ 134.496566800000011, 7.2740307 ], [ 134.496719399999989, 7.2742086 ], [ 134.496872, 7.2743583 ], [ 134.4971008, 7.2745805 ], [ 134.4974976, 7.2749276 ], [ 134.4977417, 7.2752085 ], [ 134.4978638, 7.2754026 ], [ 134.4979401, 7.2755666 ], [ 134.4979553, 7.2756167 ], [ 134.49800110000001, 7.2757196 ], [ 134.498016400000012, 7.2757611 ], [ 134.4980621, 7.2758141 ], [ 134.4981079, 7.275939 ], [ 134.4981995, 7.2761025 ], [ 134.4983521, 7.2763581 ], [ 134.498764, 7.2767887 ], [ 134.4989471, 7.2769527 ], [ 134.499237099999988, 7.2771611 ], [ 134.4994812, 7.2773418 ], [ 134.4997711, 7.2777138 ], [ 134.4998779, 7.2779055 ], [ 134.4999542, 7.2781916 ], [ 134.4999695, 7.2783141 ], [ 134.5, 7.2783861 ], [ 134.5000458, 7.2784891 ], [ 134.5001373, 7.2786527 ], [ 134.5002594, 7.2788167 ], [ 134.500412, 7.2789974 ], [ 134.5005646, 7.2792029 ], [ 134.5005646, 7.2792053 ], [ 134.5006409, 7.2794442 ], [ 134.500656099999986, 7.2795501 ], [ 134.500686699999989, 7.2796555 ], [ 134.5007019, 7.2797418 ], [ 134.5007477, 7.2798915 ], [ 134.5008545, 7.2800694 ], [ 134.5009155, 7.2802057 ], [ 134.5009766, 7.2803249 ], [ 134.5009918, 7.2803445 ], [ 134.501022299999988, 7.2803779 ], [ 134.501297, 7.2807112 ], [ 134.5015411, 7.2810807 ], [ 134.5018005, 7.2816443 ], [ 134.5018768, 7.281847 ], [ 134.5019531, 7.2821555 ], [ 134.5020752, 7.2826891 ], [ 134.5020752, 7.2829585 ], [ 134.502319300000011, 7.2834697 ], [ 134.502471899999989, 7.2836556 ], [ 134.5025177, 7.2837558 ], [ 134.5026245, 7.2839947 ], [ 134.5026703, 7.2844667 ], [ 134.5029907, 7.2851639 ], [ 134.5033264, 7.2857471 ], [ 134.503677399999987, 7.2864666 ], [ 134.5039368, 7.2868056 ], [ 134.5039482, 7.2868259 ], [ 134.5041046, 7.2871027 ], [ 134.5044251, 7.2873583 ], [ 134.5046997, 7.2874308 ], [ 134.5049286, 7.287497 ], [ 134.5050659, 7.2875114 ], [ 134.505188, 7.2875195 ], [ 134.505661, 7.2875195 ], [ 134.505966199999989, 7.2875333 ], [ 134.5061493, 7.2875943 ], [ 134.50628660000001, 7.2876697 ], [ 134.5063934, 7.2877722 ], [ 134.506485, 7.2878251 ], [ 134.5066223, 7.287847 ], [ 134.5067444, 7.287786 ] ] } },
{ "type": "Feature", "properties": { "RCID": 5158, "PRIM": 2, "GRUP": 2, "OBJL": 43, "RVER": 1, "AGEN": 550, "FIDN": 611285936, "FIDS": 9, "LNAM": "0226246F7BB00009", "LNAM_REFS": null, "FFPT_RIND": null, "VALDCO": 10.0, "VERDAT": null, "INFORM": null, "NINFOM": null, "NTXTDS": null, "SCAMAX": null, "SCAMIN": 44999, "TXTDSC": null, "RECDAT": null, "RECIND": null, "SORDAT": null, "SORIND": null, "hypcat": null, "_enc_cell": "US4TB3P0" }, "geometry": { "type": "LineString", "coordinates": [ [ 134.5058441, 7.360436 ], [ 134.505950899999988, 7.3603334 ], [ 134.5060272, 7.3602138 ], [ 134.506134, 7.3600416 ], [ 134.5061646, 7.3598499 ], [ 134.5062408, 7.3596807 ], [ 134.50628660000001, 7.3595085 ], [ 134.5063934, 7.3593526 ], [ 134.5065155, 7.3592501 ], [ 134.5067139, 7.3591638 ], [ 134.5068512, 7.3591113 ], [ 134.5072022, 7.3591113 ] ] } },
{ "type": "Feature", "properties": { "RCID": 5159, "PRIM": 2, "GRUP": 2, "OBJL": 43, "RVER": 1, "AGEN": 550, "FIDN": 130176547, "FIDS": 9, "LNAM": "022607C256230009", "LNAM_REFS": null, "FFPT_RIND": null, "VALDCO": 20.0, "VERDAT": null, "INFORM": null, "NINFOM": null, "NTXTDS": null, "SCAMAX": null, "SCAMIN": 44999, "TXTDSC": null, "RECDAT": null, "RECIND": null, "SORDAT": null, "SORIND": null, "hypcat": null, "_enc_cell": "US4TB3P0" }, "geometry": { "type": "LineString", "coordinates": [ [ 134.506195100000014, 7.2944641 ], [ 134.506301900000011, 7.2943859 ], [ 134.5065155, 7.2943111 ], [ 134.5067596, 7.2942638 ], [ 134.5069733, 7.2942581 ], [ 134.5071716, 7.2943029 ], [ 134.5073395, 7.294425 ], [ 134.5074616, 7.2945333 ], [ 134.507507299999986, 7.2946248 ], [ 134.507522599999987, 7.2947779 ], [ 134.5074768, 7.2949638 ], [ 134.5074463, 7.2951527 ], [ 134.5072174, 7.2953973 ], [ 134.507019, 7.2955141 ], [ 134.506912199999988, 7.2955613 ], [ 134.506774900000011, 7.2956224 ], [ 134.506561299999987, 7.2956667 ], [ 134.5063324, 7.2956667 ], [ 134.5061493, 7.2956224 ], [ 134.5060425, 7.295536 ], [ 134.505966199999989, 7.2953944 ], [ 134.5058746, 7.2952666 ], [ 134.505722100000014, 7.2950945 ], [ 134.505661, 7.2949834 ], [ 134.5056305, 7.2949224 ], [ 134.5056305, 7.2947722 ], [ 134.5057983, 7.2946887 ], [ 134.50581360000001, 7.2946806 ], [ 134.5059967, 7.2946081 ], [ 134.506134, 7.2945085 ], [ 134.506195100000014, 7.2944641 ] ] } },
{ "type": "Feature", "properties": { "RCID": 5161, "PRIM": 2, "GRUP": 2, "OBJL": 43, "RVER": 1, "AGEN": 550, "FIDN": 651275015, "FIDS": 9, "LNAM": "022626D1AB070009", "LNAM_REFS": null, "FFPT_RIND": null, "VALDCO": 20.0, "VERDAT": null, "INFORM": null, "NINFOM": null, "NTXTDS": null, "SCAMAX": null, "SCAMIN": 44999, "TXTDSC": null, "RECDAT": null, "RECIND": null, "SORDAT": null, "SORIND": null, "hypcat": null, "_enc_cell": "US4TB3P0" }, "geometry": { "type": "LineString", "coordinates": [ [ 134.5114288, 7.3463974 ], [ 134.5112763, 7.3462777 ], [ 134.5112152, 7.3460054 ], [ 134.511093100000011, 7.3456473 ], [ 134.5109253, 7.3453498 ], [ 134.5109253, 7.3448582 ], [ 134.511016899999987, 7.3446221 ], [ 134.5110474, 7.3443389 ], [ 134.5110474, 7.3440557 ], [ 134.5110779, 7.3438444 ], [ 134.511245699999989, 7.3435359 ], [ 134.5114136, 7.343389 ], [ 134.5117798, 7.3432641 ] ] } },
{ "type": "Feature", "properties": { "RCID": 5164, "PRIM": 2, "GRUP": 2, "OBJL": 43, "RVER": 1, "AGEN": 550, "FIDN": 50356074, "FIDS": 9, "LNAM": "022603005F6A0009", "LNAM_REFS": null, "FFPT_RIND": null, "VALDCO": 30.0, "VERDAT": null, "INFORM": null, "NINFOM": null, "NTXTDS": null, "SCAMAX": null, "SCAMIN": 89999, "TXTDSC": null, "RECDAT": null, "RECIND": null, "SORDAT": null, "SORIND": null, "hypcat": null, "_enc_cell": "US4TB3P0" }, "geometry": { "type": "LineString", "coordinates": [ [ 134.5146637, 7.3413582 ], [ 134.5146179, 7.3415723 ], [ 134.514602700000012, 7.3419304 ], [ 134.514602700000012, 7.3420057 ], [ 134.514602700000012, 7.3421278 ], [ 134.5147553, 7.342361 ], [ 134.5149231, 7.3425417 ], [ 134.51506040000001, 7.3426471 ], [ 134.5152435, 7.3427196 ], [ 134.515441900000013, 7.3427391 ], [ 134.5156097, 7.3427224 ], [ 134.5156403, 7.3427196 ] ] } },
{ "type": "Feature", "properties": { "RCID": 5165, "PRIM": 2, "GRUP": 2, "OBJL": 43, "RVER": 1, "AGEN": 550, "FIDN": 187671400, "FIDS": 9, "LNAM": "02260B2FA3680009", "LNAM_REFS": null, "FFPT_RIND": null, "VALDCO": 30.0, "VERDAT": null, "INFORM": null, "NINFOM": null, "NTXTDS": null, "SCAMAX": null, "SCAMIN": 89999, "TXTDSC": null, "RECDAT": null, "RECIND": null, "SORDAT": null, "SORIND": null, "hypcat": null, "_enc_cell": "US4TB3P0" }, "geometry": { "type": "LineString", "coordinates": [ [ 134.516311699999989, 7.3016443 ], [ 134.5161438, 7.3017082 ], [ 134.5160675, 7.3018723 ], [ 134.51602170000001, 7.3021193 ], [ 134.515914900000013, 7.3023639 ], [ 134.5157776, 7.3025308 ], [ 134.5157166, 7.3026109 ], [ 134.5155029, 7.3027415 ], [ 134.5150909, 7.302825 ], [ 134.514968900000014, 7.302578 ], [ 134.5151825, 7.3022666 ], [ 134.5152435, 7.3021026 ], [ 134.5152893, 7.3017416 ], [ 134.5152283, 7.301364 ], [ 134.515152, 7.3010526 ] ] } },
{ "type": "Feature", "properties": { "RCID": 5166, "PRIM": 2, "GRUP": 2, "OBJL": 43, "RVER": 1, "AGEN": 550, "FIDN": 120675523, "FIDS": 9, "LNAM": "022607315CC30009", "LNAM_REFS": null, "FFPT_RIND": null, "VALDCO": 50.0, "VERDAT": null, "INFORM": null, "NINFOM": null, "NTXTDS": null, "SCAMAX": null, "SCAMIN": 44999, "TXTDSC": null, "RECDAT": null, "RECIND": null, "SORDAT": null, "SORIND": null, "hypcat": null, "_enc_cell": "US4TB3P0" }, "geometry": { "type": "LineString", "coordinates": [ [ 134.5173768, 7.3013812 ], [ 134.5172119, 7.3013697 ], [ 134.517013600000013, 7.3013225 ], [ 134.516876200000013, 7.3011584 ], [ 134.5168304, 7.3008723 ], [ 134.516922, 7.3005695 ], [ 134.5170746, 7.3004637 ], [ 134.5174255, 7.3003888 ], [ 134.5176392, 7.3004026 ], [ 134.517868, 7.3006001 ], [ 134.5179113, 7.3007498 ], [ 134.5179291, 7.3008113 ], [ 134.5178986, 7.3010669 ], [ 134.517837500000013, 7.3012028 ], [ 134.5177002, 7.3013225 ], [ 134.5175629, 7.3013697 ], [ 134.5174103, 7.3013835 ], [ 134.5173768, 7.3013812 ] ] } },
{ "type": "Feature", "properties": { "RCID": 5167, "PRIM": 2, "GRUP": 2, "OBJL": 43, "RVER": 1, "AGEN": 550, "FIDN": 473144692, "FIDS": 9, "LNAM": "02261C339D740009", "LNAM_REFS": null, "FFPT_RIND": null, "VALDCO": 10.0, "VERDAT": null, "INFORM": null, "NINFOM": null, "NTXTDS": null, "SCAMAX": null, "SCAMIN": 44999, "TXTDSC": null, "RECDAT": null, "RECIND": null, "SORDAT": null, "SORIND": null, "hypcat": null, "_enc_cell": "US4TB3P0" }, "geometry": { "type": "LineString", "coordinates": [ [ 134.5190888, 7.3482332 ], [ 134.5191498, 7.348289 ], [ 134.519195599999989, 7.3483582 ], [ 134.519195599999989, 7.348475 ] ] } },
{ "type": "Feature", "properties": { "RCID": 5168, "PRIM": 2, "GRUP": 2, "OBJL": 43, "RVER": 1, "AGEN": 550, "FIDN": 4169613, "FIDS": 9, "LNAM": "0226003F9F8D0009", "LNAM_REFS": null, "FFPT_RIND": null, "VALDCO": 10.0, "VERDAT": null, "INFORM": null, "NINFOM": null, "NTXTDS": null, "SCAMAX": null, "SCAMIN": 44999, "TXTDSC": null, "RECDAT": null, "RECIND": null, "SORDAT": null, "SORIND": null, "hypcat": null, "_enc_cell": "US4TB3P0" }, "geometry": { "type": "LineString", "coordinates": [ [ 134.5187531, 7.3362112 ], [ 134.518631, 7.3362474 ], [ 134.5184937, 7.3362279 ], [ 134.5183868, 7.3361888 ], [ 134.518325800000014, 7.3360834 ], [ 134.5182953, 7.3359637 ], [ 134.5183106, 7.3358388 ], [ 134.518341099999986, 7.3357029 ], [ 134.5184631, 7.335464 ], [ 134.5185394, 7.3353334 ], [ 134.5186615, 7.3352499 ], [ 134.5187836, 7.335186 ], [ 134.518905600000011, 7.335186 ], [ 134.5189972, 7.3352027 ], [ 134.5190888, 7.3352499 ], [ 134.5191345, 7.335289 ], [ 134.519180299999988, 7.3353863 ], [ 134.5192108, 7.3356609 ], [ 134.519180299999988, 7.3358221 ], [ 134.5191193, 7.3359499 ], [ 134.5190277, 7.3360415 ], [ 134.5188904, 7.3361502 ], [ 134.5187531, 7.3362112 ] ] } },
{ "type": "Feature", "properties": { "RCID": 5169, "PRIM": 2, "GRUP": 2, "OBJL": 43, "RVER": 1, "AGEN": 550, "FIDN": 105333779, "FIDS": 9, "LNAM": "0226064744130009", "LNAM_REFS": null, "FFPT_RIND": null, "VALDCO": 20.0, "VERDAT": null, "INFORM": null, "NINFOM": null, "NTXTDS": null, "SCAMAX": null, "SCAMIN": 44999, "TXTDSC": null, "RECDAT": null, "RECIND": null, "SORDAT": null, "SORIND": null, "hypcat": null, "_enc_cell": "US4TB3P0" }, "geometry": { "type": "LineString", "coordinates": [ [ 134.52108770000001, 7.2892447 ], [ 134.520965600000011, 7.2891665 ], [ 134.520874, 7.2890973 ], [ 134.5207672, 7.289053 ], [ 134.5206451, 7.2890225 ], [ 134.5206446, 7.2890224 ], [ 134.5205078, 7.2890058 ], [ 134.5200958, 7.2890306 ], [ 134.5199127, 7.2890749 ], [ 134.519775399999986, 7.2891445 ], [ 134.5196381, 7.2892971 ], [ 134.5195007, 7.2894836 ], [ 134.5194397, 7.2896137 ], [ 134.519393900000011, 7.2896891 ] ] } },
{ "type": "Feature", "properties": { "RCID": 5170, "PRIM": 2, "GRUP": 2, "OBJL": 43, "RVER": 1, "AGEN": 550, "FIDN": 29823834, "FIDS": 9, "LNAM": "022601C7135A0009", "LNAM_REFS": null, "FFPT_RIND": null, "VALDCO": 20.0, "VERDAT": null, "INFORM": null, "NINFOM": null, "NTXTDS": null, "SCAMAX": null, "SCAMIN": 44999, "TXTDSC": null, "RECDAT": null, "RECIND": null, "SORDAT": null, "SORIND": null, "hypcat": null, "_enc_cell": "US4TB3P0" }, "geometry": { "type": "LineString", "coordinates": [ [ 134.5218353, 7.2946391 ], [ 134.5216065, 7.2946777 ], [ 134.5211639, 7.2948613 ], [ 134.5209808, 7.2949276 ], [ 134.5207977, 7.2950974 ], [ 134.5206757, 7.2952666 ], [ 134.5205994, 7.2954221 ], [ 134.5205231, 7.2957749 ], [ 134.5205078, 7.2962971 ], [ 134.5207977, 7.2965331 ], [ 134.5210571, 7.2965722 ], [ 134.5215149, 7.2965832 ], [ 134.521820100000014, 7.2965331 ], [ 134.5220795, 7.2963891 ], [ 134.5222626, 7.2961807 ], [ 134.5223236, 7.2959056 ], [ 134.5223694, 7.2953696 ], [ 134.5224304, 7.2951222 ] ] } },
{ "type": "Feature", "properties": { "RCID": 5171, "PRIM": 2, "GRUP": 2, "OBJL": 43, "RVER": 1, "AGEN": 550, "FIDN": 56630322, "FIDS": 9, "LNAM": "022603601C320009", "LNAM_REFS": null, "FFPT_RIND": null, "VALDCO": 30.0, "VERDAT": null, "INFORM": null, "NINFOM": null, "NTXTDS": null, "SCAMAX": null, "SCAMIN": 89999, "TXTDSC": null, "RECDAT": null, "RECIND": null, "SORDAT": null, "SORIND": null, "hypcat": null, "_enc_cell": "US4TB3P0" }, "geometry": { "type": "LineString", "coordinates": [ [ 134.5235596, 7.3299971 ], [ 134.5234504, 7.3300527 ], [ 134.523407, 7.3300748 ], [ 134.523254400000013, 7.3301697 ], [ 134.5230866, 7.3303251 ], [ 134.5229797, 7.3304696 ], [ 134.52287290000001, 7.3306527 ], [ 134.5228119, 7.3308363 ], [ 134.522781400000014, 7.3310137 ], [ 134.522781400000014, 7.3312974 ] ] } },
{ "type": "Feature", "properties": { "RCID": 5172, "PRIM": 2, "GRUP": 2, "OBJL": 43, "RVER": 1, "AGEN": 550, "FIDN": 745782877, "FIDS": 9, "LNAM": "02262C73BE5D0009", "LNAM_REFS": null, "FFPT_RIND": null, "VALDCO": 5.0, "VERDAT": null, "INFORM": null, "NINFOM": null, "NTXTDS": null, "SCAMAX": null, "SCAMIN": 44999, "TXTDSC": null, "RECDAT": null, "RECIND": null, "SORDAT": null, "SORIND": null, "hypcat": null, "_enc_cell": "US4TB3P0" }, "geometry": { "type": "LineString", "coordinates": [ [ 134.5233307, 7.3478084 ], [ 134.5232849, 7.3477387 ], [ 134.5229187, 7.3473721 ], [ 134.5227966, 7.3472223 ], [ 134.5227356, 7.347064 ], [ 134.5227203, 7.346786 ], [ 134.5227356, 7.3466167 ], [ 134.522781400000014, 7.346447 ], [ 134.5228577, 7.3462305 ], [ 134.522934, 7.3461223 ], [ 134.5230408, 7.3460112 ], [ 134.5232239, 7.3459029 ], [ 134.523498499999988, 7.3458223 ], [ 134.523941, 7.3457332 ], [ 134.5241394, 7.345675 ], [ 134.524322500000011, 7.3455944 ], [ 134.5244293, 7.3454776 ] ] } },
{ "type": "Feature", "properties": { "RCID": 5173, "PRIM": 2, "GRUP": 2, "OBJL": 43, "RVER": 1, "AGEN": 550, "FIDN": 218779179, "FIDS": 9, "LNAM": "02260D0A4E2B0009", "LNAM_REFS": null, "FFPT_RIND": null, "VALDCO": 5.0, "VERDAT": null, "INFORM": null, "NINFOM": null, "NTXTDS": null, "SCAMAX": null, "SCAMIN": 44999, "TXTDSC": null, "RECDAT": null, "RECIND": null, "SORDAT": null, "SORIND": null, "hypcat": null, "_enc_cell": "US4TB3P0" }, "geometry": { "type": "LineString", "coordinates": [ [ 134.5250092, 7.3345919 ], [ 134.5248413, 7.3344975 ], [ 134.5246277, 7.3344665 ], [ 134.5243835, 7.3344474 ], [ 134.524215700000013, 7.3344359 ], [ 134.5240479, 7.334414 ], [ 134.523941, 7.3343945 ], [ 134.52383420000001, 7.3343306 ], [ 134.5237122, 7.3341832 ], [ 134.5236969, 7.3340139 ], [ 134.5236969, 7.3338585 ], [ 134.52383420000001, 7.3336473 ], [ 134.5240173, 7.3336058 ], [ 134.5242462, 7.3335943 ], [ 134.5244904, 7.3336778 ], [ 134.524581899999987, 7.3337526 ], [ 134.524765, 7.3338585 ], [ 134.52493290000001, 7.3339086 ], [ 134.525161700000012, 7.333961 ] ] } },
{ "type": "Feature", "properties": { "RCID": 5174, "PRIM": 2, "GRUP": 2, "OBJL": 43, "RVER": 1, "AGEN": 550, "FIDN": 534938087, "FIDS": 9, "LNAM": "02261FE281E70009", "LNAM_REFS": null, "FFPT_RIND": null, "VALDCO": 10.0, "VERDAT": null, "INFORM": null, "NINFOM": null, "NTXTDS": null, "SCAMAX": null, "SCAMIN": 44999, "TXTDSC": null, "RECDAT": null, "RECIND": null, "SORDAT": null, "SORIND": null, "hypcat": null, "_enc_cell": "US4TB3P0" }, "geometry": { "type": "LineString", "coordinates": [ [ 134.525161700000012, 7.3251891 ], [ 134.5251007, 7.3252807 ], [ 134.525065, 7.3252807 ], [ 134.5250244, 7.3252807 ], [ 134.524765, 7.3253584 ], [ 134.5246277, 7.3254137 ], [ 134.5245056, 7.3254833 ], [ 134.52444460000001, 7.3255696 ], [ 134.5244141, 7.3256807 ], [ 134.5244141, 7.3258252 ], [ 134.524459799999988, 7.3259583 ], [ 134.5245514, 7.3260474 ], [ 134.5246735, 7.3261085 ], [ 134.5247752, 7.3261371 ], [ 134.524810800000012, 7.3261471 ], [ 134.524948099999989, 7.3261418 ], [ 134.5250244, 7.3261194 ], [ 134.5251007, 7.3260803 ], [ 134.525177, 7.3261471 ] ] } },
{ "type": "Feature", "properties": { "RCID": 5175, "PRIM": 2, "GRUP": 2, "OBJL": 43, "RVER": 1, "AGEN": 550, "FIDN": 140469424, "FIDS": 9, "LNAM": "0226085F64B00009", "LNAM_REFS": null, "FFPT_RIND": null, "VALDCO": 5.0, "VERDAT": null, "INFORM": null, "NINFOM": null, "NTXTDS": null, "SCAMAX": null, "SCAMIN": 44999, "TXTDSC": null, "RECDAT": null, "RECIND": null, "SORDAT": null, "SORIND": null, "hypcat": null, "_enc_cell": "US4TB3P0" }, "geometry": { "type": "LineString", "coordinates": [ [ 134.524826100000013, 7.3392305 ], [ 134.5249634, 7.3390307 ], [ 134.5251312, 7.3388639 ], [ 134.5252533, 7.338747 ], [ 134.5253754, 7.3386641 ], [ 134.5254974, 7.3385472 ], [ 134.525528, 7.3382945 ], [ 134.5254517, 7.3381581 ], [ 134.525299100000012, 7.3380446 ], [ 134.5251312, 7.3379693 ], [ 134.5249786, 7.3378973 ], [ 134.524597199999988, 7.3377276 ], [ 134.524475099999989, 7.3376112 ] ] } },
{ "type": "Feature", "properties": { "RCID": 5176, "PRIM": 2, "GRUP": 2, "OBJL": 43, "RVER": 1, "AGEN": 550, "FIDN": 123619196, "FIDS": 9, "LNAM": "0226075E477C0009", "LNAM_REFS": null, "FFPT_RIND": null, "VALDCO": 5.0, "VERDAT": null, "INFORM": null, "NINFOM": null, "NTXTDS": null, "SCAMAX": null, "SCAMIN": 44999, "TXTDSC": null, "RECDAT": null, "RECIND": null, "SORDAT": null, "SORIND": null, "hypcat": null, "_enc_cell": "US4TB3P0" }, "geometry": { "type": "LineString", "coordinates": [ [ 134.5256043, 7.3446474 ], [ 134.525787400000013, 7.344861 ], [ 134.5258637, 7.3450584 ], [ 134.5258484, 7.3452916 ], [ 134.5257111, 7.3454723 ] ] } },
{ "type": "Feature", "properties": { "RCID": 5177, "PRIM": 2, "GRUP": 2, "OBJL": 43, "RVER": 1, "AGEN": 550, "FIDN": 408574603, "FIDS": 9, "LNAM": "0226185A5A8B0009", "LNAM_REFS": null, "FFPT_RIND": null, "VALDCO": 20.0, "VERDAT": null, "INFORM": null, "NINFOM": null, "NTXTDS": null, "SCAMAX": null, "SCAMIN": 44999, "TXTDSC": null, "RECDAT": null, "RECIND": null, "SORDAT": null, "SORIND": null, "hypcat": null, "_enc_cell": "US4TB3P0" }, "geometry": { "type": "LineString", "coordinates": [ [ 134.523941, 7.3422222 ], [ 134.524108899999987, 7.342186 ], [ 134.5241364, 7.3421883 ], [ 134.5243073, 7.3422027 ], [ 134.5246124, 7.3422751 ], [ 134.5248413, 7.3424001 ], [ 134.5249939, 7.3425803 ], [ 134.5251465, 7.3427944 ], [ 134.5252075, 7.3430276 ], [ 134.5252686, 7.343225 ], [ 134.525299100000012, 7.3432555 ], [ 134.5253601, 7.3433418 ], [ 134.5254669, 7.3434777 ], [ 134.52565, 7.3436194 ], [ 134.5258179, 7.3437471 ], [ 134.526016199999987, 7.3438363 ] ] } },
{ "type": "Feature", "properties": { "RCID": 5178, "PRIM": 2, "GRUP": 2, "OBJL": 43, "RVER": 1, "AGEN": 550, "FIDN": 619606011, "FIDS": 9, "LNAM": "022624EE6FFB0009", "LNAM_REFS": null, "FFPT_RIND": null, "VALDCO": 5.0, "VERDAT": null, "INFORM": null, "NINFOM": null, "NTXTDS": null, "SCAMAX": null, "SCAMIN": 44999, "TXTDSC": null, "RECDAT": null, "RECIND": null, "SORDAT": null, "SORIND": null, "hypcat": null, "_enc_cell": "US4TB3P0" }, "geometry": { "type": "LineString", "coordinates": [ [ 134.526001, 7.3439808 ], [ 134.526016199999987, 7.3439832 ], [ 134.5263367, 7.3440919 ], [ 134.5264282, 7.3441529 ], [ 134.5266876, 7.3443418 ], [ 134.526870699999989, 7.3446112 ], [ 134.526870699999989, 7.3455081 ], [ 134.526886, 7.3456335 ], [ 134.526977499999987, 7.3457947 ], [ 134.527114899999987, 7.3459196 ] ] } },
{ "type": "Feature", "properties": { "RCID": 5179, "PRIM": 2, "GRUP": 2, "OBJL": 43, "RVER": 1, "AGEN": 550, "FIDN": 985219139, "FIDS": 9, "LNAM": "02263AB940430009", "LNAM_REFS": null, "FFPT_RIND": null, "VALDCO": 20.0, "VERDAT": null, "INFORM": null, "NINFOM": null, "NTXTDS": null, "SCAMAX": null, "SCAMIN": 44999, "TXTDSC": null, "RECDAT": null, "RECIND": null, "SORDAT": null, "SORIND": null, "hypcat": null, "_enc_cell": "US4TB3P0" }, "geometry": { "type": "LineString", "coordinates": [ [ 134.527008099999989, 7.3448224 ], [ 134.527221700000013, 7.3448391 ], [ 134.5273895, 7.3448391 ], [ 134.5275269, 7.3448224 ], [ 134.5276337, 7.344625 ] ] } },
{ "type": "Feature", "properties": { "RCID": 5180, "PRIM": 2, "GRUP": 2, "OBJL": 43, "RVER": 1, "AGEN": 550, "FIDN": 495254119, "FIDS": 9, "LNAM": "02261D84FA670009", "LNAM_REFS": null, "FFPT_RIND": null, "VALDCO": 20.0, "VERDAT": null, "INFORM": null, "NINFOM": null, "NTXTDS": null, "SCAMAX": null, "SCAMIN": 44999, "TXTDSC": null, "RECDAT": null, "RECIND": null, "SORDAT": null, "SORIND": null, "hypcat": null, "_enc_cell": "US4TB3P0" }, "geometry": { "type": "LineString", "coordinates": [ [ 134.5307312, 7.3108501 ], [ 134.5303572, 7.3107037 ], [ 134.530212400000011, 7.310647 ], [ 134.5300446, 7.3104887 ], [ 134.5297546, 7.3102002 ], [ 134.5296845, 7.3101278 ], [ 134.529525799999988, 7.3099637 ], [ 134.5292206, 7.3095832 ], [ 134.528915399999988, 7.3093224 ], [ 134.5286605, 7.309251 ], [ 134.5285187, 7.3092113 ], [ 134.5282288, 7.3090806 ], [ 134.527954099999988, 7.3088999 ], [ 134.5278778, 7.3088641 ], [ 134.527816800000011, 7.3088112 ], [ 134.527587899999986, 7.3084974 ], [ 134.5274963, 7.3083749 ], [ 134.5273132, 7.3082252 ], [ 134.527114899999987, 7.3081946 ], [ 134.5269318, 7.30825 ], [ 134.526748700000013, 7.3083196 ], [ 134.526733400000012, 7.3083582 ], [ 134.5266724, 7.308486 ], [ 134.5265961, 7.3086529 ], [ 134.526474, 7.3088446 ], [ 134.5261841, 7.3090944 ], [ 134.5256958, 7.309247 ], [ 134.525642299999987, 7.3092539 ], [ 134.5253296, 7.3092942 ], [ 134.524948099999989, 7.3094611 ], [ 134.5246124, 7.3097167 ], [ 134.524597199999988, 7.3097305 ], [ 134.5244141, 7.3100472 ], [ 134.5243835, 7.3103585 ], [ 134.524453099999988, 7.3105783 ], [ 134.524459799999988, 7.3105998 ], [ 134.5245361, 7.3107224 ], [ 134.5246124, 7.3108416 ], [ 134.524826100000013, 7.3110972 ] ] } },
{ "type": "Feature", "properties": { "RCID": 5181, "PRIM": 2, "GRUP": 2, "OBJL": 43, "RVER": 1, "AGEN": 550, "FIDN": 208592050, "FIDS": 9, "LNAM": "02260C6EDCB20009", "LNAM_REFS": null, "FFPT_RIND": null, "VALDCO": 2.0, "VERDAT": null, "INFORM": null, "NINFOM": null, "NTXTDS": null, "SCAMAX": null, "SCAMIN": 44999, "TXTDSC": null, "RECDAT": null, "RECIND": null, "SORDAT": null, "SORIND": null, "hypcat": null, "_enc_cell": "US4TB3P0" }, "geometry": { "type": "LineString", "coordinates": [ [ 134.5310974, 7.3393693 ], [ 134.5309906, 7.3392835 ], [ 134.5305023, 7.3390417 ], [ 134.5302582, 7.3389053 ], [ 134.5300751, 7.338789 ], [ 134.529983499999986, 7.338675 ], [ 134.5299225, 7.3383999 ], [ 134.5299225, 7.3382525 ], [ 134.5299683, 7.3380942 ], [ 134.530105600000013, 7.3380113 ], [ 134.530365, 7.3379998 ], [ 134.530578600000013, 7.3380637 ], [ 134.5308075, 7.3381472 ], [ 134.5309906, 7.3382001 ], [ 134.531173700000011, 7.3382416 ], [ 134.5312042, 7.3382502 ] ] } },
{ "type": "Feature", "properties": { "RCID": 5182, "PRIM": 2, "GRUP": 2, "OBJL": 43, "RVER": 1, "AGEN": 550, "FIDN": 158625602, "FIDS": 9, "LNAM": "022609746F420009", "LNAM_REFS": null, "FFPT_RIND": null, "VALDCO": 20.0, "VERDAT": null, "INFORM": null, "NINFOM": null, "NTXTDS": null, "SCAMAX": null, "SCAMIN": 44999, "TXTDSC": null, "RECDAT": null, "RECIND": null, "SORDAT": null, "SORIND": null, "hypcat": null, "_enc_cell": "US4TB3P0" }, "geometry": { "type": "LineString", "coordinates": [ [ 134.5356751, 7.2799387 ], [ 134.5348816, 7.2799387 ], [ 134.534683199999989, 7.279736 ], [ 134.5346527, 7.2795501 ], [ 134.5346527, 7.2793279 ], [ 134.5347138, 7.279161 ], [ 134.534912100000014, 7.2789946 ], [ 134.5352478, 7.2789221 ], [ 134.5355682, 7.2789779 ], [ 134.535888699999987, 7.2791443 ] ] } },
{ "type": "Feature", "properties": { "RCID": 5183, "PRIM": 2, "GRUP": 2, "OBJL": 43, "RVER": 1, "AGEN": 550, "FIDN": 109872030, "FIDS": 9, "LNAM": "0226068C839E0009", "LNAM_REFS": null, "FFPT_RIND": null, "VALDCO": 5.0, "VERDAT": null, "INFORM": null, "NINFOM": null, "NTXTDS": null, "SCAMAX": null, "SCAMIN": 44999, "TXTDSC": null, "RECDAT": null, "RECIND": null, "SORDAT": null, "SORIND": null, "hypcat": null, "_enc_cell": "US4TB3P0" }, "geometry": { "type": "LineString", "coordinates": [ [ 134.5364075, 7.283886 ], [ 134.5364075, 7.2838721 ], [ 134.5364227, 7.2837639 ], [ 134.5364533, 7.2836776 ], [ 134.536499, 7.2836027 ], [ 134.53657530000001, 7.2835331 ], [ 134.5366821, 7.2834749 ], [ 134.5367889, 7.2834473 ], [ 134.5368958, 7.2834334 ], [ 134.536972100000014, 7.2834473 ], [ 134.5370483, 7.2834697 ], [ 134.5371094, 7.2835307 ], [ 134.5371399, 7.2836056 ], [ 134.5371552, 7.2837081 ], [ 134.5371399, 7.2837944 ], [ 134.5370941, 7.2839332 ], [ 134.5370026, 7.28405 ], [ 134.536956800000013, 7.2841139 ] ] } },
{ "type": "Feature", "properties": { "RCID": 5184, "PRIM": 2, "GRUP": 2, "OBJL": 43, "RVER": 1, "AGEN": 550, "FIDN": 290722183, "FIDS": 9, "LNAM": "0226115411870009", "LNAM_REFS": null, "FFPT_RIND": null, "VALDCO": 30.0, "VERDAT": null, "INFORM": null, "NINFOM": null, "NTXTDS": null, "SCAMAX": null, "SCAMIN": 89999, "TXTDSC": null, "RECDAT": null, "RECIND": null, "SORDAT": null, "SORIND": null, "hypcat": null, "_enc_cell": "US4TB3P0" }, "geometry": { "type": "LineString", "coordinates": [ [ 134.536438, 7.3148251 ], [ 134.5368958, 7.315011 ], [ 134.536911, 7.3150139 ], [ 134.536941500000012, 7.3150306 ], [ 134.5371094, 7.3150721 ], [ 134.5371844, 7.3150756 ], [ 134.5373993, 7.3150859 ], [ 134.5376129, 7.3150859 ], [ 134.5377197, 7.3150721 ], [ 134.537796, 7.3150363 ], [ 134.537902800000012, 7.3149529 ], [ 134.5380554, 7.3148279 ], [ 134.5381317, 7.3146863 ], [ 134.538208, 7.3146305 ] ] } },
{ "type": "Feature", "properties": { "RCID": 5185, "PRIM": 2, "GRUP": 2, "OBJL": 43, "RVER": 1, "AGEN": 550, "FIDN": 585832827, "FIDS": 9, "LNAM": "022622EB197B0009", "LNAM_REFS": null, "FFPT_RIND": null, "VALDCO": 30.0, "VERDAT": null, "INFORM": null, "NINFOM": null, "NTXTDS": null, "SCAMAX": null, "SCAMIN": 89999, "TXTDSC": null, "RECDAT": null, "RECIND": null, "SORDAT": null, "SORIND": null, "hypcat": null, "_enc_cell": "US4TB3P0" }, "geometry": { "type": "LineString", "coordinates": [ [ 134.5392151, 7.282661 ], [ 134.5392761, 7.2824111 ], [ 134.539367700000014, 7.2822776 ], [ 134.5394135, 7.282197 ], [ 134.5396729, 7.2819638 ], [ 134.539825400000012, 7.2819276 ], [ 134.539962800000012, 7.2819109 ], [ 134.540100099999989, 7.2819834 ], [ 134.5402374, 7.2820721 ], [ 134.5403442, 7.2821612 ], [ 134.54039, 7.2822695 ], [ 134.540451100000013, 7.2823749 ], [ 134.5405426, 7.2825527 ], [ 134.5405426, 7.2826915 ], [ 134.5405273, 7.2829166 ] ] } },
{ "type": "Feature", "properties": { "RCID": 5186, "PRIM": 2, "GRUP": 2, "OBJL": 43, "RVER": 1, "AGEN": 550, "FIDN": 902753756, "FIDS": 9, "LNAM": "022635CEEDDC0009", "LNAM_REFS": null, "FFPT_RIND": null, "VALDCO": 20.0, "VERDAT": null, "INFORM": null, "NINFOM": null, "NTXTDS": null, "SCAMAX": null, "SCAMIN": 44999, "TXTDSC": null, "RECDAT": null, "RECIND": null, "SORDAT": null, "SORIND": null, "hypcat": null, "_enc_cell": "US4TB3P0" }, "geometry": { "type": "LineString", "coordinates": [ [ 134.539962800000012, 7.2840304 ], [ 134.5401306, 7.2840529 ], [ 134.5402985, 7.2840362 ], [ 134.5405121, 7.283936 ], [ 134.540679899999986, 7.2838111 ], [ 134.540802, 7.2836776 ], [ 134.5408478, 7.2835474 ], [ 134.5408478, 7.2834001 ], [ 134.5408325, 7.283289 ], [ 134.5407715, 7.2831807 ], [ 134.5406647, 7.2831278 ], [ 134.5403748, 7.2831111 ], [ 134.540206899999987, 7.2830639 ], [ 134.54006960000001, 7.2830582 ] ] } },
{ "type": "Feature", "properties": { "RCID": 5187, "PRIM": 2, "GRUP": 2, "OBJL": 43, "RVER": 1, "AGEN": 550, "FIDN": 636869757, "FIDS": 9, "LNAM": "022625F5DC7D0009", "LNAM_REFS": null, "FFPT_RIND": null, "VALDCO": 30.0, "VERDAT": null, "INFORM": null, "NINFOM": null, "NTXTDS": null, "SCAMAX": null, "SCAMIN": 89999, "TXTDSC": null, "RECDAT": null, "RECIND": null, "SORDAT": null, "SORIND": null, "hypcat": null, "_enc_cell": "US4TB3P0" }, "geometry": { "type": "LineString", "coordinates": [ [ 134.5420837, 7.2811222 ], [ 134.5420837, 7.2812915 ], [ 134.542129499999987, 7.2814002 ], [ 134.5420837, 7.2815194 ], [ 134.5421143, 7.2816806 ], [ 134.542236300000013, 7.2818251 ], [ 134.5423889, 7.2819138 ], [ 134.5425415, 7.2819667 ], [ 134.5427704, 7.28195 ], [ 134.5429993, 7.2818251 ], [ 134.5430145, 7.2816639 ], [ 134.5430145, 7.2809668 ], [ 134.5430603, 7.2808251 ], [ 134.5430145, 7.2807889 ], [ 134.5429077, 7.2807169 ] ] } },
{ "type": "Feature", "properties": { "RCID": 5188, "PRIM": 2, "GRUP": 2, "OBJL": 43, "RVER": 1, "AGEN": 550, "FIDN": 896921755, "FIDS": 9, "LNAM": "02263575F09B0009", "LNAM_REFS": null, "FFPT_RIND": null, "VALDCO": 5.0, "VERDAT": null, "INFORM": null, "NINFOM": null, "NTXTDS": null, "SCAMAX": null, "SCAMIN": 44999, "TXTDSC": null, "RECDAT": null, "RECIND": null, "SORDAT": null, "SORIND": null, "hypcat": null, "_enc_cell": "US4TB3P0" }, "geometry": { "type": "LineString", "coordinates": [ [ 134.545120200000014, 7.2991166 ], [ 134.545242300000012, 7.2989502 ], [ 134.5453949, 7.2988501 ], [ 134.5455322, 7.2988167 ], [ 134.545730600000013, 7.2987833 ], [ 134.5459137, 7.2987833 ], [ 134.5460358, 7.2988057 ], [ 134.5461731, 7.298872 ], [ 134.546218900000014, 7.2989831 ], [ 134.546218900000014, 7.2993054 ], [ 134.5461426, 7.2995029 ], [ 134.5460358, 7.2995806 ], [ 134.5458832, 7.2997026 ], [ 134.545745899999986, 7.2997918 ], [ 134.545639, 7.2998028 ] ] } },
{ "type": "Feature", "properties": { "RCID": 5189, "PRIM": 2, "GRUP": 2, "OBJL": 43, "RVER": 1, "AGEN": 550, "FIDN": 644617227, "FIDS": 9, "LNAM": "0226266C140B0009", "LNAM_REFS": null, "FFPT_RIND": null, "VALDCO": 5.0, "VERDAT": null, "INFORM": null, "NINFOM": null, "NTXTDS": null, "SCAMAX": null, "SCAMIN": 44999, "TXTDSC": null, "RECDAT": null, "RECIND": null, "SORDAT": null, "SORIND": null, "hypcat": null, "_enc_cell": "US4TB3P0" }, "geometry": { "type": "LineString", "coordinates": [ [ 134.546218900000014, 7.2965555 ], [ 134.54644780000001, 7.2966862 ], [ 134.5466614, 7.2967835 ], [ 134.5468903, 7.2968307 ], [ 134.5470137, 7.2968766 ], [ 134.5472107, 7.2969499 ], [ 134.5477295, 7.297236 ], [ 134.5479431, 7.2973084 ], [ 134.548126200000013, 7.2974029 ], [ 134.5483398, 7.2975583 ], [ 134.548385599999989, 7.2978334 ], [ 134.5483246, 7.2979751 ] ] } },
{ "type": "Feature", "properties": { "RCID": 5190, "PRIM": 2, "GRUP": 2, "OBJL": 43, "RVER": 1, "AGEN": 550, "FIDN": 741974809, "FIDS": 9, "LNAM": "02262C39A3190009", "LNAM_REFS": null, "FFPT_RIND": null, "VALDCO": 2.0, "VERDAT": null, "INFORM": null, "NINFOM": null, "NTXTDS": null, "SCAMAX": null, "SCAMIN": 44999, "TXTDSC": null, "RECDAT": null, "RECIND": null, "SORDAT": null, "SORIND": null, "hypcat": null, "_enc_cell": "US4TB3P0" }, "geometry": { "type": "LineString", "coordinates": [ [ 134.5498962, 7.2795582 ], [ 134.549881, 7.2795639 ], [ 134.5497742, 7.2796416 ], [ 134.5495606, 7.279664 ], [ 134.5492706, 7.2796888 ], [ 134.5491486, 7.2796335 ], [ 134.548996, 7.2795391 ], [ 134.5488129, 7.2793446 ], [ 134.5487824, 7.2792001 ], [ 134.5487824, 7.2791057 ] ] } },
{ "type": "Feature", "properties": { "RCID": 5191, "PRIM": 2, "GRUP": 2, "OBJL": 43, "RVER": 1, "AGEN": 550, "FIDN": 237260638, "FIDS": 9, "LNAM": "02260E244F5E0009", "LNAM_REFS": null, "FFPT_RIND": null, "VALDCO": 30.0, "VERDAT": null, "INFORM": null, "NINFOM": null, "NTXTDS": null, "SCAMAX": null, "SCAMIN": 89999, "TXTDSC": null, "RECDAT": null, "RECIND": null, "SORDAT": null, "SORIND": null, "hypcat": null, "_enc_cell": "US4TB3P0" }, "geometry": { "type": "LineString", "coordinates": [ [ 134.5559692, 7.2903276 ], [ 134.5558777, 7.2901139 ], [ 134.5556641, 7.2898641 ], [ 134.555358899999987, 7.2895584 ], [ 134.5552979, 7.2894502 ], [ 134.5550537, 7.2892361 ], [ 134.5547943, 7.28895 ], [ 134.554626500000012, 7.2887526 ], [ 134.5542908, 7.288414 ], [ 134.5540772, 7.2881613 ], [ 134.5537262, 7.2878585 ], [ 134.5534515, 7.2876778 ], [ 134.5531464, 7.2874112 ], [ 134.5528565, 7.2871776 ], [ 134.552536, 7.2869444 ], [ 134.5522919, 7.286675 ], [ 134.5519562, 7.2863169 ], [ 134.5518494, 7.2860665 ], [ 134.551651, 7.2857447 ], [ 134.551513699999987, 7.2854419 ], [ 134.5514221, 7.2851887 ], [ 134.551269499999989, 7.2848859 ], [ 134.5509491, 7.2838306 ], [ 134.5509338, 7.2835083 ], [ 134.5507507, 7.2827554 ], [ 134.5505981, 7.2819667 ], [ 134.550430299999988, 7.2816639 ], [ 134.5502167, 7.281322 ], [ 134.5500031, 7.2811084 ], [ 134.5496216, 7.2808585 ], [ 134.54933170000001, 7.2806974 ], [ 134.5490112, 7.2806611 ], [ 134.548736600000012, 7.2806611 ], [ 134.5483398, 7.2806416 ], [ 134.5480652, 7.2806416 ], [ 134.5477905, 7.2806082 ], [ 134.547546399999987, 7.2804999 ], [ 134.5472565, 7.2803388 ], [ 134.5470123, 7.2800331 ], [ 134.546691900000013, 7.2795501 ], [ 134.5467377, 7.2791748 ], [ 134.546951299999989, 7.2786918 ], [ 134.547302300000013, 7.278225 ], [ 134.54776, 7.2778139 ], [ 134.5480957, 7.2775474 ], [ 134.5483551, 7.2771859 ], [ 134.54837040000001, 7.2767582 ], [ 134.5482025, 7.2764888 ], [ 134.5478668, 7.2762752 ], [ 134.5474396, 7.2761502 ], [ 134.547073399999988, 7.2761664 ], [ 134.546691900000013, 7.2761664 ], [ 134.5463409, 7.2762194 ], [ 134.545623799999987, 7.2762585 ], [ 134.5453949, 7.2760415 ], [ 134.5452728, 7.2758446 ], [ 134.5452118, 7.275486 ], [ 134.545364400000011, 7.2750859 ], [ 134.545517, 7.2749085 ], [ 134.545715300000012, 7.2746749 ], [ 134.5462341, 7.274261 ], [ 134.5465088, 7.2740307 ], [ 134.5469666, 7.273386 ], [ 134.5472565, 7.2729363 ], [ 134.54740910000001, 7.2726169 ], [ 134.547424299999989, 7.2724891 ], [ 134.5474548, 7.27215 ], [ 134.5474548, 7.2718639 ], [ 134.5473633, 7.2715583 ], [ 134.5471497, 7.271328 ], [ 134.5466156, 7.2709141 ], [ 134.54631040000001, 7.2706471 ], [ 134.546218900000014, 7.2704859 ], [ 134.546112099999988, 7.2703056 ], [ 134.5458069, 7.2699833 ], [ 134.5453949, 7.2696443 ], [ 134.5450592, 7.269464 ], [ 134.5447235, 7.2692862 ], [ 134.5441284, 7.2691054 ], [ 134.543869, 7.2690697 ], [ 134.543319700000012, 7.2690363 ], [ 134.542724600000014, 7.2690167 ], [ 134.542511, 7.2690363 ], [ 134.542038, 7.2690888 ], [ 134.5417023, 7.2691054 ], [ 134.5414887, 7.2690888 ], [ 134.5412598, 7.2690888 ], [ 134.540817299999986, 7.2689638 ], [ 134.540573099999989, 7.2689085 ], [ 134.5402832, 7.2688918 ], [ 134.5400085, 7.2689085 ], [ 134.539733899999987, 7.2690001 ], [ 134.5395203, 7.2690697 ], [ 134.5390472, 7.2693391 ] ] } },
{ "type": "Feature", "properties": { "RCID": 5192, "PRIM": 2, "GRUP": 2, "OBJL": 43, "RVER": 1, "AGEN": 550, "FIDN": 247668491, "FIDS": 9, "LNAM": "02260EC31F0B0009", "LNAM_REFS": null, "FFPT_RIND": null, "VALDCO": 30.0, "VERDAT": null, "INFORM": null, "NINFOM": null, "NTXTDS": null, "SCAMAX": null, "SCAMIN": 89999, "TXTDSC": null, "RECDAT": null, "RECIND": null, "SORDAT": null, "SORIND": null, "hypcat": null, "_enc_cell": "US4TB3P0" }, "geometry": { "type": "LineString", "coordinates": [ [ 134.5604706, 7.3204918 ], [ 134.5602112, 7.3203335 ], [ 134.56015020000001, 7.3200975 ], [ 134.5601044, 7.3197331 ], [ 134.560180699999989, 7.3195138 ], [ 134.5604401, 7.3192225 ], [ 134.5606995, 7.3190918 ], [ 134.5610504, 7.3190613 ], [ 134.561248799999987, 7.3191943 ], [ 134.561340300000012, 7.3193388 ], [ 134.5613861, 7.3195443 ], [ 134.5613861, 7.3197475 ], [ 134.5613251, 7.3199081 ], [ 134.561142, 7.3201556 ], [ 134.560791, 7.3204498 ], [ 134.5604706, 7.3204918 ] ] } },
{ "type": "Feature", "properties": { "RCID": 5193, "PRIM": 2, "GRUP": 2, "OBJL": 43, "RVER": 1, "AGEN": 550, "FIDN": 340730111, "FIDS": 9, "LNAM": "0226144F20FF0009", "LNAM_REFS": null, "FFPT_RIND": null, "VALDCO": 20.0, "VERDAT": null, "INFORM": null, "NINFOM": null, "NTXTDS": null, "SCAMAX": null, "SCAMIN": 44999, "TXTDSC": null, "RECDAT": null, "RECIND": null, "SORDAT": null, "SORIND": null, "hypcat": null, "_enc_cell": "US4TB3P0" }, "geometry": { "type": "LineString", "coordinates": [ [ 134.5613861, 7.308403 ], [ 134.561370899999986, 7.3085389 ], [ 134.561370899999986, 7.3088307 ], [ 134.5614471, 7.3089609 ], [ 134.561554, 7.309103 ], [ 134.561615, 7.3091722 ], [ 134.5618134, 7.3092971 ], [ 134.561950700000011, 7.3094668 ], [ 134.56193540000001, 7.3098054 ], [ 134.5617676, 7.309989 ], [ 134.561477700000012, 7.3101139 ], [ 134.5611572, 7.3101583 ], [ 134.560745200000014, 7.310236 ], [ 134.560394300000013, 7.3103442 ], [ 134.5600739, 7.3104224 ], [ 134.559783900000014, 7.3105278 ], [ 134.5596161, 7.3107138 ], [ 134.5595093, 7.3109279 ], [ 134.559494, 7.3112221 ], [ 134.559494, 7.3114057 ], [ 134.5594788, 7.3116388 ], [ 134.5594025, 7.3117919 ] ] } },
{ "type": "Feature", "properties": { "RCID": 5194, "PRIM": 2, "GRUP": 2, "OBJL": 43, "RVER": 1, "AGEN": 550, "FIDN": 665189136, "FIDS": 9, "LNAM": "022627A5FB100009", "LNAM_REFS": null, "FFPT_RIND": null, "VALDCO": 30.0, "VERDAT": null, "INFORM": null, "NINFOM": null, "NTXTDS": null, "SCAMAX": null, "SCAMIN": 89999, "TXTDSC": null, "RECDAT": null, "RECIND": null, "SORDAT": null, "SORIND": null, "hypcat": null, "_enc_cell": "US4TB3P0" }, "geometry": { "type": "LineString", "coordinates": [ [ 134.564030800000012, 7.3244127 ], [ 134.5640717, 7.3243332 ], [ 134.564148, 7.3242779 ], [ 134.564254799999986, 7.3242502 ], [ 134.564361600000012, 7.3242416 ], [ 134.564483599999988, 7.3242416 ], [ 134.5645752, 7.3242612 ], [ 134.5646362, 7.3242889 ], [ 134.564712500000013, 7.3243499 ], [ 134.5647736, 7.324461 ], [ 134.5647736, 7.3245611 ], [ 134.564743, 7.3247166 ], [ 134.564727799999986, 7.3247833 ], [ 134.5646362, 7.3248835 ], [ 134.564570800000013, 7.3249164 ], [ 134.5644989, 7.3249526 ], [ 134.56446840000001, 7.324986 ], [ 134.5643158, 7.3249664 ], [ 134.564209, 7.3249168 ], [ 134.564117399999986, 7.3248553 ], [ 134.5640717, 7.3247805 ], [ 134.5640411, 7.3246751 ], [ 134.5640259, 7.3245611 ], [ 134.5640259, 7.3244224 ], [ 134.564030800000012, 7.3244127 ] ] } },
{ "type": "Feature", "properties": { "RCID": 5195, "PRIM": 2, "GRUP": 2, "OBJL": 43, "RVER": 1, "AGEN": 550, "FIDN": 577808073, "FIDS": 9, "LNAM": "02262270A6C90009", "LNAM_REFS": null, "FFPT_RIND": null, "VALDCO": 30.0, "VERDAT": null, "INFORM": null, "NINFOM": null, "NTXTDS": null, "SCAMAX": null, "SCAMIN": 89999, "TXTDSC": null, "RECDAT": null, "RECIND": null, "SORDAT": null, "SORIND": null, "hypcat": null, "_enc_cell": "US4TB3P0" }, "geometry": { "type": "LineString", "coordinates": [ [ 134.5678101, 7.3413835 ], [ 134.5680695, 7.3412695 ], [ 134.5682526, 7.3411751 ], [ 134.568466199999989, 7.3411417 ], [ 134.569046, 7.3411417 ], [ 134.569183399999986, 7.341239 ], [ 134.5693054, 7.3413501 ], [ 134.5693665, 7.3415084 ], [ 134.5694428, 7.3416863 ], [ 134.5695801, 7.3418446 ], [ 134.5697022, 7.3419724 ], [ 134.5697937, 7.3421168 ], [ 134.5699463, 7.3422751 ] ] } },
{ "type": "Feature", "properties": { "RCID": 5196, "PRIM": 2, "GRUP": 2, "OBJL": 43, "RVER": 1, "AGEN": 550, "FIDN": 240775945, "FIDS": 9, "LNAM": "02260E59F3090009", "LNAM_REFS": null, "FFPT_RIND": null, "VALDCO": 10.0, "VERDAT": null, "INFORM": null, "NINFOM": null, "NTXTDS": null, "SCAMAX": null, "SCAMIN": 44999, "TXTDSC": null, "RECDAT": null, "RECIND": null, "SORDAT": null, "SORIND": null, "hypcat": null, "_enc_cell": "US4TB3P0" }, "geometry": { "type": "LineString", "coordinates": [ [ 134.572433499999988, 7.3127918 ], [ 134.5723572, 7.3126335 ], [ 134.5723114, 7.3124752 ], [ 134.572296099999988, 7.3122778 ], [ 134.572296099999988, 7.3120971 ], [ 134.5723114, 7.3119693 ], [ 134.5723572, 7.3118 ], [ 134.5723724, 7.3116026 ], [ 134.5723114, 7.3114915 ], [ 134.5722199, 7.3114333 ], [ 134.572113, 7.3113833 ], [ 134.5719757, 7.3113446 ], [ 134.57180790000001, 7.3113446 ], [ 134.571685800000012, 7.3113141 ], [ 134.571563700000013, 7.3112249 ], [ 134.571456899999987, 7.3110776 ], [ 134.5713959, 7.3108888 ], [ 134.5712891, 7.3106499 ], [ 134.571167, 7.310472 ], [ 134.570999199999989, 7.3102694 ], [ 134.5709534, 7.3102527 ], [ 134.570724500000011, 7.3101335 ], [ 134.5705719, 7.3099833 ], [ 134.5704041, 7.3098168 ], [ 134.570282, 7.3096666 ], [ 134.570221, 7.3094807 ], [ 134.5702057, 7.3093109 ], [ 134.5701752, 7.3091526 ], [ 134.570114100000012, 7.3090611 ], [ 134.5699463, 7.3089914 ], [ 134.569809, 7.3089638 ], [ 134.5695953, 7.3088946 ], [ 134.569458, 7.308764 ], [ 134.5693817, 7.3086639 ], [ 134.5692444, 7.308528 ], [ 134.5690765, 7.3083777 ], [ 134.5689697, 7.308178 ], [ 134.568939199999988, 7.307961 ], [ 134.568939199999988, 7.3077831 ], [ 134.5689545, 7.3074694 ], [ 134.56893070000001, 7.3073729 ], [ 134.5689087, 7.3072834 ], [ 134.5688171, 7.3070474 ], [ 134.568695100000014, 7.3068585 ], [ 134.5684815, 7.3067002 ], [ 134.5681763, 7.3064804 ], [ 134.5677643, 7.306314 ], [ 134.5674286, 7.3060832 ], [ 134.567123400000014, 7.3058863 ] ] } },
{ "type": "Feature", "properties": { "RCID": 5197, "PRIM": 2, "GRUP": 2, "OBJL": 43, "RVER": 1, "AGEN": 550, "FIDN": 732123453, "FIDS": 9, "LNAM": "02262BA3513D0009", "LNAM_REFS": null, "FFPT_RIND": null, "VALDCO": 20.0, "VERDAT": null, "INFORM": null, "NINFOM": null, "NTXTDS": null, "SCAMAX": null, "SCAMIN": 44999, "TXTDSC": null, "RECDAT": null, "RECIND": null, "SORDAT": null, "SORIND": null, "hypcat": null, "_enc_cell": "US4TB3P0" }, "geometry": { "type": "LineString", "coordinates": [ [ 134.572784399999989, 7.3282528 ], [ 134.572631800000011, 7.3285613 ], [ 134.5725708, 7.3287306 ], [ 134.5725555, 7.3287611 ], [ 134.5726929, 7.3289919 ], [ 134.572937, 7.3290696 ], [ 134.5731659, 7.3290834 ], [ 134.5734253, 7.3289919 ], [ 134.5735474, 7.3288693 ], [ 134.573593100000011, 7.3287306 ], [ 134.573608400000012, 7.3285141 ] ] } },
{ "type": "Feature", "properties": { "RCID": 5198, "PRIM": 2, "GRUP": 2, "OBJL": 43, "RVER": 1, "AGEN": 550, "FIDN": 292171621, "FIDS": 9, "LNAM": "0226116A2F650009", "LNAM_REFS": null, "FFPT_RIND": null, "VALDCO": 5.0, "VERDAT": null, "INFORM": null, "NINFOM": null, "NTXTDS": null, "SCAMAX": null, "SCAMIN": 44999, "TXTDSC": null, "RECDAT": null, "RECIND": null, "SORDAT": null, "SORIND": null, "hypcat": null, "_enc_cell": "US4TB3P0" }, "geometry": { "type": "LineString", "coordinates": [ [ 134.5777588, 7.3454137 ], [ 134.5779114, 7.3454056 ], [ 134.578201299999989, 7.3454056 ], [ 134.578537, 7.3454194 ], [ 134.5787659, 7.3456473 ], [ 134.5788269, 7.3459835 ], [ 134.5788269, 7.3461943 ] ] } },
{ "type": "Feature", "properties": { "RCID": 5199, "PRIM": 2, "GRUP": 2, "OBJL": 43, "RVER": 1, "AGEN": 550, "FIDN": 120916196, "FIDS": 9, "LNAM": "0226073508E40009", "LNAM_REFS": null, "FFPT_RIND": null, "VALDCO": 5.0, "VERDAT": null, "INFORM": null, "NINFOM": null, "NTXTDS": null, "SCAMAX": null, "SCAMIN": 44999, "TXTDSC": null, "RECDAT": null, "RECIND": null, "SORDAT": null, "SORIND": null, "hypcat": null, "_enc_cell": "US4TB3P0" }, "geometry": { "type": "LineString", "coordinates": [ [ 134.5745239, 7.3223057 ], [ 134.574951199999987, 7.3222637 ], [ 134.575180100000011, 7.3223085 ], [ 134.5755768, 7.3223724 ], [ 134.575805699999989, 7.3224139 ], [ 134.575882, 7.322422 ], [ 134.5760651, 7.3224692 ], [ 134.5761566, 7.3224778 ], [ 134.576263399999988, 7.3225193 ], [ 134.5764465, 7.3225279 ], [ 134.5769501, 7.3225279 ], [ 134.5771942, 7.3225193 ], [ 134.5774078, 7.3225193 ], [ 134.5776215, 7.3225112 ], [ 134.5777893, 7.322536 ], [ 134.5779114, 7.3225722 ], [ 134.5780792, 7.3226609 ], [ 134.5781555, 7.3227916 ], [ 134.578186, 7.3228664 ], [ 134.578201299999989, 7.3228917 ], [ 134.578201299999989, 7.3229194 ], [ 134.5782318, 7.323122 ], [ 134.578186, 7.3233056 ], [ 134.578048700000011, 7.3234081 ], [ 134.577819799999986, 7.3234696 ], [ 134.577575700000011, 7.3235722 ], [ 134.577331500000014, 7.3237443 ], [ 134.5772095, 7.3238721 ], [ 134.5771179, 7.3239389 ], [ 134.5770111, 7.3240166 ], [ 134.5769501, 7.3240776 ], [ 134.5769196, 7.3242111 ], [ 134.5769196, 7.3242974 ], [ 134.5769043, 7.3243942 ], [ 134.5769043, 7.3245196 ], [ 134.5769501, 7.3246498 ], [ 134.5770264, 7.3247471 ], [ 134.5771484, 7.3248 ], [ 134.577224699999988, 7.3248081 ], [ 134.5773773, 7.3248081 ], [ 134.577453600000013, 7.3248 ], [ 134.5775147, 7.3247557 ], [ 134.5775909, 7.3246498 ], [ 134.5776367, 7.3245473 ], [ 134.577652, 7.3244391 ], [ 134.5776367, 7.3244195 ], [ 134.577652, 7.3243499 ], [ 134.57769780000001, 7.3242555 ], [ 134.5777588, 7.3241582 ], [ 134.5778809, 7.3239918 ], [ 134.5780029, 7.3239112 ], [ 134.5781097, 7.323822 ], [ 134.5782318, 7.3237696 ], [ 134.578537, 7.3237166 ], [ 134.5785828, 7.3237362 ], [ 134.5787354, 7.3237362 ], [ 134.578949, 7.3237276 ], [ 134.5790863, 7.3237 ], [ 134.5791779, 7.3236556 ], [ 134.579284699999988, 7.323525 ], [ 134.5793152, 7.3234081 ], [ 134.579269399999987, 7.3232861 ], [ 134.5791779, 7.3231554 ], [ 134.5791016, 7.323103 ], [ 134.578887900000012, 7.3230305 ], [ 134.578796399999987, 7.3229694 ], [ 134.57865910000001, 7.3227749 ], [ 134.5786438, 7.3227415 ], [ 134.578537, 7.3224859 ], [ 134.578537, 7.322186 ], [ 134.5785065, 7.3220973 ], [ 134.578414900000013, 7.3219891 ], [ 134.5783386, 7.3217974 ], [ 134.578186, 7.3213081 ], [ 134.5780945, 7.3210721 ], [ 134.5780945, 7.3206945 ], [ 134.5781555, 7.3205638 ], [ 134.578186, 7.3205028 ], [ 134.578323399999988, 7.3203363 ], [ 134.5783539, 7.3202581 ], [ 134.5783691, 7.3200975 ], [ 134.5783691, 7.3199058 ], [ 134.5783539, 7.3198252 ], [ 134.578201299999989, 7.3197193 ], [ 134.578064, 7.319675 ], [ 134.5779877, 7.3196335 ], [ 134.5777435, 7.319447 ], [ 134.57756040000001, 7.319253 ], [ 134.577453600000013, 7.3191114 ], [ 134.577331500000014, 7.3189526 ], [ 134.5772095, 7.3188086 ], [ 134.576965300000012, 7.318553 ], [ 134.576828, 7.3183613 ], [ 134.5767059, 7.3181472 ], [ 134.5765228, 7.3179336 ], [ 134.576278699999989, 7.3176889 ], [ 134.5761108, 7.3175249 ], [ 134.5759277, 7.3173223 ], [ 134.575805699999989, 7.3171082 ], [ 134.5756226, 7.3168836 ], [ 134.575439499999987, 7.3167224 ], [ 134.5752716, 7.3165889 ], [ 134.575058, 7.3163834 ], [ 134.574935900000014, 7.3161082 ], [ 134.574829099999988, 7.3159695 ], [ 134.5746613, 7.3158002 ], [ 134.5744934, 7.315661 ], [ 134.574356099999989, 7.3154945 ], [ 134.574234, 7.3152919 ], [ 134.5741882, 7.315228 ], [ 134.5741882, 7.3152194 ], [ 134.574096700000013, 7.3150611 ], [ 134.5739136, 7.3148308 ], [ 134.573745699999989, 7.314661 ], [ 134.5735321, 7.3144612 ], [ 134.573379499999987, 7.3143082 ], [ 134.573257500000011, 7.3141027 ], [ 134.573257500000011, 7.3140554 ], [ 134.5730743, 7.3138499 ], [ 134.572891199999987, 7.3136277 ], [ 134.5726776, 7.3133721 ], [ 134.5725098, 7.3131776 ], [ 134.5720825, 7.3126917 ], [ 134.5717468, 7.3122916 ], [ 134.5715027, 7.3119054 ], [ 134.5710602, 7.3113666 ], [ 134.5708923, 7.3110724 ], [ 134.5708008, 7.3107805 ], [ 134.5706482, 7.3105974 ], [ 134.5704498, 7.3103805 ], [ 134.5699921, 7.3099804 ], [ 134.5697784, 7.3097334 ], [ 134.5694733, 7.3094249 ], [ 134.569274900000011, 7.3091335 ], [ 134.568939199999988, 7.3087945 ], [ 134.5687408, 7.3085332 ], [ 134.5684815, 7.3082724 ], [ 134.5682831, 7.3079777 ], [ 134.5680237, 7.3074083 ], [ 134.5678711, 7.3071303 ], [ 134.5674286, 7.3064389 ], [ 134.56716320000001, 7.3060939 ], [ 134.567001299999987, 7.3058834 ], [ 134.5667877, 7.3056054 ], [ 134.5664978, 7.3052363 ], [ 134.566055299999988, 7.3046832 ], [ 134.565673800000013, 7.3043137 ], [ 134.5653839, 7.3040834 ], [ 134.5650177, 7.3038526 ], [ 134.564605699999987, 7.303575 ], [ 134.5643311, 7.3033748 ] ] } },
{ "type": "Feature", "properties": { "RCID": 5200, "PRIM": 2, "GRUP": 2, "OBJL": 43, "RVER": 1, "AGEN": 550, "FIDN": 712407189, "FIDS": 9, "LNAM": "02262A7678950009", "LNAM_REFS": null, "FFPT_RIND": null, "VALDCO": 10.0, "VERDAT": null, "INFORM": null, "NINFOM": null, "NTXTDS": null, "SCAMAX": null, "SCAMIN": 44999, "TXTDSC": null, "RECDAT": null, "RECIND": null, "SORDAT": null, "SORIND": null, "hypcat": null, "_enc_cell": "US4TB3P0" }, "geometry": { "type": "LineString", "coordinates": [ [ 134.572891199999987, 7.3133831 ], [ 134.5730896, 7.3135529 ], [ 134.573257500000011, 7.3136778 ], [ 134.5736694, 7.3137999 ], [ 134.573883099999989, 7.3139529 ], [ 134.574096700000013, 7.3141694 ], [ 134.574356099999989, 7.3144612 ], [ 134.574462899999986, 7.3147388 ], [ 134.5746002, 7.3150306 ], [ 134.574813799999987, 7.3152919 ], [ 134.575042700000012, 7.315464 ], [ 134.575180100000011, 7.3154888 ], [ 134.5753479, 7.3154526 ], [ 134.575531, 7.3154917 ], [ 134.5756989, 7.3156138 ], [ 134.5757446, 7.3157859 ], [ 134.575805699999989, 7.3159666 ], [ 134.5758362, 7.316114 ], [ 134.5758362, 7.3162613 ], [ 134.575897200000014, 7.3165722 ], [ 134.5759735, 7.3168111 ], [ 134.5761108, 7.316978 ], [ 134.5762482, 7.3171415 ], [ 134.576400799999988, 7.3172751 ], [ 134.576416, 7.3172889 ], [ 134.57659910000001, 7.3174195 ], [ 134.5768433, 7.317564 ], [ 134.577087400000011, 7.3176584 ], [ 134.577575700000011, 7.3177638 ], [ 134.5778046, 7.3178029 ], [ 134.577957199999986, 7.3178835 ], [ 134.5780792, 7.3180251 ], [ 134.5781403, 7.3182359 ], [ 134.5781708, 7.3185387 ], [ 134.578186, 7.3186665 ], [ 134.5782623, 7.3189054 ], [ 134.5783844, 7.3190694 ], [ 134.57852170000001, 7.3192196 ], [ 134.5785828, 7.3193831 ], [ 134.5786133, 7.3196945 ], [ 134.5786285, 7.3198972 ], [ 134.5786896, 7.3200998 ], [ 134.5788422, 7.3202109 ], [ 134.57901, 7.3202834 ], [ 134.5793457, 7.320303 ], [ 134.5794525, 7.3203945 ], [ 134.5795288, 7.3205586 ], [ 134.5794678, 7.3208723 ], [ 134.5792999, 7.3212194 ], [ 134.5792542, 7.3214779 ], [ 134.5792542, 7.321528 ], [ 134.5793304, 7.3217139 ], [ 134.579422, 7.3218331 ], [ 134.5795746, 7.3220029 ], [ 134.579757699999988, 7.3222222 ], [ 134.579879799999986, 7.3224196 ], [ 134.5801697, 7.3230472 ], [ 134.5802155, 7.3232861 ], [ 134.580246, 7.323575 ], [ 134.580246, 7.3238945 ], [ 134.580307, 7.3242111 ], [ 134.5803833, 7.3244252 ], [ 134.5804901, 7.3246026 ], [ 134.5805512, 7.3247891 ], [ 134.5806427, 7.3249278 ], [ 134.580703699999987, 7.3251028 ], [ 134.580734299999989, 7.3251915 ], [ 134.5806885, 7.3253694 ], [ 134.5806122, 7.3255224 ], [ 134.580596899999989, 7.3257084 ], [ 134.580596899999989, 7.3259111 ], [ 134.5806274, 7.3261862 ], [ 134.5806427, 7.3262334 ], [ 134.580734299999989, 7.3263807 ], [ 134.58078, 7.3264527 ], [ 134.580841099999986, 7.3266306 ], [ 134.5808868, 7.326786 ], [ 134.5809021, 7.3269391 ], [ 134.5808868, 7.3270946 ], [ 134.580841099999986, 7.3272276 ], [ 134.58078, 7.3273335 ], [ 134.5806885, 7.3273888 ], [ 134.5805512, 7.3274307 ], [ 134.580459600000012, 7.3274307 ], [ 134.5803223, 7.327425 ], [ 134.5801849, 7.3273835 ], [ 134.5800781, 7.3273335 ], [ 134.5800476, 7.3273058 ], [ 134.5800018, 7.3272724 ], [ 134.5799255, 7.3271999 ], [ 134.579849200000012, 7.3271165 ], [ 134.5797882, 7.327064 ], [ 134.57962040000001, 7.3268056 ], [ 134.5794525, 7.326561 ], [ 134.579284699999988, 7.3263168 ], [ 134.5792542, 7.3262696 ], [ 134.5791779, 7.3261137 ], [ 134.5791016, 7.3259001 ], [ 134.5790405, 7.3258109 ], [ 134.578949, 7.3257194 ], [ 134.5788727, 7.325675 ], [ 134.5787506, 7.3256612 ], [ 134.578598, 7.3256555 ], [ 134.5784454, 7.3256335 ], [ 134.5783386, 7.3255944 ], [ 134.5780945, 7.3255415 ], [ 134.5779724, 7.3254862 ], [ 134.5778809, 7.3253861 ], [ 134.577819799999986, 7.3252916 ], [ 134.5777588, 7.3250303 ], [ 134.5776672, 7.3249664 ], [ 134.5775299, 7.3249083 ] ] } },
{ "type": "Feature", "properties": { "RCID": 5201, "PRIM": 2, "GRUP": 2, "OBJL": 43, "RVER": 1, "AGEN": 550, "FIDN": 429392837, "FIDS": 9, "LNAM": "0226199803C50009", "LNAM_REFS": null, "FFPT_RIND": null, "VALDCO": 30.0, "VERDAT": null, "INFORM": null, "NINFOM": null, "NTXTDS": null, "SCAMAX": null, "SCAMIN": 89999, "TXTDSC": null, "RECDAT": null, "RECIND": null, "SORDAT": null, "SORIND": null, "hypcat": null, "_enc_cell": "US4TB3P0" }, "geometry": { "type": "LineString", "coordinates": [ [ 134.5825806, 7.3473415 ], [ 134.582748400000014, 7.3472304 ], [ 134.5830231, 7.3471308 ], [ 134.58345030000001, 7.347075 ], [ 134.5840454, 7.3469276 ], [ 134.5842285, 7.3468723 ], [ 134.5844421, 7.3467445 ], [ 134.5848541, 7.3466444 ], [ 134.5852051, 7.3466082 ], [ 134.585495, 7.3467083 ], [ 134.585861200000011, 7.346828 ], [ 134.5861969, 7.3468638 ], [ 134.586715700000013, 7.3468833 ], [ 134.5869904, 7.3468833 ], [ 134.5872192, 7.3469276 ], [ 134.5876007, 7.3470836 ], [ 134.5880127, 7.3472223 ], [ 134.5883179, 7.3473501 ], [ 134.588546799999989, 7.3475056 ], [ 134.588745100000011, 7.3476529 ], [ 134.5889587, 7.347764 ] ] } },
{ "type": "Feature", "properties": { "RCID": 5202, "PRIM": 2, "GRUP": 2, "OBJL": 43, "RVER": 1, "AGEN": 550, "FIDN": 718873172, "FIDS": 9, "LNAM": "02262AD922540009", "LNAM_REFS": null, "FFPT_RIND": null, "VALDCO": 20.0, "VERDAT": null, "INFORM": null, "NINFOM": null, "NTXTDS": null, "SCAMAX": null, "SCAMIN": 44999, "TXTDSC": null, "RECDAT": null, "RECIND": null, "SORDAT": null, "SORIND": null, "hypcat": null, "_enc_cell": "US4TB3P0" }, "geometry": { "type": "LineString", "coordinates": [ [ 134.5858917, 7.3363776 ], [ 134.585846, 7.3366418 ], [ 134.5856934, 7.3369498 ], [ 134.585495, 7.3371806 ], [ 134.5852356, 7.3373332 ], [ 134.5849609, 7.3373804 ], [ 134.5844879, 7.3372722 ], [ 134.5842438, 7.3371973 ], [ 134.5840302, 7.3371334 ], [ 134.583252, 7.3368859 ], [ 134.582626299999987, 7.3368387 ], [ 134.5823212, 7.3370528 ], [ 134.5821228, 7.3373613 ], [ 134.5819397, 7.3377471 ], [ 134.5817108, 7.3380556 ], [ 134.5814819, 7.3382387 ], [ 134.5811615, 7.3383331 ], [ 134.5809937, 7.3383641 ], [ 134.580719, 7.3383694 ], [ 134.5805206, 7.3382139 ], [ 134.5805054, 7.3381915 ], [ 134.580230699999987, 7.3378611 ], [ 134.5801239, 7.3375526 ], [ 134.5801544, 7.3372445 ], [ 134.5803833, 7.336997 ], [ 134.58058170000001, 7.3368139 ], [ 134.5807495, 7.3365665 ], [ 134.5808563, 7.3363252 ], [ 134.5808868, 7.336103 ], [ 134.5808716, 7.3358307 ], [ 134.5808563, 7.3355498 ], [ 134.580932600000011, 7.3353391 ], [ 134.5810242, 7.3351584 ], [ 134.581192, 7.3350081 ], [ 134.581405600000011, 7.3349085 ], [ 134.5816498, 7.3348279 ], [ 134.581955, 7.3347364 ], [ 134.582168599999989, 7.3347168 ], [ 134.5822296, 7.334703 ], [ 134.5824585, 7.3346443 ], [ 134.5826874, 7.3345666 ], [ 134.58284, 7.3344336 ], [ 134.583236699999986, 7.3341332 ], [ 134.5835114, 7.3340416 ], [ 134.583725, 7.3339834 ], [ 134.583953900000012, 7.3339224 ], [ 134.5841522, 7.3339224 ], [ 134.5844421, 7.3338418 ], [ 134.5845795, 7.3337307 ], [ 134.584671, 7.3336225 ], [ 134.5847168, 7.3334999 ], [ 134.5848694, 7.3331499 ], [ 134.5848236, 7.3328419 ], [ 134.5845947, 7.3324862 ], [ 134.5842438, 7.3322249 ], [ 134.5839996, 7.3320556 ], [ 134.583831800000013, 7.3317637 ], [ 134.583786, 7.3314252 ], [ 134.5837402, 7.3310084 ], [ 134.5836487, 7.3307304 ], [ 134.5835724, 7.3303919 ], [ 134.58345030000001, 7.3301334 ], [ 134.583343500000012, 7.3299308 ], [ 134.5830994, 7.3295751 ], [ 134.5830536, 7.3290391 ], [ 134.5830536, 7.3290248 ], [ 134.5830231, 7.3284669 ], [ 134.583129899999989, 7.327961 ], [ 134.58345030000001, 7.3275585 ], [ 134.5835266, 7.3274999 ], [ 134.5836792, 7.327425 ], [ 134.5838623, 7.3272891 ], [ 134.5840149, 7.3271499 ], [ 134.584137, 7.3269696 ], [ 134.5842743, 7.3268471 ], [ 134.5843811, 7.3267279 ], [ 134.5844879, 7.326561 ], [ 134.58461, 7.326386 ], [ 134.584777800000012, 7.3262668 ], [ 134.5850067, 7.3262196 ], [ 134.5852203, 7.3262391 ], [ 134.5854034, 7.3263001 ], [ 134.5858307, 7.3264446 ], [ 134.5859375, 7.3265166 ], [ 134.5860596, 7.3266196 ], [ 134.586135899999988, 7.326797 ], [ 134.586227400000013, 7.3269582 ], [ 134.586364800000013, 7.3270583 ], [ 134.5867615, 7.3274169 ], [ 134.5871735, 7.327786 ], [ 134.587585499999989, 7.3282638 ], [ 134.5878754, 7.3285584 ], [ 134.5881805, 7.3287582 ], [ 134.5884857, 7.3291111 ], [ 134.5885505, 7.3291663 ], [ 134.5887756, 7.3293581 ], [ 134.589126599999986, 7.3295889 ], [ 134.589248700000013, 7.329689 ], [ 134.589447, 7.3298669 ], [ 134.5895844, 7.3300028 ], [ 134.589721700000013, 7.330122 ], [ 134.5899963, 7.3304195 ], [ 134.5902557, 7.3306499 ], [ 134.5904236, 7.330853 ], [ 134.5904236, 7.3309193 ], [ 134.590483400000011, 7.3315019 ], [ 134.5904846, 7.3315139 ], [ 134.5904999, 7.3317752 ], [ 134.590438799999987, 7.3321443 ], [ 134.590194700000012, 7.332439 ], [ 134.5899353, 7.3326693 ], [ 134.5896759, 7.332778 ], [ 134.589477499999987, 7.332839 ], [ 134.5892792, 7.3329001 ], [ 134.5888977, 7.3330388 ], [ 134.5886231, 7.3330832 ], [ 134.5884247, 7.3330693 ], [ 134.5881958, 7.3332696 ], [ 134.5881348, 7.3336082 ], [ 134.5881043, 7.3339472 ], [ 134.5879669, 7.3342223 ], [ 134.5877533, 7.3343778 ], [ 134.58743290000001, 7.334486 ], [ 134.5870667, 7.3344998 ], [ 134.5866547, 7.3344998 ], [ 134.5861511, 7.3345614 ], [ 134.5859375, 7.3347001 ], [ 134.585861200000011, 7.3349776 ], [ 134.5858002, 7.3353167 ], [ 134.5858002, 7.3359027 ], [ 134.5858307, 7.3360472 ], [ 134.585846, 7.3361473 ], [ 134.5858917, 7.3363333 ], [ 134.5858917, 7.3363776 ] ] } },
{ "type": "Feature", "properties": { "RCID": 5203, "PRIM": 2, "GRUP": 2, "OBJL": 43, "RVER": 1, "AGEN": 550, "FIDN": 824998895, "FIDS": 9, "LNAM": "0226312C7BEF0009", "LNAM_REFS": null, "FFPT_RIND": null, "VALDCO": 20.0, "VERDAT": null, "INFORM": null, "NINFOM": null, "NTXTDS": null, "SCAMAX": null, "SCAMIN": 44999, "TXTDSC": null, "RECDAT": null, "RECIND": null, "SORDAT": null, "SORIND": null, "hypcat": null, "_enc_cell": "US4TB3P0" }, "geometry": { "type": "LineString", "coordinates": [ [ 134.593774200000013, 7.3347518 ], [ 134.5938721, 7.3347583 ], [ 134.5939026, 7.3347693 ], [ 134.5940094, 7.3347526 ], [ 134.5940704, 7.3347502 ], [ 134.5942078, 7.3348332 ], [ 134.5942535, 7.3348751 ], [ 134.5943909, 7.3349252 ], [ 134.594528200000013, 7.3350501 ], [ 134.594528200000013, 7.3350582 ], [ 134.594650300000012, 7.3351641 ], [ 134.594696, 7.3353109 ], [ 134.5947266, 7.3354721 ], [ 134.594759399999987, 7.3356358 ], [ 134.594772299999988, 7.3357 ], [ 134.5948029, 7.3359165 ], [ 134.5948334, 7.3361807 ], [ 134.5948334, 7.3362694 ], [ 134.5948029, 7.3364277 ], [ 134.594787599999989, 7.3364415 ], [ 134.59475710000001, 7.3365555 ], [ 134.594635, 7.3366919 ], [ 134.5944824, 7.3368278 ], [ 134.5943451, 7.3369112 ], [ 134.5943298, 7.3369279 ], [ 134.5942383, 7.3369527 ], [ 134.5940247, 7.3370113 ], [ 134.593826299999989, 7.3370113 ], [ 134.593673700000011, 7.3370194 ], [ 134.5934143, 7.3370557 ], [ 134.5932617, 7.3369861 ], [ 134.5931091, 7.3368502 ], [ 134.593078600000013, 7.3368001 ], [ 134.592971799999987, 7.3366585 ], [ 134.5928345, 7.3364058 ], [ 134.5927429, 7.3360863 ], [ 134.5927429, 7.336 ], [ 134.592712400000011, 7.3358665 ], [ 134.5928803, 7.3353972 ], [ 134.592987099999988, 7.3351002 ], [ 134.593200700000011, 7.3348918 ], [ 134.5934143, 7.3348112 ], [ 134.5934906, 7.3347859 ], [ 134.593566900000013, 7.3347583 ], [ 134.59375, 7.3347502 ], [ 134.593774200000013, 7.3347518 ] ] } },
{ "type": "Feature", "properties": { "RCID": 5204, "PRIM": 2, "GRUP": 2, "OBJL": 43, "RVER": 1, "AGEN": 550, "FIDN": 408969001, "FIDS": 9, "LNAM": "022618605F290009", "LNAM_REFS": null, "FFPT_RIND": null, "VALDCO": 50.0, "VERDAT": null, "INFORM": null, "NINFOM": null, "NTXTDS": null, "SCAMAX": null, "SCAMIN": 44999, "TXTDSC": null, "RECDAT": null, "RECIND": null, "SORDAT": null, "SORIND": null, "hypcat": null, "_enc_cell": "US4TB3P0" }, "geometry": { "type": "LineString", "coordinates": [ [ 134.600647, 7.3724165 ], [ 134.6008301, 7.3726196 ], [ 134.6009827, 7.3727722 ], [ 134.6011047, 7.3729248 ], [ 134.6013336, 7.3730779 ], [ 134.6016693, 7.3732057 ], [ 134.6019287, 7.3732581 ], [ 134.602233899999987, 7.3732834 ], [ 134.6026154, 7.3732834 ], [ 134.6030426, 7.3731556 ] ] } },
{ "type": "Feature", "properties": { "RCID": 5205, "PRIM": 2, "GRUP": 2, "OBJL": 43, "RVER": 1, "AGEN": 550, "FIDN": 994326101, "FIDS": 9, "LNAM": "02263B4436550009", "LNAM_REFS": null, "FFPT_RIND": null, "VALDCO": 10.0, "VERDAT": null, "INFORM": null, "NINFOM": null, "NTXTDS": null, "SCAMAX": null, "SCAMIN": 44999, "TXTDSC": null, "RECDAT": null, "RECIND": null, "SORDAT": null, "SORIND": null, "hypcat": null, "_enc_cell": "US4TB3P0" }, "geometry": { "type": "LineString", "coordinates": [ [ 134.6032257, 7.3485055 ], [ 134.6032257, 7.3484139 ], [ 134.6032715, 7.3482666 ], [ 134.603317299999986, 7.3481417 ], [ 134.6035767, 7.3479586 ], [ 134.603714, 7.3479471 ], [ 134.603912400000013, 7.3479915 ], [ 134.604187, 7.3480387 ], [ 134.60449220000001, 7.3480387 ], [ 134.604644799999988, 7.3480167 ], [ 134.6047974, 7.3479695 ], [ 134.604995699999989, 7.347878 ], [ 134.6051483, 7.3477998 ], [ 134.6052704, 7.347764 ], [ 134.605346700000013, 7.3477526 ], [ 134.6055298, 7.3478112 ], [ 134.6056519, 7.3479471 ], [ 134.605712899999986, 7.3480721 ], [ 134.6058807, 7.3482084 ], [ 134.6060028, 7.3482776 ], [ 134.6061554, 7.3483806 ], [ 134.6062622, 7.3485165 ], [ 134.6062622, 7.3486891 ], [ 134.606247, 7.3487916 ], [ 134.6062317, 7.3488641 ], [ 134.6062317, 7.348976 ], [ 134.6062317, 7.3490305 ] ] } },
{ "type": "Feature", "properties": { "RCID": 5206, "PRIM": 2, "GRUP": 2, "OBJL": 43, "RVER": 1, "AGEN": 550, "FIDN": 412020594, "FIDS": 9, "LNAM": "0226188EEF720009", "LNAM_REFS": null, "FFPT_RIND": null, "VALDCO": 30.0, "VERDAT": null, "INFORM": null, "NINFOM": null, "NTXTDS": null, "SCAMAX": null, "SCAMIN": 89999, "TXTDSC": null, "RECDAT": null, "RECIND": null, "SORDAT": null, "SORIND": null, "hypcat": null, "_enc_cell": "US4TB3P0" }, "geometry": { "type": "LineString", "coordinates": [ [ 134.6074677, 7.3676028 ], [ 134.6074677, 7.3673224 ], [ 134.6074371, 7.3670168 ], [ 134.6073303, 7.3665834 ], [ 134.607055699999989, 7.3659225 ], [ 134.6065979, 7.3654637 ], [ 134.6062622, 7.3650556 ], [ 134.6058502, 7.3645721 ], [ 134.6051483, 7.3642416 ], [ 134.6045532, 7.3642416 ], [ 134.6040955, 7.3643165 ], [ 134.6037445, 7.3645225 ] ] } },
{ "type": "Feature", "properties": { "RCID": 5207, "PRIM": 2, "GRUP": 2, "OBJL": 43, "RVER": 1, "AGEN": 550, "FIDN": 288824682, "FIDS": 9, "LNAM": "022611371D6A0009", "LNAM_REFS": null, "FFPT_RIND": null, "VALDCO": 30.0, "VERDAT": null, "INFORM": null, "NINFOM": null, "NTXTDS": null, "SCAMAX": null, "SCAMIN": 89999, "TXTDSC": null, "RECDAT": null, "RECIND": null, "SORDAT": null, "SORIND": null, "hypcat": null, "_enc_cell": "US4TB3P0" }, "geometry": { "type": "LineString", "coordinates": [ [ 134.606903100000011, 7.3689027 ], [ 134.6071014, 7.3689528 ], [ 134.6074677, 7.3692083 ], [ 134.6075897, 7.369411 ] ] } },
{ "type": "Feature", "properties": { "RCID": 5208, "PRIM": 2, "GRUP": 2, "OBJL": 43, "RVER": 1, "AGEN": 550, "FIDN": 307765480, "FIDS": 9, "LNAM": "0226125820E80009", "LNAM_REFS": null, "FFPT_RIND": null, "VALDCO": 100.0, "VERDAT": null, "INFORM": null, "NINFOM": null, "NTXTDS": null, "SCAMAX": null, "SCAMIN": 44999, "TXTDSC": null, "RECDAT": null, "RECIND": null, "SORDAT": null, "SORIND": null, "hypcat": null, "_enc_cell": "US4TB3P0" }, "geometry": { "type": "LineString", "coordinates": [ [ 134.6087952, 7.3456974 ], [ 134.6087799, 7.3455248 ], [ 134.6087494, 7.3450165 ], [ 134.6085663, 7.3443389 ], [ 134.608245899999986, 7.3438416 ], [ 134.6079254, 7.3434777 ], [ 134.607605, 7.3430724 ], [ 134.6067047, 7.3423944 ], [ 134.6061554, 7.3422141 ], [ 134.6056213, 7.3421669 ], [ 134.6048889, 7.3422585 ] ] } },
{ "type": "Feature", "properties": { "RCID": 5209, "PRIM": 2, "GRUP": 2, "OBJL": 43, "RVER": 1, "AGEN": 550, "FIDN": 793666058, "FIDS": 9, "LNAM": "02262F4E620A0009", "LNAM_REFS": null, "FFPT_RIND": null, "VALDCO": 30.0, "VERDAT": null, "INFORM": null, "NINFOM": null, "NTXTDS": null, "SCAMAX": null, "SCAMIN": 89999, "TXTDSC": null, "RECDAT": null, "RECIND": null, "SORDAT": null, "SORIND": null, "hypcat": null, "_enc_cell": "US4TB3P0" }, "geometry": { "type": "LineString", "coordinates": [ [ 134.6088715, 7.369411 ], [ 134.6090393, 7.3692584 ], [ 134.609298700000011, 7.3690028 ], [ 134.6097107, 7.3686724 ], [ 134.6099701, 7.3684197 ], [ 134.6103516, 7.3679862 ], [ 134.6105042, 7.3675528 ], [ 134.6105957, 7.3670945 ], [ 134.6106567, 7.366611 ], [ 134.6105804, 7.366025 ], [ 134.6103668, 7.3656416 ], [ 134.6097412, 7.3652611 ], [ 134.6091461, 7.3650055 ], [ 134.608429, 7.3646751 ], [ 134.6077881, 7.3640637 ], [ 134.607513399999988, 7.3635526 ], [ 134.607254, 7.3629446 ], [ 134.60702520000001, 7.3623056 ], [ 134.6069336, 7.3618026 ], [ 134.6068726, 7.3614693 ], [ 134.6069336, 7.360961 ], [ 134.6069794, 7.3605776 ], [ 134.6071777, 7.3601971 ], [ 134.607620200000014, 7.3598137 ] ] } },
{ "type": "Feature", "properties": { "RCID": 5382, "PRIM": 2, "GRUP": 2, "OBJL": 43, "RVER": 1, "AGEN": 550, "FIDN": 478097664, "FIDS": 9, "LNAM": "02261C7F31000009", "LNAM_REFS": null, "FFPT_RIND": null, "VALDCO": 5.0, "VERDAT": null, "INFORM": null, "NINFOM": null, "NTXTDS": null, "SCAMAX": null, "SCAMIN": 44999, "TXTDSC": null, "RECDAT": null, "RECIND": null, "SORDAT": null, "SORIND": null, "hypcat": null, "_enc_cell": "US4TB3P0" }, "geometry": { "type": "LineString", "coordinates": [ [ 134.491531400000014, 7.2729998 ], [ 134.491638200000011, 7.2729778 ], [ 134.4917145, 7.2729778 ], [ 134.491806, 7.2730193 ], [ 134.4919128, 7.2732334 ], [ 134.4919739, 7.2734165 ], [ 134.491989100000012, 7.2737446 ], [ 134.4919739, 7.2738361 ], [ 134.4919281, 7.2739887 ], [ 134.4918366, 7.2741113 ], [ 134.49176030000001, 7.2742109 ], [ 134.491638200000011, 7.2742834 ], [ 134.491531400000014, 7.2742834 ], [ 134.4914398, 7.2742333 ], [ 134.491333, 7.2741303 ], [ 134.491272, 7.2740278 ], [ 134.491165200000012, 7.2738752 ], [ 134.4911194, 7.2737751 ], [ 134.4911041, 7.2736917 ], [ 134.4911041, 7.2735086 ], [ 134.4911346, 7.2734165 ], [ 134.4911957, 7.2733054 ], [ 134.4912567, 7.2732334 ], [ 134.4913483, 7.2731419 ], [ 134.4914398, 7.2730613 ], [ 134.491531400000014, 7.2729998 ] ] } },
{ "type": "Feature", "properties": { "RCID": 5383, "PRIM": 2, "GRUP": 2, "OBJL": 43, "RVER": 1, "AGEN": 550, "FIDN": 784028892, "FIDS": 9, "LNAM": "02262EBB54DC0009", "LNAM_REFS": null, "FFPT_RIND": null, "VALDCO": 10.0, "VERDAT": null, "INFORM": null, "NINFOM": null, "NTXTDS": null, "SCAMAX": null, "SCAMIN": 44999, "TXTDSC": null, "RECDAT": null, "RECIND": null, "SORDAT": null, "SORIND": null, "hypcat": null, "_enc_cell": "US4TB3P0" }, "geometry": { "type": "LineString", "coordinates": [ [ 134.492477400000013, 7.3763528 ], [ 134.4924316, 7.3764195 ], [ 134.492370599999987, 7.3764582 ], [ 134.4923096, 7.3765249 ], [ 134.492218, 7.3766027 ], [ 134.4921722, 7.3766694 ], [ 134.492111200000011, 7.3767557 ], [ 134.492096, 7.376853 ], [ 134.4920807, 7.3769388 ], [ 134.4920807, 7.3770251 ], [ 134.492111200000011, 7.3771887 ], [ 134.4921417, 7.3772554 ], [ 134.4921875, 7.3773027 ], [ 134.492385899999988, 7.3773694 ], [ 134.4924164, 7.3773584 ], [ 134.492614800000013, 7.3773499 ], [ 134.4928131, 7.3772669 ], [ 134.493042, 7.3770666 ] ] } },
{ "type": "Feature", "properties": { "RCID": 5384, "PRIM": 2, "GRUP": 2, "OBJL": 43, "RVER": 1, "AGEN": 550, "FIDN": 154922162, "FIDS": 9, "LNAM": "0226093BECB20009", "LNAM_REFS": null, "FFPT_RIND": null, "VALDCO": 10.0, "VERDAT": null, "INFORM": null, "NINFOM": null, "NTXTDS": null, "SCAMAX": null, "SCAMIN": 44999, "TXTDSC": null, "RECDAT": null, "RECIND": null, "SORDAT": null, "SORIND": null, "hypcat": null, "_enc_cell": "US4TB3P0" }, "geometry": { "type": "LineString", "coordinates": [ [ 134.492981, 7.3988609 ], [ 134.4930573, 7.3987498 ], [ 134.4931488, 7.3987112 ], [ 134.4932861, 7.3987389 ], [ 134.4933777, 7.3987861 ] ] } },
{ "type": "Feature", "properties": { "RCID": 5385, "PRIM": 2, "GRUP": 2, "OBJL": 43, "RVER": 1, "AGEN": 550, "FIDN": 430484276, "FIDS": 9, "LNAM": "022619A8AB340009", "LNAM_REFS": null, "FFPT_RIND": null, "VALDCO": 20.0, "VERDAT": null, "INFORM": null, "NINFOM": null, "NTXTDS": null, "SCAMAX": null, "SCAMIN": 44999, "TXTDSC": null, "RECDAT": null, "RECIND": null, "SORDAT": null, "SORIND": null, "hypcat": null, "_enc_cell": "US4TB3P0" }, "geometry": { "type": "LineString", "coordinates": [ [ 134.4942627, 7.3282919 ], [ 134.4941254, 7.3280082 ], [ 134.493988, 7.3278194 ], [ 134.4937897, 7.3277669 ], [ 134.493576100000013, 7.3278637 ], [ 134.4934845, 7.3281083 ], [ 134.4933929, 7.3283472 ], [ 134.4933167, 7.3284831 ], [ 134.493209799999988, 7.3286109 ] ] } },
{ "type": "Feature", "properties": { "RCID": 5393, "PRIM": 2, "GRUP": 2, "OBJL": 43, "RVER": 1, "AGEN": 550, "FIDN": 493149318, "FIDS": 9, "LNAM": "02261D64DC860009", "LNAM_REFS": null, "FFPT_RIND": null, "VALDCO": 2.0, "VERDAT": null, "INFORM": null, "NINFOM": null, "NTXTDS": null, "SCAMAX": null, "SCAMIN": 44999, "TXTDSC": null, "RECDAT": null, "RECIND": null, "SORDAT": null, "SORIND": null, "hypcat": null, "_enc_cell": "US4TB3P0" }, "geometry": { "type": "LineString", "coordinates": [ [ 134.496688799999987, 7.4053888 ], [ 134.4969635, 7.4056668 ], [ 134.4970703, 7.4058027 ], [ 134.497177099999988, 7.4059582 ], [ 134.4972382, 7.406086 ], [ 134.497299199999986, 7.4062362 ], [ 134.4973755, 7.4065528 ], [ 134.4973908, 7.4067669 ], [ 134.4973602, 7.4068332 ], [ 134.497314499999987, 7.406889 ], [ 134.497192399999989, 7.4069166 ], [ 134.4970703, 7.4068999 ] ] } },
{ "type": "Feature", "properties": { "RCID": 5397, "PRIM": 2, "GRUP": 2, "OBJL": 43, "RVER": 1, "AGEN": 550, "FIDN": 808265641, "FIDS": 9, "LNAM": "0226302D27A90009", "LNAM_REFS": null, "FFPT_RIND": null, "VALDCO": 20.0, "VERDAT": null, "INFORM": null, "NINFOM": null, "NTXTDS": null, "SCAMAX": null, "SCAMIN": 44999, "TXTDSC": null, "RECDAT": null, "RECIND": null, "SORDAT": null, "SORIND": null, "hypcat": null, "_enc_cell": "US4TB3P0" }, "geometry": { "type": "LineString", "coordinates": [ [ 134.5001526, 7.2956557 ], [ 134.5001679, 7.2953806 ], [ 134.5003357, 7.2950835 ], [ 134.50053410000001, 7.2948279 ], [ 134.500900300000012, 7.2947502 ], [ 134.5011749, 7.2948332 ], [ 134.5013275, 7.2949443 ], [ 134.5014038, 7.2950001 ], [ 134.5014801, 7.2952194 ], [ 134.5014801, 7.295464 ], [ 134.501373300000012, 7.2957363 ], [ 134.5013123, 7.2959442 ], [ 134.501297, 7.296186 ], [ 134.5012207, 7.2963777 ], [ 134.5010681, 7.2964611 ], [ 134.5008392, 7.2964668 ], [ 134.5005951, 7.2964058 ], [ 134.50039670000001, 7.2962942 ], [ 134.5002441, 7.2961445 ], [ 134.5001526, 7.2957416 ], [ 134.5001526, 7.2956557 ] ] } },
{ "type": "Feature", "properties": { "RCID": 5400, "PRIM": 2, "GRUP": 2, "OBJL": 43, "RVER": 1, "AGEN": 550, "FIDN": 968103117, "FIDS": 9, "LNAM": "022639B414CD0009", "LNAM_REFS": null, "FFPT_RIND": null, "VALDCO": 10.0, "VERDAT": null, "INFORM": null, "NINFOM": null, "NTXTDS": null, "SCAMAX": null, "SCAMIN": 44999, "TXTDSC": null, "RECDAT": null, "RECIND": null, "SORDAT": null, "SORIND": null, "hypcat": null, "_enc_cell": "US4TB3P0" }, "geometry": { "type": "LineString", "coordinates": [ [ 134.5053558, 7.3063054 ], [ 134.50532530000001, 7.3062749 ], [ 134.5053101, 7.3062167 ], [ 134.5052948, 7.3061419 ], [ 134.5052795, 7.3060803 ], [ 134.5052643, 7.306025 ], [ 134.505249, 7.305964 ], [ 134.505233800000013, 7.3059335 ], [ 134.505218500000012, 7.305903 ], [ 134.505188, 7.3058276 ], [ 134.505127, 7.3057666 ], [ 134.5050659, 7.3057113 ], [ 134.5050201, 7.3056502 ], [ 134.505004899999989, 7.3055835 ], [ 134.505004899999989, 7.3055196 ], [ 134.504989599999988, 7.3054223 ], [ 134.5049744, 7.3053055 ], [ 134.5049744, 7.3052001 ], [ 134.5050354, 7.3050919 ], [ 134.505096400000014, 7.3050165 ], [ 134.5051727, 7.3049555 ], [ 134.505340600000011, 7.3048916 ], [ 134.5055389, 7.3048611 ], [ 134.505661, 7.3048554 ], [ 134.5057983, 7.3048306 ], [ 134.5058899, 7.3048081 ], [ 134.506012, 7.3047862 ], [ 134.5061646, 7.3047695 ], [ 134.5062408, 7.3047471 ], [ 134.50628660000001, 7.3046861 ], [ 134.506301900000011, 7.3046389 ], [ 134.5063171, 7.3046222 ], [ 134.5063477, 7.3045363 ] ] } },
{ "type": "Feature", "properties": { "RCID": 5401, "PRIM": 2, "GRUP": 2, "OBJL": 43, "RVER": 1, "AGEN": 550, "FIDN": 610575825, "FIDS": 9, "LNAM": "02262464A5D10009", "LNAM_REFS": null, "FFPT_RIND": null, "VALDCO": 20.0, "VERDAT": null, "INFORM": null, "NINFOM": null, "NTXTDS": null, "SCAMAX": null, "SCAMIN": 44999, "TXTDSC": null, "RECDAT": null, "RECIND": null, "SORDAT": null, "SORIND": null, "hypcat": null, "_enc_cell": "US4TB3P0" }, "geometry": { "type": "LineString", "coordinates": [ [ 134.5071716, 7.2996306 ], [ 134.507141100000013, 7.299664 ], [ 134.5070648, 7.2996974 ], [ 134.506927499999989, 7.2996974 ], [ 134.5068359, 7.2996836 ], [ 134.5067291, 7.2996416 ], [ 134.506668100000013, 7.2995887 ], [ 134.5066223, 7.2994804 ], [ 134.5066071, 7.2992945 ], [ 134.5066223, 7.299253 ], [ 134.5066223, 7.2992415 ], [ 134.506652800000012, 7.2990918 ], [ 134.5067444, 7.2989974 ], [ 134.5068054, 7.2989416 ], [ 134.5068665, 7.2989054 ], [ 134.506958, 7.2988696 ], [ 134.507034299999987, 7.2988415 ], [ 134.5071869, 7.2988138 ], [ 134.5072327, 7.2988138 ], [ 134.507309, 7.2988415 ], [ 134.5074463, 7.298914 ], [ 134.507507299999986, 7.298975 ], [ 134.507522599999987, 7.2990332 ], [ 134.507522599999987, 7.2992082 ], [ 134.5074921, 7.2992973 ], [ 134.5074463, 7.2993889 ], [ 134.5073395, 7.2995443 ], [ 134.5071716, 7.2996306 ] ] } },
{ "type": "Feature", "properties": { "RCID": 5402, "PRIM": 2, "GRUP": 2, "OBJL": 43, "RVER": 1, "AGEN": 550, "FIDN": 877540200, "FIDS": 9, "LNAM": "0226344E33680009", "LNAM_REFS": null, "FFPT_RIND": null, "VALDCO": 20.0, "VERDAT": null, "INFORM": null, "NINFOM": null, "NTXTDS": null, "SCAMAX": null, "SCAMIN": 44999, "TXTDSC": null, "RECDAT": null, "RECIND": null, "SORDAT": null, "SORIND": null, "hypcat": null, "_enc_cell": "US4TB3P0" }, "geometry": { "type": "LineString", "coordinates": [ [ 134.501510599999989, 7.2908335 ], [ 134.501724200000012, 7.2914 ], [ 134.5017853, 7.2917166 ], [ 134.50196840000001, 7.2920446 ], [ 134.5020599, 7.2921166 ], [ 134.5022736, 7.2922669 ], [ 134.502578699999987, 7.2922835 ], [ 134.5029144, 7.2922168 ], [ 134.5032349, 7.2920723 ], [ 134.5035858, 7.2919664 ], [ 134.5039825, 7.2918887 ], [ 134.5041199, 7.291925 ], [ 134.5041962, 7.2919416 ], [ 134.5043335, 7.2920613 ], [ 134.504638699999987, 7.292089 ], [ 134.5049133, 7.2920752 ], [ 134.5052643, 7.2919416 ], [ 134.505340600000011, 7.2917891 ], [ 134.5053558, 7.2917419 ], [ 134.5054321, 7.2915139 ], [ 134.5053864, 7.2913113 ], [ 134.5052643, 7.2911916 ], [ 134.505096400000014, 7.2910585 ], [ 134.504989599999988, 7.2909889 ], [ 134.5049591, 7.2907887 ], [ 134.505004899999989, 7.2906556 ], [ 134.505188, 7.2906027 ], [ 134.505493199999989, 7.29075 ], [ 134.505661, 7.290761 ], [ 134.5059815, 7.290628 ], [ 134.5061646, 7.2905083 ], [ 134.50628660000001, 7.2904415 ], [ 134.506439199999988, 7.290453 ], [ 134.5067139, 7.2907224 ], [ 134.506897, 7.2908692 ], [ 134.507019, 7.2910028 ], [ 134.507141100000013, 7.2911248 ], [ 134.507263200000011, 7.2912583 ], [ 134.5072784, 7.2912779 ], [ 134.5072784, 7.2912998 ], [ 134.5072937, 7.2913194 ], [ 134.5073242, 7.2914167 ], [ 134.507400499999989, 7.2915807 ], [ 134.507431, 7.2916613 ], [ 134.5074616, 7.2917223 ], [ 134.507522599999987, 7.2918472 ], [ 134.5075531, 7.2919025 ], [ 134.5075684, 7.2919474 ], [ 134.507782, 7.2921915 ], [ 134.5079498, 7.2923694 ], [ 134.5080872, 7.2924914 ] ] } },
{ "type": "Feature", "properties": { "RCID": 5406, "PRIM": 2, "GRUP": 2, "OBJL": 43, "RVER": 1, "AGEN": 550, "FIDN": 90023281, "FIDS": 9, "LNAM": "0226055DA5710009", "LNAM_REFS": null, "FFPT_RIND": null, "VALDCO": 20.0, "VERDAT": null, "INFORM": null, "NINFOM": null, "NTXTDS": null, "SCAMAX": null, "SCAMIN": 44999, "TXTDSC": null, "RECDAT": null, "RECIND": null, "SORDAT": null, "SORIND": null, "hypcat": null, "_enc_cell": "US4TB3P0" }, "geometry": { "type": "LineString", "coordinates": [ [ 134.51091, 7.3544278 ], [ 134.511108400000012, 7.3543472 ], [ 134.5112915, 7.3542085 ], [ 134.511840799999987, 7.353653 ], [ 134.51217650000001, 7.3533473 ], [ 134.5122833, 7.3531585 ] ] } },
{ "type": "Feature", "properties": { "RCID": 5410, "PRIM": 2, "GRUP": 2, "OBJL": 43, "RVER": 1, "AGEN": 550, "FIDN": 700759115, "FIDS": 9, "LNAM": "022629C4BC4B0009", "LNAM_REFS": null, "FFPT_RIND": null, "VALDCO": 10.0, "VERDAT": null, "INFORM": null, "NINFOM": null, "NTXTDS": null, "SCAMAX": null, "SCAMIN": 44999, "TXTDSC": null, "RECDAT": null, "RECIND": null, "SORDAT": null, "SORIND": null, "hypcat": null, "_enc_cell": "US4TB3P0" }, "geometry": { "type": "LineString", "coordinates": [ [ 134.513412499999987, 7.3523026 ], [ 134.5131683, 7.3523526 ], [ 134.5129547, 7.3523946 ], [ 134.5127716, 7.3524723 ], [ 134.512619, 7.3525915 ], [ 134.5124817, 7.3527999 ], [ 134.5124664, 7.353128 ], [ 134.5124054, 7.3534751 ], [ 134.5123467, 7.3536738 ], [ 134.512329099999988, 7.3537335 ], [ 134.512329099999988, 7.3539224 ], [ 134.5122681, 7.3541694 ] ] } },
{ "type": "Feature", "properties": { "RCID": 5411, "PRIM": 2, "GRUP": 2, "OBJL": 43, "RVER": 1, "AGEN": 550, "FIDN": 452132153, "FIDS": 9, "LNAM": "02261AF2FD390009", "LNAM_REFS": null, "FFPT_RIND": null, "VALDCO": 200.0, "VERDAT": null, "INFORM": null, "NINFOM": null, "NTXTDS": null, "SCAMAX": null, "SCAMIN": 44999, "TXTDSC": null, "RECDAT": null, "RECIND": null, "SORDAT": null, "SORIND": null, "hypcat": null, "_enc_cell": "US4TB3P0" }, "geometry": { "type": "LineString", "coordinates": [ [ 134.512146, 7.272264 ], [ 134.511795, 7.2722778 ], [ 134.5115356, 7.2723637 ], [ 134.5112763, 7.2725749 ], [ 134.5110626, 7.2730055 ], [ 134.5108643, 7.2735472 ], [ 134.5106964, 7.2740474 ], [ 134.510513300000014, 7.2746749 ], [ 134.5105591, 7.2750335 ], [ 134.5107117, 7.2752333 ], [ 134.5109711, 7.2754474 ], [ 134.5114441, 7.275878 ], [ 134.5119171, 7.2761474 ], [ 134.5125885, 7.2766056 ], [ 134.5133209, 7.276875 ], [ 134.5138092, 7.2770195 ], [ 134.5147553, 7.2772613 ], [ 134.5151825, 7.2772918 ], [ 134.5156097, 7.2772474 ], [ 134.515930200000014, 7.2770915 ], [ 134.5161285, 7.2767611 ], [ 134.5161438, 7.276361 ], [ 134.5159607, 7.2759776 ], [ 134.515686, 7.2757335 ], [ 134.515319799999986, 7.2755055 ], [ 134.514724699999988, 7.2752056 ], [ 134.5141602, 7.2750197 ], [ 134.5136719, 7.2747917 ], [ 134.513153100000011, 7.2745056 ], [ 134.5128632, 7.2742333 ], [ 134.5126038, 7.2739611 ], [ 134.5125122, 7.2735915 ], [ 134.512497, 7.2732472 ], [ 134.5126038, 7.2729611 ], [ 134.5125885, 7.2726474 ], [ 134.5124664, 7.2724333 ], [ 134.512146, 7.272264 ] ] } },
{ "type": "Feature", "properties": { "RCID": 5412, "PRIM": 2, "GRUP": 2, "OBJL": 43, "RVER": 1, "AGEN": 550, "FIDN": 587866736, "FIDS": 9, "LNAM": "0226230A22700009", "LNAM_REFS": null, "FFPT_RIND": null, "VALDCO": 5.0, "VERDAT": null, "INFORM": null, "NINFOM": null, "NTXTDS": null, "SCAMAX": null, "SCAMIN": 44999, "TXTDSC": null, "RECDAT": null, "RECIND": null, "SORDAT": null, "SORIND": null, "hypcat": null, "_enc_cell": "US4TB3P0" }, "geometry": { "type": "LineString", "coordinates": [ [ 134.515808099999987, 7.2928 ], [ 134.5156708, 7.2926555 ], [ 134.5156097, 7.2925553 ], [ 134.515548700000011, 7.2923889 ], [ 134.5155335, 7.2922669 ], [ 134.515548700000011, 7.2921224 ], [ 134.5156555, 7.291986 ], [ 134.5157471, 7.2919416 ], [ 134.515914900000013, 7.291925 ], [ 134.5160828, 7.291925 ], [ 134.5162506, 7.2919722 ], [ 134.5163422, 7.2920165 ], [ 134.516449, 7.2921696 ], [ 134.5164795, 7.2922139 ] ] } },
{ "type": "Feature", "properties": { "RCID": 5413, "PRIM": 2, "GRUP": 2, "OBJL": 43, "RVER": 1, "AGEN": 550, "FIDN": 201753239, "FIDS": 9, "LNAM": "02260C0682970009", "LNAM_REFS": null, "FFPT_RIND": null, "VALDCO": 5.0, "VERDAT": null, "INFORM": null, "NINFOM": null, "NTXTDS": null, "SCAMAX": null, "SCAMIN": 44999, "TXTDSC": null, "RECDAT": null, "RECIND": null, "SORDAT": null, "SORIND": null, "hypcat": null, "_enc_cell": "US4TB3P0" }, "geometry": { "type": "LineString", "coordinates": [ [ 134.5163422, 7.3435831 ], [ 134.516174299999989, 7.3434472 ], [ 134.516098, 7.343411 ], [ 134.5159454, 7.3433471 ], [ 134.5158844, 7.3432808 ], [ 134.515823399999988, 7.3432307 ], [ 134.515686, 7.3431363 ], [ 134.5155792, 7.3430915 ], [ 134.515426600000012, 7.34305 ], [ 134.5153809, 7.34305 ], [ 134.515335099999987, 7.343061 ], [ 134.5152435, 7.3431611 ], [ 134.515213, 7.3433113 ], [ 134.515213, 7.3434639 ], [ 134.5152283, 7.3435249 ], [ 134.515319799999986, 7.343647 ], [ 134.5153656, 7.3436971 ], [ 134.515426600000012, 7.3437724 ], [ 134.5155029, 7.3438387 ], [ 134.5156708, 7.343997 ], [ 134.5157776, 7.3440557 ], [ 134.5158997, 7.3441057 ], [ 134.51602170000001, 7.3441415 ], [ 134.5161438, 7.344161 ], [ 134.5162354, 7.344161 ], [ 134.5163269, 7.3441529 ], [ 134.5163574, 7.3441334 ], [ 134.516403200000013, 7.344111 ], [ 134.516449, 7.3440557 ], [ 134.5164948, 7.3439584 ], [ 134.5164948, 7.3439083 ], [ 134.5164642, 7.3437834 ], [ 134.516418499999986, 7.3436527 ], [ 134.5163422, 7.3435831 ] ] } },
{ "type": "Feature", "properties": { "RCID": 5414, "PRIM": 2, "GRUP": 2, "OBJL": 43, "RVER": 1, "AGEN": 550, "FIDN": 975170150, "FIDS": 9, "LNAM": "02263A1FEA660009", "LNAM_REFS": null, "FFPT_RIND": null, "VALDCO": 20.0, "VERDAT": null, "INFORM": null, "NINFOM": null, "NTXTDS": null, "SCAMAX": null, "SCAMIN": 44999, "TXTDSC": null, "RECDAT": null, "RECIND": null, "SORDAT": null, "SORIND": null, "hypcat": null, "_enc_cell": "US4TB3P0" }, "geometry": { "type": "LineString", "coordinates": [ [ 134.516525300000012, 7.3429389 ], [ 134.5166931, 7.3426666 ], [ 134.5169678, 7.3424029 ], [ 134.5170441, 7.3422723 ], [ 134.5170593, 7.3420639 ], [ 134.5170288, 7.3419442 ], [ 134.5168304, 7.3418779 ], [ 134.5166931, 7.3418779 ], [ 134.516525300000012, 7.3419113 ], [ 134.5163422, 7.3419666 ], [ 134.5162201, 7.3420224 ], [ 134.5161438, 7.3421192 ], [ 134.516037, 7.3422279 ], [ 134.515930200000014, 7.3423724 ] ] } },
{ "type": "Feature", "properties": { "RCID": 5415, "PRIM": 2, "GRUP": 2, "OBJL": 43, "RVER": 1, "AGEN": 550, "FIDN": 537674022, "FIDS": 9, "LNAM": "0226200C41260009", "LNAM_REFS": null, "FFPT_RIND": null, "VALDCO": 5.0, "VERDAT": null, "INFORM": null, "NINFOM": null, "NTXTDS": null, "SCAMAX": null, "SCAMIN": 44999, "TXTDSC": null, "RECDAT": null, "RECIND": null, "SORDAT": null, "SORIND": null, "hypcat": null, "_enc_cell": "US4TB3P0" }, "geometry": { "type": "LineString", "coordinates": [ [ 134.519577, 7.3376584 ], [ 134.5195465, 7.3376665 ], [ 134.5194397, 7.3376665 ], [ 134.5193329, 7.3376308 ], [ 134.5192261, 7.3375473 ], [ 134.5191193, 7.3374391 ], [ 134.5190888, 7.3373303 ], [ 134.5190735, 7.337214 ], [ 134.519058199999989, 7.3371 ], [ 134.519043, 7.3369803 ], [ 134.519058199999989, 7.3368835 ], [ 134.519104, 7.3367834 ], [ 134.5192108, 7.3366919 ], [ 134.5193634, 7.3365974 ], [ 134.5194855, 7.3365779 ], [ 134.5196075, 7.3365665 ], [ 134.519775399999986, 7.3365974 ], [ 134.519882200000012, 7.3366585 ], [ 134.519989, 7.3367724 ], [ 134.520004300000011, 7.3368001 ], [ 134.5200501, 7.3368669 ], [ 134.5200653, 7.3370137 ], [ 134.5200653, 7.3371334 ], [ 134.5199738, 7.3373027 ], [ 134.519897500000013, 7.3374391 ], [ 134.519790699999987, 7.3375583 ], [ 134.5196838, 7.337625 ], [ 134.519577, 7.3376584 ] ] } },
{ "type": "Feature", "properties": { "RCID": 5416, "PRIM": 2, "GRUP": 2, "OBJL": 43, "RVER": 1, "AGEN": 550, "FIDN": 313360438, "FIDS": 9, "LNAM": "022612AD80360009", "LNAM_REFS": null, "FFPT_RIND": null, "VALDCO": 200.0, "VERDAT": null, "INFORM": null, "NINFOM": null, "NTXTDS": null, "SCAMAX": null, "SCAMIN": 44999, "TXTDSC": null, "RECDAT": null, "RECIND": null, "SORDAT": null, "SORIND": null, "hypcat": null, "_enc_cell": "US4TB3P0" }, "geometry": { "type": "LineString", "coordinates": [ [ 134.5192566, 7.2832556 ], [ 134.519165, 7.2832556 ], [ 134.519043, 7.283278 ], [ 134.518920900000012, 7.28335 ], [ 134.5188446, 7.2834001 ], [ 134.5187531, 7.2834945 ], [ 134.5186768, 7.2835889 ], [ 134.5186462, 7.2837334 ], [ 134.5186157, 7.2838998 ], [ 134.518631, 7.2840529 ], [ 134.5186462, 7.2841668 ], [ 134.518707299999988, 7.2843084 ], [ 134.5187531, 7.2844 ], [ 134.518829399999987, 7.284503 ], [ 134.518920900000012, 7.2845945 ], [ 134.5189972, 7.2846694 ], [ 134.5191193, 7.2847223 ], [ 134.519302399999987, 7.2847557 ], [ 134.519455, 7.2847915 ], [ 134.519531300000011, 7.2847695 ], [ 134.519577, 7.2847362 ], [ 134.519790699999987, 7.2846332 ], [ 134.5199127, 7.2845445 ], [ 134.519989, 7.2844582 ], [ 134.5200348, 7.2843666 ], [ 134.5200653, 7.2842474 ], [ 134.5200806, 7.2841167 ], [ 134.5200653, 7.2838473 ], [ 134.519989, 7.2837391 ], [ 134.519882200000012, 7.2836251 ], [ 134.5198059, 7.2835445 ], [ 134.5197144, 7.2834806 ], [ 134.5196075, 7.2833943 ], [ 134.5194855, 7.2833333 ], [ 134.5193634, 7.283289 ], [ 134.5192566, 7.2832556 ] ] } },
{ "type": "Feature", "properties": { "RCID": 5417, "PRIM": 2, "GRUP": 2, "OBJL": 43, "RVER": 1, "AGEN": 550, "FIDN": 256185139, "FIDS": 9, "LNAM": "02260F4513330009", "LNAM_REFS": null, "FFPT_RIND": null, "VALDCO": 20.0, "VERDAT": null, "INFORM": null, "NINFOM": null, "NTXTDS": null, "SCAMAX": null, "SCAMIN": 44999, "TXTDSC": null, "RECDAT": null, "RECIND": null, "SORDAT": null, "SORIND": null, "hypcat": null, "_enc_cell": "US4TB3P0" }, "geometry": { "type": "LineString", "coordinates": [ [ 134.5201111, 7.330689 ], [ 134.520126299999987, 7.3308306 ], [ 134.520156899999989, 7.3309083 ], [ 134.5202026, 7.3310471 ], [ 134.5202332, 7.331439 ], [ 134.5202332, 7.3317804 ], [ 134.5200806, 7.3320499 ], [ 134.519928, 7.3321748 ], [ 134.5197144, 7.3323336 ], [ 134.5196075, 7.332428 ] ] } },
{ "type": "Feature", "properties": { "RCID": 5418, "PRIM": 2, "GRUP": 2, "OBJL": 43, "RVER": 1, "AGEN": 550, "FIDN": 880275618, "FIDS": 9, "LNAM": "02263477F0A20009", "LNAM_REFS": null, "FFPT_RIND": null, "VALDCO": 50.0, "VERDAT": null, "INFORM": null, "NINFOM": null, "NTXTDS": null, "SCAMAX": null, "SCAMIN": 44999, "TXTDSC": null, "RECDAT": null, "RECIND": null, "SORDAT": null, "SORIND": null, "hypcat": null, "_enc_cell": "US4TB3P0" }, "geometry": { "type": "LineString", "coordinates": [ [ 134.520156899999989, 7.3020749 ], [ 134.5204315, 7.3021054 ], [ 134.5205841, 7.3021975 ], [ 134.5206604, 7.3023639 ], [ 134.5206604, 7.3025446 ], [ 134.5206451, 7.3026805 ], [ 134.5205078, 7.3029804 ], [ 134.52034, 7.3030558 ], [ 134.5201721, 7.3030725 ], [ 134.5199585, 7.3030558 ], [ 134.519790699999987, 7.3029361 ], [ 134.5197144, 7.3028002 ], [ 134.5196991, 7.3025584 ], [ 134.519760100000013, 7.3023639 ], [ 134.5198517, 7.302228 ], [ 134.5199432, 7.3021359 ], [ 134.520156899999989, 7.3020749 ] ] } },
{ "type": "Feature", "properties": { "RCID": 5419, "PRIM": 2, "GRUP": 2, "OBJL": 43, "RVER": 1, "AGEN": 550, "FIDN": 233106765, "FIDS": 9, "LNAM": "02260DE4ED4D0009", "LNAM_REFS": null, "FFPT_RIND": null, "VALDCO": 5.0, "VERDAT": null, "INFORM": null, "NINFOM": null, "NTXTDS": null, "SCAMAX": null, "SCAMIN": 44999, "TXTDSC": null, "RECDAT": null, "RECIND": null, "SORDAT": null, "SORIND": null, "hypcat": null, "_enc_cell": "US4TB3P0" }, "geometry": { "type": "LineString", "coordinates": [ [ 134.5225983, 7.3305807 ], [ 134.5224915, 7.3306084 ], [ 134.522415200000012, 7.3306027 ], [ 134.5223389, 7.3305693 ], [ 134.522277800000012, 7.330514 ], [ 134.522277800000012, 7.3304973 ], [ 134.5222473, 7.3304582 ], [ 134.5222321, 7.3303304 ], [ 134.5222168, 7.330225 ], [ 134.5222321, 7.3300972 ], [ 134.5223389, 7.3298974 ], [ 134.5224304, 7.3298307 ], [ 134.5225678, 7.329803 ], [ 134.522674599999988, 7.329803 ], [ 134.522781400000014, 7.3298526 ], [ 134.522888200000011, 7.329936 ], [ 134.5229034, 7.3300362 ], [ 134.5229034, 7.3301582 ], [ 134.5228424, 7.3302641 ], [ 134.5228424, 7.3303304 ], [ 134.5228119, 7.3304081 ], [ 134.5227509, 7.3304863 ], [ 134.522674599999988, 7.3305416 ], [ 134.5225983, 7.3305807 ] ] } },
{ "type": "Feature", "properties": { "RCID": 5420, "PRIM": 2, "GRUP": 2, "OBJL": 43, "RVER": 1, "AGEN": 550, "FIDN": 960968531, "FIDS": 9, "LNAM": "0226394737530009", "LNAM_REFS": null, "FFPT_RIND": null, "VALDCO": 30.0, "VERDAT": null, "INFORM": null, "NINFOM": null, "NTXTDS": null, "SCAMAX": null, "SCAMIN": 89999, "TXTDSC": null, "RECDAT": null, "RECIND": null, "SORDAT": null, "SORIND": null, "hypcat": null, "_enc_cell": "US4TB3P0" }, "geometry": { "type": "LineString", "coordinates": [ [ 134.5230866, 7.3262224 ], [ 134.5232849, 7.3262582 ], [ 134.5234375, 7.326364 ], [ 134.5235443, 7.3266001 ], [ 134.5235443, 7.3267946 ], [ 134.5234528, 7.3269749 ], [ 134.5231934, 7.3270474 ], [ 134.5228272, 7.327064 ], [ 134.522583, 7.3269749 ], [ 134.5224762, 7.3267613 ], [ 134.5224762, 7.3264556 ], [ 134.522644, 7.3262944 ], [ 134.5228424, 7.3262391 ], [ 134.5230866, 7.3262224 ] ] } },
{ "type": "Feature", "properties": { "RCID": 5421, "PRIM": 2, "GRUP": 2, "OBJL": 43, "RVER": 1, "AGEN": 550, "FIDN": 421381132, "FIDS": 9, "LNAM": "0226191DC40C0009", "LNAM_REFS": null, "FFPT_RIND": null, "VALDCO": 30.0, "VERDAT": null, "INFORM": null, "NINFOM": null, "NTXTDS": null, "SCAMAX": null, "SCAMIN": 89999, "TXTDSC": null, "RECDAT": null, "RECIND": null, "SORDAT": null, "SORIND": null, "hypcat": null, "_enc_cell": "US4TB3P0" }, "geometry": { "type": "LineString", "coordinates": [ [ 134.5235291, 7.3349862 ], [ 134.523635899999988, 7.3352222 ], [ 134.5236816, 7.3354807 ] ] } },
{ "type": "Feature", "properties": { "RCID": 5422, "PRIM": 2, "GRUP": 2, "OBJL": 43, "RVER": 1, "AGEN": 550, "FIDN": 428284924, "FIDS": 9, "LNAM": "022619871BFC0009", "LNAM_REFS": null, "FFPT_RIND": null, "VALDCO": 20.0, "VERDAT": null, "INFORM": null, "NINFOM": null, "NTXTDS": null, "SCAMAX": null, "SCAMIN": 44999, "TXTDSC": null, "RECDAT": null, "RECIND": null, "SORDAT": null, "SORIND": null, "hypcat": null, "_enc_cell": "US4TB3P0" }, "geometry": { "type": "LineString", "coordinates": [ [ 134.5227966, 7.3436861 ], [ 134.522888200000011, 7.3437805 ], [ 134.52308, 7.3438938 ], [ 134.5234528, 7.3441138 ], [ 134.5236054, 7.3442445 ], [ 134.5237885, 7.3445807 ], [ 134.523819, 7.3447666 ], [ 134.523819, 7.3451581 ], [ 134.523742700000014, 7.3453417 ], [ 134.523407, 7.3454557 ], [ 134.5232086, 7.3454557 ], [ 134.522888200000011, 7.3453612 ], [ 134.5224762, 7.345139 ], [ 134.522342900000012, 7.3450837 ], [ 134.5222015, 7.3450251 ], [ 134.5217743, 7.3448916 ], [ 134.521713299999988, 7.3449168 ], [ 134.5216522, 7.3449249 ], [ 134.521591199999989, 7.3449111 ], [ 134.5215454, 7.3448777 ], [ 134.5215149, 7.3448305 ], [ 134.5214996, 7.3447723 ], [ 134.5214844, 7.3441639 ], [ 134.521453900000012, 7.3439999 ], [ 134.5213776, 7.3437166 ], [ 134.5212708, 7.3436279 ] ] } },
{ "type": "Feature", "properties": { "RCID": 5423, "PRIM": 2, "GRUP": 2, "OBJL": 43, "RVER": 1, "AGEN": 550, "FIDN": 930773178, "FIDS": 9, "LNAM": "0226377A78BA0009", "LNAM_REFS": null, "FFPT_RIND": null, "VALDCO": 10.0, "VERDAT": null, "INFORM": null, "NINFOM": null, "NTXTDS": null, "SCAMAX": null, "SCAMIN": 44999, "TXTDSC": null, "RECDAT": null, "RECIND": null, "SORDAT": null, "SORIND": null, "hypcat": null, "_enc_cell": "US4TB3P0" }, "geometry": { "type": "LineString", "coordinates": [ [ 134.5247192, 7.3477387 ], [ 134.5246277, 7.3478861 ], [ 134.5245361, 7.3481751 ], [ 134.5245056, 7.3483529 ], [ 134.5245056, 7.3484416 ], [ 134.5245209, 7.3485723 ], [ 134.5246735, 7.3487611 ] ] } },
{ "type": "Feature", "properties": { "RCID": 5424, "PRIM": 2, "GRUP": 2, "OBJL": 43, "RVER": 1, "AGEN": 550, "FIDN": 525105973, "FIDS": 9, "LNAM": "02261F4C7B350009", "LNAM_REFS": null, "FFPT_RIND": null, "VALDCO": 10.0, "VERDAT": null, "INFORM": null, "NINFOM": null, "NTXTDS": null, "SCAMAX": null, "SCAMIN": 44999, "TXTDSC": null, "RECDAT": null, "RECIND": null, "SORDAT": null, "SORIND": null, "hypcat": null, "_enc_cell": "US4TB3P0" }, "geometry": { "type": "LineString", "coordinates": [ [ 134.5254669, 7.3227277 ], [ 134.5254249, 7.3227671 ], [ 134.5253601, 7.3228278 ], [ 134.525238, 7.3228722 ], [ 134.5251312, 7.3229055 ], [ 134.5249786, 7.3229775 ], [ 134.524826100000013, 7.3230667 ], [ 134.524765, 7.3231387 ], [ 134.5247192, 7.3232999 ], [ 134.5247192, 7.3234553 ], [ 134.524826100000013, 7.3235998 ], [ 134.52493290000001, 7.3237195 ], [ 134.5250244, 7.3238306 ], [ 134.525085499999989, 7.3239584 ], [ 134.525085499999989, 7.3240333 ], [ 134.5251007, 7.3240776 ], [ 134.525116, 7.3241582 ] ] } },
{ "type": "Feature", "properties": { "RCID": 5425, "PRIM": 2, "GRUP": 2, "OBJL": 43, "RVER": 1, "AGEN": 550, "FIDN": 247331830, "FIDS": 9, "LNAM": "02260EBDFBF60009", "LNAM_REFS": null, "FFPT_RIND": null, "VALDCO": 20.0, "VERDAT": null, "INFORM": null, "NINFOM": null, "NTXTDS": null, "SCAMAX": null, "SCAMIN": 44999, "TXTDSC": null, "RECDAT": null, "RECIND": null, "SORDAT": null, "SORIND": null, "hypcat": null, "_enc_cell": "US4TB3P0" }, "geometry": { "type": "LineString", "coordinates": [ [ 134.5259552, 7.3411446 ], [ 134.5258484, 7.340961 ], [ 134.5258179, 7.3408804 ], [ 134.5256958, 7.3408222 ], [ 134.5255737, 7.3407831 ], [ 134.525238, 7.3407307 ], [ 134.525116, 7.3406582 ], [ 134.5251024, 7.3406286 ], [ 134.5250397, 7.3404918 ], [ 134.5250397, 7.3403277 ], [ 134.5251007, 7.3401752 ], [ 134.5252533, 7.3400779 ], [ 134.5254064, 7.340005 ], [ 134.5254517, 7.3399835 ], [ 134.5257111, 7.3399553 ], [ 134.526001, 7.3399415 ], [ 134.526260400000012, 7.3399415 ], [ 134.5265808, 7.3400192 ], [ 134.5267792, 7.3401585 ], [ 134.5268402, 7.3403111 ], [ 134.526855500000011, 7.3404779 ], [ 134.526855500000011, 7.3408113 ], [ 134.526870699999989, 7.3409748 ] ] } },
{ "type": "Feature", "properties": { "RCID": 5426, "PRIM": 2, "GRUP": 2, "OBJL": 43, "RVER": 1, "AGEN": 550, "FIDN": 271930920, "FIDS": 9, "LNAM": "0226103556280009", "LNAM_REFS": null, "FFPT_RIND": null, "VALDCO": 10.0, "VERDAT": null, "INFORM": null, "NINFOM": null, "NTXTDS": null, "SCAMAX": null, "SCAMIN": 44999, "TXTDSC": null, "RECDAT": null, "RECIND": null, "SORDAT": null, "SORIND": null, "hypcat": null, "_enc_cell": "US4TB3P0" }, "geometry": { "type": "LineString", "coordinates": [ [ 134.5278473, 7.3452387 ], [ 134.527816800000011, 7.3450055 ], [ 134.52780150000001, 7.3447361 ], [ 134.52780150000001, 7.3445554 ], [ 134.5278931, 7.3443251 ], [ 134.527938799999987, 7.344161 ], [ 134.527954099999988, 7.3439112 ], [ 134.527954099999988, 7.3437667 ] ] } },
{ "type": "Feature", "properties": { "RCID": 5427, "PRIM": 2, "GRUP": 2, "OBJL": 43, "RVER": 1, "AGEN": 550, "FIDN": 228007719, "FIDS": 9, "LNAM": "02260D971F270009", "LNAM_REFS": null, "FFPT_RIND": null, "VALDCO": 20.0, "VERDAT": null, "INFORM": null, "NINFOM": null, "NTXTDS": null, "SCAMAX": null, "SCAMIN": 44999, "TXTDSC": null, "RECDAT": null, "RECIND": null, "SORDAT": null, "SORIND": null, "hypcat": null, "_enc_cell": "US4TB3P0" }, "geometry": { "type": "LineString", "coordinates": [ [ 134.528183, 7.3374391 ], [ 134.528244, 7.3377776 ], [ 134.5284119, 7.3380637 ], [ 134.5286255, 7.3383331 ], [ 134.5288696, 7.3385668 ], [ 134.5296478, 7.3391419 ], [ 134.5299683, 7.3394113 ], [ 134.5302429, 7.3396416 ], [ 134.5305328, 7.339911 ], [ 134.53068540000001, 7.3401084 ], [ 134.5307312, 7.3403611 ], [ 134.5307465, 7.3405585 ] ] } },
{ "type": "Feature", "properties": { "RCID": 5428, "PRIM": 2, "GRUP": 2, "OBJL": 43, "RVER": 1, "AGEN": 550, "FIDN": 252170386, "FIDS": 9, "LNAM": "02260F07D0920009", "LNAM_REFS": null, "FFPT_RIND": null, "VALDCO": 50.0, "VERDAT": null, "INFORM": null, "NINFOM": null, "NTXTDS": null, "SCAMAX": null, "SCAMIN": 44999, "TXTDSC": null, "RECDAT": null, "RECIND": null, "SORDAT": null, "SORIND": null, "hypcat": null, "_enc_cell": "US4TB3P0" }, "geometry": { "type": "LineString", "coordinates": [ [ 134.528183, 7.3000917 ], [ 134.5285187, 7.3004527 ], [ 134.52876280000001, 7.3006778 ], [ 134.5290833, 7.3008585 ], [ 134.529632600000014, 7.3007526 ], [ 134.529876699999988, 7.3006029 ], [ 134.5302887, 7.3004222 ], [ 134.5306549, 7.3006473 ], [ 134.530777, 7.3010387 ], [ 134.530777, 7.3014336 ], [ 134.5307159, 7.3018694 ], [ 134.5306091, 7.3023057 ], [ 134.5304413, 7.3026834 ], [ 134.5302734, 7.3029084 ], [ 134.5299683, 7.3031054 ], [ 134.529388399999988, 7.3030887 ], [ 134.528778100000011, 7.3029389 ], [ 134.5285034, 7.3029084 ], [ 134.528183, 7.3028779 ], [ 134.527954099999988, 7.3028641 ], [ 134.5277557, 7.3028946 ], [ 134.527572600000013, 7.3029528 ], [ 134.5272827, 7.3031335 ], [ 134.5269165, 7.3031807 ], [ 134.5263977, 7.303164 ], [ 134.526153599999986, 7.3029084 ], [ 134.526138300000014, 7.3025165 ], [ 134.5263214, 7.3020363 ], [ 134.5267792, 7.3018527 ], [ 134.5271454, 7.3016725 ], [ 134.5272369, 7.3010249 ], [ 134.5273132, 7.3006473 ], [ 134.5275116, 7.3003168 ], [ 134.527832, 7.3001056 ], [ 134.528183, 7.3000917 ] ] } },
{ "type": "Feature", "properties": { "RCID": 5429, "PRIM": 2, "GRUP": 2, "OBJL": 43, "RVER": 1, "AGEN": 550, "FIDN": 661705174, "FIDS": 9, "LNAM": "02262770D1D60009", "LNAM_REFS": null, "FFPT_RIND": null, "VALDCO": 10.0, "VERDAT": null, "INFORM": null, "NINFOM": null, "NTXTDS": null, "SCAMAX": null, "SCAMIN": 44999, "TXTDSC": null, "RECDAT": null, "RECIND": null, "SORDAT": null, "SORIND": null, "hypcat": null, "_enc_cell": "US4TB3P0" }, "geometry": { "type": "LineString", "coordinates": [ [ 134.5330658, 7.2734752 ], [ 134.5333252, 7.2733693 ], [ 134.533493, 7.2734084 ], [ 134.5336609, 7.2735915 ], [ 134.5336609, 7.2739334 ], [ 134.533569300000011, 7.2741447 ], [ 134.5333252, 7.2742863 ], [ 134.533096300000011, 7.2742863 ], [ 134.5329132, 7.2741165 ], [ 134.532867399999986, 7.2738557 ], [ 134.5329132, 7.2736197 ], [ 134.5330658, 7.2734752 ] ] } },
{ "type": "Feature", "properties": { "RCID": 5430, "PRIM": 2, "GRUP": 2, "OBJL": 43, "RVER": 1, "AGEN": 550, "FIDN": 876143790, "FIDS": 9, "LNAM": "02263438E4AE0009", "LNAM_REFS": null, "FFPT_RIND": null, "VALDCO": 10.0, "VERDAT": null, "INFORM": null, "NINFOM": null, "NTXTDS": null, "SCAMAX": null, "SCAMIN": 44999, "TXTDSC": null, "RECDAT": null, "RECIND": null, "SORDAT": null, "SORIND": null, "hypcat": null, "_enc_cell": "US4TB3P0" }, "geometry": { "type": "LineString", "coordinates": [ [ 134.5338745, 7.2832193 ], [ 134.533905, 7.2832832 ], [ 134.5338898, 7.2833557 ], [ 134.5338745, 7.2834916 ], [ 134.533859299999989, 7.2836056 ], [ 134.5338745, 7.2837443 ], [ 134.533905, 7.2838721 ], [ 134.533966099999986, 7.2840056 ], [ 134.5341187, 7.2842498 ], [ 134.5341492, 7.2843471 ], [ 134.534195, 7.2844501 ], [ 134.5342407, 7.2845612 ], [ 134.5342865, 7.2846446 ] ] } },
{ "type": "Feature", "properties": { "RCID": 5431, "PRIM": 2, "GRUP": 2, "OBJL": 43, "RVER": 1, "AGEN": 550, "FIDN": 347415625, "FIDS": 9, "LNAM": "022614B524490009", "LNAM_REFS": null, "FFPT_RIND": null, "VALDCO": 50.0, "VERDAT": null, "INFORM": null, "NINFOM": null, "NTXTDS": null, "SCAMAX": null, "SCAMIN": 44999, "TXTDSC": null, "RECDAT": null, "RECIND": null, "SORDAT": null, "SORIND": null, "hypcat": null, "_enc_cell": "US4TB3P0" }, "geometry": { "type": "LineString", "coordinates": [ [ 134.541168199999987, 7.3133669 ], [ 134.54103090000001, 7.3134832 ], [ 134.5410767, 7.3137584 ], [ 134.5413208, 7.3143249 ], [ 134.5418396, 7.3142862 ], [ 134.5419464, 7.3142276 ], [ 134.5420685, 7.3139334 ], [ 134.5420837, 7.3136196 ], [ 134.541885400000012, 7.3133278 ], [ 134.5415039, 7.3132277 ], [ 134.541168199999987, 7.3133669 ] ] } },
{ "type": "Feature", "properties": { "RCID": 5432, "PRIM": 2, "GRUP": 2, "OBJL": 43, "RVER": 1, "AGEN": 550, "FIDN": 432902840, "FIDS": 9, "LNAM": "022619CD92B80009", "LNAM_REFS": null, "FFPT_RIND": null, "VALDCO": 10.0, "VERDAT": null, "INFORM": null, "NINFOM": null, "NTXTDS": null, "SCAMAX": null, "SCAMIN": 44999, "TXTDSC": null, "RECDAT": null, "RECIND": null, "SORDAT": null, "SORIND": null, "hypcat": null, "_enc_cell": "US4TB3P0" }, "geometry": { "type": "LineString", "coordinates": [ [ 134.5448303, 7.2999582 ], [ 134.5447388, 7.3000026 ], [ 134.5445862, 7.300025 ], [ 134.5444336, 7.3000808 ], [ 134.5442658, 7.3000917 ], [ 134.5440979, 7.3000808 ], [ 134.5438995, 7.2999582 ], [ 134.5438385, 7.2997804 ], [ 134.5438538, 7.2995806 ], [ 134.5438995, 7.2994027 ], [ 134.5440216, 7.2992611 ], [ 134.544189499999987, 7.299139 ], [ 134.5443573, 7.2990499 ], [ 134.544555699999989, 7.2989945 ], [ 134.544754, 7.2989612 ] ] } },
{ "type": "Feature", "properties": { "RCID": 5433, "PRIM": 2, "GRUP": 2, "OBJL": 43, "RVER": 1, "AGEN": 550, "FIDN": 361738279, "FIDS": 9, "LNAM": "0226158FB0270009", "LNAM_REFS": null, "FFPT_RIND": null, "VALDCO": 50.0, "VERDAT": null, "INFORM": null, "NINFOM": null, "NTXTDS": null, "SCAMAX": null, "SCAMIN": 44999, "TXTDSC": null, "RECDAT": null, "RECIND": null, "SORDAT": null, "SORIND": null, "hypcat": null, "_enc_cell": "US4TB3P0" }, "geometry": { "type": "LineString", "coordinates": [ [ 134.539749199999989, 7.3142805 ], [ 134.539749199999989, 7.3141141 ], [ 134.539718599999986, 7.3137612 ], [ 134.5396729, 7.313561 ], [ 134.5396423, 7.3132415 ], [ 134.5396729, 7.3127332 ], [ 134.539718599999986, 7.3124027 ], [ 134.539718599999986, 7.3121557 ], [ 134.5397644, 7.3119307 ], [ 134.5397797, 7.3116026 ], [ 134.5397644, 7.3113303 ], [ 134.539749199999989, 7.3111887 ], [ 134.539749199999989, 7.3109889 ], [ 134.5399323, 7.3109193 ], [ 134.5400543, 7.3105192 ], [ 134.540329, 7.3101835 ], [ 134.5406342, 7.3099332 ], [ 134.5410004, 7.3097863 ], [ 134.5413666, 7.3096805 ], [ 134.541870100000011, 7.3095779 ], [ 134.5423126, 7.3094082 ], [ 134.5427094, 7.3092833 ], [ 134.5432587, 7.3090863 ], [ 134.5437622, 7.3091917 ], [ 134.544296300000013, 7.3097973 ], [ 134.5444641, 7.3101859 ], [ 134.544891400000012, 7.3106141 ], [ 134.5452118, 7.3107557 ], [ 134.5457916, 7.3107915 ], [ 134.5460663, 7.3105416 ], [ 134.5461426, 7.3102946 ], [ 134.5461426, 7.3099027 ], [ 134.5459595, 7.3093333 ], [ 134.5458221, 7.3090138 ], [ 134.545745899999986, 7.3085527 ], [ 134.545745899999986, 7.3081613 ], [ 134.545837400000011, 7.3074918 ], [ 134.5461578, 7.3073001 ], [ 134.5463409, 7.3072414 ], [ 134.546691900000013, 7.3073001 ], [ 134.5469208, 7.3073583 ], [ 134.5471497, 7.3075333 ], [ 134.54727170000001, 7.3077693 ], [ 134.547348, 7.3080473 ], [ 134.54740910000001, 7.3086138 ], [ 134.54740910000001, 7.3089914 ], [ 134.5474701, 7.3095555 ], [ 134.5477295, 7.3100805 ], [ 134.5478363, 7.3103528 ], [ 134.5482941, 7.3106027 ], [ 134.5486755, 7.3108554 ], [ 134.5496368, 7.311964 ], [ 134.5501251, 7.3125916 ], [ 134.550354, 7.3129916 ], [ 134.5504913, 7.3135557 ], [ 134.550430299999988, 7.3139944 ], [ 134.5502625, 7.314497 ], [ 134.5499878, 7.3147917 ], [ 134.5493774, 7.315125 ], [ 134.5489197, 7.3155446 ], [ 134.5486908, 7.3160696 ], [ 134.5485687, 7.3166332 ], [ 134.5484467, 7.3173251 ], [ 134.5482788, 7.3177862 ], [ 134.548126200000013, 7.3183498 ], [ 134.5479584, 7.3188944 ], [ 134.5473328, 7.3191361 ], [ 134.5467529, 7.3190999 ], [ 134.5464325, 7.3190804 ], [ 134.5457916, 7.3191137 ], [ 134.5456245, 7.3192265 ], [ 134.5455322, 7.3192887 ], [ 134.5452728, 7.3194723 ], [ 134.5449371, 7.3195696 ] ] } },
{ "type": "Feature", "properties": { "RCID": 5434, "PRIM": 2, "GRUP": 2, "OBJL": 43, "RVER": 1, "AGEN": 550, "FIDN": 175312293, "FIDS": 9, "LNAM": "02260A730DA50009", "LNAM_REFS": null, "FFPT_RIND": null, "VALDCO": 30.0, "VERDAT": null, "INFORM": null, "NINFOM": null, "NTXTDS": null, "SCAMAX": null, "SCAMIN": 89999, "TXTDSC": null, "RECDAT": null, "RECIND": null, "SORDAT": null, "SORIND": null, "hypcat": null, "_enc_cell": "US4TB3P0" }, "geometry": { "type": "LineString", "coordinates": [ [ 134.557251, 7.3236418 ], [ 134.5575562, 7.3237581 ], [ 134.557632500000011, 7.3240724 ], [ 134.5575256, 7.3244638 ], [ 134.5570984, 7.3247166 ], [ 134.5566101, 7.324697 ], [ 134.5563507, 7.3244638 ], [ 134.5562897, 7.3241696 ], [ 134.5564575, 7.3238168 ], [ 134.557251, 7.3236418 ] ] } },
{ "type": "Feature", "properties": { "RCID": 5435, "PRIM": 2, "GRUP": 2, "OBJL": 43, "RVER": 1, "AGEN": 550, "FIDN": 713268642, "FIDS": 9, "LNAM": "02262A839DA20009", "LNAM_REFS": null, "FFPT_RIND": null, "VALDCO": 20.0, "VERDAT": null, "INFORM": null, "NINFOM": null, "NTXTDS": null, "SCAMAX": null, "SCAMIN": 44999, "TXTDSC": null, "RECDAT": null, "RECIND": null, "SORDAT": null, "SORIND": null, "hypcat": null, "_enc_cell": "US4TB3P0" }, "geometry": { "type": "LineString", "coordinates": [ [ 134.551040699999987, 7.2626276 ], [ 134.5516968, 7.2630081 ], [ 134.5522919, 7.2633362 ], [ 134.553436299999987, 7.2642083 ], [ 134.5538178, 7.264647 ], [ 134.5544281, 7.2650833 ], [ 134.5548248, 7.2655139 ], [ 134.5552979, 7.2661028 ], [ 134.555954, 7.2670445 ], [ 134.5562286, 7.2677083 ], [ 134.556427, 7.2686887 ], [ 134.5565033, 7.269197 ], [ 134.5566254, 7.2700195 ], [ 134.556671099999988, 7.2707248 ], [ 134.556671099999988, 7.2713528 ], [ 134.5567017, 7.2719026 ], [ 134.556778, 7.2722917 ], [ 134.556839, 7.2726111 ], [ 134.5569, 7.2726779 ], [ 134.5569458, 7.2733111 ], [ 134.55714420000001, 7.2737165 ], [ 134.5571747, 7.2738195 ], [ 134.5571747, 7.2739387 ], [ 134.5574493, 7.2748389 ], [ 134.557724, 7.275661 ], [ 134.557876599999986, 7.276289 ], [ 134.558120699999989, 7.2769165 ], [ 134.5585175, 7.2776585 ], [ 134.5587921, 7.2784057 ], [ 134.5590973, 7.2791085 ], [ 134.5602417, 7.2807169 ], [ 134.5606232, 7.2812638 ], [ 134.560989400000011, 7.2818141 ], [ 134.561340300000012, 7.2824001 ], [ 134.5617676, 7.2829499 ], [ 134.5625153, 7.2836165 ] ] } },
{ "type": "Feature", "properties": { "RCID": 5436, "PRIM": 2, "GRUP": 2, "OBJL": 43, "RVER": 1, "AGEN": 550, "FIDN": 97192625, "FIDS": 9, "LNAM": "022605CB0AB10009", "LNAM_REFS": null, "FFPT_RIND": null, "VALDCO": 10.0, "VERDAT": null, "INFORM": null, "NINFOM": null, "NTXTDS": null, "SCAMAX": null, "SCAMIN": 44999, "TXTDSC": null, "RECDAT": null, "RECIND": null, "SORDAT": null, "SORIND": null, "hypcat": null, "_enc_cell": "US4TB3P0" }, "geometry": { "type": "LineString", "coordinates": [ [ 134.5583954, 7.2839141 ], [ 134.5590973, 7.2838054 ], [ 134.5597382, 7.2837167 ], [ 134.560318, 7.2837696 ], [ 134.56097410000001, 7.2838054 ], [ 134.561477700000012, 7.2838249 ], [ 134.56207280000001, 7.2838779 ], [ 134.5627289, 7.2841501 ], [ 134.563186699999989, 7.2848749 ], [ 134.563324, 7.2858167 ], [ 134.563324, 7.2865224 ], [ 134.5634308, 7.2874637 ], [ 134.5636139, 7.2883697 ], [ 134.563736, 7.288878 ], [ 134.5639496, 7.2895474 ], [ 134.564254799999986, 7.2905054 ], [ 134.564361600000012, 7.2914305 ], [ 134.5643921, 7.2925887 ], [ 134.564209, 7.2932415 ], [ 134.563873300000012, 7.2937141 ], [ 134.563324, 7.2942557 ], [ 134.563049299999989, 7.2947998 ], [ 134.5627594, 7.295814 ] ] } },
{ "type": "Feature", "properties": { "RCID": 5437, "PRIM": 2, "GRUP": 2, "OBJL": 43, "RVER": 1, "AGEN": 550, "FIDN": 559290133, "FIDS": 9, "LNAM": "0226215617150009", "LNAM_REFS": null, "FFPT_RIND": null, "VALDCO": 10.0, "VERDAT": null, "INFORM": null, "NINFOM": null, "NTXTDS": null, "SCAMAX": null, "SCAMIN": 44999, "TXTDSC": null, "RECDAT": null, "RECIND": null, "SORDAT": null, "SORIND": null, "hypcat": null, "_enc_cell": "US4TB3P0" }, "geometry": { "type": "LineString", "coordinates": [ [ 134.56974790000001, 7.3549361 ], [ 134.5697327, 7.3549585 ], [ 134.5696259, 7.3551583 ], [ 134.569534299999987, 7.3553915 ], [ 134.5694733, 7.35565 ], [ 134.5694428, 7.3558612 ], [ 134.5695038, 7.3560972 ], [ 134.5696106, 7.3562307 ], [ 134.56974790000001, 7.3563972 ], [ 134.5699158, 7.3565555 ], [ 134.5700684, 7.356678 ], [ 134.5701904, 7.3568335 ], [ 134.5702667, 7.3570805 ], [ 134.5703125, 7.3573141 ], [ 134.5703583, 7.3575835 ], [ 134.5703583, 7.3578391 ], [ 134.570343, 7.3580165 ], [ 134.5702972, 7.3581972 ], [ 134.570236200000011, 7.3583417 ], [ 134.570114100000012, 7.3585668 ], [ 134.5700378, 7.3587666 ], [ 134.570022599999987, 7.3589807 ], [ 134.5699616, 7.3591471 ], [ 134.569931, 7.3594141 ], [ 134.569931, 7.3596139 ], [ 134.5699616, 7.3598166 ], [ 134.5700684, 7.359972 ], [ 134.570236200000011, 7.360064 ], [ 134.570388799999989, 7.3600946 ], [ 134.570510899999988, 7.3600888 ], [ 134.5706787, 7.3600388 ], [ 134.5708313, 7.3599582 ], [ 134.5709381, 7.3597665 ] ] } },
{ "type": "Feature", "properties": { "RCID": 5438, "PRIM": 2, "GRUP": 2, "OBJL": 43, "RVER": 1, "AGEN": 550, "FIDN": 583531893, "FIDS": 9, "LNAM": "022622C7FD750009", "LNAM_REFS": null, "FFPT_RIND": null, "VALDCO": 30.0, "VERDAT": null, "INFORM": null, "NINFOM": null, "NTXTDS": null, "SCAMAX": null, "SCAMIN": 89999, "TXTDSC": null, "RECDAT": null, "RECIND": null, "SORDAT": null, "SORIND": null, "hypcat": null, "_enc_cell": "US4TB3P0" }, "geometry": { "type": "LineString", "coordinates": [ [ 134.56303410000001, 7.3245583 ], [ 134.563262900000012, 7.3247891 ], [ 134.563537599999989, 7.3249416 ], [ 134.5639648, 7.3251305 ], [ 134.564254799999986, 7.3253026 ], [ 134.5645294, 7.325572 ], [ 134.5646973, 7.325839 ], [ 134.564834600000012, 7.3262029 ], [ 134.5649109, 7.3263555 ], [ 134.5651398, 7.3265834 ], [ 134.5654602, 7.3268528 ], [ 134.565506, 7.3270807 ], [ 134.5655212, 7.3273501 ], [ 134.565582299999988, 7.3278666 ], [ 134.5657196, 7.327961 ], [ 134.565979, 7.3279805 ], [ 134.5662079, 7.3281694 ], [ 134.5662994, 7.328361 ], [ 134.56633, 7.3284974 ], [ 134.566284200000013, 7.3286305 ], [ 134.5661011, 7.3289361 ], [ 134.5658875, 7.329164 ], [ 134.5659027, 7.3294139 ], [ 134.565979, 7.3295279 ], [ 134.5661469, 7.3296418 ], [ 134.5662994, 7.3296804 ], [ 134.5665741, 7.3296609 ], [ 134.566741900000011, 7.3294334 ], [ 134.5668488, 7.3292804 ], [ 134.567016599999988, 7.3291831 ], [ 134.5674133, 7.3292418 ], [ 134.567749, 7.3293557 ], [ 134.5680084, 7.3295083 ], [ 134.5683746, 7.3299499 ], [ 134.5685272, 7.3301973 ], [ 134.5687408, 7.3304834 ], [ 134.5688324, 7.3306947 ], [ 134.5690002, 7.3309054 ], [ 134.5693054, 7.3310585 ], [ 134.5696259, 7.3311915 ], [ 134.569931, 7.3313055 ], [ 134.5702057, 7.331439 ], [ 134.5705261, 7.3316112 ], [ 134.57070920000001, 7.3317447 ], [ 134.5709229, 7.331861 ], [ 134.571106, 7.3320332 ], [ 134.571212800000012, 7.332222 ], [ 134.571106, 7.3323946 ], [ 134.5709076, 7.3324137 ], [ 134.570755, 7.3323779 ], [ 134.5704804, 7.3323584 ], [ 134.5702057, 7.3324332 ], [ 134.5698242, 7.3326054 ], [ 134.569641100000013, 7.3326836 ], [ 134.569427499999989, 7.332778 ], [ 134.5690765, 7.3328724 ], [ 134.568801900000011, 7.3330445 ], [ 134.5684204, 7.3333888 ], [ 134.568222100000014, 7.3335419 ], [ 134.5678711, 7.3338471 ], [ 134.5676727, 7.3340001 ], [ 134.5674439, 7.334136 ], [ 134.5671845, 7.3341723 ], [ 134.567031899999989, 7.3341165 ], [ 134.566894499999989, 7.3339443 ], [ 134.566879300000011, 7.3337526 ], [ 134.5669708, 7.3334665 ], [ 134.5669708, 7.3331971 ], [ 134.566772500000013, 7.3330641 ], [ 134.5664215, 7.3330278 ], [ 134.5661163, 7.3330054 ], [ 134.5658417, 7.3330445 ], [ 134.5651245, 7.3330445 ], [ 134.564834600000012, 7.3328362 ], [ 134.564605699999987, 7.3326836 ], [ 134.56399540000001, 7.3323388 ], [ 134.563797, 7.3321667 ], [ 134.5634918, 7.3319945 ], [ 134.563171399999987, 7.3317833 ], [ 134.562912, 7.3316498 ], [ 134.5624847, 7.3313999 ], [ 134.5622559, 7.3313055 ], [ 134.5620575, 7.3310943 ], [ 134.5620117, 7.3307891 ], [ 134.5620575, 7.3305416 ], [ 134.5620575, 7.3299112 ], [ 134.56207280000001, 7.329586 ], [ 134.5619965, 7.3293166 ], [ 134.5618591, 7.329164 ], [ 134.561737099999988, 7.3289752 ], [ 134.5615234, 7.3288221 ], [ 134.561462400000011, 7.3286862 ], [ 134.561370899999986, 7.3284974 ], [ 134.5613251, 7.3282471 ], [ 134.5615234, 7.3280363 ], [ 134.561737099999988, 7.3279419 ], [ 134.5620422, 7.3277888 ], [ 134.5623627, 7.327961 ], [ 134.5624847, 7.3281889 ], [ 134.5626679, 7.3288388 ], [ 134.562789900000013, 7.3290696 ], [ 134.5629883, 7.3291831 ], [ 134.563262900000012, 7.329164 ], [ 134.5635834, 7.3289557 ], [ 134.563766500000014, 7.328764 ], [ 134.5639648, 7.3283806 ], [ 134.5639496, 7.3279419 ], [ 134.5637207, 7.3276167 ], [ 134.5635834, 7.3275027 ], [ 134.5630951, 7.3272915 ], [ 134.5624542, 7.3269472 ], [ 134.5620117, 7.3267751 ], [ 134.561615, 7.3266029 ], [ 134.5613251, 7.3265085 ], [ 134.56111150000001, 7.3263168 ], [ 134.5610657, 7.3261251 ], [ 134.561233499999986, 7.3259168 ], [ 134.5613861, 7.3257613 ], [ 134.5615387, 7.3253803 ], [ 134.5615387, 7.3249612 ], [ 134.561462400000011, 7.3248081 ], [ 134.5612946, 7.3246722 ], [ 134.56111150000001, 7.3246164 ], [ 134.56073, 7.3245778 ], [ 134.5604858, 7.3245778 ], [ 134.560165399999988, 7.324636 ], [ 134.56001280000001, 7.3246527 ], [ 134.5591431, 7.3245001 ], [ 134.5589752, 7.3243861 ], [ 134.55867, 7.3242526 ], [ 134.5584179, 7.3240785 ], [ 134.558364899999987, 7.3240418 ], [ 134.558227499999987, 7.3239279 ], [ 134.5581665, 7.3236418 ], [ 134.5582886, 7.3234305 ], [ 134.5585327, 7.323278 ], [ 134.5588837, 7.3231444 ], [ 134.5592499, 7.3231053 ], [ 134.559555100000011, 7.3231053 ], [ 134.5598602, 7.3230667 ], [ 134.5600035, 7.32305 ], [ 134.5601959, 7.3230276 ], [ 134.5604553, 7.3230276 ], [ 134.5606079, 7.3231444 ], [ 134.560867300000012, 7.3233914 ], [ 134.560989400000011, 7.3235831 ], [ 134.561142, 7.3237362 ], [ 134.5614319, 7.3237748 ], [ 134.5615845, 7.3237748 ], [ 134.5618134, 7.3236613 ], [ 134.5619659, 7.3235641 ], [ 134.5620575, 7.323411 ], [ 134.5622253, 7.3228946 ] ] } },
{ "type": "Feature", "properties": { "RCID": 5439, "PRIM": 2, "GRUP": 2, "OBJL": 43, "RVER": 1, "AGEN": 550, "FIDN": 479148572, "FIDS": 9, "LNAM": "02261C8F3A1C0009", "LNAM_REFS": null, "FFPT_RIND": null, "VALDCO": 20.0, "VERDAT": null, "INFORM": null, "NINFOM": null, "NTXTDS": null, "SCAMAX": null, "SCAMIN": 44999, "TXTDSC": null, "RECDAT": null, "RECIND": null, "SORDAT": null, "SORIND": null, "hypcat": null, "_enc_cell": "US4TB3P0" }, "geometry": { "type": "LineString", "coordinates": [ [ 134.571456899999987, 7.3460722 ], [ 134.5714874, 7.3459249 ], [ 134.5715332, 7.3457279 ], [ 134.57164, 7.3454971 ], [ 134.5717057, 7.3453963 ], [ 134.5717468, 7.3453331 ], [ 134.571929899999986, 7.3451223 ], [ 134.572036700000012, 7.3450389 ], [ 134.5723114, 7.3449445 ] ] } },
{ "type": "Feature", "properties": { "RCID": 5440, "PRIM": 2, "GRUP": 2, "OBJL": 43, "RVER": 1, "AGEN": 550, "FIDN": 259188742, "FIDS": 9, "LNAM": "02260F72E8060009", "LNAM_REFS": null, "FFPT_RIND": null, "VALDCO": 20.0, "VERDAT": null, "INFORM": null, "NINFOM": null, "NTXTDS": null, "SCAMAX": null, "SCAMIN": 44999, "TXTDSC": null, "RECDAT": null, "RECIND": null, "SORDAT": null, "SORIND": null, "hypcat": null, "_enc_cell": "US4TB3P0" }, "geometry": { "type": "LineString", "coordinates": [ [ 134.5726166, 7.3512168 ], [ 134.5727387, 7.3515668 ], [ 134.5728149, 7.3517447 ], [ 134.5728302, 7.3520474 ], [ 134.5728302, 7.3524804 ], [ 134.5727997, 7.3529058 ], [ 134.5727539, 7.3530831 ], [ 134.5727081, 7.3532972 ], [ 134.572662400000013, 7.3534751 ], [ 134.5725555, 7.3536887 ], [ 134.572433499999988, 7.3538556 ], [ 134.5722504, 7.3540778 ], [ 134.5721283, 7.3542028 ], [ 134.571945199999988, 7.3544025 ], [ 134.5718384, 7.3545585 ], [ 134.571701100000013, 7.3547835 ], [ 134.5716248, 7.3549943 ], [ 134.5716095, 7.3552084 ], [ 134.57164, 7.3553863 ], [ 134.571701100000013, 7.3555083 ], [ 134.57180790000001, 7.3556085 ], [ 134.571960499999989, 7.3557224 ], [ 134.572158800000011, 7.3558111 ], [ 134.5723267, 7.3557863 ], [ 134.5723572, 7.3557944 ], [ 134.5725098, 7.3557806 ], [ 134.572647100000012, 7.3557277 ], [ 134.5728455, 7.3554945 ], [ 134.5729981, 7.3552361 ], [ 134.573120100000011, 7.3550582 ], [ 134.573288, 7.3548665 ] ] } },
{ "type": "Feature", "properties": { "RCID": 5441, "PRIM": 2, "GRUP": 2, "OBJL": 43, "RVER": 1, "AGEN": 550, "FIDN": 687379832, "FIDS": 9, "LNAM": "022628F895780009", "LNAM_REFS": null, "FFPT_RIND": null, "VALDCO": 30.0, "VERDAT": null, "INFORM": null, "NINFOM": null, "NTXTDS": null, "SCAMAX": null, "SCAMIN": 89999, "TXTDSC": null, "RECDAT": null, "RECIND": null, "SORDAT": null, "SORIND": null, "hypcat": null, "_enc_cell": "US4TB3P0" }, "geometry": { "type": "LineString", "coordinates": [ [ 134.5598755, 7.3096304 ], [ 134.559799199999986, 7.3097029 ], [ 134.5595856, 7.3098555 ], [ 134.5595703, 7.309886 ], [ 134.55953980000001, 7.3099418 ], [ 134.5595093, 7.3099527 ], [ 134.5594482, 7.3100696 ], [ 134.5593872, 7.3102055 ], [ 134.559204099999988, 7.3106084 ], [ 134.5590363, 7.3114667 ], [ 134.55896, 7.3122306 ], [ 134.5589752, 7.3124805 ], [ 134.559082, 7.3126998 ], [ 134.5591126, 7.312747 ], [ 134.5592346, 7.3128557 ], [ 134.5596161, 7.3128557 ], [ 134.559967, 7.3127918 ], [ 134.5600433, 7.3127666 ], [ 134.560272200000014, 7.3127251 ], [ 134.560287499999987, 7.3127165 ], [ 134.5605927, 7.3125749 ], [ 134.5607147, 7.3125057 ], [ 134.5608521, 7.3123808 ], [ 134.5609589, 7.3122501 ], [ 134.5610352, 7.3121362 ], [ 134.561126699999988, 7.3119779 ], [ 134.561554, 7.3116498 ], [ 134.5618897, 7.3114224 ], [ 134.5621033, 7.3112888 ], [ 134.5622559, 7.311203 ], [ 134.562439, 7.3111415 ], [ 134.5626221, 7.3111138 ], [ 134.562789900000013, 7.3111224 ], [ 134.5629578, 7.3111749 ], [ 134.563171399999987, 7.3112307 ], [ 134.563400300000012, 7.3113332 ], [ 134.5635681, 7.3114224 ], [ 134.5639496, 7.3116946 ], [ 134.564117399999986, 7.3118973 ], [ 134.5643921, 7.3121696 ], [ 134.5645142, 7.3123112 ], [ 134.5646362, 7.3124251 ], [ 134.5647583, 7.3125305 ], [ 134.5648804, 7.3126473 ], [ 134.5650024, 7.3127861 ], [ 134.565078699999987, 7.3129196 ], [ 134.5651703, 7.3130665 ], [ 134.565200800000014, 7.3131833 ], [ 134.5651856, 7.3132443 ], [ 134.5651856, 7.3132529 ], [ 134.565109299999989, 7.3133445 ], [ 134.5647583, 7.3133278 ], [ 134.56446840000001, 7.3134723 ], [ 134.5644226, 7.3136721 ], [ 134.56446840000001, 7.3138723 ], [ 134.5645752, 7.3140249 ], [ 134.5647583, 7.3141165 ], [ 134.5650482, 7.3141527 ], [ 134.5653687, 7.3142333 ], [ 134.5654907, 7.3142638 ], [ 134.5657196, 7.3143444 ], [ 134.5658722, 7.3143973 ], [ 134.565979, 7.3144584 ], [ 134.5661011, 7.3145723 ], [ 134.5661469, 7.3146362 ], [ 134.566391, 7.3147831 ], [ 134.566543599999989, 7.314889 ], [ 134.566665699999987, 7.3149333 ], [ 134.5668488, 7.3149943 ], [ 134.5669861, 7.3150501 ], [ 134.5670929, 7.3151112 ], [ 134.567245500000013, 7.3152251 ], [ 134.5673981, 7.3153029 ], [ 134.567489599999988, 7.3153749 ], [ 134.5677643, 7.3156304 ], [ 134.5679169, 7.3158054 ], [ 134.5680237, 7.3159638 ], [ 134.5681, 7.3161583 ], [ 134.5681763, 7.3163085 ], [ 134.5682373, 7.3165445 ], [ 134.5682373, 7.3166943 ], [ 134.5681763, 7.3170471 ], [ 134.568161, 7.317153 ], [ 134.568191500000012, 7.3172751 ], [ 134.5682678, 7.3173637 ], [ 134.5684357, 7.3174415 ], [ 134.568695100000014, 7.317503 ], [ 134.5688629, 7.3175306 ], [ 134.5689697, 7.3175554 ], [ 134.569046, 7.3175669 ], [ 134.5693207, 7.3176279 ], [ 134.5695801, 7.3177056 ], [ 134.5697174, 7.3177333 ], [ 134.5698395, 7.3177776 ], [ 134.5700989, 7.3178473 ], [ 134.5701752, 7.3179002 ], [ 134.5703278, 7.3179779 ], [ 134.5705566, 7.3181472 ], [ 134.5706482, 7.3182335 ], [ 134.570724500000011, 7.3182778 ], [ 134.5709076, 7.3184724 ], [ 134.5710449, 7.3186998 ], [ 134.5711212, 7.3188057 ], [ 134.571167, 7.3189387 ], [ 134.5711517, 7.3191862 ], [ 134.5711365, 7.3194223 ], [ 134.571090700000013, 7.3195887 ], [ 134.5710297, 7.3197026 ], [ 134.570968599999986, 7.3197832 ], [ 134.5708313, 7.3198862 ], [ 134.570755, 7.3199363 ], [ 134.570724500000011, 7.3199582 ], [ 134.5706329, 7.3200641 ], [ 134.5705719, 7.3201447 ], [ 134.5705719, 7.3203721 ], [ 134.570602400000013, 7.320478 ], [ 134.5706635, 7.3205586 ], [ 134.570724500000011, 7.3206196 ], [ 134.5708008, 7.3206363 ], [ 134.571090700000013, 7.320611 ], [ 134.571197500000011, 7.3205915 ], [ 134.571228, 7.3205833 ], [ 134.5714264, 7.3205223 ], [ 134.571563700000013, 7.3204861 ], [ 134.571685800000012, 7.3204613 ], [ 134.5718536, 7.3204613 ], [ 134.5719757, 7.3204694 ], [ 134.5720978, 7.3205056 ], [ 134.5722199, 7.3205586 ], [ 134.5723877, 7.3206196 ], [ 134.5724793, 7.320672 ], [ 134.5725555, 7.3207474 ], [ 134.5728302, 7.321075 ], [ 134.573013300000014, 7.3213749 ], [ 134.5731812, 7.3216748 ], [ 134.5734558, 7.3221278 ], [ 134.5735626, 7.3224473 ], [ 134.5739136, 7.322772 ], [ 134.5743256, 7.3231001 ], [ 134.5746613, 7.3233361 ], [ 134.5749664, 7.3234611 ], [ 134.5752106, 7.323525 ], [ 134.5755158, 7.3236694 ], [ 134.5756836, 7.323853 ] ] } },
{ "type": "Feature", "properties": { "RCID": 5442, "PRIM": 2, "GRUP": 2, "OBJL": 43, "RVER": 1, "AGEN": 550, "FIDN": 600949929, "FIDS": 9, "LNAM": "022623D1C4A90009", "LNAM_REFS": null, "FFPT_RIND": null, "VALDCO": 30.0, "VERDAT": null, "INFORM": null, "NINFOM": null, "NTXTDS": null, "SCAMAX": null, "SCAMIN": 89999, "TXTDSC": null, "RECDAT": null, "RECIND": null, "SORDAT": null, "SORIND": null, "hypcat": null, "_enc_cell": "US4TB3P0" }, "geometry": { "type": "LineString", "coordinates": [ [ 134.5708313, 7.3329639 ], [ 134.5709534, 7.3330026 ], [ 134.571090700000013, 7.3331361 ], [ 134.571106, 7.3333082 ], [ 134.5711365, 7.3338833 ], [ 134.5714264, 7.3341308 ], [ 134.571579, 7.3342276 ], [ 134.5718536, 7.3343225 ], [ 134.572113, 7.3344169 ], [ 134.5723572, 7.334589 ], [ 134.5727539, 7.3349915 ], [ 134.573013300000014, 7.3351831 ], [ 134.573257500000011, 7.3354111 ], [ 134.5737152, 7.3358693 ], [ 134.5740051, 7.3360224 ], [ 134.5743256, 7.3361387 ], [ 134.5746155, 7.3361945 ], [ 134.5750122, 7.3361778 ], [ 134.5752869, 7.3361197 ], [ 134.575531, 7.336061 ], [ 134.575790399999988, 7.3361583 ], [ 134.5761108, 7.3363113 ], [ 134.576370200000014, 7.3364835 ], [ 134.5767212, 7.3366752 ], [ 134.5771637, 7.3369417 ], [ 134.5774078, 7.3371697 ], [ 134.57756040000001, 7.3373418 ], [ 134.5777588, 7.3375139 ], [ 134.5780182, 7.3377638 ], [ 134.5781708, 7.3378196 ], [ 134.5787659, 7.3383164 ], [ 134.579147299999988, 7.3387585 ], [ 134.579376200000013, 7.3390446 ], [ 134.5796661, 7.3394251 ], [ 134.579864500000014, 7.3397694 ], [ 134.5801849, 7.3401527 ], [ 134.5806122, 7.3403444 ], [ 134.5809937, 7.3404584 ], [ 134.5813904, 7.3407054 ], [ 134.581695599999989, 7.3409915 ], [ 134.581893900000011, 7.341475 ], [ 134.5821381, 7.3418584 ], [ 134.582275399999986, 7.3421831 ], [ 134.5823059, 7.3425641 ], [ 134.5822296, 7.3427553 ], [ 134.5821075, 7.3427944 ], [ 134.5817413, 7.342814 ], [ 134.5814514, 7.3428888 ], [ 134.581131, 7.3429666 ], [ 134.5807953, 7.3430805 ], [ 134.5805359, 7.3430805 ], [ 134.5801239, 7.3429861 ], [ 134.579879799999986, 7.3430419 ], [ 134.5796967, 7.3431387 ], [ 134.5793304, 7.3430419 ], [ 134.5790405, 7.3429279 ], [ 134.5787354, 7.3426971 ], [ 134.578674299999989, 7.3424306 ], [ 134.5787354, 7.3420668 ], [ 134.5787354, 7.3417611 ], [ 134.578598, 7.341475 ], [ 134.578323399999988, 7.3412085 ], [ 134.5779114, 7.3410168 ], [ 134.5775452, 7.3408637 ], [ 134.57724, 7.3407474 ], [ 134.576889, 7.3405776 ], [ 134.576492300000012, 7.3402529 ], [ 134.576385499999986, 7.3401804 ], [ 134.5763092, 7.3401332 ], [ 134.576141400000012, 7.3399835 ], [ 134.576019300000013, 7.3398333 ], [ 134.575943, 7.3397222 ], [ 134.575882, 7.3396001 ], [ 134.5758362, 7.3395057 ], [ 134.5757599, 7.3393917 ], [ 134.5757294, 7.3392777 ], [ 134.57563780000001, 7.3391724 ], [ 134.5755615, 7.3391113 ], [ 134.5754547, 7.3390946 ], [ 134.5752716, 7.3390832 ], [ 134.5751038, 7.3390665 ], [ 134.574813799999987, 7.3390665 ], [ 134.574691800000011, 7.3390527 ], [ 134.574447600000013, 7.3390417 ], [ 134.5743256, 7.3390193 ], [ 134.574218800000011, 7.3389721 ], [ 134.5741272, 7.3389502 ], [ 134.5740509, 7.3388891 ], [ 134.5739594, 7.3387361 ], [ 134.5739136, 7.3386502 ], [ 134.5738983, 7.3385553 ], [ 134.573867799999988, 7.3384724 ], [ 134.573883099999989, 7.3383751 ], [ 134.573974600000014, 7.3380971 ], [ 134.5739288, 7.3379946 ], [ 134.5738983, 7.3378639 ], [ 134.573822, 7.3377914 ], [ 134.573730500000011, 7.3376751 ], [ 134.5736389, 7.3375859 ], [ 134.573486300000013, 7.3374414 ], [ 134.5733643, 7.3373528 ], [ 134.573288, 7.3372779 ], [ 134.5731964, 7.337214 ], [ 134.572937, 7.3369999 ], [ 134.5728149, 7.3368669 ], [ 134.5727539, 7.336761 ], [ 134.5726929, 7.3366666 ], [ 134.572662400000013, 7.3365808 ], [ 134.5725708, 7.3364081 ], [ 134.572296099999988, 7.3362556 ], [ 134.571960499999989, 7.3362556 ], [ 134.5715485, 7.3363137 ], [ 134.5712891, 7.3363724 ], [ 134.571090700000013, 7.3365054 ], [ 134.5709076, 7.3366585 ], [ 134.570602400000013, 7.3368111 ], [ 134.5703125, 7.3369055 ], [ 134.570007299999986, 7.3371167 ], [ 134.5697937, 7.337286 ], [ 134.5694885, 7.3374581 ], [ 134.5692139, 7.3376279 ], [ 134.5690765, 7.3377056 ], [ 134.5688324, 7.3377442 ], [ 134.5686493, 7.3376474 ], [ 134.5684967, 7.3375139 ], [ 134.5681763, 7.336978 ], [ 134.567993199999989, 7.3366919 ], [ 134.5679016, 7.3364639 ], [ 134.56782530000001, 7.3361387 ], [ 134.5677948, 7.3357554 ], [ 134.5677948, 7.3354306 ], [ 134.5679016, 7.3349724 ], [ 134.5681458, 7.3347249 ], [ 134.5683746, 7.3345137 ], [ 134.5686493, 7.3343415 ], [ 134.5688934, 7.3342471 ], [ 134.569183399999986, 7.3342471 ], [ 134.5694885, 7.3342276 ], [ 134.569809, 7.3342276 ], [ 134.5700989, 7.3342834 ], [ 134.570282, 7.3342085 ], [ 134.5704498, 7.3340168 ], [ 134.5704804, 7.3338447 ], [ 134.5704041, 7.3337112 ], [ 134.570251500000012, 7.3336334 ], [ 134.570129400000013, 7.3334804 ], [ 134.570129400000013, 7.3332725 ], [ 134.5701752, 7.3331165 ], [ 134.5703125, 7.3330026 ], [ 134.570495599999987, 7.3329835 ], [ 134.5708313, 7.3329639 ] ] } },
{ "type": "Feature", "properties": { "RCID": 5443, "PRIM": 2, "GRUP": 2, "OBJL": 43, "RVER": 1, "AGEN": 550, "FIDN": 1584946, "FIDS": 9, "LNAM": "022600182F320009", "LNAM_REFS": null, "FFPT_RIND": null, "VALDCO": 30.0, "VERDAT": null, "INFORM": null, "NINFOM": null, "NTXTDS": null, "SCAMAX": null, "SCAMIN": 89999, "TXTDSC": null, "RECDAT": null, "RECIND": null, "SORDAT": null, "SORIND": null, "hypcat": null, "_enc_cell": "US4TB3P0" }, "geometry": { "type": "LineString", "coordinates": [ [ 134.5905151, 7.3479166 ], [ 134.590560900000014, 7.3478918 ], [ 134.590805100000011, 7.3477693 ], [ 134.5911102, 7.3476777 ], [ 134.5916138, 7.3476443 ], [ 134.592132600000014, 7.3476334 ], [ 134.5926514, 7.3476443 ], [ 134.5931549, 7.3478026 ], [ 134.5935211, 7.3479638 ], [ 134.5940247, 7.3482027 ], [ 134.5943451, 7.3484082 ], [ 134.5947113, 7.3486137 ], [ 134.594986, 7.3488307 ], [ 134.5953369, 7.349411 ] ] } },
{ "type": "Feature", "properties": { "RCID": 5444, "PRIM": 2, "GRUP": 2, "OBJL": 43, "RVER": 1, "AGEN": 550, "FIDN": 806173662, "FIDS": 9, "LNAM": "0226300D3BDE0009", "LNAM_REFS": null, "FFPT_RIND": null, "VALDCO": 10.0, "VERDAT": null, "INFORM": null, "NINFOM": null, "NTXTDS": null, "SCAMAX": null, "SCAMIN": 44999, "TXTDSC": null, "RECDAT": null, "RECIND": null, "SORDAT": null, "SORIND": null, "hypcat": null, "_enc_cell": "US4TB3P0" }, "geometry": { "type": "LineString", "coordinates": [ [ 134.5937195, 7.378397 ], [ 134.5938568, 7.3781748 ], [ 134.5940857, 7.3779054 ], [ 134.5948029, 7.3773279 ], [ 134.5952301, 7.3769999 ], [ 134.5956726, 7.3764834 ], [ 134.5958862, 7.3761082 ], [ 134.5960083, 7.3758721 ], [ 134.5960541, 7.3753696 ], [ 134.595962500000013, 7.3748388 ], [ 134.595733599999988, 7.374125 ], [ 134.595474200000012, 7.3734665 ], [ 134.5953064, 7.3731141 ], [ 134.5951843, 7.3727279 ], [ 134.595138600000013, 7.3724804 ], [ 134.595123300000012, 7.372211 ], [ 134.5951538, 7.3720446 ] ] } },
{ "type": "Feature", "properties": { "RCID": 5445, "PRIM": 2, "GRUP": 2, "OBJL": 43, "RVER": 1, "AGEN": 550, "FIDN": 457091934, "FIDS": 9, "LNAM": "02261B3EAB5E0009", "LNAM_REFS": null, "FFPT_RIND": null, "VALDCO": 2.0, "VERDAT": null, "INFORM": null, "NINFOM": null, "NTXTDS": null, "SCAMAX": null, "SCAMIN": 44999, "TXTDSC": null, "RECDAT": null, "RECIND": null, "SORDAT": null, "SORIND": null, "hypcat": null, "_enc_cell": "US4TB3P0" }, "geometry": { "type": "LineString", "coordinates": [ [ 134.6056213, 7.3717332 ], [ 134.6057892, 7.3717804 ], [ 134.6061554, 7.3718414 ], [ 134.6063385, 7.3718472 ], [ 134.606567399999989, 7.3717752 ], [ 134.6067352, 7.371686 ], [ 134.6069183, 7.3716388 ], [ 134.607040399999988, 7.3715916 ] ] } },
{ "type": "Feature", "properties": { "RCID": 5446, "PRIM": 2, "GRUP": 2, "OBJL": 43, "RVER": 1, "AGEN": 550, "FIDN": 995247607, "FIDS": 9, "LNAM": "02263B5245F70009", "LNAM_REFS": null, "FFPT_RIND": null, "VALDCO": 30.0, "VERDAT": null, "INFORM": null, "NINFOM": null, "NTXTDS": null, "SCAMAX": null, "SCAMIN": 89999, "TXTDSC": null, "RECDAT": null, "RECIND": null, "SORDAT": null, "SORIND": null, "hypcat": null, "_enc_cell": "US4TB3P0" }, "geometry": { "type": "LineString", "coordinates": [ [ 134.605423, 7.3745055 ], [ 134.605423, 7.374939 ], [ 134.605468800000011, 7.3754721 ], [ 134.6059113, 7.376236 ], [ 134.606185900000014, 7.3766193 ], [ 134.6070099, 7.3772807 ], [ 134.6074677, 7.377511 ], [ 134.608001699999988, 7.3776112 ], [ 134.608429, 7.3775859 ], [ 134.6089172, 7.3772807 ], [ 134.6091156, 7.3770528 ], [ 134.6093445, 7.3765416 ], [ 134.6094818, 7.3761082 ], [ 134.6095276, 7.3756776 ], [ 134.609558099999987, 7.375422 ], [ 134.609558099999987, 7.374886 ] ] } },
{ "type": "Feature", "properties": { "RCID": 5447, "PRIM": 2, "GRUP": 2, "OBJL": 43, "RVER": 1, "AGEN": 550, "FIDN": 411260024, "FIDS": 9, "LNAM": "0226188354780009", "LNAM_REFS": null, "FFPT_RIND": null, "VALDCO": 10.0, "VERDAT": null, "INFORM": null, "NINFOM": null, "NTXTDS": null, "SCAMAX": null, "SCAMIN": 44999, "TXTDSC": null, "RECDAT": null, "RECIND": null, "SORDAT": null, "SORIND": null, "hypcat": null, "_enc_cell": "US4TB3P0" }, "geometry": { "type": "LineString", "coordinates": [ [ 134.613616799999988, 7.3808382 ], [ 134.6135712, 7.3802586 ], [ 134.6135712, 7.3796139 ], [ 134.613510100000013, 7.3792028 ], [ 134.6134338, 7.3788528 ], [ 134.6132965, 7.3786197 ], [ 134.6130066, 7.3783054 ], [ 134.612564099999986, 7.3781891 ], [ 134.6121674, 7.3781891 ], [ 134.6116791, 7.378325 ], [ 134.61134340000001, 7.3785224 ], [ 134.611145, 7.3787947 ], [ 134.6110535, 7.3791056 ], [ 134.6109467, 7.3795557 ], [ 134.610885599999989, 7.3799639 ], [ 134.6107941, 7.380414 ], [ 134.6106873, 7.3807249 ], [ 134.6106567, 7.3808389 ] ] } },
{ "type": "Feature", "properties": { "RCID": 5448, "PRIM": 2, "GRUP": 2, "OBJL": 43, "RVER": 1, "AGEN": 550, "FIDN": 683950764, "FIDS": 9, "LNAM": "022628C442AC0009", "LNAM_REFS": null, "FFPT_RIND": null, "VALDCO": 100.0, "VERDAT": null, "INFORM": null, "NINFOM": null, "NTXTDS": null, "SCAMAX": null, "SCAMIN": 44999, "TXTDSC": null, "RECDAT": null, "RECIND": null, "SORDAT": null, "SORIND": null, "hypcat": null, "_enc_cell": "US4TB3P0" }, "geometry": { "type": "LineString", "coordinates": [ [ 134.625570900000014, 7.3655766 ], [ 134.6257422, 7.3655385 ], [ 134.6258469, 7.3654147 ], [ 134.625904, 7.3653101 ], [ 134.6259421, 7.3651863 ], [ 134.625885, 7.3650436 ], [ 134.6257803, 7.3649674 ], [ 134.6256471, 7.3649293 ], [ 134.6254662, 7.3649484 ], [ 134.625323400000013, 7.365034 ], [ 134.6252378, 7.3651958 ], [ 134.6252663, 7.3654243 ], [ 134.625352, 7.3655099 ], [ 134.6254472, 7.3655575 ], [ 134.625570900000014, 7.3655766 ] ] } }
]
}
