{
"type": "FeatureCollection",
"name": "SBDARE",
"crs": { "type": "name", "properties": { "name": "urn:ogc:def:crs:OGC:1.3:CRS84" } },
"features": [
{ "type": "Feature", "properties": { "RCID": 6995, "PRIM": 3, "GRUP": 2, "OBJL": 121, "RVER": 1, "AGEN": 550, "FIDN": 442315785, "FIDS": 9, "LNAM": "02261A5D34090009", "LNAM_REFS": null, "FFPT_RIND": null, "COLOUR": null, "NATQUA": null, "NATSUR": [ "9" ], "WATLEV": 4.0, "OBJNAM": null, "NOBJNM": null, "INFORM": null, "NINFOM": null, "NTXTDS": null, "SCAMAX": null, "SCAMIN": 29999, "TXTDSC": null, "RECDAT": null, "RECIND": null, "SORDAT": "20150206", "SORIND": "US,US,reprt,L-246-2015", "_enc_cell": "US4TB3P0" }, "geometry": { "type": "Polygon", "coordinates": [ [ [ 134.4996643, 7.3234835 ], [ 134.4996796, 7.3234668 ], [ 134.4997559, 7.3233361 ], [ 134.5, 7.3231525 ], [ 134.5000305, 7.3231335 ], [ 134.5001373, 7.3230944 ], [ 134.5002136, 7.3231168 ], [ 134.5002136, 7.3231778 ], [ 134.5002441, 7.3232164 ], [ 134.500305200000014, 7.3232026 ], [ 134.500351, 7.3231692 ], [ 134.500412, 7.3229775 ], [ 134.5005646, 7.3226914 ], [ 134.5005951, 7.3225861 ], [ 134.5005798, 7.3225083 ], [ 134.50039670000001, 7.3223333 ], [ 134.5002441, 7.3221169 ], [ 134.5000153, 7.3219419 ], [ 134.5, 7.3218694 ], [ 134.4999695, 7.3217363 ], [ 134.5, 7.3216972 ], [ 134.5000305, 7.3216558 ], [ 134.5001068, 7.3215971 ], [ 134.5002747, 7.3215776 ], [ 134.5006104, 7.3216085 ], [ 134.5007324, 7.3215919 ], [ 134.5008087, 7.3215165 ], [ 134.5009155, 7.3214583 ], [ 134.5010834, 7.3213944 ], [ 134.5012054, 7.3213224 ], [ 134.5012054, 7.3212333 ], [ 134.5010986, 7.3211446 ], [ 134.5009918, 7.3210807 ], [ 134.500900300000012, 7.3210778 ], [ 134.5007172, 7.3211222 ], [ 134.5005188, 7.3211165 ], [ 134.50039670000001, 7.3210859 ], [ 134.5002747, 7.3210278 ], [ 134.5000153, 7.320889 ], [ 134.5, 7.3208861 ], [ 134.499801600000012, 7.3208499 ], [ 134.499694799999986, 7.3207502 ], [ 134.4996796, 7.3208861 ], [ 134.4998474, 7.321075 ], [ 134.499832199999986, 7.3212833 ], [ 134.4997406, 7.321661 ], [ 134.4993897, 7.321878 ], [ 134.4991913, 7.3219862 ], [ 134.4991455, 7.3222919 ], [ 134.4992676, 7.3224669 ], [ 134.4993591, 7.3226166 ], [ 134.4997864, 7.3226972 ], [ 134.4997864, 7.3228335 ], [ 134.4994812, 7.3231473 ], [ 134.4996643, 7.3234835 ] ], [ [ 134.499450700000011, 7.3221612 ], [ 134.499450700000011, 7.3222585 ], [ 134.4994965, 7.3224583 ], [ 134.4996185, 7.3225193 ], [ 134.4997253, 7.3224053 ], [ 134.4997559, 7.3223252 ], [ 134.499816900000013, 7.3222613 ], [ 134.4997711, 7.3221946 ], [ 134.4997559, 7.3220863 ], [ 134.499694799999986, 7.3221002 ], [ 134.499527, 7.3220749 ], [ 134.499450700000011, 7.3221612 ] ] ] } },
{ "type": "Feature", "properties": { "RCID": 6998, "PRIM": 3, "GRUP": 2, "OBJL": 121, "RVER": 1, "AGEN": 550, "FIDN": 518264065, "FIDS": 9, "LNAM": "02261EE415010009", "LNAM_REFS": null, "FFPT_RIND": null, "COLOUR": null, "NATQUA": null, "NATSUR": [ "9" ], "WATLEV": 4.0, "OBJNAM": null, "NOBJNM": null, "INFORM": null, "NINFOM": null, "NTXTDS": null, "SCAMAX": null, "SCAMIN": 29999, "TXTDSC": null, "RECDAT": null, "RECIND": null, "SORDAT": "20150206", "SORIND": "US,US,reprt,L-246-2015", "_enc_cell": "US4TB3P0" }, "geometry": { "type": "Polygon", "coordinates": [ [ [ 134.6110687, 7.3756056 ], [ 134.6109161, 7.3758583 ], [ 134.6110687, 7.3762388 ], [ 134.611358599999988, 7.376503 ], [ 134.6124725, 7.3769808 ], [ 134.612655600000011, 7.377172 ], [ 134.6128693, 7.3772197 ], [ 134.613159200000013, 7.3771582 ], [ 134.613327, 7.3769331 ], [ 134.6133423, 7.3766694 ], [ 134.6132202, 7.3763113 ], [ 134.6129608, 7.3761554 ], [ 134.6125336, 7.3760471 ], [ 134.6121063, 7.3758082 ], [ 134.6117401, 7.3755112 ], [ 134.6114349, 7.3754139 ], [ 134.6110687, 7.3756056 ] ] ] } },
{ "type": "Feature", "properties": { "RCID": 7034, "PRIM": 3, "GRUP": 2, "OBJL": 121, "RVER": 1, "AGEN": 550, "FIDN": 708100048, "FIDS": 9, "LNAM": "02262A34BFD00009", "LNAM_REFS": null, "FFPT_RIND": null, "COLOUR": null, "NATQUA": null, "NATSUR": [ "9" ], "WATLEV": 4.0, "OBJNAM": null, "NOBJNM": null, "INFORM": null, "NINFOM": null, "NTXTDS": null, "SCAMAX": null, "SCAMIN": 29999, "TXTDSC": null, "RECDAT": null, "RECIND": null, "SORDAT": "20150206", "SORIND": "US,US,reprt,L-246-2015", "_enc_cell": "US4TB3P0" }, "geometry": { "type": "Polygon", "coordinates": [ [ [ 134.492691, 7.3806276 ], [ 134.4926605, 7.3808417 ], [ 134.4926605, 7.3808751 ], [ 134.4925537, 7.3810639 ], [ 134.4925079, 7.3812752 ], [ 134.492691, 7.3814306 ], [ 134.4929199, 7.3815446 ], [ 134.4931641, 7.3814669 ], [ 134.4933777, 7.3812666 ], [ 134.4934082, 7.3808694 ], [ 134.4934082, 7.3808389 ], [ 134.4933929, 7.3807306 ], [ 134.4933014, 7.3806639 ], [ 134.4931793, 7.380589 ], [ 134.4930267, 7.3805056 ], [ 134.4929352, 7.3804221 ], [ 134.4929352, 7.3802557 ], [ 134.492981, 7.3801527 ], [ 134.493072500000011, 7.3799834 ], [ 134.4931488, 7.3797889 ], [ 134.493209799999988, 7.3796806 ], [ 134.4933929, 7.3796082 ], [ 134.493698099999989, 7.3793082 ], [ 134.4937744, 7.3792195 ], [ 134.493804899999986, 7.3791194 ], [ 134.4937744, 7.3790169 ], [ 134.4937286, 7.3789859 ], [ 134.4937286, 7.3789668 ], [ 134.493438700000013, 7.3785667 ], [ 134.4933167, 7.3784447 ], [ 134.493209799999988, 7.3783808 ], [ 134.4931488, 7.3783889 ], [ 134.4931335, 7.3783832 ], [ 134.493072500000011, 7.3783917 ], [ 134.4930115, 7.3783445 ], [ 134.4929199, 7.3783445 ], [ 134.4927979, 7.378397 ], [ 134.4927521, 7.3784447 ], [ 134.49258420000001, 7.3784447 ], [ 134.4924622, 7.378511 ], [ 134.4924316, 7.3786416 ], [ 134.492492700000014, 7.3788276 ], [ 134.4925385, 7.3789859 ], [ 134.4926605, 7.3791361 ], [ 134.49272160000001, 7.3792138 ], [ 134.49272160000001, 7.3795638 ], [ 134.492691, 7.3797336 ], [ 134.492599500000011, 7.3799086 ], [ 134.4925079, 7.3800502 ], [ 134.4924316, 7.3802085 ], [ 134.4925079, 7.3803473 ], [ 134.49263, 7.3804779 ], [ 134.492691, 7.3806276 ] ] ] } },
{ "type": "Feature", "properties": { "RCID": 7035, "PRIM": 3, "GRUP": 2, "OBJL": 121, "RVER": 1, "AGEN": 550, "FIDN": 636679099, "FIDS": 9, "LNAM": "022625F2F3BB0009", "LNAM_REFS": null, "FFPT_RIND": null, "COLOUR": null, "NATQUA": null, "NATSUR": [ "9" ], "WATLEV": 4.0, "OBJNAM": null, "NOBJNM": null, "INFORM": null, "NINFOM": null, "NTXTDS": null, "SCAMAX": null, "SCAMIN": 29999, "TXTDSC": null, "RECDAT": null, "RECIND": null, "SORDAT": "20150206", "SORIND": "US,US,reprt,L-246-2015", "_enc_cell": "US4TB3P0" }, "geometry": { "type": "Polygon", "coordinates": [ [ [ 134.4783783, 7.3301082 ], [ 134.47853090000001, 7.3301611 ], [ 134.4787598, 7.3304777 ], [ 134.4789276, 7.3308306 ], [ 134.479141199999987, 7.3309388 ], [ 134.4792175, 7.3310447 ], [ 134.4792328, 7.331172 ], [ 134.479187, 7.3312998 ], [ 134.478912400000013, 7.331564 ], [ 134.4788513, 7.3316889 ], [ 134.4788513, 7.3318138 ], [ 134.4789429, 7.3319111 ], [ 134.4789581, 7.3320279 ], [ 134.478881800000011, 7.3322835 ], [ 134.4787445, 7.3325028 ], [ 134.478714, 7.3326221 ], [ 134.4788208, 7.3331332 ], [ 134.478775, 7.3337832 ], [ 134.4788055, 7.3340473 ], [ 134.4787598, 7.3341665 ], [ 134.4786224, 7.3343749 ], [ 134.478790299999986, 7.3345776 ], [ 134.4788666, 7.334836 ], [ 134.4789429, 7.3349361 ], [ 134.4796906, 7.3351693 ], [ 134.479873700000013, 7.3353362 ], [ 134.480117799999988, 7.3353944 ], [ 134.4801941, 7.3354998 ], [ 134.480346700000013, 7.3361306 ], [ 134.4802856, 7.3366447 ], [ 134.4803162, 7.3369026 ], [ 134.4803009, 7.3370333 ], [ 134.4802551, 7.3371501 ], [ 134.4802551, 7.3372665 ], [ 134.4806366, 7.3373418 ], [ 134.4810028, 7.3374834 ], [ 134.4811096, 7.3375526 ], [ 134.481185900000014, 7.3376498 ], [ 134.4812164, 7.3377805 ], [ 134.481201199999987, 7.3381696 ], [ 134.481079099999988, 7.3383999 ], [ 134.4816132, 7.3386664 ], [ 134.481903100000011, 7.3389082 ], [ 134.482147200000014, 7.3389807 ], [ 134.4823608, 7.3391085 ], [ 134.482544, 7.3392696 ], [ 134.4826813, 7.3392887 ], [ 134.4827728, 7.3393779 ], [ 134.4828339, 7.3396249 ], [ 134.4828949, 7.339736 ], [ 134.4832764, 7.339828 ], [ 134.4833832, 7.3398891 ], [ 134.4835053, 7.3398833 ], [ 134.483612099999988, 7.3397999 ], [ 134.4837341, 7.3397694 ], [ 134.4841156, 7.3398752 ], [ 134.4842377, 7.3398609 ], [ 134.4844971, 7.3399196 ], [ 134.4847107, 7.3400359 ], [ 134.4850922, 7.3400083 ], [ 134.485199, 7.3400693 ], [ 134.4852905, 7.3401666 ], [ 134.4852905, 7.3404083 ], [ 134.48538210000001, 7.3405056 ], [ 134.4855499, 7.3404193 ], [ 134.4855957, 7.3403139 ], [ 134.485626200000013, 7.3401833 ], [ 134.4859009, 7.3399277 ], [ 134.486496, 7.3397083 ], [ 134.4870148, 7.3397331 ], [ 134.4872437, 7.3398361 ], [ 134.4873657, 7.3398442 ], [ 134.4874878, 7.3398972 ], [ 134.4877472, 7.3399057 ], [ 134.487854, 7.3399611 ], [ 134.4880219, 7.3401637 ], [ 134.4881134, 7.3398027 ], [ 134.488281300000011, 7.339478 ], [ 134.488205, 7.3393779 ], [ 134.4881897, 7.339253 ], [ 134.4882507, 7.3390055 ], [ 134.488327, 7.338903 ], [ 134.488281300000011, 7.3388696 ], [ 134.4883728, 7.3380971 ], [ 134.4882355, 7.3378863 ], [ 134.4880829, 7.3375306 ], [ 134.4880676, 7.3372722 ], [ 134.487945599999989, 7.3370752 ], [ 134.487915, 7.3368197 ], [ 134.487808199999989, 7.3367529 ], [ 134.4877625, 7.3366332 ], [ 134.487808199999989, 7.3365307 ], [ 134.487930299999988, 7.3365026 ], [ 134.4881897, 7.336525 ], [ 134.4884338, 7.3365917 ], [ 134.488540699999987, 7.3366695 ], [ 134.488769499999989, 7.3367724 ], [ 134.489151, 7.3371334 ], [ 134.48922730000001, 7.3376417 ], [ 134.489471400000014, 7.3380971 ], [ 134.4893951, 7.3383222 ], [ 134.4895477, 7.3385248 ], [ 134.4895477, 7.3386526 ], [ 134.4894562, 7.3388472 ], [ 134.4895783, 7.3388333 ], [ 134.4899139, 7.3389001 ], [ 134.4901276, 7.3390279 ], [ 134.49018860000001, 7.3392553 ], [ 134.4902496, 7.3392139 ], [ 134.490463299999988, 7.3393278 ], [ 134.4905243, 7.3394251 ], [ 134.4906006, 7.339675 ], [ 134.490570100000014, 7.339797 ], [ 134.490509, 7.3399029 ], [ 134.4902496, 7.3399415 ], [ 134.4901276, 7.3399196 ], [ 134.490066500000012, 7.3400168 ], [ 134.4901581, 7.3400664 ], [ 134.490341199999989, 7.3400555 ], [ 134.4904785, 7.3400502 ], [ 134.490554800000012, 7.3400278 ], [ 134.4907837, 7.3400664 ], [ 134.4907837, 7.3399944 ], [ 134.490936299999987, 7.3395748 ], [ 134.4909973, 7.3393002 ], [ 134.4910889, 7.3392582 ], [ 134.491272, 7.3391223 ], [ 134.491333, 7.3391194 ], [ 134.4913483, 7.339097 ], [ 134.491806, 7.3389945 ], [ 134.4926605, 7.3388834 ], [ 134.492874199999989, 7.3387222 ], [ 134.4931183, 7.3383164 ], [ 134.4931335, 7.3382335 ], [ 134.4932556, 7.3381167 ], [ 134.4933014, 7.3379974 ], [ 134.4931641, 7.3379335 ], [ 134.4930267, 7.3379526 ], [ 134.4929962, 7.3379192 ], [ 134.492981, 7.3378696 ], [ 134.4930115, 7.3378224 ], [ 134.493087800000012, 7.3377776 ], [ 134.4931793, 7.3376279 ], [ 134.4933167, 7.3377113 ], [ 134.4932709, 7.3377943 ], [ 134.4933929, 7.3378472 ], [ 134.4934235, 7.3377862 ], [ 134.493438700000013, 7.3376722 ], [ 134.4937592, 7.3373637 ], [ 134.493820199999988, 7.3372526 ], [ 134.4938965, 7.3372026 ], [ 134.493927, 7.3371167 ], [ 134.4939575, 7.3370304 ], [ 134.494049100000012, 7.336936 ], [ 134.494278, 7.3368473 ], [ 134.4943237, 7.3368888 ], [ 134.4948273, 7.3368917 ], [ 134.4950409, 7.3369446 ], [ 134.4950714, 7.336925 ], [ 134.494995100000011, 7.3367195 ], [ 134.4948578, 7.3364611 ], [ 134.4948425, 7.3363667 ], [ 134.4948425, 7.3362112 ], [ 134.4950867, 7.3362055 ], [ 134.4950714, 7.3364363 ], [ 134.4951019, 7.3365054 ], [ 134.4952087, 7.3364697 ], [ 134.495391899999987, 7.3363471 ], [ 134.4954529, 7.3361888 ], [ 134.4955139, 7.3361111 ], [ 134.495605500000011, 7.3360252 ], [ 134.4959259, 7.3359222 ], [ 134.496093800000011, 7.3357806 ], [ 134.496215799999987, 7.3357444 ], [ 134.4962769, 7.3356972 ], [ 134.4962006, 7.3355613 ], [ 134.4962616, 7.3355279 ], [ 134.496353199999987, 7.3356609 ], [ 134.496521, 7.3356724 ], [ 134.4965363, 7.3354836 ], [ 134.4965973, 7.3354363 ], [ 134.496704099999988, 7.335422 ], [ 134.496826199999987, 7.3354583 ], [ 134.4969482, 7.3354082 ], [ 134.4970856, 7.3354278 ], [ 134.4974365, 7.3353834 ], [ 134.4975433, 7.3354139 ], [ 134.4978485, 7.3354054 ], [ 134.4979401, 7.335422 ], [ 134.498016400000012, 7.3354669 ], [ 134.4981995, 7.3356805 ], [ 134.4983368, 7.3357444 ], [ 134.4985962, 7.3359056 ], [ 134.4986877, 7.335989 ], [ 134.498733499999986, 7.3360472 ], [ 134.4988251, 7.336061 ], [ 134.4989929, 7.3361888 ], [ 134.499115, 7.3362389 ], [ 134.4991608, 7.3363609 ], [ 134.4993134, 7.33635 ], [ 134.4995575, 7.3363862 ], [ 134.4997711, 7.3363419 ], [ 134.5, 7.3363972 ], [ 134.5000305, 7.3364058 ], [ 134.5001526, 7.3364081 ], [ 134.5002441, 7.3363833 ], [ 134.5002136, 7.3363471 ], [ 134.5002594, 7.3363113 ], [ 134.5003357, 7.3362861 ], [ 134.500473, 7.3362947 ], [ 134.50053410000001, 7.336236 ], [ 134.5005646, 7.3362165 ], [ 134.5005798, 7.3361692 ], [ 134.500671399999987, 7.3360748 ], [ 134.5007477, 7.33605 ], [ 134.50100710000001, 7.3360667 ], [ 134.5011292, 7.33605 ], [ 134.5011292, 7.3359304 ], [ 134.5011902, 7.3358722 ], [ 134.501266500000014, 7.3358526 ], [ 134.5012817, 7.335825 ], [ 134.5013275, 7.3358083 ], [ 134.501373300000012, 7.3358278 ], [ 134.5014343, 7.335772 ], [ 134.5014648, 7.3357 ], [ 134.501648, 7.3356276 ], [ 134.5016937, 7.3355832 ], [ 134.501648, 7.3355308 ], [ 134.501724200000012, 7.3355165 ], [ 134.5016785, 7.3354306 ], [ 134.5015869, 7.3353305 ], [ 134.5015259, 7.3352332 ], [ 134.501617399999986, 7.3351889 ], [ 134.5014038, 7.3347249 ], [ 134.5013123, 7.3347306 ], [ 134.5012817, 7.3346443 ], [ 134.5014496, 7.3345919 ], [ 134.501724200000012, 7.3352137 ], [ 134.5021515, 7.3351111 ], [ 134.502533, 7.3349915 ], [ 134.502716099999986, 7.3349586 ], [ 134.5028534, 7.3349586 ], [ 134.50292970000001, 7.335011 ], [ 134.5029755, 7.3351169 ], [ 134.5034638, 7.3352695 ], [ 134.503570599999989, 7.3353834 ], [ 134.5036316, 7.335525 ], [ 134.5036011, 7.33565 ], [ 134.503555299999988, 7.3357778 ], [ 134.50383, 7.336122 ], [ 134.5039368, 7.3361583 ], [ 134.504028299999987, 7.3362308 ], [ 134.5040894, 7.3363137 ], [ 134.5042267, 7.3363471 ], [ 134.504303, 7.3364029 ], [ 134.504364, 7.3365278 ], [ 134.5044861, 7.336472 ], [ 134.5045929, 7.3364501 ], [ 134.504730200000012, 7.3364554 ], [ 134.50485230000001, 7.3365278 ], [ 134.5048828, 7.3364363 ], [ 134.5049591, 7.3363833 ], [ 134.5051727, 7.3363361 ], [ 134.5054321, 7.336122 ], [ 134.5055389, 7.3360944 ], [ 134.5056763, 7.3360887 ], [ 134.5060425, 7.3360167 ], [ 134.506134, 7.3359056 ], [ 134.5061646, 7.3357501 ], [ 134.5061646, 7.3356195 ], [ 134.5063171, 7.3353057 ], [ 134.5063477, 7.3350697 ], [ 134.5063171, 7.3346195 ], [ 134.5063782, 7.3345194 ], [ 134.5064087, 7.3344002 ], [ 134.506561299999987, 7.3342362 ], [ 134.5066376, 7.3340807 ], [ 134.5063324, 7.3339915 ], [ 134.5061035, 7.3339276 ], [ 134.50546270000001, 7.3338919 ], [ 134.5049744, 7.3339725 ], [ 134.5048065, 7.3340168 ], [ 134.5045624, 7.3344417 ], [ 134.5044708, 7.3349085 ], [ 134.504531899999989, 7.3352418 ], [ 134.5043488, 7.3352332 ], [ 134.504303, 7.3351083 ], [ 134.5040894, 7.3346667 ], [ 134.5038452, 7.334486 ], [ 134.5033569, 7.3342695 ], [ 134.502945, 7.3341084 ], [ 134.502807600000011, 7.3340526 ], [ 134.5024109, 7.3340721 ], [ 134.5018921, 7.3342333 ], [ 134.5007172, 7.3345861 ], [ 134.50053410000001, 7.3348193 ], [ 134.5005951, 7.3350887 ], [ 134.5004425, 7.3352528 ], [ 134.5002594, 7.3353972 ], [ 134.5001373, 7.3353972 ], [ 134.5000305, 7.3352165 ], [ 134.5, 7.3352027 ], [ 134.49943540000001, 7.3349195 ], [ 134.4989166, 7.3345137 ], [ 134.498733499999986, 7.3344498 ], [ 134.498169, 7.3343415 ], [ 134.4976959, 7.3345585 ], [ 134.497345, 7.3343697 ], [ 134.4973297, 7.3343639 ], [ 134.49703980000001, 7.3342972 ], [ 134.496429400000011, 7.3342252 ], [ 134.4962616, 7.3342972 ], [ 134.496048, 7.3343945 ], [ 134.4957886, 7.3344779 ], [ 134.495636, 7.334486 ], [ 134.4954529, 7.3342419 ], [ 134.495391899999987, 7.3338113 ], [ 134.4951019, 7.3332415 ], [ 134.494903599999986, 7.3331251 ], [ 134.4949341, 7.3332582 ], [ 134.494888300000014, 7.333653 ], [ 134.494903599999986, 7.3338943 ], [ 134.494995100000011, 7.334125 ], [ 134.494995100000011, 7.3343334 ], [ 134.4949341, 7.334547 ], [ 134.4949188, 7.334775 ], [ 134.494766199999987, 7.3351002 ], [ 134.4947357, 7.3352165 ], [ 134.4946747, 7.3352556 ], [ 134.4946289, 7.3354168 ], [ 134.4944916, 7.3354082 ], [ 134.4944916, 7.3353362 ], [ 134.4944305, 7.3353 ], [ 134.4943695, 7.3353639 ], [ 134.494278, 7.3353696 ], [ 134.4942474, 7.3352919 ], [ 134.4942474, 7.3351526 ], [ 134.4939575, 7.3350554 ], [ 134.493820199999988, 7.3349609 ], [ 134.4937286, 7.3348613 ], [ 134.4937134, 7.334722 ], [ 134.4937592, 7.3345833 ], [ 134.493835499999989, 7.3344946 ], [ 134.4938965, 7.3343778 ], [ 134.4938507, 7.3339696 ], [ 134.493698099999989, 7.3337612 ], [ 134.4936066, 7.3336887 ], [ 134.4935913, 7.3335805 ], [ 134.4933929, 7.3337278 ], [ 134.4933167, 7.3339 ], [ 134.4933167, 7.3341084 ], [ 134.493103, 7.3342528 ], [ 134.4928131, 7.3346472 ], [ 134.4926605, 7.335 ], [ 134.4929199, 7.3353248 ], [ 134.4930573, 7.3355417 ], [ 134.49272160000001, 7.3357916 ], [ 134.4924011, 7.3358278 ], [ 134.492096, 7.3355584 ], [ 134.492111200000011, 7.335289 ], [ 134.492492700000014, 7.3348832 ], [ 134.4925537, 7.3346224 ], [ 134.4924011, 7.3342972 ], [ 134.492019699999986, 7.3342891 ], [ 134.4919281, 7.3344307 ], [ 134.491775499999989, 7.3351169 ], [ 134.4915924, 7.3356748 ], [ 134.491409299999987, 7.3358111 ], [ 134.4911041, 7.3357554 ], [ 134.4908905, 7.3356223 ], [ 134.4908295, 7.3354583 ], [ 134.4908295, 7.3353138 ], [ 134.490936299999987, 7.3352084 ], [ 134.4907837, 7.3348556 ], [ 134.4905853, 7.3346391 ], [ 134.4902344, 7.3345304 ], [ 134.4901123, 7.334703 ], [ 134.4899902, 7.3348475 ], [ 134.4902802, 7.3351975 ], [ 134.4902954, 7.3354859 ], [ 134.4900208, 7.3360887 ], [ 134.4899445, 7.3365417 ], [ 134.4897461, 7.3366027 ], [ 134.4894104, 7.3364778 ], [ 134.4889679, 7.3360558 ], [ 134.4888611, 7.3360028 ], [ 134.4886932, 7.3358192 ], [ 134.488281300000011, 7.3358917 ], [ 134.4879761, 7.3358998 ], [ 134.487655600000011, 7.3358388 ], [ 134.4874268, 7.3358998 ], [ 134.4873657, 7.3360558 ], [ 134.48732, 7.3364058 ], [ 134.4871216, 7.3364863 ], [ 134.486969, 7.3364058 ], [ 134.486908, 7.3361526 ], [ 134.487182600000011, 7.3359194 ], [ 134.487381, 7.3358026 ], [ 134.4873505, 7.3356471 ], [ 134.4873962, 7.3355918 ], [ 134.487381, 7.3354836 ], [ 134.48732, 7.3353944 ], [ 134.4872894, 7.3353806 ], [ 134.48732, 7.3353138 ], [ 134.4872589, 7.3352165 ], [ 134.4870606, 7.335125 ], [ 134.486984299999989, 7.3349361 ], [ 134.4870606, 7.3346109 ], [ 134.4871216, 7.334547 ], [ 134.4871063, 7.3343248 ], [ 134.4870453, 7.3341613 ], [ 134.4869232, 7.3341498 ], [ 134.486908, 7.3340974 ], [ 134.486618, 7.3340807 ], [ 134.4863129, 7.3338919 ], [ 134.485992399999986, 7.3338361 ], [ 134.485626200000013, 7.3339725 ], [ 134.48526, 7.3343334 ], [ 134.4849548, 7.334414 ], [ 134.484726, 7.3343139 ], [ 134.4844055, 7.3339725 ], [ 134.4838867, 7.3333945 ], [ 134.4836731, 7.3330526 ], [ 134.483825700000011, 7.332675 ], [ 134.4837341, 7.3325472 ], [ 134.483703600000013, 7.3326278 ], [ 134.483596799999987, 7.3327389 ], [ 134.4835205, 7.3328805 ], [ 134.4834595, 7.3329749 ], [ 134.4834595, 7.3330445 ], [ 134.4833832, 7.3330998 ], [ 134.4832001, 7.3330221 ], [ 134.483123799999987, 7.3328166 ], [ 134.483123799999987, 7.3326693 ], [ 134.483230600000013, 7.332489 ], [ 134.483245899999986, 7.3323112 ], [ 134.4832764, 7.3322749 ], [ 134.483352700000012, 7.3322363 ], [ 134.4833984, 7.3321586 ], [ 134.4833984, 7.3320556 ], [ 134.4833679, 7.3319888 ], [ 134.4833832, 7.331914 ], [ 134.483581500000014, 7.3316917 ], [ 134.484085099999987, 7.3313613 ], [ 134.4842835, 7.3311667 ], [ 134.484375, 7.3310556 ], [ 134.4844971, 7.331028 ], [ 134.484573399999988, 7.3310752 ], [ 134.4846039, 7.3312335 ], [ 134.4846039, 7.3314056 ], [ 134.4845886, 7.3315334 ], [ 134.4845429, 7.3316474 ], [ 134.484558099999987, 7.331728 ], [ 134.4848633, 7.331728 ], [ 134.4850006, 7.3319526 ], [ 134.4850769, 7.332089 ], [ 134.485153200000013, 7.3321109 ], [ 134.485153200000013, 7.3319974 ], [ 134.485199, 7.3318834 ], [ 134.485397299999988, 7.3316169 ], [ 134.4854431, 7.3313947 ], [ 134.4855652, 7.3309946 ], [ 134.4857025, 7.3308916 ], [ 134.4857941, 7.3307419 ], [ 134.485885599999989, 7.3302555 ], [ 134.4859161, 7.3301806 ], [ 134.4859009, 7.3300724 ], [ 134.4857788, 7.3300223 ], [ 134.485672, 7.3299251 ], [ 134.4855804, 7.3297916 ], [ 134.485534699999988, 7.3296418 ], [ 134.4855042, 7.3294749 ], [ 134.485534699999988, 7.3293695 ], [ 134.4856567, 7.3292112 ], [ 134.4857941, 7.3291111 ], [ 134.4859467, 7.329061 ], [ 134.486236600000012, 7.3290167 ], [ 134.4863892, 7.3290582 ], [ 134.486480699999987, 7.3291249 ], [ 134.486480699999987, 7.329247 ], [ 134.4865112, 7.3293891 ], [ 134.486587500000013, 7.3294916 ], [ 134.486694300000011, 7.3295918 ], [ 134.4868164, 7.33005 ], [ 134.4868164, 7.3302054 ], [ 134.4868012, 7.3302918 ], [ 134.486846899999989, 7.3304057 ], [ 134.4868622, 7.3305306 ], [ 134.48683170000001, 7.3306165 ], [ 134.4867859, 7.3306751 ], [ 134.4866333, 7.3307638 ], [ 134.486618, 7.330853 ], [ 134.486587500000013, 7.3309417 ], [ 134.486587500000013, 7.3311582 ], [ 134.4866486, 7.3312359 ], [ 134.486618, 7.3313584 ], [ 134.486602799999986, 7.3315029 ], [ 134.486618, 7.3316221 ], [ 134.4865723, 7.3317418 ], [ 134.4865265, 7.3319197 ], [ 134.4864044, 7.3323751 ], [ 134.4864655, 7.332386 ], [ 134.4866791, 7.3322139 ], [ 134.4868164, 7.3316641 ], [ 134.486908, 7.331286 ], [ 134.4871368, 7.3312335 ], [ 134.4872437, 7.3313584 ], [ 134.4873962, 7.3315749 ], [ 134.487548800000013, 7.331872 ], [ 134.4876099, 7.3317332 ], [ 134.4876099, 7.3314223 ], [ 134.4873505, 7.3311057 ], [ 134.4872131, 7.3309946 ], [ 134.4871368, 7.3309584 ], [ 134.487091099999986, 7.3308859 ], [ 134.4868774, 7.3307362 ], [ 134.4869232, 7.3306251 ], [ 134.486984299999989, 7.3305445 ], [ 134.4871521, 7.3304334 ], [ 134.4875336, 7.3304863 ], [ 134.4876404, 7.3305278 ], [ 134.487670900000012, 7.3305416 ], [ 134.4876099, 7.330328 ], [ 134.4872894, 7.3300166 ], [ 134.4870606, 7.3296557 ], [ 134.486953699999987, 7.3293667 ], [ 134.486846899999989, 7.3291278 ], [ 134.4869232, 7.3290029 ], [ 134.4870606, 7.3289723 ], [ 134.4871063, 7.3288002 ], [ 134.48703, 7.3287916 ], [ 134.486984299999989, 7.328764 ], [ 134.4869385, 7.3286777 ], [ 134.486724900000013, 7.328661 ], [ 134.4866486, 7.3285804 ], [ 134.486602799999986, 7.3284307 ], [ 134.486602799999986, 7.3282776 ], [ 134.4864197, 7.3283806 ], [ 134.48634340000001, 7.3285999 ], [ 134.486145, 7.3285279 ], [ 134.48538210000001, 7.328578 ], [ 134.4851074, 7.3287334 ], [ 134.48477170000001, 7.3288584 ], [ 134.4844208, 7.3289194 ], [ 134.4842529, 7.3289113 ], [ 134.483963, 7.3288169 ], [ 134.4838715, 7.3286915 ], [ 134.4838409, 7.328403 ], [ 134.4838409, 7.3283415 ], [ 134.4836426, 7.328228 ], [ 134.483703600000013, 7.3280721 ], [ 134.4839325, 7.3280306 ], [ 134.4841003, 7.3280387 ], [ 134.4842835, 7.3279362 ], [ 134.4844666, 7.3277917 ], [ 134.4844055, 7.3276558 ], [ 134.484314, 7.3277192 ], [ 134.484207199999986, 7.3276415 ], [ 134.4841156, 7.3275304 ], [ 134.4840393, 7.327364 ], [ 134.4840241, 7.327178 ], [ 134.4839172, 7.3271279 ], [ 134.4838867, 7.3269668 ], [ 134.483902, 7.3268194 ], [ 134.4840393, 7.3267169 ], [ 134.4842224, 7.3264999 ], [ 134.4844208, 7.3263388 ], [ 134.4845276, 7.3262334 ], [ 134.4842835, 7.3260307 ], [ 134.484191900000013, 7.3259888 ], [ 134.4838715, 7.3259387 ], [ 134.4836273, 7.325922 ], [ 134.4836426, 7.3259668 ], [ 134.4836884, 7.3260694 ], [ 134.4836426, 7.3261724 ], [ 134.4836578, 7.3263335 ], [ 134.4837341, 7.3266387 ], [ 134.4836731, 7.3267112 ], [ 134.4835053, 7.3267222 ], [ 134.4830933, 7.3266082 ], [ 134.4827881, 7.3263335 ], [ 134.4826813, 7.3262553 ], [ 134.4825897, 7.3262501 ], [ 134.4823303, 7.3264861 ], [ 134.4822388, 7.3266692 ], [ 134.4820709, 7.3268557 ], [ 134.4819794, 7.3268919 ], [ 134.48188780000001, 7.3267613 ], [ 134.481842, 7.326653 ], [ 134.4817658, 7.3266277 ], [ 134.4815064, 7.3266888 ], [ 134.4813385, 7.3267694 ], [ 134.481201199999987, 7.3268638 ], [ 134.4812317, 7.327064 ], [ 134.4811707, 7.3270946 ], [ 134.4811096, 7.3270888 ], [ 134.4810333, 7.3270054 ], [ 134.4810181, 7.3269081 ], [ 134.48092650000001, 7.3268528 ], [ 134.4808502, 7.3267417 ], [ 134.480896, 7.3263888 ], [ 134.4810486, 7.3260946 ], [ 134.481063799999987, 7.3259721 ], [ 134.4811401, 7.3259139 ], [ 134.4812164, 7.3258667 ], [ 134.4813843, 7.3257165 ], [ 134.481903100000011, 7.3257165 ], [ 134.482132, 7.3255529 ], [ 134.4821777, 7.3254361 ], [ 134.482193, 7.3253641 ], [ 134.482269300000013, 7.3252945 ], [ 134.4823608, 7.3252611 ], [ 134.4824066, 7.3253055 ], [ 134.4825745, 7.3253002 ], [ 134.4827271, 7.3252721 ], [ 134.4830475, 7.3254027 ], [ 134.483245899999986, 7.3254418 ], [ 134.4832764, 7.3253164 ], [ 134.4829712, 7.325161 ], [ 134.4827728, 7.3249445 ], [ 134.4826813, 7.3245387 ], [ 134.482544, 7.3243194 ], [ 134.4823303, 7.3240638 ], [ 134.4818726, 7.3236694 ], [ 134.481552099999988, 7.3236084 ], [ 134.4811249, 7.3232861 ], [ 134.480804400000011, 7.3230696 ], [ 134.480423, 7.3229361 ], [ 134.4799652, 7.3229556 ], [ 134.4798279, 7.3230166 ], [ 134.4797821, 7.3232446 ], [ 134.4796143, 7.3233275 ], [ 134.479385400000012, 7.3236194 ], [ 134.4792938, 7.3237944 ], [ 134.4789734, 7.32405 ], [ 134.4788055, 7.3240442 ], [ 134.4784546, 7.3242083 ], [ 134.478241, 7.3244581 ], [ 134.4781494, 7.3247666 ], [ 134.47789, 7.324872 ], [ 134.4773865, 7.3249664 ], [ 134.477111799999989, 7.3250303 ], [ 134.4770355, 7.325047 ], [ 134.4770203, 7.3252029 ], [ 134.4770813, 7.3253641 ], [ 134.4771729, 7.3255973 ], [ 134.477417, 7.3260307 ], [ 134.477462800000012, 7.3264251 ], [ 134.477356, 7.3267779 ], [ 134.4771271, 7.3269415 ], [ 134.4768982, 7.3269415 ], [ 134.4768372, 7.3267665 ], [ 134.4766541, 7.3265166 ], [ 134.4762878, 7.3263416 ], [ 134.4761047, 7.3264027 ], [ 134.475906400000014, 7.3265085 ], [ 134.4758606, 7.3268194 ], [ 134.4762878, 7.3271279 ], [ 134.4763184, 7.3274083 ], [ 134.47613530000001, 7.3275752 ], [ 134.4758759, 7.3275418 ], [ 134.475662199999988, 7.3275223 ], [ 134.4754486, 7.3276167 ], [ 134.4753265, 7.3276167 ], [ 134.4751129, 7.3273249 ], [ 134.4747925, 7.3271084 ], [ 134.474456800000013, 7.3272419 ], [ 134.4740448, 7.3273363 ], [ 134.4737854, 7.3276887 ], [ 134.4738159, 7.3280306 ], [ 134.473938, 7.3287334 ], [ 134.47407530000001, 7.3290138 ], [ 134.473983800000013, 7.3292308 ], [ 134.473754899999989, 7.3294807 ], [ 134.473526, 7.3294807 ], [ 134.473281899999989, 7.3294859 ], [ 134.4731903, 7.3296557 ], [ 134.4730835, 7.3298197 ], [ 134.473053, 7.329864 ], [ 134.473129300000011, 7.3300085 ], [ 134.473053, 7.3301001 ], [ 134.4729614, 7.3301001 ], [ 134.4727478, 7.330411 ], [ 134.4728699, 7.3306279 ], [ 134.4727631, 7.3308058 ], [ 134.472427399999987, 7.3308973 ], [ 134.472168, 7.3308973 ], [ 134.472030600000011, 7.3308058 ], [ 134.4718781, 7.330586 ], [ 134.471756, 7.3304224 ], [ 134.4716339, 7.3304334 ], [ 134.471328699999987, 7.3305974 ], [ 134.4713135, 7.3310027 ], [ 134.4714356, 7.3312807 ], [ 134.471572900000012, 7.3315806 ], [ 134.4717407, 7.3317056 ], [ 134.4716644, 7.331986 ], [ 134.471557600000011, 7.3322029 ], [ 134.470977799999986, 7.3325748 ], [ 134.470596300000011, 7.3329887 ], [ 134.4702148, 7.3334861 ], [ 134.4700928, 7.3336639 ], [ 134.470001200000013, 7.3339529 ], [ 134.4697266, 7.3340974 ], [ 134.4694672, 7.3343887 ], [ 134.469101, 7.3347197 ], [ 134.4689179, 7.3349166 ], [ 134.468826299999989, 7.3351336 ], [ 134.468566900000013, 7.335361 ], [ 134.46832280000001, 7.3355165 ], [ 134.4681397, 7.3357081 ], [ 134.4679108, 7.3359447 ], [ 134.467971799999987, 7.3361583 ], [ 134.4679108, 7.3363471 ], [ 134.4678803, 7.3365388 ], [ 134.467865, 7.3366027 ], [ 134.4676819, 7.3366303 ], [ 134.467514, 7.336997 ], [ 134.467117300000012, 7.3373613 ], [ 134.4668579, 7.3372555 ], [ 134.4666901, 7.3373332 ], [ 134.4665985, 7.3375554 ], [ 134.466537499999987, 7.3376474 ], [ 134.466415399999988, 7.3376555 ], [ 134.46626280000001, 7.3374972 ], [ 134.4660034, 7.3374138 ], [ 134.4658508, 7.3375249 ], [ 134.4656982, 7.338047 ], [ 134.46578980000001, 7.3381639 ], [ 134.465805100000011, 7.3381167 ], [ 134.4658661, 7.3379946 ], [ 134.466507, 7.3382974 ], [ 134.4665833, 7.3383474 ], [ 134.4668427, 7.3384471 ], [ 134.4669342, 7.3381667 ], [ 134.4669495, 7.3381028 ], [ 134.4668732, 7.3379169 ], [ 134.4669342, 7.3378444 ], [ 134.4671021, 7.3378196 ], [ 134.4671936, 7.3380332 ], [ 134.46722410000001, 7.3382778 ], [ 134.4675751, 7.3383474 ], [ 134.4676361, 7.3381529 ], [ 134.467956500000014, 7.3374333 ], [ 134.4684296, 7.3363695 ], [ 134.468566900000013, 7.3361168 ], [ 134.46875, 7.3359332 ], [ 134.4689026, 7.3360944 ], [ 134.469223, 7.3363724 ], [ 134.4693451, 7.3362861 ], [ 134.4693909, 7.3363333 ], [ 134.4693451, 7.3363915 ], [ 134.4693146, 7.3364415 ], [ 134.46928410000001, 7.3365307 ], [ 134.4693604, 7.3365917 ], [ 134.4696808, 7.3365889 ], [ 134.469787599999989, 7.3365474 ], [ 134.4698792, 7.3364472 ], [ 134.4700623, 7.3359776 ], [ 134.4700928, 7.3358946 ], [ 134.470047, 7.3358779 ], [ 134.4699707, 7.3358831 ], [ 134.4698334, 7.3358526 ], [ 134.4697113, 7.3358002 ], [ 134.4697113, 7.3356972 ], [ 134.46975710000001, 7.3356419 ], [ 134.4698486, 7.3356419 ], [ 134.469986, 7.3357554 ], [ 134.470108, 7.3357639 ], [ 134.470138600000013, 7.3356609 ], [ 134.4702148, 7.3355918 ], [ 134.4702759, 7.3355918 ], [ 134.470260599999989, 7.3357277 ], [ 134.4701996, 7.3358889 ], [ 134.4700775, 7.3361306 ], [ 134.4699554, 7.3365002 ], [ 134.4700317, 7.3365612 ], [ 134.4699554, 7.3367086 ], [ 134.4698639, 7.3366752 ], [ 134.469787599999989, 7.3367529 ], [ 134.469772299999988, 7.3368306 ], [ 134.4698029, 7.3369222 ], [ 134.4698334, 7.3369947 ], [ 134.4698334, 7.3370943 ], [ 134.469894399999987, 7.3371387 ], [ 134.4698486, 7.3371916 ], [ 134.469787599999989, 7.3371501 ], [ 134.4697266, 7.3372779 ], [ 134.4698639, 7.3374109 ], [ 134.469894399999987, 7.3374276 ], [ 134.470047, 7.3375335 ], [ 134.4700775, 7.3375168 ], [ 134.470108, 7.3374806 ], [ 134.4701691, 7.337461 ], [ 134.4701843, 7.337461 ], [ 134.47024540000001, 7.3374138 ], [ 134.4702911, 7.3374109 ], [ 134.4702911, 7.3374915 ], [ 134.470260599999989, 7.3375111 ], [ 134.4702301, 7.3375473 ], [ 134.4702301, 7.337575 ], [ 134.4703064, 7.3375778 ], [ 134.470382699999988, 7.3375778 ], [ 134.470382699999988, 7.3373666 ], [ 134.4703064, 7.3372641 ], [ 134.4703369, 7.337172 ], [ 134.4705658, 7.3370752 ], [ 134.4707794, 7.3370752 ], [ 134.470993, 7.3368888 ], [ 134.471328699999987, 7.3367639 ], [ 134.4715118, 7.3366613 ], [ 134.4719849, 7.3364167 ], [ 134.4721985, 7.335989 ], [ 134.4723663, 7.3358417 ], [ 134.472656300000011, 7.3357835 ], [ 134.472702, 7.3356748 ], [ 134.4723816, 7.3350501 ], [ 134.4727631, 7.3348861 ], [ 134.472656300000011, 7.3346529 ], [ 134.4727631, 7.334589 ], [ 134.4730988, 7.335247 ], [ 134.473144499999989, 7.3349471 ], [ 134.473144499999989, 7.3346224 ], [ 134.4731751, 7.3344889 ], [ 134.473373400000014, 7.3345637 ], [ 134.4734345, 7.3344026 ], [ 134.473617600000011, 7.3341584 ], [ 134.4736328, 7.3339109 ], [ 134.4737244, 7.3336721 ], [ 134.4739227, 7.333375 ], [ 134.473983800000013, 7.3331637 ], [ 134.4741821, 7.3330526 ], [ 134.474334700000014, 7.3328137 ], [ 134.4744873, 7.3323751 ], [ 134.474884, 7.3316641 ], [ 134.4750977, 7.3313499 ], [ 134.475524900000011, 7.3305359 ], [ 134.475891100000013, 7.3300443 ], [ 134.4762116, 7.3297696 ], [ 134.4762421, 7.3296084 ], [ 134.4764252, 7.329411 ], [ 134.4766541, 7.3293166 ], [ 134.4768066, 7.3291669 ], [ 134.4770203, 7.3290834 ], [ 134.4775543, 7.3291082 ], [ 134.4779968, 7.3290391 ], [ 134.478408800000011, 7.3293166 ], [ 134.4785919, 7.3295889 ], [ 134.4786224, 7.3297668 ], [ 134.4786224, 7.329886 ], [ 134.47853090000001, 7.3299308 ], [ 134.4784699, 7.3298831 ], [ 134.478363, 7.3299112 ], [ 134.4783783, 7.3301082 ] ], [ [ 134.4801788, 7.3282695 ], [ 134.4802704, 7.3283916 ], [ 134.4802704, 7.3285141 ], [ 134.4802094, 7.3286419 ], [ 134.4801483, 7.3287196 ], [ 134.4801941, 7.3288527 ], [ 134.4803009, 7.3290138 ], [ 134.480590799999987, 7.3293085 ], [ 134.480728199999987, 7.3295527 ], [ 134.4807892, 7.329803 ], [ 134.4808502, 7.329978 ], [ 134.4810333, 7.3301058 ], [ 134.4812622, 7.3301058 ], [ 134.481674199999986, 7.3300419 ], [ 134.4819489, 7.3300138 ], [ 134.4821167, 7.3299556 ], [ 134.4821014, 7.3298168 ], [ 134.4819641, 7.3296695 ], [ 134.4818115, 7.3295474 ], [ 134.4815216, 7.3291221 ], [ 134.481292700000012, 7.3285723 ], [ 134.481247, 7.3283029 ], [ 134.4812317, 7.3280778 ], [ 134.4811096, 7.3277831 ], [ 134.481094399999989, 7.3275638 ], [ 134.4809876, 7.3273387 ], [ 134.4809113, 7.3271527 ], [ 134.4807892, 7.3270388 ], [ 134.480728199999987, 7.3270888 ], [ 134.480590799999987, 7.3273807 ], [ 134.4805603, 7.3275251 ], [ 134.4804993, 7.3276529 ], [ 134.4803925, 7.3277555 ], [ 134.4801788, 7.3282695 ] ], [ [ 134.4832764, 7.3337193 ], [ 134.4831696, 7.3338223 ], [ 134.483139, 7.333961 ], [ 134.4830933, 7.3343058 ], [ 134.4830933, 7.3343864 ], [ 134.4833832, 7.3346696 ], [ 134.483596799999987, 7.3348556 ], [ 134.483703600000013, 7.3349609 ], [ 134.4837494, 7.3352556 ], [ 134.4838715, 7.3354836 ], [ 134.48394780000001, 7.3355999 ], [ 134.4841614, 7.3358278 ], [ 134.4842377, 7.3358445 ], [ 134.4843292, 7.3357973 ], [ 134.4843903, 7.3357196 ], [ 134.484436, 7.3355193 ], [ 134.4844818, 7.3353863 ], [ 134.4844971, 7.3351693 ], [ 134.484375, 7.3347859 ], [ 134.4842835, 7.334589 ], [ 134.4841156, 7.3342972 ], [ 134.4840393, 7.3342419 ], [ 134.4839325, 7.3342085 ], [ 134.4838562, 7.3341332 ], [ 134.483703600000013, 7.3340836 ], [ 134.4836426, 7.3340416 ], [ 134.483612099999988, 7.3339529 ], [ 134.4835358, 7.3339472 ], [ 134.483474699999988, 7.3338084 ], [ 134.4833984, 7.3337026 ], [ 134.4832764, 7.3337193 ] ], [ [ 134.484451299999989, 7.3295999 ], [ 134.4843445, 7.3296361 ], [ 134.484298700000011, 7.3296971 ], [ 134.4842529, 7.3299527 ], [ 134.484207199999986, 7.3300557 ], [ 134.4841156, 7.3300972 ], [ 134.483963, 7.3301387 ], [ 134.48381040000001, 7.3302054 ], [ 134.483718900000014, 7.3302889 ], [ 134.483703600000013, 7.3303804 ], [ 134.4837952, 7.3304749 ], [ 134.4840241, 7.330586 ], [ 134.4842835, 7.3305721 ], [ 134.484436, 7.3305807 ], [ 134.4846039, 7.3306332 ], [ 134.4847412, 7.3306055 ], [ 134.4849548, 7.3304558 ], [ 134.485168499999986, 7.3302808 ], [ 134.4852142, 7.3302002 ], [ 134.4852295, 7.330111 ], [ 134.485275300000012, 7.3300138 ], [ 134.485275300000012, 7.3299527 ], [ 134.485199, 7.3299027 ], [ 134.4850922, 7.3298693 ], [ 134.48490910000001, 7.3296919 ], [ 134.48477170000001, 7.3296137 ], [ 134.4846191, 7.3295751 ], [ 134.484451299999989, 7.3295999 ] ], [ [ 134.480423, 7.330575 ], [ 134.480423, 7.3306446 ], [ 134.4803772, 7.330678 ], [ 134.480346700000013, 7.330864 ], [ 134.480239899999987, 7.3308778 ], [ 134.4801788, 7.3309445 ], [ 134.4801941, 7.3310919 ], [ 134.4801636, 7.331161 ], [ 134.4802094, 7.3313193 ], [ 134.4802856, 7.3313861 ], [ 134.4803619, 7.3315196 ], [ 134.480423, 7.331697 ], [ 134.4805145, 7.3318415 ], [ 134.4806519, 7.3319335 ], [ 134.480804400000011, 7.3319778 ], [ 134.480941800000011, 7.331986 ], [ 134.4810333, 7.3320251 ], [ 134.481079099999988, 7.332047 ], [ 134.481185900000014, 7.3321443 ], [ 134.481292700000012, 7.3321915 ], [ 134.4813843, 7.3322196 ], [ 134.4814453, 7.3321724 ], [ 134.4814606, 7.3320832 ], [ 134.481430100000011, 7.3320026 ], [ 134.4813385, 7.3319445 ], [ 134.481308, 7.3318777 ], [ 134.481308, 7.3318138 ], [ 134.4812317, 7.3317471 ], [ 134.4811707, 7.3316555 ], [ 134.481185900000014, 7.3315749 ], [ 134.4811401, 7.331511 ], [ 134.481063799999987, 7.3315306 ], [ 134.4810181, 7.3314748 ], [ 134.480957, 7.3313665 ], [ 134.480957, 7.331264 ], [ 134.4808502, 7.3310971 ], [ 134.4807739, 7.3309026 ], [ 134.4806671, 7.3307252 ], [ 134.4806366, 7.3306193 ], [ 134.4805603, 7.3305721 ], [ 134.480423, 7.330575 ] ], [ [ 134.4853058, 7.3398166 ], [ 134.4854279, 7.3398557 ], [ 134.4855652, 7.3398471 ], [ 134.4857025, 7.3397641 ], [ 134.4857788, 7.3396692 ], [ 134.4858398, 7.3395362 ], [ 134.48587040000001, 7.3393555 ], [ 134.4858398, 7.3390527 ], [ 134.4858551, 7.338975 ], [ 134.485748300000012, 7.3386307 ], [ 134.485672, 7.3385415 ], [ 134.4855499, 7.3384752 ], [ 134.4854736, 7.3384585 ], [ 134.4854279, 7.3384056 ], [ 134.485321, 7.3384113 ], [ 134.4852448, 7.3384914 ], [ 134.485168499999986, 7.3386002 ], [ 134.485153200000013, 7.3389363 ], [ 134.485168499999986, 7.3391252 ], [ 134.4852448, 7.3394613 ], [ 134.4852295, 7.3396111 ], [ 134.48526, 7.339736 ], [ 134.4853058, 7.3398166 ] ], [ [ 134.4858093, 7.3385472 ], [ 134.4858093, 7.3386807 ], [ 134.4858551, 7.338747 ], [ 134.4859161, 7.3387861 ], [ 134.486007699999988, 7.3388166 ], [ 134.486099200000012, 7.3388195 ], [ 134.4865265, 7.3386002 ], [ 134.486618, 7.3384891 ], [ 134.4866638, 7.338336 ], [ 134.486709600000012, 7.3381529 ], [ 134.4866791, 7.3380165 ], [ 134.4864655, 7.33775 ], [ 134.4863129, 7.3376527 ], [ 134.4862061, 7.3376527 ], [ 134.486114500000014, 7.337697 ], [ 134.4860687, 7.3377557 ], [ 134.4859009, 7.3378029 ], [ 134.4859161, 7.3379445 ], [ 134.48587040000001, 7.3380528 ], [ 134.48587040000001, 7.338275 ], [ 134.4858093, 7.3385472 ] ], [ [ 134.485885599999989, 7.3344889 ], [ 134.48587040000001, 7.3349776 ], [ 134.4859009, 7.335114 ], [ 134.4859009, 7.3351693 ], [ 134.485992399999986, 7.3352222 ], [ 134.486084, 7.3352056 ], [ 134.4862824, 7.3350806 ], [ 134.4863892, 7.3350501 ], [ 134.4864349, 7.3349667 ], [ 134.486557, 7.3348279 ], [ 134.4866486, 7.3346973 ], [ 134.4866486, 7.3345919 ], [ 134.486602799999986, 7.3344975 ], [ 134.4865265, 7.3344193 ], [ 134.4864502, 7.3343806 ], [ 134.4863892, 7.3343082 ], [ 134.4863129, 7.3343058 ], [ 134.4862061, 7.3342252 ], [ 134.486114500000014, 7.3342252 ], [ 134.486023, 7.3342862 ], [ 134.4859161, 7.3343167 ], [ 134.485885599999989, 7.3344889 ] ], [ [ 134.495849600000014, 7.3347364 ], [ 134.4958038, 7.3347364 ], [ 134.4958038, 7.3347888 ], [ 134.4958191, 7.3348222 ], [ 134.4959259, 7.3350916 ], [ 134.4959106, 7.3351584 ], [ 134.4959106, 7.3352165 ], [ 134.4960175, 7.3352943 ], [ 134.496109, 7.3354583 ], [ 134.496215799999987, 7.3354082 ], [ 134.496109, 7.3351779 ], [ 134.4959106, 7.3348112 ], [ 134.495849600000014, 7.3347364 ] ], [ [ 134.482055699999989, 7.3309641 ], [ 134.4819489, 7.3310056 ], [ 134.481903100000011, 7.3310609 ], [ 134.4819183, 7.3311391 ], [ 134.4819489, 7.331214 ], [ 134.4820099, 7.3312473 ], [ 134.482269300000013, 7.331111 ], [ 134.482284600000014, 7.331028 ], [ 134.4822235, 7.3309584 ], [ 134.482147200000014, 7.3309388 ], [ 134.482055699999989, 7.3309641 ] ], [ [ 134.4907379, 7.3362112 ], [ 134.4907227, 7.3362722 ], [ 134.4907532, 7.3363166 ], [ 134.4908295, 7.3363419 ], [ 134.4908905, 7.3363252 ], [ 134.490921, 7.3363166 ], [ 134.4909821, 7.3362279 ], [ 134.4909668, 7.3361197 ], [ 134.4908295, 7.3360724 ], [ 134.4907379, 7.3362112 ] ], [ [ 134.4869995, 7.3373613 ], [ 134.486969, 7.3373804 ], [ 134.486953699999987, 7.3374696 ], [ 134.4870148, 7.337503 ], [ 134.4871216, 7.3374915 ], [ 134.4871368, 7.3374581 ], [ 134.4871368, 7.3373804 ], [ 134.487091099999986, 7.3373389 ], [ 134.4869995, 7.3373613 ] ] ] } },
{ "type": "Feature", "properties": { "RCID": 7037, "PRIM": 3, "GRUP": 2, "OBJL": 121, "RVER": 1, "AGEN": 550, "FIDN": 53864853, "FIDS": 9, "LNAM": "02260335E9950009", "LNAM_REFS": null, "FFPT_RIND": null, "COLOUR": null, "NATQUA": null, "NATSUR": [ "9" ], "WATLEV": 4.0, "OBJNAM": null, "NOBJNM": null, "INFORM": null, "NINFOM": null, "NTXTDS": null, "SCAMAX": null, "SCAMIN": 29999, "TXTDSC": null, "RECDAT": null, "RECIND": null, "SORDAT": "20150206", "SORIND": "US,US,reprt,L-246-2015", "_enc_cell": "US4TB3P0" }, "geometry": { "type": "Polygon", "coordinates": [ [ [ 134.522049, 7.341589 ], [ 134.5218658, 7.3415389 ], [ 134.521591199999989, 7.3415752 ], [ 134.5213776, 7.341814 ], [ 134.5213776, 7.3421831 ], [ 134.5214844, 7.342361 ], [ 134.521713299999988, 7.3425055 ], [ 134.5218811, 7.342936 ], [ 134.5218658, 7.3432832 ], [ 134.52211, 7.343472 ], [ 134.5225983, 7.3436637 ], [ 134.5226898, 7.3436027 ], [ 134.5229797, 7.3433776 ], [ 134.52301030000001, 7.3432584 ], [ 134.522888200000011, 7.3426251 ], [ 134.522644, 7.3419695 ], [ 134.5222626, 7.3416443 ], [ 134.522049, 7.341589 ] ] ] } },
{ "type": "Feature", "properties": { "RCID": 7038, "PRIM": 3, "GRUP": 2, "OBJL": 121, "RVER": 1, "AGEN": 550, "FIDN": 495919715, "FIDS": 9, "LNAM": "02261D8F22630009", "LNAM_REFS": null, "FFPT_RIND": null, "COLOUR": null, "NATQUA": null, "NATSUR": [ "9" ], "WATLEV": 4.0, "OBJNAM": null, "NOBJNM": null, "INFORM": null, "NINFOM": null, "NTXTDS": null, "SCAMAX": null, "SCAMIN": 29999, "TXTDSC": null, "RECDAT": null, "RECIND": null, "SORDAT": "20150206", "SORIND": "US,US,reprt,L-246-2015", "_enc_cell": "US4TB3P0" }, "geometry": { "type": "Polygon", "coordinates": [ [ [ 134.4975586, 7.3558054 ], [ 134.497467, 7.3558831 ], [ 134.4975891, 7.3561583 ], [ 134.4981995, 7.3571277 ], [ 134.4984436, 7.357111 ], [ 134.4985199, 7.3570919 ], [ 134.4985657, 7.3571081 ], [ 134.4985962, 7.357214 ], [ 134.4986877, 7.3572416 ], [ 134.498764, 7.3573141 ], [ 134.4988098, 7.3574166 ], [ 134.4988861, 7.3574805 ], [ 134.4989166, 7.3575859 ], [ 134.4989319, 7.3577056 ], [ 134.4989929, 7.3578696 ], [ 134.4989929, 7.357986 ], [ 134.4988861, 7.3581581 ], [ 134.4989014, 7.358222 ], [ 134.499221799999987, 7.3587418 ], [ 134.49943540000001, 7.3590307 ], [ 134.499694799999986, 7.3592806 ], [ 134.499832199999986, 7.359211 ], [ 134.499923700000011, 7.359128 ], [ 134.5, 7.3589692 ], [ 134.5000153, 7.3589277 ], [ 134.5003204, 7.3586526 ], [ 134.500427300000013, 7.3584776 ], [ 134.5005951, 7.3582888 ], [ 134.500656099999986, 7.3582945 ], [ 134.5007019, 7.3583279 ], [ 134.5007172, 7.357861 ], [ 134.5008392, 7.3578196 ], [ 134.5010834, 7.357964 ], [ 134.5013428, 7.358078 ], [ 134.501648, 7.3579917 ], [ 134.501739500000014, 7.3578863 ], [ 134.5019074, 7.3575749 ], [ 134.5022583, 7.3574724 ], [ 134.502471899999989, 7.3570972 ], [ 134.5026245, 7.3569641 ], [ 134.5027924, 7.3568277 ], [ 134.503280600000011, 7.3565416 ], [ 134.5036316, 7.3564749 ], [ 134.503784200000013, 7.3565474 ], [ 134.503784200000013, 7.3567638 ], [ 134.5038147, 7.3570304 ], [ 134.503952, 7.3572278 ], [ 134.504379300000011, 7.3575692 ], [ 134.5048828, 7.3579445 ], [ 134.505111699999986, 7.3583221 ], [ 134.505096400000014, 7.3583446 ], [ 134.5050201, 7.3584638 ], [ 134.5050659, 7.3586278 ], [ 134.505096400000014, 7.3585944 ], [ 134.5051575, 7.358572 ], [ 134.5051575, 7.3585944 ], [ 134.5051422, 7.3586335 ], [ 134.505096400000014, 7.3587027 ], [ 134.505111699999986, 7.3587694 ], [ 134.5051575, 7.3588581 ], [ 134.5052948, 7.3588557 ], [ 134.5053711, 7.3588529 ], [ 134.5055389, 7.3586669 ], [ 134.5055542, 7.3585334 ], [ 134.5055695, 7.3583331 ], [ 134.505661, 7.3582554 ], [ 134.50581360000001, 7.3582139 ], [ 134.505966199999989, 7.3581724 ], [ 134.506012, 7.3580833 ], [ 134.5060425, 7.3579278 ], [ 134.506073, 7.3577776 ], [ 134.5062561, 7.3576779 ], [ 134.5064087, 7.3575859 ], [ 134.5065002, 7.3574443 ], [ 134.5068359, 7.3569722 ], [ 134.5071106, 7.3566141 ], [ 134.5071106, 7.3565168 ], [ 134.5071259, 7.356411 ], [ 134.507507299999986, 7.3559389 ], [ 134.507644699999986, 7.3556805 ], [ 134.507782, 7.3555389 ], [ 134.507888799999989, 7.3554668 ], [ 134.5080566, 7.3553581 ], [ 134.5081635, 7.3551917 ], [ 134.5085297, 7.3546777 ], [ 134.508667, 7.3542194 ], [ 134.5090485, 7.3535914 ], [ 134.509491, 7.352911 ], [ 134.5097046, 7.3524447 ], [ 134.509903, 7.3520193 ], [ 134.5099793, 7.3518224 ], [ 134.5100555, 7.3515887 ], [ 134.5104828, 7.3509083 ], [ 134.51074220000001, 7.3505998 ], [ 134.5109253, 7.3504334 ], [ 134.511261, 7.3501334 ], [ 134.5113068, 7.3497748 ], [ 134.511245699999989, 7.3497086 ], [ 134.5109711, 7.349453 ], [ 134.5108337, 7.3492861 ], [ 134.5105743, 7.349225 ], [ 134.510376, 7.3493028 ], [ 134.510391199999987, 7.3493195 ], [ 134.5104981, 7.3494248 ], [ 134.51026920000001, 7.3495417 ], [ 134.5100861, 7.3496556 ], [ 134.5099487, 7.3495526 ], [ 134.5098419, 7.3494554 ], [ 134.5099793, 7.3493166 ], [ 134.510147100000012, 7.3491526 ], [ 134.5101013, 7.3490725 ], [ 134.5095978, 7.3492613 ], [ 134.5095215, 7.3492861 ], [ 134.5095215, 7.349236 ], [ 134.5098419, 7.3491168 ], [ 134.5098114, 7.3489637 ], [ 134.510040299999986, 7.3488169 ], [ 134.5100861, 7.3489056 ], [ 134.5102234, 7.3487582 ], [ 134.5103455, 7.3485084 ], [ 134.5104828, 7.348125 ], [ 134.5106506, 7.3479471 ], [ 134.5108185, 7.3479362 ], [ 134.510986300000013, 7.3477917 ], [ 134.511734, 7.3473249 ], [ 134.5118866, 7.3472056 ], [ 134.5121002, 7.3470278 ], [ 134.5122681, 7.3467999 ], [ 134.5121613, 7.3466082 ], [ 134.5121002, 7.3465586 ], [ 134.5118866, 7.3464055 ], [ 134.511581400000011, 7.3464308 ], [ 134.511489899999987, 7.3464556 ], [ 134.5109558, 7.3466082 ], [ 134.5105896, 7.34655 ], [ 134.5103455, 7.3462277 ], [ 134.5101013, 7.345964 ], [ 134.5097504, 7.345953 ], [ 134.5097046, 7.3460584 ], [ 134.509460499999989, 7.3462501 ], [ 134.509201100000013, 7.3462391 ], [ 134.5088806, 7.3462501 ], [ 134.5087891, 7.3464165 ], [ 134.5086823, 7.3465862 ], [ 134.5085297, 7.3465724 ], [ 134.5084381, 7.3463945 ], [ 134.508499199999989, 7.3462138 ], [ 134.5087891, 7.3461556 ], [ 134.509201100000013, 7.3457251 ], [ 134.5092773, 7.345439 ], [ 134.50917050000001, 7.3451529 ], [ 134.5090027, 7.3450666 ], [ 134.5092621, 7.3448529 ], [ 134.509552, 7.3446026 ], [ 134.5098419, 7.3443165 ], [ 134.5098267, 7.3439221 ], [ 134.509460499999989, 7.3437777 ], [ 134.5094757, 7.3437057 ], [ 134.5098114, 7.3433585 ], [ 134.510131800000011, 7.342989 ], [ 134.5101013, 7.3428474 ], [ 134.5098877, 7.3427029 ], [ 134.509613, 7.3426418 ], [ 134.508956899999987, 7.342464 ], [ 134.508697500000011, 7.3423085 ], [ 134.5085297, 7.3420334 ], [ 134.5083771, 7.341711 ], [ 134.5080872, 7.341722 ], [ 134.507843, 7.3417721 ], [ 134.5074158, 7.3418918 ], [ 134.5072784, 7.3418555 ], [ 134.5071869, 7.3415918 ], [ 134.5072174, 7.3414474 ], [ 134.50724790000001, 7.3413777 ], [ 134.507782, 7.3413887 ], [ 134.508117700000014, 7.3413057 ], [ 134.5085144, 7.341125 ], [ 134.508728, 7.3408165 ], [ 134.5088806, 7.3405528 ], [ 134.508834799999988, 7.3403029 ], [ 134.508956899999987, 7.3397999 ], [ 134.5091553, 7.3395972 ], [ 134.5092316, 7.3393335 ], [ 134.5093689, 7.3393335 ], [ 134.5098419, 7.3394418 ], [ 134.510437, 7.3396916 ], [ 134.510879499999987, 7.3396335 ], [ 134.511123700000013, 7.3393693 ], [ 134.511123700000013, 7.3390832 ], [ 134.5111847, 7.338964 ], [ 134.511383099999989, 7.3387251 ], [ 134.5113068, 7.3382721 ], [ 134.5114136, 7.3381529 ], [ 134.5115204, 7.3381863 ], [ 134.511673, 7.3384972 ], [ 134.511840799999987, 7.3387141 ], [ 134.5117798, 7.3390002 ], [ 134.511673, 7.3391085 ], [ 134.5117798, 7.3391914 ], [ 134.512054400000011, 7.3392611 ], [ 134.51217650000001, 7.3394666 ], [ 134.5124207, 7.3397279 ], [ 134.5125732, 7.3399081 ], [ 134.5124207, 7.3403611 ], [ 134.5125885, 7.3406248 ], [ 134.512939499999987, 7.3408752 ], [ 134.5130768, 7.3412333 ], [ 134.5134583, 7.3414002 ], [ 134.5135651, 7.3412943 ], [ 134.5140533, 7.3402305 ], [ 134.5141907, 7.3396807 ], [ 134.5142975, 7.3396335 ], [ 134.5144043, 7.3397389 ], [ 134.5145111, 7.3403502 ], [ 134.5146637, 7.3404694 ], [ 134.514862099999988, 7.3406472 ], [ 134.5150299, 7.3405361 ], [ 134.51506040000001, 7.3404861 ], [ 134.51519780000001, 7.3403387 ], [ 134.5151367, 7.3401833 ], [ 134.5149841, 7.3396053 ], [ 134.5149841, 7.3392501 ], [ 134.51519780000001, 7.3391194 ], [ 134.5155792, 7.3390722 ], [ 134.5156097, 7.3389916 ], [ 134.5156708, 7.3387613 ], [ 134.5154877, 7.3382111 ], [ 134.5153961, 7.3377223 ], [ 134.515441900000013, 7.3374224 ], [ 134.515625, 7.3373499 ], [ 134.5158386, 7.3374834 ], [ 134.51615910000001, 7.3376026 ], [ 134.516418499999986, 7.3373861 ], [ 134.5164337, 7.3371 ], [ 134.516403200000013, 7.336803 ], [ 134.5164337, 7.3366585 ], [ 134.5166016, 7.3364196 ], [ 134.5168152, 7.3362279 ], [ 134.51712040000001, 7.3357611 ], [ 134.517471300000011, 7.3351169 ], [ 134.517944300000011, 7.3346529 ], [ 134.518341099999986, 7.3344002 ], [ 134.5185242, 7.334125 ], [ 134.5186768, 7.3340554 ], [ 134.518905600000011, 7.3340416 ], [ 134.5189972, 7.3337555 ], [ 134.5189819, 7.333086 ], [ 134.5191498, 7.3328586 ], [ 134.519393900000011, 7.3327279 ], [ 134.5194855, 7.3325863 ], [ 134.5194855, 7.3325558 ], [ 134.5195007, 7.3323336 ], [ 134.519455, 7.3319387 ], [ 134.5194855, 7.3316054 ], [ 134.5196228, 7.3311529 ], [ 134.519882200000012, 7.330914 ], [ 134.5201111, 7.3305974 ], [ 134.5201721, 7.3303165 ], [ 134.520141599999988, 7.330214 ], [ 134.520004300000011, 7.3298612 ], [ 134.519668599999989, 7.3293109 ], [ 134.5196991, 7.3291807 ], [ 134.5197449, 7.3290248 ], [ 134.5200958, 7.3288808 ], [ 134.5206604, 7.3284998 ], [ 134.5207062, 7.3283668 ], [ 134.5207825, 7.3281779 ], [ 134.5207977, 7.3280335 ], [ 134.521102899999988, 7.3272333 ], [ 134.5211334, 7.3270583 ], [ 134.5211639, 7.326839 ], [ 134.5210266, 7.3259196 ], [ 134.5209351, 7.3256693 ], [ 134.5207825, 7.3253331 ], [ 134.520813, 7.3249526 ], [ 134.5209198, 7.3246889 ], [ 134.521209700000014, 7.3244138 ], [ 134.5216065, 7.3243361 ], [ 134.5220337, 7.3240805 ], [ 134.5220947, 7.3239002 ], [ 134.5219879, 7.3236251 ], [ 134.5218811, 7.3236251 ], [ 134.5213623, 7.3235083 ], [ 134.5210266, 7.3232665 ], [ 134.5208283, 7.3230057 ], [ 134.520721400000014, 7.3226833 ], [ 134.520874, 7.3224082 ], [ 134.5210114, 7.322011 ], [ 134.521118199999989, 7.3216415 ], [ 134.5210571, 7.3215113 ], [ 134.5207672, 7.321425 ], [ 134.5206604, 7.321178 ], [ 134.5205841, 7.320961 ], [ 134.5202179, 7.320436 ], [ 134.520004300000011, 7.3199945 ], [ 134.520004300000011, 7.3195639 ], [ 134.5199738, 7.3191333 ], [ 134.5200348, 7.3189917 ], [ 134.520126299999987, 7.3190141 ], [ 134.5202179, 7.3192778 ], [ 134.520401, 7.3195276 ], [ 134.5207977, 7.3197665 ], [ 134.5210419, 7.3199945 ], [ 134.5213928, 7.3204613 ], [ 134.521759, 7.3205333 ], [ 134.5220184, 7.320425 ], [ 134.5225067, 7.3203278 ], [ 134.5229797, 7.3196473 ], [ 134.5229797, 7.3195391 ], [ 134.52301030000001, 7.319314 ], [ 134.522674599999988, 7.3189554 ], [ 134.522583, 7.3186555 ], [ 134.5227051, 7.3178806 ], [ 134.5227356, 7.3177609 ], [ 134.52287290000001, 7.3176165 ], [ 134.5230408, 7.3173776 ], [ 134.523147599999987, 7.3154669 ], [ 134.5231171, 7.3151918 ], [ 134.522781400000014, 7.3147612 ], [ 134.5227509, 7.314189 ], [ 134.522583, 7.3139248 ], [ 134.521926900000011, 7.3134971 ], [ 134.5218811, 7.3131027 ], [ 134.5214233, 7.3115721 ], [ 134.5208589, 7.3108555 ], [ 134.520858800000013, 7.3108554 ], [ 134.52047730000001, 7.3104501 ], [ 134.5205841, 7.3102722 ], [ 134.5210266, 7.309947 ], [ 134.521765499999987, 7.3096996 ], [ 134.5218811, 7.3096609 ], [ 134.522049, 7.3094835 ], [ 134.522049, 7.3091083 ], [ 134.5218658, 7.3086581 ], [ 134.5216065, 7.3080859 ], [ 134.5210194, 7.3079468 ], [ 134.52095030000001, 7.3079305 ], [ 134.520721400000014, 7.3079057 ], [ 134.5201111, 7.3078585 ], [ 134.5197144, 7.3076668 ], [ 134.519516, 7.3076081 ], [ 134.519195599999989, 7.3077278 ], [ 134.5189514, 7.3081193 ], [ 134.5190277, 7.3087416 ], [ 134.519302399999987, 7.3094473 ], [ 134.519287100000014, 7.3099141 ], [ 134.519058199999989, 7.3103776 ], [ 134.51855470000001, 7.3109388 ], [ 134.5181732, 7.3110724 ], [ 134.517959600000012, 7.3109999 ], [ 134.5178986, 7.3106999 ], [ 134.517974900000013, 7.3102112 ], [ 134.5181274, 7.3097696 ], [ 134.517959600000012, 7.3094583 ], [ 134.5177612, 7.3094196 ], [ 134.5175324, 7.3093748 ], [ 134.5173187, 7.3094473 ], [ 134.5170441, 7.3094473 ], [ 134.5166779, 7.3093166 ], [ 134.5163574, 7.3089914 ], [ 134.516296399999987, 7.3088112 ], [ 134.5162201, 7.3085637 ], [ 134.5162201, 7.3084445 ], [ 134.5163727, 7.3083363 ], [ 134.516647299999988, 7.3080859 ], [ 134.5169525, 7.3075223 ], [ 134.516922, 7.3072 ], [ 134.5167542, 7.3068667 ], [ 134.5165558, 7.3068667 ], [ 134.515808099999987, 7.3070583 ], [ 134.5153809, 7.3070583 ], [ 134.5149384, 7.306664 ], [ 134.5146942, 7.3060055 ], [ 134.5144043, 7.3050137 ], [ 134.5142975, 7.3048582 ], [ 134.5139313, 7.3046804 ], [ 134.513504, 7.3046694 ], [ 134.512619, 7.3047891 ], [ 134.5115662, 7.3052054 ], [ 134.511245699999989, 7.3052526 ], [ 134.510986300000013, 7.3050971 ], [ 134.5105438, 7.3049278 ], [ 134.5101166, 7.3048945 ], [ 134.509613, 7.3047166 ], [ 134.5090027, 7.3046498 ], [ 134.508712800000012, 7.3046556 ], [ 134.508255, 7.3045859 ], [ 134.507995599999987, 7.3043695 ], [ 134.5077667, 7.3043222 ], [ 134.5075989, 7.304286 ], [ 134.5073242, 7.304286 ], [ 134.5070038, 7.3047166 ], [ 134.506668100000013, 7.3051834 ], [ 134.5061646, 7.3055277 ], [ 134.50581360000001, 7.3056831 ], [ 134.505691500000012, 7.3059945 ], [ 134.5057678, 7.3063889 ], [ 134.506057700000014, 7.3066306 ], [ 134.5062256, 7.3067832 ], [ 134.5063782, 7.3070808 ], [ 134.5065308, 7.3074026 ], [ 134.5065002, 7.3075471 ], [ 134.5063629, 7.3077612 ], [ 134.506073, 7.3080363 ], [ 134.505706800000013, 7.3081803 ], [ 134.505127, 7.3081918 ], [ 134.504989599999988, 7.3080502 ], [ 134.504745500000013, 7.3080859 ], [ 134.504623400000014, 7.3083 ], [ 134.5046539, 7.3084307 ], [ 134.5045929, 7.3084779 ], [ 134.504379300000011, 7.308311 ], [ 134.5041046, 7.3080139 ], [ 134.5038147, 7.307847 ], [ 134.5037079, 7.3076081 ], [ 134.5032196, 7.3067002 ], [ 134.502243, 7.3059583 ], [ 134.501983599999988, 7.3055887 ], [ 134.5019379, 7.305397 ], [ 134.5020142, 7.3051944 ], [ 134.502121, 7.3051472 ], [ 134.5025482, 7.3052054 ], [ 134.5030518, 7.3053026 ], [ 134.5032349, 7.3051224 ], [ 134.5034943, 7.3046918 ], [ 134.503768900000011, 7.3043113 ], [ 134.5038757, 7.3038721 ], [ 134.5038605, 7.3036528 ], [ 134.503784200000013, 7.3035693 ], [ 134.503662100000014, 7.3035221 ], [ 134.503173800000013, 7.3035584 ], [ 134.502121, 7.3037725 ], [ 134.5018158, 7.3039527 ], [ 134.5015411, 7.304214 ], [ 134.5011292, 7.3044057 ], [ 134.5008698, 7.3043861 ], [ 134.500762900000012, 7.304328 ], [ 134.500686699999989, 7.304286 ], [ 134.5004883, 7.3042975 ], [ 134.5001221, 7.3042278 ], [ 134.5, 7.304153 ], [ 134.499832199999986, 7.3040471 ], [ 134.4991455, 7.3035336 ], [ 134.498489400000011, 7.3032112 ], [ 134.4976044, 7.3028526 ], [ 134.4972687, 7.3021474 ], [ 134.4971466, 7.302053 ], [ 134.496872, 7.3020639 ], [ 134.495391899999987, 7.3021474 ], [ 134.494995100000011, 7.3018971 ], [ 134.4941254, 7.3012748 ], [ 134.493331899999987, 7.3008332 ], [ 134.4930573, 7.3006306 ], [ 134.4926605, 7.300261 ], [ 134.49018860000001, 7.2985749 ], [ 134.4886627, 7.2975888 ], [ 134.4884644, 7.297564 ], [ 134.488281300000011, 7.2974305 ], [ 134.488037100000014, 7.2974668 ], [ 134.4878845, 7.2973695 ], [ 134.4877472, 7.2970362 ], [ 134.4870606, 7.2967 ], [ 134.48634340000001, 7.2965331 ], [ 134.4851837, 7.2968917 ], [ 134.4843597, 7.2967973 ], [ 134.483352700000012, 7.296186 ], [ 134.483230600000013, 7.2961307 ], [ 134.4831696, 7.2961001 ], [ 134.4830322, 7.2960334 ], [ 134.4829559, 7.2960668 ], [ 134.482635499999986, 7.296247 ], [ 134.4823151, 7.2964249 ], [ 134.480835, 7.2968693 ], [ 134.4788361, 7.2974668 ], [ 134.477417, 7.2979307 ], [ 134.4765472, 7.2980752 ], [ 134.475662199999988, 7.2984223 ], [ 134.4748535, 7.2989359 ], [ 134.4746094, 7.2991333 ], [ 134.4741821, 7.2994723 ], [ 134.4737244, 7.3001056 ], [ 134.473480200000012, 7.3005109 ], [ 134.473388699999987, 7.3006554 ], [ 134.4730835, 7.3015027 ], [ 134.472915699999987, 7.302125 ], [ 134.4728241, 7.3024473 ], [ 134.472702, 7.3026972 ], [ 134.4725647, 7.302947 ], [ 134.4723663, 7.3038807 ], [ 134.472183199999989, 7.3040834 ], [ 134.471939099999986, 7.3043804 ], [ 134.4717102, 7.3049555 ], [ 134.4712677, 7.3051696 ], [ 134.4703064, 7.3057804 ], [ 134.469543499999986, 7.3064971 ], [ 134.469101, 7.3070335 ], [ 134.4689941, 7.3074083 ], [ 134.4688416, 7.3076415 ], [ 134.468582199999986, 7.3080139 ], [ 134.4685059, 7.3084664 ], [ 134.468582199999986, 7.3092303 ], [ 134.468948399999988, 7.310153 ], [ 134.469177300000013, 7.3106999 ], [ 134.4691925, 7.3110471 ], [ 134.469223, 7.3112388 ], [ 134.469696, 7.3123722 ], [ 134.470001200000013, 7.3128028 ], [ 134.4699554, 7.3128862 ], [ 134.4696655, 7.3130307 ], [ 134.469512900000012, 7.3134141 ], [ 134.4695892, 7.3137112 ], [ 134.4698792, 7.3142834 ], [ 134.470016500000014, 7.3144779 ], [ 134.470123300000012, 7.314611 ], [ 134.470260599999989, 7.314786 ], [ 134.4703369, 7.3152752 ], [ 134.470596300000011, 7.3156471 ], [ 134.4711914, 7.3161001 ], [ 134.4714813, 7.3165665 ], [ 134.4714966, 7.3169723 ], [ 134.471344, 7.3170195 ], [ 134.4705505, 7.3168168 ], [ 134.4698486, 7.3167086 ], [ 134.4696655, 7.3167472 ], [ 134.469406099999986, 7.3171029 ], [ 134.4693298, 7.3172946 ], [ 134.469512900000012, 7.3175111 ], [ 134.4699402, 7.3176694 ], [ 134.4700775, 7.3176889 ], [ 134.4701996, 7.3175807 ], [ 134.4702148, 7.317461 ], [ 134.4702301, 7.3171859 ], [ 134.4704437, 7.3171167 ], [ 134.4707794, 7.3171859 ], [ 134.4707947, 7.317286 ], [ 134.4708252, 7.3174391 ], [ 134.4710083, 7.3178334 ], [ 134.4712677, 7.3182612 ], [ 134.4717255, 7.3184776 ], [ 134.4722443, 7.3184667 ], [ 134.4725647, 7.3185139 ], [ 134.472641, 7.3188248 ], [ 134.47258, 7.3189778 ], [ 134.4720917, 7.3191333 ], [ 134.4720917, 7.3192887 ], [ 134.4721985, 7.3192887 ], [ 134.4722748, 7.3194137 ], [ 134.472412100000014, 7.3194723 ], [ 134.4724731, 7.3196445 ], [ 134.4724731, 7.3197889 ], [ 134.4723969, 7.3199554 ], [ 134.4724426, 7.3201389 ], [ 134.4725647, 7.3202334 ], [ 134.4726715, 7.3202887 ], [ 134.472702, 7.3206081 ], [ 134.4723969, 7.3209109 ], [ 134.472320599999989, 7.3210197 ], [ 134.4721985, 7.3210416 ], [ 134.4719696, 7.3208695 ], [ 134.471756, 7.3206224 ], [ 134.47167970000001, 7.3204918 ], [ 134.4717255, 7.3203001 ], [ 134.4716492, 7.3202558 ], [ 134.4714813, 7.3202086 ], [ 134.4714356, 7.3200946 ], [ 134.471466099999986, 7.3199387 ], [ 134.471557600000011, 7.3197026 ], [ 134.471695, 7.3195028 ], [ 134.4718781, 7.3192887 ], [ 134.4717712, 7.3191586 ], [ 134.4715118, 7.3191943 ], [ 134.4713745, 7.3193498 ], [ 134.4710388, 7.3196836 ], [ 134.470733599999988, 7.3196807 ], [ 134.470474200000012, 7.3196836 ], [ 134.4696808, 7.3194804 ], [ 134.469299299999989, 7.3195167 ], [ 134.468826299999989, 7.3197556 ], [ 134.4686432, 7.3201251 ], [ 134.468673700000011, 7.3203526 ], [ 134.4689636, 7.3208556 ], [ 134.4690094, 7.3211055 ], [ 134.4689026, 7.3211889 ], [ 134.4687653, 7.3209972 ], [ 134.4686279, 7.321022 ], [ 134.4680328, 7.3211165 ], [ 134.4676971, 7.3210249 ], [ 134.4674225, 7.3209028 ], [ 134.4671478, 7.3209138 ], [ 134.4668579, 7.3211417 ], [ 134.4667053, 7.3215222 ], [ 134.4669495, 7.3219304 ], [ 134.466995200000014, 7.322289 ], [ 134.466888399999988, 7.3227167 ], [ 134.466644300000013, 7.3228974 ], [ 134.4661102, 7.322825 ], [ 134.4659729, 7.3229694 ], [ 134.4656982, 7.3230777 ], [ 134.4655914, 7.3229165 ], [ 134.465316800000011, 7.322753 ], [ 134.4650031, 7.3227418 ], [ 134.4649963, 7.3227415 ], [ 134.4647369, 7.3229919 ], [ 134.4647827, 7.3231363 ], [ 134.46482850000001, 7.3233275 ], [ 134.4650574, 7.3234363 ], [ 134.4650791, 7.3234604 ], [ 134.4653473, 7.3237581 ], [ 134.465927099999988, 7.323864 ], [ 134.46626280000001, 7.3243666 ], [ 134.4668732, 7.3247914 ], [ 134.466888399999988, 7.324739 ], [ 134.46698, 7.3246946 ], [ 134.4670563, 7.3246555 ], [ 134.4671478, 7.3246665 ], [ 134.4672852, 7.3247724 ], [ 134.467392, 7.3247113 ], [ 134.467453, 7.324739 ], [ 134.4674072, 7.3248444 ], [ 134.4673309, 7.3249359 ], [ 134.4673462, 7.3250527 ], [ 134.467376699999988, 7.3251696 ], [ 134.467376699999988, 7.3252807 ], [ 134.4672699, 7.3253665 ], [ 134.4671478, 7.3254137 ], [ 134.466995200000014, 7.3253832 ], [ 134.4668732, 7.3252835 ], [ 134.4667969, 7.3251777 ], [ 134.466766400000012, 7.3250833 ], [ 134.4667816, 7.324986 ], [ 134.4668121, 7.3249168 ], [ 134.4666748, 7.324903 ], [ 134.4664612, 7.3251915 ], [ 134.4662483, 7.32546 ], [ 134.466064499999987, 7.3256917 ], [ 134.4658203, 7.3260474 ], [ 134.465942399999989, 7.326314 ], [ 134.4661408, 7.3264446 ], [ 134.466537499999987, 7.326611 ], [ 134.4665527, 7.3266139 ], [ 134.467132600000014, 7.326839 ], [ 134.46736150000001, 7.3270888 ], [ 134.4673797, 7.3271057 ], [ 134.4675446, 7.3272581 ], [ 134.4679413, 7.3275585 ], [ 134.467971799999987, 7.3274751 ], [ 134.4680023, 7.3273916 ], [ 134.468444799999986, 7.3272724 ], [ 134.4687195, 7.3278027 ], [ 134.468933099999987, 7.3279028 ], [ 134.4690247, 7.3280082 ], [ 134.4691315, 7.3280029 ], [ 134.469223, 7.3279419 ], [ 134.4690704, 7.3276167 ], [ 134.469223, 7.327136 ], [ 134.4693756, 7.3269639 ], [ 134.469574, 7.3268113 ], [ 134.46975710000001, 7.3267417 ], [ 134.4699402, 7.326828 ], [ 134.4701538, 7.3267498 ], [ 134.470138600000013, 7.3266335 ], [ 134.470108, 7.3265276 ], [ 134.4701691, 7.3264751 ], [ 134.4700775, 7.3263917 ], [ 134.470108, 7.3262196 ], [ 134.4701538, 7.3259387 ], [ 134.4705658, 7.3258557 ], [ 134.4708405, 7.325664 ], [ 134.4710388, 7.3254638 ], [ 134.4711762, 7.3251414 ], [ 134.4712524, 7.3249583 ], [ 134.4714356, 7.3248138 ], [ 134.4714356, 7.3247137 ], [ 134.4716644, 7.3245916 ], [ 134.47167970000001, 7.3245916 ], [ 134.4717865, 7.3244472 ], [ 134.471832299999988, 7.3240891 ], [ 134.4721527, 7.3237972 ], [ 134.472229, 7.3235583 ], [ 134.472656300000011, 7.3233776 ], [ 134.4727631, 7.3231387 ], [ 134.4722443, 7.322403 ], [ 134.4722138, 7.32235 ], [ 134.4720154, 7.3221583 ], [ 134.4719086, 7.3220553 ], [ 134.4718628, 7.3218637 ], [ 134.4716644, 7.3213668 ], [ 134.4717255, 7.3212194 ], [ 134.4718018, 7.3211446 ], [ 134.471939099999986, 7.3210583 ], [ 134.4720764, 7.3211112 ], [ 134.4722443, 7.3211832 ], [ 134.4723816, 7.3211527 ], [ 134.472518900000011, 7.3212028 ], [ 134.4726868, 7.3211055 ], [ 134.4728546, 7.3210974 ], [ 134.472991900000011, 7.321136 ], [ 134.473053, 7.3212862 ], [ 134.4730835, 7.3214221 ], [ 134.4730835, 7.3215637 ], [ 134.473007200000012, 7.321661 ], [ 134.472900399999986, 7.3217502 ], [ 134.4728546, 7.3218498 ], [ 134.472702, 7.3219028 ], [ 134.472793599999989, 7.3220501 ], [ 134.4729614, 7.322011 ], [ 134.4731598, 7.3219528 ], [ 134.4732361, 7.3217888 ], [ 134.4731903, 7.3214054 ], [ 134.4731751, 7.3210611 ], [ 134.4732056, 7.3208861 ], [ 134.4735107, 7.3200917 ], [ 134.4734192, 7.3200336 ], [ 134.473266599999988, 7.3199363 ], [ 134.473114, 7.3197637 ], [ 134.473114, 7.319664 ], [ 134.4731903, 7.3195391 ], [ 134.473388699999987, 7.31955 ], [ 134.473465, 7.3194833 ], [ 134.473739599999988, 7.319386 ], [ 134.4740601, 7.3192697 ], [ 134.4741211, 7.3191724 ], [ 134.4741516, 7.3190475 ], [ 134.4742584, 7.3190446 ], [ 134.4742889, 7.3189807 ], [ 134.474227899999988, 7.3187971 ], [ 134.4741669, 7.3185639 ], [ 134.4741821, 7.3183112 ], [ 134.4741669, 7.3181725 ], [ 134.474243199999989, 7.3179975 ], [ 134.4742889, 7.3179026 ], [ 134.4743805, 7.3177805 ], [ 134.4744263, 7.3176751 ], [ 134.4744873, 7.3175554 ], [ 134.4743958, 7.3173919 ], [ 134.474411, 7.3172584 ], [ 134.47456360000001, 7.3170137 ], [ 134.4746246, 7.3167334 ], [ 134.47456360000001, 7.3166361 ], [ 134.474472100000014, 7.3165388 ], [ 134.474243199999989, 7.3164973 ], [ 134.4740448, 7.3164139 ], [ 134.4739227, 7.3163028 ], [ 134.473861699999986, 7.3161359 ], [ 134.4739075, 7.3157697 ], [ 134.473983800000013, 7.3156471 ], [ 134.4741211, 7.3155055 ], [ 134.4742889, 7.3153806 ], [ 134.4743652, 7.3153834 ], [ 134.474411, 7.3154416 ], [ 134.474456800000013, 7.3154168 ], [ 134.474456800000013, 7.3153057 ], [ 134.474472100000014, 7.3151193 ], [ 134.4745178, 7.3150387 ], [ 134.4746552, 7.3149915 ], [ 134.4747315, 7.3150168 ], [ 134.474823, 7.3150473 ], [ 134.4749146, 7.315228 ], [ 134.474884, 7.3154001 ], [ 134.4747772, 7.3155222 ], [ 134.4746704, 7.3156056 ], [ 134.4746704, 7.3156891 ], [ 134.4747315, 7.3157363 ], [ 134.474807700000014, 7.3157611 ], [ 134.4748993, 7.3156915 ], [ 134.4748993, 7.3155804 ], [ 134.474884, 7.3154836 ], [ 134.474945100000014, 7.3154721 ], [ 134.4749756, 7.3155112 ], [ 134.47503660000001, 7.3154473 ], [ 134.47503660000001, 7.3153362 ], [ 134.4749908, 7.3152723 ], [ 134.47503660000001, 7.3152056 ], [ 134.4751129, 7.315228 ], [ 134.4751587, 7.3153057 ], [ 134.4752197, 7.3153167 ], [ 134.4752502, 7.3152723 ], [ 134.475189199999988, 7.3151584 ], [ 134.4750824, 7.3151417 ], [ 134.4750671, 7.315011 ], [ 134.4751434, 7.3147526 ], [ 134.4752045, 7.3144832 ], [ 134.475296, 7.3141723 ], [ 134.4753418, 7.3140473 ], [ 134.4752655, 7.3139806 ], [ 134.4750824, 7.3140249 ], [ 134.4748688, 7.3141084 ], [ 134.4746704, 7.3142748 ], [ 134.4745178, 7.3143888 ], [ 134.4742737, 7.3144584 ], [ 134.4736633, 7.3143501 ], [ 134.473465, 7.3144693 ], [ 134.4733429, 7.3145585 ], [ 134.4732056, 7.314539 ], [ 134.4730988, 7.3144918 ], [ 134.473053, 7.3143859 ], [ 134.473053, 7.3142695 ], [ 134.4731598, 7.3140526 ], [ 134.4732208, 7.3138695 ], [ 134.4731903, 7.3138084 ], [ 134.473114, 7.3136807 ], [ 134.4730835, 7.3135805 ], [ 134.473053, 7.3133526 ], [ 134.4729462, 7.3131862 ], [ 134.4726868, 7.3131418 ], [ 134.4723358, 7.3130417 ], [ 134.4721375, 7.3128333 ], [ 134.472030600000011, 7.3124971 ], [ 134.471923800000013, 7.3121944 ], [ 134.471817, 7.3119917 ], [ 134.4716339, 7.3119249 ], [ 134.471450800000014, 7.3119054 ], [ 134.471359299999989, 7.3118639 ], [ 134.4712677, 7.3117194 ], [ 134.4712982, 7.311461 ], [ 134.471359299999989, 7.311214 ], [ 134.4716492, 7.3108196 ], [ 134.4717712, 7.3107138 ], [ 134.4717255, 7.3105359 ], [ 134.4717712, 7.3104224 ], [ 134.4717712, 7.3101778 ], [ 134.471695, 7.3098083 ], [ 134.4717407, 7.3096862 ], [ 134.4718781, 7.3094835 ], [ 134.4718781, 7.3087554 ], [ 134.472045900000012, 7.3075585 ], [ 134.472305299999988, 7.3059669 ], [ 134.4723358, 7.3056054 ], [ 134.472641, 7.3053498 ], [ 134.4730988, 7.3044167 ], [ 134.473388699999987, 7.3029614 ], [ 134.47360230000001, 7.3026609 ], [ 134.473846400000014, 7.3016582 ], [ 134.473861699999986, 7.3014584 ], [ 134.4738007, 7.3013082 ], [ 134.4738159, 7.301189 ], [ 134.4740143, 7.3008804 ], [ 134.4741516, 7.3007221 ], [ 134.474334700000014, 7.3005943 ], [ 134.4745331, 7.3005109 ], [ 134.474716199999989, 7.3005471 ], [ 134.4749603, 7.3006139 ], [ 134.475189199999988, 7.3006859 ], [ 134.475540200000012, 7.3007417 ], [ 134.4758453, 7.3007779 ], [ 134.4760284, 7.3007779 ], [ 134.476181, 7.3007307 ], [ 134.4763031, 7.3006916 ], [ 134.4763489, 7.3006835 ], [ 134.4762268, 7.3004556 ], [ 134.476150499999989, 7.3002887 ], [ 134.47612, 7.3000221 ], [ 134.47613530000001, 7.2998085 ], [ 134.4762116, 7.2996306 ], [ 134.4762878, 7.2995501 ], [ 134.476364100000012, 7.2995224 ], [ 134.4764404, 7.2994666 ], [ 134.4764557, 7.2994137 ], [ 134.4764557, 7.2993999 ], [ 134.476501500000012, 7.2993693 ], [ 134.4765472, 7.2993474 ], [ 134.4766541, 7.2993112 ], [ 134.4767914, 7.2992888 ], [ 134.476944, 7.2992668 ], [ 134.4770508, 7.2992554 ], [ 134.4771271, 7.2992721 ], [ 134.4771271, 7.2990637 ], [ 134.4772949, 7.2989416 ], [ 134.477584799999988, 7.2989416 ], [ 134.4778442, 7.2988887 ], [ 134.4780426, 7.2988248 ], [ 134.478210499999989, 7.2988248 ], [ 134.478408800000011, 7.2987971 ], [ 134.47853090000001, 7.2987304 ], [ 134.478653, 7.2987332 ], [ 134.4789429, 7.2986999 ], [ 134.4790955, 7.2987137 ], [ 134.4792481, 7.2987609 ], [ 134.4794464, 7.298914 ], [ 134.479538, 7.2989669 ], [ 134.4796074, 7.2989908 ], [ 134.4796753, 7.2990141 ], [ 134.4797821, 7.2990141 ], [ 134.479836, 7.2989577 ], [ 134.4799042, 7.2988863 ], [ 134.479980500000011, 7.2988362 ], [ 134.480072, 7.2988277 ], [ 134.4802295, 7.2989008 ], [ 134.4805145, 7.2990332 ], [ 134.4805756, 7.2990804 ], [ 134.480590799999987, 7.299161 ], [ 134.4806366, 7.2992334 ], [ 134.480697600000013, 7.2992916 ], [ 134.4811401, 7.2993832 ], [ 134.4812775, 7.2994776 ], [ 134.481369, 7.2995887 ], [ 134.4814606, 7.2997584 ], [ 134.4815369, 7.2998109 ], [ 134.4816284, 7.2998362 ], [ 134.481674199999986, 7.2998109 ], [ 134.4818268, 7.2998276 ], [ 134.4819183, 7.299778 ], [ 134.482055699999989, 7.2997446 ], [ 134.482620200000014, 7.299839 ], [ 134.482864400000011, 7.2999277 ], [ 134.483001699999988, 7.2999334 ], [ 134.483139, 7.2999835 ], [ 134.483215300000012, 7.3000779 ], [ 134.4832764, 7.3002138 ], [ 134.4832916, 7.300314 ], [ 134.483245899999986, 7.3005085 ], [ 134.483078, 7.3006306 ], [ 134.4830627, 7.3007169 ], [ 134.4830933, 7.3008194 ], [ 134.4831543, 7.3009415 ], [ 134.483245899999986, 7.3010335 ], [ 134.483352700000012, 7.3010693 ], [ 134.483581500000014, 7.3011947 ], [ 134.483596799999987, 7.3012748 ], [ 134.483703600000013, 7.3013806 ], [ 134.483703600000013, 7.3014722 ], [ 134.4839783, 7.3016028 ], [ 134.4839935, 7.3016501 ], [ 134.4839935, 7.3017082 ], [ 134.48394780000001, 7.3017612 ], [ 134.483718900000014, 7.3018804 ], [ 134.483078, 7.302289 ], [ 134.483017, 7.3023391 ], [ 134.4829407, 7.3025556 ], [ 134.483017, 7.3027196 ], [ 134.483230600000013, 7.3029194 ], [ 134.483352700000012, 7.3029723 ], [ 134.4834442, 7.3030391 ], [ 134.483474699999988, 7.3031139 ], [ 134.483474699999988, 7.3031807 ], [ 134.4833984, 7.3033609 ], [ 134.4834442, 7.303411 ], [ 134.48349, 7.3034334 ], [ 134.4835663, 7.3033915 ], [ 134.4836273, 7.3032804 ], [ 134.483703600000013, 7.3032222 ], [ 134.48381040000001, 7.3031974 ], [ 134.4838715, 7.3031554 ], [ 134.483902, 7.3029804 ], [ 134.4839325, 7.302947 ], [ 134.4840088, 7.3029614 ], [ 134.4840241, 7.3030086 ], [ 134.484085099999987, 7.3030582 ], [ 134.4841003, 7.3031197 ], [ 134.484085099999987, 7.3031669 ], [ 134.4839935, 7.3032332 ], [ 134.4840393, 7.3033056 ], [ 134.4841156, 7.3033724 ], [ 134.4842682, 7.3035808 ], [ 134.484314, 7.3036113 ], [ 134.4844208, 7.3036027 ], [ 134.4844666, 7.3035584 ], [ 134.4845429, 7.3033609 ], [ 134.484573399999988, 7.3032446 ], [ 134.4845123, 7.3031807 ], [ 134.484451299999989, 7.3031554 ], [ 134.4842682, 7.3030391 ], [ 134.4842682, 7.3029528 ], [ 134.484298700000011, 7.3028417 ], [ 134.4844055, 7.3027554 ], [ 134.4846191, 7.3026333 ], [ 134.48477170000001, 7.3024917 ], [ 134.4849396, 7.3024669 ], [ 134.4850159, 7.3024836 ], [ 134.485137900000012, 7.3025861 ], [ 134.4852448, 7.3026586 ], [ 134.485321, 7.3027387 ], [ 134.4853516, 7.302814 ], [ 134.4855042, 7.3029194 ], [ 134.4855499, 7.3030529 ], [ 134.4855957, 7.3031974 ], [ 134.4857025, 7.3031974 ], [ 134.4858551, 7.3031859 ], [ 134.4859619, 7.3033443 ], [ 134.4859772, 7.3035307 ], [ 134.4860687, 7.3037167 ], [ 134.486129799999986, 7.3038778 ], [ 134.486099200000012, 7.3040166 ], [ 134.485885599999989, 7.3039613 ], [ 134.485748300000012, 7.3039165 ], [ 134.485733, 7.3039165 ], [ 134.4855652, 7.3039308 ], [ 134.4855042, 7.3039861 ], [ 134.4855957, 7.3041029 ], [ 134.485748300000012, 7.3044529 ], [ 134.4858551, 7.3045836 ], [ 134.4859467, 7.3046475 ], [ 134.486114500000014, 7.3045917 ], [ 134.4863739, 7.3043943 ], [ 134.4864349, 7.304328 ], [ 134.4864197, 7.3042169 ], [ 134.4864655, 7.304153 ], [ 134.486587500000013, 7.3040667 ], [ 134.4866486, 7.3039613 ], [ 134.4866486, 7.3038693 ], [ 134.4863892, 7.3033695 ], [ 134.486236600000012, 7.302947 ], [ 134.486099200000012, 7.3026915 ], [ 134.4859314, 7.3024888 ], [ 134.4858246, 7.3023834 ], [ 134.4857025, 7.3023334 ], [ 134.485611, 7.3023582 ], [ 134.4855499, 7.302464 ], [ 134.4851837, 7.3025498 ], [ 134.4850922, 7.3025141 ], [ 134.485046399999987, 7.3024249 ], [ 134.485061699999989, 7.3023362 ], [ 134.4850159, 7.3023109 ], [ 134.4848785, 7.3024278 ], [ 134.4848175, 7.3024473 ], [ 134.4847107, 7.3024335 ], [ 134.4846344, 7.3024001 ], [ 134.4845886, 7.3023362 ], [ 134.484436, 7.3022943 ], [ 134.484375, 7.3022113 ], [ 134.4843292, 7.3020778 ], [ 134.4843445, 7.3019252 ], [ 134.4843292, 7.3018665 ], [ 134.484191900000013, 7.3018446 ], [ 134.484069799999986, 7.3017888 ], [ 134.4840393, 7.3017306 ], [ 134.4840393, 7.3016501 ], [ 134.484191900000013, 7.3015499 ], [ 134.484191900000013, 7.3014998 ], [ 134.4841461, 7.3014307 ], [ 134.4840546, 7.3013721 ], [ 134.484069799999986, 7.3013029 ], [ 134.4840393, 7.3012557 ], [ 134.4837341, 7.3011832 ], [ 134.4836884, 7.3010998 ], [ 134.483703600000013, 7.3009696 ], [ 134.4837799, 7.3008833 ], [ 134.483902, 7.3007917 ], [ 134.4839783, 7.3006749 ], [ 134.4841309, 7.3006001 ], [ 134.484207199999986, 7.3006029 ], [ 134.4843445, 7.3006501 ], [ 134.484451299999989, 7.3006611 ], [ 134.484573399999988, 7.3006611 ], [ 134.484664900000013, 7.3006334 ], [ 134.4847412, 7.3003306 ], [ 134.4848175, 7.3002667 ], [ 134.4849396, 7.3002248 ], [ 134.4852295, 7.3002501 ], [ 134.48538210000001, 7.3002777 ], [ 134.4857178, 7.3003998 ], [ 134.486084, 7.3004637 ], [ 134.4863892, 7.3004723 ], [ 134.4865418, 7.3005137 ], [ 134.486694300000011, 7.3006249 ], [ 134.4872742, 7.300797 ], [ 134.487457299999988, 7.3008695 ], [ 134.4876251, 7.3008752 ], [ 134.487686200000013, 7.3009362 ], [ 134.4877319, 7.3010221 ], [ 134.4878388, 7.301075 ], [ 134.4880219, 7.3010359 ], [ 134.4880981, 7.3010945 ], [ 134.488205, 7.3011389 ], [ 134.488266, 7.3011279 ], [ 134.4884796, 7.3009749 ], [ 134.488525399999986, 7.3008752 ], [ 134.4886017, 7.3008194 ], [ 134.488647500000013, 7.3007221 ], [ 134.488647500000013, 7.3006334 ], [ 134.4886932, 7.3005891 ], [ 134.488754300000011, 7.3005915 ], [ 134.4888306, 7.3006167 ], [ 134.488876299999987, 7.3006444 ], [ 134.4889221, 7.3007946 ], [ 134.4889832, 7.3008585 ], [ 134.4893189, 7.3009667 ], [ 134.4896545, 7.3011527 ], [ 134.4899902, 7.3012557 ], [ 134.4902954, 7.3011112 ], [ 134.4904022, 7.3011026 ], [ 134.49066160000001, 7.301136 ], [ 134.490799, 7.3012166 ], [ 134.4910736, 7.3012943 ], [ 134.491149900000011, 7.3012805 ], [ 134.4912415, 7.3011389 ], [ 134.4914551, 7.3011499 ], [ 134.491745, 7.3012223 ], [ 134.4919281, 7.3013082 ], [ 134.4923554, 7.3013082 ], [ 134.4925537, 7.3013611 ], [ 134.492691, 7.3014722 ], [ 134.492858899999987, 7.3017082 ], [ 134.493087800000012, 7.3021722 ], [ 134.493225099999989, 7.3022833 ], [ 134.493347199999988, 7.3023224 ], [ 134.4933777, 7.3024335 ], [ 134.493560800000012, 7.3025084 ], [ 134.4936371, 7.3025279 ], [ 134.4937592, 7.3024974 ], [ 134.493866, 7.3024111 ], [ 134.4938812, 7.3023362 ], [ 134.493927, 7.3022556 ], [ 134.493911700000012, 7.3021751 ], [ 134.493927, 7.3021307 ], [ 134.4942017, 7.3021445 ], [ 134.4946289, 7.3023167 ], [ 134.4947357, 7.3024473 ], [ 134.4948578, 7.3025084 ], [ 134.4949493, 7.3026586 ], [ 134.495010400000012, 7.3027 ], [ 134.495163, 7.3027444 ], [ 134.495254499999987, 7.3027554 ], [ 134.4953003, 7.3026748 ], [ 134.4954529, 7.3025613 ], [ 134.4955369, 7.3025688 ], [ 134.495575, 7.3025723 ], [ 134.495636, 7.3025527 ], [ 134.495849600000014, 7.3026276 ], [ 134.4959106, 7.3026891 ], [ 134.495956400000011, 7.3027611 ], [ 134.4960327, 7.3027859 ], [ 134.496353199999987, 7.3030415 ], [ 134.4963787, 7.3031191 ], [ 134.4963989, 7.3031807 ], [ 134.4963989, 7.3033028 ], [ 134.496353199999987, 7.3034444 ], [ 134.4962463, 7.3035722 ], [ 134.4960022, 7.3037748 ], [ 134.4959869, 7.3038721 ], [ 134.4960022, 7.3040056 ], [ 134.4962616, 7.3042917 ], [ 134.4963074, 7.304328 ], [ 134.4963684, 7.3043389 ], [ 134.496429400000011, 7.3043861 ], [ 134.4966126, 7.3047471 ], [ 134.4966278, 7.3048639 ], [ 134.4967346, 7.3048639 ], [ 134.496810900000014, 7.3049192 ], [ 134.4968414, 7.3049693 ], [ 134.4970093, 7.3050666 ], [ 134.4971314, 7.3051887 ], [ 134.4972229, 7.3051887 ], [ 134.497283900000014, 7.3051696 ], [ 134.497421300000013, 7.305275 ], [ 134.497772200000014, 7.3054586 ], [ 134.497894300000013, 7.3054304 ], [ 134.4979553, 7.3054638 ], [ 134.49800110000001, 7.3055277 ], [ 134.4980316, 7.305614 ], [ 134.4981079, 7.3056612 ], [ 134.498153699999989, 7.3057194 ], [ 134.498169, 7.3057861 ], [ 134.498153699999989, 7.3058834 ], [ 134.4981995, 7.3059554 ], [ 134.498245200000014, 7.3060165 ], [ 134.49823, 7.3060832 ], [ 134.4984283, 7.3063779 ], [ 134.4985046, 7.3065276 ], [ 134.4985809, 7.3067417 ], [ 134.4985504, 7.306797 ], [ 134.4984589, 7.3068419 ], [ 134.4983521, 7.3068442 ], [ 134.498291, 7.3068137 ], [ 134.498245200000014, 7.30685 ], [ 134.49823, 7.3069196 ], [ 134.498245200000014, 7.3072557 ], [ 134.498291, 7.3074946 ], [ 134.498260499999986, 7.3078027 ], [ 134.4981842, 7.3078861 ], [ 134.4980927, 7.30795 ], [ 134.4978485, 7.3078775 ], [ 134.4977112, 7.3078113 ], [ 134.4974365, 7.3076029 ], [ 134.4972687, 7.3074002 ], [ 134.4972229, 7.3073306 ], [ 134.4971008, 7.3073053 ], [ 134.4970703, 7.3072333 ], [ 134.4970093, 7.3072333 ], [ 134.4969482, 7.307303 ], [ 134.496917700000012, 7.3073692 ], [ 134.4968567, 7.3073721 ], [ 134.496810900000014, 7.3074498 ], [ 134.496688799999987, 7.3075724 ], [ 134.4965973, 7.3076167 ], [ 134.496521, 7.3076248 ], [ 134.4963837, 7.3076081 ], [ 134.496215799999987, 7.307672 ], [ 134.4960632, 7.307786 ], [ 134.495971700000013, 7.3080277 ], [ 134.495849600000014, 7.3081389 ], [ 134.495620699999989, 7.3083057 ], [ 134.495361300000013, 7.3083139 ], [ 134.495132500000011, 7.3083444 ], [ 134.494812, 7.3085165 ], [ 134.4947205, 7.3086362 ], [ 134.4946899, 7.3087583 ], [ 134.4945984, 7.3088527 ], [ 134.494537400000013, 7.3089585 ], [ 134.494537400000013, 7.3091888 ], [ 134.4945831, 7.30935 ], [ 134.4946137, 7.3099113 ], [ 134.494522100000012, 7.3100915 ], [ 134.4944916, 7.3102112 ], [ 134.4943237, 7.3104138 ], [ 134.494308499999988, 7.3104639 ], [ 134.4944, 7.3103919 ], [ 134.4944611, 7.3104167 ], [ 134.4946289, 7.3104248 ], [ 134.494751, 7.3104582 ], [ 134.4948731, 7.3105192 ], [ 134.4952087, 7.3106613 ], [ 134.495391899999987, 7.3107724 ], [ 134.4955444, 7.3108749 ], [ 134.4956818, 7.3109999 ], [ 134.495727499999987, 7.3110919 ], [ 134.495758099999989, 7.3113585 ], [ 134.495758099999989, 7.3115139 ], [ 134.495742799999988, 7.3116388 ], [ 134.4956513, 7.3117223 ], [ 134.495361300000013, 7.3118887 ], [ 134.495269799999988, 7.3119917 ], [ 134.4951782, 7.3121305 ], [ 134.4951477, 7.3122416 ], [ 134.4951782, 7.3125639 ], [ 134.495163, 7.3126831 ], [ 134.4950714, 7.3128223 ], [ 134.4949799, 7.3128834 ], [ 134.494888300000014, 7.3128362 ], [ 134.494796799999989, 7.312747 ], [ 134.4944611, 7.3126831 ], [ 134.4943848, 7.3127165 ], [ 134.493988, 7.3127804 ], [ 134.4937897, 7.3129668 ], [ 134.4937439, 7.3129916 ], [ 134.4936066, 7.3132029 ], [ 134.493515, 7.3132944 ], [ 134.4935303, 7.3133612 ], [ 134.4934845, 7.3134251 ], [ 134.493331899999987, 7.3135028 ], [ 134.4932404, 7.3135696 ], [ 134.493072500000011, 7.3135834 ], [ 134.492614800000013, 7.3137002 ], [ 134.4922333, 7.3139582 ], [ 134.491806, 7.3140974 ], [ 134.4915619, 7.3141193 ], [ 134.4911804, 7.3141666 ], [ 134.4909821, 7.3141193 ], [ 134.4906158, 7.3139668 ], [ 134.4901276, 7.3137221 ], [ 134.48983770000001, 7.3137054 ], [ 134.489608800000013, 7.3137612 ], [ 134.4895477, 7.3138971 ], [ 134.4895477, 7.3143582 ], [ 134.4894104, 7.3145418 ], [ 134.489242600000011, 7.3146167 ], [ 134.4890595, 7.314786 ], [ 134.4889526, 7.3151918 ], [ 134.4889679, 7.3152943 ], [ 134.4890442, 7.3154526 ], [ 134.489242600000011, 7.3157444 ], [ 134.4893341, 7.3157835 ], [ 134.4894104, 7.3158808 ], [ 134.489563, 7.3162141 ], [ 134.489563, 7.3162804 ], [ 134.4894562, 7.316453 ], [ 134.489151, 7.3166251 ], [ 134.4890442, 7.3166609 ], [ 134.4889221, 7.316639 ], [ 134.4888458, 7.316597 ], [ 134.4887238, 7.3166528 ], [ 134.4886627, 7.3167167 ], [ 134.488632200000012, 7.3167887 ], [ 134.488403299999987, 7.3169193 ], [ 134.488327, 7.3170586 ], [ 134.488159200000013, 7.3171363 ], [ 134.4879913, 7.3173418 ], [ 134.4879761, 7.3174224 ], [ 134.4880066, 7.3174834 ], [ 134.487945599999989, 7.3175139 ], [ 134.487930299999988, 7.3175583 ], [ 134.4879608, 7.3177748 ], [ 134.4880981, 7.3182168 ], [ 134.4881134, 7.3183861 ], [ 134.488037100000014, 7.3186498 ], [ 134.488037100000014, 7.3188 ], [ 134.488159200000013, 7.3190832 ], [ 134.4882965, 7.3193445 ], [ 134.488327, 7.3194614 ], [ 134.488403299999987, 7.3196387 ], [ 134.4884644, 7.3198471 ], [ 134.4884644, 7.3200083 ], [ 134.4883881, 7.320364 ], [ 134.4883575, 7.3205752 ], [ 134.4883881, 7.3207083 ], [ 134.4884796, 7.3206248 ], [ 134.488525399999986, 7.3205361 ], [ 134.4886932, 7.3203692 ], [ 134.488769499999989, 7.3203387 ], [ 134.4888458, 7.3203554 ], [ 134.4890595, 7.3204947 ], [ 134.489151, 7.3205056 ], [ 134.4892731, 7.3203473 ], [ 134.4893036, 7.3202472 ], [ 134.4893036, 7.3199835 ], [ 134.4892578, 7.3199 ], [ 134.4890442, 7.3197751 ], [ 134.4889679, 7.3197026 ], [ 134.488876299999987, 7.3197446 ], [ 134.488769499999989, 7.3197694 ], [ 134.4886627, 7.3197584 ], [ 134.4886017, 7.319725 ], [ 134.4885712, 7.3196502 ], [ 134.4885864, 7.319561 ], [ 134.4886932, 7.3193359 ], [ 134.4888153, 7.3192582 ], [ 134.4889374, 7.3192806 ], [ 134.4889526, 7.319253 ], [ 134.4886932, 7.3188472 ], [ 134.488647500000013, 7.3187056 ], [ 134.488647500000013, 7.3184333 ], [ 134.4887085, 7.3183947 ], [ 134.4887085, 7.3183332 ], [ 134.488632200000012, 7.3183308 ], [ 134.4885864, 7.3182583 ], [ 134.488632200000012, 7.3180723 ], [ 134.4887085, 7.3180418 ], [ 134.4888153, 7.3180943 ], [ 134.488891599999988, 7.3180223 ], [ 134.4891357, 7.317986 ], [ 134.48922730000001, 7.3179555 ], [ 134.4892883, 7.3178668 ], [ 134.489379899999989, 7.3178167 ], [ 134.4894562, 7.3177419 ], [ 134.4895477, 7.3176222 ], [ 134.4896545, 7.3175221 ], [ 134.4899139, 7.3172193 ], [ 134.4899445, 7.3172193 ], [ 134.4900055, 7.3172584 ], [ 134.4901428, 7.3174057 ], [ 134.4901428, 7.3174887 ], [ 134.490203900000012, 7.3175583 ], [ 134.4902954, 7.317853 ], [ 134.4903107, 7.3179555 ], [ 134.490341199999989, 7.3180084 ], [ 134.4904175, 7.3180223 ], [ 134.490570100000014, 7.3181391 ], [ 134.4906464, 7.3182306 ], [ 134.4907379, 7.3182859 ], [ 134.4909668, 7.3186221 ], [ 134.4910736, 7.3188138 ], [ 134.4911041, 7.3189416 ], [ 134.4909821, 7.3190918 ], [ 134.4908905, 7.3191028 ], [ 134.4908752, 7.3191609 ], [ 134.4908295, 7.3194084 ], [ 134.4908295, 7.3196335 ], [ 134.4908752, 7.3198724 ], [ 134.4908447, 7.3200474 ], [ 134.4907379, 7.3203778 ], [ 134.49066160000001, 7.3205276 ], [ 134.4906006, 7.320725 ], [ 134.4905396, 7.3208332 ], [ 134.4904785, 7.3208942 ], [ 134.4902802, 7.3211222 ], [ 134.4902496, 7.3213611 ], [ 134.49018860000001, 7.3214417 ], [ 134.490081800000013, 7.3215027 ], [ 134.4899445, 7.3215222 ], [ 134.4897766, 7.3215137 ], [ 134.4896698, 7.3214665 ], [ 134.489624, 7.3213973 ], [ 134.4893189, 7.3214445 ], [ 134.48909, 7.3213582 ], [ 134.488906899999989, 7.3213887 ], [ 134.488739, 7.3213363 ], [ 134.488647500000013, 7.3213611 ], [ 134.488540699999987, 7.3214388 ], [ 134.488418599999989, 7.3215971 ], [ 134.4882965, 7.3218446 ], [ 134.488205, 7.3219085 ], [ 134.4881134, 7.321939 ], [ 134.4879761, 7.3219528 ], [ 134.4878845, 7.3220058 ], [ 134.4877625, 7.3220224 ], [ 134.4875183, 7.3220248 ], [ 134.4874268, 7.3220806 ], [ 134.48730470000001, 7.3221693 ], [ 134.4872131, 7.3222776 ], [ 134.4871216, 7.3224721 ], [ 134.4870453, 7.3225946 ], [ 134.4868164, 7.3227501 ], [ 134.486694300000011, 7.322711 ], [ 134.486602799999986, 7.3226442 ], [ 134.486496, 7.3226471 ], [ 134.4862824, 7.3226166 ], [ 134.486129799999986, 7.3226252 ], [ 134.4859619, 7.3226972 ], [ 134.4859009, 7.3226471 ], [ 134.4858551, 7.3225665 ], [ 134.4856567, 7.3225164 ], [ 134.4855804, 7.322464 ], [ 134.4855042, 7.3224363 ], [ 134.485397299999988, 7.3224502 ], [ 134.4852295, 7.3224053 ], [ 134.4849701, 7.3223581 ], [ 134.4849386, 7.3223375 ], [ 134.4847412, 7.3222084 ], [ 134.4844971, 7.3220916 ], [ 134.4842835, 7.3219056 ], [ 134.4841003, 7.3217249 ], [ 134.4840088, 7.3215776 ], [ 134.4839783, 7.3214307 ], [ 134.4841156, 7.3211279 ], [ 134.4841309, 7.3208361 ], [ 134.484191900000013, 7.3206668 ], [ 134.4843445, 7.320539 ], [ 134.4844971, 7.3204279 ], [ 134.4847565, 7.3202887 ], [ 134.4849396, 7.3202305 ], [ 134.4850922, 7.3201332 ], [ 134.485168499999986, 7.3200307 ], [ 134.4852142, 7.3198776 ], [ 134.4852905, 7.3197694 ], [ 134.485321, 7.3195748 ], [ 134.4854431, 7.3194943 ], [ 134.4858246, 7.3194027 ], [ 134.4859009, 7.3190832 ], [ 134.486023, 7.3189669 ], [ 134.4861755, 7.318903 ], [ 134.486602799999986, 7.3189526 ], [ 134.4866486, 7.3189807 ], [ 134.4866486, 7.3190222 ], [ 134.4866333, 7.3190584 ], [ 134.4865265, 7.3191195 ], [ 134.486496, 7.3191748 ], [ 134.4864655, 7.319314 ], [ 134.486694300000011, 7.3196082 ], [ 134.486724900000013, 7.3198137 ], [ 134.486846899999989, 7.320128 ], [ 134.4867554, 7.3202944 ], [ 134.486602799999986, 7.3205195 ], [ 134.486480699999987, 7.3206167 ], [ 134.4864349, 7.3207555 ], [ 134.4865418, 7.3208971 ], [ 134.486587500000013, 7.3211279 ], [ 134.486724900000013, 7.3211222 ], [ 134.4867554, 7.3209806 ], [ 134.486846899999989, 7.3208861 ], [ 134.486969, 7.320786 ], [ 134.487091099999986, 7.3207111 ], [ 134.48703, 7.320653 ], [ 134.486953699999987, 7.3206415 ], [ 134.486969, 7.3205195 ], [ 134.487075800000014, 7.3203917 ], [ 134.487197900000012, 7.3203778 ], [ 134.4872894, 7.3202944 ], [ 134.4872131, 7.3202305 ], [ 134.487197900000012, 7.3200779 ], [ 134.4872437, 7.3199501 ], [ 134.4871521, 7.3197165 ], [ 134.487091099999986, 7.3196139 ], [ 134.487091099999986, 7.3194804 ], [ 134.4869995, 7.3192945 ], [ 134.486908, 7.3192554 ], [ 134.4868927, 7.3191776 ], [ 134.4868927, 7.3179221 ], [ 134.4868164, 7.3175807 ], [ 134.4867401, 7.3174195 ], [ 134.486480699999987, 7.3172221 ], [ 134.486480699999987, 7.3170862 ], [ 134.4864655, 7.3169332 ], [ 134.486496, 7.3168359 ], [ 134.4870148, 7.3167667 ], [ 134.487182600000011, 7.3166943 ], [ 134.4874878, 7.3164887 ], [ 134.487686200000013, 7.3164387 ], [ 134.487915, 7.3161054 ], [ 134.4879761, 7.3159833 ], [ 134.4878998, 7.3158026 ], [ 134.487793, 7.3156252 ], [ 134.487686200000013, 7.3154888 ], [ 134.4876404, 7.3152971 ], [ 134.487564099999986, 7.3148055 ], [ 134.4876404, 7.3145223 ], [ 134.487930299999988, 7.3140197 ], [ 134.4880981, 7.3136835 ], [ 134.4881744, 7.3135276 ], [ 134.4881744, 7.3132443 ], [ 134.4880066, 7.3132334 ], [ 134.4877625, 7.3133168 ], [ 134.4874878, 7.3132582 ], [ 134.487091099999986, 7.3133502 ], [ 134.486587500000013, 7.3134222 ], [ 134.4862824, 7.3134222 ], [ 134.486023, 7.3131638 ], [ 134.485763600000013, 7.3130112 ], [ 134.4854736, 7.3130584 ], [ 134.48526, 7.3132224 ], [ 134.4848175, 7.313561 ], [ 134.484436, 7.3138166 ], [ 134.4842529, 7.313839 ], [ 134.4840088, 7.3139305 ], [ 134.4840546, 7.314075 ], [ 134.4840393, 7.3142195 ], [ 134.483825700000011, 7.3143416 ], [ 134.4836731, 7.314364 ], [ 134.4835663, 7.3144612 ], [ 134.483581500000014, 7.3145137 ], [ 134.483581500000014, 7.3147001 ], [ 134.483612099999988, 7.3148804 ], [ 134.4836273, 7.315022 ], [ 134.4835358, 7.3151612 ], [ 134.4834137, 7.3152137 ], [ 134.4834595, 7.3155804 ], [ 134.483429, 7.3157473 ], [ 134.4833221, 7.3159304 ], [ 134.483352700000012, 7.3160086 ], [ 134.4835358, 7.316061 ], [ 134.4837341, 7.3161502 ], [ 134.4838409, 7.316164 ], [ 134.483825700000011, 7.3163109 ], [ 134.4837494, 7.3163166 ], [ 134.483718900000014, 7.3164697 ], [ 134.4836273, 7.3165169 ], [ 134.4831848, 7.316464 ], [ 134.4831696, 7.3163223 ], [ 134.483123799999987, 7.3161836 ], [ 134.4828949, 7.3160224 ], [ 134.4828339, 7.3159056 ], [ 134.4827271, 7.3157835 ], [ 134.4826965, 7.3155918 ], [ 134.4827118, 7.3154502 ], [ 134.4828949, 7.3153029 ], [ 134.4829407, 7.3149195 ], [ 134.48298650000001, 7.3147445 ], [ 134.4829254, 7.3145585 ], [ 134.4829254, 7.3143473 ], [ 134.4829559, 7.3142638 ], [ 134.4828033, 7.313828 ], [ 134.482650799999988, 7.313736 ], [ 134.482513399999988, 7.313736 ], [ 134.4823151, 7.3138528 ], [ 134.4820709, 7.3141112 ], [ 134.4818268, 7.3143501 ], [ 134.481567399999989, 7.314703 ], [ 134.481247, 7.3149252 ], [ 134.48092650000001, 7.3150001 ], [ 134.4806519, 7.314939 ], [ 134.4803772, 7.3150001 ], [ 134.4801941, 7.3151002 ], [ 134.4799652, 7.315239 ], [ 134.479751599999986, 7.3152447 ], [ 134.479538, 7.3152609 ], [ 134.479370100000011, 7.3153667 ], [ 134.4792481, 7.3154836 ], [ 134.4791107, 7.3156195 ], [ 134.47901920000001, 7.3159027 ], [ 134.4790955, 7.3160086 ], [ 134.4790955, 7.3162279 ], [ 134.47901920000001, 7.3164973 ], [ 134.4789276, 7.3167138 ], [ 134.4788666, 7.3169527 ], [ 134.478897100000012, 7.3171835 ], [ 134.4788361, 7.3172889 ], [ 134.4787598, 7.3173556 ], [ 134.478653, 7.3173862 ], [ 134.4786072, 7.3174973 ], [ 134.4786072, 7.3175335 ], [ 134.478653, 7.3175387 ], [ 134.4788208, 7.3175221 ], [ 134.4790039, 7.3174806 ], [ 134.4790955, 7.317564 ], [ 134.479171799999989, 7.3177276 ], [ 134.479141199999987, 7.3179832 ], [ 134.4793243, 7.3183055 ], [ 134.479385400000012, 7.3185167 ], [ 134.4793549, 7.3188973 ], [ 134.4794617, 7.3190556 ], [ 134.4796906, 7.3191724 ], [ 134.4798126, 7.3190804 ], [ 134.47995, 7.318922 ], [ 134.4800568, 7.3190751 ], [ 134.480072, 7.3193555 ], [ 134.4798889, 7.3195362 ], [ 134.47995, 7.3200808 ], [ 134.4799042, 7.3203335 ], [ 134.479766899999987, 7.3205085 ], [ 134.4797211, 7.3207555 ], [ 134.4797974, 7.3210197 ], [ 134.479995699999989, 7.3211055 ], [ 134.480331400000011, 7.3210836 ], [ 134.480728199999987, 7.3211694 ], [ 134.48092650000001, 7.3213167 ], [ 134.4810333, 7.3215971 ], [ 134.481201199999987, 7.322247 ], [ 134.4814758, 7.3229446 ], [ 134.481796300000013, 7.3231444 ], [ 134.4821167, 7.3231916 ], [ 134.482254, 7.3232722 ], [ 134.482391400000012, 7.3234196 ], [ 134.482757600000014, 7.323525 ], [ 134.4832001, 7.3234501 ], [ 134.483703600000013, 7.3234778 ], [ 134.4838715, 7.323647 ], [ 134.483825700000011, 7.3241472 ], [ 134.483963, 7.324275 ], [ 134.4839783, 7.3242221 ], [ 134.4840546, 7.3241334 ], [ 134.4845429, 7.3237915 ], [ 134.484664900000013, 7.3238139 ], [ 134.484787, 7.3237891 ], [ 134.4847987, 7.3237957 ], [ 134.4852448, 7.3240471 ], [ 134.48538210000001, 7.3241668 ], [ 134.4854736, 7.3240943 ], [ 134.4855804, 7.3241472 ], [ 134.485672, 7.3243027 ], [ 134.4859314, 7.3245335 ], [ 134.486007699999988, 7.3246946 ], [ 134.48634340000001, 7.3248529 ], [ 134.4864349, 7.3248529 ], [ 134.4865418, 7.3247891 ], [ 134.486709600000012, 7.3245721 ], [ 134.4868927, 7.3243918 ], [ 134.4871368, 7.3243361 ], [ 134.487197900000012, 7.324286 ], [ 134.4872284, 7.3242002 ], [ 134.4871521, 7.3240609 ], [ 134.4871521, 7.3239861 ], [ 134.4872131, 7.3239112 ], [ 134.4874878, 7.3238249 ], [ 134.487686200000013, 7.3235307 ], [ 134.4878388, 7.3234668 ], [ 134.4878693, 7.3233609 ], [ 134.4880676, 7.3232222 ], [ 134.4881134, 7.3231306 ], [ 134.4884949, 7.3229833 ], [ 134.4887238, 7.3228474 ], [ 134.488998400000014, 7.3228169 ], [ 134.489120500000013, 7.3227611 ], [ 134.4893189, 7.3225999 ], [ 134.489379899999989, 7.3224721 ], [ 134.489608800000013, 7.3222418 ], [ 134.48970030000001, 7.3222332 ], [ 134.4899139, 7.3222919 ], [ 134.4900513, 7.3223667 ], [ 134.4903717, 7.322578 ], [ 134.4906006, 7.3228002 ], [ 134.4907379, 7.3228388 ], [ 134.49086, 7.3228359 ], [ 134.4909058, 7.3229361 ], [ 134.4910736, 7.3230805 ], [ 134.4911957, 7.3229585 ], [ 134.491333, 7.3229222 ], [ 134.4914856, 7.3229556 ], [ 134.4915924, 7.3230109 ], [ 134.4916687, 7.3229971 ], [ 134.491684, 7.3229113 ], [ 134.4917297, 7.3228169 ], [ 134.4917297, 7.3226667 ], [ 134.4915619, 7.322125 ], [ 134.4916534, 7.3217692 ], [ 134.491745, 7.3215694 ], [ 134.4919128, 7.3213778 ], [ 134.4922333, 7.3211474 ], [ 134.492843599999986, 7.3208304 ], [ 134.493103, 7.3204889 ], [ 134.493347199999988, 7.3203335 ], [ 134.4936676, 7.3203669 ], [ 134.4937744, 7.3203416 ], [ 134.494659399999989, 7.319272 ], [ 134.4949188, 7.3191776 ], [ 134.4950867, 7.31915 ], [ 134.495285, 7.318964 ], [ 134.495468100000011, 7.3188777 ], [ 134.495575, 7.318903 ], [ 134.4959106, 7.3193498 ], [ 134.4962921, 7.3197165 ], [ 134.496429400000011, 7.3196611 ], [ 134.4963684, 7.3194804 ], [ 134.496429400000011, 7.3194165 ], [ 134.4966736, 7.3194251 ], [ 134.4968414, 7.3190475 ], [ 134.496704099999988, 7.3185611 ], [ 134.4966126, 7.3182359 ], [ 134.496688799999987, 7.3179832 ], [ 134.4966278, 7.3179221 ], [ 134.4965057, 7.3176665 ], [ 134.4965057, 7.3175693 ], [ 134.49655150000001, 7.3173304 ], [ 134.496521, 7.317214 ], [ 134.49646, 7.3170943 ], [ 134.4963837, 7.3170471 ], [ 134.4963684, 7.3169251 ], [ 134.4963989, 7.3167944 ], [ 134.4965363, 7.3165832 ], [ 134.496566800000011, 7.3164859 ], [ 134.4966736, 7.3164444 ], [ 134.4967804, 7.316278 ], [ 134.4968414, 7.3161416 ], [ 134.4969635, 7.3159695 ], [ 134.4971161, 7.3156915 ], [ 134.4972076, 7.3156056 ], [ 134.4973297, 7.3155308 ], [ 134.497528100000011, 7.3154974 ], [ 134.4976349, 7.3153276 ], [ 134.4977417, 7.3153334 ], [ 134.497909600000014, 7.3152556 ], [ 134.498169, 7.3151779 ], [ 134.4985046, 7.315053 ], [ 134.4987793, 7.3149862 ], [ 134.4991913, 7.314786 ], [ 134.4993744, 7.3146696 ], [ 134.499588, 7.3144279 ], [ 134.4996033, 7.3142915 ], [ 134.4996033, 7.3139277 ], [ 134.499588, 7.3135777 ], [ 134.499816900000013, 7.3134027 ], [ 134.5, 7.3133917 ], [ 134.5000916, 7.313386 ], [ 134.5003662, 7.3132224 ], [ 134.5004425, 7.3130999 ], [ 134.500427300000013, 7.3128748 ], [ 134.5004883, 7.3125973 ], [ 134.50053410000001, 7.3125057 ], [ 134.5006104, 7.3124471 ], [ 134.5007019, 7.3124442 ], [ 134.5008545, 7.3125248 ], [ 134.5008698, 7.3126192 ], [ 134.5008545, 7.3128109 ], [ 134.5007477, 7.3130307 ], [ 134.500778200000013, 7.3130832 ], [ 134.501022299999988, 7.3131113 ], [ 134.5012207, 7.313211 ], [ 134.5013428, 7.3131361 ], [ 134.501632699999988, 7.3131557 ], [ 134.5018005, 7.3130999 ], [ 134.501983599999988, 7.3130002 ], [ 134.502227799999986, 7.3127942 ], [ 134.5022888, 7.3127165 ], [ 134.5022888, 7.3126388 ], [ 134.5022583, 7.3125916 ], [ 134.502105699999987, 7.3125558 ], [ 134.5021668, 7.3122888 ], [ 134.5022736, 7.312078 ], [ 134.5023041, 7.3119555 ], [ 134.5022888, 7.3117471 ], [ 134.5022583, 7.3116221 ], [ 134.502243, 7.3114362 ], [ 134.502319300000011, 7.3113418 ], [ 134.5024414, 7.3112888 ], [ 134.5026703, 7.3113251 ], [ 134.5028687, 7.3112526 ], [ 134.5031281, 7.3112359 ], [ 134.503295900000012, 7.3112192 ], [ 134.503433199999989, 7.3111029 ], [ 134.50354, 7.3111138 ], [ 134.5036316, 7.3111501 ], [ 134.5037537, 7.311161 ], [ 134.503784200000013, 7.311203 ], [ 134.503906300000011, 7.3112526 ], [ 134.503952, 7.3113112 ], [ 134.504043599999989, 7.3116221 ], [ 134.504135100000013, 7.3117166 ], [ 134.504364, 7.3119693 ], [ 134.504501299999987, 7.3121915 ], [ 134.504531899999989, 7.3123388 ], [ 134.5046997, 7.312614 ], [ 134.5048065, 7.312686 ], [ 134.504989599999988, 7.3128667 ], [ 134.5050354, 7.3130446 ], [ 134.5051422, 7.3131084 ], [ 134.505233800000013, 7.3131251 ], [ 134.505340600000011, 7.3131113 ], [ 134.5054474, 7.3131723 ], [ 134.5055389, 7.3132472 ], [ 134.5055542, 7.3133612 ], [ 134.5055084, 7.3134222 ], [ 134.5052948, 7.313489 ], [ 134.505249, 7.3135777 ], [ 134.5052795, 7.313714 ], [ 134.505340600000011, 7.3138332 ], [ 134.505477899999988, 7.3141112 ], [ 134.5057831, 7.3143001 ], [ 134.505828900000012, 7.3143835 ], [ 134.5058594, 7.3144918 ], [ 134.5057526, 7.3149085 ], [ 134.5056458, 7.315022 ], [ 134.5054474, 7.315053 ], [ 134.505340600000011, 7.3149972 ], [ 134.5053558, 7.3147612 ], [ 134.5052643, 7.314661 ], [ 134.5051727, 7.3145304 ], [ 134.505004899999989, 7.3142276 ], [ 134.50485230000001, 7.3139582 ], [ 134.50485230000001, 7.3139415 ], [ 134.5047607, 7.3139334 ], [ 134.5046692, 7.314064 ], [ 134.504623400000014, 7.3143249 ], [ 134.504623400000014, 7.3145223 ], [ 134.5045929, 7.3147359 ], [ 134.504531899999989, 7.3149304 ], [ 134.5044403, 7.3150697 ], [ 134.5044861, 7.3152165 ], [ 134.5045624, 7.3154054 ], [ 134.504730200000012, 7.3155026 ], [ 134.5049286, 7.3155112 ], [ 134.5051575, 7.3155499 ], [ 134.505233800000013, 7.315589 ], [ 134.5053864, 7.3157835 ], [ 134.505706800000013, 7.3160944 ], [ 134.5057678, 7.3161974 ], [ 134.5059204, 7.3163695 ], [ 134.5060272, 7.3165388 ], [ 134.506057700000014, 7.3167 ], [ 134.5060272, 7.3167915 ], [ 134.505950899999988, 7.3168974 ], [ 134.5058746, 7.3170638 ], [ 134.5058441, 7.3171945 ], [ 134.5057373, 7.3178415 ], [ 134.505706800000013, 7.3181887 ], [ 134.5056152, 7.3185363 ], [ 134.505722100000014, 7.3185444 ], [ 134.5057678, 7.3183417 ], [ 134.5058746, 7.3181748 ], [ 134.5059967, 7.3181748 ], [ 134.506073, 7.3181944 ], [ 134.5061188, 7.3184304 ], [ 134.5059967, 7.3185778 ], [ 134.5059967, 7.3188558 ], [ 134.506073, 7.3189139 ], [ 134.5062256, 7.319036 ], [ 134.5063324, 7.319314 ], [ 134.5063324, 7.3194943 ], [ 134.506195100000014, 7.3196335 ], [ 134.5062103, 7.3198361 ], [ 134.5065155, 7.320025 ], [ 134.5066376, 7.3201971 ], [ 134.5068054, 7.3203778 ], [ 134.5069428, 7.3205085 ], [ 134.5071259, 7.320672 ], [ 134.507141100000013, 7.3208499 ], [ 134.5072784, 7.3209167 ], [ 134.5073547, 7.3208919 ], [ 134.5074463, 7.3207693 ], [ 134.50737, 7.3206472 ], [ 134.50724790000001, 7.3205557 ], [ 134.507141100000013, 7.3204751 ], [ 134.5070648, 7.3203807 ], [ 134.507019, 7.3203197 ], [ 134.507019, 7.3202109 ], [ 134.507034299999987, 7.3201304 ], [ 134.5070038, 7.3200278 ], [ 134.5069885, 7.3199081 ], [ 134.5070038, 7.3198223 ], [ 134.5069885, 7.3197498 ], [ 134.5069428, 7.3196974 ], [ 134.5068817, 7.3193946 ], [ 134.5068359, 7.3193278 ], [ 134.5068359, 7.319078 ], [ 134.506958, 7.3188248 ], [ 134.507034299999987, 7.3187332 ], [ 134.507141100000013, 7.3186917 ], [ 134.50724790000001, 7.3187361 ], [ 134.50737, 7.3187113 ], [ 134.507629400000013, 7.3188224 ], [ 134.507751500000012, 7.3188582 ], [ 134.5079193, 7.3188529 ], [ 134.5080719, 7.3188086 ], [ 134.508224500000011, 7.3186998 ], [ 134.5082855, 7.3184557 ], [ 134.50834660000001, 7.3183999 ], [ 134.5083771, 7.3183084 ], [ 134.5084229, 7.3182445 ], [ 134.5085297, 7.318203 ], [ 134.509079, 7.3181391 ], [ 134.509185800000012, 7.3180666 ], [ 134.5092926, 7.3180389 ], [ 134.5095825, 7.3180418 ], [ 134.5098877, 7.3181086 ], [ 134.5100555, 7.3181696 ], [ 134.510406499999988, 7.3183889 ], [ 134.5105438, 7.3185473 ], [ 134.5105743, 7.318625 ], [ 134.5105743, 7.3187137 ], [ 134.5104981, 7.3189583 ], [ 134.5103607, 7.3193054 ], [ 134.5103607, 7.3194332 ], [ 134.510421799999989, 7.3197861 ], [ 134.5104523, 7.3201361 ], [ 134.510437, 7.3202334 ], [ 134.5104675, 7.3202777 ], [ 134.510406499999988, 7.3203611 ], [ 134.5103607, 7.3204165 ], [ 134.5104523, 7.3204331 ], [ 134.5105743, 7.3204331 ], [ 134.5106812, 7.3204584 ], [ 134.5106812, 7.3205252 ], [ 134.510513300000014, 7.3206554 ], [ 134.510437, 7.3208027 ], [ 134.5104523, 7.3209748 ], [ 134.5104828, 7.3209834 ], [ 134.5105896, 7.3209333 ], [ 134.51074220000001, 7.320828 ], [ 134.510986300000013, 7.3206887 ], [ 134.511322, 7.3206167 ], [ 134.5114594, 7.3206554 ], [ 134.511489899999987, 7.3207445 ], [ 134.5115204, 7.3208499 ], [ 134.5115356, 7.3213749 ], [ 134.511581400000011, 7.3214974 ], [ 134.511581400000011, 7.3215971 ], [ 134.5115356, 7.3216581 ], [ 134.5114594, 7.3216696 ], [ 134.5111847, 7.3215752 ], [ 134.511123700000013, 7.3214665 ], [ 134.5110779, 7.3214083 ], [ 134.51091, 7.3214026 ], [ 134.510879499999987, 7.321486 ], [ 134.5108643, 7.3216028 ], [ 134.5108337, 7.3216558 ], [ 134.510849, 7.3217363 ], [ 134.5109558, 7.3218112 ], [ 134.511001599999986, 7.3219419 ], [ 134.5110474, 7.322 ], [ 134.5110626, 7.3221169 ], [ 134.511245699999989, 7.3224917 ], [ 134.511322, 7.3225722 ], [ 134.5114136, 7.3226137 ], [ 134.511489899999987, 7.322578 ], [ 134.5115509, 7.3225222 ], [ 134.5118103, 7.3221083 ], [ 134.5119019, 7.3220224 ], [ 134.5120239, 7.3219695 ], [ 134.512313799999987, 7.3219252 ], [ 134.512435900000014, 7.3219361 ], [ 134.512497, 7.3219609 ], [ 134.5125275, 7.3220277 ], [ 134.512542700000012, 7.3221445 ], [ 134.5124817, 7.3226972 ], [ 134.512542700000012, 7.3228169 ], [ 134.5126038, 7.3228998 ], [ 134.512680100000011, 7.3228722 ], [ 134.5131836, 7.322947 ], [ 134.5132446, 7.3230252 ], [ 134.51327520000001, 7.3231196 ], [ 134.51327520000001, 7.3232026 ], [ 134.5131226, 7.3233585 ], [ 134.5129852, 7.3235502 ], [ 134.5126495, 7.3236141 ], [ 134.51266480000001, 7.3239446 ], [ 134.5127106, 7.3242221 ], [ 134.512802099999988, 7.3243861 ], [ 134.5128632, 7.3245668 ], [ 134.5128937, 7.32475 ], [ 134.5128937, 7.3250971 ], [ 134.5130615, 7.3254724 ], [ 134.5131073, 7.3256722 ], [ 134.513153100000011, 7.3259916 ], [ 134.5131989, 7.3261418 ], [ 134.5132141, 7.3264251 ], [ 134.513290399999988, 7.3265557 ], [ 134.513519300000013, 7.3267946 ], [ 134.5135498, 7.3268776 ], [ 134.5135803, 7.3270526 ], [ 134.5135498, 7.3271942 ], [ 134.5134735, 7.3273139 ], [ 134.513382, 7.3275585 ], [ 134.513412499999987, 7.3276277 ], [ 134.5136108, 7.3277555 ], [ 134.5136871, 7.3278279 ], [ 134.5137329, 7.3279138 ], [ 134.5137329, 7.328022 ], [ 134.5136871, 7.3282137 ], [ 134.513885499999986, 7.328464 ], [ 134.513900799999988, 7.3287835 ], [ 134.513855, 7.3288889 ], [ 134.5140839, 7.3290391 ], [ 134.5141907, 7.329164 ], [ 134.5141907, 7.329422 ], [ 134.51409910000001, 7.3294916 ], [ 134.513992300000012, 7.3295498 ], [ 134.513916, 7.3296166 ], [ 134.5137177, 7.3297248 ], [ 134.5136108, 7.3297277 ], [ 134.5134583, 7.3295641 ], [ 134.5134735, 7.3295112 ], [ 134.5135651, 7.329361 ], [ 134.513534600000014, 7.3291888 ], [ 134.513534600000014, 7.3291221 ], [ 134.5135803, 7.3290415 ], [ 134.5135803, 7.3289666 ], [ 134.5134583, 7.3290081 ], [ 134.513382, 7.3290916 ], [ 134.51327520000001, 7.3293304 ], [ 134.513305699999989, 7.3294001 ], [ 134.5133514, 7.3294501 ], [ 134.5133667, 7.3295169 ], [ 134.5135498, 7.3297029 ], [ 134.5135803, 7.3297696 ], [ 134.51362610000001, 7.3300805 ], [ 134.5136108, 7.3303638 ], [ 134.5137024, 7.3305974 ], [ 134.5137177, 7.3307362 ], [ 134.5138245, 7.3308945 ], [ 134.51409910000001, 7.3310609 ], [ 134.5141754, 7.3311472 ], [ 134.5141602, 7.3312473 ], [ 134.51409910000001, 7.3313055 ], [ 134.513870200000014, 7.3313584 ], [ 134.513763399999988, 7.3313193 ], [ 134.5136719, 7.3312583 ], [ 134.513534600000014, 7.3310752 ], [ 134.5134888, 7.3311029 ], [ 134.5134735, 7.3312221 ], [ 134.513412499999987, 7.3312502 ], [ 134.513397200000014, 7.3313055 ], [ 134.5133667, 7.3313527 ], [ 134.5133514, 7.3314276 ], [ 134.513397200000014, 7.3315306 ], [ 134.5135803, 7.3316722 ], [ 134.51362610000001, 7.3317499 ], [ 134.513641400000012, 7.3319001 ], [ 134.51362610000001, 7.3320637 ], [ 134.5135956, 7.3321528 ], [ 134.5134735, 7.3321557 ], [ 134.513412499999987, 7.3321137 ], [ 134.5132294, 7.3320832 ], [ 134.5132141, 7.3318276 ], [ 134.5131683, 7.3317361 ], [ 134.5130768, 7.3316889 ], [ 134.51297, 7.3316665 ], [ 134.5128326, 7.331861 ], [ 134.5127564, 7.3318915 ], [ 134.5127106, 7.3319359 ], [ 134.512680100000011, 7.3320084 ], [ 134.5126038, 7.3320417 ], [ 134.5125122, 7.3320417 ], [ 134.512435900000014, 7.3320141 ], [ 134.5123901, 7.331872 ], [ 134.512207, 7.3320804 ], [ 134.512069700000012, 7.3321276 ], [ 134.5119324, 7.3321557 ], [ 134.511856099999989, 7.3321528 ], [ 134.5117645, 7.3321109 ], [ 134.511718800000011, 7.3320584 ], [ 134.511673, 7.3320446 ], [ 134.51170350000001, 7.3318472 ], [ 134.5115509, 7.3319249 ], [ 134.5114441, 7.3320084 ], [ 134.5113983, 7.3321137 ], [ 134.511322, 7.3321776 ], [ 134.5113068, 7.3322749 ], [ 134.5113373, 7.3323498 ], [ 134.511290699999989, 7.3324653 ], [ 134.511261, 7.3325391 ], [ 134.5111847, 7.3326945 ], [ 134.511123700000013, 7.3327417 ], [ 134.5110321, 7.3327556 ], [ 134.511001599999986, 7.33285 ], [ 134.5109406, 7.3329639 ], [ 134.510849, 7.3330555 ], [ 134.5107727, 7.3331833 ], [ 134.5106812, 7.3335862 ], [ 134.510635400000012, 7.3337169 ], [ 134.5104675, 7.3339696 ], [ 134.510406499999988, 7.3341279 ], [ 134.510391199999987, 7.3341947 ], [ 134.510406499999988, 7.3342695 ], [ 134.5104523, 7.3344808 ], [ 134.510421799999989, 7.3344998 ], [ 134.510406499999988, 7.334547 ], [ 134.510406499999988, 7.3346305 ], [ 134.510391199999987, 7.334722 ], [ 134.5103302, 7.3347836 ], [ 134.5102539, 7.334836 ], [ 134.510147100000012, 7.3348751 ], [ 134.509918199999987, 7.3349195 ], [ 134.509933499999988, 7.3349891 ], [ 134.509918199999987, 7.3350554 ], [ 134.5098877, 7.3351388 ], [ 134.5098724, 7.335228 ], [ 134.5099487, 7.335464 ], [ 134.509964, 7.3356195 ], [ 134.509933499999988, 7.3357081 ], [ 134.5098572, 7.3357916 ], [ 134.50978090000001, 7.3358307 ], [ 134.5097046, 7.3359137 ], [ 134.5095825, 7.3359613 ], [ 134.5094757, 7.3359585 ], [ 134.50930790000001, 7.335825 ], [ 134.509323099999989, 7.3360581 ], [ 134.5094147, 7.3363056 ], [ 134.509567299999986, 7.3365889 ], [ 134.5096436, 7.3366447 ], [ 134.509658800000011, 7.3367391 ], [ 134.5095978, 7.3368835 ], [ 134.5094147, 7.3370028 ], [ 134.509323099999989, 7.3371058 ], [ 134.5090942, 7.3372502 ], [ 134.508956899999987, 7.3372335 ], [ 134.508834799999988, 7.3371639 ], [ 134.508712800000012, 7.3370943 ], [ 134.508590700000013, 7.3368416 ], [ 134.508575400000012, 7.3367391 ], [ 134.508575400000012, 7.3366833 ], [ 134.508606, 7.3366222 ], [ 134.508575400000012, 7.3364778 ], [ 134.5086823, 7.3363943 ], [ 134.5086823, 7.3363557 ], [ 134.5086212, 7.3363304 ], [ 134.5085449, 7.3363276 ], [ 134.5085297, 7.3363891 ], [ 134.5085449, 7.3364363 ], [ 134.5084534, 7.3365417 ], [ 134.5085449, 7.3366499 ], [ 134.508468599999986, 7.3367724 ], [ 134.5085297, 7.3369141 ], [ 134.5085602, 7.337111 ], [ 134.508606, 7.3371863 ], [ 134.5087585, 7.3373585 ], [ 134.5089417, 7.3374252 ], [ 134.5090027, 7.3374915 ], [ 134.509079, 7.337625 ], [ 134.5090942, 7.3378863 ], [ 134.508972199999988, 7.3380055 ], [ 134.5089111, 7.3380165 ], [ 134.508712800000012, 7.3380776 ], [ 134.5085297, 7.3381558 ], [ 134.5083008, 7.3383417 ], [ 134.5081635, 7.33845 ], [ 134.508102400000013, 7.338511 ], [ 134.508102400000013, 7.3386307 ], [ 134.5079498, 7.3388639 ], [ 134.507888799999989, 7.3389835 ], [ 134.507873499999988, 7.339097 ], [ 134.507751500000012, 7.3391776 ], [ 134.5076599, 7.3391585 ], [ 134.5075684, 7.3391638 ], [ 134.507522599999987, 7.3394055 ], [ 134.507309, 7.3395724 ], [ 134.5070801, 7.3396249 ], [ 134.5069885, 7.3397331 ], [ 134.506897, 7.3398194 ], [ 134.5067291, 7.3398972 ], [ 134.5065308, 7.3399501 ], [ 134.5064087, 7.3399501 ], [ 134.5066223, 7.3400917 ], [ 134.5066986, 7.340189 ], [ 134.5067139, 7.3402915 ], [ 134.5066986, 7.3405361 ], [ 134.5066376, 7.3406196 ], [ 134.506439199999988, 7.3408055 ], [ 134.5063477, 7.3409777 ], [ 134.506012, 7.341228 ], [ 134.5059357, 7.3415279 ], [ 134.5058899, 7.3416224 ], [ 134.5058441, 7.3417029 ], [ 134.5057831, 7.3416944 ], [ 134.505706800000013, 7.3417583 ], [ 134.505706800000013, 7.3419223 ], [ 134.505828900000012, 7.3420138 ], [ 134.5057526, 7.342103 ], [ 134.505706800000013, 7.3421807 ], [ 134.5056152, 7.3421722 ], [ 134.5055695, 7.342278 ], [ 134.5055084, 7.3423085 ], [ 134.505477899999988, 7.342289 ], [ 134.5054321, 7.3423085 ], [ 134.5054321, 7.34235 ], [ 134.505340600000011, 7.3424668 ], [ 134.505340600000011, 7.3425612 ], [ 134.505233800000013, 7.3426776 ], [ 134.505111699999986, 7.342886 ], [ 134.5050507, 7.342947 ], [ 134.5049744, 7.3429999 ], [ 134.504745500000013, 7.3430305 ], [ 134.504715, 7.3430834 ], [ 134.5046845, 7.3431554 ], [ 134.5045929, 7.3432584 ], [ 134.5045776, 7.3433251 ], [ 134.504623400000014, 7.3434668 ], [ 134.504623400000014, 7.3435669 ], [ 134.5045929, 7.3436055 ], [ 134.5044861, 7.3436418 ], [ 134.5044861, 7.3436804 ], [ 134.504531899999989, 7.3436971 ], [ 134.5045929, 7.3437443 ], [ 134.5046082, 7.343811 ], [ 134.5045776, 7.3439331 ], [ 134.5045929, 7.3440971 ], [ 134.504501299999987, 7.3441777 ], [ 134.5045929, 7.3441916 ], [ 134.5045929, 7.3441944 ], [ 134.5048218, 7.344336 ], [ 134.505096400000014, 7.3444252 ], [ 134.5051575, 7.3446193 ], [ 134.5052948, 7.344728 ], [ 134.5054016, 7.3449721 ], [ 134.5056763, 7.3451667 ], [ 134.5058441, 7.3453999 ], [ 134.505950899999988, 7.3454943 ], [ 134.5061493, 7.345922 ], [ 134.5062256, 7.3465943 ], [ 134.506179800000012, 7.3467722 ], [ 134.5061188, 7.3470221 ], [ 134.5063171, 7.3473306 ], [ 134.5062714, 7.3476501 ], [ 134.5064087, 7.347961 ], [ 134.5065765, 7.3480835 ], [ 134.5066376, 7.3482223 ], [ 134.5067444, 7.3483443 ], [ 134.5067291, 7.3486276 ], [ 134.506897, 7.3488388 ], [ 134.506927499999989, 7.3489971 ], [ 134.5069428, 7.3490362 ], [ 134.506958, 7.3491082 ], [ 134.506927499999989, 7.3491721 ], [ 134.506927499999989, 7.3492389 ], [ 134.507034299999987, 7.3493276 ], [ 134.507156400000014, 7.3495336 ], [ 134.5072784, 7.3495808 ], [ 134.5074616, 7.3495693 ], [ 134.507507299999986, 7.3496165 ], [ 134.5075378, 7.3497057 ], [ 134.5077972, 7.3497725 ], [ 134.5079651, 7.3497334 ], [ 134.5081329, 7.3497334 ], [ 134.508239800000013, 7.3497138 ], [ 134.508468599999986, 7.3495998 ], [ 134.5085449, 7.3495946 ], [ 134.5091095, 7.3493724 ], [ 134.5093536, 7.3492918 ], [ 134.5093994, 7.3493333 ], [ 134.5093384, 7.3493667 ], [ 134.50914, 7.3494387 ], [ 134.5088654, 7.3495359 ], [ 134.5086823, 7.3496165 ], [ 134.5085297, 7.3496695 ], [ 134.5083771, 7.3497415 ], [ 134.5082855, 7.3498139 ], [ 134.508224500000011, 7.349864 ], [ 134.50820920000001, 7.3498778 ], [ 134.5081787, 7.3499723 ], [ 134.508194, 7.3501139 ], [ 134.508239800000013, 7.3501668 ], [ 134.508361799999989, 7.3502307 ], [ 134.508499199999989, 7.3503528 ], [ 134.508590700000013, 7.3504472 ], [ 134.508606, 7.3504944 ], [ 134.508575400000012, 7.3505249 ], [ 134.508499199999989, 7.350739 ], [ 134.5084229, 7.3507724 ], [ 134.508239800000013, 7.3510499 ], [ 134.5081482, 7.3510919 ], [ 134.5080719, 7.3511944 ], [ 134.508010899999988, 7.3512445 ], [ 134.5079346, 7.3512473 ], [ 134.5078583, 7.3513475 ], [ 134.507888799999989, 7.3514276 ], [ 134.507873499999988, 7.3514972 ], [ 134.507843, 7.3515863 ], [ 134.507843, 7.3515945 ], [ 134.507751500000012, 7.3517194 ], [ 134.5075989, 7.3516946 ], [ 134.5075684, 7.3517222 ], [ 134.5076599, 7.3517585 ], [ 134.507721, 7.3518086 ], [ 134.507782, 7.351922 ], [ 134.507736200000011, 7.3520389 ], [ 134.507736200000011, 7.3521223 ], [ 134.5077667, 7.3522306 ], [ 134.5077667, 7.3524332 ], [ 134.5077057, 7.3527803 ], [ 134.507629400000013, 7.3530335 ], [ 134.5074768, 7.3533692 ], [ 134.5073395, 7.3535333 ], [ 134.5070953, 7.3536668 ], [ 134.5068359, 7.3537693 ], [ 134.5066376, 7.3539252 ], [ 134.5065155, 7.3539805 ], [ 134.5055542, 7.3541803 ], [ 134.505340600000011, 7.3542113 ], [ 134.505111699999986, 7.3542056 ], [ 134.5049286, 7.3543553 ], [ 134.504745500000013, 7.3544169 ], [ 134.5045929, 7.3544612 ], [ 134.5042267, 7.3544917 ], [ 134.5039368, 7.3545585 ], [ 134.5036926, 7.3546915 ], [ 134.5034485, 7.3548055 ], [ 134.503295900000012, 7.354836 ], [ 134.503204399999987, 7.3549223 ], [ 134.5030365, 7.3550334 ], [ 134.5028687, 7.3551054 ], [ 134.5027313, 7.3551359 ], [ 134.5024872, 7.3552418 ], [ 134.502334600000012, 7.3552694 ], [ 134.502121, 7.3552251 ], [ 134.5020294, 7.3552303 ], [ 134.50196840000001, 7.3552804 ], [ 134.5019074, 7.3554416 ], [ 134.5017853, 7.3555193 ], [ 134.5015564, 7.3555861 ], [ 134.50100710000001, 7.3555999 ], [ 134.500824, 7.3555803 ], [ 134.5007172, 7.3555584 ], [ 134.500427300000013, 7.3554473 ], [ 134.5002441, 7.3554053 ], [ 134.5001526, 7.355464 ], [ 134.5, 7.3555331 ], [ 134.4998779, 7.3555918 ], [ 134.4994659, 7.355639 ], [ 134.499221799999987, 7.3556418 ], [ 134.498977700000012, 7.3556914 ], [ 134.4988098, 7.3557057 ], [ 134.4985199, 7.3555307 ], [ 134.4984436, 7.3555307 ], [ 134.4983978, 7.3555861 ], [ 134.4983063, 7.3556418 ], [ 134.498153699999989, 7.3557029 ], [ 134.498016400000012, 7.3557305 ], [ 134.4976196, 7.3557639 ], [ 134.4975586, 7.3558054 ] ], [ [ 134.5145111, 7.3334694 ], [ 134.514495899999986, 7.3336806 ], [ 134.5145721, 7.3338833 ], [ 134.5146637, 7.3340082 ], [ 134.5148773, 7.3340082 ], [ 134.5149994, 7.3339362 ], [ 134.5152435, 7.33355 ], [ 134.5153046, 7.3334804 ], [ 134.515548700000011, 7.3334804 ], [ 134.5156555, 7.3334165 ], [ 134.515823399999988, 7.3330193 ], [ 134.5160065, 7.3328471 ], [ 134.516311699999989, 7.332675 ], [ 134.5164337, 7.3326526 ], [ 134.516647299999988, 7.3327112 ], [ 134.5168152, 7.3326249 ], [ 134.516784699999988, 7.3324113 ], [ 134.5167236, 7.3322277 ], [ 134.51651, 7.3322277 ], [ 134.5164337, 7.3322334 ], [ 134.5163422, 7.3320332 ], [ 134.516311699999989, 7.3318582 ], [ 134.5162659, 7.331625 ], [ 134.5162354, 7.3315139 ], [ 134.5163574, 7.3313527 ], [ 134.5165863, 7.3312974 ], [ 134.516784699999988, 7.3311415 ], [ 134.516876200000013, 7.3310137 ], [ 134.51712040000001, 7.3309279 ], [ 134.5175324, 7.3308473 ], [ 134.5176697, 7.3308082 ], [ 134.5177155, 7.3306751 ], [ 134.5176544, 7.3304334 ], [ 134.5174103, 7.3304863 ], [ 134.5172272, 7.3304639 ], [ 134.5169067, 7.3303471 ], [ 134.516784699999988, 7.3304057 ], [ 134.516662599999989, 7.3305721 ], [ 134.516647299999988, 7.3307777 ], [ 134.5164795, 7.3308363 ], [ 134.5163269, 7.3307777 ], [ 134.5161133, 7.3309336 ], [ 134.516037, 7.3309336 ], [ 134.5158997, 7.3308582 ], [ 134.5156708, 7.3308473 ], [ 134.515548700000011, 7.3309169 ], [ 134.5152893, 7.3314166 ], [ 134.5151062, 7.3315778 ], [ 134.51474, 7.3318138 ], [ 134.5144501, 7.3318639 ], [ 134.514373799999987, 7.3320613 ], [ 134.5145569, 7.3323307 ], [ 134.5146179, 7.3323307 ], [ 134.51474, 7.3325248 ], [ 134.514846799999987, 7.3325725 ], [ 134.5148773, 7.332614 ], [ 134.5146637, 7.3331137 ], [ 134.5145111, 7.3334694 ] ], [ [ 134.5144043, 7.3195529 ], [ 134.514328, 7.3195028 ], [ 134.5140228, 7.3195195 ], [ 134.513763399999988, 7.319664 ], [ 134.5136719, 7.3196807 ], [ 134.5135651, 7.319725 ], [ 134.513519300000013, 7.3198085 ], [ 134.513382, 7.3198166 ], [ 134.51327520000001, 7.3200111 ], [ 134.5131836, 7.3201418 ], [ 134.5130768, 7.3203139 ], [ 134.513031, 7.3204446 ], [ 134.5130005, 7.3206029 ], [ 134.51313780000001, 7.3208194 ], [ 134.513290399999988, 7.3209944 ], [ 134.5134277, 7.3211803 ], [ 134.5134583, 7.3212609 ], [ 134.513534600000014, 7.3213916 ], [ 134.5137024, 7.3214641 ], [ 134.513870200000014, 7.3216529 ], [ 134.513900799999988, 7.3217306 ], [ 134.5139313, 7.3218112 ], [ 134.5139313, 7.3218947 ], [ 134.513900799999988, 7.3219914 ], [ 134.5140381, 7.3222141 ], [ 134.5141602, 7.3223696 ], [ 134.5142975, 7.3226833 ], [ 134.51474, 7.3230891 ], [ 134.514831500000014, 7.3231053 ], [ 134.5148773, 7.3231721 ], [ 134.5148926, 7.3233557 ], [ 134.5149231, 7.3234696 ], [ 134.514968900000014, 7.3235083 ], [ 134.514968900000014, 7.3236055 ], [ 134.5150452, 7.3238473 ], [ 134.5151215, 7.323936 ], [ 134.5152588, 7.3239613 ], [ 134.5152893, 7.3238306 ], [ 134.515319799999986, 7.3235445 ], [ 134.5153503, 7.3234224 ], [ 134.5153046, 7.3233752 ], [ 134.5153046, 7.3233333 ], [ 134.5153656, 7.3233304 ], [ 134.5153961, 7.3231916 ], [ 134.5153961, 7.3231139 ], [ 134.515319799999986, 7.3229919 ], [ 134.5152741, 7.3229332 ], [ 134.5151367, 7.3226776 ], [ 134.5150452, 7.3224249 ], [ 134.5150147, 7.3223109 ], [ 134.5150147, 7.3221002 ], [ 134.5148773, 7.3217363 ], [ 134.514862099999988, 7.3216581 ], [ 134.514862099999988, 7.3215251 ], [ 134.5147553, 7.3213582 ], [ 134.5146942, 7.3213224 ], [ 134.5146637, 7.3212194 ], [ 134.5146637, 7.3210945 ], [ 134.514724699999988, 7.3208585 ], [ 134.5146332, 7.3206444 ], [ 134.514602700000012, 7.3205276 ], [ 134.5146179, 7.3199806 ], [ 134.514587400000011, 7.3198333 ], [ 134.5145111, 7.3197279 ], [ 134.514465300000012, 7.3196306 ], [ 134.5144043, 7.3195529 ] ], [ [ 134.4854431, 7.3149915 ], [ 134.486007699999988, 7.3146501 ], [ 134.4862518, 7.3142748 ], [ 134.4862824, 7.3141112 ], [ 134.4863281, 7.3140197 ], [ 134.4865723, 7.3142304 ], [ 134.4868927, 7.3143001 ], [ 134.487442, 7.3141723 ], [ 134.4875031, 7.3137722 ], [ 134.4872894, 7.3135972 ], [ 134.487091099999986, 7.3134804 ], [ 134.4868774, 7.3134804 ], [ 134.4865418, 7.3135276 ], [ 134.486358599999988, 7.3136444 ], [ 134.4862671, 7.3136444 ], [ 134.4860687, 7.3134918 ], [ 134.4855652, 7.3134556 ], [ 134.485137900000012, 7.3135028 ], [ 134.4849396, 7.3137612 ], [ 134.484726, 7.3139501 ], [ 134.4846191, 7.3140888 ], [ 134.4847412, 7.3144527 ], [ 134.4850159, 7.3147917 ], [ 134.4851074, 7.3149667 ], [ 134.4853363, 7.3150029 ], [ 134.4854431, 7.3149915 ] ], [ [ 134.46928410000001, 7.3200083 ], [ 134.4690704, 7.3200584 ], [ 134.4690094, 7.3201361 ], [ 134.469039900000013, 7.3202305 ], [ 134.4691925, 7.3202581 ], [ 134.46928410000001, 7.3204279 ], [ 134.469406099999986, 7.3207278 ], [ 134.469421399999987, 7.3209887 ], [ 134.469406099999986, 7.3212724 ], [ 134.4693756, 7.3214779 ], [ 134.4693298, 7.3219609 ], [ 134.469406099999986, 7.3221612 ], [ 134.469512900000012, 7.3222585 ], [ 134.46975710000001, 7.3221054 ], [ 134.4699707, 7.3219276 ], [ 134.4699402, 7.3218141 ], [ 134.4701538, 7.3216085 ], [ 134.4701996, 7.3212695 ], [ 134.470260599999989, 7.3211222 ], [ 134.470382699999988, 7.3206167 ], [ 134.470489500000014, 7.320539 ], [ 134.470504799999986, 7.320303 ], [ 134.470382699999988, 7.3202276 ], [ 134.4702759, 7.3200917 ], [ 134.470047, 7.3200083 ], [ 134.4697418, 7.3199444 ], [ 134.46928410000001, 7.3200083 ] ], [ [ 134.500351, 7.3094611 ], [ 134.5002594, 7.3095193 ], [ 134.5002594, 7.3095803 ], [ 134.500289900000013, 7.3096528 ], [ 134.500305200000014, 7.3097501 ], [ 134.5003204, 7.3098998 ], [ 134.500198399999988, 7.3101416 ], [ 134.5002289, 7.3102331 ], [ 134.5002594, 7.3103471 ], [ 134.500351, 7.3105001 ], [ 134.500412, 7.3106446 ], [ 134.5005035, 7.3107777 ], [ 134.5005646, 7.3108611 ], [ 134.500656099999986, 7.3109751 ], [ 134.5007019, 7.3110113 ], [ 134.5008087, 7.3110113 ], [ 134.5009155, 7.3109832 ], [ 134.5010986, 7.3109665 ], [ 134.501266500000014, 7.3109613 ], [ 134.5014191, 7.3109722 ], [ 134.5015564, 7.3109417 ], [ 134.501724200000012, 7.310914 ], [ 134.5017853, 7.3108859 ], [ 134.501846300000011, 7.3108611 ], [ 134.5019074, 7.3108168 ], [ 134.5019074, 7.3107472 ], [ 134.5018768, 7.3107028 ], [ 134.5018158, 7.310678 ], [ 134.5017853, 7.3105998 ], [ 134.501724200000012, 7.3104334 ], [ 134.501617399999986, 7.3103361 ], [ 134.5015411, 7.3103166 ], [ 134.5014648, 7.3101668 ], [ 134.501510599999989, 7.3100333 ], [ 134.5014801, 7.3099999 ], [ 134.501297, 7.3098831 ], [ 134.501266500000014, 7.3097887 ], [ 134.5012207, 7.3096943 ], [ 134.5010529, 7.3096442 ], [ 134.5009613, 7.3095722 ], [ 134.5009155, 7.3095279 ], [ 134.500778200000013, 7.309475 ], [ 134.5007324, 7.3093944 ], [ 134.500656099999986, 7.3093252 ], [ 134.5005951, 7.3093276 ], [ 134.5005646, 7.3093667 ], [ 134.5005646, 7.3094277 ], [ 134.5005188, 7.3094554 ], [ 134.500473, 7.3094554 ], [ 134.500412, 7.3094363 ], [ 134.500351, 7.3094611 ] ], [ [ 134.484726, 7.3165612 ], [ 134.4849396, 7.3166971 ], [ 134.4854431, 7.3167334 ], [ 134.4855652, 7.3166556 ], [ 134.4856567, 7.316536 ], [ 134.4857941, 7.3161974 ], [ 134.4858246, 7.3160305 ], [ 134.4858093, 7.315928 ], [ 134.485748300000012, 7.3157749 ], [ 134.4857178, 7.3155918 ], [ 134.485641500000014, 7.3154416 ], [ 134.4853363, 7.3153749 ], [ 134.485168499999986, 7.315414 ], [ 134.485061699999989, 7.315475 ], [ 134.4849396, 7.3154416 ], [ 134.48477170000001, 7.3154197 ], [ 134.4846039, 7.3154974 ], [ 134.4844666, 7.3155637 ], [ 134.4844055, 7.3157501 ], [ 134.4842224, 7.3159499 ], [ 134.4841156, 7.3160195 ], [ 134.4841156, 7.3161502 ], [ 134.4842377, 7.3162751 ], [ 134.484375, 7.3163805 ], [ 134.4845123, 7.3164916 ], [ 134.484726, 7.3165612 ] ], [ [ 134.5122681, 7.3331223 ], [ 134.5121613, 7.3330612 ], [ 134.5119934, 7.3330917 ], [ 134.511795, 7.3332667 ], [ 134.5116425, 7.3333335 ], [ 134.5115051, 7.3333612 ], [ 134.511352499999987, 7.3333888 ], [ 134.5111542, 7.3335028 ], [ 134.511093100000011, 7.3336668 ], [ 134.511093100000011, 7.3338695 ], [ 134.5111389, 7.3340778 ], [ 134.5111847, 7.3342557 ], [ 134.5112, 7.3343916 ], [ 134.5114288, 7.3345556 ], [ 134.5115204, 7.3346 ], [ 134.51170350000001, 7.3346086 ], [ 134.5118713, 7.3345919 ], [ 134.511947600000013, 7.3345389 ], [ 134.512054400000011, 7.3344779 ], [ 134.5121155, 7.3343835 ], [ 134.5121155, 7.3343248 ], [ 134.512085, 7.3342443 ], [ 134.5121002, 7.3341308 ], [ 134.5122376, 7.3339748 ], [ 134.5123596, 7.3337445 ], [ 134.5124054, 7.3336501 ], [ 134.5124207, 7.3335028 ], [ 134.5122681, 7.3331223 ] ], [ [ 134.467498799999987, 7.325922 ], [ 134.4674377, 7.3261919 ], [ 134.4676514, 7.3264999 ], [ 134.46818540000001, 7.3268724 ], [ 134.468582199999986, 7.3270583 ], [ 134.4686585, 7.3270192 ], [ 134.4687805, 7.326478 ], [ 134.4688568, 7.326314 ], [ 134.4689789, 7.3262029 ], [ 134.46914670000001, 7.3260779 ], [ 134.469223, 7.3259807 ], [ 134.469162, 7.3258057 ], [ 134.4690094, 7.3257194 ], [ 134.4688721, 7.3256946 ], [ 134.4685364, 7.3258419 ], [ 134.4682617, 7.3258915 ], [ 134.4678803, 7.3257666 ], [ 134.467498799999987, 7.325922 ] ], [ [ 134.5150299, 7.3279834 ], [ 134.5150909, 7.3280416 ], [ 134.5152588, 7.3280335 ], [ 134.5153503, 7.3279748 ], [ 134.515335099999987, 7.3278332 ], [ 134.5152283, 7.3277054 ], [ 134.5153809, 7.327539 ], [ 134.5154877, 7.327322 ], [ 134.5154877, 7.3271222 ], [ 134.5153961, 7.326911 ], [ 134.5151672, 7.3267388 ], [ 134.5151062, 7.326664 ], [ 134.51506040000001, 7.3264389 ], [ 134.5149841, 7.326261 ], [ 134.514831500000014, 7.3261113 ], [ 134.5147095, 7.3260641 ], [ 134.514587400000011, 7.3259974 ], [ 134.514480600000013, 7.3260722 ], [ 134.5145264, 7.3264918 ], [ 134.5147095, 7.3268971 ], [ 134.514724699999988, 7.3271499 ], [ 134.514587400000011, 7.3274193 ], [ 134.5145721, 7.327661 ], [ 134.5146942, 7.3278556 ], [ 134.5147705, 7.3278389 ], [ 134.5148773, 7.3277946 ], [ 134.5149994, 7.3278165 ], [ 134.5150299, 7.3279834 ] ], [ [ 134.5123596, 7.3347859 ], [ 134.5123901, 7.3349137 ], [ 134.512451199999987, 7.3349972 ], [ 134.512558, 7.335053 ], [ 134.51266480000001, 7.3350668 ], [ 134.5127869, 7.335053 ], [ 134.5128784, 7.3349862 ], [ 134.512924199999986, 7.3349114 ], [ 134.51297, 7.3348475 ], [ 134.5131683, 7.3347111 ], [ 134.5132294, 7.3346391 ], [ 134.5132599, 7.3345194 ], [ 134.5131836, 7.3341498 ], [ 134.5131989, 7.3340335 ], [ 134.5132599, 7.3339443 ], [ 134.513290399999988, 7.3337641 ], [ 134.513443, 7.3336554 ], [ 134.5134583, 7.3335724 ], [ 134.513443, 7.3334918 ], [ 134.513305699999989, 7.3334556 ], [ 134.5132294, 7.3334832 ], [ 134.513153100000011, 7.3335109 ], [ 134.513092, 7.3335915 ], [ 134.512908900000014, 7.3337221 ], [ 134.5128632, 7.3338056 ], [ 134.5128632, 7.3340778 ], [ 134.5128326, 7.3342195 ], [ 134.5127564, 7.3343 ], [ 134.5126343, 7.3343554 ], [ 134.5125275, 7.3344498 ], [ 134.512497, 7.3345389 ], [ 134.5123596, 7.3347859 ] ], [ [ 134.5103455, 7.3361001 ], [ 134.5103302, 7.336164 ], [ 134.5103607, 7.3362141 ], [ 134.510376, 7.3362584 ], [ 134.510406499999988, 7.3362889 ], [ 134.5106049, 7.3363252 ], [ 134.51074220000001, 7.3363891 ], [ 134.5108032, 7.3364363 ], [ 134.5109253, 7.3365583 ], [ 134.5109711, 7.3367109 ], [ 134.511108400000012, 7.3368387 ], [ 134.5114136, 7.3369279 ], [ 134.5114594, 7.3369584 ], [ 134.511474600000014, 7.3370085 ], [ 134.5115051, 7.3370166 ], [ 134.5115356, 7.3370137 ], [ 134.5115356, 7.3369417 ], [ 134.5116272, 7.3367887 ], [ 134.5116425, 7.3367252 ], [ 134.511734, 7.3366194 ], [ 134.511734, 7.3365054 ], [ 134.5117798, 7.3364806 ], [ 134.5118256, 7.3363943 ], [ 134.5118103, 7.3363419 ], [ 134.5116425, 7.3363333 ], [ 134.5115509, 7.3364415 ], [ 134.511474600000014, 7.3364363 ], [ 134.5114136, 7.3364 ], [ 134.5110321, 7.3359971 ], [ 134.51074220000001, 7.3358221 ], [ 134.510620100000011, 7.3358388 ], [ 134.5105438, 7.3358831 ], [ 134.5103455, 7.3361001 ] ], [ [ 134.4711914, 7.3234863 ], [ 134.4712372, 7.323647 ], [ 134.4711762, 7.3237391 ], [ 134.4711914, 7.3238277 ], [ 134.4713135, 7.3238196 ], [ 134.471466099999986, 7.3237276 ], [ 134.4716187, 7.3235974 ], [ 134.4718018, 7.3234944 ], [ 134.4719086, 7.323472 ], [ 134.4719849, 7.3233275 ], [ 134.4720001, 7.3232918 ], [ 134.471939099999986, 7.323278 ], [ 134.471939099999986, 7.3231888 ], [ 134.4718933, 7.3231306 ], [ 134.4719086, 7.3229446 ], [ 134.4718628, 7.322875 ], [ 134.4716034, 7.3226528 ], [ 134.4715118, 7.3226223 ], [ 134.4714203, 7.3227553 ], [ 134.471405, 7.3228416 ], [ 134.471405, 7.3230028 ], [ 134.4713135, 7.3231053 ], [ 134.4712982, 7.323164 ], [ 134.47120670000001, 7.3233166 ], [ 134.471221899999989, 7.3233695 ], [ 134.4711914, 7.3234863 ] ], [ [ 134.5139465, 7.3244777 ], [ 134.513916, 7.3246613 ], [ 134.5139771, 7.324903 ], [ 134.5139771, 7.3251443 ], [ 134.514007600000014, 7.3253861 ], [ 134.51409910000001, 7.3255138 ], [ 134.514251699999988, 7.3255944 ], [ 134.5142975, 7.3256168 ], [ 134.5144348, 7.3255363 ], [ 134.5145721, 7.3253307 ], [ 134.5145416, 7.3251362 ], [ 134.514373799999987, 7.3249583 ], [ 134.5142975, 7.3248973 ], [ 134.5142822, 7.3246946 ], [ 134.5143127, 7.3245306 ], [ 134.5143127, 7.3244414 ], [ 134.514251699999988, 7.3243804 ], [ 134.5140686, 7.3243637 ], [ 134.5139465, 7.3244777 ] ], [ [ 134.4693909, 7.325078 ], [ 134.4692688, 7.3252721 ], [ 134.4693756, 7.3256002 ], [ 134.4697113, 7.3256474 ], [ 134.469986, 7.3258085 ], [ 134.4701691, 7.3256998 ], [ 134.47024540000001, 7.3255167 ], [ 134.470108, 7.3252473 ], [ 134.4696808, 7.3250418 ], [ 134.4693909, 7.325078 ] ], [ [ 134.5166779, 7.3298998 ], [ 134.5166779, 7.3300109 ], [ 134.516876200000013, 7.3300419 ], [ 134.51712040000001, 7.3299141 ], [ 134.5171509, 7.3297029 ], [ 134.5170593, 7.3295026 ], [ 134.5170593, 7.3293972 ], [ 134.5169067, 7.3291197 ], [ 134.5167542, 7.3290081 ], [ 134.51663210000001, 7.3289862 ], [ 134.516525300000012, 7.3290305 ], [ 134.516449, 7.3292332 ], [ 134.5165405, 7.3293834 ], [ 134.516571, 7.3296056 ], [ 134.5166779, 7.3298998 ] ], [ [ 134.4666748, 7.3234334 ], [ 134.4665985, 7.3234224 ], [ 134.4664612, 7.3234639 ], [ 134.466415399999988, 7.3235831 ], [ 134.4663849, 7.3239889 ], [ 134.466537499999987, 7.324203 ], [ 134.466644300000013, 7.3242641 ], [ 134.4667358, 7.3242807 ], [ 134.4668427, 7.3242359 ], [ 134.466995200000014, 7.3241277 ], [ 134.467041, 7.3240418 ], [ 134.467041, 7.3239527 ], [ 134.466995200000014, 7.3238692 ], [ 134.4669495, 7.323803 ], [ 134.466888399999988, 7.3236775 ], [ 134.4667816, 7.3236055 ], [ 134.4667816, 7.3236027 ], [ 134.466766400000012, 7.323586 ], [ 134.4667358, 7.3234916 ], [ 134.4666748, 7.3234334 ] ], [ [ 134.486480699999987, 7.3150249 ], [ 134.4869385, 7.3149667 ], [ 134.4872742, 7.3147693 ], [ 134.48730470000001, 7.3145804 ], [ 134.4871674, 7.3143945 ], [ 134.486953699999987, 7.3143945 ], [ 134.486694300000011, 7.314486 ], [ 134.486496, 7.3146639 ], [ 134.4864349, 7.3148389 ], [ 134.486480699999987, 7.3150249 ] ], [ [ 134.4730377, 7.3185697 ], [ 134.4730988, 7.3187027 ], [ 134.4732361, 7.3189249 ], [ 134.473373400000014, 7.3189778 ], [ 134.4736481, 7.3188529 ], [ 134.473877, 7.3187027 ], [ 134.4739533, 7.3185916 ], [ 134.4739533, 7.3184724 ], [ 134.4739075, 7.3183694 ], [ 134.4737854, 7.3183613 ], [ 134.4736481, 7.3184304 ], [ 134.4735413, 7.3184667 ], [ 134.4734192, 7.3184304 ], [ 134.4732361, 7.3184667 ], [ 134.4732056, 7.3185167 ], [ 134.4730988, 7.3184891 ], [ 134.4730377, 7.3185697 ] ], [ [ 134.467376699999988, 7.3243861 ], [ 134.467376699999988, 7.3245363 ], [ 134.4676971, 7.324522 ], [ 134.4678955, 7.324378 ], [ 134.4679108, 7.3241835 ], [ 134.4677734, 7.3239946 ], [ 134.4676514, 7.3239164 ], [ 134.4674377, 7.3239861 ], [ 134.4674225, 7.3241472 ], [ 134.467376699999988, 7.3243861 ] ], [ [ 134.4717407, 7.3176141 ], [ 134.4717712, 7.3177276 ], [ 134.4718018, 7.3178415 ], [ 134.471756, 7.3178916 ], [ 134.4717407, 7.3179498 ], [ 134.4716492, 7.3180084 ], [ 134.4716644, 7.3181086 ], [ 134.4717865, 7.3181086 ], [ 134.471817, 7.3180723 ], [ 134.4718628, 7.3180804 ], [ 134.471939099999986, 7.3180752 ], [ 134.4720001, 7.3180447 ], [ 134.4720154, 7.3179474 ], [ 134.472030600000011, 7.3178973 ], [ 134.4720764, 7.3178721 ], [ 134.4721222, 7.3177443 ], [ 134.4721069, 7.3176751 ], [ 134.472061200000013, 7.3175721 ], [ 134.471923800000013, 7.3174944 ], [ 134.4718475, 7.3175721 ], [ 134.4717865, 7.3175669 ], [ 134.4717407, 7.3176141 ] ], [ [ 134.512069700000012, 7.3358388 ], [ 134.5121002, 7.3358831 ], [ 134.512146, 7.3359027 ], [ 134.5122681, 7.3358946 ], [ 134.5122833, 7.3358665 ], [ 134.5123749, 7.3358359 ], [ 134.5124207, 7.3358002 ], [ 134.5124207, 7.3357444 ], [ 134.512344399999989, 7.3355947 ], [ 134.5122986, 7.335536 ], [ 134.5122376, 7.3354945 ], [ 134.5122223, 7.3354473 ], [ 134.512191800000011, 7.335422 ], [ 134.512146, 7.3354778 ], [ 134.5118713, 7.3354502 ], [ 134.511856099999989, 7.3354888 ], [ 134.5118866, 7.3355832 ], [ 134.5120087, 7.3356252 ], [ 134.512069700000012, 7.3356972 ], [ 134.512054400000011, 7.3357749 ], [ 134.512069700000012, 7.3358388 ] ], [ [ 134.512619, 7.3323641 ], [ 134.512558, 7.3323832 ], [ 134.5125122, 7.3324499 ], [ 134.512497, 7.3325305 ], [ 134.512542700000012, 7.3325944 ], [ 134.5126038, 7.3326359 ], [ 134.5128937, 7.3326612 ], [ 134.5130005, 7.3326502 ], [ 134.5130615, 7.3326054 ], [ 134.513092, 7.3325472 ], [ 134.513092, 7.3324223 ], [ 134.5128937, 7.3323808 ], [ 134.512817399999989, 7.3324332 ], [ 134.512619, 7.3323641 ] ], [ [ 134.5010834, 7.3125887 ], [ 134.501037599999989, 7.3125863 ], [ 134.501037599999989, 7.3127027 ], [ 134.5010681, 7.3127308 ], [ 134.5010834, 7.3127971 ], [ 134.5010681, 7.3128195 ], [ 134.5010681, 7.31285 ], [ 134.5011292, 7.3128862 ], [ 134.501159699999988, 7.312861 ], [ 134.5011749, 7.3128305 ], [ 134.5011902, 7.3127418 ], [ 134.501236, 7.3127084 ], [ 134.5012817, 7.3126946 ], [ 134.501297, 7.3126669 ], [ 134.501297, 7.3126192 ], [ 134.501266500000014, 7.3125916 ], [ 134.501159699999988, 7.3126335 ], [ 134.5010834, 7.3125887 ] ], [ [ 134.5024414, 7.3103638 ], [ 134.5024109, 7.3104057 ], [ 134.5024109, 7.3104444 ], [ 134.50245670000001, 7.3104916 ], [ 134.502533, 7.3105249 ], [ 134.5025635, 7.3105054 ], [ 134.502609299999989, 7.310472 ], [ 134.5026245, 7.3104305 ], [ 134.502609299999989, 7.3103752 ], [ 134.5025024, 7.310339 ], [ 134.5024414, 7.3103638 ] ] ] } },
{ "type": "Feature", "properties": { "RCID": 7039, "PRIM": 3, "GRUP": 2, "OBJL": 121, "RVER": 1, "AGEN": 550, "FIDN": 880186974, "FIDS": 9, "LNAM": "02263476965E0009", "LNAM_REFS": null, "FFPT_RIND": null, "COLOUR": null, "NATQUA": null, "NATSUR": [ "14" ], "WATLEV": 4.0, "OBJNAM": null, "NOBJNM": null, "INFORM": null, "NINFOM": null, "NTXTDS": null, "SCAMAX": null, "SCAMIN": 29999, "TXTDSC": null, "RECDAT": null, "RECIND": null, "SORDAT": "20150206", "SORIND": "US,US,reprt,L-246-2015", "_enc_cell": "US4TB3P0" }, "geometry": { "type": "Polygon", "coordinates": [ [ [ 134.5256043, 7.3446474 ], [ 134.5254822, 7.3446388 ], [ 134.525177, 7.3444362 ], [ 134.5248566, 7.3440418 ], [ 134.524459799999988, 7.3435445 ], [ 134.524292, 7.3432694 ], [ 134.524231, 7.3428474 ], [ 134.5242767, 7.3427501 ], [ 134.5245056, 7.342536 ], [ 134.524597199999988, 7.3425002 ], [ 134.5248566, 7.3426862 ], [ 134.525161700000012, 7.3431196 ], [ 134.5253906, 7.3434444 ], [ 134.525528, 7.3436418 ], [ 134.5256805, 7.3438916 ], [ 134.52589420000001, 7.3440332 ], [ 134.526260400000012, 7.3441305 ], [ 134.5265808, 7.344286 ], [ 134.5268402, 7.3446026 ], [ 134.5268097, 7.3448887 ], [ 134.5265503, 7.3450193 ], [ 134.526062, 7.3448 ], [ 134.5258026, 7.3447447 ], [ 134.5256043, 7.3446474 ] ] ] } },
{ "type": "Feature", "properties": { "RCID": 7040, "PRIM": 3, "GRUP": 2, "OBJL": 121, "RVER": 1, "AGEN": 550, "FIDN": 52230915, "FIDS": 9, "LNAM": "0226031CFB030009", "LNAM_REFS": null, "FFPT_RIND": null, "COLOUR": null, "NATQUA": null, "NATSUR": [ "9" ], "WATLEV": 4.0, "OBJNAM": null, "NOBJNM": null, "INFORM": null, "NINFOM": null, "NTXTDS": null, "SCAMAX": null, "SCAMIN": 29999, "TXTDSC": null, "RECDAT": null, "RECIND": null, "SORDAT": "20150206", "SORIND": "US,US,reprt,L-246-2015", "_enc_cell": "US4TB3P0" }, "geometry": { "type": "Polygon", "coordinates": [ [ [ 134.53178410000001, 7.2790165 ], [ 134.532028200000013, 7.2789526 ], [ 134.5321045, 7.2788777 ], [ 134.532135, 7.2785974 ], [ 134.532074, 7.2784667 ], [ 134.531906099999986, 7.2782974 ], [ 134.5316925, 7.2781668 ], [ 134.531539900000013, 7.2781668 ], [ 134.5314636, 7.2781668 ], [ 134.5312958, 7.278439 ], [ 134.531326299999989, 7.2787194 ], [ 134.5313873, 7.2788863 ], [ 134.5316925, 7.2790361 ], [ 134.53178410000001, 7.2790165 ] ] ] } },
{ "type": "Feature", "properties": { "RCID": 7074, "PRIM": 3, "GRUP": 2, "OBJL": 121, "RVER": 1, "AGEN": 550, "FIDN": 88038223, "FIDS": 9, "LNAM": "0226053F5B4F0009", "LNAM_REFS": null, "FFPT_RIND": null, "COLOUR": null, "NATQUA": null, "NATSUR": [ "9" ], "WATLEV": 4.0, "OBJNAM": null, "NOBJNM": null, "INFORM": null, "NINFOM": null, "NTXTDS": null, "SCAMAX": null, "SCAMIN": 29999, "TXTDSC": null, "RECDAT": null, "RECIND": null, "SORDAT": "20150206", "SORIND": "US,US,reprt,L-246-2015", "_enc_cell": "US4TB3P0" }, "geometry": { "type": "Polygon", "coordinates": [ [ [ 134.4915924, 7.3334804 ], [ 134.49162290000001, 7.3333221 ], [ 134.4920349, 7.3332334 ], [ 134.492218, 7.3332443 ], [ 134.4922791, 7.3332501 ], [ 134.492385899999988, 7.3336306 ], [ 134.492157, 7.3339276 ], [ 134.4918213, 7.3339725 ], [ 134.491531400000014, 7.3337917 ], [ 134.4915924, 7.3334804 ] ] ] } },
{ "type": "Feature", "properties": { "RCID": 7075, "PRIM": 3, "GRUP": 2, "OBJL": 121, "RVER": 1, "AGEN": 550, "FIDN": 964829605, "FIDS": 9, "LNAM": "0226398221A50009", "LNAM_REFS": null, "FFPT_RIND": null, "COLOUR": null, "NATQUA": null, "NATSUR": [ "9" ], "WATLEV": 4.0, "OBJNAM": null, "NOBJNM": null, "INFORM": null, "NINFOM": null, "NTXTDS": null, "SCAMAX": null, "SCAMIN": 29999, "TXTDSC": null, "RECDAT": null, "RECIND": null, "SORDAT": "20150206", "SORIND": "US,US,reprt,L-246-2015", "_enc_cell": "US4TB3P0" }, "geometry": { "type": "Polygon", "coordinates": [ [ [ 134.4943543, 7.3783889 ], [ 134.4944611, 7.3784332 ], [ 134.4944458, 7.378572 ], [ 134.494781499999988, 7.3786554 ], [ 134.49511720000001, 7.3785167 ], [ 134.495254499999987, 7.3783112 ], [ 134.495269799999988, 7.3779693 ], [ 134.495163, 7.3777471 ], [ 134.494903599999986, 7.3775778 ], [ 134.4946137, 7.3774943 ], [ 134.4943237, 7.377789 ], [ 134.4944611, 7.3782001 ], [ 134.4943543, 7.3783889 ] ] ] } },
{ "type": "Feature", "properties": { "RCID": 7077, "PRIM": 3, "GRUP": 2, "OBJL": 121, "RVER": 1, "AGEN": 550, "FIDN": 866142732, "FIDS": 9, "LNAM": "022633A04A0C0009", "LNAM_REFS": null, "FFPT_RIND": null, "COLOUR": null, "NATQUA": null, "NATSUR": [ "9" ], "WATLEV": 4.0, "OBJNAM": null, "NOBJNM": null, "INFORM": null, "NINFOM": null, "NTXTDS": null, "SCAMAX": null, "SCAMIN": 29999, "TXTDSC": null, "RECDAT": null, "RECIND": null, "SORDAT": "20150206", "SORIND": "US,US,reprt,L-246-2015", "_enc_cell": "US4TB3P0" }, "geometry": { "type": "Polygon", "coordinates": [ [ [ 134.4901214, 7.3674643 ], [ 134.4903717, 7.3676276 ], [ 134.4908905, 7.3677917 ], [ 134.4914703, 7.3678637 ], [ 134.492218, 7.3679166 ], [ 134.492950400000012, 7.367897 ], [ 134.493209799999988, 7.3678026 ], [ 134.4934082, 7.3677001 ], [ 134.4936218, 7.3677611 ], [ 134.4944, 7.3675447 ], [ 134.49511720000001, 7.3674502 ], [ 134.4954071, 7.3673668 ], [ 134.4957886, 7.3671389 ], [ 134.496215799999987, 7.3669334 ], [ 134.496353199999987, 7.3668613 ], [ 134.4965363, 7.3667975 ], [ 134.4982147, 7.3662195 ], [ 134.498733499999986, 7.3660221 ], [ 134.4990234, 7.3658443 ], [ 134.4990845, 7.3657222 ], [ 134.499206500000014, 7.3656693 ], [ 134.499328600000013, 7.3656917 ], [ 134.4996643, 7.3656168 ], [ 134.4998627, 7.3654113 ], [ 134.5, 7.3652639 ], [ 134.5001068, 7.3651528 ], [ 134.500305200000014, 7.3650889 ], [ 134.5005798, 7.3650193 ], [ 134.5007172, 7.3649859 ], [ 134.500793499999986, 7.3649669 ], [ 134.5009155, 7.3648391 ], [ 134.5011292, 7.3645916 ], [ 134.501754799999986, 7.3639808 ], [ 134.501754799999986, 7.3638473 ], [ 134.50196840000001, 7.3635998 ], [ 134.5021362, 7.3634415 ], [ 134.502334600000012, 7.3631916 ], [ 134.5027618, 7.3628359 ], [ 134.5029602, 7.3625584 ], [ 134.503082299999988, 7.3623972 ], [ 134.5030212, 7.3622665 ], [ 134.503006, 7.3622999 ], [ 134.5028534, 7.3621526 ], [ 134.5026856, 7.3619447 ], [ 134.5025177, 7.3617668 ], [ 134.502319300000011, 7.3616109 ], [ 134.502105699999987, 7.3614197 ], [ 134.5018311, 7.361239 ], [ 134.5015869, 7.3611083 ], [ 134.5005951, 7.3602724 ], [ 134.5001526, 7.3598666 ], [ 134.5, 7.3597498 ], [ 134.499527, 7.359364 ], [ 134.4992981, 7.359139 ], [ 134.4990692, 7.3588471 ], [ 134.498855600000013, 7.3584776 ], [ 134.4987946, 7.3585277 ], [ 134.4986877, 7.3585863 ], [ 134.4986877, 7.3585887 ], [ 134.49861150000001, 7.3587141 ], [ 134.49847410000001, 7.3588085 ], [ 134.4981079, 7.358953 ], [ 134.497894300000013, 7.3590918 ], [ 134.497818, 7.3590751 ], [ 134.497787499999987, 7.3589668 ], [ 134.4976959, 7.3587942 ], [ 134.497283900000014, 7.3582249 ], [ 134.4971008, 7.3580165 ], [ 134.4970856, 7.3578668 ], [ 134.4971008, 7.3577666 ], [ 134.497192399999989, 7.3576417 ], [ 134.497345, 7.3575583 ], [ 134.4974823, 7.3575168 ], [ 134.49765020000001, 7.3575029 ], [ 134.4976959, 7.3574419 ], [ 134.4977112, 7.3573332 ], [ 134.497818, 7.3572221 ], [ 134.4980774, 7.3571 ], [ 134.497787499999987, 7.3566499 ], [ 134.497680699999989, 7.356575 ], [ 134.4976044, 7.3564639 ], [ 134.49751280000001, 7.3562141 ], [ 134.4973908, 7.3559971 ], [ 134.497192399999989, 7.3559303 ], [ 134.4971008, 7.3559389 ], [ 134.49703980000001, 7.3559666 ], [ 134.4969788, 7.3560109 ], [ 134.496933, 7.3561945 ], [ 134.4967957, 7.356225 ], [ 134.496719399999989, 7.3562861 ], [ 134.4966583, 7.3562803 ], [ 134.49655150000001, 7.3562055 ], [ 134.496521, 7.3561196 ], [ 134.4964752, 7.3560863 ], [ 134.49646, 7.3560195 ], [ 134.496582, 7.3558779 ], [ 134.4967346, 7.3558555 ], [ 134.4967346, 7.3557749 ], [ 134.4966736, 7.3557 ], [ 134.4966126, 7.3553305 ], [ 134.4966431, 7.3552666 ], [ 134.496719399999989, 7.3552527 ], [ 134.496826199999987, 7.3549972 ], [ 134.4969482, 7.3548803 ], [ 134.496933, 7.3548083 ], [ 134.4970245, 7.3547807 ], [ 134.4970856, 7.3545528 ], [ 134.497299199999986, 7.3543248 ], [ 134.497314499999987, 7.3542275 ], [ 134.497314499999987, 7.3541279 ], [ 134.4973755, 7.3540525 ], [ 134.497421300000013, 7.3539558 ], [ 134.497177099999988, 7.3537917 ], [ 134.4970245, 7.3536224 ], [ 134.4969482, 7.3535252 ], [ 134.496810900000014, 7.3534222 ], [ 134.496688799999987, 7.3532472 ], [ 134.4966126, 7.353086 ], [ 134.496566800000011, 7.3529387 ], [ 134.4964905, 7.3526526 ], [ 134.496429400000011, 7.3525362 ], [ 134.496429400000011, 7.3524194 ], [ 134.4963989, 7.3523722 ], [ 134.496337899999986, 7.3523612 ], [ 134.4962463, 7.3525696 ], [ 134.4961853, 7.3526363 ], [ 134.496093800000011, 7.3526444 ], [ 134.4959869, 7.3526249 ], [ 134.4959259, 7.352561 ], [ 134.4958954, 7.3523693 ], [ 134.495849600000014, 7.3522863 ], [ 134.495727499999987, 7.3522835 ], [ 134.4956513, 7.3522611 ], [ 134.4955597, 7.3522668 ], [ 134.495498700000013, 7.3522472 ], [ 134.4954071, 7.3521419 ], [ 134.495163, 7.3517695 ], [ 134.49511720000001, 7.351747 ], [ 134.4950409, 7.351747 ], [ 134.494659399999989, 7.35185 ], [ 134.494537400000013, 7.3518252 ], [ 134.494415299999986, 7.3517752 ], [ 134.4942017, 7.3517418 ], [ 134.4941406, 7.3517194 ], [ 134.4940949, 7.3516583 ], [ 134.493911700000012, 7.3516808 ], [ 134.493820199999988, 7.3516612 ], [ 134.4937134, 7.3515835 ], [ 134.4935913, 7.3515611 ], [ 134.4935913, 7.3513498 ], [ 134.4934998, 7.3512998 ], [ 134.4933929, 7.3513308 ], [ 134.4933167, 7.3515415 ], [ 134.493225099999989, 7.351572 ], [ 134.493087800000012, 7.3515415 ], [ 134.4930267, 7.3514442 ], [ 134.4927673, 7.3512335 ], [ 134.492477400000013, 7.3509526 ], [ 134.4919128, 7.3512111 ], [ 134.49162290000001, 7.3511 ], [ 134.4914551, 7.3511887 ], [ 134.491165200000012, 7.3513084 ], [ 134.4909058, 7.3513527 ], [ 134.4906006, 7.3512836 ], [ 134.4903107, 7.3509808 ], [ 134.49018860000001, 7.3509831 ], [ 134.4898834, 7.3511558 ], [ 134.4897308, 7.3514056 ], [ 134.4895172, 7.3515306 ], [ 134.4893341, 7.3515501 ], [ 134.48922730000001, 7.3514862 ], [ 134.489151, 7.3515334 ], [ 134.4889679, 7.3515973 ], [ 134.4885864, 7.3519001 ], [ 134.4883118, 7.3520279 ], [ 134.488143900000011, 7.3519278 ], [ 134.488037100000014, 7.3518195 ], [ 134.4879608, 7.3517861 ], [ 134.4879761, 7.3519416 ], [ 134.487945599999989, 7.3519859 ], [ 134.487793, 7.3519974 ], [ 134.4876251, 7.3518529 ], [ 134.4874268, 7.3518667 ], [ 134.4872742, 7.3518581 ], [ 134.487182600000011, 7.3517389 ], [ 134.486953699999987, 7.3517528 ], [ 134.4867554, 7.3516998 ], [ 134.4867401, 7.3516359 ], [ 134.486557, 7.3515554 ], [ 134.4864197, 7.3515916 ], [ 134.4862518, 7.3515749 ], [ 134.4862061, 7.3515196 ], [ 134.486084, 7.3515863 ], [ 134.486023, 7.3515334 ], [ 134.4859009, 7.3515973 ], [ 134.4858246, 7.3515749 ], [ 134.485641500000014, 7.3515973 ], [ 134.4855957, 7.3515306 ], [ 134.4855499, 7.3514223 ], [ 134.4854736, 7.3513637 ], [ 134.485412599999989, 7.3514471 ], [ 134.485321, 7.3514361 ], [ 134.4852142, 7.3513417 ], [ 134.4851074, 7.3513279 ], [ 134.485046399999987, 7.3512721 ], [ 134.4849854, 7.351161 ], [ 134.4849854, 7.3510776 ], [ 134.4846954, 7.3509808 ], [ 134.4845276, 7.3508863 ], [ 134.4843903, 7.3507695 ], [ 134.4843903, 7.3502169 ], [ 134.4843445, 7.3499556 ], [ 134.484176600000012, 7.3499055 ], [ 134.4842835, 7.3495445 ], [ 134.4842835, 7.3494778 ], [ 134.484176600000012, 7.3494749 ], [ 134.4840393, 7.3494363 ], [ 134.4836273, 7.3490639 ], [ 134.483612099999988, 7.3487668 ], [ 134.4836273, 7.3486443 ], [ 134.4837341, 7.3485026 ], [ 134.4836426, 7.3484416 ], [ 134.4834595, 7.3483944 ], [ 134.483352700000012, 7.3484054 ], [ 134.4831543, 7.3482361 ], [ 134.4830933, 7.3481278 ], [ 134.483108499999986, 7.3479137 ], [ 134.48298650000001, 7.3479695 ], [ 134.4828796, 7.3479695 ], [ 134.482742300000012, 7.3479943 ], [ 134.4825745, 7.3479776 ], [ 134.4824982, 7.3479195 ], [ 134.482162499999987, 7.3478084 ], [ 134.4821167, 7.347775 ], [ 134.4820709, 7.3476195 ], [ 134.48202520000001, 7.3476 ], [ 134.4819794, 7.3475447 ], [ 134.4819489, 7.3474808 ], [ 134.48188780000001, 7.3474779 ], [ 134.4818115, 7.3475556 ], [ 134.481689499999987, 7.3475833 ], [ 134.4816437, 7.3475332 ], [ 134.4816284, 7.3474445 ], [ 134.481567399999989, 7.3473887 ], [ 134.4815216, 7.3473916 ], [ 134.4814758, 7.3475137 ], [ 134.4815369, 7.3476472 ], [ 134.4814758, 7.3477888 ], [ 134.4814911, 7.3478918 ], [ 134.4814606, 7.347961 ], [ 134.4813995, 7.3480029 ], [ 134.4812317, 7.3483305 ], [ 134.4810486, 7.3483195 ], [ 134.48092650000001, 7.3482919 ], [ 134.4809723, 7.348114 ], [ 134.480819700000012, 7.3480778 ], [ 134.480728199999987, 7.3484001 ], [ 134.4805298, 7.3483529 ], [ 134.4804993, 7.3484445 ], [ 134.480590799999987, 7.3484669 ], [ 134.4804382, 7.3489804 ], [ 134.4803619, 7.3489637 ], [ 134.480102499999987, 7.3501363 ], [ 134.480331400000011, 7.3502417 ], [ 134.4805145, 7.3503418 ], [ 134.4803619, 7.3507528 ], [ 134.480331400000011, 7.3508916 ], [ 134.4800568, 7.3508277 ], [ 134.4800263, 7.3509722 ], [ 134.4803162, 7.3510613 ], [ 134.4802704, 7.3512945 ], [ 134.4801788, 7.3512917 ], [ 134.4801483, 7.3514586 ], [ 134.480224600000014, 7.3514915 ], [ 134.480117799999988, 7.3517137 ], [ 134.4800873, 7.3517027 ], [ 134.480072, 7.3520665 ], [ 134.4799347, 7.3525443 ], [ 134.4796753, 7.3524613 ], [ 134.4796906, 7.3523831 ], [ 134.4795532, 7.352447 ], [ 134.4795227, 7.3525391 ], [ 134.4795837, 7.3527665 ], [ 134.4797211, 7.3530779 ], [ 134.4799347, 7.3539391 ], [ 134.480133099999989, 7.3543835 ], [ 134.4800263, 7.3546724 ], [ 134.4800263, 7.3551807 ], [ 134.480224600000014, 7.3554692 ], [ 134.4808392, 7.3561771 ], [ 134.4809723, 7.3563304 ], [ 134.4812622, 7.3564749 ], [ 134.4814453, 7.3564696 ], [ 134.4814695, 7.3564688 ], [ 134.4816132, 7.3564639 ], [ 134.481674199999986, 7.3565474 ], [ 134.4816903, 7.356571 ], [ 134.4819489, 7.3569498 ], [ 134.482284600000014, 7.3571777 ], [ 134.4824219, 7.3573971 ], [ 134.482666, 7.3576446 ], [ 134.482742300000012, 7.3579249 ], [ 134.4828033, 7.3580999 ], [ 134.48298650000001, 7.3584418 ], [ 134.4832611, 7.3586583 ], [ 134.483963, 7.3594141 ], [ 134.4841003, 7.359489 ], [ 134.484176600000012, 7.3594332 ], [ 134.4843903, 7.3593335 ], [ 134.4845123, 7.3592582 ], [ 134.4846344, 7.3591971 ], [ 134.4847412, 7.3588057 ], [ 134.484680200000014, 7.3584223 ], [ 134.4843903, 7.3581109 ], [ 134.4843597, 7.357872 ], [ 134.4843597, 7.3578064 ], [ 134.4843597, 7.3575916 ], [ 134.4844208, 7.357553 ], [ 134.4846344, 7.3575416 ], [ 134.4848785, 7.357614 ], [ 134.4849701, 7.357625 ], [ 134.485168499999986, 7.3576555 ], [ 134.485275300000012, 7.3575611 ], [ 134.4855804, 7.357614 ], [ 134.485763600000013, 7.3578196 ], [ 134.486007699999988, 7.357986 ], [ 134.486221300000011, 7.3578973 ], [ 134.48634340000001, 7.3578415 ], [ 134.486557, 7.3577056 ], [ 134.4866791, 7.3579974 ], [ 134.4866638, 7.3580999 ], [ 134.4867859, 7.3581724 ], [ 134.4868927, 7.358211 ], [ 134.486953699999987, 7.3583279 ], [ 134.48703, 7.3583999 ], [ 134.48703, 7.3584833 ], [ 134.4871521, 7.3585582 ], [ 134.4873505, 7.3585248 ], [ 134.4874878, 7.3584056 ], [ 134.487579399999987, 7.3583279 ], [ 134.4876404, 7.3579555 ], [ 134.4875183, 7.3577056 ], [ 134.4874878, 7.3574891 ], [ 134.4875336, 7.3573332 ], [ 134.487686200000013, 7.3571582 ], [ 134.4880219, 7.3570333 ], [ 134.488403299999987, 7.3570137 ], [ 134.4889221, 7.3570557 ], [ 134.4891968, 7.3571363 ], [ 134.4893951, 7.3573222 ], [ 134.489486699999986, 7.3576446 ], [ 134.4893951, 7.3581109 ], [ 134.4894257, 7.3585362 ], [ 134.4897614, 7.3587637 ], [ 134.4899292, 7.3586998 ], [ 134.4906311, 7.3583083 ], [ 134.4907684, 7.3583169 ], [ 134.49086, 7.3585138 ], [ 134.490799, 7.3590722 ], [ 134.4906006, 7.3594971 ], [ 134.490432700000014, 7.3598805 ], [ 134.490448, 7.3600583 ], [ 134.4907379, 7.3605557 ], [ 134.490921, 7.3610196 ], [ 134.4908905, 7.3611555 ], [ 134.4907379, 7.3612166 ], [ 134.4902191, 7.3612776 ], [ 134.490081800000013, 7.361361 ], [ 134.4898987, 7.3618083 ], [ 134.489715600000011, 7.3620443 ], [ 134.4894409, 7.3621807 ], [ 134.4893036, 7.3623862 ], [ 134.4890644, 7.3628133 ], [ 134.4890595, 7.3628221 ], [ 134.48909, 7.3632474 ], [ 134.4892634, 7.3636891 ], [ 134.4892731, 7.3637137 ], [ 134.4892705, 7.3637203 ], [ 134.489212, 7.3638668 ], [ 134.4889679, 7.3642836 ], [ 134.488891599999988, 7.3644891 ], [ 134.4889679, 7.364614 ], [ 134.489212, 7.3649974 ], [ 134.4894257, 7.3660526 ], [ 134.4896698, 7.3669529 ], [ 134.4900055, 7.3673887 ], [ 134.4901214, 7.3674643 ] ], [ [ 134.4962006, 7.3564973 ], [ 134.4961395, 7.3566332 ], [ 134.496231099999989, 7.3567581 ], [ 134.4963074, 7.3567777 ], [ 134.4963837, 7.3567696 ], [ 134.4965057, 7.3567305 ], [ 134.4965363, 7.3566752 ], [ 134.4965363, 7.3565974 ], [ 134.4965057, 7.3565083 ], [ 134.49646, 7.3564277 ], [ 134.4964142, 7.3564 ], [ 134.4962006, 7.3564973 ] ], [ [ 134.4980469, 7.359972 ], [ 134.4979858, 7.3600168 ], [ 134.4979553, 7.3600831 ], [ 134.497909600000014, 7.3601418 ], [ 134.497909600000014, 7.3602166 ], [ 134.4979553, 7.3602696 ], [ 134.4980621, 7.3602724 ], [ 134.498138399999988, 7.360239 ], [ 134.4982147, 7.3600974 ], [ 134.498275799999988, 7.3600249 ], [ 134.498275799999988, 7.3599639 ], [ 134.4982147, 7.3599472 ], [ 134.4980469, 7.359972 ] ] ] } },
{ "type": "Feature", "properties": { "RCID": 7079, "PRIM": 3, "GRUP": 2, "OBJL": 121, "RVER": 1, "AGEN": 550, "FIDN": 52751626, "FIDS": 9, "LNAM": "02260324ED0A0009", "LNAM_REFS": null, "FFPT_RIND": null, "COLOUR": null, "NATQUA": null, "NATSUR": [ "9" ], "WATLEV": 4.0, "OBJNAM": null, "NOBJNM": null, "INFORM": null, "NINFOM": null, "NTXTDS": null, "SCAMAX": null, "SCAMIN": 29999, "TXTDSC": null, "RECDAT": null, "RECIND": null, "SORDAT": "20150206", "SORIND": "US,US,reprt,L-246-2015", "_enc_cell": "US4TB3P0" }, "geometry": { "type": "Polygon", "coordinates": [ [ [ 134.495269799999988, 7.417275 ], [ 134.495864899999987, 7.4175334 ], [ 134.495971700000013, 7.4176831 ], [ 134.4962463, 7.4177055 ], [ 134.4969635, 7.4179888 ], [ 134.4972534, 7.4181609 ], [ 134.497314499999987, 7.4182916 ], [ 134.4976044, 7.4181056 ], [ 134.4976959, 7.4181695 ], [ 134.497879, 7.4180389 ], [ 134.4980469, 7.4180918 ], [ 134.4985504, 7.4179001 ], [ 134.4987946, 7.4179916 ], [ 134.4988098, 7.417686 ], [ 134.4989471, 7.4175277 ], [ 134.499099699999988, 7.4175139 ], [ 134.4991913, 7.4174085 ], [ 134.4993134, 7.4174528 ], [ 134.499343900000014, 7.4173474 ], [ 134.4995117, 7.4172721 ], [ 134.4996491, 7.4173832 ], [ 134.4998474, 7.417222 ], [ 134.5, 7.4172306 ], [ 134.5000458, 7.4172335 ], [ 134.5001221, 7.4171414 ], [ 134.5003357, 7.4170971 ], [ 134.5003662, 7.4169693 ], [ 134.5006104, 7.4168167 ], [ 134.5018158, 7.4162002 ], [ 134.5022736, 7.4162779 ], [ 134.5024109, 7.4165859 ], [ 134.502700800000014, 7.4167194 ], [ 134.5030365, 7.4167557 ], [ 134.50383, 7.4172335 ], [ 134.5043335, 7.4176474 ], [ 134.504501299999987, 7.4176359 ], [ 134.504516599999988, 7.4175553 ], [ 134.503784200000013, 7.4169807 ], [ 134.5035858, 7.4166641 ], [ 134.5036163, 7.4163446 ], [ 134.5038147, 7.416039 ], [ 134.503906300000011, 7.4157195 ], [ 134.5041199, 7.4154916 ], [ 134.504272500000013, 7.4149303 ], [ 134.504730200000012, 7.4139862 ], [ 134.504989599999988, 7.4136639 ], [ 134.5052033, 7.4135389 ], [ 134.50532530000001, 7.4131694 ], [ 134.5059357, 7.4127221 ], [ 134.5061188, 7.412478 ], [ 134.506439199999988, 7.4123416 ], [ 134.506774900000011, 7.4123836 ], [ 134.5069733, 7.4122529 ], [ 134.507034299999987, 7.412128 ], [ 134.506927499999989, 7.4117498 ], [ 134.5071259, 7.4113445 ], [ 134.506958, 7.4112001 ], [ 134.5065308, 7.4102998 ], [ 134.5052948, 7.4088669 ], [ 134.505233800000013, 7.4084611 ], [ 134.5050659, 7.4081473 ], [ 134.5050201, 7.4074502 ], [ 134.505111699999986, 7.407311 ], [ 134.5047913, 7.4072447 ], [ 134.5046845, 7.4070554 ], [ 134.5043488, 7.4067807 ], [ 134.504303, 7.406414 ], [ 134.5041046, 7.4062109 ], [ 134.50354, 7.4051528 ], [ 134.5030365, 7.404686 ], [ 134.5030212, 7.404386 ], [ 134.5027466, 7.4036112 ], [ 134.5027313, 7.4033332 ], [ 134.502609299999989, 7.4031196 ], [ 134.5026703, 7.4025416 ], [ 134.5025024, 7.4019637 ], [ 134.502700800000014, 7.4014139 ], [ 134.5026703, 7.4012637 ], [ 134.502807600000011, 7.401011 ], [ 134.502807600000011, 7.4006777 ], [ 134.5029602, 7.400475 ], [ 134.5031128, 7.399786 ], [ 134.503677399999987, 7.3990974 ], [ 134.503784200000013, 7.398778 ], [ 134.5041962, 7.3983808 ], [ 134.504364, 7.3978887 ], [ 134.5045929, 7.3977084 ], [ 134.5051575, 7.3965693 ], [ 134.5051422, 7.3962917 ], [ 134.5054016, 7.3960891 ], [ 134.5056763, 7.3954196 ], [ 134.5062714, 7.3950834 ], [ 134.5063629, 7.3946915 ], [ 134.5065308, 7.3945332 ], [ 134.5066376, 7.3941779 ], [ 134.5070801, 7.3940139 ], [ 134.507019, 7.3937111 ], [ 134.507263200000011, 7.3934169 ], [ 134.5073395, 7.392911 ], [ 134.5076599, 7.3926888 ], [ 134.5074616, 7.3925252 ], [ 134.507522599999987, 7.3922749 ], [ 134.5074616, 7.3920832 ], [ 134.507736200000011, 7.3917279 ], [ 134.507873499999988, 7.3913498 ], [ 134.508010899999988, 7.3906555 ], [ 134.508102400000013, 7.3902669 ], [ 134.508194, 7.3898277 ], [ 134.508255, 7.3893166 ], [ 134.508255, 7.3891416 ], [ 134.50834660000001, 7.3887553 ], [ 134.5081787, 7.3883028 ], [ 134.508255, 7.3879499 ], [ 134.508834799999988, 7.3868694 ], [ 134.50917050000001, 7.3865304 ], [ 134.5093689, 7.3859835 ], [ 134.509613, 7.3858028 ], [ 134.5098419, 7.3858113 ], [ 134.5097504, 7.3855863 ], [ 134.5098114, 7.3853889 ], [ 134.509964, 7.3851943 ], [ 134.510284399999989, 7.385025 ], [ 134.510162400000013, 7.3847666 ], [ 134.5101166, 7.3841748 ], [ 134.510421799999989, 7.3836417 ], [ 134.51026920000001, 7.3826776 ], [ 134.5099945, 7.3821974 ], [ 134.5099793, 7.3820305 ], [ 134.5102387, 7.3814387 ], [ 134.5098877, 7.3808417 ], [ 134.5095215, 7.3802443 ], [ 134.5095062, 7.3800306 ], [ 134.5093994, 7.379653 ], [ 134.5093994, 7.3794141 ], [ 134.5092621, 7.3792834 ], [ 134.5092163, 7.3790999 ], [ 134.5090942, 7.3788028 ], [ 134.509063700000013, 7.3786168 ], [ 134.5089874, 7.3784804 ], [ 134.5088959, 7.3781138 ], [ 134.5088959, 7.3779836 ], [ 134.5089417, 7.3778582 ], [ 134.508956899999987, 7.3777361 ], [ 134.5089111, 7.3776054 ], [ 134.508850099999989, 7.3775387 ], [ 134.508834799999988, 7.3774695 ], [ 134.5088806, 7.3773971 ], [ 134.5088806, 7.3773418 ], [ 134.508850099999989, 7.3772721 ], [ 134.5088654, 7.3770695 ], [ 134.508956899999987, 7.3769279 ], [ 134.508850099999989, 7.3768668 ], [ 134.5088043, 7.3768196 ], [ 134.5087738, 7.3767028 ], [ 134.508667, 7.3766832 ], [ 134.508483899999987, 7.3765721 ], [ 134.508239800000013, 7.3763804 ], [ 134.5080872, 7.3762083 ], [ 134.5079193, 7.3760724 ], [ 134.507522599999987, 7.375689 ], [ 134.507400499999989, 7.3754888 ], [ 134.5072174, 7.3753195 ], [ 134.5071259, 7.3751998 ], [ 134.507019, 7.3749666 ], [ 134.5069885, 7.3749085 ], [ 134.5068817, 7.3745222 ], [ 134.5068817, 7.3744388 ], [ 134.506927499999989, 7.3743277 ], [ 134.5069733, 7.3742638 ], [ 134.507034299999987, 7.3742333 ], [ 134.507019, 7.374136 ], [ 134.5070038, 7.3741055 ], [ 134.5068817, 7.3741808 ], [ 134.5068207, 7.3741694 ], [ 134.5067444, 7.374136 ], [ 134.506683399999986, 7.3740554 ], [ 134.506652800000012, 7.3739696 ], [ 134.5064697, 7.3737307 ], [ 134.5063629, 7.3735638 ], [ 134.50628660000001, 7.373353 ], [ 134.5061493, 7.3726916 ], [ 134.5061493, 7.3725529 ], [ 134.506179800000012, 7.3724194 ], [ 134.5061646, 7.3721585 ], [ 134.506179800000012, 7.3720555 ], [ 134.5062714, 7.3719053 ], [ 134.506301900000011, 7.3718166 ], [ 134.5063782, 7.3716664 ], [ 134.5064087, 7.3713555 ], [ 134.506439199999988, 7.3712807 ], [ 134.506439199999988, 7.3711109 ], [ 134.5064545, 7.3710585 ], [ 134.5064697, 7.3709831 ], [ 134.506424, 7.3708081 ], [ 134.5064697, 7.3706584 ], [ 134.506485, 7.3705387 ], [ 134.5065918, 7.3703971 ], [ 134.5065765, 7.3703113 ], [ 134.5066376, 7.3701806 ], [ 134.506652800000012, 7.3700194 ], [ 134.5066986, 7.3698888 ], [ 134.5067444, 7.3696613 ], [ 134.5067596, 7.3696055 ], [ 134.5068665, 7.3695278 ], [ 134.506897, 7.3694863 ], [ 134.506927499999989, 7.3694391 ], [ 134.5069428, 7.3692279 ], [ 134.507019, 7.3691196 ], [ 134.5071106, 7.3690167 ], [ 134.5071259, 7.3689084 ], [ 134.507141100000013, 7.3688612 ], [ 134.507156400000014, 7.3686862 ], [ 134.5072174, 7.3685751 ], [ 134.507263200000011, 7.3685751 ], [ 134.507263200000011, 7.3685002 ], [ 134.507309, 7.3684249 ], [ 134.5074158, 7.3683138 ], [ 134.5075989, 7.3683167 ], [ 134.5075378, 7.3682165 ], [ 134.5075378, 7.3679085 ], [ 134.5075684, 7.3677917 ], [ 134.507614100000012, 7.3677111 ], [ 134.507614100000012, 7.367661 ], [ 134.5075836, 7.3676057 ], [ 134.5075989, 7.3675027 ], [ 134.507782, 7.3669109 ], [ 134.507843, 7.3667779 ], [ 134.507873499999988, 7.3666225 ], [ 134.5079651, 7.3663945 ], [ 134.507995599999987, 7.3660111 ], [ 134.5080414, 7.3658834 ], [ 134.5081635, 7.3656945 ], [ 134.508255, 7.3654194 ], [ 134.508499199999989, 7.3650723 ], [ 134.5082855, 7.3651333 ], [ 134.508117700000014, 7.365211 ], [ 134.5079498, 7.3652554 ], [ 134.5070648, 7.3650723 ], [ 134.5062714, 7.3648834 ], [ 134.50628660000001, 7.3648276 ], [ 134.504531899999989, 7.364439 ], [ 134.504379300000011, 7.3643723 ], [ 134.5043182, 7.3643222 ], [ 134.504028299999987, 7.3645501 ], [ 134.503768900000011, 7.3650417 ], [ 134.5033264, 7.3657279 ], [ 134.5029144, 7.3662276 ], [ 134.502105699999987, 7.367197 ], [ 134.501373300000012, 7.3681526 ], [ 134.5011749, 7.3684859 ], [ 134.50100710000001, 7.3686833 ], [ 134.500762900000012, 7.3686833 ], [ 134.500656099999986, 7.368814 ], [ 134.5005646, 7.368928 ], [ 134.500427300000013, 7.3692946 ], [ 134.5001373, 7.3695002 ], [ 134.5, 7.369689 ], [ 134.499694799999986, 7.3700972 ], [ 134.4993744, 7.3702831 ], [ 134.499206500000014, 7.3705277 ], [ 134.498977700000012, 7.3708806 ], [ 134.4988098, 7.3709278 ], [ 134.498260499999986, 7.3710585 ], [ 134.4975739, 7.3715668 ], [ 134.497299199999986, 7.3719416 ], [ 134.497192399999989, 7.3719888 ], [ 134.4971161, 7.3720222 ], [ 134.496994, 7.3720555 ], [ 134.4967651, 7.3720555 ], [ 134.496444700000012, 7.3719335 ], [ 134.4953156, 7.3716307 ], [ 134.494522100000012, 7.3717141 ], [ 134.493820199999988, 7.3719583 ], [ 134.4936066, 7.3721304 ], [ 134.493225099999989, 7.3723664 ], [ 134.4928131, 7.372489 ], [ 134.492492700000014, 7.3727584 ], [ 134.4922943, 7.3730612 ], [ 134.4919586, 7.3731499 ], [ 134.4915772, 7.3731999 ], [ 134.4914703, 7.3734498 ], [ 134.491424599999988, 7.3735499 ], [ 134.4914703, 7.3738613 ], [ 134.4916077, 7.374186 ], [ 134.4918213, 7.3745308 ], [ 134.492157, 7.374825 ], [ 134.4925232, 7.3748584 ], [ 134.49319460000001, 7.3747249 ], [ 134.4937592, 7.374464 ], [ 134.4940033, 7.3741641 ], [ 134.4942017, 7.3737054 ], [ 134.4942474, 7.3732891 ], [ 134.4942627, 7.373086 ], [ 134.494415299999986, 7.3730779 ], [ 134.4944763, 7.3731418 ], [ 134.4945526, 7.373714 ], [ 134.494812, 7.3739581 ], [ 134.4951019, 7.3740168 ], [ 134.495391899999987, 7.3739419 ], [ 134.4956818, 7.3740416 ], [ 134.495758099999989, 7.3741808 ], [ 134.495727499999987, 7.3745308 ], [ 134.4955292, 7.3749137 ], [ 134.4954224, 7.3750029 ], [ 134.495163, 7.3748498 ], [ 134.4945679, 7.3745637 ], [ 134.49415590000001, 7.3745804 ], [ 134.493698099999989, 7.3748331 ], [ 134.49368290000001, 7.3750362 ], [ 134.4934692, 7.3752418 ], [ 134.493347199999988, 7.3755193 ], [ 134.4929962, 7.3759027 ], [ 134.4925537, 7.3762527 ], [ 134.4925537, 7.3763113 ], [ 134.4925385, 7.3766222 ], [ 134.492874199999989, 7.3770304 ], [ 134.493072500000011, 7.3770332 ], [ 134.49319460000001, 7.3770361 ], [ 134.4934235, 7.3770776 ], [ 134.4937439, 7.3770695 ], [ 134.4941406, 7.3768249 ], [ 134.4944, 7.3766861 ], [ 134.4947357, 7.3768582 ], [ 134.495010400000012, 7.377111 ], [ 134.4950256, 7.3773222 ], [ 134.495254499999987, 7.3774223 ], [ 134.4955444, 7.3777223 ], [ 134.4955444, 7.3780584 ], [ 134.4953003, 7.3783612 ], [ 134.495269799999988, 7.3787279 ], [ 134.495498700000013, 7.3791361 ], [ 134.4958038, 7.379364 ], [ 134.4962463, 7.3798304 ], [ 134.496566800000011, 7.3799276 ], [ 134.4968567, 7.380075 ], [ 134.496872, 7.3800693 ], [ 134.4970245, 7.3800998 ], [ 134.4971314, 7.3802137 ], [ 134.4971314, 7.3802223 ], [ 134.4974518, 7.3803859 ], [ 134.49765020000001, 7.3804417 ], [ 134.4980621, 7.3804193 ], [ 134.4983368, 7.3804584 ], [ 134.4985809, 7.3806057 ], [ 134.4986572, 7.3808417 ], [ 134.4987946, 7.3811998 ], [ 134.498840300000012, 7.3812614 ], [ 134.4994659, 7.3816891 ], [ 134.4996033, 7.3817639 ], [ 134.4996643, 7.3817835 ], [ 134.4997559, 7.3817611 ], [ 134.499816900000013, 7.3817 ], [ 134.4998627, 7.3816304 ], [ 134.4998779, 7.3815417 ], [ 134.4998627, 7.3813529 ], [ 134.4998779, 7.3813 ], [ 134.499923700000011, 7.3813086 ], [ 134.5, 7.3813667 ], [ 134.500289900000013, 7.3815947 ], [ 134.500427300000013, 7.3816695 ], [ 134.5004883, 7.3816695 ], [ 134.5005646, 7.3816223 ], [ 134.5008698, 7.3816862 ], [ 134.5011902, 7.3820248 ], [ 134.5019379, 7.3825359 ], [ 134.5023041, 7.3830862 ], [ 134.5023804, 7.3832192 ], [ 134.502471899999989, 7.383503 ], [ 134.502578699999987, 7.3837752 ], [ 134.502655, 7.3839808 ], [ 134.5027466, 7.3843164 ], [ 134.5027924, 7.3844471 ], [ 134.5027771, 7.3845387 ], [ 134.5027618, 7.384614 ], [ 134.5026398, 7.3846359 ], [ 134.5025177, 7.3844914 ], [ 134.502349900000013, 7.3843417 ], [ 134.5021973, 7.3842053 ], [ 134.5019226, 7.3841333 ], [ 134.5017853, 7.3842363 ], [ 134.50177, 7.3844304 ], [ 134.501846300000011, 7.3847613 ], [ 134.5017853, 7.3848805 ], [ 134.5016632, 7.3849196 ], [ 134.50149540000001, 7.384861 ], [ 134.501358, 7.3847804 ], [ 134.501297, 7.3846693 ], [ 134.5014038, 7.3845387 ], [ 134.5015564, 7.384439 ], [ 134.501632699999988, 7.3842611 ], [ 134.5015869, 7.3839722 ], [ 134.5014038, 7.3837972 ], [ 134.501236, 7.383636 ], [ 134.500900300000012, 7.3835082 ], [ 134.5007019, 7.3834415 ], [ 134.5006256, 7.3833137 ], [ 134.500473, 7.3829055 ], [ 134.5003815, 7.3827443 ], [ 134.5002441, 7.3826528 ], [ 134.5, 7.382586 ], [ 134.4999847, 7.3825808 ], [ 134.4993897, 7.3821693 ], [ 134.498382600000014, 7.3816724 ], [ 134.4979553, 7.3816557 ], [ 134.497406, 7.3818889 ], [ 134.4973755, 7.3819361 ], [ 134.497345, 7.3819723 ], [ 134.497299199999986, 7.3820138 ], [ 134.4972534, 7.38205 ], [ 134.497192399999989, 7.3820725 ], [ 134.4971314, 7.3820863 ], [ 134.497055100000011, 7.3820863 ], [ 134.496994, 7.3820748 ], [ 134.4969635, 7.3820558 ], [ 134.4963074, 7.3811975 ], [ 134.496322600000013, 7.3810334 ], [ 134.4963684, 7.3808417 ], [ 134.496353199999987, 7.3807445 ], [ 134.4960022, 7.3802805 ], [ 134.4956818, 7.3798137 ], [ 134.4955902, 7.3793888 ], [ 134.4950714, 7.3786221 ], [ 134.494903599999986, 7.3786945 ], [ 134.494751, 7.3788028 ], [ 134.494415299999986, 7.3792582 ], [ 134.4944458, 7.3796749 ], [ 134.4943848, 7.3800998 ], [ 134.4940033, 7.3805332 ], [ 134.4939728, 7.3808417 ], [ 134.4941406, 7.3810473 ], [ 134.4949646, 7.3821416 ], [ 134.495376599999986, 7.3840556 ], [ 134.4955597, 7.384439 ], [ 134.495742799999988, 7.384861 ], [ 134.495742799999988, 7.3850889 ], [ 134.4959106, 7.3851194 ], [ 134.4961853, 7.3850446 ], [ 134.496429400000011, 7.3852501 ], [ 134.4966278, 7.3853664 ], [ 134.4967957, 7.38555 ], [ 134.4969788, 7.385797 ], [ 134.4971008, 7.3861194 ], [ 134.4971619, 7.38625 ], [ 134.4972382, 7.3864193 ], [ 134.4972687, 7.3870416 ], [ 134.4974518, 7.3872027 ], [ 134.4975586, 7.3876224 ], [ 134.4976196, 7.3877721 ], [ 134.497818, 7.3879223 ], [ 134.4980774, 7.3880835 ], [ 134.498153699999989, 7.3882752 ], [ 134.4980621, 7.3885002 ], [ 134.49800110000001, 7.3886609 ], [ 134.4980774, 7.3889303 ], [ 134.4980774, 7.3892193 ], [ 134.4981842, 7.3894029 ], [ 134.4984589, 7.3896165 ], [ 134.498748799999987, 7.3897777 ], [ 134.4987793, 7.3901224 ], [ 134.4985962, 7.3901529 ], [ 134.4983063, 7.3901 ], [ 134.498153699999989, 7.3902388 ], [ 134.4982147, 7.3908415 ], [ 134.498275799999988, 7.3910556 ], [ 134.4985657, 7.3911305 ], [ 134.498870899999986, 7.3911834 ], [ 134.4990082, 7.3910446 ], [ 134.499054, 7.3906918 ], [ 134.4991608, 7.3904972 ], [ 134.4993134, 7.3904109 ], [ 134.499527, 7.3901334 ], [ 134.499710099999987, 7.3899083 ], [ 134.4998779, 7.3898335 ], [ 134.4998932, 7.3901 ], [ 134.4998932, 7.3903585 ], [ 134.499939, 7.3905835 ], [ 134.5, 7.3907085 ], [ 134.5000305, 7.3907833 ], [ 134.5002289, 7.3909583 ], [ 134.500473, 7.391089 ], [ 134.5006256, 7.391314 ], [ 134.5005188, 7.3914638 ], [ 134.5003357, 7.391561 ], [ 134.5, 7.3917418 ], [ 134.4996033, 7.3919582 ], [ 134.4993134, 7.3920112 ], [ 134.498977700000012, 7.392139 ], [ 134.4986877, 7.3923669 ], [ 134.4984283, 7.3925915 ], [ 134.4980774, 7.3927527 ], [ 134.497772200000014, 7.3926973 ], [ 134.4972687, 7.3926859 ], [ 134.4969482, 7.3927832 ], [ 134.496688799999987, 7.3930306 ], [ 134.4963989, 7.3931389 ], [ 134.4962921, 7.3934917 ], [ 134.496215799999987, 7.3937612 ], [ 134.495971700000013, 7.3937721 ], [ 134.495758099999989, 7.3936749 ], [ 134.4955292, 7.3936 ], [ 134.495224, 7.3937502 ], [ 134.4950256, 7.3938026 ], [ 134.4947052, 7.3937278 ], [ 134.4944305, 7.3935137 ], [ 134.4941406, 7.393353 ], [ 134.493942299999986, 7.3933306 ], [ 134.493515, 7.3933415 ], [ 134.49319460000001, 7.3933196 ], [ 134.492965700000013, 7.3932443 ], [ 134.492981, 7.3929443 ], [ 134.492950400000012, 7.3926859 ], [ 134.4930115, 7.3924723 ], [ 134.493042, 7.3922887 ], [ 134.4929199, 7.392139 ], [ 134.492691, 7.3920641 ], [ 134.492569, 7.3920221 ], [ 134.4925385, 7.39185 ], [ 134.492614800000013, 7.3916359 ], [ 134.49272160000001, 7.3913779 ], [ 134.4928284, 7.3912277 ], [ 134.492981, 7.3910141 ], [ 134.4932404, 7.390872 ], [ 134.4934845, 7.3908196 ], [ 134.493804899999986, 7.390861 ], [ 134.4941101, 7.3909278 ], [ 134.4944305, 7.3910666 ], [ 134.495163, 7.3914194 ], [ 134.4955292, 7.3915501 ], [ 134.4960022, 7.3915916 ], [ 134.4963074, 7.3915501 ], [ 134.496566800000011, 7.3914971 ], [ 134.4969788, 7.3915391 ], [ 134.4972382, 7.3915916 ], [ 134.4974976, 7.3916555 ], [ 134.4977264, 7.3917861 ], [ 134.4977417, 7.3916779 ], [ 134.4976044, 7.3915057 ], [ 134.4976349, 7.3911638 ], [ 134.497757, 7.3909917 ], [ 134.4978027, 7.3908196 ], [ 134.49765020000001, 7.3907557 ], [ 134.4974518, 7.3908305 ], [ 134.497283900000014, 7.3910446 ], [ 134.4969482, 7.3910556 ], [ 134.4965973, 7.3909359 ], [ 134.496322600000013, 7.3907666 ], [ 134.4954376, 7.3902831 ], [ 134.4952087, 7.3900776 ], [ 134.4948731, 7.3900695 ], [ 134.4943848, 7.3901863 ], [ 134.493804899999986, 7.3903694 ], [ 134.4935913, 7.390553 ], [ 134.493347199999988, 7.3905082 ], [ 134.492981, 7.3903694 ], [ 134.4928284, 7.3901863 ], [ 134.49272160000001, 7.3899498 ], [ 134.49272160000001, 7.3897138 ], [ 134.492965700000013, 7.3893805 ], [ 134.4932556, 7.3892417 ], [ 134.4933929, 7.3890276 ], [ 134.4933014, 7.3887916 ], [ 134.492981, 7.3886943 ], [ 134.492843599999986, 7.3885222 ], [ 134.4926758, 7.3882556 ], [ 134.49272160000001, 7.3876638 ], [ 134.4929352, 7.3876748 ], [ 134.493225099999989, 7.3877835 ], [ 134.4934082, 7.3879113 ], [ 134.493560800000012, 7.3878889 ], [ 134.4936218, 7.3877611 ], [ 134.4936066, 7.3874807 ], [ 134.4935303, 7.3870945 ], [ 134.493515, 7.3868804 ], [ 134.4935913, 7.3865166 ], [ 134.4938812, 7.3863554 ], [ 134.494049100000012, 7.3861833 ], [ 134.4942627, 7.3860445 ], [ 134.494415299999986, 7.3857002 ], [ 134.494659399999989, 7.3855443 ], [ 134.494812, 7.3853779 ], [ 134.494995100000011, 7.3848362 ], [ 134.4953003, 7.3846998 ], [ 134.4953308, 7.3845224 ], [ 134.495224, 7.3844667 ], [ 134.4950256, 7.3844667 ], [ 134.494781499999988, 7.384336 ], [ 134.494506800000011, 7.3844166 ], [ 134.493942299999986, 7.3841915 ], [ 134.4935303, 7.3843083 ], [ 134.492950400000012, 7.385272 ], [ 134.49272160000001, 7.3853641 ], [ 134.4918518, 7.3854194 ], [ 134.491531400000014, 7.3856611 ], [ 134.4912262, 7.3860779 ], [ 134.490509, 7.3876166 ], [ 134.4905853, 7.3877029 ], [ 134.490936299999987, 7.3877502 ], [ 134.491149900000011, 7.3877807 ], [ 134.491394, 7.3882918 ], [ 134.4916534, 7.3894501 ], [ 134.49162290000001, 7.3905916 ], [ 134.492004400000013, 7.3912721 ], [ 134.492019699999986, 7.3919416 ], [ 134.492126500000012, 7.3922887 ], [ 134.492126500000012, 7.3925419 ], [ 134.492096, 7.3927498 ], [ 134.4919586, 7.393003 ], [ 134.4918671, 7.3932748 ], [ 134.491989100000012, 7.3935084 ], [ 134.4922333, 7.393528 ], [ 134.492492700000014, 7.393611 ], [ 134.4925385, 7.3938637 ], [ 134.4922333, 7.394011 ], [ 134.492004400000013, 7.3944945 ], [ 134.4917145, 7.3949556 ], [ 134.4916687, 7.3951249 ], [ 134.4916687, 7.3955445 ], [ 134.4916992, 7.3959446 ], [ 134.4916992, 7.3962359 ], [ 134.491989100000012, 7.3963223 ], [ 134.4922333, 7.3964696 ], [ 134.4923096, 7.3966999 ], [ 134.4921722, 7.3969111 ], [ 134.491897599999987, 7.3971 ], [ 134.4914398, 7.3973308 ], [ 134.4912109, 7.3975387 ], [ 134.490936299999987, 7.3978334 ], [ 134.490570100000014, 7.3981276 ], [ 134.490066500000012, 7.3984447 ], [ 134.4899292, 7.398675 ], [ 134.4897308, 7.3986945 ], [ 134.4895172, 7.3984637 ], [ 134.4894257, 7.3980861 ], [ 134.4893189, 7.3977499 ], [ 134.48909, 7.3974972 ], [ 134.488678, 7.3976445 ], [ 134.4884491, 7.397686 ], [ 134.4880676, 7.3975196 ], [ 134.487930299999988, 7.397728 ], [ 134.4881134, 7.3980222 ], [ 134.488327, 7.3981695 ], [ 134.488616900000011, 7.3983584 ], [ 134.488876299999987, 7.3985915 ], [ 134.48922730000001, 7.3989472 ], [ 134.4893341, 7.3992 ], [ 134.4894562, 7.3996973 ], [ 134.4896393, 7.3999887 ], [ 134.490036, 7.4002304 ], [ 134.4906921, 7.4006028 ], [ 134.4907684, 7.4008002 ], [ 134.4909973, 7.4010916 ], [ 134.4910736, 7.4013748 ], [ 134.491165200000012, 7.4015722 ], [ 134.4912567, 7.4018526 ], [ 134.4913788, 7.4019499 ], [ 134.4916077, 7.4018526 ], [ 134.4918213, 7.4015389 ], [ 134.4919434, 7.4011974 ], [ 134.4920807, 7.4008751 ], [ 134.4922028, 7.4004555 ], [ 134.4923554, 7.400075 ], [ 134.49263, 7.3997998 ], [ 134.492858899999987, 7.3994498 ], [ 134.4929047, 7.3991194 ], [ 134.4929047, 7.3987861 ], [ 134.4927979, 7.3985529 ], [ 134.492614800000013, 7.3984251 ], [ 134.4923096, 7.3982415 ], [ 134.4921875, 7.3980556 ], [ 134.4922028, 7.3978391 ], [ 134.4924011, 7.3978305 ], [ 134.4927673, 7.3978696 ], [ 134.493087800000012, 7.3978305 ], [ 134.4933014, 7.39785 ], [ 134.4934692, 7.3979278 ], [ 134.4934692, 7.3981528 ], [ 134.4933624, 7.3984251 ], [ 134.4933777, 7.3986807 ], [ 134.49354550000001, 7.3988252 ], [ 134.4939575, 7.3987193 ], [ 134.4942322, 7.3984752 ], [ 134.4945831, 7.3982501 ], [ 134.494888300000014, 7.3981333 ], [ 134.4951019, 7.3981419 ], [ 134.4953461, 7.3981805 ], [ 134.495697, 7.3982029 ], [ 134.495956400000011, 7.3980832 ], [ 134.49617, 7.3979583 ], [ 134.4963989, 7.398025 ], [ 134.496688799999987, 7.3980446 ], [ 134.4970703, 7.3978696 ], [ 134.4972687, 7.3975749 ], [ 134.4974976, 7.3971582 ], [ 134.4975586, 7.396914 ], [ 134.4975433, 7.3967667 ], [ 134.4973297, 7.3965807 ], [ 134.4969788, 7.3964639 ], [ 134.4969635, 7.3962584 ], [ 134.497177099999988, 7.3960915 ], [ 134.4973602, 7.3959947 ], [ 134.4976196, 7.396111 ], [ 134.497879, 7.396328 ], [ 134.4980621, 7.3966498 ], [ 134.4981995, 7.3969336 ], [ 134.498260499999986, 7.3973918 ], [ 134.4982147, 7.3977222 ], [ 134.4981079, 7.3979669 ], [ 134.498275799999988, 7.3981609 ], [ 134.4985352, 7.3982501 ], [ 134.498748799999987, 7.3983474 ], [ 134.4988098, 7.3985529 ], [ 134.4986725, 7.3987002 ], [ 134.49847410000001, 7.3988752 ], [ 134.4981995, 7.398972 ], [ 134.4979858, 7.3990111 ], [ 134.4976959, 7.398953 ], [ 134.4974518, 7.3988638 ], [ 134.497177099999988, 7.3987279 ], [ 134.4968872, 7.3986974 ], [ 134.4967499, 7.398797 ], [ 134.4964752, 7.3993082 ], [ 134.4962463, 7.3993249 ], [ 134.496048, 7.3992276 ], [ 134.495697, 7.3992057 ], [ 134.4955292, 7.3991666 ], [ 134.4954529, 7.3994694 ], [ 134.4953156, 7.3997335 ], [ 134.4951019, 7.3998804 ], [ 134.494812, 7.3998418 ], [ 134.4944458, 7.3997526 ], [ 134.4942017, 7.3997722 ], [ 134.4940186, 7.4000669 ], [ 134.4937286, 7.4001446 ], [ 134.493347199999988, 7.4002304 ], [ 134.4929962, 7.4003167 ], [ 134.492874199999989, 7.4005332 ], [ 134.492843599999986, 7.4007888 ], [ 134.4930573, 7.4008832 ], [ 134.4933624, 7.4009891 ], [ 134.493698099999989, 7.4009638 ], [ 134.494049100000012, 7.4009638 ], [ 134.4944, 7.4010029 ], [ 134.4946899, 7.4011002 ], [ 134.4947052, 7.4011779 ], [ 134.4946137, 7.4013748 ], [ 134.494537400000013, 7.4015889 ], [ 134.4947357, 7.4017248 ], [ 134.4951477, 7.4017944 ], [ 134.495376599999986, 7.4018221 ], [ 134.4955444, 7.4019303 ], [ 134.495697, 7.4021168 ], [ 134.4956818, 7.4025946 ], [ 134.495620699999989, 7.4029164 ], [ 134.4958038, 7.4031887 ], [ 134.495971700000013, 7.4035502 ], [ 134.4960022, 7.4039445 ], [ 134.4961853, 7.4047942 ], [ 134.4963684, 7.4050612 ], [ 134.4966736, 7.4052196 ], [ 134.496994, 7.4054279 ], [ 134.4973297, 7.4056554 ], [ 134.497528100000011, 7.4059224 ], [ 134.4976044, 7.4061499 ], [ 134.4975433, 7.4066529 ], [ 134.49765020000001, 7.4070334 ], [ 134.4978333, 7.4074583 ], [ 134.497909600000014, 7.4078112 ], [ 134.4980774, 7.4080944 ], [ 134.498260499999986, 7.4085026 ], [ 134.498367300000012, 7.4087777 ], [ 134.4985046, 7.4090443 ], [ 134.498733499999986, 7.4093084 ], [ 134.498962400000011, 7.4094224 ], [ 134.499237099999988, 7.4094887 ], [ 134.49957280000001, 7.4094806 ], [ 134.5, 7.4094558 ], [ 134.500183099999987, 7.4094443 ], [ 134.5009308, 7.4094248 ], [ 134.5021362, 7.4091387 ], [ 134.5027466, 7.4092307 ], [ 134.5030975, 7.4093919 ], [ 134.5033264, 7.4096613 ], [ 134.5035248, 7.4100971 ], [ 134.5034943, 7.410389 ], [ 134.5032349, 7.4105444 ], [ 134.5029907, 7.4105749 ], [ 134.5027466, 7.4099307 ], [ 134.5021973, 7.4098029 ], [ 134.5009155, 7.4102445 ], [ 134.5, 7.4100056 ], [ 134.499694799999986, 7.4099279 ], [ 134.49957280000001, 7.4100499 ], [ 134.49957280000001, 7.4102669 ], [ 134.4994812, 7.4103637 ], [ 134.499343900000014, 7.4103527 ], [ 134.4991913, 7.4102669 ], [ 134.4990387, 7.4101167 ], [ 134.4989166, 7.4099641 ], [ 134.4987946, 7.4097748 ], [ 134.4985504, 7.4096141 ], [ 134.4983368, 7.4094224 ], [ 134.4981842, 7.4091778 ], [ 134.4980621, 7.4089665 ], [ 134.497909600000014, 7.4086919 ], [ 134.4977112, 7.408361 ], [ 134.49751280000001, 7.4081221 ], [ 134.4973908, 7.4078279 ], [ 134.4972687, 7.407639 ], [ 134.4972076, 7.407403 ], [ 134.49703980000001, 7.4069834 ], [ 134.496810900000014, 7.4067669 ], [ 134.4965973, 7.4064999 ], [ 134.4963684, 7.4062529 ], [ 134.4961548, 7.406178 ], [ 134.495956400000011, 7.4061585 ], [ 134.4958344, 7.4060831 ], [ 134.4958038, 7.4058557 ], [ 134.4956818, 7.4056668 ], [ 134.495498700000013, 7.4055138 ], [ 134.495361300000013, 7.4052944 ], [ 134.495254499999987, 7.4050307 ], [ 134.4951782, 7.4048696 ], [ 134.4949493, 7.4043388 ], [ 134.494751, 7.403728 ], [ 134.4946747, 7.4034138 ], [ 134.494766199999987, 7.4031501 ], [ 134.4949188, 7.4028668 ], [ 134.495010400000012, 7.402575 ], [ 134.4949646, 7.4023304 ], [ 134.4948273, 7.4021945 ], [ 134.494537400000013, 7.4021249 ], [ 134.4941101, 7.4021249 ], [ 134.4937134, 7.402164 ], [ 134.4933929, 7.4023113 ], [ 134.4931488, 7.4023695 ], [ 134.4929352, 7.4023304 ], [ 134.4926758, 7.4022417 ], [ 134.4924622, 7.4024081 ], [ 134.492370599999987, 7.4026585 ], [ 134.4921875, 7.4029164 ], [ 134.491882299999986, 7.4029832 ], [ 134.491531400000014, 7.4030056 ], [ 134.4912415, 7.402936 ], [ 134.491027800000012, 7.4027805 ], [ 134.4907532, 7.4026332 ], [ 134.4906158, 7.4024472 ], [ 134.490463299999988, 7.4024 ], [ 134.4903717, 7.4026251 ], [ 134.4901733, 7.4029751 ], [ 134.4899445, 7.4032278 ], [ 134.4897614, 7.4033752 ], [ 134.4897614, 7.4036584 ], [ 134.489975, 7.4038138 ], [ 134.4902191, 7.4039221 ], [ 134.490341199999989, 7.4041557 ], [ 134.4903107, 7.4044695 ], [ 134.4902344, 7.404614 ], [ 134.490066500000012, 7.4046722 ], [ 134.4898224, 7.4046722 ], [ 134.4895783, 7.4044776 ], [ 134.489379899999989, 7.4042721 ], [ 134.4893036, 7.4040971 ], [ 134.4893189, 7.4038582 ], [ 134.4889832, 7.4037056 ], [ 134.4889832, 7.403522 ], [ 134.488998400000014, 7.4033861 ], [ 134.488891599999988, 7.4031611 ], [ 134.4882507, 7.4028387 ], [ 134.487915, 7.402925 ], [ 134.487686200000013, 7.4029641 ], [ 134.4872589, 7.4029751 ], [ 134.4867706, 7.402936 ], [ 134.4864197, 7.4028082 ], [ 134.4860382, 7.4026251 ], [ 134.4858551, 7.4026804 ], [ 134.4858398, 7.4029832 ], [ 134.486221300000011, 7.4032583 ], [ 134.486724900000013, 7.4035611 ], [ 134.4871521, 7.4039111 ], [ 134.4873352, 7.4042335 ], [ 134.48732, 7.4046445 ], [ 134.487197900000012, 7.405025 ], [ 134.4869995, 7.4052167 ], [ 134.48730470000001, 7.405622 ], [ 134.4877472, 7.4059696 ], [ 134.4877777, 7.4062638 ], [ 134.4878998, 7.4065499 ], [ 134.4883575, 7.406764 ], [ 134.4883881, 7.4067779 ], [ 134.4888306, 7.4068055 ], [ 134.489486699999986, 7.4069581 ], [ 134.4897919, 7.4072609 ], [ 134.4898224, 7.4075832 ], [ 134.4893951, 7.4078693 ], [ 134.4889526, 7.407764 ], [ 134.488632200000012, 7.4076805 ], [ 134.488525399999986, 7.40765 ], [ 134.4883728, 7.4077916 ], [ 134.488327, 7.4081054 ], [ 134.488327, 7.4084668 ], [ 134.4884491, 7.4086752 ], [ 134.4882965, 7.4088359 ], [ 134.4880829, 7.4089389 ], [ 134.4880219, 7.4089694 ], [ 134.4879913, 7.4089751 ], [ 134.487442, 7.4090724 ], [ 134.4872131, 7.4093499 ], [ 134.48732, 7.4095583 ], [ 134.487670900000012, 7.4097085 ], [ 134.487945599999989, 7.4098334 ], [ 134.488143900000011, 7.4099946 ], [ 134.4882355, 7.4102221 ], [ 134.4879913, 7.410739 ], [ 134.4879761, 7.4109888 ], [ 134.4879761, 7.4112554 ], [ 134.488052399999987, 7.4114332 ], [ 134.4882507, 7.4114752 ], [ 134.4887238, 7.4114251 ], [ 134.4891968, 7.4113998 ], [ 134.4894409, 7.4113917 ], [ 134.48970030000001, 7.4115748 ], [ 134.48983770000001, 7.4116917 ], [ 134.4900208, 7.4117999 ], [ 134.4902649, 7.4118333 ], [ 134.490448, 7.4119444 ], [ 134.4905853, 7.4121776 ], [ 134.490676900000011, 7.4124222 ], [ 134.490814199999988, 7.4126473 ], [ 134.4908752, 7.4127975 ], [ 134.491043100000013, 7.4129138 ], [ 134.4912109, 7.4129582 ], [ 134.491424599999988, 7.4129305 ], [ 134.491745, 7.4129305 ], [ 134.492096, 7.4129582 ], [ 134.4925537, 7.4130583 ], [ 134.493103, 7.4132085 ], [ 134.4934082, 7.4132667 ], [ 134.4937592, 7.4132834 ], [ 134.4941101, 7.4133749 ], [ 134.494278, 7.4134584 ], [ 134.49464420000001, 7.413661 ], [ 134.4950562, 7.4139113 ], [ 134.4954071, 7.4141336 ], [ 134.495742799999988, 7.4142137 ], [ 134.496048, 7.4141998 ], [ 134.4964752, 7.4142528 ], [ 134.4966431, 7.4143333 ], [ 134.4969788, 7.413878 ], [ 134.4974976, 7.4134359 ], [ 134.498016400000012, 7.4130445 ], [ 134.4987946, 7.4128585 ], [ 134.499343900000014, 7.4129915 ], [ 134.4999847, 7.4130445 ], [ 134.5, 7.4130583 ], [ 134.500671399999987, 7.413528 ], [ 134.5011292, 7.414053 ], [ 134.501846300000011, 7.4147778 ], [ 134.5022583, 7.4156251 ], [ 134.5019989, 7.4154363 ], [ 134.50100710000001, 7.4142528 ], [ 134.5003662, 7.413475 ], [ 134.5, 7.4133501 ], [ 134.4992523, 7.4130998 ], [ 134.4980469, 7.4137306 ], [ 134.4968567, 7.4145637 ], [ 134.496521, 7.4145222 ], [ 134.496337899999986, 7.4145751 ], [ 134.4960022, 7.4145083 ], [ 134.4952087, 7.4143333 ], [ 134.4947357, 7.4141555 ], [ 134.4943237, 7.4139695 ], [ 134.4940033, 7.4138498 ], [ 134.4936371, 7.4137473 ], [ 134.493576100000013, 7.4142056 ], [ 134.494796799999989, 7.4145889 ], [ 134.495132500000011, 7.4147 ], [ 134.495163, 7.4150167 ], [ 134.4953461, 7.4152861 ], [ 134.4955902, 7.4155111 ], [ 134.49511720000001, 7.4168248 ], [ 134.4952393, 7.4171777 ], [ 134.495269799999988, 7.417275 ] ] ] } },
{ "type": "Feature", "properties": { "RCID": 7081, "PRIM": 3, "GRUP": 2, "OBJL": 121, "RVER": 1, "AGEN": 550, "FIDN": 100696271, "FIDS": 9, "LNAM": "0226060080CF0009", "LNAM_REFS": null, "FFPT_RIND": null, "COLOUR": null, "NATQUA": null, "NATSUR": [ "9" ], "WATLEV": 4.0, "OBJNAM": null, "NOBJNM": null, "INFORM": null, "NINFOM": null, "NTXTDS": null, "SCAMAX": null, "SCAMIN": 29999, "TXTDSC": null, "RECDAT": null, "RECIND": null, "SORDAT": "20150206", "SORIND": "US,US,reprt,L-246-2015", "_enc_cell": "US4TB3P0" }, "geometry": { "type": "Polygon", "coordinates": [ [ [ 134.5189667, 7.3431807 ], [ 134.5189416, 7.3430724 ], [ 134.518920900000012, 7.3429833 ], [ 134.5190735, 7.3427553 ], [ 134.519125800000012, 7.342723 ], [ 134.5192261, 7.3426609 ], [ 134.519393900000011, 7.3426137 ], [ 134.5194244, 7.3426137 ], [ 134.5194397, 7.342628 ], [ 134.5197449, 7.3427334 ], [ 134.5201111, 7.3427334 ], [ 134.5201721, 7.3431611 ], [ 134.5202179, 7.3434973 ], [ 134.5198212, 7.3436637 ], [ 134.519287100000014, 7.3434863 ], [ 134.5190735, 7.3433418 ], [ 134.5189667, 7.3431807 ] ] ] } },
{ "type": "Feature", "properties": { "RCID": 7082, "PRIM": 3, "GRUP": 2, "OBJL": 121, "RVER": 1, "AGEN": 550, "FIDN": 463635900, "FIDS": 9, "LNAM": "02261BA285BC0009", "LNAM_REFS": null, "FFPT_RIND": null, "COLOUR": null, "NATQUA": null, "NATSUR": [ "9" ], "WATLEV": 4.0, "OBJNAM": null, "NOBJNM": null, "INFORM": null, "NINFOM": null, "NTXTDS": null, "SCAMAX": null, "SCAMIN": 29999, "TXTDSC": null, "RECDAT": null, "RECIND": null, "SORDAT": "20150206", "SORIND": "US,US,reprt,L-246-2015", "_enc_cell": "US4TB3P0" }, "geometry": { "type": "Polygon", "coordinates": [ [ [ 134.525161700000012, 7.333961 ], [ 134.5252533, 7.3339109 ], [ 134.52540590000001, 7.3339109 ], [ 134.5258789, 7.3340359 ], [ 134.526031499999988, 7.3343 ], [ 134.5259552, 7.3345194 ], [ 134.5259399, 7.3346558 ], [ 134.525909399999989, 7.3348918 ], [ 134.5258484, 7.3349333 ], [ 134.525589, 7.3350945 ], [ 134.525299100000012, 7.3349333 ], [ 134.5250092, 7.3345919 ], [ 134.5248871, 7.3344002 ], [ 134.5249634, 7.3340612 ], [ 134.525161700000012, 7.333961 ] ] ] } },
{ "type": "Feature", "properties": { "RCID": 7083, "PRIM": 3, "GRUP": 2, "OBJL": 121, "RVER": 1, "AGEN": 550, "FIDN": 455229902, "FIDS": 9, "LNAM": "02261B2241CE0009", "LNAM_REFS": null, "FFPT_RIND": null, "COLOUR": null, "NATQUA": null, "NATSUR": [ "9" ], "WATLEV": 4.0, "OBJNAM": null, "NOBJNM": null, "INFORM": null, "NINFOM": null, "NTXTDS": null, "SCAMAX": null, "SCAMIN": 29999, "TXTDSC": null, "RECDAT": null, "RECIND": null, "SORDAT": "20150206", "SORIND": "US,US,reprt,L-246-2015", "_enc_cell": "US4TB3P0" }, "geometry": { "type": "Polygon", "coordinates": [ [ [ 134.5431213, 7.286725 ], [ 134.543304400000011, 7.2869697 ], [ 134.543457, 7.2869945 ], [ 134.5437164, 7.2870336 ], [ 134.5439758, 7.2868276 ], [ 134.5440369, 7.2864919 ], [ 134.543869, 7.2862444 ], [ 134.5436554, 7.2861972 ], [ 134.543457, 7.2862029 ], [ 134.5433655, 7.2862058 ], [ 134.543319700000012, 7.2863417 ], [ 134.5431824, 7.2865109 ], [ 134.5431366, 7.2865834 ], [ 134.5431213, 7.2866359 ], [ 134.5431213, 7.286725 ] ] ] } },
{ "type": "Feature", "properties": { "RCID": 7084, "PRIM": 3, "GRUP": 2, "OBJL": 121, "RVER": 1, "AGEN": 550, "FIDN": 874297059, "FIDS": 9, "LNAM": "0226341CB6E30009", "LNAM_REFS": null, "FFPT_RIND": null, "COLOUR": null, "NATQUA": null, "NATSUR": [ "9" ], "WATLEV": 4.0, "OBJNAM": null, "NOBJNM": null, "INFORM": null, "NINFOM": null, "NTXTDS": null, "SCAMAX": null, "SCAMIN": 29999, "TXTDSC": null, "RECDAT": null, "RECIND": null, "SORDAT": "20150206", "SORIND": "US,US,reprt,L-246-2015", "_enc_cell": "US4TB3P0" }, "geometry": { "type": "Polygon", "coordinates": [ [ [ 134.5640411, 7.3030973 ], [ 134.564148, 7.3033223 ], [ 134.564483599999988, 7.3038278 ], [ 134.56495670000001, 7.3042111 ], [ 134.565033, 7.3045082 ], [ 134.5651263, 7.3046199 ], [ 134.5653534, 7.3048916 ], [ 134.5661011, 7.3057613 ], [ 134.5663757, 7.3061833 ], [ 134.566772500000013, 7.3067446 ], [ 134.567245500000013, 7.3074999 ], [ 134.567276, 7.3077054 ], [ 134.567489599999988, 7.3078942 ], [ 134.5677795, 7.3082862 ], [ 134.5680542, 7.308764 ], [ 134.5686188, 7.3094277 ], [ 134.5690002, 7.3100057 ], [ 134.5693817, 7.3102222 ], [ 134.5698395, 7.3109026 ], [ 134.5712738, 7.3127918 ], [ 134.571991, 7.31355 ], [ 134.572418199999987, 7.3142223 ], [ 134.5729828, 7.3147831 ], [ 134.5734558, 7.315372 ], [ 134.5741577, 7.3162499 ], [ 134.574554400000011, 7.3166056 ], [ 134.575058, 7.3172612 ], [ 134.5756073, 7.3180084 ], [ 134.576004, 7.3183804 ], [ 134.576370200000014, 7.3189888 ], [ 134.57659910000001, 7.3196998 ], [ 134.5767059, 7.3202224 ], [ 134.576614400000011, 7.3205137 ], [ 134.5763092, 7.320961 ], [ 134.5761871, 7.3212137 ], [ 134.5757446, 7.3215137 ], [ 134.5755158, 7.3215613 ], [ 134.575317399999989, 7.3216252 ], [ 134.575042700000012, 7.3219166 ], [ 134.5746307, 7.3221664 ], [ 134.5743103, 7.322228 ], [ 134.574096700000013, 7.3222694 ], [ 134.573730500000011, 7.3219056 ], [ 134.5731964, 7.3210917 ], [ 134.5729675, 7.3204665 ], [ 134.5727539, 7.3201027 ], [ 134.572662400000013, 7.3197947 ], [ 134.5725861, 7.3196249 ], [ 134.5723267, 7.3195696 ], [ 134.5722504, 7.3195224 ], [ 134.5721893, 7.3194528 ], [ 134.572158800000011, 7.3194194 ], [ 134.571960499999989, 7.3191528 ], [ 134.5718384, 7.3190084 ], [ 134.5718384, 7.3186054 ], [ 134.57167050000001, 7.318439 ], [ 134.5714264, 7.3182416 ], [ 134.5712891, 7.3179693 ], [ 134.571167, 7.3177085 ], [ 134.5709229, 7.3175221 ], [ 134.5706635, 7.3172336 ], [ 134.570495599999987, 7.3169222 ], [ 134.570373499999988, 7.3168197 ], [ 134.570114100000012, 7.3166723 ], [ 134.56988530000001, 7.3166137 ], [ 134.5696869, 7.3166609 ], [ 134.5694885, 7.316803 ], [ 134.5693359, 7.3168778 ], [ 134.569046, 7.3168197 ], [ 134.5689087, 7.3166528 ], [ 134.56878660000001, 7.3164473 ], [ 134.568801900000011, 7.3160915 ], [ 134.568924, 7.3159223 ], [ 134.5688782, 7.3158112 ], [ 134.5686188, 7.3155222 ], [ 134.5681152, 7.315053 ], [ 134.567627, 7.3146529 ], [ 134.567230200000012, 7.3142695 ], [ 134.5669403, 7.3141556 ], [ 134.566650399999986, 7.3140168 ], [ 134.5664368, 7.313839 ], [ 134.5662231, 7.3135581 ], [ 134.5661163, 7.3132029 ], [ 134.5661926, 7.3129501 ], [ 134.5662079, 7.3128109 ], [ 134.565933199999989, 7.3124471 ], [ 134.565445, 7.3119974 ], [ 134.565200800000014, 7.3117638 ], [ 134.5648041, 7.3115583 ], [ 134.564621, 7.3112502 ], [ 134.5644074, 7.3109584 ], [ 134.5640564, 7.3106499 ], [ 134.5637207, 7.3104391 ], [ 134.5635681, 7.3103418 ], [ 134.5633392, 7.3102307 ], [ 134.563171399999987, 7.3099303 ], [ 134.5628815, 7.3096418 ], [ 134.5622711, 7.3092303 ], [ 134.5617828, 7.3089113 ], [ 134.561737099999988, 7.308547 ], [ 134.561676, 7.307828 ], [ 134.561615, 7.3076248 ], [ 134.561554, 7.3074832 ], [ 134.5614471, 7.3069029 ], [ 134.561462400000011, 7.3063974 ], [ 134.5613251, 7.3060055 ], [ 134.5610352, 7.3056221 ], [ 134.5607147, 7.3050137 ], [ 134.5604248, 7.3046308 ], [ 134.5600586, 7.3044334 ], [ 134.5596008, 7.3043971 ], [ 134.5590363, 7.3044443 ], [ 134.5585022, 7.3044057 ], [ 134.5582123, 7.304286 ], [ 134.5579224, 7.3039475 ], [ 134.5578308, 7.3036223 ], [ 134.5582123, 7.3033972 ], [ 134.5587921, 7.3032112 ], [ 134.558929400000011, 7.3030887 ], [ 134.5590363, 7.3026304 ], [ 134.559021, 7.3020334 ], [ 134.5588837, 7.301311 ], [ 134.5587463, 7.3004141 ], [ 134.5586853, 7.3001332 ], [ 134.5583801, 7.2998085 ], [ 134.55824290000001, 7.2996389 ], [ 134.5581665, 7.2995443 ], [ 134.5580444, 7.2988081 ], [ 134.5580902, 7.298625 ], [ 134.5581513, 7.2983861 ], [ 134.558227499999987, 7.2981443 ], [ 134.5580597, 7.2970419 ], [ 134.5580444, 7.2959557 ], [ 134.5581818, 7.2951055 ], [ 134.5581818, 7.2943668 ], [ 134.5580292, 7.2929916 ], [ 134.5579224, 7.2920194 ], [ 134.557632500000011, 7.2910304 ], [ 134.5574646, 7.2906361 ], [ 134.5571747, 7.2894306 ], [ 134.5569, 7.2884779 ], [ 134.5565643, 7.2878695 ], [ 134.55604550000001, 7.2873082 ], [ 134.5555573, 7.2869721 ], [ 134.5551453, 7.2866836 ], [ 134.554626500000012, 7.2861776 ], [ 134.5541687, 7.2855973 ], [ 134.5539856, 7.2847471 ], [ 134.5538178, 7.284225 ], [ 134.553527800000012, 7.2839332 ], [ 134.552825899999988, 7.2836084 ], [ 134.5523987, 7.2834945 ], [ 134.55220030000001, 7.2832418 ], [ 134.5520783, 7.2830334 ], [ 134.5519409, 7.282814 ], [ 134.551712, 7.2820749 ], [ 134.5514526, 7.2816639 ], [ 134.5511627, 7.2814665 ], [ 134.5508728, 7.2814751 ], [ 134.5506134, 7.2815027 ], [ 134.5504761, 7.2814112 ], [ 134.5503693, 7.281075 ], [ 134.5503235, 7.2805696 ], [ 134.550079399999987, 7.2798305 ], [ 134.5500031, 7.2795973 ], [ 134.5499878, 7.2794943 ], [ 134.5499878, 7.2785859 ], [ 134.5499725, 7.277875 ], [ 134.5499115, 7.2763557 ], [ 134.549881, 7.2757278 ], [ 134.5497894, 7.2750526 ], [ 134.5494995, 7.2741942 ], [ 134.549224900000013, 7.2737083 ], [ 134.5490418, 7.2726693 ], [ 134.5488129, 7.271389 ], [ 134.5486603, 7.2709861 ], [ 134.5483551, 7.2705751 ], [ 134.5478058, 7.2697721 ], [ 134.547302300000013, 7.2691751 ], [ 134.5466309, 7.2685943 ], [ 134.54599, 7.2681446 ], [ 134.545517, 7.2679224 ], [ 134.5453796, 7.2678833 ], [ 134.5452118, 7.2678361 ], [ 134.544754, 7.2675862 ], [ 134.54438780000001, 7.2673221 ], [ 134.5440826, 7.2672195 ], [ 134.543335, 7.267128 ], [ 134.542358400000012, 7.2670417 ], [ 134.5414581, 7.2668471 ], [ 134.5411987, 7.2667446 ], [ 134.540908800000011, 7.2666221 ], [ 134.540710499999989, 7.2666416 ], [ 134.5406342, 7.2668362 ], [ 134.5406036, 7.2670527 ], [ 134.5406189, 7.2673612 ], [ 134.540695199999988, 7.2676501 ], [ 134.5406647, 7.2678752 ], [ 134.5405426, 7.2681751 ], [ 134.5402985, 7.2683139 ], [ 134.539962800000012, 7.2683139 ], [ 134.539718599999986, 7.2681751 ], [ 134.53945920000001, 7.2680612 ], [ 134.5391846, 7.2679029 ], [ 134.5388031, 7.2678638 ], [ 134.538681, 7.2680888 ], [ 134.538650499999989, 7.2682586 ], [ 134.5388184, 7.268847 ], [ 134.5388336, 7.2692304 ], [ 134.5388031, 7.2694473 ], [ 134.5388031, 7.2695389 ], [ 134.5386047, 7.2698193 ], [ 134.538177499999989, 7.2699027 ], [ 134.537902800000012, 7.2698193 ], [ 134.5377655, 7.2695584 ], [ 134.5377502, 7.2693057 ], [ 134.5379639, 7.268939 ], [ 134.537933399999986, 7.2683888 ], [ 134.5381012, 7.2680526 ], [ 134.538162199999988, 7.2679029 ], [ 134.538040200000012, 7.2677722 ], [ 134.5375671, 7.2677054 ], [ 134.536941500000012, 7.2677527 ], [ 134.5366364, 7.267828 ], [ 134.536468500000012, 7.2679224 ], [ 134.5362701, 7.2680249 ], [ 134.5360565, 7.2683415 ], [ 134.5358276, 7.2687807 ], [ 134.5355682, 7.2689586 ], [ 134.5351105, 7.2690058 ], [ 134.5347748, 7.2690334 ], [ 134.5343475, 7.2693138 ], [ 134.5343018, 7.2696028 ], [ 134.5346069, 7.2700443 ], [ 134.534820599999989, 7.2703056 ], [ 134.534927399999987, 7.270586 ], [ 134.535034200000013, 7.2709222 ], [ 134.535202, 7.2712498 ], [ 134.535202, 7.2714443 ], [ 134.5350952, 7.2717362 ], [ 134.5348511, 7.2717915 ], [ 134.5345764, 7.271811 ], [ 134.534256, 7.2716055 ], [ 134.53417970000001, 7.2713251 ], [ 134.53417970000001, 7.270875 ], [ 134.534057600000011, 7.2707 ], [ 134.533966099999986, 7.2705751 ], [ 134.5336304, 7.2702947 ], [ 134.5332642, 7.2701197 ], [ 134.532974200000012, 7.2701082 ], [ 134.5326538, 7.2702947 ], [ 134.5324249, 7.270586 ], [ 134.532028200000013, 7.2707806 ], [ 134.5315857, 7.2708836 ], [ 134.5311127, 7.270875 ], [ 134.5308685, 7.2708836 ], [ 134.53068540000001, 7.270978 ], [ 134.530578600000013, 7.2712307 ], [ 134.5306397, 7.2720447 ], [ 134.5307465, 7.2729611 ], [ 134.530777, 7.2732973 ], [ 134.5307159, 7.2735276 ], [ 134.530593900000014, 7.2736974 ], [ 134.530426, 7.2738586 ], [ 134.5303345, 7.2743168 ], [ 134.5300751, 7.2746697 ], [ 134.529876699999988, 7.2750807 ], [ 134.529892, 7.2753444 ], [ 134.530304, 7.2756805 ], [ 134.530365, 7.2759609 ], [ 134.5302734, 7.276186 ], [ 134.5300293, 7.2763252 ], [ 134.5299072, 7.2765222 ], [ 134.5299072, 7.2767639 ], [ 134.530090300000012, 7.2770557 ], [ 134.530456500000014, 7.2771001 ], [ 134.5307312, 7.2771277 ], [ 134.5309143, 7.2771668 ], [ 134.5310974, 7.2774081 ], [ 134.5311279, 7.2777557 ], [ 134.5310364, 7.2780557 ], [ 134.530593900000014, 7.2783999 ], [ 134.5303345, 7.2786446 ], [ 134.5303345, 7.2788501 ], [ 134.530456500000014, 7.2792888 ], [ 134.530700700000011, 7.2795501 ], [ 134.530960099999987, 7.2799139 ], [ 134.5309906, 7.2802415 ], [ 134.5312958, 7.2806335 ], [ 134.5318756, 7.2811499 ], [ 134.5321198, 7.2812696 ], [ 134.5322418, 7.2815609 ], [ 134.532287599999989, 7.2818499 ], [ 134.5321655, 7.2824307 ], [ 134.532043499999986, 7.2829166 ], [ 134.5320587, 7.2831583 ], [ 134.5322266, 7.2834859 ], [ 134.5324554, 7.2836447 ], [ 134.5325623, 7.2837749 ], [ 134.532760599999989, 7.283711 ], [ 134.5328217, 7.2832332 ], [ 134.5328369, 7.2829804 ], [ 134.53302, 7.2826805 ], [ 134.5332031, 7.2825613 ], [ 134.5334473, 7.2825141 ], [ 134.5336151, 7.2826557 ], [ 134.5336914, 7.2827196 ], [ 134.5338135, 7.2829723 ], [ 134.5338135, 7.2831278 ], [ 134.533828699999987, 7.2833638 ], [ 134.5337372, 7.2837195 ], [ 134.5333862, 7.284225 ], [ 134.5329132, 7.2847667 ], [ 134.5327148, 7.2851028 ], [ 134.5326996, 7.2853279 ], [ 134.532516500000014, 7.2858334 ], [ 134.5323639, 7.2862887 ], [ 134.5323693, 7.2865663 ], [ 134.5323792, 7.287075 ], [ 134.5324249, 7.2876058 ], [ 134.5323639, 7.2880001 ], [ 134.5321045, 7.2884975 ], [ 134.5318604, 7.2887778 ], [ 134.5317535, 7.2890444 ], [ 134.5317078, 7.2891693 ], [ 134.531677300000013, 7.2893748 ], [ 134.5318604, 7.2898808 ], [ 134.5321198, 7.2901335 ], [ 134.5323792, 7.2901778 ], [ 134.5328064, 7.2901778 ], [ 134.5330353, 7.2902165 ], [ 134.5332031, 7.2903276 ], [ 134.533371, 7.2905808 ], [ 134.533432, 7.2909164 ], [ 134.5332794, 7.2912526 ], [ 134.532974200000012, 7.2912998 ], [ 134.5327759, 7.2913666 ], [ 134.532608, 7.2915335 ], [ 134.532547, 7.2916474 ], [ 134.532608, 7.2920027 ], [ 134.532608, 7.2922835 ], [ 134.5324402, 7.2924223 ], [ 134.5322266, 7.2924609 ], [ 134.5317535, 7.2923279 ], [ 134.5312653, 7.2920027 ], [ 134.5309753, 7.291739 ], [ 134.53082280000001, 7.291739 ], [ 134.5307312, 7.2919002 ], [ 134.530700700000011, 7.2921805 ], [ 134.5307312, 7.2926474 ], [ 134.5307312, 7.2928252 ], [ 134.5309906, 7.2928724 ], [ 134.53125, 7.2928333 ], [ 134.531662, 7.2925916 ], [ 134.5318298, 7.292675 ], [ 134.5319519, 7.2928252 ], [ 134.5321045, 7.2930026 ], [ 134.5324402, 7.2929363 ], [ 134.532898, 7.2927694 ], [ 134.53302, 7.2928252 ], [ 134.5331574, 7.2928891 ], [ 134.533371, 7.2928138 ], [ 134.533569300000011, 7.2923946 ], [ 134.533828699999987, 7.2921414 ], [ 134.5341034, 7.2921414 ], [ 134.5343018, 7.2921805 ], [ 134.5345154, 7.2923474 ], [ 134.534530600000011, 7.2926831 ], [ 134.534332299999988, 7.2930307 ], [ 134.534072900000012, 7.2931609 ], [ 134.5339966, 7.293386 ], [ 134.5337677, 7.2936945 ], [ 134.5334473, 7.2938609 ], [ 134.5332031, 7.2939553 ], [ 134.532989500000014, 7.2943668 ], [ 134.5328369, 7.2947974 ], [ 134.5326996, 7.295125 ], [ 134.5323334, 7.2954693 ], [ 134.5320587, 7.2956944 ], [ 134.53178410000001, 7.295825 ], [ 134.531539900000013, 7.295825 ], [ 134.5311127, 7.2957029 ], [ 134.5305176, 7.2954612 ], [ 134.5300751, 7.2951999 ], [ 134.5296936, 7.2950387 ], [ 134.5292206, 7.2950029 ], [ 134.5288391, 7.2950029 ], [ 134.5285034, 7.295022 ], [ 134.5282135, 7.2950501 ], [ 134.527832, 7.2947502 ], [ 134.5273895, 7.2945442 ], [ 134.526748700000013, 7.2944331 ], [ 134.526519799999988, 7.2943387 ], [ 134.5261841, 7.2941971 ], [ 134.5259552, 7.2939553 ], [ 134.5258789, 7.2938333 ], [ 134.5259705, 7.2936859 ], [ 134.5259705, 7.2936168 ], [ 134.5259552, 7.2936053 ], [ 134.5259247, 7.2934499 ], [ 134.525909399999989, 7.2934084 ], [ 134.525787400000013, 7.293386 ], [ 134.5254822, 7.2933946 ], [ 134.5249786, 7.2935915 ], [ 134.5247498, 7.2936277 ], [ 134.5245361, 7.2934141 ], [ 134.524475099999989, 7.292975 ], [ 134.5242767, 7.2924891 ], [ 134.523986799999989, 7.2923002 ], [ 134.5234528, 7.2923279 ], [ 134.5227051, 7.2926474 ], [ 134.5222473, 7.2928667 ], [ 134.5219421, 7.2930307 ], [ 134.5213928, 7.2930307 ], [ 134.5207825, 7.2930389 ], [ 134.5202179, 7.2931418 ], [ 134.5195618, 7.2933664 ], [ 134.518920900000012, 7.2935057 ], [ 134.5185089, 7.2935362 ], [ 134.518203699999987, 7.2934971 ], [ 134.517974900000013, 7.2933946 ], [ 134.5176392, 7.2926555 ], [ 134.5174408, 7.2923474 ], [ 134.5174103, 7.2921557 ], [ 134.5174103, 7.2921057 ], [ 134.5177002, 7.2913942 ], [ 134.518096899999989, 7.2912526 ], [ 134.518707299999988, 7.2911887 ], [ 134.5192566, 7.2907028 ], [ 134.519577, 7.2904973 ], [ 134.520141599999988, 7.2904224 ], [ 134.520614599999988, 7.2904582 ], [ 134.5217438, 7.2899919 ], [ 134.5222015, 7.2899361 ], [ 134.522583, 7.2895999 ], [ 134.5229492, 7.289403 ], [ 134.5232239, 7.2893 ], [ 134.5235596, 7.2888804 ], [ 134.5236054, 7.2887502 ], [ 134.52383420000001, 7.2884584 ], [ 134.524215700000013, 7.2880859 ], [ 134.5245056, 7.287889 ], [ 134.5248566, 7.2875891 ], [ 134.5253449, 7.2873278 ], [ 134.525528, 7.2872748 ], [ 134.5258789, 7.2872167 ], [ 134.526138300000014, 7.2871585 ], [ 134.526382500000011, 7.2868695 ], [ 134.526504499999987, 7.2867279 ], [ 134.526650600000011, 7.2865586 ], [ 134.5266724, 7.2865334 ], [ 134.526886, 7.2859807 ], [ 134.5269223, 7.2856477 ], [ 134.5269318, 7.2855611 ], [ 134.526947, 7.2854362 ], [ 134.5269623, 7.2853084 ], [ 134.5270233, 7.2849917 ], [ 134.5272369, 7.284822 ], [ 134.5272827, 7.2846499 ], [ 134.5273743, 7.2843556 ], [ 134.5273895, 7.2832418 ], [ 134.527221700000013, 7.2822528 ], [ 134.527206400000011, 7.2810473 ], [ 134.5271606, 7.2807665 ], [ 134.5269623, 7.2802696 ], [ 134.526886, 7.2796249 ], [ 134.527008099999989, 7.2785001 ], [ 134.5270233, 7.2783361 ], [ 134.5267944, 7.2778387 ], [ 134.526535, 7.2767749 ], [ 134.5262756, 7.2762613 ], [ 134.526062, 7.2757082 ], [ 134.5256958, 7.2753611 ], [ 134.525528, 7.2748666 ], [ 134.5249786, 7.2743611 ], [ 134.5247192, 7.274128 ], [ 134.524200400000012, 7.2737446 ], [ 134.5240173, 7.2734971 ], [ 134.523541200000011, 7.2727553 ], [ 134.523498499999988, 7.2726889 ], [ 134.5229492, 7.2715583 ], [ 134.5228424, 7.2713585 ], [ 134.5223694, 7.2703805 ], [ 134.522049, 7.2696223 ], [ 134.5219421, 7.2693415 ], [ 134.521926900000011, 7.2692919 ], [ 134.5215302, 7.268136 ], [ 134.521316500000012, 7.2676749 ], [ 134.5212555, 7.2675276 ], [ 134.521209700000014, 7.267386 ], [ 134.5209045, 7.2663889 ], [ 134.5205536, 7.2655387 ], [ 134.52047730000001, 7.2649946 ], [ 134.5204315, 7.2648029 ], [ 134.520355200000012, 7.2644057 ], [ 134.5201874, 7.2637138 ], [ 134.5201874, 7.2630057 ], [ 134.520019499999989, 7.2623029 ], [ 134.519928, 7.2617526 ], [ 134.5199432, 7.2615805 ], [ 134.519946299999987, 7.2614757 ], [ 134.5199585, 7.2610502 ], [ 134.5200348, 7.2607055 ], [ 134.520156899999989, 7.2604637 ], [ 134.5202942, 7.2602081 ], [ 134.5206909, 7.2598639 ], [ 134.5215149, 7.2595277 ], [ 134.5224457, 7.2594891 ], [ 134.523376500000012, 7.2595 ], [ 134.5241852, 7.2595081 ], [ 134.5252228, 7.2594528 ], [ 134.52589420000001, 7.2595081 ], [ 134.526535, 7.2596388 ], [ 134.527694700000012, 7.2597055 ], [ 134.5286865, 7.259675 ], [ 134.5297852, 7.2595639 ], [ 134.5307922, 7.2596583 ], [ 134.531555200000014, 7.2597055 ], [ 134.5325928, 7.2599111 ], [ 134.5336609, 7.2602363 ], [ 134.5350952, 7.2605748 ], [ 134.5361481, 7.2607498 ], [ 134.5392304, 7.2615166 ], [ 134.5409851, 7.2619748 ], [ 134.5425263, 7.2624722 ], [ 134.544296300000013, 7.2628918 ], [ 134.5457764, 7.2631168 ], [ 134.546585099999987, 7.2633777 ], [ 134.548019399999987, 7.2638168 ], [ 134.5486755, 7.2640224 ], [ 134.5493622, 7.2645192 ], [ 134.549957299999988, 7.2649665 ], [ 134.550170900000012, 7.265203 ], [ 134.5505066, 7.2655554 ], [ 134.551116900000011, 7.2661834 ], [ 134.551712, 7.2674723 ], [ 134.552002, 7.2682304 ], [ 134.552215600000011, 7.2688832 ], [ 134.552566500000012, 7.2692943 ], [ 134.552948, 7.2700887 ], [ 134.553070100000014, 7.2706499 ], [ 134.5530853, 7.2708111 ], [ 134.5534973, 7.2729502 ], [ 134.5536957, 7.2741752 ], [ 134.5537567, 7.2751193 ], [ 134.5537262, 7.2759419 ], [ 134.553772, 7.2768583 ], [ 134.553894, 7.277822 ], [ 134.5540924, 7.2788501 ], [ 134.5541687, 7.2795224 ], [ 134.5542908, 7.2798109 ], [ 134.5547333, 7.2804585 ], [ 134.555191, 7.2809248 ], [ 134.5557861, 7.2814694 ], [ 134.5559845, 7.2816529 ], [ 134.5569305, 7.2827277 ], [ 134.5570526, 7.2829251 ], [ 134.5574341, 7.2831388 ], [ 134.557663, 7.2833638 ], [ 134.557891899999987, 7.2835693 ], [ 134.557998700000013, 7.2837696 ], [ 134.5582123, 7.2841501 ], [ 134.5588837, 7.2851973 ], [ 134.5592651, 7.2858696 ], [ 134.5596619, 7.2863193 ], [ 134.5599823, 7.2868223 ], [ 134.5602264, 7.2873082 ], [ 134.560745200000014, 7.2881308 ], [ 134.5610962, 7.2886 ], [ 134.5614166, 7.2891974 ], [ 134.5616455, 7.2901502 ], [ 134.5617981, 7.2908416 ], [ 134.5618897, 7.2918248 ], [ 134.5619202, 7.2923389 ], [ 134.5618744, 7.292975 ], [ 134.5617676, 7.2940779 ], [ 134.561706500000014, 7.2954502 ], [ 134.561828600000013, 7.2966471 ], [ 134.5618744, 7.297039 ], [ 134.5618744, 7.2971335 ], [ 134.561843900000014, 7.2979388 ], [ 134.562194799999986, 7.2993112 ], [ 134.5623474, 7.3000002 ], [ 134.5624085, 7.3002834 ], [ 134.5627441, 7.3009582 ], [ 134.5629578, 7.3017693 ], [ 134.5631409, 7.3021998 ], [ 134.563751200000013, 7.3026972 ], [ 134.5639496, 7.3028722 ], [ 134.5640411, 7.3030973 ] ] ] } },
{ "type": "Feature", "properties": { "RCID": 7085, "PRIM": 3, "GRUP": 2, "OBJL": 121, "RVER": 1, "AGEN": 550, "FIDN": 477458333, "FIDS": 9, "LNAM": "02261C756F9D0009", "LNAM_REFS": null, "FFPT_RIND": null, "COLOUR": null, "NATQUA": null, "NATSUR": [ "9" ], "WATLEV": 4.0, "OBJNAM": null, "NOBJNM": null, "INFORM": null, "NINFOM": null, "NTXTDS": null, "SCAMAX": null, "SCAMIN": 29999, "TXTDSC": null, "RECDAT": null, "RECIND": null, "SORDAT": "20150206", "SORIND": "US,US,reprt,L-246-2015", "_enc_cell": "US4TB3P0" }, "geometry": { "type": "Polygon", "coordinates": [ [ [ 134.6001587, 7.3704696 ], [ 134.5997925, 7.3705416 ], [ 134.5996857, 7.3707557 ], [ 134.599578900000012, 7.3711276 ], [ 134.599700899999988, 7.3716641 ], [ 134.6001129, 7.3716998 ], [ 134.6005096, 7.3715444 ], [ 134.600677499999989, 7.3714252 ], [ 134.6005859, 7.3709946 ], [ 134.6006165, 7.370853 ], [ 134.600418100000013, 7.3705525 ], [ 134.6001587, 7.3704696 ] ] ] } },
{ "type": "Feature", "properties": { "RCID": 7086, "PRIM": 3, "GRUP": 2, "OBJL": 121, "RVER": 1, "AGEN": 550, "FIDN": 424871546, "FIDS": 9, "LNAM": "02261953067A0009", "LNAM_REFS": null, "FFPT_RIND": null, "COLOUR": null, "NATQUA": null, "NATSUR": [ "9" ], "WATLEV": 4.0, "OBJNAM": null, "NOBJNM": null, "INFORM": null, "NINFOM": null, "NTXTDS": null, "SCAMAX": null, "SCAMIN": 29999, "TXTDSC": null, "RECDAT": null, "RECIND": null, "SORDAT": "20150206", "SORIND": "US,US,reprt,L-246-2015", "_enc_cell": "US4TB3P0" }, "geometry": { "type": "Polygon", "coordinates": [ [ [ 134.5950317, 7.37145 ], [ 134.5952301, 7.371222 ], [ 134.5955353, 7.3709474 ], [ 134.595855699999987, 7.3708057 ], [ 134.596221899999989, 7.3707194 ], [ 134.5965424, 7.3707442 ], [ 134.596756, 7.3708167 ], [ 134.5969696, 7.3709946 ], [ 134.597427399999987, 7.3712945 ], [ 134.5975952, 7.3713141 ], [ 134.5977325, 7.3713307 ], [ 134.5979462, 7.3711276 ], [ 134.5980988, 7.3708057 ], [ 134.598114, 7.3704333 ], [ 134.5984192, 7.3701 ], [ 134.5989533, 7.3698001 ], [ 134.599807700000014, 7.3693943 ], [ 134.5999908, 7.3692164 ], [ 134.600051900000011, 7.3686667 ], [ 134.6000671, 7.3683806 ], [ 134.6003418, 7.3680916 ], [ 134.6004486, 7.3675556 ], [ 134.6008453, 7.3668613 ], [ 134.6010437, 7.3664999 ], [ 134.6014099, 7.3659916 ], [ 134.6020203, 7.3649387 ], [ 134.6022797, 7.3640447 ], [ 134.6023865, 7.3632193 ], [ 134.6022797, 7.3629971 ], [ 134.602111799999989, 7.3626943 ], [ 134.6017761, 7.3623891 ], [ 134.601501500000012, 7.3621445 ], [ 134.601150499999989, 7.3617973 ], [ 134.6005096, 7.3607583 ], [ 134.600051900000011, 7.3601723 ], [ 134.5993652, 7.3594332 ], [ 134.5985718, 7.3587999 ], [ 134.5979309, 7.3582139 ], [ 134.5974579, 7.3577113 ], [ 134.5969696, 7.3571029 ], [ 134.5964966, 7.3566361 ], [ 134.5961762, 7.3563137 ], [ 134.5960236, 7.3559194 ], [ 134.595474200000012, 7.3549275 ], [ 134.5954285, 7.3547974 ], [ 134.5953606, 7.3545687 ], [ 134.5952759, 7.3542833 ], [ 134.5950928, 7.3538165 ], [ 134.594986, 7.3536277 ], [ 134.5949707, 7.3533387 ], [ 134.594909699999988, 7.3531613 ], [ 134.5948639, 7.352778 ], [ 134.594635, 7.3527665 ], [ 134.5944977, 7.3526721 ], [ 134.5944977, 7.3524694 ], [ 134.5943146, 7.3521223 ], [ 134.5938416, 7.3516665 ], [ 134.593673700000011, 7.3513665 ], [ 134.5935974, 7.3512249 ], [ 134.593277, 7.3509498 ], [ 134.5925293, 7.3503418 ], [ 134.5914917, 7.3496137 ], [ 134.5908203, 7.3492556 ], [ 134.590667700000012, 7.3492556 ], [ 134.5903931, 7.3492417 ], [ 134.5901184, 7.3492308 ], [ 134.589706400000011, 7.3490529 ], [ 134.5896912, 7.3488002 ], [ 134.5895538, 7.3486776 ], [ 134.589386, 7.3485971 ], [ 134.5888367, 7.3486333 ], [ 134.5884399, 7.3485861 ], [ 134.5880737, 7.3483696 ], [ 134.5877686, 7.3482223 ], [ 134.58743290000001, 7.3482027 ], [ 134.5868988, 7.3482499 ], [ 134.586242700000014, 7.3483558 ], [ 134.5855866, 7.3483224 ], [ 134.584549, 7.3481555 ], [ 134.5834045, 7.3481083 ], [ 134.582992600000011, 7.3482862 ], [ 134.582748400000014, 7.3484554 ], [ 134.5828247, 7.348753 ], [ 134.582748400000014, 7.348836 ], [ 134.5825501, 7.3488002 ], [ 134.5823212, 7.3486252 ], [ 134.581909200000013, 7.3484306 ], [ 134.581604, 7.3484554 ], [ 134.581314099999986, 7.3487415 ], [ 134.580734299999989, 7.3485861 ], [ 134.5805664, 7.3484974 ], [ 134.5799408, 7.3481445 ], [ 134.5793304, 7.3474751 ], [ 134.5791779, 7.3470693 ], [ 134.5790405, 7.3469248 ], [ 134.578903200000013, 7.3464723 ], [ 134.5788269, 7.3463306 ], [ 134.578781099999986, 7.3462195 ], [ 134.5785675, 7.3461137 ], [ 134.578201299999989, 7.3460307 ], [ 134.5781097, 7.34585 ], [ 134.5780182, 7.3456001 ], [ 134.5776367, 7.3454194 ], [ 134.57724, 7.3451695 ], [ 134.5766296, 7.3448472 ], [ 134.576370200000014, 7.3445973 ], [ 134.5761566, 7.3445611 ], [ 134.575943, 7.3445249 ], [ 134.5756683, 7.3443446 ], [ 134.5751495, 7.3443084 ], [ 134.5750122, 7.344214 ], [ 134.574997, 7.343914 ], [ 134.5748749, 7.3437667 ], [ 134.574813799999987, 7.3436751 ], [ 134.5745239, 7.3436637 ], [ 134.574356099999989, 7.3437915 ], [ 134.5737763, 7.3439498 ], [ 134.5736542, 7.3438916 ], [ 134.5732727, 7.343689 ], [ 134.5729828, 7.3437581 ], [ 134.572662400000013, 7.3437724 ], [ 134.572433499999988, 7.3440113 ], [ 134.572174100000012, 7.3445249 ], [ 134.572296099999988, 7.344811 ], [ 134.5723877, 7.3449054 ], [ 134.5726166, 7.3451223 ], [ 134.572525, 7.345314 ], [ 134.572534499999989, 7.3456897 ], [ 134.572540299999986, 7.345922 ], [ 134.57276920000001, 7.3465915 ], [ 134.5726929, 7.3470335 ], [ 134.572433499999988, 7.3473916 ], [ 134.5724945, 7.3479166 ], [ 134.572631800000011, 7.348239 ], [ 134.5730438, 7.3490028 ], [ 134.573608400000012, 7.3499723 ], [ 134.5741577, 7.3507252 ], [ 134.5743866, 7.3513694 ], [ 134.574569700000012, 7.3515639 ], [ 134.5746613, 7.3522167 ], [ 134.5748749, 7.3526945 ], [ 134.5748749, 7.3532333 ], [ 134.5747681, 7.3539138 ], [ 134.5741119, 7.3543668 ], [ 134.573883099999989, 7.3546667 ], [ 134.573761, 7.3550415 ], [ 134.5736542, 7.3552804 ], [ 134.5737, 7.355525 ], [ 134.5738068, 7.355814 ], [ 134.574295, 7.3561721 ], [ 134.5752411, 7.3568749 ], [ 134.5753784, 7.3570557 ], [ 134.575424199999986, 7.3573165 ], [ 134.5752106, 7.3574863 ], [ 134.5747376, 7.3577113 ], [ 134.573730500000011, 7.3580332 ], [ 134.5725098, 7.3583918 ], [ 134.5722199, 7.358428 ], [ 134.5715332, 7.358603 ], [ 134.5713654, 7.3586445 ], [ 134.570968599999986, 7.3589196 ], [ 134.570861799999989, 7.3593612 ], [ 134.570999199999989, 7.359622 ], [ 134.571090700000013, 7.3597555 ], [ 134.570999199999989, 7.3602915 ], [ 134.570968599999986, 7.3612471 ], [ 134.570999199999989, 7.3613639 ], [ 134.5711212, 7.3618584 ], [ 134.5716553, 7.3628612 ], [ 134.571823099999989, 7.3630557 ], [ 134.572052, 7.3632417 ], [ 134.5721436, 7.3634472 ], [ 134.5725708, 7.3639112 ], [ 134.5729828, 7.3641138 ], [ 134.573883099999989, 7.3645554 ], [ 134.574081400000011, 7.3646054 ], [ 134.5744019, 7.3644862 ], [ 134.5743713, 7.3640666 ], [ 134.5740204, 7.3632779 ], [ 134.573883099999989, 7.3629446 ], [ 134.5737915, 7.3619528 ], [ 134.573745699999989, 7.3607945 ], [ 134.5739136, 7.3602195 ], [ 134.5741882, 7.3597307 ], [ 134.5746613, 7.3592529 ], [ 134.5753326, 7.3586192 ], [ 134.5758514, 7.3581529 ], [ 134.576034600000014, 7.3581305 ], [ 134.5764771, 7.3583584 ], [ 134.5770569, 7.3585973 ], [ 134.577713, 7.3586669 ], [ 134.578414900000013, 7.3587165 ], [ 134.5791016, 7.3585835 ], [ 134.5797119, 7.358572 ], [ 134.580932600000011, 7.358572 ], [ 134.5812836, 7.3585 ], [ 134.5814514, 7.3583221 ], [ 134.581436200000013, 7.357964 ], [ 134.5810852, 7.3577609 ], [ 134.580337500000013, 7.3574362 ], [ 134.5802155, 7.3571138 ], [ 134.580352799999986, 7.3567557 ], [ 134.5809937, 7.356328 ], [ 134.5812378, 7.3561363 ], [ 134.5810852, 7.3561168 ], [ 134.5810242, 7.3561082 ], [ 134.580825800000014, 7.3560414 ], [ 134.5806732, 7.3559918 ], [ 134.5806427, 7.3560362 ], [ 134.5806274, 7.3560391 ], [ 134.5804901, 7.3560305 ], [ 134.5802918, 7.356 ], [ 134.5802612, 7.3560805 ], [ 134.5802612, 7.3560834 ], [ 134.5801849, 7.356175 ], [ 134.5801849, 7.3561778 ], [ 134.5800324, 7.3562222 ], [ 134.5800324, 7.356225 ], [ 134.579895, 7.356236 ], [ 134.5797119, 7.356236 ], [ 134.5795593, 7.3562112 ], [ 134.5794678, 7.3561502 ], [ 134.579422, 7.35605 ], [ 134.5792542, 7.3560777 ], [ 134.5791016, 7.3560972 ], [ 134.579025300000012, 7.3561554 ], [ 134.5789337, 7.3561778 ], [ 134.578811699999989, 7.3561945 ], [ 134.5786896, 7.356236 ], [ 134.5785675, 7.3562307 ], [ 134.5784607, 7.3562002 ], [ 134.5783539, 7.356164 ], [ 134.5782471, 7.3561668 ], [ 134.5781403, 7.3562055 ], [ 134.5780182, 7.3563304 ], [ 134.5780182, 7.3563333 ], [ 134.5779114, 7.3563862 ], [ 134.5779114, 7.3563891 ], [ 134.577835099999987, 7.3564334 ], [ 134.5777588, 7.356564 ], [ 134.5777588, 7.3565664 ], [ 134.57769780000001, 7.3566918 ], [ 134.57769780000001, 7.3566942 ], [ 134.577652, 7.3568306 ], [ 134.577652, 7.3568335 ], [ 134.5775299, 7.3569307 ], [ 134.5775299, 7.3569331 ], [ 134.577468900000014, 7.3569474 ], [ 134.5773926, 7.3569331 ], [ 134.5773163, 7.3568974 ], [ 134.577301, 7.356822 ], [ 134.5771942, 7.3568029 ], [ 134.5770721, 7.3567667 ], [ 134.576965300000012, 7.3567195 ], [ 134.576889, 7.3566418 ], [ 134.5767822, 7.3565335 ], [ 134.5767059, 7.3564277 ], [ 134.5766449, 7.3563304 ], [ 134.5765839, 7.3561974 ], [ 134.5764771, 7.3560834 ], [ 134.5764313, 7.3559861 ], [ 134.576370200000014, 7.3559084 ], [ 134.5763092, 7.3558612 ], [ 134.576263399999988, 7.3557553 ], [ 134.5762329, 7.3556609 ], [ 134.5761719, 7.3556027 ], [ 134.5760651, 7.3555613 ], [ 134.5758667, 7.3555417 ], [ 134.575790399999988, 7.3554888 ], [ 134.5756683, 7.3554554 ], [ 134.5755158, 7.3554363 ], [ 134.575408900000014, 7.3553724 ], [ 134.5752869, 7.3552723 ], [ 134.575180100000011, 7.3551583 ], [ 134.575058, 7.3550224 ], [ 134.5749664, 7.3549194 ], [ 134.574951199999987, 7.3548141 ], [ 134.5749054, 7.3547335 ], [ 134.5749207, 7.3546443 ], [ 134.5749207, 7.3546414 ], [ 134.574951199999987, 7.3546252 ], [ 134.5749664, 7.3545113 ], [ 134.5749664, 7.3543944 ], [ 134.5750122, 7.35425 ], [ 134.575042700000012, 7.3541751 ], [ 134.575042700000012, 7.3541694 ], [ 134.575119, 7.3541026 ], [ 134.575119, 7.3541002 ], [ 134.5752106, 7.3540111 ], [ 134.5752258, 7.3540111 ], [ 134.575302099999988, 7.3539777 ], [ 134.575424199999986, 7.3539109 ], [ 134.575424199999986, 7.3539085 ], [ 134.5754852, 7.3537889 ], [ 134.5754852, 7.3537831 ], [ 134.575546300000013, 7.3536029 ], [ 134.5755768, 7.3535166 ], [ 134.5756226, 7.353497 ], [ 134.5756226, 7.3534946 ], [ 134.5757141, 7.3534083 ], [ 134.5758209, 7.3534308 ], [ 134.575912499999987, 7.3535304 ], [ 134.5761719, 7.3535361 ], [ 134.576294, 7.3535752 ], [ 134.5765381, 7.3535805 ], [ 134.5765839, 7.353425 ], [ 134.5766602, 7.3532195 ], [ 134.5766907, 7.3530169 ], [ 134.5767059, 7.3528137 ], [ 134.576751699999988, 7.3526669 ], [ 134.576751699999988, 7.3525863 ], [ 134.576751699999988, 7.3525057 ], [ 134.5766907, 7.3524666 ], [ 134.5766754, 7.3523974 ], [ 134.5767059, 7.3523278 ], [ 134.5767059, 7.3522501 ], [ 134.5766449, 7.3522835 ], [ 134.5765228, 7.3522916 ], [ 134.576370200000014, 7.3522697 ], [ 134.5763397, 7.352428 ], [ 134.576263399999988, 7.3525085 ], [ 134.5761871, 7.3525443 ], [ 134.5760956, 7.3525195 ], [ 134.576034600000014, 7.3524556 ], [ 134.576004, 7.3523946 ], [ 134.5760651, 7.3522973 ], [ 134.5761719, 7.352253 ], [ 134.57612610000001, 7.3522224 ], [ 134.5759888, 7.3521776 ], [ 134.5759277, 7.352025 ], [ 134.575943, 7.3519473 ], [ 134.5760498, 7.35185 ], [ 134.576019300000013, 7.3518138 ], [ 134.5756683, 7.3518252 ], [ 134.5752869, 7.3518639 ], [ 134.5751038, 7.3518224 ], [ 134.574997, 7.3516946 ], [ 134.5750122, 7.3516002 ], [ 134.5749817, 7.3515334 ], [ 134.5749207, 7.3514748 ], [ 134.5748749, 7.3512974 ], [ 134.5749054, 7.3511581 ], [ 134.5750732, 7.3509779 ], [ 134.5751495, 7.3508472 ], [ 134.5752106, 7.3507667 ], [ 134.5755158, 7.3507443 ], [ 134.5756683, 7.3507137 ], [ 134.5758362, 7.3506084 ], [ 134.576141400000012, 7.3505583 ], [ 134.57659910000001, 7.3504834 ], [ 134.5769348, 7.3502808 ], [ 134.5771332, 7.3501029 ], [ 134.5777283, 7.3496471 ], [ 134.578201299999989, 7.3493528 ], [ 134.5788269, 7.3491335 ], [ 134.57901, 7.3490558 ], [ 134.5794373, 7.3489695 ], [ 134.5797272, 7.3490086 ], [ 134.5799408, 7.3491082 ], [ 134.5801849, 7.3492999 ], [ 134.5804138, 7.3495445 ], [ 134.58058170000001, 7.3498139 ], [ 134.58058170000001, 7.3500085 ], [ 134.5805359, 7.3503056 ], [ 134.580459600000012, 7.3503919 ], [ 134.580352799999986, 7.3504973 ], [ 134.580352799999986, 7.3505836 ], [ 134.580337500000013, 7.3507276 ], [ 134.580368, 7.3509388 ], [ 134.5805054, 7.3511443 ], [ 134.580658, 7.3513584 ], [ 134.5808716, 7.3515334 ], [ 134.5809784, 7.3515415 ], [ 134.58105470000001, 7.3516502 ], [ 134.5811615, 7.351747 ], [ 134.581558199999989, 7.3519278 ], [ 134.5821075, 7.352078 ], [ 134.582366900000011, 7.3521028 ], [ 134.5826874, 7.3520474 ], [ 134.5827332, 7.3519721 ], [ 134.5827332, 7.3517971 ], [ 134.5826111, 7.3514419 ], [ 134.582641599999988, 7.3513141 ], [ 134.582855200000012, 7.3512974 ], [ 134.5831451, 7.3512197 ], [ 134.5832062, 7.3511581 ], [ 134.5831909, 7.3509946 ], [ 134.583252, 7.3508778 ], [ 134.5835571, 7.3507972 ], [ 134.5836334, 7.3506999 ], [ 134.583709700000014, 7.3504863 ], [ 134.5837708, 7.3503556 ], [ 134.5840454, 7.3501554 ], [ 134.584213299999988, 7.3501248 ], [ 134.5844421, 7.3501806 ], [ 134.584899900000011, 7.3504086 ], [ 134.585174599999988, 7.3505669 ], [ 134.5855408, 7.3507114 ], [ 134.5857239, 7.3507528 ], [ 134.5858917, 7.3507471 ], [ 134.5858917, 7.3506193 ], [ 134.5859375, 7.3504887 ], [ 134.58598760000001, 7.3504524 ], [ 134.5860291, 7.3504224 ], [ 134.586242700000014, 7.3503666 ], [ 134.5864563, 7.3503804 ], [ 134.586715700000013, 7.3504472 ], [ 134.5869141, 7.3505721 ], [ 134.5870514, 7.3508167 ], [ 134.587130800000011, 7.3508854 ], [ 134.5872345, 7.350975 ], [ 134.5873718, 7.3510723 ], [ 134.5875397, 7.3512721 ], [ 134.587661700000012, 7.3513861 ], [ 134.5876312, 7.3514748 ], [ 134.5875397, 7.3516083 ], [ 134.5873566, 7.3518 ], [ 134.5873566, 7.3521333 ], [ 134.5873413, 7.3522553 ], [ 134.5874176, 7.3523831 ], [ 134.587570199999988, 7.3525167 ], [ 134.587677, 7.3525834 ], [ 134.587738, 7.3527083 ], [ 134.5878449, 7.3528252 ], [ 134.5878601, 7.3529363 ], [ 134.5878296, 7.3530002 ], [ 134.587738, 7.3529916 ], [ 134.587692299999986, 7.353086 ], [ 134.587677, 7.3534026 ], [ 134.5878601, 7.3535667 ], [ 134.58790590000001, 7.3536582 ], [ 134.587921099999988, 7.3537917 ], [ 134.58790590000001, 7.3539085 ], [ 134.5879974, 7.3540306 ], [ 134.5881805, 7.3541446 ], [ 134.588272100000012, 7.3542862 ], [ 134.5883179, 7.3545499 ], [ 134.5883484, 7.3546748 ], [ 134.588409399999989, 7.3549252 ], [ 134.5884705, 7.3551307 ], [ 134.5884705, 7.3553195 ], [ 134.5883789, 7.3555555 ], [ 134.5883026, 7.3557806 ], [ 134.5881958, 7.355989 ], [ 134.5881958, 7.3561029 ], [ 134.5883026, 7.3561668 ], [ 134.5883789, 7.3563805 ], [ 134.5883637, 7.3565917 ], [ 134.5883179, 7.3567414 ], [ 134.5884399, 7.3568668 ], [ 134.588501, 7.3570442 ], [ 134.5884399, 7.3572221 ], [ 134.5883484, 7.3572974 ], [ 134.5881805, 7.3573446 ], [ 134.5879974, 7.3573804 ], [ 134.5878601, 7.3573666 ], [ 134.5877686, 7.3573971 ], [ 134.5877686, 7.3574834 ], [ 134.5878296, 7.3575416 ], [ 134.5878601, 7.3575945 ], [ 134.5878449, 7.3576584 ], [ 134.5878906, 7.3577166 ], [ 134.5878296, 7.3578057 ], [ 134.5877686, 7.3578553 ], [ 134.587783800000011, 7.3579249 ], [ 134.5877533, 7.3579946 ], [ 134.5877228, 7.3581028 ], [ 134.5877075, 7.3582473 ], [ 134.587783800000011, 7.3583722 ], [ 134.587921099999988, 7.3583999 ], [ 134.5879669, 7.3584194 ], [ 134.5880127, 7.3585167 ], [ 134.5881195, 7.358572 ], [ 134.588272100000012, 7.3586249 ], [ 134.5884247, 7.3586278 ], [ 134.5885925, 7.3586669 ], [ 134.5886993, 7.3587332 ], [ 134.5887146, 7.3588109 ], [ 134.5887299, 7.3588724 ], [ 134.5888367, 7.3588915 ], [ 134.5889282, 7.3588109 ], [ 134.589035, 7.3587833 ], [ 134.5891724, 7.3587942 ], [ 134.589248700000013, 7.358736 ], [ 134.589370699999989, 7.3586807 ], [ 134.5895233, 7.3586917 ], [ 134.589706400000011, 7.3587556 ], [ 134.589843800000011, 7.3588252 ], [ 134.5899353, 7.3587833 ], [ 134.590179400000011, 7.3589001 ], [ 134.590271, 7.3590331 ], [ 134.590438799999987, 7.3590641 ], [ 134.5905304, 7.3590946 ], [ 134.5906982, 7.3590832 ], [ 134.590805100000011, 7.3591805 ], [ 134.590942399999989, 7.3593473 ], [ 134.591033900000014, 7.3593221 ], [ 134.591095, 7.3592224 ], [ 134.591217, 7.3591638 ], [ 134.5913544, 7.359189 ], [ 134.591415399999988, 7.3592944 ], [ 134.591415399999988, 7.3594194 ], [ 134.5914459, 7.3594918 ], [ 134.5914917, 7.3594084 ], [ 134.5915527, 7.3593416 ], [ 134.591568, 7.3592806 ], [ 134.5916138, 7.3592277 ], [ 134.59175110000001, 7.3592138 ], [ 134.5918121, 7.3592749 ], [ 134.5918427, 7.3593359 ], [ 134.59198, 7.3593583 ], [ 134.5920715, 7.3593473 ], [ 134.59222410000001, 7.3593779 ], [ 134.5922546, 7.359303 ], [ 134.59236150000001, 7.3592582 ], [ 134.592483499999986, 7.3593054 ], [ 134.592605600000013, 7.3593445 ], [ 134.592727700000012, 7.3594694 ], [ 134.5927429, 7.3596306 ], [ 134.5927734, 7.3598056 ], [ 134.5928955, 7.3598919 ], [ 134.5930023, 7.3598919 ], [ 134.5930481, 7.3599863 ], [ 134.593200700000011, 7.3600249 ], [ 134.593338, 7.3600502 ], [ 134.5933838, 7.3601446 ], [ 134.5934296, 7.3602195 ], [ 134.5934753, 7.360425 ], [ 134.5934753, 7.3606834 ], [ 134.5936432, 7.3606472 ], [ 134.593933099999987, 7.3606443 ], [ 134.5940247, 7.3606391 ], [ 134.594177300000013, 7.3607249 ], [ 134.5942688, 7.3608613 ], [ 134.5943909, 7.36095 ], [ 134.5944977, 7.3610501 ], [ 134.594543499999986, 7.3611112 ], [ 134.5946808, 7.3611002 ], [ 134.5948029, 7.361228 ], [ 134.5948639, 7.3613944 ], [ 134.5949707, 7.361486 ], [ 134.5950317, 7.3615637 ], [ 134.5950775, 7.3617168 ], [ 134.5951691, 7.3617916 ], [ 134.5952301, 7.3618779 ], [ 134.5953064, 7.3620224 ], [ 134.5954437, 7.3622389 ], [ 134.5955505, 7.3625193 ], [ 134.595611600000012, 7.3629279 ], [ 134.595596300000011, 7.3632779 ], [ 134.595474200000012, 7.3637776 ], [ 134.595367399999986, 7.3640389 ], [ 134.59524540000001, 7.364203 ], [ 134.5950928, 7.3643026 ], [ 134.5949554, 7.3643584 ], [ 134.5948486, 7.364378 ], [ 134.594772299999988, 7.3644586 ], [ 134.5947418, 7.3645887 ], [ 134.5947418, 7.3647528 ], [ 134.59475710000001, 7.3649168 ], [ 134.5948639, 7.3649221 ], [ 134.594986, 7.364964 ], [ 134.5950928, 7.3650889 ], [ 134.595123300000012, 7.3652973 ], [ 134.5951691, 7.3653722 ], [ 134.595138600000013, 7.3654776 ], [ 134.595138600000013, 7.3655391 ], [ 134.5952148, 7.3655777 ], [ 134.595260599999989, 7.3657026 ], [ 134.5952148, 7.3658276 ], [ 134.5951843, 7.365972 ], [ 134.5950775, 7.3660998 ], [ 134.5950623, 7.3662138 ], [ 134.5951538, 7.3662696 ], [ 134.5951996, 7.3663168 ], [ 134.5953064, 7.3663306 ], [ 134.5954132, 7.3664308 ], [ 134.595398, 7.3665667 ], [ 134.595367399999986, 7.3666334 ], [ 134.5954132, 7.3667693 ], [ 134.5954132, 7.3669224 ], [ 134.5953217, 7.367075 ], [ 134.5952148, 7.3671527 ], [ 134.595138600000013, 7.3671613 ], [ 134.5950317, 7.3671026 ], [ 134.595047, 7.3672028 ], [ 134.595047, 7.3672776 ], [ 134.594986, 7.3673415 ], [ 134.5948486, 7.3674054 ], [ 134.594772299999988, 7.3673973 ], [ 134.5946808, 7.3673778 ], [ 134.5946045, 7.3673196 ], [ 134.594574, 7.3671861 ], [ 134.594574, 7.3668833 ], [ 134.594650300000012, 7.3667584 ], [ 134.594696, 7.3666363 ], [ 134.594787599999989, 7.3664947 ], [ 134.5949707, 7.366261 ], [ 134.594894399999987, 7.3662696 ], [ 134.594772299999988, 7.3662915 ], [ 134.594787599999989, 7.3663836 ], [ 134.59475710000001, 7.3664584 ], [ 134.5946808, 7.3665195 ], [ 134.594650300000012, 7.3665471 ], [ 134.5946655, 7.3665891 ], [ 134.594543499999986, 7.3667722 ], [ 134.594421399999987, 7.3668528 ], [ 134.5943451, 7.3668528 ], [ 134.5942535, 7.3667975 ], [ 134.5941925, 7.3667307 ], [ 134.59414670000001, 7.366611 ], [ 134.5940857, 7.3665223 ], [ 134.594101, 7.3664222 ], [ 134.5941315, 7.366075 ], [ 134.5940857, 7.3659277 ], [ 134.5940247, 7.3658609 ], [ 134.5939789, 7.3658724 ], [ 134.593933099999987, 7.3659196 ], [ 134.5939941, 7.3659864 ], [ 134.5940247, 7.3660474 ], [ 134.5939941, 7.3661723 ], [ 134.593948399999988, 7.3663335 ], [ 134.593933099999987, 7.366478 ], [ 134.593948399999988, 7.3666248 ], [ 134.593948399999988, 7.3668361 ], [ 134.5939179, 7.3669305 ], [ 134.5938416, 7.3669863 ], [ 134.5937347, 7.3670054 ], [ 134.5936279, 7.3669915 ], [ 134.5934906, 7.3669639 ], [ 134.593460099999987, 7.3670111 ], [ 134.5934906, 7.3670473 ], [ 134.5935974, 7.3670473 ], [ 134.5937042, 7.3670836 ], [ 134.5937653, 7.3671475 ], [ 134.5937195, 7.3672695 ], [ 134.5936127, 7.3673863 ], [ 134.5935364, 7.3674779 ], [ 134.5934906, 7.3676195 ], [ 134.5933838, 7.3677335 ], [ 134.5933685, 7.3678417 ], [ 134.59332280000001, 7.36795 ], [ 134.5932617, 7.368011 ], [ 134.593200700000011, 7.367897 ], [ 134.5931702, 7.3678279 ], [ 134.5931244, 7.3678803 ], [ 134.5931549, 7.3680224 ], [ 134.5931091, 7.3681278 ], [ 134.5930328, 7.3682056 ], [ 134.5928955, 7.3682971 ], [ 134.592804, 7.3683276 ], [ 134.5927582, 7.3683443 ], [ 134.592590300000012, 7.3683696 ], [ 134.5924072, 7.3683696 ], [ 134.592239400000011, 7.3683777 ], [ 134.592239400000011, 7.3687248 ], [ 134.5922699, 7.3689251 ], [ 134.592239400000011, 7.369061 ], [ 134.5921783, 7.369225 ], [ 134.592117300000012, 7.3693862 ], [ 134.5921021, 7.3695054 ], [ 134.5921478, 7.3697443 ], [ 134.5921631, 7.3699331 ], [ 134.5920868, 7.3701057 ], [ 134.592025799999988, 7.3702664 ], [ 134.591903699999989, 7.3703804 ], [ 134.5918274, 7.3704667 ], [ 134.5917969, 7.3705168 ], [ 134.591766400000012, 7.3705668 ], [ 134.591766400000012, 7.3707333 ], [ 134.59175110000001, 7.3709388 ], [ 134.5917358, 7.3712082 ], [ 134.591659600000014, 7.3713694 ], [ 134.591507, 7.3715501 ], [ 134.591430699999989, 7.3717389 ], [ 134.591430699999989, 7.3719111 ], [ 134.5914459, 7.3720498 ], [ 134.591522200000014, 7.3722777 ], [ 134.5916138, 7.372478 ], [ 134.59175110000001, 7.3726721 ], [ 134.591766400000012, 7.3731027 ], [ 134.5918274, 7.37325 ], [ 134.5918274, 7.3734665 ], [ 134.591919, 7.3738585 ], [ 134.5919495, 7.3740583 ], [ 134.5920868, 7.3742442 ], [ 134.5921783, 7.3744946 ], [ 134.5921783, 7.374661 ], [ 134.5922546, 7.3748474 ], [ 134.59236150000001, 7.3749638 ], [ 134.5924377, 7.3751669 ], [ 134.5924683, 7.3753557 ], [ 134.592514, 7.3754807 ], [ 134.5925751, 7.3755498 ], [ 134.592605600000013, 7.3757391 ], [ 134.5925751, 7.3760057 ], [ 134.5924377, 7.3762665 ], [ 134.5922852, 7.3765082 ], [ 134.5921783, 7.376586 ], [ 134.5921021, 7.3766332 ], [ 134.5920563, 7.376853 ], [ 134.5919647, 7.3770251 ], [ 134.5918121, 7.3770971 ], [ 134.5916748, 7.3772526 ], [ 134.591644300000013, 7.3772807 ], [ 134.5915833, 7.377439 ], [ 134.591507, 7.3776388 ], [ 134.5913696, 7.377861 ], [ 134.5913086, 7.3779082 ], [ 134.591217, 7.3779168 ], [ 134.59126280000001, 7.377986 ], [ 134.5912933, 7.3780723 ], [ 134.591217, 7.3781276 ], [ 134.5911408, 7.3781724 ], [ 134.5911102, 7.3782473 ], [ 134.5911865, 7.3783445 ], [ 134.59126280000001, 7.3784585 ], [ 134.5912476, 7.3786054 ], [ 134.591217, 7.3787389 ], [ 134.591171300000013, 7.3788586 ], [ 134.5911865, 7.3789444 ], [ 134.5911408, 7.3790026 ], [ 134.591033900000014, 7.3790946 ], [ 134.5909882, 7.3791165 ], [ 134.590942399999989, 7.379139 ], [ 134.5908814, 7.3791666 ], [ 134.5907593, 7.3792777 ], [ 134.590667700000012, 7.3793807 ], [ 134.5905914, 7.3796277 ], [ 134.5904846, 7.3797998 ], [ 134.5904083, 7.3799443 ], [ 134.590316800000011, 7.3800111 ], [ 134.5903931, 7.380086 ], [ 134.5904236, 7.3803697 ], [ 134.5903778, 7.3805666 ], [ 134.5902863, 7.3807445 ], [ 134.5902405, 7.380825 ], [ 134.5902252, 7.3808389 ], [ 134.590224, 7.3808401 ], [ 134.5920557, 7.38084 ], [ 134.5920563, 7.3808389 ], [ 134.5922089, 7.3805027 ], [ 134.59222410000001, 7.3800249 ], [ 134.5922546, 7.3797388 ], [ 134.592453, 7.379489 ], [ 134.592987099999988, 7.3785334 ], [ 134.593078600000013, 7.3783641 ], [ 134.5934906, 7.3776002 ], [ 134.5941925, 7.3762026 ], [ 134.5942535, 7.3759165 ], [ 134.5942535, 7.3755002 ], [ 134.594055200000014, 7.3751998 ], [ 134.5939636, 7.3749862 ], [ 134.5939941, 7.3744249 ], [ 134.5940247, 7.3740416 ], [ 134.5943604, 7.3731585 ], [ 134.5945892, 7.3722138 ], [ 134.594909699999988, 7.3716168 ], [ 134.5950317, 7.37145 ] ], [ [ 134.5894165, 7.3530917 ], [ 134.589370699999989, 7.3532639 ], [ 134.5892792, 7.3533444 ], [ 134.589218100000011, 7.3534641 ], [ 134.5890808, 7.3535419 ], [ 134.589019799999988, 7.3537474 ], [ 134.5890656, 7.3538251 ], [ 134.5890656, 7.3538499 ], [ 134.5891876, 7.3538666 ], [ 134.5896606, 7.3537555 ], [ 134.589798, 7.3536778 ], [ 134.58992, 7.3535891 ], [ 134.5900574, 7.3534279 ], [ 134.590087899999986, 7.3533473 ], [ 134.589981099999989, 7.3530693 ], [ 134.5898895, 7.3529553 ], [ 134.5897827, 7.3529639 ], [ 134.5896301, 7.3530526 ], [ 134.5895386, 7.3530221 ], [ 134.5894165, 7.3530917 ] ], [ [ 134.588760400000012, 7.3547053 ], [ 134.5886688, 7.3547583 ], [ 134.5886078, 7.3548279 ], [ 134.5885925, 7.3549223 ], [ 134.588638300000014, 7.3549752 ], [ 134.5886688, 7.355 ], [ 134.588760400000012, 7.3550057 ], [ 134.5888519, 7.3549776 ], [ 134.588913, 7.3549166 ], [ 134.588913, 7.3547335 ], [ 134.5888519, 7.3546863 ], [ 134.588760400000012, 7.3547053 ] ] ] } },
{ "type": "Feature", "properties": { "RCID": 7087, "PRIM": 3, "GRUP": 2, "OBJL": 121, "RVER": 1, "AGEN": 550, "FIDN": 144855596, "FIDS": 9, "LNAM": "022608A2522C0009", "LNAM_REFS": null, "FFPT_RIND": null, "COLOUR": null, "NATQUA": null, "NATSUR": [ "9" ], "WATLEV": 4.0, "OBJNAM": null, "NOBJNM": null, "INFORM": null, "NINFOM": null, "NTXTDS": null, "SCAMAX": null, "SCAMIN": 29999, "TXTDSC": null, "RECDAT": null, "RECIND": null, "SORDAT": "20150206", "SORIND": "US,US,reprt,L-246-2015", "_enc_cell": "US4TB3P0" }, "geometry": { "type": "Polygon", "coordinates": [ [ [ 134.6076965, 7.3695664 ], [ 134.6078339, 7.3692474 ], [ 134.6080322, 7.3691583 ], [ 134.6082611, 7.3691859 ], [ 134.608581500000014, 7.3692474 ], [ 134.60881040000001, 7.3694806 ], [ 134.6088715, 7.3695388 ], [ 134.6089783, 7.3699555 ], [ 134.6090241, 7.370328 ], [ 134.6088867, 7.3704696 ], [ 134.6085663, 7.3707085 ], [ 134.608429, 7.3709359 ], [ 134.608337400000011, 7.3714252 ], [ 134.608215300000012, 7.3722611 ], [ 134.6079254, 7.3726807 ], [ 134.607666, 7.3731113 ], [ 134.607513399999988, 7.3734083 ], [ 134.6073303, 7.3734555 ], [ 134.6069946, 7.3734555 ], [ 134.6067047, 7.3733363 ], [ 134.606552099999988, 7.3731389 ], [ 134.6064453, 7.3729553 ], [ 134.606567399999989, 7.3725109 ], [ 134.606796300000013, 7.3718667 ], [ 134.607040399999988, 7.3715916 ], [ 134.607254, 7.3714137 ], [ 134.607650799999988, 7.3710556 ], [ 134.6078033, 7.3706498 ], [ 134.6077728, 7.3701835 ], [ 134.607666, 7.3698001 ], [ 134.6076965, 7.3695664 ] ] ] } },
{ "type": "Feature", "properties": { "RCID": 7121, "PRIM": 3, "GRUP": 2, "OBJL": 121, "RVER": 1, "AGEN": 550, "FIDN": 770169427, "FIDS": 9, "LNAM": "02262DE7DA530009", "LNAM_REFS": null, "FFPT_RIND": null, "COLOUR": null, "NATQUA": null, "NATSUR": [ "9" ], "WATLEV": 4.0, "OBJNAM": null, "NOBJNM": null, "INFORM": null, "NINFOM": null, "NTXTDS": null, "SCAMAX": null, "SCAMIN": 29999, "TXTDSC": null, "RECDAT": null, "RECIND": null, "SORDAT": "20150206", "SORIND": "US,US,reprt,L-246-2015", "_enc_cell": "US4TB3P0" }, "geometry": { "type": "Polygon", "coordinates": [ [ [ 134.4894562, 7.3821974 ], [ 134.4896851, 7.3820195 ], [ 134.489975, 7.3820667 ], [ 134.4902954, 7.3819418 ], [ 134.4904785, 7.3817029 ], [ 134.49066160000001, 7.3816943 ], [ 134.4908752, 7.3820667 ], [ 134.4907227, 7.3824835 ], [ 134.4904785, 7.3827109 ], [ 134.490325899999988, 7.3829947 ], [ 134.4903717, 7.3833165 ], [ 134.490387, 7.3836613 ], [ 134.49018860000001, 7.3838863 ], [ 134.4898987, 7.3839526 ], [ 134.48970030000001, 7.3837915 ], [ 134.4897308, 7.3835473 ], [ 134.4896698, 7.3831945 ], [ 134.4895477, 7.3829665 ], [ 134.4893951, 7.3825779 ], [ 134.4894562, 7.3821974 ] ] ] } },
{ "type": "Feature", "properties": { "RCID": 7122, "PRIM": 3, "GRUP": 2, "OBJL": 121, "RVER": 1, "AGEN": 550, "FIDN": 115181391, "FIDS": 9, "LNAM": "022606DD874F0009", "LNAM_REFS": null, "FFPT_RIND": null, "COLOUR": null, "NATQUA": null, "NATSUR": [ "9" ], "WATLEV": 4.0, "OBJNAM": null, "NOBJNM": null, "INFORM": null, "NINFOM": null, "NTXTDS": null, "SCAMAX": null, "SCAMIN": 29999, "TXTDSC": null, "RECDAT": null, "RECIND": null, "SORDAT": "20150206", "SORIND": "US,US,reprt,L-246-2015", "_enc_cell": "US4TB3P0" }, "geometry": { "type": "Polygon", "coordinates": [ [ [ 134.491287199999988, 7.3841167 ], [ 134.4913178, 7.3843055 ], [ 134.4915009, 7.3844862 ], [ 134.4916992, 7.3845806 ], [ 134.4918671, 7.3845334 ], [ 134.4918213, 7.3843055 ], [ 134.4916687, 7.3841167 ], [ 134.4916992, 7.3839526 ], [ 134.491806, 7.383575 ], [ 134.4919586, 7.3833084 ], [ 134.4920502, 7.382864 ], [ 134.4920807, 7.3823113 ], [ 134.4920654, 7.381886 ], [ 134.4920349, 7.3815141 ], [ 134.4920349, 7.3812389 ], [ 134.4919586, 7.381011 ], [ 134.4919128, 7.3808694 ], [ 134.4919128, 7.3808417 ], [ 134.4918671, 7.3806806 ], [ 134.4916077, 7.3806138 ], [ 134.4914551, 7.3807197 ], [ 134.4914398, 7.3808417 ], [ 134.4914398, 7.3808694 ], [ 134.491409299999987, 7.3810973 ], [ 134.4914398, 7.3816114 ], [ 134.4914856, 7.3822556 ], [ 134.4914551, 7.3827224 ], [ 134.4915466, 7.3830724 ], [ 134.4913635, 7.3834696 ], [ 134.4913483, 7.3835335 ], [ 134.4913178, 7.3838697 ], [ 134.491287199999988, 7.3841167 ] ] ] } },
{ "type": "Feature", "properties": { "RCID": 7123, "PRIM": 3, "GRUP": 2, "OBJL": 121, "RVER": 1, "AGEN": 550, "FIDN": 998575117, "FIDS": 9, "LNAM": "02263B850C0D0009", "LNAM_REFS": null, "FFPT_RIND": null, "COLOUR": null, "NATQUA": null, "NATSUR": [ "9" ], "WATLEV": 4.0, "OBJNAM": null, "NOBJNM": null, "INFORM": null, "NINFOM": null, "NTXTDS": null, "SCAMAX": null, "SCAMIN": 29999, "TXTDSC": null, "RECDAT": null, "RECIND": null, "SORDAT": "20150206", "SORIND": "US,US,reprt,L-246-2015", "_enc_cell": "US4TB3P0" }, "geometry": { "type": "Polygon", "coordinates": [ [ [ 134.495132500000011, 7.3859029 ], [ 134.4950256, 7.3859472 ], [ 134.4948578, 7.3860445 ], [ 134.4947205, 7.3863111 ], [ 134.4945831, 7.3864527 ], [ 134.4944763, 7.3864389 ], [ 134.4943237, 7.3864832 ], [ 134.4942322, 7.3866668 ], [ 134.494293199999987, 7.386847 ], [ 134.4945831, 7.3869557 ], [ 134.494812, 7.3870196 ], [ 134.4949493, 7.3871474 ], [ 134.4950562, 7.3872557 ], [ 134.49511720000001, 7.3874278 ], [ 134.495132500000011, 7.3876224 ], [ 134.4950562, 7.3877721 ], [ 134.4949799, 7.3879223 ], [ 134.4949646, 7.388114 ], [ 134.4950256, 7.3883085 ], [ 134.4951477, 7.3885002 ], [ 134.4953461, 7.3887696 ], [ 134.495575, 7.3889527 ], [ 134.4957123, 7.3892083 ], [ 134.4958191, 7.3893499 ], [ 134.4959869, 7.3895111 ], [ 134.4959412, 7.3897891 ], [ 134.4959412, 7.3900361 ], [ 134.496093800000011, 7.3901863 ], [ 134.4962616, 7.3902388 ], [ 134.4963989, 7.3902192 ], [ 134.4965057, 7.389864 ], [ 134.4966431, 7.3897362 ], [ 134.4968872, 7.3897581 ], [ 134.4972687, 7.3897777 ], [ 134.4976349, 7.3897471 ], [ 134.497909600000014, 7.3897138 ], [ 134.4978485, 7.3895221 ], [ 134.4975586, 7.3893499 ], [ 134.4971619, 7.3890915 ], [ 134.4969025, 7.3889303 ], [ 134.496582, 7.3887391 ], [ 134.4964752, 7.3885002 ], [ 134.4963684, 7.3882113 ], [ 134.4962921, 7.3879223 ], [ 134.4961548, 7.3877611 ], [ 134.4958954, 7.3876863 ], [ 134.4957886, 7.387578 ], [ 134.4957733, 7.3873944 ], [ 134.4958344, 7.3872557 ], [ 134.4959106, 7.3870721 ], [ 134.4959412, 7.3867946 ], [ 134.4959412, 7.3865695 ], [ 134.495758099999989, 7.386364 ], [ 134.4954529, 7.3862362 ], [ 134.4953156, 7.3861723 ], [ 134.4952393, 7.3860221 ], [ 134.495132500000011, 7.3859029 ] ] ] } },
{ "type": "Feature", "properties": { "RCID": 7124, "PRIM": 3, "GRUP": 2, "OBJL": 121, "RVER": 1, "AGEN": 550, "FIDN": 620933831, "FIDS": 9, "LNAM": "02262502B2C70009", "LNAM_REFS": null, "FFPT_RIND": null, "COLOUR": null, "NATQUA": null, "NATSUR": [ "9" ], "WATLEV": 4.0, "OBJNAM": null, "NOBJNM": null, "INFORM": null, "NINFOM": null, "NTXTDS": null, "SCAMAX": null, "SCAMIN": 29999, "TXTDSC": null, "RECDAT": null, "RECIND": null, "SORDAT": "20150206", "SORIND": "US,US,reprt,L-246-2015", "_enc_cell": "US4TB3P0" }, "geometry": { "type": "Polygon", "coordinates": [ [ [ 134.4991303, 7.3295555 ], [ 134.4989929, 7.3301249 ], [ 134.498855600000013, 7.3303137 ], [ 134.498840300000012, 7.3306723 ], [ 134.498870899999986, 7.330853 ], [ 134.499115, 7.3312054 ], [ 134.4993897, 7.3318362 ], [ 134.499710099999987, 7.3322058 ], [ 134.5, 7.3322415 ], [ 134.5001679, 7.3322611 ], [ 134.5005188, 7.3322058 ], [ 134.500686699999989, 7.3318276 ], [ 134.5003204, 7.3312221 ], [ 134.5000916, 7.3308001 ], [ 134.500061, 7.330575 ], [ 134.5001373, 7.3304749 ], [ 134.5003204, 7.3304944 ], [ 134.5007324, 7.3303137 ], [ 134.5012207, 7.3302584 ], [ 134.50149540000001, 7.330286 ], [ 134.5015717, 7.3302307 ], [ 134.5016937, 7.3299832 ], [ 134.501724200000012, 7.3299084 ], [ 134.501709, 7.3296113 ], [ 134.5015564, 7.3295193 ], [ 134.5013428, 7.3294387 ], [ 134.5007324, 7.3293834 ], [ 134.500412, 7.3294029 ], [ 134.5, 7.329175 ], [ 134.4999847, 7.3291693 ], [ 134.4996643, 7.3290138 ], [ 134.4996033, 7.3290529 ], [ 134.4993591, 7.3292055 ], [ 134.4991303, 7.3295555 ] ], [ [ 134.5001373, 7.3300057 ], [ 134.500289900000013, 7.3300028 ], [ 134.500412, 7.3299804 ], [ 134.50053410000001, 7.3299804 ], [ 134.500793499999986, 7.3299251 ], [ 134.5008698, 7.3299861 ], [ 134.5009613, 7.3299861 ], [ 134.501037599999989, 7.3299332 ], [ 134.5010681, 7.3298612 ], [ 134.500900300000012, 7.3296723 ], [ 134.500824, 7.3296304 ], [ 134.5005951, 7.3296528 ], [ 134.5004578, 7.3296418 ], [ 134.5003357, 7.3296084 ], [ 134.5, 7.3294196 ], [ 134.4999542, 7.3293943 ], [ 134.4998474, 7.3293057 ], [ 134.499694799999986, 7.3292666 ], [ 134.4995575, 7.3293362 ], [ 134.4994659, 7.3294249 ], [ 134.4993591, 7.3295417 ], [ 134.4993591, 7.3296557 ], [ 134.49943540000001, 7.3297582 ], [ 134.4999085, 7.3299556 ], [ 134.5, 7.3299751 ], [ 134.5001373, 7.3300057 ] ], [ [ 134.499206500000014, 7.3300443 ], [ 134.4991455, 7.3301554 ], [ 134.499099699999988, 7.3303084 ], [ 134.499054, 7.3304277 ], [ 134.499054, 7.3306165 ], [ 134.499099699999988, 7.3307252 ], [ 134.4991455, 7.3307724 ], [ 134.4991913, 7.3308554 ], [ 134.499206500000014, 7.330936 ], [ 134.4994202, 7.3309751 ], [ 134.4994659, 7.3309169 ], [ 134.4994812, 7.3306971 ], [ 134.4995422, 7.3304248 ], [ 134.4995117, 7.3302665 ], [ 134.4994659, 7.330164 ], [ 134.4993897, 7.3300529 ], [ 134.4992828, 7.3300057 ], [ 134.499206500000014, 7.3300443 ] ], [ [ 134.4994202, 7.3313446 ], [ 134.4994202, 7.3314276 ], [ 134.4994659, 7.331564 ], [ 134.499527, 7.3316307 ], [ 134.4996033, 7.3316808 ], [ 134.4997559, 7.3319693 ], [ 134.499832199999986, 7.3320222 ], [ 134.4999542, 7.3320389 ], [ 134.500076299999989, 7.3320389 ], [ 134.500183099999987, 7.3319778 ], [ 134.5002136, 7.3318944 ], [ 134.5001679, 7.3318057 ], [ 134.5000458, 7.331728 ], [ 134.5, 7.3316832 ], [ 134.4999542, 7.3316336 ], [ 134.499801600000012, 7.331389 ], [ 134.4996796, 7.3312669 ], [ 134.499527, 7.3311887 ], [ 134.499450700000011, 7.3311887 ], [ 134.4994202, 7.3313446 ] ] ] } },
{ "type": "Feature", "properties": { "RCID": 7128, "PRIM": 3, "GRUP": 2, "OBJL": 121, "RVER": 1, "AGEN": 550, "FIDN": 816748841, "FIDS": 9, "LNAM": "022630AE99290009", "LNAM_REFS": null, "FFPT_RIND": null, "COLOUR": null, "NATQUA": null, "NATSUR": [ "9" ], "WATLEV": 4.0, "OBJNAM": null, "NOBJNM": null, "INFORM": null, "NINFOM": null, "NTXTDS": null, "SCAMAX": null, "SCAMIN": 29999, "TXTDSC": null, "RECDAT": null, "RECIND": null, "SORDAT": "20150206", "SORIND": "US,US,reprt,L-246-2015", "_enc_cell": "US4TB3P0" }, "geometry": { "type": "Polygon", "coordinates": [ [ [ 134.5213196, 7.3467359 ], [ 134.521347100000014, 7.3467612 ], [ 134.5216522, 7.3469863 ], [ 134.521820100000014, 7.3469276 ], [ 134.522049, 7.3471165 ], [ 134.522277800000012, 7.3470221 ], [ 134.5223389, 7.3468471 ], [ 134.5223389, 7.3467474 ], [ 134.522308399999986, 7.3463917 ], [ 134.5219727, 7.3457389 ], [ 134.5219505, 7.3457173 ], [ 134.521804800000012, 7.3455749 ], [ 134.521591199999989, 7.3454804 ], [ 134.5213013, 7.3455668 ], [ 134.521225, 7.3455224 ], [ 134.521209700000014, 7.3453918 ], [ 134.5211792, 7.3452835 ], [ 134.52108770000001, 7.3452668 ], [ 134.5209351, 7.3452416 ], [ 134.520874, 7.3452306 ], [ 134.520752, 7.3452168 ], [ 134.5203095, 7.3452916 ], [ 134.5202332, 7.345397 ], [ 134.5200348, 7.3455887 ], [ 134.519989, 7.3455443 ], [ 134.5199127, 7.3454695 ], [ 134.5198059, 7.3455806 ], [ 134.5196075, 7.3458471 ], [ 134.519760100000013, 7.3459945 ], [ 134.5198212, 7.3460641 ], [ 134.519866900000011, 7.3462558 ], [ 134.519882200000012, 7.346303 ], [ 134.5199738, 7.3463612 ], [ 134.5200653, 7.3463388 ], [ 134.5201721, 7.346386 ], [ 134.520248400000014, 7.3464251 ], [ 134.520370500000013, 7.3464446 ], [ 134.520462, 7.3465223 ], [ 134.5206909, 7.3464251 ], [ 134.5208893, 7.3463473 ], [ 134.52108770000001, 7.3463473 ], [ 134.5211334, 7.3465638 ], [ 134.5213196, 7.3467359 ] ] ] } },
{ "type": "Feature", "properties": { "RCID": 7129, "PRIM": 3, "GRUP": 2, "OBJL": 121, "RVER": 1, "AGEN": 550, "FIDN": 922989391, "FIDS": 9, "LNAM": "02263703B34F0009", "LNAM_REFS": null, "FFPT_RIND": null, "COLOUR": null, "NATQUA": null, "NATSUR": [ "9" ], "WATLEV": 4.0, "OBJNAM": null, "NOBJNM": null, "INFORM": null, "NINFOM": null, "NTXTDS": null, "SCAMAX": null, "SCAMIN": 29999, "TXTDSC": null, "RECDAT": null, "RECIND": null, "SORDAT": "20150206", "SORIND": "US,US,reprt,L-246-2015", "_enc_cell": "US4TB3P0" }, "geometry": { "type": "Polygon", "coordinates": [ [ [ 134.520401, 7.340889 ], [ 134.5205841, 7.3409834 ], [ 134.521102899999988, 7.340939 ], [ 134.521759, 7.3408527 ], [ 134.5222168, 7.3407278 ], [ 134.5222321, 7.3406277 ], [ 134.5222473, 7.3406196 ], [ 134.5224304, 7.3404083 ], [ 134.5224915, 7.3402472 ], [ 134.5225983, 7.3401861 ], [ 134.5228119, 7.340178 ], [ 134.523407, 7.3402805 ], [ 134.523742700000014, 7.3403974 ], [ 134.52388, 7.3403277 ], [ 134.52397160000001, 7.3403387 ], [ 134.524215700000013, 7.3402805 ], [ 134.524322500000011, 7.3403668 ], [ 134.5244141, 7.3404164 ], [ 134.5245667, 7.3402863 ], [ 134.524765, 7.3402362 ], [ 134.5247345, 7.3394833 ], [ 134.5247345, 7.3393278 ], [ 134.5247345, 7.3390918 ], [ 134.5244293, 7.3389611 ], [ 134.5243073, 7.3390331 ], [ 134.5242462, 7.3389387 ], [ 134.5244141, 7.3386998 ], [ 134.5245209, 7.3384056 ], [ 134.524337800000012, 7.3378334 ], [ 134.5243988, 7.3374581 ], [ 134.5243835, 7.3372026 ], [ 134.524093599999986, 7.3363333 ], [ 134.5241547, 7.3357973 ], [ 134.5238953, 7.3354859 ], [ 134.5236969, 7.3355446 ], [ 134.523498499999988, 7.3355947 ], [ 134.5234375, 7.3358474 ], [ 134.5233307, 7.3362026 ], [ 134.523132299999986, 7.3363195 ], [ 134.5228119, 7.3362527 ], [ 134.5226135, 7.3361807 ], [ 134.522293100000013, 7.3363113 ], [ 134.522142800000012, 7.3364278 ], [ 134.521591199999989, 7.3368554 ], [ 134.5210419, 7.3372026 ], [ 134.5208893, 7.3375053 ], [ 134.520858800000013, 7.337739 ], [ 134.5207062, 7.3383527 ], [ 134.5205078, 7.3387585 ], [ 134.52034, 7.3388891 ], [ 134.520248400000014, 7.3393083 ], [ 134.520355200000012, 7.3394752 ], [ 134.520263699999987, 7.339736 ], [ 134.5202026, 7.3403306 ], [ 134.52026, 7.3405719 ], [ 134.5203247, 7.3408446 ], [ 134.520401, 7.340889 ] ] ] } },
{ "type": "Feature", "properties": { "RCID": 7130, "PRIM": 3, "GRUP": 2, "OBJL": 121, "RVER": 1, "AGEN": 550, "FIDN": 286245970, "FIDS": 9, "LNAM": "0226110FC4520009", "LNAM_REFS": null, "FFPT_RIND": null, "COLOUR": null, "NATQUA": null, "NATSUR": [ "9" ], "WATLEV": 4.0, "OBJNAM": null, "NOBJNM": null, "INFORM": null, "NINFOM": null, "NTXTDS": null, "SCAMAX": null, "SCAMIN": 29999, "TXTDSC": null, "RECDAT": null, "RECIND": null, "SORDAT": "20150206", "SORIND": "US,US,reprt,L-246-2015", "_enc_cell": "US4TB3P0" }, "geometry": { "type": "Polygon", "coordinates": [ [ [ 134.527114899999987, 7.3359084 ], [ 134.5269165, 7.3355999 ], [ 134.5267944, 7.335422 ], [ 134.526977499999987, 7.3350945 ], [ 134.5271759, 7.3350639 ], [ 134.5272522, 7.3351612 ], [ 134.527343800000011, 7.3352556 ], [ 134.527572600000013, 7.335578 ], [ 134.527572600000013, 7.3357916 ], [ 134.527587899999986, 7.3358584 ], [ 134.5276489, 7.3359361 ], [ 134.5279236, 7.3361139 ], [ 134.528305100000011, 7.3364306 ], [ 134.5287018, 7.3367195 ], [ 134.5290985, 7.3367944 ], [ 134.529739400000011, 7.337153 ], [ 134.5299377, 7.3373804 ], [ 134.5299072, 7.3377085 ], [ 134.5298309, 7.3379555 ], [ 134.5296783, 7.3380389 ], [ 134.5294342, 7.3379612 ], [ 134.5290833, 7.3376803 ], [ 134.52876280000001, 7.3375611 ], [ 134.5285034, 7.3373694 ], [ 134.528183, 7.3372555 ], [ 134.5280151, 7.3371973 ], [ 134.5277557, 7.3371835 ], [ 134.5272522, 7.3373332 ], [ 134.527206400000011, 7.3372889 ], [ 134.5269623, 7.3371058 ], [ 134.5269013, 7.3366585 ], [ 134.526947, 7.3365054 ], [ 134.526992799999988, 7.3364363 ], [ 134.5270691, 7.336297 ], [ 134.5271759, 7.3362474 ], [ 134.527221700000013, 7.336164 ], [ 134.5274048, 7.3360443 ], [ 134.5274506, 7.3359776 ], [ 134.5272369, 7.3359585 ], [ 134.527114899999987, 7.3359084 ] ] ] } },
{ "type": "Feature", "properties": { "RCID": 7131, "PRIM": 3, "GRUP": 2, "OBJL": 121, "RVER": 1, "AGEN": 550, "FIDN": 744301504, "FIDS": 9, "LNAM": "02262C5D23C00009", "LNAM_REFS": null, "FFPT_RIND": null, "COLOUR": null, "NATQUA": null, "NATSUR": [ "9" ], "WATLEV": 4.0, "OBJNAM": null, "NOBJNM": null, "INFORM": null, "NINFOM": null, "NTXTDS": null, "SCAMAX": null, "SCAMIN": 29999, "TXTDSC": null, "RECDAT": null, "RECIND": null, "SORDAT": "20150206", "SORIND": "US,US,reprt,L-246-2015", "_enc_cell": "US4TB3P0" }, "geometry": { "type": "Polygon", "coordinates": [ [ [ 134.5351715, 7.2806807 ], [ 134.535400399999986, 7.2803917 ], [ 134.5356751, 7.280261 ], [ 134.5361939, 7.2802887 ], [ 134.536377, 7.2803721 ], [ 134.536483800000013, 7.280653 ], [ 134.536483800000013, 7.2809887 ], [ 134.5363007, 7.2812138 ], [ 134.5359345, 7.2813835 ], [ 134.5356598, 7.2814665 ], [ 134.535522500000013, 7.2814722 ], [ 134.535400399999986, 7.2814751 ], [ 134.5351257, 7.2812972 ], [ 134.535018900000011, 7.2811308 ], [ 134.5349884, 7.2809887 ], [ 134.5351715, 7.2806807 ] ] ] } },
{ "type": "Feature", "properties": { "RCID": 7132, "PRIM": 3, "GRUP": 2, "OBJL": 121, "RVER": 1, "AGEN": 550, "FIDN": 792418070, "FIDS": 9, "LNAM": "02262F3B57160009", "LNAM_REFS": null, "FFPT_RIND": null, "COLOUR": null, "NATQUA": null, "NATSUR": [ "9" ], "WATLEV": 4.0, "OBJNAM": null, "NOBJNM": null, "INFORM": null, "NINFOM": null, "NTXTDS": null, "SCAMAX": null, "SCAMIN": 29999, "TXTDSC": null, "RECDAT": null, "RECIND": null, "SORDAT": "20150206", "SORIND": "US,US,reprt,L-246-2015", "_enc_cell": "US4TB3P0" }, "geometry": { "type": "Polygon", "coordinates": [ [ [ 134.609573399999988, 7.374661 ], [ 134.609375, 7.3745556 ], [ 134.6090546, 7.3745194 ], [ 134.6088715, 7.374197 ], [ 134.6088715, 7.3739581 ], [ 134.6089325, 7.3738027 ], [ 134.609191900000013, 7.373528 ], [ 134.6096344, 7.3732305 ], [ 134.6098633, 7.3732891 ], [ 134.6099854, 7.3734446 ], [ 134.610137900000012, 7.3737474 ], [ 134.610199, 7.3738613 ], [ 134.610275300000012, 7.3742919 ], [ 134.61026, 7.3745446 ], [ 134.610168499999986, 7.3746972 ], [ 134.6099854, 7.3748055 ], [ 134.609787, 7.3747835 ], [ 134.609573399999988, 7.374661 ] ] ] } },
{ "type": "Feature", "properties": { "RCID": 7133, "PRIM": 3, "GRUP": 2, "OBJL": 121, "RVER": 1, "AGEN": 550, "FIDN": 804002831, "FIDS": 9, "LNAM": "02262FEC1C0F0009", "LNAM_REFS": null, "FFPT_RIND": null, "COLOUR": null, "NATQUA": null, "NATSUR": [ "9" ], "WATLEV": 4.0, "OBJNAM": null, "NOBJNM": null, "INFORM": null, "NINFOM": null, "NTXTDS": null, "SCAMAX": null, "SCAMIN": 29999, "TXTDSC": null, "RECDAT": null, "RECIND": null, "SORDAT": "20150206", "SORIND": "US,US,reprt,L-246-2015", "_enc_cell": "US4TB3P0" }, "geometry": { "type": "Polygon", "coordinates": [ [ [ 134.6077881, 7.3522973 ], [ 134.608123799999987, 7.3522582 ], [ 134.6084442, 7.3522415 ], [ 134.6090546, 7.3524919 ], [ 134.6096954, 7.3529415 ], [ 134.610519399999987, 7.3537002 ], [ 134.6112976, 7.3544946 ], [ 134.6120453, 7.3551946 ], [ 134.61232, 7.3554168 ], [ 134.6125946, 7.3556333 ], [ 134.6133728, 7.3563166 ], [ 134.6138001, 7.3565583 ], [ 134.614486699999986, 7.3568778 ], [ 134.6154175, 7.3573251 ], [ 134.6159515, 7.3576169 ], [ 134.616684, 7.357914 ], [ 134.617569, 7.3587751 ], [ 134.6184082, 7.3596058 ], [ 134.618988, 7.3603082 ], [ 134.6193543, 7.3611221 ], [ 134.619537400000013, 7.3614831 ], [ 134.6196289, 7.3616529 ], [ 134.6197205, 7.3619332 ], [ 134.62011720000001, 7.3625336 ], [ 134.6205444, 7.3630362 ], [ 134.6210327, 7.3635612 ], [ 134.6214905, 7.3640833 ], [ 134.6217957, 7.3645611 ], [ 134.6219635, 7.3649721 ], [ 134.6220093, 7.3654499 ], [ 134.6221008, 7.3661499 ], [ 134.6221314, 7.3663836 ], [ 134.6222382, 7.366889 ], [ 134.6223602, 7.3671222 ], [ 134.622528100000011, 7.3673196 ], [ 134.622680699999989, 7.3676167 ], [ 134.622818, 7.3683834 ], [ 134.6229706, 7.368814 ], [ 134.6234436, 7.3694501 ], [ 134.6238861, 7.3701696 ], [ 134.624099699999988, 7.3705335 ], [ 134.624176, 7.3708415 ], [ 134.6241913, 7.3709526 ], [ 134.6241913, 7.3710389 ], [ 134.6242676, 7.371161 ], [ 134.6244049, 7.3712335 ], [ 134.62457280000001, 7.3713193 ], [ 134.624816900000013, 7.371572 ], [ 134.6252441, 7.3723388 ], [ 134.62539670000001, 7.372539 ], [ 134.6256409, 7.3728724 ], [ 134.626022299999988, 7.3733583 ], [ 134.626159699999988, 7.3734946 ], [ 134.626159699999988, 7.3808389 ], [ 134.6221466, 7.380839 ], [ 134.6221466, 7.3808389 ], [ 134.6220856, 7.3804808 ], [ 134.6219482, 7.3800612 ], [ 134.6213989, 7.379303 ], [ 134.6211853, 7.3791919 ], [ 134.6210022, 7.3788724 ], [ 134.6207886, 7.378489 ], [ 134.6205139, 7.3782082 ], [ 134.6201477, 7.3778639 ], [ 134.619903599999986, 7.3775916 ], [ 134.6196899, 7.3773308 ], [ 134.6196289, 7.3772554 ], [ 134.6195831, 7.3770862 ], [ 134.6195526, 7.3769388 ], [ 134.6196137, 7.3760581 ], [ 134.6194458, 7.375536 ], [ 134.619339, 7.3752084 ], [ 134.6191101, 7.3749194 ], [ 134.61868290000001, 7.3744807 ], [ 134.618438700000013, 7.3742724 ], [ 134.6181335, 7.3737779 ], [ 134.617965700000013, 7.3733001 ], [ 134.6179199, 7.3729 ], [ 134.6176453, 7.3723664 ], [ 134.6173248, 7.3717861 ], [ 134.6170349, 7.3714137 ], [ 134.616806, 7.3713112 ], [ 134.616409299999987, 7.3710861 ], [ 134.6163483, 7.371047 ], [ 134.616287199999988, 7.3708248 ], [ 134.6162567, 7.3706002 ], [ 134.616149900000011, 7.3704696 ], [ 134.6159821, 7.3704138 ], [ 134.615814199999988, 7.3702169 ], [ 134.6156464, 7.3699279 ], [ 134.6154785, 7.3696833 ], [ 134.615387, 7.369122 ], [ 134.6152191, 7.3685331 ], [ 134.615036, 7.3679361 ], [ 134.614852899999988, 7.3676 ], [ 134.6146393, 7.3673835 ], [ 134.6144562, 7.3672333 ], [ 134.614242600000011, 7.3668804 ], [ 134.614013699999987, 7.3665891 ], [ 134.6138458, 7.3664584 ], [ 134.6136932, 7.3663197 ], [ 134.6134338, 7.3662334 ], [ 134.613037100000014, 7.3661971 ], [ 134.6128388, 7.3660832 ], [ 134.612670900000012, 7.3657308 ], [ 134.612457299999988, 7.36515 ], [ 134.6122894, 7.3648138 ], [ 134.6119995, 7.3646083 ], [ 134.6116333, 7.3642721 ], [ 134.611496, 7.3639998 ], [ 134.6114044, 7.3634305 ], [ 134.611129799999986, 7.3627863 ], [ 134.6109314, 7.3622804 ], [ 134.610763600000013, 7.3619804 ], [ 134.6104279, 7.361814 ], [ 134.610168499999986, 7.3616362 ], [ 134.609802300000013, 7.3612695 ], [ 134.6095429, 7.3608861 ], [ 134.6092224, 7.3604307 ], [ 134.6089172, 7.360075 ], [ 134.6086273, 7.3599057 ], [ 134.6082916, 7.3597002 ], [ 134.6079102, 7.3594861 ], [ 134.60784910000001, 7.3594084 ], [ 134.607742300000012, 7.3592806 ], [ 134.607620200000014, 7.3588305 ], [ 134.6073456, 7.3585224 ], [ 134.6071014, 7.3582692 ], [ 134.6068573, 7.3576999 ], [ 134.606674199999986, 7.3573055 ], [ 134.6065369, 7.3565502 ], [ 134.6065216, 7.3563528 ], [ 134.606292700000012, 7.3561277 ], [ 134.606063799999987, 7.3557916 ], [ 134.605819700000012, 7.355175 ], [ 134.605804400000011, 7.3549724 ], [ 134.6057739, 7.3546252 ], [ 134.605835, 7.3542056 ], [ 134.6058502, 7.3540249 ], [ 134.6060181, 7.3535776 ], [ 134.6063995, 7.3531084 ], [ 134.606674199999986, 7.3528304 ], [ 134.6072388, 7.3524919 ], [ 134.607620200000014, 7.352314 ], [ 134.6077881, 7.3522973 ] ] ] } },
{ "type": "Feature", "properties": { "RCID": 7168, "PRIM": 3, "GRUP": 2, "OBJL": 121, "RVER": 1, "AGEN": 550, "FIDN": 306468285, "FIDS": 9, "LNAM": "0226124455BD0009", "LNAM_REFS": null, "FFPT_RIND": null, "COLOUR": null, "NATQUA": null, "NATSUR": [ "9" ], "WATLEV": 4.0, "OBJNAM": null, "NOBJNM": null, "INFORM": null, "NINFOM": null, "NTXTDS": null, "SCAMAX": null, "SCAMIN": 29999, "TXTDSC": null, "RECDAT": null, "RECIND": null, "SORDAT": "20150206", "SORIND": "US,US,reprt,L-246-2015", "_enc_cell": "US4TB3P0" }, "geometry": { "type": "Polygon", "coordinates": [ [ [ 134.465251, 7.4379217 ], [ 134.4653473, 7.4378305 ], [ 134.465469399999989, 7.4374471 ], [ 134.4657135, 7.4371109 ], [ 134.4659576, 7.4369583 ], [ 134.4664459, 7.4368887 ], [ 134.4671021, 7.4370084 ], [ 134.4678345, 7.4364276 ], [ 134.4685211, 7.4362054 ], [ 134.46914670000001, 7.4360862 ], [ 134.4698029, 7.4361277 ], [ 134.4702148, 7.4359918 ], [ 134.470504799999986, 7.4357805 ], [ 134.470871, 7.4353499 ], [ 134.4709015, 7.4349804 ], [ 134.4712524, 7.4346609 ], [ 134.4716644, 7.4347334 ], [ 134.471923800000013, 7.4348693 ], [ 134.4721527, 7.4351082 ], [ 134.4725037, 7.4352169 ], [ 134.4728546, 7.435503 ], [ 134.4733429, 7.4355946 ], [ 134.4735565, 7.4357696 ], [ 134.4740601, 7.4359307 ], [ 134.4743805, 7.4361696 ], [ 134.4746094, 7.4361696 ], [ 134.474929800000012, 7.4363084 ], [ 134.4751282, 7.4365974 ], [ 134.4753265, 7.4371276 ], [ 134.4756165, 7.437161 ], [ 134.47599790000001, 7.4371276 ], [ 134.476379400000013, 7.4371805 ], [ 134.4766541, 7.4372387 ], [ 134.4771729, 7.4374695 ], [ 134.4773865, 7.4374251 ], [ 134.4775238, 7.4373999 ], [ 134.4779816, 7.4373083 ], [ 134.4780121, 7.4373002 ], [ 134.478073099999989, 7.4372888 ], [ 134.4788513, 7.4371109 ], [ 134.4789734, 7.4370832 ], [ 134.479034399999989, 7.4370918 ], [ 134.4793396, 7.4371362 ], [ 134.47949220000001, 7.4371581 ], [ 134.4796753, 7.4371862 ], [ 134.4798889, 7.4373388 ], [ 134.4799652, 7.4373918 ], [ 134.4802704, 7.4373331 ], [ 134.4802704, 7.4370499 ], [ 134.480102499999987, 7.4369831 ], [ 134.479980500000011, 7.436625 ], [ 134.4800263, 7.4363332 ], [ 134.480224600000014, 7.4361 ], [ 134.4802094, 7.435936 ], [ 134.4797058, 7.4351387 ], [ 134.4793549, 7.4354029 ], [ 134.479171799999989, 7.4354224 ], [ 134.478286700000012, 7.4350777 ], [ 134.477600099999989, 7.4350362 ], [ 134.477218599999986, 7.4346914 ], [ 134.4762878, 7.434711 ], [ 134.4759827, 7.4345331 ], [ 134.475708, 7.4340887 ], [ 134.4756928, 7.4338307 ], [ 134.4758453, 7.4334002 ], [ 134.4759827, 7.4321499 ], [ 134.4764404, 7.4312029 ], [ 134.477218599999986, 7.4306307 ], [ 134.477233899999987, 7.4304667 ], [ 134.4775085, 7.4303222 ], [ 134.4776611, 7.4298554 ], [ 134.4780121, 7.429575 ], [ 134.478286700000012, 7.4295249 ], [ 134.4787293, 7.4295945 ], [ 134.479263300000014, 7.4292779 ], [ 134.4795685, 7.4291887 ], [ 134.479873700000013, 7.4292831 ], [ 134.4802551, 7.4291887 ], [ 134.4805756, 7.4293833 ], [ 134.480697600000013, 7.4290276 ], [ 134.480941800000011, 7.4288278 ], [ 134.481308, 7.4287362 ], [ 134.4815064, 7.4285998 ], [ 134.481796300000013, 7.4286418 ], [ 134.4822083, 7.4282556 ], [ 134.4824677, 7.4281416 ], [ 134.4829407, 7.4281693 ], [ 134.4832916, 7.4283748 ], [ 134.4833832, 7.428225 ], [ 134.483551, 7.4281306 ], [ 134.483581500000014, 7.4279804 ], [ 134.4841614, 7.4276915 ], [ 134.4845123, 7.4273696 ], [ 134.484802300000013, 7.4273834 ], [ 134.4847412, 7.4270387 ], [ 134.4848785, 7.4268417 ], [ 134.4853363, 7.4268918 ], [ 134.4853516, 7.4268084 ], [ 134.4852142, 7.4267249 ], [ 134.4852142, 7.4265723 ], [ 134.4853363, 7.4263749 ], [ 134.485534699999988, 7.4263973 ], [ 134.485641500000014, 7.4263058 ], [ 134.485611, 7.4258723 ], [ 134.4859467, 7.4253359 ], [ 134.4867401, 7.4248805 ], [ 134.4875336, 7.4248304 ], [ 134.4878388, 7.4245138 ], [ 134.4883118, 7.4245863 ], [ 134.4886932, 7.4245167 ], [ 134.488540699999987, 7.4244084 ], [ 134.4885559, 7.4242444 ], [ 134.4887238, 7.4240804 ], [ 134.4892731, 7.4238806 ], [ 134.4891663, 7.4235945 ], [ 134.4892883, 7.4230471 ], [ 134.489471400000014, 7.4228721 ], [ 134.4897308, 7.4229193 ], [ 134.4896545, 7.4224916 ], [ 134.4898834, 7.4223585 ], [ 134.489852899999988, 7.4221692 ], [ 134.4899445, 7.4220276 ], [ 134.49066160000001, 7.4217167 ], [ 134.491043100000013, 7.421339 ], [ 134.4913788, 7.4211474 ], [ 134.49176030000001, 7.4211555 ], [ 134.4919739, 7.4208584 ], [ 134.4924164, 7.4205723 ], [ 134.49258420000001, 7.4205332 ], [ 134.492858899999987, 7.4206109 ], [ 134.4929962, 7.4200444 ], [ 134.49319460000001, 7.4199529 ], [ 134.4932404, 7.4196887 ], [ 134.493515, 7.4194694 ], [ 134.4936523, 7.4190335 ], [ 134.4935913, 7.4186416 ], [ 134.4933777, 7.4182529 ], [ 134.4934082, 7.4180694 ], [ 134.4931335, 7.417861 ], [ 134.493042, 7.4176974 ], [ 134.4930115, 7.4172669 ], [ 134.493087800000012, 7.4171224 ], [ 134.493225099999989, 7.4171109 ], [ 134.4934845, 7.4168668 ], [ 134.4938507, 7.4169278 ], [ 134.493820199999988, 7.4167805 ], [ 134.493927, 7.4166112 ], [ 134.4937439, 7.4164581 ], [ 134.493515, 7.4163752 ], [ 134.4931793, 7.4162054 ], [ 134.492858899999987, 7.4158387 ], [ 134.4927673, 7.4155359 ], [ 134.492736799999989, 7.4150834 ], [ 134.4927979, 7.4145751 ], [ 134.4929047, 7.4142971 ], [ 134.4929962, 7.4141555 ], [ 134.4931335, 7.4140973 ], [ 134.4932709, 7.4139195 ], [ 134.493225099999989, 7.4137473 ], [ 134.4931183, 7.4137278 ], [ 134.492874199999989, 7.4136362 ], [ 134.4921875, 7.413528 ], [ 134.491882299999986, 7.413414 ], [ 134.4915924, 7.4132586 ], [ 134.491027800000012, 7.4132304 ], [ 134.4909973, 7.4131947 ], [ 134.4907837, 7.4132085 ], [ 134.490676900000011, 7.4131832 ], [ 134.4905243, 7.4130669 ], [ 134.490448, 7.4128556 ], [ 134.4904785, 7.4126778 ], [ 134.490463299999988, 7.4123445 ], [ 134.490325899999988, 7.4122195 ], [ 134.4901581, 7.4121943 ], [ 134.4897614, 7.4122276 ], [ 134.4895783, 7.4123364 ], [ 134.4893494, 7.4124026 ], [ 134.4890442, 7.4123364 ], [ 134.488647500000013, 7.4123111 ], [ 134.4883575, 7.4123859 ], [ 134.4880981, 7.4124804 ], [ 134.487793, 7.4125137 ], [ 134.487670900000012, 7.4126306 ], [ 134.487670900000012, 7.4128137 ], [ 134.4877167, 7.4130502 ], [ 134.487686200000013, 7.4132419 ], [ 134.4875031, 7.4133334 ], [ 134.4872437, 7.4133415 ], [ 134.486908, 7.4132834 ], [ 134.4866638, 7.4131999 ], [ 134.4864502, 7.4129834 ], [ 134.4862671, 7.4126058 ], [ 134.4862518, 7.4123306 ], [ 134.485611, 7.4118419 ], [ 134.4849701, 7.4118419 ], [ 134.4846039, 7.4123054 ], [ 134.4848633, 7.4126668 ], [ 134.4859772, 7.4136195 ], [ 134.4861755, 7.4139276 ], [ 134.4859772, 7.4143834 ], [ 134.4858551, 7.4149752 ], [ 134.485672, 7.4156027 ], [ 134.485611, 7.416039 ], [ 134.485733, 7.4163141 ], [ 134.486007699999988, 7.4164748 ], [ 134.486480699999987, 7.4167914 ], [ 134.486846899999989, 7.4171109 ], [ 134.4868774, 7.4175305 ], [ 134.486557, 7.4177389 ], [ 134.486129799999986, 7.4175887 ], [ 134.4857025, 7.4173112 ], [ 134.4849396, 7.4170613 ], [ 134.4847107, 7.4168749 ], [ 134.484664900000013, 7.4165916 ], [ 134.4846497, 7.4161224 ], [ 134.4846344, 7.4157109 ], [ 134.484314, 7.4157414 ], [ 134.4841461, 7.4157414 ], [ 134.483963, 7.4156637 ], [ 134.4838409, 7.4155693 ], [ 134.4837647, 7.4154363 ], [ 134.4836426, 7.4153609 ], [ 134.4833221, 7.4153223 ], [ 134.4830627, 7.41535 ], [ 134.4825745, 7.4155889 ], [ 134.482544, 7.4157391 ], [ 134.482528699999989, 7.4158444 ], [ 134.4825745, 7.4160056 ], [ 134.48284910000001, 7.4160528 ], [ 134.483215300000012, 7.4163389 ], [ 134.4833832, 7.4164891 ], [ 134.4835053, 7.4166026 ], [ 134.4836578, 7.4168973 ], [ 134.483703600000013, 7.4169583 ], [ 134.4838715, 7.4172387 ], [ 134.4840241, 7.4174113 ], [ 134.484176600000012, 7.4176555 ], [ 134.4842224, 7.4180474 ], [ 134.484191900000013, 7.4183974 ], [ 134.4841461, 7.4186721 ], [ 134.4840393, 7.4190249 ], [ 134.4838715, 7.4193168 ], [ 134.483551, 7.4194694 ], [ 134.4831543, 7.4194779 ], [ 134.4828796, 7.4194613 ], [ 134.4828339, 7.4195085 ], [ 134.482635499999986, 7.4197054 ], [ 134.4825897, 7.4199166 ], [ 134.482513399999988, 7.4203224 ], [ 134.482544, 7.4205418 ], [ 134.4825592, 7.4207974 ], [ 134.4823456, 7.4210248 ], [ 134.48202520000001, 7.4211693 ], [ 134.481658900000014, 7.4211779 ], [ 134.4811096, 7.4210444 ], [ 134.480835, 7.4208832 ], [ 134.480545, 7.4206195 ], [ 134.4801788, 7.4201999 ], [ 134.4799652, 7.4198194 ], [ 134.479766899999987, 7.4193835 ], [ 134.479507500000011, 7.4190249 ], [ 134.4792938, 7.4187584 ], [ 134.479278599999986, 7.4185581 ], [ 134.4794312, 7.4184556 ], [ 134.479644799999988, 7.4183779 ], [ 134.480011, 7.4183416 ], [ 134.4802094, 7.418303 ], [ 134.48045350000001, 7.4181027 ], [ 134.480606099999989, 7.4178944 ], [ 134.4806519, 7.4176474 ], [ 134.4806671, 7.4173918 ], [ 134.480590799999987, 7.4172669 ], [ 134.4803619, 7.4172669 ], [ 134.4801788, 7.4173999 ], [ 134.4800873, 7.4175806 ], [ 134.47995, 7.4177418 ], [ 134.479766899999987, 7.4178276 ], [ 134.4794006, 7.4178834 ], [ 134.4790802, 7.4179692 ], [ 134.478775, 7.4180751 ], [ 134.4785614, 7.4181695 ], [ 134.4785004, 7.418303 ], [ 134.4785156, 7.4184361 ], [ 134.478714, 7.4188471 ], [ 134.4788208, 7.4191303 ], [ 134.479034399999989, 7.4193888 ], [ 134.479141199999987, 7.4197502 ], [ 134.4794464, 7.420289 ], [ 134.4798279, 7.4207277 ], [ 134.480468800000011, 7.4215527 ], [ 134.4806824, 7.421886 ], [ 134.4803772, 7.4222474 ], [ 134.480239899999987, 7.4223499 ], [ 134.4800568, 7.4224305 ], [ 134.479873700000013, 7.4224391 ], [ 134.479599, 7.4223084 ], [ 134.4794464, 7.4221916 ], [ 134.479126, 7.421803 ], [ 134.4790039, 7.4217668 ], [ 134.4788361, 7.4217863 ], [ 134.478653, 7.4218526 ], [ 134.4785614, 7.4220891 ], [ 134.4786224, 7.4223638 ], [ 134.4788208, 7.4226193 ], [ 134.479141199999987, 7.4229612 ], [ 134.4792481, 7.4231529 ], [ 134.479263300000014, 7.4232779 ], [ 134.479187, 7.4236889 ], [ 134.4792023, 7.4238834 ], [ 134.47901920000001, 7.4239583 ], [ 134.4787598, 7.4240251 ], [ 134.4785156, 7.4240165 ], [ 134.4783478, 7.423986 ], [ 134.4781647, 7.4238834 ], [ 134.4779663, 7.4237304 ], [ 134.4777679, 7.4236169 ], [ 134.47756960000001, 7.4235697 ], [ 134.477462800000012, 7.4234557 ], [ 134.4773102, 7.4232082 ], [ 134.4771423, 7.4231334 ], [ 134.476944, 7.4230862 ], [ 134.4768219, 7.4230752 ], [ 134.4766846, 7.4231887 ], [ 134.4765167, 7.423389 ], [ 134.4763489, 7.4234362 ], [ 134.47613530000001, 7.4234276 ], [ 134.475906400000014, 7.4233418 ], [ 134.4754944, 7.4230804 ], [ 134.4752808, 7.4229918 ], [ 134.4751129, 7.4229808 ], [ 134.474884, 7.4230194 ], [ 134.4747315, 7.4231057 ], [ 134.47456360000001, 7.423161 ], [ 134.4742584, 7.4231415 ], [ 134.4740143, 7.4229999 ], [ 134.4736939, 7.4228916 ], [ 134.4732971, 7.4232249 ], [ 134.473617600000011, 7.4235611 ], [ 134.4738159, 7.4238696 ], [ 134.47407530000001, 7.4243584 ], [ 134.474334700000014, 7.424747 ], [ 134.4746704, 7.425364 ], [ 134.4746246, 7.4257498 ], [ 134.474334700000014, 7.426189 ], [ 134.4739227, 7.4263945 ], [ 134.4735107, 7.4262915 ], [ 134.4732971, 7.4262915 ], [ 134.472793599999989, 7.4264193 ], [ 134.4725952, 7.426486 ], [ 134.4724579, 7.4264555 ], [ 134.4723663, 7.4263697 ], [ 134.4722595, 7.4261417 ], [ 134.4721375, 7.4259305 ], [ 134.4719849, 7.4258528 ], [ 134.4715881, 7.4258332 ], [ 134.471359299999989, 7.4256501 ], [ 134.4711456, 7.4256029 ], [ 134.470977799999986, 7.425489 ], [ 134.470993, 7.4250751 ], [ 134.4709168, 7.4249611 ], [ 134.470733599999988, 7.424953 ], [ 134.4706726, 7.4251332 ], [ 134.470489500000014, 7.4252391 ], [ 134.4702301, 7.4252391 ], [ 134.4695587, 7.4251304 ], [ 134.469406099999986, 7.4251418 ], [ 134.4692383, 7.425303 ], [ 134.4692078, 7.4255056 ], [ 134.4693298, 7.4256306 ], [ 134.4694977, 7.4257526 ], [ 134.4695892, 7.4258695 ], [ 134.469574, 7.4260221 ], [ 134.4692535, 7.4262724 ], [ 134.4691162, 7.4264917 ], [ 134.468948399999988, 7.4266834 ], [ 134.4688873, 7.4268832 ], [ 134.4685059, 7.4276972 ], [ 134.4685059, 7.4280028 ], [ 134.468444799999986, 7.428175 ], [ 134.46832280000001, 7.4283471 ], [ 134.4683075, 7.4286251 ], [ 134.4682312, 7.4287887 ], [ 134.4682159, 7.428997 ], [ 134.4683075, 7.4292002 ], [ 134.468277, 7.4298749 ], [ 134.468093900000014, 7.4300971 ], [ 134.4680634, 7.4302168 ], [ 134.468078600000013, 7.4304891 ], [ 134.4680023, 7.4309001 ], [ 134.467804, 7.4316196 ], [ 134.4676514, 7.4320474 ], [ 134.4673309, 7.4328165 ], [ 134.4668579, 7.4333472 ], [ 134.4664459, 7.4337583 ], [ 134.4660797, 7.4340472 ], [ 134.4659882, 7.4343915 ], [ 134.4661865, 7.4355722 ], [ 134.4661865, 7.4359307 ], [ 134.4658508, 7.4361363 ], [ 134.465576199999987, 7.4360333 ], [ 134.4654999, 7.4357944 ], [ 134.4652863, 7.4358277 ], [ 134.4649353, 7.4362221 ], [ 134.4645538, 7.4368391 ], [ 134.4643402, 7.4373832 ], [ 134.464218100000011, 7.4376583 ], [ 134.464178, 7.437719 ], [ 134.464019799999988, 7.4379582 ], [ 134.464019799999988, 7.4382916 ], [ 134.464233400000012, 7.4383779 ], [ 134.4646301, 7.4383416 ], [ 134.4650421, 7.4381194 ], [ 134.465251, 7.4379217 ] ], [ [ 134.4764404, 7.4251695 ], [ 134.4767151, 7.4251723 ], [ 134.4768982, 7.4249888 ], [ 134.4770355, 7.4246998 ], [ 134.477005, 7.4244251 ], [ 134.476867700000014, 7.4241276 ], [ 134.4766846, 7.4239612 ], [ 134.476486200000011, 7.423914 ], [ 134.476181, 7.4239526 ], [ 134.475906400000014, 7.4239807 ], [ 134.475769, 7.4239388 ], [ 134.4756012, 7.4238777 ], [ 134.4754639, 7.4237919 ], [ 134.4753418, 7.4236918 ], [ 134.475174, 7.4235835 ], [ 134.47503660000001, 7.4235835 ], [ 134.4749146, 7.4234943 ], [ 134.474807700000014, 7.4234276 ], [ 134.4747315, 7.4233861 ], [ 134.4744873, 7.4234419 ], [ 134.4743958, 7.4235334 ], [ 134.4743805, 7.4236641 ], [ 134.4743958, 7.4237833 ], [ 134.474456800000013, 7.4239249 ], [ 134.4745483, 7.4240584 ], [ 134.4746399, 7.4242139 ], [ 134.4747772, 7.4243279 ], [ 134.475051900000011, 7.4243889 ], [ 134.4751129, 7.4245305 ], [ 134.475235, 7.4247584 ], [ 134.4753876, 7.4249196 ], [ 134.4756165, 7.4250555 ], [ 134.4758148, 7.4250832 ], [ 134.4760437, 7.4250221 ], [ 134.476181, 7.4249363 ], [ 134.4763184, 7.4250641 ], [ 134.4764404, 7.4251695 ] ], [ [ 134.4919281, 7.4165387 ], [ 134.4918518, 7.4166694 ], [ 134.4918671, 7.4169192 ], [ 134.4919739, 7.4170752 ], [ 134.4923554, 7.4172053 ], [ 134.492691, 7.4172473 ], [ 134.4929352, 7.4169169 ], [ 134.49272160000001, 7.4166307 ], [ 134.4922333, 7.4164863 ], [ 134.4919281, 7.4165387 ] ] ] } },
{ "type": "Feature", "properties": { "RCID": 7173, "PRIM": 3, "GRUP": 2, "OBJL": 121, "RVER": 1, "AGEN": 550, "FIDN": 213461445, "FIDS": 9, "LNAM": "02260CB929C50009", "LNAM_REFS": null, "FFPT_RIND": null, "COLOUR": null, "NATQUA": null, "NATSUR": [ "9" ], "WATLEV": 4.0, "OBJNAM": null, "NOBJNM": null, "INFORM": null, "NINFOM": null, "NTXTDS": null, "SCAMAX": null, "SCAMIN": 29999, "TXTDSC": null, "RECDAT": null, "RECIND": null, "SORDAT": "20150206", "SORIND": "US,US,reprt,L-246-2015", "_enc_cell": "US4TB3P0" }, "geometry": { "type": "Polygon", "coordinates": [ [ [ 134.5480042, 7.2739611 ], [ 134.5483246, 7.2739778 ], [ 134.5485535, 7.2742415 ], [ 134.548599200000012, 7.274436 ], [ 134.5486755, 7.2748942 ], [ 134.5484314, 7.2751751 ], [ 134.548141500000014, 7.2752419 ], [ 134.5480652, 7.2752585 ], [ 134.5478363, 7.2751665 ], [ 134.5475922, 7.2746806 ], [ 134.5476074, 7.2742863 ], [ 134.5477448, 7.2741389 ], [ 134.5480042, 7.2739611 ] ] ] } },
{ "type": "Feature", "properties": { "RCID": 7213, "PRIM": 3, "GRUP": 2, "OBJL": 121, "RVER": 1, "AGEN": 550, "FIDN": 262398366, "FIDS": 9, "LNAM": "02260FA3E19E0009", "LNAM_REFS": null, "FFPT_RIND": null, "COLOUR": null, "NATQUA": null, "NATSUR": [ "9" ], "WATLEV": 4.0, "OBJNAM": null, "NOBJNM": null, "INFORM": null, "NINFOM": null, "NTXTDS": null, "SCAMAX": null, "SCAMIN": 29999, "TXTDSC": null, "RECDAT": null, "RECIND": null, "SORDAT": "20150206", "SORIND": "US,US,reprt,L-246-2015", "_enc_cell": "US4TB3P0" }, "geometry": { "type": "Polygon", "coordinates": [ [ [ 134.486480699999987, 7.3884444 ], [ 134.48634340000001, 7.3878279 ], [ 134.486557, 7.387372 ], [ 134.486709600000012, 7.3873944 ], [ 134.486984299999989, 7.3874388 ], [ 134.48703, 7.3875251 ], [ 134.487197900000012, 7.3878055 ], [ 134.4872437, 7.3878861 ], [ 134.487548800000013, 7.3883419 ], [ 134.4877625, 7.3885779 ], [ 134.487945599999989, 7.3886833 ], [ 134.4880829, 7.3887696 ], [ 134.488205, 7.3888359 ], [ 134.4884644, 7.3890166 ], [ 134.488525399999986, 7.3890805 ], [ 134.488647500000013, 7.3892055 ], [ 134.488739, 7.3894806 ], [ 134.488754300000011, 7.3897362 ], [ 134.488769499999989, 7.3897805 ], [ 134.4888458, 7.3900919 ], [ 134.488998400000014, 7.3902583 ], [ 134.48922730000001, 7.3905058 ], [ 134.4893341, 7.3906474 ], [ 134.4895477, 7.3907805 ], [ 134.489563, 7.3907862 ], [ 134.4897614, 7.390903 ], [ 134.4898071, 7.3910279 ], [ 134.48983770000001, 7.3910832 ], [ 134.489852899999988, 7.3913889 ], [ 134.4898224, 7.3915887 ], [ 134.4898071, 7.3918333 ], [ 134.48983770000001, 7.392014 ], [ 134.4899292, 7.3920808 ], [ 134.4901581, 7.3921943 ], [ 134.4902954, 7.3924751 ], [ 134.4900513, 7.3926415 ], [ 134.4897614, 7.3926806 ], [ 134.48909, 7.392375 ], [ 134.488418599999989, 7.3918915 ], [ 134.488037100000014, 7.3913307 ], [ 134.487670900000012, 7.3909693 ], [ 134.4872131, 7.390686 ], [ 134.4870453, 7.3905444 ], [ 134.4870148, 7.3902779 ], [ 134.4869232, 7.3897834 ], [ 134.4866791, 7.3893471 ], [ 134.4866791, 7.3891583 ], [ 134.486709600000012, 7.3888669 ], [ 134.486480699999987, 7.3884444 ] ] ] } },
{ "type": "Feature", "properties": { "RCID": 7215, "PRIM": 3, "GRUP": 2, "OBJL": 121, "RVER": 1, "AGEN": 550, "FIDN": 720453489, "FIDS": 9, "LNAM": "02262AF13F710009", "LNAM_REFS": null, "FFPT_RIND": null, "COLOUR": null, "NATQUA": null, "NATSUR": [ "9" ], "WATLEV": 4.0, "OBJNAM": null, "NOBJNM": null, "INFORM": null, "NINFOM": null, "NTXTDS": null, "SCAMAX": null, "SCAMIN": 29999, "TXTDSC": null, "RECDAT": null, "RECIND": null, "SORDAT": "20150206", "SORIND": "US,US,reprt,L-246-2015", "_enc_cell": "US4TB3P0" }, "geometry": { "type": "Polygon", "coordinates": [ [ [ 134.4976044, 7.3284779 ], [ 134.4975433, 7.3282304 ], [ 134.497283900000014, 7.3278971 ], [ 134.496933, 7.3277082 ], [ 134.4967804, 7.3275194 ], [ 134.4969025, 7.3273029 ], [ 134.4973297, 7.3273196 ], [ 134.4980469, 7.3273387 ], [ 134.49823, 7.3272224 ], [ 134.4985046, 7.3272333 ], [ 134.498489400000011, 7.3272667 ], [ 134.4984283, 7.3272724 ], [ 134.4983521, 7.3273058 ], [ 134.4983215, 7.3274169 ], [ 134.4983063, 7.3275471 ], [ 134.498260499999986, 7.3277054 ], [ 134.4981232, 7.3278279 ], [ 134.497909600000014, 7.3281279 ], [ 134.4977112, 7.3283081 ], [ 134.4976044, 7.3284779 ] ], [ [ 134.4973602, 7.3275666 ], [ 134.4973297, 7.3276501 ], [ 134.497345, 7.327703 ], [ 134.497421300000013, 7.327714 ], [ 134.49751280000001, 7.3277001 ], [ 134.4976044, 7.327661 ], [ 134.497680699999989, 7.3275971 ], [ 134.497680699999989, 7.3275166 ], [ 134.4976044, 7.3274694 ], [ 134.4973602, 7.3275666 ] ] ] } },
{ "type": "Feature", "properties": { "RCID": 7216, "PRIM": 3, "GRUP": 2, "OBJL": 121, "RVER": 1, "AGEN": 550, "FIDN": 696999140, "FIDS": 9, "LNAM": "0226298B5CE40009", "LNAM_REFS": null, "FFPT_RIND": null, "COLOUR": null, "NATQUA": null, "NATSUR": [ "9" ], "WATLEV": 4.0, "OBJNAM": null, "NOBJNM": null, "INFORM": null, "NINFOM": null, "NTXTDS": null, "SCAMAX": null, "SCAMIN": 29999, "TXTDSC": null, "RECDAT": null, "RECIND": null, "SORDAT": "20150206", "SORIND": "US,US,reprt,L-246-2015", "_enc_cell": "US4TB3P0" }, "geometry": { "type": "Polygon", "coordinates": [ [ [ 134.5011706, 7.2876115 ], [ 134.5011749, 7.2876082 ], [ 134.501739500000014, 7.2869806 ], [ 134.502182, 7.2867308 ], [ 134.5024262, 7.2867026 ], [ 134.5028534, 7.2868776 ], [ 134.5030212, 7.2870193 ], [ 134.5030611, 7.2870768 ], [ 134.503204399999987, 7.2872834 ], [ 134.5033264, 7.2874584 ], [ 134.5035248, 7.2879529 ], [ 134.5038757, 7.2881694 ], [ 134.5042114, 7.2883196 ], [ 134.5044403, 7.2884307 ], [ 134.5046692, 7.2885613 ], [ 134.504776, 7.2888527 ], [ 134.504730200000012, 7.2895446 ], [ 134.504638699999987, 7.2897501 ], [ 134.5044556, 7.2900777 ], [ 134.5044403, 7.290628 ], [ 134.5044708, 7.2911224 ], [ 134.5042877, 7.2915053 ], [ 134.5040741, 7.2916555 ], [ 134.503570599999989, 7.2919083 ], [ 134.503067, 7.2919641 ], [ 134.5027618, 7.2919002 ], [ 134.5021973, 7.2915525 ], [ 134.5018311, 7.291225 ], [ 134.5015411, 7.2906556 ], [ 134.5014496, 7.2904582 ], [ 134.5013275, 7.2902446 ], [ 134.500900300000012, 7.2900472 ], [ 134.5006104, 7.2898336 ], [ 134.5002594, 7.2891693 ], [ 134.500198399999988, 7.2888141 ], [ 134.500412, 7.288197 ], [ 134.500549299999989, 7.2879725 ], [ 134.5007324, 7.2879472 ], [ 134.5011706, 7.2876115 ] ] ] } },
{ "type": "Feature", "properties": { "RCID": 7219, "PRIM": 3, "GRUP": 2, "OBJL": 121, "RVER": 1, "AGEN": 550, "FIDN": 641206499, "FIDS": 9, "LNAM": "0226263808E30009", "LNAM_REFS": null, "FFPT_RIND": null, "COLOUR": null, "NATQUA": null, "NATSUR": [ "9" ], "WATLEV": 4.0, "OBJNAM": null, "NOBJNM": null, "INFORM": null, "NINFOM": null, "NTXTDS": null, "SCAMAX": null, "SCAMIN": 29999, "TXTDSC": null, "RECDAT": null, "RECIND": null, "SORDAT": "20150206", "SORIND": "US,US,reprt,L-246-2015", "_enc_cell": "US4TB3P0" }, "geometry": { "type": "Polygon", "coordinates": [ [ [ 134.5158539, 7.2970862 ], [ 134.5155945, 7.2969751 ], [ 134.515457199999986, 7.296639 ], [ 134.515457199999986, 7.2961416 ], [ 134.5155945, 7.2957139 ], [ 134.5159454, 7.2956276 ], [ 134.51651, 7.2957416 ], [ 134.5166779, 7.2957945 ], [ 134.5169373, 7.2958803 ], [ 134.5170898, 7.2961249 ], [ 134.5171051, 7.2963195 ], [ 134.5169678, 7.2966943 ], [ 134.5167542, 7.2969084 ], [ 134.5165863, 7.2970305 ], [ 134.5164948, 7.297061 ], [ 134.516296399999987, 7.2971249 ], [ 134.5158539, 7.2970862 ] ] ] } },
{ "type": "Feature", "properties": { "RCID": 7221, "PRIM": 3, "GRUP": 2, "OBJL": 121, "RVER": 1, "AGEN": 550, "FIDN": 663664552, "FIDS": 9, "LNAM": "0226278EB7A80009", "LNAM_REFS": null, "FFPT_RIND": null, "COLOUR": null, "NATQUA": null, "NATSUR": [ "9" ], "WATLEV": 4.0, "OBJNAM": null, "NOBJNM": null, "INFORM": null, "NINFOM": null, "NTXTDS": null, "SCAMAX": null, "SCAMIN": 29999, "TXTDSC": null, "RECDAT": null, "RECIND": null, "SORDAT": "20150206", "SORIND": "US,US,reprt,L-246-2015", "_enc_cell": "US4TB3P0" }, "geometry": { "type": "Polygon", "coordinates": [ [ [ 134.535888699999987, 7.2791443 ], [ 134.536087, 7.2790361 ], [ 134.5362854, 7.2789888 ], [ 134.5366821, 7.279139 ], [ 134.5368042, 7.2792416 ], [ 134.5368958, 7.2795305 ], [ 134.53685, 7.2797833 ], [ 134.536727899999988, 7.2799807 ], [ 134.5365448, 7.2801113 ], [ 134.5362701, 7.2801585 ], [ 134.535980200000012, 7.2800446 ], [ 134.5359039, 7.2799306 ], [ 134.5356598, 7.2795582 ], [ 134.535751299999987, 7.2793918 ], [ 134.535888699999987, 7.2791443 ] ] ] } },
{ "type": "Feature", "properties": { "RCID": 7222, "PRIM": 3, "GRUP": 2, "OBJL": 121, "RVER": 1, "AGEN": 550, "FIDN": 352246473, "FIDS": 9, "LNAM": "022614FEDAC90009", "LNAM_REFS": null, "FFPT_RIND": null, "COLOUR": null, "NATQUA": null, "NATSUR": [ "9" ], "WATLEV": 4.0, "OBJNAM": null, "NOBJNM": null, "INFORM": null, "NINFOM": null, "NTXTDS": null, "SCAMAX": null, "SCAMIN": 29999, "TXTDSC": null, "RECDAT": null, "RECIND": null, "SORDAT": "20150206", "SORIND": "US,US,reprt,L-246-2015", "_enc_cell": "US4TB3P0" }, "geometry": { "type": "Polygon", "coordinates": [ [ [ 134.6053925, 7.3741889 ], [ 134.6055756, 7.3740668 ], [ 134.6057587, 7.373589 ], [ 134.6059876, 7.3731446 ], [ 134.606094399999989, 7.3729057 ], [ 134.6060181, 7.3724165 ], [ 134.605804400000011, 7.371975 ], [ 134.6056213, 7.3717332 ], [ 134.605468800000011, 7.3716526 ], [ 134.605331400000011, 7.3716526 ], [ 134.6050415, 7.3718443 ], [ 134.6049042, 7.3721666 ], [ 134.6049652, 7.3724055 ], [ 134.6051788, 7.3727169 ], [ 134.6051788, 7.3727889 ], [ 134.6051636, 7.373014 ], [ 134.605011, 7.3732166 ], [ 134.604858400000012, 7.3736224 ], [ 134.604858400000012, 7.3738694 ], [ 134.604858400000012, 7.374053 ], [ 134.60495, 7.3742695 ], [ 134.6052551, 7.3742805 ], [ 134.6053925, 7.3741889 ] ] ] } },
{ "type": "Feature", "properties": { "RCID": 7262, "PRIM": 3, "GRUP": 2, "OBJL": 121, "RVER": 1, "AGEN": 550, "FIDN": 333675502, "FIDS": 9, "LNAM": "022613E37BEE0009", "LNAM_REFS": null, "FFPT_RIND": null, "COLOUR": null, "NATQUA": null, "NATSUR": [ "9" ], "WATLEV": 4.0, "OBJNAM": null, "NOBJNM": null, "INFORM": null, "NINFOM": null, "NTXTDS": null, "SCAMAX": null, "SCAMIN": 29999, "TXTDSC": null, "RECDAT": null, "RECIND": null, "SORDAT": "20150206", "SORIND": "US,US,reprt,L-246-2015", "_enc_cell": "US4TB3P0" }, "geometry": { "type": "Polygon", "coordinates": [ [ [ 134.490387, 7.3320556 ], [ 134.4903717, 7.3320723 ], [ 134.4903717, 7.3321304 ], [ 134.4904785, 7.3321252 ], [ 134.490554800000012, 7.3321972 ], [ 134.4906006, 7.332397 ], [ 134.4906464, 7.3324556 ], [ 134.4907684, 7.3324609 ], [ 134.4908447, 7.3327084 ], [ 134.4910126, 7.3327584 ], [ 134.4911194, 7.3325 ], [ 134.491149900000011, 7.3323307 ], [ 134.4912567, 7.3324304 ], [ 134.4913178, 7.3327475 ], [ 134.491165200000012, 7.3330169 ], [ 134.491043100000013, 7.3330526 ], [ 134.490814199999988, 7.3331084 ], [ 134.4906006, 7.3330612 ], [ 134.4902954, 7.3328195 ], [ 134.4901581, 7.3323054 ], [ 134.4902344, 7.3320804 ], [ 134.490387, 7.3320556 ] ] ] } },
{ "type": "Feature", "properties": { "RCID": 7265, "PRIM": 3, "GRUP": 2, "OBJL": 121, "RVER": 1, "AGEN": 550, "FIDN": 753149923, "FIDS": 9, "LNAM": "02262CE427E30009", "LNAM_REFS": null, "FFPT_RIND": null, "COLOUR": null, "NATQUA": null, "NATSUR": [ "9" ], "WATLEV": 4.0, "OBJNAM": null, "NOBJNM": null, "INFORM": null, "NINFOM": null, "NTXTDS": null, "SCAMAX": null, "SCAMIN": 29999, "TXTDSC": null, "RECDAT": null, "RECIND": null, "SORDAT": "20150206", "SORIND": "US,US,reprt,L-246-2015", "_enc_cell": "US4TB3P0" }, "geometry": { "type": "Polygon", "coordinates": [ [ [ 134.4895783, 7.3722415 ], [ 134.48983770000001, 7.3720388 ], [ 134.489959700000014, 7.3719335 ], [ 134.4903107, 7.3720803 ], [ 134.490554800000012, 7.3720474 ], [ 134.4907532, 7.3718305 ], [ 134.4908752, 7.3714776 ], [ 134.491058399999986, 7.3712916 ], [ 134.491149900000011, 7.3712916 ], [ 134.491287199999988, 7.3713861 ], [ 134.4916534, 7.3714776 ], [ 134.4921875, 7.3713141 ], [ 134.4930115, 7.3708887 ], [ 134.4931641, 7.3707724 ], [ 134.4933929, 7.3705888 ], [ 134.493698099999989, 7.3704529 ], [ 134.4941101, 7.3704109 ], [ 134.494308499999988, 7.3704166 ], [ 134.4945984, 7.3704224 ], [ 134.4949493, 7.3702474 ], [ 134.495285, 7.3699555 ], [ 134.4958038, 7.369875 ], [ 134.4961853, 7.3697391 ], [ 134.4962463, 7.3694582 ], [ 134.496231099999989, 7.3694081 ], [ 134.4961853, 7.3692222 ], [ 134.4960327, 7.3690138 ], [ 134.4958191, 7.3690748 ], [ 134.4955292, 7.3691502 ], [ 134.4948578, 7.3690252 ], [ 134.4945679, 7.3690558 ], [ 134.4941406, 7.3690863 ], [ 134.493927, 7.3691583 ], [ 134.4938507, 7.3689613 ], [ 134.49368290000001, 7.3688889 ], [ 134.4935303, 7.3688278 ], [ 134.4932709, 7.3688808 ], [ 134.4931335, 7.3690195 ], [ 134.4930573, 7.3691082 ], [ 134.4925232, 7.3693557 ], [ 134.492370599999987, 7.3694582 ], [ 134.491775499999989, 7.369875 ], [ 134.4916992, 7.3699417 ], [ 134.491409299999987, 7.370225 ], [ 134.4912109, 7.3703613 ], [ 134.4911041, 7.3702664 ], [ 134.490799, 7.3700805 ], [ 134.490713699999986, 7.3700704 ], [ 134.490448, 7.370039 ], [ 134.4899902, 7.3703303 ], [ 134.4893341, 7.3708444 ], [ 134.4893256, 7.3708587 ], [ 134.4891968, 7.3710752 ], [ 134.48909, 7.3713861 ], [ 134.4890747, 7.371778 ], [ 134.489105200000012, 7.3718748 ], [ 134.489151, 7.3720999 ], [ 134.4892731, 7.3722138 ], [ 134.4895783, 7.3722415 ] ] ] } },
{ "type": "Feature", "properties": { "RCID": 7266, "PRIM": 3, "GRUP": 2, "OBJL": 121, "RVER": 1, "AGEN": 550, "FIDN": 584236040, "FIDS": 9, "LNAM": "022622D2BC080009", "LNAM_REFS": null, "FFPT_RIND": null, "COLOUR": null, "NATQUA": null, "NATSUR": [ "9" ], "WATLEV": 4.0, "OBJNAM": null, "NOBJNM": null, "INFORM": null, "NINFOM": null, "NTXTDS": null, "SCAMAX": null, "SCAMIN": 29999, "TXTDSC": null, "RECDAT": null, "RECIND": null, "SORDAT": "20150206", "SORIND": "US,US,reprt,L-246-2015", "_enc_cell": "US4TB3P0" }, "geometry": { "type": "Polygon", "coordinates": [ [ [ 134.4978027, 7.3251472 ], [ 134.4978638, 7.3251529 ], [ 134.497909600000014, 7.3250861 ], [ 134.4979248, 7.3250084 ], [ 134.4979248, 7.3247194 ], [ 134.4979706, 7.3246584 ], [ 134.4981995, 7.3246331 ], [ 134.4983978, 7.3246861 ], [ 134.49847410000001, 7.3246803 ], [ 134.4985809, 7.3247223 ], [ 134.498733499999986, 7.3249416 ], [ 134.498840300000012, 7.3249555 ], [ 134.498870899999986, 7.3248887 ], [ 134.4989319, 7.3248529 ], [ 134.4989929, 7.3248472 ], [ 134.4990692, 7.3249054 ], [ 134.499115, 7.3249779 ], [ 134.4991608, 7.3251443 ], [ 134.4991303, 7.3255 ], [ 134.4990082, 7.3257141 ], [ 134.498977700000012, 7.3256974 ], [ 134.4989319, 7.3254085 ], [ 134.4989929, 7.3253665 ], [ 134.4990082, 7.325314 ], [ 134.4990082, 7.3252554 ], [ 134.498962400000011, 7.3252249 ], [ 134.4989166, 7.3252416 ], [ 134.498870899999986, 7.3252916 ], [ 134.4987946, 7.3252692 ], [ 134.498626699999988, 7.3251305 ], [ 134.4985809, 7.3250613 ], [ 134.498489400000011, 7.3251 ], [ 134.498367300000012, 7.3252111 ], [ 134.4983215, 7.3251972 ], [ 134.498275799999988, 7.3252277 ], [ 134.498245200000014, 7.3253164 ], [ 134.498260499999986, 7.3253918 ], [ 134.4981232, 7.3253918 ], [ 134.497818, 7.3252554 ], [ 134.4978027, 7.3251472 ] ] ] } },
{ "type": "Feature", "properties": { "RCID": 7270, "PRIM": 3, "GRUP": 2, "OBJL": 121, "RVER": 1, "AGEN": 550, "FIDN": 192690946, "FIDS": 9, "LNAM": "02260B7C3B020009", "LNAM_REFS": null, "FFPT_RIND": null, "COLOUR": null, "NATQUA": null, "NATSUR": [ "9" ], "WATLEV": 4.0, "OBJNAM": null, "NOBJNM": null, "INFORM": null, "NINFOM": null, "NTXTDS": null, "SCAMAX": null, "SCAMIN": 29999, "TXTDSC": null, "RECDAT": null, "RECIND": null, "SORDAT": "20150206", "SORIND": "US,US,reprt,L-246-2015", "_enc_cell": "US4TB3P0" }, "geometry": { "type": "Polygon", "coordinates": [ [ [ 134.5258179, 7.3365278 ], [ 134.525756800000011, 7.3362584 ], [ 134.5258789, 7.3360972 ], [ 134.5261078, 7.3360195 ], [ 134.5263086, 7.336059 ], [ 134.526474, 7.3360915 ], [ 134.5265503, 7.3361692 ], [ 134.5266724, 7.33635 ], [ 134.526718100000011, 7.3364668 ], [ 134.5266724, 7.3365083 ], [ 134.526626599999986, 7.3367 ], [ 134.526504499999987, 7.3367777 ], [ 134.526245100000011, 7.3368807 ], [ 134.5261189, 7.3368889 ], [ 134.525909399999989, 7.3369026 ], [ 134.5258484, 7.3367305 ], [ 134.5258179, 7.3365278 ] ] ] } },
{ "type": "Feature", "properties": { "RCID": 7271, "PRIM": 3, "GRUP": 2, "OBJL": 121, "RVER": 1, "AGEN": 550, "FIDN": 408936895, "FIDS": 9, "LNAM": "0226185FE1BF0009", "LNAM_REFS": null, "FFPT_RIND": null, "COLOUR": null, "NATQUA": null, "NATSUR": [ "9" ], "WATLEV": 4.0, "OBJNAM": null, "NOBJNM": null, "INFORM": null, "NINFOM": null, "NTXTDS": null, "SCAMAX": null, "SCAMIN": 29999, "TXTDSC": null, "RECDAT": null, "RECIND": null, "SORDAT": "20150206", "SORIND": "US,US,reprt,L-246-2015", "_enc_cell": "US4TB3P0" }, "geometry": { "type": "Polygon", "coordinates": [ [ [ 134.536483800000013, 7.2776804 ], [ 134.536239599999988, 7.2778306 ], [ 134.5361786, 7.2781391 ], [ 134.536346400000014, 7.2784944 ], [ 134.536743199999989, 7.2786331 ], [ 134.536972100000014, 7.2786331 ], [ 134.537216199999989, 7.2783999 ], [ 134.5372315, 7.2780442 ], [ 134.5370941, 7.2777166 ], [ 134.5367584, 7.2777 ], [ 134.536483800000013, 7.2776804 ] ] ] } },
{ "type": "Feature", "properties": { "RCID": 7272, "PRIM": 3, "GRUP": 2, "OBJL": 121, "RVER": 1, "AGEN": 550, "FIDN": 858586274, "FIDS": 9, "LNAM": "0226332CFCA20009", "LNAM_REFS": null, "FFPT_RIND": null, "COLOUR": null, "NATQUA": null, "NATSUR": [ "9" ], "WATLEV": 4.0, "OBJNAM": null, "NOBJNM": null, "INFORM": null, "NINFOM": null, "NTXTDS": null, "SCAMAX": null, "SCAMIN": 29999, "TXTDSC": null, "RECDAT": null, "RECIND": null, "SORDAT": "20150206", "SORIND": "US,US,reprt,L-246-2015", "_enc_cell": "US4TB3P0" }, "geometry": { "type": "Polygon", "coordinates": [ [ [ 134.5392151, 7.2836695 ], [ 134.539245599999987, 7.2834387 ], [ 134.53945920000001, 7.2834387 ], [ 134.5396576, 7.2833557 ], [ 134.5397949, 7.2833166 ], [ 134.539917, 7.2835221 ], [ 134.539978, 7.2836447 ], [ 134.5399933, 7.2837391 ], [ 134.5399017, 7.2840223 ], [ 134.5398865, 7.2840943 ], [ 134.5397644, 7.2841306 ], [ 134.5395203, 7.284111 ], [ 134.5393372, 7.2839165 ], [ 134.5392151, 7.2836695 ] ] ] } },
{ "type": "Feature", "properties": { "RCID": 7274, "PRIM": 3, "GRUP": 2, "OBJL": 121, "RVER": 1, "AGEN": 550, "FIDN": 70900207, "FIDS": 9, "LNAM": "02260439D9EF0009", "LNAM_REFS": null, "FFPT_RIND": null, "COLOUR": null, "NATQUA": null, "NATSUR": [ "9" ], "WATLEV": 4.0, "OBJNAM": null, "NOBJNM": null, "INFORM": null, "NINFOM": null, "NTXTDS": null, "SCAMAX": null, "SCAMIN": 29999, "TXTDSC": null, "RECDAT": null, "RECIND": null, "SORDAT": "20150206", "SORIND": "US,US,reprt,L-246-2015", "_enc_cell": "US4TB3P0" }, "geometry": { "type": "Polygon", "coordinates": [ [ [ 134.5487824, 7.2790418 ], [ 134.548523, 7.2789998 ], [ 134.5484314, 7.2786803 ], [ 134.5484772, 7.2783251 ], [ 134.5488129, 7.2781 ], [ 134.548980699999987, 7.2781916 ], [ 134.549118, 7.2782612 ], [ 134.5493164, 7.2785583 ], [ 134.5491638, 7.2788777 ], [ 134.5489197, 7.2790446 ], [ 134.5487824, 7.2790418 ] ] ] } },
{ "type": "Feature", "properties": { "RCID": 7275, "PRIM": 3, "GRUP": 2, "OBJL": 121, "RVER": 1, "AGEN": 550, "FIDN": 11480550, "FIDS": 9, "LNAM": "022600AF2DE60009", "LNAM_REFS": null, "FFPT_RIND": null, "COLOUR": null, "NATQUA": null, "NATSUR": [ "9" ], "WATLEV": 4.0, "OBJNAM": null, "NOBJNM": null, "INFORM": null, "NINFOM": null, "NTXTDS": null, "SCAMAX": null, "SCAMIN": 29999, "TXTDSC": null, "RECDAT": null, "RECIND": null, "SORDAT": "20150206", "SORIND": "US,US,reprt,L-246-2015", "_enc_cell": "US4TB3P0" }, "geometry": { "type": "Polygon", "coordinates": [ [ [ 134.5948486, 7.379189 ], [ 134.5945587, 7.3794165 ], [ 134.594512900000012, 7.3796306 ], [ 134.594635, 7.3798833 ], [ 134.5948334, 7.3801584 ], [ 134.595016500000014, 7.3802638 ], [ 134.5952759, 7.3803248 ], [ 134.5957642, 7.3802166 ], [ 134.595855699999987, 7.380075 ], [ 134.595855699999987, 7.3799305 ], [ 134.5958099, 7.3796668 ], [ 134.5956726, 7.3793445 ], [ 134.5954437, 7.3792138 ], [ 134.595123300000012, 7.3791304 ], [ 134.5948486, 7.379189 ] ] ] } },
{ "type": "Feature", "properties": { "RCID": 7314, "PRIM": 3, "GRUP": 2, "OBJL": 121, "RVER": 1, "AGEN": 550, "FIDN": 24443399, "FIDS": 9, "LNAM": "02260174FA070009", "LNAM_REFS": null, "FFPT_RIND": null, "COLOUR": null, "NATQUA": null, "NATSUR": [ "9" ], "WATLEV": 4.0, "OBJNAM": null, "NOBJNM": null, "INFORM": null, "NINFOM": null, "NTXTDS": null, "SCAMAX": null, "SCAMIN": 29999, "TXTDSC": null, "RECDAT": null, "RECIND": null, "SORDAT": "20150206", "SORIND": "US,US,reprt,L-246-2015", "_enc_cell": "US4TB3P0" }, "geometry": { "type": "Polygon", "coordinates": [ [ [ 134.489608800000013, 7.3948999 ], [ 134.4898224, 7.3950501 ], [ 134.4901428, 7.3951387 ], [ 134.490432700000014, 7.3950887 ], [ 134.4906158, 7.3949084 ], [ 134.49086, 7.3946891 ], [ 134.491058399999986, 7.3944168 ], [ 134.491394, 7.3937554 ], [ 134.4915466, 7.3934751 ], [ 134.4916992, 7.3930249 ], [ 134.4916534, 7.3928418 ], [ 134.4915466, 7.392714 ], [ 134.491409299999987, 7.3926415 ], [ 134.4912109, 7.392622 ], [ 134.4909668, 7.3926415 ], [ 134.4908295, 7.3928137 ], [ 134.4908295, 7.3930445 ], [ 134.49086, 7.3932943 ], [ 134.4908447, 7.3935666 ], [ 134.4907227, 7.3936944 ], [ 134.490463299999988, 7.3939667 ], [ 134.4902344, 7.3941279 ], [ 134.4899139, 7.3940277 ], [ 134.4896698, 7.3938665 ], [ 134.489502, 7.3940778 ], [ 134.489471400000014, 7.3943777 ], [ 134.489502, 7.3947277 ], [ 134.489608800000013, 7.3948999 ] ] ] } },
{ "type": "Feature", "properties": { "RCID": 7316, "PRIM": 3, "GRUP": 2, "OBJL": 121, "RVER": 1, "AGEN": 550, "FIDN": 12862375, "FIDS": 9, "LNAM": "022600C443A70009", "LNAM_REFS": null, "FFPT_RIND": null, "COLOUR": null, "NATQUA": null, "NATSUR": [ "9" ], "WATLEV": 4.0, "OBJNAM": null, "NOBJNM": null, "INFORM": null, "NINFOM": null, "NTXTDS": null, "SCAMAX": null, "SCAMIN": 29999, "TXTDSC": null, "RECDAT": null, "RECIND": null, "SORDAT": "20150206", "SORIND": "US,US,reprt,L-246-2015", "_enc_cell": "US4TB3P0" }, "geometry": { "type": "Polygon", "coordinates": [ [ [ 134.5103455, 7.3435416 ], [ 134.5102539, 7.3437362 ], [ 134.510131800000011, 7.3438582 ], [ 134.5101776, 7.3440361 ], [ 134.510162400000013, 7.3441443 ], [ 134.5102997, 7.3442917 ], [ 134.5104828, 7.3444057 ], [ 134.510788, 7.344389 ], [ 134.5109253, 7.3441248 ], [ 134.511001599999986, 7.3439808 ], [ 134.5109711, 7.3437362 ], [ 134.5108032, 7.3436027 ], [ 134.5107727, 7.3434887 ], [ 134.5103455, 7.3435416 ] ] ] } },
{ "type": "Feature", "properties": { "RCID": 7317, "PRIM": 3, "GRUP": 2, "OBJL": 121, "RVER": 1, "AGEN": 550, "FIDN": 112403239, "FIDS": 9, "LNAM": "022606B323270009", "LNAM_REFS": null, "FFPT_RIND": null, "COLOUR": null, "NATQUA": null, "NATSUR": [ "9" ], "WATLEV": 4.0, "OBJNAM": null, "NOBJNM": null, "INFORM": null, "NINFOM": null, "NTXTDS": null, "SCAMAX": null, "SCAMIN": 29999, "TXTDSC": null, "RECDAT": null, "RECIND": null, "SORDAT": "20150206", "SORIND": "US,US,reprt,L-246-2015", "_enc_cell": "US4TB3P0" }, "geometry": { "type": "Polygon", "coordinates": [ [ [ 134.5134277, 7.3442831 ], [ 134.5133667, 7.3443861 ], [ 134.513290399999988, 7.3444085 ], [ 134.51313780000001, 7.3445168 ], [ 134.5129852, 7.344625 ], [ 134.5130615, 7.344789 ], [ 134.513031, 7.344914 ], [ 134.513092, 7.3450418 ], [ 134.5132141, 7.345078 ], [ 134.5132141, 7.3451862 ], [ 134.5133514, 7.3452582 ], [ 134.5136566, 7.3451695 ], [ 134.513855, 7.3451028 ], [ 134.5139618, 7.3449693 ], [ 134.5139771, 7.3447943 ], [ 134.513992300000012, 7.3446446 ], [ 134.5139771, 7.3444443 ], [ 134.513855, 7.3443193 ], [ 134.5137024, 7.3442278 ], [ 134.5135498, 7.3442221 ], [ 134.5134277, 7.3442831 ] ] ] } },
{ "type": "Feature", "properties": { "RCID": 7323, "PRIM": 3, "GRUP": 2, "OBJL": 121, "RVER": 1, "AGEN": 550, "FIDN": 75334299, "FIDS": 9, "LNAM": "0226047D829B0009", "LNAM_REFS": null, "FFPT_RIND": null, "COLOUR": null, "NATQUA": null, "NATSUR": [ "9" ], "WATLEV": 4.0, "OBJNAM": null, "NOBJNM": null, "INFORM": null, "NINFOM": null, "NTXTDS": null, "SCAMAX": null, "SCAMIN": 29999, "TXTDSC": null, "RECDAT": null, "RECIND": null, "SORDAT": "20150206", "SORIND": "US,US,reprt,L-246-2015", "_enc_cell": "US4TB3P0" }, "geometry": { "type": "Polygon", "coordinates": [ [ [ 134.5364075, 7.2839637 ], [ 134.536468500000012, 7.2839332 ], [ 134.5367737, 7.2840748 ], [ 134.5368805, 7.2841778 ], [ 134.536941500000012, 7.2842336 ], [ 134.5368652, 7.2843833 ], [ 134.5367737, 7.2845974 ], [ 134.5364533, 7.2846723 ], [ 134.536254899999989, 7.2845335 ], [ 134.5362091, 7.2842526 ], [ 134.5363312, 7.2839999 ], [ 134.5364075, 7.2839637 ] ] ] } },
{ "type": "Feature", "properties": { "RCID": 7324, "PRIM": 3, "GRUP": 2, "OBJL": 121, "RVER": 1, "AGEN": 550, "FIDN": 337243579, "FIDS": 9, "LNAM": "02261419EDBB0009", "LNAM_REFS": null, "FFPT_RIND": null, "COLOUR": null, "NATQUA": null, "NATSUR": [ "9" ], "WATLEV": 4.0, "OBJNAM": null, "NOBJNM": null, "INFORM": null, "NINFOM": null, "NTXTDS": null, "SCAMAX": null, "SCAMIN": 29999, "TXTDSC": null, "RECDAT": null, "RECIND": null, "SORDAT": "20150206", "SORIND": "US,US,reprt,L-246-2015", "_enc_cell": "US4TB3P0" }, "geometry": { "type": "Polygon", "coordinates": [ [ [ 134.5653687, 7.3708167 ], [ 134.5655212, 7.370872 ], [ 134.5657654, 7.3703556 ], [ 134.565933199999989, 7.3693113 ], [ 134.5660095, 7.3691692 ], [ 134.5662994, 7.3690639 ], [ 134.567138699999987, 7.3689332 ], [ 134.56735230000001, 7.3689861 ], [ 134.567504899999989, 7.3690805 ], [ 134.5677643, 7.3691387 ], [ 134.5681763, 7.3693557 ], [ 134.5682373, 7.369453 ], [ 134.568328900000012, 7.3695359 ], [ 134.5684052, 7.3695693 ], [ 134.5684815, 7.3695025 ], [ 134.5685272, 7.3695278 ], [ 134.568588299999988, 7.3696165 ], [ 134.568634, 7.3696251 ], [ 134.5687103, 7.3695946 ], [ 134.5687714, 7.369647 ], [ 134.5688477, 7.3696165 ], [ 134.568985, 7.3696141 ], [ 134.569152800000012, 7.3696942 ], [ 134.5691986, 7.3698082 ], [ 134.5693207, 7.3697972 ], [ 134.5694733, 7.3698111 ], [ 134.5695801, 7.3697972 ], [ 134.5695801, 7.3697305 ], [ 134.5696716, 7.3696528 ], [ 134.5697784, 7.369575 ], [ 134.569900499999989, 7.3695335 ], [ 134.570114100000012, 7.3695526 ], [ 134.5703125, 7.3695889 ], [ 134.57070920000001, 7.3697472 ], [ 134.5708923, 7.369875 ], [ 134.5711823, 7.3701057 ], [ 134.571228, 7.3702831 ], [ 134.571563700000013, 7.3703499 ], [ 134.5717163, 7.3704166 ], [ 134.5717773, 7.3705111 ], [ 134.57180790000001, 7.3704414 ], [ 134.5722046, 7.3704305 ], [ 134.5723267, 7.370389 ], [ 134.5725555, 7.3703775 ], [ 134.57276920000001, 7.3703332 ], [ 134.5729828, 7.3702612 ], [ 134.5731049, 7.3702335 ], [ 134.5730743, 7.3693833 ], [ 134.5729981, 7.3682613 ], [ 134.5727234, 7.367353 ], [ 134.572174100000012, 7.366672 ], [ 134.5713654, 7.3660722 ], [ 134.5713654, 7.3658834 ], [ 134.570388799999989, 7.3651667 ], [ 134.570144699999986, 7.3651667 ], [ 134.5699768, 7.3652611 ], [ 134.5698547, 7.365561 ], [ 134.569656400000014, 7.3656416 ], [ 134.5693665, 7.3660693 ], [ 134.5690155, 7.3666 ], [ 134.569046, 7.3673387 ], [ 134.5689697, 7.3680334 ], [ 134.5687103, 7.3681526 ], [ 134.5684204, 7.3680697 ], [ 134.5681763, 7.3676391 ], [ 134.5681, 7.3670306 ], [ 134.5681152, 7.3663249 ], [ 134.5677033, 7.3655 ], [ 134.5671692, 7.3648806 ], [ 134.5667267, 7.3647361 ], [ 134.5662994, 7.3647943 ], [ 134.5660248, 7.3649502 ], [ 134.5654144, 7.3656669 ], [ 134.5649414, 7.3663502 ], [ 134.5645599, 7.366539 ], [ 134.564254799999986, 7.3662777 ], [ 134.564239500000014, 7.3657498 ], [ 134.564483599999988, 7.3649998 ], [ 134.564834600000012, 7.3646278 ], [ 134.5654755, 7.3643055 ], [ 134.5663757, 7.3641639 ], [ 134.5669708, 7.3639946 ], [ 134.5674439, 7.3636141 ], [ 134.5678558, 7.3629446 ], [ 134.5682678, 7.3617859 ], [ 134.5688782, 7.3609972 ], [ 134.569152800000012, 7.3605304 ], [ 134.569152800000012, 7.3596001 ], [ 134.5691071, 7.3593669 ], [ 134.569152800000012, 7.3586807 ], [ 134.568985, 7.357986 ], [ 134.568695100000014, 7.357461 ], [ 134.568634, 7.3572474 ], [ 134.5684815, 7.3569112 ], [ 134.568191500000012, 7.3566613 ], [ 134.5680542, 7.3563027 ], [ 134.5677795, 7.3560891 ], [ 134.567230200000012, 7.3559804 ], [ 134.566452, 7.3560391 ], [ 134.5661926, 7.3560638 ], [ 134.56604, 7.3560166 ], [ 134.5661011, 7.3558974 ], [ 134.5665894, 7.3558359 ], [ 134.5679474, 7.3556805 ], [ 134.5682526, 7.3554778 ], [ 134.568679800000012, 7.3551192 ], [ 134.569046, 7.3549528 ], [ 134.5693817, 7.3549418 ], [ 134.569809, 7.3548474 ], [ 134.570221, 7.3545833 ], [ 134.570694, 7.3540916 ], [ 134.571090700000013, 7.3533387 ], [ 134.5712433, 7.3532333 ], [ 134.5717316, 7.3520389 ], [ 134.5722504, 7.3513918 ], [ 134.5725861, 7.3511086 ], [ 134.5727997, 7.3506751 ], [ 134.5726776, 7.3503056 ], [ 134.5722351, 7.3494697 ], [ 134.5721436, 7.3494058 ], [ 134.571685800000012, 7.3487778 ], [ 134.5710602, 7.3481307 ], [ 134.5708008, 7.347486 ], [ 134.5708923, 7.3469501 ], [ 134.571090700000013, 7.3466277 ], [ 134.5712585, 7.3462863 ], [ 134.5712738, 7.3462696 ], [ 134.5714111, 7.3461194 ], [ 134.5714874, 7.3457308 ], [ 134.5714111, 7.3453722 ], [ 134.5713724, 7.3452783 ], [ 134.5712585, 7.3450027 ], [ 134.57084660000001, 7.3445721 ], [ 134.5705566, 7.3443251 ], [ 134.5704041, 7.344203 ], [ 134.570129400000013, 7.3440471 ], [ 134.569641100000013, 7.3438196 ], [ 134.568573, 7.343389 ], [ 134.568222100000014, 7.3432055 ], [ 134.567718500000012, 7.342947 ], [ 134.5670073, 7.3426474 ], [ 134.566894499999989, 7.3425999 ], [ 134.5668651, 7.3425497 ], [ 134.5667267, 7.3423138 ], [ 134.5663452, 7.3419919 ], [ 134.5656586, 7.3417053 ], [ 134.5654907, 7.3415613 ], [ 134.565216099999986, 7.3413224 ], [ 134.5647736, 7.3404999 ], [ 134.564132699999988, 7.339447 ], [ 134.563888600000013, 7.3388863 ], [ 134.5635986, 7.3378 ], [ 134.5633087, 7.3369498 ], [ 134.5629883, 7.3361859 ], [ 134.5624542, 7.3350639 ], [ 134.5620422, 7.3344054 ], [ 134.561676, 7.3338447 ], [ 134.561248799999987, 7.3333082 ], [ 134.5607147, 7.3327332 ], [ 134.5602417, 7.332161 ], [ 134.5594788, 7.331553 ], [ 134.5592804, 7.3311696 ], [ 134.5589905, 7.3308697 ], [ 134.558349600000014, 7.3300943 ], [ 134.5580292, 7.3296528 ], [ 134.557754499999987, 7.3294139 ], [ 134.5573731, 7.329175 ], [ 134.557022100000012, 7.3287807 ], [ 134.556335499999989, 7.328361 ], [ 134.55604550000001, 7.3281584 ], [ 134.5557861, 7.3279915 ], [ 134.5555115, 7.3277526 ], [ 134.5549011, 7.3271804 ], [ 134.5541992, 7.3265333 ], [ 134.5536957, 7.3262363 ], [ 134.5532074, 7.3258166 ], [ 134.5526733, 7.3254252 ], [ 134.552215600000011, 7.3251362 ], [ 134.551864599999988, 7.3249474 ], [ 134.5515442, 7.3245277 ], [ 134.550705, 7.3239193 ], [ 134.5501251, 7.3236303 ], [ 134.5498505, 7.3234778 ], [ 134.5496063, 7.3231196 ], [ 134.549194300000011, 7.3227944 ], [ 134.5485535, 7.3226166 ], [ 134.5484161, 7.3224721 ], [ 134.547653200000013, 7.3220196 ], [ 134.5462341, 7.3210387 ], [ 134.545715300000012, 7.3206806 ], [ 134.545608499999986, 7.3203692 ], [ 134.545242300000012, 7.320086 ], [ 134.545105, 7.3199778 ], [ 134.544662499999987, 7.3196888 ], [ 134.5445862, 7.319603 ], [ 134.5441284, 7.3190446 ], [ 134.543045, 7.3179474 ], [ 134.5426636, 7.3177915 ], [ 134.54216, 7.3172641 ], [ 134.5409699, 7.3162694 ], [ 134.540435800000012, 7.3157249 ], [ 134.5398712, 7.3154249 ], [ 134.539444, 7.3153529 ], [ 134.539123499999988, 7.315414 ], [ 134.538513200000011, 7.3157721 ], [ 134.5379944, 7.3158193 ], [ 134.5368805, 7.3156056 ], [ 134.536568499999987, 7.3153534 ], [ 134.535873400000014, 7.3147917 ], [ 134.5353394, 7.314261 ], [ 134.535018900000011, 7.3138833 ], [ 134.534530600000011, 7.313489 ], [ 134.533828699999987, 7.3128805 ], [ 134.5336609, 7.3126888 ], [ 134.5335083, 7.3125529 ], [ 134.5331421, 7.3122001 ], [ 134.5317383, 7.3113751 ], [ 134.5307312, 7.3108501 ], [ 134.5304502, 7.3107834 ], [ 134.530227700000012, 7.3107305 ], [ 134.5296021, 7.3106222 ], [ 134.529007, 7.3101168 ], [ 134.52771, 7.3096304 ], [ 134.5269318, 7.3095055 ], [ 134.5260773, 7.3095555 ], [ 134.5254364, 7.3096499 ], [ 134.5251192, 7.3098365 ], [ 134.5251007, 7.3098474 ], [ 134.5250935, 7.3098651 ], [ 134.524826100000013, 7.3105221 ], [ 134.5248413, 7.3108859 ], [ 134.5249023, 7.3111334 ], [ 134.52493290000001, 7.3112917 ], [ 134.5249023, 7.3115363 ], [ 134.524765, 7.311811 ], [ 134.524597199999988, 7.3123612 ], [ 134.5245261, 7.3127911 ], [ 134.524459799999988, 7.3131919 ], [ 134.5244904, 7.3136749 ], [ 134.5246473, 7.3141363 ], [ 134.524704, 7.3143029 ], [ 134.5247498, 7.3145528 ], [ 134.5247081, 7.3148107 ], [ 134.524688700000013, 7.3149304 ], [ 134.524704, 7.3152332 ], [ 134.5247192, 7.3161111 ], [ 134.5247192, 7.31635 ], [ 134.5245209, 7.3169665 ], [ 134.5244904, 7.3174748 ], [ 134.5245667, 7.3181362 ], [ 134.52479550000001, 7.3200779 ], [ 134.5249176, 7.3207359 ], [ 134.5250397, 7.3211474 ], [ 134.525085499999989, 7.3216 ], [ 134.5251465, 7.3220501 ], [ 134.5252686, 7.3225279 ], [ 134.525416799999988, 7.3226772 ], [ 134.5254669, 7.3227277 ], [ 134.5254822, 7.3229084 ], [ 134.5254822, 7.3234033 ], [ 134.5254822, 7.3234472 ], [ 134.5252686, 7.3236613 ], [ 134.5252075, 7.3238888 ], [ 134.525116, 7.3241582 ], [ 134.5251007, 7.3242998 ], [ 134.525192299999986, 7.3245029 ], [ 134.525227, 7.3248019 ], [ 134.525238, 7.3248973 ], [ 134.525161700000012, 7.3251891 ], [ 134.525116, 7.3253803 ], [ 134.525116, 7.3256502 ], [ 134.5252075, 7.3258834 ], [ 134.5252686, 7.3260751 ], [ 134.525238, 7.3261862 ], [ 134.5251465, 7.3264389 ], [ 134.5248871, 7.3265834 ], [ 134.5246277, 7.3268027 ], [ 134.5245514, 7.3271194 ], [ 134.5243845, 7.327292 ], [ 134.524215700000013, 7.3274665 ], [ 134.5240479, 7.3277831 ], [ 134.524155900000011, 7.3279674 ], [ 134.5242615, 7.3281474 ], [ 134.5242462, 7.3282585 ], [ 134.524215700000013, 7.3284278 ], [ 134.5241547, 7.3285942 ], [ 134.523941, 7.3288055 ], [ 134.52397160000001, 7.3289361 ], [ 134.523776, 7.3290903 ], [ 134.5236511, 7.3291888 ], [ 134.523498499999988, 7.3292527 ], [ 134.523498499999988, 7.3294668 ], [ 134.5235291, 7.3297081 ], [ 134.5235291, 7.3298202 ], [ 134.5235291, 7.3298445 ], [ 134.5235596, 7.3299971 ], [ 134.523742700000014, 7.3306308 ], [ 134.5238953, 7.3310084 ], [ 134.5239105, 7.3312416 ], [ 134.523742700000014, 7.3314915 ], [ 134.523468, 7.3318391 ], [ 134.5233307, 7.332047 ], [ 134.5234528, 7.3322973 ], [ 134.5236816, 7.3324943 ], [ 134.5239258, 7.3326197 ], [ 134.524093599999986, 7.3326278 ], [ 134.524475099999989, 7.332561 ], [ 134.5249786, 7.3323584 ], [ 134.525283800000011, 7.332078 ], [ 134.5255737, 7.3319335 ], [ 134.5256805, 7.3318029 ], [ 134.5256805, 7.3315945 ], [ 134.5258484, 7.331553 ], [ 134.5260773, 7.33145 ], [ 134.526260400000012, 7.3311582 ], [ 134.5263062, 7.330914 ], [ 134.526413, 7.3308168 ], [ 134.5266876, 7.3307276 ], [ 134.5267944, 7.3307943 ], [ 134.526825, 7.3309722 ], [ 134.526733400000012, 7.3311696 ], [ 134.52636720000001, 7.331964 ], [ 134.5261688, 7.3321362 ], [ 134.526001, 7.33215 ], [ 134.5258637, 7.3320723 ], [ 134.525787400000013, 7.332047 ], [ 134.5256958, 7.3321362 ], [ 134.5257416, 7.3322363 ], [ 134.5256805, 7.3322721 ], [ 134.5257111, 7.3323445 ], [ 134.5257111, 7.3323751 ], [ 134.5257263, 7.3325362 ], [ 134.5257111, 7.3326387 ], [ 134.5254822, 7.3327112 ], [ 134.525238, 7.3328419 ], [ 134.525177, 7.3330975 ], [ 134.525299100000012, 7.3334694 ], [ 134.5254822, 7.3336306 ], [ 134.5259857, 7.3338637 ], [ 134.5262299, 7.3338447 ], [ 134.5264282, 7.3337975 ], [ 134.526611300000013, 7.3334026 ], [ 134.526886, 7.3329916 ], [ 134.5270392, 7.3328637 ], [ 134.5271454, 7.3327751 ], [ 134.5274353, 7.3326278 ], [ 134.527587899999986, 7.3326445 ], [ 134.5277863, 7.3327999 ], [ 134.5279083, 7.3329501 ], [ 134.528122, 7.3330026 ], [ 134.52828980000001, 7.3329139 ], [ 134.528427099999988, 7.3327222 ], [ 134.528564499999987, 7.3326387 ], [ 134.52876280000001, 7.3327527 ], [ 134.5287476, 7.3329554 ], [ 134.529037499999987, 7.3330388 ], [ 134.5293274, 7.3329501 ], [ 134.529525799999988, 7.3330336 ], [ 134.5296936, 7.3331752 ], [ 134.52986150000001, 7.3331528 ], [ 134.530120899999986, 7.3331113 ], [ 134.530212400000011, 7.3329697 ], [ 134.5303192, 7.3328943 ], [ 134.5303192, 7.3326335 ], [ 134.5303803, 7.3325248 ], [ 134.5305634, 7.3325086 ], [ 134.5308075, 7.3325305 ], [ 134.5309906, 7.332614 ], [ 134.5310211, 7.3328891 ], [ 134.5312042, 7.3331223 ], [ 134.5314789, 7.3333306 ], [ 134.5316925, 7.3333669 ], [ 134.5318146, 7.3335891 ], [ 134.53178410000001, 7.3336916 ], [ 134.5317688, 7.3337975 ], [ 134.5318298, 7.3340669 ], [ 134.531921399999987, 7.3341389 ], [ 134.5321045, 7.3343058 ], [ 134.5322113, 7.3343196 ], [ 134.5324249, 7.334197 ], [ 134.5324707, 7.3341613 ], [ 134.532501200000013, 7.3338637 ], [ 134.5325623, 7.3337665 ], [ 134.5327148, 7.3338165 ], [ 134.532882699999988, 7.3339777 ], [ 134.532974200000012, 7.3342638 ], [ 134.53302, 7.3347836 ], [ 134.5330658, 7.3353195 ], [ 134.5331574, 7.3355527 ], [ 134.5333405, 7.3357387 ], [ 134.5335388, 7.3358388 ], [ 134.533599900000013, 7.335947 ], [ 134.5335541, 7.3361278 ], [ 134.533371, 7.3363586 ], [ 134.53321840000001, 7.3364196 ], [ 134.5326538, 7.3364196 ], [ 134.5323486, 7.3365502 ], [ 134.5321655, 7.3365445 ], [ 134.5319824, 7.3365808 ], [ 134.5317535, 7.3366971 ], [ 134.5316315, 7.3367362 ], [ 134.5314941, 7.3368807 ], [ 134.5313721, 7.3370276 ], [ 134.5312195, 7.3375111 ], [ 134.5312653, 7.3377695 ], [ 134.5314941, 7.3380666 ], [ 134.53178410000001, 7.3381391 ], [ 134.531936699999989, 7.3381276 ], [ 134.532501200000013, 7.3381443 ], [ 134.5333099, 7.3382168 ], [ 134.5339356, 7.3384972 ], [ 134.5342255, 7.3387303 ], [ 134.5343018, 7.3390055 ], [ 134.534072900000012, 7.3392696 ], [ 134.5337524, 7.3393474 ], [ 134.5333405, 7.3391914 ], [ 134.5322418, 7.3386111 ], [ 134.5319672, 7.3384557 ], [ 134.5318756, 7.338397 ], [ 134.531677300000013, 7.3383665 ], [ 134.5314179, 7.338336 ], [ 134.531051600000012, 7.3382945 ], [ 134.5308685, 7.3383555 ], [ 134.5307465, 7.3385224 ], [ 134.531082199999986, 7.3389583 ], [ 134.531448399999988, 7.3392139 ], [ 134.5316162, 7.3393583 ], [ 134.5318298, 7.3395443 ], [ 134.5323181, 7.3397584 ], [ 134.5323181, 7.3398304 ], [ 134.531921399999987, 7.3399863 ], [ 134.531601, 7.3402777 ], [ 134.531326299999989, 7.3404222 ], [ 134.5311585, 7.3403668 ], [ 134.5309753, 7.3404946 ], [ 134.53082280000001, 7.3405695 ], [ 134.5307617, 7.3406553 ], [ 134.5306244, 7.3408332 ], [ 134.530456500000014, 7.3410363 ], [ 134.530471799999987, 7.3412027 ], [ 134.5302887, 7.3413529 ], [ 134.5301819, 7.3414779 ], [ 134.5300751, 7.3418555 ], [ 134.530014, 7.3424277 ], [ 134.529983499999986, 7.3433418 ], [ 134.530014, 7.3438859 ], [ 134.5301819, 7.3442388 ], [ 134.530349699999988, 7.3444166 ], [ 134.530578600000013, 7.3444696 ], [ 134.5307617, 7.3444834 ], [ 134.531066900000013, 7.3443694 ], [ 134.5312042, 7.3444362 ], [ 134.531433099999987, 7.3446193 ], [ 134.5317078, 7.3447752 ], [ 134.5319824, 7.3448529 ], [ 134.5321198, 7.3449359 ], [ 134.5321655, 7.3450861 ], [ 134.5319824, 7.3451443 ], [ 134.5314941, 7.3451443 ], [ 134.5312195, 7.3450861 ], [ 134.5309906, 7.3448362 ], [ 134.530700700000011, 7.3447447 ], [ 134.530426, 7.3447447 ], [ 134.5301514, 7.3448362 ], [ 134.5300446, 7.3447499 ], [ 134.530090300000012, 7.3442974 ], [ 134.5298004, 7.3441529 ], [ 134.5293579, 7.3436751 ], [ 134.529129, 7.3432641 ], [ 134.5291748, 7.3431387 ], [ 134.5292816, 7.3425999 ], [ 134.529266400000012, 7.3423138 ], [ 134.5290527, 7.3422084 ], [ 134.528717, 7.3420806 ], [ 134.5285797, 7.3418832 ], [ 134.5286102, 7.3417473 ], [ 134.528533900000014, 7.3414722 ], [ 134.5283203, 7.3412943 ], [ 134.5282288, 7.3412695 ], [ 134.5278473, 7.3413529 ], [ 134.5277252, 7.3415332 ], [ 134.5275574, 7.3416863 ], [ 134.527343800000011, 7.3418055 ], [ 134.5271606, 7.3420944 ], [ 134.5272675, 7.3426776 ], [ 134.5273895, 7.3429833 ], [ 134.5277405, 7.343503 ], [ 134.527954099999988, 7.343678 ], [ 134.528167700000012, 7.3438444 ], [ 134.5286408, 7.344089 ], [ 134.528778100000011, 7.344203 ], [ 134.5288239, 7.3443637 ], [ 134.5288849, 7.344614 ], [ 134.5288849, 7.3449249 ], [ 134.528778100000011, 7.3452473 ], [ 134.528671300000013, 7.3454971 ], [ 134.5284576, 7.3458333 ], [ 134.5283203, 7.345964 ], [ 134.52828980000001, 7.3460889 ], [ 134.5283203, 7.3464055 ], [ 134.5282745, 7.3466029 ], [ 134.528060900000014, 7.3466806 ], [ 134.5279083, 7.3471279 ], [ 134.5277557, 7.3471832 ], [ 134.5276489, 7.3469667 ], [ 134.527679400000011, 7.3467054 ], [ 134.5279236, 7.3462558 ], [ 134.528060900000014, 7.3459888 ], [ 134.528060900000014, 7.3458695 ], [ 134.5278473, 7.3457084 ], [ 134.5277863, 7.3457084 ], [ 134.527587899999986, 7.3457084 ], [ 134.5273743, 7.3458138 ], [ 134.527114899999987, 7.3459196 ], [ 134.526977499999987, 7.345922 ], [ 134.5267639, 7.3459334 ], [ 134.526519799999988, 7.3457499 ], [ 134.5262146, 7.3458557 ], [ 134.525756800000011, 7.3455696 ], [ 134.5256805, 7.3455081 ], [ 134.5254822, 7.345314 ], [ 134.5252686, 7.3452277 ], [ 134.524948099999989, 7.345139 ], [ 134.5247498, 7.3451943 ], [ 134.524581899999987, 7.3454447 ], [ 134.524581899999987, 7.3455195 ], [ 134.524597199999988, 7.3457251 ], [ 134.5247345, 7.3457832 ], [ 134.5248871, 7.346036 ], [ 134.525238, 7.3463335 ], [ 134.5253906, 7.3466196 ], [ 134.525161700000012, 7.3467889 ], [ 134.524948099999989, 7.3467526 ], [ 134.5246277, 7.3468776 ], [ 134.524597199999988, 7.3469391 ], [ 134.5245209, 7.3470917 ], [ 134.5245361, 7.3472471 ], [ 134.524704, 7.3474693 ], [ 134.524765, 7.3475027 ], [ 134.5250092, 7.347661 ], [ 134.5253143, 7.3477917 ], [ 134.5256348, 7.3479528 ], [ 134.5259705, 7.3480058 ], [ 134.526031499999988, 7.3480721 ], [ 134.5257111, 7.3485084 ], [ 134.525787400000013, 7.3488054 ], [ 134.5258179, 7.3490582 ], [ 134.5256958, 7.3492918 ], [ 134.52565, 7.3493862 ], [ 134.5253601, 7.3496418 ], [ 134.5252686, 7.34975 ], [ 134.5249023, 7.3495722 ], [ 134.524704, 7.3495169 ], [ 134.5245209, 7.3496251 ], [ 134.524124199999989, 7.3490696 ], [ 134.523864800000013, 7.3487611 ], [ 134.5237885, 7.3486276 ], [ 134.5234528, 7.3484974 ], [ 134.5232239, 7.3484974 ], [ 134.5230713, 7.3486028 ], [ 134.522537199999988, 7.348814 ], [ 134.5217743, 7.3492308 ], [ 134.5215149, 7.3494806 ], [ 134.5215302, 7.3498168 ], [ 134.521759, 7.3500667 ], [ 134.521682700000014, 7.3503251 ], [ 134.5217896, 7.3506475 ], [ 134.5219727, 7.3508081 ], [ 134.5219574, 7.3509445 ], [ 134.521804800000012, 7.3511972 ], [ 134.5217285, 7.3513498 ], [ 134.521575899999988, 7.3512139 ], [ 134.521347100000014, 7.3512082 ], [ 134.5213623, 7.3510056 ], [ 134.5212708, 7.3509278 ], [ 134.5208283, 7.3509917 ], [ 134.5207062, 7.3508973 ], [ 134.5205536, 7.3505082 ], [ 134.5205689, 7.3504195 ], [ 134.520736699999986, 7.3501864 ], [ 134.5207825, 7.3500443 ], [ 134.520721400000014, 7.3495526 ], [ 134.520629899999989, 7.3493557 ], [ 134.520355200000012, 7.3492613 ], [ 134.519866900000011, 7.3495779 ], [ 134.519790699999987, 7.3495526 ], [ 134.5196483, 7.3494341 ], [ 134.519577, 7.3493748 ], [ 134.519393900000011, 7.3489862 ], [ 134.5194244, 7.3486586 ], [ 134.5193787, 7.3485861 ], [ 134.519195599999989, 7.3485279 ], [ 134.5191193, 7.3485026 ], [ 134.5189972, 7.3484974 ], [ 134.518814099999986, 7.3486748 ], [ 134.51857, 7.3494248 ], [ 134.5185242, 7.3496084 ], [ 134.5185852, 7.3498473 ], [ 134.51855470000001, 7.3501444 ], [ 134.518447900000012, 7.3501806 ], [ 134.5181885, 7.3501864 ], [ 134.517837500000013, 7.3500609 ], [ 134.51759340000001, 7.3497391 ], [ 134.5175018, 7.3497 ], [ 134.517273, 7.3495779 ], [ 134.5170288, 7.3495417 ], [ 134.516891500000014, 7.3495555 ], [ 134.5166168, 7.3495779 ], [ 134.5160828, 7.3498278 ], [ 134.5157776, 7.3500972 ], [ 134.5152741, 7.3504305 ], [ 134.51519780000001, 7.3506999 ], [ 134.5151672, 7.3510943 ], [ 134.5149384, 7.3513498 ], [ 134.5142822, 7.3519197 ], [ 134.514114400000011, 7.3520331 ], [ 134.5138397, 7.3518944 ], [ 134.513815599999987, 7.3518983 ], [ 134.5134277, 7.3519611 ], [ 134.513382, 7.352097 ], [ 134.513412499999987, 7.3523026 ], [ 134.513412499999987, 7.3523856 ], [ 134.513412499999987, 7.3526945 ], [ 134.513382, 7.3529582 ], [ 134.513046300000013, 7.3532195 ], [ 134.5127564, 7.3534474 ], [ 134.51266480000001, 7.3537054 ], [ 134.5124817, 7.354064 ], [ 134.5122681, 7.3541694 ], [ 134.51217650000001, 7.3543863 ], [ 134.5119171, 7.3547249 ], [ 134.511840799999987, 7.3547669 ], [ 134.511734, 7.3546972 ], [ 134.5115475, 7.3546399 ], [ 134.5115356, 7.3546362 ], [ 134.511352499999987, 7.3546724 ], [ 134.511093100000011, 7.3548694 ], [ 134.5110474, 7.3551917 ], [ 134.510757500000011, 7.3553529 ], [ 134.510376, 7.355628 ], [ 134.5100708, 7.3560834 ], [ 134.509933499999988, 7.3561053 ], [ 134.5096283, 7.3568053 ], [ 134.5093384, 7.3572002 ], [ 134.509323099999989, 7.3572998 ], [ 134.509185800000012, 7.3574834 ], [ 134.509079, 7.3575916 ], [ 134.5089264, 7.357564 ], [ 134.508361799999989, 7.3583694 ], [ 134.507995599999987, 7.3587637 ], [ 134.5076752, 7.3589416 ], [ 134.5074921, 7.3590751 ], [ 134.5073547, 7.3591862 ], [ 134.5070648, 7.3595333 ], [ 134.506561299999987, 7.3599806 ], [ 134.5064697, 7.3601723 ], [ 134.5064545, 7.3603697 ], [ 134.506583, 7.3606408 ], [ 134.5066071, 7.3606916 ], [ 134.5067139, 7.3613081 ], [ 134.5067596, 7.3614278 ], [ 134.5067596, 7.3614359 ], [ 134.506927499999989, 7.3618388 ], [ 134.5069885, 7.3618555 ], [ 134.507049599999988, 7.3620138 ], [ 134.507049599999988, 7.3622222 ], [ 134.507034299999987, 7.3623471 ], [ 134.5071716, 7.3623028 ], [ 134.5072784, 7.3623443 ], [ 134.507309, 7.3623834 ], [ 134.50737, 7.3623972 ], [ 134.507431, 7.3623471 ], [ 134.5074921, 7.3623443 ], [ 134.5077057, 7.362453 ], [ 134.5079041, 7.3625002 ], [ 134.5079651, 7.3625474 ], [ 134.5079804, 7.3626919 ], [ 134.5079651, 7.3629613 ], [ 134.5080566, 7.363153 ], [ 134.508194, 7.3632612 ], [ 134.5081635, 7.3631806 ], [ 134.5081787, 7.3631363 ], [ 134.50820920000001, 7.3630943 ], [ 134.5082855, 7.3630529 ], [ 134.5082703, 7.3630028 ], [ 134.5082855, 7.3629084 ], [ 134.508194, 7.3627391 ], [ 134.5081635, 7.3627362 ], [ 134.5081482, 7.3626609 ], [ 134.5080566, 7.362597 ], [ 134.5080414, 7.3625474 ], [ 134.5080566, 7.3625054 ], [ 134.5080414, 7.3624668 ], [ 134.5080566, 7.3624249 ], [ 134.508117700000014, 7.3623471 ], [ 134.508117700000014, 7.3622193 ], [ 134.5081482, 7.3622141 ], [ 134.5081635, 7.362186 ], [ 134.5081329, 7.3621111 ], [ 134.508194, 7.3619666 ], [ 134.508224500000011, 7.3618584 ], [ 134.508255, 7.3618169 ], [ 134.508194, 7.3617749 ], [ 134.5081787, 7.3616581 ], [ 134.50820920000001, 7.3615222 ], [ 134.508255, 7.3614612 ], [ 134.5082703, 7.3613138 ], [ 134.508316, 7.3612194 ], [ 134.508361799999989, 7.3612166 ], [ 134.5084229, 7.3611808 ], [ 134.5084534, 7.3611808 ], [ 134.5083923, 7.3611527 ], [ 134.50834660000001, 7.3610807 ], [ 134.50834660000001, 7.3610249 ], [ 134.5083923, 7.3609166 ], [ 134.508361799999989, 7.3608751 ], [ 134.5083771, 7.3606529 ], [ 134.5084076, 7.3605971 ], [ 134.5085144, 7.3605056 ], [ 134.5086212, 7.3604555 ], [ 134.5086823, 7.3604527 ], [ 134.508728, 7.3603916 ], [ 134.5087585, 7.3603249 ], [ 134.5087585, 7.360189 ], [ 134.5088806, 7.3600221 ], [ 134.5088806, 7.3599777 ], [ 134.508972199999988, 7.3599029 ], [ 134.5091095, 7.3599029 ], [ 134.5092773, 7.359725 ], [ 134.5093842, 7.3596721 ], [ 134.509429899999986, 7.3596721 ], [ 134.5094757, 7.3596139 ], [ 134.5095978, 7.3595581 ], [ 134.509613, 7.3595305 ], [ 134.5095825, 7.3594666 ], [ 134.5095825, 7.3594222 ], [ 134.509658800000011, 7.3592944 ], [ 134.510040299999986, 7.359036 ], [ 134.5101929, 7.3589888 ], [ 134.5103302, 7.3590055 ], [ 134.510406499999988, 7.3591085 ], [ 134.510513300000014, 7.359086 ], [ 134.5105896, 7.3590474 ], [ 134.510620100000011, 7.3587971 ], [ 134.5106812, 7.3586612 ], [ 134.5108032, 7.3585749 ], [ 134.5109406, 7.3585472 ], [ 134.511093100000011, 7.3586001 ], [ 134.5112915, 7.3586083 ], [ 134.5114441, 7.3585582 ], [ 134.511734, 7.3584943 ], [ 134.5119934, 7.3583803 ], [ 134.512344399999989, 7.3583446 ], [ 134.51266480000001, 7.3582501 ], [ 134.5127564, 7.358222 ], [ 134.5127106, 7.3580918 ], [ 134.512680100000011, 7.3579111 ], [ 134.5127106, 7.3578248 ], [ 134.51266480000001, 7.3577166 ], [ 134.5125885, 7.357625 ], [ 134.5125885, 7.3573637 ], [ 134.5126953, 7.3570972 ], [ 134.5127564, 7.3570418 ], [ 134.5128479, 7.3568583 ], [ 134.5129852, 7.3567891 ], [ 134.51313780000001, 7.3566361 ], [ 134.5132294, 7.3564696 ], [ 134.51362610000001, 7.3562946 ], [ 134.5141754, 7.3559251 ], [ 134.514251699999988, 7.3558555 ], [ 134.5143433, 7.355875 ], [ 134.514495899999986, 7.3558388 ], [ 134.5146637, 7.3556972 ], [ 134.514862099999988, 7.3555722 ], [ 134.515075700000011, 7.3554888 ], [ 134.5152893, 7.3554416 ], [ 134.5155182, 7.3554139 ], [ 134.515701299999989, 7.3553696 ], [ 134.5158691, 7.3554196 ], [ 134.515946500000013, 7.3554105 ], [ 134.516174299999989, 7.3553834 ], [ 134.5163574, 7.3553891 ], [ 134.516525300000012, 7.3553472 ], [ 134.5167084, 7.3553333 ], [ 134.5169373, 7.3554139 ], [ 134.5171661, 7.3555389 ], [ 134.517257699999988, 7.3557472 ], [ 134.5174255, 7.3557916 ], [ 134.517730699999987, 7.355825 ], [ 134.5184174, 7.3560414 ], [ 134.51857, 7.3560472 ], [ 134.5189667, 7.3562417 ], [ 134.519043, 7.3562279 ], [ 134.519104, 7.3561611 ], [ 134.5191498, 7.3560915 ], [ 134.519195599999989, 7.3559194 ], [ 134.5192108, 7.3557138 ], [ 134.5193787, 7.3555417 ], [ 134.5194855, 7.3553276 ], [ 134.5196381, 7.3551998 ], [ 134.519866900000011, 7.3552389 ], [ 134.5201111, 7.3553224 ], [ 134.520263699999987, 7.3553529 ], [ 134.5204163, 7.355361 ], [ 134.5205536, 7.3553252 ], [ 134.520858800000013, 7.3551168 ], [ 134.5210724, 7.3548527 ], [ 134.521225, 7.3547473 ], [ 134.5213928, 7.3547444 ], [ 134.521575899999988, 7.3547835 ], [ 134.521713299999988, 7.3547669 ], [ 134.521820100000014, 7.3547001 ], [ 134.5219421, 7.3546972 ], [ 134.5220795, 7.3547196 ], [ 134.5221558, 7.354836 ], [ 134.5222473, 7.3549137 ], [ 134.5223541, 7.3549557 ], [ 134.5225678, 7.35495 ], [ 134.5223846, 7.3548918 ], [ 134.5222473, 7.3547888 ], [ 134.5221558, 7.3546639 ], [ 134.52211, 7.3544998 ], [ 134.5221252, 7.3543887 ], [ 134.5222626, 7.3542914 ], [ 134.522293100000013, 7.3541722 ], [ 134.522308399999986, 7.3540053 ], [ 134.522186299999987, 7.3536196 ], [ 134.5222168, 7.3534751 ], [ 134.522308399999986, 7.3533583 ], [ 134.5226135, 7.3530889 ], [ 134.522934, 7.3528833 ], [ 134.523025499999989, 7.3527861 ], [ 134.522995, 7.3526197 ], [ 134.522995, 7.3523388 ], [ 134.5230866, 7.3522058 ], [ 134.5231628, 7.3518305 ], [ 134.523254400000013, 7.3516831 ], [ 134.5233917, 7.3515778 ], [ 134.5235291, 7.3515196 ], [ 134.5236969, 7.351553 ], [ 134.523819, 7.3515554 ], [ 134.5239105, 7.3514724 ], [ 134.523986799999989, 7.351336 ], [ 134.5240784, 7.3512859 ], [ 134.5241699, 7.3512778 ], [ 134.523941, 7.3510613 ], [ 134.52383420000001, 7.351028 ], [ 134.5235748, 7.3510776 ], [ 134.5234528, 7.3510447 ], [ 134.5234222, 7.3511276 ], [ 134.5233307, 7.3511667 ], [ 134.523254400000013, 7.3511529 ], [ 134.5232086, 7.3511 ], [ 134.523147599999987, 7.3507443 ], [ 134.5231781, 7.3506584 ], [ 134.523254400000013, 7.3506112 ], [ 134.5233307, 7.3506165 ], [ 134.5233002, 7.3504639 ], [ 134.5231018, 7.3502221 ], [ 134.5229034, 7.35005 ], [ 134.52287290000001, 7.3499613 ], [ 134.522934, 7.3495054 ], [ 134.5230866, 7.3492584 ], [ 134.5231781, 7.3492141 ], [ 134.5233154, 7.349225 ], [ 134.5234222, 7.3492723 ], [ 134.5234833, 7.3496304 ], [ 134.523513799999989, 7.3497224 ], [ 134.5239105, 7.3499556 ], [ 134.5241394, 7.3500748 ], [ 134.5242615, 7.3501973 ], [ 134.524322500000011, 7.3503418 ], [ 134.524322500000011, 7.3504748 ], [ 134.5242767, 7.3505859 ], [ 134.524093599999986, 7.3506804 ], [ 134.5240631, 7.3507195 ], [ 134.524108899999987, 7.3507834 ], [ 134.524581899999987, 7.3508554 ], [ 134.5246277, 7.3507834 ], [ 134.5248566, 7.3506665 ], [ 134.5250092, 7.3506527 ], [ 134.5251465, 7.3505917 ], [ 134.5252533, 7.3506222 ], [ 134.5254517, 7.3507419 ], [ 134.525558499999988, 7.3506084 ], [ 134.525543199999987, 7.350522 ], [ 134.5254822, 7.3504391 ], [ 134.5254974, 7.350328 ], [ 134.5257111, 7.3502193 ], [ 134.5258789, 7.3502445 ], [ 134.5259552, 7.350328 ], [ 134.526062, 7.3502693 ], [ 134.526153599999986, 7.3502417 ], [ 134.5262299, 7.3501582 ], [ 134.5263367, 7.3501 ], [ 134.5265808, 7.3502722 ], [ 134.526611300000013, 7.3504334 ], [ 134.526519799999988, 7.3508139 ], [ 134.5265961, 7.3508945 ], [ 134.526641899999987, 7.3510418 ], [ 134.5265808, 7.3511777 ], [ 134.5264893, 7.3512445 ], [ 134.526382500000011, 7.3512611 ], [ 134.5262909, 7.3512363 ], [ 134.5262299, 7.3512778 ], [ 134.5261841, 7.3513308 ], [ 134.526138300000014, 7.3515306 ], [ 134.526062, 7.3515582 ], [ 134.5259399, 7.3516526 ], [ 134.52589420000001, 7.3516026 ], [ 134.5258331, 7.3516083 ], [ 134.5258637, 7.3516693 ], [ 134.5259247, 7.351747 ], [ 134.5259247, 7.3519387 ], [ 134.526001, 7.3518972 ], [ 134.5262146, 7.3517389 ], [ 134.5263519, 7.3517304 ], [ 134.5265656, 7.351861 ], [ 134.5266724, 7.3520556 ], [ 134.5267944, 7.3519974 ], [ 134.5269013, 7.3519168 ], [ 134.526977499999987, 7.3518972 ], [ 134.527114899999987, 7.3516722 ], [ 134.5271912, 7.351614 ], [ 134.5272827, 7.3516111 ], [ 134.5273743, 7.3516474 ], [ 134.5274048, 7.3517585 ], [ 134.5273895, 7.3518887 ], [ 134.527481099999989, 7.3520694 ], [ 134.5275574, 7.3521085 ], [ 134.527603199999987, 7.3520222 ], [ 134.5275421, 7.3519197 ], [ 134.5274963, 7.3517804 ], [ 134.527481099999989, 7.3516111 ], [ 134.5275116, 7.3515167 ], [ 134.5275574, 7.3513613 ], [ 134.5277252, 7.351089 ], [ 134.527816800000011, 7.3510056 ], [ 134.527694700000012, 7.3508277 ], [ 134.5276184, 7.350811 ], [ 134.5274963, 7.3505917 ], [ 134.5274506, 7.3506417 ], [ 134.527343800000011, 7.3506832 ], [ 134.5272675, 7.3507361 ], [ 134.527221700000013, 7.3507195 ], [ 134.5270691, 7.3504582 ], [ 134.5270691, 7.3503804 ], [ 134.52742, 7.3499694 ], [ 134.5275269, 7.3499584 ], [ 134.5276184, 7.3500419 ], [ 134.527771, 7.3500667 ], [ 134.527954099999988, 7.3502417 ], [ 134.528076199999987, 7.3503251 ], [ 134.5280914, 7.3503971 ], [ 134.5281372, 7.3504248 ], [ 134.528244, 7.3503861 ], [ 134.5283661, 7.3503056 ], [ 134.528549199999986, 7.3500915 ], [ 134.5287933, 7.3496113 ], [ 134.5288086, 7.3494749 ], [ 134.528778100000011, 7.3493276 ], [ 134.528717, 7.3492165 ], [ 134.528549199999986, 7.3488498 ], [ 134.5285187, 7.3487363 ], [ 134.528564499999987, 7.3486276 ], [ 134.528671300000013, 7.3485112 ], [ 134.5288239, 7.348475 ], [ 134.52890020000001, 7.3483529 ], [ 134.529007, 7.3482027 ], [ 134.52890020000001, 7.3481665 ], [ 134.5288239, 7.3480582 ], [ 134.528778100000011, 7.3479028 ], [ 134.528778100000011, 7.347764 ], [ 134.5288849, 7.3475943 ], [ 134.5289917, 7.347528 ], [ 134.5290833, 7.3475165 ], [ 134.5291748, 7.3476276 ], [ 134.5293274, 7.3478055 ], [ 134.5294647, 7.347878 ], [ 134.5299225, 7.3478832 ], [ 134.529953, 7.3477693 ], [ 134.5299225, 7.3476501 ], [ 134.5298309, 7.347425 ], [ 134.52986150000001, 7.3473139 ], [ 134.529953, 7.347239 ], [ 134.5301971, 7.3471308 ], [ 134.5303192, 7.3470974 ], [ 134.530456500000014, 7.3470836 ], [ 134.5306091, 7.3468471 ], [ 134.5306702, 7.346786 ], [ 134.5307617, 7.3467832 ], [ 134.530777, 7.3466859 ], [ 134.5308685, 7.3466139 ], [ 134.5309906, 7.3465776 ], [ 134.5312347, 7.3467917 ], [ 134.5313416, 7.3469138 ], [ 134.5315094, 7.3469863 ], [ 134.5316162, 7.3471026 ], [ 134.531723, 7.3471308 ], [ 134.531799299999989, 7.3471971 ], [ 134.5319672, 7.34725 ], [ 134.532028200000013, 7.347311 ], [ 134.5321198, 7.3473196 ], [ 134.5323486, 7.3471613 ], [ 134.532547, 7.3468862 ], [ 134.5328522, 7.3468776 ], [ 134.5329437, 7.3468084 ], [ 134.532974200000012, 7.3466835 ], [ 134.532989500000014, 7.3465586 ], [ 134.5330353, 7.3464332 ], [ 134.5330505, 7.3463197 ], [ 134.5331268, 7.3461499 ], [ 134.533111600000012, 7.3461113 ], [ 134.5331574, 7.346086 ], [ 134.5332642, 7.3461447 ], [ 134.533355699999987, 7.3462248 ], [ 134.533569300000011, 7.3463502 ], [ 134.5336762, 7.346447 ], [ 134.534195, 7.3467641 ], [ 134.5343475, 7.3468776 ], [ 134.534256, 7.3468971 ], [ 134.5341492, 7.3468752 ], [ 134.5337982, 7.3466582 ], [ 134.5336762, 7.3465586 ], [ 134.5336609, 7.3465862 ], [ 134.5336456, 7.3466582 ], [ 134.5336914, 7.3469195 ], [ 134.5337677, 7.347136 ], [ 134.5337524, 7.3472915 ], [ 134.53370670000001, 7.3474641 ], [ 134.5336151, 7.3475418 ], [ 134.5335083, 7.3477111 ], [ 134.5334015, 7.3480387 ], [ 134.533111600000012, 7.3484778 ], [ 134.5327759, 7.348711 ], [ 134.532760599999989, 7.3488193 ], [ 134.532638600000013, 7.3491139 ], [ 134.532623300000012, 7.3492165 ], [ 134.5325623, 7.3492665 ], [ 134.5325928, 7.3493862 ], [ 134.5325623, 7.3495221 ], [ 134.532409699999988, 7.3497443 ], [ 134.5323334, 7.3498278 ], [ 134.532272299999988, 7.349875 ], [ 134.532287599999989, 7.3499279 ], [ 134.5323334, 7.3499665 ], [ 134.5323181, 7.3500166 ], [ 134.53225710000001, 7.3500586 ], [ 134.5321808, 7.3502026 ], [ 134.5321045, 7.3502917 ], [ 134.5319977, 7.3503804 ], [ 134.5318451, 7.35045 ], [ 134.5317688, 7.3505387 ], [ 134.5315704, 7.350678 ], [ 134.531539900000013, 7.3508139 ], [ 134.5314636, 7.3509278 ], [ 134.5311585, 7.3509641 ], [ 134.5310059, 7.3510084 ], [ 134.5308685, 7.3510861 ], [ 134.5308075, 7.3511581 ], [ 134.530838, 7.3512335 ], [ 134.53082280000001, 7.3513165 ], [ 134.5307159, 7.3514609 ], [ 134.5305634, 7.3517332 ], [ 134.530471799999987, 7.3518086 ], [ 134.5304108, 7.3518391 ], [ 134.5305328, 7.3519974 ], [ 134.5306549, 7.3521085 ], [ 134.5308075, 7.3523307 ], [ 134.5309753, 7.3524804 ], [ 134.531082199999986, 7.3526082 ], [ 134.5311432, 7.3530555 ], [ 134.5311127, 7.3535914 ], [ 134.5311127, 7.3538055 ], [ 134.531173700000011, 7.3540082 ], [ 134.531311, 7.3540082 ], [ 134.5314026, 7.3535609 ], [ 134.5314636, 7.3534331 ], [ 134.5315704, 7.3533473 ], [ 134.5316315, 7.3531942 ], [ 134.5317688, 7.3530474 ], [ 134.532028200000013, 7.353014 ], [ 134.532287599999989, 7.3528724 ], [ 134.5324402, 7.3528695 ], [ 134.5325775, 7.3528891 ], [ 134.5326843, 7.3530111 ], [ 134.5327301, 7.3530808 ], [ 134.532867399999986, 7.3530502 ], [ 134.53302, 7.3530445 ], [ 134.5332031, 7.3532305 ], [ 134.5336151, 7.3533859 ], [ 134.53370670000001, 7.3535166 ], [ 134.533828699999987, 7.3535028 ], [ 134.533783, 7.3532639 ], [ 134.533721899999989, 7.3530111 ], [ 134.5336914, 7.3526249 ], [ 134.5336609, 7.3521862 ], [ 134.533584600000012, 7.3520055 ], [ 134.5335541, 7.3518529 ], [ 134.533828699999987, 7.3518276 ], [ 134.5338898, 7.3519335 ], [ 134.533828699999987, 7.3522167 ], [ 134.5338898, 7.3522582 ], [ 134.5340271, 7.3520861 ], [ 134.534195, 7.3519278 ], [ 134.5343628, 7.3518362 ], [ 134.534729, 7.3516002 ], [ 134.5350037, 7.3513331 ], [ 134.5351715, 7.3509975 ], [ 134.535385100000013, 7.3505445 ], [ 134.5354309, 7.3502693 ], [ 134.535507200000012, 7.3501864 ], [ 134.5356598, 7.3501668 ], [ 134.5359039, 7.3501835 ], [ 134.5360565, 7.3502054 ], [ 134.5361786, 7.3502498 ], [ 134.5362854, 7.3501639 ], [ 134.536361699999986, 7.3498502 ], [ 134.536361699999986, 7.3497138 ], [ 134.5363312, 7.3495555 ], [ 134.5362854, 7.3494639 ], [ 134.5361786, 7.3494 ], [ 134.5361786, 7.3493223 ], [ 134.536239599999988, 7.3492389 ], [ 134.536361699999986, 7.3491473 ], [ 134.5364533, 7.3489943 ], [ 134.536483800000013, 7.348836 ], [ 134.536468500000012, 7.3487167 ], [ 134.5363312, 7.3484974 ], [ 134.5362091, 7.3482223 ], [ 134.5361939, 7.3480887 ], [ 134.5363159, 7.3478918 ], [ 134.5364075, 7.3478055 ], [ 134.5365448, 7.3477693 ], [ 134.5368958, 7.3478279 ], [ 134.5370026, 7.3479276 ], [ 134.537200899999988, 7.348311 ], [ 134.5372772, 7.3483944 ], [ 134.5374603, 7.3484473 ], [ 134.5377197, 7.3484836 ], [ 134.5379639, 7.3485475 ], [ 134.5381165, 7.3485475 ], [ 134.53863530000001, 7.3486943 ], [ 134.5388336, 7.3486943 ], [ 134.5389404, 7.3486724 ], [ 134.5393982, 7.3486943 ], [ 134.5396881, 7.3487415 ], [ 134.5401611, 7.3488584 ], [ 134.5402527, 7.3489137 ], [ 134.5402527, 7.3490138 ], [ 134.5401611, 7.3491836 ], [ 134.5399017, 7.3494721 ], [ 134.5397797, 7.3495526 ], [ 134.539611799999989, 7.3496027 ], [ 134.539367700000014, 7.3495832 ], [ 134.5391998, 7.3495445 ], [ 134.538986200000011, 7.349525 ], [ 134.5388184, 7.3495474 ], [ 134.538406400000014, 7.3495693 ], [ 134.5381928, 7.3495665 ], [ 134.538024900000011, 7.3495445 ], [ 134.5378418, 7.3495693 ], [ 134.5374908, 7.3497391 ], [ 134.5373993, 7.3498778 ], [ 134.5372467, 7.3501835 ], [ 134.5371399, 7.350275 ], [ 134.5369873, 7.3503614 ], [ 134.53671270000001, 7.3504725 ], [ 134.5365295, 7.3504639 ], [ 134.53610230000001, 7.3503666 ], [ 134.5357208, 7.350328 ], [ 134.5356598, 7.3503389 ], [ 134.535614, 7.3504195 ], [ 134.5355682, 7.3506026 ], [ 134.5353699, 7.3510194 ], [ 134.5352325, 7.3512387 ], [ 134.5351715, 7.3514166 ], [ 134.5350952, 7.3515225 ], [ 134.5348358, 7.3516974 ], [ 134.5347138, 7.3518748 ], [ 134.534332299999988, 7.3519859 ], [ 134.5339813, 7.3524137 ], [ 134.533966099999986, 7.3524804 ], [ 134.534057600000011, 7.3524637 ], [ 134.534195, 7.3523831 ], [ 134.5343018, 7.3522887 ], [ 134.5344086, 7.3522472 ], [ 134.534530600000011, 7.3521776 ], [ 134.5346985, 7.3521776 ], [ 134.5350494, 7.352139 ], [ 134.5351715, 7.3522306 ], [ 134.5352173, 7.3522248 ], [ 134.5352631, 7.3521442 ], [ 134.535385100000013, 7.352097 ], [ 134.535553, 7.3520947 ], [ 134.5356751, 7.3521333 ], [ 134.5362701, 7.3521419 ], [ 134.5365295, 7.3521252 ], [ 134.536743199999989, 7.3521915 ], [ 134.5369263, 7.3522697 ], [ 134.53706360000001, 7.3522973 ], [ 134.5371857, 7.3522334 ], [ 134.537551900000011, 7.3521833 ], [ 134.537689199999988, 7.3522248 ], [ 134.5377655, 7.3522973 ], [ 134.5379486, 7.3522887 ], [ 134.5381165, 7.3522334 ], [ 134.5385437, 7.3521304 ], [ 134.538681, 7.3520498 ], [ 134.5388489, 7.3519249 ], [ 134.5390167, 7.3518276 ], [ 134.539505, 7.3517499 ], [ 134.539505, 7.3516917 ], [ 134.5395813, 7.3516417 ], [ 134.539566, 7.3516026 ], [ 134.5395355, 7.3516192 ], [ 134.5395203, 7.3515887 ], [ 134.53959660000001, 7.3515472 ], [ 134.539611799999989, 7.3515778 ], [ 134.53959660000001, 7.3515916 ], [ 134.539611799999989, 7.3516278 ], [ 134.5396576, 7.3516054 ], [ 134.5397034, 7.351686 ], [ 134.5397644, 7.3516722 ], [ 134.539825400000012, 7.3516083 ], [ 134.5399323, 7.3515554 ], [ 134.540084799999988, 7.3514304 ], [ 134.540206899999987, 7.3513026 ], [ 134.5402374, 7.3511472 ], [ 134.540313700000013, 7.3510447 ], [ 134.5405426, 7.3509831 ], [ 134.5406036, 7.3508444 ], [ 134.540679899999986, 7.3508472 ], [ 134.5410156, 7.3505974 ], [ 134.541183499999988, 7.3505054 ], [ 134.541671799999989, 7.3502832 ], [ 134.5419617, 7.350111 ], [ 134.542266899999987, 7.3499999 ], [ 134.543212899999986, 7.3498168 ], [ 134.543869, 7.3498721 ], [ 134.5443268, 7.3499417 ], [ 134.544555699999989, 7.3500419 ], [ 134.544891400000012, 7.3501473 ], [ 134.5450592, 7.3500915 ], [ 134.545120200000014, 7.3501415 ], [ 134.5452728, 7.3501167 ], [ 134.5454254, 7.3501277 ], [ 134.5458679, 7.3502359 ], [ 134.5461426, 7.3503304 ], [ 134.5463715, 7.3504582 ], [ 134.5465241, 7.3506165 ], [ 134.5468292, 7.3508582 ], [ 134.5469055, 7.3510666 ], [ 134.546951299999989, 7.3513308 ], [ 134.5469666, 7.3515444 ], [ 134.5471191, 7.3516111 ], [ 134.5471954, 7.3517919 ], [ 134.547287, 7.3517723 ], [ 134.5475159, 7.3519278 ], [ 134.548172, 7.3522363 ], [ 134.5482788, 7.3523998 ], [ 134.5483246, 7.3525362 ], [ 134.5484161, 7.3525777 ], [ 134.5484467, 7.3526387 ], [ 134.548492399999986, 7.3526335 ], [ 134.548523, 7.3525276 ], [ 134.5485535, 7.3524637 ], [ 134.5486908, 7.352447 ], [ 134.5489349, 7.3524637 ], [ 134.549224900000013, 7.3525085 ], [ 134.5495606, 7.3525944 ], [ 134.549697900000012, 7.352664 ], [ 134.54980470000001, 7.3526416 ], [ 134.5500946, 7.3528137 ], [ 134.5502014, 7.352839 ], [ 134.550293, 7.3528276 ], [ 134.5503693, 7.3528805 ], [ 134.550552399999987, 7.3528833 ], [ 134.5509644, 7.3529277 ], [ 134.5510864, 7.3529697 ], [ 134.551269499999989, 7.3531637 ], [ 134.5512848, 7.3532639 ], [ 134.551254300000011, 7.353322 ], [ 134.551376299999987, 7.3533416 ], [ 134.5514221, 7.3532972 ], [ 134.551498400000014, 7.3533554 ], [ 134.551498400000014, 7.3534222 ], [ 134.5515442, 7.3533168 ], [ 134.551605200000012, 7.3532529 ], [ 134.5516968, 7.3532333 ], [ 134.5522766, 7.3529835 ], [ 134.5524292, 7.3528972 ], [ 134.5528565, 7.3528805 ], [ 134.552963299999988, 7.3528223 ], [ 134.5531006, 7.3528137 ], [ 134.5535889, 7.3528304 ], [ 134.553665200000012, 7.3527665 ], [ 134.5538483, 7.3527308 ], [ 134.5540009, 7.3527498 ], [ 134.5540466, 7.3527832 ], [ 134.5544128, 7.3527279 ], [ 134.554489100000012, 7.3526526 ], [ 134.5545807, 7.3526082 ], [ 134.5547028, 7.3526082 ], [ 134.5547943, 7.3526387 ], [ 134.5548401, 7.3526917 ], [ 134.5549011, 7.3526945 ], [ 134.5549622, 7.3526502 ], [ 134.5551758, 7.3526001 ], [ 134.5552826, 7.352561 ], [ 134.555938700000013, 7.352561 ], [ 134.556060800000012, 7.3526001 ], [ 134.556366, 7.3526278 ], [ 134.5565033, 7.3526053 ], [ 134.5567627, 7.3525333 ], [ 134.557022100000012, 7.3524251 ], [ 134.557159399999989, 7.3524165 ], [ 134.5573731, 7.3524556 ], [ 134.557769799999988, 7.3523192 ], [ 134.557876599999986, 7.3523002 ], [ 134.557998700000013, 7.3523054 ], [ 134.5583801, 7.3525972 ], [ 134.558471700000013, 7.3526363 ], [ 134.55867, 7.3528805 ], [ 134.5587769, 7.3529363 ], [ 134.558822600000013, 7.3529887 ], [ 134.558853199999987, 7.3530693 ], [ 134.5589142, 7.353147 ], [ 134.5591431, 7.3532558 ], [ 134.5592346, 7.3533945 ], [ 134.559372, 7.3538332 ], [ 134.559372, 7.3539085 ], [ 134.5594635, 7.3540974 ], [ 134.5594788, 7.3541832 ], [ 134.5594482, 7.3543167 ], [ 134.559372, 7.3544583 ], [ 134.559372, 7.3545303 ], [ 134.5593414, 7.3546443 ], [ 134.5591583, 7.3549609 ], [ 134.5591431, 7.3550553 ], [ 134.5591126, 7.3552084 ], [ 134.5591278, 7.3555832 ], [ 134.5590973, 7.355711 ], [ 134.559082, 7.3558221 ], [ 134.5591278, 7.355875 ], [ 134.559188799999987, 7.3558054 ], [ 134.5592804, 7.3558612 ], [ 134.5593567, 7.3559556 ], [ 134.5594025, 7.3561053 ], [ 134.559372, 7.3561945 ], [ 134.5595856, 7.35635 ], [ 134.5596466, 7.3565054 ], [ 134.5598908, 7.3567276 ], [ 134.5599365, 7.3568306 ], [ 134.5602417, 7.3570862 ], [ 134.560318, 7.3571334 ], [ 134.560409600000014, 7.3571611 ], [ 134.56050110000001, 7.3572416 ], [ 134.5605927, 7.3572998 ], [ 134.5608521, 7.357553 ], [ 134.5610046, 7.357861 ], [ 134.5610352, 7.3578916 ], [ 134.5610657, 7.3579249 ], [ 134.56111150000001, 7.3579416 ], [ 134.5612183, 7.3580637 ], [ 134.561264, 7.3582501 ], [ 134.561142, 7.358386 ], [ 134.5610046, 7.3591418 ], [ 134.5610657, 7.3591442 ], [ 134.56111150000001, 7.3589001 ], [ 134.561203, 7.3589139 ], [ 134.5612793, 7.3584776 ], [ 134.5612793, 7.3584557 ], [ 134.561355600000013, 7.3584609 ], [ 134.561554, 7.3584695 ], [ 134.561843900000014, 7.3585167 ], [ 134.5618591, 7.3585081 ], [ 134.5618897, 7.3584805 ], [ 134.5618744, 7.3584333 ], [ 134.561828600000013, 7.3582888 ], [ 134.5617981, 7.3580084 ], [ 134.5617676, 7.3578057 ], [ 134.5617676, 7.3575501 ], [ 134.5617828, 7.3574305 ], [ 134.561737099999988, 7.3572998 ], [ 134.561706500000014, 7.357111 ], [ 134.561706500000014, 7.3571081 ], [ 134.5616455, 7.3568859 ], [ 134.561599699999988, 7.3566055 ], [ 134.5615387, 7.3564529 ], [ 134.561554, 7.3563752 ], [ 134.561462400000011, 7.356175 ], [ 134.5614166, 7.3559942 ], [ 134.5614166, 7.3559918 ], [ 134.5614014, 7.3558278 ], [ 134.5614166, 7.3556166 ], [ 134.561462400000011, 7.3555446 ], [ 134.561676, 7.3555331 ], [ 134.561843900000014, 7.3554945 ], [ 134.5619965, 7.3555002 ], [ 134.5620575, 7.3555446 ], [ 134.56207280000001, 7.3555861 ], [ 134.5621491, 7.3556471 ], [ 134.562194799999986, 7.35565 ], [ 134.5625153, 7.3557224 ], [ 134.5624847, 7.3558335 ], [ 134.562316900000013, 7.3557887 ], [ 134.5622864, 7.3558083 ], [ 134.562316900000013, 7.3559165 ], [ 134.5622864, 7.3559833 ], [ 134.5621491, 7.3560276 ], [ 134.5619202, 7.3560305 ], [ 134.5617676, 7.356236 ], [ 134.5617676, 7.3563724 ], [ 134.561843900000014, 7.3564668 ], [ 134.5618744, 7.3565526 ], [ 134.561828600000013, 7.3567891 ], [ 134.5618744, 7.3568974 ], [ 134.5619049, 7.3573971 ], [ 134.56193540000001, 7.3575363 ], [ 134.561950700000011, 7.3576832 ], [ 134.5619049, 7.3577666 ], [ 134.5619049, 7.357903 ], [ 134.5619812, 7.3581557 ], [ 134.5620117, 7.3585391 ], [ 134.5622711, 7.3586917 ], [ 134.562698399999988, 7.3590026 ], [ 134.5629578, 7.3591332 ], [ 134.5630035, 7.3591585 ], [ 134.5630646, 7.3591418 ], [ 134.5631409, 7.3591585 ], [ 134.5632019, 7.3592081 ], [ 134.5631409, 7.3592944 ], [ 134.5632172, 7.3595748 ], [ 134.563293499999986, 7.3596668 ], [ 134.5633545, 7.3597527 ], [ 134.56350710000001, 7.3598251 ], [ 134.5635834, 7.3599081 ], [ 134.5637817, 7.360014 ], [ 134.56399540000001, 7.3602333 ], [ 134.5642853, 7.3608861 ], [ 134.5643921, 7.3612919 ], [ 134.5643768, 7.3613915 ], [ 134.5643158, 7.3615112 ], [ 134.56427, 7.3616638 ], [ 134.5641785, 7.3619194 ], [ 134.564117399999986, 7.3621526 ], [ 134.564117399999986, 7.3623223 ], [ 134.5639191, 7.3626027 ], [ 134.5637817, 7.3626609 ], [ 134.5634308, 7.3628583 ], [ 134.5632019, 7.3629584 ], [ 134.5630951, 7.3630276 ], [ 134.5628357, 7.3630304 ], [ 134.562789900000013, 7.3629723 ], [ 134.562698399999988, 7.3629193 ], [ 134.5627747, 7.3631415 ], [ 134.5627289, 7.3632665 ], [ 134.5626373, 7.3633084 ], [ 134.5622406, 7.3633971 ], [ 134.562027, 7.3633862 ], [ 134.5618744, 7.3633332 ], [ 134.561615, 7.3633361 ], [ 134.5614014, 7.3632417 ], [ 134.5612946, 7.363214 ], [ 134.5612183, 7.3631611 ], [ 134.5611877, 7.3630748 ], [ 134.561126699999988, 7.3630776 ], [ 134.5610809, 7.3631859 ], [ 134.561126699999988, 7.3633752 ], [ 134.56111150000001, 7.3634501 ], [ 134.5609589, 7.3635082 ], [ 134.560745200000014, 7.3635387 ], [ 134.5607147, 7.3635721 ], [ 134.560760499999986, 7.3636389 ], [ 134.5608063, 7.363647 ], [ 134.560882600000014, 7.3636193 ], [ 134.5609283, 7.3636279 ], [ 134.5609436, 7.3636918 ], [ 134.560882600000014, 7.3637776 ], [ 134.5609131, 7.363811 ], [ 134.5609589, 7.3637943 ], [ 134.5610504, 7.3638387 ], [ 134.5611725, 7.3639474 ], [ 134.5614166, 7.364286 ], [ 134.561477700000012, 7.3644862 ], [ 134.561554, 7.3645916 ], [ 134.5617523, 7.3651362 ], [ 134.561843900000014, 7.3654499 ], [ 134.5618591, 7.3658891 ], [ 134.561843900000014, 7.3660359 ], [ 134.5618134, 7.3661165 ], [ 134.5619659, 7.3663416 ], [ 134.5620117, 7.3665609 ], [ 134.5620422, 7.3668389 ], [ 134.5621491, 7.3669028 ], [ 134.562194799999986, 7.3670111 ], [ 134.562194799999986, 7.367311 ], [ 134.5622864, 7.3674026 ], [ 134.5624542, 7.3675194 ], [ 134.5626526, 7.3676086 ], [ 134.562789900000013, 7.3677502 ], [ 134.5628815, 7.3679695 ], [ 134.5629578, 7.3681612 ], [ 134.5630035, 7.3680582 ], [ 134.5630951, 7.3679667 ], [ 134.5631409, 7.3679776 ], [ 134.563385, 7.3677111 ], [ 134.5635834, 7.3677054 ], [ 134.563751200000013, 7.3678193 ], [ 134.564224200000012, 7.3680749 ], [ 134.564239500000014, 7.3681002 ], [ 134.564361600000012, 7.3683305 ], [ 134.5646362, 7.3685751 ], [ 134.564712500000013, 7.3686972 ], [ 134.564682, 7.3688722 ], [ 134.564621, 7.3690195 ], [ 134.564621, 7.3691611 ], [ 134.564682, 7.3691888 ], [ 134.56495670000001, 7.3694501 ], [ 134.565078699999987, 7.3695998 ], [ 134.5654602, 7.3699307 ], [ 134.565567, 7.3701749 ], [ 134.5655518, 7.3703361 ], [ 134.5653687, 7.3708167 ] ], [ [ 134.5350952, 7.3459859 ], [ 134.5351257, 7.3457222 ], [ 134.5351715, 7.3456359 ], [ 134.5352631, 7.3456054 ], [ 134.5354309, 7.3453665 ], [ 134.535522500000013, 7.3453169 ], [ 134.5355682, 7.3451943 ], [ 134.535553, 7.3450947 ], [ 134.5355377, 7.3450556 ], [ 134.535553, 7.3449831 ], [ 134.5355835, 7.3449445 ], [ 134.5355988, 7.3448973 ], [ 134.5358276, 7.3448668 ], [ 134.5359345, 7.3447223 ], [ 134.536026, 7.3446307 ], [ 134.53610230000001, 7.3445249 ], [ 134.5361328, 7.3444276 ], [ 134.53610230000001, 7.344111 ], [ 134.5360413, 7.3440557 ], [ 134.535965, 7.3438888 ], [ 134.535995500000013, 7.3437748 ], [ 134.535995500000013, 7.3435974 ], [ 134.5359345, 7.343472 ], [ 134.5358124, 7.3432641 ], [ 134.5357971, 7.3431473 ], [ 134.5357361, 7.3430638 ], [ 134.5356751, 7.342936 ], [ 134.5357056, 7.3428502 ], [ 134.535751299999987, 7.3428888 ], [ 134.535751299999987, 7.3429527 ], [ 134.5358124, 7.3430224 ], [ 134.535965, 7.3431058 ], [ 134.5358582, 7.3431668 ], [ 134.535873400000014, 7.343214 ], [ 134.5359039, 7.3432946 ], [ 134.535980200000012, 7.3433585 ], [ 134.5361633, 7.3434501 ], [ 134.5362701, 7.3434529 ], [ 134.5363312, 7.3434057 ], [ 134.536361699999986, 7.343339 ], [ 134.536346400000014, 7.3432474 ], [ 134.536361699999986, 7.3431554 ], [ 134.5363312, 7.3431139 ], [ 134.536254899999989, 7.3430696 ], [ 134.5361786, 7.34305 ], [ 134.53610230000001, 7.3430529 ], [ 134.53610230000001, 7.3429942 ], [ 134.5361633, 7.3429251 ], [ 134.5362091, 7.342947 ], [ 134.5362701, 7.3429418 ], [ 134.5363159, 7.3429027 ], [ 134.5363312, 7.342814 ], [ 134.536377, 7.342803 ], [ 134.5364227, 7.342711 ], [ 134.536438, 7.3426137 ], [ 134.536483800000013, 7.3425584 ], [ 134.5365448, 7.3423863 ], [ 134.53657530000001, 7.3419752 ], [ 134.5366516, 7.3416529 ], [ 134.53671270000001, 7.3415527 ], [ 134.53671270000001, 7.3414192 ], [ 134.5366821, 7.3411946 ], [ 134.536743199999989, 7.3411584 ], [ 134.5368195, 7.3410363 ], [ 134.5368652, 7.340889 ], [ 134.5369263, 7.3407502 ], [ 134.536956800000013, 7.3406196 ], [ 134.5370026, 7.3400278 ], [ 134.5369873, 7.3398113 ], [ 134.5370483, 7.3397307 ], [ 134.5370331, 7.3396778 ], [ 134.53706360000001, 7.3395777 ], [ 134.5371246, 7.339561 ], [ 134.537200899999988, 7.3394585 ], [ 134.5373993, 7.3391333 ], [ 134.5375061, 7.338975 ], [ 134.5375977, 7.3388195 ], [ 134.537674, 7.338747 ], [ 134.5378723, 7.3385363 ], [ 134.5378723, 7.3383389 ], [ 134.5380096, 7.3379502 ], [ 134.5381012, 7.3377695 ], [ 134.538162199999988, 7.3374944 ], [ 134.538284299999987, 7.3374276 ], [ 134.5385284, 7.3370943 ], [ 134.5385895, 7.3369694 ], [ 134.5386658, 7.3368807 ], [ 134.538772599999987, 7.336822 ], [ 134.538879400000013, 7.3365998 ], [ 134.539123499999988, 7.3364248 ], [ 134.5391998, 7.3363195 ], [ 134.5392914, 7.3362417 ], [ 134.5393066, 7.3360748 ], [ 134.5393982, 7.3360724 ], [ 134.539489800000013, 7.3357973 ], [ 134.5397797, 7.3356972 ], [ 134.5401306, 7.3356609 ], [ 134.5402679, 7.3356252 ], [ 134.54039, 7.3355694 ], [ 134.5405273, 7.3355751 ], [ 134.5405121, 7.3354807 ], [ 134.5406342, 7.3354859 ], [ 134.540741, 7.3355389 ], [ 134.5408478, 7.3354836 ], [ 134.5409851, 7.3354778 ], [ 134.5412598, 7.3354306 ], [ 134.5413361, 7.3353725 ], [ 134.5414429, 7.33535 ], [ 134.5419617, 7.3352776 ], [ 134.5420685, 7.3352165 ], [ 134.5423279, 7.3352027 ], [ 134.542480500000011, 7.3351779 ], [ 134.5425415, 7.3351278 ], [ 134.5426483, 7.3349862 ], [ 134.5428009, 7.3349557 ], [ 134.5430298, 7.3349695 ], [ 134.5432892, 7.335011 ], [ 134.54342650000001, 7.335053 ], [ 134.543685900000014, 7.335228 ], [ 134.543792700000012, 7.3352723 ], [ 134.5438995, 7.3352585 ], [ 134.5440064, 7.3352027 ], [ 134.5441437, 7.3351665 ], [ 134.5442505, 7.3350778 ], [ 134.5444183, 7.3349972 ], [ 134.5445862, 7.3349443 ], [ 134.544662499999987, 7.3348475 ], [ 134.5447235, 7.3347998 ], [ 134.544891400000012, 7.3347526 ], [ 134.545013399999988, 7.3347278 ], [ 134.5455322, 7.3348389 ], [ 134.545639, 7.3347859 ], [ 134.545730600000013, 7.334722 ], [ 134.545837400000011, 7.3344889 ], [ 134.5459137, 7.3344002 ], [ 134.5461426, 7.3343582 ], [ 134.546203600000013, 7.3342891 ], [ 134.5463562, 7.3342695 ], [ 134.5465088, 7.3342748 ], [ 134.5466309, 7.3343139 ], [ 134.5467835, 7.3342695 ], [ 134.5468292, 7.3342333 ], [ 134.5467835, 7.3341193 ], [ 134.5467377, 7.3340859 ], [ 134.5467224, 7.3340387 ], [ 134.5467835, 7.3339558 ], [ 134.546707199999986, 7.3338666 ], [ 134.5467835, 7.3338113 ], [ 134.546875, 7.3336749 ], [ 134.546875, 7.3335166 ], [ 134.546814, 7.3332195 ], [ 134.5468597, 7.3331113 ], [ 134.5469208, 7.3329945 ], [ 134.547164900000013, 7.3327613 ], [ 134.5473938, 7.3323445 ], [ 134.5475769, 7.3321056 ], [ 134.5476074, 7.3319197 ], [ 134.5475922, 7.3317862 ], [ 134.547637900000012, 7.3317056 ], [ 134.547637900000012, 7.3316474 ], [ 134.5475922, 7.3315058 ], [ 134.547546399999987, 7.3314471 ], [ 134.5474854, 7.331461 ], [ 134.5474701, 7.3315029 ], [ 134.54740910000001, 7.3314972 ], [ 134.5473938, 7.3314748 ], [ 134.547424299999989, 7.3314419 ], [ 134.54740910000001, 7.3313999 ], [ 134.5474701, 7.3313112 ], [ 134.5474701, 7.3312554 ], [ 134.547424299999989, 7.3312416 ], [ 134.547348, 7.3312721 ], [ 134.547226, 7.3313446 ], [ 134.547073399999988, 7.331461 ], [ 134.5467529, 7.3314195 ], [ 134.5466156, 7.3314695 ], [ 134.5465241, 7.3315306 ], [ 134.5463409, 7.3317165 ], [ 134.5462647, 7.331728 ], [ 134.5462341, 7.3316112 ], [ 134.5461731, 7.3314972 ], [ 134.546203600000013, 7.3314304 ], [ 134.5463409, 7.3312721 ], [ 134.546463, 7.3311973 ], [ 134.5465088, 7.3311167 ], [ 134.5466003, 7.3309474 ], [ 134.5466309, 7.3308249 ], [ 134.546707199999986, 7.3307276 ], [ 134.5467835, 7.3306637 ], [ 134.546875, 7.3306165 ], [ 134.5469666, 7.3305998 ], [ 134.5470123, 7.3306193 ], [ 134.547058099999987, 7.3305974 ], [ 134.5470886, 7.3305335 ], [ 134.54727170000001, 7.3305388 ], [ 134.5473175, 7.3305693 ], [ 134.54740910000001, 7.3305168 ], [ 134.5476227, 7.3304887 ], [ 134.547653200000013, 7.3304305 ], [ 134.547653200000013, 7.3303638 ], [ 134.5476227, 7.3302527 ], [ 134.547653200000013, 7.3301196 ], [ 134.547668499999986, 7.3299666 ], [ 134.547637900000012, 7.329864 ], [ 134.5477448, 7.3296084 ], [ 134.5477295, 7.3295112 ], [ 134.547668499999986, 7.3294835 ], [ 134.5475922, 7.3295054 ], [ 134.5471954, 7.3295388 ], [ 134.5471191, 7.3295665 ], [ 134.5470276, 7.3296447 ], [ 134.5469208, 7.3296723 ], [ 134.546707199999986, 7.3296609 ], [ 134.546585099999987, 7.329689 ], [ 134.546402, 7.3297863 ], [ 134.5462647, 7.3299527 ], [ 134.5461731, 7.3299499 ], [ 134.546096799999987, 7.3299165 ], [ 134.5459442, 7.3297558 ], [ 134.5458832, 7.3297582 ], [ 134.5458069, 7.3298054 ], [ 134.5454407, 7.3296666 ], [ 134.5454102, 7.329639 ], [ 134.5453949, 7.3294945 ], [ 134.5453186, 7.3293834 ], [ 134.545242300000012, 7.3293028 ], [ 134.544784600000014, 7.3291721 ], [ 134.54438780000001, 7.3291831 ], [ 134.5443115, 7.3291416 ], [ 134.544281, 7.329072 ], [ 134.544281, 7.3289971 ], [ 134.544067399999989, 7.3288388 ], [ 134.5438995, 7.3287721 ], [ 134.5437775, 7.3287582 ], [ 134.5436707, 7.328814 ], [ 134.5435028, 7.3290224 ], [ 134.543441800000011, 7.3291526 ], [ 134.5432739, 7.3294416 ], [ 134.5430756, 7.3297248 ], [ 134.5429993, 7.3297834 ], [ 134.542739899999987, 7.3298807 ], [ 134.542617799999988, 7.3298998 ], [ 134.5425415, 7.3298974 ], [ 134.5424652, 7.3298416 ], [ 134.542236300000013, 7.3298583 ], [ 134.542007500000011, 7.3300057 ], [ 134.5419617, 7.3300695 ], [ 134.54199220000001, 7.3301249 ], [ 134.54199220000001, 7.3302498 ], [ 134.5420685, 7.3303418 ], [ 134.5417023, 7.330411 ], [ 134.541290299999986, 7.3307138 ], [ 134.541168199999987, 7.3307557 ], [ 134.5410767, 7.3307056 ], [ 134.5410156, 7.3307166 ], [ 134.5410004, 7.33075 ], [ 134.5407562, 7.3307834 ], [ 134.5406189, 7.3309054 ], [ 134.5404663, 7.3308196 ], [ 134.5402527, 7.330864 ], [ 134.539840700000013, 7.3308196 ], [ 134.5395508, 7.3308334 ], [ 134.5392151, 7.3307915 ], [ 134.5389099, 7.3307276 ], [ 134.538894699999986, 7.3307109 ], [ 134.5388184, 7.3306332 ], [ 134.5387421, 7.3306141 ], [ 134.538650499999989, 7.3306332 ], [ 134.5385895, 7.3305583 ], [ 134.538513200000011, 7.3305359 ], [ 134.5384674, 7.3304973 ], [ 134.538391100000013, 7.3305111 ], [ 134.5383301, 7.3305917 ], [ 134.538284299999987, 7.3306832 ], [ 134.538284299999987, 7.3307586 ], [ 134.538208, 7.3307943 ], [ 134.5381165, 7.3308249 ], [ 134.5379944, 7.3307724 ], [ 134.5378571, 7.3307777 ], [ 134.537674, 7.3303776 ], [ 134.5376587, 7.3302002 ], [ 134.537735, 7.3299141 ], [ 134.5378723, 7.3296332 ], [ 134.537933399999986, 7.329525 ], [ 134.538024900000011, 7.3294611 ], [ 134.5380554, 7.3293724 ], [ 134.5380096, 7.3292804 ], [ 134.537902800000012, 7.3291946 ], [ 134.537689199999988, 7.3291249 ], [ 134.5376434, 7.3290944 ], [ 134.53753660000001, 7.3291054 ], [ 134.5374146, 7.3291388 ], [ 134.537307700000014, 7.3291998 ], [ 134.537078900000012, 7.3290863 ], [ 134.536956800000013, 7.3291583 ], [ 134.536972100000014, 7.3293276 ], [ 134.537200899999988, 7.3296084 ], [ 134.5371246, 7.3296971 ], [ 134.536972100000014, 7.3298359 ], [ 134.536911, 7.3299112 ], [ 134.53685, 7.3300581 ], [ 134.536743199999989, 7.3301668 ], [ 134.5366516, 7.3301306 ], [ 134.5365448, 7.3301611 ], [ 134.536468500000012, 7.3302751 ], [ 134.536346400000014, 7.3302417 ], [ 134.536254899999989, 7.3302779 ], [ 134.5361786, 7.330225 ], [ 134.5358124, 7.330122 ], [ 134.535751299999987, 7.3301249 ], [ 134.5357056, 7.3301945 ], [ 134.5355835, 7.3301973 ], [ 134.535522500000013, 7.3302307 ], [ 134.535491900000011, 7.3301473 ], [ 134.5354462, 7.3300443 ], [ 134.5354462, 7.3298307 ], [ 134.5353699, 7.3297248 ], [ 134.5353241, 7.3295999 ], [ 134.535293599999989, 7.329411 ], [ 134.5353088, 7.3293085 ], [ 134.5353088, 7.3291502 ], [ 134.5352478, 7.3290696 ], [ 134.5352325, 7.3289776 ], [ 134.5353088, 7.3288417 ], [ 134.5353546, 7.3287082 ], [ 134.535400399999986, 7.3286252 ], [ 134.535491900000011, 7.3285418 ], [ 134.535614, 7.3284693 ], [ 134.5356903, 7.3283863 ], [ 134.5357056, 7.3283 ], [ 134.535553, 7.3280387 ], [ 134.5354614, 7.3277583 ], [ 134.535385100000013, 7.3274889 ], [ 134.5353699, 7.3272748 ], [ 134.535400399999986, 7.3271279 ], [ 134.5354767, 7.3269529 ], [ 134.5355835, 7.326797 ], [ 134.5356598, 7.3267279 ], [ 134.5356751, 7.3266335 ], [ 134.535614, 7.3265834 ], [ 134.535522500000013, 7.3265557 ], [ 134.535034200000013, 7.326622 ], [ 134.5348663, 7.3266029 ], [ 134.5347138, 7.3266277 ], [ 134.534561200000013, 7.3266277 ], [ 134.534454399999987, 7.326611 ], [ 134.5343475, 7.326561 ], [ 134.5342712, 7.3265085 ], [ 134.5342712, 7.3264251 ], [ 134.5342407, 7.3263474 ], [ 134.534057600000011, 7.3262777 ], [ 134.5340424, 7.3262081 ], [ 134.5339966, 7.3261585 ], [ 134.5339356, 7.3261666 ], [ 134.533905, 7.3262081 ], [ 134.533783, 7.3262277 ], [ 134.533721899999989, 7.3262639 ], [ 134.5336914, 7.3263946 ], [ 134.5336609, 7.326447 ], [ 134.5336609, 7.3266611 ], [ 134.5336456, 7.3267279 ], [ 134.5336609, 7.3267918 ], [ 134.533721899999989, 7.3268304 ], [ 134.5338135, 7.3269391 ], [ 134.533859299999989, 7.3270359 ], [ 134.5340424, 7.3271694 ], [ 134.5341034, 7.3272834 ], [ 134.5341339, 7.3274026 ], [ 134.53417970000001, 7.3274808 ], [ 134.534256, 7.3276334 ], [ 134.5342865, 7.3277555 ], [ 134.5342407, 7.327836 ], [ 134.53417970000001, 7.3278861 ], [ 134.534072900000012, 7.3279362 ], [ 134.533950800000014, 7.3280335 ], [ 134.5338745, 7.3281388 ], [ 134.533844, 7.3282418 ], [ 134.533844, 7.328536 ], [ 134.5339356, 7.3288446 ], [ 134.5339966, 7.328928 ], [ 134.5341034, 7.3292947 ], [ 134.534195, 7.3294416 ], [ 134.5342102, 7.3295584 ], [ 134.5341644, 7.3295889 ], [ 134.53417970000001, 7.3296723 ], [ 134.5343018, 7.3298945 ], [ 134.534317, 7.3300943 ], [ 134.5342865, 7.3301835 ], [ 134.5342865, 7.3302331 ], [ 134.5343018, 7.3302693 ], [ 134.5342865, 7.3303695 ], [ 134.534317, 7.3304777 ], [ 134.53417970000001, 7.3306141 ], [ 134.5341339, 7.3307276 ], [ 134.5341644, 7.3308029 ], [ 134.5343781, 7.330914 ], [ 134.534423800000013, 7.3309779 ], [ 134.5345764, 7.3315582 ], [ 134.5344696, 7.3318472 ], [ 134.5345001, 7.3320446 ], [ 134.534439099999986, 7.3320417 ], [ 134.5343781, 7.3319359 ], [ 134.534439099999986, 7.3316026 ], [ 134.5343933, 7.3315582 ], [ 134.534332299999988, 7.3315697 ], [ 134.5342712, 7.331522 ], [ 134.5342712, 7.3314276 ], [ 134.5343475, 7.3313417 ], [ 134.5343781, 7.3312197 ], [ 134.5343781, 7.3310447 ], [ 134.53417970000001, 7.3309193 ], [ 134.5340881, 7.3309445 ], [ 134.534057600000011, 7.3310165 ], [ 134.534057600000011, 7.3311138 ], [ 134.5339356, 7.3313055 ], [ 134.5340118, 7.3314529 ], [ 134.5341034, 7.3314529 ], [ 134.5341339, 7.3314943 ], [ 134.5341187, 7.3315582 ], [ 134.533966099999986, 7.3316193 ], [ 134.5338898, 7.331686 ], [ 134.533828699999987, 7.3317695 ], [ 134.5337524, 7.3319612 ], [ 134.5338135, 7.3320947 ], [ 134.5338745, 7.3323054 ], [ 134.533950800000014, 7.3323751 ], [ 134.5343018, 7.3324113 ], [ 134.5344086, 7.3323779 ], [ 134.534454399999987, 7.3322973 ], [ 134.5345154, 7.3323751 ], [ 134.534530600000011, 7.3325725 ], [ 134.5345917, 7.3326778 ], [ 134.5345917, 7.3327665 ], [ 134.534561200000013, 7.3329196 ], [ 134.5345917, 7.3331361 ], [ 134.534668, 7.3332696 ], [ 134.5348816, 7.3334889 ], [ 134.534927399999987, 7.3335834 ], [ 134.5348969, 7.3337526 ], [ 134.5350494, 7.3339415 ], [ 134.5351257, 7.3339887 ], [ 134.5352173, 7.3340836 ], [ 134.535293599999989, 7.3342114 ], [ 134.5353088, 7.334311 ], [ 134.5350647, 7.3345251 ], [ 134.535034200000013, 7.3346276 ], [ 134.535034200000013, 7.3347082 ], [ 134.5350647, 7.3347917 ], [ 134.5351257, 7.3348446 ], [ 134.5352631, 7.3350639 ], [ 134.5353699, 7.335125 ], [ 134.535400399999986, 7.3352056 ], [ 134.5353394, 7.3353529 ], [ 134.5353241, 7.3354583 ], [ 134.5353699, 7.3355861 ], [ 134.5353546, 7.3356972 ], [ 134.5353699, 7.335814 ], [ 134.5354462, 7.3358526 ], [ 134.5354767, 7.335928 ], [ 134.5354462, 7.3359833 ], [ 134.5353241, 7.3360724 ], [ 134.535293599999989, 7.3363752 ], [ 134.5353088, 7.3364582 ], [ 134.53508, 7.3364363 ], [ 134.535018900000011, 7.3365054 ], [ 134.5348969, 7.3367224 ], [ 134.534805299999988, 7.3368001 ], [ 134.5346527, 7.3368554 ], [ 134.534530600000011, 7.3368945 ], [ 134.5342865, 7.3368692 ], [ 134.5342102, 7.3368835 ], [ 134.5341339, 7.3370724 ], [ 134.534195, 7.3371973 ], [ 134.5342712, 7.3373361 ], [ 134.5342712, 7.3374391 ], [ 134.534317, 7.3375807 ], [ 134.5346222, 7.3380971 ], [ 134.5346985, 7.3381224 ], [ 134.534668, 7.3381972 ], [ 134.5346069, 7.3382917 ], [ 134.5345917, 7.3383889 ], [ 134.5346069, 7.3385887 ], [ 134.534668, 7.3386474 ], [ 134.5348511, 7.3387389 ], [ 134.534912100000014, 7.3387446 ], [ 134.5349426, 7.3390584 ], [ 134.5349884, 7.3391166 ], [ 134.5349426, 7.3391724 ], [ 134.5348663, 7.3391972 ], [ 134.53479, 7.3392501 ], [ 134.5346069, 7.3393502 ], [ 134.5345001, 7.3395166 ], [ 134.534439099999986, 7.3395443 ], [ 134.5344086, 7.3395138 ], [ 134.5343475, 7.339489 ], [ 134.534256, 7.3395472 ], [ 134.53417970000001, 7.3395724 ], [ 134.5341339, 7.339675 ], [ 134.5341339, 7.3397832 ], [ 134.533950800000014, 7.3398471 ], [ 134.533721899999989, 7.3399806 ], [ 134.5336456, 7.3400445 ], [ 134.5336151, 7.3401694 ], [ 134.5337677, 7.3403387 ], [ 134.533859299999989, 7.3404918 ], [ 134.533905, 7.3406334 ], [ 134.53417970000001, 7.3408527 ], [ 134.5341339, 7.3410335 ], [ 134.534072900000012, 7.3410554 ], [ 134.5340118, 7.3411279 ], [ 134.5339356, 7.3412333 ], [ 134.533859299999989, 7.3416972 ], [ 134.5339203, 7.3417554 ], [ 134.533950800000014, 7.3418474 ], [ 134.533905, 7.3420081 ], [ 134.533859299999989, 7.342072 ], [ 134.5337982, 7.3421278 ], [ 134.5337982, 7.3422141 ], [ 134.533828699999987, 7.3422751 ], [ 134.533844, 7.3424029 ], [ 134.533783, 7.3425026 ], [ 134.533599900000013, 7.3426251 ], [ 134.533477799999986, 7.342639 ], [ 134.5332031, 7.3425331 ], [ 134.5330505, 7.342453 ], [ 134.5329437, 7.3423529 ], [ 134.532882699999988, 7.3422055 ], [ 134.5327148, 7.3421888 ], [ 134.5326691, 7.3421278 ], [ 134.5326691, 7.3419943 ], [ 134.532608, 7.3418779 ], [ 134.5325317, 7.341661 ], [ 134.5325775, 7.3416224 ], [ 134.532547, 7.3415556 ], [ 134.5324707, 7.3415556 ], [ 134.532394399999987, 7.3415251 ], [ 134.5323181, 7.3414693 ], [ 134.5323181, 7.3413973 ], [ 134.5322113, 7.3413863 ], [ 134.5321655, 7.3413391 ], [ 134.5322266, 7.3412666 ], [ 134.532196, 7.3411555 ], [ 134.532150300000012, 7.3411164 ], [ 134.532028200000013, 7.3410668 ], [ 134.5319519, 7.3409944 ], [ 134.5318756, 7.3409305 ], [ 134.5311585, 7.3408222 ], [ 134.5310364, 7.3408637 ], [ 134.5307922, 7.3410306 ], [ 134.5307922, 7.3411112 ], [ 134.53082280000001, 7.3412194 ], [ 134.5307617, 7.3413167 ], [ 134.5307159, 7.3414307 ], [ 134.5307159, 7.3415499 ], [ 134.5307312, 7.3416333 ], [ 134.5306549, 7.3419418 ], [ 134.5304108, 7.342514 ], [ 134.5303803, 7.342628 ], [ 134.5304108, 7.3427639 ], [ 134.5306091, 7.3429751 ], [ 134.5306244, 7.3430529 ], [ 134.53068540000001, 7.3432055 ], [ 134.5307465, 7.3432832 ], [ 134.5308533, 7.3432641 ], [ 134.5308838, 7.3433418 ], [ 134.5308838, 7.3434558 ], [ 134.530944799999986, 7.3435168 ], [ 134.531051600000012, 7.3435445 ], [ 134.5311279, 7.3435359 ], [ 134.5312195, 7.3434558 ], [ 134.5313721, 7.3433833 ], [ 134.5315094, 7.3432808 ], [ 134.53164670000001, 7.343153 ], [ 134.531723, 7.3430028 ], [ 134.5317535, 7.3426862 ], [ 134.5318756, 7.3426194 ], [ 134.5319672, 7.3426056 ], [ 134.532028200000013, 7.3425388 ], [ 134.5321045, 7.3423777 ], [ 134.5321655, 7.342361 ], [ 134.5322418, 7.3423915 ], [ 134.532272299999988, 7.342453 ], [ 134.5323029, 7.3425694 ], [ 134.532287599999989, 7.3426609 ], [ 134.53225710000001, 7.3426919 ], [ 134.53225710000001, 7.3427472 ], [ 134.5323334, 7.3427863 ], [ 134.532394399999987, 7.3428669 ], [ 134.5325317, 7.3429527 ], [ 134.532623300000012, 7.3429694 ], [ 134.5327301, 7.3429637 ], [ 134.5328064, 7.3430057 ], [ 134.532898, 7.3430748 ], [ 134.5329437, 7.3431668 ], [ 134.5330353, 7.3432584 ], [ 134.5331421, 7.3432555 ], [ 134.5331574, 7.3432808 ], [ 134.533096300000011, 7.3433113 ], [ 134.5330811, 7.3433971 ], [ 134.5330811, 7.3434472 ], [ 134.53302, 7.3434305 ], [ 134.533004799999986, 7.3433862 ], [ 134.5329285, 7.3433666 ], [ 134.5326538, 7.3433723 ], [ 134.5325775, 7.3433919 ], [ 134.5324402, 7.343514 ], [ 134.5323181, 7.3436832 ], [ 134.5322113, 7.3440585 ], [ 134.5322113, 7.3441668 ], [ 134.5322266, 7.3442669 ], [ 134.5323334, 7.3444581 ], [ 134.5325928, 7.3446498 ], [ 134.532638600000013, 7.3447528 ], [ 134.5326996, 7.3449001 ], [ 134.5325623, 7.3449249 ], [ 134.532501200000013, 7.3449721 ], [ 134.5325623, 7.3450165 ], [ 134.532623300000012, 7.3449974 ], [ 134.5326996, 7.3450141 ], [ 134.5326843, 7.3453527 ], [ 134.5327148, 7.3454223 ], [ 134.5328522, 7.3455138 ], [ 134.5329437, 7.3456807 ], [ 134.533004799999986, 7.3458557 ], [ 134.5331726, 7.345911 ], [ 134.5331879, 7.3459806 ], [ 134.5332642, 7.3460555 ], [ 134.533721899999989, 7.3463502 ], [ 134.5337982, 7.346386 ], [ 134.5339203, 7.3465085 ], [ 134.533966099999986, 7.3465443 ], [ 134.5341492, 7.3465304 ], [ 134.5341492, 7.3463554 ], [ 134.5342865, 7.3462696 ], [ 134.5343781, 7.3462305 ], [ 134.5346527, 7.3462391 ], [ 134.5348358, 7.3462195 ], [ 134.5349426, 7.3461609 ], [ 134.535018900000011, 7.3460946 ], [ 134.5350952, 7.3459859 ] ], [ [ 134.5632172, 7.3545165 ], [ 134.563156099999986, 7.3544831 ], [ 134.5631256, 7.3542585 ], [ 134.5630798, 7.354136 ], [ 134.56303410000001, 7.3539805 ], [ 134.5629578, 7.3538861 ], [ 134.56289670000001, 7.3537526 ], [ 134.5628815, 7.3536611 ], [ 134.5628662, 7.3533168 ], [ 134.562805200000014, 7.3532529 ], [ 134.562789900000013, 7.3531585 ], [ 134.562851, 7.3530779 ], [ 134.5629425, 7.3530054 ], [ 134.562973, 7.3528471 ], [ 134.5630646, 7.3526778 ], [ 134.563156099999986, 7.3526335 ], [ 134.5632477, 7.3525558 ], [ 134.5633087, 7.3524418 ], [ 134.563400300000012, 7.3524056 ], [ 134.56350710000001, 7.3523359 ], [ 134.5636749, 7.3521442 ], [ 134.563736, 7.3520193 ], [ 134.5636902, 7.3519416 ], [ 134.5636749, 7.3518667 ], [ 134.563736, 7.3516946 ], [ 134.563736, 7.3516359 ], [ 134.5637054, 7.3515639 ], [ 134.5637817, 7.3512249 ], [ 134.563659699999988, 7.3511305 ], [ 134.5636139, 7.3510499 ], [ 134.5635986, 7.350975 ], [ 134.5636292, 7.3508778 ], [ 134.5637054, 7.350811 ], [ 134.5638123, 7.3507586 ], [ 134.563888600000013, 7.3506918 ], [ 134.564148, 7.3503223 ], [ 134.564224200000012, 7.3502388 ], [ 134.5643005, 7.3500891 ], [ 134.5644226, 7.3498998 ], [ 134.5645599, 7.3495169 ], [ 134.5646362, 7.3494058 ], [ 134.5646668, 7.3491221 ], [ 134.5646515, 7.3489804 ], [ 134.564605699999987, 7.3490334 ], [ 134.5645142, 7.3490443 ], [ 134.564483599999988, 7.349 ], [ 134.564483599999988, 7.3488584 ], [ 134.5644226, 7.3488221 ], [ 134.5644074, 7.3487139 ], [ 134.5644226, 7.3485889 ], [ 134.56446840000001, 7.3483639 ], [ 134.564605699999987, 7.3481083 ], [ 134.5645599, 7.3481026 ], [ 134.5645599, 7.3479915 ], [ 134.564621, 7.3479056 ], [ 134.564682, 7.347836 ], [ 134.564834600000012, 7.3474112 ], [ 134.564819300000011, 7.3473139 ], [ 134.564743, 7.3471999 ], [ 134.5647736, 7.347075 ], [ 134.5648956, 7.3469334 ], [ 134.5649872, 7.346797 ], [ 134.5651398, 7.3466668 ], [ 134.5653687, 7.3465695 ], [ 134.5658264, 7.3465223 ], [ 134.5659485, 7.3465724 ], [ 134.565979, 7.3466058 ], [ 134.5660248, 7.3465362 ], [ 134.566177399999987, 7.3464694 ], [ 134.56633, 7.3464527 ], [ 134.5664825, 7.346386 ], [ 134.566741900000011, 7.3461137 ], [ 134.5668488, 7.3460445 ], [ 134.5673218, 7.345953 ], [ 134.567504899999989, 7.3459444 ], [ 134.5676422, 7.3458862 ], [ 134.5677033, 7.3457751 ], [ 134.567749, 7.3455887 ], [ 134.5680237, 7.3453169 ], [ 134.5682526, 7.3452444 ], [ 134.5684052, 7.3451805 ], [ 134.568634, 7.3449473 ], [ 134.5688171, 7.3448887 ], [ 134.5689697, 7.3447919 ], [ 134.5690308, 7.3447223 ], [ 134.5691071, 7.3446832 ], [ 134.569183399999986, 7.3447304 ], [ 134.5695648, 7.3446307 ], [ 134.569763200000011, 7.3446002 ], [ 134.5698808, 7.3446213 ], [ 134.5699463, 7.3446331 ], [ 134.570129400000013, 7.3447585 ], [ 134.5701904, 7.3448196 ], [ 134.5703278, 7.3448472 ], [ 134.5704346, 7.344903 ], [ 134.570463, 7.3449564 ], [ 134.5705261, 7.3450751 ], [ 134.570694, 7.345561 ], [ 134.5706482, 7.3457527 ], [ 134.5705719, 7.345839 ], [ 134.5705414, 7.3459473 ], [ 134.5705414, 7.3460641 ], [ 134.5706329, 7.3461723 ], [ 134.5706635, 7.3463054 ], [ 134.5706482, 7.3464279 ], [ 134.570510899999988, 7.3466749 ], [ 134.570495599999987, 7.3468194 ], [ 134.570236200000011, 7.3472085 ], [ 134.5702057, 7.3473196 ], [ 134.570114100000012, 7.3474307 ], [ 134.5700836, 7.3475223 ], [ 134.5701599, 7.347589 ], [ 134.570221, 7.3478141 ], [ 134.5704193, 7.3481112 ], [ 134.5704804, 7.3482499 ], [ 134.5704651, 7.3483863 ], [ 134.5702057, 7.3486362 ], [ 134.5700989, 7.3486638 ], [ 134.570007299999986, 7.3486223 ], [ 134.5698547, 7.3486443 ], [ 134.5697784, 7.348536 ], [ 134.5697327, 7.3484888 ], [ 134.5695953, 7.3485251 ], [ 134.5694428, 7.3486195 ], [ 134.5692444, 7.3487139 ], [ 134.5689545, 7.3489695 ], [ 134.56878660000001, 7.3491502 ], [ 134.5686646, 7.3493695 ], [ 134.5684204, 7.3499999 ], [ 134.5683594, 7.3503027 ], [ 134.56831360000001, 7.3504 ], [ 134.5682373, 7.3504696 ], [ 134.5681, 7.3504834 ], [ 134.5679169, 7.350461 ], [ 134.567749, 7.3503804 ], [ 134.5675507, 7.3502388 ], [ 134.567215, 7.349936 ], [ 134.567138699999987, 7.3498859 ], [ 134.5670929, 7.3499026 ], [ 134.567031899999989, 7.3498888 ], [ 134.5669556, 7.3499222 ], [ 134.5669098, 7.3498998 ], [ 134.5666199, 7.3497443 ], [ 134.5664368, 7.3496556 ], [ 134.5661316, 7.3496666 ], [ 134.565933199999989, 7.3498807 ], [ 134.5656586, 7.3500471 ], [ 134.565582299999988, 7.3503113 ], [ 134.5655365, 7.3507252 ], [ 134.5654602, 7.3512416 ], [ 134.5654907, 7.351325 ], [ 134.5654755, 7.3514195 ], [ 134.5651398, 7.3517919 ], [ 134.5652466, 7.35185 ], [ 134.5652618, 7.3519692 ], [ 134.5652924, 7.3520947 ], [ 134.5652618, 7.3522334 ], [ 134.565216099999986, 7.3523192 ], [ 134.565200800000014, 7.3527527 ], [ 134.5651856, 7.3528223 ], [ 134.565200800000014, 7.3528943 ], [ 134.565155, 7.3529611 ], [ 134.565078699999987, 7.3530054 ], [ 134.5650177, 7.3531165 ], [ 134.5650177, 7.353261 ], [ 134.5649872, 7.3533416 ], [ 134.5649109, 7.3537998 ], [ 134.5648651, 7.3539 ], [ 134.564712500000013, 7.3540196 ], [ 134.564682, 7.3541026 ], [ 134.5645599, 7.3541498 ], [ 134.5645142, 7.3542085 ], [ 134.5643158, 7.3541946 ], [ 134.5642853, 7.3541555 ], [ 134.564239500000014, 7.3541498 ], [ 134.5640717, 7.3544693 ], [ 134.5639343, 7.3546028 ], [ 134.563736, 7.35465 ], [ 134.5634766, 7.3546529 ], [ 134.5634155, 7.3546195 ], [ 134.563385, 7.3545556 ], [ 134.563262900000012, 7.3545361 ], [ 134.5632172, 7.3547053 ], [ 134.5632019, 7.3547859 ], [ 134.563156099999986, 7.3548389 ], [ 134.5631104, 7.3551002 ], [ 134.5630798, 7.3554363 ], [ 134.56303410000001, 7.3554306 ], [ 134.563049299999989, 7.3551416 ], [ 134.5630188, 7.3550944 ], [ 134.5630035, 7.3550277 ], [ 134.563049299999989, 7.3549776 ], [ 134.5630798, 7.3549666 ], [ 134.5631104, 7.3548722 ], [ 134.5630798, 7.3548279 ], [ 134.5630798, 7.3547525 ], [ 134.5631104, 7.3546529 ], [ 134.563171399999987, 7.3546391 ], [ 134.5632172, 7.3545165 ] ], [ [ 134.547073399999988, 7.3435612 ], [ 134.547424299999989, 7.3436499 ], [ 134.5475159, 7.3436499 ], [ 134.547912599999989, 7.3434973 ], [ 134.5479279, 7.3434196 ], [ 134.548141500000014, 7.3431945 ], [ 134.548172, 7.3431168 ], [ 134.5483246, 7.3430028 ], [ 134.548584, 7.3428721 ], [ 134.5487671, 7.3428111 ], [ 134.548980699999987, 7.3425889 ], [ 134.549057, 7.3424721 ], [ 134.5491791, 7.3423638 ], [ 134.549209600000012, 7.342289 ], [ 134.5493774, 7.3421388 ], [ 134.5494995, 7.3420668 ], [ 134.54953, 7.3420081 ], [ 134.5496216, 7.342011 ], [ 134.5498352, 7.3419557 ], [ 134.5498657, 7.3419361 ], [ 134.549881, 7.3419027 ], [ 134.550079399999987, 7.3419027 ], [ 134.550155600000011, 7.3418889 ], [ 134.550186200000013, 7.341928 ], [ 134.5502777, 7.3419862 ], [ 134.550354, 7.3419471 ], [ 134.5503845, 7.3418999 ], [ 134.5505219, 7.3418388 ], [ 134.5505981, 7.3418446 ], [ 134.5506897, 7.3417611 ], [ 134.5506897, 7.3416748 ], [ 134.550643900000011, 7.3415694 ], [ 134.5506744, 7.3415141 ], [ 134.550766, 7.3414474 ], [ 134.550781300000011, 7.3413749 ], [ 134.5508423, 7.341372 ], [ 134.550918599999989, 7.3413334 ], [ 134.5511017, 7.3413305 ], [ 134.551178, 7.341311 ], [ 134.5512238, 7.3412724 ], [ 134.5512238, 7.3411918 ], [ 134.551116900000011, 7.3408055 ], [ 134.5510864, 7.340714 ], [ 134.5511017, 7.3404498 ], [ 134.551147500000013, 7.3402667 ], [ 134.5511627, 7.3401141 ], [ 134.551040699999987, 7.3398113 ], [ 134.5509949, 7.3397498 ], [ 134.5509796, 7.3396807 ], [ 134.551025399999986, 7.3395891 ], [ 134.5512085, 7.3393722 ], [ 134.551239, 7.3392973 ], [ 134.5512238, 7.3391862 ], [ 134.551254300000011, 7.3390665 ], [ 134.5513611, 7.3388333 ], [ 134.5513458, 7.3387332 ], [ 134.551254300000011, 7.3386388 ], [ 134.551132200000012, 7.3385415 ], [ 134.551025399999986, 7.3384972 ], [ 134.550903299999987, 7.3384805 ], [ 134.550781300000011, 7.338511 ], [ 134.5506897, 7.3385944 ], [ 134.550643900000011, 7.3387055 ], [ 134.5505676, 7.3388028 ], [ 134.5504761, 7.3388639 ], [ 134.550415, 7.3390555 ], [ 134.5503998, 7.3392553 ], [ 134.5502167, 7.3394666 ], [ 134.550186200000013, 7.3395777 ], [ 134.550170900000012, 7.3397055 ], [ 134.550155600000011, 7.3401251 ], [ 134.550186200000013, 7.3402834 ], [ 134.5500946, 7.3405862 ], [ 134.550079399999987, 7.3407359 ], [ 134.5500183, 7.3408251 ], [ 134.549881, 7.3410749 ], [ 134.5497742, 7.341114 ], [ 134.5496521, 7.3410835 ], [ 134.5495606, 7.3410001 ], [ 134.549469, 7.3409333 ], [ 134.54933170000001, 7.340889 ], [ 134.549224900000013, 7.3408279 ], [ 134.5490265, 7.3406334 ], [ 134.5489197, 7.3405585 ], [ 134.54884340000001, 7.3405914 ], [ 134.548736600000012, 7.340672 ], [ 134.548721300000011, 7.3407722 ], [ 134.548629799999986, 7.3408585 ], [ 134.548599200000012, 7.3409414 ], [ 134.548584, 7.3412776 ], [ 134.5484009, 7.341547 ], [ 134.5483246, 7.3416224 ], [ 134.5482025, 7.3416638 ], [ 134.5480499, 7.3418388 ], [ 134.54788210000001, 7.3419251 ], [ 134.5477142, 7.3420529 ], [ 134.5476227, 7.3419972 ], [ 134.547531099999986, 7.3418832 ], [ 134.54740910000001, 7.3418779 ], [ 134.5473633, 7.3418946 ], [ 134.547302300000013, 7.3418918 ], [ 134.5472565, 7.3417945 ], [ 134.547180200000014, 7.3417721 ], [ 134.5470276, 7.3418026 ], [ 134.5469971, 7.3418694 ], [ 134.5468903, 7.3419695 ], [ 134.5468597, 7.3421359 ], [ 134.546798700000011, 7.3421917 ], [ 134.546798700000011, 7.3422666 ], [ 134.5468292, 7.3423138 ], [ 134.5466614, 7.3428721 ], [ 134.546676600000012, 7.3429499 ], [ 134.546691900000013, 7.3430362 ], [ 134.5467224, 7.3431501 ], [ 134.5468292, 7.3433499 ], [ 134.546875, 7.3434196 ], [ 134.547073399999988, 7.3435612 ] ], [ [ 134.5484384, 7.3298001 ], [ 134.5483093, 7.329978 ], [ 134.5481567, 7.3301554 ], [ 134.5480042, 7.3302751 ], [ 134.547821, 7.3303528 ], [ 134.5477142, 7.3304915 ], [ 134.5476074, 7.3306279 ], [ 134.547546399999987, 7.330997 ], [ 134.547531099999986, 7.3311224 ], [ 134.547561699999989, 7.3311667 ], [ 134.5475769, 7.3311944 ], [ 134.5479279, 7.3312721 ], [ 134.5480957, 7.3313389 ], [ 134.548172, 7.331439 ], [ 134.5481873, 7.331728 ], [ 134.5481567, 7.3318749 ], [ 134.5480652, 7.3320332 ], [ 134.5480804, 7.3322415 ], [ 134.5481873, 7.3323665 ], [ 134.5483093, 7.3324332 ], [ 134.54837040000001, 7.3324137 ], [ 134.5485535, 7.3322444 ], [ 134.5486908, 7.3321834 ], [ 134.5487824, 7.3319082 ], [ 134.5489044, 7.3318 ], [ 134.5490112, 7.3317833 ], [ 134.5490723, 7.3317137 ], [ 134.5490723, 7.3316026 ], [ 134.549194300000011, 7.3314276 ], [ 134.549408, 7.3313026 ], [ 134.5495453, 7.3312779 ], [ 134.5495606, 7.331203 ], [ 134.5495453, 7.3310919 ], [ 134.549484299999989, 7.3310418 ], [ 134.549194300000011, 7.3309526 ], [ 134.5490265, 7.3309526 ], [ 134.5489197, 7.3309779 ], [ 134.548858599999988, 7.3309169 ], [ 134.548858599999988, 7.3308001 ], [ 134.5489044, 7.3306804 ], [ 134.5489655, 7.3306027 ], [ 134.549087500000013, 7.3305221 ], [ 134.5491486, 7.3303499 ], [ 134.5491581, 7.3303355 ], [ 134.5492401, 7.3302112 ], [ 134.5493164, 7.330153 ], [ 134.5494232, 7.330153 ], [ 134.5495606, 7.3302002 ], [ 134.5496674, 7.3302612 ], [ 134.5497742, 7.3302808 ], [ 134.5497894, 7.3301721 ], [ 134.5497437, 7.330164 ], [ 134.549697900000012, 7.3300891 ], [ 134.5496674, 7.3299527 ], [ 134.5496521, 7.3297668 ], [ 134.5497131, 7.3295169 ], [ 134.5497894, 7.3294082 ], [ 134.5497284, 7.3293333 ], [ 134.549469, 7.3292751 ], [ 134.549057, 7.3293529 ], [ 134.5489197, 7.3293581 ], [ 134.5487671, 7.3294554 ], [ 134.5487061, 7.3295693 ], [ 134.548584, 7.3296862 ], [ 134.5484467, 7.3297887 ], [ 134.5484384, 7.3298001 ] ], [ [ 134.5308533, 7.3252749 ], [ 134.5307312, 7.3252082 ], [ 134.5306549, 7.3252363 ], [ 134.530487099999988, 7.3253861 ], [ 134.530471799999987, 7.3254805 ], [ 134.5303803, 7.3255553 ], [ 134.5303803, 7.3256278 ], [ 134.5304108, 7.325675 ], [ 134.530471799999987, 7.3256974 ], [ 134.5305023, 7.3258085 ], [ 134.5304413, 7.3262863 ], [ 134.530456500000014, 7.3264084 ], [ 134.530365, 7.3265944 ], [ 134.530365, 7.3267307 ], [ 134.5305328, 7.3272748 ], [ 134.530593900000014, 7.3273888 ], [ 134.5307465, 7.3276081 ], [ 134.5307312, 7.3278279 ], [ 134.5307465, 7.3280835 ], [ 134.5307312, 7.3282027 ], [ 134.5306702, 7.3282776 ], [ 134.53068540000001, 7.3286252 ], [ 134.530777, 7.3287416 ], [ 134.530838, 7.3287859 ], [ 134.531051600000012, 7.3290443 ], [ 134.5311585, 7.3291111 ], [ 134.5312195, 7.3292308 ], [ 134.5312805, 7.3292527 ], [ 134.5313721, 7.3292308 ], [ 134.5315247, 7.3290806 ], [ 134.5315857, 7.3288751 ], [ 134.5316315, 7.3286109 ], [ 134.5316315, 7.3284998 ], [ 134.5315704, 7.3283248 ], [ 134.5315247, 7.3279195 ], [ 134.5317078, 7.3277001 ], [ 134.5316925, 7.3276248 ], [ 134.531601, 7.3275609 ], [ 134.531539900000013, 7.3274665 ], [ 134.531539900000013, 7.3273721 ], [ 134.5316315, 7.3271751 ], [ 134.531601, 7.327003 ], [ 134.531555200000014, 7.3269196 ], [ 134.531539900000013, 7.3267779 ], [ 134.5314636, 7.3266692 ], [ 134.5313873, 7.3264666 ], [ 134.5312805, 7.3259778 ], [ 134.531173700000011, 7.3256388 ], [ 134.531066900000013, 7.3254695 ], [ 134.5308533, 7.3252749 ] ], [ [ 134.5390625, 7.3296695 ], [ 134.5391846, 7.3296332 ], [ 134.5393219, 7.3296332 ], [ 134.539489800000013, 7.3295693 ], [ 134.539566, 7.3294611 ], [ 134.5396271, 7.3293362 ], [ 134.5397034, 7.3292861 ], [ 134.5398102, 7.3292613 ], [ 134.5399933, 7.3293109 ], [ 134.5401764, 7.3293915 ], [ 134.54039, 7.3294058 ], [ 134.5404663, 7.3293915 ], [ 134.54055790000001, 7.3293471 ], [ 134.5406494, 7.3292332 ], [ 134.540817299999986, 7.329114 ], [ 134.5409851, 7.3289471 ], [ 134.541183499999988, 7.3286667 ], [ 134.541183499999988, 7.3286138 ], [ 134.5411224, 7.3285279 ], [ 134.541046099999988, 7.3285165 ], [ 134.540863, 7.3285723 ], [ 134.540817299999986, 7.3285165 ], [ 134.540817299999986, 7.3284359 ], [ 134.5407257, 7.3283167 ], [ 134.540573099999989, 7.3282027 ], [ 134.54042050000001, 7.3281474 ], [ 134.5402527, 7.3281584 ], [ 134.540084799999988, 7.3282223 ], [ 134.5398102, 7.328372 ], [ 134.5396423, 7.3284249 ], [ 134.53945920000001, 7.3284416 ], [ 134.5392914, 7.3284416 ], [ 134.539138799999989, 7.328414 ], [ 134.5390167, 7.3283334 ], [ 134.5389099, 7.3282304 ], [ 134.5387878, 7.3281946 ], [ 134.5385437, 7.328239 ], [ 134.5384827, 7.3283501 ], [ 134.5384522, 7.3284917 ], [ 134.538406400000014, 7.3285613 ], [ 134.5384369, 7.3287029 ], [ 134.5385437, 7.3288221 ], [ 134.538650499999989, 7.3288999 ], [ 134.538772599999987, 7.3288779 ], [ 134.538894699999986, 7.3288918 ], [ 134.5389404, 7.3289557 ], [ 134.5389099, 7.3290501 ], [ 134.5388489, 7.329114 ], [ 134.5387116, 7.3292222 ], [ 134.538650499999989, 7.3293276 ], [ 134.5386658, 7.3294334 ], [ 134.5387421, 7.3295221 ], [ 134.538879400000013, 7.3296194 ], [ 134.5390625, 7.3296695 ] ], [ [ 134.531601, 7.3291473 ], [ 134.5315857, 7.3292251 ], [ 134.5316162, 7.3293667 ], [ 134.531677300000013, 7.3294334 ], [ 134.531723, 7.3295331 ], [ 134.53178410000001, 7.3296084 ], [ 134.5318298, 7.3297138 ], [ 134.5318146, 7.329814 ], [ 134.531539900000013, 7.3300276 ], [ 134.5314179, 7.330153 ], [ 134.5313873, 7.3302722 ], [ 134.5313721, 7.3304029 ], [ 134.531326299999989, 7.3305306 ], [ 134.53125, 7.3306193 ], [ 134.5312042, 7.3307695 ], [ 134.5311585, 7.3312473 ], [ 134.5311127, 7.3315501 ], [ 134.531173700000011, 7.331686 ], [ 134.531311, 7.3318138 ], [ 134.5314941, 7.3319197 ], [ 134.5316162, 7.3318973 ], [ 134.531723, 7.3317919 ], [ 134.531723, 7.3316722 ], [ 134.5317078, 7.3315249 ], [ 134.53164670000001, 7.3314276 ], [ 134.531723, 7.3313141 ], [ 134.531799299999989, 7.3312779 ], [ 134.5318756, 7.3310943 ], [ 134.532012900000012, 7.3309083 ], [ 134.5321045, 7.3308334 ], [ 134.5322418, 7.3306193 ], [ 134.5322418, 7.330389 ], [ 134.5323334, 7.3301668 ], [ 134.532272299999988, 7.3300748 ], [ 134.5322113, 7.3296833 ], [ 134.5322266, 7.3296027 ], [ 134.532287599999989, 7.329525 ], [ 134.5323792, 7.3295169 ], [ 134.5324249, 7.3294807 ], [ 134.532486, 7.32935 ], [ 134.532486, 7.3292084 ], [ 134.532394399999987, 7.3290863 ], [ 134.5321655, 7.3289638 ], [ 134.532074, 7.3289805 ], [ 134.5319824, 7.3290248 ], [ 134.531936699999989, 7.3289943 ], [ 134.531601, 7.3291473 ] ], [ [ 134.552932700000014, 7.3420501 ], [ 134.55316160000001, 7.3422971 ], [ 134.5532074, 7.342453 ], [ 134.5532837, 7.3426194 ], [ 134.5533752, 7.3426724 ], [ 134.5534515, 7.3426724 ], [ 134.553558399999986, 7.3425832 ], [ 134.553649900000011, 7.3425498 ], [ 134.5538483, 7.3425279 ], [ 134.553924599999988, 7.3424692 ], [ 134.5539551, 7.3423419 ], [ 134.5539398, 7.3421502 ], [ 134.5539551, 7.3420363 ], [ 134.5539856, 7.3419251 ], [ 134.5540924, 7.3416891 ], [ 134.5541077, 7.3415833 ], [ 134.5540619, 7.3414612 ], [ 134.5539398, 7.3412585 ], [ 134.553894, 7.3411527 ], [ 134.553772, 7.3409863 ], [ 134.5536957, 7.3409333 ], [ 134.553649900000011, 7.3407693 ], [ 134.5536041, 7.3407168 ], [ 134.5536041, 7.3405776 ], [ 134.5535736, 7.340528 ], [ 134.553527800000012, 7.34055 ], [ 134.5534821, 7.3407002 ], [ 134.5535126, 7.3408113 ], [ 134.5534821, 7.3409472 ], [ 134.5533752, 7.3409834 ], [ 134.5533295, 7.3410916 ], [ 134.5532074, 7.3412223 ], [ 134.553009, 7.3416419 ], [ 134.552932700000014, 7.3418417 ], [ 134.552932700000014, 7.3420501 ] ], [ [ 134.5380707, 7.3280888 ], [ 134.5380707, 7.3280859 ], [ 134.538162199999988, 7.3279862 ], [ 134.538269, 7.3279166 ], [ 134.5383453, 7.3278637 ], [ 134.5383453, 7.3277583 ], [ 134.5383148, 7.3276668 ], [ 134.5383453, 7.3275833 ], [ 134.538406400000014, 7.3274446 ], [ 134.538406400000014, 7.3274417 ], [ 134.5384522, 7.3273554 ], [ 134.5384369, 7.3272862 ], [ 134.5383301, 7.3272057 ], [ 134.538299599999988, 7.3271999 ], [ 134.538162199999988, 7.3271833 ], [ 134.538147, 7.3271804 ], [ 134.538040200000012, 7.3272138 ], [ 134.5380096, 7.3272224 ], [ 134.537902800000012, 7.327261 ], [ 134.5376587, 7.3273139 ], [ 134.5375824, 7.3273945 ], [ 134.5375671, 7.3273974 ], [ 134.53753660000001, 7.3275113 ], [ 134.53753660000001, 7.3275137 ], [ 134.5374908, 7.3276248 ], [ 134.5374908, 7.3276277 ], [ 134.5375061, 7.3277388 ], [ 134.537551900000011, 7.3278332 ], [ 134.5375671, 7.3278418 ], [ 134.5375977, 7.3279223 ], [ 134.5375671, 7.3279362 ], [ 134.53753660000001, 7.3279443 ], [ 134.53753660000001, 7.3279471 ], [ 134.5375061, 7.3279972 ], [ 134.5375061, 7.3280001 ], [ 134.5373993, 7.328186 ], [ 134.5373993, 7.3281918 ], [ 134.537307700000014, 7.3283944 ], [ 134.5372925, 7.3284888 ], [ 134.537216199999989, 7.3286305 ], [ 134.537216199999989, 7.3286333 ], [ 134.5371246, 7.3287859 ], [ 134.5371246, 7.3287888 ], [ 134.53706360000001, 7.3289056 ], [ 134.5370483, 7.3289084 ], [ 134.537078900000012, 7.3289805 ], [ 134.5371857, 7.3290334 ], [ 134.537216199999989, 7.3290362 ], [ 134.5372772, 7.3290415 ], [ 134.537338299999988, 7.3290501 ], [ 134.537445100000014, 7.3290415 ], [ 134.5375061, 7.3290391 ], [ 134.5375214, 7.3290362 ], [ 134.5375671, 7.3290196 ], [ 134.5376587, 7.3289919 ], [ 134.537735, 7.328928 ], [ 134.537735, 7.3289251 ], [ 134.5378265, 7.3287945 ], [ 134.5378265, 7.3287916 ], [ 134.537933399999986, 7.3286419 ], [ 134.537933399999986, 7.328639 ], [ 134.5379791, 7.328536 ], [ 134.5379791, 7.3283668 ], [ 134.5379944, 7.3282194 ], [ 134.5379944, 7.3282166 ], [ 134.5380707, 7.3280888 ] ], [ [ 134.5575714, 7.3411779 ], [ 134.5575409, 7.3413081 ], [ 134.5575867, 7.3413916 ], [ 134.557632500000011, 7.3414416 ], [ 134.557769799999988, 7.3414278 ], [ 134.557861300000013, 7.3413696 ], [ 134.5580444, 7.3411193 ], [ 134.5581818, 7.3409915 ], [ 134.558364899999987, 7.3408918 ], [ 134.5585175, 7.3407807 ], [ 134.5584869, 7.3405862 ], [ 134.5585022, 7.3405304 ], [ 134.5585022, 7.3404388 ], [ 134.5585175, 7.3401141 ], [ 134.558548, 7.3399887 ], [ 134.5583801, 7.3398891 ], [ 134.5582123, 7.3398776 ], [ 134.5580597, 7.3399167 ], [ 134.5579529, 7.3399973 ], [ 134.557861300000013, 7.3401861 ], [ 134.5577393, 7.3403306 ], [ 134.5576477, 7.3403945 ], [ 134.557403599999986, 7.340436 ], [ 134.5573425, 7.3404889 ], [ 134.557281499999988, 7.3405304 ], [ 134.5572357, 7.3405943 ], [ 134.5572357, 7.340672 ], [ 134.557266199999987, 7.3408942 ], [ 134.557312, 7.3409667 ], [ 134.557312, 7.3411474 ], [ 134.5573578, 7.3411641 ], [ 134.5574188, 7.3411331 ], [ 134.557510400000012, 7.3411164 ], [ 134.5575256, 7.3411279 ], [ 134.5575714, 7.3411779 ] ], [ [ 134.5269623, 7.3494639 ], [ 134.5269013, 7.3493667 ], [ 134.5267639, 7.3492751 ], [ 134.5265808, 7.349225 ], [ 134.526413, 7.3492332 ], [ 134.526260400000012, 7.3492665 ], [ 134.5261841, 7.3493109 ], [ 134.5261688, 7.3493891 ], [ 134.5258637, 7.3496804 ], [ 134.5258637, 7.3497863 ], [ 134.5258789, 7.3498502 ], [ 134.5258637, 7.3499446 ], [ 134.5259247, 7.3500085 ], [ 134.526001, 7.3500085 ], [ 134.526031499999988, 7.3499556 ], [ 134.5261078, 7.3499193 ], [ 134.5261993, 7.3499332 ], [ 134.5263062, 7.3499751 ], [ 134.526748700000013, 7.3503056 ], [ 134.5270691, 7.3501387 ], [ 134.5271606, 7.3500667 ], [ 134.5272369, 7.3499665 ], [ 134.5272522, 7.3498278 ], [ 134.527221700000013, 7.3496666 ], [ 134.5271912, 7.349575 ], [ 134.5271301, 7.3495665 ], [ 134.527099600000014, 7.3496137 ], [ 134.5269623, 7.3494639 ] ], [ [ 134.533493, 7.3342638 ], [ 134.5334015, 7.3344083 ], [ 134.533371, 7.3344779 ], [ 134.5334168, 7.3346276 ], [ 134.533477799999986, 7.334764 ], [ 134.533462500000013, 7.3348446 ], [ 134.533493, 7.3349223 ], [ 134.5335541, 7.3349805 ], [ 134.5336304, 7.3349915 ], [ 134.533783, 7.3351169 ], [ 134.5338898, 7.335175 ], [ 134.533966099999986, 7.3352528 ], [ 134.5339966, 7.3353443 ], [ 134.5339813, 7.335422 ], [ 134.533950800000014, 7.3354859 ], [ 134.533966099999986, 7.3355694 ], [ 134.5340118, 7.3356695 ], [ 134.5340881, 7.3357806 ], [ 134.5341644, 7.3358054 ], [ 134.5342255, 7.3358054 ], [ 134.534256, 7.3357749 ], [ 134.534332299999988, 7.3357363 ], [ 134.5343933, 7.3355222 ], [ 134.534439099999986, 7.3355055 ], [ 134.5345001, 7.3355308 ], [ 134.534530600000011, 7.3354583 ], [ 134.534561200000013, 7.3353443 ], [ 134.534545900000012, 7.3353224 ], [ 134.5344696, 7.3353109 ], [ 134.5343475, 7.3351026 ], [ 134.5341339, 7.3349137 ], [ 134.5341339, 7.3346248 ], [ 134.5341034, 7.3344779 ], [ 134.5340118, 7.3343058 ], [ 134.5337677, 7.3342586 ], [ 134.5335541, 7.334239 ], [ 134.533493, 7.3342638 ] ], [ [ 134.5331879, 7.3334918 ], [ 134.5333099, 7.3335137 ], [ 134.533462500000013, 7.3334584 ], [ 134.5335083, 7.3333998 ], [ 134.533493, 7.3332501 ], [ 134.533584600000012, 7.3330278 ], [ 134.533599900000013, 7.3329167 ], [ 134.5335541, 7.3328362 ], [ 134.5335541, 7.332736 ], [ 134.533584600000012, 7.3326111 ], [ 134.533569300000011, 7.3325167 ], [ 134.5335236, 7.3324194 ], [ 134.5334473, 7.3323665 ], [ 134.5333252, 7.3323278 ], [ 134.5333252, 7.3322945 ], [ 134.533355699999987, 7.3322501 ], [ 134.5334015, 7.3322139 ], [ 134.533432, 7.3321667 ], [ 134.5334168, 7.3321137 ], [ 134.533355699999987, 7.3321028 ], [ 134.5334168, 7.3319473 ], [ 134.533355699999987, 7.3319445 ], [ 134.5333405, 7.3319082 ], [ 134.5332947, 7.3318863 ], [ 134.5332489, 7.331903 ], [ 134.53321840000001, 7.3319359 ], [ 134.533233599999988, 7.331975 ], [ 134.5332794, 7.3319998 ], [ 134.5332031, 7.332222 ], [ 134.5331726, 7.3322582 ], [ 134.533111600000012, 7.3322611 ], [ 134.532989500000014, 7.3322082 ], [ 134.5329285, 7.3322387 ], [ 134.532882699999988, 7.3322973 ], [ 134.5328217, 7.3324723 ], [ 134.5327759, 7.3325391 ], [ 134.5327759, 7.3326111 ], [ 134.532882699999988, 7.332736 ], [ 134.532974200000012, 7.3328834 ], [ 134.532989500000014, 7.3329444 ], [ 134.532959, 7.3330998 ], [ 134.533004799999986, 7.3332915 ], [ 134.533004799999986, 7.3333945 ], [ 134.5330658, 7.3334475 ], [ 134.5331879, 7.3334918 ] ], [ [ 134.531799299999989, 7.3528137 ], [ 134.5318909, 7.3524056 ], [ 134.5318756, 7.3520389 ], [ 134.5316925, 7.3520308 ], [ 134.5315247, 7.3522363 ], [ 134.5312653, 7.3523054 ], [ 134.5311127, 7.3523526 ], [ 134.5312195, 7.3527141 ], [ 134.531326299999989, 7.3529887 ], [ 134.53164670000001, 7.3529387 ], [ 134.531799299999989, 7.3528137 ] ], [ [ 134.562973, 7.3561611 ], [ 134.5630035, 7.3563333 ], [ 134.5630035, 7.3565998 ], [ 134.56303410000001, 7.3574362 ], [ 134.5631104, 7.3579888 ], [ 134.5632172, 7.3590779 ], [ 134.5633087, 7.3590751 ], [ 134.563171399999987, 7.357336 ], [ 134.5631409, 7.356514 ], [ 134.5630951, 7.3561082 ], [ 134.5631256, 7.3559694 ], [ 134.5631104, 7.3558693 ], [ 134.5630035, 7.3558502 ], [ 134.562973, 7.3561611 ] ], [ [ 134.5283966, 7.3477502 ], [ 134.5284882, 7.3478222 ], [ 134.5286102, 7.3477888 ], [ 134.528671300000013, 7.3476944 ], [ 134.528717, 7.3475833 ], [ 134.5287323, 7.3472304 ], [ 134.5286865, 7.3470693 ], [ 134.528595, 7.3469915 ], [ 134.5284729, 7.346972 ], [ 134.5283814, 7.3470111 ], [ 134.5282593, 7.3472748 ], [ 134.5282135, 7.3475113 ], [ 134.528244, 7.3475971 ], [ 134.5283966, 7.3477502 ] ], [ [ 134.52876280000001, 7.3462415 ], [ 134.528717, 7.3463221 ], [ 134.528656, 7.3463917 ], [ 134.5286408, 7.3464804 ], [ 134.5286408, 7.3466334 ], [ 134.528656, 7.3467555 ], [ 134.5287018, 7.3468585 ], [ 134.5288239, 7.3469224 ], [ 134.5289459, 7.3469224 ], [ 134.529037499999987, 7.3468971 ], [ 134.5291748, 7.3466945 ], [ 134.5291901, 7.3464165 ], [ 134.5291138, 7.3463082 ], [ 134.529022200000014, 7.3462277 ], [ 134.5288086, 7.346189 ], [ 134.52876280000001, 7.3462415 ] ], [ [ 134.5539856, 7.3404307 ], [ 134.5540924, 7.3403082 ], [ 134.554184, 7.3402529 ], [ 134.5541992, 7.3401918 ], [ 134.554275499999989, 7.3401141 ], [ 134.554275499999989, 7.3399553 ], [ 134.554245, 7.3398666 ], [ 134.5541077, 7.3397083 ], [ 134.554016100000013, 7.3397141 ], [ 134.5538483, 7.3398833 ], [ 134.553833, 7.3400002 ], [ 134.553787199999988, 7.3400583 ], [ 134.553772, 7.3401279 ], [ 134.553649900000011, 7.3403502 ], [ 134.5536346, 7.3404141 ], [ 134.553665200000012, 7.340425 ], [ 134.553787199999988, 7.3404026 ], [ 134.553924599999988, 7.3404498 ], [ 134.5539856, 7.3404307 ] ], [ [ 134.5336609, 7.3416834 ], [ 134.5336762, 7.3416472 ], [ 134.53370670000001, 7.3415833 ], [ 134.5337524, 7.3415585 ], [ 134.533783, 7.3414998 ], [ 134.5337524, 7.3414445 ], [ 134.53370670000001, 7.3413944 ], [ 134.5336914, 7.3412833 ], [ 134.5336151, 7.3412695 ], [ 134.533599900000013, 7.3411527 ], [ 134.5335388, 7.3411388 ], [ 134.5334015, 7.3411751 ], [ 134.5333405, 7.3412085 ], [ 134.5333099, 7.3413057 ], [ 134.5332947, 7.341403 ], [ 134.5333252, 7.3414998 ], [ 134.5334015, 7.3415446 ], [ 134.533477799999986, 7.3415361 ], [ 134.5335388, 7.3415833 ], [ 134.533584600000012, 7.3416362 ], [ 134.5336151, 7.3416944 ], [ 134.5336609, 7.3416834 ] ], [ [ 134.5266876, 7.3517027 ], [ 134.526748700000013, 7.3516917 ], [ 134.5268097, 7.3516974 ], [ 134.526870699999989, 7.3516388 ], [ 134.5269013, 7.3514891 ], [ 134.526886, 7.3513999 ], [ 134.5267639, 7.3512807 ], [ 134.5266571, 7.3512859 ], [ 134.5265808, 7.351325 ], [ 134.526535, 7.3514166 ], [ 134.526519799999988, 7.3515225 ], [ 134.5265503, 7.3515916 ], [ 134.5265808, 7.3516307 ], [ 134.5264893, 7.3516417 ], [ 134.5264435, 7.3516722 ], [ 134.526474, 7.3517056 ], [ 134.526504499999987, 7.3517389 ], [ 134.526626599999986, 7.3517942 ], [ 134.5266876, 7.3517027 ] ], [ [ 134.5341339, 7.3495417 ], [ 134.5339813, 7.3493557 ], [ 134.533844, 7.3494167 ], [ 134.533859299999989, 7.3495693 ], [ 134.5340271, 7.3497224 ], [ 134.5342102, 7.3497915 ], [ 134.5342865, 7.3496776 ], [ 134.5341339, 7.3495417 ] ], [ [ 134.534683199999989, 7.3340306 ], [ 134.5347443, 7.3341279 ], [ 134.534805299999988, 7.3341861 ], [ 134.5348969, 7.3342195 ], [ 134.5349731, 7.3342166 ], [ 134.5350037, 7.334178 ], [ 134.535034200000013, 7.3340387 ], [ 134.5350037, 7.3340054 ], [ 134.534912100000014, 7.3339667 ], [ 134.53479, 7.3338637 ], [ 134.5347138, 7.3338833 ], [ 134.534668, 7.3339415 ], [ 134.534683199999989, 7.3340306 ] ], [ [ 134.5333405, 7.3369527 ], [ 134.5333099, 7.3370113 ], [ 134.5332642, 7.3371029 ], [ 134.5332642, 7.3371749 ], [ 134.5332947, 7.337225 ], [ 134.5333405, 7.3372722 ], [ 134.5333862, 7.3372889 ], [ 134.533477799999986, 7.337275 ], [ 134.5335541, 7.337225 ], [ 134.5335541, 7.337153 ], [ 134.5334473, 7.3369222 ], [ 134.5334015, 7.3369165 ], [ 134.5333405, 7.3369527 ] ], [ [ 134.53178410000001, 7.332264 ], [ 134.531723, 7.3322501 ], [ 134.53164670000001, 7.3323641 ], [ 134.531601, 7.3324804 ], [ 134.531662, 7.3325415 ], [ 134.5317078, 7.3325806 ], [ 134.53178410000001, 7.3325748 ], [ 134.5318298, 7.3325529 ], [ 134.5318756, 7.3324971 ], [ 134.531921399999987, 7.3323665 ], [ 134.5318909, 7.3323083 ], [ 134.5318451, 7.332264 ], [ 134.53178410000001, 7.332264 ] ], [ [ 134.5305481, 7.3439446 ], [ 134.530578600000013, 7.3438692 ], [ 134.5305634, 7.3437667 ], [ 134.530487099999988, 7.3436971 ], [ 134.530365, 7.3437195 ], [ 134.5303192, 7.3437223 ], [ 134.530304, 7.3438139 ], [ 134.530349699999988, 7.343853 ], [ 134.530349699999988, 7.3439446 ], [ 134.530365, 7.3439751 ], [ 134.530471799999987, 7.3439751 ], [ 134.5305481, 7.3439446 ] ], [ [ 134.5323639, 7.3404999 ], [ 134.532272299999988, 7.3404803 ], [ 134.5322266, 7.340539 ], [ 134.5322113, 7.3406029 ], [ 134.53225710000001, 7.340672 ], [ 134.5323486, 7.340725 ], [ 134.5324554, 7.3407388 ], [ 134.532516500000014, 7.340714 ], [ 134.532516500000014, 7.3406444 ], [ 134.532501200000013, 7.34055 ], [ 134.5323639, 7.3404999 ] ], [ [ 134.5347138, 7.3485723 ], [ 134.5347748, 7.3484836 ], [ 134.53479, 7.3483558 ], [ 134.5345154, 7.3484111 ], [ 134.5344849, 7.3485055 ], [ 134.5345154, 7.3486137 ], [ 134.5346069, 7.3486223 ], [ 134.5347138, 7.3485723 ] ], [ [ 134.5293732, 7.3460221 ], [ 134.529419, 7.3459778 ], [ 134.5294495, 7.345922 ], [ 134.5294342, 7.3458056 ], [ 134.5292816, 7.3457665 ], [ 134.5292358, 7.3458223 ], [ 134.5292053, 7.3459058 ], [ 134.5291748, 7.3459916 ], [ 134.5292206, 7.3460279 ], [ 134.5293732, 7.3460221 ] ], [ [ 134.528122, 7.3477526 ], [ 134.5281067, 7.3478222 ], [ 134.528122, 7.3479085 ], [ 134.528183, 7.3479557 ], [ 134.528244, 7.347961 ], [ 134.5283356, 7.3479056 ], [ 134.5283508, 7.3478193 ], [ 134.528305100000011, 7.3477526 ], [ 134.5282135, 7.3476973 ], [ 134.528122, 7.3477526 ] ], [ [ 134.5284882, 7.3482194 ], [ 134.528533900000014, 7.3483 ], [ 134.5286255, 7.3483529 ], [ 134.528717, 7.3483305 ], [ 134.52876280000001, 7.3482165 ], [ 134.5287018, 7.348136 ], [ 134.5286102, 7.3481054 ], [ 134.528533900000014, 7.3481445 ], [ 134.5284882, 7.3482194 ] ], [ [ 134.54788210000001, 7.3292084 ], [ 134.547897299999988, 7.3292141 ], [ 134.5479431, 7.3292251 ], [ 134.5480042, 7.3291721 ], [ 134.548019399999987, 7.3291111 ], [ 134.5479736, 7.3290443 ], [ 134.5479584, 7.3290248 ], [ 134.5479279, 7.3289805 ], [ 134.5478363, 7.328989 ], [ 134.5478058, 7.3290305 ], [ 134.5477905, 7.3290639 ], [ 134.547821, 7.3291502 ], [ 134.54788210000001, 7.3292084 ] ], [ [ 134.561233499999986, 7.3634305 ], [ 134.5611877, 7.3634806 ], [ 134.5612183, 7.3635526 ], [ 134.561233499999986, 7.3635583 ], [ 134.561340300000012, 7.3635917 ], [ 134.5614166, 7.3635473 ], [ 134.5614319, 7.3634639 ], [ 134.5613861, 7.3633862 ], [ 134.5613098, 7.3633752 ], [ 134.561233499999986, 7.3634305 ] ], [ [ 134.5341644, 7.3375416 ], [ 134.5341187, 7.3375249 ], [ 134.534057600000011, 7.3375554 ], [ 134.5340118, 7.3376164 ], [ 134.5340271, 7.3376861 ], [ 134.534072900000012, 7.3377333 ], [ 134.5341492, 7.3377419 ], [ 134.5342255, 7.3376803 ], [ 134.5341644, 7.3375416 ] ], [ [ 134.528076199999987, 7.3481641 ], [ 134.5281067, 7.3481083 ], [ 134.5280914, 7.3480167 ], [ 134.5280457, 7.348011 ], [ 134.5279846, 7.3480554 ], [ 134.5279846, 7.3481221 ], [ 134.5280151, 7.3481779 ], [ 134.528076199999987, 7.3481641 ] ] ] } },
{ "type": "Feature", "properties": { "RCID": 7325, "PRIM": 3, "GRUP": 2, "OBJL": 121, "RVER": 1, "AGEN": 550, "FIDN": 720604791, "FIDS": 9, "LNAM": "02262AF38E770009", "LNAM_REFS": null, "FFPT_RIND": null, "COLOUR": null, "NATQUA": null, "NATSUR": [ "9" ], "WATLEV": 4.0, "OBJNAM": null, "NOBJNM": null, "INFORM": null, "NINFOM": null, "NTXTDS": null, "SCAMAX": null, "SCAMIN": 29999, "TXTDSC": null, "RECDAT": null, "RECIND": null, "SORDAT": "20150206", "SORIND": "US,US,reprt,L-246-2015", "_enc_cell": "US4TB3P0" }, "geometry": { "type": "Polygon", "coordinates": [ [ [ 134.6009216, 7.3707914 ], [ 134.601394699999986, 7.3709002 ], [ 134.6017151, 7.3708639 ], [ 134.6019287, 7.370636 ], [ 134.60195920000001, 7.3703971 ], [ 134.601745599999987, 7.3701363 ], [ 134.6016693, 7.3698974 ], [ 134.6016846, 7.3697777 ], [ 134.6014404, 7.3695025 ], [ 134.6012116, 7.3696222 ], [ 134.60099790000001, 7.3699331 ], [ 134.6007233, 7.3702555 ], [ 134.6007233, 7.3703971 ], [ 134.6009216, 7.3707914 ] ] ] } },
{ "type": "Feature", "properties": { "RCID": 7326, "PRIM": 3, "GRUP": 2, "OBJL": 121, "RVER": 1, "AGEN": 550, "FIDN": 202504691, "FIDS": 9, "LNAM": "02260C11F9F30009", "LNAM_REFS": null, "FFPT_RIND": null, "COLOUR": null, "NATQUA": null, "NATSUR": [ "9" ], "WATLEV": 4.0, "OBJNAM": null, "NOBJNM": null, "INFORM": null, "NINFOM": null, "NTXTDS": null, "SCAMAX": null, "SCAMIN": 29999, "TXTDSC": null, "RECDAT": null, "RECIND": null, "SORDAT": "20150206", "SORIND": "US,US,reprt,L-246-2015", "_enc_cell": "US4TB3P0" }, "geometry": { "type": "Polygon", "coordinates": [ [ [ 134.612945599999989, 7.3686419 ], [ 134.612564099999986, 7.3688445 ], [ 134.6123962, 7.368989 ], [ 134.6123352, 7.3694196 ], [ 134.6124268, 7.3695974 ], [ 134.6125336, 7.3698502 ], [ 134.6126404, 7.370172 ], [ 134.6128388, 7.3702416 ], [ 134.6129913, 7.3702664 ], [ 134.613143900000011, 7.3701944 ], [ 134.6133881, 7.3699083 ], [ 134.6136017, 7.3695502 ], [ 134.613647500000013, 7.3691807 ], [ 134.613647500000013, 7.3688583 ], [ 134.6134491, 7.3685832 ], [ 134.6132202, 7.3685584 ], [ 134.612945599999989, 7.3686419 ] ] ] } },
{ "type": "Feature", "properties": { "RCID": 7474, "PRIM": 1, "GRUP": 2, "OBJL": 121, "RVER": 1, "AGEN": 550, "FIDN": 652666124, "FIDS": 9, "LNAM": "022626E6E50C0009", "LNAM_REFS": null, "FFPT_RIND": null, "COLOUR": null, "NATQUA": null, "NATSUR": [ "4" ], "WATLEV": null, "OBJNAM": null, "NOBJNM": null, "INFORM": null, "NINFOM": null, "NTXTDS": null, "SCAMAX": null, "SCAMIN": 29999, "TXTDSC": null, "RECDAT": null, "RECIND": null, "SORDAT": "20150206", "SORIND": "US,US,reprt,L-246-2015", "_enc_cell": "US4TB3P0" }, "geometry": { "type": "Point", "coordinates": [ 134.4904022, 7.2965388 ] } },
{ "type": "Feature", "properties": { "RCID": 7475, "PRIM": 1, "GRUP": 2, "OBJL": 121, "RVER": 1, "AGEN": 550, "FIDN": 121515112, "FIDS": 9, "LNAM": "0226073E2C680009", "LNAM_REFS": null, "FFPT_RIND": null, "COLOUR": null, "NATQUA": null, "NATSUR": [ "9" ], "WATLEV": null, "OBJNAM": null, "NOBJNM": null, "INFORM": null, "NINFOM": null, "NTXTDS": null, "SCAMAX": null, "SCAMIN": 29999, "TXTDSC": null, "RECDAT": null, "RECIND": null, "SORDAT": "20150206", "SORIND": "US,US,reprt,L-246-2015", "_enc_cell": "US4TB3P0" }, "geometry": { "type": "Point", "coordinates": [ 134.4904938, 7.3913889 ] } },
{ "type": "Feature", "properties": { "RCID": 7476, "PRIM": 1, "GRUP": 2, "OBJL": 121, "RVER": 1, "AGEN": 550, "FIDN": 805199053, "FIDS": 9, "LNAM": "02262FFE5CCD0009", "LNAM_REFS": null, "FFPT_RIND": null, "COLOUR": null, "NATQUA": null, "NATSUR": [ "14" ], "WATLEV": null, "OBJNAM": null, "NOBJNM": null, "INFORM": null, "NINFOM": null, "NTXTDS": null, "SCAMAX": null, "SCAMIN": 29999, "TXTDSC": null, "RECDAT": null, "RECIND": null, "SORDAT": "20150206", "SORIND": "US,US,reprt,L-246-2015", "_enc_cell": "US4TB3P0" }, "geometry": { "type": "Point", "coordinates": [ 134.4905396, 7.3740692 ] } },
{ "type": "Feature", "properties": { "RCID": 7477, "PRIM": 1, "GRUP": 2, "OBJL": 121, "RVER": 1, "AGEN": 550, "FIDN": 593051658, "FIDS": 9, "LNAM": "02262359400A0009", "LNAM_REFS": null, "FFPT_RIND": null, "COLOUR": null, "NATQUA": null, "NATSUR": [ "9" ], "WATLEV": null, "OBJNAM": null, "NOBJNM": null, "INFORM": null, "NINFOM": null, "NTXTDS": null, "SCAMAX": null, "SCAMIN": 29999, "TXTDSC": null, "RECDAT": null, "RECIND": null, "SORDAT": "20150206", "SORIND": "US,US,reprt,L-246-2015", "_enc_cell": "US4TB3P0" }, "geometry": { "type": "Point", "coordinates": [ 134.4911957, 7.3758445 ] } },
{ "type": "Feature", "properties": { "RCID": 7481, "PRIM": 1, "GRUP": 2, "OBJL": 121, "RVER": 1, "AGEN": 550, "FIDN": 876572598, "FIDS": 9, "LNAM": "0226343F6FB60009", "LNAM_REFS": null, "FFPT_RIND": null, "COLOUR": null, "NATQUA": [ "1" ], "NATSUR": [ "4" ], "WATLEV": null, "OBJNAM": null, "NOBJNM": null, "INFORM": null, "NINFOM": null, "NTXTDS": null, "SCAMAX": null, "SCAMIN": 29999, "TXTDSC": null, "RECDAT": null, "RECIND": null, "SORDAT": "20150206", "SORIND": "US,US,reprt,L-246-2015", "_enc_cell": "US4TB3P0" }, "geometry": { "type": "Point", "coordinates": [ 134.4975433, 7.3229613 ] } },
{ "type": "Feature", "properties": { "RCID": 7485, "PRIM": 1, "GRUP": 2, "OBJL": 121, "RVER": 1, "AGEN": 550, "FIDN": 966132268, "FIDS": 9, "LNAM": "02263996022C0009", "LNAM_REFS": null, "FFPT_RIND": null, "COLOUR": null, "NATQUA": null, "NATSUR": [ "9" ], "WATLEV": null, "OBJNAM": null, "NOBJNM": null, "INFORM": null, "NINFOM": null, "NTXTDS": null, "SCAMAX": null, "SCAMIN": 29999, "TXTDSC": null, "RECDAT": null, "RECIND": null, "SORDAT": "20150206", "SORIND": "US,US,reprt,L-246-2015", "_enc_cell": "US4TB3P0" }, "geometry": { "type": "Point", "coordinates": [ 134.500305200000014, 7.2813168 ] } },
{ "type": "Feature", "properties": { "RCID": 7487, "PRIM": 1, "GRUP": 2, "OBJL": 121, "RVER": 1, "AGEN": 550, "FIDN": 363988009, "FIDS": 9, "LNAM": "022615B204290009", "LNAM_REFS": null, "FFPT_RIND": null, "COLOUR": null, "NATQUA": null, "NATSUR": [ "1" ], "WATLEV": null, "OBJNAM": null, "NOBJNM": null, "INFORM": null, "NINFOM": null, "NTXTDS": null, "SCAMAX": null, "SCAMIN": 29999, "TXTDSC": null, "RECDAT": null, "RECIND": null, "SORDAT": "20150206", "SORIND": "US,US,reprt,L-246-2015", "_enc_cell": "US4TB3P0" }, "geometry": { "type": "Point", "coordinates": [ 134.503173800000013, 7.3298974 ] } },
{ "type": "Feature", "properties": { "RCID": 7488, "PRIM": 1, "GRUP": 2, "OBJL": 121, "RVER": 1, "AGEN": 550, "FIDN": 880135664, "FIDS": 9, "LNAM": "02263475CDF00009", "LNAM_REFS": null, "FFPT_RIND": null, "COLOUR": null, "NATQUA": [ "3" ], "NATSUR": [ "4" ], "WATLEV": null, "OBJNAM": null, "NOBJNM": null, "INFORM": null, "NINFOM": null, "NTXTDS": null, "SCAMAX": null, "SCAMIN": 29999, "TXTDSC": null, "RECDAT": null, "RECIND": null, "SORDAT": "20150206", "SORIND": "US,US,reprt,L-246-2015", "_enc_cell": "US4TB3P0" }, "geometry": { "type": "Point", "coordinates": [ 134.5071869, 7.3001638 ] } },
{ "type": "Feature", "properties": { "RCID": 7490, "PRIM": 1, "GRUP": 2, "OBJL": 121, "RVER": 1, "AGEN": 550, "FIDN": 299123674, "FIDS": 9, "LNAM": "022611D443DA0009", "LNAM_REFS": null, "FFPT_RIND": null, "COLOUR": null, "NATQUA": null, "NATSUR": [ "9" ], "WATLEV": null, "OBJNAM": null, "NOBJNM": null, "INFORM": null, "NINFOM": null, "NTXTDS": null, "SCAMAX": null, "SCAMIN": 29999, "TXTDSC": null, "RECDAT": null, "RECIND": null, "SORDAT": "20150206", "SORIND": "US,US,reprt,L-246-2015", "_enc_cell": "US4TB3P0" }, "geometry": { "type": "Point", "coordinates": [ 134.509491, 7.2989335 ] } },
{ "type": "Feature", "properties": { "RCID": 7492, "PRIM": 1, "GRUP": 2, "OBJL": 121, "RVER": 1, "AGEN": 550, "FIDN": 938506394, "FIDS": 9, "LNAM": "022637F0789A0009", "LNAM_REFS": null, "FFPT_RIND": null, "COLOUR": null, "NATQUA": null, "NATSUR": [ "14" ], "WATLEV": null, "OBJNAM": null, "NOBJNM": null, "INFORM": null, "NINFOM": null, "NTXTDS": null, "SCAMAX": null, "SCAMIN": 29999, "TXTDSC": null, "RECDAT": null, "RECIND": null, "SORDAT": "20150206", "SORIND": "US,US,reprt,L-246-2015", "_enc_cell": "US4TB3P0" }, "geometry": { "type": "Point", "coordinates": [ 134.5116425, 7.2963777 ] } },
{ "type": "Feature", "properties": { "RCID": 7493, "PRIM": 1, "GRUP": 2, "OBJL": 121, "RVER": 1, "AGEN": 550, "FIDN": 363720611, "FIDS": 9, "LNAM": "022615ADEFA30009", "LNAM_REFS": null, "FFPT_RIND": null, "COLOUR": null, "NATQUA": null, "NATSUR": [ "4" ], "WATLEV": null, "OBJNAM": null, "NOBJNM": null, "INFORM": null, "NINFOM": null, "NTXTDS": null, "SCAMAX": null, "SCAMIN": 29999, "TXTDSC": null, "RECDAT": null, "RECIND": null, "SORDAT": "20150206", "SORIND": "US,US,reprt,L-246-2015", "_enc_cell": "US4TB3P0" }, "geometry": { "type": "Point", "coordinates": [ 134.5164948, 7.3050919 ] } },
{ "type": "Feature", "properties": { "RCID": 7497, "PRIM": 1, "GRUP": 2, "OBJL": 121, "RVER": 1, "AGEN": 550, "FIDN": 84896224, "FIDS": 9, "LNAM": "0226050F69E00009", "LNAM_REFS": null, "FFPT_RIND": null, "COLOUR": null, "NATQUA": [ "1" ], "NATSUR": [ "4" ], "WATLEV": null, "OBJNAM": null, "NOBJNM": null, "INFORM": null, "NINFOM": null, "NTXTDS": null, "SCAMAX": null, "SCAMIN": 29999, "TXTDSC": null, "RECDAT": null, "RECIND": null, "SORDAT": "20150206", "SORIND": "US,US,reprt,L-246-2015", "_enc_cell": "US4TB3P0" }, "geometry": { "type": "Point", "coordinates": [ 134.5221558, 7.2939582 ] } },
{ "type": "Feature", "properties": { "RCID": 7500, "PRIM": 1, "GRUP": 2, "OBJL": 121, "RVER": 1, "AGEN": 550, "FIDN": 861254597, "FIDS": 9, "LNAM": "02263355B3C50009", "LNAM_REFS": null, "FFPT_RIND": null, "COLOUR": null, "NATQUA": [ "1" ], "NATSUR": [ "4" ], "WATLEV": null, "OBJNAM": null, "NOBJNM": null, "INFORM": null, "NINFOM": null, "NTXTDS": null, "SCAMAX": null, "SCAMIN": 29999, "TXTDSC": null, "RECDAT": null, "RECIND": null, "SORDAT": "20150206", "SORIND": "US,US,reprt,L-246-2015", "_enc_cell": "US4TB3P0" }, "geometry": { "type": "Point", "coordinates": [ 134.5384369, 7.2783084 ] } },
{ "type": "Feature", "properties": { "RCID": 7501, "PRIM": 1, "GRUP": 2, "OBJL": 121, "RVER": 1, "AGEN": 550, "FIDN": 250226028, "FIDS": 9, "LNAM": "02260EEA256C0009", "LNAM_REFS": null, "FFPT_RIND": null, "COLOUR": null, "NATQUA": null, "NATSUR": [ "1" ], "WATLEV": null, "OBJNAM": null, "NOBJNM": null, "INFORM": null, "NINFOM": null, "NTXTDS": null, "SCAMAX": null, "SCAMIN": 29999, "TXTDSC": null, "RECDAT": null, "RECIND": null, "SORDAT": "20150206", "SORIND": "US,US,reprt,L-246-2015", "_enc_cell": "US4TB3P0" }, "geometry": { "type": "Point", "coordinates": [ 134.545120200000014, 7.3090835 ] } },
{ "type": "Feature", "properties": { "RCID": 7502, "PRIM": 1, "GRUP": 2, "OBJL": 121, "RVER": 1, "AGEN": 550, "FIDN": 727276614, "FIDS": 9, "LNAM": "02262B595C460009", "LNAM_REFS": null, "FFPT_RIND": null, "COLOUR": null, "NATQUA": null, "NATSUR": [ "1" ], "WATLEV": null, "OBJNAM": null, "NOBJNM": null, "INFORM": null, "NINFOM": null, "NTXTDS": null, "SCAMAX": null, "SCAMIN": 29999, "TXTDSC": null, "RECDAT": null, "RECIND": null, "SORDAT": "20150206", "SORIND": "US,US,reprt,L-246-2015", "_enc_cell": "US4TB3P0" }, "geometry": { "type": "Point", "coordinates": [ 134.55714420000001, 7.300561 ] } },
{ "type": "Feature", "properties": { "RCID": 7503, "PRIM": 1, "GRUP": 2, "OBJL": 121, "RVER": 1, "AGEN": 550, "FIDN": 733498736, "FIDS": 9, "LNAM": "02262BB84D700009", "LNAM_REFS": null, "FFPT_RIND": null, "COLOUR": null, "NATQUA": null, "NATSUR": [ "14" ], "WATLEV": null, "OBJNAM": null, "NOBJNM": null, "INFORM": null, "NINFOM": null, "NTXTDS": null, "SCAMAX": null, "SCAMIN": 29999, "TXTDSC": null, "RECDAT": null, "RECIND": null, "SORDAT": "20150206", "SORIND": "US,US,reprt,L-246-2015", "_enc_cell": "US4TB3P0" }, "geometry": { "type": "Point", "coordinates": [ 134.5587463, 7.3081112 ] } },
{ "type": "Feature", "properties": { "RCID": 7504, "PRIM": 1, "GRUP": 2, "OBJL": 121, "RVER": 1, "AGEN": 550, "FIDN": 556575975, "FIDS": 9, "LNAM": "0226212CACE70009", "LNAM_REFS": null, "FFPT_RIND": null, "COLOUR": null, "NATQUA": null, "NATSUR": [ "9" ], "WATLEV": null, "OBJNAM": null, "NOBJNM": null, "INFORM": null, "NINFOM": null, "NTXTDS": null, "SCAMAX": null, "SCAMIN": 29999, "TXTDSC": null, "RECDAT": null, "RECIND": null, "SORDAT": "20150206", "SORIND": "US,US,reprt,L-246-2015", "_enc_cell": "US4TB3P0" }, "geometry": { "type": "Point", "coordinates": [ 134.562698399999988, 7.3237891 ] } },
{ "type": "Feature", "properties": { "RCID": 7505, "PRIM": 1, "GRUP": 2, "OBJL": 121, "RVER": 1, "AGEN": 550, "FIDN": 204998548, "FIDS": 9, "LNAM": "02260C3807940009", "LNAM_REFS": null, "FFPT_RIND": null, "COLOUR": null, "NATQUA": null, "NATSUR": [ "14" ], "WATLEV": null, "OBJNAM": null, "NOBJNM": null, "INFORM": null, "NINFOM": null, "NTXTDS": null, "SCAMAX": null, "SCAMIN": 29999, "TXTDSC": null, "RECDAT": null, "RECIND": null, "SORDAT": "20150206", "SORIND": "US,US,reprt,L-246-2015", "_enc_cell": "US4TB3P0" }, "geometry": { "type": "Point", "coordinates": [ 134.5728455, 7.3373723 ] } },
{ "type": "Feature", "properties": { "RCID": 7506, "PRIM": 1, "GRUP": 2, "OBJL": 121, "RVER": 1, "AGEN": 550, "FIDN": 497747394, "FIDS": 9, "LNAM": "02261DAB05C20009", "LNAM_REFS": null, "FFPT_RIND": null, "COLOUR": null, "NATQUA": null, "NATSUR": [ "14" ], "WATLEV": null, "OBJNAM": null, "NOBJNM": null, "INFORM": null, "NINFOM": null, "NTXTDS": null, "SCAMAX": null, "SCAMIN": 29999, "TXTDSC": null, "RECDAT": null, "RECIND": null, "SORDAT": "20150206", "SORIND": "US,US,reprt,L-246-2015", "_enc_cell": "US4TB3P0" }, "geometry": { "type": "Point", "coordinates": [ 134.573028599999986, 7.3431916 ] } },
{ "type": "Feature", "properties": { "RCID": 7507, "PRIM": 1, "GRUP": 2, "OBJL": 121, "RVER": 1, "AGEN": 550, "FIDN": 492519388, "FIDS": 9, "LNAM": "02261D5B3FDC0009", "LNAM_REFS": null, "FFPT_RIND": null, "COLOUR": null, "NATQUA": null, "NATSUR": [ "4" ], "WATLEV": null, "OBJNAM": null, "NOBJNM": null, "INFORM": null, "NINFOM": null, "NTXTDS": null, "SCAMAX": null, "SCAMIN": 29999, "TXTDSC": null, "RECDAT": null, "RECIND": null, "SORDAT": "20150206", "SORIND": "US,US,reprt,L-246-2015", "_enc_cell": "US4TB3P0" }, "geometry": { "type": "Point", "coordinates": [ 134.574356099999989, 7.3083277 ] } },
{ "type": "Feature", "properties": { "RCID": 7508, "PRIM": 1, "GRUP": 2, "OBJL": 121, "RVER": 1, "AGEN": 550, "FIDN": 533775667, "FIDS": 9, "LNAM": "02261FD0C5330009", "LNAM_REFS": null, "FFPT_RIND": null, "COLOUR": null, "NATQUA": null, "NATSUR": [ "14" ], "WATLEV": null, "OBJNAM": null, "NOBJNM": null, "INFORM": null, "NINFOM": null, "NTXTDS": null, "SCAMAX": null, "SCAMIN": 29999, "TXTDSC": null, "RECDAT": null, "RECIND": null, "SORDAT": "20150206", "SORIND": "US,US,reprt,L-246-2015", "_enc_cell": "US4TB3P0" }, "geometry": { "type": "Point", "coordinates": [ 134.578201299999989, 7.3399806 ] } },
{ "type": "Feature", "properties": { "RCID": 7509, "PRIM": 1, "GRUP": 2, "OBJL": 121, "RVER": 1, "AGEN": 550, "FIDN": 598237708, "FIDS": 9, "LNAM": "022623A8620C0009", "LNAM_REFS": null, "FFPT_RIND": null, "COLOUR": null, "NATQUA": null, "NATSUR": [ "14" ], "WATLEV": null, "OBJNAM": null, "NOBJNM": null, "INFORM": null, "NINFOM": null, "NTXTDS": null, "SCAMAX": null, "SCAMIN": 29999, "TXTDSC": null, "RECDAT": null, "RECIND": null, "SORDAT": "20150206", "SORIND": "US,US,reprt,L-246-2015", "_enc_cell": "US4TB3P0" }, "geometry": { "type": "Point", "coordinates": [ 134.5801849, 7.341197 ] } },
{ "type": "Feature", "properties": { "RCID": 7510, "PRIM": 1, "GRUP": 2, "OBJL": 121, "RVER": 1, "AGEN": 550, "FIDN": 569582409, "FIDS": 9, "LNAM": "022621F323490009", "LNAM_REFS": null, "FFPT_RIND": null, "COLOUR": null, "NATQUA": [ "3" ], "NATSUR": [ "4" ], "WATLEV": null, "OBJNAM": null, "NOBJNM": null, "INFORM": null, "NINFOM": null, "NTXTDS": null, "SCAMAX": null, "SCAMIN": 29999, "TXTDSC": null, "RECDAT": null, "RECIND": null, "SORDAT": "20150206", "SORIND": "US,US,reprt,L-246-2015", "_enc_cell": "US4TB3P0" }, "geometry": { "type": "Point", "coordinates": [ 134.581802399999987, 7.3341889 ] } },
{ "type": "Feature", "properties": { "RCID": 7511, "PRIM": 1, "GRUP": 2, "OBJL": 121, "RVER": 1, "AGEN": 550, "FIDN": 686764840, "FIDS": 9, "LNAM": "022628EF33280009", "LNAM_REFS": null, "FFPT_RIND": null, "COLOUR": null, "NATQUA": null, "NATSUR": [ "14" ], "WATLEV": null, "OBJNAM": null, "NOBJNM": null, "INFORM": null, "NINFOM": null, "NTXTDS": null, "SCAMAX": null, "SCAMIN": 29999, "TXTDSC": null, "RECDAT": null, "RECIND": null, "SORDAT": "20150206", "SORIND": "US,US,reprt,L-246-2015", "_enc_cell": "US4TB3P0" }, "geometry": { "type": "Point", "coordinates": [ 134.5820007, 7.3348999 ] } },
{ "type": "Feature", "properties": { "RCID": 7512, "PRIM": 1, "GRUP": 2, "OBJL": 121, "RVER": 1, "AGEN": 550, "FIDN": 905755970, "FIDS": 9, "LNAM": "022635FCBD420009", "LNAM_REFS": null, "FFPT_RIND": null, "COLOUR": null, "NATQUA": null, "NATSUR": [ "14" ], "WATLEV": null, "OBJNAM": null, "NOBJNM": null, "INFORM": null, "NINFOM": null, "NTXTDS": null, "SCAMAX": null, "SCAMIN": 29999, "TXTDSC": null, "RECDAT": null, "RECIND": null, "SORDAT": "20150206", "SORIND": "US,US,reprt,L-246-2015", "_enc_cell": "US4TB3P0" }, "geometry": { "type": "Point", "coordinates": [ 134.582962, 7.3369803 ] } },
{ "type": "Feature", "properties": { "RCID": 7513, "PRIM": 1, "GRUP": 2, "OBJL": 121, "RVER": 1, "AGEN": 550, "FIDN": 963590406, "FIDS": 9, "LNAM": "0226396F39060009", "LNAM_REFS": null, "FFPT_RIND": null, "COLOUR": null, "NATQUA": null, "NATSUR": [ "9" ], "WATLEV": null, "OBJNAM": null, "NOBJNM": null, "INFORM": null, "NINFOM": null, "NTXTDS": null, "SCAMAX": null, "SCAMIN": 29999, "TXTDSC": null, "RECDAT": null, "RECIND": null, "SORDAT": "20150206", "SORIND": "US,US,reprt,L-246-2015", "_enc_cell": "US4TB3P0" }, "geometry": { "type": "Point", "coordinates": [ 134.5862732, 7.3308721 ] } },
{ "type": "Feature", "properties": { "RCID": 7514, "PRIM": 1, "GRUP": 2, "OBJL": 121, "RVER": 1, "AGEN": 550, "FIDN": 265605258, "FIDS": 9, "LNAM": "02260FD4D08A0009", "LNAM_REFS": null, "FFPT_RIND": null, "COLOUR": null, "NATQUA": null, "NATSUR": [ "4" ], "WATLEV": null, "OBJNAM": null, "NOBJNM": null, "INFORM": null, "NINFOM": null, "NTXTDS": null, "SCAMAX": null, "SCAMIN": 29999, "TXTDSC": null, "RECDAT": null, "RECIND": null, "SORDAT": "20150206", "SORIND": "US,US,reprt,L-246-2015", "_enc_cell": "US4TB3P0" }, "geometry": { "type": "Point", "coordinates": [ 134.593200700000011, 7.3320332 ] } },
{ "type": "Feature", "properties": { "RCID": 7515, "PRIM": 1, "GRUP": 2, "OBJL": 121, "RVER": 1, "AGEN": 550, "FIDN": 384611434, "FIDS": 9, "LNAM": "022616ECB46A0009", "LNAM_REFS": null, "FFPT_RIND": null, "COLOUR": null, "NATQUA": null, "NATSUR": [ "14" ], "WATLEV": null, "OBJNAM": null, "NOBJNM": null, "INFORM": null, "NINFOM": null, "NTXTDS": null, "SCAMAX": null, "SCAMIN": 29999, "TXTDSC": null, "RECDAT": null, "RECIND": null, "SORDAT": "20150206", "SORIND": "US,US,reprt,L-246-2015", "_enc_cell": "US4TB3P0" }, "geometry": { "type": "Point", "coordinates": [ 134.599807700000014, 7.3492918 ] } },
{ "type": "Feature", "properties": { "RCID": 7516, "PRIM": 1, "GRUP": 2, "OBJL": 121, "RVER": 1, "AGEN": 550, "FIDN": 182850335, "FIDS": 9, "LNAM": "02260AE6131F0009", "LNAM_REFS": null, "FFPT_RIND": null, "COLOUR": null, "NATQUA": null, "NATSUR": [ "14" ], "WATLEV": null, "OBJNAM": null, "NOBJNM": null, "INFORM": null, "NINFOM": null, "NTXTDS": null, "SCAMAX": null, "SCAMIN": 29999, "TXTDSC": null, "RECDAT": null, "RECIND": null, "SORDAT": "20150206", "SORIND": "US,US,reprt,L-246-2015", "_enc_cell": "US4TB3P0" }, "geometry": { "type": "Point", "coordinates": [ 134.6046143, 7.3569832 ] } },
{ "type": "Feature", "properties": { "RCID": 7517, "PRIM": 1, "GRUP": 2, "OBJL": 121, "RVER": 1, "AGEN": 550, "FIDN": 677463893, "FIDS": 9, "LNAM": "0226286147550009", "LNAM_REFS": null, "FFPT_RIND": null, "COLOUR": null, "NATQUA": null, "NATSUR": [ "14" ], "WATLEV": null, "OBJNAM": null, "NOBJNM": null, "INFORM": null, "NINFOM": null, "NTXTDS": null, "SCAMAX": null, "SCAMIN": 29999, "TXTDSC": null, "RECDAT": null, "RECIND": null, "SORDAT": "20150206", "SORIND": "US,US,reprt,L-246-2015", "_enc_cell": "US4TB3P0" }, "geometry": { "type": "Point", "coordinates": [ 134.6147614, 7.3721499 ] } },
{ "type": "Feature", "properties": { "RCID": 7669, "PRIM": 1, "GRUP": 2, "OBJL": 121, "RVER": 1, "AGEN": 550, "FIDN": 448124682, "FIDS": 9, "LNAM": "02261AB5D70A0009", "LNAM_REFS": null, "FFPT_RIND": null, "COLOUR": null, "NATQUA": null, "NATSUR": [ "4" ], "WATLEV": null, "OBJNAM": null, "NOBJNM": null, "INFORM": null, "NINFOM": null, "NTXTDS": null, "SCAMAX": null, "SCAMIN": 29999, "TXTDSC": null, "RECDAT": null, "RECIND": null, "SORDAT": "20150206", "SORIND": "US,US,reprt,L-246-2015", "_enc_cell": "US4TB3P0" }, "geometry": { "type": "Point", "coordinates": [ 134.49861150000001, 7.3016501 ] } },
{ "type": "Feature", "properties": { "RCID": 7670, "PRIM": 1, "GRUP": 2, "OBJL": 121, "RVER": 1, "AGEN": 550, "FIDN": 464448629, "FIDS": 9, "LNAM": "02261BAEEC750009", "LNAM_REFS": null, "FFPT_RIND": null, "COLOUR": null, "NATQUA": null, "NATSUR": [ "14" ], "WATLEV": null, "OBJNAM": null, "NOBJNM": null, "INFORM": null, "NINFOM": null, "NTXTDS": null, "SCAMAX": null, "SCAMIN": 29999, "TXTDSC": null, "RECDAT": null, "RECIND": null, "SORDAT": "20150206", "SORIND": "US,US,reprt,L-246-2015", "_enc_cell": "US4TB3P0" }, "geometry": { "type": "Point", "coordinates": [ 134.5013428, 7.2944446 ] } },
{ "type": "Feature", "properties": { "RCID": 7671, "PRIM": 1, "GRUP": 2, "OBJL": 121, "RVER": 1, "AGEN": 550, "FIDN": 627587033, "FIDS": 9, "LNAM": "0226256837D90009", "LNAM_REFS": null, "FFPT_RIND": null, "COLOUR": null, "NATQUA": null, "NATSUR": [ "4" ], "WATLEV": null, "OBJNAM": null, "NOBJNM": null, "INFORM": null, "NINFOM": null, "NTXTDS": null, "SCAMAX": null, "SCAMIN": 29999, "TXTDSC": null, "RECDAT": null, "RECIND": null, "SORDAT": "20150206", "SORIND": "US,US,reprt,L-246-2015", "_enc_cell": "US4TB3P0" }, "geometry": { "type": "Point", "coordinates": [ 134.5015564, 7.2965694 ] } },
{ "type": "Feature", "properties": { "RCID": 7672, "PRIM": 1, "GRUP": 2, "OBJL": 121, "RVER": 1, "AGEN": 550, "FIDN": 747076293, "FIDS": 9, "LNAM": "02262C877AC50009", "LNAM_REFS": null, "FFPT_RIND": null, "COLOUR": null, "NATQUA": null, "NATSUR": [ "9" ], "WATLEV": null, "OBJNAM": null, "NOBJNM": null, "INFORM": null, "NINFOM": null, "NTXTDS": null, "SCAMAX": null, "SCAMIN": 29999, "TXTDSC": null, "RECDAT": null, "RECIND": null, "SORDAT": "20150206", "SORIND": "US,US,reprt,L-246-2015", "_enc_cell": "US4TB3P0" }, "geometry": { "type": "Point", "coordinates": [ 134.5022888, 7.2979946 ] } },
{ "type": "Feature", "properties": { "RCID": 7674, "PRIM": 1, "GRUP": 2, "OBJL": 121, "RVER": 1, "AGEN": 550, "FIDN": 501974019, "FIDS": 9, "LNAM": "02261DEB84030009", "LNAM_REFS": null, "FFPT_RIND": null, "COLOUR": null, "NATQUA": null, "NATSUR": [ "4" ], "WATLEV": null, "OBJNAM": null, "NOBJNM": null, "INFORM": null, "NINFOM": null, "NTXTDS": null, "SCAMAX": null, "SCAMIN": 29999, "TXTDSC": null, "RECDAT": null, "RECIND": null, "SORDAT": "20150206", "SORIND": "US,US,reprt,L-246-2015", "_enc_cell": "US4TB3P0" }, "geometry": { "type": "Point", "coordinates": [ 134.5052033, 7.3026586 ] } },
{ "type": "Feature", "properties": { "RCID": 7675, "PRIM": 1, "GRUP": 2, "OBJL": 121, "RVER": 1, "AGEN": 550, "FIDN": 580819522, "FIDS": 9, "LNAM": "0226229E9A420009", "LNAM_REFS": null, "FFPT_RIND": null, "COLOUR": null, "NATQUA": null, "NATSUR": [ "9" ], "WATLEV": null, "OBJNAM": null, "NOBJNM": null, "INFORM": null, "NINFOM": null, "NTXTDS": null, "SCAMAX": null, "SCAMIN": 29999, "TXTDSC": null, "RECDAT": null, "RECIND": null, "SORDAT": "20150206", "SORIND": "US,US,reprt,L-246-2015", "_enc_cell": "US4TB3P0" }, "geometry": { "type": "Point", "coordinates": [ 134.508224500000011, 7.2905612 ] } },
{ "type": "Feature", "properties": { "RCID": 7677, "PRIM": 1, "GRUP": 2, "OBJL": 121, "RVER": 1, "AGEN": 550, "FIDN": 412558439, "FIDS": 9, "LNAM": "0226189724670009", "LNAM_REFS": null, "FFPT_RIND": null, "COLOUR": null, "NATQUA": null, "NATSUR": [ "9" ], "WATLEV": null, "OBJNAM": null, "NOBJNM": null, "INFORM": null, "NINFOM": null, "NTXTDS": null, "SCAMAX": null, "SCAMIN": 29999, "TXTDSC": null, "RECDAT": null, "RECIND": null, "SORDAT": "20150206", "SORIND": "US,US,reprt,L-246-2015", "_enc_cell": "US4TB3P0" }, "geometry": { "type": "Point", "coordinates": [ 134.5110321, 7.3426752 ] } },
{ "type": "Feature", "properties": { "RCID": 7678, "PRIM": 1, "GRUP": 2, "OBJL": 121, "RVER": 1, "AGEN": 550, "FIDN": 832238543, "FIDS": 9, "LNAM": "0226319AF3CF0009", "LNAM_REFS": null, "FFPT_RIND": null, "COLOUR": null, "NATQUA": null, "NATSUR": [ "4" ], "WATLEV": null, "OBJNAM": null, "NOBJNM": null, "INFORM": null, "NINFOM": null, "NTXTDS": null, "SCAMAX": null, "SCAMIN": 29999, "TXTDSC": null, "RECDAT": null, "RECIND": null, "SORDAT": "20150206", "SORIND": "US,US,reprt,L-246-2015", "_enc_cell": "US4TB3P0" }, "geometry": { "type": "Point", "coordinates": [ 134.512435900000014, 7.2990971 ] } },
{ "type": "Feature", "properties": { "RCID": 7679, "PRIM": 1, "GRUP": 2, "OBJL": 121, "RVER": 1, "AGEN": 550, "FIDN": 793380172, "FIDS": 9, "LNAM": "02262F4A054C0009", "LNAM_REFS": null, "FFPT_RIND": null, "COLOUR": null, "NATQUA": [ "1" ], "NATSUR": [ "4" ], "WATLEV": null, "OBJNAM": null, "NOBJNM": null, "INFORM": null, "NINFOM": null, "NTXTDS": null, "SCAMAX": null, "SCAMIN": 29999, "TXTDSC": null, "RECDAT": null, "RECIND": null, "SORDAT": "20150206", "SORIND": "US,US,reprt,L-246-2015", "_enc_cell": "US4TB3P0" }, "geometry": { "type": "Point", "coordinates": [ 134.5130615, 7.2810359 ] } },
{ "type": "Feature", "properties": { "RCID": 7680, "PRIM": 1, "GRUP": 2, "OBJL": 121, "RVER": 1, "AGEN": 550, "FIDN": 65766529, "FIDS": 9, "LNAM": "022603EB84810009", "LNAM_REFS": null, "FFPT_RIND": null, "COLOUR": null, "NATQUA": null, "NATSUR": [ "14" ], "WATLEV": null, "OBJNAM": null, "NOBJNM": null, "INFORM": null, "NINFOM": null, "NTXTDS": null, "SCAMAX": null, "SCAMIN": 29999, "TXTDSC": null, "RECDAT": null, "RECIND": null, "SORDAT": "20150206", "SORIND": "US,US,reprt,L-246-2015", "_enc_cell": "US4TB3P0" }, "geometry": { "type": "Point", "coordinates": [ 134.5141449, 7.3458056 ] } },
{ "type": "Feature", "properties": { "RCID": 7681, "PRIM": 1, "GRUP": 2, "OBJL": 121, "RVER": 1, "AGEN": 550, "FIDN": 704979969, "FIDS": 9, "LNAM": "02262A0524010009", "LNAM_REFS": null, "FFPT_RIND": null, "COLOUR": null, "NATQUA": null, "NATSUR": [ "4" ], "WATLEV": null, "OBJNAM": null, "NOBJNM": null, "INFORM": null, "NINFOM": null, "NTXTDS": null, "SCAMAX": null, "SCAMIN": 29999, "TXTDSC": null, "RECDAT": null, "RECIND": null, "SORDAT": "20150206", "SORIND": "US,US,reprt,L-246-2015", "_enc_cell": "US4TB3P0" }, "geometry": { "type": "Point", "coordinates": [ 134.5171661, 7.3000279 ] } },
{ "type": "Feature", "properties": { "RCID": 7682, "PRIM": 1, "GRUP": 2, "OBJL": 121, "RVER": 1, "AGEN": 550, "FIDN": 86414452, "FIDS": 9, "LNAM": "0226052694740009", "LNAM_REFS": null, "FFPT_RIND": null, "COLOUR": null, "NATQUA": null, "NATSUR": [ "4" ], "WATLEV": null, "OBJNAM": null, "NOBJNM": null, "INFORM": null, "NINFOM": null, "NTXTDS": null, "SCAMAX": null, "SCAMIN": 29999, "TXTDSC": null, "RECDAT": null, "RECIND": null, "SORDAT": "20150206", "SORIND": "US,US,reprt,L-246-2015", "_enc_cell": "US4TB3P0" }, "geometry": { "type": "Point", "coordinates": [ 134.5177002, 7.3076916 ] } },
{ "type": "Feature", "properties": { "RCID": 7684, "PRIM": 1, "GRUP": 2, "OBJL": 121, "RVER": 1, "AGEN": 550, "FIDN": 627026419, "FIDS": 9, "LNAM": "0226255FA9F30009", "LNAM_REFS": null, "FFPT_RIND": null, "COLOUR": null, "NATQUA": null, "NATSUR": [ "14" ], "WATLEV": null, "OBJNAM": null, "NOBJNM": null, "INFORM": null, "NINFOM": null, "NTXTDS": null, "SCAMAX": null, "SCAMIN": 29999, "TXTDSC": null, "RECDAT": null, "RECIND": null, "SORDAT": "20150206", "SORIND": "US,US,reprt,L-246-2015", "_enc_cell": "US4TB3P0" }, "geometry": { "type": "Point", "coordinates": [ 134.5213013, 7.3199167 ] } },
{ "type": "Feature", "properties": { "RCID": 7687, "PRIM": 1, "GRUP": 2, "OBJL": 121, "RVER": 1, "AGEN": 550, "FIDN": 515497180, "FIDS": 9, "LNAM": "02261EB9DCDC0009", "LNAM_REFS": null, "FFPT_RIND": null, "COLOUR": null, "NATQUA": null, "NATSUR": [ "14" ], "WATLEV": null, "OBJNAM": null, "NOBJNM": null, "INFORM": null, "NINFOM": null, "NTXTDS": null, "SCAMAX": null, "SCAMIN": 29999, "TXTDSC": null, "RECDAT": null, "RECIND": null, "SORDAT": "20150206", "SORIND": "US,US,reprt,L-246-2015", "_enc_cell": "US4TB3P0" }, "geometry": { "type": "Point", "coordinates": [ 134.526062, 7.3093972 ] } },
{ "type": "Feature", "properties": { "RCID": 7688, "PRIM": 1, "GRUP": 2, "OBJL": 121, "RVER": 1, "AGEN": 550, "FIDN": 985544877, "FIDS": 9, "LNAM": "02263ABE38AD0009", "LNAM_REFS": null, "FFPT_RIND": null, "COLOUR": null, "NATQUA": [ "3" ], "NATSUR": [ "4" ], "WATLEV": null, "OBJNAM": null, "NOBJNM": null, "INFORM": null, "NINFOM": null, "NTXTDS": null, "SCAMAX": null, "SCAMIN": 29999, "TXTDSC": null, "RECDAT": null, "RECIND": null, "SORDAT": "20150206", "SORIND": "US,US,reprt,L-246-2015", "_enc_cell": "US4TB3P0" }, "geometry": { "type": "Point", "coordinates": [ 134.527679400000011, 7.2995944 ] } },
{ "type": "Feature", "properties": { "RCID": 7689, "PRIM": 1, "GRUP": 2, "OBJL": 121, "RVER": 1, "AGEN": 550, "FIDN": 708704395, "FIDS": 9, "LNAM": "02262A3DF88B0009", "LNAM_REFS": null, "FFPT_RIND": null, "COLOUR": null, "NATQUA": null, "NATSUR": [ "14" ], "WATLEV": null, "OBJNAM": null, "NOBJNM": null, "INFORM": null, "NINFOM": null, "NTXTDS": null, "SCAMAX": null, "SCAMIN": 29999, "TXTDSC": null, "RECDAT": null, "RECIND": null, "SORDAT": "20150206", "SORIND": "US,US,reprt,L-246-2015", "_enc_cell": "US4TB3P0" }, "geometry": { "type": "Point", "coordinates": [ 134.5324554, 7.2880583 ] } },
{ "type": "Feature", "properties": { "RCID": 7690, "PRIM": 1, "GRUP": 2, "OBJL": 121, "RVER": 1, "AGEN": 550, "FIDN": 528360968, "FIDS": 9, "LNAM": "02261F7E26080009", "LNAM_REFS": null, "FFPT_RIND": null, "COLOUR": null, "NATQUA": null, "NATSUR": [ "9" ], "WATLEV": null, "OBJNAM": null, "NOBJNM": null, "INFORM": null, "NINFOM": null, "NTXTDS": null, "SCAMAX": null, "SCAMIN": 29999, "TXTDSC": null, "RECDAT": null, "RECIND": null, "SORDAT": "20150206", "SORIND": "US,US,reprt,L-246-2015", "_enc_cell": "US4TB3P0" }, "geometry": { "type": "Point", "coordinates": [ 134.5333252, 7.2827859 ] } },
{ "type": "Feature", "properties": { "RCID": 7691, "PRIM": 1, "GRUP": 2, "OBJL": 121, "RVER": 1, "AGEN": 550, "FIDN": 403644202, "FIDS": 9, "LNAM": "0226180F1F2A0009", "LNAM_REFS": null, "FFPT_RIND": null, "COLOUR": null, "NATQUA": null, "NATSUR": [ "14" ], "WATLEV": null, "OBJNAM": null, "NOBJNM": null, "INFORM": null, "NINFOM": null, "NTXTDS": null, "SCAMAX": null, "SCAMIN": 29999, "TXTDSC": null, "RECDAT": null, "RECIND": null, "SORDAT": "20150206", "SORIND": "US,US,reprt,L-246-2015", "_enc_cell": "US4TB3P0" }, "geometry": { "type": "Point", "coordinates": [ 134.5334015, 7.2968807 ] } },
{ "type": "Feature", "properties": { "RCID": 7692, "PRIM": 1, "GRUP": 2, "OBJL": 121, "RVER": 1, "AGEN": 550, "FIDN": 572113614, "FIDS": 9, "LNAM": "02262219C2CE0009", "LNAM_REFS": null, "FFPT_RIND": null, "COLOUR": null, "NATQUA": null, "NATSUR": [ "4" ], "WATLEV": null, "OBJNAM": null, "NOBJNM": null, "INFORM": null, "NINFOM": null, "NTXTDS": null, "SCAMAX": null, "SCAMIN": 29999, "TXTDSC": null, "RECDAT": null, "RECIND": null, "SORDAT": "20150206", "SORIND": "US,US,reprt,L-246-2015", "_enc_cell": "US4TB3P0" }, "geometry": { "type": "Point", "coordinates": [ 134.5343018, 7.286314 ] } },
{ "type": "Feature", "properties": { "RCID": 7693, "PRIM": 1, "GRUP": 2, "OBJL": 121, "RVER": 1, "AGEN": 550, "FIDN": 952851264, "FIDS": 9, "LNAM": "022638CB5B400009", "LNAM_REFS": null, "FFPT_RIND": null, "COLOUR": null, "NATQUA": null, "NATSUR": [ "9" ], "WATLEV": null, "OBJNAM": null, "NOBJNM": null, "INFORM": null, "NINFOM": null, "NTXTDS": null, "SCAMAX": null, "SCAMIN": 29999, "TXTDSC": null, "RECDAT": null, "RECIND": null, "SORDAT": "20150206", "SORIND": "US,US,reprt,L-246-2015", "_enc_cell": "US4TB3P0" }, "geometry": { "type": "Point", "coordinates": [ 134.5378418, 7.2859473 ] } },
{ "type": "Feature", "properties": { "RCID": 7694, "PRIM": 1, "GRUP": 2, "OBJL": 121, "RVER": 1, "AGEN": 550, "FIDN": 532574747, "FIDS": 9, "LNAM": "02261FBE721B0009", "LNAM_REFS": null, "FFPT_RIND": null, "COLOUR": null, "NATQUA": null, "NATSUR": [ "14" ], "WATLEV": null, "OBJNAM": null, "NOBJNM": null, "INFORM": null, "NINFOM": null, "NTXTDS": null, "SCAMAX": null, "SCAMIN": 29999, "TXTDSC": null, "RECDAT": null, "RECIND": null, "SORDAT": "20150206", "SORIND": "US,US,reprt,L-246-2015", "_enc_cell": "US4TB3P0" }, "geometry": { "type": "Point", "coordinates": [ 134.5393372, 7.2952666 ] } },
{ "type": "Feature", "properties": { "RCID": 7695, "PRIM": 1, "GRUP": 2, "OBJL": 121, "RVER": 1, "AGEN": 550, "FIDN": 371354752, "FIDS": 9, "LNAM": "022616226C800009", "LNAM_REFS": null, "FFPT_RIND": null, "COLOUR": null, "NATQUA": null, "NATSUR": [ "14" ], "WATLEV": null, "OBJNAM": null, "NOBJNM": null, "INFORM": null, "NINFOM": null, "NTXTDS": null, "SCAMAX": null, "SCAMIN": 29999, "TXTDSC": null, "RECDAT": null, "RECIND": null, "SORDAT": "20150206", "SORIND": "US,US,reprt,L-246-2015", "_enc_cell": "US4TB3P0" }, "geometry": { "type": "Point", "coordinates": [ 134.5407562, 7.2714 ] } },
{ "type": "Feature", "properties": { "RCID": 7696, "PRIM": 1, "GRUP": 2, "OBJL": 121, "RVER": 1, "AGEN": 550, "FIDN": 799476562, "FIDS": 9, "LNAM": "02262FA70B520009", "LNAM_REFS": null, "FFPT_RIND": null, "COLOUR": null, "NATQUA": null, "NATSUR": [ "1" ], "WATLEV": null, "OBJNAM": null, "NOBJNM": null, "INFORM": null, "NINFOM": null, "NTXTDS": null, "SCAMAX": null, "SCAMIN": 29999, "TXTDSC": null, "RECDAT": null, "RECIND": null, "SORDAT": "20150206", "SORIND": "US,US,reprt,L-246-2015", "_enc_cell": "US4TB3P0" }, "geometry": { "type": "Point", "coordinates": [ 134.5453033, 7.2730999 ] } },
{ "type": "Feature", "properties": { "RCID": 7697, "PRIM": 1, "GRUP": 2, "OBJL": 121, "RVER": 1, "AGEN": 550, "FIDN": 490771142, "FIDS": 9, "LNAM": "02261D4092C60009", "LNAM_REFS": null, "FFPT_RIND": null, "COLOUR": null, "NATQUA": null, "NATSUR": [ "4" ], "WATLEV": null, "OBJNAM": null, "NOBJNM": null, "INFORM": null, "NINFOM": null, "NTXTDS": null, "SCAMAX": null, "SCAMIN": 29999, "TXTDSC": null, "RECDAT": null, "RECIND": null, "SORDAT": "20150206", "SORIND": "US,US,reprt,L-246-2015", "_enc_cell": "US4TB3P0" }, "geometry": { "type": "Point", "coordinates": [ 134.5455627, 7.2960944 ] } },
{ "type": "Feature", "properties": { "RCID": 7698, "PRIM": 1, "GRUP": 2, "OBJL": 121, "RVER": 1, "AGEN": 550, "FIDN": 587775835, "FIDS": 9, "LNAM": "02262308BF5B0009", "LNAM_REFS": null, "FFPT_RIND": null, "COLOUR": null, "NATQUA": null, "NATSUR": [ "1" ], "WATLEV": null, "OBJNAM": null, "NOBJNM": null, "INFORM": null, "NINFOM": null, "NTXTDS": null, "SCAMAX": null, "SCAMIN": 29999, "TXTDSC": null, "RECDAT": null, "RECIND": null, "SORDAT": "20150206", "SORIND": "US,US,reprt,L-246-2015", "_enc_cell": "US4TB3P0" }, "geometry": { "type": "Point", "coordinates": [ 134.5462647, 7.2814555 ] } },
{ "type": "Feature", "properties": { "RCID": 7700, "PRIM": 1, "GRUP": 2, "OBJL": 121, "RVER": 1, "AGEN": 550, "FIDN": 182024812, "FIDS": 9, "LNAM": "02260AD97A6C0009", "LNAM_REFS": null, "FFPT_RIND": null, "COLOUR": null, "NATQUA": null, "NATSUR": [ "9" ], "WATLEV": null, "OBJNAM": null, "NOBJNM": null, "INFORM": null, "NINFOM": null, "NTXTDS": null, "SCAMAX": null, "SCAMIN": 29999, "TXTDSC": null, "RECDAT": null, "RECIND": null, "SORDAT": "20150206", "SORIND": "US,US,reprt,L-246-2015", "_enc_cell": "US4TB3P0" }, "geometry": { "type": "Point", "coordinates": [ 134.5484314, 7.2978387 ] } },
{ "type": "Feature", "properties": { "RCID": 7701, "PRIM": 1, "GRUP": 2, "OBJL": 121, "RVER": 1, "AGEN": 550, "FIDN": 715087456, "FIDS": 9, "LNAM": "02262A9F5E600009", "LNAM_REFS": null, "FFPT_RIND": null, "COLOUR": null, "NATQUA": null, "NATSUR": [ "14" ], "WATLEV": null, "OBJNAM": null, "NOBJNM": null, "INFORM": null, "NINFOM": null, "NTXTDS": null, "SCAMAX": null, "SCAMIN": 29999, "TXTDSC": null, "RECDAT": null, "RECIND": null, "SORDAT": "20150206", "SORIND": "US,US,reprt,L-246-2015", "_enc_cell": "US4TB3P0" }, "geometry": { "type": "Point", "coordinates": [ 134.5533295, 7.3180666 ] } },
{ "type": "Feature", "properties": { "RCID": 7702, "PRIM": 1, "GRUP": 2, "OBJL": 121, "RVER": 1, "AGEN": 550, "FIDN": 228031747, "FIDS": 9, "LNAM": "02260D977D030009", "LNAM_REFS": null, "FFPT_RIND": null, "COLOUR": null, "NATQUA": null, "NATSUR": [ "9" ], "WATLEV": null, "OBJNAM": null, "NOBJNM": null, "INFORM": null, "NINFOM": null, "NTXTDS": null, "SCAMAX": null, "SCAMIN": 29999, "TXTDSC": null, "RECDAT": null, "RECIND": null, "SORDAT": "20150206", "SORIND": "US,US,reprt,L-246-2015", "_enc_cell": "US4TB3P0" }, "geometry": { "type": "Point", "coordinates": [ 134.5558167, 7.3051887 ] } },
{ "type": "Feature", "properties": { "RCID": 7703, "PRIM": 1, "GRUP": 2, "OBJL": 121, "RVER": 1, "AGEN": 550, "FIDN": 281811296, "FIDS": 9, "LNAM": "022610CC19600009", "LNAM_REFS": null, "FFPT_RIND": null, "COLOUR": null, "NATQUA": null, "NATSUR": [ "14" ], "WATLEV": null, "OBJNAM": null, "NOBJNM": null, "INFORM": null, "NINFOM": null, "NTXTDS": null, "SCAMAX": null, "SCAMIN": 29999, "TXTDSC": null, "RECDAT": null, "RECIND": null, "SORDAT": "20150206", "SORIND": "US,US,reprt,L-246-2015", "_enc_cell": "US4TB3P0" }, "geometry": { "type": "Point", "coordinates": [ 134.5560913, 7.3269916 ] } },
{ "type": "Feature", "properties": { "RCID": 7704, "PRIM": 1, "GRUP": 2, "OBJL": 121, "RVER": 1, "AGEN": 550, "FIDN": 896256225, "FIDS": 9, "LNAM": "0226356BC8E10009", "LNAM_REFS": null, "FFPT_RIND": null, "COLOUR": null, "NATQUA": null, "NATSUR": [ "14" ], "WATLEV": null, "OBJNAM": null, "NOBJNM": null, "INFORM": null, "NINFOM": null, "NTXTDS": null, "SCAMAX": null, "SCAMIN": 29999, "TXTDSC": null, "RECDAT": null, "RECIND": null, "SORDAT": "20150206", "SORIND": "US,US,reprt,L-246-2015", "_enc_cell": "US4TB3P0" }, "geometry": { "type": "Point", "coordinates": [ 134.5619812, 7.2842002 ] } },
{ "type": "Feature", "properties": { "RCID": 7705, "PRIM": 1, "GRUP": 2, "OBJL": 121, "RVER": 1, "AGEN": 550, "FIDN": 682274541, "FIDS": 9, "LNAM": "022628AAAEED0009", "LNAM_REFS": null, "FFPT_RIND": null, "COLOUR": null, "NATQUA": null, "NATSUR": [ "4" ], "WATLEV": null, "OBJNAM": null, "NOBJNM": null, "INFORM": null, "NINFOM": null, "NTXTDS": null, "SCAMAX": null, "SCAMIN": 29999, "TXTDSC": null, "RECDAT": null, "RECIND": null, "SORDAT": "20150206", "SORIND": "US,US,reprt,L-246-2015", "_enc_cell": "US4TB3P0" }, "geometry": { "type": "Point", "coordinates": [ 134.568924, 7.2966471 ] } },
{ "type": "Feature", "properties": { "RCID": 7706, "PRIM": 1, "GRUP": 2, "OBJL": 121, "RVER": 1, "AGEN": 550, "FIDN": 983127179, "FIDS": 9, "LNAM": "02263A99548B0009", "LNAM_REFS": null, "FFPT_RIND": null, "COLOUR": null, "NATQUA": null, "NATSUR": [ "9" ], "WATLEV": null, "OBJNAM": null, "NOBJNM": null, "INFORM": null, "NINFOM": null, "NTXTDS": null, "SCAMAX": null, "SCAMIN": 29999, "TXTDSC": null, "RECDAT": null, "RECIND": null, "SORDAT": "20150206", "SORIND": "US,US,reprt,L-246-2015", "_enc_cell": "US4TB3P0" }, "geometry": { "type": "Point", "coordinates": [ 134.5696869, 7.3316388 ] } },
{ "type": "Feature", "properties": { "RCID": 7707, "PRIM": 1, "GRUP": 2, "OBJL": 121, "RVER": 1, "AGEN": 550, "FIDN": 166549908, "FIDS": 9, "LNAM": "022609ED59940009", "LNAM_REFS": null, "FFPT_RIND": null, "COLOUR": null, "NATQUA": null, "NATSUR": [ "14" ], "WATLEV": null, "OBJNAM": null, "NOBJNM": null, "INFORM": null, "NINFOM": null, "NTXTDS": null, "SCAMAX": null, "SCAMIN": 29999, "TXTDSC": null, "RECDAT": null, "RECIND": null, "SORDAT": "20150206", "SORIND": "US,US,reprt,L-246-2015", "_enc_cell": "US4TB3P0" }, "geometry": { "type": "Point", "coordinates": [ 134.5714111, 7.3262057 ] } },
{ "type": "Feature", "properties": { "RCID": 7708, "PRIM": 1, "GRUP": 2, "OBJL": 121, "RVER": 1, "AGEN": 550, "FIDN": 395780046, "FIDS": 9, "LNAM": "022617971FCE0009", "LNAM_REFS": null, "FFPT_RIND": null, "COLOUR": null, "NATQUA": null, "NATSUR": [ "14" ], "WATLEV": null, "OBJNAM": null, "NOBJNM": null, "INFORM": null, "NINFOM": null, "NTXTDS": null, "SCAMAX": null, "SCAMIN": 29999, "TXTDSC": null, "RECDAT": null, "RECIND": null, "SORDAT": "20150206", "SORIND": "US,US,reprt,L-246-2015", "_enc_cell": "US4TB3P0" }, "geometry": { "type": "Point", "coordinates": [ 134.572113, 7.3283362 ] } },
{ "type": "Feature", "properties": { "RCID": 7709, "PRIM": 1, "GRUP": 2, "OBJL": 121, "RVER": 1, "AGEN": 550, "FIDN": 363662887, "FIDS": 9, "LNAM": "022615AD0E270009", "LNAM_REFS": null, "FFPT_RIND": null, "COLOUR": null, "NATQUA": null, "NATSUR": [ "9" ], "WATLEV": null, "OBJNAM": null, "NOBJNM": null, "INFORM": null, "NINFOM": null, "NTXTDS": null, "SCAMAX": null, "SCAMIN": 29999, "TXTDSC": null, "RECDAT": null, "RECIND": null, "SORDAT": "20150206", "SORIND": "US,US,reprt,L-246-2015", "_enc_cell": "US4TB3P0" }, "geometry": { "type": "Point", "coordinates": [ 134.5751495, 7.3340359 ] } },
{ "type": "Feature", "properties": { "RCID": 7710, "PRIM": 1, "GRUP": 2, "OBJL": 121, "RVER": 1, "AGEN": 550, "FIDN": 382296041, "FIDS": 9, "LNAM": "022616C95FE90009", "LNAM_REFS": null, "FFPT_RIND": null, "COLOUR": null, "NATQUA": null, "NATSUR": [ "9" ], "WATLEV": null, "OBJNAM": null, "NOBJNM": null, "INFORM": null, "NINFOM": null, "NTXTDS": null, "SCAMAX": null, "SCAMIN": 29999, "TXTDSC": null, "RECDAT": null, "RECIND": null, "SORDAT": "20150206", "SORIND": "US,US,reprt,L-246-2015", "_enc_cell": "US4TB3P0" }, "geometry": { "type": "Point", "coordinates": [ 134.575546300000013, 7.3364081 ] } },
{ "type": "Feature", "properties": { "RCID": 7711, "PRIM": 1, "GRUP": 2, "OBJL": 121, "RVER": 1, "AGEN": 550, "FIDN": 516052366, "FIDS": 9, "LNAM": "02261EC2558E0009", "LNAM_REFS": null, "FFPT_RIND": null, "COLOUR": null, "NATQUA": null, "NATSUR": [ "9" ], "WATLEV": null, "OBJNAM": null, "NOBJNM": null, "INFORM": null, "NINFOM": null, "NTXTDS": null, "SCAMAX": null, "SCAMIN": 29999, "TXTDSC": null, "RECDAT": null, "RECIND": null, "SORDAT": "20150206", "SORIND": "US,US,reprt,L-246-2015", "_enc_cell": "US4TB3P0" }, "geometry": { "type": "Point", "coordinates": [ 134.58105470000001, 7.3413391 ] } },
{ "type": "Feature", "properties": { "RCID": 7712, "PRIM": 1, "GRUP": 2, "OBJL": 121, "RVER": 1, "AGEN": 550, "FIDN": 336034922, "FIDS": 9, "LNAM": "022614077C6A0009", "LNAM_REFS": null, "FFPT_RIND": null, "COLOUR": null, "NATQUA": null, "NATSUR": [ "14" ], "WATLEV": null, "OBJNAM": null, "NOBJNM": null, "INFORM": null, "NINFOM": null, "NTXTDS": null, "SCAMAX": null, "SCAMIN": 29999, "TXTDSC": null, "RECDAT": null, "RECIND": null, "SORDAT": "20150206", "SORIND": "US,US,reprt,L-246-2015", "_enc_cell": "US4TB3P0" }, "geometry": { "type": "Point", "coordinates": [ 134.5966644, 7.351861 ] } },
{ "type": "Feature", "properties": { "RCID": 7713, "PRIM": 1, "GRUP": 2, "OBJL": 121, "RVER": 1, "AGEN": 550, "FIDN": 693744537, "FIDS": 9, "LNAM": "02262959B3990009", "LNAM_REFS": null, "FFPT_RIND": null, "COLOUR": null, "NATQUA": null, "NATSUR": [ "14" ], "WATLEV": null, "OBJNAM": null, "NOBJNM": null, "INFORM": null, "NINFOM": null, "NTXTDS": null, "SCAMAX": null, "SCAMIN": 29999, "TXTDSC": null, "RECDAT": null, "RECIND": null, "SORDAT": "20150206", "SORIND": "US,US,reprt,L-246-2015", "_enc_cell": "US4TB3P0" }, "geometry": { "type": "Point", "coordinates": [ 134.6004944, 7.3437252 ] } },
{ "type": "Feature", "properties": { "RCID": 7714, "PRIM": 1, "GRUP": 2, "OBJL": 121, "RVER": 1, "AGEN": 550, "FIDN": 497288686, "FIDS": 9, "LNAM": "02261DA405EE0009", "LNAM_REFS": null, "FFPT_RIND": null, "COLOUR": null, "NATQUA": [ "3" ], "NATSUR": [ "4" ], "WATLEV": null, "OBJNAM": null, "NOBJNM": null, "INFORM": null, "NINFOM": null, "NTXTDS": null, "SCAMAX": null, "SCAMIN": 29999, "TXTDSC": null, "RECDAT": null, "RECIND": null, "SORDAT": "20150206", "SORIND": "US,US,reprt,L-246-2015", "_enc_cell": "US4TB3P0" }, "geometry": { "type": "Point", "coordinates": [ 134.60209660000001, 7.3415613 ] } },
{ "type": "Feature", "properties": { "RCID": 7715, "PRIM": 1, "GRUP": 2, "OBJL": 121, "RVER": 1, "AGEN": 550, "FIDN": 695015686, "FIDS": 9, "LNAM": "0226296D19060009", "LNAM_REFS": null, "FFPT_RIND": null, "COLOUR": null, "NATQUA": [ "3" ], "NATSUR": [ "4" ], "WATLEV": null, "OBJNAM": null, "NOBJNM": null, "INFORM": null, "NINFOM": null, "NTXTDS": null, "SCAMAX": null, "SCAMIN": 29999, "TXTDSC": null, "RECDAT": null, "RECIND": null, "SORDAT": "20150206", "SORIND": "US,US,reprt,L-246-2015", "_enc_cell": "US4TB3P0" }, "geometry": { "type": "Point", "coordinates": [ 134.606247, 7.3499918 ] } },
{ "type": "Feature", "properties": { "RCID": 7716, "PRIM": 1, "GRUP": 2, "OBJL": 121, "RVER": 1, "AGEN": 550, "FIDN": 877046770, "FIDS": 9, "LNAM": "02263446ABF20009", "LNAM_REFS": null, "FFPT_RIND": null, "COLOUR": null, "NATQUA": null, "NATSUR": [ "4" ], "WATLEV": null, "OBJNAM": null, "NOBJNM": null, "INFORM": null, "NINFOM": null, "NTXTDS": null, "SCAMAX": null, "SCAMIN": 29999, "TXTDSC": null, "RECDAT": null, "RECIND": null, "SORDAT": "20150206", "SORIND": "US,US,reprt,L-246-2015", "_enc_cell": "US4TB3P0" }, "geometry": { "type": "Point", "coordinates": [ 134.60702520000001, 7.3585391 ] } },
{ "type": "Feature", "properties": { "RCID": 7717, "PRIM": 1, "GRUP": 2, "OBJL": 121, "RVER": 1, "AGEN": 550, "FIDN": 971426680, "FIDS": 9, "LNAM": "022639E6CB780009", "LNAM_REFS": null, "FFPT_RIND": null, "COLOUR": null, "NATQUA": null, "NATSUR": [ "4" ], "WATLEV": null, "OBJNAM": null, "NOBJNM": null, "INFORM": null, "NINFOM": null, "NTXTDS": null, "SCAMAX": null, "SCAMIN": 29999, "TXTDSC": null, "RECDAT": null, "RECIND": null, "SORDAT": "20150206", "SORIND": "US,US,reprt,L-246-2015", "_enc_cell": "US4TB3P0" }, "geometry": { "type": "Point", "coordinates": [ 134.6110687, 7.3518724 ] } },
{ "type": "Feature", "properties": { "RCID": 7718, "PRIM": 1, "GRUP": 2, "OBJL": 121, "RVER": 1, "AGEN": 550, "FIDN": 105095096, "FIDS": 9, "LNAM": "022606439FB80009", "LNAM_REFS": null, "FFPT_RIND": null, "COLOUR": null, "NATQUA": [ "1" ], "NATSUR": [ "4" ], "WATLEV": null, "OBJNAM": null, "NOBJNM": null, "INFORM": null, "NINFOM": null, "NTXTDS": null, "SCAMAX": null, "SCAMIN": 29999, "TXTDSC": null, "RECDAT": null, "RECIND": null, "SORDAT": "20150206", "SORIND": "US,US,reprt,L-246-2015", "_enc_cell": "US4TB3P0" }, "geometry": { "type": "Point", "coordinates": [ 134.6154785, 7.370214 ] } },
{ "type": "Feature", "properties": { "RCID": 7858, "PRIM": 1, "GRUP": 2, "OBJL": 121, "RVER": 1, "AGEN": 550, "FIDN": 796329929, "FIDS": 9, "LNAM": "02262F7707C90009", "LNAM_REFS": null, "FFPT_RIND": null, "COLOUR": null, "NATQUA": null, "NATSUR": [ "1" ], "WATLEV": null, "OBJNAM": null, "NOBJNM": null, "INFORM": null, "NINFOM": null, "NTXTDS": null, "SCAMAX": null, "SCAMIN": 29999, "TXTDSC": null, "RECDAT": null, "RECIND": null, "SORDAT": "20150206", "SORIND": "US,US,reprt,L-246-2015", "_enc_cell": "US4TB3P0" }, "geometry": { "type": "Point", "coordinates": [ 134.4969635, 7.406261 ] } },
{ "type": "Feature", "properties": { "RCID": 7859, "PRIM": 1, "GRUP": 2, "OBJL": 121, "RVER": 1, "AGEN": 550, "FIDN": 915473906, "FIDS": 9, "LNAM": "0226369105F20009", "LNAM_REFS": null, "FFPT_RIND": null, "COLOUR": null, "NATQUA": null, "NATSUR": [ "9" ], "WATLEV": null, "OBJNAM": null, "NOBJNM": null, "INFORM": null, "NINFOM": null, "NTXTDS": null, "SCAMAX": null, "SCAMIN": 29999, "TXTDSC": null, "RECDAT": null, "RECIND": null, "SORDAT": "20150206", "SORIND": "US,US,reprt,L-246-2015", "_enc_cell": "US4TB3P0" }, "geometry": { "type": "Point", "coordinates": [ 134.4979858, 7.2936692 ] } },
{ "type": "Feature", "properties": { "RCID": 7860, "PRIM": 1, "GRUP": 2, "OBJL": 121, "RVER": 1, "AGEN": 550, "FIDN": 26283013, "FIDS": 9, "LNAM": "022601910C050009", "LNAM_REFS": null, "FFPT_RIND": null, "COLOUR": null, "NATQUA": null, "NATSUR": [ "9" ], "WATLEV": null, "OBJNAM": null, "NOBJNM": null, "INFORM": null, "NINFOM": null, "NTXTDS": null, "SCAMAX": null, "SCAMIN": 29999, "TXTDSC": null, "RECDAT": null, "RECIND": null, "SORDAT": "20150206", "SORIND": "US,US,reprt,L-246-2015", "_enc_cell": "US4TB3P0" }, "geometry": { "type": "Point", "coordinates": [ 134.4984436, 7.2890806 ] } },
{ "type": "Feature", "properties": { "RCID": 7861, "PRIM": 1, "GRUP": 2, "OBJL": 121, "RVER": 1, "AGEN": 550, "FIDN": 789788087, "FIDS": 9, "LNAM": "02262F1335B70009", "LNAM_REFS": null, "FFPT_RIND": null, "COLOUR": null, "NATQUA": null, "NATSUR": [ "1" ], "WATLEV": null, "OBJNAM": null, "NOBJNM": null, "INFORM": null, "NINFOM": null, "NTXTDS": null, "SCAMAX": null, "SCAMIN": 29999, "TXTDSC": null, "RECDAT": null, "RECIND": null, "SORDAT": "20150206", "SORIND": "US,US,reprt,L-246-2015", "_enc_cell": "US4TB3P0" }, "geometry": { "type": "Point", "coordinates": [ 134.4989014, 7.3289251 ] } },
{ "type": "Feature", "properties": { "RCID": 7862, "PRIM": 1, "GRUP": 2, "OBJL": 121, "RVER": 1, "AGEN": 550, "FIDN": 725666557, "FIDS": 9, "LNAM": "02262B40CAFD0009", "LNAM_REFS": null, "FFPT_RIND": null, "COLOUR": null, "NATQUA": null, "NATSUR": [ "14" ], "WATLEV": null, "OBJNAM": null, "NOBJNM": null, "INFORM": null, "NINFOM": null, "NTXTDS": null, "SCAMAX": null, "SCAMIN": 29999, "TXTDSC": null, "RECDAT": null, "RECIND": null, "SORDAT": "20150206", "SORIND": "US,US,reprt,L-246-2015", "_enc_cell": "US4TB3P0" }, "geometry": { "type": "Point", "coordinates": [ 134.4996033, 7.2984724 ] } },
{ "type": "Feature", "properties": { "RCID": 7863, "PRIM": 1, "GRUP": 2, "OBJL": 121, "RVER": 1, "AGEN": 550, "FIDN": 225969823, "FIDS": 9, "LNAM": "02260D78069F0009", "LNAM_REFS": null, "FFPT_RIND": null, "COLOUR": null, "NATQUA": null, "NATSUR": [ "9" ], "WATLEV": null, "OBJNAM": null, "NOBJNM": null, "INFORM": null, "NINFOM": null, "NTXTDS": null, "SCAMAX": null, "SCAMIN": 29999, "TXTDSC": null, "RECDAT": null, "RECIND": null, "SORDAT": "20150206", "SORIND": "US,US,reprt,L-246-2015", "_enc_cell": "US4TB3P0" }, "geometry": { "type": "Point", "coordinates": [ 134.5001068, 7.2791748 ] } },
{ "type": "Feature", "properties": { "RCID": 7866, "PRIM": 1, "GRUP": 2, "OBJL": 121, "RVER": 1, "AGEN": 550, "FIDN": 76517207, "FIDS": 9, "LNAM": "0226048F8F570009", "LNAM_REFS": null, "FFPT_RIND": null, "COLOUR": null, "NATQUA": null, "NATSUR": [ "1" ], "WATLEV": null, "OBJNAM": null, "NOBJNM": null, "INFORM": null, "NINFOM": null, "NTXTDS": null, "SCAMAX": null, "SCAMIN": 29999, "TXTDSC": null, "RECDAT": null, "RECIND": null, "SORDAT": "20150206", "SORIND": "US,US,reprt,L-246-2015", "_enc_cell": "US4TB3P0" }, "geometry": { "type": "Point", "coordinates": [ 134.504257200000012, 7.3271942 ] } },
{ "type": "Feature", "properties": { "RCID": 7868, "PRIM": 1, "GRUP": 2, "OBJL": 121, "RVER": 1, "AGEN": 550, "FIDN": 210752688, "FIDS": 9, "LNAM": "02260C8FD4B00009", "LNAM_REFS": null, "FFPT_RIND": null, "COLOUR": null, "NATQUA": null, "NATSUR": [ "9" ], "WATLEV": null, "OBJNAM": null, "NOBJNM": null, "INFORM": null, "NINFOM": null, "NTXTDS": null, "SCAMAX": null, "SCAMIN": 29999, "TXTDSC": null, "RECDAT": null, "RECIND": null, "SORDAT": "20150206", "SORIND": "US,US,reprt,L-246-2015", "_enc_cell": "US4TB3P0" }, "geometry": { "type": "Point", "coordinates": [ 134.5091095, 7.2943168 ] } },
{ "type": "Feature", "properties": { "RCID": 7869, "PRIM": 1, "GRUP": 2, "OBJL": 121, "RVER": 1, "AGEN": 550, "FIDN": 937064115, "FIDS": 9, "LNAM": "022637DA76B30009", "LNAM_REFS": null, "FFPT_RIND": null, "COLOUR": null, "NATQUA": null, "NATSUR": [ "9" ], "WATLEV": null, "OBJNAM": null, "NOBJNM": null, "INFORM": null, "NINFOM": null, "NTXTDS": null, "SCAMAX": null, "SCAMIN": 29999, "TXTDSC": null, "RECDAT": null, "RECIND": null, "SORDAT": "20150206", "SORIND": "US,US,reprt,L-246-2015", "_enc_cell": "US4TB3P0" }, "geometry": { "type": "Point", "coordinates": [ 134.5095215, 7.2979279 ] } },
{ "type": "Feature", "properties": { "RCID": 7873, "PRIM": 1, "GRUP": 2, "OBJL": 121, "RVER": 1, "AGEN": 550, "FIDN": 53691625, "FIDS": 9, "LNAM": "0226033344E90009", "LNAM_REFS": null, "FFPT_RIND": null, "COLOUR": null, "NATQUA": null, "NATSUR": [ "14" ], "WATLEV": null, "OBJNAM": null, "NOBJNM": null, "INFORM": null, "NINFOM": null, "NTXTDS": null, "SCAMAX": null, "SCAMIN": 29999, "TXTDSC": null, "RECDAT": null, "RECIND": null, "SORDAT": "20150206", "SORIND": "US,US,reprt,L-246-2015", "_enc_cell": "US4TB3P0" }, "geometry": { "type": "Point", "coordinates": [ 134.516647299999988, 7.2975111 ] } },
{ "type": "Feature", "properties": { "RCID": 7874, "PRIM": 1, "GRUP": 2, "OBJL": 121, "RVER": 1, "AGEN": 550, "FIDN": 378443772, "FIDS": 9, "LNAM": "0226168E97FC0009", "LNAM_REFS": null, "FFPT_RIND": null, "COLOUR": null, "NATQUA": [ "3" ], "NATSUR": [ "4" ], "WATLEV": null, "OBJNAM": null, "NOBJNM": null, "INFORM": null, "NINFOM": null, "NTXTDS": null, "SCAMAX": null, "SCAMIN": 29999, "TXTDSC": null, "RECDAT": null, "RECIND": null, "SORDAT": "20150206", "SORIND": "US,US,reprt,L-246-2015", "_enc_cell": "US4TB3P0" }, "geometry": { "type": "Point", "coordinates": [ 134.5197144, 7.2957306 ] } },
{ "type": "Feature", "properties": { "RCID": 7875, "PRIM": 1, "GRUP": 2, "OBJL": 121, "RVER": 1, "AGEN": 550, "FIDN": 640898039, "FIDS": 9, "LNAM": "0226263353F70009", "LNAM_REFS": null, "FFPT_RIND": null, "COLOUR": null, "NATQUA": null, "NATSUR": [ "14" ], "WATLEV": null, "OBJNAM": null, "NOBJNM": null, "INFORM": null, "NINFOM": null, "NTXTDS": null, "SCAMAX": null, "SCAMIN": 29999, "TXTDSC": null, "RECDAT": null, "RECIND": null, "SORDAT": "20150206", "SORIND": "US,US,reprt,L-246-2015", "_enc_cell": "US4TB3P0" }, "geometry": { "type": "Point", "coordinates": [ 134.5207062, 7.3368473 ] } },
{ "type": "Feature", "properties": { "RCID": 7876, "PRIM": 1, "GRUP": 2, "OBJL": 121, "RVER": 1, "AGEN": 550, "FIDN": 498875376, "FIDS": 9, "LNAM": "02261DBC3BF00009", "LNAM_REFS": null, "FFPT_RIND": null, "COLOUR": null, "NATQUA": null, "NATSUR": [ "14" ], "WATLEV": null, "OBJNAM": null, "NOBJNM": null, "INFORM": null, "NINFOM": null, "NTXTDS": null, "SCAMAX": null, "SCAMIN": 29999, "TXTDSC": null, "RECDAT": null, "RECIND": null, "SORDAT": "20150206", "SORIND": "US,US,reprt,L-246-2015", "_enc_cell": "US4TB3P0" }, "geometry": { "type": "Point", "coordinates": [ 134.522186299999987, 7.3209057 ] } },
{ "type": "Feature", "properties": { "RCID": 7878, "PRIM": 1, "GRUP": 2, "OBJL": 121, "RVER": 1, "AGEN": 550, "FIDN": 590973328, "FIDS": 9, "LNAM": "0226233989900009", "LNAM_REFS": null, "FFPT_RIND": null, "COLOUR": null, "NATQUA": null, "NATSUR": [ "4" ], "WATLEV": null, "OBJNAM": null, "NOBJNM": null, "INFORM": null, "NINFOM": null, "NTXTDS": null, "SCAMAX": null, "SCAMIN": 29999, "TXTDSC": null, "RECDAT": null, "RECIND": null, "SORDAT": "20150206", "SORIND": "US,US,reprt,L-246-2015", "_enc_cell": "US4TB3P0" }, "geometry": { "type": "Point", "coordinates": [ 134.5245361, 7.3019333 ] } },
{ "type": "Feature", "properties": { "RCID": 7879, "PRIM": 1, "GRUP": 2, "OBJL": 121, "RVER": 1, "AGEN": 550, "FIDN": 437548225, "FIDS": 9, "LNAM": "02261A1474C10009", "LNAM_REFS": null, "FFPT_RIND": null, "COLOUR": null, "NATQUA": [ "1" ], "NATSUR": [ "4" ], "WATLEV": null, "OBJNAM": null, "NOBJNM": null, "INFORM": null, "NINFOM": null, "NTXTDS": null, "SCAMAX": null, "SCAMIN": 29999, "TXTDSC": null, "RECDAT": null, "RECIND": null, "SORDAT": "20150206", "SORIND": "US,US,reprt,L-246-2015", "_enc_cell": "US4TB3P0" }, "geometry": { "type": "Point", "coordinates": [ 134.5275116, 7.3398027 ] } },
{ "type": "Feature", "properties": { "RCID": 7880, "PRIM": 1, "GRUP": 2, "OBJL": 121, "RVER": 1, "AGEN": 550, "FIDN": 62670113, "FIDS": 9, "LNAM": "022603BC45210009", "LNAM_REFS": null, "FFPT_RIND": null, "COLOUR": null, "NATQUA": null, "NATSUR": [ "4" ], "WATLEV": null, "OBJNAM": null, "NOBJNM": null, "INFORM": null, "NINFOM": null, "NTXTDS": null, "SCAMAX": null, "SCAMIN": 29999, "TXTDSC": null, "RECDAT": null, "RECIND": null, "SORDAT": "20150206", "SORIND": "US,US,reprt,L-246-2015", "_enc_cell": "US4TB3P0" }, "geometry": { "type": "Point", "coordinates": [ 134.5317383, 7.2982445 ] } },
{ "type": "Feature", "properties": { "RCID": 7882, "PRIM": 1, "GRUP": 2, "OBJL": 121, "RVER": 1, "AGEN": 550, "FIDN": 78244734, "FIDS": 9, "LNAM": "022604A9EB7E0009", "LNAM_REFS": null, "FFPT_RIND": null, "COLOUR": null, "NATQUA": null, "NATSUR": [ "14" ], "WATLEV": null, "OBJNAM": null, "NOBJNM": null, "INFORM": null, "NINFOM": null, "NTXTDS": null, "SCAMAX": null, "SCAMIN": 29999, "TXTDSC": null, "RECDAT": null, "RECIND": null, "SORDAT": "20150206", "SORIND": "US,US,reprt,L-246-2015", "_enc_cell": "US4TB3P0" }, "geometry": { "type": "Point", "coordinates": [ 134.5329132, 7.3113303 ] } },
{ "type": "Feature", "properties": { "RCID": 7884, "PRIM": 1, "GRUP": 2, "OBJL": 121, "RVER": 1, "AGEN": 550, "FIDN": 115796566, "FIDS": 9, "LNAM": "022606E6EA560009", "LNAM_REFS": null, "FFPT_RIND": null, "COLOUR": null, "NATQUA": [ "3" ], "NATSUR": [ "4" ], "WATLEV": null, "OBJNAM": null, "NOBJNM": null, "INFORM": null, "NINFOM": null, "NTXTDS": null, "SCAMAX": null, "SCAMIN": 29999, "TXTDSC": null, "RECDAT": null, "RECIND": null, "SORDAT": "20150206", "SORIND": "US,US,reprt,L-246-2015", "_enc_cell": "US4TB3P0" }, "geometry": { "type": "Point", "coordinates": [ 134.539260899999988, 7.300364 ] } },
{ "type": "Feature", "properties": { "RCID": 7885, "PRIM": 1, "GRUP": 2, "OBJL": 121, "RVER": 1, "AGEN": 550, "FIDN": 214041561, "FIDS": 9, "LNAM": "02260CC203D90009", "LNAM_REFS": null, "FFPT_RIND": null, "COLOUR": null, "NATQUA": null, "NATSUR": [ "4" ], "WATLEV": null, "OBJNAM": null, "NOBJNM": null, "INFORM": null, "NINFOM": null, "NTXTDS": null, "SCAMAX": null, "SCAMIN": 29999, "TXTDSC": null, "RECDAT": null, "RECIND": null, "SORDAT": "20150206", "SORIND": "US,US,reprt,L-246-2015", "_enc_cell": "US4TB3P0" }, "geometry": { "type": "Point", "coordinates": [ 134.5406036, 7.2800498 ] } },
{ "type": "Feature", "properties": { "RCID": 7886, "PRIM": 1, "GRUP": 2, "OBJL": 121, "RVER": 1, "AGEN": 550, "FIDN": 510614391, "FIDS": 9, "LNAM": "02261E6F5B770009", "LNAM_REFS": null, "FFPT_RIND": null, "COLOUR": null, "NATQUA": null, "NATSUR": [ "14" ], "WATLEV": null, "OBJNAM": null, "NOBJNM": null, "INFORM": null, "NINFOM": null, "NTXTDS": null, "SCAMAX": null, "SCAMIN": 29999, "TXTDSC": null, "RECDAT": null, "RECIND": null, "SORDAT": "20150206", "SORIND": "US,US,reprt,L-246-2015", "_enc_cell": "US4TB3P0" }, "geometry": { "type": "Point", "coordinates": [ 134.5435333, 7.2920528 ] } },
{ "type": "Feature", "properties": { "RCID": 7887, "PRIM": 1, "GRUP": 2, "OBJL": 121, "RVER": 1, "AGEN": 550, "FIDN": 670582687, "FIDS": 9, "LNAM": "022627F8479F0009", "LNAM_REFS": null, "FFPT_RIND": null, "COLOUR": null, "NATQUA": null, "NATSUR": [ "4" ], "WATLEV": null, "OBJNAM": null, "NOBJNM": null, "INFORM": null, "NINFOM": null, "NTXTDS": null, "SCAMAX": null, "SCAMIN": 29999, "TXTDSC": null, "RECDAT": null, "RECIND": null, "SORDAT": "20150206", "SORIND": "US,US,reprt,L-246-2015", "_enc_cell": "US4TB3P0" }, "geometry": { "type": "Point", "coordinates": [ 134.543701199999987, 7.2849693 ] } },
{ "type": "Feature", "properties": { "RCID": 7888, "PRIM": 1, "GRUP": 2, "OBJL": 121, "RVER": 1, "AGEN": 550, "FIDN": 343157460, "FIDS": 9, "LNAM": "022614742AD40009", "LNAM_REFS": null, "FFPT_RIND": null, "COLOUR": null, "NATQUA": [ "1" ], "NATSUR": [ "4" ], "WATLEV": null, "OBJNAM": null, "NOBJNM": null, "INFORM": null, "NINFOM": null, "NTXTDS": null, "SCAMAX": null, "SCAMIN": 29999, "TXTDSC": null, "RECDAT": null, "RECIND": null, "SORDAT": "20150206", "SORIND": "US,US,reprt,L-246-2015", "_enc_cell": "US4TB3P0" }, "geometry": { "type": "Point", "coordinates": [ 134.5444336, 7.3046889 ] } },
{ "type": "Feature", "properties": { "RCID": 7889, "PRIM": 1, "GRUP": 2, "OBJL": 121, "RVER": 1, "AGEN": 550, "FIDN": 928325399, "FIDS": 9, "LNAM": "022637551F170009", "LNAM_REFS": null, "FFPT_RIND": null, "COLOUR": null, "NATQUA": null, "NATSUR": [ "4" ], "WATLEV": null, "OBJNAM": null, "NOBJNM": null, "INFORM": null, "NINFOM": null, "NTXTDS": null, "SCAMAX": null, "SCAMIN": 29999, "TXTDSC": null, "RECDAT": null, "RECIND": null, "SORDAT": "20150206", "SORIND": "US,US,reprt,L-246-2015", "_enc_cell": "US4TB3P0" }, "geometry": { "type": "Point", "coordinates": [ 134.545730600000013, 7.2938085 ] } },
{ "type": "Feature", "properties": { "RCID": 7890, "PRIM": 1, "GRUP": 2, "OBJL": 121, "RVER": 1, "AGEN": 550, "FIDN": 49038139, "FIDS": 9, "LNAM": "022602EC433B0009", "LNAM_REFS": null, "FFPT_RIND": null, "COLOUR": null, "NATQUA": null, "NATSUR": [ "4" ], "WATLEV": null, "OBJNAM": null, "NOBJNM": null, "INFORM": null, "NINFOM": null, "NTXTDS": null, "SCAMAX": null, "SCAMIN": 29999, "TXTDSC": null, "RECDAT": null, "RECIND": null, "SORDAT": "20150206", "SORIND": "US,US,reprt,L-246-2015", "_enc_cell": "US4TB3P0" }, "geometry": { "type": "Point", "coordinates": [ 134.546463, 7.3071919 ] } },
{ "type": "Feature", "properties": { "RCID": 7891, "PRIM": 1, "GRUP": 2, "OBJL": 121, "RVER": 1, "AGEN": 550, "FIDN": 558938184, "FIDS": 9, "LNAM": "02262150B8480009", "LNAM_REFS": null, "FFPT_RIND": null, "COLOUR": null, "NATQUA": null, "NATSUR": [ "14" ], "WATLEV": null, "OBJNAM": null, "NOBJNM": null, "INFORM": null, "NINFOM": null, "NTXTDS": null, "SCAMAX": null, "SCAMIN": 29999, "TXTDSC": null, "RECDAT": null, "RECIND": null, "SORDAT": "20150206", "SORIND": "US,US,reprt,L-246-2015", "_enc_cell": "US4TB3P0" }, "geometry": { "type": "Point", "coordinates": [ 134.5491791, 7.318275 ] } },
{ "type": "Feature", "properties": { "RCID": 7892, "PRIM": 1, "GRUP": 2, "OBJL": 121, "RVER": 1, "AGEN": 550, "FIDN": 645661558, "FIDS": 9, "LNAM": "0226267C03760009", "LNAM_REFS": null, "FFPT_RIND": null, "COLOUR": null, "NATQUA": null, "NATSUR": [ "14" ], "WATLEV": null, "OBJNAM": null, "NOBJNM": null, "INFORM": null, "NINFOM": null, "NTXTDS": null, "SCAMAX": null, "SCAMIN": 29999, "TXTDSC": null, "RECDAT": null, "RECIND": null, "SORDAT": "20150206", "SORIND": "US,US,reprt,L-246-2015", "_enc_cell": "US4TB3P0" }, "geometry": { "type": "Point", "coordinates": [ 134.5500031, 7.2983666 ] } },
{ "type": "Feature", "properties": { "RCID": 7893, "PRIM": 1, "GRUP": 2, "OBJL": 121, "RVER": 1, "AGEN": 550, "FIDN": 579646678, "FIDS": 9, "LNAM": "0226228CB4D60009", "LNAM_REFS": null, "FFPT_RIND": null, "COLOUR": null, "NATQUA": [ "1" ], "NATSUR": [ "4" ], "WATLEV": null, "OBJNAM": null, "NOBJNM": null, "INFORM": null, "NINFOM": null, "NTXTDS": null, "SCAMAX": null, "SCAMIN": 29999, "TXTDSC": null, "RECDAT": null, "RECIND": null, "SORDAT": "20150206", "SORIND": "US,US,reprt,L-246-2015", "_enc_cell": "US4TB3P0" }, "geometry": { "type": "Point", "coordinates": [ 134.5562134, 7.291986 ] } },
{ "type": "Feature", "properties": { "RCID": 7894, "PRIM": 1, "GRUP": 2, "OBJL": 121, "RVER": 1, "AGEN": 550, "FIDN": 199326707, "FIDS": 9, "LNAM": "02260BE17BF30009", "LNAM_REFS": null, "FFPT_RIND": null, "COLOUR": null, "NATQUA": null, "NATSUR": [ "14" ], "WATLEV": null, "OBJNAM": null, "NOBJNM": null, "INFORM": null, "NINFOM": null, "NTXTDS": null, "SCAMAX": null, "SCAMIN": 29999, "TXTDSC": null, "RECDAT": null, "RECIND": null, "SORDAT": "20150206", "SORIND": "US,US,reprt,L-246-2015", "_enc_cell": "US4TB3P0" }, "geometry": { "type": "Point", "coordinates": [ 134.557006800000011, 7.2785916 ] } },
{ "type": "Feature", "properties": { "RCID": 7895, "PRIM": 1, "GRUP": 2, "OBJL": 121, "RVER": 1, "AGEN": 550, "FIDN": 395551150, "FIDS": 9, "LNAM": "02261793A1AE0009", "LNAM_REFS": null, "FFPT_RIND": null, "COLOUR": null, "NATQUA": null, "NATSUR": [ "14" ], "WATLEV": null, "OBJNAM": null, "NOBJNM": null, "INFORM": null, "NINFOM": null, "NTXTDS": null, "SCAMAX": null, "SCAMIN": 29999, "TXTDSC": null, "RECDAT": null, "RECIND": null, "SORDAT": "20150206", "SORIND": "US,US,reprt,L-246-2015", "_enc_cell": "US4TB3P0" }, "geometry": { "type": "Point", "coordinates": [ 134.56193540000001, 7.316464 ] } },
{ "type": "Feature", "properties": { "RCID": 7896, "PRIM": 1, "GRUP": 2, "OBJL": 121, "RVER": 1, "AGEN": 550, "FIDN": 591445207, "FIDS": 9, "LNAM": "02262340BCD70009", "LNAM_REFS": null, "FFPT_RIND": null, "COLOUR": null, "NATQUA": null, "NATSUR": [ "9" ], "WATLEV": null, "OBJNAM": null, "NOBJNM": null, "INFORM": null, "NINFOM": null, "NTXTDS": null, "SCAMAX": null, "SCAMIN": 29999, "TXTDSC": null, "RECDAT": null, "RECIND": null, "SORDAT": "20150206", "SORIND": "US,US,reprt,L-246-2015", "_enc_cell": "US4TB3P0" }, "geometry": { "type": "Point", "coordinates": [ 134.562698399999988, 7.3223085 ] } },
{ "type": "Feature", "properties": { "RCID": 7897, "PRIM": 1, "GRUP": 2, "OBJL": 121, "RVER": 1, "AGEN": 550, "FIDN": 440413509, "FIDS": 9, "LNAM": "02261A402D450009", "LNAM_REFS": null, "FFPT_RIND": null, "COLOUR": null, "NATQUA": null, "NATSUR": [ "14" ], "WATLEV": null, "OBJNAM": null, "NOBJNM": null, "INFORM": null, "NINFOM": null, "NTXTDS": null, "SCAMAX": null, "SCAMIN": 29999, "TXTDSC": null, "RECDAT": null, "RECIND": null, "SORDAT": "20150206", "SORIND": "US,US,reprt,L-246-2015", "_enc_cell": "US4TB3P0" }, "geometry": { "type": "Point", "coordinates": [ 134.5650635, 7.3009582 ] } },
{ "type": "Feature", "properties": { "RCID": 7898, "PRIM": 1, "GRUP": 2, "OBJL": 121, "RVER": 1, "AGEN": 550, "FIDN": 972717122, "FIDS": 9, "LNAM": "022639FA7C420009", "LNAM_REFS": null, "FFPT_RIND": null, "COLOUR": null, "NATQUA": null, "NATSUR": [ "14" ], "WATLEV": null, "OBJNAM": null, "NOBJNM": null, "INFORM": null, "NINFOM": null, "NTXTDS": null, "SCAMAX": null, "SCAMIN": 29999, "TXTDSC": null, "RECDAT": null, "RECIND": null, "SORDAT": "20150206", "SORIND": "US,US,reprt,L-246-2015", "_enc_cell": "US4TB3P0" }, "geometry": { "type": "Point", "coordinates": [ 134.5651245, 7.3302417 ] } },
{ "type": "Feature", "properties": { "RCID": 7899, "PRIM": 1, "GRUP": 2, "OBJL": 121, "RVER": 1, "AGEN": 550, "FIDN": 837048681, "FIDS": 9, "LNAM": "022631E459690009", "LNAM_REFS": null, "FFPT_RIND": null, "COLOUR": null, "NATQUA": null, "NATSUR": [ "9" ], "WATLEV": null, "OBJNAM": null, "NOBJNM": null, "INFORM": null, "NINFOM": null, "NTXTDS": null, "SCAMAX": null, "SCAMIN": 29999, "TXTDSC": null, "RECDAT": null, "RECIND": null, "SORDAT": "20150206", "SORIND": "US,US,reprt,L-246-2015", "_enc_cell": "US4TB3P0" }, "geometry": { "type": "Point", "coordinates": [ 134.5651856, 7.3271556 ] } },
{ "type": "Feature", "properties": { "RCID": 7900, "PRIM": 1, "GRUP": 2, "OBJL": 121, "RVER": 1, "AGEN": 550, "FIDN": 834203692, "FIDS": 9, "LNAM": "022631B8F02C0009", "LNAM_REFS": null, "FFPT_RIND": null, "COLOUR": null, "NATQUA": null, "NATSUR": [ "14" ], "WATLEV": null, "OBJNAM": null, "NOBJNM": null, "INFORM": null, "NINFOM": null, "NTXTDS": null, "SCAMAX": null, "SCAMIN": 29999, "TXTDSC": null, "RECDAT": null, "RECIND": null, "SORDAT": "20150206", "SORIND": "US,US,reprt,L-246-2015", "_enc_cell": "US4TB3P0" }, "geometry": { "type": "Point", "coordinates": [ 134.5675659, 7.3176141 ] } },
{ "type": "Feature", "properties": { "RCID": 7901, "PRIM": 1, "GRUP": 2, "OBJL": 121, "RVER": 1, "AGEN": 550, "FIDN": 803678804, "FIDS": 9, "LNAM": "02262FE72A540009", "LNAM_REFS": null, "FFPT_RIND": null, "COLOUR": null, "NATQUA": null, "NATSUR": [ "1" ], "WATLEV": null, "OBJNAM": null, "NOBJNM": null, "INFORM": null, "NINFOM": null, "NTXTDS": null, "SCAMAX": null, "SCAMIN": 29999, "TXTDSC": null, "RECDAT": null, "RECIND": null, "SORDAT": "20150206", "SORIND": "US,US,reprt,L-246-2015", "_enc_cell": "US4TB3P0" }, "geometry": { "type": "Point", "coordinates": [ 134.5709229, 7.3586388 ] } },
{ "type": "Feature", "properties": { "RCID": 7902, "PRIM": 1, "GRUP": 2, "OBJL": 121, "RVER": 1, "AGEN": 550, "FIDN": 225348437, "FIDS": 9, "LNAM": "02260D6E8B550009", "LNAM_REFS": null, "FFPT_RIND": null, "COLOUR": null, "NATQUA": null, "NATSUR": [ "14" ], "WATLEV": null, "OBJNAM": null, "NOBJNM": null, "INFORM": null, "NINFOM": null, "NTXTDS": null, "SCAMAX": null, "SCAMIN": 29999, "TXTDSC": null, "RECDAT": null, "RECIND": null, "SORDAT": "20150206", "SORIND": "US,US,reprt,L-246-2015", "_enc_cell": "US4TB3P0" }, "geometry": { "type": "Point", "coordinates": [ 134.573989899999987, 7.3304391 ] } },
{ "type": "Feature", "properties": { "RCID": 7903, "PRIM": 1, "GRUP": 2, "OBJL": 121, "RVER": 1, "AGEN": 550, "FIDN": 545833426, "FIDS": 9, "LNAM": "02262088C1D20009", "LNAM_REFS": null, "FFPT_RIND": null, "COLOUR": null, "NATQUA": null, "NATSUR": [ "1" ], "WATLEV": null, "OBJNAM": null, "NOBJNM": null, "INFORM": null, "NINFOM": null, "NTXTDS": null, "SCAMAX": null, "SCAMIN": 29999, "TXTDSC": null, "RECDAT": null, "RECIND": null, "SORDAT": "20150206", "SORIND": "US,US,reprt,L-246-2015", "_enc_cell": "US4TB3P0" }, "geometry": { "type": "Point", "coordinates": [ 134.5761719, 7.3409138 ] } },
{ "type": "Feature", "properties": { "RCID": 7904, "PRIM": 1, "GRUP": 2, "OBJL": 121, "RVER": 1, "AGEN": 550, "FIDN": 716628792, "FIDS": 9, "LNAM": "02262AB6E3380009", "LNAM_REFS": null, "FFPT_RIND": null, "COLOUR": null, "NATQUA": null, "NATSUR": [ "14" ], "WATLEV": null, "OBJNAM": null, "NOBJNM": null, "INFORM": null, "NINFOM": null, "NTXTDS": null, "SCAMAX": null, "SCAMIN": 29999, "TXTDSC": null, "RECDAT": null, "RECIND": null, "SORDAT": "20150206", "SORIND": "US,US,reprt,L-246-2015", "_enc_cell": "US4TB3P0" }, "geometry": { "type": "Point", "coordinates": [ 134.5765686, 7.3284779 ] } },
{ "type": "Feature", "properties": { "RCID": 7905, "PRIM": 1, "GRUP": 2, "OBJL": 121, "RVER": 1, "AGEN": 550, "FIDN": 684241616, "FIDS": 9, "LNAM": "022628C8B2D00009", "LNAM_REFS": null, "FFPT_RIND": null, "COLOUR": null, "NATQUA": null, "NATSUR": [ "14" ], "WATLEV": null, "OBJNAM": null, "NOBJNM": null, "INFORM": null, "NINFOM": null, "NTXTDS": null, "SCAMAX": null, "SCAMIN": 29999, "TXTDSC": null, "RECDAT": null, "RECIND": null, "SORDAT": "20150206", "SORIND": "US,US,reprt,L-246-2015", "_enc_cell": "US4TB3P0" }, "geometry": { "type": "Point", "coordinates": [ 134.5781097, 7.3443141 ] } },
{ "type": "Feature", "properties": { "RCID": 7906, "PRIM": 1, "GRUP": 2, "OBJL": 121, "RVER": 1, "AGEN": 550, "FIDN": 613920522, "FIDS": 9, "LNAM": "02262497AF0A0009", "LNAM_REFS": null, "FFPT_RIND": null, "COLOUR": null, "NATQUA": null, "NATSUR": [ "9" ], "WATLEV": null, "OBJNAM": null, "NOBJNM": null, "INFORM": null, "NINFOM": null, "NTXTDS": null, "SCAMAX": null, "SCAMIN": 29999, "TXTDSC": null, "RECDAT": null, "RECIND": null, "SORDAT": "20150206", "SORIND": "US,US,reprt,L-246-2015", "_enc_cell": "US4TB3P0" }, "geometry": { "type": "Point", "coordinates": [ 134.5795898, 7.3333221 ] } },
{ "type": "Feature", "properties": { "RCID": 7907, "PRIM": 1, "GRUP": 2, "OBJL": 121, "RVER": 1, "AGEN": 550, "FIDN": 616564754, "FIDS": 9, "LNAM": "022624C008120009", "LNAM_REFS": null, "FFPT_RIND": null, "COLOUR": null, "NATQUA": null, "NATSUR": [ "9" ], "WATLEV": null, "OBJNAM": null, "NOBJNM": null, "INFORM": null, "NINFOM": null, "NTXTDS": null, "SCAMAX": null, "SCAMIN": 29999, "TXTDSC": null, "RECDAT": null, "RECIND": null, "SORDAT": "20150206", "SORIND": "US,US,reprt,L-246-2015", "_enc_cell": "US4TB3P0" }, "geometry": { "type": "Point", "coordinates": [ 134.580947900000012, 7.3370776 ] } },
{ "type": "Feature", "properties": { "RCID": 7908, "PRIM": 1, "GRUP": 2, "OBJL": 121, "RVER": 1, "AGEN": 550, "FIDN": 337351791, "FIDS": 9, "LNAM": "0226141B946F0009", "LNAM_REFS": null, "FFPT_RIND": null, "COLOUR": null, "NATQUA": null, "NATSUR": [ "9" ], "WATLEV": null, "OBJNAM": null, "NOBJNM": null, "INFORM": null, "NINFOM": null, "NTXTDS": null, "SCAMAX": null, "SCAMIN": 29999, "TXTDSC": null, "RECDAT": null, "RECIND": null, "SORDAT": "20150206", "SORIND": "US,US,reprt,L-246-2015", "_enc_cell": "US4TB3P0" }, "geometry": { "type": "Point", "coordinates": [ 134.5815277, 7.3351722 ] } },
{ "type": "Feature", "properties": { "RCID": 7909, "PRIM": 1, "GRUP": 2, "OBJL": 121, "RVER": 1, "AGEN": 550, "FIDN": 837235591, "FIDS": 9, "LNAM": "022631E733870009", "LNAM_REFS": null, "FFPT_RIND": null, "COLOUR": null, "NATQUA": null, "NATSUR": [ "14" ], "WATLEV": null, "OBJNAM": null, "NOBJNM": null, "INFORM": null, "NINFOM": null, "NTXTDS": null, "SCAMAX": null, "SCAMIN": 29999, "TXTDSC": null, "RECDAT": null, "RECIND": null, "SORDAT": "20150206", "SORIND": "US,US,reprt,L-246-2015", "_enc_cell": "US4TB3P0" }, "geometry": { "type": "Point", "coordinates": [ 134.5836792, 7.3476558 ] } },
{ "type": "Feature", "properties": { "RCID": 7910, "PRIM": 1, "GRUP": 2, "OBJL": 121, "RVER": 1, "AGEN": 550, "FIDN": 972009280, "FIDS": 9, "LNAM": "022639EFAF400009", "LNAM_REFS": null, "FFPT_RIND": null, "COLOUR": null, "NATQUA": null, "NATSUR": [ "14" ], "WATLEV": null, "OBJNAM": null, "NOBJNM": null, "INFORM": null, "NINFOM": null, "NTXTDS": null, "SCAMAX": null, "SCAMIN": 29999, "TXTDSC": null, "RECDAT": null, "RECIND": null, "SORDAT": "20150206", "SORIND": "US,US,reprt,L-246-2015", "_enc_cell": "US4TB3P0" }, "geometry": { "type": "Point", "coordinates": [ 134.5843506, 7.3261333 ] } },
{ "type": "Feature", "properties": { "RCID": 7911, "PRIM": 1, "GRUP": 2, "OBJL": 121, "RVER": 1, "AGEN": 550, "FIDN": 474514103, "FIDS": 9, "LNAM": "02261C4882B70009", "LNAM_REFS": null, "FFPT_RIND": null, "COLOUR": null, "NATQUA": null, "NATSUR": [ "9" ], "WATLEV": null, "OBJNAM": null, "NOBJNM": null, "INFORM": null, "NINFOM": null, "NTXTDS": null, "SCAMAX": null, "SCAMIN": 29999, "TXTDSC": null, "RECDAT": null, "RECIND": null, "SORDAT": "20150206", "SORIND": "US,US,reprt,L-246-2015", "_enc_cell": "US4TB3P0" }, "geometry": { "type": "Point", "coordinates": [ 134.5845795, 7.3298307 ] } },
{ "type": "Feature", "properties": { "RCID": 7912, "PRIM": 1, "GRUP": 2, "OBJL": 121, "RVER": 1, "AGEN": 550, "FIDN": 778125316, "FIDS": 9, "LNAM": "02262E6140040009", "LNAM_REFS": null, "FFPT_RIND": null, "COLOUR": null, "NATQUA": null, "NATSUR": [ "14" ], "WATLEV": null, "OBJNAM": null, "NOBJNM": null, "INFORM": null, "NINFOM": null, "NTXTDS": null, "SCAMAX": null, "SCAMIN": 29999, "TXTDSC": null, "RECDAT": null, "RECIND": null, "SORDAT": "20150206", "SORIND": "US,US,reprt,L-246-2015", "_enc_cell": "US4TB3P0" }, "geometry": { "type": "Point", "coordinates": [ 134.587677, 7.3278222 ] } },
{ "type": "Feature", "properties": { "RCID": 7913, "PRIM": 1, "GRUP": 2, "OBJL": 121, "RVER": 1, "AGEN": 550, "FIDN": 632862244, "FIDS": 9, "LNAM": "022625B8B6240009", "LNAM_REFS": null, "FFPT_RIND": null, "COLOUR": null, "NATQUA": null, "NATSUR": [ "14" ], "WATLEV": null, "OBJNAM": null, "NOBJNM": null, "INFORM": null, "NINFOM": null, "NTXTDS": null, "SCAMAX": null, "SCAMIN": 29999, "TXTDSC": null, "RECDAT": null, "RECIND": null, "SORDAT": "20150206", "SORIND": "US,US,reprt,L-246-2015", "_enc_cell": "US4TB3P0" }, "geometry": { "type": "Point", "coordinates": [ 134.5955658, 7.3503666 ] } },
{ "type": "Feature", "properties": { "RCID": 7914, "PRIM": 1, "GRUP": 2, "OBJL": 121, "RVER": 1, "AGEN": 550, "FIDN": 230315138, "FIDS": 9, "LNAM": "02260DBA54820009", "LNAM_REFS": null, "FFPT_RIND": null, "COLOUR": null, "NATQUA": null, "NATSUR": [ "1" ], "WATLEV": null, "OBJNAM": null, "NOBJNM": null, "INFORM": null, "NINFOM": null, "NTXTDS": null, "SCAMAX": null, "SCAMIN": 29999, "TXTDSC": null, "RECDAT": null, "RECIND": null, "SORDAT": "20150206", "SORIND": "US,US,reprt,L-246-2015", "_enc_cell": "US4TB3P0" }, "geometry": { "type": "Point", "coordinates": [ 134.5988159, 7.3740387 ] } },
{ "type": "Feature", "properties": { "RCID": 7915, "PRIM": 1, "GRUP": 2, "OBJL": 121, "RVER": 1, "AGEN": 550, "FIDN": 868116086, "FIDS": 9, "LNAM": "022633BE66760009", "LNAM_REFS": null, "FFPT_RIND": null, "COLOUR": null, "NATQUA": null, "NATSUR": [ "4" ], "WATLEV": null, "OBJNAM": null, "NOBJNM": null, "INFORM": null, "NINFOM": null, "NTXTDS": null, "SCAMAX": null, "SCAMIN": 29999, "TXTDSC": null, "RECDAT": null, "RECIND": null, "SORDAT": "20150206", "SORIND": "US,US,reprt,L-246-2015", "_enc_cell": "US4TB3P0" }, "geometry": { "type": "Point", "coordinates": [ 134.598846400000014, 7.3387084 ] } },
{ "type": "Feature", "properties": { "RCID": 7916, "PRIM": 1, "GRUP": 2, "OBJL": 121, "RVER": 1, "AGEN": 550, "FIDN": 486705625, "FIDS": 9, "LNAM": "02261D0289D90009", "LNAM_REFS": null, "FFPT_RIND": null, "COLOUR": null, "NATQUA": null, "NATSUR": [ "4" ], "WATLEV": null, "OBJNAM": null, "NOBJNM": null, "INFORM": null, "NINFOM": null, "NTXTDS": null, "SCAMAX": null, "SCAMIN": 29999, "TXTDSC": null, "RECDAT": null, "RECIND": null, "SORDAT": "20150206", "SORIND": "US,US,reprt,L-246-2015", "_enc_cell": "US4TB3P0" }, "geometry": { "type": "Point", "coordinates": [ 134.5996094, 7.3781362 ] } },
{ "type": "Feature", "properties": { "RCID": 7917, "PRIM": 1, "GRUP": 2, "OBJL": 121, "RVER": 1, "AGEN": 550, "FIDN": 868883741, "FIDS": 9, "LNAM": "022633CA1D1D0009", "LNAM_REFS": null, "FFPT_RIND": null, "COLOUR": null, "NATQUA": null, "NATSUR": [ "14" ], "WATLEV": null, "OBJNAM": null, "NOBJNM": null, "INFORM": null, "NINFOM": null, "NTXTDS": null, "SCAMAX": null, "SCAMIN": 29999, "TXTDSC": null, "RECDAT": null, "RECIND": null, "SORDAT": "20150206", "SORIND": "US,US,reprt,L-246-2015", "_enc_cell": "US4TB3P0" }, "geometry": { "type": "Point", "coordinates": [ 134.5997925, 7.3456831 ] } },
{ "type": "Feature", "properties": { "RCID": 7918, "PRIM": 1, "GRUP": 2, "OBJL": 121, "RVER": 1, "AGEN": 550, "FIDN": 335396941, "FIDS": 9, "LNAM": "022613FDC04D0009", "LNAM_REFS": null, "FFPT_RIND": null, "COLOUR": null, "NATQUA": null, "NATSUR": [ "14" ], "WATLEV": null, "OBJNAM": null, "NOBJNM": null, "INFORM": null, "NINFOM": null, "NTXTDS": null, "SCAMAX": null, "SCAMIN": 29999, "TXTDSC": null, "RECDAT": null, "RECIND": null, "SORDAT": "20150206", "SORIND": "US,US,reprt,L-246-2015", "_enc_cell": "US4TB3P0" }, "geometry": { "type": "Point", "coordinates": [ 134.607162499999987, 7.3475723 ] } },
{ "type": "Feature", "properties": { "RCID": 7919, "PRIM": 1, "GRUP": 2, "OBJL": 121, "RVER": 1, "AGEN": 550, "FIDN": 588271918, "FIDS": 9, "LNAM": "02262310512E0009", "LNAM_REFS": null, "FFPT_RIND": null, "COLOUR": null, "NATQUA": null, "NATSUR": [ "14" ], "WATLEV": null, "OBJNAM": null, "NOBJNM": null, "INFORM": null, "NINFOM": null, "NTXTDS": null, "SCAMAX": null, "SCAMIN": 29999, "TXTDSC": null, "RECDAT": null, "RECIND": null, "SORDAT": "20150206", "SORIND": "US,US,reprt,L-246-2015", "_enc_cell": "US4TB3P0" }, "geometry": { "type": "Point", "coordinates": [ 134.6097107, 7.3659778 ] } },
{ "type": "Feature", "properties": { "RCID": 7920, "PRIM": 1, "GRUP": 2, "OBJL": 121, "RVER": 1, "AGEN": 550, "FIDN": 630344423, "FIDS": 9, "LNAM": "022625924AE70009", "LNAM_REFS": null, "FFPT_RIND": null, "COLOUR": null, "NATQUA": [ "1" ], "NATSUR": [ "4" ], "WATLEV": null, "OBJNAM": null, "NOBJNM": null, "INFORM": null, "NINFOM": null, "NTXTDS": null, "SCAMAX": null, "SCAMIN": 29999, "TXTDSC": null, "RECDAT": null, "RECIND": null, "SORDAT": "20150206", "SORIND": "US,US,reprt,L-246-2015", "_enc_cell": "US4TB3P0" }, "geometry": { "type": "Point", "coordinates": [ 134.6121368, 7.3649502 ] } },
{ "type": "Feature", "properties": { "RCID": 7921, "PRIM": 1, "GRUP": 2, "OBJL": 121, "RVER": 1, "AGEN": 550, "FIDN": 922802344, "FIDS": 9, "LNAM": "02263700D8A80009", "LNAM_REFS": null, "FFPT_RIND": null, "COLOUR": null, "NATQUA": null, "NATSUR": [ "14" ], "WATLEV": null, "OBJNAM": null, "NOBJNM": null, "INFORM": null, "NINFOM": null, "NTXTDS": null, "SCAMAX": null, "SCAMIN": 29999, "TXTDSC": null, "RECDAT": null, "RECIND": null, "SORDAT": "20150206", "SORIND": "US,US,reprt,L-246-2015", "_enc_cell": "US4TB3P0" }, "geometry": { "type": "Point", "coordinates": [ 134.6201019, 7.3564277 ] } },
{ "type": "Feature", "properties": { "RCID": 7922, "PRIM": 1, "GRUP": 2, "OBJL": 121, "RVER": 1, "AGEN": 550, "FIDN": 513442636, "FIDS": 9, "LNAM": "02261E9A834C0009", "LNAM_REFS": null, "FFPT_RIND": null, "COLOUR": null, "NATQUA": [ "1" ], "NATSUR": [ "4" ], "WATLEV": null, "OBJNAM": null, "NOBJNM": null, "INFORM": null, "NINFOM": null, "NTXTDS": null, "SCAMAX": null, "SCAMIN": 29999, "TXTDSC": null, "RECDAT": null, "RECIND": null, "SORDAT": "20150206", "SORIND": "US,US,reprt,L-246-2015", "_enc_cell": "US4TB3P0" }, "geometry": { "type": "Point", "coordinates": [ 134.6218872, 7.3527803 ] } },
{ "type": "Feature", "properties": { "RCID": 8056, "PRIM": 1, "GRUP": 2, "OBJL": 121, "RVER": 1, "AGEN": 550, "FIDN": 785284816, "FIDS": 9, "LNAM": "02262ECE7ED00009", "LNAM_REFS": null, "FFPT_RIND": null, "COLOUR": null, "NATQUA": null, "NATSUR": [ "9" ], "WATLEV": null, "OBJNAM": null, "NOBJNM": null, "INFORM": null, "NINFOM": null, "NTXTDS": null, "SCAMAX": null, "SCAMIN": 29999, "TXTDSC": null, "RECDAT": null, "RECIND": null, "SORDAT": "20150206", "SORIND": "US,US,reprt,L-246-2015", "_enc_cell": "US4TB3P0" }, "geometry": { "type": "Point", "coordinates": [ 134.4900513, 7.2818613 ] } },
{ "type": "Feature", "properties": { "RCID": 8057, "PRIM": 1, "GRUP": 2, "OBJL": 121, "RVER": 1, "AGEN": 550, "FIDN": 64902062, "FIDS": 9, "LNAM": "022603DE53AE0009", "LNAM_REFS": null, "FFPT_RIND": null, "COLOUR": null, "NATQUA": null, "NATSUR": [ "14" ], "WATLEV": null, "OBJNAM": null, "NOBJNM": null, "INFORM": null, "NINFOM": null, "NTXTDS": null, "SCAMAX": null, "SCAMIN": 29999, "TXTDSC": null, "RECDAT": null, "RECIND": null, "SORDAT": "20150206", "SORIND": "US,US,reprt,L-246-2015", "_enc_cell": "US4TB3P0" }, "geometry": { "type": "Point", "coordinates": [ 134.4909821, 7.290925 ] } },
{ "type": "Feature", "properties": { "RCID": 8058, "PRIM": 1, "GRUP": 2, "OBJL": 121, "RVER": 1, "AGEN": 550, "FIDN": 381761491, "FIDS": 9, "LNAM": "022616C137D30009", "LNAM_REFS": null, "FFPT_RIND": null, "COLOUR": null, "NATQUA": null, "NATSUR": [ "9" ], "WATLEV": null, "OBJNAM": null, "NOBJNM": null, "INFORM": null, "NINFOM": null, "NTXTDS": null, "SCAMAX": null, "SCAMIN": 29999, "TXTDSC": null, "RECDAT": null, "RECIND": null, "SORDAT": "20150206", "SORIND": "US,US,reprt,L-246-2015", "_enc_cell": "US4TB3P0" }, "geometry": { "type": "Point", "coordinates": [ 134.494796799999989, 7.2784085 ] } },
{ "type": "Feature", "properties": { "RCID": 8060, "PRIM": 1, "GRUP": 2, "OBJL": 121, "RVER": 1, "AGEN": 550, "FIDN": 314750797, "FIDS": 9, "LNAM": "022612C2B74D0009", "LNAM_REFS": null, "FFPT_RIND": null, "COLOUR": null, "NATQUA": null, "NATSUR": [ "9" ], "WATLEV": null, "OBJNAM": null, "NOBJNM": null, "INFORM": null, "NINFOM": null, "NTXTDS": null, "SCAMAX": null, "SCAMIN": 29999, "TXTDSC": null, "RECDAT": null, "RECIND": null, "SORDAT": "20150206", "SORIND": "US,US,reprt,L-246-2015", "_enc_cell": "US4TB3P0" }, "geometry": { "type": "Point", "coordinates": [ 134.500061, 7.2852721 ] } },
{ "type": "Feature", "properties": { "RCID": 8061, "PRIM": 1, "GRUP": 2, "OBJL": 121, "RVER": 1, "AGEN": 550, "FIDN": 621258507, "FIDS": 9, "LNAM": "02262507A70B0009", "LNAM_REFS": null, "FFPT_RIND": null, "COLOUR": null, "NATQUA": [ "1" ], "NATSUR": [ "4" ], "WATLEV": null, "OBJNAM": null, "NOBJNM": null, "INFORM": null, "NINFOM": null, "NTXTDS": null, "SCAMAX": null, "SCAMIN": 29999, "TXTDSC": null, "RECDAT": null, "RECIND": null, "SORDAT": "20150206", "SORIND": "US,US,reprt,L-246-2015", "_enc_cell": "US4TB3P0" }, "geometry": { "type": "Point", "coordinates": [ 134.5044403, 7.3052445 ] } },
{ "type": "Feature", "properties": { "RCID": 8063, "PRIM": 1, "GRUP": 2, "OBJL": 121, "RVER": 1, "AGEN": 550, "FIDN": 826589390, "FIDS": 9, "LNAM": "02263144C0CE0009", "LNAM_REFS": null, "FFPT_RIND": null, "COLOUR": null, "NATQUA": null, "NATSUR": [ "14" ], "WATLEV": null, "OBJNAM": null, "NOBJNM": null, "INFORM": null, "NINFOM": null, "NTXTDS": null, "SCAMAX": null, "SCAMIN": 29999, "TXTDSC": null, "RECDAT": null, "RECIND": null, "SORDAT": "20150206", "SORIND": "US,US,reprt,L-246-2015", "_enc_cell": "US4TB3P0" }, "geometry": { "type": "Point", "coordinates": [ 134.5070648, 7.296947 ] } },
{ "type": "Feature", "properties": { "RCID": 8065, "PRIM": 1, "GRUP": 2, "OBJL": 121, "RVER": 1, "AGEN": 550, "FIDN": 28278354, "FIDS": 9, "LNAM": "022601AF7E520009", "LNAM_REFS": null, "FFPT_RIND": null, "COLOUR": null, "NATQUA": null, "NATSUR": [ "4" ], "WATLEV": null, "OBJNAM": null, "NOBJNM": null, "INFORM": null, "NINFOM": null, "NTXTDS": null, "SCAMAX": null, "SCAMIN": 29999, "TXTDSC": null, "RECDAT": null, "RECIND": null, "SORDAT": "20150206", "SORIND": "US,US,reprt,L-246-2015", "_enc_cell": "US4TB3P0" }, "geometry": { "type": "Point", "coordinates": [ 134.5091553, 7.2890778 ] } },
{ "type": "Feature", "properties": { "RCID": 8066, "PRIM": 1, "GRUP": 2, "OBJL": 121, "RVER": 1, "AGEN": 550, "FIDN": 959716406, "FIDS": 9, "LNAM": "022639341C360009", "LNAM_REFS": null, "FFPT_RIND": null, "COLOUR": null, "NATQUA": null, "NATSUR": [ "14" ], "WATLEV": null, "OBJNAM": null, "NOBJNM": null, "INFORM": null, "NINFOM": null, "NTXTDS": null, "SCAMAX": null, "SCAMIN": 29999, "TXTDSC": null, "RECDAT": null, "RECIND": null, "SORDAT": "20150206", "SORIND": "US,US,reprt,L-246-2015", "_enc_cell": "US4TB3P0" }, "geometry": { "type": "Point", "coordinates": [ 134.512085, 7.349997 ] } },
{ "type": "Feature", "properties": { "RCID": 8067, "PRIM": 1, "GRUP": 2, "OBJL": 121, "RVER": 1, "AGEN": 550, "FIDN": 391043261, "FIDS": 9, "LNAM": "0226174ED8BD0009", "LNAM_REFS": null, "FFPT_RIND": null, "COLOUR": null, "NATQUA": null, "NATSUR": [ "14" ], "WATLEV": null, "OBJNAM": null, "NOBJNM": null, "INFORM": null, "NINFOM": null, "NTXTDS": null, "SCAMAX": null, "SCAMIN": 29999, "TXTDSC": null, "RECDAT": null, "RECIND": null, "SORDAT": "20150206", "SORIND": "US,US,reprt,L-246-2015", "_enc_cell": "US4TB3P0" }, "geometry": { "type": "Point", "coordinates": [ 134.514862099999988, 7.3029776 ] } },
{ "type": "Feature", "properties": { "RCID": 8068, "PRIM": 1, "GRUP": 2, "OBJL": 121, "RVER": 1, "AGEN": 550, "FIDN": 423035332, "FIDS": 9, "LNAM": "0226193701C40009", "LNAM_REFS": null, "FFPT_RIND": null, "COLOUR": null, "NATQUA": null, "NATSUR": [ "4" ], "WATLEV": null, "OBJNAM": null, "NOBJNM": null, "INFORM": null, "NINFOM": null, "NTXTDS": null, "SCAMAX": null, "SCAMIN": 29999, "TXTDSC": null, "RECDAT": null, "RECIND": null, "SORDAT": "20150206", "SORIND": "US,US,reprt,L-246-2015", "_enc_cell": "US4TB3P0" }, "geometry": { "type": "Point", "coordinates": [ 134.5148926, 7.3015471 ] } },
{ "type": "Feature", "properties": { "RCID": 8069, "PRIM": 1, "GRUP": 2, "OBJL": 121, "RVER": 1, "AGEN": 550, "FIDN": 254673094, "FIDS": 9, "LNAM": "02260F2E00C60009", "LNAM_REFS": null, "FFPT_RIND": null, "COLOUR": null, "NATQUA": null, "NATSUR": [ "9" ], "WATLEV": null, "OBJNAM": null, "NOBJNM": null, "INFORM": null, "NINFOM": null, "NTXTDS": null, "SCAMAX": null, "SCAMIN": 29999, "TXTDSC": null, "RECDAT": null, "RECIND": null, "SORDAT": "20150206", "SORIND": "US,US,reprt,L-246-2015", "_enc_cell": "US4TB3P0" }, "geometry": { "type": "Point", "coordinates": [ 134.5166931, 7.3014307 ] } },
{ "type": "Feature", "properties": { "RCID": 8070, "PRIM": 1, "GRUP": 2, "OBJL": 121, "RVER": 1, "AGEN": 550, "FIDN": 960777634, "FIDS": 9, "LNAM": "022639444DA20009", "LNAM_REFS": null, "FFPT_RIND": null, "COLOUR": null, "NATQUA": null, "NATSUR": [ "14" ], "WATLEV": null, "OBJNAM": null, "NOBJNM": null, "INFORM": null, "NINFOM": null, "NTXTDS": null, "SCAMAX": null, "SCAMIN": 29999, "TXTDSC": null, "RECDAT": null, "RECIND": null, "SORDAT": "20150206", "SORIND": "US,US,reprt,L-246-2015", "_enc_cell": "US4TB3P0" }, "geometry": { "type": "Point", "coordinates": [ 134.519775399999986, 7.2994332 ] } },
{ "type": "Feature", "properties": { "RCID": 8071, "PRIM": 1, "GRUP": 2, "OBJL": 121, "RVER": 1, "AGEN": 550, "FIDN": 267059959, "FIDS": 9, "LNAM": "02260FEB02F70009", "LNAM_REFS": null, "FFPT_RIND": null, "COLOUR": null, "NATQUA": null, "NATSUR": [ "14" ], "WATLEV": null, "OBJNAM": null, "NOBJNM": null, "INFORM": null, "NINFOM": null, "NTXTDS": null, "SCAMAX": null, "SCAMIN": 29999, "TXTDSC": null, "RECDAT": null, "RECIND": null, "SORDAT": "20150206", "SORIND": "US,US,reprt,L-246-2015", "_enc_cell": "US4TB3P0" }, "geometry": { "type": "Point", "coordinates": [ 134.5240784, 7.3301806 ] } },
{ "type": "Feature", "properties": { "RCID": 8075, "PRIM": 1, "GRUP": 2, "OBJL": 121, "RVER": 1, "AGEN": 550, "FIDN": 17191218, "FIDS": 9, "LNAM": "0226010651320009", "LNAM_REFS": null, "FFPT_RIND": null, "COLOUR": null, "NATQUA": [ "1" ], "NATSUR": [ "4" ], "WATLEV": null, "OBJNAM": null, "NOBJNM": null, "INFORM": null, "NINFOM": null, "NTXTDS": null, "SCAMAX": null, "SCAMIN": 29999, "TXTDSC": null, "RECDAT": null, "RECIND": null, "SORDAT": "20150206", "SORIND": "US,US,reprt,L-246-2015", "_enc_cell": "US4TB3P0" }, "geometry": { "type": "Point", "coordinates": [ 134.5374756, 7.3066526 ] } },
{ "type": "Feature", "properties": { "RCID": 8076, "PRIM": 1, "GRUP": 2, "OBJL": 121, "RVER": 1, "AGEN": 550, "FIDN": 974625426, "FIDS": 9, "LNAM": "02263A179A920009", "LNAM_REFS": null, "FFPT_RIND": null, "COLOUR": null, "NATQUA": [ "1" ], "NATSUR": [ "4" ], "WATLEV": null, "OBJNAM": null, "NOBJNM": null, "INFORM": null, "NINFOM": null, "NTXTDS": null, "SCAMAX": null, "SCAMIN": 29999, "TXTDSC": null, "RECDAT": null, "RECIND": null, "SORDAT": "20150206", "SORIND": "US,US,reprt,L-246-2015", "_enc_cell": "US4TB3P0" }, "geometry": { "type": "Point", "coordinates": [ 134.5405121, 7.3065305 ] } },
{ "type": "Feature", "properties": { "RCID": 8077, "PRIM": 1, "GRUP": 2, "OBJL": 121, "RVER": 1, "AGEN": 550, "FIDN": 502510980, "FIDS": 9, "LNAM": "02261DF3B5840009", "LNAM_REFS": null, "FFPT_RIND": null, "COLOUR": null, "NATQUA": [ "1" ], "NATSUR": [ "4" ], "WATLEV": null, "OBJNAM": null, "NOBJNM": null, "INFORM": null, "NINFOM": null, "NTXTDS": null, "SCAMAX": null, "SCAMIN": 29999, "TXTDSC": null, "RECDAT": null, "RECIND": null, "SORDAT": "20150206", "SORIND": "US,US,reprt,L-246-2015", "_enc_cell": "US4TB3P0" }, "geometry": { "type": "Point", "coordinates": [ 134.5413361, 7.2847252 ] } },
{ "type": "Feature", "properties": { "RCID": 8079, "PRIM": 1, "GRUP": 2, "OBJL": 121, "RVER": 1, "AGEN": 550, "FIDN": 58887113, "FIDS": 9, "LNAM": "022603828BC90009", "LNAM_REFS": null, "FFPT_RIND": null, "COLOUR": null, "NATQUA": null, "NATSUR": [ "4" ], "WATLEV": null, "OBJNAM": null, "NOBJNM": null, "INFORM": null, "NINFOM": null, "NTXTDS": null, "SCAMAX": null, "SCAMIN": 29999, "TXTDSC": null, "RECDAT": null, "RECIND": null, "SORDAT": "20150206", "SORIND": "US,US,reprt,L-246-2015", "_enc_cell": "US4TB3P0" }, "geometry": { "type": "Point", "coordinates": [ 134.5443726, 7.318511 ] } },
{ "type": "Feature", "properties": { "RCID": 8080, "PRIM": 1, "GRUP": 2, "OBJL": 121, "RVER": 1, "AGEN": 550, "FIDN": 795258710, "FIDS": 9, "LNAM": "02262F66AF560009", "LNAM_REFS": null, "FFPT_RIND": null, "COLOUR": null, "NATQUA": null, "NATSUR": [ "14" ], "WATLEV": null, "OBJNAM": null, "NOBJNM": null, "INFORM": null, "NINFOM": null, "NTXTDS": null, "SCAMAX": null, "SCAMIN": 29999, "TXTDSC": null, "RECDAT": null, "RECIND": null, "SORDAT": "20150206", "SORIND": "US,US,reprt,L-246-2015", "_enc_cell": "US4TB3P0" }, "geometry": { "type": "Point", "coordinates": [ 134.5452271, 7.2895389 ] } },
{ "type": "Feature", "properties": { "RCID": 8081, "PRIM": 1, "GRUP": 2, "OBJL": 121, "RVER": 1, "AGEN": 550, "FIDN": 494478167, "FIDS": 9, "LNAM": "02261D7923570009", "LNAM_REFS": null, "FFPT_RIND": null, "COLOUR": null, "NATQUA": null, "NATSUR": [ "1" ], "WATLEV": null, "OBJNAM": null, "NOBJNM": null, "INFORM": null, "NINFOM": null, "NTXTDS": null, "SCAMAX": null, "SCAMIN": 29999, "TXTDSC": null, "RECDAT": null, "RECIND": null, "SORDAT": "20150206", "SORIND": "US,US,reprt,L-246-2015", "_enc_cell": "US4TB3P0" }, "geometry": { "type": "Point", "coordinates": [ 134.5454254, 7.2966332 ] } },
{ "type": "Feature", "properties": { "RCID": 8082, "PRIM": 1, "GRUP": 2, "OBJL": 121, "RVER": 1, "AGEN": 550, "FIDN": 789517737, "FIDS": 9, "LNAM": "02262F0F15A90009", "LNAM_REFS": null, "FFPT_RIND": null, "COLOUR": null, "NATQUA": null, "NATSUR": [ "9" ], "WATLEV": null, "OBJNAM": null, "NOBJNM": null, "INFORM": null, "NINFOM": null, "NTXTDS": null, "SCAMAX": null, "SCAMIN": 29999, "TXTDSC": null, "RECDAT": null, "RECIND": null, "SORDAT": "20150206", "SORIND": "US,US,reprt,L-246-2015", "_enc_cell": "US4TB3P0" }, "geometry": { "type": "Point", "coordinates": [ 134.5464325, 7.2955027 ] } },
{ "type": "Feature", "properties": { "RCID": 8083, "PRIM": 1, "GRUP": 2, "OBJL": 121, "RVER": 1, "AGEN": 550, "FIDN": 202757092, "FIDS": 9, "LNAM": "02260C15D3E40009", "LNAM_REFS": null, "FFPT_RIND": null, "COLOUR": null, "NATQUA": null, "NATSUR": [ "14" ], "WATLEV": null, "OBJNAM": null, "NOBJNM": null, "INFORM": null, "NINFOM": null, "NTXTDS": null, "SCAMAX": null, "SCAMIN": 29999, "TXTDSC": null, "RECDAT": null, "RECIND": null, "SORDAT": "20150206", "SORIND": "US,US,reprt,L-246-2015", "_enc_cell": "US4TB3P0" }, "geometry": { "type": "Point", "coordinates": [ 134.54740910000001, 7.2955194 ] } },
{ "type": "Feature", "properties": { "RCID": 8084, "PRIM": 1, "GRUP": 2, "OBJL": 121, "RVER": 1, "AGEN": 550, "FIDN": 357935906, "FIDS": 9, "LNAM": "02261555AB220009", "LNAM_REFS": null, "FFPT_RIND": null, "COLOUR": null, "NATQUA": null, "NATSUR": [ "9" ], "WATLEV": null, "OBJNAM": null, "NOBJNM": null, "INFORM": null, "NINFOM": null, "NTXTDS": null, "SCAMAX": null, "SCAMIN": 29999, "TXTDSC": null, "RECDAT": null, "RECIND": null, "SORDAT": "20150206", "SORIND": "US,US,reprt,L-246-2015", "_enc_cell": "US4TB3P0" }, "geometry": { "type": "Point", "coordinates": [ 134.5534058, 7.3186998 ] } },
{ "type": "Feature", "properties": { "RCID": 8085, "PRIM": 1, "GRUP": 2, "OBJL": 121, "RVER": 1, "AGEN": 550, "FIDN": 163413766, "FIDS": 9, "LNAM": "022609BD7F060009", "LNAM_REFS": null, "FFPT_RIND": null, "COLOUR": null, "NATQUA": null, "NATSUR": [ "14" ], "WATLEV": null, "OBJNAM": null, "NOBJNM": null, "INFORM": null, "NINFOM": null, "NTXTDS": null, "SCAMAX": null, "SCAMIN": 29999, "TXTDSC": null, "RECDAT": null, "RECIND": null, "SORDAT": "20150206", "SORIND": "US,US,reprt,L-246-2015", "_enc_cell": "US4TB3P0" }, "geometry": { "type": "Point", "coordinates": [ 134.5540619, 7.3184056 ] } },
{ "type": "Feature", "properties": { "RCID": 8086, "PRIM": 1, "GRUP": 2, "OBJL": 121, "RVER": 1, "AGEN": 550, "FIDN": 810909319, "FIDS": 9, "LNAM": "022630557E870009", "LNAM_REFS": null, "FFPT_RIND": null, "COLOUR": null, "NATQUA": null, "NATSUR": [ "4" ], "WATLEV": null, "OBJNAM": null, "NOBJNM": null, "INFORM": null, "NINFOM": null, "NTXTDS": null, "SCAMAX": null, "SCAMIN": 29999, "TXTDSC": null, "RECDAT": null, "RECIND": null, "SORDAT": "20150206", "SORIND": "US,US,reprt,L-246-2015", "_enc_cell": "US4TB3P0" }, "geometry": { "type": "Point", "coordinates": [ 134.5578156, 7.3281527 ] } },
{ "type": "Feature", "properties": { "RCID": 8087, "PRIM": 1, "GRUP": 2, "OBJL": 121, "RVER": 1, "AGEN": 550, "FIDN": 1544476, "FIDS": 9, "LNAM": "02260017911C0009", "LNAM_REFS": null, "FFPT_RIND": null, "COLOUR": null, "NATQUA": [ "1" ], "NATSUR": [ "4" ], "WATLEV": null, "OBJNAM": null, "NOBJNM": null, "INFORM": null, "NINFOM": null, "NTXTDS": null, "SCAMAX": null, "SCAMIN": 29999, "TXTDSC": null, "RECDAT": null, "RECIND": null, "SORDAT": "20150206", "SORIND": "US,US,reprt,L-246-2015", "_enc_cell": "US4TB3P0" }, "geometry": { "type": "Point", "coordinates": [ 134.5580902, 7.294878 ] } },
{ "type": "Feature", "properties": { "RCID": 8088, "PRIM": 1, "GRUP": 2, "OBJL": 121, "RVER": 1, "AGEN": 550, "FIDN": 673113133, "FIDS": 9, "LNAM": "0226281EE42D0009", "LNAM_REFS": null, "FFPT_RIND": null, "COLOUR": null, "NATQUA": null, "NATSUR": [ "14" ], "WATLEV": null, "OBJNAM": null, "NOBJNM": null, "INFORM": null, "NINFOM": null, "NTXTDS": null, "SCAMAX": null, "SCAMIN": 29999, "TXTDSC": null, "RECDAT": null, "RECIND": null, "SORDAT": "20150206", "SORIND": "US,US,reprt,L-246-2015", "_enc_cell": "US4TB3P0" }, "geometry": { "type": "Point", "coordinates": [ 134.563659699999988, 7.2921085 ] } },
{ "type": "Feature", "properties": { "RCID": 8089, "PRIM": 1, "GRUP": 2, "OBJL": 121, "RVER": 1, "AGEN": 550, "FIDN": 876791650, "FIDS": 9, "LNAM": "02263442C7620009", "LNAM_REFS": null, "FFPT_RIND": null, "COLOUR": null, "NATQUA": null, "NATSUR": [ "14" ], "WATLEV": null, "OBJNAM": null, "NOBJNM": null, "INFORM": null, "NINFOM": null, "NTXTDS": null, "SCAMAX": null, "SCAMIN": 29999, "TXTDSC": null, "RECDAT": null, "RECIND": null, "SORDAT": "20150206", "SORIND": "US,US,reprt,L-246-2015", "_enc_cell": "US4TB3P0" }, "geometry": { "type": "Point", "coordinates": [ 134.5684052, 7.3078942 ] } },
{ "type": "Feature", "properties": { "RCID": 8090, "PRIM": 1, "GRUP": 2, "OBJL": 121, "RVER": 1, "AGEN": 550, "FIDN": 177893782, "FIDS": 9, "LNAM": "02260A9A71960009", "LNAM_REFS": null, "FFPT_RIND": null, "COLOUR": null, "NATQUA": null, "NATSUR": [ "14" ], "WATLEV": null, "OBJNAM": null, "NOBJNM": null, "INFORM": null, "NINFOM": null, "NTXTDS": null, "SCAMAX": null, "SCAMIN": 29999, "TXTDSC": null, "RECDAT": null, "RECIND": null, "SORDAT": "20150206", "SORIND": "US,US,reprt,L-246-2015", "_enc_cell": "US4TB3P0" }, "geometry": { "type": "Point", "coordinates": [ 134.5699768, 7.3355331 ] } },
{ "type": "Feature", "properties": { "RCID": 8091, "PRIM": 1, "GRUP": 2, "OBJL": 121, "RVER": 1, "AGEN": 550, "FIDN": 902727776, "FIDS": 9, "LNAM": "022635CE88600009", "LNAM_REFS": null, "FFPT_RIND": null, "COLOUR": null, "NATQUA": null, "NATSUR": [ "4" ], "WATLEV": null, "OBJNAM": null, "NOBJNM": null, "INFORM": null, "NINFOM": null, "NTXTDS": null, "SCAMAX": null, "SCAMIN": 29999, "TXTDSC": null, "RECDAT": null, "RECIND": null, "SORDAT": "20150206", "SORIND": "US,US,reprt,L-246-2015", "_enc_cell": "US4TB3P0" }, "geometry": { "type": "Point", "coordinates": [ 134.570739800000013, 7.3191915 ] } },
{ "type": "Feature", "properties": { "RCID": 8092, "PRIM": 1, "GRUP": 2, "OBJL": 121, "RVER": 1, "AGEN": 550, "FIDN": 103147683, "FIDS": 9, "LNAM": "02260625E8A30009", "LNAM_REFS": null, "FFPT_RIND": null, "COLOUR": null, "NATQUA": null, "NATSUR": [ "14" ], "WATLEV": null, "OBJNAM": null, "NOBJNM": null, "INFORM": null, "NINFOM": null, "NTXTDS": null, "SCAMAX": null, "SCAMIN": 29999, "TXTDSC": null, "RECDAT": null, "RECIND": null, "SORDAT": "20150206", "SORIND": "US,US,reprt,L-246-2015", "_enc_cell": "US4TB3P0" }, "geometry": { "type": "Point", "coordinates": [ 134.570755, 7.3324919 ] } },
{ "type": "Feature", "properties": { "RCID": 8093, "PRIM": 1, "GRUP": 2, "OBJL": 121, "RVER": 1, "AGEN": 550, "FIDN": 675796091, "FIDS": 9, "LNAM": "02262847D47B0009", "LNAM_REFS": null, "FFPT_RIND": null, "COLOUR": null, "NATQUA": null, "NATSUR": [ "4" ], "WATLEV": null, "OBJNAM": null, "NOBJNM": null, "INFORM": null, "NINFOM": null, "NTXTDS": null, "SCAMAX": null, "SCAMIN": 29999, "TXTDSC": null, "RECDAT": null, "RECIND": null, "SORDAT": "20150206", "SORIND": "US,US,reprt,L-246-2015", "_enc_cell": "US4TB3P0" }, "geometry": { "type": "Point", "coordinates": [ 134.5749664, 7.3284526 ] } },
{ "type": "Feature", "properties": { "RCID": 8094, "PRIM": 1, "GRUP": 2, "OBJL": 121, "RVER": 1, "AGEN": 550, "FIDN": 235908097, "FIDS": 9, "LNAM": "02260E0FAC010009", "LNAM_REFS": null, "FFPT_RIND": null, "COLOUR": null, "NATQUA": null, "NATSUR": [ "14" ], "WATLEV": null, "OBJNAM": null, "NOBJNM": null, "INFORM": null, "NINFOM": null, "NTXTDS": null, "SCAMAX": null, "SCAMIN": 29999, "TXTDSC": null, "RECDAT": null, "RECIND": null, "SORDAT": "20150206", "SORIND": "US,US,reprt,L-246-2015", "_enc_cell": "US4TB3P0" }, "geometry": { "type": "Point", "coordinates": [ 134.575897200000014, 7.3306389 ] } },
{ "type": "Feature", "properties": { "RCID": 8095, "PRIM": 1, "GRUP": 2, "OBJL": 121, "RVER": 1, "AGEN": 550, "FIDN": 647618923, "FIDS": 9, "LNAM": "02262699E16B0009", "LNAM_REFS": null, "FFPT_RIND": null, "COLOUR": null, "NATQUA": null, "NATSUR": [ "9" ], "WATLEV": null, "OBJNAM": null, "NOBJNM": null, "INFORM": null, "NINFOM": null, "NTXTDS": null, "SCAMAX": null, "SCAMIN": 29999, "TXTDSC": null, "RECDAT": null, "RECIND": null, "SORDAT": "20150206", "SORIND": "US,US,reprt,L-246-2015", "_enc_cell": "US4TB3P0" }, "geometry": { "type": "Point", "coordinates": [ 134.5771484, 7.3339167 ] } },
{ "type": "Feature", "properties": { "RCID": 8096, "PRIM": 1, "GRUP": 2, "OBJL": 121, "RVER": 1, "AGEN": 550, "FIDN": 147225631, "FIDS": 9, "LNAM": "022608C67C1F0009", "LNAM_REFS": null, "FFPT_RIND": null, "COLOUR": null, "NATQUA": [ "1" ], "NATSUR": [ "4" ], "WATLEV": null, "OBJNAM": null, "NOBJNM": null, "INFORM": null, "NINFOM": null, "NTXTDS": null, "SCAMAX": null, "SCAMIN": 29999, "TXTDSC": null, "RECDAT": null, "RECIND": null, "SORDAT": "20150206", "SORIND": "US,US,reprt,L-246-2015", "_enc_cell": "US4TB3P0" }, "geometry": { "type": "Point", "coordinates": [ 134.5784912, 7.298378 ] } },
{ "type": "Feature", "properties": { "RCID": 8097, "PRIM": 1, "GRUP": 2, "OBJL": 121, "RVER": 1, "AGEN": 550, "FIDN": 589381482, "FIDS": 9, "LNAM": "022623213F6A0009", "LNAM_REFS": null, "FFPT_RIND": null, "COLOUR": null, "NATQUA": null, "NATSUR": [ "14" ], "WATLEV": null, "OBJNAM": null, "NOBJNM": null, "INFORM": null, "NINFOM": null, "NTXTDS": null, "SCAMAX": null, "SCAMIN": 29999, "TXTDSC": null, "RECDAT": null, "RECIND": null, "SORDAT": "20150206", "SORIND": "US,US,reprt,L-246-2015", "_enc_cell": "US4TB3P0" }, "geometry": { "type": "Point", "coordinates": [ 134.5799255, 7.3214641 ] } },
{ "type": "Feature", "properties": { "RCID": 8098, "PRIM": 1, "GRUP": 2, "OBJL": 121, "RVER": 1, "AGEN": 550, "FIDN": 104487265, "FIDS": 9, "LNAM": "0226063A59610009", "LNAM_REFS": null, "FFPT_RIND": null, "COLOUR": null, "NATQUA": null, "NATSUR": [ "14" ], "WATLEV": null, "OBJNAM": null, "NOBJNM": null, "INFORM": null, "NINFOM": null, "NTXTDS": null, "SCAMAX": null, "SCAMIN": 29999, "TXTDSC": null, "RECDAT": null, "RECIND": null, "SORDAT": "20150206", "SORIND": "US,US,reprt,L-246-2015", "_enc_cell": "US4TB3P0" }, "geometry": { "type": "Point", "coordinates": [ 134.581802399999987, 7.3322916 ] } },
{ "type": "Feature", "properties": { "RCID": 8099, "PRIM": 1, "GRUP": 2, "OBJL": 121, "RVER": 1, "AGEN": 550, "FIDN": 960846061, "FIDS": 9, "LNAM": "0226394558ED0009", "LNAM_REFS": null, "FFPT_RIND": null, "COLOUR": null, "NATQUA": null, "NATSUR": [ "4" ], "WATLEV": null, "OBJNAM": null, "NOBJNM": null, "INFORM": null, "NINFOM": null, "NTXTDS": null, "SCAMAX": null, "SCAMIN": 29999, "TXTDSC": null, "RECDAT": null, "RECIND": null, "SORDAT": "20150206", "SORIND": "US,US,reprt,L-246-2015", "_enc_cell": "US4TB3P0" }, "geometry": { "type": "Point", "coordinates": [ 134.5879517, 7.3452697 ] } },
{ "type": "Feature", "properties": { "RCID": 8100, "PRIM": 1, "GRUP": 2, "OBJL": 121, "RVER": 1, "AGEN": 550, "FIDN": 335080656, "FIDS": 9, "LNAM": "022613F8ECD00009", "LNAM_REFS": null, "FFPT_RIND": null, "COLOUR": null, "NATQUA": null, "NATSUR": [ "14" ], "WATLEV": null, "OBJNAM": null, "NOBJNM": null, "INFORM": null, "NINFOM": null, "NTXTDS": null, "SCAMAX": null, "SCAMIN": 29999, "TXTDSC": null, "RECDAT": null, "RECIND": null, "SORDAT": "20150206", "SORIND": "US,US,reprt,L-246-2015", "_enc_cell": "US4TB3P0" }, "geometry": { "type": "Point", "coordinates": [ 134.594055200000014, 7.337575 ] } },
{ "type": "Feature", "properties": { "RCID": 8101, "PRIM": 1, "GRUP": 2, "OBJL": 121, "RVER": 1, "AGEN": 550, "FIDN": 444873712, "FIDS": 9, "LNAM": "02261A843BF00009", "LNAM_REFS": null, "FFPT_RIND": null, "COLOUR": null, "NATQUA": null, "NATSUR": [ "14" ], "WATLEV": null, "OBJNAM": null, "NOBJNM": null, "INFORM": null, "NINFOM": null, "NTXTDS": null, "SCAMAX": null, "SCAMIN": 29999, "TXTDSC": null, "RECDAT": null, "RECIND": null, "SORDAT": "20150206", "SORIND": "US,US,reprt,L-246-2015", "_enc_cell": "US4TB3P0" }, "geometry": { "type": "Point", "coordinates": [ 134.5948181, 7.3336248 ] } },
{ "type": "Feature", "properties": { "RCID": 8102, "PRIM": 1, "GRUP": 2, "OBJL": 121, "RVER": 1, "AGEN": 550, "FIDN": 409380594, "FIDS": 9, "LNAM": "02261866A6F20009", "LNAM_REFS": null, "FFPT_RIND": null, "COLOUR": null, "NATQUA": null, "NATSUR": [ "14" ], "WATLEV": null, "OBJNAM": null, "NOBJNM": null, "INFORM": null, "NINFOM": null, "NTXTDS": null, "SCAMAX": null, "SCAMIN": 29999, "TXTDSC": null, "RECDAT": null, "RECIND": null, "SORDAT": "20150206", "SORIND": "US,US,reprt,L-246-2015", "_enc_cell": "US4TB3P0" }, "geometry": { "type": "Point", "coordinates": [ 134.600524900000011, 7.351747 ] } },
{ "type": "Feature", "properties": { "RCID": 8103, "PRIM": 1, "GRUP": 2, "OBJL": 121, "RVER": 1, "AGEN": 550, "FIDN": 549362339, "FIDS": 9, "LNAM": "022620BE9AA30009", "LNAM_REFS": null, "FFPT_RIND": null, "COLOUR": null, "NATQUA": null, "NATSUR": [ "4" ], "WATLEV": null, "OBJNAM": null, "NOBJNM": null, "INFORM": null, "NINFOM": null, "NTXTDS": null, "SCAMAX": null, "SCAMIN": 29999, "TXTDSC": null, "RECDAT": null, "RECIND": null, "SORDAT": "20150206", "SORIND": "US,US,reprt,L-246-2015", "_enc_cell": "US4TB3P0" }, "geometry": { "type": "Point", "coordinates": [ 134.6016846, 7.3483057 ] } },
{ "type": "Feature", "properties": { "RCID": 8104, "PRIM": 1, "GRUP": 2, "OBJL": 121, "RVER": 1, "AGEN": 550, "FIDN": 688807564, "FIDS": 9, "LNAM": "0226290E5E8C0009", "LNAM_REFS": null, "FFPT_RIND": null, "COLOUR": null, "NATQUA": null, "NATSUR": [ "14" ], "WATLEV": null, "OBJNAM": null, "NOBJNM": null, "INFORM": null, "NINFOM": null, "NTXTDS": null, "SCAMAX": null, "SCAMIN": 29999, "TXTDSC": null, "RECDAT": null, "RECIND": null, "SORDAT": "20150206", "SORIND": "US,US,reprt,L-246-2015", "_enc_cell": "US4TB3P0" }, "geometry": { "type": "Point", "coordinates": [ 134.6020508, 7.3594666 ] } },
{ "type": "Feature", "properties": { "RCID": 8105, "PRIM": 1, "GRUP": 2, "OBJL": 121, "RVER": 1, "AGEN": 550, "FIDN": 840877739, "FIDS": 9, "LNAM": "0226321EC6AB0009", "LNAM_REFS": null, "FFPT_RIND": null, "COLOUR": null, "NATQUA": null, "NATSUR": [ "17" ], "WATLEV": null, "OBJNAM": null, "NOBJNM": null, "INFORM": null, "NINFOM": null, "NTXTDS": null, "SCAMAX": null, "SCAMIN": 29999, "TXTDSC": null, "RECDAT": null, "RECIND": null, "SORDAT": "20150206", "SORIND": "US,US,reprt,L-246-2015", "_enc_cell": "US4TB3P0" }, "geometry": { "type": "Point", "coordinates": [ 134.6195831, 7.339953 ] } },
{ "type": "Feature", "properties": { "RCID": 8106, "PRIM": 1, "GRUP": 2, "OBJL": 121, "RVER": 1, "AGEN": 550, "FIDN": 227858975, "FIDS": 9, "LNAM": "02260D94DA1F0009", "LNAM_REFS": null, "FFPT_RIND": null, "COLOUR": null, "NATQUA": [ "3" ], "NATSUR": [ "4" ], "WATLEV": null, "OBJNAM": null, "NOBJNM": null, "INFORM": null, "NINFOM": null, "NTXTDS": null, "SCAMAX": null, "SCAMIN": 29999, "TXTDSC": null, "RECDAT": null, "RECIND": null, "SORDAT": "20150206", "SORIND": "US,US,reprt,L-246-2015", "_enc_cell": "US4TB3P0" }, "geometry": { "type": "Point", "coordinates": [ 134.6257324, 7.3643723 ] } },
{ "type": "Feature", "properties": { "RCID": 8246, "PRIM": 1, "GRUP": 2, "OBJL": 121, "RVER": 1, "AGEN": 550, "FIDN": 93507809, "FIDS": 9, "LNAM": "02260592D0E10009", "LNAM_REFS": null, "FFPT_RIND": null, "COLOUR": null, "NATQUA": null, "NATSUR": [ "9" ], "WATLEV": null, "OBJNAM": null, "NOBJNM": null, "INFORM": null, "NINFOM": null, "NTXTDS": null, "SCAMAX": null, "SCAMIN": 29999, "TXTDSC": null, "RECDAT": null, "RECIND": null, "SORDAT": "20150206", "SORIND": "US,US,reprt,L-246-2015", "_enc_cell": "US4TB3P0" }, "geometry": { "type": "Point", "coordinates": [ 134.4902496, 7.3964086 ] } },
{ "type": "Feature", "properties": { "RCID": 8248, "PRIM": 1, "GRUP": 2, "OBJL": 121, "RVER": 1, "AGEN": 550, "FIDN": 595544725, "FIDS": 9, "LNAM": "0226237F4A950009", "LNAM_REFS": null, "FFPT_RIND": null, "COLOUR": null, "NATQUA": null, "NATSUR": [ "14" ], "WATLEV": null, "OBJNAM": null, "NOBJNM": null, "INFORM": null, "NINFOM": null, "NTXTDS": null, "SCAMAX": null, "SCAMIN": 29999, "TXTDSC": null, "RECDAT": null, "RECIND": null, "SORDAT": "20150206", "SORIND": "US,US,reprt,L-246-2015", "_enc_cell": "US4TB3P0" }, "geometry": { "type": "Point", "coordinates": [ 134.498245200000014, 7.2905917 ] } },
{ "type": "Feature", "properties": { "RCID": 8250, "PRIM": 1, "GRUP": 2, "OBJL": 121, "RVER": 1, "AGEN": 550, "FIDN": 716144619, "FIDS": 9, "LNAM": "02262AAF7FEB0009", "LNAM_REFS": null, "FFPT_RIND": null, "COLOUR": null, "NATQUA": [ "1" ], "NATSUR": [ "4" ], "WATLEV": null, "OBJNAM": null, "NOBJNM": null, "INFORM": null, "NINFOM": null, "NTXTDS": null, "SCAMAX": null, "SCAMIN": 29999, "TXTDSC": null, "RECDAT": null, "RECIND": null, "SORDAT": "20150206", "SORIND": "US,US,reprt,L-246-2015", "_enc_cell": "US4TB3P0" }, "geometry": { "type": "Point", "coordinates": [ 134.5048065, 7.2800779 ] } },
{ "type": "Feature", "properties": { "RCID": 8251, "PRIM": 1, "GRUP": 2, "OBJL": 121, "RVER": 1, "AGEN": 550, "FIDN": 805044121, "FIDS": 9, "LNAM": "02262FFBFF990009", "LNAM_REFS": null, "FFPT_RIND": null, "COLOUR": null, "NATQUA": null, "NATSUR": [ "1" ], "WATLEV": null, "OBJNAM": null, "NOBJNM": null, "INFORM": null, "NINFOM": null, "NTXTDS": null, "SCAMAX": null, "SCAMIN": 29999, "TXTDSC": null, "RECDAT": null, "RECIND": null, "SORDAT": "20150206", "SORIND": "US,US,reprt,L-246-2015", "_enc_cell": "US4TB3P0" }, "geometry": { "type": "Point", "coordinates": [ 134.506668100000013, 7.3307223 ] } },
{ "type": "Feature", "properties": { "RCID": 8254, "PRIM": 1, "GRUP": 2, "OBJL": 121, "RVER": 1, "AGEN": 550, "FIDN": 22731080, "FIDS": 9, "LNAM": "0226015AD9480009", "LNAM_REFS": null, "FFPT_RIND": null, "COLOUR": null, "NATQUA": null, "NATSUR": [ "14" ], "WATLEV": null, "OBJNAM": null, "NOBJNM": null, "INFORM": null, "NINFOM": null, "NTXTDS": null, "SCAMAX": null, "SCAMIN": 29999, "TXTDSC": null, "RECDAT": null, "RECIND": null, "SORDAT": "20150206", "SORIND": "US,US,reprt,L-246-2015", "_enc_cell": "US4TB3P0" }, "geometry": { "type": "Point", "coordinates": [ 134.514968900000014, 7.3450613 ] } },
{ "type": "Feature", "properties": { "RCID": 8255, "PRIM": 1, "GRUP": 2, "OBJL": 121, "RVER": 1, "AGEN": 550, "FIDN": 825921434, "FIDS": 9, "LNAM": "0226313A8F9A0009", "LNAM_REFS": null, "FFPT_RIND": null, "COLOUR": null, "NATQUA": null, "NATSUR": [ "4" ], "WATLEV": null, "OBJNAM": null, "NOBJNM": null, "INFORM": null, "NINFOM": null, "NTXTDS": null, "SCAMAX": null, "SCAMIN": 29999, "TXTDSC": null, "RECDAT": null, "RECIND": null, "SORDAT": "20150206", "SORIND": "US,US,reprt,L-246-2015", "_enc_cell": "US4TB3P0" }, "geometry": { "type": "Point", "coordinates": [ 134.5168457, 7.2882667 ] } },
{ "type": "Feature", "properties": { "RCID": 8256, "PRIM": 1, "GRUP": 2, "OBJL": 121, "RVER": 1, "AGEN": 550, "FIDN": 165455965, "FIDS": 9, "LNAM": "022609DCA85D0009", "LNAM_REFS": null, "FFPT_RIND": null, "COLOUR": null, "NATQUA": null, "NATSUR": [ "14" ], "WATLEV": null, "OBJNAM": null, "NOBJNM": null, "INFORM": null, "NINFOM": null, "NTXTDS": null, "SCAMAX": null, "SCAMIN": 29999, "TXTDSC": null, "RECDAT": null, "RECIND": null, "SORDAT": "20150206", "SORIND": "US,US,reprt,L-246-2015", "_enc_cell": "US4TB3P0" }, "geometry": { "type": "Point", "coordinates": [ 134.5202332, 7.3068223 ] } },
{ "type": "Feature", "properties": { "RCID": 8257, "PRIM": 1, "GRUP": 2, "OBJL": 121, "RVER": 1, "AGEN": 550, "FIDN": 452073617, "FIDS": 9, "LNAM": "02261AF218910009", "LNAM_REFS": null, "FFPT_RIND": null, "COLOUR": null, "NATQUA": null, "NATSUR": [ "9" ], "WATLEV": null, "OBJNAM": null, "NOBJNM": null, "INFORM": null, "NINFOM": null, "NTXTDS": null, "SCAMAX": null, "SCAMIN": 29999, "TXTDSC": null, "RECDAT": null, "RECIND": null, "SORDAT": "20150206", "SORIND": "US,US,reprt,L-246-2015", "_enc_cell": "US4TB3P0" }, "geometry": { "type": "Point", "coordinates": [ 134.5221252, 7.294364 ] } },
{ "type": "Feature", "properties": { "RCID": 8258, "PRIM": 1, "GRUP": 2, "OBJL": 121, "RVER": 1, "AGEN": 550, "FIDN": 637699862, "FIDS": 9, "LNAM": "0226260287160009", "LNAM_REFS": null, "FFPT_RIND": null, "COLOUR": null, "NATQUA": null, "NATSUR": [ "14" ], "WATLEV": null, "OBJNAM": null, "NOBJNM": null, "INFORM": null, "NINFOM": null, "NTXTDS": null, "SCAMAX": null, "SCAMIN": 29999, "TXTDSC": null, "RECDAT": null, "RECIND": null, "SORDAT": "20150206", "SORIND": "US,US,reprt,L-246-2015", "_enc_cell": "US4TB3P0" }, "geometry": { "type": "Point", "coordinates": [ 134.524704, 7.294014 ] } },
{ "type": "Feature", "properties": { "RCID": 8260, "PRIM": 1, "GRUP": 2, "OBJL": 121, "RVER": 1, "AGEN": 550, "FIDN": 20025289, "FIDS": 9, "LNAM": "022601318FC90009", "LNAM_REFS": null, "FFPT_RIND": null, "COLOUR": null, "NATQUA": null, "NATSUR": [ "14" ], "WATLEV": null, "OBJNAM": null, "NOBJNM": null, "INFORM": null, "NINFOM": null, "NTXTDS": null, "SCAMAX": null, "SCAMIN": 29999, "TXTDSC": null, "RECDAT": null, "RECIND": null, "SORDAT": "20150206", "SORIND": "US,US,reprt,L-246-2015", "_enc_cell": "US4TB3P0" }, "geometry": { "type": "Point", "coordinates": [ 134.531799299999989, 7.334372 ] } },
{ "type": "Feature", "properties": { "RCID": 8261, "PRIM": 1, "GRUP": 2, "OBJL": 121, "RVER": 1, "AGEN": 550, "FIDN": 953412631, "FIDS": 9, "LNAM": "022638D3EC170009", "LNAM_REFS": null, "FFPT_RIND": null, "COLOUR": null, "NATQUA": null, "NATSUR": [ "4" ], "WATLEV": null, "OBJNAM": null, "NOBJNM": null, "INFORM": null, "NINFOM": null, "NTXTDS": null, "SCAMAX": null, "SCAMIN": 29999, "TXTDSC": null, "RECDAT": null, "RECIND": null, "SORDAT": "20150206", "SORIND": "US,US,reprt,L-246-2015", "_enc_cell": "US4TB3P0" }, "geometry": { "type": "Point", "coordinates": [ 134.5327911, 7.2766028 ] } },
{ "type": "Feature", "properties": { "RCID": 8262, "PRIM": 1, "GRUP": 2, "OBJL": 121, "RVER": 1, "AGEN": 550, "FIDN": 870866130, "FIDS": 9, "LNAM": "022633E85CD20009", "LNAM_REFS": null, "FFPT_RIND": null, "COLOUR": null, "NATQUA": null, "NATSUR": [ "9" ], "WATLEV": null, "OBJNAM": null, "NOBJNM": null, "INFORM": null, "NINFOM": null, "NTXTDS": null, "SCAMAX": null, "SCAMIN": 29999, "TXTDSC": null, "RECDAT": null, "RECIND": null, "SORDAT": "20150206", "SORIND": "US,US,reprt,L-246-2015", "_enc_cell": "US4TB3P0" }, "geometry": { "type": "Point", "coordinates": [ 134.5342407, 7.2952724 ] } },
{ "type": "Feature", "properties": { "RCID": 8263, "PRIM": 1, "GRUP": 2, "OBJL": 121, "RVER": 1, "AGEN": 550, "FIDN": 20956869, "FIDS": 9, "LNAM": "0226013FC6C50009", "LNAM_REFS": null, "FFPT_RIND": null, "COLOUR": null, "NATQUA": null, "NATSUR": [ "1" ], "WATLEV": null, "OBJNAM": null, "NOBJNM": null, "INFORM": null, "NINFOM": null, "NTXTDS": null, "SCAMAX": null, "SCAMIN": 29999, "TXTDSC": null, "RECDAT": null, "RECIND": null, "SORDAT": "20150206", "SORIND": "US,US,reprt,L-246-2015", "_enc_cell": "US4TB3P0" }, "geometry": { "type": "Point", "coordinates": [ 134.5452271, 7.3130169 ] } },
{ "type": "Feature", "properties": { "RCID": 8264, "PRIM": 1, "GRUP": 2, "OBJL": 121, "RVER": 1, "AGEN": 550, "FIDN": 805544954, "FIDS": 9, "LNAM": "02263003A3FA0009", "LNAM_REFS": null, "FFPT_RIND": null, "COLOUR": null, "NATQUA": [ "1" ], "NATSUR": [ "4" ], "WATLEV": null, "OBJNAM": null, "NOBJNM": null, "INFORM": null, "NINFOM": null, "NTXTDS": null, "SCAMAX": null, "SCAMIN": 29999, "TXTDSC": null, "RECDAT": null, "RECIND": null, "SORDAT": "20150206", "SORIND": "US,US,reprt,L-246-2015", "_enc_cell": "US4TB3P0" }, "geometry": { "type": "Point", "coordinates": [ 134.5499725, 7.2835527 ] } },
{ "type": "Feature", "properties": { "RCID": 8265, "PRIM": 1, "GRUP": 2, "OBJL": 121, "RVER": 1, "AGEN": 550, "FIDN": 125608730, "FIDS": 9, "LNAM": "0226077CA31A0009", "LNAM_REFS": null, "FFPT_RIND": null, "COLOUR": null, "NATQUA": null, "NATSUR": [ "4" ], "WATLEV": null, "OBJNAM": null, "NOBJNM": null, "INFORM": null, "NINFOM": null, "NTXTDS": null, "SCAMAX": null, "SCAMIN": 29999, "TXTDSC": null, "RECDAT": null, "RECIND": null, "SORDAT": "20150206", "SORIND": "US,US,reprt,L-246-2015", "_enc_cell": "US4TB3P0" }, "geometry": { "type": "Point", "coordinates": [ 134.5514832, 7.2819696 ] } },
{ "type": "Feature", "properties": { "RCID": 8266, "PRIM": 1, "GRUP": 2, "OBJL": 121, "RVER": 1, "AGEN": 550, "FIDN": 167350055, "FIDS": 9, "LNAM": "022609F98F270009", "LNAM_REFS": null, "FFPT_RIND": null, "COLOUR": null, "NATQUA": null, "NATSUR": [ "9" ], "WATLEV": null, "OBJNAM": null, "NOBJNM": null, "INFORM": null, "NINFOM": null, "NTXTDS": null, "SCAMAX": null, "SCAMIN": 29999, "TXTDSC": null, "RECDAT": null, "RECIND": null, "SORDAT": "20150206", "SORIND": "US,US,reprt,L-246-2015", "_enc_cell": "US4TB3P0" }, "geometry": { "type": "Point", "coordinates": [ 134.5517731, 7.304925 ] } },
{ "type": "Feature", "properties": { "RCID": 8267, "PRIM": 1, "GRUP": 2, "OBJL": 121, "RVER": 1, "AGEN": 550, "FIDN": 666954445, "FIDS": 9, "LNAM": "022627C0EACD0009", "LNAM_REFS": null, "FFPT_RIND": null, "COLOUR": null, "NATQUA": null, "NATSUR": [ "1" ], "WATLEV": null, "OBJNAM": null, "NOBJNM": null, "INFORM": null, "NINFOM": null, "NTXTDS": null, "SCAMAX": null, "SCAMIN": 29999, "TXTDSC": null, "RECDAT": null, "RECIND": null, "SORDAT": "20150206", "SORIND": "US,US,reprt,L-246-2015", "_enc_cell": "US4TB3P0" }, "geometry": { "type": "Point", "coordinates": [ 134.5523987, 7.2893639 ] } },
{ "type": "Feature", "properties": { "RCID": 8268, "PRIM": 1, "GRUP": 2, "OBJL": 121, "RVER": 1, "AGEN": 550, "FIDN": 99220749, "FIDS": 9, "LNAM": "022605E9FD0D0009", "LNAM_REFS": null, "FFPT_RIND": null, "COLOUR": null, "NATQUA": null, "NATSUR": [ "14" ], "WATLEV": null, "OBJNAM": null, "NOBJNM": null, "INFORM": null, "NINFOM": null, "NTXTDS": null, "SCAMAX": null, "SCAMIN": 29999, "TXTDSC": null, "RECDAT": null, "RECIND": null, "SORDAT": "20150206", "SORIND": "US,US,reprt,L-246-2015", "_enc_cell": "US4TB3P0" }, "geometry": { "type": "Point", "coordinates": [ 134.553070100000014, 7.3044748 ] } },
{ "type": "Feature", "properties": { "RCID": 8269, "PRIM": 1, "GRUP": 2, "OBJL": 121, "RVER": 1, "AGEN": 550, "FIDN": 887774889, "FIDS": 9, "LNAM": "022634EA5EA90009", "LNAM_REFS": null, "FFPT_RIND": null, "COLOUR": null, "NATQUA": null, "NATSUR": [ "9" ], "WATLEV": null, "OBJNAM": null, "NOBJNM": null, "INFORM": null, "NINFOM": null, "NTXTDS": null, "SCAMAX": null, "SCAMIN": 29999, "TXTDSC": null, "RECDAT": null, "RECIND": null, "SORDAT": "20150206", "SORIND": "US,US,reprt,L-246-2015", "_enc_cell": "US4TB3P0" }, "geometry": { "type": "Point", "coordinates": [ 134.5596008, 7.3239613 ] } },
{ "type": "Feature", "properties": { "RCID": 8270, "PRIM": 1, "GRUP": 2, "OBJL": 121, "RVER": 1, "AGEN": 550, "FIDN": 166267638, "FIDS": 9, "LNAM": "022609E90AF60009", "LNAM_REFS": null, "FFPT_RIND": null, "COLOUR": null, "NATQUA": [ "3" ], "NATSUR": [ "4" ], "WATLEV": null, "OBJNAM": null, "NOBJNM": null, "INFORM": null, "NINFOM": null, "NTXTDS": null, "SCAMAX": null, "SCAMIN": 29999, "TXTDSC": null, "RECDAT": null, "RECIND": null, "SORDAT": "20150206", "SORIND": "US,US,reprt,L-246-2015", "_enc_cell": "US4TB3P0" }, "geometry": { "type": "Point", "coordinates": [ 134.566070599999989, 7.316011 ] } },
{ "type": "Feature", "properties": { "RCID": 8271, "PRIM": 1, "GRUP": 2, "OBJL": 121, "RVER": 1, "AGEN": 550, "FIDN": 270893457, "FIDS": 9, "LNAM": "0226102581910009", "LNAM_REFS": null, "FFPT_RIND": null, "COLOUR": null, "NATQUA": null, "NATSUR": [ "1" ], "WATLEV": null, "OBJNAM": null, "NOBJNM": null, "INFORM": null, "NINFOM": null, "NTXTDS": null, "SCAMAX": null, "SCAMIN": 29999, "TXTDSC": null, "RECDAT": null, "RECIND": null, "SORDAT": "20150206", "SORIND": "US,US,reprt,L-246-2015", "_enc_cell": "US4TB3P0" }, "geometry": { "type": "Point", "coordinates": [ 134.5699158, 7.3577833 ] } },
{ "type": "Feature", "properties": { "RCID": 8272, "PRIM": 1, "GRUP": 2, "OBJL": 121, "RVER": 1, "AGEN": 550, "FIDN": 440153995, "FIDS": 9, "LNAM": "02261A3C378B0009", "LNAM_REFS": null, "FFPT_RIND": null, "COLOUR": null, "NATQUA": null, "NATSUR": [ "4" ], "WATLEV": null, "OBJNAM": null, "NOBJNM": null, "INFORM": null, "NINFOM": null, "NTXTDS": null, "SCAMAX": null, "SCAMIN": 29999, "TXTDSC": null, "RECDAT": null, "RECIND": null, "SORDAT": "20150206", "SORIND": "US,US,reprt,L-246-2015", "_enc_cell": "US4TB3P0" }, "geometry": { "type": "Point", "coordinates": [ 134.5779877, 7.328289 ] } },
{ "type": "Feature", "properties": { "RCID": 8273, "PRIM": 1, "GRUP": 2, "OBJL": 121, "RVER": 1, "AGEN": 550, "FIDN": 467801553, "FIDS": 9, "LNAM": "02261BE215D10009", "LNAM_REFS": null, "FFPT_RIND": null, "COLOUR": null, "NATQUA": null, "NATSUR": [ "14" ], "WATLEV": null, "OBJNAM": null, "NOBJNM": null, "INFORM": null, "NINFOM": null, "NTXTDS": null, "SCAMAX": null, "SCAMIN": 29999, "TXTDSC": null, "RECDAT": null, "RECIND": null, "SORDAT": "20150206", "SORIND": "US,US,reprt,L-246-2015", "_enc_cell": "US4TB3P0" }, "geometry": { "type": "Point", "coordinates": [ 134.585769699999986, 7.324625 ] } },
{ "type": "Feature", "properties": { "RCID": 8274, "PRIM": 1, "GRUP": 2, "OBJL": 121, "RVER": 1, "AGEN": 550, "FIDN": 800488477, "FIDS": 9, "LNAM": "02262FB67C1D0009", "LNAM_REFS": null, "FFPT_RIND": null, "COLOUR": null, "NATQUA": null, "NATSUR": [ "14" ], "WATLEV": null, "OBJNAM": null, "NOBJNM": null, "INFORM": null, "NINFOM": null, "NTXTDS": null, "SCAMAX": null, "SCAMIN": 29999, "TXTDSC": null, "RECDAT": null, "RECIND": null, "SORDAT": "20150206", "SORIND": "US,US,reprt,L-246-2015", "_enc_cell": "US4TB3P0" }, "geometry": { "type": "Point", "coordinates": [ 134.6015625, 7.3437276 ] } },
{ "type": "Feature", "properties": { "RCID": 8275, "PRIM": 1, "GRUP": 2, "OBJL": 121, "RVER": 1, "AGEN": 550, "FIDN": 116933913, "FIDS": 9, "LNAM": "022606F845190009", "LNAM_REFS": null, "FFPT_RIND": null, "COLOUR": null, "NATQUA": null, "NATSUR": [ "4" ], "WATLEV": null, "OBJNAM": null, "NOBJNM": null, "INFORM": null, "NINFOM": null, "NTXTDS": null, "SCAMAX": null, "SCAMIN": 29999, "TXTDSC": null, "RECDAT": null, "RECIND": null, "SORDAT": "20150206", "SORIND": "US,US,reprt,L-246-2015", "_enc_cell": "US4TB3P0" }, "geometry": { "type": "Point", "coordinates": [ 134.603317299999986, 7.3712139 ] } },
{ "type": "Feature", "properties": { "RCID": 8276, "PRIM": 1, "GRUP": 2, "OBJL": 121, "RVER": 1, "AGEN": 550, "FIDN": 991099855, "FIDS": 9, "LNAM": "02263B12FBCF0009", "LNAM_REFS": null, "FFPT_RIND": null, "COLOUR": null, "NATQUA": null, "NATSUR": [ "4" ], "WATLEV": null, "OBJNAM": null, "NOBJNM": null, "INFORM": null, "NINFOM": null, "NTXTDS": null, "SCAMAX": null, "SCAMIN": 29999, "TXTDSC": null, "RECDAT": null, "RECIND": null, "SORDAT": "20150206", "SORIND": "US,US,reprt,L-246-2015", "_enc_cell": "US4TB3P0" }, "geometry": { "type": "Point", "coordinates": [ 134.603408800000011, 7.3627806 ] } },
{ "type": "Feature", "properties": { "RCID": 8277, "PRIM": 1, "GRUP": 2, "OBJL": 121, "RVER": 1, "AGEN": 550, "FIDN": 376448727, "FIDS": 9, "LNAM": "0226167026D70009", "LNAM_REFS": null, "FFPT_RIND": null, "COLOUR": null, "NATQUA": null, "NATSUR": [ "14" ], "WATLEV": null, "OBJNAM": null, "NOBJNM": null, "INFORM": null, "NINFOM": null, "NTXTDS": null, "SCAMAX": null, "SCAMIN": 29999, "TXTDSC": null, "RECDAT": null, "RECIND": null, "SORDAT": "20150206", "SORIND": "US,US,reprt,L-246-2015", "_enc_cell": "US4TB3P0" }, "geometry": { "type": "Point", "coordinates": [ 134.603546099999988, 7.3523474 ] } },
{ "type": "Feature", "properties": { "RCID": 8278, "PRIM": 1, "GRUP": 2, "OBJL": 121, "RVER": 1, "AGEN": 550, "FIDN": 208916994, "FIDS": 9, "LNAM": "02260C73D2020009", "LNAM_REFS": null, "FFPT_RIND": null, "COLOUR": null, "NATQUA": null, "NATSUR": [ "14" ], "WATLEV": null, "OBJNAM": null, "NOBJNM": null, "INFORM": null, "NINFOM": null, "NTXTDS": null, "SCAMAX": null, "SCAMIN": 29999, "TXTDSC": null, "RECDAT": null, "RECIND": null, "SORDAT": "20150206", "SORIND": "US,US,reprt,L-246-2015", "_enc_cell": "US4TB3P0" }, "geometry": { "type": "Point", "coordinates": [ 134.6047821, 7.3607416 ] } },
{ "type": "Feature", "properties": { "RCID": 8279, "PRIM": 1, "GRUP": 2, "OBJL": 121, "RVER": 1, "AGEN": 550, "FIDN": 736619817, "FIDS": 9, "LNAM": "02262BE7ED290009", "LNAM_REFS": null, "FFPT_RIND": null, "COLOUR": null, "NATQUA": null, "NATSUR": [ "4" ], "WATLEV": null, "OBJNAM": null, "NOBJNM": null, "INFORM": null, "NINFOM": null, "NTXTDS": null, "SCAMAX": null, "SCAMIN": 29999, "TXTDSC": null, "RECDAT": null, "RECIND": null, "SORDAT": "20150206", "SORIND": "US,US,reprt,L-246-2015", "_enc_cell": "US4TB3P0" }, "geometry": { "type": "Point", "coordinates": [ 134.6104431, 7.3483057 ] } },
{ "type": "Feature", "properties": { "RCID": 8392, "PRIM": 1, "GRUP": 2, "OBJL": 121, "RVER": 1, "AGEN": 550, "FIDN": 110316178, "FIDS": 9, "LNAM": "022606934A920009", "LNAM_REFS": null, "FFPT_RIND": null, "COLOUR": null, "NATQUA": null, "NATSUR": [ "9" ], "WATLEV": null, "OBJNAM": null, "NOBJNM": null, "INFORM": null, "NINFOM": null, "NTXTDS": null, "SCAMAX": null, "SCAMIN": 29999, "TXTDSC": null, "RECDAT": null, "RECIND": null, "SORDAT": "20150206", "SORIND": "US,US,reprt,L-246-2015", "_enc_cell": "US4TB3P0" }, "geometry": { "type": "Point", "coordinates": [ 134.4907532, 7.2895832 ] } },
{ "type": "Feature", "properties": { "RCID": 8393, "PRIM": 1, "GRUP": 2, "OBJL": 121, "RVER": 1, "AGEN": 550, "FIDN": 961135490, "FIDS": 9, "LNAM": "02263949C3820009", "LNAM_REFS": null, "FFPT_RIND": null, "COLOUR": null, "NATQUA": null, "NATSUR": [ "9" ], "WATLEV": null, "OBJNAM": null, "NOBJNM": null, "INFORM": null, "NINFOM": null, "NTXTDS": null, "SCAMAX": null, "SCAMIN": 29999, "TXTDSC": null, "RECDAT": null, "RECIND": null, "SORDAT": "20150206", "SORIND": "US,US,reprt,L-246-2015", "_enc_cell": "US4TB3P0" }, "geometry": { "type": "Point", "coordinates": [ 134.4919281, 7.2790833 ] } },
{ "type": "Feature", "properties": { "RCID": 8394, "PRIM": 1, "GRUP": 2, "OBJL": 121, "RVER": 1, "AGEN": 550, "FIDN": 788180451, "FIDS": 9, "LNAM": "02262EFAADE30009", "LNAM_REFS": null, "FFPT_RIND": null, "COLOUR": null, "NATQUA": null, "NATSUR": [ "14" ], "WATLEV": null, "OBJNAM": null, "NOBJNM": null, "INFORM": null, "NINFOM": null, "NTXTDS": null, "SCAMAX": null, "SCAMIN": 29999, "TXTDSC": null, "RECDAT": null, "RECIND": null, "SORDAT": "20150206", "SORIND": "US,US,reprt,L-246-2015", "_enc_cell": "US4TB3P0" }, "geometry": { "type": "Point", "coordinates": [ 134.4923401, 7.2785916 ] } },
{ "type": "Feature", "properties": { "RCID": 8395, "PRIM": 1, "GRUP": 2, "OBJL": 121, "RVER": 1, "AGEN": 550, "FIDN": 627907255, "FIDS": 9, "LNAM": "0226256D1AB70009", "LNAM_REFS": null, "FFPT_RIND": null, "COLOUR": null, "NATQUA": null, "NATSUR": [ "9" ], "WATLEV": null, "OBJNAM": null, "NOBJNM": null, "INFORM": null, "NINFOM": null, "NTXTDS": null, "SCAMAX": null, "SCAMIN": 29999, "TXTDSC": null, "RECDAT": null, "RECIND": null, "SORDAT": "20150206", "SORIND": "US,US,reprt,L-246-2015", "_enc_cell": "US4TB3P0" }, "geometry": { "type": "Point", "coordinates": [ 134.49258420000001, 7.4007502 ] } },
{ "type": "Feature", "properties": { "RCID": 8397, "PRIM": 1, "GRUP": 2, "OBJL": 121, "RVER": 1, "AGEN": 550, "FIDN": 700667696, "FIDS": 9, "LNAM": "022629C357300009", "LNAM_REFS": null, "FFPT_RIND": null, "COLOUR": null, "NATQUA": null, "NATSUR": [ "1" ], "WATLEV": null, "OBJNAM": null, "NOBJNM": null, "INFORM": null, "NINFOM": null, "NTXTDS": null, "SCAMAX": null, "SCAMIN": 29999, "TXTDSC": null, "RECDAT": null, "RECIND": null, "SORDAT": "20150206", "SORIND": "US,US,reprt,L-246-2015", "_enc_cell": "US4TB3P0" }, "geometry": { "type": "Point", "coordinates": [ 134.492950400000012, 7.3253946 ] } },
{ "type": "Feature", "properties": { "RCID": 8398, "PRIM": 1, "GRUP": 2, "OBJL": 121, "RVER": 1, "AGEN": 550, "FIDN": 984662833, "FIDS": 9, "LNAM": "02263AB0C3310009", "LNAM_REFS": null, "FFPT_RIND": null, "COLOUR": null, "NATQUA": null, "NATSUR": [ "4" ], "WATLEV": null, "OBJNAM": null, "NOBJNM": null, "INFORM": null, "NINFOM": null, "NTXTDS": null, "SCAMAX": null, "SCAMIN": 29999, "TXTDSC": null, "RECDAT": null, "RECIND": null, "SORDAT": "20150206", "SORIND": "US,US,reprt,L-246-2015", "_enc_cell": "US4TB3P0" }, "geometry": { "type": "Point", "coordinates": [ 134.4948273, 7.2906056 ] } },
{ "type": "Feature", "properties": { "RCID": 8400, "PRIM": 1, "GRUP": 2, "OBJL": 121, "RVER": 1, "AGEN": 550, "FIDN": 542168054, "FIDS": 9, "LNAM": "02262050D3F60009", "LNAM_REFS": null, "FFPT_RIND": null, "COLOUR": null, "NATQUA": null, "NATSUR": [ "4" ], "WATLEV": null, "OBJNAM": null, "NOBJNM": null, "INFORM": null, "NINFOM": null, "NTXTDS": null, "SCAMAX": null, "SCAMIN": 29999, "TXTDSC": null, "RECDAT": null, "RECIND": null, "SORDAT": "20150206", "SORIND": "US,US,reprt,L-246-2015", "_enc_cell": "US4TB3P0" }, "geometry": { "type": "Point", "coordinates": [ 134.4958954, 7.2937889 ] } },
{ "type": "Feature", "properties": { "RCID": 8403, "PRIM": 1, "GRUP": 2, "OBJL": 121, "RVER": 1, "AGEN": 550, "FIDN": 712838005, "FIDS": 9, "LNAM": "02262A7D0B750009", "LNAM_REFS": null, "FFPT_RIND": null, "COLOUR": null, "NATQUA": null, "NATSUR": [ "9" ], "WATLEV": null, "OBJNAM": null, "NOBJNM": null, "INFORM": null, "NINFOM": null, "NTXTDS": null, "SCAMAX": null, "SCAMIN": 29999, "TXTDSC": null, "RECDAT": null, "RECIND": null, "SORDAT": "20150206", "SORIND": "US,US,reprt,L-246-2015", "_enc_cell": "US4TB3P0" }, "geometry": { "type": "Point", "coordinates": [ 134.4971466, 7.2834611 ] } },
{ "type": "Feature", "properties": { "RCID": 8404, "PRIM": 1, "GRUP": 2, "OBJL": 121, "RVER": 1, "AGEN": 550, "FIDN": 749033128, "FIDS": 9, "LNAM": "02262CA556A80009", "LNAM_REFS": null, "FFPT_RIND": null, "COLOUR": null, "NATQUA": null, "NATSUR": [ "17" ], "WATLEV": null, "OBJNAM": null, "NOBJNM": null, "INFORM": null, "NINFOM": null, "NTXTDS": null, "SCAMAX": null, "SCAMIN": 29999, "TXTDSC": null, "RECDAT": null, "RECIND": null, "SORDAT": "20150206", "SORIND": "US,US,reprt,L-246-2015", "_enc_cell": "US4TB3P0" }, "geometry": { "type": "Point", "coordinates": [ 134.498291, 7.2988529 ] } },
{ "type": "Feature", "properties": { "RCID": 8406, "PRIM": 1, "GRUP": 2, "OBJL": 121, "RVER": 1, "AGEN": 550, "FIDN": 450205702, "FIDS": 9, "LNAM": "02261AD598060009", "LNAM_REFS": null, "FFPT_RIND": null, "COLOUR": null, "NATQUA": null, "NATSUR": [ "9" ], "WATLEV": null, "OBJNAM": null, "NOBJNM": null, "INFORM": null, "NINFOM": null, "NTXTDS": null, "SCAMAX": null, "SCAMIN": 29999, "TXTDSC": null, "RECDAT": null, "RECIND": null, "SORDAT": "20150206", "SORIND": "US,US,reprt,L-246-2015", "_enc_cell": "US4TB3P0" }, "geometry": { "type": "Point", "coordinates": [ 134.498977700000012, 7.2817669 ] } },
{ "type": "Feature", "properties": { "RCID": 8407, "PRIM": 1, "GRUP": 2, "OBJL": 121, "RVER": 1, "AGEN": 550, "FIDN": 12813242, "FIDS": 9, "LNAM": "022600C383BA0009", "LNAM_REFS": null, "FFPT_RIND": null, "COLOUR": null, "NATQUA": [ "1" ], "NATSUR": [ "4" ], "WATLEV": null, "OBJNAM": null, "NOBJNM": null, "INFORM": null, "NINFOM": null, "NTXTDS": null, "SCAMAX": null, "SCAMIN": 29999, "TXTDSC": null, "RECDAT": null, "RECIND": null, "SORDAT": "20150206", "SORIND": "US,US,reprt,L-246-2015", "_enc_cell": "US4TB3P0" }, "geometry": { "type": "Point", "coordinates": [ 134.499450700000011, 7.2891054 ] } },
{ "type": "Feature", "properties": { "RCID": 8409, "PRIM": 1, "GRUP": 2, "OBJL": 121, "RVER": 1, "AGEN": 550, "FIDN": 968581074, "FIDS": 9, "LNAM": "022639BB5FD20009", "LNAM_REFS": null, "FFPT_RIND": null, "COLOUR": null, "NATQUA": [ "1" ], "NATSUR": [ "4" ], "WATLEV": null, "OBJNAM": null, "NOBJNM": null, "INFORM": null, "NINFOM": null, "NTXTDS": null, "SCAMAX": null, "SCAMIN": 29999, "TXTDSC": null, "RECDAT": null, "RECIND": null, "SORDAT": "20150206", "SORIND": "US,US,reprt,L-246-2015", "_enc_cell": "US4TB3P0" }, "geometry": { "type": "Point", "coordinates": [ 134.504272500000013, 7.3333836 ] } },
{ "type": "Feature", "properties": { "RCID": 8411, "PRIM": 1, "GRUP": 2, "OBJL": 121, "RVER": 1, "AGEN": 550, "FIDN": 935983124, "FIDS": 9, "LNAM": "022637C9F8140009", "LNAM_REFS": null, "FFPT_RIND": null, "COLOUR": null, "NATQUA": null, "NATSUR": [ "14" ], "WATLEV": null, "OBJNAM": null, "NOBJNM": null, "INFORM": null, "NINFOM": null, "NTXTDS": null, "SCAMAX": null, "SCAMIN": 29999, "TXTDSC": null, "RECDAT": null, "RECIND": null, "SORDAT": "20150206", "SORIND": "US,US,reprt,L-246-2015", "_enc_cell": "US4TB3P0" }, "geometry": { "type": "Point", "coordinates": [ 134.5089111, 7.3020225 ] } },
{ "type": "Feature", "properties": { "RCID": 8413, "PRIM": 1, "GRUP": 2, "OBJL": 121, "RVER": 1, "AGEN": 550, "FIDN": 900948510, "FIDS": 9, "LNAM": "022635B3621E0009", "LNAM_REFS": null, "FFPT_RIND": null, "COLOUR": null, "NATQUA": null, "NATSUR": [ "14" ], "WATLEV": null, "OBJNAM": null, "NOBJNM": null, "INFORM": null, "NINFOM": null, "NTXTDS": null, "SCAMAX": null, "SCAMIN": 29999, "TXTDSC": null, "RECDAT": null, "RECIND": null, "SORDAT": "20150206", "SORIND": "US,US,reprt,L-246-2015", "_enc_cell": "US4TB3P0" }, "geometry": { "type": "Point", "coordinates": [ 134.5128326, 7.3048139 ] } },
{ "type": "Feature", "properties": { "RCID": 8414, "PRIM": 1, "GRUP": 2, "OBJL": 121, "RVER": 1, "AGEN": 550, "FIDN": 787905994, "FIDS": 9, "LNAM": "02262EF67DCA0009", "LNAM_REFS": null, "FFPT_RIND": null, "COLOUR": null, "NATQUA": null, "NATSUR": [ "4" ], "WATLEV": null, "OBJNAM": null, "NOBJNM": null, "INFORM": null, "NINFOM": null, "NTXTDS": null, "SCAMAX": null, "SCAMIN": 29999, "TXTDSC": null, "RECDAT": null, "RECIND": null, "SORDAT": "20150206", "SORIND": "US,US,reprt,L-246-2015", "_enc_cell": "US4TB3P0" }, "geometry": { "type": "Point", "coordinates": [ 134.5137482, 7.2949777 ] } },
{ "type": "Feature", "properties": { "RCID": 8416, "PRIM": 1, "GRUP": 2, "OBJL": 121, "RVER": 1, "AGEN": 550, "FIDN": 325552110, "FIDS": 9, "LNAM": "0226136787EE0009", "LNAM_REFS": null, "FFPT_RIND": null, "COLOUR": null, "NATQUA": null, "NATSUR": [ "9" ], "WATLEV": null, "OBJNAM": null, "NOBJNM": null, "INFORM": null, "NINFOM": null, "NTXTDS": null, "SCAMAX": null, "SCAMIN": 29999, "TXTDSC": null, "RECDAT": null, "RECIND": null, "SORDAT": "20150206", "SORIND": "US,US,reprt,L-246-2015", "_enc_cell": "US4TB3P0" }, "geometry": { "type": "Point", "coordinates": [ 134.5176849, 7.3389721 ] } },
{ "type": "Feature", "properties": { "RCID": 8417, "PRIM": 1, "GRUP": 2, "OBJL": 121, "RVER": 1, "AGEN": 550, "FIDN": 775363725, "FIDS": 9, "LNAM": "02262E371C8D0009", "LNAM_REFS": null, "FFPT_RIND": null, "COLOUR": null, "NATQUA": null, "NATSUR": [ "14" ], "WATLEV": null, "OBJNAM": null, "NOBJNM": null, "INFORM": null, "NINFOM": null, "NTXTDS": null, "SCAMAX": null, "SCAMIN": 29999, "TXTDSC": null, "RECDAT": null, "RECIND": null, "SORDAT": "20150206", "SORIND": "US,US,reprt,L-246-2015", "_enc_cell": "US4TB3P0" }, "geometry": { "type": "Point", "coordinates": [ 134.524475099999989, 7.3322778 ] } },
{ "type": "Feature", "properties": { "RCID": 8419, "PRIM": 1, "GRUP": 2, "OBJL": 121, "RVER": 1, "AGEN": 550, "FIDN": 763260216, "FIDS": 9, "LNAM": "02262D7E6D380009", "LNAM_REFS": null, "FFPT_RIND": null, "COLOUR": null, "NATQUA": null, "NATSUR": [ "4" ], "WATLEV": null, "OBJNAM": null, "NOBJNM": null, "INFORM": null, "NINFOM": null, "NTXTDS": null, "SCAMAX": null, "SCAMIN": 29999, "TXTDSC": null, "RECDAT": null, "RECIND": null, "SORDAT": "20150206", "SORIND": "US,US,reprt,L-246-2015", "_enc_cell": "US4TB3P0" }, "geometry": { "type": "Point", "coordinates": [ 134.5263062, 7.2942085 ] } },
{ "type": "Feature", "properties": { "RCID": 8420, "PRIM": 1, "GRUP": 2, "OBJL": 121, "RVER": 1, "AGEN": 550, "FIDN": 952633402, "FIDS": 9, "LNAM": "022638C8083A0009", "LNAM_REFS": null, "FFPT_RIND": null, "COLOUR": null, "NATQUA": null, "NATSUR": [ "14" ], "WATLEV": null, "OBJNAM": null, "NOBJNM": null, "INFORM": null, "NINFOM": null, "NTXTDS": null, "SCAMAX": null, "SCAMIN": 29999, "TXTDSC": null, "RECDAT": null, "RECIND": null, "SORDAT": "20150206", "SORIND": "US,US,reprt,L-246-2015", "_enc_cell": "US4TB3P0" }, "geometry": { "type": "Point", "coordinates": [ 134.5277252, 7.2831249 ] } },
{ "type": "Feature", "properties": { "RCID": 8421, "PRIM": 1, "GRUP": 2, "OBJL": 121, "RVER": 1, "AGEN": 550, "FIDN": 922465743, "FIDS": 9, "LNAM": "022636FBB5CF0009", "LNAM_REFS": null, "FFPT_RIND": null, "COLOUR": null, "NATQUA": null, "NATSUR": [ "4" ], "WATLEV": null, "OBJNAM": null, "NOBJNM": null, "INFORM": null, "NINFOM": null, "NTXTDS": null, "SCAMAX": null, "SCAMIN": 29999, "TXTDSC": null, "RECDAT": null, "RECIND": null, "SORDAT": "20150206", "SORIND": "US,US,reprt,L-246-2015", "_enc_cell": "US4TB3P0" }, "geometry": { "type": "Point", "coordinates": [ 134.5310059, 7.2719278 ] } },
{ "type": "Feature", "properties": { "RCID": 8422, "PRIM": 1, "GRUP": 2, "OBJL": 121, "RVER": 1, "AGEN": 550, "FIDN": 215242502, "FIDS": 9, "LNAM": "02260CD457060009", "LNAM_REFS": null, "FFPT_RIND": null, "COLOUR": null, "NATQUA": [ "1" ], "NATSUR": [ "4" ], "WATLEV": null, "OBJNAM": null, "NOBJNM": null, "INFORM": null, "NINFOM": null, "NTXTDS": null, "SCAMAX": null, "SCAMIN": 29999, "TXTDSC": null, "RECDAT": null, "RECIND": null, "SORDAT": "20150206", "SORIND": "US,US,reprt,L-246-2015", "_enc_cell": "US4TB3P0" }, "geometry": { "type": "Point", "coordinates": [ 134.5340424, 7.3090029 ] } },
{ "type": "Feature", "properties": { "RCID": 8423, "PRIM": 1, "GRUP": 2, "OBJL": 121, "RVER": 1, "AGEN": 550, "FIDN": 429749257, "FIDS": 9, "LNAM": "0226199D74090009", "LNAM_REFS": null, "FFPT_RIND": null, "COLOUR": null, "NATQUA": [ "1" ], "NATSUR": [ "4" ], "WATLEV": null, "OBJNAM": null, "NOBJNM": null, "INFORM": null, "NINFOM": null, "NTXTDS": null, "SCAMAX": null, "SCAMIN": 29999, "TXTDSC": null, "RECDAT": null, "RECIND": null, "SORDAT": "20150206", "SORIND": "US,US,reprt,L-246-2015", "_enc_cell": "US4TB3P0" }, "geometry": { "type": "Point", "coordinates": [ 134.5348816, 7.302403 ] } },
{ "type": "Feature", "properties": { "RCID": 8424, "PRIM": 1, "GRUP": 2, "OBJL": 121, "RVER": 1, "AGEN": 550, "FIDN": 848660550, "FIDS": 9, "LNAM": "0226329588460009", "LNAM_REFS": null, "FFPT_RIND": null, "COLOUR": null, "NATQUA": null, "NATSUR": [ "9" ], "WATLEV": null, "OBJNAM": null, "NOBJNM": null, "INFORM": null, "NINFOM": null, "NTXTDS": null, "SCAMAX": null, "SCAMIN": 29999, "TXTDSC": null, "RECDAT": null, "RECIND": null, "SORDAT": "20150206", "SORIND": "US,US,reprt,L-246-2015", "_enc_cell": "US4TB3P0" }, "geometry": { "type": "Point", "coordinates": [ 134.5361633, 7.2861443 ] } },
{ "type": "Feature", "properties": { "RCID": 8425, "PRIM": 1, "GRUP": 2, "OBJL": 121, "RVER": 1, "AGEN": 550, "FIDN": 182404502, "FIDS": 9, "LNAM": "02260ADF45960009", "LNAM_REFS": null, "FFPT_RIND": null, "COLOUR": null, "NATQUA": null, "NATSUR": [ "4" ], "WATLEV": null, "OBJNAM": null, "NOBJNM": null, "INFORM": null, "NINFOM": null, "NTXTDS": null, "SCAMAX": null, "SCAMIN": 29999, "TXTDSC": null, "RECDAT": null, "RECIND": null, "SORDAT": "20150206", "SORIND": "US,US,reprt,L-246-2015", "_enc_cell": "US4TB3P0" }, "geometry": { "type": "Point", "coordinates": [ 134.539947500000011, 7.2912278 ] } },
{ "type": "Feature", "properties": { "RCID": 8426, "PRIM": 1, "GRUP": 2, "OBJL": 121, "RVER": 1, "AGEN": 550, "FIDN": 592394831, "FIDS": 9, "LNAM": "0226234F3A4F0009", "LNAM_REFS": null, "FFPT_RIND": null, "COLOUR": null, "NATQUA": null, "NATSUR": [ "9" ], "WATLEV": null, "OBJNAM": null, "NOBJNM": null, "INFORM": null, "NINFOM": null, "NTXTDS": null, "SCAMAX": null, "SCAMIN": 29999, "TXTDSC": null, "RECDAT": null, "RECIND": null, "SORDAT": "20150206", "SORIND": "US,US,reprt,L-246-2015", "_enc_cell": "US4TB3P0" }, "geometry": { "type": "Point", "coordinates": [ 134.5421906, 7.2921252 ] } },
{ "type": "Feature", "properties": { "RCID": 8428, "PRIM": 1, "GRUP": 2, "OBJL": 121, "RVER": 1, "AGEN": 550, "FIDN": 817685911, "FIDS": 9, "LNAM": "022630BCE5970009", "LNAM_REFS": null, "FFPT_RIND": null, "COLOUR": null, "NATQUA": null, "NATSUR": [ "14" ], "WATLEV": null, "OBJNAM": null, "NOBJNM": null, "INFORM": null, "NINFOM": null, "NTXTDS": null, "SCAMAX": null, "SCAMIN": 29999, "TXTDSC": null, "RECDAT": null, "RECIND": null, "SORDAT": "20150206", "SORIND": "US,US,reprt,L-246-2015", "_enc_cell": "US4TB3P0" }, "geometry": { "type": "Point", "coordinates": [ 134.5481567, 7.2912169 ] } },
{ "type": "Feature", "properties": { "RCID": 8429, "PRIM": 1, "GRUP": 2, "OBJL": 121, "RVER": 1, "AGEN": 550, "FIDN": 637870606, "FIDS": 9, "LNAM": "02262605220E0009", "LNAM_REFS": null, "FFPT_RIND": null, "COLOUR": null, "NATQUA": null, "NATSUR": [ "14" ], "WATLEV": null, "OBJNAM": null, "NOBJNM": null, "INFORM": null, "NINFOM": null, "NTXTDS": null, "SCAMAX": null, "SCAMIN": 29999, "TXTDSC": null, "RECDAT": null, "RECIND": null, "SORDAT": "20150206", "SORIND": "US,US,reprt,L-246-2015", "_enc_cell": "US4TB3P0" }, "geometry": { "type": "Point", "coordinates": [ 134.5567169, 7.3056526 ] } },
{ "type": "Feature", "properties": { "RCID": 8430, "PRIM": 1, "GRUP": 2, "OBJL": 121, "RVER": 1, "AGEN": 550, "FIDN": 449419542, "FIDS": 9, "LNAM": "02261AC999160009", "LNAM_REFS": null, "FFPT_RIND": null, "COLOUR": null, "NATQUA": null, "NATSUR": [ "14" ], "WATLEV": null, "OBJNAM": null, "NOBJNM": null, "INFORM": null, "NINFOM": null, "NTXTDS": null, "SCAMAX": null, "SCAMIN": 29999, "TXTDSC": null, "RECDAT": null, "RECIND": null, "SORDAT": "20150206", "SORIND": "US,US,reprt,L-246-2015", "_enc_cell": "US4TB3P0" }, "geometry": { "type": "Point", "coordinates": [ 134.560394300000013, 7.3101721 ] } },
{ "type": "Feature", "properties": { "RCID": 8431, "PRIM": 1, "GRUP": 2, "OBJL": 121, "RVER": 1, "AGEN": 550, "FIDN": 683212094, "FIDS": 9, "LNAM": "022628B8FD3E0009", "LNAM_REFS": null, "FFPT_RIND": null, "COLOUR": null, "NATQUA": null, "NATSUR": [ "9" ], "WATLEV": null, "OBJNAM": null, "NOBJNM": null, "INFORM": null, "NINFOM": null, "NTXTDS": null, "SCAMAX": null, "SCAMIN": 29999, "TXTDSC": null, "RECDAT": null, "RECIND": null, "SORDAT": "20150206", "SORIND": "US,US,reprt,L-246-2015", "_enc_cell": "US4TB3P0" }, "geometry": { "type": "Point", "coordinates": [ 134.5657501, 7.3320613 ] } },
{ "type": "Feature", "properties": { "RCID": 8432, "PRIM": 1, "GRUP": 2, "OBJL": 121, "RVER": 1, "AGEN": 550, "FIDN": 413822689, "FIDS": 9, "LNAM": "022618AA6EE10009", "LNAM_REFS": null, "FFPT_RIND": null, "COLOUR": null, "NATQUA": null, "NATSUR": [ "14" ], "WATLEV": null, "OBJNAM": null, "NOBJNM": null, "INFORM": null, "NINFOM": null, "NTXTDS": null, "SCAMAX": null, "SCAMIN": 29999, "TXTDSC": null, "RECDAT": null, "RECIND": null, "SORDAT": "20150206", "SORIND": "US,US,reprt,L-246-2015", "_enc_cell": "US4TB3P0" }, "geometry": { "type": "Point", "coordinates": [ 134.5658417, 7.3133249 ] } },
{ "type": "Feature", "properties": { "RCID": 8433, "PRIM": 1, "GRUP": 2, "OBJL": 121, "RVER": 1, "AGEN": 550, "FIDN": 263878462, "FIDS": 9, "LNAM": "02260FBA773E0009", "LNAM_REFS": null, "FFPT_RIND": null, "COLOUR": null, "NATQUA": null, "NATSUR": [ "9" ], "WATLEV": null, "OBJNAM": null, "NOBJNM": null, "INFORM": null, "NINFOM": null, "NTXTDS": null, "SCAMAX": null, "SCAMIN": 29999, "TXTDSC": null, "RECDAT": null, "RECIND": null, "SORDAT": "20150206", "SORIND": "US,US,reprt,L-246-2015", "_enc_cell": "US4TB3P0" }, "geometry": { "type": "Point", "coordinates": [ 134.5668182, 7.3308306 ] } },
{ "type": "Feature", "properties": { "RCID": 8434, "PRIM": 1, "GRUP": 2, "OBJL": 121, "RVER": 1, "AGEN": 550, "FIDN": 530911437, "FIDS": 9, "LNAM": "02261FA510CD0009", "LNAM_REFS": null, "FFPT_RIND": null, "COLOUR": null, "NATQUA": [ "3" ], "NATSUR": [ "4" ], "WATLEV": null, "OBJNAM": null, "NOBJNM": null, "INFORM": null, "NINFOM": null, "NTXTDS": null, "SCAMAX": null, "SCAMIN": 29999, "TXTDSC": null, "RECDAT": null, "RECIND": null, "SORDAT": "20150206", "SORIND": "US,US,reprt,L-246-2015", "_enc_cell": "US4TB3P0" }, "geometry": { "type": "Point", "coordinates": [ 134.5685425, 7.3328252 ] } },
{ "type": "Feature", "properties": { "RCID": 8435, "PRIM": 1, "GRUP": 2, "OBJL": 121, "RVER": 1, "AGEN": 550, "FIDN": 333153611, "FIDS": 9, "LNAM": "022613DB854B0009", "LNAM_REFS": null, "FFPT_RIND": null, "COLOUR": null, "NATQUA": null, "NATSUR": [ "14" ], "WATLEV": null, "OBJNAM": null, "NOBJNM": null, "INFORM": null, "NINFOM": null, "NTXTDS": null, "SCAMAX": null, "SCAMIN": 29999, "TXTDSC": null, "RECDAT": null, "RECIND": null, "SORDAT": "20150206", "SORIND": "US,US,reprt,L-246-2015", "_enc_cell": "US4TB3P0" }, "geometry": { "type": "Point", "coordinates": [ 134.5688934, 7.3406138 ] } },
{ "type": "Feature", "properties": { "RCID": 8436, "PRIM": 1, "GRUP": 2, "OBJL": 121, "RVER": 1, "AGEN": 550, "FIDN": 211706921, "FIDS": 9, "LNAM": "02260C9E64290009", "LNAM_REFS": null, "FFPT_RIND": null, "COLOUR": null, "NATQUA": null, "NATSUR": [ "1" ], "WATLEV": null, "OBJNAM": null, "NOBJNM": null, "INFORM": null, "NINFOM": null, "NTXTDS": null, "SCAMAX": null, "SCAMIN": 29999, "TXTDSC": null, "RECDAT": null, "RECIND": null, "SORDAT": "20150206", "SORIND": "US,US,reprt,L-246-2015", "_enc_cell": "US4TB3P0" }, "geometry": { "type": "Point", "coordinates": [ 134.572418199999987, 7.3527083 ] } },
{ "type": "Feature", "properties": { "RCID": 8437, "PRIM": 1, "GRUP": 2, "OBJL": 121, "RVER": 1, "AGEN": 550, "FIDN": 921725338, "FIDS": 9, "LNAM": "022636F0699A0009", "LNAM_REFS": null, "FFPT_RIND": null, "COLOUR": null, "NATQUA": null, "NATSUR": [ "1" ], "WATLEV": null, "OBJNAM": null, "NOBJNM": null, "INFORM": null, "NINFOM": null, "NTXTDS": null, "SCAMAX": null, "SCAMIN": 29999, "TXTDSC": null, "RECDAT": null, "RECIND": null, "SORDAT": "20150206", "SORIND": "US,US,reprt,L-246-2015", "_enc_cell": "US4TB3P0" }, "geometry": { "type": "Point", "coordinates": [ 134.5727081, 7.3477249 ] } },
{ "type": "Feature", "properties": { "RCID": 8438, "PRIM": 1, "GRUP": 2, "OBJL": 121, "RVER": 1, "AGEN": 550, "FIDN": 748400092, "FIDS": 9, "LNAM": "02262C9BADDC0009", "LNAM_REFS": null, "FFPT_RIND": null, "COLOUR": null, "NATQUA": null, "NATSUR": [ "14" ], "WATLEV": null, "OBJNAM": null, "NOBJNM": null, "INFORM": null, "NINFOM": null, "NTXTDS": null, "SCAMAX": null, "SCAMIN": 29999, "TXTDSC": null, "RECDAT": null, "RECIND": null, "SORDAT": "20150206", "SORIND": "US,US,reprt,L-246-2015", "_enc_cell": "US4TB3P0" }, "geometry": { "type": "Point", "coordinates": [ 134.5729675, 7.3248196 ] } },
{ "type": "Feature", "properties": { "RCID": 8439, "PRIM": 1, "GRUP": 2, "OBJL": 121, "RVER": 1, "AGEN": 550, "FIDN": 840559880, "FIDS": 9, "LNAM": "02263219ED080009", "LNAM_REFS": null, "FFPT_RIND": null, "COLOUR": null, "NATQUA": null, "NATSUR": [ "4" ], "WATLEV": null, "OBJNAM": null, "NOBJNM": null, "INFORM": null, "NINFOM": null, "NTXTDS": null, "SCAMAX": null, "SCAMIN": 29999, "TXTDSC": null, "RECDAT": null, "RECIND": null, "SORDAT": "20150206", "SORIND": "US,US,reprt,L-246-2015", "_enc_cell": "US4TB3P0" }, "geometry": { "type": "Point", "coordinates": [ 134.5816193, 7.3473001 ] } },
{ "type": "Feature", "properties": { "RCID": 8440, "PRIM": 1, "GRUP": 2, "OBJL": 121, "RVER": 1, "AGEN": 550, "FIDN": 535217013, "FIDS": 9, "LNAM": "02261FE6C3750009", "LNAM_REFS": null, "FFPT_RIND": null, "COLOUR": null, "NATQUA": null, "NATSUR": [ "14" ], "WATLEV": null, "OBJNAM": null, "NOBJNM": null, "INFORM": null, "NINFOM": null, "NTXTDS": null, "SCAMAX": null, "SCAMIN": 29999, "TXTDSC": null, "RECDAT": null, "RECIND": null, "SORDAT": "20150206", "SORIND": "US,US,reprt,L-246-2015", "_enc_cell": "US4TB3P0" }, "geometry": { "type": "Point", "coordinates": [ 134.582489, 7.321722 ] } },
{ "type": "Feature", "properties": { "RCID": 8441, "PRIM": 1, "GRUP": 2, "OBJL": 121, "RVER": 1, "AGEN": 550, "FIDN": 875121717, "FIDS": 9, "LNAM": "022634294C350009", "LNAM_REFS": null, "FFPT_RIND": null, "COLOUR": null, "NATQUA": null, "NATSUR": [ "9" ], "WATLEV": null, "OBJNAM": null, "NOBJNM": null, "INFORM": null, "NINFOM": null, "NTXTDS": null, "SCAMAX": null, "SCAMIN": 29999, "TXTDSC": null, "RECDAT": null, "RECIND": null, "SORDAT": "20150206", "SORIND": "US,US,reprt,L-246-2015", "_enc_cell": "US4TB3P0" }, "geometry": { "type": "Point", "coordinates": [ 134.5844879, 7.3309946 ] } },
{ "type": "Feature", "properties": { "RCID": 8442, "PRIM": 1, "GRUP": 2, "OBJL": 121, "RVER": 1, "AGEN": 550, "FIDN": 951957645, "FIDS": 9, "LNAM": "022638BDB88D0009", "LNAM_REFS": null, "FFPT_RIND": null, "COLOUR": null, "NATQUA": [ "3" ], "NATSUR": [ "4" ], "WATLEV": null, "OBJNAM": null, "NOBJNM": null, "INFORM": null, "NINFOM": null, "NTXTDS": null, "SCAMAX": null, "SCAMIN": 29999, "TXTDSC": null, "RECDAT": null, "RECIND": null, "SORDAT": "20150206", "SORIND": "US,US,reprt,L-246-2015", "_enc_cell": "US4TB3P0" }, "geometry": { "type": "Point", "coordinates": [ 134.5896606, 7.3441834 ] } },
{ "type": "Feature", "properties": { "RCID": 8443, "PRIM": 1, "GRUP": 2, "OBJL": 121, "RVER": 1, "AGEN": 550, "FIDN": 867503737, "FIDS": 9, "LNAM": "022633B50E790009", "LNAM_REFS": null, "FFPT_RIND": null, "COLOUR": null, "NATQUA": null, "NATSUR": [ "14" ], "WATLEV": null, "OBJNAM": null, "NOBJNM": null, "INFORM": null, "NINFOM": null, "NTXTDS": null, "SCAMAX": null, "SCAMIN": 29999, "TXTDSC": null, "RECDAT": null, "RECIND": null, "SORDAT": "20150206", "SORIND": "US,US,reprt,L-246-2015", "_enc_cell": "US4TB3P0" }, "geometry": { "type": "Point", "coordinates": [ 134.5913696, 7.335711 ] } },
{ "type": "Feature", "properties": { "RCID": 8444, "PRIM": 1, "GRUP": 2, "OBJL": 121, "RVER": 1, "AGEN": 550, "FIDN": 185889356, "FIDS": 9, "LNAM": "02260B14724C0009", "LNAM_REFS": null, "FFPT_RIND": null, "COLOUR": null, "NATQUA": null, "NATSUR": [ "9" ], "WATLEV": null, "OBJNAM": null, "NOBJNM": null, "INFORM": null, "NINFOM": null, "NTXTDS": null, "SCAMAX": null, "SCAMIN": 29999, "TXTDSC": null, "RECDAT": null, "RECIND": null, "SORDAT": "20150206", "SORIND": "US,US,reprt,L-246-2015", "_enc_cell": "US4TB3P0" }, "geometry": { "type": "Point", "coordinates": [ 134.6003723, 7.3413248 ] } },
{ "type": "Feature", "properties": { "RCID": 8445, "PRIM": 1, "GRUP": 2, "OBJL": 121, "RVER": 1, "AGEN": 550, "FIDN": 515488684, "FIDS": 9, "LNAM": "02261EB9BBAC0009", "LNAM_REFS": null, "FFPT_RIND": null, "COLOUR": null, "NATQUA": null, "NATSUR": [ "14" ], "WATLEV": null, "OBJNAM": null, "NOBJNM": null, "INFORM": null, "NINFOM": null, "NTXTDS": null, "SCAMAX": null, "SCAMIN": 29999, "TXTDSC": null, "RECDAT": null, "RECIND": null, "SORDAT": "20150206", "SORIND": "US,US,reprt,L-246-2015", "_enc_cell": "US4TB3P0" }, "geometry": { "type": "Point", "coordinates": [ 134.605072, 7.3405361 ] } },
{ "type": "Feature", "properties": { "RCID": 8446, "PRIM": 1, "GRUP": 2, "OBJL": 121, "RVER": 1, "AGEN": 550, "FIDN": 714059272, "FIDS": 9, "LNAM": "02262A8FAE080009", "LNAM_REFS": null, "FFPT_RIND": null, "COLOUR": null, "NATQUA": null, "NATSUR": [ "4" ], "WATLEV": null, "OBJNAM": null, "NOBJNM": null, "INFORM": null, "NINFOM": null, "NTXTDS": null, "SCAMAX": null, "SCAMIN": 29999, "TXTDSC": null, "RECDAT": null, "RECIND": null, "SORDAT": "20150206", "SORIND": "US,US,reprt,L-246-2015", "_enc_cell": "US4TB3P0" }, "geometry": { "type": "Point", "coordinates": [ 134.6078796, 7.3752971 ] } },
{ "type": "Feature", "properties": { "RCID": 8447, "PRIM": 1, "GRUP": 2, "OBJL": 121, "RVER": 1, "AGEN": 550, "FIDN": 793918520, "FIDS": 9, "LNAM": "02262F523C380009", "LNAM_REFS": null, "FFPT_RIND": null, "COLOUR": null, "NATQUA": null, "NATSUR": [ "14" ], "WATLEV": null, "OBJNAM": null, "NOBJNM": null, "INFORM": null, "NINFOM": null, "NTXTDS": null, "SCAMAX": null, "SCAMIN": 29999, "TXTDSC": null, "RECDAT": null, "RECIND": null, "SORDAT": "20150206", "SORIND": "US,US,reprt,L-246-2015", "_enc_cell": "US4TB3P0" }, "geometry": { "type": "Point", "coordinates": [ 134.608245899999986, 7.3731499 ] } },
{ "type": "Feature", "properties": { "RCID": 8448, "PRIM": 1, "GRUP": 2, "OBJL": 121, "RVER": 1, "AGEN": 550, "FIDN": 676107316, "FIDS": 9, "LNAM": "0226284C94340009", "LNAM_REFS": null, "FFPT_RIND": null, "COLOUR": null, "NATQUA": null, "NATSUR": [ "14" ], "WATLEV": null, "OBJNAM": null, "NOBJNM": null, "INFORM": null, "NINFOM": null, "NTXTDS": null, "SCAMAX": null, "SCAMIN": 29999, "TXTDSC": null, "RECDAT": null, "RECIND": null, "SORDAT": "20150206", "SORIND": "US,US,reprt,L-246-2015", "_enc_cell": "US4TB3P0" }, "geometry": { "type": "Point", "coordinates": [ 134.609680200000014, 7.349997 ] } },
{ "type": "Feature", "properties": { "RCID": 8449, "PRIM": 1, "GRUP": 2, "OBJL": 121, "RVER": 1, "AGEN": 550, "FIDN": 966885844, "FIDS": 9, "LNAM": "022639A181D40009", "LNAM_REFS": null, "FFPT_RIND": null, "COLOUR": null, "NATQUA": null, "NATSUR": [ "14" ], "WATLEV": null, "OBJNAM": null, "NOBJNM": null, "INFORM": null, "NINFOM": null, "NTXTDS": null, "SCAMAX": null, "SCAMIN": 29999, "TXTDSC": null, "RECDAT": null, "RECIND": null, "SORDAT": "20150206", "SORIND": "US,US,reprt,L-246-2015", "_enc_cell": "US4TB3P0" }, "geometry": { "type": "Point", "coordinates": [ 134.610641500000014, 7.3706331 ] } },
{ "type": "Feature", "properties": { "RCID": 8450, "PRIM": 1, "GRUP": 2, "OBJL": 121, "RVER": 1, "AGEN": 550, "FIDN": 959803214, "FIDS": 9, "LNAM": "022639356F4E0009", "LNAM_REFS": null, "FFPT_RIND": null, "COLOUR": null, "NATQUA": null, "NATSUR": [ "14" ], "WATLEV": null, "OBJNAM": null, "NOBJNM": null, "INFORM": null, "NINFOM": null, "NTXTDS": null, "SCAMAX": null, "SCAMIN": 29999, "TXTDSC": null, "RECDAT": null, "RECIND": null, "SORDAT": "20150206", "SORIND": "US,US,reprt,L-246-2015", "_enc_cell": "US4TB3P0" }, "geometry": { "type": "Point", "coordinates": [ 134.611145, 7.3683195 ] } },
{ "type": "Feature", "properties": { "RCID": 8581, "PRIM": 1, "GRUP": 2, "OBJL": 121, "RVER": 1, "AGEN": 550, "FIDN": 734763456, "FIDS": 9, "LNAM": "02262BCB99C00009", "LNAM_REFS": null, "FFPT_RIND": null, "COLOUR": null, "NATQUA": null, "NATSUR": [ "9" ], "WATLEV": null, "OBJNAM": null, "NOBJNM": null, "INFORM": null, "NINFOM": null, "NTXTDS": null, "SCAMAX": null, "SCAMIN": 29999, "TXTDSC": null, "RECDAT": null, "RECIND": null, "SORDAT": "20150206", "SORIND": "US,US,reprt,L-246-2015", "_enc_cell": "US4TB3P0" }, "geometry": { "type": "Point", "coordinates": [ 134.490799, 7.2773776 ] } },
{ "type": "Feature", "properties": { "RCID": 8582, "PRIM": 1, "GRUP": 2, "OBJL": 121, "RVER": 1, "AGEN": 550, "FIDN": 966291583, "FIDS": 9, "LNAM": "02263998707F0009", "LNAM_REFS": null, "FFPT_RIND": null, "COLOUR": null, "NATQUA": null, "NATSUR": [ "9" ], "WATLEV": null, "OBJNAM": null, "NOBJNM": null, "INFORM": null, "NINFOM": null, "NTXTDS": null, "SCAMAX": null, "SCAMIN": 29999, "TXTDSC": null, "RECDAT": null, "RECIND": null, "SORDAT": "20150206", "SORIND": "US,US,reprt,L-246-2015", "_enc_cell": "US4TB3P0" }, "geometry": { "type": "Point", "coordinates": [ 134.494033800000011, 7.2773776 ] } },
{ "type": "Feature", "properties": { "RCID": 8588, "PRIM": 1, "GRUP": 2, "OBJL": 121, "RVER": 1, "AGEN": 550, "FIDN": 995340486, "FIDS": 9, "LNAM": "02263B53B0C60009", "LNAM_REFS": null, "FFPT_RIND": null, "COLOUR": null, "NATQUA": null, "NATSUR": [ "9" ], "WATLEV": null, "OBJNAM": null, "NOBJNM": null, "INFORM": null, "NINFOM": null, "NTXTDS": null, "SCAMAX": null, "SCAMIN": 29999, "TXTDSC": null, "RECDAT": null, "RECIND": null, "SORDAT": "20150206", "SORIND": "US,US,reprt,L-246-2015", "_enc_cell": "US4TB3P0" }, "geometry": { "type": "Point", "coordinates": [ 134.50485230000001, 7.2981916 ] } },
{ "type": "Feature", "properties": { "RCID": 8590, "PRIM": 1, "GRUP": 2, "OBJL": 121, "RVER": 1, "AGEN": 550, "FIDN": 971174991, "FIDS": 9, "LNAM": "022639E2F44F0009", "LNAM_REFS": null, "FFPT_RIND": null, "COLOUR": null, "NATQUA": null, "NATSUR": [ "14" ], "WATLEV": null, "OBJNAM": null, "NOBJNM": null, "INFORM": null, "NINFOM": null, "NTXTDS": null, "SCAMAX": null, "SCAMIN": 29999, "TXTDSC": null, "RECDAT": null, "RECIND": null, "SORDAT": "20150206", "SORIND": "US,US,reprt,L-246-2015", "_enc_cell": "US4TB3P0" }, "geometry": { "type": "Point", "coordinates": [ 134.505661, 7.2937307 ] } },
{ "type": "Feature", "properties": { "RCID": 8592, "PRIM": 1, "GRUP": 2, "OBJL": 121, "RVER": 1, "AGEN": 550, "FIDN": 664221273, "FIDS": 9, "LNAM": "0226279736590009", "LNAM_REFS": null, "FFPT_RIND": null, "COLOUR": null, "NATQUA": null, "NATSUR": [ "9" ], "WATLEV": null, "OBJNAM": null, "NOBJNM": null, "INFORM": null, "NINFOM": null, "NTXTDS": null, "SCAMAX": null, "SCAMIN": 29999, "TXTDSC": null, "RECDAT": null, "RECIND": null, "SORDAT": "20150206", "SORIND": "US,US,reprt,L-246-2015", "_enc_cell": "US4TB3P0" }, "geometry": { "type": "Point", "coordinates": [ 134.510391199999987, 7.2986417 ] } },
{ "type": "Feature", "properties": { "RCID": 8593, "PRIM": 1, "GRUP": 2, "OBJL": 121, "RVER": 1, "AGEN": 550, "FIDN": 313463540, "FIDS": 9, "LNAM": "022612AF12F40009", "LNAM_REFS": null, "FFPT_RIND": null, "COLOUR": null, "NATQUA": null, "NATSUR": [ "4" ], "WATLEV": null, "OBJNAM": null, "NOBJNM": null, "INFORM": null, "NINFOM": null, "NTXTDS": null, "SCAMAX": null, "SCAMIN": 29999, "TXTDSC": null, "RECDAT": null, "RECIND": null, "SORDAT": "20150206", "SORIND": "US,US,reprt,L-246-2015", "_enc_cell": "US4TB3P0" }, "geometry": { "type": "Point", "coordinates": [ 134.5201874, 7.3034167 ] } },
{ "type": "Feature", "properties": { "RCID": 8595, "PRIM": 1, "GRUP": 2, "OBJL": 121, "RVER": 1, "AGEN": 550, "FIDN": 290270139, "FIDS": 9, "LNAM": "0226114D2BBB0009", "LNAM_REFS": null, "FFPT_RIND": null, "COLOUR": null, "NATQUA": [ "1" ], "NATSUR": [ "4" ], "WATLEV": null, "OBJNAM": null, "NOBJNM": null, "INFORM": null, "NINFOM": null, "NTXTDS": null, "SCAMAX": null, "SCAMIN": 29999, "TXTDSC": null, "RECDAT": null, "RECIND": null, "SORDAT": "20150206", "SORIND": "US,US,reprt,L-246-2015", "_enc_cell": "US4TB3P0" }, "geometry": { "type": "Point", "coordinates": [ 134.5224457, 7.2809696 ] } },
{ "type": "Feature", "properties": { "RCID": 8596, "PRIM": 1, "GRUP": 2, "OBJL": 121, "RVER": 1, "AGEN": 550, "FIDN": 31252749, "FIDS": 9, "LNAM": "022601DCE10D0009", "LNAM_REFS": null, "FFPT_RIND": null, "COLOUR": null, "NATQUA": null, "NATSUR": [ "14" ], "WATLEV": null, "OBJNAM": null, "NOBJNM": null, "INFORM": null, "NINFOM": null, "NTXTDS": null, "SCAMAX": null, "SCAMIN": 29999, "TXTDSC": null, "RECDAT": null, "RECIND": null, "SORDAT": "20150206", "SORIND": "US,US,reprt,L-246-2015", "_enc_cell": "US4TB3P0" }, "geometry": { "type": "Point", "coordinates": [ 134.5227509, 7.3073387 ] } },
{ "type": "Feature", "properties": { "RCID": 8599, "PRIM": 1, "GRUP": 2, "OBJL": 121, "RVER": 1, "AGEN": 550, "FIDN": 885382824, "FIDS": 9, "LNAM": "022634C5DEA80009", "LNAM_REFS": null, "FFPT_RIND": null, "COLOUR": null, "NATQUA": null, "NATSUR": [ "14" ], "WATLEV": null, "OBJNAM": null, "NOBJNM": null, "INFORM": null, "NINFOM": null, "NTXTDS": null, "SCAMAX": null, "SCAMIN": 29999, "TXTDSC": null, "RECDAT": null, "RECIND": null, "SORDAT": "20150206", "SORIND": "US,US,reprt,L-246-2015", "_enc_cell": "US4TB3P0" }, "geometry": { "type": "Point", "coordinates": [ 134.5308075, 7.3375888 ] } },
{ "type": "Feature", "properties": { "RCID": 8600, "PRIM": 1, "GRUP": 2, "OBJL": 121, "RVER": 1, "AGEN": 550, "FIDN": 621311054, "FIDS": 9, "LNAM": "02262508744E0009", "LNAM_REFS": null, "FFPT_RIND": null, "COLOUR": null, "NATQUA": null, "NATSUR": [ "14" ], "WATLEV": null, "OBJNAM": null, "NOBJNM": null, "INFORM": null, "NINFOM": null, "NTXTDS": null, "SCAMAX": null, "SCAMIN": 29999, "TXTDSC": null, "RECDAT": null, "RECIND": null, "SORDAT": "20150206", "SORIND": "US,US,reprt,L-246-2015", "_enc_cell": "US4TB3P0" }, "geometry": { "type": "Point", "coordinates": [ 134.534820599999989, 7.2733445 ] } },
{ "type": "Feature", "properties": { "RCID": 8601, "PRIM": 1, "GRUP": 2, "OBJL": 121, "RVER": 1, "AGEN": 550, "FIDN": 558574643, "FIDS": 9, "LNAM": "0226214B2C330009", "LNAM_REFS": null, "FFPT_RIND": null, "COLOUR": null, "NATQUA": null, "NATSUR": [ "14" ], "WATLEV": null, "OBJNAM": null, "NOBJNM": null, "INFORM": null, "NINFOM": null, "NTXTDS": null, "SCAMAX": null, "SCAMIN": 29999, "TXTDSC": null, "RECDAT": null, "RECIND": null, "SORDAT": "20150206", "SORIND": "US,US,reprt,L-246-2015", "_enc_cell": "US4TB3P0" }, "geometry": { "type": "Point", "coordinates": [ 134.5368805, 7.3144832 ] } },
{ "type": "Feature", "properties": { "RCID": 8602, "PRIM": 1, "GRUP": 2, "OBJL": 121, "RVER": 1, "AGEN": 550, "FIDN": 894790108, "FIDS": 9, "LNAM": "0226355569DC0009", "LNAM_REFS": null, "FFPT_RIND": null, "COLOUR": null, "NATQUA": [ "3" ], "NATSUR": [ "4" ], "WATLEV": null, "OBJNAM": null, "NOBJNM": null, "INFORM": null, "NINFOM": null, "NTXTDS": null, "SCAMAX": null, "SCAMIN": 29999, "TXTDSC": null, "RECDAT": null, "RECIND": null, "SORDAT": "20150206", "SORIND": "US,US,reprt,L-246-2015", "_enc_cell": "US4TB3P0" }, "geometry": { "type": "Point", "coordinates": [ 134.5412293, 7.2925887 ] } },
{ "type": "Feature", "properties": { "RCID": 8603, "PRIM": 1, "GRUP": 2, "OBJL": 121, "RVER": 1, "AGEN": 550, "FIDN": 607975803, "FIDS": 9, "LNAM": "0226243CF97B0009", "LNAM_REFS": null, "FFPT_RIND": null, "COLOUR": null, "NATQUA": null, "NATSUR": [ "14" ], "WATLEV": null, "OBJNAM": null, "NOBJNM": null, "INFORM": null, "NINFOM": null, "NTXTDS": null, "SCAMAX": null, "SCAMIN": 29999, "TXTDSC": null, "RECDAT": null, "RECIND": null, "SORDAT": "20150206", "SORIND": "US,US,reprt,L-246-2015", "_enc_cell": "US4TB3P0" }, "geometry": { "type": "Point", "coordinates": [ 134.5428162, 7.2853861 ] } },
{ "type": "Feature", "properties": { "RCID": 8604, "PRIM": 1, "GRUP": 2, "OBJL": 121, "RVER": 1, "AGEN": 550, "FIDN": 855681224, "FIDS": 9, "LNAM": "02263300A8C80009", "LNAM_REFS": null, "FFPT_RIND": null, "COLOUR": null, "NATQUA": [ "1" ], "NATSUR": [ "4" ], "WATLEV": null, "OBJNAM": null, "NOBJNM": null, "INFORM": null, "NINFOM": null, "NTXTDS": null, "SCAMAX": null, "SCAMIN": 29999, "TXTDSC": null, "RECDAT": null, "RECIND": null, "SORDAT": "20150206", "SORIND": "US,US,reprt,L-246-2015", "_enc_cell": "US4TB3P0" }, "geometry": { "type": "Point", "coordinates": [ 134.5434876, 7.3093557 ] } },
{ "type": "Feature", "properties": { "RCID": 8605, "PRIM": 1, "GRUP": 2, "OBJL": 121, "RVER": 1, "AGEN": 550, "FIDN": 690320875, "FIDS": 9, "LNAM": "0226292575EB0009", "LNAM_REFS": null, "FFPT_RIND": null, "COLOUR": null, "NATQUA": null, "NATSUR": [ "1" ], "WATLEV": null, "OBJNAM": null, "NOBJNM": null, "INFORM": null, "NINFOM": null, "NTXTDS": null, "SCAMAX": null, "SCAMIN": 29999, "TXTDSC": null, "RECDAT": null, "RECIND": null, "SORDAT": "20150206", "SORIND": "US,US,reprt,L-246-2015", "_enc_cell": "US4TB3P0" }, "geometry": { "type": "Point", "coordinates": [ 134.5455475, 7.2875361 ] } },
{ "type": "Feature", "properties": { "RCID": 8606, "PRIM": 1, "GRUP": 2, "OBJL": 121, "RVER": 1, "AGEN": 550, "FIDN": 426726969, "FIDS": 9, "LNAM": "0226196F56390009", "LNAM_REFS": null, "FFPT_RIND": null, "COLOUR": null, "NATQUA": null, "NATSUR": [ "9" ], "WATLEV": null, "OBJNAM": null, "NOBJNM": null, "INFORM": null, "NINFOM": null, "NTXTDS": null, "SCAMAX": null, "SCAMIN": 29999, "TXTDSC": null, "RECDAT": null, "RECIND": null, "SORDAT": "20150206", "SORIND": "US,US,reprt,L-246-2015", "_enc_cell": "US4TB3P0" }, "geometry": { "type": "Point", "coordinates": [ 134.549194300000011, 7.2956557 ] } },
{ "type": "Feature", "properties": { "RCID": 8607, "PRIM": 1, "GRUP": 2, "OBJL": 121, "RVER": 1, "AGEN": 550, "FIDN": 600829761, "FIDS": 9, "LNAM": "022623CFEF410009", "LNAM_REFS": null, "FFPT_RIND": null, "COLOUR": null, "NATQUA": null, "NATSUR": [ "9" ], "WATLEV": null, "OBJNAM": null, "NOBJNM": null, "INFORM": null, "NINFOM": null, "NTXTDS": null, "SCAMAX": null, "SCAMIN": 29999, "TXTDSC": null, "RECDAT": null, "RECIND": null, "SORDAT": "20150206", "SORIND": "US,US,reprt,L-246-2015", "_enc_cell": "US4TB3P0" }, "geometry": { "type": "Point", "coordinates": [ 134.5494995, 7.2999668 ] } },
{ "type": "Feature", "properties": { "RCID": 8608, "PRIM": 1, "GRUP": 2, "OBJL": 121, "RVER": 1, "AGEN": 550, "FIDN": 573863743, "FIDS": 9, "LNAM": "02262234773F0009", "LNAM_REFS": null, "FFPT_RIND": null, "COLOUR": null, "NATQUA": null, "NATSUR": [ "14" ], "WATLEV": null, "OBJNAM": null, "NOBJNM": null, "INFORM": null, "NINFOM": null, "NTXTDS": null, "SCAMAX": null, "SCAMIN": 29999, "TXTDSC": null, "RECDAT": null, "RECIND": null, "SORDAT": "20150206", "SORIND": "US,US,reprt,L-246-2015", "_enc_cell": "US4TB3P0" }, "geometry": { "type": "Point", "coordinates": [ 134.5495148, 7.2735224 ] } },
{ "type": "Feature", "properties": { "RCID": 8609, "PRIM": 1, "GRUP": 2, "OBJL": 121, "RVER": 1, "AGEN": 550, "FIDN": 484409485, "FIDS": 9, "LNAM": "02261CDF808D0009", "LNAM_REFS": null, "FFPT_RIND": null, "COLOUR": null, "NATQUA": [ "1" ], "NATSUR": [ "4" ], "WATLEV": null, "OBJNAM": null, "NOBJNM": null, "INFORM": null, "NINFOM": null, "NTXTDS": null, "SCAMAX": null, "SCAMIN": 29999, "TXTDSC": null, "RECDAT": null, "RECIND": null, "SORDAT": "20150206", "SORIND": "US,US,reprt,L-246-2015", "_enc_cell": "US4TB3P0" }, "geometry": { "type": "Point", "coordinates": [ 134.556076100000013, 7.2862277 ] } },
{ "type": "Feature", "properties": { "RCID": 8610, "PRIM": 1, "GRUP": 2, "OBJL": 121, "RVER": 1, "AGEN": 550, "FIDN": 671976256, "FIDS": 9, "LNAM": "0226280D8B400009", "LNAM_REFS": null, "FFPT_RIND": null, "COLOUR": null, "NATQUA": null, "NATSUR": [ "4" ], "WATLEV": null, "OBJNAM": null, "NOBJNM": null, "INFORM": null, "NINFOM": null, "NTXTDS": null, "SCAMAX": null, "SCAMIN": 29999, "TXTDSC": null, "RECDAT": null, "RECIND": null, "SORDAT": "20150206", "SORIND": "US,US,reprt,L-246-2015", "_enc_cell": "US4TB3P0" }, "geometry": { "type": "Point", "coordinates": [ 134.5648651, 7.3349252 ] } },
{ "type": "Feature", "properties": { "RCID": 8611, "PRIM": 1, "GRUP": 2, "OBJL": 121, "RVER": 1, "AGEN": 550, "FIDN": 289018618, "FIDS": 9, "LNAM": "0226113A12FA0009", "LNAM_REFS": null, "FFPT_RIND": null, "COLOUR": null, "NATQUA": null, "NATSUR": [ "14" ], "WATLEV": null, "OBJNAM": null, "NOBJNM": null, "INFORM": null, "NINFOM": null, "NTXTDS": null, "SCAMAX": null, "SCAMIN": 29999, "TXTDSC": null, "RECDAT": null, "RECIND": null, "SORDAT": "20150206", "SORIND": "US,US,reprt,L-246-2015", "_enc_cell": "US4TB3P0" }, "geometry": { "type": "Point", "coordinates": [ 134.567977899999988, 7.3250556 ] } },
{ "type": "Feature", "properties": { "RCID": 8612, "PRIM": 1, "GRUP": 2, "OBJL": 121, "RVER": 1, "AGEN": 550, "FIDN": 178021786, "FIDS": 9, "LNAM": "02260A9C659A0009", "LNAM_REFS": null, "FFPT_RIND": null, "COLOUR": null, "NATQUA": null, "NATSUR": [ "14" ], "WATLEV": null, "OBJNAM": null, "NOBJNM": null, "INFORM": null, "NINFOM": null, "NTXTDS": null, "SCAMAX": null, "SCAMIN": 29999, "TXTDSC": null, "RECDAT": null, "RECIND": null, "SORDAT": "20150206", "SORIND": "US,US,reprt,L-246-2015", "_enc_cell": "US4TB3P0" }, "geometry": { "type": "Point", "coordinates": [ 134.570602400000013, 7.3422499 ] } },
{ "type": "Feature", "properties": { "RCID": 8613, "PRIM": 1, "GRUP": 2, "OBJL": 121, "RVER": 1, "AGEN": 550, "FIDN": 323076493, "FIDS": 9, "LNAM": "02261341C18D0009", "LNAM_REFS": null, "FFPT_RIND": null, "COLOUR": null, "NATQUA": null, "NATSUR": [ "14" ], "WATLEV": null, "OBJNAM": null, "NOBJNM": null, "INFORM": null, "NINFOM": null, "NTXTDS": null, "SCAMAX": null, "SCAMIN": 29999, "TXTDSC": null, "RECDAT": null, "RECIND": null, "SORDAT": "20150206", "SORIND": "US,US,reprt,L-246-2015", "_enc_cell": "US4TB3P0" }, "geometry": { "type": "Point", "coordinates": [ 134.5718536, 7.3436084 ] } },
{ "type": "Feature", "properties": { "RCID": 8614, "PRIM": 1, "GRUP": 2, "OBJL": 121, "RVER": 1, "AGEN": 550, "FIDN": 687851361, "FIDS": 9, "LNAM": "022628FFC7610009", "LNAM_REFS": null, "FFPT_RIND": null, "COLOUR": null, "NATQUA": null, "NATSUR": [ "9" ], "WATLEV": null, "OBJNAM": null, "NOBJNM": null, "INFORM": null, "NINFOM": null, "NTXTDS": null, "SCAMAX": null, "SCAMIN": 29999, "TXTDSC": null, "RECDAT": null, "RECIND": null, "SORDAT": "20150206", "SORIND": "US,US,reprt,L-246-2015", "_enc_cell": "US4TB3P0" }, "geometry": { "type": "Point", "coordinates": [ 134.57324220000001, 7.3278832 ] } },
{ "type": "Feature", "properties": { "RCID": 8615, "PRIM": 1, "GRUP": 2, "OBJL": 121, "RVER": 1, "AGEN": 550, "FIDN": 540495481, "FIDS": 9, "LNAM": "022620374E790009", "LNAM_REFS": null, "FFPT_RIND": null, "COLOUR": null, "NATQUA": null, "NATSUR": [ "14" ], "WATLEV": null, "OBJNAM": null, "NOBJNM": null, "INFORM": null, "NINFOM": null, "NTXTDS": null, "SCAMAX": null, "SCAMIN": 29999, "TXTDSC": null, "RECDAT": null, "RECIND": null, "SORDAT": "20150206", "SORIND": "US,US,reprt,L-246-2015", "_enc_cell": "US4TB3P0" }, "geometry": { "type": "Point", "coordinates": [ 134.5746002, 7.3337779 ] } },
{ "type": "Feature", "properties": { "RCID": 8616, "PRIM": 1, "GRUP": 2, "OBJL": 121, "RVER": 1, "AGEN": 550, "FIDN": 632647340, "FIDS": 9, "LNAM": "022625B56EAC0009", "LNAM_REFS": null, "FFPT_RIND": null, "COLOUR": null, "NATQUA": null, "NATSUR": [ "14" ], "WATLEV": null, "OBJNAM": null, "NOBJNM": null, "INFORM": null, "NINFOM": null, "NTXTDS": null, "SCAMAX": null, "SCAMIN": 29999, "TXTDSC": null, "RECDAT": null, "RECIND": null, "SORDAT": "20150206", "SORIND": "US,US,reprt,L-246-2015", "_enc_cell": "US4TB3P0" }, "geometry": { "type": "Point", "coordinates": [ 134.5777893, 7.3190498 ] } },
{ "type": "Feature", "properties": { "RCID": 8617, "PRIM": 1, "GRUP": 2, "OBJL": 121, "RVER": 1, "AGEN": 550, "FIDN": 186140578, "FIDS": 9, "LNAM": "02260B1847A20009", "LNAM_REFS": null, "FFPT_RIND": null, "COLOUR": null, "NATQUA": null, "NATSUR": [ "4" ], "WATLEV": null, "OBJNAM": null, "NOBJNM": null, "INFORM": null, "NINFOM": null, "NTXTDS": null, "SCAMAX": null, "SCAMIN": 29999, "TXTDSC": null, "RECDAT": null, "RECIND": null, "SORDAT": "20150206", "SORIND": "US,US,reprt,L-246-2015", "_enc_cell": "US4TB3P0" }, "geometry": { "type": "Point", "coordinates": [ 134.5825958, 7.3197331 ] } },
{ "type": "Feature", "properties": { "RCID": 8618, "PRIM": 1, "GRUP": 2, "OBJL": 121, "RVER": 1, "AGEN": 550, "FIDN": 69164751, "FIDS": 9, "LNAM": "0226041F5ECF0009", "LNAM_REFS": null, "FFPT_RIND": null, "COLOUR": null, "NATQUA": null, "NATSUR": [ "1" ], "WATLEV": null, "OBJNAM": null, "NOBJNM": null, "INFORM": null, "NINFOM": null, "NTXTDS": null, "SCAMAX": null, "SCAMIN": 29999, "TXTDSC": null, "RECDAT": null, "RECIND": null, "SORDAT": "20150206", "SORIND": "US,US,reprt,L-246-2015", "_enc_cell": "US4TB3P0" }, "geometry": { "type": "Point", "coordinates": [ 134.58284, 7.3444223 ] } },
{ "type": "Feature", "properties": { "RCID": 8619, "PRIM": 1, "GRUP": 2, "OBJL": 121, "RVER": 1, "AGEN": 550, "FIDN": 224190236, "FIDS": 9, "LNAM": "02260D5CDF1C0009", "LNAM_REFS": null, "FFPT_RIND": null, "COLOUR": null, "NATQUA": null, "NATSUR": [ "14" ], "WATLEV": null, "OBJNAM": null, "NOBJNM": null, "INFORM": null, "NINFOM": null, "NTXTDS": null, "SCAMAX": null, "SCAMIN": 29999, "TXTDSC": null, "RECDAT": null, "RECIND": null, "SORDAT": "20150206", "SORIND": "US,US,reprt,L-246-2015", "_enc_cell": "US4TB3P0" }, "geometry": { "type": "Point", "coordinates": [ 134.5854492, 7.3329415 ] } },
{ "type": "Feature", "properties": { "RCID": 8620, "PRIM": 1, "GRUP": 2, "OBJL": 121, "RVER": 1, "AGEN": 550, "FIDN": 633222131, "FIDS": 9, "LNAM": "022625BE33F30009", "LNAM_REFS": null, "FFPT_RIND": null, "COLOUR": null, "NATQUA": null, "NATSUR": [ "14" ], "WATLEV": null, "OBJNAM": null, "NOBJNM": null, "INFORM": null, "NINFOM": null, "NTXTDS": null, "SCAMAX": null, "SCAMIN": 29999, "TXTDSC": null, "RECDAT": null, "RECIND": null, "SORDAT": "20150206", "SORIND": "US,US,reprt,L-246-2015", "_enc_cell": "US4TB3P0" }, "geometry": { "type": "Point", "coordinates": [ 134.5978241, 7.3749332 ] } },
{ "type": "Feature", "properties": { "RCID": 8621, "PRIM": 1, "GRUP": 2, "OBJL": 121, "RVER": 1, "AGEN": 550, "FIDN": 190496969, "FIDS": 9, "LNAM": "02260B5AC0C90009", "LNAM_REFS": null, "FFPT_RIND": null, "COLOUR": null, "NATQUA": null, "NATSUR": [ "14" ], "WATLEV": null, "OBJNAM": null, "NOBJNM": null, "INFORM": null, "NINFOM": null, "NTXTDS": null, "SCAMAX": null, "SCAMIN": 29999, "TXTDSC": null, "RECDAT": null, "RECIND": null, "SORDAT": "20150206", "SORIND": "US,US,reprt,L-246-2015", "_enc_cell": "US4TB3P0" }, "geometry": { "type": "Point", "coordinates": [ 134.6068115, 7.3458529 ] } },
{ "type": "Feature", "properties": { "RCID": 8622, "PRIM": 1, "GRUP": 2, "OBJL": 121, "RVER": 1, "AGEN": 550, "FIDN": 721172993, "FIDS": 9, "LNAM": "02262AFC3A010009", "LNAM_REFS": null, "FFPT_RIND": null, "COLOUR": null, "NATQUA": null, "NATSUR": [ "14" ], "WATLEV": null, "OBJNAM": null, "NOBJNM": null, "INFORM": null, "NINFOM": null, "NTXTDS": null, "SCAMAX": null, "SCAMIN": 29999, "TXTDSC": null, "RECDAT": null, "RECIND": null, "SORDAT": "20150206", "SORIND": "US,US,reprt,L-246-2015", "_enc_cell": "US4TB3P0" }, "geometry": { "type": "Point", "coordinates": [ 134.6122284, 7.3787446 ] } },
{ "type": "Feature", "properties": { "RCID": 8623, "PRIM": 1, "GRUP": 2, "OBJL": 121, "RVER": 1, "AGEN": 550, "FIDN": 513329035, "FIDS": 9, "LNAM": "02261E98C78B0009", "LNAM_REFS": null, "FFPT_RIND": null, "COLOUR": null, "NATQUA": null, "NATSUR": [ "14" ], "WATLEV": null, "OBJNAM": null, "NOBJNM": null, "INFORM": null, "NINFOM": null, "NTXTDS": null, "SCAMAX": null, "SCAMIN": 29999, "TXTDSC": null, "RECDAT": null, "RECIND": null, "SORDAT": "20150206", "SORIND": "US,US,reprt,L-246-2015", "_enc_cell": "US4TB3P0" }, "geometry": { "type": "Point", "coordinates": [ 134.615799, 7.3533473 ] } },
{ "type": "Feature", "properties": { "RCID": 8796, "PRIM": 1, "GRUP": 2, "OBJL": 121, "RVER": 1, "AGEN": 550, "FIDN": 814418896, "FIDS": 9, "LNAM": "0226308B0BD00009", "LNAM_REFS": null, "FFPT_RIND": null, "COLOUR": null, "NATQUA": null, "NATSUR": [ "4" ], "WATLEV": null, "OBJNAM": null, "NOBJNM": null, "INFORM": null, "NINFOM": null, "NTXTDS": null, "SCAMAX": null, "SCAMIN": 29999, "TXTDSC": null, "RECDAT": null, "RECIND": null, "SORDAT": "20150206", "SORIND": "US,US,reprt,L-246-2015", "_enc_cell": "US4TB3P0" }, "geometry": { "type": "Point", "coordinates": [ 134.5049286, 7.3071194 ] } },
{ "type": "Feature", "properties": { "RCID": 8798, "PRIM": 1, "GRUP": 2, "OBJL": 121, "RVER": 1, "AGEN": 550, "FIDN": 266548377, "FIDS": 9, "LNAM": "02260FE334990009", "LNAM_REFS": null, "FFPT_RIND": null, "COLOUR": null, "NATQUA": null, "NATSUR": [ "4" ], "WATLEV": null, "OBJNAM": null, "NOBJNM": null, "INFORM": null, "NINFOM": null, "NTXTDS": null, "SCAMAX": null, "SCAMIN": 29999, "TXTDSC": null, "RECDAT": null, "RECIND": null, "SORDAT": "20150206", "SORIND": "US,US,reprt,L-246-2015", "_enc_cell": "US4TB3P0" }, "geometry": { "type": "Point", "coordinates": [ 134.5089264, 7.2937751 ] } },
{ "type": "Feature", "properties": { "RCID": 8799, "PRIM": 1, "GRUP": 2, "OBJL": 121, "RVER": 1, "AGEN": 550, "FIDN": 675159524, "FIDS": 9, "LNAM": "0226283E1DE40009", "LNAM_REFS": null, "FFPT_RIND": null, "COLOUR": null, "NATQUA": null, "NATSUR": [ "14" ], "WATLEV": null, "OBJNAM": null, "NOBJNM": null, "INFORM": null, "NINFOM": null, "NTXTDS": null, "SCAMAX": null, "SCAMIN": 29999, "TXTDSC": null, "RECDAT": null, "RECIND": null, "SORDAT": "20150206", "SORIND": "US,US,reprt,L-246-2015", "_enc_cell": "US4TB3P0" }, "geometry": { "type": "Point", "coordinates": [ 134.5120087, 7.3025694 ] } },
{ "type": "Feature", "properties": { "RCID": 8802, "PRIM": 1, "GRUP": 2, "OBJL": 121, "RVER": 1, "AGEN": 550, "FIDN": 479334053, "FIDS": 9, "LNAM": "02261C920EA50009", "LNAM_REFS": null, "FFPT_RIND": null, "COLOUR": null, "NATQUA": null, "NATSUR": [ "14" ], "WATLEV": null, "OBJNAM": null, "NOBJNM": null, "INFORM": null, "NINFOM": null, "NTXTDS": null, "SCAMAX": null, "SCAMIN": 29999, "TXTDSC": null, "RECDAT": null, "RECIND": null, "SORDAT": "20150206", "SORIND": "US,US,reprt,L-246-2015", "_enc_cell": "US4TB3P0" }, "geometry": { "type": "Point", "coordinates": [ 134.516418499999986, 7.3031278 ] } },
{ "type": "Feature", "properties": { "RCID": 8803, "PRIM": 1, "GRUP": 2, "OBJL": 121, "RVER": 1, "AGEN": 550, "FIDN": 185707908, "FIDS": 9, "LNAM": "02260B11AD840009", "LNAM_REFS": null, "FFPT_RIND": null, "COLOUR": null, "NATQUA": null, "NATSUR": [ "4" ], "WATLEV": null, "OBJNAM": null, "NOBJNM": null, "INFORM": null, "NINFOM": null, "NTXTDS": null, "SCAMAX": null, "SCAMIN": 29999, "TXTDSC": null, "RECDAT": null, "RECIND": null, "SORDAT": "20150206", "SORIND": "US,US,reprt,L-246-2015", "_enc_cell": "US4TB3P0" }, "geometry": { "type": "Point", "coordinates": [ 134.5177612, 7.2936306 ] } },
{ "type": "Feature", "properties": { "RCID": 8804, "PRIM": 1, "GRUP": 2, "OBJL": 121, "RVER": 1, "AGEN": 550, "FIDN": 433617115, "FIDS": 9, "LNAM": "022619D878DB0009", "LNAM_REFS": null, "FFPT_RIND": null, "COLOUR": null, "NATQUA": [ "3" ], "NATSUR": [ "4" ], "WATLEV": null, "OBJNAM": null, "NOBJNM": null, "INFORM": null, "NINFOM": null, "NTXTDS": null, "SCAMAX": null, "SCAMIN": 29999, "TXTDSC": null, "RECDAT": null, "RECIND": null, "SORDAT": "20150206", "SORIND": "US,US,reprt,L-246-2015", "_enc_cell": "US4TB3P0" }, "geometry": { "type": "Point", "coordinates": [ 134.5196228, 7.2979083 ] } },
{ "type": "Feature", "properties": { "RCID": 8805, "PRIM": 1, "GRUP": 2, "OBJL": 121, "RVER": 1, "AGEN": 550, "FIDN": 843585137, "FIDS": 9, "LNAM": "0226324816710009", "LNAM_REFS": null, "FFPT_RIND": null, "COLOUR": null, "NATQUA": null, "NATSUR": [ "14" ], "WATLEV": null, "OBJNAM": null, "NOBJNM": null, "INFORM": null, "NINFOM": null, "NTXTDS": null, "SCAMAX": null, "SCAMIN": 29999, "TXTDSC": null, "RECDAT": null, "RECIND": null, "SORDAT": "20150206", "SORIND": "US,US,reprt,L-246-2015", "_enc_cell": "US4TB3P0" }, "geometry": { "type": "Point", "coordinates": [ 134.520248400000014, 7.3477669 ] } },
{ "type": "Feature", "properties": { "RCID": 8809, "PRIM": 1, "GRUP": 2, "OBJL": 121, "RVER": 1, "AGEN": 550, "FIDN": 803035288, "FIDS": 9, "LNAM": "02262FDD58980009", "LNAM_REFS": null, "FFPT_RIND": null, "COLOUR": null, "NATQUA": null, "NATSUR": [ "9" ], "WATLEV": null, "OBJNAM": null, "NOBJNM": null, "INFORM": null, "NINFOM": null, "NTXTDS": null, "SCAMAX": null, "SCAMIN": 29999, "TXTDSC": null, "RECDAT": null, "RECIND": null, "SORDAT": "20150206", "SORIND": "US,US,reprt,L-246-2015", "_enc_cell": "US4TB3P0" }, "geometry": { "type": "Point", "coordinates": [ 134.527221700000013, 7.2954168 ] } },
{ "type": "Feature", "properties": { "RCID": 8810, "PRIM": 1, "GRUP": 2, "OBJL": 121, "RVER": 1, "AGEN": 550, "FIDN": 800685466, "FIDS": 9, "LNAM": "02262FB97D9A0009", "LNAM_REFS": null, "FFPT_RIND": null, "COLOUR": null, "NATQUA": null, "NATSUR": [ "14" ], "WATLEV": null, "OBJNAM": null, "NOBJNM": null, "INFORM": null, "NINFOM": null, "NTXTDS": null, "SCAMAX": null, "SCAMIN": 29999, "TXTDSC": null, "RECDAT": null, "RECIND": null, "SORDAT": "20150206", "SORIND": "US,US,reprt,L-246-2015", "_enc_cell": "US4TB3P0" }, "geometry": { "type": "Point", "coordinates": [ 134.5343628, 7.2700195 ] } },
{ "type": "Feature", "properties": { "RCID": 8811, "PRIM": 1, "GRUP": 2, "OBJL": 121, "RVER": 1, "AGEN": 550, "FIDN": 73890560, "FIDS": 9, "LNAM": "022604677B000009", "LNAM_REFS": null, "FFPT_RIND": null, "COLOUR": null, "NATQUA": null, "NATSUR": [ "14" ], "WATLEV": null, "OBJNAM": null, "NOBJNM": null, "INFORM": null, "NINFOM": null, "NTXTDS": null, "SCAMAX": null, "SCAMIN": 29999, "TXTDSC": null, "RECDAT": null, "RECIND": null, "SORDAT": "20150206", "SORIND": "US,US,reprt,L-246-2015", "_enc_cell": "US4TB3P0" }, "geometry": { "type": "Point", "coordinates": [ 134.534561200000013, 7.291214 ] } },
{ "type": "Feature", "properties": { "RCID": 8812, "PRIM": 1, "GRUP": 2, "OBJL": 121, "RVER": 1, "AGEN": 550, "FIDN": 971905818, "FIDS": 9, "LNAM": "022639EE1B1A0009", "LNAM_REFS": null, "FFPT_RIND": null, "COLOUR": null, "NATQUA": null, "NATSUR": [ "4" ], "WATLEV": null, "OBJNAM": null, "NOBJNM": null, "INFORM": null, "NINFOM": null, "NTXTDS": null, "SCAMAX": null, "SCAMIN": 29999, "TXTDSC": null, "RECDAT": null, "RECIND": null, "SORDAT": "20150206", "SORIND": "US,US,reprt,L-246-2015", "_enc_cell": "US4TB3P0" }, "geometry": { "type": "Point", "coordinates": [ 134.5374603, 7.2802916 ] } },
{ "type": "Feature", "properties": { "RCID": 8813, "PRIM": 1, "GRUP": 2, "OBJL": 121, "RVER": 1, "AGEN": 550, "FIDN": 515574349, "FIDS": 9, "LNAM": "02261EBB0A4D0009", "LNAM_REFS": null, "FFPT_RIND": null, "COLOUR": null, "NATQUA": null, "NATSUR": [ "4" ], "WATLEV": null, "OBJNAM": null, "NOBJNM": null, "INFORM": null, "NINFOM": null, "NTXTDS": null, "SCAMAX": null, "SCAMIN": 29999, "TXTDSC": null, "RECDAT": null, "RECIND": null, "SORDAT": "20150206", "SORIND": "US,US,reprt,L-246-2015", "_enc_cell": "US4TB3P0" }, "geometry": { "type": "Point", "coordinates": [ 134.538040200000012, 7.2922139 ] } },
{ "type": "Feature", "properties": { "RCID": 8814, "PRIM": 1, "GRUP": 2, "OBJL": 121, "RVER": 1, "AGEN": 550, "FIDN": 604593097, "FIDS": 9, "LNAM": "022624095BC90009", "LNAM_REFS": null, "FFPT_RIND": null, "COLOUR": null, "NATQUA": null, "NATSUR": [ "9" ], "WATLEV": null, "OBJNAM": null, "NOBJNM": null, "INFORM": null, "NINFOM": null, "NTXTDS": null, "SCAMAX": null, "SCAMIN": 29999, "TXTDSC": null, "RECDAT": null, "RECIND": null, "SORDAT": "20150206", "SORIND": "US,US,reprt,L-246-2015", "_enc_cell": "US4TB3P0" }, "geometry": { "type": "Point", "coordinates": [ 134.5387268, 7.2867417 ] } },
{ "type": "Feature", "properties": { "RCID": 8816, "PRIM": 1, "GRUP": 2, "OBJL": 121, "RVER": 1, "AGEN": 550, "FIDN": 844854101, "FIDS": 9, "LNAM": "0226325B73550009", "LNAM_REFS": null, "FFPT_RIND": null, "COLOUR": null, "NATQUA": null, "NATSUR": [ "14" ], "WATLEV": null, "OBJNAM": null, "NOBJNM": null, "INFORM": null, "NINFOM": null, "NTXTDS": null, "SCAMAX": null, "SCAMIN": 29999, "TXTDSC": null, "RECDAT": null, "RECIND": null, "SORDAT": "20150206", "SORIND": "US,US,reprt,L-246-2015", "_enc_cell": "US4TB3P0" }, "geometry": { "type": "Point", "coordinates": [ 134.541671799999989, 7.3158417 ] } },
{ "type": "Feature", "properties": { "RCID": 8817, "PRIM": 1, "GRUP": 2, "OBJL": 121, "RVER": 1, "AGEN": 550, "FIDN": 392966435, "FIDS": 9, "LNAM": "0226176C31230009", "LNAM_REFS": null, "FFPT_RIND": null, "COLOUR": null, "NATQUA": null, "NATSUR": [ "14" ], "WATLEV": null, "OBJNAM": null, "NOBJNM": null, "INFORM": null, "NINFOM": null, "NTXTDS": null, "SCAMAX": null, "SCAMIN": 29999, "TXTDSC": null, "RECDAT": null, "RECIND": null, "SORDAT": "20150206", "SORIND": "US,US,reprt,L-246-2015", "_enc_cell": "US4TB3P0" }, "geometry": { "type": "Point", "coordinates": [ 134.5417481, 7.2996359 ] } },
{ "type": "Feature", "properties": { "RCID": 8818, "PRIM": 1, "GRUP": 2, "OBJL": 121, "RVER": 1, "AGEN": 550, "FIDN": 807747525, "FIDS": 9, "LNAM": "022630253FC50009", "LNAM_REFS": null, "FFPT_RIND": null, "COLOUR": null, "NATQUA": null, "NATSUR": [ "14" ], "WATLEV": null, "OBJNAM": null, "NOBJNM": null, "INFORM": null, "NINFOM": null, "NTXTDS": null, "SCAMAX": null, "SCAMIN": 29999, "TXTDSC": null, "RECDAT": null, "RECIND": null, "SORDAT": "20150206", "SORIND": "US,US,reprt,L-246-2015", "_enc_cell": "US4TB3P0" }, "geometry": { "type": "Point", "coordinates": [ 134.5429993, 7.2899389 ] } },
{ "type": "Feature", "properties": { "RCID": 8819, "PRIM": 1, "GRUP": 2, "OBJL": 121, "RVER": 1, "AGEN": 550, "FIDN": 741914906, "FIDS": 9, "LNAM": "02262C38B91A0009", "LNAM_REFS": null, "FFPT_RIND": null, "COLOUR": null, "NATQUA": null, "NATSUR": [ "14" ], "WATLEV": null, "OBJNAM": null, "NOBJNM": null, "INFORM": null, "NINFOM": null, "NTXTDS": null, "SCAMAX": null, "SCAMIN": 29999, "TXTDSC": null, "RECDAT": null, "RECIND": null, "SORDAT": "20150206", "SORIND": "US,US,reprt,L-246-2015", "_enc_cell": "US4TB3P0" }, "geometry": { "type": "Point", "coordinates": [ 134.5433655, 7.2953582 ] } },
{ "type": "Feature", "properties": { "RCID": 8820, "PRIM": 1, "GRUP": 2, "OBJL": 121, "RVER": 1, "AGEN": 550, "FIDN": 540638154, "FIDS": 9, "LNAM": "022620397BCA0009", "LNAM_REFS": null, "FFPT_RIND": null, "COLOUR": null, "NATQUA": [ "1" ], "NATSUR": [ "4" ], "WATLEV": null, "OBJNAM": null, "NOBJNM": null, "INFORM": null, "NINFOM": null, "NTXTDS": null, "SCAMAX": null, "SCAMIN": 29999, "TXTDSC": null, "RECDAT": null, "RECIND": null, "SORDAT": "20150206", "SORIND": "US,US,reprt,L-246-2015", "_enc_cell": "US4TB3P0" }, "geometry": { "type": "Point", "coordinates": [ 134.544296300000013, 7.298625 ] } },
{ "type": "Feature", "properties": { "RCID": 8821, "PRIM": 1, "GRUP": 2, "OBJL": 121, "RVER": 1, "AGEN": 550, "FIDN": 478172990, "FIDS": 9, "LNAM": "02261C80573E0009", "LNAM_REFS": null, "FFPT_RIND": null, "COLOUR": null, "NATQUA": null, "NATSUR": [ "14" ], "WATLEV": null, "OBJNAM": null, "NOBJNM": null, "INFORM": null, "NINFOM": null, "NTXTDS": null, "SCAMAX": null, "SCAMIN": 29999, "TXTDSC": null, "RECDAT": null, "RECIND": null, "SORDAT": "20150206", "SORIND": "US,US,reprt,L-246-2015", "_enc_cell": "US4TB3P0" }, "geometry": { "type": "Point", "coordinates": [ 134.548584, 7.2866473 ] } },
{ "type": "Feature", "properties": { "RCID": 8822, "PRIM": 1, "GRUP": 2, "OBJL": 121, "RVER": 1, "AGEN": 550, "FIDN": 783044575, "FIDS": 9, "LNAM": "02262EAC4FDF0009", "LNAM_REFS": null, "FFPT_RIND": null, "COLOUR": null, "NATQUA": null, "NATSUR": [ "9" ], "WATLEV": null, "OBJNAM": null, "NOBJNM": null, "INFORM": null, "NINFOM": null, "NTXTDS": null, "SCAMAX": null, "SCAMIN": 29999, "TXTDSC": null, "RECDAT": null, "RECIND": null, "SORDAT": "20150206", "SORIND": "US,US,reprt,L-246-2015", "_enc_cell": "US4TB3P0" }, "geometry": { "type": "Point", "coordinates": [ 134.5498505, 7.3023863 ] } },
{ "type": "Feature", "properties": { "RCID": 8823, "PRIM": 1, "GRUP": 2, "OBJL": 121, "RVER": 1, "AGEN": 550, "FIDN": 402273160, "FIDS": 9, "LNAM": "022617FA33880009", "LNAM_REFS": null, "FFPT_RIND": null, "COLOUR": null, "NATQUA": null, "NATSUR": [ "4" ], "WATLEV": null, "OBJNAM": null, "NOBJNM": null, "INFORM": null, "NINFOM": null, "NTXTDS": null, "SCAMAX": null, "SCAMIN": 29999, "TXTDSC": null, "RECDAT": null, "RECIND": null, "SORDAT": "20150206", "SORIND": "US,US,reprt,L-246-2015", "_enc_cell": "US4TB3P0" }, "geometry": { "type": "Point", "coordinates": [ 134.55268860000001, 7.3246694 ] } },
{ "type": "Feature", "properties": { "RCID": 8824, "PRIM": 1, "GRUP": 2, "OBJL": 121, "RVER": 1, "AGEN": 550, "FIDN": 522088763, "FIDS": 9, "LNAM": "02261F1E713B0009", "LNAM_REFS": null, "FFPT_RIND": null, "COLOUR": null, "NATQUA": null, "NATSUR": [ "14" ], "WATLEV": null, "OBJNAM": null, "NOBJNM": null, "INFORM": null, "NINFOM": null, "NTXTDS": null, "SCAMAX": null, "SCAMIN": 29999, "TXTDSC": null, "RECDAT": null, "RECIND": null, "SORDAT": "20150206", "SORIND": "US,US,reprt,L-246-2015", "_enc_cell": "US4TB3P0" }, "geometry": { "type": "Point", "coordinates": [ 134.5538635, 7.2883749 ] } },
{ "type": "Feature", "properties": { "RCID": 8826, "PRIM": 1, "GRUP": 2, "OBJL": 121, "RVER": 1, "AGEN": 550, "FIDN": 15907527, "FIDS": 9, "LNAM": "022600F2BAC70009", "LNAM_REFS": null, "FFPT_RIND": null, "COLOUR": null, "NATQUA": null, "NATSUR": [ "14" ], "WATLEV": null, "OBJNAM": null, "NOBJNM": null, "INFORM": null, "NINFOM": null, "NTXTDS": null, "SCAMAX": null, "SCAMIN": 29999, "TXTDSC": null, "RECDAT": null, "RECIND": null, "SORDAT": "20150206", "SORIND": "US,US,reprt,L-246-2015", "_enc_cell": "US4TB3P0" }, "geometry": { "type": "Point", "coordinates": [ 134.5589752, 7.3113613 ] } },
{ "type": "Feature", "properties": { "RCID": 8827, "PRIM": 1, "GRUP": 2, "OBJL": 121, "RVER": 1, "AGEN": 550, "FIDN": 273673201, "FIDS": 9, "LNAM": "0226104FEBF10009", "LNAM_REFS": null, "FFPT_RIND": null, "COLOUR": null, "NATQUA": null, "NATSUR": [ "4" ], "WATLEV": null, "OBJNAM": null, "NOBJNM": null, "INFORM": null, "NINFOM": null, "NTXTDS": null, "SCAMAX": null, "SCAMIN": 29999, "TXTDSC": null, "RECDAT": null, "RECIND": null, "SORDAT": "20150206", "SORIND": "US,US,reprt,L-246-2015", "_enc_cell": "US4TB3P0" }, "geometry": { "type": "Point", "coordinates": [ 134.563644399999987, 7.3117805 ] } },
{ "type": "Feature", "properties": { "RCID": 8828, "PRIM": 1, "GRUP": 2, "OBJL": 121, "RVER": 1, "AGEN": 550, "FIDN": 858660371, "FIDS": 9, "LNAM": "0226332E1E130009", "LNAM_REFS": null, "FFPT_RIND": null, "COLOUR": null, "NATQUA": null, "NATSUR": [ "14" ], "WATLEV": null, "OBJNAM": null, "NOBJNM": null, "INFORM": null, "NINFOM": null, "NTXTDS": null, "SCAMAX": null, "SCAMIN": 29999, "TXTDSC": null, "RECDAT": null, "RECIND": null, "SORDAT": "20150206", "SORIND": "US,US,reprt,L-246-2015", "_enc_cell": "US4TB3P0" }, "geometry": { "type": "Point", "coordinates": [ 134.5789642, 7.3324528 ] } },
{ "type": "Feature", "properties": { "RCID": 8829, "PRIM": 1, "GRUP": 2, "OBJL": 121, "RVER": 1, "AGEN": 550, "FIDN": 470042196, "FIDS": 9, "LNAM": "02261C0446540009", "LNAM_REFS": null, "FFPT_RIND": null, "COLOUR": null, "NATQUA": null, "NATSUR": [ "14" ], "WATLEV": null, "OBJNAM": null, "NOBJNM": null, "INFORM": null, "NINFOM": null, "NTXTDS": null, "SCAMAX": null, "SCAMIN": 29999, "TXTDSC": null, "RECDAT": null, "RECIND": null, "SORDAT": "20150206", "SORIND": "US,US,reprt,L-246-2015", "_enc_cell": "US4TB3P0" }, "geometry": { "type": "Point", "coordinates": [ 134.5812225, 7.3297081 ] } },
{ "type": "Feature", "properties": { "RCID": 8830, "PRIM": 1, "GRUP": 2, "OBJL": 121, "RVER": 1, "AGEN": 550, "FIDN": 150252325, "FIDS": 9, "LNAM": "022608F4AB250009", "LNAM_REFS": null, "FFPT_RIND": null, "COLOUR": null, "NATQUA": null, "NATSUR": [ "14" ], "WATLEV": null, "OBJNAM": null, "NOBJNM": null, "INFORM": null, "NINFOM": null, "NTXTDS": null, "SCAMAX": null, "SCAMIN": 29999, "TXTDSC": null, "RECDAT": null, "RECIND": null, "SORDAT": "20150206", "SORIND": "US,US,reprt,L-246-2015", "_enc_cell": "US4TB3P0" }, "geometry": { "type": "Point", "coordinates": [ 134.5839844, 7.335228 ] } },
{ "type": "Feature", "properties": { "RCID": 8831, "PRIM": 1, "GRUP": 2, "OBJL": 121, "RVER": 1, "AGEN": 550, "FIDN": 453419670, "FIDS": 9, "LNAM": "02261B06A2960009", "LNAM_REFS": null, "FFPT_RIND": null, "COLOUR": null, "NATQUA": null, "NATSUR": [ "14" ], "WATLEV": null, "OBJNAM": null, "NOBJNM": null, "INFORM": null, "NINFOM": null, "NTXTDS": null, "SCAMAX": null, "SCAMIN": 29999, "TXTDSC": null, "RECDAT": null, "RECIND": null, "SORDAT": "20150206", "SORIND": "US,US,reprt,L-246-2015", "_enc_cell": "US4TB3P0" }, "geometry": { "type": "Point", "coordinates": [ 134.589233400000012, 7.3473058 ] } },
{ "type": "Feature", "properties": { "RCID": 8832, "PRIM": 1, "GRUP": 2, "OBJL": 121, "RVER": 1, "AGEN": 550, "FIDN": 250320380, "FIDS": 9, "LNAM": "02260EEB95FC0009", "LNAM_REFS": null, "FFPT_RIND": null, "COLOUR": null, "NATQUA": null, "NATSUR": [ "14" ], "WATLEV": null, "OBJNAM": null, "NOBJNM": null, "INFORM": null, "NINFOM": null, "NTXTDS": null, "SCAMAX": null, "SCAMIN": 29999, "TXTDSC": null, "RECDAT": null, "RECIND": null, "SORDAT": "20150206", "SORIND": "US,US,reprt,L-246-2015", "_enc_cell": "US4TB3P0" }, "geometry": { "type": "Point", "coordinates": [ 134.5909882, 7.3391304 ] } },
{ "type": "Feature", "properties": { "RCID": 8833, "PRIM": 1, "GRUP": 2, "OBJL": 121, "RVER": 1, "AGEN": 550, "FIDN": 343273254, "FIDS": 9, "LNAM": "02261475EF260009", "LNAM_REFS": null, "FFPT_RIND": null, "COLOUR": null, "NATQUA": null, "NATSUR": [ "9" ], "WATLEV": null, "OBJNAM": null, "NOBJNM": null, "INFORM": null, "NINFOM": null, "NTXTDS": null, "SCAMAX": null, "SCAMIN": 29999, "TXTDSC": null, "RECDAT": null, "RECIND": null, "SORDAT": "20150206", "SORIND": "US,US,reprt,L-246-2015", "_enc_cell": "US4TB3P0" }, "geometry": { "type": "Point", "coordinates": [ 134.5991364, 7.3409028 ] } },
{ "type": "Feature", "properties": { "RCID": 8834, "PRIM": 1, "GRUP": 2, "OBJL": 121, "RVER": 1, "AGEN": 550, "FIDN": 53583822, "FIDS": 9, "LNAM": "022603319FCE0009", "LNAM_REFS": null, "FFPT_RIND": null, "COLOUR": null, "NATQUA": [ "3" ], "NATSUR": [ "4" ], "WATLEV": null, "OBJNAM": null, "NOBJNM": null, "INFORM": null, "NINFOM": null, "NTXTDS": null, "SCAMAX": null, "SCAMIN": 29999, "TXTDSC": null, "RECDAT": null, "RECIND": null, "SORDAT": "20150206", "SORIND": "US,US,reprt,L-246-2015", "_enc_cell": "US4TB3P0" }, "geometry": { "type": "Point", "coordinates": [ 134.6017914, 7.3538303 ] } },
{ "type": "Feature", "properties": { "RCID": 8835, "PRIM": 1, "GRUP": 2, "OBJL": 121, "RVER": 1, "AGEN": 550, "FIDN": 866123918, "FIDS": 9, "LNAM": "022633A0008E0009", "LNAM_REFS": null, "FFPT_RIND": null, "COLOUR": null, "NATQUA": null, "NATSUR": [ "9" ], "WATLEV": null, "OBJNAM": null, "NOBJNM": null, "INFORM": null, "NINFOM": null, "NTXTDS": null, "SCAMAX": null, "SCAMIN": 29999, "TXTDSC": null, "RECDAT": null, "RECIND": null, "SORDAT": "20150206", "SORIND": "US,US,reprt,L-246-2015", "_enc_cell": "US4TB3P0" }, "geometry": { "type": "Point", "coordinates": [ 134.602249199999989, 7.3495221 ] } },
{ "type": "Feature", "properties": { "RCID": 8836, "PRIM": 1, "GRUP": 2, "OBJL": 121, "RVER": 1, "AGEN": 550, "FIDN": 83062941, "FIDS": 9, "LNAM": "022604F3709D0009", "LNAM_REFS": null, "FFPT_RIND": null, "COLOUR": null, "NATQUA": null, "NATSUR": [ "14" ], "WATLEV": null, "OBJNAM": null, "NOBJNM": null, "INFORM": null, "NINFOM": null, "NTXTDS": null, "SCAMAX": null, "SCAMIN": 29999, "TXTDSC": null, "RECDAT": null, "RECIND": null, "SORDAT": "20150206", "SORIND": "US,US,reprt,L-246-2015", "_enc_cell": "US4TB3P0" }, "geometry": { "type": "Point", "coordinates": [ 134.6029968, 7.3668304 ] } },
{ "type": "Feature", "properties": { "RCID": 8837, "PRIM": 1, "GRUP": 2, "OBJL": 121, "RVER": 1, "AGEN": 550, "FIDN": 277613283, "FIDS": 9, "LNAM": "0226108C0AE30009", "LNAM_REFS": null, "FFPT_RIND": null, "COLOUR": null, "NATQUA": null, "NATSUR": [ "14" ], "WATLEV": null, "OBJNAM": null, "NOBJNM": null, "INFORM": null, "NINFOM": null, "NTXTDS": null, "SCAMAX": null, "SCAMIN": 29999, "TXTDSC": null, "RECDAT": null, "RECIND": null, "SORDAT": "20150206", "SORIND": "US,US,reprt,L-246-2015", "_enc_cell": "US4TB3P0" }, "geometry": { "type": "Point", "coordinates": [ 134.603286700000012, 7.3688612 ] } },
{ "type": "Feature", "properties": { "RCID": 8838, "PRIM": 1, "GRUP": 2, "OBJL": 121, "RVER": 1, "AGEN": 550, "FIDN": 462268778, "FIDS": 9, "LNAM": "02261B8DA96A0009", "LNAM_REFS": null, "FFPT_RIND": null, "COLOUR": null, "NATQUA": null, "NATSUR": [ "1" ], "WATLEV": null, "OBJNAM": null, "NOBJNM": null, "INFORM": null, "NINFOM": null, "NTXTDS": null, "SCAMAX": null, "SCAMIN": 29999, "TXTDSC": null, "RECDAT": null, "RECIND": null, "SORDAT": "20150206", "SORIND": "US,US,reprt,L-246-2015", "_enc_cell": "US4TB3P0" }, "geometry": { "type": "Point", "coordinates": [ 134.6073151, 7.3643498 ] } },
{ "type": "Feature", "properties": { "RCID": 8839, "PRIM": 1, "GRUP": 2, "OBJL": 121, "RVER": 1, "AGEN": 550, "FIDN": 482320887, "FIDS": 9, "LNAM": "02261CBFA1F70009", "LNAM_REFS": null, "FFPT_RIND": null, "COLOUR": null, "NATQUA": null, "NATSUR": [ "14" ], "WATLEV": null, "OBJNAM": null, "NOBJNM": null, "INFORM": null, "NINFOM": null, "NTXTDS": null, "SCAMAX": null, "SCAMIN": 29999, "TXTDSC": null, "RECDAT": null, "RECIND": null, "SORDAT": "20150206", "SORIND": "US,US,reprt,L-246-2015", "_enc_cell": "US4TB3P0" }, "geometry": { "type": "Point", "coordinates": [ 134.6074066, 7.3438973 ] } },
{ "type": "Feature", "properties": { "RCID": 8840, "PRIM": 1, "GRUP": 2, "OBJL": 121, "RVER": 1, "AGEN": 550, "FIDN": 103888213, "FIDS": 9, "LNAM": "0226063135550009", "LNAM_REFS": null, "FFPT_RIND": null, "COLOUR": null, "NATQUA": null, "NATSUR": [ "14" ], "WATLEV": null, "OBJNAM": null, "NOBJNM": null, "INFORM": null, "NINFOM": null, "NTXTDS": null, "SCAMAX": null, "SCAMIN": 29999, "TXTDSC": null, "RECDAT": null, "RECIND": null, "SORDAT": "20150206", "SORIND": "US,US,reprt,L-246-2015", "_enc_cell": "US4TB3P0" }, "geometry": { "type": "Point", "coordinates": [ 134.61676030000001, 7.3731637 ] } }
]
}
