{
"type": "FeatureCollection",
"name": "SOUNDG_REEF_ZONE_JOINED_R08",
"crs": { "type": "name", "properties": { "name": "urn:ogc:def:crs:OGC:1.3:CRS84" } },
"features": [
{ "type": "Feature", "properties": { "RCID": 8841, "PRIM": 1, "GRUP": 2, "OBJL": 129, "RVER": 1, "AGEN": 550, "FIDN": -2004046809, "FIDS": 19802, "LNAM": "0226888CAC274D5A", "LNAM_REFS": null, "FFPT_RIND": null, "EXPSOU": null, "NOBJNM": null, "OBJNAM": null, "QUASOU": null, "SOUACC": null, "TECSOU": null, "VERDAT": null, "STATUS": null, "INFORM": null, "NINFOM": null, "NTXTDS": null, "SCAMAX": null, "SCAMIN": 29999, "TXTDSC": null, "RECDAT": null, "RECIND": null, "SORDAT": "20150206", "SORIND": "US,US,reprt,L-246-2015", "DEPTH": 25.4, "_enc_cell": "US4TB3P0", "depth_m": 25.4, "_sound_id": 701, "CATZOC": 3, "QUAL_POSACC": null, "QUAL_SOUACC": null, "QUAL_SUREND": "2004", "QUAL_SURSTA": null, "QUAL_TECSOU": null, "QUAL_VERDAT": null, "QUAL_INFORM": "U.S. Navy LIDAR Survey, Archive No. 04HFM01, Scale 1:5,000-1:10,000", "QUAL_SORDAT": "20150206", "QUAL_SORIND": "US,US,reprt,L-246-2015", "QUAL_ENC_CELL": "US4TB3P0", "zoc_label": "B", "quality_model_weight": 0.72, "ALLEN_class_name": "Deep Lagoon", "semantic_zone": "deep_lagoon", "allen_mapped": true, "DEPARE_DRVAL1": 20.0, "DEPARE_DRVAL2": 30.0, "DEPARE__enc_cell": "US4TB3P0", "DEPARE_VERDAT": null, "inside_osm_reef_polygon": false, "working_hypothesis_60_70": false, "working_hypothesis_gt100": false }, "geometry": { "type": "Point", "coordinates": [ 134.538024900000011, 7.3152971, 25.4 ] } },
{ "type": "Feature", "properties": { "RCID": 8841, "PRIM": 1, "GRUP": 2, "OBJL": 129, "RVER": 1, "AGEN": 550, "FIDN": -2004046809, "FIDS": 19802, "LNAM": "0226888CAC274D5A", "LNAM_REFS": null, "FFPT_RIND": null, "EXPSOU": null, "NOBJNM": null, "OBJNAM": null, "QUASOU": null, "SOUACC": null, "TECSOU": null, "VERDAT": null, "STATUS": null, "INFORM": null, "NINFOM": null, "NTXTDS": null, "SCAMAX": null, "SCAMIN": 29999, "TXTDSC": null, "RECDAT": null, "RECIND": null, "SORDAT": "20150206", "SORIND": "US,US,reprt,L-246-2015", "DEPTH": 60.0, "_enc_cell": "US4TB3P0", "depth_m": 60.0, "_sound_id": 775, "CATZOC": 5, "QUAL_POSACC": null, "QUAL_SOUACC": null, "QUAL_SUREND": "1938", "QUAL_SURSTA": "1915", "QUAL_TECSOU": null, "QUAL_VERDAT": null, "QUAL_INFORM": "Former Japan Chart 481 (Ed. 1940, Rev. 1944), from Japan surveys, Scale 1:25,000", "QUAL_SORDAT": "20150206", "QUAL_SORIND": "US,US,reprt,L-246-2015", "QUAL_ENC_CELL": "US4TB3P0", "zoc_label": "D", "quality_model_weight": 0.22, "ALLEN_class_name": null, "semantic_zone": "outside_allen_geomorphic_or_unclassified", "allen_mapped": false, "DEPARE_DRVAL1": 50.0, "DEPARE_DRVAL2": 100.0, "DEPARE__enc_cell": "US4TB3P0", "DEPARE_VERDAT": null, "inside_osm_reef_polygon": false, "working_hypothesis_60_70": true, "working_hypothesis_gt100": false }, "geometry": { "type": "Point", "coordinates": [ 134.5438232, 7.3162918, 60.0 ] } },
{ "type": "Feature", "properties": { "RCID": 8841, "PRIM": 1, "GRUP": 2, "OBJL": 129, "RVER": 1, "AGEN": 550, "FIDN": -2004046809, "FIDS": 19802, "LNAM": "0226888CAC274D5A", "LNAM_REFS": null, "FFPT_RIND": null, "EXPSOU": null, "NOBJNM": null, "OBJNAM": null, "QUASOU": null, "SOUACC": null, "TECSOU": null, "VERDAT": null, "STATUS": null, "INFORM": null, "NINFOM": null, "NTXTDS": null, "SCAMAX": null, "SCAMIN": 29999, "TXTDSC": null, "RECDAT": null, "RECIND": null, "SORDAT": "20150206", "SORIND": "US,US,reprt,L-246-2015", "DEPTH": 50.0, "_enc_cell": "US4TB3P0", "depth_m": 50.0, "_sound_id": 799, "CATZOC": 5, "QUAL_POSACC": null, "QUAL_SOUACC": null, "QUAL_SUREND": "1938", "QUAL_SURSTA": "1915", "QUAL_TECSOU": null, "QUAL_VERDAT": null, "QUAL_INFORM": "Former Japan Chart 481 (Ed. 1940, Rev. 1944), from Japan surveys, Scale 1:25,000", "QUAL_SORDAT": "20150206", "QUAL_SORIND": "US,US,reprt,L-246-2015", "QUAL_ENC_CELL": "US4TB3P0", "zoc_label": "D", "quality_model_weight": 0.22, "ALLEN_class_name": null, "semantic_zone": "outside_allen_geomorphic_or_unclassified", "allen_mapped": false, "DEPARE_DRVAL1": 30.0, "DEPARE_DRVAL2": 50.0, "DEPARE__enc_cell": "US4TB3P0", "DEPARE_VERDAT": null, "inside_osm_reef_polygon": false, "working_hypothesis_60_70": false, "working_hypothesis_gt100": false }, "geometry": { "type": "Point", "coordinates": [ 134.546203600000013, 7.3194666, 50.0 ] } },
{ "type": "Feature", "properties": { "RCID": 8841, "PRIM": 1, "GRUP": 2, "OBJL": 129, "RVER": 1, "AGEN": 550, "FIDN": -2004046809, "FIDS": 19802, "LNAM": "0226888CAC274D5A", "LNAM_REFS": null, "FFPT_RIND": null, "EXPSOU": null, "NOBJNM": null, "OBJNAM": null, "QUASOU": null, "SOUACC": null, "TECSOU": null, "VERDAT": null, "STATUS": null, "INFORM": null, "NINFOM": null, "NTXTDS": null, "SCAMAX": null, "SCAMIN": 29999, "TXTDSC": null, "RECDAT": null, "RECIND": null, "SORDAT": "20150206", "SORIND": "US,US,reprt,L-246-2015", "DEPTH": 64.0, "_enc_cell": "US4TB3P0", "depth_m": 64.0, "_sound_id": 804, "CATZOC": 5, "QUAL_POSACC": null, "QUAL_SOUACC": null, "QUAL_SUREND": "1938", "QUAL_SURSTA": "1915", "QUAL_TECSOU": null, "QUAL_VERDAT": null, "QUAL_INFORM": "Former Japan Chart 481 (Ed. 1940, Rev. 1944), from Japan surveys, Scale 1:25,000", "QUAL_SORDAT": "20150206", "QUAL_SORIND": "US,US,reprt,L-246-2015", "QUAL_ENC_CELL": "US4TB3P0", "zoc_label": "D", "quality_model_weight": 0.22, "ALLEN_class_name": null, "semantic_zone": "outside_allen_geomorphic_or_unclassified", "allen_mapped": false, "DEPARE_DRVAL1": 50.0, "DEPARE_DRVAL2": 100.0, "DEPARE__enc_cell": "US4TB3P0", "DEPARE_VERDAT": null, "inside_osm_reef_polygon": false, "working_hypothesis_60_70": true, "working_hypothesis_gt100": false }, "geometry": { "type": "Point", "coordinates": [ 134.5475159, 7.3153305, 64.0 ] } },
{ "type": "Feature", "properties": { "RCID": 8841, "PRIM": 1, "GRUP": 2, "OBJL": 129, "RVER": 1, "AGEN": 550, "FIDN": -2004046809, "FIDS": 19802, "LNAM": "0226888CAC274D5A", "LNAM_REFS": null, "FFPT_RIND": null, "EXPSOU": null, "NOBJNM": null, "OBJNAM": null, "QUASOU": null, "SOUACC": null, "TECSOU": null, "VERDAT": null, "STATUS": null, "INFORM": null, "NINFOM": null, "NTXTDS": null, "SCAMAX": null, "SCAMIN": 29999, "TXTDSC": null, "RECDAT": null, "RECIND": null, "SORDAT": "20150206", "SORIND": "US,US,reprt,L-246-2015", "DEPTH": 41.0, "_enc_cell": "US4TB3P0", "depth_m": 41.0, "_sound_id": 819, "CATZOC": 5, "QUAL_POSACC": null, "QUAL_SOUACC": null, "QUAL_SUREND": "1938", "QUAL_SURSTA": "1915", "QUAL_TECSOU": null, "QUAL_VERDAT": null, "QUAL_INFORM": "Former Japan Chart 481 (Ed. 1940, Rev. 1944), from Japan surveys, Scale 1:25,000", "QUAL_SORDAT": "20150206", "QUAL_SORIND": "US,US,reprt,L-246-2015", "QUAL_ENC_CELL": "US4TB3P0", "zoc_label": "D", "quality_model_weight": 0.22, "ALLEN_class_name": null, "semantic_zone": "outside_allen_geomorphic_or_unclassified", "allen_mapped": false, "DEPARE_DRVAL1": 30.0, "DEPARE_DRVAL2": 50.0, "DEPARE__enc_cell": "US4TB3P0", "DEPARE_VERDAT": null, "inside_osm_reef_polygon": false, "working_hypothesis_60_70": false, "working_hypothesis_gt100": false }, "geometry": { "type": "Point", "coordinates": [ 134.54933170000001, 7.319211, 41.0 ] } },
{ "type": "Feature", "properties": { "RCID": 8841, "PRIM": 1, "GRUP": 2, "OBJL": 129, "RVER": 1, "AGEN": 550, "FIDN": -2004046809, "FIDS": 19802, "LNAM": "0226888CAC274D5A", "LNAM_REFS": null, "FFPT_RIND": null, "EXPSOU": null, "NOBJNM": null, "OBJNAM": null, "QUASOU": null, "SOUACC": null, "TECSOU": null, "VERDAT": null, "STATUS": null, "INFORM": null, "NINFOM": null, "NTXTDS": null, "SCAMAX": null, "SCAMIN": 29999, "TXTDSC": null, "RECDAT": null, "RECIND": null, "SORDAT": "20150206", "SORIND": "US,US,reprt,L-246-2015", "DEPTH": 46.0, "_enc_cell": "US4TB3P0", "depth_m": 46.0, "_sound_id": 837, "CATZOC": 5, "QUAL_POSACC": null, "QUAL_SOUACC": null, "QUAL_SUREND": "1938", "QUAL_SURSTA": "1915", "QUAL_TECSOU": null, "QUAL_VERDAT": null, "QUAL_INFORM": "Former Japan Chart 481 (Ed. 1940, Rev. 1944), from Japan surveys, Scale 1:25,000", "QUAL_SORDAT": "20150206", "QUAL_SORIND": "US,US,reprt,L-246-2015", "QUAL_ENC_CELL": "US4TB3P0", "zoc_label": "D", "quality_model_weight": 0.22, "ALLEN_class_name": null, "semantic_zone": "outside_allen_geomorphic_or_unclassified", "allen_mapped": false, "DEPARE_DRVAL1": 30.0, "DEPARE_DRVAL2": 50.0, "DEPARE__enc_cell": "US4TB3P0", "DEPARE_VERDAT": null, "inside_osm_reef_polygon": false, "working_hypothesis_60_70": false, "working_hypothesis_gt100": false }, "geometry": { "type": "Point", "coordinates": [ 134.5514679, 7.3230224, 46.0 ] } },
{ "type": "Feature", "properties": { "RCID": 8841, "PRIM": 1, "GRUP": 2, "OBJL": 129, "RVER": 1, "AGEN": 550, "FIDN": -2004046809, "FIDS": 19802, "LNAM": "0226888CAC274D5A", "LNAM_REFS": null, "FFPT_RIND": null, "EXPSOU": null, "NOBJNM": null, "OBJNAM": null, "QUASOU": null, "SOUACC": null, "TECSOU": null, "VERDAT": null, "STATUS": null, "INFORM": null, "NINFOM": null, "NTXTDS": null, "SCAMAX": null, "SCAMIN": 29999, "TXTDSC": null, "RECDAT": null, "RECIND": null, "SORDAT": "20150206", "SORIND": "US,US,reprt,L-246-2015", "DEPTH": 44.0, "_enc_cell": "US4TB3P0", "depth_m": 44.0, "_sound_id": 840, "CATZOC": 5, "QUAL_POSACC": null, "QUAL_SOUACC": null, "QUAL_SUREND": "1938", "QUAL_SURSTA": "1915", "QUAL_TECSOU": null, "QUAL_VERDAT": null, "QUAL_INFORM": "Former Japan Chart 481 (Ed. 1940, Rev. 1944), from Japan surveys, Scale 1:25,000", "QUAL_SORDAT": "20150206", "QUAL_SORIND": "US,US,reprt,L-246-2015", "QUAL_ENC_CELL": "US4TB3P0", "zoc_label": "D", "quality_model_weight": 0.22, "ALLEN_class_name": null, "semantic_zone": "outside_allen_geomorphic_or_unclassified", "allen_mapped": false, "DEPARE_DRVAL1": 30.0, "DEPARE_DRVAL2": 50.0, "DEPARE__enc_cell": "US4TB3P0", "DEPARE_VERDAT": null, "inside_osm_reef_polygon": false, "working_hypothesis_60_70": false, "working_hypothesis_gt100": false }, "geometry": { "type": "Point", "coordinates": [ 134.5516968, 7.3172498, 44.0 ] } },
{ "type": "Feature", "properties": { "RCID": 8841, "PRIM": 1, "GRUP": 2, "OBJL": 129, "RVER": 1, "AGEN": 550, "FIDN": -2004046809, "FIDS": 19802, "LNAM": "0226888CAC274D5A", "LNAM_REFS": null, "FFPT_RIND": null, "EXPSOU": null, "NOBJNM": null, "OBJNAM": null, "QUASOU": null, "SOUACC": null, "TECSOU": null, "VERDAT": null, "STATUS": null, "INFORM": null, "NINFOM": null, "NTXTDS": null, "SCAMAX": null, "SCAMIN": 29999, "TXTDSC": null, "RECDAT": null, "RECIND": null, "SORDAT": "20150206", "SORIND": "US,US,reprt,L-246-2015", "DEPTH": 66.0, "_enc_cell": "US4TB3P0", "depth_m": 66.0, "_sound_id": 842, "CATZOC": 5, "QUAL_POSACC": null, "QUAL_SOUACC": null, "QUAL_SUREND": "1938", "QUAL_SURSTA": "1915", "QUAL_TECSOU": null, "QUAL_VERDAT": null, "QUAL_INFORM": "Former Japan Chart 481 (Ed. 1940, Rev. 1944), from Japan surveys, Scale 1:25,000", "QUAL_SORDAT": "20150206", "QUAL_SORIND": "US,US,reprt,L-246-2015", "QUAL_ENC_CELL": "US4TB3P0", "zoc_label": "D", "quality_model_weight": 0.22, "ALLEN_class_name": null, "semantic_zone": "outside_allen_geomorphic_or_unclassified", "allen_mapped": false, "DEPARE_DRVAL1": 50.0, "DEPARE_DRVAL2": 100.0, "DEPARE__enc_cell": "US4TB3P0", "DEPARE_VERDAT": null, "inside_osm_reef_polygon": false, "working_hypothesis_60_70": true, "working_hypothesis_gt100": false }, "geometry": { "type": "Point", "coordinates": [ 134.5517578, 7.3210888, 66.0 ] } },
{ "type": "Feature", "properties": { "RCID": 8841, "PRIM": 1, "GRUP": 2, "OBJL": 129, "RVER": 1, "AGEN": 550, "FIDN": -2004046809, "FIDS": 19802, "LNAM": "0226888CAC274D5A", "LNAM_REFS": null, "FFPT_RIND": null, "EXPSOU": null, "NOBJNM": null, "OBJNAM": null, "QUASOU": null, "SOUACC": null, "TECSOU": null, "VERDAT": null, "STATUS": null, "INFORM": null, "NINFOM": null, "NTXTDS": null, "SCAMAX": null, "SCAMIN": 29999, "TXTDSC": null, "RECDAT": null, "RECIND": null, "SORDAT": "20150206", "SORIND": "US,US,reprt,L-246-2015", "DEPTH": 32.0, "_enc_cell": "US4TB3P0", "depth_m": 32.0, "_sound_id": 848, "CATZOC": 5, "QUAL_POSACC": null, "QUAL_SOUACC": null, "QUAL_SUREND": "1938", "QUAL_SURSTA": "1915", "QUAL_TECSOU": null, "QUAL_VERDAT": null, "QUAL_INFORM": "Former Japan Chart 481 (Ed. 1940, Rev. 1944), from Japan surveys, Scale 1:25,000", "QUAL_SORDAT": "20150206", "QUAL_SORIND": "US,US,reprt,L-246-2015", "QUAL_ENC_CELL": "US4TB3P0", "zoc_label": "D", "quality_model_weight": 0.22, "ALLEN_class_name": null, "semantic_zone": "outside_allen_geomorphic_or_unclassified", "allen_mapped": false, "DEPARE_DRVAL1": 30.0, "DEPARE_DRVAL2": 50.0, "DEPARE__enc_cell": "US4TB3P0", "DEPARE_VERDAT": null, "inside_osm_reef_polygon": false, "working_hypothesis_60_70": false, "working_hypothesis_gt100": false }, "geometry": { "type": "Point", "coordinates": [ 134.5529785, 7.3225164, 32.0 ] } },
{ "type": "Feature", "properties": { "RCID": 8841, "PRIM": 1, "GRUP": 2, "OBJL": 129, "RVER": 1, "AGEN": 550, "FIDN": -2004046809, "FIDS": 19802, "LNAM": "0226888CAC274D5A", "LNAM_REFS": null, "FFPT_RIND": null, "EXPSOU": null, "NOBJNM": null, "OBJNAM": null, "QUASOU": null, "SOUACC": null, "TECSOU": null, "VERDAT": null, "STATUS": null, "INFORM": null, "NINFOM": null, "NTXTDS": null, "SCAMAX": null, "SCAMIN": 29999, "TXTDSC": null, "RECDAT": null, "RECIND": null, "SORDAT": "20150206", "SORIND": "US,US,reprt,L-246-2015", "DEPTH": 7.3, "_enc_cell": "US4TB3P0", "depth_m": 7.3, "_sound_id": 850, "CATZOC": 5, "QUAL_POSACC": null, "QUAL_SOUACC": null, "QUAL_SUREND": "1938", "QUAL_SURSTA": "1915", "QUAL_TECSOU": null, "QUAL_VERDAT": null, "QUAL_INFORM": "Former Japan Chart 481 (Ed. 1940, Rev. 1944), from Japan surveys, Scale 1:25,000", "QUAL_SORDAT": "20150206", "QUAL_SORIND": "US,US,reprt,L-246-2015", "QUAL_ENC_CELL": "US4TB3P0", "zoc_label": "D", "quality_model_weight": 0.22, "ALLEN_class_name": null, "semantic_zone": "outside_allen_geomorphic_or_unclassified", "allen_mapped": false, "DEPARE_DRVAL1": 5.0, "DEPARE_DRVAL2": 10.0, "DEPARE__enc_cell": "US4TB3P0", "DEPARE_VERDAT": null, "inside_osm_reef_polygon": false, "working_hypothesis_60_70": false, "working_hypothesis_gt100": false }, "geometry": { "type": "Point", "coordinates": [ 134.55336, 7.3192058, 7.3 ] } },
{ "type": "Feature", "properties": { "RCID": 8841, "PRIM": 1, "GRUP": 2, "OBJL": 129, "RVER": 1, "AGEN": 550, "FIDN": -2004046809, "FIDS": 19802, "LNAM": "0226888CAC274D5A", "LNAM_REFS": null, "FFPT_RIND": null, "EXPSOU": null, "NOBJNM": null, "OBJNAM": null, "QUASOU": null, "SOUACC": null, "TECSOU": null, "VERDAT": null, "STATUS": null, "INFORM": null, "NINFOM": null, "NTXTDS": null, "SCAMAX": null, "SCAMIN": 29999, "TXTDSC": null, "RECDAT": null, "RECIND": null, "SORDAT": "20150206", "SORIND": "US,US,reprt,L-246-2015", "DEPTH": 58.0, "_enc_cell": "US4TB3P0", "depth_m": 58.0, "_sound_id": 854, "CATZOC": 5, "QUAL_POSACC": null, "QUAL_SOUACC": null, "QUAL_SUREND": "1938", "QUAL_SURSTA": "1915", "QUAL_TECSOU": null, "QUAL_VERDAT": null, "QUAL_INFORM": "Former Japan Chart 481 (Ed. 1940, Rev. 1944), from Japan surveys, Scale 1:25,000", "QUAL_SORDAT": "20150206", "QUAL_SORIND": "US,US,reprt,L-246-2015", "QUAL_ENC_CELL": "US4TB3P0", "zoc_label": "D", "quality_model_weight": 0.22, "ALLEN_class_name": null, "semantic_zone": "outside_allen_geomorphic_or_unclassified", "allen_mapped": false, "DEPARE_DRVAL1": 50.0, "DEPARE_DRVAL2": 100.0, "DEPARE__enc_cell": "US4TB3P0", "DEPARE_VERDAT": null, "inside_osm_reef_polygon": false, "working_hypothesis_60_70": false, "working_hypothesis_gt100": false }, "geometry": { "type": "Point", "coordinates": [ 134.55412290000001, 7.3213334, 58.0 ] } },
{ "type": "Feature", "properties": { "RCID": 8841, "PRIM": 1, "GRUP": 2, "OBJL": 129, "RVER": 1, "AGEN": 550, "FIDN": -2004046809, "FIDS": 19802, "LNAM": "0226888CAC274D5A", "LNAM_REFS": null, "FFPT_RIND": null, "EXPSOU": null, "NOBJNM": null, "OBJNAM": null, "QUASOU": null, "SOUACC": null, "TECSOU": null, "VERDAT": null, "STATUS": null, "INFORM": null, "NINFOM": null, "NTXTDS": null, "SCAMAX": null, "SCAMIN": 29999, "TXTDSC": null, "RECDAT": null, "RECIND": null, "SORDAT": "20150206", "SORIND": "US,US,reprt,L-246-2015", "DEPTH": 29.4, "_enc_cell": "US4TB3P0", "depth_m": 29.4, "_sound_id": 855, "CATZOC": 5, "QUAL_POSACC": null, "QUAL_SOUACC": null, "QUAL_SUREND": "1938", "QUAL_SURSTA": "1915", "QUAL_TECSOU": null, "QUAL_VERDAT": null, "QUAL_INFORM": "Former Japan Chart 481 (Ed. 1940, Rev. 1944), from Japan surveys, Scale 1:25,000", "QUAL_SORDAT": "20150206", "QUAL_SORIND": "US,US,reprt,L-246-2015", "QUAL_ENC_CELL": "US4TB3P0", "zoc_label": "D", "quality_model_weight": 0.22, "ALLEN_class_name": null, "semantic_zone": "outside_allen_geomorphic_or_unclassified", "allen_mapped": false, "DEPARE_DRVAL1": 20.0, "DEPARE_DRVAL2": 30.0, "DEPARE__enc_cell": "US4TB3P0", "DEPARE_VERDAT": null, "inside_osm_reef_polygon": false, "working_hypothesis_60_70": false, "working_hypothesis_gt100": false }, "geometry": { "type": "Point", "coordinates": [ 134.554138200000011, 7.3197613, 29.4 ] } },
{ "type": "Feature", "properties": { "RCID": 8841, "PRIM": 1, "GRUP": 2, "OBJL": 129, "RVER": 1, "AGEN": 550, "FIDN": -2004046809, "FIDS": 19802, "LNAM": "0226888CAC274D5A", "LNAM_REFS": null, "FFPT_RIND": null, "EXPSOU": null, "NOBJNM": null, "OBJNAM": null, "QUASOU": null, "SOUACC": null, "TECSOU": null, "VERDAT": null, "STATUS": null, "INFORM": null, "NINFOM": null, "NTXTDS": null, "SCAMAX": null, "SCAMIN": 29999, "TXTDSC": null, "RECDAT": null, "RECIND": null, "SORDAT": "20150206", "SORIND": "US,US,reprt,L-246-2015", "DEPTH": 35.0, "_enc_cell": "US4TB3P0", "depth_m": 35.0, "_sound_id": 856, "CATZOC": 5, "QUAL_POSACC": null, "QUAL_SOUACC": null, "QUAL_SUREND": "1938", "QUAL_SURSTA": "1915", "QUAL_TECSOU": null, "QUAL_VERDAT": null, "QUAL_INFORM": "Former Japan Chart 481 (Ed. 1940, Rev. 1944), from Japan surveys, Scale 1:25,000", "QUAL_SORDAT": "20150206", "QUAL_SORIND": "US,US,reprt,L-246-2015", "QUAL_ENC_CELL": "US4TB3P0", "zoc_label": "D", "quality_model_weight": 0.22, "ALLEN_class_name": null, "semantic_zone": "outside_allen_geomorphic_or_unclassified", "allen_mapped": false, "DEPARE_DRVAL1": 30.0, "DEPARE_DRVAL2": 50.0, "DEPARE__enc_cell": "US4TB3P0", "DEPARE_VERDAT": null, "inside_osm_reef_polygon": false, "working_hypothesis_60_70": false, "working_hypothesis_gt100": false }, "geometry": { "type": "Point", "coordinates": [ 134.554397599999987, 7.3252807, 35.0 ] } },
{ "type": "Feature", "properties": { "RCID": 8841, "PRIM": 1, "GRUP": 2, "OBJL": 129, "RVER": 1, "AGEN": 550, "FIDN": -2004046809, "FIDS": 19802, "LNAM": "0226888CAC274D5A", "LNAM_REFS": null, "FFPT_RIND": null, "EXPSOU": null, "NOBJNM": null, "OBJNAM": null, "QUASOU": null, "SOUACC": null, "TECSOU": null, "VERDAT": null, "STATUS": null, "INFORM": null, "NINFOM": null, "NTXTDS": null, "SCAMAX": null, "SCAMIN": 29999, "TXTDSC": null, "RECDAT": null, "RECIND": null, "SORDAT": "20150206", "SORIND": "US,US,reprt,L-246-2015", "DEPTH": 34.0, "_enc_cell": "US4TB3P0", "depth_m": 34.0, "_sound_id": 858, "CATZOC": 5, "QUAL_POSACC": null, "QUAL_SOUACC": null, "QUAL_SUREND": "1938", "QUAL_SURSTA": "1915", "QUAL_TECSOU": null, "QUAL_VERDAT": null, "QUAL_INFORM": "Former Japan Chart 481 (Ed. 1940, Rev. 1944), from Japan surveys, Scale 1:25,000", "QUAL_SORDAT": "20150206", "QUAL_SORIND": "US,US,reprt,L-246-2015", "QUAL_ENC_CELL": "US4TB3P0", "zoc_label": "D", "quality_model_weight": 0.22, "ALLEN_class_name": null, "semantic_zone": "outside_allen_geomorphic_or_unclassified", "allen_mapped": false, "DEPARE_DRVAL1": 30.0, "DEPARE_DRVAL2": 50.0, "DEPARE__enc_cell": "US4TB3P0", "DEPARE_VERDAT": null, "inside_osm_reef_polygon": false, "working_hypothesis_60_70": false, "working_hypothesis_gt100": false }, "geometry": { "type": "Point", "coordinates": [ 134.554611200000011, 7.323575, 34.0 ] } },
{ "type": "Feature", "properties": { "RCID": 8841, "PRIM": 1, "GRUP": 2, "OBJL": 129, "RVER": 1, "AGEN": 550, "FIDN": -2004046809, "FIDS": 19802, "LNAM": "0226888CAC274D5A", "LNAM_REFS": null, "FFPT_RIND": null, "EXPSOU": null, "NOBJNM": null, "OBJNAM": null, "QUASOU": null, "SOUACC": null, "TECSOU": null, "VERDAT": null, "STATUS": null, "INFORM": null, "NINFOM": null, "NTXTDS": null, "SCAMAX": null, "SCAMIN": 29999, "TXTDSC": null, "RECDAT": null, "RECIND": null, "SORDAT": "20150206", "SORIND": "US,US,reprt,L-246-2015", "DEPTH": 40.0, "_enc_cell": "US4TB3P0", "depth_m": 40.0, "_sound_id": 862, "CATZOC": 5, "QUAL_POSACC": null, "QUAL_SOUACC": null, "QUAL_SUREND": "1938", "QUAL_SURSTA": "1915", "QUAL_TECSOU": null, "QUAL_VERDAT": null, "QUAL_INFORM": "Former Japan Chart 481 (Ed. 1940, Rev. 1944), from Japan surveys, Scale 1:25,000", "QUAL_SORDAT": "20150206", "QUAL_SORIND": "US,US,reprt,L-246-2015", "QUAL_ENC_CELL": "US4TB3P0", "zoc_label": "D", "quality_model_weight": 0.22, "ALLEN_class_name": null, "semantic_zone": "outside_allen_geomorphic_or_unclassified", "allen_mapped": false, "DEPARE_DRVAL1": 30.0, "DEPARE_DRVAL2": 50.0, "DEPARE__enc_cell": "US4TB3P0", "DEPARE_VERDAT": null, "inside_osm_reef_polygon": false, "working_hypothesis_60_70": false, "working_hypothesis_gt100": false }, "geometry": { "type": "Point", "coordinates": [ 134.555954, 7.3168197, 40.0 ] } },
{ "type": "Feature", "properties": { "RCID": 8841, "PRIM": 1, "GRUP": 2, "OBJL": 129, "RVER": 1, "AGEN": 550, "FIDN": -2004046809, "FIDS": 19802, "LNAM": "0226888CAC274D5A", "LNAM_REFS": null, "FFPT_RIND": null, "EXPSOU": null, "NOBJNM": null, "OBJNAM": null, "QUASOU": null, "SOUACC": null, "TECSOU": null, "VERDAT": null, "STATUS": null, "INFORM": null, "NINFOM": null, "NTXTDS": null, "SCAMAX": null, "SCAMIN": 29999, "TXTDSC": null, "RECDAT": null, "RECIND": null, "SORDAT": "20150206", "SORIND": "US,US,reprt,L-246-2015", "DEPTH": 30.8, "_enc_cell": "US4TB3P0", "depth_m": 30.8, "_sound_id": 866, "CATZOC": 3, "QUAL_POSACC": null, "QUAL_SOUACC": null, "QUAL_SUREND": "2004", "QUAL_SURSTA": null, "QUAL_TECSOU": null, "QUAL_VERDAT": null, "QUAL_INFORM": "U.S. Navy LIDAR Survey, Archive No. 04HFM01, Scale 1:5,000-1:10,000", "QUAL_SORDAT": "20150206", "QUAL_SORIND": "US,US,reprt,L-246-2015", "QUAL_ENC_CELL": "US4TB3P0", "zoc_label": "B", "quality_model_weight": 0.72, "ALLEN_class_name": null, "semantic_zone": "outside_allen_geomorphic_or_unclassified", "allen_mapped": false, "DEPARE_DRVAL1": 30.0, "DEPARE_DRVAL2": 50.0, "DEPARE__enc_cell": "US4TB3P0", "DEPARE_VERDAT": null, "inside_osm_reef_polygon": false, "working_hypothesis_60_70": false, "working_hypothesis_gt100": false }, "geometry": { "type": "Point", "coordinates": [ 134.5565643, 7.3253388, 30.8 ] } },
{ "type": "Feature", "properties": { "RCID": 8841, "PRIM": 1, "GRUP": 2, "OBJL": 129, "RVER": 1, "AGEN": 550, "FIDN": -2004046809, "FIDS": 19802, "LNAM": "0226888CAC274D5A", "LNAM_REFS": null, "FFPT_RIND": null, "EXPSOU": null, "NOBJNM": null, "OBJNAM": null, "QUASOU": null, "SOUACC": null, "TECSOU": null, "VERDAT": null, "STATUS": null, "INFORM": null, "NINFOM": null, "NTXTDS": null, "SCAMAX": null, "SCAMIN": 29999, "TXTDSC": null, "RECDAT": null, "RECIND": null, "SORDAT": "20150206", "SORIND": "US,US,reprt,L-246-2015", "DEPTH": 28.4, "_enc_cell": "US4TB3P0", "depth_m": 28.4, "_sound_id": 868, "CATZOC": 5, "QUAL_POSACC": null, "QUAL_SOUACC": null, "QUAL_SUREND": "1938", "QUAL_SURSTA": "1915", "QUAL_TECSOU": null, "QUAL_VERDAT": null, "QUAL_INFORM": "Former Japan Chart 481 (Ed. 1940, Rev. 1944), from Japan surveys, Scale 1:25,000", "QUAL_SORDAT": "20150206", "QUAL_SORIND": "US,US,reprt,L-246-2015", "QUAL_ENC_CELL": "US4TB3P0", "zoc_label": "D", "quality_model_weight": 0.22, "ALLEN_class_name": null, "semantic_zone": "outside_allen_geomorphic_or_unclassified", "allen_mapped": false, "DEPARE_DRVAL1": 20.0, "DEPARE_DRVAL2": 30.0, "DEPARE__enc_cell": "US4TB3P0", "DEPARE_VERDAT": null, "inside_osm_reef_polygon": false, "working_hypothesis_60_70": false, "working_hypothesis_gt100": false }, "geometry": { "type": "Point", "coordinates": [ 134.5569458, 7.3242221, 28.4 ] } },
{ "type": "Feature", "properties": { "RCID": 8841, "PRIM": 1, "GRUP": 2, "OBJL": 129, "RVER": 1, "AGEN": 550, "FIDN": -2004046809, "FIDS": 19802, "LNAM": "0226888CAC274D5A", "LNAM_REFS": null, "FFPT_RIND": null, "EXPSOU": null, "NOBJNM": null, "OBJNAM": null, "QUASOU": null, "SOUACC": null, "TECSOU": null, "VERDAT": null, "STATUS": null, "INFORM": null, "NINFOM": null, "NTXTDS": null, "SCAMAX": null, "SCAMIN": 29999, "TXTDSC": null, "RECDAT": null, "RECIND": null, "SORDAT": "20150206", "SORIND": "US,US,reprt,L-246-2015", "DEPTH": 6.4, "_enc_cell": "US4TB3P0", "depth_m": 6.4, "_sound_id": 871, "CATZOC": 3, "QUAL_POSACC": null, "QUAL_SOUACC": null, "QUAL_SUREND": "2004", "QUAL_SURSTA": null, "QUAL_TECSOU": null, "QUAL_VERDAT": null, "QUAL_INFORM": "U.S. Navy LIDAR Survey, Archive No. 04HFM01, Scale 1:5,000-1:10,000", "QUAL_SORDAT": "20150206", "QUAL_SORIND": "US,US,reprt,L-246-2015", "QUAL_ENC_CELL": "US4TB3P0", "zoc_label": "B", "quality_model_weight": 0.72, "ALLEN_class_name": "Back Reef Slope", "semantic_zone": "reef_slope", "allen_mapped": true, "DEPARE_DRVAL1": 5.0, "DEPARE_DRVAL2": 10.0, "DEPARE__enc_cell": "US4TB3P0", "DEPARE_VERDAT": null, "inside_osm_reef_polygon": false, "working_hypothesis_60_70": false, "working_hypothesis_gt100": false }, "geometry": { "type": "Point", "coordinates": [ 134.557724, 7.3291221, 6.4 ] } },
{ "type": "Feature", "properties": { "RCID": 8841, "PRIM": 1, "GRUP": 2, "OBJL": 129, "RVER": 1, "AGEN": 550, "FIDN": -2004046809, "FIDS": 19802, "LNAM": "0226888CAC274D5A", "LNAM_REFS": null, "FFPT_RIND": null, "EXPSOU": null, "NOBJNM": null, "OBJNAM": null, "QUASOU": null, "SOUACC": null, "TECSOU": null, "VERDAT": null, "STATUS": null, "INFORM": null, "NINFOM": null, "NTXTDS": null, "SCAMAX": null, "SCAMIN": 29999, "TXTDSC": null, "RECDAT": null, "RECIND": null, "SORDAT": "20150206", "SORIND": "US,US,reprt,L-246-2015", "DEPTH": 31.0, "_enc_cell": "US4TB3P0", "depth_m": 31.0, "_sound_id": 876, "CATZOC": 5, "QUAL_POSACC": null, "QUAL_SOUACC": null, "QUAL_SUREND": "1938", "QUAL_SURSTA": "1915", "QUAL_TECSOU": null, "QUAL_VERDAT": null, "QUAL_INFORM": "Former Japan Chart 481 (Ed. 1940, Rev. 1944), from Japan surveys, Scale 1:25,000", "QUAL_SORDAT": "20150206", "QUAL_SORIND": "US,US,reprt,L-246-2015", "QUAL_ENC_CELL": "US4TB3P0", "zoc_label": "D", "quality_model_weight": 0.22, "ALLEN_class_name": null, "semantic_zone": "outside_allen_geomorphic_or_unclassified", "allen_mapped": false, "DEPARE_DRVAL1": 30.0, "DEPARE_DRVAL2": 50.0, "DEPARE__enc_cell": "US4TB3P0", "DEPARE_VERDAT": null, "inside_osm_reef_polygon": false, "working_hypothesis_60_70": false, "working_hypothesis_gt100": false }, "geometry": { "type": "Point", "coordinates": [ 134.558822600000013, 7.3216529, 31.0 ] } },
{ "type": "Feature", "properties": { "RCID": 8841, "PRIM": 1, "GRUP": 2, "OBJL": 129, "RVER": 1, "AGEN": 550, "FIDN": -2004046809, "FIDS": 19802, "LNAM": "0226888CAC274D5A", "LNAM_REFS": null, "FFPT_RIND": null, "EXPSOU": null, "NOBJNM": null, "OBJNAM": null, "QUASOU": null, "SOUACC": null, "TECSOU": null, "VERDAT": null, "STATUS": null, "INFORM": null, "NINFOM": null, "NTXTDS": null, "SCAMAX": null, "SCAMIN": 29999, "TXTDSC": null, "RECDAT": null, "RECIND": null, "SORDAT": "20150206", "SORIND": "US,US,reprt,L-246-2015", "DEPTH": 27.6, "_enc_cell": "US4TB3P0", "depth_m": 27.6, "_sound_id": 877, "CATZOC": 3, "QUAL_POSACC": null, "QUAL_SOUACC": null, "QUAL_SUREND": "2004", "QUAL_SURSTA": null, "QUAL_TECSOU": null, "QUAL_VERDAT": null, "QUAL_INFORM": "U.S. Navy LIDAR Survey, Archive No. 04HFM01, Scale 1:5,000-1:10,000", "QUAL_SORDAT": "20150206", "QUAL_SORIND": "US,US,reprt,L-246-2015", "QUAL_ENC_CELL": "US4TB3P0", "zoc_label": "B", "quality_model_weight": 0.72, "ALLEN_class_name": null, "semantic_zone": "outside_allen_geomorphic_or_unclassified", "allen_mapped": false, "DEPARE_DRVAL1": 20.0, "DEPARE_DRVAL2": 30.0, "DEPARE__enc_cell": "US4TB3P0", "DEPARE_VERDAT": null, "inside_osm_reef_polygon": false, "working_hypothesis_60_70": false, "working_hypothesis_gt100": false }, "geometry": { "type": "Point", "coordinates": [ 134.5592957, 7.3235278, 27.6 ] } },
{ "type": "Feature", "properties": { "RCID": 8841, "PRIM": 1, "GRUP": 2, "OBJL": 129, "RVER": 1, "AGEN": 550, "FIDN": -2004046809, "FIDS": 19802, "LNAM": "0226888CAC274D5A", "LNAM_REFS": null, "FFPT_RIND": null, "EXPSOU": null, "NOBJNM": null, "OBJNAM": null, "QUASOU": null, "SOUACC": null, "TECSOU": null, "VERDAT": null, "STATUS": null, "INFORM": null, "NINFOM": null, "NTXTDS": null, "SCAMAX": null, "SCAMIN": 29999, "TXTDSC": null, "RECDAT": null, "RECIND": null, "SORDAT": "20150206", "SORIND": "US,US,reprt,L-246-2015", "DEPTH": 29.3, "_enc_cell": "US4TB3P0", "depth_m": 29.3, "_sound_id": 878, "CATZOC": 3, "QUAL_POSACC": null, "QUAL_SOUACC": null, "QUAL_SUREND": "2004", "QUAL_SURSTA": null, "QUAL_TECSOU": null, "QUAL_VERDAT": null, "QUAL_INFORM": "U.S. Navy LIDAR Survey, Archive No. 04HFM01, Scale 1:5,000-1:10,000", "QUAL_SORDAT": "20150206", "QUAL_SORIND": "US,US,reprt,L-246-2015", "QUAL_ENC_CELL": "US4TB3P0", "zoc_label": "B", "quality_model_weight": 0.72, "ALLEN_class_name": null, "semantic_zone": "outside_allen_geomorphic_or_unclassified", "allen_mapped": false, "DEPARE_DRVAL1": 20.0, "DEPARE_DRVAL2": 30.0, "DEPARE__enc_cell": "US4TB3P0", "DEPARE_VERDAT": null, "inside_osm_reef_polygon": false, "working_hypothesis_60_70": false, "working_hypothesis_gt100": false }, "geometry": { "type": "Point", "coordinates": [ 134.5594635, 7.326272, 29.3 ] } },
{ "type": "Feature", "properties": { "RCID": 8841, "PRIM": 1, "GRUP": 2, "OBJL": 129, "RVER": 1, "AGEN": 550, "FIDN": -2004046809, "FIDS": 19802, "LNAM": "0226888CAC274D5A", "LNAM_REFS": null, "FFPT_RIND": null, "EXPSOU": null, "NOBJNM": null, "OBJNAM": null, "QUASOU": null, "SOUACC": null, "TECSOU": null, "VERDAT": null, "STATUS": null, "INFORM": null, "NINFOM": null, "NTXTDS": null, "SCAMAX": null, "SCAMIN": 29999, "TXTDSC": null, "RECDAT": null, "RECIND": null, "SORDAT": "20150206", "SORIND": "US,US,reprt,L-246-2015", "DEPTH": 26.3, "_enc_cell": "US4TB3P0", "depth_m": 26.3, "_sound_id": 879, "CATZOC": 3, "QUAL_POSACC": null, "QUAL_SOUACC": null, "QUAL_SUREND": "2004", "QUAL_SURSTA": null, "QUAL_TECSOU": null, "QUAL_VERDAT": null, "QUAL_INFORM": "U.S. Navy LIDAR Survey, Archive No. 04HFM01, Scale 1:5,000-1:10,000", "QUAL_SORDAT": "20150206", "QUAL_SORIND": "US,US,reprt,L-246-2015", "QUAL_ENC_CELL": "US4TB3P0", "zoc_label": "B", "quality_model_weight": 0.72, "ALLEN_class_name": null, "semantic_zone": "outside_allen_geomorphic_or_unclassified", "allen_mapped": false, "DEPARE_DRVAL1": 20.0, "DEPARE_DRVAL2": 30.0, "DEPARE__enc_cell": "US4TB3P0", "DEPARE_VERDAT": null, "inside_osm_reef_polygon": false, "working_hypothesis_60_70": false, "working_hypothesis_gt100": false }, "geometry": { "type": "Point", "coordinates": [ 134.559494, 7.3244805, 26.3 ] } },
{ "type": "Feature", "properties": { "RCID": 8841, "PRIM": 1, "GRUP": 2, "OBJL": 129, "RVER": 1, "AGEN": 550, "FIDN": -2004046809, "FIDS": 19802, "LNAM": "0226888CAC274D5A", "LNAM_REFS": null, "FFPT_RIND": null, "EXPSOU": null, "NOBJNM": null, "OBJNAM": null, "QUASOU": null, "SOUACC": null, "TECSOU": null, "VERDAT": null, "STATUS": null, "INFORM": null, "NINFOM": null, "NTXTDS": null, "SCAMAX": null, "SCAMIN": 29999, "TXTDSC": null, "RECDAT": null, "RECIND": null, "SORDAT": "20150206", "SORIND": "US,US,reprt,L-246-2015", "DEPTH": 42.0, "_enc_cell": "US4TB3P0", "depth_m": 42.0, "_sound_id": 881, "CATZOC": 3, "QUAL_POSACC": null, "QUAL_SOUACC": null, "QUAL_SUREND": "2004", "QUAL_SURSTA": null, "QUAL_TECSOU": null, "QUAL_VERDAT": null, "QUAL_INFORM": "U.S. Navy LIDAR Survey, Archive No. 04HFM01, Scale 1:5,000-1:10,000", "QUAL_SORDAT": "20150206", "QUAL_SORIND": "US,US,reprt,L-246-2015", "QUAL_ENC_CELL": "US4TB3P0", "zoc_label": "B", "quality_model_weight": 0.72, "ALLEN_class_name": null, "semantic_zone": "outside_allen_geomorphic_or_unclassified", "allen_mapped": false, "DEPARE_DRVAL1": 30.0, "DEPARE_DRVAL2": 50.0, "DEPARE__enc_cell": "US4TB3P0", "DEPARE_VERDAT": null, "inside_osm_reef_polygon": false, "working_hypothesis_60_70": false, "working_hypothesis_gt100": false }, "geometry": { "type": "Point", "coordinates": [ 134.559799199999986, 7.327672, 42.0 ] } },
{ "type": "Feature", "properties": { "RCID": 8841, "PRIM": 1, "GRUP": 2, "OBJL": 129, "RVER": 1, "AGEN": 550, "FIDN": -2004046809, "FIDS": 19802, "LNAM": "0226888CAC274D5A", "LNAM_REFS": null, "FFPT_RIND": null, "EXPSOU": null, "NOBJNM": null, "OBJNAM": null, "QUASOU": null, "SOUACC": null, "TECSOU": null, "VERDAT": null, "STATUS": null, "INFORM": null, "NINFOM": null, "NTXTDS": null, "SCAMAX": null, "SCAMIN": 29999, "TXTDSC": null, "RECDAT": null, "RECIND": null, "SORDAT": "20150206", "SORIND": "US,US,reprt,L-246-2015", "DEPTH": 40.0, "_enc_cell": "US4TB3P0", "depth_m": 40.0, "_sound_id": 882, "CATZOC": 5, "QUAL_POSACC": null, "QUAL_SOUACC": null, "QUAL_SUREND": "1938", "QUAL_SURSTA": "1915", "QUAL_TECSOU": null, "QUAL_VERDAT": null, "QUAL_INFORM": "Former Japan Chart 481 (Ed. 1940, Rev. 1944), from Japan surveys, Scale 1:25,000", "QUAL_SORDAT": "20150206", "QUAL_SORIND": "US,US,reprt,L-246-2015", "QUAL_ENC_CELL": "US4TB3P0", "zoc_label": "D", "quality_model_weight": 0.22, "ALLEN_class_name": null, "semantic_zone": "outside_allen_geomorphic_or_unclassified", "allen_mapped": false, "DEPARE_DRVAL1": 30.0, "DEPARE_DRVAL2": 50.0, "DEPARE__enc_cell": "US4TB3P0", "DEPARE_VERDAT": null, "inside_osm_reef_polygon": false, "working_hypothesis_60_70": false, "working_hypothesis_gt100": false }, "geometry": { "type": "Point", "coordinates": [ 134.559814499999987, 7.3175335, 40.0 ] } },
{ "type": "Feature", "properties": { "RCID": 8841, "PRIM": 1, "GRUP": 2, "OBJL": 129, "RVER": 1, "AGEN": 550, "FIDN": -2004046809, "FIDS": 19802, "LNAM": "0226888CAC274D5A", "LNAM_REFS": null, "FFPT_RIND": null, "EXPSOU": null, "NOBJNM": null, "OBJNAM": null, "QUASOU": null, "SOUACC": null, "TECSOU": null, "VERDAT": null, "STATUS": null, "INFORM": null, "NINFOM": null, "NTXTDS": null, "SCAMAX": null, "SCAMIN": 29999, "TXTDSC": null, "RECDAT": null, "RECIND": null, "SORDAT": "20150206", "SORIND": "US,US,reprt,L-246-2015", "DEPTH": 6.9, "_enc_cell": "US4TB3P0", "depth_m": 6.9, "_sound_id": 883, "CATZOC": 3, "QUAL_POSACC": null, "QUAL_SOUACC": null, "QUAL_SUREND": "2004", "QUAL_SURSTA": null, "QUAL_TECSOU": null, "QUAL_VERDAT": null, "QUAL_INFORM": "U.S. Navy LIDAR Survey, Archive No. 04HFM01, Scale 1:5,000-1:10,000", "QUAL_SORDAT": "20150206", "QUAL_SORIND": "US,US,reprt,L-246-2015", "QUAL_ENC_CELL": "US4TB3P0", "zoc_label": "B", "quality_model_weight": 0.72, "ALLEN_class_name": "Back Reef Slope", "semantic_zone": "reef_slope", "allen_mapped": true, "DEPARE_DRVAL1": 5.0, "DEPARE_DRVAL2": 10.0, "DEPARE__enc_cell": "US4TB3P0", "DEPARE_VERDAT": null, "inside_osm_reef_polygon": false, "working_hypothesis_60_70": false, "working_hypothesis_gt100": false }, "geometry": { "type": "Point", "coordinates": [ 134.56001280000001, 7.331625, 6.9 ] } },
{ "type": "Feature", "properties": { "RCID": 8841, "PRIM": 1, "GRUP": 2, "OBJL": 129, "RVER": 1, "AGEN": 550, "FIDN": -2004046809, "FIDS": 19802, "LNAM": "0226888CAC274D5A", "LNAM_REFS": null, "FFPT_RIND": null, "EXPSOU": null, "NOBJNM": null, "OBJNAM": null, "QUASOU": null, "SOUACC": null, "TECSOU": null, "VERDAT": null, "STATUS": null, "INFORM": null, "NINFOM": null, "NTXTDS": null, "SCAMAX": null, "SCAMIN": 29999, "TXTDSC": null, "RECDAT": null, "RECIND": null, "SORDAT": "20150206", "SORIND": "US,US,reprt,L-246-2015", "DEPTH": 29.7, "_enc_cell": "US4TB3P0", "depth_m": 29.7, "_sound_id": 886, "CATZOC": 3, "QUAL_POSACC": null, "QUAL_SOUACC": null, "QUAL_SUREND": "2004", "QUAL_SURSTA": null, "QUAL_TECSOU": null, "QUAL_VERDAT": null, "QUAL_INFORM": "U.S. Navy LIDAR Survey, Archive No. 04HFM01, Scale 1:5,000-1:10,000", "QUAL_SORDAT": "20150206", "QUAL_SORIND": "US,US,reprt,L-246-2015", "QUAL_ENC_CELL": "US4TB3P0", "zoc_label": "B", "quality_model_weight": 0.72, "ALLEN_class_name": null, "semantic_zone": "outside_allen_geomorphic_or_unclassified", "allen_mapped": false, "DEPARE_DRVAL1": 20.0, "DEPARE_DRVAL2": 30.0, "DEPARE__enc_cell": "US4TB3P0", "DEPARE_VERDAT": null, "inside_osm_reef_polygon": false, "working_hypothesis_60_70": false, "working_hypothesis_gt100": false }, "geometry": { "type": "Point", "coordinates": [ 134.5602417, 7.3269529, 29.7 ] } },
{ "type": "Feature", "properties": { "RCID": 8841, "PRIM": 1, "GRUP": 2, "OBJL": 129, "RVER": 1, "AGEN": 550, "FIDN": -2004046809, "FIDS": 19802, "LNAM": "0226888CAC274D5A", "LNAM_REFS": null, "FFPT_RIND": null, "EXPSOU": null, "NOBJNM": null, "OBJNAM": null, "QUASOU": null, "SOUACC": null, "TECSOU": null, "VERDAT": null, "STATUS": null, "INFORM": null, "NINFOM": null, "NTXTDS": null, "SCAMAX": null, "SCAMIN": 29999, "TXTDSC": null, "RECDAT": null, "RECIND": null, "SORDAT": "20150206", "SORIND": "US,US,reprt,L-246-2015", "DEPTH": 28.3, "_enc_cell": "US4TB3P0", "depth_m": 28.3, "_sound_id": 888, "CATZOC": 5, "QUAL_POSACC": null, "QUAL_SOUACC": null, "QUAL_SUREND": "1938", "QUAL_SURSTA": "1915", "QUAL_TECSOU": null, "QUAL_VERDAT": null, "QUAL_INFORM": "Former Japan Chart 481 (Ed. 1940, Rev. 1944), from Japan surveys, Scale 1:25,000", "QUAL_SORDAT": "20150206", "QUAL_SORIND": "US,US,reprt,L-246-2015", "QUAL_ENC_CELL": "US4TB3P0", "zoc_label": "D", "quality_model_weight": 0.22, "ALLEN_class_name": null, "semantic_zone": "outside_allen_geomorphic_or_unclassified", "allen_mapped": false, "DEPARE_DRVAL1": 20.0, "DEPARE_DRVAL2": 30.0, "DEPARE__enc_cell": "US4TB3P0", "DEPARE_VERDAT": null, "inside_osm_reef_polygon": false, "working_hypothesis_60_70": false, "working_hypothesis_gt100": false }, "geometry": { "type": "Point", "coordinates": [ 134.560760499999986, 7.3196778, 28.3 ] } },
{ "type": "Feature", "properties": { "RCID": 8841, "PRIM": 1, "GRUP": 2, "OBJL": 129, "RVER": 1, "AGEN": 550, "FIDN": -2004046809, "FIDS": 19802, "LNAM": "0226888CAC274D5A", "LNAM_REFS": null, "FFPT_RIND": null, "EXPSOU": null, "NOBJNM": null, "OBJNAM": null, "QUASOU": null, "SOUACC": null, "TECSOU": null, "VERDAT": null, "STATUS": null, "INFORM": null, "NINFOM": null, "NTXTDS": null, "SCAMAX": null, "SCAMIN": 29999, "TXTDSC": null, "RECDAT": null, "RECIND": null, "SORDAT": "20150206", "SORIND": "US,US,reprt,L-246-2015", "DEPTH": 6.2, "_enc_cell": "US4TB3P0", "depth_m": 6.2, "_sound_id": 892, "CATZOC": 3, "QUAL_POSACC": null, "QUAL_SOUACC": null, "QUAL_SUREND": "2004", "QUAL_SURSTA": null, "QUAL_TECSOU": null, "QUAL_VERDAT": null, "QUAL_INFORM": "U.S. Navy LIDAR Survey, Archive No. 04HFM01, Scale 1:5,000-1:10,000", "QUAL_SORDAT": "20150206", "QUAL_SORIND": "US,US,reprt,L-246-2015", "QUAL_ENC_CELL": "US4TB3P0", "zoc_label": "B", "quality_model_weight": 0.72, "ALLEN_class_name": null, "semantic_zone": "outside_allen_geomorphic_or_unclassified", "allen_mapped": false, "DEPARE_DRVAL1": 5.0, "DEPARE_DRVAL2": 10.0, "DEPARE__enc_cell": "US4TB3P0", "DEPARE_VERDAT": null, "inside_osm_reef_polygon": false, "working_hypothesis_60_70": false, "working_hypothesis_gt100": false }, "geometry": { "type": "Point", "coordinates": [ 134.5618744, 7.3334637, 6.2 ] } },
{ "type": "Feature", "properties": { "RCID": 8841, "PRIM": 1, "GRUP": 2, "OBJL": 129, "RVER": 1, "AGEN": 550, "FIDN": -2004046809, "FIDS": 19802, "LNAM": "0226888CAC274D5A", "LNAM_REFS": null, "FFPT_RIND": null, "EXPSOU": null, "NOBJNM": null, "OBJNAM": null, "QUASOU": null, "SOUACC": null, "TECSOU": null, "VERDAT": null, "STATUS": null, "INFORM": null, "NINFOM": null, "NTXTDS": null, "SCAMAX": null, "SCAMIN": 29999, "TXTDSC": null, "RECDAT": null, "RECIND": null, "SORDAT": "20150206", "SORIND": "US,US,reprt,L-246-2015", "DEPTH": 26.9, "_enc_cell": "US4TB3P0", "depth_m": 26.9, "_sound_id": 893, "CATZOC": 3, "QUAL_POSACC": null, "QUAL_SOUACC": null, "QUAL_SUREND": "2004", "QUAL_SURSTA": null, "QUAL_TECSOU": null, "QUAL_VERDAT": null, "QUAL_INFORM": "U.S. Navy LIDAR Survey, Archive No. 04HFM01, Scale 1:5,000-1:10,000", "QUAL_SORDAT": "20150206", "QUAL_SORIND": "US,US,reprt,L-246-2015", "QUAL_ENC_CELL": "US4TB3P0", "zoc_label": "B", "quality_model_weight": 0.72, "ALLEN_class_name": null, "semantic_zone": "outside_allen_geomorphic_or_unclassified", "allen_mapped": false, "DEPARE_DRVAL1": 20.0, "DEPARE_DRVAL2": 30.0, "DEPARE__enc_cell": "US4TB3P0", "DEPARE_VERDAT": null, "inside_osm_reef_polygon": false, "working_hypothesis_60_70": false, "working_hypothesis_gt100": false }, "geometry": { "type": "Point", "coordinates": [ 134.5619049, 7.3284526, 26.9 ] } },
{ "type": "Feature", "properties": { "RCID": 8841, "PRIM": 1, "GRUP": 2, "OBJL": 129, "RVER": 1, "AGEN": 550, "FIDN": -2004046809, "FIDS": 19802, "LNAM": "0226888CAC274D5A", "LNAM_REFS": null, "FFPT_RIND": null, "EXPSOU": null, "NOBJNM": null, "OBJNAM": null, "QUASOU": null, "SOUACC": null, "TECSOU": null, "VERDAT": null, "STATUS": null, "INFORM": null, "NINFOM": null, "NTXTDS": null, "SCAMAX": null, "SCAMIN": 29999, "TXTDSC": null, "RECDAT": null, "RECIND": null, "SORDAT": "20150206", "SORIND": "US,US,reprt,L-246-2015", "DEPTH": 29.1, "_enc_cell": "US4TB3P0", "depth_m": 29.1, "_sound_id": 894, "CATZOC": 3, "QUAL_POSACC": null, "QUAL_SOUACC": null, "QUAL_SUREND": "2004", "QUAL_SURSTA": null, "QUAL_TECSOU": null, "QUAL_VERDAT": null, "QUAL_INFORM": "U.S. Navy LIDAR Survey, Archive No. 04HFM01, Scale 1:5,000-1:10,000", "QUAL_SORDAT": "20150206", "QUAL_SORIND": "US,US,reprt,L-246-2015", "QUAL_ENC_CELL": "US4TB3P0", "zoc_label": "B", "quality_model_weight": 0.72, "ALLEN_class_name": null, "semantic_zone": "outside_allen_geomorphic_or_unclassified", "allen_mapped": false, "DEPARE_DRVAL1": 20.0, "DEPARE_DRVAL2": 30.0, "DEPARE__enc_cell": "US4TB3P0", "DEPARE_VERDAT": null, "inside_osm_reef_polygon": false, "working_hypothesis_60_70": false, "working_hypothesis_gt100": false }, "geometry": { "type": "Point", "coordinates": [ 134.5619202, 7.3260889, 29.1 ] } },
{ "type": "Feature", "properties": { "RCID": 8841, "PRIM": 1, "GRUP": 2, "OBJL": 129, "RVER": 1, "AGEN": 550, "FIDN": -2004046809, "FIDS": 19802, "LNAM": "0226888CAC274D5A", "LNAM_REFS": null, "FFPT_RIND": null, "EXPSOU": null, "NOBJNM": null, "OBJNAM": null, "QUASOU": null, "SOUACC": null, "TECSOU": null, "VERDAT": null, "STATUS": null, "INFORM": null, "NINFOM": null, "NTXTDS": null, "SCAMAX": null, "SCAMIN": 29999, "TXTDSC": null, "RECDAT": null, "RECIND": null, "SORDAT": "20150206", "SORIND": "US,US,reprt,L-246-2015", "DEPTH": 32.0, "_enc_cell": "US4TB3P0", "depth_m": 32.0, "_sound_id": 895, "CATZOC": 5, "QUAL_POSACC": null, "QUAL_SOUACC": null, "QUAL_SUREND": "1938", "QUAL_SURSTA": "1915", "QUAL_TECSOU": null, "QUAL_VERDAT": null, "QUAL_INFORM": "Former Japan Chart 481 (Ed. 1940, Rev. 1944), from Japan surveys, Scale 1:25,000", "QUAL_SORDAT": "20150206", "QUAL_SORIND": "US,US,reprt,L-246-2015", "QUAL_ENC_CELL": "US4TB3P0", "zoc_label": "D", "quality_model_weight": 0.22, "ALLEN_class_name": null, "semantic_zone": "outside_allen_geomorphic_or_unclassified", "allen_mapped": false, "DEPARE_DRVAL1": 30.0, "DEPARE_DRVAL2": 50.0, "DEPARE__enc_cell": "US4TB3P0", "DEPARE_VERDAT": null, "inside_osm_reef_polygon": false, "working_hypothesis_60_70": false, "working_hypothesis_gt100": false }, "geometry": { "type": "Point", "coordinates": [ 134.5620422, 7.3210387, 32.0 ] } },
{ "type": "Feature", "properties": { "RCID": 8841, "PRIM": 1, "GRUP": 2, "OBJL": 129, "RVER": 1, "AGEN": 550, "FIDN": -2004046809, "FIDS": 19802, "LNAM": "0226888CAC274D5A", "LNAM_REFS": null, "FFPT_RIND": null, "EXPSOU": null, "NOBJNM": null, "OBJNAM": null, "QUASOU": null, "SOUACC": null, "TECSOU": null, "VERDAT": null, "STATUS": null, "INFORM": null, "NINFOM": null, "NTXTDS": null, "SCAMAX": null, "SCAMIN": 29999, "TXTDSC": null, "RECDAT": null, "RECIND": null, "SORDAT": "20150206", "SORIND": "US,US,reprt,L-246-2015", "DEPTH": 23.0, "_enc_cell": "US4TB3P0", "depth_m": 23.0, "_sound_id": 899, "CATZOC": 3, "QUAL_POSACC": null, "QUAL_SOUACC": null, "QUAL_SUREND": "2004", "QUAL_SURSTA": null, "QUAL_TECSOU": null, "QUAL_VERDAT": null, "QUAL_INFORM": "U.S. Navy LIDAR Survey, Archive No. 04HFM01, Scale 1:5,000-1:10,000", "QUAL_SORDAT": "20150206", "QUAL_SORIND": "US,US,reprt,L-246-2015", "QUAL_ENC_CELL": "US4TB3P0", "zoc_label": "B", "quality_model_weight": 0.72, "ALLEN_class_name": null, "semantic_zone": "outside_allen_geomorphic_or_unclassified", "allen_mapped": false, "DEPARE_DRVAL1": 20.0, "DEPARE_DRVAL2": 30.0, "DEPARE__enc_cell": "US4TB3P0", "DEPARE_VERDAT": null, "inside_osm_reef_polygon": false, "working_hypothesis_60_70": false, "working_hypothesis_gt100": false }, "geometry": { "type": "Point", "coordinates": [ 134.5623627, 7.3307805, 23.0 ] } },
{ "type": "Feature", "properties": { "RCID": 8841, "PRIM": 1, "GRUP": 2, "OBJL": 129, "RVER": 1, "AGEN": 550, "FIDN": -2004046809, "FIDS": 19802, "LNAM": "0226888CAC274D5A", "LNAM_REFS": null, "FFPT_RIND": null, "EXPSOU": null, "NOBJNM": null, "OBJNAM": null, "QUASOU": null, "SOUACC": null, "TECSOU": null, "VERDAT": null, "STATUS": null, "INFORM": null, "NINFOM": null, "NTXTDS": null, "SCAMAX": null, "SCAMIN": 29999, "TXTDSC": null, "RECDAT": null, "RECIND": null, "SORDAT": "20150206", "SORIND": "US,US,reprt,L-246-2015", "DEPTH": 24.2, "_enc_cell": "US4TB3P0", "depth_m": 24.2, "_sound_id": 900, "CATZOC": 5, "QUAL_POSACC": null, "QUAL_SOUACC": null, "QUAL_SUREND": "1938", "QUAL_SURSTA": "1915", "QUAL_TECSOU": null, "QUAL_VERDAT": null, "QUAL_INFORM": "Former Japan Chart 481 (Ed. 1940, Rev. 1944), from Japan surveys, Scale 1:25,000", "QUAL_SORDAT": "20150206", "QUAL_SORIND": "US,US,reprt,L-246-2015", "QUAL_ENC_CELL": "US4TB3P0", "zoc_label": "D", "quality_model_weight": 0.22, "ALLEN_class_name": null, "semantic_zone": "outside_allen_geomorphic_or_unclassified", "allen_mapped": false, "DEPARE_DRVAL1": 20.0, "DEPARE_DRVAL2": 30.0, "DEPARE__enc_cell": "US4TB3P0", "DEPARE_VERDAT": null, "inside_osm_reef_polygon": false, "working_hypothesis_60_70": false, "working_hypothesis_gt100": false }, "geometry": { "type": "Point", "coordinates": [ 134.562576299999989, 7.3228526, 24.2 ] } },
{ "type": "Feature", "properties": { "RCID": 8841, "PRIM": 1, "GRUP": 2, "OBJL": 129, "RVER": 1, "AGEN": 550, "FIDN": -2004046809, "FIDS": 19802, "LNAM": "0226888CAC274D5A", "LNAM_REFS": null, "FFPT_RIND": null, "EXPSOU": null, "NOBJNM": null, "OBJNAM": null, "QUASOU": null, "SOUACC": null, "TECSOU": null, "VERDAT": null, "STATUS": null, "INFORM": null, "NINFOM": null, "NTXTDS": null, "SCAMAX": null, "SCAMIN": 29999, "TXTDSC": null, "RECDAT": null, "RECIND": null, "SORDAT": "20150206", "SORIND": "US,US,reprt,L-246-2015", "DEPTH": 28.3, "_enc_cell": "US4TB3P0", "depth_m": 28.3, "_sound_id": 901, "CATZOC": 3, "QUAL_POSACC": null, "QUAL_SOUACC": null, "QUAL_SUREND": "2004", "QUAL_SURSTA": null, "QUAL_TECSOU": null, "QUAL_VERDAT": null, "QUAL_INFORM": "U.S. Navy LIDAR Survey, Archive No. 04HFM01, Scale 1:5,000-1:10,000", "QUAL_SORDAT": "20150206", "QUAL_SORIND": "US,US,reprt,L-246-2015", "QUAL_ENC_CELL": "US4TB3P0", "zoc_label": "B", "quality_model_weight": 0.72, "ALLEN_class_name": null, "semantic_zone": "outside_allen_geomorphic_or_unclassified", "allen_mapped": false, "DEPARE_DRVAL1": 20.0, "DEPARE_DRVAL2": 30.0, "DEPARE__enc_cell": "US4TB3P0", "DEPARE_VERDAT": null, "inside_osm_reef_polygon": false, "working_hypothesis_60_70": false, "working_hypothesis_gt100": false }, "geometry": { "type": "Point", "coordinates": [ 134.5626068, 7.3242831, 28.3 ] } },
{ "type": "Feature", "properties": { "RCID": 8841, "PRIM": 1, "GRUP": 2, "OBJL": 129, "RVER": 1, "AGEN": 550, "FIDN": -2004046809, "FIDS": 19802, "LNAM": "0226888CAC274D5A", "LNAM_REFS": null, "FFPT_RIND": null, "EXPSOU": null, "NOBJNM": null, "OBJNAM": null, "QUASOU": null, "SOUACC": null, "TECSOU": null, "VERDAT": null, "STATUS": null, "INFORM": null, "NINFOM": null, "NTXTDS": null, "SCAMAX": null, "SCAMIN": 29999, "TXTDSC": null, "RECDAT": null, "RECIND": null, "SORDAT": "20150206", "SORIND": "US,US,reprt,L-246-2015", "DEPTH": 6.5, "_enc_cell": "US4TB3P0", "depth_m": 6.5, "_sound_id": 902, "CATZOC": 3, "QUAL_POSACC": null, "QUAL_SOUACC": null, "QUAL_SUREND": "2004", "QUAL_SURSTA": null, "QUAL_TECSOU": null, "QUAL_VERDAT": null, "QUAL_INFORM": "U.S. Navy LIDAR Survey, Archive No. 04HFM01, Scale 1:5,000-1:10,000", "QUAL_SORDAT": "20150206", "QUAL_SORIND": "US,US,reprt,L-246-2015", "QUAL_ENC_CELL": "US4TB3P0", "zoc_label": "B", "quality_model_weight": 0.72, "ALLEN_class_name": null, "semantic_zone": "outside_allen_geomorphic_or_unclassified", "allen_mapped": false, "DEPARE_DRVAL1": 5.0, "DEPARE_DRVAL2": 10.0, "DEPARE__enc_cell": "US4TB3P0", "DEPARE_VERDAT": null, "inside_osm_reef_polygon": false, "working_hypothesis_60_70": false, "working_hypothesis_gt100": false }, "geometry": { "type": "Point", "coordinates": [ 134.5629578, 7.3342333, 6.5 ] } },
{ "type": "Feature", "properties": { "RCID": 8841, "PRIM": 1, "GRUP": 2, "OBJL": 129, "RVER": 1, "AGEN": 550, "FIDN": -2004046809, "FIDS": 19802, "LNAM": "0226888CAC274D5A", "LNAM_REFS": null, "FFPT_RIND": null, "EXPSOU": null, "NOBJNM": null, "OBJNAM": null, "QUASOU": null, "SOUACC": null, "TECSOU": null, "VERDAT": null, "STATUS": null, "INFORM": null, "NINFOM": null, "NTXTDS": null, "SCAMAX": null, "SCAMIN": 29999, "TXTDSC": null, "RECDAT": null, "RECIND": null, "SORDAT": "20150206", "SORIND": "US,US,reprt,L-246-2015", "DEPTH": 5.6, "_enc_cell": "US4TB3P0", "depth_m": 5.6, "_sound_id": 904, "CATZOC": 3, "QUAL_POSACC": null, "QUAL_SOUACC": null, "QUAL_SUREND": "2004", "QUAL_SURSTA": null, "QUAL_TECSOU": null, "QUAL_VERDAT": null, "QUAL_INFORM": "U.S. Navy LIDAR Survey, Archive No. 04HFM01, Scale 1:5,000-1:10,000", "QUAL_SORDAT": "20150206", "QUAL_SORIND": "US,US,reprt,L-246-2015", "QUAL_ENC_CELL": "US4TB3P0", "zoc_label": "B", "quality_model_weight": 0.72, "ALLEN_class_name": "Back Reef Slope", "semantic_zone": "reef_slope", "allen_mapped": true, "DEPARE_DRVAL1": 5.0, "DEPARE_DRVAL2": 10.0, "DEPARE__enc_cell": "US4TB3P0", "DEPARE_VERDAT": null, "inside_osm_reef_polygon": false, "working_hypothesis_60_70": false, "working_hypothesis_gt100": false }, "geometry": { "type": "Point", "coordinates": [ 134.5631256, 7.3356471, 5.6 ] } },
{ "type": "Feature", "properties": { "RCID": 8841, "PRIM": 1, "GRUP": 2, "OBJL": 129, "RVER": 1, "AGEN": 550, "FIDN": -2004046809, "FIDS": 19802, "LNAM": "0226888CAC274D5A", "LNAM_REFS": null, "FFPT_RIND": null, "EXPSOU": null, "NOBJNM": null, "OBJNAM": null, "QUASOU": null, "SOUACC": null, "TECSOU": null, "VERDAT": null, "STATUS": null, "INFORM": null, "NINFOM": null, "NTXTDS": null, "SCAMAX": null, "SCAMIN": 29999, "TXTDSC": null, "RECDAT": null, "RECIND": null, "SORDAT": "20150206", "SORIND": "US,US,reprt,L-246-2015", "DEPTH": 25.3, "_enc_cell": "US4TB3P0", "depth_m": 25.3, "_sound_id": 908, "CATZOC": 3, "QUAL_POSACC": null, "QUAL_SOUACC": null, "QUAL_SUREND": "2004", "QUAL_SURSTA": null, "QUAL_TECSOU": null, "QUAL_VERDAT": null, "QUAL_INFORM": "U.S. Navy LIDAR Survey, Archive No. 04HFM01, Scale 1:5,000-1:10,000", "QUAL_SORDAT": "20150206", "QUAL_SORIND": "US,US,reprt,L-246-2015", "QUAL_ENC_CELL": "US4TB3P0", "zoc_label": "B", "quality_model_weight": 0.72, "ALLEN_class_name": null, "semantic_zone": "outside_allen_geomorphic_or_unclassified", "allen_mapped": false, "DEPARE_DRVAL1": 20.0, "DEPARE_DRVAL2": 30.0, "DEPARE__enc_cell": "US4TB3P0", "DEPARE_VERDAT": null, "inside_osm_reef_polygon": false, "working_hypothesis_60_70": false, "working_hypothesis_gt100": false }, "geometry": { "type": "Point", "coordinates": [ 134.5634155, 7.3304558, 25.3 ] } },
{ "type": "Feature", "properties": { "RCID": 8841, "PRIM": 1, "GRUP": 2, "OBJL": 129, "RVER": 1, "AGEN": 550, "FIDN": -2004046809, "FIDS": 19802, "LNAM": "0226888CAC274D5A", "LNAM_REFS": null, "FFPT_RIND": null, "EXPSOU": null, "NOBJNM": null, "OBJNAM": null, "QUASOU": null, "SOUACC": null, "TECSOU": null, "VERDAT": null, "STATUS": null, "INFORM": null, "NINFOM": null, "NTXTDS": null, "SCAMAX": null, "SCAMIN": 29999, "TXTDSC": null, "RECDAT": null, "RECIND": null, "SORDAT": "20150206", "SORIND": "US,US,reprt,L-246-2015", "DEPTH": 13.0, "_enc_cell": "US4TB3P0", "depth_m": 13.0, "_sound_id": 909, "CATZOC": 3, "QUAL_POSACC": null, "QUAL_SOUACC": null, "QUAL_SUREND": "2004", "QUAL_SURSTA": null, "QUAL_TECSOU": null, "QUAL_VERDAT": null, "QUAL_INFORM": "U.S. Navy LIDAR Survey, Archive No. 04HFM01, Scale 1:5,000-1:10,000", "QUAL_SORDAT": "20150206", "QUAL_SORIND": "US,US,reprt,L-246-2015", "QUAL_ENC_CELL": "US4TB3P0", "zoc_label": "B", "quality_model_weight": 0.72, "ALLEN_class_name": null, "semantic_zone": "outside_allen_geomorphic_or_unclassified", "allen_mapped": false, "DEPARE_DRVAL1": 10.0, "DEPARE_DRVAL2": 20.0, "DEPARE__enc_cell": "US4TB3P0", "DEPARE_VERDAT": null, "inside_osm_reef_polygon": false, "working_hypothesis_60_70": false, "working_hypothesis_gt100": false }, "geometry": { "type": "Point", "coordinates": [ 134.5638275, 7.3344002, 13.0 ] } },
{ "type": "Feature", "properties": { "RCID": 8841, "PRIM": 1, "GRUP": 2, "OBJL": 129, "RVER": 1, "AGEN": 550, "FIDN": -2004046809, "FIDS": 19802, "LNAM": "0226888CAC274D5A", "LNAM_REFS": null, "FFPT_RIND": null, "EXPSOU": null, "NOBJNM": null, "OBJNAM": null, "QUASOU": null, "SOUACC": null, "TECSOU": null, "VERDAT": null, "STATUS": null, "INFORM": null, "NINFOM": null, "NTXTDS": null, "SCAMAX": null, "SCAMIN": 29999, "TXTDSC": null, "RECDAT": null, "RECIND": null, "SORDAT": "20150206", "SORIND": "US,US,reprt,L-246-2015", "DEPTH": 6.4, "_enc_cell": "US4TB3P0", "depth_m": 6.4, "_sound_id": 910, "CATZOC": 3, "QUAL_POSACC": null, "QUAL_SOUACC": null, "QUAL_SUREND": "2004", "QUAL_SURSTA": null, "QUAL_TECSOU": null, "QUAL_VERDAT": null, "QUAL_INFORM": "U.S. Navy LIDAR Survey, Archive No. 04HFM01, Scale 1:5,000-1:10,000", "QUAL_SORDAT": "20150206", "QUAL_SORIND": "US,US,reprt,L-246-2015", "QUAL_ENC_CELL": "US4TB3P0", "zoc_label": "B", "quality_model_weight": 0.72, "ALLEN_class_name": null, "semantic_zone": "outside_allen_geomorphic_or_unclassified", "allen_mapped": false, "DEPARE_DRVAL1": 5.0, "DEPARE_DRVAL2": 10.0, "DEPARE__enc_cell": "US4TB3P0", "DEPARE_VERDAT": null, "inside_osm_reef_polygon": false, "working_hypothesis_60_70": false, "working_hypothesis_gt100": false }, "geometry": { "type": "Point", "coordinates": [ 134.5639801, 7.3373723, 6.4 ] } },
{ "type": "Feature", "properties": { "RCID": 8841, "PRIM": 1, "GRUP": 2, "OBJL": 129, "RVER": 1, "AGEN": 550, "FIDN": -2004046809, "FIDS": 19802, "LNAM": "0226888CAC274D5A", "LNAM_REFS": null, "FFPT_RIND": null, "EXPSOU": null, "NOBJNM": null, "OBJNAM": null, "QUASOU": null, "SOUACC": null, "TECSOU": null, "VERDAT": null, "STATUS": null, "INFORM": null, "NINFOM": null, "NTXTDS": null, "SCAMAX": null, "SCAMIN": 29999, "TXTDSC": null, "RECDAT": null, "RECIND": null, "SORDAT": "20150206", "SORIND": "US,US,reprt,L-246-2015", "DEPTH": 44.0, "_enc_cell": "US4TB3P0", "depth_m": 44.0, "_sound_id": 911, "CATZOC": 5, "QUAL_POSACC": null, "QUAL_SOUACC": null, "QUAL_SUREND": "1938", "QUAL_SURSTA": "1915", "QUAL_TECSOU": null, "QUAL_VERDAT": null, "QUAL_INFORM": "Former Japan Chart 481 (Ed. 1940, Rev. 1944), from Japan surveys, Scale 1:25,000", "QUAL_SORDAT": "20150206", "QUAL_SORIND": "US,US,reprt,L-246-2015", "QUAL_ENC_CELL": "US4TB3P0", "zoc_label": "D", "quality_model_weight": 0.22, "ALLEN_class_name": null, "semantic_zone": "outside_allen_geomorphic_or_unclassified", "allen_mapped": false, "DEPARE_DRVAL1": 30.0, "DEPARE_DRVAL2": 50.0, "DEPARE__enc_cell": "US4TB3P0", "DEPARE_VERDAT": null, "inside_osm_reef_polygon": false, "working_hypothesis_60_70": false, "working_hypothesis_gt100": false }, "geometry": { "type": "Point", "coordinates": [ 134.564010599999989, 7.3188582, 44.0 ] } },
{ "type": "Feature", "properties": { "RCID": 8841, "PRIM": 1, "GRUP": 2, "OBJL": 129, "RVER": 1, "AGEN": 550, "FIDN": -2004046809, "FIDS": 19802, "LNAM": "0226888CAC274D5A", "LNAM_REFS": null, "FFPT_RIND": null, "EXPSOU": null, "NOBJNM": null, "OBJNAM": null, "QUASOU": null, "SOUACC": null, "TECSOU": null, "VERDAT": null, "STATUS": null, "INFORM": null, "NINFOM": null, "NTXTDS": null, "SCAMAX": null, "SCAMIN": 29999, "TXTDSC": null, "RECDAT": null, "RECIND": null, "SORDAT": "20150206", "SORIND": "US,US,reprt,L-246-2015", "DEPTH": 26.6, "_enc_cell": "US4TB3P0", "depth_m": 26.6, "_sound_id": 912, "CATZOC": 3, "QUAL_POSACC": null, "QUAL_SOUACC": null, "QUAL_SUREND": "2004", "QUAL_SURSTA": null, "QUAL_TECSOU": null, "QUAL_VERDAT": null, "QUAL_INFORM": "U.S. Navy LIDAR Survey, Archive No. 04HFM01, Scale 1:5,000-1:10,000", "QUAL_SORDAT": "20150206", "QUAL_SORIND": "US,US,reprt,L-246-2015", "QUAL_ENC_CELL": "US4TB3P0", "zoc_label": "B", "quality_model_weight": 0.72, "ALLEN_class_name": null, "semantic_zone": "outside_allen_geomorphic_or_unclassified", "allen_mapped": false, "DEPARE_DRVAL1": 20.0, "DEPARE_DRVAL2": 30.0, "DEPARE__enc_cell": "US4TB3P0", "DEPARE_VERDAT": null, "inside_osm_reef_polygon": false, "working_hypothesis_60_70": false, "working_hypothesis_gt100": false }, "geometry": { "type": "Point", "coordinates": [ 134.5640259, 7.3263722, 26.6 ] } },
{ "type": "Feature", "properties": { "RCID": 8841, "PRIM": 1, "GRUP": 2, "OBJL": 129, "RVER": 1, "AGEN": 550, "FIDN": -2004046809, "FIDS": 19802, "LNAM": "0226888CAC274D5A", "LNAM_REFS": null, "FFPT_RIND": null, "EXPSOU": null, "NOBJNM": null, "OBJNAM": null, "QUASOU": null, "SOUACC": null, "TECSOU": null, "VERDAT": null, "STATUS": null, "INFORM": null, "NINFOM": null, "NTXTDS": null, "SCAMAX": null, "SCAMIN": 29999, "TXTDSC": null, "RECDAT": null, "RECIND": null, "SORDAT": "20150206", "SORIND": "US,US,reprt,L-246-2015", "DEPTH": 27.0, "_enc_cell": "US4TB3P0", "depth_m": 27.0, "_sound_id": 913, "CATZOC": 3, "QUAL_POSACC": null, "QUAL_SOUACC": null, "QUAL_SUREND": "2004", "QUAL_SURSTA": null, "QUAL_TECSOU": null, "QUAL_VERDAT": null, "QUAL_INFORM": "U.S. Navy LIDAR Survey, Archive No. 04HFM01, Scale 1:5,000-1:10,000", "QUAL_SORDAT": "20150206", "QUAL_SORIND": "US,US,reprt,L-246-2015", "QUAL_ENC_CELL": "US4TB3P0", "zoc_label": "B", "quality_model_weight": 0.72, "ALLEN_class_name": null, "semantic_zone": "outside_allen_geomorphic_or_unclassified", "allen_mapped": false, "DEPARE_DRVAL1": 20.0, "DEPARE_DRVAL2": 30.0, "DEPARE__enc_cell": "US4TB3P0", "DEPARE_VERDAT": null, "inside_osm_reef_polygon": false, "working_hypothesis_60_70": false, "working_hypothesis_gt100": false }, "geometry": { "type": "Point", "coordinates": [ 134.5644226, 7.3288751, 27.0 ] } },
{ "type": "Feature", "properties": { "RCID": 8841, "PRIM": 1, "GRUP": 2, "OBJL": 129, "RVER": 1, "AGEN": 550, "FIDN": -2004046809, "FIDS": 19802, "LNAM": "0226888CAC274D5A", "LNAM_REFS": null, "FFPT_RIND": null, "EXPSOU": null, "NOBJNM": null, "OBJNAM": null, "QUASOU": null, "SOUACC": null, "TECSOU": null, "VERDAT": null, "STATUS": null, "INFORM": null, "NINFOM": null, "NTXTDS": null, "SCAMAX": null, "SCAMIN": 29999, "TXTDSC": null, "RECDAT": null, "RECIND": null, "SORDAT": "20150206", "SORIND": "US,US,reprt,L-246-2015", "DEPTH": 6.5, "_enc_cell": "US4TB3P0", "depth_m": 6.5, "_sound_id": 914, "CATZOC": 3, "QUAL_POSACC": null, "QUAL_SOUACC": null, "QUAL_SUREND": "2004", "QUAL_SURSTA": null, "QUAL_TECSOU": null, "QUAL_VERDAT": null, "QUAL_INFORM": "U.S. Navy LIDAR Survey, Archive No. 04HFM01, Scale 1:5,000-1:10,000", "QUAL_SORDAT": "20150206", "QUAL_SORIND": "US,US,reprt,L-246-2015", "QUAL_ENC_CELL": "US4TB3P0", "zoc_label": "B", "quality_model_weight": 0.72, "ALLEN_class_name": null, "semantic_zone": "outside_allen_geomorphic_or_unclassified", "allen_mapped": false, "DEPARE_DRVAL1": 5.0, "DEPARE_DRVAL2": 10.0, "DEPARE__enc_cell": "US4TB3P0", "DEPARE_VERDAT": null, "inside_osm_reef_polygon": false, "working_hypothesis_60_70": false, "working_hypothesis_gt100": false }, "geometry": { "type": "Point", "coordinates": [ 134.5646362, 7.3392639, 6.5 ] } },
{ "type": "Feature", "properties": { "RCID": 8841, "PRIM": 1, "GRUP": 2, "OBJL": 129, "RVER": 1, "AGEN": 550, "FIDN": -2004046809, "FIDS": 19802, "LNAM": "0226888CAC274D5A", "LNAM_REFS": null, "FFPT_RIND": null, "EXPSOU": null, "NOBJNM": null, "OBJNAM": null, "QUASOU": null, "SOUACC": null, "TECSOU": null, "VERDAT": null, "STATUS": null, "INFORM": null, "NINFOM": null, "NTXTDS": null, "SCAMAX": null, "SCAMIN": 29999, "TXTDSC": null, "RECDAT": null, "RECIND": null, "SORDAT": "20150206", "SORIND": "US,US,reprt,L-246-2015", "DEPTH": 24.4, "_enc_cell": "US4TB3P0", "depth_m": 24.4, "_sound_id": 917, "CATZOC": 3, "QUAL_POSACC": null, "QUAL_SOUACC": null, "QUAL_SUREND": "2004", "QUAL_SURSTA": null, "QUAL_TECSOU": null, "QUAL_VERDAT": null, "QUAL_INFORM": "U.S. Navy LIDAR Survey, Archive No. 04HFM01, Scale 1:5,000-1:10,000", "QUAL_SORDAT": "20150206", "QUAL_SORIND": "US,US,reprt,L-246-2015", "QUAL_ENC_CELL": "US4TB3P0", "zoc_label": "B", "quality_model_weight": 0.72, "ALLEN_class_name": null, "semantic_zone": "outside_allen_geomorphic_or_unclassified", "allen_mapped": false, "DEPARE_DRVAL1": 20.0, "DEPARE_DRVAL2": 30.0, "DEPARE__enc_cell": "US4TB3P0", "DEPARE_VERDAT": null, "inside_osm_reef_polygon": false, "working_hypothesis_60_70": false, "working_hypothesis_gt100": false }, "geometry": { "type": "Point", "coordinates": [ 134.5649414, 7.3311415, 24.4 ] } },
{ "type": "Feature", "properties": { "RCID": 8841, "PRIM": 1, "GRUP": 2, "OBJL": 129, "RVER": 1, "AGEN": 550, "FIDN": -2004046809, "FIDS": 19802, "LNAM": "0226888CAC274D5A", "LNAM_REFS": null, "FFPT_RIND": null, "EXPSOU": null, "NOBJNM": null, "OBJNAM": null, "QUASOU": null, "SOUACC": null, "TECSOU": null, "VERDAT": null, "STATUS": null, "INFORM": null, "NINFOM": null, "NTXTDS": null, "SCAMAX": null, "SCAMIN": 29999, "TXTDSC": null, "RECDAT": null, "RECIND": null, "SORDAT": "20150206", "SORIND": "US,US,reprt,L-246-2015", "DEPTH": 26.3, "_enc_cell": "US4TB3P0", "depth_m": 26.3, "_sound_id": 918, "CATZOC": 3, "QUAL_POSACC": null, "QUAL_SOUACC": null, "QUAL_SUREND": "2004", "QUAL_SURSTA": null, "QUAL_TECSOU": null, "QUAL_VERDAT": null, "QUAL_INFORM": "U.S. Navy LIDAR Survey, Archive No. 04HFM01, Scale 1:5,000-1:10,000", "QUAL_SORDAT": "20150206", "QUAL_SORIND": "US,US,reprt,L-246-2015", "QUAL_ENC_CELL": "US4TB3P0", "zoc_label": "B", "quality_model_weight": 0.72, "ALLEN_class_name": null, "semantic_zone": "outside_allen_geomorphic_or_unclassified", "allen_mapped": false, "DEPARE_DRVAL1": 20.0, "DEPARE_DRVAL2": 30.0, "DEPARE__enc_cell": "US4TB3P0", "DEPARE_VERDAT": null, "inside_osm_reef_polygon": false, "working_hypothesis_60_70": false, "working_hypothesis_gt100": false }, "geometry": { "type": "Point", "coordinates": [ 134.5650635, 7.327672, 26.3 ] } },
{ "type": "Feature", "properties": { "RCID": 8841, "PRIM": 1, "GRUP": 2, "OBJL": 129, "RVER": 1, "AGEN": 550, "FIDN": -2004046809, "FIDS": 19802, "LNAM": "0226888CAC274D5A", "LNAM_REFS": null, "FFPT_RIND": null, "EXPSOU": null, "NOBJNM": null, "OBJNAM": null, "QUASOU": null, "SOUACC": null, "TECSOU": null, "VERDAT": null, "STATUS": null, "INFORM": null, "NINFOM": null, "NTXTDS": null, "SCAMAX": null, "SCAMIN": 29999, "TXTDSC": null, "RECDAT": null, "RECIND": null, "SORDAT": "20150206", "SORIND": "US,US,reprt,L-246-2015", "DEPTH": 14.2, "_enc_cell": "US4TB3P0", "depth_m": 14.2, "_sound_id": 919, "CATZOC": 3, "QUAL_POSACC": null, "QUAL_SOUACC": null, "QUAL_SUREND": "2004", "QUAL_SURSTA": null, "QUAL_TECSOU": null, "QUAL_VERDAT": null, "QUAL_INFORM": "U.S. Navy LIDAR Survey, Archive No. 04HFM01, Scale 1:5,000-1:10,000", "QUAL_SORDAT": "20150206", "QUAL_SORIND": "US,US,reprt,L-246-2015", "QUAL_ENC_CELL": "US4TB3P0", "zoc_label": "B", "quality_model_weight": 0.72, "ALLEN_class_name": null, "semantic_zone": "outside_allen_geomorphic_or_unclassified", "allen_mapped": false, "DEPARE_DRVAL1": 10.0, "DEPARE_DRVAL2": 20.0, "DEPARE__enc_cell": "US4TB3P0", "DEPARE_VERDAT": null, "inside_osm_reef_polygon": false, "working_hypothesis_60_70": false, "working_hypothesis_gt100": false }, "geometry": { "type": "Point", "coordinates": [ 134.5650635, 7.3384304, 14.2 ] } },
{ "type": "Feature", "properties": { "RCID": 8841, "PRIM": 1, "GRUP": 2, "OBJL": 129, "RVER": 1, "AGEN": 550, "FIDN": -2004046809, "FIDS": 19802, "LNAM": "0226888CAC274D5A", "LNAM_REFS": null, "FFPT_RIND": null, "EXPSOU": null, "NOBJNM": null, "OBJNAM": null, "QUASOU": null, "SOUACC": null, "TECSOU": null, "VERDAT": null, "STATUS": null, "INFORM": null, "NINFOM": null, "NTXTDS": null, "SCAMAX": null, "SCAMIN": 29999, "TXTDSC": null, "RECDAT": null, "RECIND": null, "SORDAT": "20150206", "SORIND": "US,US,reprt,L-246-2015", "DEPTH": 22.6, "_enc_cell": "US4TB3P0", "depth_m": 22.6, "_sound_id": 920, "CATZOC": 3, "QUAL_POSACC": null, "QUAL_SOUACC": null, "QUAL_SUREND": "2004", "QUAL_SURSTA": null, "QUAL_TECSOU": null, "QUAL_VERDAT": null, "QUAL_INFORM": "U.S. Navy LIDAR Survey, Archive No. 04HFM01, Scale 1:5,000-1:10,000", "QUAL_SORDAT": "20150206", "QUAL_SORIND": "US,US,reprt,L-246-2015", "QUAL_ENC_CELL": "US4TB3P0", "zoc_label": "B", "quality_model_weight": 0.72, "ALLEN_class_name": null, "semantic_zone": "outside_allen_geomorphic_or_unclassified", "allen_mapped": false, "DEPARE_DRVAL1": 20.0, "DEPARE_DRVAL2": 30.0, "DEPARE__enc_cell": "US4TB3P0", "DEPARE_VERDAT": null, "inside_osm_reef_polygon": false, "working_hypothesis_60_70": false, "working_hypothesis_gt100": false }, "geometry": { "type": "Point", "coordinates": [ 134.5656586, 7.332561, 22.6 ] } },
{ "type": "Feature", "properties": { "RCID": 8841, "PRIM": 1, "GRUP": 2, "OBJL": 129, "RVER": 1, "AGEN": 550, "FIDN": -2004046809, "FIDS": 19802, "LNAM": "0226888CAC274D5A", "LNAM_REFS": null, "FFPT_RIND": null, "EXPSOU": null, "NOBJNM": null, "OBJNAM": null, "QUASOU": null, "SOUACC": null, "TECSOU": null, "VERDAT": null, "STATUS": null, "INFORM": null, "NINFOM": null, "NTXTDS": null, "SCAMAX": null, "SCAMIN": 29999, "TXTDSC": null, "RECDAT": null, "RECIND": null, "SORDAT": "20150206", "SORIND": "US,US,reprt,L-246-2015", "DEPTH": 33.0, "_enc_cell": "US4TB3P0", "depth_m": 33.0, "_sound_id": 921, "CATZOC": 5, "QUAL_POSACC": null, "QUAL_SOUACC": null, "QUAL_SUREND": "1938", "QUAL_SURSTA": "1915", "QUAL_TECSOU": null, "QUAL_VERDAT": null, "QUAL_INFORM": "Former Japan Chart 481 (Ed. 1940, Rev. 1944), from Japan surveys, Scale 1:25,000", "QUAL_SORDAT": "20150206", "QUAL_SORIND": "US,US,reprt,L-246-2015", "QUAL_ENC_CELL": "US4TB3P0", "zoc_label": "D", "quality_model_weight": 0.22, "ALLEN_class_name": null, "semantic_zone": "outside_allen_geomorphic_or_unclassified", "allen_mapped": false, "DEPARE_DRVAL1": 30.0, "DEPARE_DRVAL2": 50.0, "DEPARE__enc_cell": "US4TB3P0", "DEPARE_VERDAT": null, "inside_osm_reef_polygon": false, "working_hypothesis_60_70": false, "working_hypothesis_gt100": false }, "geometry": { "type": "Point", "coordinates": [ 134.566391, 7.324553, 33.0 ] } },
{ "type": "Feature", "properties": { "RCID": 8841, "PRIM": 1, "GRUP": 2, "OBJL": 129, "RVER": 1, "AGEN": 550, "FIDN": -2004046809, "FIDS": 19802, "LNAM": "0226888CAC274D5A", "LNAM_REFS": null, "FFPT_RIND": null, "EXPSOU": null, "NOBJNM": null, "OBJNAM": null, "QUASOU": null, "SOUACC": null, "TECSOU": null, "VERDAT": null, "STATUS": null, "INFORM": null, "NINFOM": null, "NTXTDS": null, "SCAMAX": null, "SCAMIN": 29999, "TXTDSC": null, "RECDAT": null, "RECIND": null, "SORDAT": "20150206", "SORIND": "US,US,reprt,L-246-2015", "DEPTH": 40.0, "_enc_cell": "US4TB3P0", "depth_m": 40.0, "_sound_id": 922, "CATZOC": 3, "QUAL_POSACC": null, "QUAL_SOUACC": null, "QUAL_SUREND": "2004", "QUAL_SURSTA": null, "QUAL_TECSOU": null, "QUAL_VERDAT": null, "QUAL_INFORM": "U.S. Navy LIDAR Survey, Archive No. 04HFM01, Scale 1:5,000-1:10,000", "QUAL_SORDAT": "20150206", "QUAL_SORIND": "US,US,reprt,L-246-2015", "QUAL_ENC_CELL": "US4TB3P0", "zoc_label": "B", "quality_model_weight": 0.72, "ALLEN_class_name": null, "semantic_zone": "outside_allen_geomorphic_or_unclassified", "allen_mapped": false, "DEPARE_DRVAL1": 30.0, "DEPARE_DRVAL2": 50.0, "DEPARE__enc_cell": "US4TB3P0", "DEPARE_VERDAT": null, "inside_osm_reef_polygon": false, "working_hypothesis_60_70": false, "working_hypothesis_gt100": false }, "geometry": { "type": "Point", "coordinates": [ 134.5666199, 7.3368611, 40.0 ] } },
{ "type": "Feature", "properties": { "RCID": 8841, "PRIM": 1, "GRUP": 2, "OBJL": 129, "RVER": 1, "AGEN": 550, "FIDN": -2004046809, "FIDS": 19802, "LNAM": "0226888CAC274D5A", "LNAM_REFS": null, "FFPT_RIND": null, "EXPSOU": null, "NOBJNM": null, "OBJNAM": null, "QUASOU": null, "SOUACC": null, "TECSOU": null, "VERDAT": null, "STATUS": null, "INFORM": null, "NINFOM": null, "NTXTDS": null, "SCAMAX": null, "SCAMIN": 29999, "TXTDSC": null, "RECDAT": null, "RECIND": null, "SORDAT": "20150206", "SORIND": "US,US,reprt,L-246-2015", "DEPTH": 23.3, "_enc_cell": "US4TB3P0", "depth_m": 23.3, "_sound_id": 924, "CATZOC": 3, "QUAL_POSACC": null, "QUAL_SOUACC": null, "QUAL_SUREND": "2004", "QUAL_SURSTA": null, "QUAL_TECSOU": null, "QUAL_VERDAT": null, "QUAL_INFORM": "U.S. Navy LIDAR Survey, Archive No. 04HFM01, Scale 1:5,000-1:10,000", "QUAL_SORDAT": "20150206", "QUAL_SORIND": "US,US,reprt,L-246-2015", "QUAL_ENC_CELL": "US4TB3P0", "zoc_label": "B", "quality_model_weight": 0.72, "ALLEN_class_name": null, "semantic_zone": "outside_allen_geomorphic_or_unclassified", "allen_mapped": false, "DEPARE_DRVAL1": 20.0, "DEPARE_DRVAL2": 30.0, "DEPARE__enc_cell": "US4TB3P0", "DEPARE_VERDAT": null, "inside_osm_reef_polygon": false, "working_hypothesis_60_70": false, "working_hypothesis_gt100": false }, "geometry": { "type": "Point", "coordinates": [ 134.566757200000012, 7.3313694, 23.3 ] } },
{ "type": "Feature", "properties": { "RCID": 8841, "PRIM": 1, "GRUP": 2, "OBJL": 129, "RVER": 1, "AGEN": 550, "FIDN": -2004046809, "FIDS": 19802, "LNAM": "0226888CAC274D5A", "LNAM_REFS": null, "FFPT_RIND": null, "EXPSOU": null, "NOBJNM": null, "OBJNAM": null, "QUASOU": null, "SOUACC": null, "TECSOU": null, "VERDAT": null, "STATUS": null, "INFORM": null, "NINFOM": null, "NTXTDS": null, "SCAMAX": null, "SCAMIN": 29999, "TXTDSC": null, "RECDAT": null, "RECIND": null, "SORDAT": "20150206", "SORIND": "US,US,reprt,L-246-2015", "DEPTH": 28.7, "_enc_cell": "US4TB3P0", "depth_m": 28.7, "_sound_id": 927, "CATZOC": 5, "QUAL_POSACC": null, "QUAL_SOUACC": null, "QUAL_SUREND": "1938", "QUAL_SURSTA": "1915", "QUAL_TECSOU": null, "QUAL_VERDAT": null, "QUAL_INFORM": "Former Japan Chart 481 (Ed. 1940, Rev. 1944), from Japan surveys, Scale 1:25,000", "QUAL_SORDAT": "20150206", "QUAL_SORIND": "US,US,reprt,L-246-2015", "QUAL_ENC_CELL": "US4TB3P0", "zoc_label": "D", "quality_model_weight": 0.22, "ALLEN_class_name": null, "semantic_zone": "outside_allen_geomorphic_or_unclassified", "allen_mapped": false, "DEPARE_DRVAL1": 20.0, "DEPARE_DRVAL2": 30.0, "DEPARE__enc_cell": "US4TB3P0", "DEPARE_VERDAT": null, "inside_osm_reef_polygon": false, "working_hypothesis_60_70": false, "working_hypothesis_gt100": false }, "geometry": { "type": "Point", "coordinates": [ 134.5669861, 7.3263888, 28.7 ] } },
{ "type": "Feature", "properties": { "RCID": 8841, "PRIM": 1, "GRUP": 2, "OBJL": 129, "RVER": 1, "AGEN": 550, "FIDN": -2004046809, "FIDS": 19802, "LNAM": "0226888CAC274D5A", "LNAM_REFS": null, "FFPT_RIND": null, "EXPSOU": null, "NOBJNM": null, "OBJNAM": null, "QUASOU": null, "SOUACC": null, "TECSOU": null, "VERDAT": null, "STATUS": null, "INFORM": null, "NINFOM": null, "NTXTDS": null, "SCAMAX": null, "SCAMIN": 29999, "TXTDSC": null, "RECDAT": null, "RECIND": null, "SORDAT": "20150206", "SORIND": "US,US,reprt,L-246-2015", "DEPTH": 36.0, "_enc_cell": "US4TB3P0", "depth_m": 36.0, "_sound_id": 928, "CATZOC": 5, "QUAL_POSACC": null, "QUAL_SOUACC": null, "QUAL_SUREND": "1938", "QUAL_SURSTA": "1915", "QUAL_TECSOU": null, "QUAL_VERDAT": null, "QUAL_INFORM": "Former Japan Chart 481 (Ed. 1940, Rev. 1944), from Japan surveys, Scale 1:25,000", "QUAL_SORDAT": "20150206", "QUAL_SORIND": "US,US,reprt,L-246-2015", "QUAL_ENC_CELL": "US4TB3P0", "zoc_label": "D", "quality_model_weight": 0.22, "ALLEN_class_name": null, "semantic_zone": "outside_allen_geomorphic_or_unclassified", "allen_mapped": false, "DEPARE_DRVAL1": 30.0, "DEPARE_DRVAL2": 50.0, "DEPARE__enc_cell": "US4TB3P0", "DEPARE_VERDAT": null, "inside_osm_reef_polygon": false, "working_hypothesis_60_70": false, "working_hypothesis_gt100": false }, "geometry": { "type": "Point", "coordinates": [ 134.567337, 7.3184667, 36.0 ] } },
{ "type": "Feature", "properties": { "RCID": 8841, "PRIM": 1, "GRUP": 2, "OBJL": 129, "RVER": 1, "AGEN": 550, "FIDN": -2004046809, "FIDS": 19802, "LNAM": "0226888CAC274D5A", "LNAM_REFS": null, "FFPT_RIND": null, "EXPSOU": null, "NOBJNM": null, "OBJNAM": null, "QUASOU": null, "SOUACC": null, "TECSOU": null, "VERDAT": null, "STATUS": null, "INFORM": null, "NINFOM": null, "NTXTDS": null, "SCAMAX": null, "SCAMIN": 29999, "TXTDSC": null, "RECDAT": null, "RECIND": null, "SORDAT": "20150206", "SORIND": "US,US,reprt,L-246-2015", "DEPTH": 29.7, "_enc_cell": "US4TB3P0", "depth_m": 29.7, "_sound_id": 929, "CATZOC": 3, "QUAL_POSACC": null, "QUAL_SOUACC": null, "QUAL_SUREND": "2004", "QUAL_SURSTA": null, "QUAL_TECSOU": null, "QUAL_VERDAT": null, "QUAL_INFORM": "U.S. Navy LIDAR Survey, Archive No. 04HFM01, Scale 1:5,000-1:10,000", "QUAL_SORDAT": "20150206", "QUAL_SORIND": "US,US,reprt,L-246-2015", "QUAL_ENC_CELL": "US4TB3P0", "zoc_label": "B", "quality_model_weight": 0.72, "ALLEN_class_name": null, "semantic_zone": "outside_allen_geomorphic_or_unclassified", "allen_mapped": false, "DEPARE_DRVAL1": 20.0, "DEPARE_DRVAL2": 30.0, "DEPARE__enc_cell": "US4TB3P0", "DEPARE_VERDAT": null, "inside_osm_reef_polygon": false, "working_hypothesis_60_70": false, "working_hypothesis_gt100": false }, "geometry": { "type": "Point", "coordinates": [ 134.5674286, 7.3337998, 29.7 ] } },
{ "type": "Feature", "properties": { "RCID": 8841, "PRIM": 1, "GRUP": 2, "OBJL": 129, "RVER": 1, "AGEN": 550, "FIDN": -2004046809, "FIDS": 19802, "LNAM": "0226888CAC274D5A", "LNAM_REFS": null, "FFPT_RIND": null, "EXPSOU": null, "NOBJNM": null, "OBJNAM": null, "QUASOU": null, "SOUACC": null, "TECSOU": null, "VERDAT": null, "STATUS": null, "INFORM": null, "NINFOM": null, "NTXTDS": null, "SCAMAX": null, "SCAMIN": 29999, "TXTDSC": null, "RECDAT": null, "RECIND": null, "SORDAT": "20150206", "SORIND": "US,US,reprt,L-246-2015", "DEPTH": 36.0, "_enc_cell": "US4TB3P0", "depth_m": 36.0, "_sound_id": 930, "CATZOC": 5, "QUAL_POSACC": null, "QUAL_SOUACC": null, "QUAL_SUREND": "1938", "QUAL_SURSTA": "1915", "QUAL_TECSOU": null, "QUAL_VERDAT": null, "QUAL_INFORM": "Former Japan Chart 481 (Ed. 1940, Rev. 1944), from Japan surveys, Scale 1:25,000", "QUAL_SORDAT": "20150206", "QUAL_SORIND": "US,US,reprt,L-246-2015", "QUAL_ENC_CELL": "US4TB3P0", "zoc_label": "D", "quality_model_weight": 0.22, "ALLEN_class_name": null, "semantic_zone": "outside_allen_geomorphic_or_unclassified", "allen_mapped": false, "DEPARE_DRVAL1": 30.0, "DEPARE_DRVAL2": 50.0, "DEPARE__enc_cell": "US4TB3P0", "DEPARE_VERDAT": null, "inside_osm_reef_polygon": false, "working_hypothesis_60_70": false, "working_hypothesis_gt100": false }, "geometry": { "type": "Point", "coordinates": [ 134.567627, 7.3216167, 36.0 ] } },
{ "type": "Feature", "properties": { "RCID": 8841, "PRIM": 1, "GRUP": 2, "OBJL": 129, "RVER": 1, "AGEN": 550, "FIDN": -2004046809, "FIDS": 19802, "LNAM": "0226888CAC274D5A", "LNAM_REFS": null, "FFPT_RIND": null, "EXPSOU": null, "NOBJNM": null, "OBJNAM": null, "QUASOU": null, "SOUACC": null, "TECSOU": null, "VERDAT": null, "STATUS": null, "INFORM": null, "NINFOM": null, "NTXTDS": null, "SCAMAX": null, "SCAMIN": 29999, "TXTDSC": null, "RECDAT": null, "RECIND": null, "SORDAT": "20150206", "SORIND": "US,US,reprt,L-246-2015", "DEPTH": 41.0, "_enc_cell": "US4TB3P0", "depth_m": 41.0, "_sound_id": 931, "CATZOC": 3, "QUAL_POSACC": null, "QUAL_SOUACC": null, "QUAL_SUREND": "2004", "QUAL_SURSTA": null, "QUAL_TECSOU": null, "QUAL_VERDAT": null, "QUAL_INFORM": "U.S. Navy LIDAR Survey, Archive No. 04HFM01, Scale 1:5,000-1:10,000", "QUAL_SORDAT": "20150206", "QUAL_SORIND": "US,US,reprt,L-246-2015", "QUAL_ENC_CELL": "US4TB3P0", "zoc_label": "B", "quality_model_weight": 0.72, "ALLEN_class_name": null, "semantic_zone": "outside_allen_geomorphic_or_unclassified", "allen_mapped": false, "DEPARE_DRVAL1": 30.0, "DEPARE_DRVAL2": 50.0, "DEPARE__enc_cell": "US4TB3P0", "DEPARE_VERDAT": null, "inside_osm_reef_polygon": false, "working_hypothesis_60_70": false, "working_hypothesis_gt100": false }, "geometry": { "type": "Point", "coordinates": [ 134.5678864, 7.3391724, 41.0 ] } },
{ "type": "Feature", "properties": { "RCID": 8841, "PRIM": 1, "GRUP": 2, "OBJL": 129, "RVER": 1, "AGEN": 550, "FIDN": -2004046809, "FIDS": 19802, "LNAM": "0226888CAC274D5A", "LNAM_REFS": null, "FFPT_RIND": null, "EXPSOU": null, "NOBJNM": null, "OBJNAM": null, "QUASOU": null, "SOUACC": null, "TECSOU": null, "VERDAT": null, "STATUS": null, "INFORM": null, "NINFOM": null, "NTXTDS": null, "SCAMAX": null, "SCAMIN": 29999, "TXTDSC": null, "RECDAT": null, "RECIND": null, "SORDAT": "20150206", "SORIND": "US,US,reprt,L-246-2015", "DEPTH": 27.2, "_enc_cell": "US4TB3P0", "depth_m": 27.2, "_sound_id": 933, "CATZOC": 3, "QUAL_POSACC": null, "QUAL_SOUACC": null, "QUAL_SUREND": "2004", "QUAL_SURSTA": null, "QUAL_TECSOU": null, "QUAL_VERDAT": null, "QUAL_INFORM": "U.S. Navy LIDAR Survey, Archive No. 04HFM01, Scale 1:5,000-1:10,000", "QUAL_SORDAT": "20150206", "QUAL_SORIND": "US,US,reprt,L-246-2015", "QUAL_ENC_CELL": "US4TB3P0", "zoc_label": "B", "quality_model_weight": 0.72, "ALLEN_class_name": null, "semantic_zone": "outside_allen_geomorphic_or_unclassified", "allen_mapped": false, "DEPARE_DRVAL1": 20.0, "DEPARE_DRVAL2": 30.0, "DEPARE__enc_cell": "US4TB3P0", "DEPARE_VERDAT": null, "inside_osm_reef_polygon": false, "working_hypothesis_60_70": false, "working_hypothesis_gt100": false }, "geometry": { "type": "Point", "coordinates": [ 134.568161, 7.3309946, 27.2 ] } },
{ "type": "Feature", "properties": { "RCID": 8841, "PRIM": 1, "GRUP": 2, "OBJL": 129, "RVER": 1, "AGEN": 550, "FIDN": -2004046809, "FIDS": 19802, "LNAM": "0226888CAC274D5A", "LNAM_REFS": null, "FFPT_RIND": null, "EXPSOU": null, "NOBJNM": null, "OBJNAM": null, "QUASOU": null, "SOUACC": null, "TECSOU": null, "VERDAT": null, "STATUS": null, "INFORM": null, "NINFOM": null, "NTXTDS": null, "SCAMAX": null, "SCAMIN": 29999, "TXTDSC": null, "RECDAT": null, "RECIND": null, "SORDAT": "20150206", "SORIND": "US,US,reprt,L-246-2015", "DEPTH": 35.0, "_enc_cell": "US4TB3P0", "depth_m": 35.0, "_sound_id": 934, "CATZOC": 5, "QUAL_POSACC": null, "QUAL_SOUACC": null, "QUAL_SUREND": "1938", "QUAL_SURSTA": "1915", "QUAL_TECSOU": null, "QUAL_VERDAT": null, "QUAL_INFORM": "Former Japan Chart 481 (Ed. 1940, Rev. 1944), from Japan surveys, Scale 1:25,000", "QUAL_SORDAT": "20150206", "QUAL_SORIND": "US,US,reprt,L-246-2015", "QUAL_ENC_CELL": "US4TB3P0", "zoc_label": "D", "quality_model_weight": 0.22, "ALLEN_class_name": null, "semantic_zone": "outside_allen_geomorphic_or_unclassified", "allen_mapped": false, "DEPARE_DRVAL1": 30.0, "DEPARE_DRVAL2": 50.0, "DEPARE__enc_cell": "US4TB3P0", "DEPARE_VERDAT": null, "inside_osm_reef_polygon": false, "working_hypothesis_60_70": false, "working_hypothesis_gt100": false }, "geometry": { "type": "Point", "coordinates": [ 134.5682983, 7.3257918, 35.0 ] } },
{ "type": "Feature", "properties": { "RCID": 8841, "PRIM": 1, "GRUP": 2, "OBJL": 129, "RVER": 1, "AGEN": 550, "FIDN": -2004046809, "FIDS": 19802, "LNAM": "0226888CAC274D5A", "LNAM_REFS": null, "FFPT_RIND": null, "EXPSOU": null, "NOBJNM": null, "OBJNAM": null, "QUASOU": null, "SOUACC": null, "TECSOU": null, "VERDAT": null, "STATUS": null, "INFORM": null, "NINFOM": null, "NTXTDS": null, "SCAMAX": null, "SCAMIN": 29999, "TXTDSC": null, "RECDAT": null, "RECIND": null, "SORDAT": "20150206", "SORIND": "US,US,reprt,L-246-2015", "DEPTH": 29.3, "_enc_cell": "US4TB3P0", "depth_m": 29.3, "_sound_id": 935, "CATZOC": 5, "QUAL_POSACC": null, "QUAL_SOUACC": null, "QUAL_SUREND": "1938", "QUAL_SURSTA": "1915", "QUAL_TECSOU": null, "QUAL_VERDAT": null, "QUAL_INFORM": "Former Japan Chart 481 (Ed. 1940, Rev. 1944), from Japan surveys, Scale 1:25,000", "QUAL_SORDAT": "20150206", "QUAL_SORIND": "US,US,reprt,L-246-2015", "QUAL_ENC_CELL": "US4TB3P0", "zoc_label": "D", "quality_model_weight": 0.22, "ALLEN_class_name": null, "semantic_zone": "outside_allen_geomorphic_or_unclassified", "allen_mapped": false, "DEPARE_DRVAL1": 20.0, "DEPARE_DRVAL2": 30.0, "DEPARE__enc_cell": "US4TB3P0", "DEPARE_VERDAT": null, "inside_osm_reef_polygon": false, "working_hypothesis_60_70": false, "working_hypothesis_gt100": false }, "geometry": { "type": "Point", "coordinates": [ 134.568328900000012, 7.3186002, 29.3 ] } },
{ "type": "Feature", "properties": { "RCID": 8841, "PRIM": 1, "GRUP": 2, "OBJL": 129, "RVER": 1, "AGEN": 550, "FIDN": -2004046809, "FIDS": 19802, "LNAM": "0226888CAC274D5A", "LNAM_REFS": null, "FFPT_RIND": null, "EXPSOU": null, "NOBJNM": null, "OBJNAM": null, "QUASOU": null, "SOUACC": null, "TECSOU": null, "VERDAT": null, "STATUS": null, "INFORM": null, "NINFOM": null, "NTXTDS": null, "SCAMAX": null, "SCAMIN": 29999, "TXTDSC": null, "RECDAT": null, "RECIND": null, "SORDAT": "20150206", "SORIND": "US,US,reprt,L-246-2015", "DEPTH": 28.4, "_enc_cell": "US4TB3P0", "depth_m": 28.4, "_sound_id": 937, "CATZOC": 3, "QUAL_POSACC": null, "QUAL_SOUACC": null, "QUAL_SUREND": "2004", "QUAL_SURSTA": null, "QUAL_TECSOU": null, "QUAL_VERDAT": null, "QUAL_INFORM": "U.S. Navy LIDAR Survey, Archive No. 04HFM01, Scale 1:5,000-1:10,000", "QUAL_SORDAT": "20150206", "QUAL_SORIND": "US,US,reprt,L-246-2015", "QUAL_ENC_CELL": "US4TB3P0", "zoc_label": "B", "quality_model_weight": 0.72, "ALLEN_class_name": null, "semantic_zone": "outside_allen_geomorphic_or_unclassified", "allen_mapped": false, "DEPARE_DRVAL1": 20.0, "DEPARE_DRVAL2": 30.0, "DEPARE__enc_cell": "US4TB3P0", "DEPARE_VERDAT": null, "inside_osm_reef_polygon": false, "working_hypothesis_60_70": false, "working_hypothesis_gt100": false }, "geometry": { "type": "Point", "coordinates": [ 134.568634, 7.317111, 28.4 ] } },
{ "type": "Feature", "properties": { "RCID": 8841, "PRIM": 1, "GRUP": 2, "OBJL": 129, "RVER": 1, "AGEN": 550, "FIDN": -2004046809, "FIDS": 19802, "LNAM": "0226888CAC274D5A", "LNAM_REFS": null, "FFPT_RIND": null, "EXPSOU": null, "NOBJNM": null, "OBJNAM": null, "QUASOU": null, "SOUACC": null, "TECSOU": null, "VERDAT": null, "STATUS": null, "INFORM": null, "NINFOM": null, "NTXTDS": null, "SCAMAX": null, "SCAMIN": 29999, "TXTDSC": null, "RECDAT": null, "RECIND": null, "SORDAT": "20150206", "SORIND": "US,US,reprt,L-246-2015", "DEPTH": 24.8, "_enc_cell": "US4TB3P0", "depth_m": 24.8, "_sound_id": 940, "CATZOC": 3, "QUAL_POSACC": null, "QUAL_SOUACC": null, "QUAL_SUREND": "2004", "QUAL_SURSTA": null, "QUAL_TECSOU": null, "QUAL_VERDAT": null, "QUAL_INFORM": "U.S. Navy LIDAR Survey, Archive No. 04HFM01, Scale 1:5,000-1:10,000", "QUAL_SORDAT": "20150206", "QUAL_SORIND": "US,US,reprt,L-246-2015", "QUAL_ENC_CELL": "US4TB3P0", "zoc_label": "B", "quality_model_weight": 0.72, "ALLEN_class_name": null, "semantic_zone": "outside_allen_geomorphic_or_unclassified", "allen_mapped": false, "DEPARE_DRVAL1": 20.0, "DEPARE_DRVAL2": 30.0, "DEPARE__enc_cell": "US4TB3P0", "DEPARE_VERDAT": null, "inside_osm_reef_polygon": false, "working_hypothesis_60_70": false, "working_hypothesis_gt100": false }, "geometry": { "type": "Point", "coordinates": [ 134.5688477, 7.3368974, 24.8 ] } },
{ "type": "Feature", "properties": { "RCID": 8841, "PRIM": 1, "GRUP": 2, "OBJL": 129, "RVER": 1, "AGEN": 550, "FIDN": -2004046809, "FIDS": 19802, "LNAM": "0226888CAC274D5A", "LNAM_REFS": null, "FFPT_RIND": null, "EXPSOU": null, "NOBJNM": null, "OBJNAM": null, "QUASOU": null, "SOUACC": null, "TECSOU": null, "VERDAT": null, "STATUS": null, "INFORM": null, "NINFOM": null, "NTXTDS": null, "SCAMAX": null, "SCAMIN": 29999, "TXTDSC": null, "RECDAT": null, "RECIND": null, "SORDAT": "20150206", "SORIND": "US,US,reprt,L-246-2015", "DEPTH": 20.1, "_enc_cell": "US4TB3P0", "depth_m": 20.1, "_sound_id": 942, "CATZOC": 3, "QUAL_POSACC": null, "QUAL_SOUACC": null, "QUAL_SUREND": "2004", "QUAL_SURSTA": null, "QUAL_TECSOU": null, "QUAL_VERDAT": null, "QUAL_INFORM": "U.S. Navy LIDAR Survey, Archive No. 04HFM01, Scale 1:5,000-1:10,000", "QUAL_SORDAT": "20150206", "QUAL_SORIND": "US,US,reprt,L-246-2015", "QUAL_ENC_CELL": "US4TB3P0", "zoc_label": "B", "quality_model_weight": 0.72, "ALLEN_class_name": null, "semantic_zone": "outside_allen_geomorphic_or_unclassified", "allen_mapped": false, "DEPARE_DRVAL1": 20.0, "DEPARE_DRVAL2": 30.0, "DEPARE__enc_cell": "US4TB3P0", "DEPARE_VERDAT": null, "inside_osm_reef_polygon": false, "working_hypothesis_60_70": false, "working_hypothesis_gt100": false }, "geometry": { "type": "Point", "coordinates": [ 134.5695953, 7.3321443, 20.1 ] } },
{ "type": "Feature", "properties": { "RCID": 8841, "PRIM": 1, "GRUP": 2, "OBJL": 129, "RVER": 1, "AGEN": 550, "FIDN": -2004046809, "FIDS": 19802, "LNAM": "0226888CAC274D5A", "LNAM_REFS": null, "FFPT_RIND": null, "EXPSOU": null, "NOBJNM": null, "OBJNAM": null, "QUASOU": null, "SOUACC": null, "TECSOU": null, "VERDAT": null, "STATUS": null, "INFORM": null, "NINFOM": null, "NTXTDS": null, "SCAMAX": null, "SCAMIN": 29999, "TXTDSC": null, "RECDAT": null, "RECIND": null, "SORDAT": "20150206", "SORIND": "US,US,reprt,L-246-2015", "DEPTH": 24.5, "_enc_cell": "US4TB3P0", "depth_m": 24.5, "_sound_id": 944, "CATZOC": 3, "QUAL_POSACC": null, "QUAL_SOUACC": null, "QUAL_SUREND": "2004", "QUAL_SURSTA": null, "QUAL_TECSOU": null, "QUAL_VERDAT": null, "QUAL_INFORM": "U.S. Navy LIDAR Survey, Archive No. 04HFM01, Scale 1:5,000-1:10,000", "QUAL_SORDAT": "20150206", "QUAL_SORIND": "US,US,reprt,L-246-2015", "QUAL_ENC_CELL": "US4TB3P0", "zoc_label": "B", "quality_model_weight": 0.72, "ALLEN_class_name": null, "semantic_zone": "outside_allen_geomorphic_or_unclassified", "allen_mapped": false, "DEPARE_DRVAL1": 20.0, "DEPARE_DRVAL2": 30.0, "DEPARE__enc_cell": "US4TB3P0", "DEPARE_VERDAT": null, "inside_osm_reef_polygon": false, "working_hypothesis_60_70": false, "working_hypothesis_gt100": false }, "geometry": { "type": "Point", "coordinates": [ 134.569931, 7.3174276, 24.5 ] } },
{ "type": "Feature", "properties": { "RCID": 8841, "PRIM": 1, "GRUP": 2, "OBJL": 129, "RVER": 1, "AGEN": 550, "FIDN": -2004046809, "FIDS": 19802, "LNAM": "0226888CAC274D5A", "LNAM_REFS": null, "FFPT_RIND": null, "EXPSOU": null, "NOBJNM": null, "OBJNAM": null, "QUASOU": null, "SOUACC": null, "TECSOU": null, "VERDAT": null, "STATUS": null, "INFORM": null, "NINFOM": null, "NTXTDS": null, "SCAMAX": null, "SCAMIN": 29999, "TXTDSC": null, "RECDAT": null, "RECIND": null, "SORDAT": "20150206", "SORIND": "US,US,reprt,L-246-2015", "DEPTH": 2.7, "_enc_cell": "US4TB3P0", "depth_m": 2.7, "_sound_id": 945, "CATZOC": 3, "QUAL_POSACC": null, "QUAL_SOUACC": null, "QUAL_SUREND": "2004", "QUAL_SURSTA": null, "QUAL_TECSOU": null, "QUAL_VERDAT": null, "QUAL_INFORM": "U.S. Navy LIDAR Survey, Archive No. 04HFM01, Scale 1:5,000-1:10,000", "QUAL_SORDAT": "20150206", "QUAL_SORIND": "US,US,reprt,L-246-2015", "QUAL_ENC_CELL": "US4TB3P0", "zoc_label": "B", "quality_model_weight": 0.72, "ALLEN_class_name": "Deep Lagoon", "semantic_zone": "deep_lagoon", "allen_mapped": true, "DEPARE_DRVAL1": 2.0, "DEPARE_DRVAL2": 5.0, "DEPARE__enc_cell": "US4TB3P0", "DEPARE_VERDAT": null, "inside_osm_reef_polygon": false, "working_hypothesis_60_70": false, "working_hypothesis_gt100": false }, "geometry": { "type": "Point", "coordinates": [ 134.5699463, 7.3435388, 2.7 ] } },
{ "type": "Feature", "properties": { "RCID": 8841, "PRIM": 1, "GRUP": 2, "OBJL": 129, "RVER": 1, "AGEN": 550, "FIDN": -2004046809, "FIDS": 19802, "LNAM": "0226888CAC274D5A", "LNAM_REFS": null, "FFPT_RIND": null, "EXPSOU": null, "NOBJNM": null, "OBJNAM": null, "QUASOU": null, "SOUACC": null, "TECSOU": null, "VERDAT": null, "STATUS": null, "INFORM": null, "NINFOM": null, "NTXTDS": null, "SCAMAX": null, "SCAMIN": 29999, "TXTDSC": null, "RECDAT": null, "RECIND": null, "SORDAT": "20150206", "SORIND": "US,US,reprt,L-246-2015", "DEPTH": 38.0, "_enc_cell": "US4TB3P0", "depth_m": 38.0, "_sound_id": 946, "CATZOC": 3, "QUAL_POSACC": null, "QUAL_SOUACC": null, "QUAL_SUREND": "2004", "QUAL_SURSTA": null, "QUAL_TECSOU": null, "QUAL_VERDAT": null, "QUAL_INFORM": "U.S. Navy LIDAR Survey, Archive No. 04HFM01, Scale 1:5,000-1:10,000", "QUAL_SORDAT": "20150206", "QUAL_SORIND": "US,US,reprt,L-246-2015", "QUAL_ENC_CELL": "US4TB3P0", "zoc_label": "B", "quality_model_weight": 0.72, "ALLEN_class_name": null, "semantic_zone": "outside_allen_geomorphic_or_unclassified", "allen_mapped": false, "DEPARE_DRVAL1": 30.0, "DEPARE_DRVAL2": 50.0, "DEPARE__enc_cell": "US4TB3P0", "DEPARE_VERDAT": null, "inside_osm_reef_polygon": false, "working_hypothesis_60_70": false, "working_hypothesis_gt100": false }, "geometry": { "type": "Point", "coordinates": [ 134.5701599, 7.3403611, 38.0 ] } },
{ "type": "Feature", "properties": { "RCID": 8841, "PRIM": 1, "GRUP": 2, "OBJL": 129, "RVER": 1, "AGEN": 550, "FIDN": -2004046809, "FIDS": 19802, "LNAM": "0226888CAC274D5A", "LNAM_REFS": null, "FFPT_RIND": null, "EXPSOU": null, "NOBJNM": null, "OBJNAM": null, "QUASOU": null, "SOUACC": null, "TECSOU": null, "VERDAT": null, "STATUS": null, "INFORM": null, "NINFOM": null, "NTXTDS": null, "SCAMAX": null, "SCAMIN": 29999, "TXTDSC": null, "RECDAT": null, "RECIND": null, "SORDAT": "20150206", "SORIND": "US,US,reprt,L-246-2015", "DEPTH": 15.7, "_enc_cell": "US4TB3P0", "depth_m": 15.7, "_sound_id": 947, "CATZOC": 5, "QUAL_POSACC": null, "QUAL_SOUACC": null, "QUAL_SUREND": "1938", "QUAL_SURSTA": "1915", "QUAL_TECSOU": null, "QUAL_VERDAT": null, "QUAL_INFORM": "Former Japan Chart 481 (Ed. 1940, Rev. 1944), from Japan surveys, Scale 1:25,000", "QUAL_SORDAT": "20150206", "QUAL_SORIND": "US,US,reprt,L-246-2015", "QUAL_ENC_CELL": "US4TB3P0", "zoc_label": "D", "quality_model_weight": 0.22, "ALLEN_class_name": "Deep Lagoon", "semantic_zone": "deep_lagoon", "allen_mapped": true, "DEPARE_DRVAL1": 10.0, "DEPARE_DRVAL2": 20.0, "DEPARE__enc_cell": "US4TB3P0", "DEPARE_VERDAT": null, "inside_osm_reef_polygon": false, "working_hypothesis_60_70": false, "working_hypothesis_gt100": false }, "geometry": { "type": "Point", "coordinates": [ 134.5702972, 7.3558917, 15.7 ] } },
{ "type": "Feature", "properties": { "RCID": 8841, "PRIM": 1, "GRUP": 2, "OBJL": 129, "RVER": 1, "AGEN": 550, "FIDN": -2004046809, "FIDS": 19802, "LNAM": "0226888CAC274D5A", "LNAM_REFS": null, "FFPT_RIND": null, "EXPSOU": null, "NOBJNM": null, "OBJNAM": null, "QUASOU": null, "SOUACC": null, "TECSOU": null, "VERDAT": null, "STATUS": null, "INFORM": null, "NINFOM": null, "NTXTDS": null, "SCAMAX": null, "SCAMIN": 29999, "TXTDSC": null, "RECDAT": null, "RECIND": null, "SORDAT": "20150206", "SORIND": "US,US,reprt,L-246-2015", "DEPTH": 2.4, "_enc_cell": "US4TB3P0", "depth_m": 2.4, "_sound_id": 948, "CATZOC": 5, "QUAL_POSACC": null, "QUAL_SOUACC": null, "QUAL_SUREND": "1938", "QUAL_SURSTA": "1915", "QUAL_TECSOU": null, "QUAL_VERDAT": null, "QUAL_INFORM": "Former Japan Chart 481 (Ed. 1940, Rev. 1944), from Japan surveys, Scale 1:25,000", "QUAL_SORDAT": "20150206", "QUAL_SORIND": "US,US,reprt,L-246-2015", "QUAL_ENC_CELL": "US4TB3P0", "zoc_label": "D", "quality_model_weight": 0.22, "ALLEN_class_name": "Terrestrial Reef Flat", "semantic_zone": "reef_flat_or_crest", "allen_mapped": true, "DEPARE_DRVAL1": 2.0, "DEPARE_DRVAL2": 5.0, "DEPARE__enc_cell": "US4TB3P0", "DEPARE_VERDAT": null, "inside_osm_reef_polygon": true, "working_hypothesis_60_70": false, "working_hypothesis_gt100": false }, "geometry": { "type": "Point", "coordinates": [ 134.570373499999988, 7.3631835, 2.4 ] } },
{ "type": "Feature", "properties": { "RCID": 8841, "PRIM": 1, "GRUP": 2, "OBJL": 129, "RVER": 1, "AGEN": 550, "FIDN": -2004046809, "FIDS": 19802, "LNAM": "0226888CAC274D5A", "LNAM_REFS": null, "FFPT_RIND": null, "EXPSOU": null, "NOBJNM": null, "OBJNAM": null, "QUASOU": null, "SOUACC": null, "TECSOU": null, "VERDAT": null, "STATUS": null, "INFORM": null, "NINFOM": null, "NTXTDS": null, "SCAMAX": null, "SCAMIN": 29999, "TXTDSC": null, "RECDAT": null, "RECIND": null, "SORDAT": "20150206", "SORIND": "US,US,reprt,L-246-2015", "DEPTH": 13.7, "_enc_cell": "US4TB3P0", "depth_m": 13.7, "_sound_id": 949, "CATZOC": 5, "QUAL_POSACC": null, "QUAL_SOUACC": null, "QUAL_SUREND": "1938", "QUAL_SURSTA": "1915", "QUAL_TECSOU": null, "QUAL_VERDAT": null, "QUAL_INFORM": "Former Japan Chart 481 (Ed. 1940, Rev. 1944), from Japan surveys, Scale 1:25,000", "QUAL_SORDAT": "20150206", "QUAL_SORIND": "US,US,reprt,L-246-2015", "QUAL_ENC_CELL": "US4TB3P0", "zoc_label": "D", "quality_model_weight": 0.22, "ALLEN_class_name": "Terrestrial Reef Flat", "semantic_zone": "reef_flat_or_crest", "allen_mapped": true, "DEPARE_DRVAL1": 10.0, "DEPARE_DRVAL2": 20.0, "DEPARE__enc_cell": "US4TB3P0", "DEPARE_VERDAT": null, "inside_osm_reef_polygon": false, "working_hypothesis_60_70": false, "working_hypothesis_gt100": false }, "geometry": { "type": "Point", "coordinates": [ 134.5704041, 7.3594499, 13.7 ] } },
{ "type": "Feature", "properties": { "RCID": 8841, "PRIM": 1, "GRUP": 2, "OBJL": 129, "RVER": 1, "AGEN": 550, "FIDN": -2004046809, "FIDS": 19802, "LNAM": "0226888CAC274D5A", "LNAM_REFS": null, "FFPT_RIND": null, "EXPSOU": null, "NOBJNM": null, "OBJNAM": null, "QUASOU": null, "SOUACC": null, "TECSOU": null, "VERDAT": null, "STATUS": null, "INFORM": null, "NINFOM": null, "NTXTDS": null, "SCAMAX": null, "SCAMIN": 29999, "TXTDSC": null, "RECDAT": null, "RECIND": null, "SORDAT": "20150206", "SORIND": "US,US,reprt,L-246-2015", "DEPTH": 29.4, "_enc_cell": "US4TB3P0", "depth_m": 29.4, "_sound_id": 950, "CATZOC": 3, "QUAL_POSACC": null, "QUAL_SOUACC": null, "QUAL_SUREND": "2004", "QUAL_SURSTA": null, "QUAL_TECSOU": null, "QUAL_VERDAT": null, "QUAL_INFORM": "U.S. Navy LIDAR Survey, Archive No. 04HFM01, Scale 1:5,000-1:10,000", "QUAL_SORDAT": "20150206", "QUAL_SORIND": "US,US,reprt,L-246-2015", "QUAL_ENC_CELL": "US4TB3P0", "zoc_label": "B", "quality_model_weight": 0.72, "ALLEN_class_name": null, "semantic_zone": "outside_allen_geomorphic_or_unclassified", "allen_mapped": false, "DEPARE_DRVAL1": 20.0, "DEPARE_DRVAL2": 30.0, "DEPARE__enc_cell": "US4TB3P0", "DEPARE_VERDAT": null, "inside_osm_reef_polygon": false, "working_hypothesis_60_70": false, "working_hypothesis_gt100": false }, "geometry": { "type": "Point", "coordinates": [ 134.5706635, 7.3333554, 29.4 ] } },
{ "type": "Feature", "properties": { "RCID": 8841, "PRIM": 1, "GRUP": 2, "OBJL": 129, "RVER": 1, "AGEN": 550, "FIDN": -2004046809, "FIDS": 19802, "LNAM": "0226888CAC274D5A", "LNAM_REFS": null, "FFPT_RIND": null, "EXPSOU": null, "NOBJNM": null, "OBJNAM": null, "QUASOU": null, "SOUACC": null, "TECSOU": null, "VERDAT": null, "STATUS": null, "INFORM": null, "NINFOM": null, "NTXTDS": null, "SCAMAX": null, "SCAMIN": 29999, "TXTDSC": null, "RECDAT": null, "RECIND": null, "SORDAT": "20150206", "SORIND": "US,US,reprt,L-246-2015", "DEPTH": 17.7, "_enc_cell": "US4TB3P0", "depth_m": 17.7, "_sound_id": 952, "CATZOC": 5, "QUAL_POSACC": null, "QUAL_SOUACC": null, "QUAL_SUREND": "1938", "QUAL_SURSTA": "1915", "QUAL_TECSOU": null, "QUAL_VERDAT": null, "QUAL_INFORM": "Former Japan Chart 481 (Ed. 1940, Rev. 1944), from Japan surveys, Scale 1:25,000", "QUAL_SORDAT": "20150206", "QUAL_SORIND": "US,US,reprt,L-246-2015", "QUAL_ENC_CELL": "US4TB3P0", "zoc_label": "D", "quality_model_weight": 0.22, "ALLEN_class_name": "Deep Lagoon", "semantic_zone": "deep_lagoon", "allen_mapped": true, "DEPARE_DRVAL1": 10.0, "DEPARE_DRVAL2": 20.0, "DEPARE__enc_cell": "US4TB3P0", "DEPARE_VERDAT": null, "inside_osm_reef_polygon": false, "working_hypothesis_60_70": false, "working_hypothesis_gt100": false }, "geometry": { "type": "Point", "coordinates": [ 134.5708313, 7.354661, 17.7 ] } },
{ "type": "Feature", "properties": { "RCID": 8841, "PRIM": 1, "GRUP": 2, "OBJL": 129, "RVER": 1, "AGEN": 550, "FIDN": -2004046809, "FIDS": 19802, "LNAM": "0226888CAC274D5A", "LNAM_REFS": null, "FFPT_RIND": null, "EXPSOU": null, "NOBJNM": null, "OBJNAM": null, "QUASOU": null, "SOUACC": null, "TECSOU": null, "VERDAT": null, "STATUS": null, "INFORM": null, "NINFOM": null, "NTXTDS": null, "SCAMAX": null, "SCAMIN": 29999, "TXTDSC": null, "RECDAT": null, "RECIND": null, "SORDAT": "20150206", "SORIND": "US,US,reprt,L-246-2015", "DEPTH": 25.5, "_enc_cell": "US4TB3P0", "depth_m": 25.5, "_sound_id": 953, "CATZOC": 3, "QUAL_POSACC": null, "QUAL_SOUACC": null, "QUAL_SUREND": "2004", "QUAL_SURSTA": null, "QUAL_TECSOU": null, "QUAL_VERDAT": null, "QUAL_INFORM": "U.S. Navy LIDAR Survey, Archive No. 04HFM01, Scale 1:5,000-1:10,000", "QUAL_SORDAT": "20150206", "QUAL_SORIND": "US,US,reprt,L-246-2015", "QUAL_ENC_CELL": "US4TB3P0", "zoc_label": "B", "quality_model_weight": 0.72, "ALLEN_class_name": null, "semantic_zone": "outside_allen_geomorphic_or_unclassified", "allen_mapped": false, "DEPARE_DRVAL1": 20.0, "DEPARE_DRVAL2": 30.0, "DEPARE__enc_cell": "US4TB3P0", "DEPARE_VERDAT": null, "inside_osm_reef_polygon": false, "working_hypothesis_60_70": false, "working_hypothesis_gt100": false }, "geometry": { "type": "Point", "coordinates": [ 134.5708771, 7.335597, 25.5 ] } },
{ "type": "Feature", "properties": { "RCID": 8841, "PRIM": 1, "GRUP": 2, "OBJL": 129, "RVER": 1, "AGEN": 550, "FIDN": -2004046809, "FIDS": 19802, "LNAM": "0226888CAC274D5A", "LNAM_REFS": null, "FFPT_RIND": null, "EXPSOU": null, "NOBJNM": null, "OBJNAM": null, "QUASOU": null, "SOUACC": null, "TECSOU": null, "VERDAT": null, "STATUS": null, "INFORM": null, "NINFOM": null, "NTXTDS": null, "SCAMAX": null, "SCAMIN": 29999, "TXTDSC": null, "RECDAT": null, "RECIND": null, "SORDAT": "20150206", "SORIND": "US,US,reprt,L-246-2015", "DEPTH": 29.3, "_enc_cell": "US4TB3P0", "depth_m": 29.3, "_sound_id": 956, "CATZOC": 3, "QUAL_POSACC": null, "QUAL_SOUACC": null, "QUAL_SUREND": "2004", "QUAL_SURSTA": null, "QUAL_TECSOU": null, "QUAL_VERDAT": null, "QUAL_INFORM": "U.S. Navy LIDAR Survey, Archive No. 04HFM01, Scale 1:5,000-1:10,000", "QUAL_SORDAT": "20150206", "QUAL_SORIND": "US,US,reprt,L-246-2015", "QUAL_ENC_CELL": "US4TB3P0", "zoc_label": "B", "quality_model_weight": 0.72, "ALLEN_class_name": null, "semantic_zone": "outside_allen_geomorphic_or_unclassified", "allen_mapped": false, "DEPARE_DRVAL1": 20.0, "DEPARE_DRVAL2": 30.0, "DEPARE__enc_cell": "US4TB3P0", "DEPARE_VERDAT": null, "inside_osm_reef_polygon": false, "working_hypothesis_60_70": false, "working_hypothesis_gt100": false }, "geometry": { "type": "Point", "coordinates": [ 134.5710449, 7.3202972, 29.3 ] } },
{ "type": "Feature", "properties": { "RCID": 8841, "PRIM": 1, "GRUP": 2, "OBJL": 129, "RVER": 1, "AGEN": 550, "FIDN": -2004046809, "FIDS": 19802, "LNAM": "0226888CAC274D5A", "LNAM_REFS": null, "FFPT_RIND": null, "EXPSOU": null, "NOBJNM": null, "OBJNAM": null, "QUASOU": null, "SOUACC": null, "TECSOU": null, "VERDAT": null, "STATUS": null, "INFORM": null, "NINFOM": null, "NTXTDS": null, "SCAMAX": null, "SCAMIN": 29999, "TXTDSC": null, "RECDAT": null, "RECIND": null, "SORDAT": "20150206", "SORIND": "US,US,reprt,L-246-2015", "DEPTH": 35.0, "_enc_cell": "US4TB3P0", "depth_m": 35.0, "_sound_id": 957, "CATZOC": 3, "QUAL_POSACC": null, "QUAL_SOUACC": null, "QUAL_SUREND": "2004", "QUAL_SURSTA": null, "QUAL_TECSOU": null, "QUAL_VERDAT": null, "QUAL_INFORM": "U.S. Navy LIDAR Survey, Archive No. 04HFM01, Scale 1:5,000-1:10,000", "QUAL_SORDAT": "20150206", "QUAL_SORIND": "US,US,reprt,L-246-2015", "QUAL_ENC_CELL": "US4TB3P0", "zoc_label": "B", "quality_model_weight": 0.72, "ALLEN_class_name": null, "semantic_zone": "outside_allen_geomorphic_or_unclassified", "allen_mapped": false, "DEPARE_DRVAL1": 30.0, "DEPARE_DRVAL2": 50.0, "DEPARE__enc_cell": "US4TB3P0", "DEPARE_VERDAT": null, "inside_osm_reef_polygon": false, "working_hypothesis_60_70": false, "working_hypothesis_gt100": false }, "geometry": { "type": "Point", "coordinates": [ 134.5715332, 7.3234806, 35.0 ] } },
{ "type": "Feature", "properties": { "RCID": 8841, "PRIM": 1, "GRUP": 2, "OBJL": 129, "RVER": 1, "AGEN": 550, "FIDN": -2004046809, "FIDS": 19802, "LNAM": "0226888CAC274D5A", "LNAM_REFS": null, "FFPT_RIND": null, "EXPSOU": null, "NOBJNM": null, "OBJNAM": null, "QUASOU": null, "SOUACC": null, "TECSOU": null, "VERDAT": null, "STATUS": null, "INFORM": null, "NINFOM": null, "NTXTDS": null, "SCAMAX": null, "SCAMIN": 29999, "TXTDSC": null, "RECDAT": null, "RECIND": null, "SORDAT": "20150206", "SORIND": "US,US,reprt,L-246-2015", "DEPTH": 14.4, "_enc_cell": "US4TB3P0", "depth_m": 14.4, "_sound_id": 958, "CATZOC": 3, "QUAL_POSACC": null, "QUAL_SOUACC": null, "QUAL_SUREND": "2004", "QUAL_SURSTA": null, "QUAL_TECSOU": null, "QUAL_VERDAT": null, "QUAL_INFORM": "U.S. Navy LIDAR Survey, Archive No. 04HFM01, Scale 1:5,000-1:10,000", "QUAL_SORDAT": "20150206", "QUAL_SORIND": "US,US,reprt,L-246-2015", "QUAL_ENC_CELL": "US4TB3P0", "zoc_label": "B", "quality_model_weight": 0.72, "ALLEN_class_name": "Deep Lagoon", "semantic_zone": "deep_lagoon", "allen_mapped": true, "DEPARE_DRVAL1": 10.0, "DEPARE_DRVAL2": 20.0, "DEPARE__enc_cell": "US4TB3P0", "DEPARE_VERDAT": null, "inside_osm_reef_polygon": false, "working_hypothesis_60_70": false, "working_hypothesis_gt100": false }, "geometry": { "type": "Point", "coordinates": [ 134.5715485, 7.3445611, 14.4 ] } },
{ "type": "Feature", "properties": { "RCID": 8841, "PRIM": 1, "GRUP": 2, "OBJL": 129, "RVER": 1, "AGEN": 550, "FIDN": -2004046809, "FIDS": 19802, "LNAM": "0226888CAC274D5A", "LNAM_REFS": null, "FFPT_RIND": null, "EXPSOU": null, "NOBJNM": null, "OBJNAM": null, "QUASOU": null, "SOUACC": null, "TECSOU": null, "VERDAT": null, "STATUS": null, "INFORM": null, "NINFOM": null, "NTXTDS": null, "SCAMAX": null, "SCAMIN": 29999, "TXTDSC": null, "RECDAT": null, "RECIND": null, "SORDAT": "20150206", "SORIND": "US,US,reprt,L-246-2015", "DEPTH": 27.7, "_enc_cell": "US4TB3P0", "depth_m": 27.7, "_sound_id": 959, "CATZOC": 3, "QUAL_POSACC": null, "QUAL_SOUACC": null, "QUAL_SUREND": "2004", "QUAL_SURSTA": null, "QUAL_TECSOU": null, "QUAL_VERDAT": null, "QUAL_INFORM": "U.S. Navy LIDAR Survey, Archive No. 04HFM01, Scale 1:5,000-1:10,000", "QUAL_SORDAT": "20150206", "QUAL_SORIND": "US,US,reprt,L-246-2015", "QUAL_ENC_CELL": "US4TB3P0", "zoc_label": "B", "quality_model_weight": 0.72, "ALLEN_class_name": null, "semantic_zone": "outside_allen_geomorphic_or_unclassified", "allen_mapped": false, "DEPARE_DRVAL1": 20.0, "DEPARE_DRVAL2": 30.0, "DEPARE__enc_cell": "US4TB3P0", "DEPARE_VERDAT": null, "inside_osm_reef_polygon": false, "working_hypothesis_60_70": false, "working_hypothesis_gt100": false }, "geometry": { "type": "Point", "coordinates": [ 134.5716248, 7.319428, 27.7 ] } },
{ "type": "Feature", "properties": { "RCID": 8841, "PRIM": 1, "GRUP": 2, "OBJL": 129, "RVER": 1, "AGEN": 550, "FIDN": -2004046809, "FIDS": 19802, "LNAM": "0226888CAC274D5A", "LNAM_REFS": null, "FFPT_RIND": null, "EXPSOU": null, "NOBJNM": null, "OBJNAM": null, "QUASOU": null, "SOUACC": null, "TECSOU": null, "VERDAT": null, "STATUS": null, "INFORM": null, "NINFOM": null, "NTXTDS": null, "SCAMAX": null, "SCAMIN": 29999, "TXTDSC": null, "RECDAT": null, "RECIND": null, "SORDAT": "20150206", "SORIND": "US,US,reprt,L-246-2015", "DEPTH": 32.0, "_enc_cell": "US4TB3P0", "depth_m": 32.0, "_sound_id": 960, "CATZOC": 3, "QUAL_POSACC": null, "QUAL_SOUACC": null, "QUAL_SUREND": "2004", "QUAL_SURSTA": null, "QUAL_TECSOU": null, "QUAL_VERDAT": null, "QUAL_INFORM": "U.S. Navy LIDAR Survey, Archive No. 04HFM01, Scale 1:5,000-1:10,000", "QUAL_SORDAT": "20150206", "QUAL_SORIND": "US,US,reprt,L-246-2015", "QUAL_ENC_CELL": "US4TB3P0", "zoc_label": "B", "quality_model_weight": 0.72, "ALLEN_class_name": null, "semantic_zone": "outside_allen_geomorphic_or_unclassified", "allen_mapped": false, "DEPARE_DRVAL1": 30.0, "DEPARE_DRVAL2": 50.0, "DEPARE__enc_cell": "US4TB3P0", "DEPARE_VERDAT": null, "inside_osm_reef_polygon": false, "working_hypothesis_60_70": false, "working_hypothesis_gt100": false }, "geometry": { "type": "Point", "coordinates": [ 134.571685800000012, 7.3325863, 32.0 ] } },
{ "type": "Feature", "properties": { "RCID": 8841, "PRIM": 1, "GRUP": 2, "OBJL": 129, "RVER": 1, "AGEN": 550, "FIDN": -2004046809, "FIDS": 19802, "LNAM": "0226888CAC274D5A", "LNAM_REFS": null, "FFPT_RIND": null, "EXPSOU": null, "NOBJNM": null, "OBJNAM": null, "QUASOU": null, "SOUACC": null, "TECSOU": null, "VERDAT": null, "STATUS": null, "INFORM": null, "NINFOM": null, "NTXTDS": null, "SCAMAX": null, "SCAMIN": 29999, "TXTDSC": null, "RECDAT": null, "RECIND": null, "SORDAT": "20150206", "SORIND": "US,US,reprt,L-246-2015", "DEPTH": 36.0, "_enc_cell": "US4TB3P0", "depth_m": 36.0, "_sound_id": 961, "CATZOC": 3, "QUAL_POSACC": null, "QUAL_SOUACC": null, "QUAL_SUREND": "2004", "QUAL_SURSTA": null, "QUAL_TECSOU": null, "QUAL_VERDAT": null, "QUAL_INFORM": "U.S. Navy LIDAR Survey, Archive No. 04HFM01, Scale 1:5,000-1:10,000", "QUAL_SORDAT": "20150206", "QUAL_SORIND": "US,US,reprt,L-246-2015", "QUAL_ENC_CELL": "US4TB3P0", "zoc_label": "B", "quality_model_weight": 0.72, "ALLEN_class_name": null, "semantic_zone": "outside_allen_geomorphic_or_unclassified", "allen_mapped": false, "DEPARE_DRVAL1": 30.0, "DEPARE_DRVAL2": 50.0, "DEPARE__enc_cell": "US4TB3P0", "DEPARE_VERDAT": null, "inside_osm_reef_polygon": false, "working_hypothesis_60_70": false, "working_hypothesis_gt100": false }, "geometry": { "type": "Point", "coordinates": [ 134.5717468, 7.3269415, 36.0 ] } },
{ "type": "Feature", "properties": { "RCID": 8841, "PRIM": 1, "GRUP": 2, "OBJL": 129, "RVER": 1, "AGEN": 550, "FIDN": -2004046809, "FIDS": 19802, "LNAM": "0226888CAC274D5A", "LNAM_REFS": null, "FFPT_RIND": null, "EXPSOU": null, "NOBJNM": null, "OBJNAM": null, "QUASOU": null, "SOUACC": null, "TECSOU": null, "VERDAT": null, "STATUS": null, "INFORM": null, "NINFOM": null, "NTXTDS": null, "SCAMAX": null, "SCAMIN": 29999, "TXTDSC": null, "RECDAT": null, "RECIND": null, "SORDAT": "20150206", "SORIND": "US,US,reprt,L-246-2015", "DEPTH": 15.7, "_enc_cell": "US4TB3P0", "depth_m": 15.7, "_sound_id": 962, "CATZOC": 5, "QUAL_POSACC": null, "QUAL_SOUACC": null, "QUAL_SUREND": "1938", "QUAL_SURSTA": "1915", "QUAL_TECSOU": null, "QUAL_VERDAT": null, "QUAL_INFORM": "Former Japan Chart 481 (Ed. 1940, Rev. 1944), from Japan surveys, Scale 1:25,000", "QUAL_SORDAT": "20150206", "QUAL_SORIND": "US,US,reprt,L-246-2015", "QUAL_ENC_CELL": "US4TB3P0", "zoc_label": "D", "quality_model_weight": 0.22, "ALLEN_class_name": "Deep Lagoon", "semantic_zone": "deep_lagoon", "allen_mapped": true, "DEPARE_DRVAL1": 10.0, "DEPARE_DRVAL2": 20.0, "DEPARE__enc_cell": "US4TB3P0", "DEPARE_VERDAT": null, "inside_osm_reef_polygon": false, "working_hypothesis_60_70": false, "working_hypothesis_gt100": false }, "geometry": { "type": "Point", "coordinates": [ 134.5717926, 7.3573499, 15.7 ] } },
{ "type": "Feature", "properties": { "RCID": 8841, "PRIM": 1, "GRUP": 2, "OBJL": 129, "RVER": 1, "AGEN": 550, "FIDN": -2004046809, "FIDS": 19802, "LNAM": "0226888CAC274D5A", "LNAM_REFS": null, "FFPT_RIND": null, "EXPSOU": null, "NOBJNM": null, "OBJNAM": null, "QUASOU": null, "SOUACC": null, "TECSOU": null, "VERDAT": null, "STATUS": null, "INFORM": null, "NINFOM": null, "NTXTDS": null, "SCAMAX": null, "SCAMIN": 29999, "TXTDSC": null, "RECDAT": null, "RECIND": null, "SORDAT": "20150206", "SORIND": "US,US,reprt,L-246-2015", "DEPTH": 31.0, "_enc_cell": "US4TB3P0", "depth_m": 31.0, "_sound_id": 963, "CATZOC": 3, "QUAL_POSACC": null, "QUAL_SOUACC": null, "QUAL_SUREND": "2004", "QUAL_SURSTA": null, "QUAL_TECSOU": null, "QUAL_VERDAT": null, "QUAL_INFORM": "U.S. Navy LIDAR Survey, Archive No. 04HFM01, Scale 1:5,000-1:10,000", "QUAL_SORDAT": "20150206", "QUAL_SORIND": "US,US,reprt,L-246-2015", "QUAL_ENC_CELL": "US4TB3P0", "zoc_label": "B", "quality_model_weight": 0.72, "ALLEN_class_name": null, "semantic_zone": "outside_allen_geomorphic_or_unclassified", "allen_mapped": false, "DEPARE_DRVAL1": 30.0, "DEPARE_DRVAL2": 50.0, "DEPARE__enc_cell": "US4TB3P0", "DEPARE_VERDAT": null, "inside_osm_reef_polygon": false, "working_hypothesis_60_70": false, "working_hypothesis_gt100": false }, "geometry": { "type": "Point", "coordinates": [ 134.5718689, 7.3301859, 31.0 ] } },
{ "type": "Feature", "properties": { "RCID": 8841, "PRIM": 1, "GRUP": 2, "OBJL": 129, "RVER": 1, "AGEN": 550, "FIDN": -2004046809, "FIDS": 19802, "LNAM": "0226888CAC274D5A", "LNAM_REFS": null, "FFPT_RIND": null, "EXPSOU": null, "NOBJNM": null, "OBJNAM": null, "QUASOU": null, "SOUACC": null, "TECSOU": null, "VERDAT": null, "STATUS": null, "INFORM": null, "NINFOM": null, "NTXTDS": null, "SCAMAX": null, "SCAMIN": 29999, "TXTDSC": null, "RECDAT": null, "RECIND": null, "SORDAT": "20150206", "SORIND": "US,US,reprt,L-246-2015", "DEPTH": 17.7, "_enc_cell": "US4TB3P0", "depth_m": 17.7, "_sound_id": 965, "CATZOC": 5, "QUAL_POSACC": null, "QUAL_SOUACC": null, "QUAL_SUREND": "1938", "QUAL_SURSTA": "1915", "QUAL_TECSOU": null, "QUAL_VERDAT": null, "QUAL_INFORM": "Former Japan Chart 481 (Ed. 1940, Rev. 1944), from Japan surveys, Scale 1:25,000", "QUAL_SORDAT": "20150206", "QUAL_SORIND": "US,US,reprt,L-246-2015", "QUAL_ENC_CELL": "US4TB3P0", "zoc_label": "D", "quality_model_weight": 0.22, "ALLEN_class_name": "Deep Lagoon", "semantic_zone": "deep_lagoon", "allen_mapped": true, "DEPARE_DRVAL1": 10.0, "DEPARE_DRVAL2": 20.0, "DEPARE__enc_cell": "US4TB3P0", "DEPARE_VERDAT": null, "inside_osm_reef_polygon": false, "working_hypothesis_60_70": false, "working_hypothesis_gt100": false }, "geometry": { "type": "Point", "coordinates": [ 134.5722504, 7.3519306, 17.7 ] } },
{ "type": "Feature", "properties": { "RCID": 8841, "PRIM": 1, "GRUP": 2, "OBJL": 129, "RVER": 1, "AGEN": 550, "FIDN": -2004046809, "FIDS": 19802, "LNAM": "0226888CAC274D5A", "LNAM_REFS": null, "FFPT_RIND": null, "EXPSOU": null, "NOBJNM": null, "OBJNAM": null, "QUASOU": null, "SOUACC": null, "TECSOU": null, "VERDAT": null, "STATUS": null, "INFORM": null, "NINFOM": null, "NTXTDS": null, "SCAMAX": null, "SCAMIN": 29999, "TXTDSC": null, "RECDAT": null, "RECIND": null, "SORDAT": "20150206", "SORIND": "US,US,reprt,L-246-2015", "DEPTH": 24.0, "_enc_cell": "US4TB3P0", "depth_m": 24.0, "_sound_id": 966, "CATZOC": 5, "QUAL_POSACC": null, "QUAL_SOUACC": null, "QUAL_SUREND": "1938", "QUAL_SURSTA": "1915", "QUAL_TECSOU": null, "QUAL_VERDAT": null, "QUAL_INFORM": "Former Japan Chart 481 (Ed. 1940, Rev. 1944), from Japan surveys, Scale 1:25,000", "QUAL_SORDAT": "20150206", "QUAL_SORIND": "US,US,reprt,L-246-2015", "QUAL_ENC_CELL": "US4TB3P0", "zoc_label": "D", "quality_model_weight": 0.22, "ALLEN_class_name": null, "semantic_zone": "outside_allen_geomorphic_or_unclassified", "allen_mapped": false, "DEPARE_DRVAL1": 20.0, "DEPARE_DRVAL2": 30.0, "DEPARE__enc_cell": "US4TB3P0", "DEPARE_VERDAT": null, "inside_osm_reef_polygon": false, "working_hypothesis_60_70": false, "working_hypothesis_gt100": false }, "geometry": { "type": "Point", "coordinates": [ 134.5724945, 7.3485665, 24.0 ] } },
{ "type": "Feature", "properties": { "RCID": 8841, "PRIM": 1, "GRUP": 2, "OBJL": 129, "RVER": 1, "AGEN": 550, "FIDN": -2004046809, "FIDS": 19802, "LNAM": "0226888CAC274D5A", "LNAM_REFS": null, "FFPT_RIND": null, "EXPSOU": null, "NOBJNM": null, "OBJNAM": null, "QUASOU": null, "SOUACC": null, "TECSOU": null, "VERDAT": null, "STATUS": null, "INFORM": null, "NINFOM": null, "NTXTDS": null, "SCAMAX": null, "SCAMIN": 29999, "TXTDSC": null, "RECDAT": null, "RECIND": null, "SORDAT": "20150206", "SORIND": "US,US,reprt,L-246-2015", "DEPTH": 24.0, "_enc_cell": "US4TB3P0", "depth_m": 24.0, "_sound_id": 967, "CATZOC": 5, "QUAL_POSACC": null, "QUAL_SOUACC": null, "QUAL_SUREND": "1938", "QUAL_SURSTA": "1915", "QUAL_TECSOU": null, "QUAL_VERDAT": null, "QUAL_INFORM": "Former Japan Chart 481 (Ed. 1940, Rev. 1944), from Japan surveys, Scale 1:25,000", "QUAL_SORDAT": "20150206", "QUAL_SORIND": "US,US,reprt,L-246-2015", "QUAL_ENC_CELL": "US4TB3P0", "zoc_label": "D", "quality_model_weight": 0.22, "ALLEN_class_name": "Deep Lagoon", "semantic_zone": "deep_lagoon", "allen_mapped": true, "DEPARE_DRVAL1": 20.0, "DEPARE_DRVAL2": 30.0, "DEPARE__enc_cell": "US4TB3P0", "DEPARE_VERDAT": null, "inside_osm_reef_polygon": false, "working_hypothesis_60_70": false, "working_hypothesis_gt100": false }, "geometry": { "type": "Point", "coordinates": [ 134.5725098, 7.3551474, 24.0 ] } },
{ "type": "Feature", "properties": { "RCID": 8841, "PRIM": 1, "GRUP": 2, "OBJL": 129, "RVER": 1, "AGEN": 550, "FIDN": -2004046809, "FIDS": 19802, "LNAM": "0226888CAC274D5A", "LNAM_REFS": null, "FFPT_RIND": null, "EXPSOU": null, "NOBJNM": null, "OBJNAM": null, "QUASOU": null, "SOUACC": null, "TECSOU": null, "VERDAT": null, "STATUS": null, "INFORM": null, "NINFOM": null, "NTXTDS": null, "SCAMAX": null, "SCAMIN": 29999, "TXTDSC": null, "RECDAT": null, "RECIND": null, "SORDAT": "20150206", "SORIND": "US,US,reprt,L-246-2015", "DEPTH": 32.0, "_enc_cell": "US4TB3P0", "depth_m": 32.0, "_sound_id": 971, "CATZOC": 3, "QUAL_POSACC": null, "QUAL_SOUACC": null, "QUAL_SUREND": "2004", "QUAL_SURSTA": null, "QUAL_TECSOU": null, "QUAL_VERDAT": null, "QUAL_INFORM": "U.S. Navy LIDAR Survey, Archive No. 04HFM01, Scale 1:5,000-1:10,000", "QUAL_SORDAT": "20150206", "QUAL_SORIND": "US,US,reprt,L-246-2015", "QUAL_ENC_CELL": "US4TB3P0", "zoc_label": "B", "quality_model_weight": 0.72, "ALLEN_class_name": null, "semantic_zone": "outside_allen_geomorphic_or_unclassified", "allen_mapped": false, "DEPARE_DRVAL1": 30.0, "DEPARE_DRVAL2": 50.0, "DEPARE__enc_cell": "US4TB3P0", "DEPARE_VERDAT": null, "inside_osm_reef_polygon": false, "working_hypothesis_60_70": false, "working_hypothesis_gt100": false }, "geometry": { "type": "Point", "coordinates": [ 134.572876, 7.3382416, 32.0 ] } },
{ "type": "Feature", "properties": { "RCID": 8841, "PRIM": 1, "GRUP": 2, "OBJL": 129, "RVER": 1, "AGEN": 550, "FIDN": -2004046809, "FIDS": 19802, "LNAM": "0226888CAC274D5A", "LNAM_REFS": null, "FFPT_RIND": null, "EXPSOU": null, "NOBJNM": null, "OBJNAM": null, "QUASOU": null, "SOUACC": null, "TECSOU": null, "VERDAT": null, "STATUS": null, "INFORM": null, "NINFOM": null, "NTXTDS": null, "SCAMAX": null, "SCAMIN": 29999, "TXTDSC": null, "RECDAT": null, "RECIND": null, "SORDAT": "20150206", "SORIND": "US,US,reprt,L-246-2015", "DEPTH": 14.7, "_enc_cell": "US4TB3P0", "depth_m": 14.7, "_sound_id": 972, "CATZOC": 3, "QUAL_POSACC": null, "QUAL_SOUACC": null, "QUAL_SUREND": "2004", "QUAL_SURSTA": null, "QUAL_TECSOU": null, "QUAL_VERDAT": null, "QUAL_INFORM": "U.S. Navy LIDAR Survey, Archive No. 04HFM01, Scale 1:5,000-1:10,000", "QUAL_SORDAT": "20150206", "QUAL_SORIND": "US,US,reprt,L-246-2015", "QUAL_ENC_CELL": "US4TB3P0", "zoc_label": "B", "quality_model_weight": 0.72, "ALLEN_class_name": null, "semantic_zone": "outside_allen_geomorphic_or_unclassified", "allen_mapped": false, "DEPARE_DRVAL1": 10.0, "DEPARE_DRVAL2": 20.0, "DEPARE__enc_cell": "US4TB3P0", "DEPARE_VERDAT": null, "inside_osm_reef_polygon": false, "working_hypothesis_60_70": false, "working_hypothesis_gt100": false }, "geometry": { "type": "Point", "coordinates": [ 134.5731659, 7.3283916, 14.7 ] } },
{ "type": "Feature", "properties": { "RCID": 8841, "PRIM": 1, "GRUP": 2, "OBJL": 129, "RVER": 1, "AGEN": 550, "FIDN": -2004046809, "FIDS": 19802, "LNAM": "0226888CAC274D5A", "LNAM_REFS": null, "FFPT_RIND": null, "EXPSOU": null, "NOBJNM": null, "OBJNAM": null, "QUASOU": null, "SOUACC": null, "TECSOU": null, "VERDAT": null, "STATUS": null, "INFORM": null, "NINFOM": null, "NTXTDS": null, "SCAMAX": null, "SCAMIN": 29999, "TXTDSC": null, "RECDAT": null, "RECIND": null, "SORDAT": "20150206", "SORIND": "US,US,reprt,L-246-2015", "DEPTH": 28.0, "_enc_cell": "US4TB3P0", "depth_m": 28.0, "_sound_id": 973, "CATZOC": 5, "QUAL_POSACC": null, "QUAL_SOUACC": null, "QUAL_SUREND": "1938", "QUAL_SURSTA": "1915", "QUAL_TECSOU": null, "QUAL_VERDAT": null, "QUAL_INFORM": "Former Japan Chart 481 (Ed. 1940, Rev. 1944), from Japan surveys, Scale 1:25,000", "QUAL_SORDAT": "20150206", "QUAL_SORIND": "US,US,reprt,L-246-2015", "QUAL_ENC_CELL": "US4TB3P0", "zoc_label": "D", "quality_model_weight": 0.22, "ALLEN_class_name": null, "semantic_zone": "outside_allen_geomorphic_or_unclassified", "allen_mapped": false, "DEPARE_DRVAL1": 20.0, "DEPARE_DRVAL2": 30.0, "DEPARE__enc_cell": "US4TB3P0", "DEPARE_VERDAT": null, "inside_osm_reef_polygon": false, "working_hypothesis_60_70": false, "working_hypothesis_gt100": false }, "geometry": { "type": "Point", "coordinates": [ 134.5737, 7.3508501, 28.0 ] } },
{ "type": "Feature", "properties": { "RCID": 8841, "PRIM": 1, "GRUP": 2, "OBJL": 129, "RVER": 1, "AGEN": 550, "FIDN": -2004046809, "FIDS": 19802, "LNAM": "0226888CAC274D5A", "LNAM_REFS": null, "FFPT_RIND": null, "EXPSOU": null, "NOBJNM": null, "OBJNAM": null, "QUASOU": null, "SOUACC": null, "TECSOU": null, "VERDAT": null, "STATUS": null, "INFORM": null, "NINFOM": null, "NTXTDS": null, "SCAMAX": null, "SCAMIN": 29999, "TXTDSC": null, "RECDAT": null, "RECIND": null, "SORDAT": "20150206", "SORIND": "US,US,reprt,L-246-2015", "DEPTH": 22.1, "_enc_cell": "US4TB3P0", "depth_m": 22.1, "_sound_id": 974, "CATZOC": 3, "QUAL_POSACC": null, "QUAL_SOUACC": null, "QUAL_SUREND": "2004", "QUAL_SURSTA": null, "QUAL_TECSOU": null, "QUAL_VERDAT": null, "QUAL_INFORM": "U.S. Navy LIDAR Survey, Archive No. 04HFM01, Scale 1:5,000-1:10,000", "QUAL_SORDAT": "20150206", "QUAL_SORIND": "US,US,reprt,L-246-2015", "QUAL_ENC_CELL": "US4TB3P0", "zoc_label": "B", "quality_model_weight": 0.72, "ALLEN_class_name": null, "semantic_zone": "outside_allen_geomorphic_or_unclassified", "allen_mapped": false, "DEPARE_DRVAL1": 20.0, "DEPARE_DRVAL2": 30.0, "DEPARE__enc_cell": "US4TB3P0", "DEPARE_VERDAT": null, "inside_osm_reef_polygon": false, "working_hypothesis_60_70": false, "working_hypothesis_gt100": false }, "geometry": { "type": "Point", "coordinates": [ 134.5737152, 7.3255582, 22.1 ] } },
{ "type": "Feature", "properties": { "RCID": 8841, "PRIM": 1, "GRUP": 2, "OBJL": 129, "RVER": 1, "AGEN": 550, "FIDN": -2004046809, "FIDS": 19802, "LNAM": "0226888CAC274D5A", "LNAM_REFS": null, "FFPT_RIND": null, "EXPSOU": null, "NOBJNM": null, "OBJNAM": null, "QUASOU": null, "SOUACC": null, "TECSOU": null, "VERDAT": null, "STATUS": null, "INFORM": null, "NINFOM": null, "NTXTDS": null, "SCAMAX": null, "SCAMIN": 29999, "TXTDSC": null, "RECDAT": null, "RECIND": null, "SORDAT": "20150206", "SORIND": "US,US,reprt,L-246-2015", "DEPTH": 33.0, "_enc_cell": "US4TB3P0", "depth_m": 33.0, "_sound_id": 975, "CATZOC": 3, "QUAL_POSACC": null, "QUAL_SOUACC": null, "QUAL_SUREND": "2004", "QUAL_SURSTA": null, "QUAL_TECSOU": null, "QUAL_VERDAT": null, "QUAL_INFORM": "U.S. Navy LIDAR Survey, Archive No. 04HFM01, Scale 1:5,000-1:10,000", "QUAL_SORDAT": "20150206", "QUAL_SORIND": "US,US,reprt,L-246-2015", "QUAL_ENC_CELL": "US4TB3P0", "zoc_label": "B", "quality_model_weight": 0.72, "ALLEN_class_name": null, "semantic_zone": "outside_allen_geomorphic_or_unclassified", "allen_mapped": false, "DEPARE_DRVAL1": 30.0, "DEPARE_DRVAL2": 50.0, "DEPARE__enc_cell": "US4TB3P0", "DEPARE_VERDAT": null, "inside_osm_reef_polygon": false, "working_hypothesis_60_70": false, "working_hypothesis_gt100": false }, "geometry": { "type": "Point", "coordinates": [ 134.5737763, 7.331439, 33.0 ] } },
{ "type": "Feature", "properties": { "RCID": 8841, "PRIM": 1, "GRUP": 2, "OBJL": 129, "RVER": 1, "AGEN": 550, "FIDN": -2004046809, "FIDS": 19802, "LNAM": "0226888CAC274D5A", "LNAM_REFS": null, "FFPT_RIND": null, "EXPSOU": null, "NOBJNM": null, "OBJNAM": null, "QUASOU": null, "SOUACC": null, "TECSOU": null, "VERDAT": null, "STATUS": null, "INFORM": null, "NINFOM": null, "NTXTDS": null, "SCAMAX": null, "SCAMIN": 29999, "TXTDSC": null, "RECDAT": null, "RECIND": null, "SORDAT": "20150206", "SORIND": "US,US,reprt,L-246-2015", "DEPTH": 3.2, "_enc_cell": "US4TB3P0", "depth_m": 3.2, "_sound_id": 977, "CATZOC": 3, "QUAL_POSACC": null, "QUAL_SOUACC": null, "QUAL_SUREND": "2004", "QUAL_SURSTA": null, "QUAL_TECSOU": null, "QUAL_VERDAT": null, "QUAL_INFORM": "U.S. Navy LIDAR Survey, Archive No. 04HFM01, Scale 1:5,000-1:10,000", "QUAL_SORDAT": "20150206", "QUAL_SORIND": "US,US,reprt,L-246-2015", "QUAL_ENC_CELL": "US4TB3P0", "zoc_label": "B", "quality_model_weight": 0.72, "ALLEN_class_name": "Reef Slope", "semantic_zone": "reef_slope", "allen_mapped": true, "DEPARE_DRVAL1": 2.0, "DEPARE_DRVAL2": 5.0, "DEPARE__enc_cell": "US4TB3P0", "DEPARE_VERDAT": null, "inside_osm_reef_polygon": false, "working_hypothesis_60_70": false, "working_hypothesis_gt100": false }, "geometry": { "type": "Point", "coordinates": [ 134.573822, 7.3437696, 3.2 ] } },
{ "type": "Feature", "properties": { "RCID": 8841, "PRIM": 1, "GRUP": 2, "OBJL": 129, "RVER": 1, "AGEN": 550, "FIDN": -2004046809, "FIDS": 19802, "LNAM": "0226888CAC274D5A", "LNAM_REFS": null, "FFPT_RIND": null, "EXPSOU": null, "NOBJNM": null, "OBJNAM": null, "QUASOU": null, "SOUACC": null, "TECSOU": null, "VERDAT": null, "STATUS": null, "INFORM": null, "NINFOM": null, "NTXTDS": null, "SCAMAX": null, "SCAMIN": 29999, "TXTDSC": null, "RECDAT": null, "RECIND": null, "SORDAT": "20150206", "SORIND": "US,US,reprt,L-246-2015", "DEPTH": 26.1, "_enc_cell": "US4TB3P0", "depth_m": 26.1, "_sound_id": 978, "CATZOC": 3, "QUAL_POSACC": null, "QUAL_SOUACC": null, "QUAL_SUREND": "2004", "QUAL_SURSTA": null, "QUAL_TECSOU": null, "QUAL_VERDAT": null, "QUAL_INFORM": "U.S. Navy LIDAR Survey, Archive No. 04HFM01, Scale 1:5,000-1:10,000", "QUAL_SORDAT": "20150206", "QUAL_SORIND": "US,US,reprt,L-246-2015", "QUAL_ENC_CELL": "US4TB3P0", "zoc_label": "B", "quality_model_weight": 0.72, "ALLEN_class_name": null, "semantic_zone": "outside_allen_geomorphic_or_unclassified", "allen_mapped": false, "DEPARE_DRVAL1": 20.0, "DEPARE_DRVAL2": 30.0, "DEPARE__enc_cell": "US4TB3P0", "DEPARE_VERDAT": null, "inside_osm_reef_polygon": false, "working_hypothesis_60_70": false, "working_hypothesis_gt100": false }, "geometry": { "type": "Point", "coordinates": [ 134.573883099999989, 7.3366556, 26.1 ] } },
{ "type": "Feature", "properties": { "RCID": 8841, "PRIM": 1, "GRUP": 2, "OBJL": 129, "RVER": 1, "AGEN": 550, "FIDN": -2004046809, "FIDS": 19802, "LNAM": "0226888CAC274D5A", "LNAM_REFS": null, "FFPT_RIND": null, "EXPSOU": null, "NOBJNM": null, "OBJNAM": null, "QUASOU": null, "SOUACC": null, "TECSOU": null, "VERDAT": null, "STATUS": null, "INFORM": null, "NINFOM": null, "NTXTDS": null, "SCAMAX": null, "SCAMIN": 29999, "TXTDSC": null, "RECDAT": null, "RECIND": null, "SORDAT": "20150206", "SORIND": "US,US,reprt,L-246-2015", "DEPTH": 49.0, "_enc_cell": "US4TB3P0", "depth_m": 49.0, "_sound_id": 979, "CATZOC": 3, "QUAL_POSACC": null, "QUAL_SOUACC": null, "QUAL_SUREND": "2004", "QUAL_SURSTA": null, "QUAL_TECSOU": null, "QUAL_VERDAT": null, "QUAL_INFORM": "U.S. Navy LIDAR Survey, Archive No. 04HFM01, Scale 1:5,000-1:10,000", "QUAL_SORDAT": "20150206", "QUAL_SORIND": "US,US,reprt,L-246-2015", "QUAL_ENC_CELL": "US4TB3P0", "zoc_label": "B", "quality_model_weight": 0.72, "ALLEN_class_name": null, "semantic_zone": "outside_allen_geomorphic_or_unclassified", "allen_mapped": false, "DEPARE_DRVAL1": 30.0, "DEPARE_DRVAL2": 50.0, "DEPARE__enc_cell": "US4TB3P0", "DEPARE_VERDAT": null, "inside_osm_reef_polygon": false, "working_hypothesis_60_70": false, "working_hypothesis_gt100": false }, "geometry": { "type": "Point", "coordinates": [ 134.5740051, 7.3426724, 49.0 ] } },
{ "type": "Feature", "properties": { "RCID": 8841, "PRIM": 1, "GRUP": 2, "OBJL": 129, "RVER": 1, "AGEN": 550, "FIDN": -2004046809, "FIDS": 19802, "LNAM": "0226888CAC274D5A", "LNAM_REFS": null, "FFPT_RIND": null, "EXPSOU": null, "NOBJNM": null, "OBJNAM": null, "QUASOU": null, "SOUACC": null, "TECSOU": null, "VERDAT": null, "STATUS": null, "INFORM": null, "NINFOM": null, "NTXTDS": null, "SCAMAX": null, "SCAMIN": 29999, "TXTDSC": null, "RECDAT": null, "RECIND": null, "SORDAT": "20150206", "SORIND": "US,US,reprt,L-246-2015", "DEPTH": 35.0, "_enc_cell": "US4TB3P0", "depth_m": 35.0, "_sound_id": 981, "CATZOC": 3, "QUAL_POSACC": null, "QUAL_SOUACC": null, "QUAL_SUREND": "2004", "QUAL_SURSTA": null, "QUAL_TECSOU": null, "QUAL_VERDAT": null, "QUAL_INFORM": "U.S. Navy LIDAR Survey, Archive No. 04HFM01, Scale 1:5,000-1:10,000", "QUAL_SORDAT": "20150206", "QUAL_SORIND": "US,US,reprt,L-246-2015", "QUAL_ENC_CELL": "US4TB3P0", "zoc_label": "B", "quality_model_weight": 0.72, "ALLEN_class_name": null, "semantic_zone": "outside_allen_geomorphic_or_unclassified", "allen_mapped": false, "DEPARE_DRVAL1": 30.0, "DEPARE_DRVAL2": 50.0, "DEPARE__enc_cell": "US4TB3P0", "DEPARE_VERDAT": null, "inside_osm_reef_polygon": false, "working_hypothesis_60_70": false, "working_hypothesis_gt100": false }, "geometry": { "type": "Point", "coordinates": [ 134.574173, 7.3346748, 35.0 ] } },
{ "type": "Feature", "properties": { "RCID": 8841, "PRIM": 1, "GRUP": 2, "OBJL": 129, "RVER": 1, "AGEN": 550, "FIDN": -2004046809, "FIDS": 19802, "LNAM": "0226888CAC274D5A", "LNAM_REFS": null, "FFPT_RIND": null, "EXPSOU": null, "NOBJNM": null, "OBJNAM": null, "QUASOU": null, "SOUACC": null, "TECSOU": null, "VERDAT": null, "STATUS": null, "INFORM": null, "NINFOM": null, "NTXTDS": null, "SCAMAX": null, "SCAMIN": 29999, "TXTDSC": null, "RECDAT": null, "RECIND": null, "SORDAT": "20150206", "SORIND": "US,US,reprt,L-246-2015", "DEPTH": 33.0, "_enc_cell": "US4TB3P0", "depth_m": 33.0, "_sound_id": 982, "CATZOC": 3, "QUAL_POSACC": null, "QUAL_SOUACC": null, "QUAL_SUREND": "2004", "QUAL_SURSTA": null, "QUAL_TECSOU": null, "QUAL_VERDAT": null, "QUAL_INFORM": "U.S. Navy LIDAR Survey, Archive No. 04HFM01, Scale 1:5,000-1:10,000", "QUAL_SORDAT": "20150206", "QUAL_SORIND": "US,US,reprt,L-246-2015", "QUAL_ENC_CELL": "US4TB3P0", "zoc_label": "B", "quality_model_weight": 0.72, "ALLEN_class_name": null, "semantic_zone": "outside_allen_geomorphic_or_unclassified", "allen_mapped": false, "DEPARE_DRVAL1": 30.0, "DEPARE_DRVAL2": 50.0, "DEPARE__enc_cell": "US4TB3P0", "DEPARE_VERDAT": null, "inside_osm_reef_polygon": false, "working_hypothesis_60_70": false, "working_hypothesis_gt100": false }, "geometry": { "type": "Point", "coordinates": [ 134.5744019, 7.3239722, 33.0 ] } },
{ "type": "Feature", "properties": { "RCID": 8841, "PRIM": 1, "GRUP": 2, "OBJL": 129, "RVER": 1, "AGEN": 550, "FIDN": -2004046809, "FIDS": 19802, "LNAM": "0226888CAC274D5A", "LNAM_REFS": null, "FFPT_RIND": null, "EXPSOU": null, "NOBJNM": null, "OBJNAM": null, "QUASOU": null, "SOUACC": null, "TECSOU": null, "VERDAT": null, "STATUS": null, "INFORM": null, "NINFOM": null, "NTXTDS": null, "SCAMAX": null, "SCAMIN": 29999, "TXTDSC": null, "RECDAT": null, "RECIND": null, "SORDAT": "20150206", "SORIND": "US,US,reprt,L-246-2015", "DEPTH": 12.6, "_enc_cell": "US4TB3P0", "depth_m": 12.6, "_sound_id": 983, "CATZOC": 3, "QUAL_POSACC": null, "QUAL_SOUACC": null, "QUAL_SUREND": "2004", "QUAL_SURSTA": null, "QUAL_TECSOU": null, "QUAL_VERDAT": null, "QUAL_INFORM": "U.S. Navy LIDAR Survey, Archive No. 04HFM01, Scale 1:5,000-1:10,000", "QUAL_SORDAT": "20150206", "QUAL_SORIND": "US,US,reprt,L-246-2015", "QUAL_ENC_CELL": "US4TB3P0", "zoc_label": "B", "quality_model_weight": 0.72, "ALLEN_class_name": null, "semantic_zone": "outside_allen_geomorphic_or_unclassified", "allen_mapped": false, "DEPARE_DRVAL1": 10.0, "DEPARE_DRVAL2": 20.0, "DEPARE__enc_cell": "US4TB3P0", "DEPARE_VERDAT": null, "inside_osm_reef_polygon": false, "working_hypothesis_60_70": false, "working_hypothesis_gt100": false }, "geometry": { "type": "Point", "coordinates": [ 134.574462899999986, 7.3431778, 12.6 ] } },
{ "type": "Feature", "properties": { "RCID": 8841, "PRIM": 1, "GRUP": 2, "OBJL": 129, "RVER": 1, "AGEN": 550, "FIDN": -2004046809, "FIDS": 19802, "LNAM": "0226888CAC274D5A", "LNAM_REFS": null, "FFPT_RIND": null, "EXPSOU": null, "NOBJNM": null, "OBJNAM": null, "QUASOU": null, "SOUACC": null, "TECSOU": null, "VERDAT": null, "STATUS": null, "INFORM": null, "NINFOM": null, "NTXTDS": null, "SCAMAX": null, "SCAMIN": 29999, "TXTDSC": null, "RECDAT": null, "RECIND": null, "SORDAT": "20150206", "SORIND": "US,US,reprt,L-246-2015", "DEPTH": 26.6, "_enc_cell": "US4TB3P0", "depth_m": 26.6, "_sound_id": 984, "CATZOC": 3, "QUAL_POSACC": null, "QUAL_SOUACC": null, "QUAL_SUREND": "2004", "QUAL_SURSTA": null, "QUAL_TECSOU": null, "QUAL_VERDAT": null, "QUAL_INFORM": "U.S. Navy LIDAR Survey, Archive No. 04HFM01, Scale 1:5,000-1:10,000", "QUAL_SORDAT": "20150206", "QUAL_SORIND": "US,US,reprt,L-246-2015", "QUAL_ENC_CELL": "US4TB3P0", "zoc_label": "B", "quality_model_weight": 0.72, "ALLEN_class_name": null, "semantic_zone": "outside_allen_geomorphic_or_unclassified", "allen_mapped": false, "DEPARE_DRVAL1": 20.0, "DEPARE_DRVAL2": 30.0, "DEPARE__enc_cell": "US4TB3P0", "DEPARE_VERDAT": null, "inside_osm_reef_polygon": false, "working_hypothesis_60_70": false, "working_hypothesis_gt100": false }, "geometry": { "type": "Point", "coordinates": [ 134.5748901, 7.3228722, 26.6 ] } },
{ "type": "Feature", "properties": { "RCID": 8841, "PRIM": 1, "GRUP": 2, "OBJL": 129, "RVER": 1, "AGEN": 550, "FIDN": -2004046809, "FIDS": 19802, "LNAM": "0226888CAC274D5A", "LNAM_REFS": null, "FFPT_RIND": null, "EXPSOU": null, "NOBJNM": null, "OBJNAM": null, "QUASOU": null, "SOUACC": null, "TECSOU": null, "VERDAT": null, "STATUS": null, "INFORM": null, "NINFOM": null, "NTXTDS": null, "SCAMAX": null, "SCAMIN": 29999, "TXTDSC": null, "RECDAT": null, "RECIND": null, "SORDAT": "20150206", "SORIND": "US,US,reprt,L-246-2015", "DEPTH": 26.2, "_enc_cell": "US4TB3P0", "depth_m": 26.2, "_sound_id": 985, "CATZOC": 3, "QUAL_POSACC": null, "QUAL_SOUACC": null, "QUAL_SUREND": "2004", "QUAL_SURSTA": null, "QUAL_TECSOU": null, "QUAL_VERDAT": null, "QUAL_INFORM": "U.S. Navy LIDAR Survey, Archive No. 04HFM01, Scale 1:5,000-1:10,000", "QUAL_SORDAT": "20150206", "QUAL_SORIND": "US,US,reprt,L-246-2015", "QUAL_ENC_CELL": "US4TB3P0", "zoc_label": "B", "quality_model_weight": 0.72, "ALLEN_class_name": null, "semantic_zone": "outside_allen_geomorphic_or_unclassified", "allen_mapped": false, "DEPARE_DRVAL1": 20.0, "DEPARE_DRVAL2": 30.0, "DEPARE__enc_cell": "US4TB3P0", "DEPARE_VERDAT": null, "inside_osm_reef_polygon": false, "working_hypothesis_60_70": false, "working_hypothesis_gt100": false }, "geometry": { "type": "Point", "coordinates": [ 134.5750275, 7.3345585, 26.2 ] } },
{ "type": "Feature", "properties": { "RCID": 8841, "PRIM": 1, "GRUP": 2, "OBJL": 129, "RVER": 1, "AGEN": 550, "FIDN": -2004046809, "FIDS": 19802, "LNAM": "0226888CAC274D5A", "LNAM_REFS": null, "FFPT_RIND": null, "EXPSOU": null, "NOBJNM": null, "OBJNAM": null, "QUASOU": null, "SOUACC": null, "TECSOU": null, "VERDAT": null, "STATUS": null, "INFORM": null, "NINFOM": null, "NTXTDS": null, "SCAMAX": null, "SCAMIN": 29999, "TXTDSC": null, "RECDAT": null, "RECIND": null, "SORDAT": "20150206", "SORIND": "US,US,reprt,L-246-2015", "DEPTH": 27.0, "_enc_cell": "US4TB3P0", "depth_m": 27.0, "_sound_id": 986, "CATZOC": 3, "QUAL_POSACC": null, "QUAL_SOUACC": null, "QUAL_SUREND": "2004", "QUAL_SURSTA": null, "QUAL_TECSOU": null, "QUAL_VERDAT": null, "QUAL_INFORM": "U.S. Navy LIDAR Survey, Archive No. 04HFM01, Scale 1:5,000-1:10,000", "QUAL_SORDAT": "20150206", "QUAL_SORIND": "US,US,reprt,L-246-2015", "QUAL_ENC_CELL": "US4TB3P0", "zoc_label": "B", "quality_model_weight": 0.72, "ALLEN_class_name": null, "semantic_zone": "outside_allen_geomorphic_or_unclassified", "allen_mapped": false, "DEPARE_DRVAL1": 20.0, "DEPARE_DRVAL2": 30.0, "DEPARE__enc_cell": "US4TB3P0", "DEPARE_VERDAT": null, "inside_osm_reef_polygon": false, "working_hypothesis_60_70": false, "working_hypothesis_gt100": false }, "geometry": { "type": "Point", "coordinates": [ 134.5751038, 7.3315611, 27.0 ] } },
{ "type": "Feature", "properties": { "RCID": 8841, "PRIM": 1, "GRUP": 2, "OBJL": 129, "RVER": 1, "AGEN": 550, "FIDN": -2004046809, "FIDS": 19802, "LNAM": "0226888CAC274D5A", "LNAM_REFS": null, "FFPT_RIND": null, "EXPSOU": null, "NOBJNM": null, "OBJNAM": null, "QUASOU": null, "SOUACC": null, "TECSOU": null, "VERDAT": null, "STATUS": null, "INFORM": null, "NINFOM": null, "NTXTDS": null, "SCAMAX": null, "SCAMIN": 29999, "TXTDSC": null, "RECDAT": null, "RECIND": null, "SORDAT": "20150206", "SORIND": "US,US,reprt,L-246-2015", "DEPTH": 3.2, "_enc_cell": "US4TB3P0", "depth_m": 3.2, "_sound_id": 987, "CATZOC": 3, "QUAL_POSACC": null, "QUAL_SOUACC": null, "QUAL_SUREND": "2004", "QUAL_SURSTA": null, "QUAL_TECSOU": null, "QUAL_VERDAT": null, "QUAL_INFORM": "U.S. Navy LIDAR Survey, Archive No. 04HFM01, Scale 1:5,000-1:10,000", "QUAL_SORDAT": "20150206", "QUAL_SORIND": "US,US,reprt,L-246-2015", "QUAL_ENC_CELL": "US4TB3P0", "zoc_label": "B", "quality_model_weight": 0.72, "ALLEN_class_name": "Reef Slope", "semantic_zone": "reef_slope", "allen_mapped": true, "DEPARE_DRVAL1": 2.0, "DEPARE_DRVAL2": 5.0, "DEPARE__enc_cell": "US4TB3P0", "DEPARE_VERDAT": null, "inside_osm_reef_polygon": false, "working_hypothesis_60_70": false, "working_hypothesis_gt100": false }, "geometry": { "type": "Point", "coordinates": [ 134.5752106, 7.3169804, 3.2 ] } },
{ "type": "Feature", "properties": { "RCID": 8841, "PRIM": 1, "GRUP": 2, "OBJL": 129, "RVER": 1, "AGEN": 550, "FIDN": -2004046809, "FIDS": 19802, "LNAM": "0226888CAC274D5A", "LNAM_REFS": null, "FFPT_RIND": null, "EXPSOU": null, "NOBJNM": null, "OBJNAM": null, "QUASOU": null, "SOUACC": null, "TECSOU": null, "VERDAT": null, "STATUS": null, "INFORM": null, "NINFOM": null, "NTXTDS": null, "SCAMAX": null, "SCAMIN": 29999, "TXTDSC": null, "RECDAT": null, "RECIND": null, "SORDAT": "20150206", "SORIND": "US,US,reprt,L-246-2015", "DEPTH": 2.8, "_enc_cell": "US4TB3P0", "depth_m": 2.8, "_sound_id": 989, "CATZOC": 3, "QUAL_POSACC": null, "QUAL_SOUACC": null, "QUAL_SUREND": "2004", "QUAL_SURSTA": null, "QUAL_TECSOU": null, "QUAL_VERDAT": null, "QUAL_INFORM": "U.S. Navy LIDAR Survey, Archive No. 04HFM01, Scale 1:5,000-1:10,000", "QUAL_SORDAT": "20150206", "QUAL_SORIND": "US,US,reprt,L-246-2015", "QUAL_ENC_CELL": "US4TB3P0", "zoc_label": "B", "quality_model_weight": 0.72, "ALLEN_class_name": null, "semantic_zone": "outside_allen_geomorphic_or_unclassified", "allen_mapped": false, "DEPARE_DRVAL1": 2.0, "DEPARE_DRVAL2": 5.0, "DEPARE__enc_cell": "US4TB3P0", "DEPARE_VERDAT": null, "inside_osm_reef_polygon": false, "working_hypothesis_60_70": false, "working_hypothesis_gt100": false }, "geometry": { "type": "Point", "coordinates": [ 134.5752411, 7.3439555, 2.8 ] } },
{ "type": "Feature", "properties": { "RCID": 8841, "PRIM": 1, "GRUP": 2, "OBJL": 129, "RVER": 1, "AGEN": 550, "FIDN": -2004046809, "FIDS": 19802, "LNAM": "0226888CAC274D5A", "LNAM_REFS": null, "FFPT_RIND": null, "EXPSOU": null, "NOBJNM": null, "OBJNAM": null, "QUASOU": null, "SOUACC": null, "TECSOU": null, "VERDAT": null, "STATUS": null, "INFORM": null, "NINFOM": null, "NTXTDS": null, "SCAMAX": null, "SCAMIN": 29999, "TXTDSC": null, "RECDAT": null, "RECIND": null, "SORDAT": "20150206", "SORIND": "US,US,reprt,L-246-2015", "DEPTH": 3.4, "_enc_cell": "US4TB3P0", "depth_m": 3.4, "_sound_id": 990, "CATZOC": 3, "QUAL_POSACC": null, "QUAL_SOUACC": null, "QUAL_SUREND": "2004", "QUAL_SURSTA": null, "QUAL_TECSOU": null, "QUAL_VERDAT": null, "QUAL_INFORM": "U.S. Navy LIDAR Survey, Archive No. 04HFM01, Scale 1:5,000-1:10,000", "QUAL_SORDAT": "20150206", "QUAL_SORIND": "US,US,reprt,L-246-2015", "QUAL_ENC_CELL": "US4TB3P0", "zoc_label": "B", "quality_model_weight": 0.72, "ALLEN_class_name": "Reef Slope", "semantic_zone": "reef_slope", "allen_mapped": true, "DEPARE_DRVAL1": 2.0, "DEPARE_DRVAL2": 5.0, "DEPARE__enc_cell": "US4TB3P0", "DEPARE_VERDAT": null, "inside_osm_reef_polygon": false, "working_hypothesis_60_70": false, "working_hypothesis_gt100": false }, "geometry": { "type": "Point", "coordinates": [ 134.5753632, 7.322053, 3.4 ] } },
{ "type": "Feature", "properties": { "RCID": 8841, "PRIM": 1, "GRUP": 2, "OBJL": 129, "RVER": 1, "AGEN": 550, "FIDN": -2004046809, "FIDS": 19802, "LNAM": "0226888CAC274D5A", "LNAM_REFS": null, "FFPT_RIND": null, "EXPSOU": null, "NOBJNM": null, "OBJNAM": null, "QUASOU": null, "SOUACC": null, "TECSOU": null, "VERDAT": null, "STATUS": null, "INFORM": null, "NINFOM": null, "NTXTDS": null, "SCAMAX": null, "SCAMIN": 29999, "TXTDSC": null, "RECDAT": null, "RECIND": null, "SORDAT": "20150206", "SORIND": "US,US,reprt,L-246-2015", "DEPTH": 9.9, "_enc_cell": "US4TB3P0", "depth_m": 9.9, "_sound_id": 991, "CATZOC": 3, "QUAL_POSACC": null, "QUAL_SOUACC": null, "QUAL_SUREND": "2004", "QUAL_SURSTA": null, "QUAL_TECSOU": null, "QUAL_VERDAT": null, "QUAL_INFORM": "U.S. Navy LIDAR Survey, Archive No. 04HFM01, Scale 1:5,000-1:10,000", "QUAL_SORDAT": "20150206", "QUAL_SORIND": "US,US,reprt,L-246-2015", "QUAL_ENC_CELL": "US4TB3P0", "zoc_label": "B", "quality_model_weight": 0.72, "ALLEN_class_name": null, "semantic_zone": "outside_allen_geomorphic_or_unclassified", "allen_mapped": false, "DEPARE_DRVAL1": 5.0, "DEPARE_DRVAL2": 10.0, "DEPARE__enc_cell": "US4TB3P0", "DEPARE_VERDAT": null, "inside_osm_reef_polygon": false, "working_hypothesis_60_70": false, "working_hypothesis_gt100": false }, "geometry": { "type": "Point", "coordinates": [ 134.5754547, 7.3158832, 9.9 ] } },
{ "type": "Feature", "properties": { "RCID": 8841, "PRIM": 1, "GRUP": 2, "OBJL": 129, "RVER": 1, "AGEN": 550, "FIDN": -2004046809, "FIDS": 19802, "LNAM": "0226888CAC274D5A", "LNAM_REFS": null, "FFPT_RIND": null, "EXPSOU": null, "NOBJNM": null, "OBJNAM": null, "QUASOU": null, "SOUACC": null, "TECSOU": null, "VERDAT": null, "STATUS": null, "INFORM": null, "NINFOM": null, "NTXTDS": null, "SCAMAX": null, "SCAMIN": 29999, "TXTDSC": null, "RECDAT": null, "RECIND": null, "SORDAT": "20150206", "SORIND": "US,US,reprt,L-246-2015", "DEPTH": 21.1, "_enc_cell": "US4TB3P0", "depth_m": 21.1, "_sound_id": 992, "CATZOC": 3, "QUAL_POSACC": null, "QUAL_SOUACC": null, "QUAL_SUREND": "2004", "QUAL_SURSTA": null, "QUAL_TECSOU": null, "QUAL_VERDAT": null, "QUAL_INFORM": "U.S. Navy LIDAR Survey, Archive No. 04HFM01, Scale 1:5,000-1:10,000", "QUAL_SORDAT": "20150206", "QUAL_SORIND": "US,US,reprt,L-246-2015", "QUAL_ENC_CELL": "US4TB3P0", "zoc_label": "B", "quality_model_weight": 0.72, "ALLEN_class_name": null, "semantic_zone": "outside_allen_geomorphic_or_unclassified", "allen_mapped": false, "DEPARE_DRVAL1": 20.0, "DEPARE_DRVAL2": 30.0, "DEPARE__enc_cell": "US4TB3P0", "DEPARE_VERDAT": null, "inside_osm_reef_polygon": false, "working_hypothesis_60_70": false, "working_hypothesis_gt100": false }, "geometry": { "type": "Point", "coordinates": [ 134.5754547, 7.3369083, 21.1 ] } },
{ "type": "Feature", "properties": { "RCID": 8841, "PRIM": 1, "GRUP": 2, "OBJL": 129, "RVER": 1, "AGEN": 550, "FIDN": -2004046809, "FIDS": 19802, "LNAM": "0226888CAC274D5A", "LNAM_REFS": null, "FFPT_RIND": null, "EXPSOU": null, "NOBJNM": null, "OBJNAM": null, "QUASOU": null, "SOUACC": null, "TECSOU": null, "VERDAT": null, "STATUS": null, "INFORM": null, "NINFOM": null, "NTXTDS": null, "SCAMAX": null, "SCAMIN": 29999, "TXTDSC": null, "RECDAT": null, "RECIND": null, "SORDAT": "20150206", "SORIND": "US,US,reprt,L-246-2015", "DEPTH": 32.0, "_enc_cell": "US4TB3P0", "depth_m": 32.0, "_sound_id": 993, "CATZOC": 3, "QUAL_POSACC": null, "QUAL_SOUACC": null, "QUAL_SUREND": "2004", "QUAL_SURSTA": null, "QUAL_TECSOU": null, "QUAL_VERDAT": null, "QUAL_INFORM": "U.S. Navy LIDAR Survey, Archive No. 04HFM01, Scale 1:5,000-1:10,000", "QUAL_SORDAT": "20150206", "QUAL_SORIND": "US,US,reprt,L-246-2015", "QUAL_ENC_CELL": "US4TB3P0", "zoc_label": "B", "quality_model_weight": 0.72, "ALLEN_class_name": null, "semantic_zone": "outside_allen_geomorphic_or_unclassified", "allen_mapped": false, "DEPARE_DRVAL1": 30.0, "DEPARE_DRVAL2": 50.0, "DEPARE__enc_cell": "US4TB3P0", "DEPARE_VERDAT": null, "inside_osm_reef_polygon": false, "working_hypothesis_60_70": false, "working_hypothesis_gt100": false }, "geometry": { "type": "Point", "coordinates": [ 134.5756073, 7.3332443, 32.0 ] } },
{ "type": "Feature", "properties": { "RCID": 8841, "PRIM": 1, "GRUP": 2, "OBJL": 129, "RVER": 1, "AGEN": 550, "FIDN": -2004046809, "FIDS": 19802, "LNAM": "0226888CAC274D5A", "LNAM_REFS": null, "FFPT_RIND": null, "EXPSOU": null, "NOBJNM": null, "OBJNAM": null, "QUASOU": null, "SOUACC": null, "TECSOU": null, "VERDAT": null, "STATUS": null, "INFORM": null, "NINFOM": null, "NTXTDS": null, "SCAMAX": null, "SCAMIN": 29999, "TXTDSC": null, "RECDAT": null, "RECIND": null, "SORDAT": "20150206", "SORIND": "US,US,reprt,L-246-2015", "DEPTH": 27.0, "_enc_cell": "US4TB3P0", "depth_m": 27.0, "_sound_id": 994, "CATZOC": 3, "QUAL_POSACC": null, "QUAL_SOUACC": null, "QUAL_SUREND": "2004", "QUAL_SURSTA": null, "QUAL_TECSOU": null, "QUAL_VERDAT": null, "QUAL_INFORM": "U.S. Navy LIDAR Survey, Archive No. 04HFM01, Scale 1:5,000-1:10,000", "QUAL_SORDAT": "20150206", "QUAL_SORIND": "US,US,reprt,L-246-2015", "QUAL_ENC_CELL": "US4TB3P0", "zoc_label": "B", "quality_model_weight": 0.72, "ALLEN_class_name": null, "semantic_zone": "outside_allen_geomorphic_or_unclassified", "allen_mapped": false, "DEPARE_DRVAL1": 20.0, "DEPARE_DRVAL2": 30.0, "DEPARE__enc_cell": "US4TB3P0", "DEPARE_VERDAT": null, "inside_osm_reef_polygon": false, "working_hypothesis_60_70": false, "working_hypothesis_gt100": false }, "geometry": { "type": "Point", "coordinates": [ 134.5756683, 7.3273196, 27.0 ] } },
{ "type": "Feature", "properties": { "RCID": 8841, "PRIM": 1, "GRUP": 2, "OBJL": 129, "RVER": 1, "AGEN": 550, "FIDN": -2004046809, "FIDS": 19802, "LNAM": "0226888CAC274D5A", "LNAM_REFS": null, "FFPT_RIND": null, "EXPSOU": null, "NOBJNM": null, "OBJNAM": null, "QUASOU": null, "SOUACC": null, "TECSOU": null, "VERDAT": null, "STATUS": null, "INFORM": null, "NINFOM": null, "NTXTDS": null, "SCAMAX": null, "SCAMIN": 29999, "TXTDSC": null, "RECDAT": null, "RECIND": null, "SORDAT": "20150206", "SORIND": "US,US,reprt,L-246-2015", "DEPTH": 23.0, "_enc_cell": "US4TB3P0", "depth_m": 23.0, "_sound_id": 995, "CATZOC": 3, "QUAL_POSACC": null, "QUAL_SOUACC": null, "QUAL_SUREND": "2004", "QUAL_SURSTA": null, "QUAL_TECSOU": null, "QUAL_VERDAT": null, "QUAL_INFORM": "U.S. Navy LIDAR Survey, Archive No. 04HFM01, Scale 1:5,000-1:10,000", "QUAL_SORDAT": "20150206", "QUAL_SORIND": "US,US,reprt,L-246-2015", "QUAL_ENC_CELL": "US4TB3P0", "zoc_label": "B", "quality_model_weight": 0.72, "ALLEN_class_name": null, "semantic_zone": "outside_allen_geomorphic_or_unclassified", "allen_mapped": false, "DEPARE_DRVAL1": 20.0, "DEPARE_DRVAL2": 30.0, "DEPARE__enc_cell": "US4TB3P0", "DEPARE_VERDAT": null, "inside_osm_reef_polygon": false, "working_hypothesis_60_70": false, "working_hypothesis_gt100": false }, "geometry": { "type": "Point", "coordinates": [ 134.5759888, 7.3292971, 23.0 ] } },
{ "type": "Feature", "properties": { "RCID": 8841, "PRIM": 1, "GRUP": 2, "OBJL": 129, "RVER": 1, "AGEN": 550, "FIDN": -2004046809, "FIDS": 19802, "LNAM": "0226888CAC274D5A", "LNAM_REFS": null, "FFPT_RIND": null, "EXPSOU": null, "NOBJNM": null, "OBJNAM": null, "QUASOU": null, "SOUACC": null, "TECSOU": null, "VERDAT": null, "STATUS": null, "INFORM": null, "NINFOM": null, "NTXTDS": null, "SCAMAX": null, "SCAMIN": 29999, "TXTDSC": null, "RECDAT": null, "RECIND": null, "SORDAT": "20150206", "SORIND": "US,US,reprt,L-246-2015", "DEPTH": 23.6, "_enc_cell": "US4TB3P0", "depth_m": 23.6, "_sound_id": 996, "CATZOC": 3, "QUAL_POSACC": null, "QUAL_SOUACC": null, "QUAL_SUREND": "2004", "QUAL_SURSTA": null, "QUAL_TECSOU": null, "QUAL_VERDAT": null, "QUAL_INFORM": "U.S. Navy LIDAR Survey, Archive No. 04HFM01, Scale 1:5,000-1:10,000", "QUAL_SORDAT": "20150206", "QUAL_SORIND": "US,US,reprt,L-246-2015", "QUAL_ENC_CELL": "US4TB3P0", "zoc_label": "B", "quality_model_weight": 0.72, "ALLEN_class_name": null, "semantic_zone": "outside_allen_geomorphic_or_unclassified", "allen_mapped": false, "DEPARE_DRVAL1": 20.0, "DEPARE_DRVAL2": 30.0, "DEPARE__enc_cell": "US4TB3P0", "DEPARE_VERDAT": null, "inside_osm_reef_polygon": false, "working_hypothesis_60_70": false, "working_hypothesis_gt100": false }, "geometry": { "type": "Point", "coordinates": [ 134.5763245, 7.3385916, 23.6 ] } },
{ "type": "Feature", "properties": { "RCID": 8841, "PRIM": 1, "GRUP": 2, "OBJL": 129, "RVER": 1, "AGEN": 550, "FIDN": -2004046809, "FIDS": 19802, "LNAM": "0226888CAC274D5A", "LNAM_REFS": null, "FFPT_RIND": null, "EXPSOU": null, "NOBJNM": null, "OBJNAM": null, "QUASOU": null, "SOUACC": null, "TECSOU": null, "VERDAT": null, "STATUS": null, "INFORM": null, "NINFOM": null, "NTXTDS": null, "SCAMAX": null, "SCAMIN": 29999, "TXTDSC": null, "RECDAT": null, "RECIND": null, "SORDAT": "20150206", "SORIND": "US,US,reprt,L-246-2015", "DEPTH": 2.8, "_enc_cell": "US4TB3P0", "depth_m": 2.8, "_sound_id": 997, "CATZOC": 3, "QUAL_POSACC": null, "QUAL_SOUACC": null, "QUAL_SUREND": "2004", "QUAL_SURSTA": null, "QUAL_TECSOU": null, "QUAL_VERDAT": null, "QUAL_INFORM": "U.S. Navy LIDAR Survey, Archive No. 04HFM01, Scale 1:5,000-1:10,000", "QUAL_SORDAT": "20150206", "QUAL_SORIND": "US,US,reprt,L-246-2015", "QUAL_ENC_CELL": "US4TB3P0", "zoc_label": "B", "quality_model_weight": 0.72, "ALLEN_class_name": "Reef Slope", "semantic_zone": "reef_slope", "allen_mapped": true, "DEPARE_DRVAL1": 2.0, "DEPARE_DRVAL2": 5.0, "DEPARE__enc_cell": "US4TB3P0", "DEPARE_VERDAT": null, "inside_osm_reef_polygon": false, "working_hypothesis_60_70": false, "working_hypothesis_gt100": false }, "geometry": { "type": "Point", "coordinates": [ 134.576400799999988, 7.3214641, 2.8 ] } },
{ "type": "Feature", "properties": { "RCID": 8841, "PRIM": 1, "GRUP": 2, "OBJL": 129, "RVER": 1, "AGEN": 550, "FIDN": -2004046809, "FIDS": 19802, "LNAM": "0226888CAC274D5A", "LNAM_REFS": null, "FFPT_RIND": null, "EXPSOU": null, "NOBJNM": null, "OBJNAM": null, "QUASOU": null, "SOUACC": null, "TECSOU": null, "VERDAT": null, "STATUS": null, "INFORM": null, "NINFOM": null, "NTXTDS": null, "SCAMAX": null, "SCAMIN": 29999, "TXTDSC": null, "RECDAT": null, "RECIND": null, "SORDAT": "20150206", "SORIND": "US,US,reprt,L-246-2015", "DEPTH": 6.5, "_enc_cell": "US4TB3P0", "depth_m": 6.5, "_sound_id": 998, "CATZOC": 3, "QUAL_POSACC": null, "QUAL_SOUACC": null, "QUAL_SUREND": "2004", "QUAL_SURSTA": null, "QUAL_TECSOU": null, "QUAL_VERDAT": null, "QUAL_INFORM": "U.S. Navy LIDAR Survey, Archive No. 04HFM01, Scale 1:5,000-1:10,000", "QUAL_SORDAT": "20150206", "QUAL_SORIND": "US,US,reprt,L-246-2015", "QUAL_ENC_CELL": "US4TB3P0", "zoc_label": "B", "quality_model_weight": 0.72, "ALLEN_class_name": "Reef Slope", "semantic_zone": "reef_slope", "allen_mapped": true, "DEPARE_DRVAL1": 5.0, "DEPARE_DRVAL2": 10.0, "DEPARE__enc_cell": "US4TB3P0", "DEPARE_VERDAT": null, "inside_osm_reef_polygon": false, "working_hypothesis_60_70": false, "working_hypothesis_gt100": false }, "geometry": { "type": "Point", "coordinates": [ 134.576492300000012, 7.3233419, 6.5 ] } },
{ "type": "Feature", "properties": { "RCID": 8841, "PRIM": 1, "GRUP": 2, "OBJL": 129, "RVER": 1, "AGEN": 550, "FIDN": -2004046809, "FIDS": 19802, "LNAM": "0226888CAC274D5A", "LNAM_REFS": null, "FFPT_RIND": null, "EXPSOU": null, "NOBJNM": null, "OBJNAM": null, "QUASOU": null, "SOUACC": null, "TECSOU": null, "VERDAT": null, "STATUS": null, "INFORM": null, "NINFOM": null, "NTXTDS": null, "SCAMAX": null, "SCAMIN": 29999, "TXTDSC": null, "RECDAT": null, "RECIND": null, "SORDAT": "20150206", "SORIND": "US,US,reprt,L-246-2015", "DEPTH": 3.7, "_enc_cell": "US4TB3P0", "depth_m": 3.7, "_sound_id": 999, "CATZOC": 3, "QUAL_POSACC": null, "QUAL_SOUACC": null, "QUAL_SUREND": "2004", "QUAL_SURSTA": null, "QUAL_TECSOU": null, "QUAL_VERDAT": null, "QUAL_INFORM": "U.S. Navy LIDAR Survey, Archive No. 04HFM01, Scale 1:5,000-1:10,000", "QUAL_SORDAT": "20150206", "QUAL_SORIND": "US,US,reprt,L-246-2015", "QUAL_ENC_CELL": "US4TB3P0", "zoc_label": "B", "quality_model_weight": 0.72, "ALLEN_class_name": "Reef Slope", "semantic_zone": "reef_slope", "allen_mapped": true, "DEPARE_DRVAL1": 2.0, "DEPARE_DRVAL2": 5.0, "DEPARE__enc_cell": "US4TB3P0", "DEPARE_VERDAT": null, "inside_osm_reef_polygon": false, "working_hypothesis_60_70": false, "working_hypothesis_gt100": false }, "geometry": { "type": "Point", "coordinates": [ 134.57659910000001, 7.3186665, 3.7 ] } },
{ "type": "Feature", "properties": { "RCID": 8841, "PRIM": 1, "GRUP": 2, "OBJL": 129, "RVER": 1, "AGEN": 550, "FIDN": -2004046809, "FIDS": 19802, "LNAM": "0226888CAC274D5A", "LNAM_REFS": null, "FFPT_RIND": null, "EXPSOU": null, "NOBJNM": null, "OBJNAM": null, "QUASOU": null, "SOUACC": null, "TECSOU": null, "VERDAT": null, "STATUS": null, "INFORM": null, "NINFOM": null, "NTXTDS": null, "SCAMAX": null, "SCAMIN": 29999, "TXTDSC": null, "RECDAT": null, "RECIND": null, "SORDAT": "20150206", "SORIND": "US,US,reprt,L-246-2015", "DEPTH": 14.1, "_enc_cell": "US4TB3P0", "depth_m": 14.1, "_sound_id": 1000, "CATZOC": 3, "QUAL_POSACC": null, "QUAL_SOUACC": null, "QUAL_SUREND": "2004", "QUAL_SURSTA": null, "QUAL_TECSOU": null, "QUAL_VERDAT": null, "QUAL_INFORM": "U.S. Navy LIDAR Survey, Archive No. 04HFM01, Scale 1:5,000-1:10,000", "QUAL_SORDAT": "20150206", "QUAL_SORIND": "US,US,reprt,L-246-2015", "QUAL_ENC_CELL": "US4TB3P0", "zoc_label": "B", "quality_model_weight": 0.72, "ALLEN_class_name": null, "semantic_zone": "outside_allen_geomorphic_or_unclassified", "allen_mapped": false, "DEPARE_DRVAL1": 10.0, "DEPARE_DRVAL2": 20.0, "DEPARE__enc_cell": "US4TB3P0", "DEPARE_VERDAT": null, "inside_osm_reef_polygon": false, "working_hypothesis_60_70": false, "working_hypothesis_gt100": false }, "geometry": { "type": "Point", "coordinates": [ 134.5766907, 7.3169947, 14.1 ] } },
{ "type": "Feature", "properties": { "RCID": 8841, "PRIM": 1, "GRUP": 2, "OBJL": 129, "RVER": 1, "AGEN": 550, "FIDN": -2004046809, "FIDS": 19802, "LNAM": "0226888CAC274D5A", "LNAM_REFS": null, "FFPT_RIND": null, "EXPSOU": null, "NOBJNM": null, "OBJNAM": null, "QUASOU": null, "SOUACC": null, "TECSOU": null, "VERDAT": null, "STATUS": null, "INFORM": null, "NINFOM": null, "NTXTDS": null, "SCAMAX": null, "SCAMIN": 29999, "TXTDSC": null, "RECDAT": null, "RECIND": null, "SORDAT": "20150206", "SORIND": "US,US,reprt,L-246-2015", "DEPTH": 10.5, "_enc_cell": "US4TB3P0", "depth_m": 10.5, "_sound_id": 1001, "CATZOC": 3, "QUAL_POSACC": null, "QUAL_SOUACC": null, "QUAL_SUREND": "2004", "QUAL_SURSTA": null, "QUAL_TECSOU": null, "QUAL_VERDAT": null, "QUAL_INFORM": "U.S. Navy LIDAR Survey, Archive No. 04HFM01, Scale 1:5,000-1:10,000", "QUAL_SORDAT": "20150206", "QUAL_SORIND": "US,US,reprt,L-246-2015", "QUAL_ENC_CELL": "US4TB3P0", "zoc_label": "B", "quality_model_weight": 0.72, "ALLEN_class_name": "Reef Slope", "semantic_zone": "reef_slope", "allen_mapped": true, "DEPARE_DRVAL1": 10.0, "DEPARE_DRVAL2": 20.0, "DEPARE__enc_cell": "US4TB3P0", "DEPARE_VERDAT": null, "inside_osm_reef_polygon": false, "working_hypothesis_60_70": false, "working_hypothesis_gt100": false }, "geometry": { "type": "Point", "coordinates": [ 134.5767975, 7.3446279, 10.5 ] } },
{ "type": "Feature", "properties": { "RCID": 8841, "PRIM": 1, "GRUP": 2, "OBJL": 129, "RVER": 1, "AGEN": 550, "FIDN": -2004046809, "FIDS": 19802, "LNAM": "0226888CAC274D5A", "LNAM_REFS": null, "FFPT_RIND": null, "EXPSOU": null, "NOBJNM": null, "OBJNAM": null, "QUASOU": null, "SOUACC": null, "TECSOU": null, "VERDAT": null, "STATUS": null, "INFORM": null, "NINFOM": null, "NTXTDS": null, "SCAMAX": null, "SCAMIN": 29999, "TXTDSC": null, "RECDAT": null, "RECIND": null, "SORDAT": "20150206", "SORIND": "US,US,reprt,L-246-2015", "DEPTH": 2.4, "_enc_cell": "US4TB3P0", "depth_m": 2.4, "_sound_id": 1002, "CATZOC": 3, "QUAL_POSACC": null, "QUAL_SOUACC": null, "QUAL_SUREND": "2004", "QUAL_SURSTA": null, "QUAL_TECSOU": null, "QUAL_VERDAT": null, "QUAL_INFORM": "U.S. Navy LIDAR Survey, Archive No. 04HFM01, Scale 1:5,000-1:10,000", "QUAL_SORDAT": "20150206", "QUAL_SORIND": "US,US,reprt,L-246-2015", "QUAL_ENC_CELL": "US4TB3P0", "zoc_label": "B", "quality_model_weight": 0.72, "ALLEN_class_name": "Outer Reef Flat", "semantic_zone": "reef_flat_or_crest", "allen_mapped": true, "DEPARE_DRVAL1": 2.0, "DEPARE_DRVAL2": 5.0, "DEPARE__enc_cell": "US4TB3P0", "DEPARE_VERDAT": null, "inside_osm_reef_polygon": false, "working_hypothesis_60_70": false, "working_hypothesis_gt100": false }, "geometry": { "type": "Point", "coordinates": [ 134.5769501, 7.3201499, 2.4 ] } },
{ "type": "Feature", "properties": { "RCID": 8841, "PRIM": 1, "GRUP": 2, "OBJL": 129, "RVER": 1, "AGEN": 550, "FIDN": -2004046809, "FIDS": 19802, "LNAM": "0226888CAC274D5A", "LNAM_REFS": null, "FFPT_RIND": null, "EXPSOU": null, "NOBJNM": null, "OBJNAM": null, "QUASOU": null, "SOUACC": null, "TECSOU": null, "VERDAT": null, "STATUS": null, "INFORM": null, "NINFOM": null, "NTXTDS": null, "SCAMAX": null, "SCAMIN": 29999, "TXTDSC": null, "RECDAT": null, "RECIND": null, "SORDAT": "20150206", "SORIND": "US,US,reprt,L-246-2015", "DEPTH": 25.6, "_enc_cell": "US4TB3P0", "depth_m": 25.6, "_sound_id": 1003, "CATZOC": 3, "QUAL_POSACC": null, "QUAL_SOUACC": null, "QUAL_SUREND": "2004", "QUAL_SURSTA": null, "QUAL_TECSOU": null, "QUAL_VERDAT": null, "QUAL_INFORM": "U.S. Navy LIDAR Survey, Archive No. 04HFM01, Scale 1:5,000-1:10,000", "QUAL_SORDAT": "20150206", "QUAL_SORIND": "US,US,reprt,L-246-2015", "QUAL_ENC_CELL": "US4TB3P0", "zoc_label": "B", "quality_model_weight": 0.72, "ALLEN_class_name": null, "semantic_zone": "outside_allen_geomorphic_or_unclassified", "allen_mapped": false, "DEPARE_DRVAL1": 20.0, "DEPARE_DRVAL2": 30.0, "DEPARE__enc_cell": "US4TB3P0", "DEPARE_VERDAT": null, "inside_osm_reef_polygon": false, "working_hypothesis_60_70": false, "working_hypothesis_gt100": false }, "geometry": { "type": "Point", "coordinates": [ 134.5770111, 7.334486, 25.6 ] } },
{ "type": "Feature", "properties": { "RCID": 8841, "PRIM": 1, "GRUP": 2, "OBJL": 129, "RVER": 1, "AGEN": 550, "FIDN": -2004046809, "FIDS": 19802, "LNAM": "0226888CAC274D5A", "LNAM_REFS": null, "FFPT_RIND": null, "EXPSOU": null, "NOBJNM": null, "OBJNAM": null, "QUASOU": null, "SOUACC": null, "TECSOU": null, "VERDAT": null, "STATUS": null, "INFORM": null, "NINFOM": null, "NTXTDS": null, "SCAMAX": null, "SCAMIN": 29999, "TXTDSC": null, "RECDAT": null, "RECIND": null, "SORDAT": "20150206", "SORIND": "US,US,reprt,L-246-2015", "DEPTH": 18.8, "_enc_cell": "US4TB3P0", "depth_m": 18.8, "_sound_id": 1004, "CATZOC": 3, "QUAL_POSACC": null, "QUAL_SOUACC": null, "QUAL_SUREND": "2004", "QUAL_SURSTA": null, "QUAL_TECSOU": null, "QUAL_VERDAT": null, "QUAL_INFORM": "U.S. Navy LIDAR Survey, Archive No. 04HFM01, Scale 1:5,000-1:10,000", "QUAL_SORDAT": "20150206", "QUAL_SORIND": "US,US,reprt,L-246-2015", "QUAL_ENC_CELL": "US4TB3P0", "zoc_label": "B", "quality_model_weight": 0.72, "ALLEN_class_name": null, "semantic_zone": "outside_allen_geomorphic_or_unclassified", "allen_mapped": false, "DEPARE_DRVAL1": 10.0, "DEPARE_DRVAL2": 20.0, "DEPARE__enc_cell": "US4TB3P0", "DEPARE_VERDAT": null, "inside_osm_reef_polygon": false, "working_hypothesis_60_70": false, "working_hypothesis_gt100": false }, "geometry": { "type": "Point", "coordinates": [ 134.5770569, 7.3251915, 18.8 ] } },
{ "type": "Feature", "properties": { "RCID": 8841, "PRIM": 1, "GRUP": 2, "OBJL": 129, "RVER": 1, "AGEN": 550, "FIDN": -2004046809, "FIDS": 19802, "LNAM": "0226888CAC274D5A", "LNAM_REFS": null, "FFPT_RIND": null, "EXPSOU": null, "NOBJNM": null, "OBJNAM": null, "QUASOU": null, "SOUACC": null, "TECSOU": null, "VERDAT": null, "STATUS": null, "INFORM": null, "NINFOM": null, "NTXTDS": null, "SCAMAX": null, "SCAMIN": 29999, "TXTDSC": null, "RECDAT": null, "RECIND": null, "SORDAT": "20150206", "SORIND": "US,US,reprt,L-246-2015", "DEPTH": 26.4, "_enc_cell": "US4TB3P0", "depth_m": 26.4, "_sound_id": 1005, "CATZOC": 3, "QUAL_POSACC": null, "QUAL_SOUACC": null, "QUAL_SUREND": "2004", "QUAL_SURSTA": null, "QUAL_TECSOU": null, "QUAL_VERDAT": null, "QUAL_INFORM": "U.S. Navy LIDAR Survey, Archive No. 04HFM01, Scale 1:5,000-1:10,000", "QUAL_SORDAT": "20150206", "QUAL_SORIND": "US,US,reprt,L-246-2015", "QUAL_ENC_CELL": "US4TB3P0", "zoc_label": "B", "quality_model_weight": 0.72, "ALLEN_class_name": null, "semantic_zone": "outside_allen_geomorphic_or_unclassified", "allen_mapped": false, "DEPARE_DRVAL1": 20.0, "DEPARE_DRVAL2": 30.0, "DEPARE__enc_cell": "US4TB3P0", "DEPARE_VERDAT": null, "inside_osm_reef_polygon": false, "working_hypothesis_60_70": false, "working_hypothesis_gt100": false }, "geometry": { "type": "Point", "coordinates": [ 134.5770569, 7.3401194, 26.4 ] } },
{ "type": "Feature", "properties": { "RCID": 8841, "PRIM": 1, "GRUP": 2, "OBJL": 129, "RVER": 1, "AGEN": 550, "FIDN": -2004046809, "FIDS": 19802, "LNAM": "0226888CAC274D5A", "LNAM_REFS": null, "FFPT_RIND": null, "EXPSOU": null, "NOBJNM": null, "OBJNAM": null, "QUASOU": null, "SOUACC": null, "TECSOU": null, "VERDAT": null, "STATUS": null, "INFORM": null, "NINFOM": null, "NTXTDS": null, "SCAMAX": null, "SCAMIN": 29999, "TXTDSC": null, "RECDAT": null, "RECIND": null, "SORDAT": "20150206", "SORIND": "US,US,reprt,L-246-2015", "DEPTH": 4.7, "_enc_cell": "US4TB3P0", "depth_m": 4.7, "_sound_id": 1006, "CATZOC": 3, "QUAL_POSACC": null, "QUAL_SOUACC": null, "QUAL_SUREND": "2004", "QUAL_SURSTA": null, "QUAL_TECSOU": null, "QUAL_VERDAT": null, "QUAL_INFORM": "U.S. Navy LIDAR Survey, Archive No. 04HFM01, Scale 1:5,000-1:10,000", "QUAL_SORDAT": "20150206", "QUAL_SORIND": "US,US,reprt,L-246-2015", "QUAL_ENC_CELL": "US4TB3P0", "zoc_label": "B", "quality_model_weight": 0.72, "ALLEN_class_name": "Reef Slope", "semantic_zone": "reef_slope", "allen_mapped": true, "DEPARE_DRVAL1": 2.0, "DEPARE_DRVAL2": 5.0, "DEPARE__enc_cell": "US4TB3P0", "DEPARE_VERDAT": null, "inside_osm_reef_polygon": false, "working_hypothesis_60_70": false, "working_hypothesis_gt100": false }, "geometry": { "type": "Point", "coordinates": [ 134.5772858, 7.324286, 4.7 ] } },
{ "type": "Feature", "properties": { "RCID": 8841, "PRIM": 1, "GRUP": 2, "OBJL": 129, "RVER": 1, "AGEN": 550, "FIDN": -2004046809, "FIDS": 19802, "LNAM": "0226888CAC274D5A", "LNAM_REFS": null, "FFPT_RIND": null, "EXPSOU": null, "NOBJNM": null, "OBJNAM": null, "QUASOU": null, "SOUACC": null, "TECSOU": null, "VERDAT": null, "STATUS": null, "INFORM": null, "NINFOM": null, "NTXTDS": null, "SCAMAX": null, "SCAMIN": 29999, "TXTDSC": null, "RECDAT": null, "RECIND": null, "SORDAT": "20150206", "SORIND": "US,US,reprt,L-246-2015", "DEPTH": 32.0, "_enc_cell": "US4TB3P0", "depth_m": 32.0, "_sound_id": 1007, "CATZOC": 3, "QUAL_POSACC": null, "QUAL_SOUACC": null, "QUAL_SUREND": "2004", "QUAL_SURSTA": null, "QUAL_TECSOU": null, "QUAL_VERDAT": null, "QUAL_INFORM": "U.S. Navy LIDAR Survey, Archive No. 04HFM01, Scale 1:5,000-1:10,000", "QUAL_SORDAT": "20150206", "QUAL_SORIND": "US,US,reprt,L-246-2015", "QUAL_ENC_CELL": "US4TB3P0", "zoc_label": "B", "quality_model_weight": 0.72, "ALLEN_class_name": null, "semantic_zone": "outside_allen_geomorphic_or_unclassified", "allen_mapped": false, "DEPARE_DRVAL1": 30.0, "DEPARE_DRVAL2": 50.0, "DEPARE__enc_cell": "US4TB3P0", "DEPARE_VERDAT": null, "inside_osm_reef_polygon": false, "working_hypothesis_60_70": false, "working_hypothesis_gt100": false }, "geometry": { "type": "Point", "coordinates": [ 134.577301, 7.3272529, 32.0 ] } },
{ "type": "Feature", "properties": { "RCID": 8841, "PRIM": 1, "GRUP": 2, "OBJL": 129, "RVER": 1, "AGEN": 550, "FIDN": -2004046809, "FIDS": 19802, "LNAM": "0226888CAC274D5A", "LNAM_REFS": null, "FFPT_RIND": null, "EXPSOU": null, "NOBJNM": null, "OBJNAM": null, "QUASOU": null, "SOUACC": null, "TECSOU": null, "VERDAT": null, "STATUS": null, "INFORM": null, "NINFOM": null, "NTXTDS": null, "SCAMAX": null, "SCAMIN": 29999, "TXTDSC": null, "RECDAT": null, "RECIND": null, "SORDAT": "20150206", "SORIND": "US,US,reprt,L-246-2015", "DEPTH": 3.1, "_enc_cell": "US4TB3P0", "depth_m": 3.1, "_sound_id": 1008, "CATZOC": 3, "QUAL_POSACC": null, "QUAL_SOUACC": null, "QUAL_SUREND": "2004", "QUAL_SURSTA": null, "QUAL_TECSOU": null, "QUAL_VERDAT": null, "QUAL_INFORM": "U.S. Navy LIDAR Survey, Archive No. 04HFM01, Scale 1:5,000-1:10,000", "QUAL_SORDAT": "20150206", "QUAL_SORIND": "US,US,reprt,L-246-2015", "QUAL_ENC_CELL": "US4TB3P0", "zoc_label": "B", "quality_model_weight": 0.72, "ALLEN_class_name": "Reef Slope", "semantic_zone": "reef_slope", "allen_mapped": true, "DEPARE_DRVAL1": 2.0, "DEPARE_DRVAL2": 5.0, "DEPARE__enc_cell": "US4TB3P0", "DEPARE_VERDAT": null, "inside_osm_reef_polygon": false, "working_hypothesis_60_70": false, "working_hypothesis_gt100": false }, "geometry": { "type": "Point", "coordinates": [ 134.5774078, 7.3211832, 3.1 ] } },
{ "type": "Feature", "properties": { "RCID": 8841, "PRIM": 1, "GRUP": 2, "OBJL": 129, "RVER": 1, "AGEN": 550, "FIDN": -2004046809, "FIDS": 19802, "LNAM": "0226888CAC274D5A", "LNAM_REFS": null, "FFPT_RIND": null, "EXPSOU": null, "NOBJNM": null, "OBJNAM": null, "QUASOU": null, "SOUACC": null, "TECSOU": null, "VERDAT": null, "STATUS": null, "INFORM": null, "NINFOM": null, "NTXTDS": null, "SCAMAX": null, "SCAMIN": 29999, "TXTDSC": null, "RECDAT": null, "RECIND": null, "SORDAT": "20150206", "SORIND": "US,US,reprt,L-246-2015", "DEPTH": 27.5, "_enc_cell": "US4TB3P0", "depth_m": 27.5, "_sound_id": 1009, "CATZOC": 3, "QUAL_POSACC": null, "QUAL_SOUACC": null, "QUAL_SUREND": "2004", "QUAL_SURSTA": null, "QUAL_TECSOU": null, "QUAL_VERDAT": null, "QUAL_INFORM": "U.S. Navy LIDAR Survey, Archive No. 04HFM01, Scale 1:5,000-1:10,000", "QUAL_SORDAT": "20150206", "QUAL_SORIND": "US,US,reprt,L-246-2015", "QUAL_ENC_CELL": "US4TB3P0", "zoc_label": "B", "quality_model_weight": 0.72, "ALLEN_class_name": null, "semantic_zone": "outside_allen_geomorphic_or_unclassified", "allen_mapped": false, "DEPARE_DRVAL1": 20.0, "DEPARE_DRVAL2": 30.0, "DEPARE__enc_cell": "US4TB3P0", "DEPARE_VERDAT": null, "inside_osm_reef_polygon": false, "working_hypothesis_60_70": false, "working_hypothesis_gt100": false }, "geometry": { "type": "Point", "coordinates": [ 134.5774078, 7.3333612, 27.5 ] } },
{ "type": "Feature", "properties": { "RCID": 8841, "PRIM": 1, "GRUP": 2, "OBJL": 129, "RVER": 1, "AGEN": 550, "FIDN": -2004046809, "FIDS": 19802, "LNAM": "0226888CAC274D5A", "LNAM_REFS": null, "FFPT_RIND": null, "EXPSOU": null, "NOBJNM": null, "OBJNAM": null, "QUASOU": null, "SOUACC": null, "TECSOU": null, "VERDAT": null, "STATUS": null, "INFORM": null, "NINFOM": null, "NTXTDS": null, "SCAMAX": null, "SCAMIN": 29999, "TXTDSC": null, "RECDAT": null, "RECIND": null, "SORDAT": "20150206", "SORIND": "US,US,reprt,L-246-2015", "DEPTH": 9.4, "_enc_cell": "US4TB3P0", "depth_m": 9.4, "_sound_id": 1010, "CATZOC": 3, "QUAL_POSACC": null, "QUAL_SOUACC": null, "QUAL_SUREND": "2004", "QUAL_SURSTA": null, "QUAL_TECSOU": null, "QUAL_VERDAT": null, "QUAL_INFORM": "U.S. Navy LIDAR Survey, Archive No. 04HFM01, Scale 1:5,000-1:10,000", "QUAL_SORDAT": "20150206", "QUAL_SORIND": "US,US,reprt,L-246-2015", "QUAL_ENC_CELL": "US4TB3P0", "zoc_label": "B", "quality_model_weight": 0.72, "ALLEN_class_name": "Reef Slope", "semantic_zone": "reef_slope", "allen_mapped": true, "DEPARE_DRVAL1": 5.0, "DEPARE_DRVAL2": 10.0, "DEPARE__enc_cell": "US4TB3P0", "DEPARE_VERDAT": null, "inside_osm_reef_polygon": false, "working_hypothesis_60_70": false, "working_hypothesis_gt100": false }, "geometry": { "type": "Point", "coordinates": [ 134.5777283, 7.3181748, 9.4 ] } },
{ "type": "Feature", "properties": { "RCID": 8841, "PRIM": 1, "GRUP": 2, "OBJL": 129, "RVER": 1, "AGEN": 550, "FIDN": -2004046809, "FIDS": 19802, "LNAM": "0226888CAC274D5A", "LNAM_REFS": null, "FFPT_RIND": null, "EXPSOU": null, "NOBJNM": null, "OBJNAM": null, "QUASOU": null, "SOUACC": null, "TECSOU": null, "VERDAT": null, "STATUS": null, "INFORM": null, "NINFOM": null, "NTXTDS": null, "SCAMAX": null, "SCAMIN": 29999, "TXTDSC": null, "RECDAT": null, "RECIND": null, "SORDAT": "20150206", "SORIND": "US,US,reprt,L-246-2015", "DEPTH": 3.6, "_enc_cell": "US4TB3P0", "depth_m": 3.6, "_sound_id": 1012, "CATZOC": 3, "QUAL_POSACC": null, "QUAL_SOUACC": null, "QUAL_SUREND": "2004", "QUAL_SURSTA": null, "QUAL_TECSOU": null, "QUAL_VERDAT": null, "QUAL_INFORM": "U.S. Navy LIDAR Survey, Archive No. 04HFM01, Scale 1:5,000-1:10,000", "QUAL_SORDAT": "20150206", "QUAL_SORIND": "US,US,reprt,L-246-2015", "QUAL_ENC_CELL": "US4TB3P0", "zoc_label": "B", "quality_model_weight": 0.72, "ALLEN_class_name": "Reef Slope", "semantic_zone": "reef_slope", "allen_mapped": true, "DEPARE_DRVAL1": 2.0, "DEPARE_DRVAL2": 5.0, "DEPARE__enc_cell": "US4TB3P0", "DEPARE_VERDAT": null, "inside_osm_reef_polygon": false, "working_hypothesis_60_70": false, "working_hypothesis_gt100": false }, "geometry": { "type": "Point", "coordinates": [ 134.5780792, 7.3200889, 3.6 ] } },
{ "type": "Feature", "properties": { "RCID": 8841, "PRIM": 1, "GRUP": 2, "OBJL": 129, "RVER": 1, "AGEN": 550, "FIDN": -2004046809, "FIDS": 19802, "LNAM": "0226888CAC274D5A", "LNAM_REFS": null, "FFPT_RIND": null, "EXPSOU": null, "NOBJNM": null, "OBJNAM": null, "QUASOU": null, "SOUACC": null, "TECSOU": null, "VERDAT": null, "STATUS": null, "INFORM": null, "NINFOM": null, "NTXTDS": null, "SCAMAX": null, "SCAMIN": 29999, "TXTDSC": null, "RECDAT": null, "RECIND": null, "SORDAT": "20150206", "SORIND": "US,US,reprt,L-246-2015", "DEPTH": 4.6, "_enc_cell": "US4TB3P0", "depth_m": 4.6, "_sound_id": 1014, "CATZOC": 3, "QUAL_POSACC": null, "QUAL_SOUACC": null, "QUAL_SUREND": "2004", "QUAL_SURSTA": null, "QUAL_TECSOU": null, "QUAL_VERDAT": null, "QUAL_INFORM": "U.S. Navy LIDAR Survey, Archive No. 04HFM01, Scale 1:5,000-1:10,000", "QUAL_SORDAT": "20150206", "QUAL_SORIND": "US,US,reprt,L-246-2015", "QUAL_ENC_CELL": "US4TB3P0", "zoc_label": "B", "quality_model_weight": 0.72, "ALLEN_class_name": "Reef Slope", "semantic_zone": "reef_slope", "allen_mapped": true, "DEPARE_DRVAL1": 2.0, "DEPARE_DRVAL2": 5.0, "DEPARE__enc_cell": "US4TB3P0", "DEPARE_VERDAT": null, "inside_osm_reef_polygon": false, "working_hypothesis_60_70": false, "working_hypothesis_gt100": false }, "geometry": { "type": "Point", "coordinates": [ 134.578201299999989, 7.3223805, 4.6 ] } },
{ "type": "Feature", "properties": { "RCID": 8841, "PRIM": 1, "GRUP": 2, "OBJL": 129, "RVER": 1, "AGEN": 550, "FIDN": -2004046809, "FIDS": 19802, "LNAM": "0226888CAC274D5A", "LNAM_REFS": null, "FFPT_RIND": null, "EXPSOU": null, "NOBJNM": null, "OBJNAM": null, "QUASOU": null, "SOUACC": null, "TECSOU": null, "VERDAT": null, "STATUS": null, "INFORM": null, "NINFOM": null, "NTXTDS": null, "SCAMAX": null, "SCAMIN": 29999, "TXTDSC": null, "RECDAT": null, "RECIND": null, "SORDAT": "20150206", "SORIND": "US,US,reprt,L-246-2015", "DEPTH": 30.2, "_enc_cell": "US4TB3P0", "depth_m": 30.2, "_sound_id": 1015, "CATZOC": 3, "QUAL_POSACC": null, "QUAL_SOUACC": null, "QUAL_SUREND": "2004", "QUAL_SURSTA": null, "QUAL_TECSOU": null, "QUAL_VERDAT": null, "QUAL_INFORM": "U.S. Navy LIDAR Survey, Archive No. 04HFM01, Scale 1:5,000-1:10,000", "QUAL_SORDAT": "20150206", "QUAL_SORIND": "US,US,reprt,L-246-2015", "QUAL_ENC_CELL": "US4TB3P0", "zoc_label": "B", "quality_model_weight": 0.72, "ALLEN_class_name": null, "semantic_zone": "outside_allen_geomorphic_or_unclassified", "allen_mapped": false, "DEPARE_DRVAL1": 30.0, "DEPARE_DRVAL2": 50.0, "DEPARE__enc_cell": "US4TB3P0", "DEPARE_VERDAT": null, "inside_osm_reef_polygon": false, "working_hypothesis_60_70": false, "working_hypothesis_gt100": false }, "geometry": { "type": "Point", "coordinates": [ 134.5782166, 7.330936, 30.2 ] } },
{ "type": "Feature", "properties": { "RCID": 8841, "PRIM": 1, "GRUP": 2, "OBJL": 129, "RVER": 1, "AGEN": 550, "FIDN": -2004046809, "FIDS": 19802, "LNAM": "0226888CAC274D5A", "LNAM_REFS": null, "FFPT_RIND": null, "EXPSOU": null, "NOBJNM": null, "OBJNAM": null, "QUASOU": null, "SOUACC": null, "TECSOU": null, "VERDAT": null, "STATUS": null, "INFORM": null, "NINFOM": null, "NTXTDS": null, "SCAMAX": null, "SCAMIN": 29999, "TXTDSC": null, "RECDAT": null, "RECIND": null, "SORDAT": "20150206", "SORIND": "US,US,reprt,L-246-2015", "DEPTH": 3.2, "_enc_cell": "US4TB3P0", "depth_m": 3.2, "_sound_id": 1016, "CATZOC": 3, "QUAL_POSACC": null, "QUAL_SOUACC": null, "QUAL_SUREND": "2004", "QUAL_SURSTA": null, "QUAL_TECSOU": null, "QUAL_VERDAT": null, "QUAL_INFORM": "U.S. Navy LIDAR Survey, Archive No. 04HFM01, Scale 1:5,000-1:10,000", "QUAL_SORDAT": "20150206", "QUAL_SORIND": "US,US,reprt,L-246-2015", "QUAL_ENC_CELL": "US4TB3P0", "zoc_label": "B", "quality_model_weight": 0.72, "ALLEN_class_name": "Reef Slope", "semantic_zone": "reef_slope", "allen_mapped": true, "DEPARE_DRVAL1": 2.0, "DEPARE_DRVAL2": 5.0, "DEPARE__enc_cell": "US4TB3P0", "DEPARE_VERDAT": null, "inside_osm_reef_polygon": false, "working_hypothesis_60_70": false, "working_hypothesis_gt100": false }, "geometry": { "type": "Point", "coordinates": [ 134.578430200000014, 7.3457251, 3.2 ] } },
{ "type": "Feature", "properties": { "RCID": 8841, "PRIM": 1, "GRUP": 2, "OBJL": 129, "RVER": 1, "AGEN": 550, "FIDN": -2004046809, "FIDS": 19802, "LNAM": "0226888CAC274D5A", "LNAM_REFS": null, "FFPT_RIND": null, "EXPSOU": null, "NOBJNM": null, "OBJNAM": null, "QUASOU": null, "SOUACC": null, "TECSOU": null, "VERDAT": null, "STATUS": null, "INFORM": null, "NINFOM": null, "NTXTDS": null, "SCAMAX": null, "SCAMIN": 29999, "TXTDSC": null, "RECDAT": null, "RECIND": null, "SORDAT": "20150206", "SORIND": "US,US,reprt,L-246-2015", "DEPTH": 26.2, "_enc_cell": "US4TB3P0", "depth_m": 26.2, "_sound_id": 1017, "CATZOC": 3, "QUAL_POSACC": null, "QUAL_SOUACC": null, "QUAL_SUREND": "2004", "QUAL_SURSTA": null, "QUAL_TECSOU": null, "QUAL_VERDAT": null, "QUAL_INFORM": "U.S. Navy LIDAR Survey, Archive No. 04HFM01, Scale 1:5,000-1:10,000", "QUAL_SORDAT": "20150206", "QUAL_SORIND": "US,US,reprt,L-246-2015", "QUAL_ENC_CELL": "US4TB3P0", "zoc_label": "B", "quality_model_weight": 0.72, "ALLEN_class_name": null, "semantic_zone": "outside_allen_geomorphic_or_unclassified", "allen_mapped": false, "DEPARE_DRVAL1": 20.0, "DEPARE_DRVAL2": 30.0, "DEPARE__enc_cell": "US4TB3P0", "DEPARE_VERDAT": null, "inside_osm_reef_polygon": false, "working_hypothesis_60_70": false, "working_hypothesis_gt100": false }, "geometry": { "type": "Point", "coordinates": [ 134.5784912, 7.3388472, 26.2 ] } },
{ "type": "Feature", "properties": { "RCID": 8841, "PRIM": 1, "GRUP": 2, "OBJL": 129, "RVER": 1, "AGEN": 550, "FIDN": -2004046809, "FIDS": 19802, "LNAM": "0226888CAC274D5A", "LNAM_REFS": null, "FFPT_RIND": null, "EXPSOU": null, "NOBJNM": null, "OBJNAM": null, "QUASOU": null, "SOUACC": null, "TECSOU": null, "VERDAT": null, "STATUS": null, "INFORM": null, "NINFOM": null, "NTXTDS": null, "SCAMAX": null, "SCAMIN": 29999, "TXTDSC": null, "RECDAT": null, "RECIND": null, "SORDAT": "20150206", "SORIND": "US,US,reprt,L-246-2015", "DEPTH": 7.0, "_enc_cell": "US4TB3P0", "depth_m": 7.0, "_sound_id": 1019, "CATZOC": 3, "QUAL_POSACC": null, "QUAL_SOUACC": null, "QUAL_SUREND": "2004", "QUAL_SURSTA": null, "QUAL_TECSOU": null, "QUAL_VERDAT": null, "QUAL_INFORM": "U.S. Navy LIDAR Survey, Archive No. 04HFM01, Scale 1:5,000-1:10,000", "QUAL_SORDAT": "20150206", "QUAL_SORIND": "US,US,reprt,L-246-2015", "QUAL_ENC_CELL": "US4TB3P0", "zoc_label": "B", "quality_model_weight": 0.72, "ALLEN_class_name": "Reef Slope", "semantic_zone": "reef_slope", "allen_mapped": true, "DEPARE_DRVAL1": 5.0, "DEPARE_DRVAL2": 10.0, "DEPARE__enc_cell": "US4TB3P0", "DEPARE_VERDAT": null, "inside_osm_reef_polygon": false, "working_hypothesis_60_70": false, "working_hypothesis_gt100": false }, "geometry": { "type": "Point", "coordinates": [ 134.578537, 7.3247943, 7.0 ] } },
{ "type": "Feature", "properties": { "RCID": 8841, "PRIM": 1, "GRUP": 2, "OBJL": 129, "RVER": 1, "AGEN": 550, "FIDN": -2004046809, "FIDS": 19802, "LNAM": "0226888CAC274D5A", "LNAM_REFS": null, "FFPT_RIND": null, "EXPSOU": null, "NOBJNM": null, "OBJNAM": null, "QUASOU": null, "SOUACC": null, "TECSOU": null, "VERDAT": null, "STATUS": null, "INFORM": null, "NINFOM": null, "NTXTDS": null, "SCAMAX": null, "SCAMIN": 29999, "TXTDSC": null, "RECDAT": null, "RECIND": null, "SORDAT": "20150206", "SORIND": "US,US,reprt,L-246-2015", "DEPTH": 31.0, "_enc_cell": "US4TB3P0", "depth_m": 31.0, "_sound_id": 1020, "CATZOC": 3, "QUAL_POSACC": null, "QUAL_SOUACC": null, "QUAL_SUREND": "2004", "QUAL_SURSTA": null, "QUAL_TECSOU": null, "QUAL_VERDAT": null, "QUAL_INFORM": "U.S. Navy LIDAR Survey, Archive No. 04HFM01, Scale 1:5,000-1:10,000", "QUAL_SORDAT": "20150206", "QUAL_SORIND": "US,US,reprt,L-246-2015", "QUAL_ENC_CELL": "US4TB3P0", "zoc_label": "B", "quality_model_weight": 0.72, "ALLEN_class_name": null, "semantic_zone": "outside_allen_geomorphic_or_unclassified", "allen_mapped": false, "DEPARE_DRVAL1": 30.0, "DEPARE_DRVAL2": 50.0, "DEPARE__enc_cell": "US4TB3P0", "DEPARE_VERDAT": null, "inside_osm_reef_polygon": false, "working_hypothesis_60_70": false, "working_hypothesis_gt100": false }, "geometry": { "type": "Point", "coordinates": [ 134.5786285, 7.3358831, 31.0 ] } },
{ "type": "Feature", "properties": { "RCID": 8841, "PRIM": 1, "GRUP": 2, "OBJL": 129, "RVER": 1, "AGEN": 550, "FIDN": -2004046809, "FIDS": 19802, "LNAM": "0226888CAC274D5A", "LNAM_REFS": null, "FFPT_RIND": null, "EXPSOU": null, "NOBJNM": null, "OBJNAM": null, "QUASOU": null, "SOUACC": null, "TECSOU": null, "VERDAT": null, "STATUS": null, "INFORM": null, "NINFOM": null, "NTXTDS": null, "SCAMAX": null, "SCAMIN": 29999, "TXTDSC": null, "RECDAT": null, "RECIND": null, "SORDAT": "20150206", "SORIND": "US,US,reprt,L-246-2015", "DEPTH": 4.7, "_enc_cell": "US4TB3P0", "depth_m": 4.7, "_sound_id": 1021, "CATZOC": 3, "QUAL_POSACC": null, "QUAL_SOUACC": null, "QUAL_SUREND": "2004", "QUAL_SURSTA": null, "QUAL_TECSOU": null, "QUAL_VERDAT": null, "QUAL_INFORM": "U.S. Navy LIDAR Survey, Archive No. 04HFM01, Scale 1:5,000-1:10,000", "QUAL_SORDAT": "20150206", "QUAL_SORIND": "US,US,reprt,L-246-2015", "QUAL_ENC_CELL": "US4TB3P0", "zoc_label": "B", "quality_model_weight": 0.72, "ALLEN_class_name": "Reef Slope", "semantic_zone": "reef_slope", "allen_mapped": true, "DEPARE_DRVAL1": 2.0, "DEPARE_DRVAL2": 5.0, "DEPARE__enc_cell": "US4TB3P0", "DEPARE_VERDAT": null, "inside_osm_reef_polygon": false, "working_hypothesis_60_70": false, "working_hypothesis_gt100": false }, "geometry": { "type": "Point", "coordinates": [ 134.578887900000012, 7.323411, 4.7 ] } },
{ "type": "Feature", "properties": { "RCID": 8841, "PRIM": 1, "GRUP": 2, "OBJL": 129, "RVER": 1, "AGEN": 550, "FIDN": -2004046809, "FIDS": 19802, "LNAM": "0226888CAC274D5A", "LNAM_REFS": null, "FFPT_RIND": null, "EXPSOU": null, "NOBJNM": null, "OBJNAM": null, "QUASOU": null, "SOUACC": null, "TECSOU": null, "VERDAT": null, "STATUS": null, "INFORM": null, "NINFOM": null, "NTXTDS": null, "SCAMAX": null, "SCAMIN": 29999, "TXTDSC": null, "RECDAT": null, "RECIND": null, "SORDAT": "20150206", "SORIND": "US,US,reprt,L-246-2015", "DEPTH": 40.0, "_enc_cell": "US4TB3P0", "depth_m": 40.0, "_sound_id": 1022, "CATZOC": 3, "QUAL_POSACC": null, "QUAL_SOUACC": null, "QUAL_SUREND": "2004", "QUAL_SURSTA": null, "QUAL_TECSOU": null, "QUAL_VERDAT": null, "QUAL_INFORM": "U.S. Navy LIDAR Survey, Archive No. 04HFM01, Scale 1:5,000-1:10,000", "QUAL_SORDAT": "20150206", "QUAL_SORIND": "US,US,reprt,L-246-2015", "QUAL_ENC_CELL": "US4TB3P0", "zoc_label": "B", "quality_model_weight": 0.72, "ALLEN_class_name": null, "semantic_zone": "outside_allen_geomorphic_or_unclassified", "allen_mapped": false, "DEPARE_DRVAL1": 30.0, "DEPARE_DRVAL2": 50.0, "DEPARE__enc_cell": "US4TB3P0", "DEPARE_VERDAT": null, "inside_osm_reef_polygon": false, "working_hypothesis_60_70": false, "working_hypothesis_gt100": false }, "geometry": { "type": "Point", "coordinates": [ 134.5789948, 7.3432946, 40.0 ] } },
{ "type": "Feature", "properties": { "RCID": 8841, "PRIM": 1, "GRUP": 2, "OBJL": 129, "RVER": 1, "AGEN": 550, "FIDN": -2004046809, "FIDS": 19802, "LNAM": "0226888CAC274D5A", "LNAM_REFS": null, "FFPT_RIND": null, "EXPSOU": null, "NOBJNM": null, "OBJNAM": null, "QUASOU": null, "SOUACC": null, "TECSOU": null, "VERDAT": null, "STATUS": null, "INFORM": null, "NINFOM": null, "NTXTDS": null, "SCAMAX": null, "SCAMIN": 29999, "TXTDSC": null, "RECDAT": null, "RECIND": null, "SORDAT": "20150206", "SORIND": "US,US,reprt,L-246-2015", "DEPTH": 25.1, "_enc_cell": "US4TB3P0", "depth_m": 25.1, "_sound_id": 1023, "CATZOC": 3, "QUAL_POSACC": null, "QUAL_SOUACC": null, "QUAL_SUREND": "2004", "QUAL_SURSTA": null, "QUAL_TECSOU": null, "QUAL_VERDAT": null, "QUAL_INFORM": "U.S. Navy LIDAR Survey, Archive No. 04HFM01, Scale 1:5,000-1:10,000", "QUAL_SORDAT": "20150206", "QUAL_SORIND": "US,US,reprt,L-246-2015", "QUAL_ENC_CELL": "US4TB3P0", "zoc_label": "B", "quality_model_weight": 0.72, "ALLEN_class_name": null, "semantic_zone": "outside_allen_geomorphic_or_unclassified", "allen_mapped": false, "DEPARE_DRVAL1": 20.0, "DEPARE_DRVAL2": 30.0, "DEPARE__enc_cell": "US4TB3P0", "DEPARE_VERDAT": null, "inside_osm_reef_polygon": false, "working_hypothesis_60_70": false, "working_hypothesis_gt100": false }, "geometry": { "type": "Point", "coordinates": [ 134.57901, 7.3405056, 25.1 ] } },
{ "type": "Feature", "properties": { "RCID": 8841, "PRIM": 1, "GRUP": 2, "OBJL": 129, "RVER": 1, "AGEN": 550, "FIDN": -2004046809, "FIDS": 19802, "LNAM": "0226888CAC274D5A", "LNAM_REFS": null, "FFPT_RIND": null, "EXPSOU": null, "NOBJNM": null, "OBJNAM": null, "QUASOU": null, "SOUACC": null, "TECSOU": null, "VERDAT": null, "STATUS": null, "INFORM": null, "NINFOM": null, "NTXTDS": null, "SCAMAX": null, "SCAMIN": 29999, "TXTDSC": null, "RECDAT": null, "RECIND": null, "SORDAT": "20150206", "SORIND": "US,US,reprt,L-246-2015", "DEPTH": 9.4, "_enc_cell": "US4TB3P0", "depth_m": 9.4, "_sound_id": 1024, "CATZOC": 3, "QUAL_POSACC": null, "QUAL_SOUACC": null, "QUAL_SUREND": "2004", "QUAL_SURSTA": null, "QUAL_TECSOU": null, "QUAL_VERDAT": null, "QUAL_INFORM": "U.S. Navy LIDAR Survey, Archive No. 04HFM01, Scale 1:5,000-1:10,000", "QUAL_SORDAT": "20150206", "QUAL_SORIND": "US,US,reprt,L-246-2015", "QUAL_ENC_CELL": "US4TB3P0", "zoc_label": "B", "quality_model_weight": 0.72, "ALLEN_class_name": "Reef Slope", "semantic_zone": "reef_slope", "allen_mapped": true, "DEPARE_DRVAL1": 5.0, "DEPARE_DRVAL2": 10.0, "DEPARE__enc_cell": "US4TB3P0", "DEPARE_VERDAT": null, "inside_osm_reef_polygon": false, "working_hypothesis_60_70": false, "working_hypothesis_gt100": false }, "geometry": { "type": "Point", "coordinates": [ 134.579147299999988, 7.3207417, 9.4 ] } },
{ "type": "Feature", "properties": { "RCID": 8841, "PRIM": 1, "GRUP": 2, "OBJL": 129, "RVER": 1, "AGEN": 550, "FIDN": -2004046809, "FIDS": 19802, "LNAM": "0226888CAC274D5A", "LNAM_REFS": null, "FFPT_RIND": null, "EXPSOU": null, "NOBJNM": null, "OBJNAM": null, "QUASOU": null, "SOUACC": null, "TECSOU": null, "VERDAT": null, "STATUS": null, "INFORM": null, "NINFOM": null, "NTXTDS": null, "SCAMAX": null, "SCAMIN": 29999, "TXTDSC": null, "RECDAT": null, "RECIND": null, "SORDAT": "20150206", "SORIND": "US,US,reprt,L-246-2015", "DEPTH": 27.6, "_enc_cell": "US4TB3P0", "depth_m": 27.6, "_sound_id": 1025, "CATZOC": 3, "QUAL_POSACC": null, "QUAL_SOUACC": null, "QUAL_SUREND": "2004", "QUAL_SURSTA": null, "QUAL_TECSOU": null, "QUAL_VERDAT": null, "QUAL_INFORM": "U.S. Navy LIDAR Survey, Archive No. 04HFM01, Scale 1:5,000-1:10,000", "QUAL_SORDAT": "20150206", "QUAL_SORIND": "US,US,reprt,L-246-2015", "QUAL_ENC_CELL": "US4TB3P0", "zoc_label": "B", "quality_model_weight": 0.72, "ALLEN_class_name": null, "semantic_zone": "outside_allen_geomorphic_or_unclassified", "allen_mapped": false, "DEPARE_DRVAL1": 20.0, "DEPARE_DRVAL2": 30.0, "DEPARE__enc_cell": "US4TB3P0", "DEPARE_VERDAT": null, "inside_osm_reef_polygon": false, "working_hypothesis_60_70": false, "working_hypothesis_gt100": false }, "geometry": { "type": "Point", "coordinates": [ 134.579147299999988, 7.3287249, 27.6 ] } },
{ "type": "Feature", "properties": { "RCID": 8841, "PRIM": 1, "GRUP": 2, "OBJL": 129, "RVER": 1, "AGEN": 550, "FIDN": -2004046809, "FIDS": 19802, "LNAM": "0226888CAC274D5A", "LNAM_REFS": null, "FFPT_RIND": null, "EXPSOU": null, "NOBJNM": null, "OBJNAM": null, "QUASOU": null, "SOUACC": null, "TECSOU": null, "VERDAT": null, "STATUS": null, "INFORM": null, "NINFOM": null, "NTXTDS": null, "SCAMAX": null, "SCAMIN": 29999, "TXTDSC": null, "RECDAT": null, "RECIND": null, "SORDAT": "20150206", "SORIND": "US,US,reprt,L-246-2015", "DEPTH": 7.4, "_enc_cell": "US4TB3P0", "depth_m": 7.4, "_sound_id": 1026, "CATZOC": 3, "QUAL_POSACC": null, "QUAL_SOUACC": null, "QUAL_SUREND": "2004", "QUAL_SURSTA": null, "QUAL_TECSOU": null, "QUAL_VERDAT": null, "QUAL_INFORM": "U.S. Navy LIDAR Survey, Archive No. 04HFM01, Scale 1:5,000-1:10,000", "QUAL_SORDAT": "20150206", "QUAL_SORIND": "US,US,reprt,L-246-2015", "QUAL_ENC_CELL": "US4TB3P0", "zoc_label": "B", "quality_model_weight": 0.72, "ALLEN_class_name": "Reef Slope", "semantic_zone": "reef_slope", "allen_mapped": true, "DEPARE_DRVAL1": 5.0, "DEPARE_DRVAL2": 10.0, "DEPARE__enc_cell": "US4TB3P0", "DEPARE_VERDAT": null, "inside_osm_reef_polygon": false, "working_hypothesis_60_70": false, "working_hypothesis_gt100": false }, "geometry": { "type": "Point", "coordinates": [ 134.5791779, 7.3221445, 7.4 ] } },
{ "type": "Feature", "properties": { "RCID": 8841, "PRIM": 1, "GRUP": 2, "OBJL": 129, "RVER": 1, "AGEN": 550, "FIDN": -2004046809, "FIDS": 19802, "LNAM": "0226888CAC274D5A", "LNAM_REFS": null, "FFPT_RIND": null, "EXPSOU": null, "NOBJNM": null, "OBJNAM": null, "QUASOU": null, "SOUACC": null, "TECSOU": null, "VERDAT": null, "STATUS": null, "INFORM": null, "NINFOM": null, "NTXTDS": null, "SCAMAX": null, "SCAMIN": 29999, "TXTDSC": null, "RECDAT": null, "RECIND": null, "SORDAT": "20150206", "SORIND": "US,US,reprt,L-246-2015", "DEPTH": 5.8, "_enc_cell": "US4TB3P0", "depth_m": 5.8, "_sound_id": 1027, "CATZOC": 3, "QUAL_POSACC": null, "QUAL_SOUACC": null, "QUAL_SUREND": "2004", "QUAL_SURSTA": null, "QUAL_TECSOU": null, "QUAL_VERDAT": null, "QUAL_INFORM": "U.S. Navy LIDAR Survey, Archive No. 04HFM01, Scale 1:5,000-1:10,000", "QUAL_SORDAT": "20150206", "QUAL_SORIND": "US,US,reprt,L-246-2015", "QUAL_ENC_CELL": "US4TB3P0", "zoc_label": "B", "quality_model_weight": 0.72, "ALLEN_class_name": null, "semantic_zone": "outside_allen_geomorphic_or_unclassified", "allen_mapped": false, "DEPARE_DRVAL1": 5.0, "DEPARE_DRVAL2": 10.0, "DEPARE__enc_cell": "US4TB3P0", "DEPARE_VERDAT": null, "inside_osm_reef_polygon": false, "working_hypothesis_60_70": false, "working_hypothesis_gt100": false }, "geometry": { "type": "Point", "coordinates": [ 134.5791931, 7.3461361, 5.8 ] } },
{ "type": "Feature", "properties": { "RCID": 8841, "PRIM": 1, "GRUP": 2, "OBJL": 129, "RVER": 1, "AGEN": 550, "FIDN": -2004046809, "FIDS": 19802, "LNAM": "0226888CAC274D5A", "LNAM_REFS": null, "FFPT_RIND": null, "EXPSOU": null, "NOBJNM": null, "OBJNAM": null, "QUASOU": null, "SOUACC": null, "TECSOU": null, "VERDAT": null, "STATUS": null, "INFORM": null, "NINFOM": null, "NTXTDS": null, "SCAMAX": null, "SCAMIN": 29999, "TXTDSC": null, "RECDAT": null, "RECIND": null, "SORDAT": "20150206", "SORIND": "US,US,reprt,L-246-2015", "DEPTH": 27.3, "_enc_cell": "US4TB3P0", "depth_m": 27.3, "_sound_id": 1028, "CATZOC": 3, "QUAL_POSACC": null, "QUAL_SOUACC": null, "QUAL_SUREND": "2004", "QUAL_SURSTA": null, "QUAL_TECSOU": null, "QUAL_VERDAT": null, "QUAL_INFORM": "U.S. Navy LIDAR Survey, Archive No. 04HFM01, Scale 1:5,000-1:10,000", "QUAL_SORDAT": "20150206", "QUAL_SORIND": "US,US,reprt,L-246-2015", "QUAL_ENC_CELL": "US4TB3P0", "zoc_label": "B", "quality_model_weight": 0.72, "ALLEN_class_name": null, "semantic_zone": "outside_allen_geomorphic_or_unclassified", "allen_mapped": false, "DEPARE_DRVAL1": 20.0, "DEPARE_DRVAL2": 30.0, "DEPARE__enc_cell": "US4TB3P0", "DEPARE_VERDAT": null, "inside_osm_reef_polygon": false, "working_hypothesis_60_70": false, "working_hypothesis_gt100": false }, "geometry": { "type": "Point", "coordinates": [ 134.579284699999988, 7.3422666, 27.3 ] } },
{ "type": "Feature", "properties": { "RCID": 8841, "PRIM": 1, "GRUP": 2, "OBJL": 129, "RVER": 1, "AGEN": 550, "FIDN": -2004046809, "FIDS": 19802, "LNAM": "0226888CAC274D5A", "LNAM_REFS": null, "FFPT_RIND": null, "EXPSOU": null, "NOBJNM": null, "OBJNAM": null, "QUASOU": null, "SOUACC": null, "TECSOU": null, "VERDAT": null, "STATUS": null, "INFORM": null, "NINFOM": null, "NTXTDS": null, "SCAMAX": null, "SCAMIN": 29999, "TXTDSC": null, "RECDAT": null, "RECIND": null, "SORDAT": "20150206", "SORIND": "US,US,reprt,L-246-2015", "DEPTH": 41.0, "_enc_cell": "US4TB3P0", "depth_m": 41.0, "_sound_id": 1029, "CATZOC": 3, "QUAL_POSACC": null, "QUAL_SOUACC": null, "QUAL_SUREND": "2004", "QUAL_SURSTA": null, "QUAL_TECSOU": null, "QUAL_VERDAT": null, "QUAL_INFORM": "U.S. Navy LIDAR Survey, Archive No. 04HFM01, Scale 1:5,000-1:10,000", "QUAL_SORDAT": "20150206", "QUAL_SORIND": "US,US,reprt,L-246-2015", "QUAL_ENC_CELL": "US4TB3P0", "zoc_label": "B", "quality_model_weight": 0.72, "ALLEN_class_name": null, "semantic_zone": "outside_allen_geomorphic_or_unclassified", "allen_mapped": false, "DEPARE_DRVAL1": 30.0, "DEPARE_DRVAL2": 50.0, "DEPARE__enc_cell": "US4TB3P0", "DEPARE_VERDAT": null, "inside_osm_reef_polygon": false, "working_hypothesis_60_70": false, "working_hypothesis_gt100": false }, "geometry": { "type": "Point", "coordinates": [ 134.579376200000013, 7.3383141, 41.0 ] } },
{ "type": "Feature", "properties": { "RCID": 8841, "PRIM": 1, "GRUP": 2, "OBJL": 129, "RVER": 1, "AGEN": 550, "FIDN": -2004046809, "FIDS": 19802, "LNAM": "0226888CAC274D5A", "LNAM_REFS": null, "FFPT_RIND": null, "EXPSOU": null, "NOBJNM": null, "OBJNAM": null, "QUASOU": null, "SOUACC": null, "TECSOU": null, "VERDAT": null, "STATUS": null, "INFORM": null, "NINFOM": null, "NTXTDS": null, "SCAMAX": null, "SCAMIN": 29999, "TXTDSC": null, "RECDAT": null, "RECIND": null, "SORDAT": "20150206", "SORIND": "US,US,reprt,L-246-2015", "DEPTH": 26.0, "_enc_cell": "US4TB3P0", "depth_m": 26.0, "_sound_id": 1030, "CATZOC": 3, "QUAL_POSACC": null, "QUAL_SOUACC": null, "QUAL_SUREND": "2004", "QUAL_SURSTA": null, "QUAL_TECSOU": null, "QUAL_VERDAT": null, "QUAL_INFORM": "U.S. Navy LIDAR Survey, Archive No. 04HFM01, Scale 1:5,000-1:10,000", "QUAL_SORDAT": "20150206", "QUAL_SORIND": "US,US,reprt,L-246-2015", "QUAL_ENC_CELL": "US4TB3P0", "zoc_label": "B", "quality_model_weight": 0.72, "ALLEN_class_name": null, "semantic_zone": "outside_allen_geomorphic_or_unclassified", "allen_mapped": false, "DEPARE_DRVAL1": 20.0, "DEPARE_DRVAL2": 30.0, "DEPARE__enc_cell": "US4TB3P0", "DEPARE_VERDAT": null, "inside_osm_reef_polygon": false, "working_hypothesis_60_70": false, "working_hypothesis_gt100": false }, "geometry": { "type": "Point", "coordinates": [ 134.579483, 7.3338418, 26.0 ] } },
{ "type": "Feature", "properties": { "RCID": 8841, "PRIM": 1, "GRUP": 2, "OBJL": 129, "RVER": 1, "AGEN": 550, "FIDN": -2004046809, "FIDS": 19802, "LNAM": "0226888CAC274D5A", "LNAM_REFS": null, "FFPT_RIND": null, "EXPSOU": null, "NOBJNM": null, "OBJNAM": null, "QUASOU": null, "SOUACC": null, "TECSOU": null, "VERDAT": null, "STATUS": null, "INFORM": null, "NINFOM": null, "NTXTDS": null, "SCAMAX": null, "SCAMIN": 29999, "TXTDSC": null, "RECDAT": null, "RECIND": null, "SORDAT": "20150206", "SORIND": "US,US,reprt,L-246-2015", "DEPTH": 12.4, "_enc_cell": "US4TB3P0", "depth_m": 12.4, "_sound_id": 1031, "CATZOC": 3, "QUAL_POSACC": null, "QUAL_SOUACC": null, "QUAL_SUREND": "2004", "QUAL_SURSTA": null, "QUAL_TECSOU": null, "QUAL_VERDAT": null, "QUAL_INFORM": "U.S. Navy LIDAR Survey, Archive No. 04HFM01, Scale 1:5,000-1:10,000", "QUAL_SORDAT": "20150206", "QUAL_SORIND": "US,US,reprt,L-246-2015", "QUAL_ENC_CELL": "US4TB3P0", "zoc_label": "B", "quality_model_weight": 0.72, "ALLEN_class_name": null, "semantic_zone": "outside_allen_geomorphic_or_unclassified", "allen_mapped": false, "DEPARE_DRVAL1": 10.0, "DEPARE_DRVAL2": 20.0, "DEPARE__enc_cell": "US4TB3P0", "DEPARE_VERDAT": null, "inside_osm_reef_polygon": false, "working_hypothesis_60_70": false, "working_hypothesis_gt100": false }, "geometry": { "type": "Point", "coordinates": [ 134.579834, 7.3453641, 12.4 ] } },
{ "type": "Feature", "properties": { "RCID": 8841, "PRIM": 1, "GRUP": 2, "OBJL": 129, "RVER": 1, "AGEN": 550, "FIDN": -2004046809, "FIDS": 19802, "LNAM": "0226888CAC274D5A", "LNAM_REFS": null, "FFPT_RIND": null, "EXPSOU": null, "NOBJNM": null, "OBJNAM": null, "QUASOU": null, "SOUACC": null, "TECSOU": null, "VERDAT": null, "STATUS": null, "INFORM": null, "NINFOM": null, "NTXTDS": null, "SCAMAX": null, "SCAMIN": 29999, "TXTDSC": null, "RECDAT": null, "RECIND": null, "SORDAT": "20150206", "SORIND": "US,US,reprt,L-246-2015", "DEPTH": 8.0, "_enc_cell": "US4TB3P0", "depth_m": 8.0, "_sound_id": 1032, "CATZOC": 3, "QUAL_POSACC": null, "QUAL_SOUACC": null, "QUAL_SUREND": "2004", "QUAL_SURSTA": null, "QUAL_TECSOU": null, "QUAL_VERDAT": null, "QUAL_INFORM": "U.S. Navy LIDAR Survey, Archive No. 04HFM01, Scale 1:5,000-1:10,000", "QUAL_SORDAT": "20150206", "QUAL_SORIND": "US,US,reprt,L-246-2015", "QUAL_ENC_CELL": "US4TB3P0", "zoc_label": "B", "quality_model_weight": 0.72, "ALLEN_class_name": "Reef Slope", "semantic_zone": "reef_slope", "allen_mapped": true, "DEPARE_DRVAL1": 5.0, "DEPARE_DRVAL2": 10.0, "DEPARE__enc_cell": "US4TB3P0", "DEPARE_VERDAT": null, "inside_osm_reef_polygon": false, "working_hypothesis_60_70": false, "working_hypothesis_gt100": false }, "geometry": { "type": "Point", "coordinates": [ 134.5799255, 7.3261166, 8.0 ] } },
{ "type": "Feature", "properties": { "RCID": 8841, "PRIM": 1, "GRUP": 2, "OBJL": 129, "RVER": 1, "AGEN": 550, "FIDN": -2004046809, "FIDS": 19802, "LNAM": "0226888CAC274D5A", "LNAM_REFS": null, "FFPT_RIND": null, "EXPSOU": null, "NOBJNM": null, "OBJNAM": null, "QUASOU": null, "SOUACC": null, "TECSOU": null, "VERDAT": null, "STATUS": null, "INFORM": null, "NINFOM": null, "NTXTDS": null, "SCAMAX": null, "SCAMIN": 29999, "TXTDSC": null, "RECDAT": null, "RECIND": null, "SORDAT": "20150206", "SORIND": "US,US,reprt,L-246-2015", "DEPTH": 9.2, "_enc_cell": "US4TB3P0", "depth_m": 9.2, "_sound_id": 1033, "CATZOC": 3, "QUAL_POSACC": null, "QUAL_SOUACC": null, "QUAL_SUREND": "2004", "QUAL_SURSTA": null, "QUAL_TECSOU": null, "QUAL_VERDAT": null, "QUAL_INFORM": "U.S. Navy LIDAR Survey, Archive No. 04HFM01, Scale 1:5,000-1:10,000", "QUAL_SORDAT": "20150206", "QUAL_SORIND": "US,US,reprt,L-246-2015", "QUAL_ENC_CELL": "US4TB3P0", "zoc_label": "B", "quality_model_weight": 0.72, "ALLEN_class_name": null, "semantic_zone": "outside_allen_geomorphic_or_unclassified", "allen_mapped": false, "DEPARE_DRVAL1": 5.0, "DEPARE_DRVAL2": 10.0, "DEPARE__enc_cell": "US4TB3P0", "DEPARE_VERDAT": null, "inside_osm_reef_polygon": false, "working_hypothesis_60_70": false, "working_hypothesis_gt100": false }, "geometry": { "type": "Point", "coordinates": [ 134.5799408, 7.3238416, 9.2 ] } },
{ "type": "Feature", "properties": { "RCID": 8841, "PRIM": 1, "GRUP": 2, "OBJL": 129, "RVER": 1, "AGEN": 550, "FIDN": -2004046809, "FIDS": 19802, "LNAM": "0226888CAC274D5A", "LNAM_REFS": null, "FFPT_RIND": null, "EXPSOU": null, "NOBJNM": null, "OBJNAM": null, "QUASOU": null, "SOUACC": null, "TECSOU": null, "VERDAT": null, "STATUS": null, "INFORM": null, "NINFOM": null, "NTXTDS": null, "SCAMAX": null, "SCAMIN": 29999, "TXTDSC": null, "RECDAT": null, "RECIND": null, "SORDAT": "20150206", "SORIND": "US,US,reprt,L-246-2015", "DEPTH": 9.4, "_enc_cell": "US4TB3P0", "depth_m": 9.4, "_sound_id": 1034, "CATZOC": 3, "QUAL_POSACC": null, "QUAL_SOUACC": null, "QUAL_SUREND": "2004", "QUAL_SURSTA": null, "QUAL_TECSOU": null, "QUAL_VERDAT": null, "QUAL_INFORM": "U.S. Navy LIDAR Survey, Archive No. 04HFM01, Scale 1:5,000-1:10,000", "QUAL_SORDAT": "20150206", "QUAL_SORIND": "US,US,reprt,L-246-2015", "QUAL_ENC_CELL": "US4TB3P0", "zoc_label": "B", "quality_model_weight": 0.72, "ALLEN_class_name": null, "semantic_zone": "outside_allen_geomorphic_or_unclassified", "allen_mapped": false, "DEPARE_DRVAL1": 5.0, "DEPARE_DRVAL2": 10.0, "DEPARE__enc_cell": "US4TB3P0", "DEPARE_VERDAT": null, "inside_osm_reef_polygon": false, "working_hypothesis_60_70": false, "working_hypothesis_gt100": false }, "geometry": { "type": "Point", "coordinates": [ 134.5801239, 7.3248248, 9.4 ] } },
{ "type": "Feature", "properties": { "RCID": 8841, "PRIM": 1, "GRUP": 2, "OBJL": 129, "RVER": 1, "AGEN": 550, "FIDN": -2004046809, "FIDS": 19802, "LNAM": "0226888CAC274D5A", "LNAM_REFS": null, "FFPT_RIND": null, "EXPSOU": null, "NOBJNM": null, "OBJNAM": null, "QUASOU": null, "SOUACC": null, "TECSOU": null, "VERDAT": null, "STATUS": null, "INFORM": null, "NINFOM": null, "NTXTDS": null, "SCAMAX": null, "SCAMIN": 29999, "TXTDSC": null, "RECDAT": null, "RECIND": null, "SORDAT": "20150206", "SORIND": "US,US,reprt,L-246-2015", "DEPTH": 26.2, "_enc_cell": "US4TB3P0", "depth_m": 26.2, "_sound_id": 1035, "CATZOC": 3, "QUAL_POSACC": null, "QUAL_SOUACC": null, "QUAL_SUREND": "2004", "QUAL_SURSTA": null, "QUAL_TECSOU": null, "QUAL_VERDAT": null, "QUAL_INFORM": "U.S. Navy LIDAR Survey, Archive No. 04HFM01, Scale 1:5,000-1:10,000", "QUAL_SORDAT": "20150206", "QUAL_SORIND": "US,US,reprt,L-246-2015", "QUAL_ENC_CELL": "US4TB3P0", "zoc_label": "B", "quality_model_weight": 0.72, "ALLEN_class_name": null, "semantic_zone": "outside_allen_geomorphic_or_unclassified", "allen_mapped": false, "DEPARE_DRVAL1": 20.0, "DEPARE_DRVAL2": 30.0, "DEPARE__enc_cell": "US4TB3P0", "DEPARE_VERDAT": null, "inside_osm_reef_polygon": false, "working_hypothesis_60_70": false, "working_hypothesis_gt100": false }, "geometry": { "type": "Point", "coordinates": [ 134.5801392, 7.3358946, 26.2 ] } },
{ "type": "Feature", "properties": { "RCID": 8841, "PRIM": 1, "GRUP": 2, "OBJL": 129, "RVER": 1, "AGEN": 550, "FIDN": -2004046809, "FIDS": 19802, "LNAM": "0226888CAC274D5A", "LNAM_REFS": null, "FFPT_RIND": null, "EXPSOU": null, "NOBJNM": null, "OBJNAM": null, "QUASOU": null, "SOUACC": null, "TECSOU": null, "VERDAT": null, "STATUS": null, "INFORM": null, "NINFOM": null, "NTXTDS": null, "SCAMAX": null, "SCAMIN": 29999, "TXTDSC": null, "RECDAT": null, "RECIND": null, "SORDAT": "20150206", "SORIND": "US,US,reprt,L-246-2015", "DEPTH": 114.0, "_enc_cell": "US4TB3P0", "depth_m": 114.0, "_sound_id": 1036, "CATZOC": 5, "QUAL_POSACC": null, "QUAL_SOUACC": null, "QUAL_SUREND": "1938", "QUAL_SURSTA": "1915", "QUAL_TECSOU": null, "QUAL_VERDAT": null, "QUAL_INFORM": "Former Japan Chart 481 (Ed. 1940, Rev. 1944), from Japan surveys, Scale 1:25,000", "QUAL_SORDAT": "20150206", "QUAL_SORIND": "US,US,reprt,L-246-2015", "QUAL_ENC_CELL": "US4TB3P0", "zoc_label": "D", "quality_model_weight": 0.22, "ALLEN_class_name": null, "semantic_zone": "outside_allen_geomorphic_or_unclassified", "allen_mapped": false, "DEPARE_DRVAL1": 100.0, "DEPARE_DRVAL2": 200.0, "DEPARE__enc_cell": "US4TB3P0", "DEPARE_VERDAT": null, "inside_osm_reef_polygon": false, "working_hypothesis_60_70": false, "working_hypothesis_gt100": true }, "geometry": { "type": "Point", "coordinates": [ 134.580352799999986, 7.3190889, 114.0 ] } },
{ "type": "Feature", "properties": { "RCID": 8841, "PRIM": 1, "GRUP": 2, "OBJL": 129, "RVER": 1, "AGEN": 550, "FIDN": -2004046809, "FIDS": 19802, "LNAM": "0226888CAC274D5A", "LNAM_REFS": null, "FFPT_RIND": null, "EXPSOU": null, "NOBJNM": null, "OBJNAM": null, "QUASOU": null, "SOUACC": null, "TECSOU": null, "VERDAT": null, "STATUS": null, "INFORM": null, "NINFOM": null, "NTXTDS": null, "SCAMAX": null, "SCAMIN": 29999, "TXTDSC": null, "RECDAT": null, "RECIND": null, "SORDAT": "20150206", "SORIND": "US,US,reprt,L-246-2015", "DEPTH": 13.5, "_enc_cell": "US4TB3P0", "depth_m": 13.5, "_sound_id": 1037, "CATZOC": 3, "QUAL_POSACC": null, "QUAL_SOUACC": null, "QUAL_SUREND": "2004", "QUAL_SURSTA": null, "QUAL_TECSOU": null, "QUAL_VERDAT": null, "QUAL_INFORM": "U.S. Navy LIDAR Survey, Archive No. 04HFM01, Scale 1:5,000-1:10,000", "QUAL_SORDAT": "20150206", "QUAL_SORIND": "US,US,reprt,L-246-2015", "QUAL_ENC_CELL": "US4TB3P0", "zoc_label": "B", "quality_model_weight": 0.72, "ALLEN_class_name": "Reef Slope", "semantic_zone": "reef_slope", "allen_mapped": true, "DEPARE_DRVAL1": 10.0, "DEPARE_DRVAL2": 20.0, "DEPARE__enc_cell": "US4TB3P0", "DEPARE_VERDAT": null, "inside_osm_reef_polygon": false, "working_hypothesis_60_70": false, "working_hypothesis_gt100": false }, "geometry": { "type": "Point", "coordinates": [ 134.5804291, 7.3222418, 13.5 ] } },
{ "type": "Feature", "properties": { "RCID": 8841, "PRIM": 1, "GRUP": 2, "OBJL": 129, "RVER": 1, "AGEN": 550, "FIDN": -2004046809, "FIDS": 19802, "LNAM": "0226888CAC274D5A", "LNAM_REFS": null, "FFPT_RIND": null, "EXPSOU": null, "NOBJNM": null, "OBJNAM": null, "QUASOU": null, "SOUACC": null, "TECSOU": null, "VERDAT": null, "STATUS": null, "INFORM": null, "NINFOM": null, "NTXTDS": null, "SCAMAX": null, "SCAMIN": 29999, "TXTDSC": null, "RECDAT": null, "RECIND": null, "SORDAT": "20150206", "SORIND": "US,US,reprt,L-246-2015", "DEPTH": 9.5, "_enc_cell": "US4TB3P0", "depth_m": 9.5, "_sound_id": 1038, "CATZOC": 3, "QUAL_POSACC": null, "QUAL_SOUACC": null, "QUAL_SUREND": "2004", "QUAL_SURSTA": null, "QUAL_TECSOU": null, "QUAL_VERDAT": null, "QUAL_INFORM": "U.S. Navy LIDAR Survey, Archive No. 04HFM01, Scale 1:5,000-1:10,000", "QUAL_SORDAT": "20150206", "QUAL_SORIND": "US,US,reprt,L-246-2015", "QUAL_ENC_CELL": "US4TB3P0", "zoc_label": "B", "quality_model_weight": 0.72, "ALLEN_class_name": null, "semantic_zone": "outside_allen_geomorphic_or_unclassified", "allen_mapped": false, "DEPARE_DRVAL1": 5.0, "DEPARE_DRVAL2": 10.0, "DEPARE__enc_cell": "US4TB3P0", "DEPARE_VERDAT": null, "inside_osm_reef_polygon": false, "working_hypothesis_60_70": false, "working_hypothesis_gt100": false }, "geometry": { "type": "Point", "coordinates": [ 134.5804901, 7.3271279, 9.5 ] } },
{ "type": "Feature", "properties": { "RCID": 8841, "PRIM": 1, "GRUP": 2, "OBJL": 129, "RVER": 1, "AGEN": 550, "FIDN": -2004046809, "FIDS": 19802, "LNAM": "0226888CAC274D5A", "LNAM_REFS": null, "FFPT_RIND": null, "EXPSOU": null, "NOBJNM": null, "OBJNAM": null, "QUASOU": null, "SOUACC": null, "TECSOU": null, "VERDAT": null, "STATUS": null, "INFORM": null, "NINFOM": null, "NTXTDS": null, "SCAMAX": null, "SCAMIN": 29999, "TXTDSC": null, "RECDAT": null, "RECIND": null, "SORDAT": "20150206", "SORIND": "US,US,reprt,L-246-2015", "DEPTH": 320.0, "_enc_cell": "US4TB3P0", "depth_m": 320.0, "_sound_id": 1039, "CATZOC": 5, "QUAL_POSACC": null, "QUAL_SOUACC": null, "QUAL_SUREND": "1938", "QUAL_SURSTA": "1915", "QUAL_TECSOU": null, "QUAL_VERDAT": null, "QUAL_INFORM": "Former Japan Chart 481 (Ed. 1940, Rev. 1944), from Japan surveys, Scale 1:25,000", "QUAL_SORDAT": "20150206", "QUAL_SORIND": "US,US,reprt,L-246-2015", "QUAL_ENC_CELL": "US4TB3P0", "zoc_label": "D", "quality_model_weight": 0.22, "ALLEN_class_name": null, "semantic_zone": "outside_allen_geomorphic_or_unclassified", "allen_mapped": false, "DEPARE_DRVAL1": 200.0, "DEPARE_DRVAL2": 1000.0, "DEPARE__enc_cell": "US4TB3P0", "DEPARE_VERDAT": null, "inside_osm_reef_polygon": false, "working_hypothesis_60_70": false, "working_hypothesis_gt100": true }, "geometry": { "type": "Point", "coordinates": [ 134.5806732, 7.3160749, 320.0 ] } },
{ "type": "Feature", "properties": { "RCID": 8841, "PRIM": 1, "GRUP": 2, "OBJL": 129, "RVER": 1, "AGEN": 550, "FIDN": -2004046809, "FIDS": 19802, "LNAM": "0226888CAC274D5A", "LNAM_REFS": null, "FFPT_RIND": null, "EXPSOU": null, "NOBJNM": null, "OBJNAM": null, "QUASOU": null, "SOUACC": null, "TECSOU": null, "VERDAT": null, "STATUS": null, "INFORM": null, "NINFOM": null, "NTXTDS": null, "SCAMAX": null, "SCAMIN": 29999, "TXTDSC": null, "RECDAT": null, "RECIND": null, "SORDAT": "20150206", "SORIND": "US,US,reprt,L-246-2015", "DEPTH": 14.7, "_enc_cell": "US4TB3P0", "depth_m": 14.7, "_sound_id": 1040, "CATZOC": 3, "QUAL_POSACC": null, "QUAL_SOUACC": null, "QUAL_SUREND": "2004", "QUAL_SURSTA": null, "QUAL_TECSOU": null, "QUAL_VERDAT": null, "QUAL_INFORM": "U.S. Navy LIDAR Survey, Archive No. 04HFM01, Scale 1:5,000-1:10,000", "QUAL_SORDAT": "20150206", "QUAL_SORIND": "US,US,reprt,L-246-2015", "QUAL_ENC_CELL": "US4TB3P0", "zoc_label": "B", "quality_model_weight": 0.72, "ALLEN_class_name": "Reef Slope", "semantic_zone": "reef_slope", "allen_mapped": true, "DEPARE_DRVAL1": 10.0, "DEPARE_DRVAL2": 20.0, "DEPARE__enc_cell": "US4TB3P0", "DEPARE_VERDAT": null, "inside_osm_reef_polygon": false, "working_hypothesis_60_70": false, "working_hypothesis_gt100": false }, "geometry": { "type": "Point", "coordinates": [ 134.5806732, 7.3472529, 14.7 ] } },
{ "type": "Feature", "properties": { "RCID": 8841, "PRIM": 1, "GRUP": 2, "OBJL": 129, "RVER": 1, "AGEN": 550, "FIDN": -2004046809, "FIDS": 19802, "LNAM": "0226888CAC274D5A", "LNAM_REFS": null, "FFPT_RIND": null, "EXPSOU": null, "NOBJNM": null, "OBJNAM": null, "QUASOU": null, "SOUACC": null, "TECSOU": null, "VERDAT": null, "STATUS": null, "INFORM": null, "NINFOM": null, "NTXTDS": null, "SCAMAX": null, "SCAMIN": 29999, "TXTDSC": null, "RECDAT": null, "RECIND": null, "SORDAT": "20150206", "SORIND": "US,US,reprt,L-246-2015", "DEPTH": 12.2, "_enc_cell": "US4TB3P0", "depth_m": 12.2, "_sound_id": 1041, "CATZOC": 3, "QUAL_POSACC": null, "QUAL_SOUACC": null, "QUAL_SUREND": "2004", "QUAL_SURSTA": null, "QUAL_TECSOU": null, "QUAL_VERDAT": null, "QUAL_INFORM": "U.S. Navy LIDAR Survey, Archive No. 04HFM01, Scale 1:5,000-1:10,000", "QUAL_SORDAT": "20150206", "QUAL_SORIND": "US,US,reprt,L-246-2015", "QUAL_ENC_CELL": "US4TB3P0", "zoc_label": "B", "quality_model_weight": 0.72, "ALLEN_class_name": null, "semantic_zone": "outside_allen_geomorphic_or_unclassified", "allen_mapped": false, "DEPARE_DRVAL1": 10.0, "DEPARE_DRVAL2": 20.0, "DEPARE__enc_cell": "US4TB3P0", "DEPARE_VERDAT": null, "inside_osm_reef_polygon": false, "working_hypothesis_60_70": false, "working_hypothesis_gt100": false }, "geometry": { "type": "Point", "coordinates": [ 134.5808868, 7.3376002, 12.2 ] } },
{ "type": "Feature", "properties": { "RCID": 8841, "PRIM": 1, "GRUP": 2, "OBJL": 129, "RVER": 1, "AGEN": 550, "FIDN": -2004046809, "FIDS": 19802, "LNAM": "0226888CAC274D5A", "LNAM_REFS": null, "FFPT_RIND": null, "EXPSOU": null, "NOBJNM": null, "OBJNAM": null, "QUASOU": null, "SOUACC": null, "TECSOU": null, "VERDAT": null, "STATUS": null, "INFORM": null, "NINFOM": null, "NTXTDS": null, "SCAMAX": null, "SCAMIN": 29999, "TXTDSC": null, "RECDAT": null, "RECIND": null, "SORDAT": "20150206", "SORIND": "US,US,reprt,L-246-2015", "DEPTH": 22.4, "_enc_cell": "US4TB3P0", "depth_m": 22.4, "_sound_id": 1042, "CATZOC": 3, "QUAL_POSACC": null, "QUAL_SOUACC": null, "QUAL_SUREND": "2004", "QUAL_SURSTA": null, "QUAL_TECSOU": null, "QUAL_VERDAT": null, "QUAL_INFORM": "U.S. Navy LIDAR Survey, Archive No. 04HFM01, Scale 1:5,000-1:10,000", "QUAL_SORDAT": "20150206", "QUAL_SORIND": "US,US,reprt,L-246-2015", "QUAL_ENC_CELL": "US4TB3P0", "zoc_label": "B", "quality_model_weight": 0.72, "ALLEN_class_name": null, "semantic_zone": "outside_allen_geomorphic_or_unclassified", "allen_mapped": false, "DEPARE_DRVAL1": 20.0, "DEPARE_DRVAL2": 30.0, "DEPARE__enc_cell": "US4TB3P0", "DEPARE_VERDAT": null, "inside_osm_reef_polygon": false, "working_hypothesis_60_70": false, "working_hypothesis_gt100": false }, "geometry": { "type": "Point", "coordinates": [ 134.580947900000012, 7.3418694, 22.4 ] } },
{ "type": "Feature", "properties": { "RCID": 8841, "PRIM": 1, "GRUP": 2, "OBJL": 129, "RVER": 1, "AGEN": 550, "FIDN": -2004046809, "FIDS": 19802, "LNAM": "0226888CAC274D5A", "LNAM_REFS": null, "FFPT_RIND": null, "EXPSOU": null, "NOBJNM": null, "OBJNAM": null, "QUASOU": null, "SOUACC": null, "TECSOU": null, "VERDAT": null, "STATUS": null, "INFORM": null, "NINFOM": null, "NTXTDS": null, "SCAMAX": null, "SCAMIN": 29999, "TXTDSC": null, "RECDAT": null, "RECIND": null, "SORDAT": "20150206", "SORIND": "US,US,reprt,L-246-2015", "DEPTH": 27.9, "_enc_cell": "US4TB3P0", "depth_m": 27.9, "_sound_id": 1043, "CATZOC": 3, "QUAL_POSACC": null, "QUAL_SOUACC": null, "QUAL_SUREND": "2004", "QUAL_SURSTA": null, "QUAL_TECSOU": null, "QUAL_VERDAT": null, "QUAL_INFORM": "U.S. Navy LIDAR Survey, Archive No. 04HFM01, Scale 1:5,000-1:10,000", "QUAL_SORDAT": "20150206", "QUAL_SORIND": "US,US,reprt,L-246-2015", "QUAL_ENC_CELL": "US4TB3P0", "zoc_label": "B", "quality_model_weight": 0.72, "ALLEN_class_name": null, "semantic_zone": "outside_allen_geomorphic_or_unclassified", "allen_mapped": false, "DEPARE_DRVAL1": 20.0, "DEPARE_DRVAL2": 30.0, "DEPARE__enc_cell": "US4TB3P0", "DEPARE_VERDAT": null, "inside_osm_reef_polygon": false, "working_hypothesis_60_70": false, "working_hypothesis_gt100": false }, "geometry": { "type": "Point", "coordinates": [ 134.58105470000001, 7.3334999, 27.9 ] } },
{ "type": "Feature", "properties": { "RCID": 8841, "PRIM": 1, "GRUP": 2, "OBJL": 129, "RVER": 1, "AGEN": 550, "FIDN": -2004046809, "FIDS": 19802, "LNAM": "0226888CAC274D5A", "LNAM_REFS": null, "FFPT_RIND": null, "EXPSOU": null, "NOBJNM": null, "OBJNAM": null, "QUASOU": null, "SOUACC": null, "TECSOU": null, "VERDAT": null, "STATUS": null, "INFORM": null, "NINFOM": null, "NTXTDS": null, "SCAMAX": null, "SCAMIN": 29999, "TXTDSC": null, "RECDAT": null, "RECIND": null, "SORDAT": "20150206", "SORIND": "US,US,reprt,L-246-2015", "DEPTH": 34.0, "_enc_cell": "US4TB3P0", "depth_m": 34.0, "_sound_id": 1044, "CATZOC": 3, "QUAL_POSACC": null, "QUAL_SOUACC": null, "QUAL_SUREND": "2004", "QUAL_SURSTA": null, "QUAL_TECSOU": null, "QUAL_VERDAT": null, "QUAL_INFORM": "U.S. Navy LIDAR Survey, Archive No. 04HFM01, Scale 1:5,000-1:10,000", "QUAL_SORDAT": "20150206", "QUAL_SORIND": "US,US,reprt,L-246-2015", "QUAL_ENC_CELL": "US4TB3P0", "zoc_label": "B", "quality_model_weight": 0.72, "ALLEN_class_name": null, "semantic_zone": "outside_allen_geomorphic_or_unclassified", "allen_mapped": false, "DEPARE_DRVAL1": 30.0, "DEPARE_DRVAL2": 50.0, "DEPARE__enc_cell": "US4TB3P0", "DEPARE_VERDAT": null, "inside_osm_reef_polygon": false, "working_hypothesis_60_70": false, "working_hypothesis_gt100": false }, "geometry": { "type": "Point", "coordinates": [ 134.58107, 7.3308334, 34.0 ] } },
{ "type": "Feature", "properties": { "RCID": 8841, "PRIM": 1, "GRUP": 2, "OBJL": 129, "RVER": 1, "AGEN": 550, "FIDN": -2004046809, "FIDS": 19802, "LNAM": "0226888CAC274D5A", "LNAM_REFS": null, "FFPT_RIND": null, "EXPSOU": null, "NOBJNM": null, "OBJNAM": null, "QUASOU": null, "SOUACC": null, "TECSOU": null, "VERDAT": null, "STATUS": null, "INFORM": null, "NINFOM": null, "NTXTDS": null, "SCAMAX": null, "SCAMIN": 29999, "TXTDSC": null, "RECDAT": null, "RECIND": null, "SORDAT": "20150206", "SORIND": "US,US,reprt,L-246-2015", "DEPTH": 29.7, "_enc_cell": "US4TB3P0", "depth_m": 29.7, "_sound_id": 1045, "CATZOC": 3, "QUAL_POSACC": null, "QUAL_SOUACC": null, "QUAL_SUREND": "2004", "QUAL_SURSTA": null, "QUAL_TECSOU": null, "QUAL_VERDAT": null, "QUAL_INFORM": "U.S. Navy LIDAR Survey, Archive No. 04HFM01, Scale 1:5,000-1:10,000", "QUAL_SORDAT": "20150206", "QUAL_SORIND": "US,US,reprt,L-246-2015", "QUAL_ENC_CELL": "US4TB3P0", "zoc_label": "B", "quality_model_weight": 0.72, "ALLEN_class_name": null, "semantic_zone": "outside_allen_geomorphic_or_unclassified", "allen_mapped": false, "DEPARE_DRVAL1": 20.0, "DEPARE_DRVAL2": 30.0, "DEPARE__enc_cell": "US4TB3P0", "DEPARE_VERDAT": null, "inside_osm_reef_polygon": false, "working_hypothesis_60_70": false, "working_hypothesis_gt100": false }, "geometry": { "type": "Point", "coordinates": [ 134.5810852, 7.346036, 29.7 ] } },
{ "type": "Feature", "properties": { "RCID": 8841, "PRIM": 1, "GRUP": 2, "OBJL": 129, "RVER": 1, "AGEN": 550, "FIDN": -2004046809, "FIDS": 19802, "LNAM": "0226888CAC274D5A", "LNAM_REFS": null, "FFPT_RIND": null, "EXPSOU": null, "NOBJNM": null, "OBJNAM": null, "QUASOU": null, "SOUACC": null, "TECSOU": null, "VERDAT": null, "STATUS": null, "INFORM": null, "NINFOM": null, "NTXTDS": null, "SCAMAX": null, "SCAMIN": 29999, "TXTDSC": null, "RECDAT": null, "RECIND": null, "SORDAT": "20150206", "SORIND": "US,US,reprt,L-246-2015", "DEPTH": 4.2, "_enc_cell": "US4TB3P0", "depth_m": 4.2, "_sound_id": 1046, "CATZOC": 3, "QUAL_POSACC": null, "QUAL_SOUACC": null, "QUAL_SUREND": "2004", "QUAL_SURSTA": null, "QUAL_TECSOU": null, "QUAL_VERDAT": null, "QUAL_INFORM": "U.S. Navy LIDAR Survey, Archive No. 04HFM01, Scale 1:5,000-1:10,000", "QUAL_SORDAT": "20150206", "QUAL_SORIND": "US,US,reprt,L-246-2015", "QUAL_ENC_CELL": "US4TB3P0", "zoc_label": "B", "quality_model_weight": 0.72, "ALLEN_class_name": "Reef Slope", "semantic_zone": "reef_slope", "allen_mapped": true, "DEPARE_DRVAL1": 2.0, "DEPARE_DRVAL2": 5.0, "DEPARE__enc_cell": "US4TB3P0", "DEPARE_VERDAT": null, "inside_osm_reef_polygon": false, "working_hypothesis_60_70": false, "working_hypothesis_gt100": false }, "geometry": { "type": "Point", "coordinates": [ 134.5811615, 7.3483391, 4.2 ] } },
{ "type": "Feature", "properties": { "RCID": 8841, "PRIM": 1, "GRUP": 2, "OBJL": 129, "RVER": 1, "AGEN": 550, "FIDN": -2004046809, "FIDS": 19802, "LNAM": "0226888CAC274D5A", "LNAM_REFS": null, "FFPT_RIND": null, "EXPSOU": null, "NOBJNM": null, "OBJNAM": null, "QUASOU": null, "SOUACC": null, "TECSOU": null, "VERDAT": null, "STATUS": null, "INFORM": null, "NINFOM": null, "NTXTDS": null, "SCAMAX": null, "SCAMIN": 29999, "TXTDSC": null, "RECDAT": null, "RECIND": null, "SORDAT": "20150206", "SORIND": "US,US,reprt,L-246-2015", "DEPTH": 27.5, "_enc_cell": "US4TB3P0", "depth_m": 27.5, "_sound_id": 1047, "CATZOC": 3, "QUAL_POSACC": null, "QUAL_SOUACC": null, "QUAL_SUREND": "2004", "QUAL_SURSTA": null, "QUAL_TECSOU": null, "QUAL_VERDAT": null, "QUAL_INFORM": "U.S. Navy LIDAR Survey, Archive No. 04HFM01, Scale 1:5,000-1:10,000", "QUAL_SORDAT": "20150206", "QUAL_SORIND": "US,US,reprt,L-246-2015", "QUAL_ENC_CELL": "US4TB3P0", "zoc_label": "B", "quality_model_weight": 0.72, "ALLEN_class_name": null, "semantic_zone": "outside_allen_geomorphic_or_unclassified", "allen_mapped": false, "DEPARE_DRVAL1": 20.0, "DEPARE_DRVAL2": 30.0, "DEPARE__enc_cell": "US4TB3P0", "DEPARE_VERDAT": null, "inside_osm_reef_polygon": false, "working_hypothesis_60_70": false, "working_hypothesis_gt100": false }, "geometry": { "type": "Point", "coordinates": [ 134.581207299999988, 7.3286223, 27.5 ] } },
{ "type": "Feature", "properties": { "RCID": 8841, "PRIM": 1, "GRUP": 2, "OBJL": 129, "RVER": 1, "AGEN": 550, "FIDN": -2004046809, "FIDS": 19802, "LNAM": "0226888CAC274D5A", "LNAM_REFS": null, "FFPT_RIND": null, "EXPSOU": null, "NOBJNM": null, "OBJNAM": null, "QUASOU": null, "SOUACC": null, "TECSOU": null, "VERDAT": null, "STATUS": null, "INFORM": null, "NINFOM": null, "NTXTDS": null, "SCAMAX": null, "SCAMIN": 29999, "TXTDSC": null, "RECDAT": null, "RECIND": null, "SORDAT": "20150206", "SORIND": "US,US,reprt,L-246-2015", "DEPTH": 12.6, "_enc_cell": "US4TB3P0", "depth_m": 12.6, "_sound_id": 1048, "CATZOC": 3, "QUAL_POSACC": null, "QUAL_SOUACC": null, "QUAL_SUREND": "2004", "QUAL_SURSTA": null, "QUAL_TECSOU": null, "QUAL_VERDAT": null, "QUAL_INFORM": "U.S. Navy LIDAR Survey, Archive No. 04HFM01, Scale 1:5,000-1:10,000", "QUAL_SORDAT": "20150206", "QUAL_SORIND": "US,US,reprt,L-246-2015", "QUAL_ENC_CELL": "US4TB3P0", "zoc_label": "B", "quality_model_weight": 0.72, "ALLEN_class_name": null, "semantic_zone": "outside_allen_geomorphic_or_unclassified", "allen_mapped": false, "DEPARE_DRVAL1": 10.0, "DEPARE_DRVAL2": 20.0, "DEPARE__enc_cell": "US4TB3P0", "DEPARE_VERDAT": null, "inside_osm_reef_polygon": false, "working_hypothesis_60_70": false, "working_hypothesis_gt100": false }, "geometry": { "type": "Point", "coordinates": [ 134.581405600000011, 7.3357167, 12.6 ] } },
{ "type": "Feature", "properties": { "RCID": 8841, "PRIM": 1, "GRUP": 2, "OBJL": 129, "RVER": 1, "AGEN": 550, "FIDN": -2004046809, "FIDS": 19802, "LNAM": "0226888CAC274D5A", "LNAM_REFS": null, "FFPT_RIND": null, "EXPSOU": null, "NOBJNM": null, "OBJNAM": null, "QUASOU": null, "SOUACC": null, "TECSOU": null, "VERDAT": null, "STATUS": null, "INFORM": null, "NINFOM": null, "NTXTDS": null, "SCAMAX": null, "SCAMIN": 29999, "TXTDSC": null, "RECDAT": null, "RECIND": null, "SORDAT": "20150206", "SORIND": "US,US,reprt,L-246-2015", "DEPTH": 9.8, "_enc_cell": "US4TB3P0", "depth_m": 9.8, "_sound_id": 1049, "CATZOC": 3, "QUAL_POSACC": null, "QUAL_SOUACC": null, "QUAL_SUREND": "2004", "QUAL_SURSTA": null, "QUAL_TECSOU": null, "QUAL_VERDAT": null, "QUAL_INFORM": "U.S. Navy LIDAR Survey, Archive No. 04HFM01, Scale 1:5,000-1:10,000", "QUAL_SORDAT": "20150206", "QUAL_SORIND": "US,US,reprt,L-246-2015", "QUAL_ENC_CELL": "US4TB3P0", "zoc_label": "B", "quality_model_weight": 0.72, "ALLEN_class_name": null, "semantic_zone": "outside_allen_geomorphic_or_unclassified", "allen_mapped": false, "DEPARE_DRVAL1": 5.0, "DEPARE_DRVAL2": 10.0, "DEPARE__enc_cell": "US4TB3P0", "DEPARE_VERDAT": null, "inside_osm_reef_polygon": false, "working_hypothesis_60_70": false, "working_hypothesis_gt100": false }, "geometry": { "type": "Point", "coordinates": [ 134.5814667, 7.3246665, 9.8 ] } },
{ "type": "Feature", "properties": { "RCID": 8841, "PRIM": 1, "GRUP": 2, "OBJL": 129, "RVER": 1, "AGEN": 550, "FIDN": -2004046809, "FIDS": 19802, "LNAM": "0226888CAC274D5A", "LNAM_REFS": null, "FFPT_RIND": null, "EXPSOU": null, "NOBJNM": null, "OBJNAM": null, "QUASOU": null, "SOUACC": null, "TECSOU": null, "VERDAT": null, "STATUS": null, "INFORM": null, "NINFOM": null, "NTXTDS": null, "SCAMAX": null, "SCAMIN": 29999, "TXTDSC": null, "RECDAT": null, "RECIND": null, "SORDAT": "20150206", "SORIND": "US,US,reprt,L-246-2015", "DEPTH": 24.3, "_enc_cell": "US4TB3P0", "depth_m": 24.3, "_sound_id": 1050, "CATZOC": 3, "QUAL_POSACC": null, "QUAL_SOUACC": null, "QUAL_SUREND": "2004", "QUAL_SURSTA": null, "QUAL_TECSOU": null, "QUAL_VERDAT": null, "QUAL_INFORM": "U.S. Navy LIDAR Survey, Archive No. 04HFM01, Scale 1:5,000-1:10,000", "QUAL_SORDAT": "20150206", "QUAL_SORIND": "US,US,reprt,L-246-2015", "QUAL_ENC_CELL": "US4TB3P0", "zoc_label": "B", "quality_model_weight": 0.72, "ALLEN_class_name": null, "semantic_zone": "outside_allen_geomorphic_or_unclassified", "allen_mapped": false, "DEPARE_DRVAL1": 20.0, "DEPARE_DRVAL2": 30.0, "DEPARE__enc_cell": "US4TB3P0", "DEPARE_VERDAT": null, "inside_osm_reef_polygon": false, "working_hypothesis_60_70": false, "working_hypothesis_gt100": false }, "geometry": { "type": "Point", "coordinates": [ 134.5815735, 7.3447194, 24.3 ] } },
{ "type": "Feature", "properties": { "RCID": 8841, "PRIM": 1, "GRUP": 2, "OBJL": 129, "RVER": 1, "AGEN": 550, "FIDN": -2004046809, "FIDS": 19802, "LNAM": "0226888CAC274D5A", "LNAM_REFS": null, "FFPT_RIND": null, "EXPSOU": null, "NOBJNM": null, "OBJNAM": null, "QUASOU": null, "SOUACC": null, "TECSOU": null, "VERDAT": null, "STATUS": null, "INFORM": null, "NINFOM": null, "NTXTDS": null, "SCAMAX": null, "SCAMIN": 29999, "TXTDSC": null, "RECDAT": null, "RECIND": null, "SORDAT": "20150206", "SORIND": "US,US,reprt,L-246-2015", "DEPTH": 16.5, "_enc_cell": "US4TB3P0", "depth_m": 16.5, "_sound_id": 1051, "CATZOC": 3, "QUAL_POSACC": null, "QUAL_SOUACC": null, "QUAL_SUREND": "2004", "QUAL_SURSTA": null, "QUAL_TECSOU": null, "QUAL_VERDAT": null, "QUAL_INFORM": "U.S. Navy LIDAR Survey, Archive No. 04HFM01, Scale 1:5,000-1:10,000", "QUAL_SORDAT": "20150206", "QUAL_SORIND": "US,US,reprt,L-246-2015", "QUAL_ENC_CELL": "US4TB3P0", "zoc_label": "B", "quality_model_weight": 0.72, "ALLEN_class_name": null, "semantic_zone": "outside_allen_geomorphic_or_unclassified", "allen_mapped": false, "DEPARE_DRVAL1": 10.0, "DEPARE_DRVAL2": 20.0, "DEPARE__enc_cell": "US4TB3P0", "DEPARE_VERDAT": null, "inside_osm_reef_polygon": false, "working_hypothesis_60_70": false, "working_hypothesis_gt100": false }, "geometry": { "type": "Point", "coordinates": [ 134.5817413, 7.3372526, 16.5 ] } },
{ "type": "Feature", "properties": { "RCID": 8841, "PRIM": 1, "GRUP": 2, "OBJL": 129, "RVER": 1, "AGEN": 550, "FIDN": -2004046809, "FIDS": 19802, "LNAM": "0226888CAC274D5A", "LNAM_REFS": null, "FFPT_RIND": null, "EXPSOU": null, "NOBJNM": null, "OBJNAM": null, "QUASOU": null, "SOUACC": null, "TECSOU": null, "VERDAT": null, "STATUS": null, "INFORM": null, "NINFOM": null, "NTXTDS": null, "SCAMAX": null, "SCAMIN": 29999, "TXTDSC": null, "RECDAT": null, "RECIND": null, "SORDAT": "20150206", "SORIND": "US,US,reprt,L-246-2015", "DEPTH": 12.9, "_enc_cell": "US4TB3P0", "depth_m": 12.9, "_sound_id": 1052, "CATZOC": 3, "QUAL_POSACC": null, "QUAL_SOUACC": null, "QUAL_SUREND": "2004", "QUAL_SURSTA": null, "QUAL_TECSOU": null, "QUAL_VERDAT": null, "QUAL_INFORM": "U.S. Navy LIDAR Survey, Archive No. 04HFM01, Scale 1:5,000-1:10,000", "QUAL_SORDAT": "20150206", "QUAL_SORIND": "US,US,reprt,L-246-2015", "QUAL_ENC_CELL": "US4TB3P0", "zoc_label": "B", "quality_model_weight": 0.72, "ALLEN_class_name": null, "semantic_zone": "outside_allen_geomorphic_or_unclassified", "allen_mapped": false, "DEPARE_DRVAL1": 10.0, "DEPARE_DRVAL2": 20.0, "DEPARE__enc_cell": "US4TB3P0", "DEPARE_VERDAT": null, "inside_osm_reef_polygon": false, "working_hypothesis_60_70": false, "working_hypothesis_gt100": false }, "geometry": { "type": "Point", "coordinates": [ 134.5819855, 7.3235612, 12.9 ] } },
{ "type": "Feature", "properties": { "RCID": 8841, "PRIM": 1, "GRUP": 2, "OBJL": 129, "RVER": 1, "AGEN": 550, "FIDN": -2004046809, "FIDS": 19802, "LNAM": "0226888CAC274D5A", "LNAM_REFS": null, "FFPT_RIND": null, "EXPSOU": null, "NOBJNM": null, "OBJNAM": null, "QUASOU": null, "SOUACC": null, "TECSOU": null, "VERDAT": null, "STATUS": null, "INFORM": null, "NINFOM": null, "NTXTDS": null, "SCAMAX": null, "SCAMIN": 29999, "TXTDSC": null, "RECDAT": null, "RECIND": null, "SORDAT": "20150206", "SORIND": "US,US,reprt,L-246-2015", "DEPTH": 29.0, "_enc_cell": "US4TB3P0", "depth_m": 29.0, "_sound_id": 1053, "CATZOC": 3, "QUAL_POSACC": null, "QUAL_SOUACC": null, "QUAL_SUREND": "2004", "QUAL_SURSTA": null, "QUAL_TECSOU": null, "QUAL_VERDAT": null, "QUAL_INFORM": "U.S. Navy LIDAR Survey, Archive No. 04HFM01, Scale 1:5,000-1:10,000", "QUAL_SORDAT": "20150206", "QUAL_SORIND": "US,US,reprt,L-246-2015", "QUAL_ENC_CELL": "US4TB3P0", "zoc_label": "B", "quality_model_weight": 0.72, "ALLEN_class_name": null, "semantic_zone": "outside_allen_geomorphic_or_unclassified", "allen_mapped": false, "DEPARE_DRVAL1": 20.0, "DEPARE_DRVAL2": 30.0, "DEPARE__enc_cell": "US4TB3P0", "DEPARE_VERDAT": null, "inside_osm_reef_polygon": false, "working_hypothesis_60_70": false, "working_hypothesis_gt100": false }, "geometry": { "type": "Point", "coordinates": [ 134.5820923, 7.3392415, 29.0 ] } },
{ "type": "Feature", "properties": { "RCID": 8841, "PRIM": 1, "GRUP": 2, "OBJL": 129, "RVER": 1, "AGEN": 550, "FIDN": -2004046809, "FIDS": 19802, "LNAM": "0226888CAC274D5A", "LNAM_REFS": null, "FFPT_RIND": null, "EXPSOU": null, "NOBJNM": null, "OBJNAM": null, "QUASOU": null, "SOUACC": null, "TECSOU": null, "VERDAT": null, "STATUS": null, "INFORM": null, "NINFOM": null, "NTXTDS": null, "SCAMAX": null, "SCAMIN": 29999, "TXTDSC": null, "RECDAT": null, "RECIND": null, "SORDAT": "20150206", "SORIND": "US,US,reprt,L-246-2015", "DEPTH": 16.5, "_enc_cell": "US4TB3P0", "depth_m": 16.5, "_sound_id": 1054, "CATZOC": 3, "QUAL_POSACC": null, "QUAL_SOUACC": null, "QUAL_SUREND": "2004", "QUAL_SURSTA": null, "QUAL_TECSOU": null, "QUAL_VERDAT": null, "QUAL_INFORM": "U.S. Navy LIDAR Survey, Archive No. 04HFM01, Scale 1:5,000-1:10,000", "QUAL_SORDAT": "20150206", "QUAL_SORIND": "US,US,reprt,L-246-2015", "QUAL_ENC_CELL": "US4TB3P0", "zoc_label": "B", "quality_model_weight": 0.72, "ALLEN_class_name": null, "semantic_zone": "outside_allen_geomorphic_or_unclassified", "allen_mapped": false, "DEPARE_DRVAL1": 10.0, "DEPARE_DRVAL2": 20.0, "DEPARE__enc_cell": "US4TB3P0", "DEPARE_VERDAT": null, "inside_osm_reef_polygon": false, "working_hypothesis_60_70": false, "working_hypothesis_gt100": false }, "geometry": { "type": "Point", "coordinates": [ 134.582260100000013, 7.3271084, 16.5 ] } },
{ "type": "Feature", "properties": { "RCID": 8841, "PRIM": 1, "GRUP": 2, "OBJL": 129, "RVER": 1, "AGEN": 550, "FIDN": -2004046809, "FIDS": 19802, "LNAM": "0226888CAC274D5A", "LNAM_REFS": null, "FFPT_RIND": null, "EXPSOU": null, "NOBJNM": null, "OBJNAM": null, "QUASOU": null, "SOUACC": null, "TECSOU": null, "VERDAT": null, "STATUS": null, "INFORM": null, "NINFOM": null, "NTXTDS": null, "SCAMAX": null, "SCAMIN": 29999, "TXTDSC": null, "RECDAT": null, "RECIND": null, "SORDAT": "20150206", "SORIND": "US,US,reprt,L-246-2015", "DEPTH": 15.4, "_enc_cell": "US4TB3P0", "depth_m": 15.4, "_sound_id": 1055, "CATZOC": 3, "QUAL_POSACC": null, "QUAL_SOUACC": null, "QUAL_SUREND": "2004", "QUAL_SURSTA": null, "QUAL_TECSOU": null, "QUAL_VERDAT": null, "QUAL_INFORM": "U.S. Navy LIDAR Survey, Archive No. 04HFM01, Scale 1:5,000-1:10,000", "QUAL_SORDAT": "20150206", "QUAL_SORIND": "US,US,reprt,L-246-2015", "QUAL_ENC_CELL": "US4TB3P0", "zoc_label": "B", "quality_model_weight": 0.72, "ALLEN_class_name": null, "semantic_zone": "outside_allen_geomorphic_or_unclassified", "allen_mapped": false, "DEPARE_DRVAL1": 10.0, "DEPARE_DRVAL2": 20.0, "DEPARE__enc_cell": "US4TB3P0", "DEPARE_VERDAT": null, "inside_osm_reef_polygon": false, "working_hypothesis_60_70": false, "working_hypothesis_gt100": false }, "geometry": { "type": "Point", "coordinates": [ 134.5823517, 7.3357277, 15.4 ] } },
{ "type": "Feature", "properties": { "RCID": 8841, "PRIM": 1, "GRUP": 2, "OBJL": 129, "RVER": 1, "AGEN": 550, "FIDN": -2004046809, "FIDS": 19802, "LNAM": "0226888CAC274D5A", "LNAM_REFS": null, "FFPT_RIND": null, "EXPSOU": null, "NOBJNM": null, "OBJNAM": null, "QUASOU": null, "SOUACC": null, "TECSOU": null, "VERDAT": null, "STATUS": null, "INFORM": null, "NINFOM": null, "NTXTDS": null, "SCAMAX": null, "SCAMIN": 29999, "TXTDSC": null, "RECDAT": null, "RECIND": null, "SORDAT": "20150206", "SORIND": "US,US,reprt,L-246-2015", "DEPTH": 46.0, "_enc_cell": "US4TB3P0", "depth_m": 46.0, "_sound_id": 1056, "CATZOC": 3, "QUAL_POSACC": null, "QUAL_SOUACC": null, "QUAL_SUREND": "2004", "QUAL_SURSTA": null, "QUAL_TECSOU": null, "QUAL_VERDAT": null, "QUAL_INFORM": "U.S. Navy LIDAR Survey, Archive No. 04HFM01, Scale 1:5,000-1:10,000", "QUAL_SORDAT": "20150206", "QUAL_SORIND": "US,US,reprt,L-246-2015", "QUAL_ENC_CELL": "US4TB3P0", "zoc_label": "B", "quality_model_weight": 0.72, "ALLEN_class_name": null, "semantic_zone": "outside_allen_geomorphic_or_unclassified", "allen_mapped": false, "DEPARE_DRVAL1": 30.0, "DEPARE_DRVAL2": 50.0, "DEPARE__enc_cell": "US4TB3P0", "DEPARE_VERDAT": null, "inside_osm_reef_polygon": false, "working_hypothesis_60_70": false, "working_hypothesis_gt100": false }, "geometry": { "type": "Point", "coordinates": [ 134.5824127, 7.3412418, 46.0 ] } },
{ "type": "Feature", "properties": { "RCID": 8841, "PRIM": 1, "GRUP": 2, "OBJL": 129, "RVER": 1, "AGEN": 550, "FIDN": -2004046809, "FIDS": 19802, "LNAM": "0226888CAC274D5A", "LNAM_REFS": null, "FFPT_RIND": null, "EXPSOU": null, "NOBJNM": null, "OBJNAM": null, "QUASOU": null, "SOUACC": null, "TECSOU": null, "VERDAT": null, "STATUS": null, "INFORM": null, "NINFOM": null, "NTXTDS": null, "SCAMAX": null, "SCAMIN": 29999, "TXTDSC": null, "RECDAT": null, "RECIND": null, "SORDAT": "20150206", "SORIND": "US,US,reprt,L-246-2015", "DEPTH": 11.7, "_enc_cell": "US4TB3P0", "depth_m": 11.7, "_sound_id": 1057, "CATZOC": 3, "QUAL_POSACC": null, "QUAL_SOUACC": null, "QUAL_SUREND": "2004", "QUAL_SURSTA": null, "QUAL_TECSOU": null, "QUAL_VERDAT": null, "QUAL_INFORM": "U.S. Navy LIDAR Survey, Archive No. 04HFM01, Scale 1:5,000-1:10,000", "QUAL_SORDAT": "20150206", "QUAL_SORIND": "US,US,reprt,L-246-2015", "QUAL_ENC_CELL": "US4TB3P0", "zoc_label": "B", "quality_model_weight": 0.72, "ALLEN_class_name": "Reef Slope", "semantic_zone": "reef_slope", "allen_mapped": true, "DEPARE_DRVAL1": 10.0, "DEPARE_DRVAL2": 20.0, "DEPARE__enc_cell": "US4TB3P0", "DEPARE_VERDAT": null, "inside_osm_reef_polygon": false, "working_hypothesis_60_70": false, "working_hypothesis_gt100": false }, "geometry": { "type": "Point", "coordinates": [ 134.582489, 7.3480611, 11.7 ] } },
{ "type": "Feature", "properties": { "RCID": 8841, "PRIM": 1, "GRUP": 2, "OBJL": 129, "RVER": 1, "AGEN": 550, "FIDN": -2004046809, "FIDS": 19802, "LNAM": "0226888CAC274D5A", "LNAM_REFS": null, "FFPT_RIND": null, "EXPSOU": null, "NOBJNM": null, "OBJNAM": null, "QUASOU": null, "SOUACC": null, "TECSOU": null, "VERDAT": null, "STATUS": null, "INFORM": null, "NINFOM": null, "NTXTDS": null, "SCAMAX": null, "SCAMIN": 29999, "TXTDSC": null, "RECDAT": null, "RECIND": null, "SORDAT": "20150206", "SORIND": "US,US,reprt,L-246-2015", "DEPTH": 32.0, "_enc_cell": "US4TB3P0", "depth_m": 32.0, "_sound_id": 1058, "CATZOC": 3, "QUAL_POSACC": null, "QUAL_SOUACC": null, "QUAL_SUREND": "2004", "QUAL_SURSTA": null, "QUAL_TECSOU": null, "QUAL_VERDAT": null, "QUAL_INFORM": "U.S. Navy LIDAR Survey, Archive No. 04HFM01, Scale 1:5,000-1:10,000", "QUAL_SORDAT": "20150206", "QUAL_SORIND": "US,US,reprt,L-246-2015", "QUAL_ENC_CELL": "US4TB3P0", "zoc_label": "B", "quality_model_weight": 0.72, "ALLEN_class_name": null, "semantic_zone": "outside_allen_geomorphic_or_unclassified", "allen_mapped": false, "DEPARE_DRVAL1": 30.0, "DEPARE_DRVAL2": 50.0, "DEPARE__enc_cell": "US4TB3P0", "DEPARE_VERDAT": null, "inside_osm_reef_polygon": false, "working_hypothesis_60_70": false, "working_hypothesis_gt100": false }, "geometry": { "type": "Point", "coordinates": [ 134.5827332, 7.3454557, 32.0 ] } },
{ "type": "Feature", "properties": { "RCID": 8841, "PRIM": 1, "GRUP": 2, "OBJL": 129, "RVER": 1, "AGEN": 550, "FIDN": -2004046809, "FIDS": 19802, "LNAM": "0226888CAC274D5A", "LNAM_REFS": null, "FFPT_RIND": null, "EXPSOU": null, "NOBJNM": null, "OBJNAM": null, "QUASOU": null, "SOUACC": null, "TECSOU": null, "VERDAT": null, "STATUS": null, "INFORM": null, "NINFOM": null, "NTXTDS": null, "SCAMAX": null, "SCAMIN": 29999, "TXTDSC": null, "RECDAT": null, "RECIND": null, "SORDAT": "20150206", "SORIND": "US,US,reprt,L-246-2015", "DEPTH": 23.9, "_enc_cell": "US4TB3P0", "depth_m": 23.9, "_sound_id": 1059, "CATZOC": 3, "QUAL_POSACC": null, "QUAL_SOUACC": null, "QUAL_SUREND": "2004", "QUAL_SURSTA": null, "QUAL_TECSOU": null, "QUAL_VERDAT": null, "QUAL_INFORM": "U.S. Navy LIDAR Survey, Archive No. 04HFM01, Scale 1:5,000-1:10,000", "QUAL_SORDAT": "20150206", "QUAL_SORIND": "US,US,reprt,L-246-2015", "QUAL_ENC_CELL": "US4TB3P0", "zoc_label": "B", "quality_model_weight": 0.72, "ALLEN_class_name": null, "semantic_zone": "outside_allen_geomorphic_or_unclassified", "allen_mapped": false, "DEPARE_DRVAL1": 20.0, "DEPARE_DRVAL2": 30.0, "DEPARE__enc_cell": "US4TB3P0", "DEPARE_VERDAT": null, "inside_osm_reef_polygon": false, "working_hypothesis_60_70": false, "working_hypothesis_gt100": false }, "geometry": { "type": "Point", "coordinates": [ 134.583252, 7.3328252, 23.9 ] } },
{ "type": "Feature", "properties": { "RCID": 8841, "PRIM": 1, "GRUP": 2, "OBJL": 129, "RVER": 1, "AGEN": 550, "FIDN": -2004046809, "FIDS": 19802, "LNAM": "0226888CAC274D5A", "LNAM_REFS": null, "FFPT_RIND": null, "EXPSOU": null, "NOBJNM": null, "OBJNAM": null, "QUASOU": null, "SOUACC": null, "TECSOU": null, "VERDAT": null, "STATUS": null, "INFORM": null, "NINFOM": null, "NTXTDS": null, "SCAMAX": null, "SCAMIN": 29999, "TXTDSC": null, "RECDAT": null, "RECIND": null, "SORDAT": "20150206", "SORIND": "US,US,reprt,L-246-2015", "DEPTH": 22.2, "_enc_cell": "US4TB3P0", "depth_m": 22.2, "_sound_id": 1060, "CATZOC": 3, "QUAL_POSACC": null, "QUAL_SOUACC": null, "QUAL_SUREND": "2004", "QUAL_SURSTA": null, "QUAL_TECSOU": null, "QUAL_VERDAT": null, "QUAL_INFORM": "U.S. Navy LIDAR Survey, Archive No. 04HFM01, Scale 1:5,000-1:10,000", "QUAL_SORDAT": "20150206", "QUAL_SORIND": "US,US,reprt,L-246-2015", "QUAL_ENC_CELL": "US4TB3P0", "zoc_label": "B", "quality_model_weight": 0.72, "ALLEN_class_name": null, "semantic_zone": "outside_allen_geomorphic_or_unclassified", "allen_mapped": false, "DEPARE_DRVAL1": 20.0, "DEPARE_DRVAL2": 30.0, "DEPARE__enc_cell": "US4TB3P0", "DEPARE_VERDAT": null, "inside_osm_reef_polygon": false, "working_hypothesis_60_70": false, "working_hypothesis_gt100": false }, "geometry": { "type": "Point", "coordinates": [ 134.5833893, 7.3270669, 22.2 ] } },
{ "type": "Feature", "properties": { "RCID": 8841, "PRIM": 1, "GRUP": 2, "OBJL": 129, "RVER": 1, "AGEN": 550, "FIDN": -2004046809, "FIDS": 19802, "LNAM": "0226888CAC274D5A", "LNAM_REFS": null, "FFPT_RIND": null, "EXPSOU": null, "NOBJNM": null, "OBJNAM": null, "QUASOU": null, "SOUACC": null, "TECSOU": null, "VERDAT": null, "STATUS": null, "INFORM": null, "NINFOM": null, "NTXTDS": null, "SCAMAX": null, "SCAMIN": 29999, "TXTDSC": null, "RECDAT": null, "RECIND": null, "SORDAT": "20150206", "SORIND": "US,US,reprt,L-246-2015", "DEPTH": 12.9, "_enc_cell": "US4TB3P0", "depth_m": 12.9, "_sound_id": 1061, "CATZOC": 3, "QUAL_POSACC": null, "QUAL_SOUACC": null, "QUAL_SUREND": "2004", "QUAL_SURSTA": null, "QUAL_TECSOU": null, "QUAL_VERDAT": null, "QUAL_INFORM": "U.S. Navy LIDAR Survey, Archive No. 04HFM01, Scale 1:5,000-1:10,000", "QUAL_SORDAT": "20150206", "QUAL_SORIND": "US,US,reprt,L-246-2015", "QUAL_ENC_CELL": "US4TB3P0", "zoc_label": "B", "quality_model_weight": 0.72, "ALLEN_class_name": null, "semantic_zone": "outside_allen_geomorphic_or_unclassified", "allen_mapped": false, "DEPARE_DRVAL1": 10.0, "DEPARE_DRVAL2": 20.0, "DEPARE__enc_cell": "US4TB3P0", "DEPARE_VERDAT": null, "inside_osm_reef_polygon": false, "working_hypothesis_60_70": false, "working_hypothesis_gt100": false }, "geometry": { "type": "Point", "coordinates": [ 134.5835266, 7.329289, 12.9 ] } },
{ "type": "Feature", "properties": { "RCID": 8841, "PRIM": 1, "GRUP": 2, "OBJL": 129, "RVER": 1, "AGEN": 550, "FIDN": -2004046809, "FIDS": 19802, "LNAM": "0226888CAC274D5A", "LNAM_REFS": null, "FFPT_RIND": null, "EXPSOU": null, "NOBJNM": null, "OBJNAM": null, "QUASOU": null, "SOUACC": null, "TECSOU": null, "VERDAT": null, "STATUS": null, "INFORM": null, "NINFOM": null, "NTXTDS": null, "SCAMAX": null, "SCAMIN": 29999, "TXTDSC": null, "RECDAT": null, "RECIND": null, "SORDAT": "20150206", "SORIND": "US,US,reprt,L-246-2015", "DEPTH": 17.0, "_enc_cell": "US4TB3P0", "depth_m": 17.0, "_sound_id": 1062, "CATZOC": 3, "QUAL_POSACC": null, "QUAL_SOUACC": null, "QUAL_SUREND": "2004", "QUAL_SURSTA": null, "QUAL_TECSOU": null, "QUAL_VERDAT": null, "QUAL_INFORM": "U.S. Navy LIDAR Survey, Archive No. 04HFM01, Scale 1:5,000-1:10,000", "QUAL_SORDAT": "20150206", "QUAL_SORIND": "US,US,reprt,L-246-2015", "QUAL_ENC_CELL": "US4TB3P0", "zoc_label": "B", "quality_model_weight": 0.72, "ALLEN_class_name": null, "semantic_zone": "outside_allen_geomorphic_or_unclassified", "allen_mapped": false, "DEPARE_DRVAL1": 10.0, "DEPARE_DRVAL2": 20.0, "DEPARE__enc_cell": "US4TB3P0", "DEPARE_VERDAT": null, "inside_osm_reef_polygon": false, "working_hypothesis_60_70": false, "working_hypothesis_gt100": false }, "geometry": { "type": "Point", "coordinates": [ 134.58358770000001, 7.3361721, 17.0 ] } },
{ "type": "Feature", "properties": { "RCID": 8841, "PRIM": 1, "GRUP": 2, "OBJL": 129, "RVER": 1, "AGEN": 550, "FIDN": -2004046809, "FIDS": 19802, "LNAM": "0226888CAC274D5A", "LNAM_REFS": null, "FFPT_RIND": null, "EXPSOU": null, "NOBJNM": null, "OBJNAM": null, "QUASOU": null, "SOUACC": null, "TECSOU": null, "VERDAT": null, "STATUS": null, "INFORM": null, "NINFOM": null, "NTXTDS": null, "SCAMAX": null, "SCAMIN": 29999, "TXTDSC": null, "RECDAT": null, "RECIND": null, "SORDAT": "20150206", "SORIND": "US,US,reprt,L-246-2015", "DEPTH": 18.8, "_enc_cell": "US4TB3P0", "depth_m": 18.8, "_sound_id": 1063, "CATZOC": 3, "QUAL_POSACC": null, "QUAL_SOUACC": null, "QUAL_SUREND": "2004", "QUAL_SURSTA": null, "QUAL_TECSOU": null, "QUAL_VERDAT": null, "QUAL_INFORM": "U.S. Navy LIDAR Survey, Archive No. 04HFM01, Scale 1:5,000-1:10,000", "QUAL_SORDAT": "20150206", "QUAL_SORIND": "US,US,reprt,L-246-2015", "QUAL_ENC_CELL": "US4TB3P0", "zoc_label": "B", "quality_model_weight": 0.72, "ALLEN_class_name": null, "semantic_zone": "outside_allen_geomorphic_or_unclassified", "allen_mapped": false, "DEPARE_DRVAL1": 10.0, "DEPARE_DRVAL2": 20.0, "DEPARE__enc_cell": "US4TB3P0", "DEPARE_VERDAT": null, "inside_osm_reef_polygon": false, "working_hypothesis_60_70": false, "working_hypothesis_gt100": false }, "geometry": { "type": "Point", "coordinates": [ 134.583618199999989, 7.3343444, 18.8 ] } },
{ "type": "Feature", "properties": { "RCID": 8841, "PRIM": 1, "GRUP": 2, "OBJL": 129, "RVER": 1, "AGEN": 550, "FIDN": -2004046809, "FIDS": 19802, "LNAM": "0226888CAC274D5A", "LNAM_REFS": null, "FFPT_RIND": null, "EXPSOU": null, "NOBJNM": null, "OBJNAM": null, "QUASOU": null, "SOUACC": null, "TECSOU": null, "VERDAT": null, "STATUS": null, "INFORM": null, "NINFOM": null, "NTXTDS": null, "SCAMAX": null, "SCAMIN": 29999, "TXTDSC": null, "RECDAT": null, "RECIND": null, "SORDAT": "20150206", "SORIND": "US,US,reprt,L-246-2015", "DEPTH": 13.3, "_enc_cell": "US4TB3P0", "depth_m": 13.3, "_sound_id": 1064, "CATZOC": 3, "QUAL_POSACC": null, "QUAL_SOUACC": null, "QUAL_SUREND": "2004", "QUAL_SURSTA": null, "QUAL_TECSOU": null, "QUAL_VERDAT": null, "QUAL_INFORM": "U.S. Navy LIDAR Survey, Archive No. 04HFM01, Scale 1:5,000-1:10,000", "QUAL_SORDAT": "20150206", "QUAL_SORIND": "US,US,reprt,L-246-2015", "QUAL_ENC_CELL": "US4TB3P0", "zoc_label": "B", "quality_model_weight": 0.72, "ALLEN_class_name": null, "semantic_zone": "outside_allen_geomorphic_or_unclassified", "allen_mapped": false, "DEPARE_DRVAL1": 10.0, "DEPARE_DRVAL2": 20.0, "DEPARE__enc_cell": "US4TB3P0", "DEPARE_VERDAT": null, "inside_osm_reef_polygon": false, "working_hypothesis_60_70": false, "working_hypothesis_gt100": false }, "geometry": { "type": "Point", "coordinates": [ 134.5837555, 7.325489, 13.3 ] } },
{ "type": "Feature", "properties": { "RCID": 8841, "PRIM": 1, "GRUP": 2, "OBJL": 129, "RVER": 1, "AGEN": 550, "FIDN": -2004046809, "FIDS": 19802, "LNAM": "0226888CAC274D5A", "LNAM_REFS": null, "FFPT_RIND": null, "EXPSOU": null, "NOBJNM": null, "OBJNAM": null, "QUASOU": null, "SOUACC": null, "TECSOU": null, "VERDAT": null, "STATUS": null, "INFORM": null, "NINFOM": null, "NTXTDS": null, "SCAMAX": null, "SCAMIN": 29999, "TXTDSC": null, "RECDAT": null, "RECIND": null, "SORDAT": "20150206", "SORIND": "US,US,reprt,L-246-2015", "DEPTH": 13.4, "_enc_cell": "US4TB3P0", "depth_m": 13.4, "_sound_id": 1065, "CATZOC": 3, "QUAL_POSACC": null, "QUAL_SOUACC": null, "QUAL_SUREND": "2004", "QUAL_SURSTA": null, "QUAL_TECSOU": null, "QUAL_VERDAT": null, "QUAL_INFORM": "U.S. Navy LIDAR Survey, Archive No. 04HFM01, Scale 1:5,000-1:10,000", "QUAL_SORDAT": "20150206", "QUAL_SORIND": "US,US,reprt,L-246-2015", "QUAL_ENC_CELL": "US4TB3P0", "zoc_label": "B", "quality_model_weight": 0.72, "ALLEN_class_name": null, "semantic_zone": "outside_allen_geomorphic_or_unclassified", "allen_mapped": false, "DEPARE_DRVAL1": 10.0, "DEPARE_DRVAL2": 20.0, "DEPARE__enc_cell": "US4TB3P0", "DEPARE_VERDAT": null, "inside_osm_reef_polygon": false, "working_hypothesis_60_70": false, "working_hypothesis_gt100": false }, "geometry": { "type": "Point", "coordinates": [ 134.5838013, 7.3278723, 13.4 ] } },
{ "type": "Feature", "properties": { "RCID": 8841, "PRIM": 1, "GRUP": 2, "OBJL": 129, "RVER": 1, "AGEN": 550, "FIDN": -2004046809, "FIDS": 19802, "LNAM": "0226888CAC274D5A", "LNAM_REFS": null, "FFPT_RIND": null, "EXPSOU": null, "NOBJNM": null, "OBJNAM": null, "QUASOU": null, "SOUACC": null, "TECSOU": null, "VERDAT": null, "STATUS": null, "INFORM": null, "NINFOM": null, "NTXTDS": null, "SCAMAX": null, "SCAMIN": 29999, "TXTDSC": null, "RECDAT": null, "RECIND": null, "SORDAT": "20150206", "SORIND": "US,US,reprt,L-246-2015", "DEPTH": 83.0, "_enc_cell": "US4TB3P0", "depth_m": 83.0, "_sound_id": 1066, "CATZOC": 5, "QUAL_POSACC": null, "QUAL_SOUACC": null, "QUAL_SUREND": "1938", "QUAL_SURSTA": "1915", "QUAL_TECSOU": null, "QUAL_VERDAT": null, "QUAL_INFORM": "Former Japan Chart 481 (Ed. 1940, Rev. 1944), from Japan surveys, Scale 1:25,000", "QUAL_SORDAT": "20150206", "QUAL_SORIND": "US,US,reprt,L-246-2015", "QUAL_ENC_CELL": "US4TB3P0", "zoc_label": "D", "quality_model_weight": 0.22, "ALLEN_class_name": null, "semantic_zone": "outside_allen_geomorphic_or_unclassified", "allen_mapped": false, "DEPARE_DRVAL1": 50.0, "DEPARE_DRVAL2": 100.0, "DEPARE__enc_cell": "US4TB3P0", "DEPARE_VERDAT": null, "inside_osm_reef_polygon": false, "working_hypothesis_60_70": false, "working_hypothesis_gt100": false }, "geometry": { "type": "Point", "coordinates": [ 134.584304800000012, 7.3231835, 83.0 ] } },
{ "type": "Feature", "properties": { "RCID": 8841, "PRIM": 1, "GRUP": 2, "OBJL": 129, "RVER": 1, "AGEN": 550, "FIDN": -2004046809, "FIDS": 19802, "LNAM": "0226888CAC274D5A", "LNAM_REFS": null, "FFPT_RIND": null, "EXPSOU": null, "NOBJNM": null, "OBJNAM": null, "QUASOU": null, "SOUACC": null, "TECSOU": null, "VERDAT": null, "STATUS": null, "INFORM": null, "NINFOM": null, "NTXTDS": null, "SCAMAX": null, "SCAMIN": 29999, "TXTDSC": null, "RECDAT": null, "RECIND": null, "SORDAT": "20150206", "SORIND": "US,US,reprt,L-246-2015", "DEPTH": 37.0, "_enc_cell": "US4TB3P0", "depth_m": 37.0, "_sound_id": 1067, "CATZOC": 3, "QUAL_POSACC": null, "QUAL_SOUACC": null, "QUAL_SUREND": "2004", "QUAL_SURSTA": null, "QUAL_TECSOU": null, "QUAL_VERDAT": null, "QUAL_INFORM": "U.S. Navy LIDAR Survey, Archive No. 04HFM01, Scale 1:5,000-1:10,000", "QUAL_SORDAT": "20150206", "QUAL_SORIND": "US,US,reprt,L-246-2015", "QUAL_ENC_CELL": "US4TB3P0", "zoc_label": "B", "quality_model_weight": 0.72, "ALLEN_class_name": null, "semantic_zone": "outside_allen_geomorphic_or_unclassified", "allen_mapped": false, "DEPARE_DRVAL1": 30.0, "DEPARE_DRVAL2": 50.0, "DEPARE__enc_cell": "US4TB3P0", "DEPARE_VERDAT": null, "inside_osm_reef_polygon": false, "working_hypothesis_60_70": false, "working_hypothesis_gt100": false }, "geometry": { "type": "Point", "coordinates": [ 134.5843658, 7.3408918, 37.0 ] } },
{ "type": "Feature", "properties": { "RCID": 8841, "PRIM": 1, "GRUP": 2, "OBJL": 129, "RVER": 1, "AGEN": 550, "FIDN": -2004046809, "FIDS": 19802, "LNAM": "0226888CAC274D5A", "LNAM_REFS": null, "FFPT_RIND": null, "EXPSOU": null, "NOBJNM": null, "OBJNAM": null, "QUASOU": null, "SOUACC": null, "TECSOU": null, "VERDAT": null, "STATUS": null, "INFORM": null, "NINFOM": null, "NTXTDS": null, "SCAMAX": null, "SCAMIN": 29999, "TXTDSC": null, "RECDAT": null, "RECIND": null, "SORDAT": "20150206", "SORIND": "US,US,reprt,L-246-2015", "DEPTH": 28.5, "_enc_cell": "US4TB3P0", "depth_m": 28.5, "_sound_id": 1068, "CATZOC": 3, "QUAL_POSACC": null, "QUAL_SOUACC": null, "QUAL_SUREND": "2004", "QUAL_SURSTA": null, "QUAL_TECSOU": null, "QUAL_VERDAT": null, "QUAL_INFORM": "U.S. Navy LIDAR Survey, Archive No. 04HFM01, Scale 1:5,000-1:10,000", "QUAL_SORDAT": "20150206", "QUAL_SORIND": "US,US,reprt,L-246-2015", "QUAL_ENC_CELL": "US4TB3P0", "zoc_label": "B", "quality_model_weight": 0.72, "ALLEN_class_name": null, "semantic_zone": "outside_allen_geomorphic_or_unclassified", "allen_mapped": false, "DEPARE_DRVAL1": 20.0, "DEPARE_DRVAL2": 30.0, "DEPARE__enc_cell": "US4TB3P0", "DEPARE_VERDAT": null, "inside_osm_reef_polygon": false, "working_hypothesis_60_70": false, "working_hypothesis_gt100": false }, "geometry": { "type": "Point", "coordinates": [ 134.5843811, 7.3395166, 28.5 ] } },
{ "type": "Feature", "properties": { "RCID": 8841, "PRIM": 1, "GRUP": 2, "OBJL": 129, "RVER": 1, "AGEN": 550, "FIDN": -2004046809, "FIDS": 19802, "LNAM": "0226888CAC274D5A", "LNAM_REFS": null, "FFPT_RIND": null, "EXPSOU": null, "NOBJNM": null, "OBJNAM": null, "QUASOU": null, "SOUACC": null, "TECSOU": null, "VERDAT": null, "STATUS": null, "INFORM": null, "NINFOM": null, "NTXTDS": null, "SCAMAX": null, "SCAMIN": 29999, "TXTDSC": null, "RECDAT": null, "RECIND": null, "SORDAT": "20150206", "SORIND": "US,US,reprt,L-246-2015", "DEPTH": 11.1, "_enc_cell": "US4TB3P0", "depth_m": 11.1, "_sound_id": 1069, "CATZOC": 3, "QUAL_POSACC": null, "QUAL_SOUACC": null, "QUAL_SUREND": "2004", "QUAL_SURSTA": null, "QUAL_TECSOU": null, "QUAL_VERDAT": null, "QUAL_INFORM": "U.S. Navy LIDAR Survey, Archive No. 04HFM01, Scale 1:5,000-1:10,000", "QUAL_SORDAT": "20150206", "QUAL_SORIND": "US,US,reprt,L-246-2015", "QUAL_ENC_CELL": "US4TB3P0", "zoc_label": "B", "quality_model_weight": 0.72, "ALLEN_class_name": null, "semantic_zone": "outside_allen_geomorphic_or_unclassified", "allen_mapped": false, "DEPARE_DRVAL1": 10.0, "DEPARE_DRVAL2": 20.0, "DEPARE__enc_cell": "US4TB3P0", "DEPARE_VERDAT": null, "inside_osm_reef_polygon": false, "working_hypothesis_60_70": false, "working_hypothesis_gt100": false }, "geometry": { "type": "Point", "coordinates": [ 134.5843964, 7.3315363, 11.1 ] } },
{ "type": "Feature", "properties": { "RCID": 8841, "PRIM": 1, "GRUP": 2, "OBJL": 129, "RVER": 1, "AGEN": 550, "FIDN": -2004046809, "FIDS": 19802, "LNAM": "0226888CAC274D5A", "LNAM_REFS": null, "FFPT_RIND": null, "EXPSOU": null, "NOBJNM": null, "OBJNAM": null, "QUASOU": null, "SOUACC": null, "TECSOU": null, "VERDAT": null, "STATUS": null, "INFORM": null, "NINFOM": null, "NTXTDS": null, "SCAMAX": null, "SCAMIN": 29999, "TXTDSC": null, "RECDAT": null, "RECIND": null, "SORDAT": "20150206", "SORIND": "US,US,reprt,L-246-2015", "DEPTH": 31.0, "_enc_cell": "US4TB3P0", "depth_m": 31.0, "_sound_id": 1070, "CATZOC": 3, "QUAL_POSACC": null, "QUAL_SOUACC": null, "QUAL_SUREND": "2004", "QUAL_SURSTA": null, "QUAL_TECSOU": null, "QUAL_VERDAT": null, "QUAL_INFORM": "U.S. Navy LIDAR Survey, Archive No. 04HFM01, Scale 1:5,000-1:10,000", "QUAL_SORDAT": "20150206", "QUAL_SORIND": "US,US,reprt,L-246-2015", "QUAL_ENC_CELL": "US4TB3P0", "zoc_label": "B", "quality_model_weight": 0.72, "ALLEN_class_name": null, "semantic_zone": "outside_allen_geomorphic_or_unclassified", "allen_mapped": false, "DEPARE_DRVAL1": 30.0, "DEPARE_DRVAL2": 50.0, "DEPARE__enc_cell": "US4TB3P0", "DEPARE_VERDAT": null, "inside_osm_reef_polygon": false, "working_hypothesis_60_70": false, "working_hypothesis_gt100": false }, "geometry": { "type": "Point", "coordinates": [ 134.5844574, 7.345139, 31.0 ] } },
{ "type": "Feature", "properties": { "RCID": 8841, "PRIM": 1, "GRUP": 2, "OBJL": 129, "RVER": 1, "AGEN": 550, "FIDN": -2004046809, "FIDS": 19802, "LNAM": "0226888CAC274D5A", "LNAM_REFS": null, "FFPT_RIND": null, "EXPSOU": null, "NOBJNM": null, "OBJNAM": null, "QUASOU": null, "SOUACC": null, "TECSOU": null, "VERDAT": null, "STATUS": null, "INFORM": null, "NINFOM": null, "NTXTDS": null, "SCAMAX": null, "SCAMIN": 29999, "TXTDSC": null, "RECDAT": null, "RECIND": null, "SORDAT": "20150206", "SORIND": "US,US,reprt,L-246-2015", "DEPTH": 8.2, "_enc_cell": "US4TB3P0", "depth_m": 8.2, "_sound_id": 1071, "CATZOC": 3, "QUAL_POSACC": null, "QUAL_SOUACC": null, "QUAL_SUREND": "2004", "QUAL_SURSTA": null, "QUAL_TECSOU": null, "QUAL_VERDAT": null, "QUAL_INFORM": "U.S. Navy LIDAR Survey, Archive No. 04HFM01, Scale 1:5,000-1:10,000", "QUAL_SORDAT": "20150206", "QUAL_SORIND": "US,US,reprt,L-246-2015", "QUAL_ENC_CELL": "US4TB3P0", "zoc_label": "B", "quality_model_weight": 0.72, "ALLEN_class_name": null, "semantic_zone": "outside_allen_geomorphic_or_unclassified", "allen_mapped": false, "DEPARE_DRVAL1": 5.0, "DEPARE_DRVAL2": 10.0, "DEPARE__enc_cell": "US4TB3P0", "DEPARE_VERDAT": null, "inside_osm_reef_polygon": false, "working_hypothesis_60_70": false, "working_hypothesis_gt100": false }, "geometry": { "type": "Point", "coordinates": [ 134.5844727, 7.3289609, 8.2 ] } },
{ "type": "Feature", "properties": { "RCID": 8841, "PRIM": 1, "GRUP": 2, "OBJL": 129, "RVER": 1, "AGEN": 550, "FIDN": -2004046809, "FIDS": 19802, "LNAM": "0226888CAC274D5A", "LNAM_REFS": null, "FFPT_RIND": null, "EXPSOU": null, "NOBJNM": null, "OBJNAM": null, "QUASOU": null, "SOUACC": null, "TECSOU": null, "VERDAT": null, "STATUS": null, "INFORM": null, "NINFOM": null, "NTXTDS": null, "SCAMAX": null, "SCAMIN": 29999, "TXTDSC": null, "RECDAT": null, "RECIND": null, "SORDAT": "20150206", "SORIND": "US,US,reprt,L-246-2015", "DEPTH": 10.2, "_enc_cell": "US4TB3P0", "depth_m": 10.2, "_sound_id": 1072, "CATZOC": 3, "QUAL_POSACC": null, "QUAL_SOUACC": null, "QUAL_SUREND": "2004", "QUAL_SURSTA": null, "QUAL_TECSOU": null, "QUAL_VERDAT": null, "QUAL_INFORM": "U.S. Navy LIDAR Survey, Archive No. 04HFM01, Scale 1:5,000-1:10,000", "QUAL_SORDAT": "20150206", "QUAL_SORIND": "US,US,reprt,L-246-2015", "QUAL_ENC_CELL": "US4TB3P0", "zoc_label": "B", "quality_model_weight": 0.72, "ALLEN_class_name": null, "semantic_zone": "outside_allen_geomorphic_or_unclassified", "allen_mapped": false, "DEPARE_DRVAL1": 10.0, "DEPARE_DRVAL2": 20.0, "DEPARE__enc_cell": "US4TB3P0", "DEPARE_VERDAT": null, "inside_osm_reef_polygon": false, "working_hypothesis_60_70": false, "working_hypothesis_gt100": false }, "geometry": { "type": "Point", "coordinates": [ 134.5844727, 7.3303804, 10.2 ] } },
{ "type": "Feature", "properties": { "RCID": 8841, "PRIM": 1, "GRUP": 2, "OBJL": 129, "RVER": 1, "AGEN": 550, "FIDN": -2004046809, "FIDS": 19802, "LNAM": "0226888CAC274D5A", "LNAM_REFS": null, "FFPT_RIND": null, "EXPSOU": null, "NOBJNM": null, "OBJNAM": null, "QUASOU": null, "SOUACC": null, "TECSOU": null, "VERDAT": null, "STATUS": null, "INFORM": null, "NINFOM": null, "NTXTDS": null, "SCAMAX": null, "SCAMIN": 29999, "TXTDSC": null, "RECDAT": null, "RECIND": null, "SORDAT": "20150206", "SORIND": "US,US,reprt,L-246-2015", "DEPTH": 11.2, "_enc_cell": "US4TB3P0", "depth_m": 11.2, "_sound_id": 1073, "CATZOC": 3, "QUAL_POSACC": null, "QUAL_SOUACC": null, "QUAL_SUREND": "2004", "QUAL_SURSTA": null, "QUAL_TECSOU": null, "QUAL_VERDAT": null, "QUAL_INFORM": "U.S. Navy LIDAR Survey, Archive No. 04HFM01, Scale 1:5,000-1:10,000", "QUAL_SORDAT": "20150206", "QUAL_SORIND": "US,US,reprt,L-246-2015", "QUAL_ENC_CELL": "US4TB3P0", "zoc_label": "B", "quality_model_weight": 0.72, "ALLEN_class_name": "Deep Lagoon", "semantic_zone": "deep_lagoon", "allen_mapped": true, "DEPARE_DRVAL1": 10.0, "DEPARE_DRVAL2": 20.0, "DEPARE__enc_cell": "US4TB3P0", "DEPARE_VERDAT": null, "inside_osm_reef_polygon": false, "working_hypothesis_60_70": false, "working_hypothesis_gt100": false }, "geometry": { "type": "Point", "coordinates": [ 134.5845795, 7.3358584, 11.2 ] } },
{ "type": "Feature", "properties": { "RCID": 8841, "PRIM": 1, "GRUP": 2, "OBJL": 129, "RVER": 1, "AGEN": 550, "FIDN": -2004046809, "FIDS": 19802, "LNAM": "0226888CAC274D5A", "LNAM_REFS": null, "FFPT_RIND": null, "EXPSOU": null, "NOBJNM": null, "OBJNAM": null, "QUASOU": null, "SOUACC": null, "TECSOU": null, "VERDAT": null, "STATUS": null, "INFORM": null, "NINFOM": null, "NTXTDS": null, "SCAMAX": null, "SCAMIN": 29999, "TXTDSC": null, "RECDAT": null, "RECIND": null, "SORDAT": "20150206", "SORIND": "US,US,reprt,L-246-2015", "DEPTH": 12.3, "_enc_cell": "US4TB3P0", "depth_m": 12.3, "_sound_id": 1074, "CATZOC": 3, "QUAL_POSACC": null, "QUAL_SOUACC": null, "QUAL_SUREND": "2004", "QUAL_SURSTA": null, "QUAL_TECSOU": null, "QUAL_VERDAT": null, "QUAL_INFORM": "U.S. Navy LIDAR Survey, Archive No. 04HFM01, Scale 1:5,000-1:10,000", "QUAL_SORDAT": "20150206", "QUAL_SORIND": "US,US,reprt,L-246-2015", "QUAL_ENC_CELL": "US4TB3P0", "zoc_label": "B", "quality_model_weight": 0.72, "ALLEN_class_name": "Reef Slope", "semantic_zone": "reef_slope", "allen_mapped": true, "DEPARE_DRVAL1": 10.0, "DEPARE_DRVAL2": 20.0, "DEPARE__enc_cell": "US4TB3P0", "DEPARE_VERDAT": null, "inside_osm_reef_polygon": false, "working_hypothesis_60_70": false, "working_hypothesis_gt100": false }, "geometry": { "type": "Point", "coordinates": [ 134.58461, 7.3479586, 12.3 ] } },
{ "type": "Feature", "properties": { "RCID": 8841, "PRIM": 1, "GRUP": 2, "OBJL": 129, "RVER": 1, "AGEN": 550, "FIDN": -2004046809, "FIDS": 19802, "LNAM": "0226888CAC274D5A", "LNAM_REFS": null, "FFPT_RIND": null, "EXPSOU": null, "NOBJNM": null, "OBJNAM": null, "QUASOU": null, "SOUACC": null, "TECSOU": null, "VERDAT": null, "STATUS": null, "INFORM": null, "NINFOM": null, "NTXTDS": null, "SCAMAX": null, "SCAMIN": 29999, "TXTDSC": null, "RECDAT": null, "RECIND": null, "SORDAT": "20150206", "SORIND": "US,US,reprt,L-246-2015", "DEPTH": 11.5, "_enc_cell": "US4TB3P0", "depth_m": 11.5, "_sound_id": 1075, "CATZOC": 3, "QUAL_POSACC": null, "QUAL_SOUACC": null, "QUAL_SUREND": "2004", "QUAL_SURSTA": null, "QUAL_TECSOU": null, "QUAL_VERDAT": null, "QUAL_INFORM": "U.S. Navy LIDAR Survey, Archive No. 04HFM01, Scale 1:5,000-1:10,000", "QUAL_SORDAT": "20150206", "QUAL_SORIND": "US,US,reprt,L-246-2015", "QUAL_ENC_CELL": "US4TB3P0", "zoc_label": "B", "quality_model_weight": 0.72, "ALLEN_class_name": "Reef Slope", "semantic_zone": "reef_slope", "allen_mapped": true, "DEPARE_DRVAL1": 10.0, "DEPARE_DRVAL2": 20.0, "DEPARE__enc_cell": "US4TB3P0", "DEPARE_VERDAT": null, "inside_osm_reef_polygon": false, "working_hypothesis_60_70": false, "working_hypothesis_gt100": false }, "geometry": { "type": "Point", "coordinates": [ 134.584808399999986, 7.3271279, 11.5 ] } },
{ "type": "Feature", "properties": { "RCID": 8841, "PRIM": 1, "GRUP": 2, "OBJL": 129, "RVER": 1, "AGEN": 550, "FIDN": -2004046809, "FIDS": 19802, "LNAM": "0226888CAC274D5A", "LNAM_REFS": null, "FFPT_RIND": null, "EXPSOU": null, "NOBJNM": null, "OBJNAM": null, "QUASOU": null, "SOUACC": null, "TECSOU": null, "VERDAT": null, "STATUS": null, "INFORM": null, "NINFOM": null, "NTXTDS": null, "SCAMAX": null, "SCAMIN": 29999, "TXTDSC": null, "RECDAT": null, "RECIND": null, "SORDAT": "20150206", "SORIND": "US,US,reprt,L-246-2015", "DEPTH": 24.0, "_enc_cell": "US4TB3P0", "depth_m": 24.0, "_sound_id": 1076, "CATZOC": 3, "QUAL_POSACC": null, "QUAL_SOUACC": null, "QUAL_SUREND": "2004", "QUAL_SURSTA": null, "QUAL_TECSOU": null, "QUAL_VERDAT": null, "QUAL_INFORM": "U.S. Navy LIDAR Survey, Archive No. 04HFM01, Scale 1:5,000-1:10,000", "QUAL_SORDAT": "20150206", "QUAL_SORIND": "US,US,reprt,L-246-2015", "QUAL_ENC_CELL": "US4TB3P0", "zoc_label": "B", "quality_model_weight": 0.72, "ALLEN_class_name": null, "semantic_zone": "outside_allen_geomorphic_or_unclassified", "allen_mapped": false, "DEPARE_DRVAL1": 20.0, "DEPARE_DRVAL2": 30.0, "DEPARE__enc_cell": "US4TB3P0", "DEPARE_VERDAT": null, "inside_osm_reef_polygon": false, "working_hypothesis_60_70": false, "working_hypothesis_gt100": false }, "geometry": { "type": "Point", "coordinates": [ 134.584808399999986, 7.3469305, 24.0 ] } },
{ "type": "Feature", "properties": { "RCID": 8841, "PRIM": 1, "GRUP": 2, "OBJL": 129, "RVER": 1, "AGEN": 550, "FIDN": -2004046809, "FIDS": 19802, "LNAM": "0226888CAC274D5A", "LNAM_REFS": null, "FFPT_RIND": null, "EXPSOU": null, "NOBJNM": null, "OBJNAM": null, "QUASOU": null, "SOUACC": null, "TECSOU": null, "VERDAT": null, "STATUS": null, "INFORM": null, "NINFOM": null, "NTXTDS": null, "SCAMAX": null, "SCAMIN": 29999, "TXTDSC": null, "RECDAT": null, "RECIND": null, "SORDAT": "20150206", "SORIND": "US,US,reprt,L-246-2015", "DEPTH": 14.5, "_enc_cell": "US4TB3P0", "depth_m": 14.5, "_sound_id": 1077, "CATZOC": 3, "QUAL_POSACC": null, "QUAL_SOUACC": null, "QUAL_SUREND": "2004", "QUAL_SURSTA": null, "QUAL_TECSOU": null, "QUAL_VERDAT": null, "QUAL_INFORM": "U.S. Navy LIDAR Survey, Archive No. 04HFM01, Scale 1:5,000-1:10,000", "QUAL_SORDAT": "20150206", "QUAL_SORIND": "US,US,reprt,L-246-2015", "QUAL_ENC_CELL": "US4TB3P0", "zoc_label": "B", "quality_model_weight": 0.72, "ALLEN_class_name": null, "semantic_zone": "outside_allen_geomorphic_or_unclassified", "allen_mapped": false, "DEPARE_DRVAL1": 10.0, "DEPARE_DRVAL2": 20.0, "DEPARE__enc_cell": "US4TB3P0", "DEPARE_VERDAT": null, "inside_osm_reef_polygon": false, "working_hypothesis_60_70": false, "working_hypothesis_gt100": false }, "geometry": { "type": "Point", "coordinates": [ 134.5848236, 7.3368416, 14.5 ] } },
{ "type": "Feature", "properties": { "RCID": 8841, "PRIM": 1, "GRUP": 2, "OBJL": 129, "RVER": 1, "AGEN": 550, "FIDN": -2004046809, "FIDS": 19802, "LNAM": "0226888CAC274D5A", "LNAM_REFS": null, "FFPT_RIND": null, "EXPSOU": null, "NOBJNM": null, "OBJNAM": null, "QUASOU": null, "SOUACC": null, "TECSOU": null, "VERDAT": null, "STATUS": null, "INFORM": null, "NINFOM": null, "NTXTDS": null, "SCAMAX": null, "SCAMIN": 29999, "TXTDSC": null, "RECDAT": null, "RECIND": null, "SORDAT": "20150206", "SORIND": "US,US,reprt,L-246-2015", "DEPTH": 25.3, "_enc_cell": "US4TB3P0", "depth_m": 25.3, "_sound_id": 1078, "CATZOC": 3, "QUAL_POSACC": null, "QUAL_SOUACC": null, "QUAL_SUREND": "2004", "QUAL_SURSTA": null, "QUAL_TECSOU": null, "QUAL_VERDAT": null, "QUAL_INFORM": "U.S. Navy LIDAR Survey, Archive No. 04HFM01, Scale 1:5,000-1:10,000", "QUAL_SORDAT": "20150206", "QUAL_SORIND": "US,US,reprt,L-246-2015", "QUAL_ENC_CELL": "US4TB3P0", "zoc_label": "B", "quality_model_weight": 0.72, "ALLEN_class_name": null, "semantic_zone": "outside_allen_geomorphic_or_unclassified", "allen_mapped": false, "DEPARE_DRVAL1": 20.0, "DEPARE_DRVAL2": 30.0, "DEPARE__enc_cell": "US4TB3P0", "DEPARE_VERDAT": null, "inside_osm_reef_polygon": false, "working_hypothesis_60_70": false, "working_hypothesis_gt100": false }, "geometry": { "type": "Point", "coordinates": [ 134.585144, 7.3256168, 25.3 ] } },
{ "type": "Feature", "properties": { "RCID": 8841, "PRIM": 1, "GRUP": 2, "OBJL": 129, "RVER": 1, "AGEN": 550, "FIDN": -2004046809, "FIDS": 19802, "LNAM": "0226888CAC274D5A", "LNAM_REFS": null, "FFPT_RIND": null, "EXPSOU": null, "NOBJNM": null, "OBJNAM": null, "QUASOU": null, "SOUACC": null, "TECSOU": null, "VERDAT": null, "STATUS": null, "INFORM": null, "NINFOM": null, "NTXTDS": null, "SCAMAX": null, "SCAMIN": 29999, "TXTDSC": null, "RECDAT": null, "RECIND": null, "SORDAT": "20150206", "SORIND": "US,US,reprt,L-246-2015", "DEPTH": 9.4, "_enc_cell": "US4TB3P0", "depth_m": 9.4, "_sound_id": 1079, "CATZOC": 3, "QUAL_POSACC": null, "QUAL_SOUACC": null, "QUAL_SUREND": "2004", "QUAL_SURSTA": null, "QUAL_TECSOU": null, "QUAL_VERDAT": null, "QUAL_INFORM": "U.S. Navy LIDAR Survey, Archive No. 04HFM01, Scale 1:5,000-1:10,000", "QUAL_SORDAT": "20150206", "QUAL_SORIND": "US,US,reprt,L-246-2015", "QUAL_ENC_CELL": "US4TB3P0", "zoc_label": "B", "quality_model_weight": 0.72, "ALLEN_class_name": "Reef Slope", "semantic_zone": "reef_slope", "allen_mapped": true, "DEPARE_DRVAL1": 5.0, "DEPARE_DRVAL2": 10.0, "DEPARE__enc_cell": "US4TB3P0", "DEPARE_VERDAT": null, "inside_osm_reef_polygon": false, "working_hypothesis_60_70": false, "working_hypothesis_gt100": false }, "geometry": { "type": "Point", "coordinates": [ 134.5853424, 7.3281112, 9.4 ] } },
{ "type": "Feature", "properties": { "RCID": 8841, "PRIM": 1, "GRUP": 2, "OBJL": 129, "RVER": 1, "AGEN": 550, "FIDN": -2004046809, "FIDS": 19802, "LNAM": "0226888CAC274D5A", "LNAM_REFS": null, "FFPT_RIND": null, "EXPSOU": null, "NOBJNM": null, "OBJNAM": null, "QUASOU": null, "SOUACC": null, "TECSOU": null, "VERDAT": null, "STATUS": null, "INFORM": null, "NINFOM": null, "NTXTDS": null, "SCAMAX": null, "SCAMIN": 29999, "TXTDSC": null, "RECDAT": null, "RECIND": null, "SORDAT": "20150206", "SORIND": "US,US,reprt,L-246-2015", "DEPTH": 16.1, "_enc_cell": "US4TB3P0", "depth_m": 16.1, "_sound_id": 1080, "CATZOC": 3, "QUAL_POSACC": null, "QUAL_SOUACC": null, "QUAL_SUREND": "2004", "QUAL_SURSTA": null, "QUAL_TECSOU": null, "QUAL_VERDAT": null, "QUAL_INFORM": "U.S. Navy LIDAR Survey, Archive No. 04HFM01, Scale 1:5,000-1:10,000", "QUAL_SORDAT": "20150206", "QUAL_SORIND": "US,US,reprt,L-246-2015", "QUAL_ENC_CELL": "US4TB3P0", "zoc_label": "B", "quality_model_weight": 0.72, "ALLEN_class_name": null, "semantic_zone": "outside_allen_geomorphic_or_unclassified", "allen_mapped": false, "DEPARE_DRVAL1": 10.0, "DEPARE_DRVAL2": 20.0, "DEPARE__enc_cell": "US4TB3P0", "DEPARE_VERDAT": null, "inside_osm_reef_polygon": false, "working_hypothesis_60_70": false, "working_hypothesis_gt100": false }, "geometry": { "type": "Point", "coordinates": [ 134.5853424, 7.335, 16.1 ] } },
{ "type": "Feature", "properties": { "RCID": 8841, "PRIM": 1, "GRUP": 2, "OBJL": 129, "RVER": 1, "AGEN": 550, "FIDN": -2004046809, "FIDS": 19802, "LNAM": "0226888CAC274D5A", "LNAM_REFS": null, "FFPT_RIND": null, "EXPSOU": null, "NOBJNM": null, "OBJNAM": null, "QUASOU": null, "SOUACC": null, "TECSOU": null, "VERDAT": null, "STATUS": null, "INFORM": null, "NINFOM": null, "NTXTDS": null, "SCAMAX": null, "SCAMIN": 29999, "TXTDSC": null, "RECDAT": null, "RECIND": null, "SORDAT": "20150206", "SORIND": "US,US,reprt,L-246-2015", "DEPTH": 24.1, "_enc_cell": "US4TB3P0", "depth_m": 24.1, "_sound_id": 1081, "CATZOC": 3, "QUAL_POSACC": null, "QUAL_SOUACC": null, "QUAL_SUREND": "2004", "QUAL_SURSTA": null, "QUAL_TECSOU": null, "QUAL_VERDAT": null, "QUAL_INFORM": "U.S. Navy LIDAR Survey, Archive No. 04HFM01, Scale 1:5,000-1:10,000", "QUAL_SORDAT": "20150206", "QUAL_SORIND": "US,US,reprt,L-246-2015", "QUAL_ENC_CELL": "US4TB3P0", "zoc_label": "B", "quality_model_weight": 0.72, "ALLEN_class_name": null, "semantic_zone": "outside_allen_geomorphic_or_unclassified", "allen_mapped": false, "DEPARE_DRVAL1": 20.0, "DEPARE_DRVAL2": 30.0, "DEPARE__enc_cell": "US4TB3P0", "DEPARE_VERDAT": null, "inside_osm_reef_polygon": false, "working_hypothesis_60_70": false, "working_hypothesis_gt100": false }, "geometry": { "type": "Point", "coordinates": [ 134.58537290000001, 7.3379998, 24.1 ] } },
{ "type": "Feature", "properties": { "RCID": 8841, "PRIM": 1, "GRUP": 2, "OBJL": 129, "RVER": 1, "AGEN": 550, "FIDN": -2004046809, "FIDS": 19802, "LNAM": "0226888CAC274D5A", "LNAM_REFS": null, "FFPT_RIND": null, "EXPSOU": null, "NOBJNM": null, "OBJNAM": null, "QUASOU": null, "SOUACC": null, "TECSOU": null, "VERDAT": null, "STATUS": null, "INFORM": null, "NINFOM": null, "NTXTDS": null, "SCAMAX": null, "SCAMIN": 29999, "TXTDSC": null, "RECDAT": null, "RECIND": null, "SORDAT": "20150206", "SORIND": "US,US,reprt,L-246-2015", "DEPTH": 6.9, "_enc_cell": "US4TB3P0", "depth_m": 6.9, "_sound_id": 1082, "CATZOC": 3, "QUAL_POSACC": null, "QUAL_SOUACC": null, "QUAL_SUREND": "2004", "QUAL_SURSTA": null, "QUAL_TECSOU": null, "QUAL_VERDAT": null, "QUAL_INFORM": "U.S. Navy LIDAR Survey, Archive No. 04HFM01, Scale 1:5,000-1:10,000", "QUAL_SORDAT": "20150206", "QUAL_SORIND": "US,US,reprt,L-246-2015", "QUAL_ENC_CELL": "US4TB3P0", "zoc_label": "B", "quality_model_weight": 0.72, "ALLEN_class_name": "Reef Slope", "semantic_zone": "reef_slope", "allen_mapped": true, "DEPARE_DRVAL1": 5.0, "DEPARE_DRVAL2": 10.0, "DEPARE__enc_cell": "US4TB3P0", "DEPARE_VERDAT": null, "inside_osm_reef_polygon": false, "working_hypothesis_60_70": false, "working_hypothesis_gt100": false }, "geometry": { "type": "Point", "coordinates": [ 134.5856934, 7.3296557, 6.9 ] } },
{ "type": "Feature", "properties": { "RCID": 8841, "PRIM": 1, "GRUP": 2, "OBJL": 129, "RVER": 1, "AGEN": 550, "FIDN": -2004046809, "FIDS": 19802, "LNAM": "0226888CAC274D5A", "LNAM_REFS": null, "FFPT_RIND": null, "EXPSOU": null, "NOBJNM": null, "OBJNAM": null, "QUASOU": null, "SOUACC": null, "TECSOU": null, "VERDAT": null, "STATUS": null, "INFORM": null, "NINFOM": null, "NTXTDS": null, "SCAMAX": null, "SCAMIN": 29999, "TXTDSC": null, "RECDAT": null, "RECIND": null, "SORDAT": "20150206", "SORIND": "US,US,reprt,L-246-2015", "DEPTH": 29.1, "_enc_cell": "US4TB3P0", "depth_m": 29.1, "_sound_id": 1083, "CATZOC": 3, "QUAL_POSACC": null, "QUAL_SOUACC": null, "QUAL_SUREND": "2004", "QUAL_SURSTA": null, "QUAL_TECSOU": null, "QUAL_VERDAT": null, "QUAL_INFORM": "U.S. Navy LIDAR Survey, Archive No. 04HFM01, Scale 1:5,000-1:10,000", "QUAL_SORDAT": "20150206", "QUAL_SORIND": "US,US,reprt,L-246-2015", "QUAL_ENC_CELL": "US4TB3P0", "zoc_label": "B", "quality_model_weight": 0.72, "ALLEN_class_name": null, "semantic_zone": "outside_allen_geomorphic_or_unclassified", "allen_mapped": false, "DEPARE_DRVAL1": 20.0, "DEPARE_DRVAL2": 30.0, "DEPARE__enc_cell": "US4TB3P0", "DEPARE_VERDAT": null, "inside_osm_reef_polygon": false, "working_hypothesis_60_70": false, "working_hypothesis_gt100": false }, "geometry": { "type": "Point", "coordinates": [ 134.585769699999986, 7.343153, 29.1 ] } },
{ "type": "Feature", "properties": { "RCID": 8841, "PRIM": 1, "GRUP": 2, "OBJL": 129, "RVER": 1, "AGEN": 550, "FIDN": -2004046809, "FIDS": 19802, "LNAM": "0226888CAC274D5A", "LNAM_REFS": null, "FFPT_RIND": null, "EXPSOU": null, "NOBJNM": null, "OBJNAM": null, "QUASOU": null, "SOUACC": null, "TECSOU": null, "VERDAT": null, "STATUS": null, "INFORM": null, "NINFOM": null, "NTXTDS": null, "SCAMAX": null, "SCAMIN": 29999, "TXTDSC": null, "RECDAT": null, "RECIND": null, "SORDAT": "20150206", "SORIND": "US,US,reprt,L-246-2015", "DEPTH": 13.3, "_enc_cell": "US4TB3P0", "depth_m": 13.3, "_sound_id": 1084, "CATZOC": 3, "QUAL_POSACC": null, "QUAL_SOUACC": null, "QUAL_SUREND": "2004", "QUAL_SURSTA": null, "QUAL_TECSOU": null, "QUAL_VERDAT": null, "QUAL_INFORM": "U.S. Navy LIDAR Survey, Archive No. 04HFM01, Scale 1:5,000-1:10,000", "QUAL_SORDAT": "20150206", "QUAL_SORIND": "US,US,reprt,L-246-2015", "QUAL_ENC_CELL": "US4TB3P0", "zoc_label": "B", "quality_model_weight": 0.72, "ALLEN_class_name": null, "semantic_zone": "outside_allen_geomorphic_or_unclassified", "allen_mapped": false, "DEPARE_DRVAL1": 10.0, "DEPARE_DRVAL2": 20.0, "DEPARE__enc_cell": "US4TB3P0", "DEPARE_VERDAT": null, "inside_osm_reef_polygon": false, "working_hypothesis_60_70": false, "working_hypothesis_gt100": false }, "geometry": { "type": "Point", "coordinates": [ 134.5858307, 7.3340221, 13.3 ] } },
{ "type": "Feature", "properties": { "RCID": 8841, "PRIM": 1, "GRUP": 2, "OBJL": 129, "RVER": 1, "AGEN": 550, "FIDN": -2004046809, "FIDS": 19802, "LNAM": "0226888CAC274D5A", "LNAM_REFS": null, "FFPT_RIND": null, "EXPSOU": null, "NOBJNM": null, "OBJNAM": null, "QUASOU": null, "SOUACC": null, "TECSOU": null, "VERDAT": null, "STATUS": null, "INFORM": null, "NINFOM": null, "NTXTDS": null, "SCAMAX": null, "SCAMIN": 29999, "TXTDSC": null, "RECDAT": null, "RECIND": null, "SORDAT": "20150206", "SORIND": "US,US,reprt,L-246-2015", "DEPTH": 8.7, "_enc_cell": "US4TB3P0", "depth_m": 8.7, "_sound_id": 1085, "CATZOC": 3, "QUAL_POSACC": null, "QUAL_SOUACC": null, "QUAL_SUREND": "2004", "QUAL_SURSTA": null, "QUAL_TECSOU": null, "QUAL_VERDAT": null, "QUAL_INFORM": "U.S. Navy LIDAR Survey, Archive No. 04HFM01, Scale 1:5,000-1:10,000", "QUAL_SORDAT": "20150206", "QUAL_SORIND": "US,US,reprt,L-246-2015", "QUAL_ENC_CELL": "US4TB3P0", "zoc_label": "B", "quality_model_weight": 0.72, "ALLEN_class_name": "Deep Lagoon", "semantic_zone": "deep_lagoon", "allen_mapped": true, "DEPARE_DRVAL1": 5.0, "DEPARE_DRVAL2": 10.0, "DEPARE__enc_cell": "US4TB3P0", "DEPARE_VERDAT": null, "inside_osm_reef_polygon": false, "working_hypothesis_60_70": false, "working_hypothesis_gt100": false }, "geometry": { "type": "Point", "coordinates": [ 134.5861816, 7.3313417, 8.7 ] } },
{ "type": "Feature", "properties": { "RCID": 8841, "PRIM": 1, "GRUP": 2, "OBJL": 129, "RVER": 1, "AGEN": 550, "FIDN": -2004046809, "FIDS": 19802, "LNAM": "0226888CAC274D5A", "LNAM_REFS": null, "FFPT_RIND": null, "EXPSOU": null, "NOBJNM": null, "OBJNAM": null, "QUASOU": null, "SOUACC": null, "TECSOU": null, "VERDAT": null, "STATUS": null, "INFORM": null, "NINFOM": null, "NTXTDS": null, "SCAMAX": null, "SCAMIN": 29999, "TXTDSC": null, "RECDAT": null, "RECIND": null, "SORDAT": "20150206", "SORIND": "US,US,reprt,L-246-2015", "DEPTH": 36.0, "_enc_cell": "US4TB3P0", "depth_m": 36.0, "_sound_id": 1086, "CATZOC": 3, "QUAL_POSACC": null, "QUAL_SOUACC": null, "QUAL_SUREND": "2004", "QUAL_SURSTA": null, "QUAL_TECSOU": null, "QUAL_VERDAT": null, "QUAL_INFORM": "U.S. Navy LIDAR Survey, Archive No. 04HFM01, Scale 1:5,000-1:10,000", "QUAL_SORDAT": "20150206", "QUAL_SORIND": "US,US,reprt,L-246-2015", "QUAL_ENC_CELL": "US4TB3P0", "zoc_label": "B", "quality_model_weight": 0.72, "ALLEN_class_name": null, "semantic_zone": "outside_allen_geomorphic_or_unclassified", "allen_mapped": false, "DEPARE_DRVAL1": 30.0, "DEPARE_DRVAL2": 50.0, "DEPARE__enc_cell": "US4TB3P0", "DEPARE_VERDAT": null, "inside_osm_reef_polygon": false, "working_hypothesis_60_70": false, "working_hypothesis_gt100": false }, "geometry": { "type": "Point", "coordinates": [ 134.5861969, 7.3398833, 36.0 ] } },
{ "type": "Feature", "properties": { "RCID": 8841, "PRIM": 1, "GRUP": 2, "OBJL": 129, "RVER": 1, "AGEN": 550, "FIDN": -2004046809, "FIDS": 19802, "LNAM": "0226888CAC274D5A", "LNAM_REFS": null, "FFPT_RIND": null, "EXPSOU": null, "NOBJNM": null, "OBJNAM": null, "QUASOU": null, "SOUACC": null, "TECSOU": null, "VERDAT": null, "STATUS": null, "INFORM": null, "NINFOM": null, "NTXTDS": null, "SCAMAX": null, "SCAMIN": 29999, "TXTDSC": null, "RECDAT": null, "RECIND": null, "SORDAT": "20150206", "SORIND": "US,US,reprt,L-246-2015", "DEPTH": 28.3, "_enc_cell": "US4TB3P0", "depth_m": 28.3, "_sound_id": 1087, "CATZOC": 3, "QUAL_POSACC": null, "QUAL_SOUACC": null, "QUAL_SUREND": "2004", "QUAL_SURSTA": null, "QUAL_TECSOU": null, "QUAL_VERDAT": null, "QUAL_INFORM": "U.S. Navy LIDAR Survey, Archive No. 04HFM01, Scale 1:5,000-1:10,000", "QUAL_SORDAT": "20150206", "QUAL_SORIND": "US,US,reprt,L-246-2015", "QUAL_ENC_CELL": "US4TB3P0", "zoc_label": "B", "quality_model_weight": 0.72, "ALLEN_class_name": null, "semantic_zone": "outside_allen_geomorphic_or_unclassified", "allen_mapped": false, "DEPARE_DRVAL1": 20.0, "DEPARE_DRVAL2": 30.0, "DEPARE__enc_cell": "US4TB3P0", "DEPARE_VERDAT": null, "inside_osm_reef_polygon": false, "working_hypothesis_60_70": false, "working_hypothesis_gt100": false }, "geometry": { "type": "Point", "coordinates": [ 134.5862732, 7.3450556, 28.3 ] } },
{ "type": "Feature", "properties": { "RCID": 8841, "PRIM": 1, "GRUP": 2, "OBJL": 129, "RVER": 1, "AGEN": 550, "FIDN": -2004046809, "FIDS": 19802, "LNAM": "0226888CAC274D5A", "LNAM_REFS": null, "FFPT_RIND": null, "EXPSOU": null, "NOBJNM": null, "OBJNAM": null, "QUASOU": null, "SOUACC": null, "TECSOU": null, "VERDAT": null, "STATUS": null, "INFORM": null, "NINFOM": null, "NTXTDS": null, "SCAMAX": null, "SCAMIN": 29999, "TXTDSC": null, "RECDAT": null, "RECIND": null, "SORDAT": "20150206", "SORIND": "US,US,reprt,L-246-2015", "DEPTH": 13.3, "_enc_cell": "US4TB3P0", "depth_m": 13.3, "_sound_id": 1088, "CATZOC": 3, "QUAL_POSACC": null, "QUAL_SOUACC": null, "QUAL_SUREND": "2004", "QUAL_SURSTA": null, "QUAL_TECSOU": null, "QUAL_VERDAT": null, "QUAL_INFORM": "U.S. Navy LIDAR Survey, Archive No. 04HFM01, Scale 1:5,000-1:10,000", "QUAL_SORDAT": "20150206", "QUAL_SORIND": "US,US,reprt,L-246-2015", "QUAL_ENC_CELL": "US4TB3P0", "zoc_label": "B", "quality_model_weight": 0.72, "ALLEN_class_name": "Reef Slope", "semantic_zone": "reef_slope", "allen_mapped": true, "DEPARE_DRVAL1": 10.0, "DEPARE_DRVAL2": 20.0, "DEPARE__enc_cell": "US4TB3P0", "DEPARE_VERDAT": null, "inside_osm_reef_polygon": false, "working_hypothesis_60_70": false, "working_hypothesis_gt100": false }, "geometry": { "type": "Point", "coordinates": [ 134.586364800000013, 7.3282499, 13.3 ] } },
{ "type": "Feature", "properties": { "RCID": 8841, "PRIM": 1, "GRUP": 2, "OBJL": 129, "RVER": 1, "AGEN": 550, "FIDN": -2004046809, "FIDS": 19802, "LNAM": "0226888CAC274D5A", "LNAM_REFS": null, "FFPT_RIND": null, "EXPSOU": null, "NOBJNM": null, "OBJNAM": null, "QUASOU": null, "SOUACC": null, "TECSOU": null, "VERDAT": null, "STATUS": null, "INFORM": null, "NINFOM": null, "NTXTDS": null, "SCAMAX": null, "SCAMIN": 29999, "TXTDSC": null, "RECDAT": null, "RECIND": null, "SORDAT": "20150206", "SORIND": "US,US,reprt,L-246-2015", "DEPTH": 25.3, "_enc_cell": "US4TB3P0", "depth_m": 25.3, "_sound_id": 1089, "CATZOC": 3, "QUAL_POSACC": null, "QUAL_SOUACC": null, "QUAL_SUREND": "2004", "QUAL_SURSTA": null, "QUAL_TECSOU": null, "QUAL_VERDAT": null, "QUAL_INFORM": "U.S. Navy LIDAR Survey, Archive No. 04HFM01, Scale 1:5,000-1:10,000", "QUAL_SORDAT": "20150206", "QUAL_SORIND": "US,US,reprt,L-246-2015", "QUAL_ENC_CELL": "US4TB3P0", "zoc_label": "B", "quality_model_weight": 0.72, "ALLEN_class_name": null, "semantic_zone": "outside_allen_geomorphic_or_unclassified", "allen_mapped": false, "DEPARE_DRVAL1": 20.0, "DEPARE_DRVAL2": 30.0, "DEPARE__enc_cell": "US4TB3P0", "DEPARE_VERDAT": null, "inside_osm_reef_polygon": false, "working_hypothesis_60_70": false, "working_hypothesis_gt100": false }, "geometry": { "type": "Point", "coordinates": [ 134.5863953, 7.3351526, 25.3 ] } },
{ "type": "Feature", "properties": { "RCID": 8841, "PRIM": 1, "GRUP": 2, "OBJL": 129, "RVER": 1, "AGEN": 550, "FIDN": -2004046809, "FIDS": 19802, "LNAM": "0226888CAC274D5A", "LNAM_REFS": null, "FFPT_RIND": null, "EXPSOU": null, "NOBJNM": null, "OBJNAM": null, "QUASOU": null, "SOUACC": null, "TECSOU": null, "VERDAT": null, "STATUS": null, "INFORM": null, "NINFOM": null, "NTXTDS": null, "SCAMAX": null, "SCAMIN": 29999, "TXTDSC": null, "RECDAT": null, "RECIND": null, "SORDAT": "20150206", "SORIND": "US,US,reprt,L-246-2015", "DEPTH": 36.0, "_enc_cell": "US4TB3P0", "depth_m": 36.0, "_sound_id": 1090, "CATZOC": 3, "QUAL_POSACC": null, "QUAL_SOUACC": null, "QUAL_SUREND": "2004", "QUAL_SURSTA": null, "QUAL_TECSOU": null, "QUAL_VERDAT": null, "QUAL_INFORM": "U.S. Navy LIDAR Survey, Archive No. 04HFM01, Scale 1:5,000-1:10,000", "QUAL_SORDAT": "20150206", "QUAL_SORIND": "US,US,reprt,L-246-2015", "QUAL_ENC_CELL": "US4TB3P0", "zoc_label": "B", "quality_model_weight": 0.72, "ALLEN_class_name": null, "semantic_zone": "outside_allen_geomorphic_or_unclassified", "allen_mapped": false, "DEPARE_DRVAL1": 30.0, "DEPARE_DRVAL2": 50.0, "DEPARE__enc_cell": "US4TB3P0", "DEPARE_VERDAT": null, "inside_osm_reef_polygon": false, "working_hypothesis_60_70": false, "working_hypothesis_gt100": false }, "geometry": { "type": "Point", "coordinates": [ 134.5864563, 7.3419805, 36.0 ] } },
{ "type": "Feature", "properties": { "RCID": 8841, "PRIM": 1, "GRUP": 2, "OBJL": 129, "RVER": 1, "AGEN": 550, "FIDN": -2004046809, "FIDS": 19802, "LNAM": "0226888CAC274D5A", "LNAM_REFS": null, "FFPT_RIND": null, "EXPSOU": null, "NOBJNM": null, "OBJNAM": null, "QUASOU": null, "SOUACC": null, "TECSOU": null, "VERDAT": null, "STATUS": null, "INFORM": null, "NINFOM": null, "NTXTDS": null, "SCAMAX": null, "SCAMIN": 29999, "TXTDSC": null, "RECDAT": null, "RECIND": null, "SORDAT": "20150206", "SORIND": "US,US,reprt,L-246-2015", "DEPTH": 39.0, "_enc_cell": "US4TB3P0", "depth_m": 39.0, "_sound_id": 1091, "CATZOC": 3, "QUAL_POSACC": null, "QUAL_SOUACC": null, "QUAL_SUREND": "2004", "QUAL_SURSTA": null, "QUAL_TECSOU": null, "QUAL_VERDAT": null, "QUAL_INFORM": "U.S. Navy LIDAR Survey, Archive No. 04HFM01, Scale 1:5,000-1:10,000", "QUAL_SORDAT": "20150206", "QUAL_SORIND": "US,US,reprt,L-246-2015", "QUAL_ENC_CELL": "US4TB3P0", "zoc_label": "B", "quality_model_weight": 0.72, "ALLEN_class_name": null, "semantic_zone": "outside_allen_geomorphic_or_unclassified", "allen_mapped": false, "DEPARE_DRVAL1": 30.0, "DEPARE_DRVAL2": 50.0, "DEPARE__enc_cell": "US4TB3P0", "DEPARE_VERDAT": null, "inside_osm_reef_polygon": false, "working_hypothesis_60_70": false, "working_hypothesis_gt100": false }, "geometry": { "type": "Point", "coordinates": [ 134.5865021, 7.3370638, 39.0 ] } },
{ "type": "Feature", "properties": { "RCID": 8841, "PRIM": 1, "GRUP": 2, "OBJL": 129, "RVER": 1, "AGEN": 550, "FIDN": -2004046809, "FIDS": 19802, "LNAM": "0226888CAC274D5A", "LNAM_REFS": null, "FFPT_RIND": null, "EXPSOU": null, "NOBJNM": null, "OBJNAM": null, "QUASOU": null, "SOUACC": null, "TECSOU": null, "VERDAT": null, "STATUS": null, "INFORM": null, "NINFOM": null, "NTXTDS": null, "SCAMAX": null, "SCAMIN": 29999, "TXTDSC": null, "RECDAT": null, "RECIND": null, "SORDAT": "20150206", "SORIND": "US,US,reprt,L-246-2015", "DEPTH": 16.9, "_enc_cell": "US4TB3P0", "depth_m": 16.9, "_sound_id": 1092, "CATZOC": 3, "QUAL_POSACC": null, "QUAL_SOUACC": null, "QUAL_SUREND": "2004", "QUAL_SURSTA": null, "QUAL_TECSOU": null, "QUAL_VERDAT": null, "QUAL_INFORM": "U.S. Navy LIDAR Survey, Archive No. 04HFM01, Scale 1:5,000-1:10,000", "QUAL_SORDAT": "20150206", "QUAL_SORIND": "US,US,reprt,L-246-2015", "QUAL_ENC_CELL": "US4TB3P0", "zoc_label": "B", "quality_model_weight": 0.72, "ALLEN_class_name": null, "semantic_zone": "outside_allen_geomorphic_or_unclassified", "allen_mapped": false, "DEPARE_DRVAL1": 10.0, "DEPARE_DRVAL2": 20.0, "DEPARE__enc_cell": "US4TB3P0", "DEPARE_VERDAT": null, "inside_osm_reef_polygon": false, "working_hypothesis_60_70": false, "working_hypothesis_gt100": false }, "geometry": { "type": "Point", "coordinates": [ 134.586593599999986, 7.3327751, 16.9 ] } },
{ "type": "Feature", "properties": { "RCID": 8841, "PRIM": 1, "GRUP": 2, "OBJL": 129, "RVER": 1, "AGEN": 550, "FIDN": -2004046809, "FIDS": 19802, "LNAM": "0226888CAC274D5A", "LNAM_REFS": null, "FFPT_RIND": null, "EXPSOU": null, "NOBJNM": null, "OBJNAM": null, "QUASOU": null, "SOUACC": null, "TECSOU": null, "VERDAT": null, "STATUS": null, "INFORM": null, "NINFOM": null, "NTXTDS": null, "SCAMAX": null, "SCAMIN": 29999, "TXTDSC": null, "RECDAT": null, "RECIND": null, "SORDAT": "20150206", "SORIND": "US,US,reprt,L-246-2015", "DEPTH": 7.3, "_enc_cell": "US4TB3P0", "depth_m": 7.3, "_sound_id": 1093, "CATZOC": 3, "QUAL_POSACC": null, "QUAL_SOUACC": null, "QUAL_SUREND": "2004", "QUAL_SURSTA": null, "QUAL_TECSOU": null, "QUAL_VERDAT": null, "QUAL_INFORM": "U.S. Navy LIDAR Survey, Archive No. 04HFM01, Scale 1:5,000-1:10,000", "QUAL_SORDAT": "20150206", "QUAL_SORIND": "US,US,reprt,L-246-2015", "QUAL_ENC_CELL": "US4TB3P0", "zoc_label": "B", "quality_model_weight": 0.72, "ALLEN_class_name": "Reef Slope", "semantic_zone": "reef_slope", "allen_mapped": true, "DEPARE_DRVAL1": 5.0, "DEPARE_DRVAL2": 10.0, "DEPARE__enc_cell": "US4TB3P0", "DEPARE_VERDAT": null, "inside_osm_reef_polygon": false, "working_hypothesis_60_70": false, "working_hypothesis_gt100": false }, "geometry": { "type": "Point", "coordinates": [ 134.58694460000001, 7.3299332, 7.3 ] } },
{ "type": "Feature", "properties": { "RCID": 8841, "PRIM": 1, "GRUP": 2, "OBJL": 129, "RVER": 1, "AGEN": 550, "FIDN": -2004046809, "FIDS": 19802, "LNAM": "0226888CAC274D5A", "LNAM_REFS": null, "FFPT_RIND": null, "EXPSOU": null, "NOBJNM": null, "OBJNAM": null, "QUASOU": null, "SOUACC": null, "TECSOU": null, "VERDAT": null, "STATUS": null, "INFORM": null, "NINFOM": null, "NTXTDS": null, "SCAMAX": null, "SCAMIN": 29999, "TXTDSC": null, "RECDAT": null, "RECIND": null, "SORDAT": "20150206", "SORIND": "US,US,reprt,L-246-2015", "DEPTH": 2.0, "_enc_cell": "US4TB3P0", "depth_m": 2.0, "_sound_id": 1094, "CATZOC": 3, "QUAL_POSACC": null, "QUAL_SOUACC": null, "QUAL_SUREND": "2004", "QUAL_SURSTA": null, "QUAL_TECSOU": null, "QUAL_VERDAT": null, "QUAL_INFORM": "U.S. Navy LIDAR Survey, Archive No. 04HFM01, Scale 1:5,000-1:10,000", "QUAL_SORDAT": "20150206", "QUAL_SORIND": "US,US,reprt,L-246-2015", "QUAL_ENC_CELL": "US4TB3P0", "zoc_label": "B", "quality_model_weight": 0.72, "ALLEN_class_name": "Reef Crest", "semantic_zone": "reef_flat_or_crest", "allen_mapped": true, "DEPARE_DRVAL1": 0.0, "DEPARE_DRVAL2": 2.0, "DEPARE__enc_cell": "US4TB3P0", "DEPARE_VERDAT": null, "inside_osm_reef_polygon": false, "working_hypothesis_60_70": false, "working_hypothesis_gt100": false }, "geometry": { "type": "Point", "coordinates": [ 134.5870667, 7.3480363, 2.0 ] } },
{ "type": "Feature", "properties": { "RCID": 8841, "PRIM": 1, "GRUP": 2, "OBJL": 129, "RVER": 1, "AGEN": 550, "FIDN": -2004046809, "FIDS": 19802, "LNAM": "0226888CAC274D5A", "LNAM_REFS": null, "FFPT_RIND": null, "EXPSOU": null, "NOBJNM": null, "OBJNAM": null, "QUASOU": null, "SOUACC": null, "TECSOU": null, "VERDAT": null, "STATUS": null, "INFORM": null, "NINFOM": null, "NTXTDS": null, "SCAMAX": null, "SCAMIN": 29999, "TXTDSC": null, "RECDAT": null, "RECIND": null, "SORDAT": "20150206", "SORIND": "US,US,reprt,L-246-2015", "DEPTH": 12.5, "_enc_cell": "US4TB3P0", "depth_m": 12.5, "_sound_id": 1095, "CATZOC": 3, "QUAL_POSACC": null, "QUAL_SOUACC": null, "QUAL_SUREND": "2004", "QUAL_SURSTA": null, "QUAL_TECSOU": null, "QUAL_VERDAT": null, "QUAL_INFORM": "U.S. Navy LIDAR Survey, Archive No. 04HFM01, Scale 1:5,000-1:10,000", "QUAL_SORDAT": "20150206", "QUAL_SORIND": "US,US,reprt,L-246-2015", "QUAL_ENC_CELL": "US4TB3P0", "zoc_label": "B", "quality_model_weight": 0.72, "ALLEN_class_name": null, "semantic_zone": "outside_allen_geomorphic_or_unclassified", "allen_mapped": false, "DEPARE_DRVAL1": 10.0, "DEPARE_DRVAL2": 20.0, "DEPARE__enc_cell": "US4TB3P0", "DEPARE_VERDAT": null, "inside_osm_reef_polygon": false, "working_hypothesis_60_70": false, "working_hypothesis_gt100": false }, "geometry": { "type": "Point", "coordinates": [ 134.587310800000012, 7.3340139, 12.5 ] } },
{ "type": "Feature", "properties": { "RCID": 8841, "PRIM": 1, "GRUP": 2, "OBJL": 129, "RVER": 1, "AGEN": 550, "FIDN": -2004046809, "FIDS": 19802, "LNAM": "0226888CAC274D5A", "LNAM_REFS": null, "FFPT_RIND": null, "EXPSOU": null, "NOBJNM": null, "OBJNAM": null, "QUASOU": null, "SOUACC": null, "TECSOU": null, "VERDAT": null, "STATUS": null, "INFORM": null, "NINFOM": null, "NTXTDS": null, "SCAMAX": null, "SCAMIN": 29999, "TXTDSC": null, "RECDAT": null, "RECIND": null, "SORDAT": "20150206", "SORIND": "US,US,reprt,L-246-2015", "DEPTH": 8.9, "_enc_cell": "US4TB3P0", "depth_m": 8.9, "_sound_id": 1096, "CATZOC": 3, "QUAL_POSACC": null, "QUAL_SOUACC": null, "QUAL_SUREND": "2004", "QUAL_SURSTA": null, "QUAL_TECSOU": null, "QUAL_VERDAT": null, "QUAL_INFORM": "U.S. Navy LIDAR Survey, Archive No. 04HFM01, Scale 1:5,000-1:10,000", "QUAL_SORDAT": "20150206", "QUAL_SORIND": "US,US,reprt,L-246-2015", "QUAL_ENC_CELL": "US4TB3P0", "zoc_label": "B", "quality_model_weight": 0.72, "ALLEN_class_name": "Plateau", "semantic_zone": "plateau", "allen_mapped": true, "DEPARE_DRVAL1": 5.0, "DEPARE_DRVAL2": 10.0, "DEPARE__enc_cell": "US4TB3P0", "DEPARE_VERDAT": null, "inside_osm_reef_polygon": false, "working_hypothesis_60_70": false, "working_hypothesis_gt100": false }, "geometry": { "type": "Point", "coordinates": [ 134.587677, 7.3315668, 8.9 ] } },
{ "type": "Feature", "properties": { "RCID": 8841, "PRIM": 1, "GRUP": 2, "OBJL": 129, "RVER": 1, "AGEN": 550, "FIDN": -2004046809, "FIDS": 19802, "LNAM": "0226888CAC274D5A", "LNAM_REFS": null, "FFPT_RIND": null, "EXPSOU": null, "NOBJNM": null, "OBJNAM": null, "QUASOU": null, "SOUACC": null, "TECSOU": null, "VERDAT": null, "STATUS": null, "INFORM": null, "NINFOM": null, "NTXTDS": null, "SCAMAX": null, "SCAMIN": 29999, "TXTDSC": null, "RECDAT": null, "RECIND": null, "SORDAT": "20150206", "SORIND": "US,US,reprt,L-246-2015", "DEPTH": 15.6, "_enc_cell": "US4TB3P0", "depth_m": 15.6, "_sound_id": 1097, "CATZOC": 3, "QUAL_POSACC": null, "QUAL_SOUACC": null, "QUAL_SUREND": "2004", "QUAL_SURSTA": null, "QUAL_TECSOU": null, "QUAL_VERDAT": null, "QUAL_INFORM": "U.S. Navy LIDAR Survey, Archive No. 04HFM01, Scale 1:5,000-1:10,000", "QUAL_SORDAT": "20150206", "QUAL_SORIND": "US,US,reprt,L-246-2015", "QUAL_ENC_CELL": "US4TB3P0", "zoc_label": "B", "quality_model_weight": 0.72, "ALLEN_class_name": null, "semantic_zone": "outside_allen_geomorphic_or_unclassified", "allen_mapped": false, "DEPARE_DRVAL1": 10.0, "DEPARE_DRVAL2": 20.0, "DEPARE__enc_cell": "US4TB3P0", "DEPARE_VERDAT": null, "inside_osm_reef_polygon": false, "working_hypothesis_60_70": false, "working_hypothesis_gt100": false }, "geometry": { "type": "Point", "coordinates": [ 134.5878449, 7.3290834, 15.6 ] } },
{ "type": "Feature", "properties": { "RCID": 8841, "PRIM": 1, "GRUP": 2, "OBJL": 129, "RVER": 1, "AGEN": 550, "FIDN": -2004046809, "FIDS": 19802, "LNAM": "0226888CAC274D5A", "LNAM_REFS": null, "FFPT_RIND": null, "EXPSOU": null, "NOBJNM": null, "OBJNAM": null, "QUASOU": null, "SOUACC": null, "TECSOU": null, "VERDAT": null, "STATUS": null, "INFORM": null, "NINFOM": null, "NTXTDS": null, "SCAMAX": null, "SCAMIN": 29999, "TXTDSC": null, "RECDAT": null, "RECIND": null, "SORDAT": "20150206", "SORIND": "US,US,reprt,L-246-2015", "DEPTH": 9.4, "_enc_cell": "US4TB3P0", "depth_m": 9.4, "_sound_id": 1098, "CATZOC": 3, "QUAL_POSACC": null, "QUAL_SOUACC": null, "QUAL_SUREND": "2004", "QUAL_SURSTA": null, "QUAL_TECSOU": null, "QUAL_VERDAT": null, "QUAL_INFORM": "U.S. Navy LIDAR Survey, Archive No. 04HFM01, Scale 1:5,000-1:10,000", "QUAL_SORDAT": "20150206", "QUAL_SORIND": "US,US,reprt,L-246-2015", "QUAL_ENC_CELL": "US4TB3P0", "zoc_label": "B", "quality_model_weight": 0.72, "ALLEN_class_name": "Plateau", "semantic_zone": "plateau", "allen_mapped": true, "DEPARE_DRVAL1": 5.0, "DEPARE_DRVAL2": 10.0, "DEPARE__enc_cell": "US4TB3P0", "DEPARE_VERDAT": null, "inside_osm_reef_polygon": false, "working_hypothesis_60_70": false, "working_hypothesis_gt100": false }, "geometry": { "type": "Point", "coordinates": [ 134.58790590000001, 7.3306556, 9.4 ] } },
{ "type": "Feature", "properties": { "RCID": 8841, "PRIM": 1, "GRUP": 2, "OBJL": 129, "RVER": 1, "AGEN": 550, "FIDN": -2004046809, "FIDS": 19802, "LNAM": "0226888CAC274D5A", "LNAM_REFS": null, "FFPT_RIND": null, "EXPSOU": null, "NOBJNM": null, "OBJNAM": null, "QUASOU": null, "SOUACC": null, "TECSOU": null, "VERDAT": null, "STATUS": null, "INFORM": null, "NINFOM": null, "NTXTDS": null, "SCAMAX": null, "SCAMIN": 29999, "TXTDSC": null, "RECDAT": null, "RECIND": null, "SORDAT": "20150206", "SORIND": "US,US,reprt,L-246-2015", "DEPTH": 34.0, "_enc_cell": "US4TB3P0", "depth_m": 34.0, "_sound_id": 1099, "CATZOC": 3, "QUAL_POSACC": null, "QUAL_SOUACC": null, "QUAL_SUREND": "2004", "QUAL_SURSTA": null, "QUAL_TECSOU": null, "QUAL_VERDAT": null, "QUAL_INFORM": "U.S. Navy LIDAR Survey, Archive No. 04HFM01, Scale 1:5,000-1:10,000", "QUAL_SORDAT": "20150206", "QUAL_SORIND": "US,US,reprt,L-246-2015", "QUAL_ENC_CELL": "US4TB3P0", "zoc_label": "B", "quality_model_weight": 0.72, "ALLEN_class_name": null, "semantic_zone": "outside_allen_geomorphic_or_unclassified", "allen_mapped": false, "DEPARE_DRVAL1": 30.0, "DEPARE_DRVAL2": 50.0, "DEPARE__enc_cell": "US4TB3P0", "DEPARE_VERDAT": null, "inside_osm_reef_polygon": false, "working_hypothesis_60_70": false, "working_hypothesis_gt100": false }, "geometry": { "type": "Point", "coordinates": [ 134.58815, 7.3414583, 34.0 ] } },
{ "type": "Feature", "properties": { "RCID": 8841, "PRIM": 1, "GRUP": 2, "OBJL": 129, "RVER": 1, "AGEN": 550, "FIDN": -2004046809, "FIDS": 19802, "LNAM": "0226888CAC274D5A", "LNAM_REFS": null, "FFPT_RIND": null, "EXPSOU": null, "NOBJNM": null, "OBJNAM": null, "QUASOU": null, "SOUACC": null, "TECSOU": null, "VERDAT": null, "STATUS": null, "INFORM": null, "NINFOM": null, "NTXTDS": null, "SCAMAX": null, "SCAMIN": 29999, "TXTDSC": null, "RECDAT": null, "RECIND": null, "SORDAT": "20150206", "SORIND": "US,US,reprt,L-246-2015", "DEPTH": 74.0, "_enc_cell": "US4TB3P0", "depth_m": 74.0, "_sound_id": 1100, "CATZOC": 5, "QUAL_POSACC": null, "QUAL_SOUACC": null, "QUAL_SUREND": "1938", "QUAL_SURSTA": "1915", "QUAL_TECSOU": null, "QUAL_VERDAT": null, "QUAL_INFORM": "Former Japan Chart 481 (Ed. 1940, Rev. 1944), from Japan surveys, Scale 1:25,000", "QUAL_SORDAT": "20150206", "QUAL_SORIND": "US,US,reprt,L-246-2015", "QUAL_ENC_CELL": "US4TB3P0", "zoc_label": "D", "quality_model_weight": 0.22, "ALLEN_class_name": null, "semantic_zone": "outside_allen_geomorphic_or_unclassified", "allen_mapped": false, "DEPARE_DRVAL1": 50.0, "DEPARE_DRVAL2": 100.0, "DEPARE__enc_cell": "US4TB3P0", "DEPARE_VERDAT": null, "inside_osm_reef_polygon": false, "working_hypothesis_60_70": false, "working_hypothesis_gt100": false }, "geometry": { "type": "Point", "coordinates": [ 134.5882111, 7.3269696, 74.0 ] } },
{ "type": "Feature", "properties": { "RCID": 8841, "PRIM": 1, "GRUP": 2, "OBJL": 129, "RVER": 1, "AGEN": 550, "FIDN": -2004046809, "FIDS": 19802, "LNAM": "0226888CAC274D5A", "LNAM_REFS": null, "FFPT_RIND": null, "EXPSOU": null, "NOBJNM": null, "OBJNAM": null, "QUASOU": null, "SOUACC": null, "TECSOU": null, "VERDAT": null, "STATUS": null, "INFORM": null, "NINFOM": null, "NTXTDS": null, "SCAMAX": null, "SCAMIN": 29999, "TXTDSC": null, "RECDAT": null, "RECIND": null, "SORDAT": "20150206", "SORIND": "US,US,reprt,L-246-2015", "DEPTH": 384.0, "_enc_cell": "US4TB3P0", "depth_m": 384.0, "_sound_id": 1101, "CATZOC": 5, "QUAL_POSACC": null, "QUAL_SOUACC": null, "QUAL_SUREND": "1938", "QUAL_SURSTA": "1915", "QUAL_TECSOU": null, "QUAL_VERDAT": null, "QUAL_INFORM": "Former Japan Chart 481 (Ed. 1940, Rev. 1944), from Japan surveys, Scale 1:25,000", "QUAL_SORDAT": "20150206", "QUAL_SORIND": "US,US,reprt,L-246-2015", "QUAL_ENC_CELL": "US4TB3P0", "zoc_label": "D", "quality_model_weight": 0.22, "ALLEN_class_name": null, "semantic_zone": "outside_allen_geomorphic_or_unclassified", "allen_mapped": false, "DEPARE_DRVAL1": 200.0, "DEPARE_DRVAL2": 1000.0, "DEPARE__enc_cell": "US4TB3P0", "DEPARE_VERDAT": null, "inside_osm_reef_polygon": false, "working_hypothesis_60_70": false, "working_hypothesis_gt100": true }, "geometry": { "type": "Point", "coordinates": [ 134.5883179, 7.3236723, 384.0 ] } },
{ "type": "Feature", "properties": { "RCID": 8841, "PRIM": 1, "GRUP": 2, "OBJL": 129, "RVER": 1, "AGEN": 550, "FIDN": -2004046809, "FIDS": 19802, "LNAM": "0226888CAC274D5A", "LNAM_REFS": null, "FFPT_RIND": null, "EXPSOU": null, "NOBJNM": null, "OBJNAM": null, "QUASOU": null, "SOUACC": null, "TECSOU": null, "VERDAT": null, "STATUS": null, "INFORM": null, "NINFOM": null, "NTXTDS": null, "SCAMAX": null, "SCAMIN": 29999, "TXTDSC": null, "RECDAT": null, "RECIND": null, "SORDAT": "20150206", "SORIND": "US,US,reprt,L-246-2015", "DEPTH": 12.9, "_enc_cell": "US4TB3P0", "depth_m": 12.9, "_sound_id": 1102, "CATZOC": 3, "QUAL_POSACC": null, "QUAL_SOUACC": null, "QUAL_SUREND": "2004", "QUAL_SURSTA": null, "QUAL_TECSOU": null, "QUAL_VERDAT": null, "QUAL_INFORM": "U.S. Navy LIDAR Survey, Archive No. 04HFM01, Scale 1:5,000-1:10,000", "QUAL_SORDAT": "20150206", "QUAL_SORIND": "US,US,reprt,L-246-2015", "QUAL_ENC_CELL": "US4TB3P0", "zoc_label": "B", "quality_model_weight": 0.72, "ALLEN_class_name": "Reef Slope", "semantic_zone": "reef_slope", "allen_mapped": true, "DEPARE_DRVAL1": 10.0, "DEPARE_DRVAL2": 20.0, "DEPARE__enc_cell": "US4TB3P0", "DEPARE_VERDAT": null, "inside_osm_reef_polygon": false, "working_hypothesis_60_70": false, "working_hypothesis_gt100": false }, "geometry": { "type": "Point", "coordinates": [ 134.588653599999986, 7.348403, 12.9 ] } },
{ "type": "Feature", "properties": { "RCID": 8841, "PRIM": 1, "GRUP": 2, "OBJL": 129, "RVER": 1, "AGEN": 550, "FIDN": -2004046809, "FIDS": 19802, "LNAM": "0226888CAC274D5A", "LNAM_REFS": null, "FFPT_RIND": null, "EXPSOU": null, "NOBJNM": null, "OBJNAM": null, "QUASOU": null, "SOUACC": null, "TECSOU": null, "VERDAT": null, "STATUS": null, "INFORM": null, "NINFOM": null, "NTXTDS": null, "SCAMAX": null, "SCAMIN": 29999, "TXTDSC": null, "RECDAT": null, "RECIND": null, "SORDAT": "20150206", "SORIND": "US,US,reprt,L-246-2015", "DEPTH": 21.8, "_enc_cell": "US4TB3P0", "depth_m": 21.8, "_sound_id": 1103, "CATZOC": 3, "QUAL_POSACC": null, "QUAL_SOUACC": null, "QUAL_SUREND": "2004", "QUAL_SURSTA": null, "QUAL_TECSOU": null, "QUAL_VERDAT": null, "QUAL_INFORM": "U.S. Navy LIDAR Survey, Archive No. 04HFM01, Scale 1:5,000-1:10,000", "QUAL_SORDAT": "20150206", "QUAL_SORIND": "US,US,reprt,L-246-2015", "QUAL_ENC_CELL": "US4TB3P0", "zoc_label": "B", "quality_model_weight": 0.72, "ALLEN_class_name": null, "semantic_zone": "outside_allen_geomorphic_or_unclassified", "allen_mapped": false, "DEPARE_DRVAL1": 20.0, "DEPARE_DRVAL2": 30.0, "DEPARE__enc_cell": "US4TB3P0", "DEPARE_VERDAT": null, "inside_osm_reef_polygon": false, "working_hypothesis_60_70": false, "working_hypothesis_gt100": false }, "geometry": { "type": "Point", "coordinates": [ 134.5887146, 7.3335695, 21.8 ] } },
{ "type": "Feature", "properties": { "RCID": 8841, "PRIM": 1, "GRUP": 2, "OBJL": 129, "RVER": 1, "AGEN": 550, "FIDN": -2004046809, "FIDS": 19802, "LNAM": "0226888CAC274D5A", "LNAM_REFS": null, "FFPT_RIND": null, "EXPSOU": null, "NOBJNM": null, "OBJNAM": null, "QUASOU": null, "SOUACC": null, "TECSOU": null, "VERDAT": null, "STATUS": null, "INFORM": null, "NINFOM": null, "NTXTDS": null, "SCAMAX": null, "SCAMIN": 29999, "TXTDSC": null, "RECDAT": null, "RECIND": null, "SORDAT": "20150206", "SORIND": "US,US,reprt,L-246-2015", "DEPTH": 40.0, "_enc_cell": "US4TB3P0", "depth_m": 40.0, "_sound_id": 1104, "CATZOC": 3, "QUAL_POSACC": null, "QUAL_SOUACC": null, "QUAL_SUREND": "2004", "QUAL_SURSTA": null, "QUAL_TECSOU": null, "QUAL_VERDAT": null, "QUAL_INFORM": "U.S. Navy LIDAR Survey, Archive No. 04HFM01, Scale 1:5,000-1:10,000", "QUAL_SORDAT": "20150206", "QUAL_SORIND": "US,US,reprt,L-246-2015", "QUAL_ENC_CELL": "US4TB3P0", "zoc_label": "B", "quality_model_weight": 0.72, "ALLEN_class_name": null, "semantic_zone": "outside_allen_geomorphic_or_unclassified", "allen_mapped": false, "DEPARE_DRVAL1": 30.0, "DEPARE_DRVAL2": 50.0, "DEPARE__enc_cell": "US4TB3P0", "DEPARE_VERDAT": null, "inside_osm_reef_polygon": false, "working_hypothesis_60_70": false, "working_hypothesis_gt100": false }, "geometry": { "type": "Point", "coordinates": [ 134.5887146, 7.3388085, 40.0 ] } },
{ "type": "Feature", "properties": { "RCID": 8841, "PRIM": 1, "GRUP": 2, "OBJL": 129, "RVER": 1, "AGEN": 550, "FIDN": -2004046809, "FIDS": 19802, "LNAM": "0226888CAC274D5A", "LNAM_REFS": null, "FFPT_RIND": null, "EXPSOU": null, "NOBJNM": null, "OBJNAM": null, "QUASOU": null, "SOUACC": null, "TECSOU": null, "VERDAT": null, "STATUS": null, "INFORM": null, "NINFOM": null, "NTXTDS": null, "SCAMAX": null, "SCAMIN": 29999, "TXTDSC": null, "RECDAT": null, "RECIND": null, "SORDAT": "20150206", "SORIND": "US,US,reprt,L-246-2015", "DEPTH": 13.6, "_enc_cell": "US4TB3P0", "depth_m": 13.6, "_sound_id": 1105, "CATZOC": 3, "QUAL_POSACC": null, "QUAL_SOUACC": null, "QUAL_SUREND": "2004", "QUAL_SURSTA": null, "QUAL_TECSOU": null, "QUAL_VERDAT": null, "QUAL_INFORM": "U.S. Navy LIDAR Survey, Archive No. 04HFM01, Scale 1:5,000-1:10,000", "QUAL_SORDAT": "20150206", "QUAL_SORIND": "US,US,reprt,L-246-2015", "QUAL_ENC_CELL": "US4TB3P0", "zoc_label": "B", "quality_model_weight": 0.72, "ALLEN_class_name": null, "semantic_zone": "outside_allen_geomorphic_or_unclassified", "allen_mapped": false, "DEPARE_DRVAL1": 10.0, "DEPARE_DRVAL2": 20.0, "DEPARE__enc_cell": "US4TB3P0", "DEPARE_VERDAT": null, "inside_osm_reef_polygon": false, "working_hypothesis_60_70": false, "working_hypothesis_gt100": false }, "geometry": { "type": "Point", "coordinates": [ 134.588760400000012, 7.3301945, 13.6 ] } },
{ "type": "Feature", "properties": { "RCID": 8841, "PRIM": 1, "GRUP": 2, "OBJL": 129, "RVER": 1, "AGEN": 550, "FIDN": -2004046809, "FIDS": 19802, "LNAM": "0226888CAC274D5A", "LNAM_REFS": null, "FFPT_RIND": null, "EXPSOU": null, "NOBJNM": null, "OBJNAM": null, "QUASOU": null, "SOUACC": null, "TECSOU": null, "VERDAT": null, "STATUS": null, "INFORM": null, "NINFOM": null, "NTXTDS": null, "SCAMAX": null, "SCAMIN": 29999, "TXTDSC": null, "RECDAT": null, "RECIND": null, "SORDAT": "20150206", "SORIND": "US,US,reprt,L-246-2015", "DEPTH": 41.0, "_enc_cell": "US4TB3P0", "depth_m": 41.0, "_sound_id": 1106, "CATZOC": 3, "QUAL_POSACC": null, "QUAL_SOUACC": null, "QUAL_SUREND": "2004", "QUAL_SURSTA": null, "QUAL_TECSOU": null, "QUAL_VERDAT": null, "QUAL_INFORM": "U.S. Navy LIDAR Survey, Archive No. 04HFM01, Scale 1:5,000-1:10,000", "QUAL_SORDAT": "20150206", "QUAL_SORIND": "US,US,reprt,L-246-2015", "QUAL_ENC_CELL": "US4TB3P0", "zoc_label": "B", "quality_model_weight": 0.72, "ALLEN_class_name": null, "semantic_zone": "outside_allen_geomorphic_or_unclassified", "allen_mapped": false, "DEPARE_DRVAL1": 30.0, "DEPARE_DRVAL2": 50.0, "DEPARE__enc_cell": "US4TB3P0", "DEPARE_VERDAT": null, "inside_osm_reef_polygon": false, "working_hypothesis_60_70": false, "working_hypothesis_gt100": false }, "geometry": { "type": "Point", "coordinates": [ 134.5888062, 7.3374443, 41.0 ] } },
{ "type": "Feature", "properties": { "RCID": 8841, "PRIM": 1, "GRUP": 2, "OBJL": 129, "RVER": 1, "AGEN": 550, "FIDN": -2004046809, "FIDS": 19802, "LNAM": "0226888CAC274D5A", "LNAM_REFS": null, "FFPT_RIND": null, "EXPSOU": null, "NOBJNM": null, "OBJNAM": null, "QUASOU": null, "SOUACC": null, "TECSOU": null, "VERDAT": null, "STATUS": null, "INFORM": null, "NINFOM": null, "NTXTDS": null, "SCAMAX": null, "SCAMIN": 29999, "TXTDSC": null, "RECDAT": null, "RECIND": null, "SORDAT": "20150206", "SORIND": "US,US,reprt,L-246-2015", "DEPTH": 27.7, "_enc_cell": "US4TB3P0", "depth_m": 27.7, "_sound_id": 1107, "CATZOC": 3, "QUAL_POSACC": null, "QUAL_SOUACC": null, "QUAL_SUREND": "2004", "QUAL_SURSTA": null, "QUAL_TECSOU": null, "QUAL_VERDAT": null, "QUAL_INFORM": "U.S. Navy LIDAR Survey, Archive No. 04HFM01, Scale 1:5,000-1:10,000", "QUAL_SORDAT": "20150206", "QUAL_SORIND": "US,US,reprt,L-246-2015", "QUAL_ENC_CELL": "US4TB3P0", "zoc_label": "B", "quality_model_weight": 0.72, "ALLEN_class_name": null, "semantic_zone": "outside_allen_geomorphic_or_unclassified", "allen_mapped": false, "DEPARE_DRVAL1": 20.0, "DEPARE_DRVAL2": 30.0, "DEPARE__enc_cell": "US4TB3P0", "DEPARE_VERDAT": null, "inside_osm_reef_polygon": false, "working_hypothesis_60_70": false, "working_hypothesis_gt100": false }, "geometry": { "type": "Point", "coordinates": [ 134.588913, 7.3455081, 27.7 ] } },
{ "type": "Feature", "properties": { "RCID": 8841, "PRIM": 1, "GRUP": 2, "OBJL": 129, "RVER": 1, "AGEN": 550, "FIDN": -2004046809, "FIDS": 19802, "LNAM": "0226888CAC274D5A", "LNAM_REFS": null, "FFPT_RIND": null, "EXPSOU": null, "NOBJNM": null, "OBJNAM": null, "QUASOU": null, "SOUACC": null, "TECSOU": null, "VERDAT": null, "STATUS": null, "INFORM": null, "NINFOM": null, "NTXTDS": null, "SCAMAX": null, "SCAMIN": 29999, "TXTDSC": null, "RECDAT": null, "RECIND": null, "SORDAT": "20150206", "SORIND": "US,US,reprt,L-246-2015", "DEPTH": 29.6, "_enc_cell": "US4TB3P0", "depth_m": 29.6, "_sound_id": 1108, "CATZOC": 3, "QUAL_POSACC": null, "QUAL_SOUACC": null, "QUAL_SUREND": "2004", "QUAL_SURSTA": null, "QUAL_TECSOU": null, "QUAL_VERDAT": null, "QUAL_INFORM": "U.S. Navy LIDAR Survey, Archive No. 04HFM01, Scale 1:5,000-1:10,000", "QUAL_SORDAT": "20150206", "QUAL_SORIND": "US,US,reprt,L-246-2015", "QUAL_ENC_CELL": "US4TB3P0", "zoc_label": "B", "quality_model_weight": 0.72, "ALLEN_class_name": null, "semantic_zone": "outside_allen_geomorphic_or_unclassified", "allen_mapped": false, "DEPARE_DRVAL1": 20.0, "DEPARE_DRVAL2": 30.0, "DEPARE__enc_cell": "US4TB3P0", "DEPARE_VERDAT": null, "inside_osm_reef_polygon": false, "working_hypothesis_60_70": false, "working_hypothesis_gt100": false }, "geometry": { "type": "Point", "coordinates": [ 134.5892792, 7.3429613, 29.6 ] } },
{ "type": "Feature", "properties": { "RCID": 8841, "PRIM": 1, "GRUP": 2, "OBJL": 129, "RVER": 1, "AGEN": 550, "FIDN": -2004046809, "FIDS": 19802, "LNAM": "0226888CAC274D5A", "LNAM_REFS": null, "FFPT_RIND": null, "EXPSOU": null, "NOBJNM": null, "OBJNAM": null, "QUASOU": null, "SOUACC": null, "TECSOU": null, "VERDAT": null, "STATUS": null, "INFORM": null, "NINFOM": null, "NTXTDS": null, "SCAMAX": null, "SCAMIN": 29999, "TXTDSC": null, "RECDAT": null, "RECIND": null, "SORDAT": "20150206", "SORIND": "US,US,reprt,L-246-2015", "DEPTH": 42.0, "_enc_cell": "US4TB3P0", "depth_m": 42.0, "_sound_id": 1109, "CATZOC": 3, "QUAL_POSACC": null, "QUAL_SOUACC": null, "QUAL_SUREND": "2004", "QUAL_SURSTA": null, "QUAL_TECSOU": null, "QUAL_VERDAT": null, "QUAL_INFORM": "U.S. Navy LIDAR Survey, Archive No. 04HFM01, Scale 1:5,000-1:10,000", "QUAL_SORDAT": "20150206", "QUAL_SORIND": "US,US,reprt,L-246-2015", "QUAL_ENC_CELL": "US4TB3P0", "zoc_label": "B", "quality_model_weight": 0.72, "ALLEN_class_name": null, "semantic_zone": "outside_allen_geomorphic_or_unclassified", "allen_mapped": false, "DEPARE_DRVAL1": 30.0, "DEPARE_DRVAL2": 50.0, "DEPARE__enc_cell": "US4TB3P0", "DEPARE_VERDAT": null, "inside_osm_reef_polygon": false, "working_hypothesis_60_70": false, "working_hypothesis_gt100": false }, "geometry": { "type": "Point", "coordinates": [ 134.5893402, 7.340672, 42.0 ] } },
{ "type": "Feature", "properties": { "RCID": 8841, "PRIM": 1, "GRUP": 2, "OBJL": 129, "RVER": 1, "AGEN": 550, "FIDN": -2004046809, "FIDS": 19802, "LNAM": "0226888CAC274D5A", "LNAM_REFS": null, "FFPT_RIND": null, "EXPSOU": null, "NOBJNM": null, "OBJNAM": null, "QUASOU": null, "SOUACC": null, "TECSOU": null, "VERDAT": null, "STATUS": null, "INFORM": null, "NINFOM": null, "NTXTDS": null, "SCAMAX": null, "SCAMIN": 29999, "TXTDSC": null, "RECDAT": null, "RECIND": null, "SORDAT": "20150206", "SORIND": "US,US,reprt,L-246-2015", "DEPTH": 12.4, "_enc_cell": "US4TB3P0", "depth_m": 12.4, "_sound_id": 1110, "CATZOC": 3, "QUAL_POSACC": null, "QUAL_SOUACC": null, "QUAL_SUREND": "2004", "QUAL_SURSTA": null, "QUAL_TECSOU": null, "QUAL_VERDAT": null, "QUAL_INFORM": "U.S. Navy LIDAR Survey, Archive No. 04HFM01, Scale 1:5,000-1:10,000", "QUAL_SORDAT": "20150206", "QUAL_SORIND": "US,US,reprt,L-246-2015", "QUAL_ENC_CELL": "US4TB3P0", "zoc_label": "B", "quality_model_weight": 0.72, "ALLEN_class_name": null, "semantic_zone": "outside_allen_geomorphic_or_unclassified", "allen_mapped": false, "DEPARE_DRVAL1": 10.0, "DEPARE_DRVAL2": 20.0, "DEPARE__enc_cell": "US4TB3P0", "DEPARE_VERDAT": null, "inside_osm_reef_polygon": false, "working_hypothesis_60_70": false, "working_hypothesis_gt100": false }, "geometry": { "type": "Point", "coordinates": [ 134.5894318, 7.3318, 12.4 ] } },
{ "type": "Feature", "properties": { "RCID": 8841, "PRIM": 1, "GRUP": 2, "OBJL": 129, "RVER": 1, "AGEN": 550, "FIDN": -2004046809, "FIDS": 19802, "LNAM": "0226888CAC274D5A", "LNAM_REFS": null, "FFPT_RIND": null, "EXPSOU": null, "NOBJNM": null, "OBJNAM": null, "QUASOU": null, "SOUACC": null, "TECSOU": null, "VERDAT": null, "STATUS": null, "INFORM": null, "NINFOM": null, "NTXTDS": null, "SCAMAX": null, "SCAMIN": 29999, "TXTDSC": null, "RECDAT": null, "RECIND": null, "SORDAT": "20150206", "SORIND": "US,US,reprt,L-246-2015", "DEPTH": 43.0, "_enc_cell": "US4TB3P0", "depth_m": 43.0, "_sound_id": 1111, "CATZOC": 3, "QUAL_POSACC": null, "QUAL_SOUACC": null, "QUAL_SUREND": "2004", "QUAL_SURSTA": null, "QUAL_TECSOU": null, "QUAL_VERDAT": null, "QUAL_INFORM": "U.S. Navy LIDAR Survey, Archive No. 04HFM01, Scale 1:5,000-1:10,000", "QUAL_SORDAT": "20150206", "QUAL_SORIND": "US,US,reprt,L-246-2015", "QUAL_ENC_CELL": "US4TB3P0", "zoc_label": "B", "quality_model_weight": 0.72, "ALLEN_class_name": null, "semantic_zone": "outside_allen_geomorphic_or_unclassified", "allen_mapped": false, "DEPARE_DRVAL1": 30.0, "DEPARE_DRVAL2": 50.0, "DEPARE__enc_cell": "US4TB3P0", "DEPARE_VERDAT": null, "inside_osm_reef_polygon": false, "working_hypothesis_60_70": false, "working_hypothesis_gt100": false }, "geometry": { "type": "Point", "coordinates": [ 134.5895691, 7.3419471, 43.0 ] } },
{ "type": "Feature", "properties": { "RCID": 8841, "PRIM": 1, "GRUP": 2, "OBJL": 129, "RVER": 1, "AGEN": 550, "FIDN": -2004046809, "FIDS": 19802, "LNAM": "0226888CAC274D5A", "LNAM_REFS": null, "FFPT_RIND": null, "EXPSOU": null, "NOBJNM": null, "OBJNAM": null, "QUASOU": null, "SOUACC": null, "TECSOU": null, "VERDAT": null, "STATUS": null, "INFORM": null, "NINFOM": null, "NTXTDS": null, "SCAMAX": null, "SCAMIN": 29999, "TXTDSC": null, "RECDAT": null, "RECIND": null, "SORDAT": "20150206", "SORIND": "US,US,reprt,L-246-2015", "DEPTH": 43.0, "_enc_cell": "US4TB3P0", "depth_m": 43.0, "_sound_id": 1112, "CATZOC": 3, "QUAL_POSACC": null, "QUAL_SOUACC": null, "QUAL_SUREND": "2004", "QUAL_SURSTA": null, "QUAL_TECSOU": null, "QUAL_VERDAT": null, "QUAL_INFORM": "U.S. Navy LIDAR Survey, Archive No. 04HFM01, Scale 1:5,000-1:10,000", "QUAL_SORDAT": "20150206", "QUAL_SORIND": "US,US,reprt,L-246-2015", "QUAL_ENC_CELL": "US4TB3P0", "zoc_label": "B", "quality_model_weight": 0.72, "ALLEN_class_name": null, "semantic_zone": "outside_allen_geomorphic_or_unclassified", "allen_mapped": false, "DEPARE_DRVAL1": 30.0, "DEPARE_DRVAL2": 50.0, "DEPARE__enc_cell": "US4TB3P0", "DEPARE_VERDAT": null, "inside_osm_reef_polygon": false, "working_hypothesis_60_70": false, "working_hypothesis_gt100": false }, "geometry": { "type": "Point", "coordinates": [ 134.589706400000011, 7.3352137, 43.0 ] } },
{ "type": "Feature", "properties": { "RCID": 8841, "PRIM": 1, "GRUP": 2, "OBJL": 129, "RVER": 1, "AGEN": 550, "FIDN": -2004046809, "FIDS": 19802, "LNAM": "0226888CAC274D5A", "LNAM_REFS": null, "FFPT_RIND": null, "EXPSOU": null, "NOBJNM": null, "OBJNAM": null, "QUASOU": null, "SOUACC": null, "TECSOU": null, "VERDAT": null, "STATUS": null, "INFORM": null, "NINFOM": null, "NTXTDS": null, "SCAMAX": null, "SCAMIN": 29999, "TXTDSC": null, "RECDAT": null, "RECIND": null, "SORDAT": "20150206", "SORIND": "US,US,reprt,L-246-2015", "DEPTH": 2.3, "_enc_cell": "US4TB3P0", "depth_m": 2.3, "_sound_id": 1113, "CATZOC": 3, "QUAL_POSACC": null, "QUAL_SOUACC": null, "QUAL_SUREND": "2004", "QUAL_SURSTA": null, "QUAL_TECSOU": null, "QUAL_VERDAT": null, "QUAL_INFORM": "U.S. Navy LIDAR Survey, Archive No. 04HFM01, Scale 1:5,000-1:10,000", "QUAL_SORDAT": "20150206", "QUAL_SORIND": "US,US,reprt,L-246-2015", "QUAL_ENC_CELL": "US4TB3P0", "zoc_label": "B", "quality_model_weight": 0.72, "ALLEN_class_name": "Reef Slope", "semantic_zone": "reef_slope", "allen_mapped": true, "DEPARE_DRVAL1": 2.0, "DEPARE_DRVAL2": 5.0, "DEPARE__enc_cell": "US4TB3P0", "DEPARE_VERDAT": null, "inside_osm_reef_polygon": false, "working_hypothesis_60_70": false, "working_hypothesis_gt100": false }, "geometry": { "type": "Point", "coordinates": [ 134.5900421, 7.3489332, 2.3 ] } },
{ "type": "Feature", "properties": { "RCID": 8841, "PRIM": 1, "GRUP": 2, "OBJL": 129, "RVER": 1, "AGEN": 550, "FIDN": -2004046809, "FIDS": 19802, "LNAM": "0226888CAC274D5A", "LNAM_REFS": null, "FFPT_RIND": null, "EXPSOU": null, "NOBJNM": null, "OBJNAM": null, "QUASOU": null, "SOUACC": null, "TECSOU": null, "VERDAT": null, "STATUS": null, "INFORM": null, "NINFOM": null, "NTXTDS": null, "SCAMAX": null, "SCAMIN": 29999, "TXTDSC": null, "RECDAT": null, "RECIND": null, "SORDAT": "20150206", "SORIND": "US,US,reprt,L-246-2015", "DEPTH": 35.0, "_enc_cell": "US4TB3P0", "depth_m": 35.0, "_sound_id": 1114, "CATZOC": 3, "QUAL_POSACC": null, "QUAL_SOUACC": null, "QUAL_SUREND": "2004", "QUAL_SURSTA": null, "QUAL_TECSOU": null, "QUAL_VERDAT": null, "QUAL_INFORM": "U.S. Navy LIDAR Survey, Archive No. 04HFM01, Scale 1:5,000-1:10,000", "QUAL_SORDAT": "20150206", "QUAL_SORIND": "US,US,reprt,L-246-2015", "QUAL_ENC_CELL": "US4TB3P0", "zoc_label": "B", "quality_model_weight": 0.72, "ALLEN_class_name": null, "semantic_zone": "outside_allen_geomorphic_or_unclassified", "allen_mapped": false, "DEPARE_DRVAL1": 30.0, "DEPARE_DRVAL2": 50.0, "DEPARE__enc_cell": "US4TB3P0", "DEPARE_VERDAT": null, "inside_osm_reef_polygon": false, "working_hypothesis_60_70": false, "working_hypothesis_gt100": false }, "geometry": { "type": "Point", "coordinates": [ 134.590271, 7.3472419, 35.0 ] } },
{ "type": "Feature", "properties": { "RCID": 8841, "PRIM": 1, "GRUP": 2, "OBJL": 129, "RVER": 1, "AGEN": 550, "FIDN": -2004046809, "FIDS": 19802, "LNAM": "0226888CAC274D5A", "LNAM_REFS": null, "FFPT_RIND": null, "EXPSOU": null, "NOBJNM": null, "OBJNAM": null, "QUASOU": null, "SOUACC": null, "TECSOU": null, "VERDAT": null, "STATUS": null, "INFORM": null, "NINFOM": null, "NTXTDS": null, "SCAMAX": null, "SCAMIN": 29999, "TXTDSC": null, "RECDAT": null, "RECIND": null, "SORDAT": "20150206", "SORIND": "US,US,reprt,L-246-2015", "DEPTH": 32.0, "_enc_cell": "US4TB3P0", "depth_m": 32.0, "_sound_id": 1115, "CATZOC": 3, "QUAL_POSACC": null, "QUAL_SOUACC": null, "QUAL_SUREND": "2004", "QUAL_SURSTA": null, "QUAL_TECSOU": null, "QUAL_VERDAT": null, "QUAL_INFORM": "U.S. Navy LIDAR Survey, Archive No. 04HFM01, Scale 1:5,000-1:10,000", "QUAL_SORDAT": "20150206", "QUAL_SORIND": "US,US,reprt,L-246-2015", "QUAL_ENC_CELL": "US4TB3P0", "zoc_label": "B", "quality_model_weight": 0.72, "ALLEN_class_name": null, "semantic_zone": "outside_allen_geomorphic_or_unclassified", "allen_mapped": false, "DEPARE_DRVAL1": 30.0, "DEPARE_DRVAL2": 50.0, "DEPARE__enc_cell": "US4TB3P0", "DEPARE_VERDAT": null, "inside_osm_reef_polygon": false, "working_hypothesis_60_70": false, "working_hypothesis_gt100": false }, "geometry": { "type": "Point", "coordinates": [ 134.59030150000001, 7.3376222, 32.0 ] } },
{ "type": "Feature", "properties": { "RCID": 8841, "PRIM": 1, "GRUP": 2, "OBJL": 129, "RVER": 1, "AGEN": 550, "FIDN": -2004046809, "FIDS": 19802, "LNAM": "0226888CAC274D5A", "LNAM_REFS": null, "FFPT_RIND": null, "EXPSOU": null, "NOBJNM": null, "OBJNAM": null, "QUASOU": null, "SOUACC": null, "TECSOU": null, "VERDAT": null, "STATUS": null, "INFORM": null, "NINFOM": null, "NTXTDS": null, "SCAMAX": null, "SCAMIN": 29999, "TXTDSC": null, "RECDAT": null, "RECIND": null, "SORDAT": "20150206", "SORIND": "US,US,reprt,L-246-2015", "DEPTH": 29.9, "_enc_cell": "US4TB3P0", "depth_m": 29.9, "_sound_id": 1116, "CATZOC": 3, "QUAL_POSACC": null, "QUAL_SOUACC": null, "QUAL_SUREND": "2004", "QUAL_SURSTA": null, "QUAL_TECSOU": null, "QUAL_VERDAT": null, "QUAL_INFORM": "U.S. Navy LIDAR Survey, Archive No. 04HFM01, Scale 1:5,000-1:10,000", "QUAL_SORDAT": "20150206", "QUAL_SORIND": "US,US,reprt,L-246-2015", "QUAL_ENC_CELL": "US4TB3P0", "zoc_label": "B", "quality_model_weight": 0.72, "ALLEN_class_name": null, "semantic_zone": "outside_allen_geomorphic_or_unclassified", "allen_mapped": false, "DEPARE_DRVAL1": 20.0, "DEPARE_DRVAL2": 30.0, "DEPARE__enc_cell": "US4TB3P0", "DEPARE_VERDAT": null, "inside_osm_reef_polygon": false, "working_hypothesis_60_70": false, "working_hypothesis_gt100": false }, "geometry": { "type": "Point", "coordinates": [ 134.590454099999988, 7.3362389, 29.9 ] } },
{ "type": "Feature", "properties": { "RCID": 8841, "PRIM": 1, "GRUP": 2, "OBJL": 129, "RVER": 1, "AGEN": 550, "FIDN": -2004046809, "FIDS": 19802, "LNAM": "0226888CAC274D5A", "LNAM_REFS": null, "FFPT_RIND": null, "EXPSOU": null, "NOBJNM": null, "OBJNAM": null, "QUASOU": null, "SOUACC": null, "TECSOU": null, "VERDAT": null, "STATUS": null, "INFORM": null, "NINFOM": null, "NTXTDS": null, "SCAMAX": null, "SCAMIN": 29999, "TXTDSC": null, "RECDAT": null, "RECIND": null, "SORDAT": "20150206", "SORIND": "US,US,reprt,L-246-2015", "DEPTH": 33.0, "_enc_cell": "US4TB3P0", "depth_m": 33.0, "_sound_id": 1117, "CATZOC": 3, "QUAL_POSACC": null, "QUAL_SOUACC": null, "QUAL_SUREND": "2004", "QUAL_SURSTA": null, "QUAL_TECSOU": null, "QUAL_VERDAT": null, "QUAL_INFORM": "U.S. Navy LIDAR Survey, Archive No. 04HFM01, Scale 1:5,000-1:10,000", "QUAL_SORDAT": "20150206", "QUAL_SORIND": "US,US,reprt,L-246-2015", "QUAL_ENC_CELL": "US4TB3P0", "zoc_label": "B", "quality_model_weight": 0.72, "ALLEN_class_name": null, "semantic_zone": "outside_allen_geomorphic_or_unclassified", "allen_mapped": false, "DEPARE_DRVAL1": 30.0, "DEPARE_DRVAL2": 50.0, "DEPARE__enc_cell": "US4TB3P0", "DEPARE_VERDAT": null, "inside_osm_reef_polygon": false, "working_hypothesis_60_70": false, "working_hypothesis_gt100": false }, "geometry": { "type": "Point", "coordinates": [ 134.5907288, 7.3399553, 33.0 ] } },
{ "type": "Feature", "properties": { "RCID": 8841, "PRIM": 1, "GRUP": 2, "OBJL": 129, "RVER": 1, "AGEN": 550, "FIDN": -2004046809, "FIDS": 19802, "LNAM": "0226888CAC274D5A", "LNAM_REFS": null, "FFPT_RIND": null, "EXPSOU": null, "NOBJNM": null, "OBJNAM": null, "QUASOU": null, "SOUACC": null, "TECSOU": null, "VERDAT": null, "STATUS": null, "INFORM": null, "NINFOM": null, "NTXTDS": null, "SCAMAX": null, "SCAMIN": 29999, "TXTDSC": null, "RECDAT": null, "RECIND": null, "SORDAT": "20150206", "SORIND": "US,US,reprt,L-246-2015", "DEPTH": 43.0, "_enc_cell": "US4TB3P0", "depth_m": 43.0, "_sound_id": 1118, "CATZOC": 3, "QUAL_POSACC": null, "QUAL_SOUACC": null, "QUAL_SUREND": "2004", "QUAL_SURSTA": null, "QUAL_TECSOU": null, "QUAL_VERDAT": null, "QUAL_INFORM": "U.S. Navy LIDAR Survey, Archive No. 04HFM01, Scale 1:5,000-1:10,000", "QUAL_SORDAT": "20150206", "QUAL_SORIND": "US,US,reprt,L-246-2015", "QUAL_ENC_CELL": "US4TB3P0", "zoc_label": "B", "quality_model_weight": 0.72, "ALLEN_class_name": null, "semantic_zone": "outside_allen_geomorphic_or_unclassified", "allen_mapped": false, "DEPARE_DRVAL1": 30.0, "DEPARE_DRVAL2": 50.0, "DEPARE__enc_cell": "US4TB3P0", "DEPARE_VERDAT": null, "inside_osm_reef_polygon": false, "working_hypothesis_60_70": false, "working_hypothesis_gt100": false }, "geometry": { "type": "Point", "coordinates": [ 134.590927099999988, 7.3454499, 43.0 ] } },
{ "type": "Feature", "properties": { "RCID": 8841, "PRIM": 1, "GRUP": 2, "OBJL": 129, "RVER": 1, "AGEN": 550, "FIDN": -2004046809, "FIDS": 19802, "LNAM": "0226888CAC274D5A", "LNAM_REFS": null, "FFPT_RIND": null, "EXPSOU": null, "NOBJNM": null, "OBJNAM": null, "QUASOU": null, "SOUACC": null, "TECSOU": null, "VERDAT": null, "STATUS": null, "INFORM": null, "NINFOM": null, "NTXTDS": null, "SCAMAX": null, "SCAMIN": 29999, "TXTDSC": null, "RECDAT": null, "RECIND": null, "SORDAT": "20150206", "SORIND": "US,US,reprt,L-246-2015", "DEPTH": 36.0, "_enc_cell": "US4TB3P0", "depth_m": 36.0, "_sound_id": 1119, "CATZOC": 3, "QUAL_POSACC": null, "QUAL_SOUACC": null, "QUAL_SUREND": "2004", "QUAL_SURSTA": null, "QUAL_TECSOU": null, "QUAL_VERDAT": null, "QUAL_INFORM": "U.S. Navy LIDAR Survey, Archive No. 04HFM01, Scale 1:5,000-1:10,000", "QUAL_SORDAT": "20150206", "QUAL_SORIND": "US,US,reprt,L-246-2015", "QUAL_ENC_CELL": "US4TB3P0", "zoc_label": "B", "quality_model_weight": 0.72, "ALLEN_class_name": null, "semantic_zone": "outside_allen_geomorphic_or_unclassified", "allen_mapped": false, "DEPARE_DRVAL1": 30.0, "DEPARE_DRVAL2": 50.0, "DEPARE__enc_cell": "US4TB3P0", "DEPARE_VERDAT": null, "inside_osm_reef_polygon": false, "working_hypothesis_60_70": false, "working_hypothesis_gt100": false }, "geometry": { "type": "Point", "coordinates": [ 134.5909882, 7.3334861, 36.0 ] } },
{ "type": "Feature", "properties": { "RCID": 8841, "PRIM": 1, "GRUP": 2, "OBJL": 129, "RVER": 1, "AGEN": 550, "FIDN": -2004046809, "FIDS": 19802, "LNAM": "0226888CAC274D5A", "LNAM_REFS": null, "FFPT_RIND": null, "EXPSOU": null, "NOBJNM": null, "OBJNAM": null, "QUASOU": null, "SOUACC": null, "TECSOU": null, "VERDAT": null, "STATUS": null, "INFORM": null, "NINFOM": null, "NTXTDS": null, "SCAMAX": null, "SCAMIN": 29999, "TXTDSC": null, "RECDAT": null, "RECIND": null, "SORDAT": "20150206", "SORIND": "US,US,reprt,L-246-2015", "DEPTH": 27.1, "_enc_cell": "US4TB3P0", "depth_m": 27.1, "_sound_id": 1120, "CATZOC": 3, "QUAL_POSACC": null, "QUAL_SOUACC": null, "QUAL_SUREND": "2004", "QUAL_SURSTA": null, "QUAL_TECSOU": null, "QUAL_VERDAT": null, "QUAL_INFORM": "U.S. Navy LIDAR Survey, Archive No. 04HFM01, Scale 1:5,000-1:10,000", "QUAL_SORDAT": "20150206", "QUAL_SORIND": "US,US,reprt,L-246-2015", "QUAL_ENC_CELL": "US4TB3P0", "zoc_label": "B", "quality_model_weight": 0.72, "ALLEN_class_name": null, "semantic_zone": "outside_allen_geomorphic_or_unclassified", "allen_mapped": false, "DEPARE_DRVAL1": 20.0, "DEPARE_DRVAL2": 30.0, "DEPARE__enc_cell": "US4TB3P0", "DEPARE_VERDAT": null, "inside_osm_reef_polygon": false, "working_hypothesis_60_70": false, "working_hypothesis_gt100": false }, "geometry": { "type": "Point", "coordinates": [ 134.591049199999986, 7.3324471, 27.1 ] } },
{ "type": "Feature", "properties": { "RCID": 8841, "PRIM": 1, "GRUP": 2, "OBJL": 129, "RVER": 1, "AGEN": 550, "FIDN": -2004046809, "FIDS": 19802, "LNAM": "0226888CAC274D5A", "LNAM_REFS": null, "FFPT_RIND": null, "EXPSOU": null, "NOBJNM": null, "OBJNAM": null, "QUASOU": null, "SOUACC": null, "TECSOU": null, "VERDAT": null, "STATUS": null, "INFORM": null, "NINFOM": null, "NTXTDS": null, "SCAMAX": null, "SCAMIN": 29999, "TXTDSC": null, "RECDAT": null, "RECIND": null, "SORDAT": "20150206", "SORIND": "US,US,reprt,L-246-2015", "DEPTH": 45.0, "_enc_cell": "US4TB3P0", "depth_m": 45.0, "_sound_id": 1121, "CATZOC": 5, "QUAL_POSACC": null, "QUAL_SOUACC": null, "QUAL_SUREND": "1938", "QUAL_SURSTA": "1915", "QUAL_TECSOU": null, "QUAL_VERDAT": null, "QUAL_INFORM": "Former Japan Chart 481 (Ed. 1940, Rev. 1944), from Japan surveys, Scale 1:25,000", "QUAL_SORDAT": "20150206", "QUAL_SORIND": "US,US,reprt,L-246-2015", "QUAL_ENC_CELL": "US4TB3P0", "zoc_label": "D", "quality_model_weight": 0.22, "ALLEN_class_name": null, "semantic_zone": "outside_allen_geomorphic_or_unclassified", "allen_mapped": false, "DEPARE_DRVAL1": 30.0, "DEPARE_DRVAL2": 50.0, "DEPARE__enc_cell": "US4TB3P0", "DEPARE_VERDAT": null, "inside_osm_reef_polygon": false, "working_hypothesis_60_70": false, "working_hypothesis_gt100": false }, "geometry": { "type": "Point", "coordinates": [ 134.591064499999987, 7.3304973, 45.0 ] } },
{ "type": "Feature", "properties": { "RCID": 8841, "PRIM": 1, "GRUP": 2, "OBJL": 129, "RVER": 1, "AGEN": 550, "FIDN": -2004046809, "FIDS": 19802, "LNAM": "0226888CAC274D5A", "LNAM_REFS": null, "FFPT_RIND": null, "EXPSOU": null, "NOBJNM": null, "OBJNAM": null, "QUASOU": null, "SOUACC": null, "TECSOU": null, "VERDAT": null, "STATUS": null, "INFORM": null, "NINFOM": null, "NTXTDS": null, "SCAMAX": null, "SCAMIN": 29999, "TXTDSC": null, "RECDAT": null, "RECIND": null, "SORDAT": "20150206", "SORIND": "US,US,reprt,L-246-2015", "DEPTH": 43.0, "_enc_cell": "US4TB3P0", "depth_m": 43.0, "_sound_id": 1122, "CATZOC": 3, "QUAL_POSACC": null, "QUAL_SOUACC": null, "QUAL_SUREND": "2004", "QUAL_SURSTA": null, "QUAL_TECSOU": null, "QUAL_VERDAT": null, "QUAL_INFORM": "U.S. Navy LIDAR Survey, Archive No. 04HFM01, Scale 1:5,000-1:10,000", "QUAL_SORDAT": "20150206", "QUAL_SORIND": "US,US,reprt,L-246-2015", "QUAL_ENC_CELL": "US4TB3P0", "zoc_label": "B", "quality_model_weight": 0.72, "ALLEN_class_name": null, "semantic_zone": "outside_allen_geomorphic_or_unclassified", "allen_mapped": false, "DEPARE_DRVAL1": 30.0, "DEPARE_DRVAL2": 50.0, "DEPARE__enc_cell": "US4TB3P0", "DEPARE_VERDAT": null, "inside_osm_reef_polygon": false, "working_hypothesis_60_70": false, "working_hypothesis_gt100": false }, "geometry": { "type": "Point", "coordinates": [ 134.5912323, 7.3433499, 43.0 ] } },
{ "type": "Feature", "properties": { "RCID": 8841, "PRIM": 1, "GRUP": 2, "OBJL": 129, "RVER": 1, "AGEN": 550, "FIDN": -2004046809, "FIDS": 19802, "LNAM": "0226888CAC274D5A", "LNAM_REFS": null, "FFPT_RIND": null, "EXPSOU": null, "NOBJNM": null, "OBJNAM": null, "QUASOU": null, "SOUACC": null, "TECSOU": null, "VERDAT": null, "STATUS": null, "INFORM": null, "NINFOM": null, "NTXTDS": null, "SCAMAX": null, "SCAMIN": 29999, "TXTDSC": null, "RECDAT": null, "RECIND": null, "SORDAT": "20150206", "SORIND": "US,US,reprt,L-246-2015", "DEPTH": 15.2, "_enc_cell": "US4TB3P0", "depth_m": 15.2, "_sound_id": 1123, "CATZOC": 3, "QUAL_POSACC": null, "QUAL_SOUACC": null, "QUAL_SUREND": "2004", "QUAL_SURSTA": null, "QUAL_TECSOU": null, "QUAL_VERDAT": null, "QUAL_INFORM": "U.S. Navy LIDAR Survey, Archive No. 04HFM01, Scale 1:5,000-1:10,000", "QUAL_SORDAT": "20150206", "QUAL_SORIND": "US,US,reprt,L-246-2015", "QUAL_ENC_CELL": "US4TB3P0", "zoc_label": "B", "quality_model_weight": 0.72, "ALLEN_class_name": "Reef Slope", "semantic_zone": "reef_slope", "allen_mapped": true, "DEPARE_DRVAL1": 10.0, "DEPARE_DRVAL2": 20.0, "DEPARE__enc_cell": "US4TB3P0", "DEPARE_VERDAT": null, "inside_osm_reef_polygon": false, "working_hypothesis_60_70": false, "working_hypothesis_gt100": false }, "geometry": { "type": "Point", "coordinates": [ 134.591278100000011, 7.3486748, 15.2 ] } },
{ "type": "Feature", "properties": { "RCID": 8841, "PRIM": 1, "GRUP": 2, "OBJL": 129, "RVER": 1, "AGEN": 550, "FIDN": -2004046809, "FIDS": 19802, "LNAM": "0226888CAC274D5A", "LNAM_REFS": null, "FFPT_RIND": null, "EXPSOU": null, "NOBJNM": null, "OBJNAM": null, "QUASOU": null, "SOUACC": null, "TECSOU": null, "VERDAT": null, "STATUS": null, "INFORM": null, "NINFOM": null, "NTXTDS": null, "SCAMAX": null, "SCAMIN": 29999, "TXTDSC": null, "RECDAT": null, "RECIND": null, "SORDAT": "20150206", "SORIND": "US,US,reprt,L-246-2015", "DEPTH": 26.4, "_enc_cell": "US4TB3P0", "depth_m": 26.4, "_sound_id": 1124, "CATZOC": 3, "QUAL_POSACC": null, "QUAL_SOUACC": null, "QUAL_SUREND": "2004", "QUAL_SURSTA": null, "QUAL_TECSOU": null, "QUAL_VERDAT": null, "QUAL_INFORM": "U.S. Navy LIDAR Survey, Archive No. 04HFM01, Scale 1:5,000-1:10,000", "QUAL_SORDAT": "20150206", "QUAL_SORIND": "US,US,reprt,L-246-2015", "QUAL_ENC_CELL": "US4TB3P0", "zoc_label": "B", "quality_model_weight": 0.72, "ALLEN_class_name": null, "semantic_zone": "outside_allen_geomorphic_or_unclassified", "allen_mapped": false, "DEPARE_DRVAL1": 20.0, "DEPARE_DRVAL2": 30.0, "DEPARE__enc_cell": "US4TB3P0", "DEPARE_VERDAT": null, "inside_osm_reef_polygon": false, "working_hypothesis_60_70": false, "working_hypothesis_gt100": false }, "geometry": { "type": "Point", "coordinates": [ 134.5915527, 7.3368335, 26.4 ] } },
{ "type": "Feature", "properties": { "RCID": 8841, "PRIM": 1, "GRUP": 2, "OBJL": 129, "RVER": 1, "AGEN": 550, "FIDN": -2004046809, "FIDS": 19802, "LNAM": "0226888CAC274D5A", "LNAM_REFS": null, "FFPT_RIND": null, "EXPSOU": null, "NOBJNM": null, "OBJNAM": null, "QUASOU": null, "SOUACC": null, "TECSOU": null, "VERDAT": null, "STATUS": null, "INFORM": null, "NINFOM": null, "NTXTDS": null, "SCAMAX": null, "SCAMIN": 29999, "TXTDSC": null, "RECDAT": null, "RECIND": null, "SORDAT": "20150206", "SORIND": "US,US,reprt,L-246-2015", "DEPTH": 26.9, "_enc_cell": "US4TB3P0", "depth_m": 26.9, "_sound_id": 1125, "CATZOC": 3, "QUAL_POSACC": null, "QUAL_SOUACC": null, "QUAL_SUREND": "2004", "QUAL_SURSTA": null, "QUAL_TECSOU": null, "QUAL_VERDAT": null, "QUAL_INFORM": "U.S. Navy LIDAR Survey, Archive No. 04HFM01, Scale 1:5,000-1:10,000", "QUAL_SORDAT": "20150206", "QUAL_SORIND": "US,US,reprt,L-246-2015", "QUAL_ENC_CELL": "US4TB3P0", "zoc_label": "B", "quality_model_weight": 0.72, "ALLEN_class_name": null, "semantic_zone": "outside_allen_geomorphic_or_unclassified", "allen_mapped": false, "DEPARE_DRVAL1": 20.0, "DEPARE_DRVAL2": 30.0, "DEPARE__enc_cell": "US4TB3P0", "DEPARE_VERDAT": null, "inside_osm_reef_polygon": false, "working_hypothesis_60_70": false, "working_hypothesis_gt100": false }, "geometry": { "type": "Point", "coordinates": [ 134.5915833, 7.3381443, 26.9 ] } },
{ "type": "Feature", "properties": { "RCID": 8841, "PRIM": 1, "GRUP": 2, "OBJL": 129, "RVER": 1, "AGEN": 550, "FIDN": -2004046809, "FIDS": 19802, "LNAM": "0226888CAC274D5A", "LNAM_REFS": null, "FFPT_RIND": null, "EXPSOU": null, "NOBJNM": null, "OBJNAM": null, "QUASOU": null, "SOUACC": null, "TECSOU": null, "VERDAT": null, "STATUS": null, "INFORM": null, "NINFOM": null, "NTXTDS": null, "SCAMAX": null, "SCAMIN": 29999, "TXTDSC": null, "RECDAT": null, "RECIND": null, "SORDAT": "20150206", "SORIND": "US,US,reprt,L-246-2015", "DEPTH": 43.0, "_enc_cell": "US4TB3P0", "depth_m": 43.0, "_sound_id": 1126, "CATZOC": 3, "QUAL_POSACC": null, "QUAL_SOUACC": null, "QUAL_SUREND": "2004", "QUAL_SURSTA": null, "QUAL_TECSOU": null, "QUAL_VERDAT": null, "QUAL_INFORM": "U.S. Navy LIDAR Survey, Archive No. 04HFM01, Scale 1:5,000-1:10,000", "QUAL_SORDAT": "20150206", "QUAL_SORIND": "US,US,reprt,L-246-2015", "QUAL_ENC_CELL": "US4TB3P0", "zoc_label": "B", "quality_model_weight": 0.72, "ALLEN_class_name": null, "semantic_zone": "outside_allen_geomorphic_or_unclassified", "allen_mapped": false, "DEPARE_DRVAL1": 30.0, "DEPARE_DRVAL2": 50.0, "DEPARE__enc_cell": "US4TB3P0", "DEPARE_VERDAT": null, "inside_osm_reef_polygon": false, "working_hypothesis_60_70": false, "working_hypothesis_gt100": false }, "geometry": { "type": "Point", "coordinates": [ 134.591659600000014, 7.341661, 43.0 ] } },
{ "type": "Feature", "properties": { "RCID": 8841, "PRIM": 1, "GRUP": 2, "OBJL": 129, "RVER": 1, "AGEN": 550, "FIDN": -2004046809, "FIDS": 19802, "LNAM": "0226888CAC274D5A", "LNAM_REFS": null, "FFPT_RIND": null, "EXPSOU": null, "NOBJNM": null, "OBJNAM": null, "QUASOU": null, "SOUACC": null, "TECSOU": null, "VERDAT": null, "STATUS": null, "INFORM": null, "NINFOM": null, "NTXTDS": null, "SCAMAX": null, "SCAMIN": 29999, "TXTDSC": null, "RECDAT": null, "RECIND": null, "SORDAT": "20150206", "SORIND": "US,US,reprt,L-246-2015", "DEPTH": 33.0, "_enc_cell": "US4TB3P0", "depth_m": 33.0, "_sound_id": 1127, "CATZOC": 3, "QUAL_POSACC": null, "QUAL_SOUACC": null, "QUAL_SUREND": "2004", "QUAL_SURSTA": null, "QUAL_TECSOU": null, "QUAL_VERDAT": null, "QUAL_INFORM": "U.S. Navy LIDAR Survey, Archive No. 04HFM01, Scale 1:5,000-1:10,000", "QUAL_SORDAT": "20150206", "QUAL_SORIND": "US,US,reprt,L-246-2015", "QUAL_ENC_CELL": "US4TB3P0", "zoc_label": "B", "quality_model_weight": 0.72, "ALLEN_class_name": null, "semantic_zone": "outside_allen_geomorphic_or_unclassified", "allen_mapped": false, "DEPARE_DRVAL1": 30.0, "DEPARE_DRVAL2": 50.0, "DEPARE__enc_cell": "US4TB3P0", "DEPARE_VERDAT": null, "inside_osm_reef_polygon": false, "working_hypothesis_60_70": false, "working_hypothesis_gt100": false }, "geometry": { "type": "Point", "coordinates": [ 134.5918732, 7.3344026, 33.0 ] } },
{ "type": "Feature", "properties": { "RCID": 8841, "PRIM": 1, "GRUP": 2, "OBJL": 129, "RVER": 1, "AGEN": 550, "FIDN": -2004046809, "FIDS": 19802, "LNAM": "0226888CAC274D5A", "LNAM_REFS": null, "FFPT_RIND": null, "EXPSOU": null, "NOBJNM": null, "OBJNAM": null, "QUASOU": null, "SOUACC": null, "TECSOU": null, "VERDAT": null, "STATUS": null, "INFORM": null, "NINFOM": null, "NTXTDS": null, "SCAMAX": null, "SCAMIN": 29999, "TXTDSC": null, "RECDAT": null, "RECIND": null, "SORDAT": "20150206", "SORIND": "US,US,reprt,L-246-2015", "DEPTH": 38.0, "_enc_cell": "US4TB3P0", "depth_m": 38.0, "_sound_id": 1128, "CATZOC": 3, "QUAL_POSACC": null, "QUAL_SOUACC": null, "QUAL_SUREND": "2004", "QUAL_SURSTA": null, "QUAL_TECSOU": null, "QUAL_VERDAT": null, "QUAL_INFORM": "U.S. Navy LIDAR Survey, Archive No. 04HFM01, Scale 1:5,000-1:10,000", "QUAL_SORDAT": "20150206", "QUAL_SORIND": "US,US,reprt,L-246-2015", "QUAL_ENC_CELL": "US4TB3P0", "zoc_label": "B", "quality_model_weight": 0.72, "ALLEN_class_name": null, "semantic_zone": "outside_allen_geomorphic_or_unclassified", "allen_mapped": false, "DEPARE_DRVAL1": 30.0, "DEPARE_DRVAL2": 50.0, "DEPARE__enc_cell": "US4TB3P0", "DEPARE_VERDAT": null, "inside_osm_reef_polygon": false, "working_hypothesis_60_70": false, "working_hypothesis_gt100": false }, "geometry": { "type": "Point", "coordinates": [ 134.5919647, 7.3462558, 38.0 ] } },
{ "type": "Feature", "properties": { "RCID": 8841, "PRIM": 1, "GRUP": 2, "OBJL": 129, "RVER": 1, "AGEN": 550, "FIDN": -2004046809, "FIDS": 19802, "LNAM": "0226888CAC274D5A", "LNAM_REFS": null, "FFPT_RIND": null, "EXPSOU": null, "NOBJNM": null, "OBJNAM": null, "QUASOU": null, "SOUACC": null, "TECSOU": null, "VERDAT": null, "STATUS": null, "INFORM": null, "NINFOM": null, "NTXTDS": null, "SCAMAX": null, "SCAMIN": 29999, "TXTDSC": null, "RECDAT": null, "RECIND": null, "SORDAT": "20150206", "SORIND": "US,US,reprt,L-246-2015", "DEPTH": 34.0, "_enc_cell": "US4TB3P0", "depth_m": 34.0, "_sound_id": 1129, "CATZOC": 3, "QUAL_POSACC": null, "QUAL_SOUACC": null, "QUAL_SUREND": "2004", "QUAL_SURSTA": null, "QUAL_TECSOU": null, "QUAL_VERDAT": null, "QUAL_INFORM": "U.S. Navy LIDAR Survey, Archive No. 04HFM01, Scale 1:5,000-1:10,000", "QUAL_SORDAT": "20150206", "QUAL_SORIND": "US,US,reprt,L-246-2015", "QUAL_ENC_CELL": "US4TB3P0", "zoc_label": "B", "quality_model_weight": 0.72, "ALLEN_class_name": null, "semantic_zone": "outside_allen_geomorphic_or_unclassified", "allen_mapped": false, "DEPARE_DRVAL1": 30.0, "DEPARE_DRVAL2": 50.0, "DEPARE__enc_cell": "US4TB3P0", "DEPARE_VERDAT": null, "inside_osm_reef_polygon": false, "working_hypothesis_60_70": false, "working_hypothesis_gt100": false }, "geometry": { "type": "Point", "coordinates": [ 134.59236150000001, 7.3447666, 34.0 ] } },
{ "type": "Feature", "properties": { "RCID": 8841, "PRIM": 1, "GRUP": 2, "OBJL": 129, "RVER": 1, "AGEN": 550, "FIDN": -2004046809, "FIDS": 19802, "LNAM": "0226888CAC274D5A", "LNAM_REFS": null, "FFPT_RIND": null, "EXPSOU": null, "NOBJNM": null, "OBJNAM": null, "QUASOU": null, "SOUACC": null, "TECSOU": null, "VERDAT": null, "STATUS": null, "INFORM": null, "NINFOM": null, "NTXTDS": null, "SCAMAX": null, "SCAMIN": 29999, "TXTDSC": null, "RECDAT": null, "RECIND": null, "SORDAT": "20150206", "SORIND": "US,US,reprt,L-246-2015", "DEPTH": 24.3, "_enc_cell": "US4TB3P0", "depth_m": 24.3, "_sound_id": 1130, "CATZOC": 3, "QUAL_POSACC": null, "QUAL_SOUACC": null, "QUAL_SUREND": "2004", "QUAL_SURSTA": null, "QUAL_TECSOU": null, "QUAL_VERDAT": null, "QUAL_INFORM": "U.S. Navy LIDAR Survey, Archive No. 04HFM01, Scale 1:5,000-1:10,000", "QUAL_SORDAT": "20150206", "QUAL_SORIND": "US,US,reprt,L-246-2015", "QUAL_ENC_CELL": "US4TB3P0", "zoc_label": "B", "quality_model_weight": 0.72, "ALLEN_class_name": null, "semantic_zone": "outside_allen_geomorphic_or_unclassified", "allen_mapped": false, "DEPARE_DRVAL1": 20.0, "DEPARE_DRVAL2": 30.0, "DEPARE__enc_cell": "US4TB3P0", "DEPARE_VERDAT": null, "inside_osm_reef_polygon": false, "working_hypothesis_60_70": false, "working_hypothesis_gt100": false }, "geometry": { "type": "Point", "coordinates": [ 134.5924225, 7.3356333, 24.3 ] } },
{ "type": "Feature", "properties": { "RCID": 8841, "PRIM": 1, "GRUP": 2, "OBJL": 129, "RVER": 1, "AGEN": 550, "FIDN": -2004046809, "FIDS": 19802, "LNAM": "0226888CAC274D5A", "LNAM_REFS": null, "FFPT_RIND": null, "EXPSOU": null, "NOBJNM": null, "OBJNAM": null, "QUASOU": null, "SOUACC": null, "TECSOU": null, "VERDAT": null, "STATUS": null, "INFORM": null, "NINFOM": null, "NTXTDS": null, "SCAMAX": null, "SCAMIN": 29999, "TXTDSC": null, "RECDAT": null, "RECIND": null, "SORDAT": "20150206", "SORIND": "US,US,reprt,L-246-2015", "DEPTH": 33.0, "_enc_cell": "US4TB3P0", "depth_m": 33.0, "_sound_id": 1131, "CATZOC": 3, "QUAL_POSACC": null, "QUAL_SOUACC": null, "QUAL_SUREND": "2004", "QUAL_SURSTA": null, "QUAL_TECSOU": null, "QUAL_VERDAT": null, "QUAL_INFORM": "U.S. Navy LIDAR Survey, Archive No. 04HFM01, Scale 1:5,000-1:10,000", "QUAL_SORDAT": "20150206", "QUAL_SORIND": "US,US,reprt,L-246-2015", "QUAL_ENC_CELL": "US4TB3P0", "zoc_label": "B", "quality_model_weight": 0.72, "ALLEN_class_name": null, "semantic_zone": "outside_allen_geomorphic_or_unclassified", "allen_mapped": false, "DEPARE_DRVAL1": 30.0, "DEPARE_DRVAL2": 50.0, "DEPARE__enc_cell": "US4TB3P0", "DEPARE_VERDAT": null, "inside_osm_reef_polygon": false, "working_hypothesis_60_70": false, "working_hypothesis_gt100": false }, "geometry": { "type": "Point", "coordinates": [ 134.592712400000011, 7.3402224, 33.0 ] } },
{ "type": "Feature", "properties": { "RCID": 8841, "PRIM": 1, "GRUP": 2, "OBJL": 129, "RVER": 1, "AGEN": 550, "FIDN": -2004046809, "FIDS": 19802, "LNAM": "0226888CAC274D5A", "LNAM_REFS": null, "FFPT_RIND": null, "EXPSOU": null, "NOBJNM": null, "OBJNAM": null, "QUASOU": null, "SOUACC": null, "TECSOU": null, "VERDAT": null, "STATUS": null, "INFORM": null, "NINFOM": null, "NTXTDS": null, "SCAMAX": null, "SCAMIN": 29999, "TXTDSC": null, "RECDAT": null, "RECIND": null, "SORDAT": "20150206", "SORIND": "US,US,reprt,L-246-2015", "DEPTH": 68.0, "_enc_cell": "US4TB3P0", "depth_m": 68.0, "_sound_id": 1132, "CATZOC": 5, "QUAL_POSACC": null, "QUAL_SOUACC": null, "QUAL_SUREND": "1938", "QUAL_SURSTA": "1915", "QUAL_TECSOU": null, "QUAL_VERDAT": null, "QUAL_INFORM": "Former Japan Chart 481 (Ed. 1940, Rev. 1944), from Japan surveys, Scale 1:25,000", "QUAL_SORDAT": "20150206", "QUAL_SORIND": "US,US,reprt,L-246-2015", "QUAL_ENC_CELL": "US4TB3P0", "zoc_label": "D", "quality_model_weight": 0.22, "ALLEN_class_name": null, "semantic_zone": "outside_allen_geomorphic_or_unclassified", "allen_mapped": false, "DEPARE_DRVAL1": 50.0, "DEPARE_DRVAL2": 100.0, "DEPARE__enc_cell": "US4TB3P0", "DEPARE_VERDAT": null, "inside_osm_reef_polygon": false, "working_hypothesis_60_70": true, "working_hypothesis_gt100": false }, "geometry": { "type": "Point", "coordinates": [ 134.5930328, 7.3328471, 68.0 ] } },
{ "type": "Feature", "properties": { "RCID": 8841, "PRIM": 1, "GRUP": 2, "OBJL": 129, "RVER": 1, "AGEN": 550, "FIDN": -2004046809, "FIDS": 19802, "LNAM": "0226888CAC274D5A", "LNAM_REFS": null, "FFPT_RIND": null, "EXPSOU": null, "NOBJNM": null, "OBJNAM": null, "QUASOU": null, "SOUACC": null, "TECSOU": null, "VERDAT": null, "STATUS": null, "INFORM": null, "NINFOM": null, "NTXTDS": null, "SCAMAX": null, "SCAMIN": 29999, "TXTDSC": null, "RECDAT": null, "RECIND": null, "SORDAT": "20150206", "SORIND": "US,US,reprt,L-246-2015", "DEPTH": 25.0, "_enc_cell": "US4TB3P0", "depth_m": 25.0, "_sound_id": 1133, "CATZOC": 3, "QUAL_POSACC": null, "QUAL_SOUACC": null, "QUAL_SUREND": "2004", "QUAL_SURSTA": null, "QUAL_TECSOU": null, "QUAL_VERDAT": null, "QUAL_INFORM": "U.S. Navy LIDAR Survey, Archive No. 04HFM01, Scale 1:5,000-1:10,000", "QUAL_SORDAT": "20150206", "QUAL_SORIND": "US,US,reprt,L-246-2015", "QUAL_ENC_CELL": "US4TB3P0", "zoc_label": "B", "quality_model_weight": 0.72, "ALLEN_class_name": null, "semantic_zone": "outside_allen_geomorphic_or_unclassified", "allen_mapped": false, "DEPARE_DRVAL1": 20.0, "DEPARE_DRVAL2": 30.0, "DEPARE__enc_cell": "US4TB3P0", "DEPARE_VERDAT": null, "inside_osm_reef_polygon": false, "working_hypothesis_60_70": false, "working_hypothesis_gt100": false }, "geometry": { "type": "Point", "coordinates": [ 134.5931244, 7.3385916, 25.0 ] } },
{ "type": "Feature", "properties": { "RCID": 8841, "PRIM": 1, "GRUP": 2, "OBJL": 129, "RVER": 1, "AGEN": 550, "FIDN": -2004046809, "FIDS": 19802, "LNAM": "0226888CAC274D5A", "LNAM_REFS": null, "FFPT_RIND": null, "EXPSOU": null, "NOBJNM": null, "OBJNAM": null, "QUASOU": null, "SOUACC": null, "TECSOU": null, "VERDAT": null, "STATUS": null, "INFORM": null, "NINFOM": null, "NTXTDS": null, "SCAMAX": null, "SCAMIN": 29999, "TXTDSC": null, "RECDAT": null, "RECIND": null, "SORDAT": "20150206", "SORIND": "US,US,reprt,L-246-2015", "DEPTH": 15.8, "_enc_cell": "US4TB3P0", "depth_m": 15.8, "_sound_id": 1134, "CATZOC": 3, "QUAL_POSACC": null, "QUAL_SOUACC": null, "QUAL_SUREND": "2004", "QUAL_SURSTA": null, "QUAL_TECSOU": null, "QUAL_VERDAT": null, "QUAL_INFORM": "U.S. Navy LIDAR Survey, Archive No. 04HFM01, Scale 1:5,000-1:10,000", "QUAL_SORDAT": "20150206", "QUAL_SORIND": "US,US,reprt,L-246-2015", "QUAL_ENC_CELL": "US4TB3P0", "zoc_label": "B", "quality_model_weight": 0.72, "ALLEN_class_name": "Reef Slope", "semantic_zone": "reef_slope", "allen_mapped": true, "DEPARE_DRVAL1": 10.0, "DEPARE_DRVAL2": 20.0, "DEPARE__enc_cell": "US4TB3P0", "DEPARE_VERDAT": null, "inside_osm_reef_polygon": false, "working_hypothesis_60_70": false, "working_hypothesis_gt100": false }, "geometry": { "type": "Point", "coordinates": [ 134.5932465, 7.3492999, 15.8 ] } },
{ "type": "Feature", "properties": { "RCID": 8841, "PRIM": 1, "GRUP": 2, "OBJL": 129, "RVER": 1, "AGEN": 550, "FIDN": -2004046809, "FIDS": 19802, "LNAM": "0226888CAC274D5A", "LNAM_REFS": null, "FFPT_RIND": null, "EXPSOU": null, "NOBJNM": null, "OBJNAM": null, "QUASOU": null, "SOUACC": null, "TECSOU": null, "VERDAT": null, "STATUS": null, "INFORM": null, "NINFOM": null, "NTXTDS": null, "SCAMAX": null, "SCAMIN": 29999, "TXTDSC": null, "RECDAT": null, "RECIND": null, "SORDAT": "20150206", "SORIND": "US,US,reprt,L-246-2015", "DEPTH": 18.4, "_enc_cell": "US4TB3P0", "depth_m": 18.4, "_sound_id": 1135, "CATZOC": 3, "QUAL_POSACC": null, "QUAL_SOUACC": null, "QUAL_SUREND": "2004", "QUAL_SURSTA": null, "QUAL_TECSOU": null, "QUAL_VERDAT": null, "QUAL_INFORM": "U.S. Navy LIDAR Survey, Archive No. 04HFM01, Scale 1:5,000-1:10,000", "QUAL_SORDAT": "20150206", "QUAL_SORIND": "US,US,reprt,L-246-2015", "QUAL_ENC_CELL": "US4TB3P0", "zoc_label": "B", "quality_model_weight": 0.72, "ALLEN_class_name": null, "semantic_zone": "outside_allen_geomorphic_or_unclassified", "allen_mapped": false, "DEPARE_DRVAL1": 10.0, "DEPARE_DRVAL2": 20.0, "DEPARE__enc_cell": "US4TB3P0", "DEPARE_VERDAT": null, "inside_osm_reef_polygon": false, "working_hypothesis_60_70": false, "working_hypothesis_gt100": false }, "geometry": { "type": "Point", "coordinates": [ 134.5934906, 7.3366137, 18.4 ] } },
{ "type": "Feature", "properties": { "RCID": 8841, "PRIM": 1, "GRUP": 2, "OBJL": 129, "RVER": 1, "AGEN": 550, "FIDN": -2004046809, "FIDS": 19802, "LNAM": "0226888CAC274D5A", "LNAM_REFS": null, "FFPT_RIND": null, "EXPSOU": null, "NOBJNM": null, "OBJNAM": null, "QUASOU": null, "SOUACC": null, "TECSOU": null, "VERDAT": null, "STATUS": null, "INFORM": null, "NINFOM": null, "NTXTDS": null, "SCAMAX": null, "SCAMIN": 29999, "TXTDSC": null, "RECDAT": null, "RECIND": null, "SORDAT": "20150206", "SORIND": "US,US,reprt,L-246-2015", "DEPTH": 37.0, "_enc_cell": "US4TB3P0", "depth_m": 37.0, "_sound_id": 1136, "CATZOC": 3, "QUAL_POSACC": null, "QUAL_SOUACC": null, "QUAL_SUREND": "2004", "QUAL_SURSTA": null, "QUAL_TECSOU": null, "QUAL_VERDAT": null, "QUAL_INFORM": "U.S. Navy LIDAR Survey, Archive No. 04HFM01, Scale 1:5,000-1:10,000", "QUAL_SORDAT": "20150206", "QUAL_SORIND": "US,US,reprt,L-246-2015", "QUAL_ENC_CELL": "US4TB3P0", "zoc_label": "B", "quality_model_weight": 0.72, "ALLEN_class_name": null, "semantic_zone": "outside_allen_geomorphic_or_unclassified", "allen_mapped": false, "DEPARE_DRVAL1": 30.0, "DEPARE_DRVAL2": 50.0, "DEPARE__enc_cell": "US4TB3P0", "DEPARE_VERDAT": null, "inside_osm_reef_polygon": false, "working_hypothesis_60_70": false, "working_hypothesis_gt100": false }, "geometry": { "type": "Point", "coordinates": [ 134.5935364, 7.3414779, 37.0 ] } },
{ "type": "Feature", "properties": { "RCID": 8841, "PRIM": 1, "GRUP": 2, "OBJL": 129, "RVER": 1, "AGEN": 550, "FIDN": -2004046809, "FIDS": 19802, "LNAM": "0226888CAC274D5A", "LNAM_REFS": null, "FFPT_RIND": null, "EXPSOU": null, "NOBJNM": null, "OBJNAM": null, "QUASOU": null, "SOUACC": null, "TECSOU": null, "VERDAT": null, "STATUS": null, "INFORM": null, "NINFOM": null, "NTXTDS": null, "SCAMAX": null, "SCAMIN": 29999, "TXTDSC": null, "RECDAT": null, "RECIND": null, "SORDAT": "20150206", "SORIND": "US,US,reprt,L-246-2015", "DEPTH": 10.1, "_enc_cell": "US4TB3P0", "depth_m": 10.1, "_sound_id": 1137, "CATZOC": 3, "QUAL_POSACC": null, "QUAL_SOUACC": null, "QUAL_SUREND": "2004", "QUAL_SURSTA": null, "QUAL_TECSOU": null, "QUAL_VERDAT": null, "QUAL_INFORM": "U.S. Navy LIDAR Survey, Archive No. 04HFM01, Scale 1:5,000-1:10,000", "QUAL_SORDAT": "20150206", "QUAL_SORIND": "US,US,reprt,L-246-2015", "QUAL_ENC_CELL": "US4TB3P0", "zoc_label": "B", "quality_model_weight": 0.72, "ALLEN_class_name": "Reef Slope", "semantic_zone": "reef_slope", "allen_mapped": true, "DEPARE_DRVAL1": 10.0, "DEPARE_DRVAL2": 20.0, "DEPARE__enc_cell": "US4TB3P0", "DEPARE_VERDAT": null, "inside_osm_reef_polygon": false, "working_hypothesis_60_70": false, "working_hypothesis_gt100": false }, "geometry": { "type": "Point", "coordinates": [ 134.593582199999986, 7.350625, 10.1 ] } },
{ "type": "Feature", "properties": { "RCID": 8841, "PRIM": 1, "GRUP": 2, "OBJL": 129, "RVER": 1, "AGEN": 550, "FIDN": -2004046809, "FIDS": 19802, "LNAM": "0226888CAC274D5A", "LNAM_REFS": null, "FFPT_RIND": null, "EXPSOU": null, "NOBJNM": null, "OBJNAM": null, "QUASOU": null, "SOUACC": null, "TECSOU": null, "VERDAT": null, "STATUS": null, "INFORM": null, "NINFOM": null, "NTXTDS": null, "SCAMAX": null, "SCAMIN": 29999, "TXTDSC": null, "RECDAT": null, "RECIND": null, "SORDAT": "20150206", "SORIND": "US,US,reprt,L-246-2015", "DEPTH": 283.0, "_enc_cell": "US4TB3P0", "depth_m": 283.0, "_sound_id": 1138, "CATZOC": 5, "QUAL_POSACC": null, "QUAL_SOUACC": null, "QUAL_SUREND": "1938", "QUAL_SURSTA": "1915", "QUAL_TECSOU": null, "QUAL_VERDAT": null, "QUAL_INFORM": "Former Japan Chart 481 (Ed. 1940, Rev. 1944), from Japan surveys, Scale 1:25,000", "QUAL_SORDAT": "20150206", "QUAL_SORIND": "US,US,reprt,L-246-2015", "QUAL_ENC_CELL": "US4TB3P0", "zoc_label": "D", "quality_model_weight": 0.22, "ALLEN_class_name": null, "semantic_zone": "outside_allen_geomorphic_or_unclassified", "allen_mapped": false, "DEPARE_DRVAL1": 200.0, "DEPARE_DRVAL2": 1000.0, "DEPARE__enc_cell": "US4TB3P0", "DEPARE_VERDAT": null, "inside_osm_reef_polygon": false, "working_hypothesis_60_70": false, "working_hypothesis_gt100": true }, "geometry": { "type": "Point", "coordinates": [ 134.5936432, 7.3305917, 283.0 ] } },
{ "type": "Feature", "properties": { "RCID": 8841, "PRIM": 1, "GRUP": 2, "OBJL": 129, "RVER": 1, "AGEN": 550, "FIDN": -2004046809, "FIDS": 19802, "LNAM": "0226888CAC274D5A", "LNAM_REFS": null, "FFPT_RIND": null, "EXPSOU": null, "NOBJNM": null, "OBJNAM": null, "QUASOU": null, "SOUACC": null, "TECSOU": null, "VERDAT": null, "STATUS": null, "INFORM": null, "NINFOM": null, "NTXTDS": null, "SCAMAX": null, "SCAMIN": 29999, "TXTDSC": null, "RECDAT": null, "RECIND": null, "SORDAT": "20150206", "SORIND": "US,US,reprt,L-246-2015", "DEPTH": 28.0, "_enc_cell": "US4TB3P0", "depth_m": 28.0, "_sound_id": 1139, "CATZOC": 3, "QUAL_POSACC": null, "QUAL_SOUACC": null, "QUAL_SUREND": "2004", "QUAL_SURSTA": null, "QUAL_TECSOU": null, "QUAL_VERDAT": null, "QUAL_INFORM": "U.S. Navy LIDAR Survey, Archive No. 04HFM01, Scale 1:5,000-1:10,000", "QUAL_SORDAT": "20150206", "QUAL_SORIND": "US,US,reprt,L-246-2015", "QUAL_ENC_CELL": "US4TB3P0", "zoc_label": "B", "quality_model_weight": 0.72, "ALLEN_class_name": null, "semantic_zone": "outside_allen_geomorphic_or_unclassified", "allen_mapped": false, "DEPARE_DRVAL1": 20.0, "DEPARE_DRVAL2": 30.0, "DEPARE__enc_cell": "US4TB3P0", "DEPARE_VERDAT": null, "inside_osm_reef_polygon": false, "working_hypothesis_60_70": false, "working_hypothesis_gt100": false }, "geometry": { "type": "Point", "coordinates": [ 134.593673700000011, 7.3481445, 28.0 ] } },
{ "type": "Feature", "properties": { "RCID": 8841, "PRIM": 1, "GRUP": 2, "OBJL": 129, "RVER": 1, "AGEN": 550, "FIDN": -2004046809, "FIDS": 19802, "LNAM": "0226888CAC274D5A", "LNAM_REFS": null, "FFPT_RIND": null, "EXPSOU": null, "NOBJNM": null, "OBJNAM": null, "QUASOU": null, "SOUACC": null, "TECSOU": null, "VERDAT": null, "STATUS": null, "INFORM": null, "NINFOM": null, "NTXTDS": null, "SCAMAX": null, "SCAMIN": 29999, "TXTDSC": null, "RECDAT": null, "RECIND": null, "SORDAT": "20150206", "SORIND": "US,US,reprt,L-246-2015", "DEPTH": 36.0, "_enc_cell": "US4TB3P0", "depth_m": 36.0, "_sound_id": 1140, "CATZOC": 3, "QUAL_POSACC": null, "QUAL_SOUACC": null, "QUAL_SUREND": "2004", "QUAL_SURSTA": null, "QUAL_TECSOU": null, "QUAL_VERDAT": null, "QUAL_INFORM": "U.S. Navy LIDAR Survey, Archive No. 04HFM01, Scale 1:5,000-1:10,000", "QUAL_SORDAT": "20150206", "QUAL_SORIND": "US,US,reprt,L-246-2015", "QUAL_ENC_CELL": "US4TB3P0", "zoc_label": "B", "quality_model_weight": 0.72, "ALLEN_class_name": null, "semantic_zone": "outside_allen_geomorphic_or_unclassified", "allen_mapped": false, "DEPARE_DRVAL1": 30.0, "DEPARE_DRVAL2": 50.0, "DEPARE__enc_cell": "US4TB3P0", "DEPARE_VERDAT": null, "inside_osm_reef_polygon": false, "working_hypothesis_60_70": false, "working_hypothesis_gt100": false }, "geometry": { "type": "Point", "coordinates": [ 134.5939026, 7.3459168, 36.0 ] } },
{ "type": "Feature", "properties": { "RCID": 8841, "PRIM": 1, "GRUP": 2, "OBJL": 129, "RVER": 1, "AGEN": 550, "FIDN": -2004046809, "FIDS": 19802, "LNAM": "0226888CAC274D5A", "LNAM_REFS": null, "FFPT_RIND": null, "EXPSOU": null, "NOBJNM": null, "OBJNAM": null, "QUASOU": null, "SOUACC": null, "TECSOU": null, "VERDAT": null, "STATUS": null, "INFORM": null, "NINFOM": null, "NTXTDS": null, "SCAMAX": null, "SCAMIN": 29999, "TXTDSC": null, "RECDAT": null, "RECIND": null, "SORDAT": "20150206", "SORIND": "US,US,reprt,L-246-2015", "DEPTH": 26.8, "_enc_cell": "US4TB3P0", "depth_m": 26.8, "_sound_id": 1141, "CATZOC": 3, "QUAL_POSACC": null, "QUAL_SOUACC": null, "QUAL_SUREND": "2004", "QUAL_SURSTA": null, "QUAL_TECSOU": null, "QUAL_VERDAT": null, "QUAL_INFORM": "U.S. Navy LIDAR Survey, Archive No. 04HFM01, Scale 1:5,000-1:10,000", "QUAL_SORDAT": "20150206", "QUAL_SORIND": "US,US,reprt,L-246-2015", "QUAL_ENC_CELL": "US4TB3P0", "zoc_label": "B", "quality_model_weight": 0.72, "ALLEN_class_name": null, "semantic_zone": "outside_allen_geomorphic_or_unclassified", "allen_mapped": false, "DEPARE_DRVAL1": 20.0, "DEPARE_DRVAL2": 30.0, "DEPARE__enc_cell": "US4TB3P0", "DEPARE_VERDAT": null, "inside_osm_reef_polygon": false, "working_hypothesis_60_70": false, "working_hypothesis_gt100": false }, "geometry": { "type": "Point", "coordinates": [ 134.5940094, 7.3397918, 26.8 ] } },
{ "type": "Feature", "properties": { "RCID": 8841, "PRIM": 1, "GRUP": 2, "OBJL": 129, "RVER": 1, "AGEN": 550, "FIDN": -2004046809, "FIDS": 19802, "LNAM": "0226888CAC274D5A", "LNAM_REFS": null, "FFPT_RIND": null, "EXPSOU": null, "NOBJNM": null, "OBJNAM": null, "QUASOU": null, "SOUACC": null, "TECSOU": null, "VERDAT": null, "STATUS": null, "INFORM": null, "NINFOM": null, "NTXTDS": null, "SCAMAX": null, "SCAMIN": 29999, "TXTDSC": null, "RECDAT": null, "RECIND": null, "SORDAT": "20150206", "SORIND": "US,US,reprt,L-246-2015", "DEPTH": 17.1, "_enc_cell": "US4TB3P0", "depth_m": 17.1, "_sound_id": 1142, "CATZOC": 3, "QUAL_POSACC": null, "QUAL_SOUACC": null, "QUAL_SUREND": "2004", "QUAL_SURSTA": null, "QUAL_TECSOU": null, "QUAL_VERDAT": null, "QUAL_INFORM": "U.S. Navy LIDAR Survey, Archive No. 04HFM01, Scale 1:5,000-1:10,000", "QUAL_SORDAT": "20150206", "QUAL_SORIND": "US,US,reprt,L-246-2015", "QUAL_ENC_CELL": "US4TB3P0", "zoc_label": "B", "quality_model_weight": 0.72, "ALLEN_class_name": null, "semantic_zone": "outside_allen_geomorphic_or_unclassified", "allen_mapped": false, "DEPARE_DRVAL1": 10.0, "DEPARE_DRVAL2": 20.0, "DEPARE__enc_cell": "US4TB3P0", "DEPARE_VERDAT": null, "inside_osm_reef_polygon": false, "working_hypothesis_60_70": false, "working_hypothesis_gt100": false }, "geometry": { "type": "Point", "coordinates": [ 134.5940857, 7.3353224, 17.1 ] } },
{ "type": "Feature", "properties": { "RCID": 8841, "PRIM": 1, "GRUP": 2, "OBJL": 129, "RVER": 1, "AGEN": 550, "FIDN": -2004046809, "FIDS": 19802, "LNAM": "0226888CAC274D5A", "LNAM_REFS": null, "FFPT_RIND": null, "EXPSOU": null, "NOBJNM": null, "OBJNAM": null, "QUASOU": null, "SOUACC": null, "TECSOU": null, "VERDAT": null, "STATUS": null, "INFORM": null, "NINFOM": null, "NTXTDS": null, "SCAMAX": null, "SCAMIN": 29999, "TXTDSC": null, "RECDAT": null, "RECIND": null, "SORDAT": "20150206", "SORIND": "US,US,reprt,L-246-2015", "DEPTH": 27.5, "_enc_cell": "US4TB3P0", "depth_m": 27.5, "_sound_id": 1143, "CATZOC": 5, "QUAL_POSACC": null, "QUAL_SOUACC": null, "QUAL_SUREND": "1938", "QUAL_SURSTA": "1915", "QUAL_TECSOU": null, "QUAL_VERDAT": null, "QUAL_INFORM": "Former Japan Chart 481 (Ed. 1940, Rev. 1944), from Japan surveys, Scale 1:25,000", "QUAL_SORDAT": "20150206", "QUAL_SORIND": "US,US,reprt,L-246-2015", "QUAL_ENC_CELL": "US4TB3P0", "zoc_label": "D", "quality_model_weight": 0.22, "ALLEN_class_name": null, "semantic_zone": "outside_allen_geomorphic_or_unclassified", "allen_mapped": false, "DEPARE_DRVAL1": 20.0, "DEPARE_DRVAL2": 30.0, "DEPARE__enc_cell": "US4TB3P0", "DEPARE_VERDAT": null, "inside_osm_reef_polygon": false, "working_hypothesis_60_70": false, "working_hypothesis_gt100": false }, "geometry": { "type": "Point", "coordinates": [ 134.5941925, 7.3345027, 27.5 ] } },
{ "type": "Feature", "properties": { "RCID": 8841, "PRIM": 1, "GRUP": 2, "OBJL": 129, "RVER": 1, "AGEN": 550, "FIDN": -2004046809, "FIDS": 19802, "LNAM": "0226888CAC274D5A", "LNAM_REFS": null, "FFPT_RIND": null, "EXPSOU": null, "NOBJNM": null, "OBJNAM": null, "QUASOU": null, "SOUACC": null, "TECSOU": null, "VERDAT": null, "STATUS": null, "INFORM": null, "NINFOM": null, "NTXTDS": null, "SCAMAX": null, "SCAMIN": 29999, "TXTDSC": null, "RECDAT": null, "RECIND": null, "SORDAT": "20150206", "SORIND": "US,US,reprt,L-246-2015", "DEPTH": 39.0, "_enc_cell": "US4TB3P0", "depth_m": 39.0, "_sound_id": 1144, "CATZOC": 3, "QUAL_POSACC": null, "QUAL_SOUACC": null, "QUAL_SUREND": "2004", "QUAL_SURSTA": null, "QUAL_TECSOU": null, "QUAL_VERDAT": null, "QUAL_INFORM": "U.S. Navy LIDAR Survey, Archive No. 04HFM01, Scale 1:5,000-1:10,000", "QUAL_SORDAT": "20150206", "QUAL_SORIND": "US,US,reprt,L-246-2015", "QUAL_ENC_CELL": "US4TB3P0", "zoc_label": "B", "quality_model_weight": 0.72, "ALLEN_class_name": null, "semantic_zone": "outside_allen_geomorphic_or_unclassified", "allen_mapped": false, "DEPARE_DRVAL1": 30.0, "DEPARE_DRVAL2": 50.0, "DEPARE__enc_cell": "US4TB3P0", "DEPARE_VERDAT": null, "inside_osm_reef_polygon": false, "working_hypothesis_60_70": false, "working_hypothesis_gt100": false }, "geometry": { "type": "Point", "coordinates": [ 134.5941925, 7.344389, 39.0 ] } },
{ "type": "Feature", "properties": { "RCID": 8841, "PRIM": 1, "GRUP": 2, "OBJL": 129, "RVER": 1, "AGEN": 550, "FIDN": -2004046809, "FIDS": 19802, "LNAM": "0226888CAC274D5A", "LNAM_REFS": null, "FFPT_RIND": null, "EXPSOU": null, "NOBJNM": null, "OBJNAM": null, "QUASOU": null, "SOUACC": null, "TECSOU": null, "VERDAT": null, "STATUS": null, "INFORM": null, "NINFOM": null, "NTXTDS": null, "SCAMAX": null, "SCAMIN": 29999, "TXTDSC": null, "RECDAT": null, "RECIND": null, "SORDAT": "20150206", "SORIND": "US,US,reprt,L-246-2015", "DEPTH": 18.1, "_enc_cell": "US4TB3P0", "depth_m": 18.1, "_sound_id": 1145, "CATZOC": 3, "QUAL_POSACC": null, "QUAL_SOUACC": null, "QUAL_SUREND": "2004", "QUAL_SURSTA": null, "QUAL_TECSOU": null, "QUAL_VERDAT": null, "QUAL_INFORM": "U.S. Navy LIDAR Survey, Archive No. 04HFM01, Scale 1:5,000-1:10,000", "QUAL_SORDAT": "20150206", "QUAL_SORIND": "US,US,reprt,L-246-2015", "QUAL_ENC_CELL": "US4TB3P0", "zoc_label": "B", "quality_model_weight": 0.72, "ALLEN_class_name": null, "semantic_zone": "outside_allen_geomorphic_or_unclassified", "allen_mapped": false, "DEPARE_DRVAL1": 10.0, "DEPARE_DRVAL2": 20.0, "DEPARE__enc_cell": "US4TB3P0", "DEPARE_VERDAT": null, "inside_osm_reef_polygon": false, "working_hypothesis_60_70": false, "working_hypothesis_gt100": false }, "geometry": { "type": "Point", "coordinates": [ 134.594406099999986, 7.3361721, 18.1 ] } },
{ "type": "Feature", "properties": { "RCID": 8841, "PRIM": 1, "GRUP": 2, "OBJL": 129, "RVER": 1, "AGEN": 550, "FIDN": -2004046809, "FIDS": 19802, "LNAM": "0226888CAC274D5A", "LNAM_REFS": null, "FFPT_RIND": null, "EXPSOU": null, "NOBJNM": null, "OBJNAM": null, "QUASOU": null, "SOUACC": null, "TECSOU": null, "VERDAT": null, "STATUS": null, "INFORM": null, "NINFOM": null, "NTXTDS": null, "SCAMAX": null, "SCAMIN": 29999, "TXTDSC": null, "RECDAT": null, "RECIND": null, "SORDAT": "20150206", "SORIND": "US,US,reprt,L-246-2015", "DEPTH": 42.0, "_enc_cell": "US4TB3P0", "depth_m": 42.0, "_sound_id": 1146, "CATZOC": 3, "QUAL_POSACC": null, "QUAL_SOUACC": null, "QUAL_SUREND": "2004", "QUAL_SURSTA": null, "QUAL_TECSOU": null, "QUAL_VERDAT": null, "QUAL_INFORM": "U.S. Navy LIDAR Survey, Archive No. 04HFM01, Scale 1:5,000-1:10,000", "QUAL_SORDAT": "20150206", "QUAL_SORIND": "US,US,reprt,L-246-2015", "QUAL_ENC_CELL": "US4TB3P0", "zoc_label": "B", "quality_model_weight": 0.72, "ALLEN_class_name": null, "semantic_zone": "outside_allen_geomorphic_or_unclassified", "allen_mapped": false, "DEPARE_DRVAL1": 30.0, "DEPARE_DRVAL2": 50.0, "DEPARE__enc_cell": "US4TB3P0", "DEPARE_VERDAT": null, "inside_osm_reef_polygon": false, "working_hypothesis_60_70": false, "working_hypothesis_gt100": false }, "geometry": { "type": "Point", "coordinates": [ 134.594574, 7.3423224, 42.0 ] } },
{ "type": "Feature", "properties": { "RCID": 8841, "PRIM": 1, "GRUP": 2, "OBJL": 129, "RVER": 1, "AGEN": 550, "FIDN": -2004046809, "FIDS": 19802, "LNAM": "0226888CAC274D5A", "LNAM_REFS": null, "FFPT_RIND": null, "EXPSOU": null, "NOBJNM": null, "OBJNAM": null, "QUASOU": null, "SOUACC": null, "TECSOU": null, "VERDAT": null, "STATUS": null, "INFORM": null, "NINFOM": null, "NTXTDS": null, "SCAMAX": null, "SCAMIN": 29999, "TXTDSC": null, "RECDAT": null, "RECIND": null, "SORDAT": "20150206", "SORIND": "US,US,reprt,L-246-2015", "DEPTH": 13.8, "_enc_cell": "US4TB3P0", "depth_m": 13.8, "_sound_id": 1147, "CATZOC": 3, "QUAL_POSACC": null, "QUAL_SOUACC": null, "QUAL_SUREND": "2004", "QUAL_SURSTA": null, "QUAL_TECSOU": null, "QUAL_VERDAT": null, "QUAL_INFORM": "U.S. Navy LIDAR Survey, Archive No. 04HFM01, Scale 1:5,000-1:10,000", "QUAL_SORDAT": "20150206", "QUAL_SORIND": "US,US,reprt,L-246-2015", "QUAL_ENC_CELL": "US4TB3P0", "zoc_label": "B", "quality_model_weight": 0.72, "ALLEN_class_name": "Reef Slope", "semantic_zone": "reef_slope", "allen_mapped": true, "DEPARE_DRVAL1": 10.0, "DEPARE_DRVAL2": 20.0, "DEPARE__enc_cell": "US4TB3P0", "DEPARE_VERDAT": null, "inside_osm_reef_polygon": false, "working_hypothesis_60_70": false, "working_hypothesis_gt100": false }, "geometry": { "type": "Point", "coordinates": [ 134.5947113, 7.3510971, 13.8 ] } },
{ "type": "Feature", "properties": { "RCID": 8841, "PRIM": 1, "GRUP": 2, "OBJL": 129, "RVER": 1, "AGEN": 550, "FIDN": -2004046809, "FIDS": 19802, "LNAM": "0226888CAC274D5A", "LNAM_REFS": null, "FFPT_RIND": null, "EXPSOU": null, "NOBJNM": null, "OBJNAM": null, "QUASOU": null, "SOUACC": null, "TECSOU": null, "VERDAT": null, "STATUS": null, "INFORM": null, "NINFOM": null, "NTXTDS": null, "SCAMAX": null, "SCAMIN": 29999, "TXTDSC": null, "RECDAT": null, "RECIND": null, "SORDAT": "20150206", "SORIND": "US,US,reprt,L-246-2015", "DEPTH": 27.0, "_enc_cell": "US4TB3P0", "depth_m": 27.0, "_sound_id": 1148, "CATZOC": 3, "QUAL_POSACC": null, "QUAL_SOUACC": null, "QUAL_SUREND": "2004", "QUAL_SURSTA": null, "QUAL_TECSOU": null, "QUAL_VERDAT": null, "QUAL_INFORM": "U.S. Navy LIDAR Survey, Archive No. 04HFM01, Scale 1:5,000-1:10,000", "QUAL_SORDAT": "20150206", "QUAL_SORIND": "US,US,reprt,L-246-2015", "QUAL_ENC_CELL": "US4TB3P0", "zoc_label": "B", "quality_model_weight": 0.72, "ALLEN_class_name": null, "semantic_zone": "outside_allen_geomorphic_or_unclassified", "allen_mapped": false, "DEPARE_DRVAL1": 20.0, "DEPARE_DRVAL2": 30.0, "DEPARE__enc_cell": "US4TB3P0", "DEPARE_VERDAT": null, "inside_osm_reef_polygon": false, "working_hypothesis_60_70": false, "working_hypothesis_gt100": false }, "geometry": { "type": "Point", "coordinates": [ 134.595001200000013, 7.3493891, 27.0 ] } },
{ "type": "Feature", "properties": { "RCID": 8841, "PRIM": 1, "GRUP": 2, "OBJL": 129, "RVER": 1, "AGEN": 550, "FIDN": -2004046809, "FIDS": 19802, "LNAM": "0226888CAC274D5A", "LNAM_REFS": null, "FFPT_RIND": null, "EXPSOU": null, "NOBJNM": null, "OBJNAM": null, "QUASOU": null, "SOUACC": null, "TECSOU": null, "VERDAT": null, "STATUS": null, "INFORM": null, "NINFOM": null, "NTXTDS": null, "SCAMAX": null, "SCAMIN": 29999, "TXTDSC": null, "RECDAT": null, "RECIND": null, "SORDAT": "20150206", "SORIND": "US,US,reprt,L-246-2015", "DEPTH": 2.5, "_enc_cell": "US4TB3P0", "depth_m": 2.5, "_sound_id": 1149, "CATZOC": 3, "QUAL_POSACC": null, "QUAL_SOUACC": null, "QUAL_SUREND": "2004", "QUAL_SURSTA": null, "QUAL_TECSOU": null, "QUAL_VERDAT": null, "QUAL_INFORM": "U.S. Navy LIDAR Survey, Archive No. 04HFM01, Scale 1:5,000-1:10,000", "QUAL_SORDAT": "20150206", "QUAL_SORIND": "US,US,reprt,L-246-2015", "QUAL_ENC_CELL": "US4TB3P0", "zoc_label": "B", "quality_model_weight": 0.72, "ALLEN_class_name": "Reef Crest", "semantic_zone": "reef_flat_or_crest", "allen_mapped": true, "DEPARE_DRVAL1": 2.0, "DEPARE_DRVAL2": 5.0, "DEPARE__enc_cell": "US4TB3P0", "DEPARE_VERDAT": null, "inside_osm_reef_polygon": false, "working_hypothesis_60_70": false, "working_hypothesis_gt100": false }, "geometry": { "type": "Point", "coordinates": [ 134.5950623, 7.3529806, 2.5 ] } },
{ "type": "Feature", "properties": { "RCID": 8841, "PRIM": 1, "GRUP": 2, "OBJL": 129, "RVER": 1, "AGEN": 550, "FIDN": -2004046809, "FIDS": 19802, "LNAM": "0226888CAC274D5A", "LNAM_REFS": null, "FFPT_RIND": null, "EXPSOU": null, "NOBJNM": null, "OBJNAM": null, "QUASOU": null, "SOUACC": null, "TECSOU": null, "VERDAT": null, "STATUS": null, "INFORM": null, "NINFOM": null, "NTXTDS": null, "SCAMAX": null, "SCAMIN": 29999, "TXTDSC": null, "RECDAT": null, "RECIND": null, "SORDAT": "20150206", "SORIND": "US,US,reprt,L-246-2015", "DEPTH": 8.6, "_enc_cell": "US4TB3P0", "depth_m": 8.6, "_sound_id": 1150, "CATZOC": 3, "QUAL_POSACC": null, "QUAL_SOUACC": null, "QUAL_SUREND": "2004", "QUAL_SURSTA": null, "QUAL_TECSOU": null, "QUAL_VERDAT": null, "QUAL_INFORM": "U.S. Navy LIDAR Survey, Archive No. 04HFM01, Scale 1:5,000-1:10,000", "QUAL_SORDAT": "20150206", "QUAL_SORIND": "US,US,reprt,L-246-2015", "QUAL_ENC_CELL": "US4TB3P0", "zoc_label": "B", "quality_model_weight": 0.72, "ALLEN_class_name": "Reef Slope", "semantic_zone": "reef_slope", "allen_mapped": true, "DEPARE_DRVAL1": 5.0, "DEPARE_DRVAL2": 10.0, "DEPARE__enc_cell": "US4TB3P0", "DEPARE_VERDAT": null, "inside_osm_reef_polygon": false, "working_hypothesis_60_70": false, "working_hypothesis_gt100": false }, "geometry": { "type": "Point", "coordinates": [ 134.5951691, 7.3523526, 8.6 ] } },
{ "type": "Feature", "properties": { "RCID": 8841, "PRIM": 1, "GRUP": 2, "OBJL": 129, "RVER": 1, "AGEN": 550, "FIDN": -2004046809, "FIDS": 19802, "LNAM": "0226888CAC274D5A", "LNAM_REFS": null, "FFPT_RIND": null, "EXPSOU": null, "NOBJNM": null, "OBJNAM": null, "QUASOU": null, "SOUACC": null, "TECSOU": null, "VERDAT": null, "STATUS": null, "INFORM": null, "NINFOM": null, "NTXTDS": null, "SCAMAX": null, "SCAMIN": 29999, "TXTDSC": null, "RECDAT": null, "RECIND": null, "SORDAT": "20150206", "SORIND": "US,US,reprt,L-246-2015", "DEPTH": 608.0, "_enc_cell": "US4TB3P0", "depth_m": 608.0, "_sound_id": 1151, "CATZOC": 5, "QUAL_POSACC": null, "QUAL_SOUACC": null, "QUAL_SUREND": "1938", "QUAL_SURSTA": "1915", "QUAL_TECSOU": null, "QUAL_VERDAT": null, "QUAL_INFORM": "Former Japan Chart 481 (Ed. 1940, Rev. 1944), from Japan surveys, Scale 1:25,000", "QUAL_SORDAT": "20150206", "QUAL_SORIND": "US,US,reprt,L-246-2015", "QUAL_ENC_CELL": "US4TB3P0", "zoc_label": "D", "quality_model_weight": 0.22, "ALLEN_class_name": null, "semantic_zone": "outside_allen_geomorphic_or_unclassified", "allen_mapped": false, "DEPARE_DRVAL1": 200.0, "DEPARE_DRVAL2": 1000.0, "DEPARE__enc_cell": "US4TB3P0", "DEPARE_VERDAT": null, "inside_osm_reef_polygon": false, "working_hypothesis_60_70": false, "working_hypothesis_gt100": true }, "geometry": { "type": "Point", "coordinates": [ 134.5953064, 7.3240085, 608.0 ] } },
{ "type": "Feature", "properties": { "RCID": 8841, "PRIM": 1, "GRUP": 2, "OBJL": 129, "RVER": 1, "AGEN": 550, "FIDN": -2004046809, "FIDS": 19802, "LNAM": "0226888CAC274D5A", "LNAM_REFS": null, "FFPT_RIND": null, "EXPSOU": null, "NOBJNM": null, "OBJNAM": null, "QUASOU": null, "SOUACC": null, "TECSOU": null, "VERDAT": null, "STATUS": null, "INFORM": null, "NINFOM": null, "NTXTDS": null, "SCAMAX": null, "SCAMIN": 29999, "TXTDSC": null, "RECDAT": null, "RECIND": null, "SORDAT": "20150206", "SORIND": "US,US,reprt,L-246-2015", "DEPTH": 2.3, "_enc_cell": "US4TB3P0", "depth_m": 2.3, "_sound_id": 1152, "CATZOC": 3, "QUAL_POSACC": null, "QUAL_SOUACC": null, "QUAL_SUREND": "2004", "QUAL_SURSTA": null, "QUAL_TECSOU": null, "QUAL_VERDAT": null, "QUAL_INFORM": "U.S. Navy LIDAR Survey, Archive No. 04HFM01, Scale 1:5,000-1:10,000", "QUAL_SORDAT": "20150206", "QUAL_SORIND": "US,US,reprt,L-246-2015", "QUAL_ENC_CELL": "US4TB3P0", "zoc_label": "B", "quality_model_weight": 0.72, "ALLEN_class_name": "Reef Crest", "semantic_zone": "reef_flat_or_crest", "allen_mapped": true, "DEPARE_DRVAL1": 2.0, "DEPARE_DRVAL2": 5.0, "DEPARE__enc_cell": "US4TB3P0", "DEPARE_VERDAT": null, "inside_osm_reef_polygon": false, "working_hypothesis_60_70": false, "working_hypothesis_gt100": false }, "geometry": { "type": "Point", "coordinates": [ 134.5953217, 7.3540335, 2.3 ] } },
{ "type": "Feature", "properties": { "RCID": 8841, "PRIM": 1, "GRUP": 2, "OBJL": 129, "RVER": 1, "AGEN": 550, "FIDN": -2004046809, "FIDS": 19802, "LNAM": "0226888CAC274D5A", "LNAM_REFS": null, "FFPT_RIND": null, "EXPSOU": null, "NOBJNM": null, "OBJNAM": null, "QUASOU": null, "SOUACC": null, "TECSOU": null, "VERDAT": null, "STATUS": null, "INFORM": null, "NINFOM": null, "NTXTDS": null, "SCAMAX": null, "SCAMIN": 29999, "TXTDSC": null, "RECDAT": null, "RECIND": null, "SORDAT": "20150206", "SORIND": "US,US,reprt,L-246-2015", "DEPTH": 24.9, "_enc_cell": "US4TB3P0", "depth_m": 24.9, "_sound_id": 1153, "CATZOC": 3, "QUAL_POSACC": null, "QUAL_SOUACC": null, "QUAL_SUREND": "2004", "QUAL_SURSTA": null, "QUAL_TECSOU": null, "QUAL_VERDAT": null, "QUAL_INFORM": "U.S. Navy LIDAR Survey, Archive No. 04HFM01, Scale 1:5,000-1:10,000", "QUAL_SORDAT": "20150206", "QUAL_SORIND": "US,US,reprt,L-246-2015", "QUAL_ENC_CELL": "US4TB3P0", "zoc_label": "B", "quality_model_weight": 0.72, "ALLEN_class_name": null, "semantic_zone": "outside_allen_geomorphic_or_unclassified", "allen_mapped": false, "DEPARE_DRVAL1": 20.0, "DEPARE_DRVAL2": 30.0, "DEPARE__enc_cell": "US4TB3P0", "DEPARE_VERDAT": null, "inside_osm_reef_polygon": false, "working_hypothesis_60_70": false, "working_hypothesis_gt100": false }, "geometry": { "type": "Point", "coordinates": [ 134.5954132, 7.336453, 24.9 ] } },
{ "type": "Feature", "properties": { "RCID": 8841, "PRIM": 1, "GRUP": 2, "OBJL": 129, "RVER": 1, "AGEN": 550, "FIDN": -2004046809, "FIDS": 19802, "LNAM": "0226888CAC274D5A", "LNAM_REFS": null, "FFPT_RIND": null, "EXPSOU": null, "NOBJNM": null, "OBJNAM": null, "QUASOU": null, "SOUACC": null, "TECSOU": null, "VERDAT": null, "STATUS": null, "INFORM": null, "NINFOM": null, "NTXTDS": null, "SCAMAX": null, "SCAMIN": 29999, "TXTDSC": null, "RECDAT": null, "RECIND": null, "SORDAT": "20150206", "SORIND": "US,US,reprt,L-246-2015", "DEPTH": 34.0, "_enc_cell": "US4TB3P0", "depth_m": 34.0, "_sound_id": 1154, "CATZOC": 3, "QUAL_POSACC": null, "QUAL_SOUACC": null, "QUAL_SUREND": "2004", "QUAL_SURSTA": null, "QUAL_TECSOU": null, "QUAL_VERDAT": null, "QUAL_INFORM": "U.S. Navy LIDAR Survey, Archive No. 04HFM01, Scale 1:5,000-1:10,000", "QUAL_SORDAT": "20150206", "QUAL_SORIND": "US,US,reprt,L-246-2015", "QUAL_ENC_CELL": "US4TB3P0", "zoc_label": "B", "quality_model_weight": 0.72, "ALLEN_class_name": null, "semantic_zone": "outside_allen_geomorphic_or_unclassified", "allen_mapped": false, "DEPARE_DRVAL1": 30.0, "DEPARE_DRVAL2": 50.0, "DEPARE__enc_cell": "US4TB3P0", "DEPARE_VERDAT": null, "inside_osm_reef_polygon": false, "working_hypothesis_60_70": false, "working_hypothesis_gt100": false }, "geometry": { "type": "Point", "coordinates": [ 134.5955811, 7.3464446, 34.0 ] } },
{ "type": "Feature", "properties": { "RCID": 8841, "PRIM": 1, "GRUP": 2, "OBJL": 129, "RVER": 1, "AGEN": 550, "FIDN": -2004046809, "FIDS": 19802, "LNAM": "0226888CAC274D5A", "LNAM_REFS": null, "FFPT_RIND": null, "EXPSOU": null, "NOBJNM": null, "OBJNAM": null, "QUASOU": null, "SOUACC": null, "TECSOU": null, "VERDAT": null, "STATUS": null, "INFORM": null, "NINFOM": null, "NTXTDS": null, "SCAMAX": null, "SCAMIN": 29999, "TXTDSC": null, "RECDAT": null, "RECIND": null, "SORDAT": "20150206", "SORIND": "US,US,reprt,L-246-2015", "DEPTH": 32.0, "_enc_cell": "US4TB3P0", "depth_m": 32.0, "_sound_id": 1155, "CATZOC": 3, "QUAL_POSACC": null, "QUAL_SOUACC": null, "QUAL_SUREND": "2004", "QUAL_SURSTA": null, "QUAL_TECSOU": null, "QUAL_VERDAT": null, "QUAL_INFORM": "U.S. Navy LIDAR Survey, Archive No. 04HFM01, Scale 1:5,000-1:10,000", "QUAL_SORDAT": "20150206", "QUAL_SORIND": "US,US,reprt,L-246-2015", "QUAL_ENC_CELL": "US4TB3P0", "zoc_label": "B", "quality_model_weight": 0.72, "ALLEN_class_name": null, "semantic_zone": "outside_allen_geomorphic_or_unclassified", "allen_mapped": false, "DEPARE_DRVAL1": 30.0, "DEPARE_DRVAL2": 50.0, "DEPARE__enc_cell": "US4TB3P0", "DEPARE_VERDAT": null, "inside_osm_reef_polygon": false, "working_hypothesis_60_70": false, "working_hypothesis_gt100": false }, "geometry": { "type": "Point", "coordinates": [ 134.5958099, 7.3449445, 32.0 ] } },
{ "type": "Feature", "properties": { "RCID": 8841, "PRIM": 1, "GRUP": 2, "OBJL": 129, "RVER": 1, "AGEN": 550, "FIDN": -2004046809, "FIDS": 19802, "LNAM": "0226888CAC274D5A", "LNAM_REFS": null, "FFPT_RIND": null, "EXPSOU": null, "NOBJNM": null, "OBJNAM": null, "QUASOU": null, "SOUACC": null, "TECSOU": null, "VERDAT": null, "STATUS": null, "INFORM": null, "NINFOM": null, "NTXTDS": null, "SCAMAX": null, "SCAMIN": 29999, "TXTDSC": null, "RECDAT": null, "RECIND": null, "SORDAT": "20150206", "SORIND": "US,US,reprt,L-246-2015", "DEPTH": 40.0, "_enc_cell": "US4TB3P0", "depth_m": 40.0, "_sound_id": 1156, "CATZOC": 3, "QUAL_POSACC": null, "QUAL_SOUACC": null, "QUAL_SUREND": "2004", "QUAL_SURSTA": null, "QUAL_TECSOU": null, "QUAL_VERDAT": null, "QUAL_INFORM": "U.S. Navy LIDAR Survey, Archive No. 04HFM01, Scale 1:5,000-1:10,000", "QUAL_SORDAT": "20150206", "QUAL_SORIND": "US,US,reprt,L-246-2015", "QUAL_ENC_CELL": "US4TB3P0", "zoc_label": "B", "quality_model_weight": 0.72, "ALLEN_class_name": null, "semantic_zone": "outside_allen_geomorphic_or_unclassified", "allen_mapped": false, "DEPARE_DRVAL1": 30.0, "DEPARE_DRVAL2": 50.0, "DEPARE__enc_cell": "US4TB3P0", "DEPARE_VERDAT": null, "inside_osm_reef_polygon": false, "working_hypothesis_60_70": false, "working_hypothesis_gt100": false }, "geometry": { "type": "Point", "coordinates": [ 134.5958099, 7.3494859, 40.0 ] } },
{ "type": "Feature", "properties": { "RCID": 8841, "PRIM": 1, "GRUP": 2, "OBJL": 129, "RVER": 1, "AGEN": 550, "FIDN": -2004046809, "FIDS": 19802, "LNAM": "0226888CAC274D5A", "LNAM_REFS": null, "FFPT_RIND": null, "EXPSOU": null, "NOBJNM": null, "OBJNAM": null, "QUASOU": null, "SOUACC": null, "TECSOU": null, "VERDAT": null, "STATUS": null, "INFORM": null, "NINFOM": null, "NTXTDS": null, "SCAMAX": null, "SCAMIN": 29999, "TXTDSC": null, "RECDAT": null, "RECIND": null, "SORDAT": "20150206", "SORIND": "US,US,reprt,L-246-2015", "DEPTH": 21.9, "_enc_cell": "US4TB3P0", "depth_m": 21.9, "_sound_id": 1157, "CATZOC": 3, "QUAL_POSACC": null, "QUAL_SOUACC": null, "QUAL_SUREND": "2004", "QUAL_SURSTA": null, "QUAL_TECSOU": null, "QUAL_VERDAT": null, "QUAL_INFORM": "U.S. Navy LIDAR Survey, Archive No. 04HFM01, Scale 1:5,000-1:10,000", "QUAL_SORDAT": "20150206", "QUAL_SORIND": "US,US,reprt,L-246-2015", "QUAL_ENC_CELL": "US4TB3P0", "zoc_label": "B", "quality_model_weight": 0.72, "ALLEN_class_name": null, "semantic_zone": "outside_allen_geomorphic_or_unclassified", "allen_mapped": false, "DEPARE_DRVAL1": 20.0, "DEPARE_DRVAL2": 30.0, "DEPARE__enc_cell": "US4TB3P0", "DEPARE_VERDAT": null, "inside_osm_reef_polygon": false, "working_hypothesis_60_70": false, "working_hypothesis_gt100": false }, "geometry": { "type": "Point", "coordinates": [ 134.5958862, 7.3378139, 21.9 ] } },
{ "type": "Feature", "properties": { "RCID": 8841, "PRIM": 1, "GRUP": 2, "OBJL": 129, "RVER": 1, "AGEN": 550, "FIDN": -2004046809, "FIDS": 19802, "LNAM": "0226888CAC274D5A", "LNAM_REFS": null, "FFPT_RIND": null, "EXPSOU": null, "NOBJNM": null, "OBJNAM": null, "QUASOU": null, "SOUACC": null, "TECSOU": null, "VERDAT": null, "STATUS": null, "INFORM": null, "NINFOM": null, "NTXTDS": null, "SCAMAX": null, "SCAMIN": 29999, "TXTDSC": null, "RECDAT": null, "RECIND": null, "SORDAT": "20150206", "SORIND": "US,US,reprt,L-246-2015", "DEPTH": 34.0, "_enc_cell": "US4TB3P0", "depth_m": 34.0, "_sound_id": 1158, "CATZOC": 3, "QUAL_POSACC": null, "QUAL_SOUACC": null, "QUAL_SUREND": "2004", "QUAL_SURSTA": null, "QUAL_TECSOU": null, "QUAL_VERDAT": null, "QUAL_INFORM": "U.S. Navy LIDAR Survey, Archive No. 04HFM01, Scale 1:5,000-1:10,000", "QUAL_SORDAT": "20150206", "QUAL_SORIND": "US,US,reprt,L-246-2015", "QUAL_ENC_CELL": "US4TB3P0", "zoc_label": "B", "quality_model_weight": 0.72, "ALLEN_class_name": null, "semantic_zone": "outside_allen_geomorphic_or_unclassified", "allen_mapped": false, "DEPARE_DRVAL1": 30.0, "DEPARE_DRVAL2": 50.0, "DEPARE__enc_cell": "US4TB3P0", "DEPARE_VERDAT": null, "inside_osm_reef_polygon": false, "working_hypothesis_60_70": false, "working_hypothesis_gt100": false }, "geometry": { "type": "Point", "coordinates": [ 134.5960388, 7.3434334, 34.0 ] } },
{ "type": "Feature", "properties": { "RCID": 8841, "PRIM": 1, "GRUP": 2, "OBJL": 129, "RVER": 1, "AGEN": 550, "FIDN": -2004046809, "FIDS": 19802, "LNAM": "0226888CAC274D5A", "LNAM_REFS": null, "FFPT_RIND": null, "EXPSOU": null, "NOBJNM": null, "OBJNAM": null, "QUASOU": null, "SOUACC": null, "TECSOU": null, "VERDAT": null, "STATUS": null, "INFORM": null, "NINFOM": null, "NTXTDS": null, "SCAMAX": null, "SCAMIN": 29999, "TXTDSC": null, "RECDAT": null, "RECIND": null, "SORDAT": "20150206", "SORIND": "US,US,reprt,L-246-2015", "DEPTH": 25.5, "_enc_cell": "US4TB3P0", "depth_m": 25.5, "_sound_id": 1159, "CATZOC": 3, "QUAL_POSACC": null, "QUAL_SOUACC": null, "QUAL_SUREND": "2004", "QUAL_SURSTA": null, "QUAL_TECSOU": null, "QUAL_VERDAT": null, "QUAL_INFORM": "U.S. Navy LIDAR Survey, Archive No. 04HFM01, Scale 1:5,000-1:10,000", "QUAL_SORDAT": "20150206", "QUAL_SORIND": "US,US,reprt,L-246-2015", "QUAL_ENC_CELL": "US4TB3P0", "zoc_label": "B", "quality_model_weight": 0.72, "ALLEN_class_name": null, "semantic_zone": "outside_allen_geomorphic_or_unclassified", "allen_mapped": false, "DEPARE_DRVAL1": 20.0, "DEPARE_DRVAL2": 30.0, "DEPARE__enc_cell": "US4TB3P0", "DEPARE_VERDAT": null, "inside_osm_reef_polygon": false, "working_hypothesis_60_70": false, "working_hypothesis_gt100": false }, "geometry": { "type": "Point", "coordinates": [ 134.5960541, 7.3400445, 25.5 ] } },
{ "type": "Feature", "properties": { "RCID": 8841, "PRIM": 1, "GRUP": 2, "OBJL": 129, "RVER": 1, "AGEN": 550, "FIDN": -2004046809, "FIDS": 19802, "LNAM": "0226888CAC274D5A", "LNAM_REFS": null, "FFPT_RIND": null, "EXPSOU": null, "NOBJNM": null, "OBJNAM": null, "QUASOU": null, "SOUACC": null, "TECSOU": null, "VERDAT": null, "STATUS": null, "INFORM": null, "NINFOM": null, "NTXTDS": null, "SCAMAX": null, "SCAMIN": 29999, "TXTDSC": null, "RECDAT": null, "RECIND": null, "SORDAT": "20150206", "SORIND": "US,US,reprt,L-246-2015", "DEPTH": 7.2, "_enc_cell": "US4TB3P0", "depth_m": 7.2, "_sound_id": 1160, "CATZOC": 3, "QUAL_POSACC": null, "QUAL_SOUACC": null, "QUAL_SUREND": "2004", "QUAL_SURSTA": null, "QUAL_TECSOU": null, "QUAL_VERDAT": null, "QUAL_INFORM": "U.S. Navy LIDAR Survey, Archive No. 04HFM01, Scale 1:5,000-1:10,000", "QUAL_SORDAT": "20150206", "QUAL_SORIND": "US,US,reprt,L-246-2015", "QUAL_ENC_CELL": "US4TB3P0", "zoc_label": "B", "quality_model_weight": 0.72, "ALLEN_class_name": "Reef Slope", "semantic_zone": "reef_slope", "allen_mapped": true, "DEPARE_DRVAL1": 5.0, "DEPARE_DRVAL2": 10.0, "DEPARE__enc_cell": "US4TB3P0", "DEPARE_VERDAT": null, "inside_osm_reef_polygon": false, "working_hypothesis_60_70": false, "working_hypothesis_gt100": false }, "geometry": { "type": "Point", "coordinates": [ 134.596069300000011, 7.3544526, 7.2 ] } },
{ "type": "Feature", "properties": { "RCID": 8841, "PRIM": 1, "GRUP": 2, "OBJL": 129, "RVER": 1, "AGEN": 550, "FIDN": -2004046809, "FIDS": 19802, "LNAM": "0226888CAC274D5A", "LNAM_REFS": null, "FFPT_RIND": null, "EXPSOU": null, "NOBJNM": null, "OBJNAM": null, "QUASOU": null, "SOUACC": null, "TECSOU": null, "VERDAT": null, "STATUS": null, "INFORM": null, "NINFOM": null, "NTXTDS": null, "SCAMAX": null, "SCAMIN": 29999, "TXTDSC": null, "RECDAT": null, "RECIND": null, "SORDAT": "20150206", "SORIND": "US,US,reprt,L-246-2015", "DEPTH": 82.0, "_enc_cell": "US4TB3P0", "depth_m": 82.0, "_sound_id": 1161, "CATZOC": 5, "QUAL_POSACC": null, "QUAL_SOUACC": null, "QUAL_SUREND": "1938", "QUAL_SURSTA": "1915", "QUAL_TECSOU": null, "QUAL_VERDAT": null, "QUAL_INFORM": "Former Japan Chart 481 (Ed. 1940, Rev. 1944), from Japan surveys, Scale 1:25,000", "QUAL_SORDAT": "20150206", "QUAL_SORIND": "US,US,reprt,L-246-2015", "QUAL_ENC_CELL": "US4TB3P0", "zoc_label": "D", "quality_model_weight": 0.22, "ALLEN_class_name": null, "semantic_zone": "outside_allen_geomorphic_or_unclassified", "allen_mapped": false, "DEPARE_DRVAL1": 50.0, "DEPARE_DRVAL2": 100.0, "DEPARE__enc_cell": "US4TB3P0", "DEPARE_VERDAT": null, "inside_osm_reef_polygon": false, "working_hypothesis_60_70": false, "working_hypothesis_gt100": false }, "geometry": { "type": "Point", "coordinates": [ 134.5964356, 7.3351336, 82.0 ] } },
{ "type": "Feature", "properties": { "RCID": 8841, "PRIM": 1, "GRUP": 2, "OBJL": 129, "RVER": 1, "AGEN": 550, "FIDN": -2004046809, "FIDS": 19802, "LNAM": "0226888CAC274D5A", "LNAM_REFS": null, "FFPT_RIND": null, "EXPSOU": null, "NOBJNM": null, "OBJNAM": null, "QUASOU": null, "SOUACC": null, "TECSOU": null, "VERDAT": null, "STATUS": null, "INFORM": null, "NINFOM": null, "NTXTDS": null, "SCAMAX": null, "SCAMIN": 29999, "TXTDSC": null, "RECDAT": null, "RECIND": null, "SORDAT": "20150206", "SORIND": "US,US,reprt,L-246-2015", "DEPTH": 15.0, "_enc_cell": "US4TB3P0", "depth_m": 15.0, "_sound_id": 1162, "CATZOC": 3, "QUAL_POSACC": null, "QUAL_SOUACC": null, "QUAL_SUREND": "2004", "QUAL_SURSTA": null, "QUAL_TECSOU": null, "QUAL_VERDAT": null, "QUAL_INFORM": "U.S. Navy LIDAR Survey, Archive No. 04HFM01, Scale 1:5,000-1:10,000", "QUAL_SORDAT": "20150206", "QUAL_SORIND": "US,US,reprt,L-246-2015", "QUAL_ENC_CELL": "US4TB3P0", "zoc_label": "B", "quality_model_weight": 0.72, "ALLEN_class_name": "Reef Slope", "semantic_zone": "reef_slope", "allen_mapped": true, "DEPARE_DRVAL1": 10.0, "DEPARE_DRVAL2": 20.0, "DEPARE__enc_cell": "US4TB3P0", "DEPARE_VERDAT": null, "inside_osm_reef_polygon": false, "working_hypothesis_60_70": false, "working_hypothesis_gt100": false }, "geometry": { "type": "Point", "coordinates": [ 134.5965881, 7.353075, 15.0 ] } },
{ "type": "Feature", "properties": { "RCID": 8841, "PRIM": 1, "GRUP": 2, "OBJL": 129, "RVER": 1, "AGEN": 550, "FIDN": -2004046809, "FIDS": 19802, "LNAM": "0226888CAC274D5A", "LNAM_REFS": null, "FFPT_RIND": null, "EXPSOU": null, "NOBJNM": null, "OBJNAM": null, "QUASOU": null, "SOUACC": null, "TECSOU": null, "VERDAT": null, "STATUS": null, "INFORM": null, "NINFOM": null, "NTXTDS": null, "SCAMAX": null, "SCAMIN": 29999, "TXTDSC": null, "RECDAT": null, "RECIND": null, "SORDAT": "20150206", "SORIND": "US,US,reprt,L-246-2015", "DEPTH": 26.9, "_enc_cell": "US4TB3P0", "depth_m": 26.9, "_sound_id": 1163, "CATZOC": 3, "QUAL_POSACC": null, "QUAL_SOUACC": null, "QUAL_SUREND": "2004", "QUAL_SURSTA": null, "QUAL_TECSOU": null, "QUAL_VERDAT": null, "QUAL_INFORM": "U.S. Navy LIDAR Survey, Archive No. 04HFM01, Scale 1:5,000-1:10,000", "QUAL_SORDAT": "20150206", "QUAL_SORIND": "US,US,reprt,L-246-2015", "QUAL_ENC_CELL": "US4TB3P0", "zoc_label": "B", "quality_model_weight": 0.72, "ALLEN_class_name": null, "semantic_zone": "outside_allen_geomorphic_or_unclassified", "allen_mapped": false, "DEPARE_DRVAL1": 20.0, "DEPARE_DRVAL2": 30.0, "DEPARE__enc_cell": "US4TB3P0", "DEPARE_VERDAT": null, "inside_osm_reef_polygon": false, "working_hypothesis_60_70": false, "working_hypothesis_gt100": false }, "geometry": { "type": "Point", "coordinates": [ 134.5967255, 7.3413, 26.9 ] } },
{ "type": "Feature", "properties": { "RCID": 8841, "PRIM": 1, "GRUP": 2, "OBJL": 129, "RVER": 1, "AGEN": 550, "FIDN": -2004046809, "FIDS": 19802, "LNAM": "0226888CAC274D5A", "LNAM_REFS": null, "FFPT_RIND": null, "EXPSOU": null, "NOBJNM": null, "OBJNAM": null, "QUASOU": null, "SOUACC": null, "TECSOU": null, "VERDAT": null, "STATUS": null, "INFORM": null, "NINFOM": null, "NTXTDS": null, "SCAMAX": null, "SCAMIN": 29999, "TXTDSC": null, "RECDAT": null, "RECIND": null, "SORDAT": "20150206", "SORIND": "US,US,reprt,L-246-2015", "DEPTH": 37.0, "_enc_cell": "US4TB3P0", "depth_m": 37.0, "_sound_id": 1164, "CATZOC": 5, "QUAL_POSACC": null, "QUAL_SOUACC": null, "QUAL_SUREND": "1938", "QUAL_SURSTA": "1915", "QUAL_TECSOU": null, "QUAL_VERDAT": null, "QUAL_INFORM": "Former Japan Chart 481 (Ed. 1940, Rev. 1944), from Japan surveys, Scale 1:25,000", "QUAL_SORDAT": "20150206", "QUAL_SORIND": "US,US,reprt,L-246-2015", "QUAL_ENC_CELL": "US4TB3P0", "zoc_label": "D", "quality_model_weight": 0.22, "ALLEN_class_name": "Deep Lagoon", "semantic_zone": "deep_lagoon", "allen_mapped": true, "DEPARE_DRVAL1": 30.0, "DEPARE_DRVAL2": 50.0, "DEPARE__enc_cell": "US4TB3P0", "DEPARE_VERDAT": null, "inside_osm_reef_polygon": false, "working_hypothesis_60_70": false, "working_hypothesis_gt100": false }, "geometry": { "type": "Point", "coordinates": [ 134.5967865, 7.3733835, 37.0 ] } },
{ "type": "Feature", "properties": { "RCID": 8841, "PRIM": 1, "GRUP": 2, "OBJL": 129, "RVER": 1, "AGEN": 550, "FIDN": -2004046809, "FIDS": 19802, "LNAM": "0226888CAC274D5A", "LNAM_REFS": null, "FFPT_RIND": null, "EXPSOU": null, "NOBJNM": null, "OBJNAM": null, "QUASOU": null, "SOUACC": null, "TECSOU": null, "VERDAT": null, "STATUS": null, "INFORM": null, "NINFOM": null, "NTXTDS": null, "SCAMAX": null, "SCAMIN": 29999, "TXTDSC": null, "RECDAT": null, "RECIND": null, "SORDAT": "20150206", "SORIND": "US,US,reprt,L-246-2015", "DEPTH": 22.9, "_enc_cell": "US4TB3P0", "depth_m": 22.9, "_sound_id": 1165, "CATZOC": 3, "QUAL_POSACC": null, "QUAL_SOUACC": null, "QUAL_SUREND": "2004", "QUAL_SURSTA": null, "QUAL_TECSOU": null, "QUAL_VERDAT": null, "QUAL_INFORM": "U.S. Navy LIDAR Survey, Archive No. 04HFM01, Scale 1:5,000-1:10,000", "QUAL_SORDAT": "20150206", "QUAL_SORIND": "US,US,reprt,L-246-2015", "QUAL_ENC_CELL": "US4TB3P0", "zoc_label": "B", "quality_model_weight": 0.72, "ALLEN_class_name": null, "semantic_zone": "outside_allen_geomorphic_or_unclassified", "allen_mapped": false, "DEPARE_DRVAL1": 20.0, "DEPARE_DRVAL2": 30.0, "DEPARE__enc_cell": "US4TB3P0", "DEPARE_VERDAT": null, "inside_osm_reef_polygon": false, "working_hypothesis_60_70": false, "working_hypothesis_gt100": false }, "geometry": { "type": "Point", "coordinates": [ 134.5968933, 7.3389721, 22.9 ] } },
{ "type": "Feature", "properties": { "RCID": 8841, "PRIM": 1, "GRUP": 2, "OBJL": 129, "RVER": 1, "AGEN": 550, "FIDN": -2004046809, "FIDS": 19802, "LNAM": "0226888CAC274D5A", "LNAM_REFS": null, "FFPT_RIND": null, "EXPSOU": null, "NOBJNM": null, "OBJNAM": null, "QUASOU": null, "SOUACC": null, "TECSOU": null, "VERDAT": null, "STATUS": null, "INFORM": null, "NINFOM": null, "NTXTDS": null, "SCAMAX": null, "SCAMIN": 29999, "TXTDSC": null, "RECDAT": null, "RECIND": null, "SORDAT": "20150206", "SORIND": "US,US,reprt,L-246-2015", "DEPTH": 31.0, "_enc_cell": "US4TB3P0", "depth_m": 31.0, "_sound_id": 1166, "CATZOC": 3, "QUAL_POSACC": null, "QUAL_SOUACC": null, "QUAL_SUREND": "2004", "QUAL_SURSTA": null, "QUAL_TECSOU": null, "QUAL_VERDAT": null, "QUAL_INFORM": "U.S. Navy LIDAR Survey, Archive No. 04HFM01, Scale 1:5,000-1:10,000", "QUAL_SORDAT": "20150206", "QUAL_SORIND": "US,US,reprt,L-246-2015", "QUAL_ENC_CELL": "US4TB3P0", "zoc_label": "B", "quality_model_weight": 0.72, "ALLEN_class_name": null, "semantic_zone": "outside_allen_geomorphic_or_unclassified", "allen_mapped": false, "DEPARE_DRVAL1": 30.0, "DEPARE_DRVAL2": 50.0, "DEPARE__enc_cell": "US4TB3P0", "DEPARE_VERDAT": null, "inside_osm_reef_polygon": false, "working_hypothesis_60_70": false, "working_hypothesis_gt100": false }, "geometry": { "type": "Point", "coordinates": [ 134.5970764, 7.3473806, 31.0 ] } },
{ "type": "Feature", "properties": { "RCID": 8841, "PRIM": 1, "GRUP": 2, "OBJL": 129, "RVER": 1, "AGEN": 550, "FIDN": -2004046809, "FIDS": 19802, "LNAM": "0226888CAC274D5A", "LNAM_REFS": null, "FFPT_RIND": null, "EXPSOU": null, "NOBJNM": null, "OBJNAM": null, "QUASOU": null, "SOUACC": null, "TECSOU": null, "VERDAT": null, "STATUS": null, "INFORM": null, "NINFOM": null, "NTXTDS": null, "SCAMAX": null, "SCAMIN": 29999, "TXTDSC": null, "RECDAT": null, "RECIND": null, "SORDAT": "20150206", "SORIND": "US,US,reprt,L-246-2015", "DEPTH": 33.0, "_enc_cell": "US4TB3P0", "depth_m": 33.0, "_sound_id": 1167, "CATZOC": 3, "QUAL_POSACC": null, "QUAL_SOUACC": null, "QUAL_SUREND": "2004", "QUAL_SURSTA": null, "QUAL_TECSOU": null, "QUAL_VERDAT": null, "QUAL_INFORM": "U.S. Navy LIDAR Survey, Archive No. 04HFM01, Scale 1:5,000-1:10,000", "QUAL_SORDAT": "20150206", "QUAL_SORIND": "US,US,reprt,L-246-2015", "QUAL_ENC_CELL": "US4TB3P0", "zoc_label": "B", "quality_model_weight": 0.72, "ALLEN_class_name": null, "semantic_zone": "outside_allen_geomorphic_or_unclassified", "allen_mapped": false, "DEPARE_DRVAL1": 30.0, "DEPARE_DRVAL2": 50.0, "DEPARE__enc_cell": "US4TB3P0", "DEPARE_VERDAT": null, "inside_osm_reef_polygon": false, "working_hypothesis_60_70": false, "working_hypothesis_gt100": false }, "geometry": { "type": "Point", "coordinates": [ 134.5972595, 7.3496919, 33.0 ] } },
{ "type": "Feature", "properties": { "RCID": 8841, "PRIM": 1, "GRUP": 2, "OBJL": 129, "RVER": 1, "AGEN": 550, "FIDN": -2004046809, "FIDS": 19802, "LNAM": "0226888CAC274D5A", "LNAM_REFS": null, "FFPT_RIND": null, "EXPSOU": null, "NOBJNM": null, "OBJNAM": null, "QUASOU": null, "SOUACC": null, "TECSOU": null, "VERDAT": null, "STATUS": null, "INFORM": null, "NINFOM": null, "NTXTDS": null, "SCAMAX": null, "SCAMIN": 29999, "TXTDSC": null, "RECDAT": null, "RECIND": null, "SORDAT": "20150206", "SORIND": "US,US,reprt,L-246-2015", "DEPTH": 30.7, "_enc_cell": "US4TB3P0", "depth_m": 30.7, "_sound_id": 1168, "CATZOC": 3, "QUAL_POSACC": null, "QUAL_SOUACC": null, "QUAL_SUREND": "2004", "QUAL_SURSTA": null, "QUAL_TECSOU": null, "QUAL_VERDAT": null, "QUAL_INFORM": "U.S. Navy LIDAR Survey, Archive No. 04HFM01, Scale 1:5,000-1:10,000", "QUAL_SORDAT": "20150206", "QUAL_SORIND": "US,US,reprt,L-246-2015", "QUAL_ENC_CELL": "US4TB3P0", "zoc_label": "B", "quality_model_weight": 0.72, "ALLEN_class_name": null, "semantic_zone": "outside_allen_geomorphic_or_unclassified", "allen_mapped": false, "DEPARE_DRVAL1": 30.0, "DEPARE_DRVAL2": 50.0, "DEPARE__enc_cell": "US4TB3P0", "DEPARE_VERDAT": null, "inside_osm_reef_polygon": false, "working_hypothesis_60_70": false, "working_hypothesis_gt100": false }, "geometry": { "type": "Point", "coordinates": [ 134.5973511, 7.3455749, 30.7 ] } },
{ "type": "Feature", "properties": { "RCID": 8841, "PRIM": 1, "GRUP": 2, "OBJL": 129, "RVER": 1, "AGEN": 550, "FIDN": -2004046809, "FIDS": 19802, "LNAM": "0226888CAC274D5A", "LNAM_REFS": null, "FFPT_RIND": null, "EXPSOU": null, "NOBJNM": null, "OBJNAM": null, "QUASOU": null, "SOUACC": null, "TECSOU": null, "VERDAT": null, "STATUS": null, "INFORM": null, "NINFOM": null, "NTXTDS": null, "SCAMAX": null, "SCAMIN": 29999, "TXTDSC": null, "RECDAT": null, "RECIND": null, "SORDAT": "20150206", "SORIND": "US,US,reprt,L-246-2015", "DEPTH": 28.6, "_enc_cell": "US4TB3P0", "depth_m": 28.6, "_sound_id": 1169, "CATZOC": 3, "QUAL_POSACC": null, "QUAL_SOUACC": null, "QUAL_SUREND": "2004", "QUAL_SURSTA": null, "QUAL_TECSOU": null, "QUAL_VERDAT": null, "QUAL_INFORM": "U.S. Navy LIDAR Survey, Archive No. 04HFM01, Scale 1:5,000-1:10,000", "QUAL_SORDAT": "20150206", "QUAL_SORIND": "US,US,reprt,L-246-2015", "QUAL_ENC_CELL": "US4TB3P0", "zoc_label": "B", "quality_model_weight": 0.72, "ALLEN_class_name": null, "semantic_zone": "outside_allen_geomorphic_or_unclassified", "allen_mapped": false, "DEPARE_DRVAL1": 20.0, "DEPARE_DRVAL2": 30.0, "DEPARE__enc_cell": "US4TB3P0", "DEPARE_VERDAT": null, "inside_osm_reef_polygon": false, "working_hypothesis_60_70": false, "working_hypothesis_gt100": false }, "geometry": { "type": "Point", "coordinates": [ 134.5977478, 7.3433666, 28.6 ] } },
{ "type": "Feature", "properties": { "RCID": 8841, "PRIM": 1, "GRUP": 2, "OBJL": 129, "RVER": 1, "AGEN": 550, "FIDN": -2004046809, "FIDS": 19802, "LNAM": "0226888CAC274D5A", "LNAM_REFS": null, "FFPT_RIND": null, "EXPSOU": null, "NOBJNM": null, "OBJNAM": null, "QUASOU": null, "SOUACC": null, "TECSOU": null, "VERDAT": null, "STATUS": null, "INFORM": null, "NINFOM": null, "NTXTDS": null, "SCAMAX": null, "SCAMIN": 29999, "TXTDSC": null, "RECDAT": null, "RECIND": null, "SORDAT": "20150206", "SORIND": "US,US,reprt,L-246-2015", "DEPTH": 35.0, "_enc_cell": "US4TB3P0", "depth_m": 35.0, "_sound_id": 1170, "CATZOC": 3, "QUAL_POSACC": null, "QUAL_SOUACC": null, "QUAL_SUREND": "2004", "QUAL_SURSTA": null, "QUAL_TECSOU": null, "QUAL_VERDAT": null, "QUAL_INFORM": "U.S. Navy LIDAR Survey, Archive No. 04HFM01, Scale 1:5,000-1:10,000", "QUAL_SORDAT": "20150206", "QUAL_SORIND": "US,US,reprt,L-246-2015", "QUAL_ENC_CELL": "US4TB3P0", "zoc_label": "B", "quality_model_weight": 0.72, "ALLEN_class_name": null, "semantic_zone": "outside_allen_geomorphic_or_unclassified", "allen_mapped": false, "DEPARE_DRVAL1": 30.0, "DEPARE_DRVAL2": 50.0, "DEPARE__enc_cell": "US4TB3P0", "DEPARE_VERDAT": null, "inside_osm_reef_polygon": false, "working_hypothesis_60_70": false, "working_hypothesis_gt100": false }, "geometry": { "type": "Point", "coordinates": [ 134.5977631, 7.3482666, 35.0 ] } },
{ "type": "Feature", "properties": { "RCID": 8841, "PRIM": 1, "GRUP": 2, "OBJL": 129, "RVER": 1, "AGEN": 550, "FIDN": -2004046809, "FIDS": 19802, "LNAM": "0226888CAC274D5A", "LNAM_REFS": null, "FFPT_RIND": null, "EXPSOU": null, "NOBJNM": null, "OBJNAM": null, "QUASOU": null, "SOUACC": null, "TECSOU": null, "VERDAT": null, "STATUS": null, "INFORM": null, "NINFOM": null, "NTXTDS": null, "SCAMAX": null, "SCAMIN": 29999, "TXTDSC": null, "RECDAT": null, "RECIND": null, "SORDAT": "20150206", "SORIND": "US,US,reprt,L-246-2015", "DEPTH": 23.6, "_enc_cell": "US4TB3P0", "depth_m": 23.6, "_sound_id": 1171, "CATZOC": 3, "QUAL_POSACC": null, "QUAL_SOUACC": null, "QUAL_SUREND": "2004", "QUAL_SURSTA": null, "QUAL_TECSOU": null, "QUAL_VERDAT": null, "QUAL_INFORM": "U.S. Navy LIDAR Survey, Archive No. 04HFM01, Scale 1:5,000-1:10,000", "QUAL_SORDAT": "20150206", "QUAL_SORIND": "US,US,reprt,L-246-2015", "QUAL_ENC_CELL": "US4TB3P0", "zoc_label": "B", "quality_model_weight": 0.72, "ALLEN_class_name": null, "semantic_zone": "outside_allen_geomorphic_or_unclassified", "allen_mapped": false, "DEPARE_DRVAL1": 20.0, "DEPARE_DRVAL2": 30.0, "DEPARE__enc_cell": "US4TB3P0", "DEPARE_VERDAT": null, "inside_osm_reef_polygon": false, "working_hypothesis_60_70": false, "working_hypothesis_gt100": false }, "geometry": { "type": "Point", "coordinates": [ 134.5979767, 7.3405805, 23.6 ] } },
{ "type": "Feature", "properties": { "RCID": 8841, "PRIM": 1, "GRUP": 2, "OBJL": 129, "RVER": 1, "AGEN": 550, "FIDN": -2004046809, "FIDS": 19802, "LNAM": "0226888CAC274D5A", "LNAM_REFS": null, "FFPT_RIND": null, "EXPSOU": null, "NOBJNM": null, "OBJNAM": null, "QUASOU": null, "SOUACC": null, "TECSOU": null, "VERDAT": null, "STATUS": null, "INFORM": null, "NINFOM": null, "NTXTDS": null, "SCAMAX": null, "SCAMIN": 29999, "TXTDSC": null, "RECDAT": null, "RECIND": null, "SORDAT": "20150206", "SORIND": "US,US,reprt,L-246-2015", "DEPTH": 407.0, "_enc_cell": "US4TB3P0", "depth_m": 407.0, "_sound_id": 1172, "CATZOC": 5, "QUAL_POSACC": null, "QUAL_SOUACC": null, "QUAL_SUREND": "1938", "QUAL_SURSTA": "1915", "QUAL_TECSOU": null, "QUAL_VERDAT": null, "QUAL_INFORM": "Former Japan Chart 481 (Ed. 1940, Rev. 1944), from Japan surveys, Scale 1:25,000", "QUAL_SORDAT": "20150206", "QUAL_SORIND": "US,US,reprt,L-246-2015", "QUAL_ENC_CELL": "US4TB3P0", "zoc_label": "D", "quality_model_weight": 0.22, "ALLEN_class_name": null, "semantic_zone": "outside_allen_geomorphic_or_unclassified", "allen_mapped": false, "DEPARE_DRVAL1": 200.0, "DEPARE_DRVAL2": 1000.0, "DEPARE__enc_cell": "US4TB3P0", "DEPARE_VERDAT": null, "inside_osm_reef_polygon": false, "working_hypothesis_60_70": false, "working_hypothesis_gt100": true }, "geometry": { "type": "Point", "coordinates": [ 134.5984039, 7.333714, 407.0 ] } },
{ "type": "Feature", "properties": { "RCID": 8841, "PRIM": 1, "GRUP": 2, "OBJL": 129, "RVER": 1, "AGEN": 550, "FIDN": -2004046809, "FIDS": 19802, "LNAM": "0226888CAC274D5A", "LNAM_REFS": null, "FFPT_RIND": null, "EXPSOU": null, "NOBJNM": null, "OBJNAM": null, "QUASOU": null, "SOUACC": null, "TECSOU": null, "VERDAT": null, "STATUS": null, "INFORM": null, "NINFOM": null, "NTXTDS": null, "SCAMAX": null, "SCAMIN": 29999, "TXTDSC": null, "RECDAT": null, "RECIND": null, "SORDAT": "20150206", "SORIND": "US,US,reprt,L-246-2015", "DEPTH": 58.0, "_enc_cell": "US4TB3P0", "depth_m": 58.0, "_sound_id": 1173, "CATZOC": 5, "QUAL_POSACC": null, "QUAL_SOUACC": null, "QUAL_SUREND": "1938", "QUAL_SURSTA": "1915", "QUAL_TECSOU": null, "QUAL_VERDAT": null, "QUAL_INFORM": "Former Japan Chart 481 (Ed. 1940, Rev. 1944), from Japan surveys, Scale 1:25,000", "QUAL_SORDAT": "20150206", "QUAL_SORIND": "US,US,reprt,L-246-2015", "QUAL_ENC_CELL": "US4TB3P0", "zoc_label": "D", "quality_model_weight": 0.22, "ALLEN_class_name": null, "semantic_zone": "outside_allen_geomorphic_or_unclassified", "allen_mapped": false, "DEPARE_DRVAL1": 50.0, "DEPARE_DRVAL2": 100.0, "DEPARE__enc_cell": "US4TB3P0", "DEPARE_VERDAT": null, "inside_osm_reef_polygon": false, "working_hypothesis_60_70": false, "working_hypothesis_gt100": false }, "geometry": { "type": "Point", "coordinates": [ 134.5987244, 7.3748446, 58.0 ] } },
{ "type": "Feature", "properties": { "RCID": 8841, "PRIM": 1, "GRUP": 2, "OBJL": 129, "RVER": 1, "AGEN": 550, "FIDN": -2004046809, "FIDS": 19802, "LNAM": "0226888CAC274D5A", "LNAM_REFS": null, "FFPT_RIND": null, "EXPSOU": null, "NOBJNM": null, "OBJNAM": null, "QUASOU": null, "SOUACC": null, "TECSOU": null, "VERDAT": null, "STATUS": null, "INFORM": null, "NINFOM": null, "NTXTDS": null, "SCAMAX": null, "SCAMIN": 29999, "TXTDSC": null, "RECDAT": null, "RECIND": null, "SORDAT": "20150206", "SORIND": "US,US,reprt,L-246-2015", "DEPTH": 29.2, "_enc_cell": "US4TB3P0", "depth_m": 29.2, "_sound_id": 1174, "CATZOC": 3, "QUAL_POSACC": null, "QUAL_SOUACC": null, "QUAL_SUREND": "2004", "QUAL_SURSTA": null, "QUAL_TECSOU": null, "QUAL_VERDAT": null, "QUAL_INFORM": "U.S. Navy LIDAR Survey, Archive No. 04HFM01, Scale 1:5,000-1:10,000", "QUAL_SORDAT": "20150206", "QUAL_SORIND": "US,US,reprt,L-246-2015", "QUAL_ENC_CELL": "US4TB3P0", "zoc_label": "B", "quality_model_weight": 0.72, "ALLEN_class_name": null, "semantic_zone": "outside_allen_geomorphic_or_unclassified", "allen_mapped": false, "DEPARE_DRVAL1": 20.0, "DEPARE_DRVAL2": 30.0, "DEPARE__enc_cell": "US4TB3P0", "DEPARE_VERDAT": null, "inside_osm_reef_polygon": false, "working_hypothesis_60_70": false, "working_hypothesis_gt100": false }, "geometry": { "type": "Point", "coordinates": [ 134.598754899999989, 7.3464308, 29.2 ] } },
{ "type": "Feature", "properties": { "RCID": 8841, "PRIM": 1, "GRUP": 2, "OBJL": 129, "RVER": 1, "AGEN": 550, "FIDN": -2004046809, "FIDS": 19802, "LNAM": "0226888CAC274D5A", "LNAM_REFS": null, "FFPT_RIND": null, "EXPSOU": null, "NOBJNM": null, "OBJNAM": null, "QUASOU": null, "SOUACC": null, "TECSOU": null, "VERDAT": null, "STATUS": null, "INFORM": null, "NINFOM": null, "NTXTDS": null, "SCAMAX": null, "SCAMIN": 29999, "TXTDSC": null, "RECDAT": null, "RECIND": null, "SORDAT": "20150206", "SORIND": "US,US,reprt,L-246-2015", "DEPTH": 22.0, "_enc_cell": "US4TB3P0", "depth_m": 22.0, "_sound_id": 1175, "CATZOC": 5, "QUAL_POSACC": null, "QUAL_SOUACC": null, "QUAL_SUREND": "1938", "QUAL_SURSTA": "1915", "QUAL_TECSOU": null, "QUAL_VERDAT": null, "QUAL_INFORM": "Former Japan Chart 481 (Ed. 1940, Rev. 1944), from Japan surveys, Scale 1:25,000", "QUAL_SORDAT": "20150206", "QUAL_SORIND": "US,US,reprt,L-246-2015", "QUAL_ENC_CELL": "US4TB3P0", "zoc_label": "D", "quality_model_weight": 0.22, "ALLEN_class_name": "Reef Slope", "semantic_zone": "reef_slope", "allen_mapped": true, "DEPARE_DRVAL1": 20.0, "DEPARE_DRVAL2": 30.0, "DEPARE__enc_cell": "US4TB3P0", "DEPARE_VERDAT": null, "inside_osm_reef_polygon": false, "working_hypothesis_60_70": false, "working_hypothesis_gt100": false }, "geometry": { "type": "Point", "coordinates": [ 134.5988312, 7.3553085, 22.0 ] } },
{ "type": "Feature", "properties": { "RCID": 8841, "PRIM": 1, "GRUP": 2, "OBJL": 129, "RVER": 1, "AGEN": 550, "FIDN": -2004046809, "FIDS": 19802, "LNAM": "0226888CAC274D5A", "LNAM_REFS": null, "FFPT_RIND": null, "EXPSOU": null, "NOBJNM": null, "OBJNAM": null, "QUASOU": null, "SOUACC": null, "TECSOU": null, "VERDAT": null, "STATUS": null, "INFORM": null, "NINFOM": null, "NTXTDS": null, "SCAMAX": null, "SCAMIN": 29999, "TXTDSC": null, "RECDAT": null, "RECIND": null, "SORDAT": "20150206", "SORIND": "US,US,reprt,L-246-2015", "DEPTH": 21.8, "_enc_cell": "US4TB3P0", "depth_m": 21.8, "_sound_id": 1176, "CATZOC": 3, "QUAL_POSACC": null, "QUAL_SOUACC": null, "QUAL_SUREND": "2004", "QUAL_SURSTA": null, "QUAL_TECSOU": null, "QUAL_VERDAT": null, "QUAL_INFORM": "U.S. Navy LIDAR Survey, Archive No. 04HFM01, Scale 1:5,000-1:10,000", "QUAL_SORDAT": "20150206", "QUAL_SORIND": "US,US,reprt,L-246-2015", "QUAL_ENC_CELL": "US4TB3P0", "zoc_label": "B", "quality_model_weight": 0.72, "ALLEN_class_name": null, "semantic_zone": "outside_allen_geomorphic_or_unclassified", "allen_mapped": false, "DEPARE_DRVAL1": 20.0, "DEPARE_DRVAL2": 30.0, "DEPARE__enc_cell": "US4TB3P0", "DEPARE_VERDAT": null, "inside_osm_reef_polygon": false, "working_hypothesis_60_70": false, "working_hypothesis_gt100": false }, "geometry": { "type": "Point", "coordinates": [ 134.5990448, 7.3413973, 21.8 ] } },
{ "type": "Feature", "properties": { "RCID": 8841, "PRIM": 1, "GRUP": 2, "OBJL": 129, "RVER": 1, "AGEN": 550, "FIDN": -2004046809, "FIDS": 19802, "LNAM": "0226888CAC274D5A", "LNAM_REFS": null, "FFPT_RIND": null, "EXPSOU": null, "NOBJNM": null, "OBJNAM": null, "QUASOU": null, "SOUACC": null, "TECSOU": null, "VERDAT": null, "STATUS": null, "INFORM": null, "NINFOM": null, "NTXTDS": null, "SCAMAX": null, "SCAMIN": 29999, "TXTDSC": null, "RECDAT": null, "RECIND": null, "SORDAT": "20150206", "SORIND": "US,US,reprt,L-246-2015", "DEPTH": 31.0, "_enc_cell": "US4TB3P0", "depth_m": 31.0, "_sound_id": 1177, "CATZOC": 3, "QUAL_POSACC": null, "QUAL_SOUACC": null, "QUAL_SUREND": "2004", "QUAL_SURSTA": null, "QUAL_TECSOU": null, "QUAL_VERDAT": null, "QUAL_INFORM": "U.S. Navy LIDAR Survey, Archive No. 04HFM01, Scale 1:5,000-1:10,000", "QUAL_SORDAT": "20150206", "QUAL_SORIND": "US,US,reprt,L-246-2015", "QUAL_ENC_CELL": "US4TB3P0", "zoc_label": "B", "quality_model_weight": 0.72, "ALLEN_class_name": null, "semantic_zone": "outside_allen_geomorphic_or_unclassified", "allen_mapped": false, "DEPARE_DRVAL1": 30.0, "DEPARE_DRVAL2": 50.0, "DEPARE__enc_cell": "US4TB3P0", "DEPARE_VERDAT": null, "inside_osm_reef_polygon": false, "working_hypothesis_60_70": false, "working_hypothesis_gt100": false }, "geometry": { "type": "Point", "coordinates": [ 134.59907530000001, 7.3507223, 31.0 ] } },
{ "type": "Feature", "properties": { "RCID": 8841, "PRIM": 1, "GRUP": 2, "OBJL": 129, "RVER": 1, "AGEN": 550, "FIDN": -2004046809, "FIDS": 19802, "LNAM": "0226888CAC274D5A", "LNAM_REFS": null, "FFPT_RIND": null, "EXPSOU": null, "NOBJNM": null, "OBJNAM": null, "QUASOU": null, "SOUACC": null, "TECSOU": null, "VERDAT": null, "STATUS": null, "INFORM": null, "NINFOM": null, "NTXTDS": null, "SCAMAX": null, "SCAMIN": 29999, "TXTDSC": null, "RECDAT": null, "RECIND": null, "SORDAT": "20150206", "SORIND": "US,US,reprt,L-246-2015", "DEPTH": 26.4, "_enc_cell": "US4TB3P0", "depth_m": 26.4, "_sound_id": 1178, "CATZOC": 3, "QUAL_POSACC": null, "QUAL_SOUACC": null, "QUAL_SUREND": "2004", "QUAL_SURSTA": null, "QUAL_TECSOU": null, "QUAL_VERDAT": null, "QUAL_INFORM": "U.S. Navy LIDAR Survey, Archive No. 04HFM01, Scale 1:5,000-1:10,000", "QUAL_SORDAT": "20150206", "QUAL_SORIND": "US,US,reprt,L-246-2015", "QUAL_ENC_CELL": "US4TB3P0", "zoc_label": "B", "quality_model_weight": 0.72, "ALLEN_class_name": null, "semantic_zone": "outside_allen_geomorphic_or_unclassified", "allen_mapped": false, "DEPARE_DRVAL1": 20.0, "DEPARE_DRVAL2": 30.0, "DEPARE__enc_cell": "US4TB3P0", "DEPARE_VERDAT": null, "inside_osm_reef_polygon": false, "working_hypothesis_60_70": false, "working_hypothesis_gt100": false }, "geometry": { "type": "Point", "coordinates": [ 134.599090600000011, 7.3427944, 26.4 ] } },
{ "type": "Feature", "properties": { "RCID": 8841, "PRIM": 1, "GRUP": 2, "OBJL": 129, "RVER": 1, "AGEN": 550, "FIDN": -2004046809, "FIDS": 19802, "LNAM": "0226888CAC274D5A", "LNAM_REFS": null, "FFPT_RIND": null, "EXPSOU": null, "NOBJNM": null, "OBJNAM": null, "QUASOU": null, "SOUACC": null, "TECSOU": null, "VERDAT": null, "STATUS": null, "INFORM": null, "NINFOM": null, "NTXTDS": null, "SCAMAX": null, "SCAMIN": 29999, "TXTDSC": null, "RECDAT": null, "RECIND": null, "SORDAT": "20150206", "SORIND": "US,US,reprt,L-246-2015", "DEPTH": 34.0, "_enc_cell": "US4TB3P0", "depth_m": 34.0, "_sound_id": 1179, "CATZOC": 3, "QUAL_POSACC": null, "QUAL_SOUACC": null, "QUAL_SUREND": "2004", "QUAL_SURSTA": null, "QUAL_TECSOU": null, "QUAL_VERDAT": null, "QUAL_INFORM": "U.S. Navy LIDAR Survey, Archive No. 04HFM01, Scale 1:5,000-1:10,000", "QUAL_SORDAT": "20150206", "QUAL_SORIND": "US,US,reprt,L-246-2015", "QUAL_ENC_CELL": "US4TB3P0", "zoc_label": "B", "quality_model_weight": 0.72, "ALLEN_class_name": null, "semantic_zone": "outside_allen_geomorphic_or_unclassified", "allen_mapped": false, "DEPARE_DRVAL1": 30.0, "DEPARE_DRVAL2": 50.0, "DEPARE__enc_cell": "US4TB3P0", "DEPARE_VERDAT": null, "inside_osm_reef_polygon": false, "working_hypothesis_60_70": false, "working_hypothesis_gt100": false }, "geometry": { "type": "Point", "coordinates": [ 134.5991211, 7.3477001, 34.0 ] } },
{ "type": "Feature", "properties": { "RCID": 8841, "PRIM": 1, "GRUP": 2, "OBJL": 129, "RVER": 1, "AGEN": 550, "FIDN": -2004046809, "FIDS": 19802, "LNAM": "0226888CAC274D5A", "LNAM_REFS": null, "FFPT_RIND": null, "EXPSOU": null, "NOBJNM": null, "OBJNAM": null, "QUASOU": null, "SOUACC": null, "TECSOU": null, "VERDAT": null, "STATUS": null, "INFORM": null, "NINFOM": null, "NTXTDS": null, "SCAMAX": null, "SCAMIN": 29999, "TXTDSC": null, "RECDAT": null, "RECIND": null, "SORDAT": "20150206", "SORIND": "US,US,reprt,L-246-2015", "DEPTH": 32.0, "_enc_cell": "US4TB3P0", "depth_m": 32.0, "_sound_id": 1180, "CATZOC": 3, "QUAL_POSACC": null, "QUAL_SOUACC": null, "QUAL_SUREND": "2004", "QUAL_SURSTA": null, "QUAL_TECSOU": null, "QUAL_VERDAT": null, "QUAL_INFORM": "U.S. Navy LIDAR Survey, Archive No. 04HFM01, Scale 1:5,000-1:10,000", "QUAL_SORDAT": "20150206", "QUAL_SORIND": "US,US,reprt,L-246-2015", "QUAL_ENC_CELL": "US4TB3P0", "zoc_label": "B", "quality_model_weight": 0.72, "ALLEN_class_name": null, "semantic_zone": "outside_allen_geomorphic_or_unclassified", "allen_mapped": false, "DEPARE_DRVAL1": 30.0, "DEPARE_DRVAL2": 50.0, "DEPARE__enc_cell": "US4TB3P0", "DEPARE_VERDAT": null, "inside_osm_reef_polygon": false, "working_hypothesis_60_70": false, "working_hypothesis_gt100": false }, "geometry": { "type": "Point", "coordinates": [ 134.599411, 7.344697, 32.0 ] } },
{ "type": "Feature", "properties": { "RCID": 8841, "PRIM": 1, "GRUP": 2, "OBJL": 129, "RVER": 1, "AGEN": 550, "FIDN": -2004046809, "FIDS": 19802, "LNAM": "0226888CAC274D5A", "LNAM_REFS": null, "FFPT_RIND": null, "EXPSOU": null, "NOBJNM": null, "OBJNAM": null, "QUASOU": null, "SOUACC": null, "TECSOU": null, "VERDAT": null, "STATUS": null, "INFORM": null, "NINFOM": null, "NTXTDS": null, "SCAMAX": null, "SCAMIN": 29999, "TXTDSC": null, "RECDAT": null, "RECIND": null, "SORDAT": "20150206", "SORIND": "US,US,reprt,L-246-2015", "DEPTH": 19.3, "_enc_cell": "US4TB3P0", "depth_m": 19.3, "_sound_id": 1181, "CATZOC": 3, "QUAL_POSACC": null, "QUAL_SOUACC": null, "QUAL_SUREND": "2004", "QUAL_SURSTA": null, "QUAL_TECSOU": null, "QUAL_VERDAT": null, "QUAL_INFORM": "U.S. Navy LIDAR Survey, Archive No. 04HFM01, Scale 1:5,000-1:10,000", "QUAL_SORDAT": "20150206", "QUAL_SORIND": "US,US,reprt,L-246-2015", "QUAL_ENC_CELL": "US4TB3P0", "zoc_label": "B", "quality_model_weight": 0.72, "ALLEN_class_name": null, "semantic_zone": "outside_allen_geomorphic_or_unclassified", "allen_mapped": false, "DEPARE_DRVAL1": 10.0, "DEPARE_DRVAL2": 20.0, "DEPARE__enc_cell": "US4TB3P0", "DEPARE_VERDAT": null, "inside_osm_reef_polygon": false, "working_hypothesis_60_70": false, "working_hypothesis_gt100": false }, "geometry": { "type": "Point", "coordinates": [ 134.5996552, 7.3468084, 19.3 ] } },
{ "type": "Feature", "properties": { "RCID": 8841, "PRIM": 1, "GRUP": 2, "OBJL": 129, "RVER": 1, "AGEN": 550, "FIDN": -2004046809, "FIDS": 19802, "LNAM": "0226888CAC274D5A", "LNAM_REFS": null, "FFPT_RIND": null, "EXPSOU": null, "NOBJNM": null, "OBJNAM": null, "QUASOU": null, "SOUACC": null, "TECSOU": null, "VERDAT": null, "STATUS": null, "INFORM": null, "NINFOM": null, "NTXTDS": null, "SCAMAX": null, "SCAMIN": 29999, "TXTDSC": null, "RECDAT": null, "RECIND": null, "SORDAT": "20150206", "SORIND": "US,US,reprt,L-246-2015", "DEPTH": 36.0, "_enc_cell": "US4TB3P0", "depth_m": 36.0, "_sound_id": 1182, "CATZOC": 5, "QUAL_POSACC": null, "QUAL_SOUACC": null, "QUAL_SUREND": "1938", "QUAL_SURSTA": "1915", "QUAL_TECSOU": null, "QUAL_VERDAT": null, "QUAL_INFORM": "Former Japan Chart 481 (Ed. 1940, Rev. 1944), from Japan surveys, Scale 1:25,000", "QUAL_SORDAT": "20150206", "QUAL_SORIND": "US,US,reprt,L-246-2015", "QUAL_ENC_CELL": "US4TB3P0", "zoc_label": "D", "quality_model_weight": 0.22, "ALLEN_class_name": null, "semantic_zone": "outside_allen_geomorphic_or_unclassified", "allen_mapped": false, "DEPARE_DRVAL1": 30.0, "DEPARE_DRVAL2": 50.0, "DEPARE__enc_cell": "US4TB3P0", "DEPARE_VERDAT": null, "inside_osm_reef_polygon": false, "working_hypothesis_60_70": false, "working_hypothesis_gt100": false }, "geometry": { "type": "Point", "coordinates": [ 134.5997925, 7.3396001, 36.0 ] } },
{ "type": "Feature", "properties": { "RCID": 8841, "PRIM": 1, "GRUP": 2, "OBJL": 129, "RVER": 1, "AGEN": 550, "FIDN": -2004046809, "FIDS": 19802, "LNAM": "0226888CAC274D5A", "LNAM_REFS": null, "FFPT_RIND": null, "EXPSOU": null, "NOBJNM": null, "OBJNAM": null, "QUASOU": null, "SOUACC": null, "TECSOU": null, "VERDAT": null, "STATUS": null, "INFORM": null, "NINFOM": null, "NTXTDS": null, "SCAMAX": null, "SCAMIN": 29999, "TXTDSC": null, "RECDAT": null, "RECIND": null, "SORDAT": "20150206", "SORIND": "US,US,reprt,L-246-2015", "DEPTH": 26.2, "_enc_cell": "US4TB3P0", "depth_m": 26.2, "_sound_id": 1183, "CATZOC": 3, "QUAL_POSACC": null, "QUAL_SOUACC": null, "QUAL_SUREND": "2004", "QUAL_SURSTA": null, "QUAL_TECSOU": null, "QUAL_VERDAT": null, "QUAL_INFORM": "U.S. Navy LIDAR Survey, Archive No. 04HFM01, Scale 1:5,000-1:10,000", "QUAL_SORDAT": "20150206", "QUAL_SORIND": "US,US,reprt,L-246-2015", "QUAL_ENC_CELL": "US4TB3P0", "zoc_label": "B", "quality_model_weight": 0.72, "ALLEN_class_name": null, "semantic_zone": "outside_allen_geomorphic_or_unclassified", "allen_mapped": false, "DEPARE_DRVAL1": 20.0, "DEPARE_DRVAL2": 30.0, "DEPARE__enc_cell": "US4TB3P0", "DEPARE_VERDAT": null, "inside_osm_reef_polygon": false, "working_hypothesis_60_70": false, "working_hypothesis_gt100": false }, "geometry": { "type": "Point", "coordinates": [ 134.599807700000014, 7.3405695, 26.2 ] } },
{ "type": "Feature", "properties": { "RCID": 8841, "PRIM": 1, "GRUP": 2, "OBJL": 129, "RVER": 1, "AGEN": 550, "FIDN": -2004046809, "FIDS": 19802, "LNAM": "0226888CAC274D5A", "LNAM_REFS": null, "FFPT_RIND": null, "EXPSOU": null, "NOBJNM": null, "OBJNAM": null, "QUASOU": null, "SOUACC": null, "TECSOU": null, "VERDAT": null, "STATUS": null, "INFORM": null, "NINFOM": null, "NTXTDS": null, "SCAMAX": null, "SCAMIN": 29999, "TXTDSC": null, "RECDAT": null, "RECIND": null, "SORDAT": "20150206", "SORIND": "US,US,reprt,L-246-2015", "DEPTH": 27.6, "_enc_cell": "US4TB3P0", "depth_m": 27.6, "_sound_id": 1184, "CATZOC": 3, "QUAL_POSACC": null, "QUAL_SOUACC": null, "QUAL_SUREND": "2004", "QUAL_SURSTA": null, "QUAL_TECSOU": null, "QUAL_VERDAT": null, "QUAL_INFORM": "U.S. Navy LIDAR Survey, Archive No. 04HFM01, Scale 1:5,000-1:10,000", "QUAL_SORDAT": "20150206", "QUAL_SORIND": "US,US,reprt,L-246-2015", "QUAL_ENC_CELL": "US4TB3P0", "zoc_label": "B", "quality_model_weight": 0.72, "ALLEN_class_name": null, "semantic_zone": "outside_allen_geomorphic_or_unclassified", "allen_mapped": false, "DEPARE_DRVAL1": 20.0, "DEPARE_DRVAL2": 30.0, "DEPARE__enc_cell": "US4TB3P0", "DEPARE_VERDAT": null, "inside_osm_reef_polygon": false, "working_hypothesis_60_70": false, "working_hypothesis_gt100": false }, "geometry": { "type": "Point", "coordinates": [ 134.599945100000014, 7.3526778, 27.6 ] } },
{ "type": "Feature", "properties": { "RCID": 8841, "PRIM": 1, "GRUP": 2, "OBJL": 129, "RVER": 1, "AGEN": 550, "FIDN": -2004046809, "FIDS": 19802, "LNAM": "0226888CAC274D5A", "LNAM_REFS": null, "FFPT_RIND": null, "EXPSOU": null, "NOBJNM": null, "OBJNAM": null, "QUASOU": null, "SOUACC": null, "TECSOU": null, "VERDAT": null, "STATUS": null, "INFORM": null, "NINFOM": null, "NTXTDS": null, "SCAMAX": null, "SCAMIN": 29999, "TXTDSC": null, "RECDAT": null, "RECIND": null, "SORDAT": "20150206", "SORIND": "US,US,reprt,L-246-2015", "DEPTH": 61.0, "_enc_cell": "US4TB3P0", "depth_m": 61.0, "_sound_id": 1185, "CATZOC": 5, "QUAL_POSACC": null, "QUAL_SOUACC": null, "QUAL_SUREND": "1938", "QUAL_SURSTA": "1915", "QUAL_TECSOU": null, "QUAL_VERDAT": null, "QUAL_INFORM": "Former Japan Chart 481 (Ed. 1940, Rev. 1944), from Japan surveys, Scale 1:25,000", "QUAL_SORDAT": "20150206", "QUAL_SORIND": "US,US,reprt,L-246-2015", "QUAL_ENC_CELL": "US4TB3P0", "zoc_label": "D", "quality_model_weight": 0.22, "ALLEN_class_name": null, "semantic_zone": "outside_allen_geomorphic_or_unclassified", "allen_mapped": false, "DEPARE_DRVAL1": 50.0, "DEPARE_DRVAL2": 100.0, "DEPARE__enc_cell": "US4TB3P0", "DEPARE_VERDAT": null, "inside_osm_reef_polygon": false, "working_hypothesis_60_70": true, "working_hypothesis_gt100": false }, "geometry": { "type": "Point", "coordinates": [ 134.6001587, 7.3740196, 61.0 ] } },
{ "type": "Feature", "properties": { "RCID": 8841, "PRIM": 1, "GRUP": 2, "OBJL": 129, "RVER": 1, "AGEN": 550, "FIDN": -2004046809, "FIDS": 19802, "LNAM": "0226888CAC274D5A", "LNAM_REFS": null, "FFPT_RIND": null, "EXPSOU": null, "NOBJNM": null, "OBJNAM": null, "QUASOU": null, "SOUACC": null, "TECSOU": null, "VERDAT": null, "STATUS": null, "INFORM": null, "NINFOM": null, "NTXTDS": null, "SCAMAX": null, "SCAMIN": 29999, "TXTDSC": null, "RECDAT": null, "RECIND": null, "SORDAT": "20150206", "SORIND": "US,US,reprt,L-246-2015", "DEPTH": 25.0, "_enc_cell": "US4TB3P0", "depth_m": 25.0, "_sound_id": 1186, "CATZOC": 5, "QUAL_POSACC": null, "QUAL_SOUACC": null, "QUAL_SUREND": "1938", "QUAL_SURSTA": "1915", "QUAL_TECSOU": null, "QUAL_VERDAT": null, "QUAL_INFORM": "Former Japan Chart 481 (Ed. 1940, Rev. 1944), from Japan surveys, Scale 1:25,000", "QUAL_SORDAT": "20150206", "QUAL_SORIND": "US,US,reprt,L-246-2015", "QUAL_ENC_CELL": "US4TB3P0", "zoc_label": "D", "quality_model_weight": 0.22, "ALLEN_class_name": "Deep Lagoon", "semantic_zone": "deep_lagoon", "allen_mapped": true, "DEPARE_DRVAL1": 20.0, "DEPARE_DRVAL2": 30.0, "DEPARE__enc_cell": "US4TB3P0", "DEPARE_VERDAT": null, "inside_osm_reef_polygon": false, "working_hypothesis_60_70": false, "working_hypothesis_gt100": false }, "geometry": { "type": "Point", "coordinates": [ 134.6002197, 7.3689637, 25.0 ] } },
{ "type": "Feature", "properties": { "RCID": 8841, "PRIM": 1, "GRUP": 2, "OBJL": 129, "RVER": 1, "AGEN": 550, "FIDN": -2004046809, "FIDS": 19802, "LNAM": "0226888CAC274D5A", "LNAM_REFS": null, "FFPT_RIND": null, "EXPSOU": null, "NOBJNM": null, "OBJNAM": null, "QUASOU": null, "SOUACC": null, "TECSOU": null, "VERDAT": null, "STATUS": null, "INFORM": null, "NINFOM": null, "NTXTDS": null, "SCAMAX": null, "SCAMIN": 29999, "TXTDSC": null, "RECDAT": null, "RECIND": null, "SORDAT": "20150206", "SORIND": "US,US,reprt,L-246-2015", "DEPTH": 21.5, "_enc_cell": "US4TB3P0", "depth_m": 21.5, "_sound_id": 1187, "CATZOC": 3, "QUAL_POSACC": null, "QUAL_SOUACC": null, "QUAL_SUREND": "2004", "QUAL_SURSTA": null, "QUAL_TECSOU": null, "QUAL_VERDAT": null, "QUAL_INFORM": "U.S. Navy LIDAR Survey, Archive No. 04HFM01, Scale 1:5,000-1:10,000", "QUAL_SORDAT": "20150206", "QUAL_SORIND": "US,US,reprt,L-246-2015", "QUAL_ENC_CELL": "US4TB3P0", "zoc_label": "B", "quality_model_weight": 0.72, "ALLEN_class_name": null, "semantic_zone": "outside_allen_geomorphic_or_unclassified", "allen_mapped": false, "DEPARE_DRVAL1": 20.0, "DEPARE_DRVAL2": 30.0, "DEPARE__enc_cell": "US4TB3P0", "DEPARE_VERDAT": null, "inside_osm_reef_polygon": false, "working_hypothesis_60_70": false, "working_hypothesis_gt100": false }, "geometry": { "type": "Point", "coordinates": [ 134.6002655, 7.3417945, 21.5 ] } },
{ "type": "Feature", "properties": { "RCID": 8841, "PRIM": 1, "GRUP": 2, "OBJL": 129, "RVER": 1, "AGEN": 550, "FIDN": -2004046809, "FIDS": 19802, "LNAM": "0226888CAC274D5A", "LNAM_REFS": null, "FFPT_RIND": null, "EXPSOU": null, "NOBJNM": null, "OBJNAM": null, "QUASOU": null, "SOUACC": null, "TECSOU": null, "VERDAT": null, "STATUS": null, "INFORM": null, "NINFOM": null, "NTXTDS": null, "SCAMAX": null, "SCAMIN": 29999, "TXTDSC": null, "RECDAT": null, "RECIND": null, "SORDAT": "20150206", "SORIND": "US,US,reprt,L-246-2015", "DEPTH": 60.0, "_enc_cell": "US4TB3P0", "depth_m": 60.0, "_sound_id": 1188, "CATZOC": 5, "QUAL_POSACC": null, "QUAL_SOUACC": null, "QUAL_SUREND": "1938", "QUAL_SURSTA": "1915", "QUAL_TECSOU": null, "QUAL_VERDAT": null, "QUAL_INFORM": "Former Japan Chart 481 (Ed. 1940, Rev. 1944), from Japan surveys, Scale 1:25,000", "QUAL_SORDAT": "20150206", "QUAL_SORIND": "US,US,reprt,L-246-2015", "QUAL_ENC_CELL": "US4TB3P0", "zoc_label": "D", "quality_model_weight": 0.22, "ALLEN_class_name": null, "semantic_zone": "outside_allen_geomorphic_or_unclassified", "allen_mapped": false, "DEPARE_DRVAL1": 50.0, "DEPARE_DRVAL2": 100.0, "DEPARE__enc_cell": "US4TB3P0", "DEPARE_VERDAT": null, "inside_osm_reef_polygon": false, "working_hypothesis_60_70": true, "working_hypothesis_gt100": false }, "geometry": { "type": "Point", "coordinates": [ 134.600647, 7.3730474, 60.0 ] } },
{ "type": "Feature", "properties": { "RCID": 8841, "PRIM": 1, "GRUP": 2, "OBJL": 129, "RVER": 1, "AGEN": 550, "FIDN": -2004046809, "FIDS": 19802, "LNAM": "0226888CAC274D5A", "LNAM_REFS": null, "FFPT_RIND": null, "EXPSOU": null, "NOBJNM": null, "OBJNAM": null, "QUASOU": null, "SOUACC": null, "TECSOU": null, "VERDAT": null, "STATUS": null, "INFORM": null, "NINFOM": null, "NTXTDS": null, "SCAMAX": null, "SCAMIN": 29999, "TXTDSC": null, "RECDAT": null, "RECIND": null, "SORDAT": "20150206", "SORIND": "US,US,reprt,L-246-2015", "DEPTH": 29.0, "_enc_cell": "US4TB3P0", "depth_m": 29.0, "_sound_id": 1189, "CATZOC": 3, "QUAL_POSACC": null, "QUAL_SOUACC": null, "QUAL_SUREND": "2004", "QUAL_SURSTA": null, "QUAL_TECSOU": null, "QUAL_VERDAT": null, "QUAL_INFORM": "U.S. Navy LIDAR Survey, Archive No. 04HFM01, Scale 1:5,000-1:10,000", "QUAL_SORDAT": "20150206", "QUAL_SORIND": "US,US,reprt,L-246-2015", "QUAL_ENC_CELL": "US4TB3P0", "zoc_label": "B", "quality_model_weight": 0.72, "ALLEN_class_name": null, "semantic_zone": "outside_allen_geomorphic_or_unclassified", "allen_mapped": false, "DEPARE_DRVAL1": 20.0, "DEPARE_DRVAL2": 30.0, "DEPARE__enc_cell": "US4TB3P0", "DEPARE_VERDAT": null, "inside_osm_reef_polygon": false, "working_hypothesis_60_70": false, "working_hypothesis_gt100": false }, "geometry": { "type": "Point", "coordinates": [ 134.6008301, 7.3475919, 29.0 ] } },
{ "type": "Feature", "properties": { "RCID": 8841, "PRIM": 1, "GRUP": 2, "OBJL": 129, "RVER": 1, "AGEN": 550, "FIDN": -2004046809, "FIDS": 19802, "LNAM": "0226888CAC274D5A", "LNAM_REFS": null, "FFPT_RIND": null, "EXPSOU": null, "NOBJNM": null, "OBJNAM": null, "QUASOU": null, "SOUACC": null, "TECSOU": null, "VERDAT": null, "STATUS": null, "INFORM": null, "NINFOM": null, "NTXTDS": null, "SCAMAX": null, "SCAMIN": 29999, "TXTDSC": null, "RECDAT": null, "RECIND": null, "SORDAT": "20150206", "SORIND": "US,US,reprt,L-246-2015", "DEPTH": 26.5, "_enc_cell": "US4TB3P0", "depth_m": 26.5, "_sound_id": 1190, "CATZOC": 3, "QUAL_POSACC": null, "QUAL_SOUACC": null, "QUAL_SUREND": "2004", "QUAL_SURSTA": null, "QUAL_TECSOU": null, "QUAL_VERDAT": null, "QUAL_INFORM": "U.S. Navy LIDAR Survey, Archive No. 04HFM01, Scale 1:5,000-1:10,000", "QUAL_SORDAT": "20150206", "QUAL_SORIND": "US,US,reprt,L-246-2015", "QUAL_ENC_CELL": "US4TB3P0", "zoc_label": "B", "quality_model_weight": 0.72, "ALLEN_class_name": null, "semantic_zone": "outside_allen_geomorphic_or_unclassified", "allen_mapped": false, "DEPARE_DRVAL1": 20.0, "DEPARE_DRVAL2": 30.0, "DEPARE__enc_cell": "US4TB3P0", "DEPARE_VERDAT": null, "inside_osm_reef_polygon": false, "working_hypothesis_60_70": false, "working_hypothesis_gt100": false }, "geometry": { "type": "Point", "coordinates": [ 134.6008453, 7.3428445, 26.5 ] } },
{ "type": "Feature", "properties": { "RCID": 8841, "PRIM": 1, "GRUP": 2, "OBJL": 129, "RVER": 1, "AGEN": 550, "FIDN": -2004046809, "FIDS": 19802, "LNAM": "0226888CAC274D5A", "LNAM_REFS": null, "FFPT_RIND": null, "EXPSOU": null, "NOBJNM": null, "OBJNAM": null, "QUASOU": null, "SOUACC": null, "TECSOU": null, "VERDAT": null, "STATUS": null, "INFORM": null, "NINFOM": null, "NTXTDS": null, "SCAMAX": null, "SCAMIN": 29999, "TXTDSC": null, "RECDAT": null, "RECIND": null, "SORDAT": "20150206", "SORIND": "US,US,reprt,L-246-2015", "DEPTH": 14.3, "_enc_cell": "US4TB3P0", "depth_m": 14.3, "_sound_id": 1191, "CATZOC": 3, "QUAL_POSACC": null, "QUAL_SOUACC": null, "QUAL_SUREND": "2004", "QUAL_SURSTA": null, "QUAL_TECSOU": null, "QUAL_VERDAT": null, "QUAL_INFORM": "U.S. Navy LIDAR Survey, Archive No. 04HFM01, Scale 1:5,000-1:10,000", "QUAL_SORDAT": "20150206", "QUAL_SORIND": "US,US,reprt,L-246-2015", "QUAL_ENC_CELL": "US4TB3P0", "zoc_label": "B", "quality_model_weight": 0.72, "ALLEN_class_name": null, "semantic_zone": "outside_allen_geomorphic_or_unclassified", "allen_mapped": false, "DEPARE_DRVAL1": 10.0, "DEPARE_DRVAL2": 20.0, "DEPARE__enc_cell": "US4TB3P0", "DEPARE_VERDAT": null, "inside_osm_reef_polygon": false, "working_hypothesis_60_70": false, "working_hypothesis_gt100": false }, "geometry": { "type": "Point", "coordinates": [ 134.6010895, 7.3465724, 14.3 ] } },
{ "type": "Feature", "properties": { "RCID": 8841, "PRIM": 1, "GRUP": 2, "OBJL": 129, "RVER": 1, "AGEN": 550, "FIDN": -2004046809, "FIDS": 19802, "LNAM": "0226888CAC274D5A", "LNAM_REFS": null, "FFPT_RIND": null, "EXPSOU": null, "NOBJNM": null, "OBJNAM": null, "QUASOU": null, "SOUACC": null, "TECSOU": null, "VERDAT": null, "STATUS": null, "INFORM": null, "NINFOM": null, "NTXTDS": null, "SCAMAX": null, "SCAMIN": 29999, "TXTDSC": null, "RECDAT": null, "RECIND": null, "SORDAT": "20150206", "SORIND": "US,US,reprt,L-246-2015", "DEPTH": 24.7, "_enc_cell": "US4TB3P0", "depth_m": 24.7, "_sound_id": 1192, "CATZOC": 3, "QUAL_POSACC": null, "QUAL_SOUACC": null, "QUAL_SUREND": "2004", "QUAL_SURSTA": null, "QUAL_TECSOU": null, "QUAL_VERDAT": null, "QUAL_INFORM": "U.S. Navy LIDAR Survey, Archive No. 04HFM01, Scale 1:5,000-1:10,000", "QUAL_SORDAT": "20150206", "QUAL_SORIND": "US,US,reprt,L-246-2015", "QUAL_ENC_CELL": "US4TB3P0", "zoc_label": "B", "quality_model_weight": 0.72, "ALLEN_class_name": "Sheltered Reef Slope", "semantic_zone": "reef_slope", "allen_mapped": true, "DEPARE_DRVAL1": 20.0, "DEPARE_DRVAL2": 30.0, "DEPARE__enc_cell": "US4TB3P0", "DEPARE_VERDAT": null, "inside_osm_reef_polygon": false, "working_hypothesis_60_70": false, "working_hypothesis_gt100": false }, "geometry": { "type": "Point", "coordinates": [ 134.60113530000001, 7.3449612, 24.7 ] } },
{ "type": "Feature", "properties": { "RCID": 8841, "PRIM": 1, "GRUP": 2, "OBJL": 129, "RVER": 1, "AGEN": 550, "FIDN": -2004046809, "FIDS": 19802, "LNAM": "0226888CAC274D5A", "LNAM_REFS": null, "FFPT_RIND": null, "EXPSOU": null, "NOBJNM": null, "OBJNAM": null, "QUASOU": null, "SOUACC": null, "TECSOU": null, "VERDAT": null, "STATUS": null, "INFORM": null, "NINFOM": null, "NTXTDS": null, "SCAMAX": null, "SCAMIN": 29999, "TXTDSC": null, "RECDAT": null, "RECIND": null, "SORDAT": "20150206", "SORIND": "US,US,reprt,L-246-2015", "DEPTH": 34.0, "_enc_cell": "US4TB3P0", "depth_m": 34.0, "_sound_id": 1193, "CATZOC": 3, "QUAL_POSACC": null, "QUAL_SOUACC": null, "QUAL_SUREND": "2004", "QUAL_SURSTA": null, "QUAL_TECSOU": null, "QUAL_VERDAT": null, "QUAL_INFORM": "U.S. Navy LIDAR Survey, Archive No. 04HFM01, Scale 1:5,000-1:10,000", "QUAL_SORDAT": "20150206", "QUAL_SORIND": "US,US,reprt,L-246-2015", "QUAL_ENC_CELL": "US4TB3P0", "zoc_label": "B", "quality_model_weight": 0.72, "ALLEN_class_name": null, "semantic_zone": "outside_allen_geomorphic_or_unclassified", "allen_mapped": false, "DEPARE_DRVAL1": 30.0, "DEPARE_DRVAL2": 50.0, "DEPARE__enc_cell": "US4TB3P0", "DEPARE_VERDAT": null, "inside_osm_reef_polygon": false, "working_hypothesis_60_70": false, "working_hypothesis_gt100": false }, "geometry": { "type": "Point", "coordinates": [ 134.6012116, 7.3509498, 34.0 ] } },
{ "type": "Feature", "properties": { "RCID": 8841, "PRIM": 1, "GRUP": 2, "OBJL": 129, "RVER": 1, "AGEN": 550, "FIDN": -2004046809, "FIDS": 19802, "LNAM": "0226888CAC274D5A", "LNAM_REFS": null, "FFPT_RIND": null, "EXPSOU": null, "NOBJNM": null, "OBJNAM": null, "QUASOU": null, "SOUACC": null, "TECSOU": null, "VERDAT": null, "STATUS": null, "INFORM": null, "NINFOM": null, "NTXTDS": null, "SCAMAX": null, "SCAMIN": 29999, "TXTDSC": null, "RECDAT": null, "RECIND": null, "SORDAT": "20150206", "SORIND": "US,US,reprt,L-246-2015", "DEPTH": 29.0, "_enc_cell": "US4TB3P0", "depth_m": 29.0, "_sound_id": 1194, "CATZOC": 5, "QUAL_POSACC": null, "QUAL_SOUACC": null, "QUAL_SUREND": "1938", "QUAL_SURSTA": "1915", "QUAL_TECSOU": null, "QUAL_VERDAT": null, "QUAL_INFORM": "Former Japan Chart 481 (Ed. 1940, Rev. 1944), from Japan surveys, Scale 1:25,000", "QUAL_SORDAT": "20150206", "QUAL_SORIND": "US,US,reprt,L-246-2015", "QUAL_ENC_CELL": "US4TB3P0", "zoc_label": "D", "quality_model_weight": 0.22, "ALLEN_class_name": null, "semantic_zone": "outside_allen_geomorphic_or_unclassified", "allen_mapped": false, "DEPARE_DRVAL1": 20.0, "DEPARE_DRVAL2": 30.0, "DEPARE__enc_cell": "US4TB3P0", "DEPARE_VERDAT": null, "inside_osm_reef_polygon": false, "working_hypothesis_60_70": false, "working_hypothesis_gt100": false }, "geometry": { "type": "Point", "coordinates": [ 134.6013184, 7.3545804, 29.0 ] } },
{ "type": "Feature", "properties": { "RCID": 8841, "PRIM": 1, "GRUP": 2, "OBJL": 129, "RVER": 1, "AGEN": 550, "FIDN": -2004046809, "FIDS": 19802, "LNAM": "0226888CAC274D5A", "LNAM_REFS": null, "FFPT_RIND": null, "EXPSOU": null, "NOBJNM": null, "OBJNAM": null, "QUASOU": null, "SOUACC": null, "TECSOU": null, "VERDAT": null, "STATUS": null, "INFORM": null, "NINFOM": null, "NTXTDS": null, "SCAMAX": null, "SCAMIN": 29999, "TXTDSC": null, "RECDAT": null, "RECIND": null, "SORDAT": "20150206", "SORIND": "US,US,reprt,L-246-2015", "DEPTH": 37.0, "_enc_cell": "US4TB3P0", "depth_m": 37.0, "_sound_id": 1195, "CATZOC": 3, "QUAL_POSACC": null, "QUAL_SOUACC": null, "QUAL_SUREND": "2004", "QUAL_SURSTA": null, "QUAL_TECSOU": null, "QUAL_VERDAT": null, "QUAL_INFORM": "U.S. Navy LIDAR Survey, Archive No. 04HFM01, Scale 1:5,000-1:10,000", "QUAL_SORDAT": "20150206", "QUAL_SORIND": "US,US,reprt,L-246-2015", "QUAL_ENC_CELL": "US4TB3P0", "zoc_label": "B", "quality_model_weight": 0.72, "ALLEN_class_name": null, "semantic_zone": "outside_allen_geomorphic_or_unclassified", "allen_mapped": false, "DEPARE_DRVAL1": 30.0, "DEPARE_DRVAL2": 50.0, "DEPARE__enc_cell": "US4TB3P0", "DEPARE_VERDAT": null, "inside_osm_reef_polygon": false, "working_hypothesis_60_70": false, "working_hypothesis_gt100": false }, "geometry": { "type": "Point", "coordinates": [ 134.601364100000012, 7.3490863, 37.0 ] } },
{ "type": "Feature", "properties": { "RCID": 8841, "PRIM": 1, "GRUP": 2, "OBJL": 129, "RVER": 1, "AGEN": 550, "FIDN": -2004046809, "FIDS": 19802, "LNAM": "0226888CAC274D5A", "LNAM_REFS": null, "FFPT_RIND": null, "EXPSOU": null, "NOBJNM": null, "OBJNAM": null, "QUASOU": null, "SOUACC": null, "TECSOU": null, "VERDAT": null, "STATUS": null, "INFORM": null, "NINFOM": null, "NTXTDS": null, "SCAMAX": null, "SCAMIN": 29999, "TXTDSC": null, "RECDAT": null, "RECIND": null, "SORDAT": "20150206", "SORIND": "US,US,reprt,L-246-2015", "DEPTH": 25.0, "_enc_cell": "US4TB3P0", "depth_m": 25.0, "_sound_id": 1196, "CATZOC": 5, "QUAL_POSACC": null, "QUAL_SOUACC": null, "QUAL_SUREND": "1938", "QUAL_SURSTA": "1915", "QUAL_TECSOU": null, "QUAL_VERDAT": null, "QUAL_INFORM": "Former Japan Chart 481 (Ed. 1940, Rev. 1944), from Japan surveys, Scale 1:25,000", "QUAL_SORDAT": "20150206", "QUAL_SORIND": "US,US,reprt,L-246-2015", "QUAL_ENC_CELL": "US4TB3P0", "zoc_label": "D", "quality_model_weight": 0.22, "ALLEN_class_name": "Deep Lagoon", "semantic_zone": "deep_lagoon", "allen_mapped": true, "DEPARE_DRVAL1": 20.0, "DEPARE_DRVAL2": 30.0, "DEPARE__enc_cell": "US4TB3P0", "DEPARE_VERDAT": null, "inside_osm_reef_polygon": false, "working_hypothesis_60_70": false, "working_hypothesis_gt100": false }, "geometry": { "type": "Point", "coordinates": [ 134.601867700000014, 7.3681946, 25.0 ] } },
{ "type": "Feature", "properties": { "RCID": 8841, "PRIM": 1, "GRUP": 2, "OBJL": 129, "RVER": 1, "AGEN": 550, "FIDN": -2004046809, "FIDS": 19802, "LNAM": "0226888CAC274D5A", "LNAM_REFS": null, "FFPT_RIND": null, "EXPSOU": null, "NOBJNM": null, "OBJNAM": null, "QUASOU": null, "SOUACC": null, "TECSOU": null, "VERDAT": null, "STATUS": null, "INFORM": null, "NINFOM": null, "NTXTDS": null, "SCAMAX": null, "SCAMIN": 29999, "TXTDSC": null, "RECDAT": null, "RECIND": null, "SORDAT": "20150206", "SORIND": "US,US,reprt,L-246-2015", "DEPTH": 84.0, "_enc_cell": "US4TB3P0", "depth_m": 84.0, "_sound_id": 1197, "CATZOC": 5, "QUAL_POSACC": null, "QUAL_SOUACC": null, "QUAL_SUREND": "1938", "QUAL_SURSTA": "1915", "QUAL_TECSOU": null, "QUAL_VERDAT": null, "QUAL_INFORM": "Former Japan Chart 481 (Ed. 1940, Rev. 1944), from Japan surveys, Scale 1:25,000", "QUAL_SORDAT": "20150206", "QUAL_SORIND": "US,US,reprt,L-246-2015", "QUAL_ENC_CELL": "US4TB3P0", "zoc_label": "D", "quality_model_weight": 0.22, "ALLEN_class_name": null, "semantic_zone": "outside_allen_geomorphic_or_unclassified", "allen_mapped": false, "DEPARE_DRVAL1": 50.0, "DEPARE_DRVAL2": 100.0, "DEPARE__enc_cell": "US4TB3P0", "DEPARE_VERDAT": null, "inside_osm_reef_polygon": false, "working_hypothesis_60_70": false, "working_hypothesis_gt100": false }, "geometry": { "type": "Point", "coordinates": [ 134.601944, 7.3397002, 84.0 ] } },
{ "type": "Feature", "properties": { "RCID": 8841, "PRIM": 1, "GRUP": 2, "OBJL": 129, "RVER": 1, "AGEN": 550, "FIDN": -2004046809, "FIDS": 19802, "LNAM": "0226888CAC274D5A", "LNAM_REFS": null, "FFPT_RIND": null, "EXPSOU": null, "NOBJNM": null, "OBJNAM": null, "QUASOU": null, "SOUACC": null, "TECSOU": null, "VERDAT": null, "STATUS": null, "INFORM": null, "NINFOM": null, "NTXTDS": null, "SCAMAX": null, "SCAMIN": 29999, "TXTDSC": null, "RECDAT": null, "RECIND": null, "SORDAT": "20150206", "SORIND": "US,US,reprt,L-246-2015", "DEPTH": 9.4, "_enc_cell": "US4TB3P0", "depth_m": 9.4, "_sound_id": 1198, "CATZOC": 3, "QUAL_POSACC": null, "QUAL_SOUACC": null, "QUAL_SUREND": "2004", "QUAL_SURSTA": null, "QUAL_TECSOU": null, "QUAL_VERDAT": null, "QUAL_INFORM": "U.S. Navy LIDAR Survey, Archive No. 04HFM01, Scale 1:5,000-1:10,000", "QUAL_SORDAT": "20150206", "QUAL_SORIND": "US,US,reprt,L-246-2015", "QUAL_ENC_CELL": "US4TB3P0", "zoc_label": "B", "quality_model_weight": 0.72, "ALLEN_class_name": "Reef Slope", "semantic_zone": "reef_slope", "allen_mapped": true, "DEPARE_DRVAL1": 5.0, "DEPARE_DRVAL2": 10.0, "DEPARE__enc_cell": "US4TB3P0", "DEPARE_VERDAT": null, "inside_osm_reef_polygon": false, "working_hypothesis_60_70": false, "working_hypothesis_gt100": false }, "geometry": { "type": "Point", "coordinates": [ 134.60195920000001, 7.3468666, 9.4 ] } },
{ "type": "Feature", "properties": { "RCID": 8841, "PRIM": 1, "GRUP": 2, "OBJL": 129, "RVER": 1, "AGEN": 550, "FIDN": -2004046809, "FIDS": 19802, "LNAM": "0226888CAC274D5A", "LNAM_REFS": null, "FFPT_RIND": null, "EXPSOU": null, "NOBJNM": null, "OBJNAM": null, "QUASOU": null, "SOUACC": null, "TECSOU": null, "VERDAT": null, "STATUS": null, "INFORM": null, "NINFOM": null, "NTXTDS": null, "SCAMAX": null, "SCAMIN": 29999, "TXTDSC": null, "RECDAT": null, "RECIND": null, "SORDAT": "20150206", "SORIND": "US,US,reprt,L-246-2015", "DEPTH": 22.2, "_enc_cell": "US4TB3P0", "depth_m": 22.2, "_sound_id": 1199, "CATZOC": 3, "QUAL_POSACC": null, "QUAL_SOUACC": null, "QUAL_SUREND": "2004", "QUAL_SURSTA": null, "QUAL_TECSOU": null, "QUAL_VERDAT": null, "QUAL_INFORM": "U.S. Navy LIDAR Survey, Archive No. 04HFM01, Scale 1:5,000-1:10,000", "QUAL_SORDAT": "20150206", "QUAL_SORIND": "US,US,reprt,L-246-2015", "QUAL_ENC_CELL": "US4TB3P0", "zoc_label": "B", "quality_model_weight": 0.72, "ALLEN_class_name": null, "semantic_zone": "outside_allen_geomorphic_or_unclassified", "allen_mapped": false, "DEPARE_DRVAL1": 20.0, "DEPARE_DRVAL2": 30.0, "DEPARE__enc_cell": "US4TB3P0", "DEPARE_VERDAT": null, "inside_osm_reef_polygon": false, "working_hypothesis_60_70": false, "working_hypothesis_gt100": false }, "geometry": { "type": "Point", "coordinates": [ 134.6021423, 7.3500166, 22.2 ] } },
{ "type": "Feature", "properties": { "RCID": 8841, "PRIM": 1, "GRUP": 2, "OBJL": 129, "RVER": 1, "AGEN": 550, "FIDN": -2004046809, "FIDS": 19802, "LNAM": "0226888CAC274D5A", "LNAM_REFS": null, "FFPT_RIND": null, "EXPSOU": null, "NOBJNM": null, "OBJNAM": null, "QUASOU": null, "SOUACC": null, "TECSOU": null, "VERDAT": null, "STATUS": null, "INFORM": null, "NINFOM": null, "NTXTDS": null, "SCAMAX": null, "SCAMIN": 29999, "TXTDSC": null, "RECDAT": null, "RECIND": null, "SORDAT": "20150206", "SORIND": "US,US,reprt,L-246-2015", "DEPTH": 12.1, "_enc_cell": "US4TB3P0", "depth_m": 12.1, "_sound_id": 1200, "CATZOC": 3, "QUAL_POSACC": null, "QUAL_SOUACC": null, "QUAL_SUREND": "2004", "QUAL_SURSTA": null, "QUAL_TECSOU": null, "QUAL_VERDAT": null, "QUAL_INFORM": "U.S. Navy LIDAR Survey, Archive No. 04HFM01, Scale 1:5,000-1:10,000", "QUAL_SORDAT": "20150206", "QUAL_SORIND": "US,US,reprt,L-246-2015", "QUAL_ENC_CELL": "US4TB3P0", "zoc_label": "B", "quality_model_weight": 0.72, "ALLEN_class_name": "Sheltered Reef Slope", "semantic_zone": "reef_slope", "allen_mapped": true, "DEPARE_DRVAL1": 10.0, "DEPARE_DRVAL2": 20.0, "DEPARE__enc_cell": "US4TB3P0", "DEPARE_VERDAT": null, "inside_osm_reef_polygon": false, "working_hypothesis_60_70": false, "working_hypothesis_gt100": false }, "geometry": { "type": "Point", "coordinates": [ 134.6022034, 7.3458056, 12.1 ] } },
{ "type": "Feature", "properties": { "RCID": 8841, "PRIM": 1, "GRUP": 2, "OBJL": 129, "RVER": 1, "AGEN": 550, "FIDN": -2004046809, "FIDS": 19802, "LNAM": "0226888CAC274D5A", "LNAM_REFS": null, "FFPT_RIND": null, "EXPSOU": null, "NOBJNM": null, "OBJNAM": null, "QUASOU": null, "SOUACC": null, "TECSOU": null, "VERDAT": null, "STATUS": null, "INFORM": null, "NINFOM": null, "NTXTDS": null, "SCAMAX": null, "SCAMIN": 29999, "TXTDSC": null, "RECDAT": null, "RECIND": null, "SORDAT": "20150206", "SORIND": "US,US,reprt,L-246-2015", "DEPTH": 16.0, "_enc_cell": "US4TB3P0", "depth_m": 16.0, "_sound_id": 1201, "CATZOC": 3, "QUAL_POSACC": null, "QUAL_SOUACC": null, "QUAL_SUREND": "2004", "QUAL_SURSTA": null, "QUAL_TECSOU": null, "QUAL_VERDAT": null, "QUAL_INFORM": "U.S. Navy LIDAR Survey, Archive No. 04HFM01, Scale 1:5,000-1:10,000", "QUAL_SORDAT": "20150206", "QUAL_SORIND": "US,US,reprt,L-246-2015", "QUAL_ENC_CELL": "US4TB3P0", "zoc_label": "B", "quality_model_weight": 0.72, "ALLEN_class_name": null, "semantic_zone": "outside_allen_geomorphic_or_unclassified", "allen_mapped": false, "DEPARE_DRVAL1": 10.0, "DEPARE_DRVAL2": 20.0, "DEPARE__enc_cell": "US4TB3P0", "DEPARE_VERDAT": null, "inside_osm_reef_polygon": false, "working_hypothesis_60_70": false, "working_hypothesis_gt100": false }, "geometry": { "type": "Point", "coordinates": [ 134.602249199999989, 7.3447585, 16.0 ] } },
{ "type": "Feature", "properties": { "RCID": 8841, "PRIM": 1, "GRUP": 2, "OBJL": 129, "RVER": 1, "AGEN": 550, "FIDN": -2004046809, "FIDS": 19802, "LNAM": "0226888CAC274D5A", "LNAM_REFS": null, "FFPT_RIND": null, "EXPSOU": null, "NOBJNM": null, "OBJNAM": null, "QUASOU": null, "SOUACC": null, "TECSOU": null, "VERDAT": null, "STATUS": null, "INFORM": null, "NINFOM": null, "NTXTDS": null, "SCAMAX": null, "SCAMIN": 29999, "TXTDSC": null, "RECDAT": null, "RECIND": null, "SORDAT": "20150206", "SORIND": "US,US,reprt,L-246-2015", "DEPTH": 35.0, "_enc_cell": "US4TB3P0", "depth_m": 35.0, "_sound_id": 1202, "CATZOC": 5, "QUAL_POSACC": null, "QUAL_SOUACC": null, "QUAL_SUREND": "1938", "QUAL_SURSTA": "1915", "QUAL_TECSOU": null, "QUAL_VERDAT": null, "QUAL_INFORM": "Former Japan Chart 481 (Ed. 1940, Rev. 1944), from Japan surveys, Scale 1:25,000", "QUAL_SORDAT": "20150206", "QUAL_SORIND": "US,US,reprt,L-246-2015", "QUAL_ENC_CELL": "US4TB3P0", "zoc_label": "D", "quality_model_weight": 0.22, "ALLEN_class_name": null, "semantic_zone": "outside_allen_geomorphic_or_unclassified", "allen_mapped": false, "DEPARE_DRVAL1": 30.0, "DEPARE_DRVAL2": 50.0, "DEPARE__enc_cell": "US4TB3P0", "DEPARE_VERDAT": null, "inside_osm_reef_polygon": false, "working_hypothesis_60_70": false, "working_hypothesis_gt100": false }, "geometry": { "type": "Point", "coordinates": [ 134.602340700000013, 7.3583498, 35.0 ] } },
{ "type": "Feature", "properties": { "RCID": 8841, "PRIM": 1, "GRUP": 2, "OBJL": 129, "RVER": 1, "AGEN": 550, "FIDN": -2004046809, "FIDS": 19802, "LNAM": "0226888CAC274D5A", "LNAM_REFS": null, "FFPT_RIND": null, "EXPSOU": null, "NOBJNM": null, "OBJNAM": null, "QUASOU": null, "SOUACC": null, "TECSOU": null, "VERDAT": null, "STATUS": null, "INFORM": null, "NINFOM": null, "NTXTDS": null, "SCAMAX": null, "SCAMIN": 29999, "TXTDSC": null, "RECDAT": null, "RECIND": null, "SORDAT": "20150206", "SORIND": "US,US,reprt,L-246-2015", "DEPTH": 9.9, "_enc_cell": "US4TB3P0", "depth_m": 9.9, "_sound_id": 1203, "CATZOC": 5, "QUAL_POSACC": null, "QUAL_SOUACC": null, "QUAL_SUREND": "1938", "QUAL_SURSTA": "1915", "QUAL_TECSOU": null, "QUAL_VERDAT": null, "QUAL_INFORM": "Former Japan Chart 481 (Ed. 1940, Rev. 1944), from Japan surveys, Scale 1:25,000", "QUAL_SORDAT": "20150206", "QUAL_SORIND": "US,US,reprt,L-246-2015", "QUAL_ENC_CELL": "US4TB3P0", "zoc_label": "D", "quality_model_weight": 0.22, "ALLEN_class_name": "Reef Slope", "semantic_zone": "reef_slope", "allen_mapped": true, "DEPARE_DRVAL1": 5.0, "DEPARE_DRVAL2": 10.0, "DEPARE__enc_cell": "US4TB3P0", "DEPARE_VERDAT": null, "inside_osm_reef_polygon": false, "working_hypothesis_60_70": false, "working_hypothesis_gt100": false }, "geometry": { "type": "Point", "coordinates": [ 134.6023865, 7.3602305, 9.9 ] } },
{ "type": "Feature", "properties": { "RCID": 8841, "PRIM": 1, "GRUP": 2, "OBJL": 129, "RVER": 1, "AGEN": 550, "FIDN": -2004046809, "FIDS": 19802, "LNAM": "0226888CAC274D5A", "LNAM_REFS": null, "FFPT_RIND": null, "EXPSOU": null, "NOBJNM": null, "OBJNAM": null, "QUASOU": null, "SOUACC": null, "TECSOU": null, "VERDAT": null, "STATUS": null, "INFORM": null, "NINFOM": null, "NTXTDS": null, "SCAMAX": null, "SCAMIN": 29999, "TXTDSC": null, "RECDAT": null, "RECIND": null, "SORDAT": "20150206", "SORIND": "US,US,reprt,L-246-2015", "DEPTH": 27.6, "_enc_cell": "US4TB3P0", "depth_m": 27.6, "_sound_id": 1204, "CATZOC": 3, "QUAL_POSACC": null, "QUAL_SOUACC": null, "QUAL_SUREND": "2004", "QUAL_SURSTA": null, "QUAL_TECSOU": null, "QUAL_VERDAT": null, "QUAL_INFORM": "U.S. Navy LIDAR Survey, Archive No. 04HFM01, Scale 1:5,000-1:10,000", "QUAL_SORDAT": "20150206", "QUAL_SORIND": "US,US,reprt,L-246-2015", "QUAL_ENC_CELL": "US4TB3P0", "zoc_label": "B", "quality_model_weight": 0.72, "ALLEN_class_name": null, "semantic_zone": "outside_allen_geomorphic_or_unclassified", "allen_mapped": false, "DEPARE_DRVAL1": 20.0, "DEPARE_DRVAL2": 30.0, "DEPARE__enc_cell": "US4TB3P0", "DEPARE_VERDAT": null, "inside_osm_reef_polygon": false, "working_hypothesis_60_70": false, "working_hypothesis_gt100": false }, "geometry": { "type": "Point", "coordinates": [ 134.602478, 7.3487945, 27.6 ] } },
{ "type": "Feature", "properties": { "RCID": 8841, "PRIM": 1, "GRUP": 2, "OBJL": 129, "RVER": 1, "AGEN": 550, "FIDN": -2004046809, "FIDS": 19802, "LNAM": "0226888CAC274D5A", "LNAM_REFS": null, "FFPT_RIND": null, "EXPSOU": null, "NOBJNM": null, "OBJNAM": null, "QUASOU": null, "SOUACC": null, "TECSOU": null, "VERDAT": null, "STATUS": null, "INFORM": null, "NINFOM": null, "NTXTDS": null, "SCAMAX": null, "SCAMIN": 29999, "TXTDSC": null, "RECDAT": null, "RECIND": null, "SORDAT": "20150206", "SORIND": "US,US,reprt,L-246-2015", "DEPTH": 58.0, "_enc_cell": "US4TB3P0", "depth_m": 58.0, "_sound_id": 1205, "CATZOC": 5, "QUAL_POSACC": null, "QUAL_SOUACC": null, "QUAL_SUREND": "1938", "QUAL_SURSTA": "1915", "QUAL_TECSOU": null, "QUAL_VERDAT": null, "QUAL_INFORM": "Former Japan Chart 481 (Ed. 1940, Rev. 1944), from Japan surveys, Scale 1:25,000", "QUAL_SORDAT": "20150206", "QUAL_SORIND": "US,US,reprt,L-246-2015", "QUAL_ENC_CELL": "US4TB3P0", "zoc_label": "D", "quality_model_weight": 0.22, "ALLEN_class_name": null, "semantic_zone": "outside_allen_geomorphic_or_unclassified", "allen_mapped": false, "DEPARE_DRVAL1": 50.0, "DEPARE_DRVAL2": 100.0, "DEPARE__enc_cell": "US4TB3P0", "DEPARE_VERDAT": null, "inside_osm_reef_polygon": false, "working_hypothesis_60_70": false, "working_hypothesis_gt100": false }, "geometry": { "type": "Point", "coordinates": [ 134.6026154, 7.3746419, 58.0 ] } },
{ "type": "Feature", "properties": { "RCID": 8841, "PRIM": 1, "GRUP": 2, "OBJL": 129, "RVER": 1, "AGEN": 550, "FIDN": -2004046809, "FIDS": 19802, "LNAM": "0226888CAC274D5A", "LNAM_REFS": null, "FFPT_RIND": null, "EXPSOU": null, "NOBJNM": null, "OBJNAM": null, "QUASOU": null, "SOUACC": null, "TECSOU": null, "VERDAT": null, "STATUS": null, "INFORM": null, "NINFOM": null, "NTXTDS": null, "SCAMAX": null, "SCAMIN": 29999, "TXTDSC": null, "RECDAT": null, "RECIND": null, "SORDAT": "20150206", "SORIND": "US,US,reprt,L-246-2015", "DEPTH": 19.7, "_enc_cell": "US4TB3P0", "depth_m": 19.7, "_sound_id": 1206, "CATZOC": 5, "QUAL_POSACC": null, "QUAL_SOUACC": null, "QUAL_SUREND": "1938", "QUAL_SURSTA": "1915", "QUAL_TECSOU": null, "QUAL_VERDAT": null, "QUAL_INFORM": "Former Japan Chart 481 (Ed. 1940, Rev. 1944), from Japan surveys, Scale 1:25,000", "QUAL_SORDAT": "20150206", "QUAL_SORIND": "US,US,reprt,L-246-2015", "QUAL_ENC_CELL": "US4TB3P0", "zoc_label": "D", "quality_model_weight": 0.22, "ALLEN_class_name": "Deep Lagoon", "semantic_zone": "deep_lagoon", "allen_mapped": true, "DEPARE_DRVAL1": 10.0, "DEPARE_DRVAL2": 20.0, "DEPARE__enc_cell": "US4TB3P0", "DEPARE_VERDAT": null, "inside_osm_reef_polygon": false, "working_hypothesis_60_70": false, "working_hypothesis_gt100": false }, "geometry": { "type": "Point", "coordinates": [ 134.6026306, 7.3650279, 19.7 ] } },
{ "type": "Feature", "properties": { "RCID": 8841, "PRIM": 1, "GRUP": 2, "OBJL": 129, "RVER": 1, "AGEN": 550, "FIDN": -2004046809, "FIDS": 19802, "LNAM": "0226888CAC274D5A", "LNAM_REFS": null, "FFPT_RIND": null, "EXPSOU": null, "NOBJNM": null, "OBJNAM": null, "QUASOU": null, "SOUACC": null, "TECSOU": null, "VERDAT": null, "STATUS": null, "INFORM": null, "NINFOM": null, "NTXTDS": null, "SCAMAX": null, "SCAMIN": 29999, "TXTDSC": null, "RECDAT": null, "RECIND": null, "SORDAT": "20150206", "SORIND": "US,US,reprt,L-246-2015", "DEPTH": 27.7, "_enc_cell": "US4TB3P0", "depth_m": 27.7, "_sound_id": 1207, "CATZOC": 3, "QUAL_POSACC": null, "QUAL_SOUACC": null, "QUAL_SUREND": "2004", "QUAL_SURSTA": null, "QUAL_TECSOU": null, "QUAL_VERDAT": null, "QUAL_INFORM": "U.S. Navy LIDAR Survey, Archive No. 04HFM01, Scale 1:5,000-1:10,000", "QUAL_SORDAT": "20150206", "QUAL_SORIND": "US,US,reprt,L-246-2015", "QUAL_ENC_CELL": "US4TB3P0", "zoc_label": "B", "quality_model_weight": 0.72, "ALLEN_class_name": null, "semantic_zone": "outside_allen_geomorphic_or_unclassified", "allen_mapped": false, "DEPARE_DRVAL1": 20.0, "DEPARE_DRVAL2": 30.0, "DEPARE__enc_cell": "US4TB3P0", "DEPARE_VERDAT": null, "inside_osm_reef_polygon": false, "working_hypothesis_60_70": false, "working_hypothesis_gt100": false }, "geometry": { "type": "Point", "coordinates": [ 134.6026917, 7.3435669, 27.7 ] } },
{ "type": "Feature", "properties": { "RCID": 8841, "PRIM": 1, "GRUP": 2, "OBJL": 129, "RVER": 1, "AGEN": 550, "FIDN": -2004046809, "FIDS": 19802, "LNAM": "0226888CAC274D5A", "LNAM_REFS": null, "FFPT_RIND": null, "EXPSOU": null, "NOBJNM": null, "OBJNAM": null, "QUASOU": null, "SOUACC": null, "TECSOU": null, "VERDAT": null, "STATUS": null, "INFORM": null, "NINFOM": null, "NTXTDS": null, "SCAMAX": null, "SCAMIN": 29999, "TXTDSC": null, "RECDAT": null, "RECIND": null, "SORDAT": "20150206", "SORIND": "US,US,reprt,L-246-2015", "DEPTH": 9.6, "_enc_cell": "US4TB3P0", "depth_m": 9.6, "_sound_id": 1208, "CATZOC": 3, "QUAL_POSACC": null, "QUAL_SOUACC": null, "QUAL_SUREND": "2004", "QUAL_SURSTA": null, "QUAL_TECSOU": null, "QUAL_VERDAT": null, "QUAL_INFORM": "U.S. Navy LIDAR Survey, Archive No. 04HFM01, Scale 1:5,000-1:10,000", "QUAL_SORDAT": "20150206", "QUAL_SORIND": "US,US,reprt,L-246-2015", "QUAL_ENC_CELL": "US4TB3P0", "zoc_label": "B", "quality_model_weight": 0.72, "ALLEN_class_name": "Reef Slope", "semantic_zone": "reef_slope", "allen_mapped": true, "DEPARE_DRVAL1": 5.0, "DEPARE_DRVAL2": 10.0, "DEPARE__enc_cell": "US4TB3P0", "DEPARE_VERDAT": null, "inside_osm_reef_polygon": false, "working_hypothesis_60_70": false, "working_hypothesis_gt100": false }, "geometry": { "type": "Point", "coordinates": [ 134.602722199999988, 7.3478112, 9.6 ] } },
{ "type": "Feature", "properties": { "RCID": 8841, "PRIM": 1, "GRUP": 2, "OBJL": 129, "RVER": 1, "AGEN": 550, "FIDN": -2004046809, "FIDS": 19802, "LNAM": "0226888CAC274D5A", "LNAM_REFS": null, "FFPT_RIND": null, "EXPSOU": null, "NOBJNM": null, "OBJNAM": null, "QUASOU": null, "SOUACC": null, "TECSOU": null, "VERDAT": null, "STATUS": null, "INFORM": null, "NINFOM": null, "NTXTDS": null, "SCAMAX": null, "SCAMIN": 29999, "TXTDSC": null, "RECDAT": null, "RECIND": null, "SORDAT": "20150206", "SORIND": "US,US,reprt,L-246-2015", "DEPTH": 35.0, "_enc_cell": "US4TB3P0", "depth_m": 35.0, "_sound_id": 1209, "CATZOC": 5, "QUAL_POSACC": null, "QUAL_SOUACC": null, "QUAL_SUREND": "1938", "QUAL_SURSTA": "1915", "QUAL_TECSOU": null, "QUAL_VERDAT": null, "QUAL_INFORM": "Former Japan Chart 481 (Ed. 1940, Rev. 1944), from Japan surveys, Scale 1:25,000", "QUAL_SORDAT": "20150206", "QUAL_SORIND": "US,US,reprt,L-246-2015", "QUAL_ENC_CELL": "US4TB3P0", "zoc_label": "D", "quality_model_weight": 0.22, "ALLEN_class_name": null, "semantic_zone": "outside_allen_geomorphic_or_unclassified", "allen_mapped": false, "DEPARE_DRVAL1": 30.0, "DEPARE_DRVAL2": 50.0, "DEPARE__enc_cell": "US4TB3P0", "DEPARE_VERDAT": null, "inside_osm_reef_polygon": false, "working_hypothesis_60_70": false, "working_hypothesis_gt100": false }, "geometry": { "type": "Point", "coordinates": [ 134.6027374, 7.342361, 35.0 ] } },
{ "type": "Feature", "properties": { "RCID": 8841, "PRIM": 1, "GRUP": 2, "OBJL": 129, "RVER": 1, "AGEN": 550, "FIDN": -2004046809, "FIDS": 19802, "LNAM": "0226888CAC274D5A", "LNAM_REFS": null, "FFPT_RIND": null, "EXPSOU": null, "NOBJNM": null, "OBJNAM": null, "QUASOU": null, "SOUACC": null, "TECSOU": null, "VERDAT": null, "STATUS": null, "INFORM": null, "NINFOM": null, "NTXTDS": null, "SCAMAX": null, "SCAMIN": 29999, "TXTDSC": null, "RECDAT": null, "RECIND": null, "SORDAT": "20150206", "SORIND": "US,US,reprt,L-246-2015", "DEPTH": 27.4, "_enc_cell": "US4TB3P0", "depth_m": 27.4, "_sound_id": 1210, "CATZOC": 3, "QUAL_POSACC": null, "QUAL_SOUACC": null, "QUAL_SUREND": "2004", "QUAL_SURSTA": null, "QUAL_TECSOU": null, "QUAL_VERDAT": null, "QUAL_INFORM": "U.S. Navy LIDAR Survey, Archive No. 04HFM01, Scale 1:5,000-1:10,000", "QUAL_SORDAT": "20150206", "QUAL_SORIND": "US,US,reprt,L-246-2015", "QUAL_ENC_CELL": "US4TB3P0", "zoc_label": "B", "quality_model_weight": 0.72, "ALLEN_class_name": null, "semantic_zone": "outside_allen_geomorphic_or_unclassified", "allen_mapped": false, "DEPARE_DRVAL1": 20.0, "DEPARE_DRVAL2": 30.0, "DEPARE__enc_cell": "US4TB3P0", "DEPARE_VERDAT": null, "inside_osm_reef_polygon": false, "working_hypothesis_60_70": false, "working_hypothesis_gt100": false }, "geometry": { "type": "Point", "coordinates": [ 134.6028748, 7.35115, 27.4 ] } },
{ "type": "Feature", "properties": { "RCID": 8841, "PRIM": 1, "GRUP": 2, "OBJL": 129, "RVER": 1, "AGEN": 550, "FIDN": -2004046809, "FIDS": 19802, "LNAM": "0226888CAC274D5A", "LNAM_REFS": null, "FFPT_RIND": null, "EXPSOU": null, "NOBJNM": null, "OBJNAM": null, "QUASOU": null, "SOUACC": null, "TECSOU": null, "VERDAT": null, "STATUS": null, "INFORM": null, "NINFOM": null, "NTXTDS": null, "SCAMAX": null, "SCAMIN": 29999, "TXTDSC": null, "RECDAT": null, "RECIND": null, "SORDAT": "20150206", "SORIND": "US,US,reprt,L-246-2015", "DEPTH": 26.0, "_enc_cell": "US4TB3P0", "depth_m": 26.0, "_sound_id": 1211, "CATZOC": 5, "QUAL_POSACC": null, "QUAL_SOUACC": null, "QUAL_SUREND": "1938", "QUAL_SURSTA": "1915", "QUAL_TECSOU": null, "QUAL_VERDAT": null, "QUAL_INFORM": "Former Japan Chart 481 (Ed. 1940, Rev. 1944), from Japan surveys, Scale 1:25,000", "QUAL_SORDAT": "20150206", "QUAL_SORIND": "US,US,reprt,L-246-2015", "QUAL_ENC_CELL": "US4TB3P0", "zoc_label": "D", "quality_model_weight": 0.22, "ALLEN_class_name": "Deep Lagoon", "semantic_zone": "deep_lagoon", "allen_mapped": true, "DEPARE_DRVAL1": 20.0, "DEPARE_DRVAL2": 30.0, "DEPARE__enc_cell": "US4TB3P0", "DEPARE_VERDAT": null, "inside_osm_reef_polygon": false, "working_hypothesis_60_70": false, "working_hypothesis_gt100": false }, "geometry": { "type": "Point", "coordinates": [ 134.60305790000001, 7.3697224, 26.0 ] } },
{ "type": "Feature", "properties": { "RCID": 8841, "PRIM": 1, "GRUP": 2, "OBJL": 129, "RVER": 1, "AGEN": 550, "FIDN": -2004046809, "FIDS": 19802, "LNAM": "0226888CAC274D5A", "LNAM_REFS": null, "FFPT_RIND": null, "EXPSOU": null, "NOBJNM": null, "OBJNAM": null, "QUASOU": null, "SOUACC": null, "TECSOU": null, "VERDAT": null, "STATUS": null, "INFORM": null, "NINFOM": null, "NTXTDS": null, "SCAMAX": null, "SCAMIN": 29999, "TXTDSC": null, "RECDAT": null, "RECIND": null, "SORDAT": "20150206", "SORIND": "US,US,reprt,L-246-2015", "DEPTH": 37.0, "_enc_cell": "US4TB3P0", "depth_m": 37.0, "_sound_id": 1212, "CATZOC": 5, "QUAL_POSACC": null, "QUAL_SOUACC": null, "QUAL_SUREND": "1938", "QUAL_SURSTA": "1915", "QUAL_TECSOU": null, "QUAL_VERDAT": null, "QUAL_INFORM": "Former Japan Chart 481 (Ed. 1940, Rev. 1944), from Japan surveys, Scale 1:25,000", "QUAL_SORDAT": "20150206", "QUAL_SORIND": "US,US,reprt,L-246-2015", "QUAL_ENC_CELL": "US4TB3P0", "zoc_label": "D", "quality_model_weight": 0.22, "ALLEN_class_name": "Deep Lagoon", "semantic_zone": "deep_lagoon", "allen_mapped": true, "DEPARE_DRVAL1": 30.0, "DEPARE_DRVAL2": 50.0, "DEPARE__enc_cell": "US4TB3P0", "DEPARE_VERDAT": null, "inside_osm_reef_polygon": false, "working_hypothesis_60_70": false, "working_hypothesis_gt100": false }, "geometry": { "type": "Point", "coordinates": [ 134.6032715, 7.363636, 37.0 ] } },
{ "type": "Feature", "properties": { "RCID": 8841, "PRIM": 1, "GRUP": 2, "OBJL": 129, "RVER": 1, "AGEN": 550, "FIDN": -2004046809, "FIDS": 19802, "LNAM": "0226888CAC274D5A", "LNAM_REFS": null, "FFPT_RIND": null, "EXPSOU": null, "NOBJNM": null, "OBJNAM": null, "QUASOU": null, "SOUACC": null, "TECSOU": null, "VERDAT": null, "STATUS": null, "INFORM": null, "NINFOM": null, "NTXTDS": null, "SCAMAX": null, "SCAMIN": 29999, "TXTDSC": null, "RECDAT": null, "RECIND": null, "SORDAT": "20150206", "SORIND": "US,US,reprt,L-246-2015", "DEPTH": 9.7, "_enc_cell": "US4TB3P0", "depth_m": 9.7, "_sound_id": 1213, "CATZOC": 3, "QUAL_POSACC": null, "QUAL_SOUACC": null, "QUAL_SUREND": "2004", "QUAL_SURSTA": null, "QUAL_TECSOU": null, "QUAL_VERDAT": null, "QUAL_INFORM": "U.S. Navy LIDAR Survey, Archive No. 04HFM01, Scale 1:5,000-1:10,000", "QUAL_SORDAT": "20150206", "QUAL_SORIND": "US,US,reprt,L-246-2015", "QUAL_ENC_CELL": "US4TB3P0", "zoc_label": "B", "quality_model_weight": 0.72, "ALLEN_class_name": "Reef Slope", "semantic_zone": "reef_slope", "allen_mapped": true, "DEPARE_DRVAL1": 5.0, "DEPARE_DRVAL2": 10.0, "DEPARE__enc_cell": "US4TB3P0", "DEPARE_VERDAT": null, "inside_osm_reef_polygon": false, "working_hypothesis_60_70": false, "working_hypothesis_gt100": false }, "geometry": { "type": "Point", "coordinates": [ 134.603286700000012, 7.3469167, 9.7 ] } },
{ "type": "Feature", "properties": { "RCID": 8841, "PRIM": 1, "GRUP": 2, "OBJL": 129, "RVER": 1, "AGEN": 550, "FIDN": -2004046809, "FIDS": 19802, "LNAM": "0226888CAC274D5A", "LNAM_REFS": null, "FFPT_RIND": null, "EXPSOU": null, "NOBJNM": null, "OBJNAM": null, "QUASOU": null, "SOUACC": null, "TECSOU": null, "VERDAT": null, "STATUS": null, "INFORM": null, "NINFOM": null, "NTXTDS": null, "SCAMAX": null, "SCAMIN": 29999, "TXTDSC": null, "RECDAT": null, "RECIND": null, "SORDAT": "20150206", "SORIND": "US,US,reprt,L-246-2015", "DEPTH": 26.0, "_enc_cell": "US4TB3P0", "depth_m": 26.0, "_sound_id": 1214, "CATZOC": 5, "QUAL_POSACC": null, "QUAL_SOUACC": null, "QUAL_SUREND": "1938", "QUAL_SURSTA": "1915", "QUAL_TECSOU": null, "QUAL_VERDAT": null, "QUAL_INFORM": "Former Japan Chart 481 (Ed. 1940, Rev. 1944), from Japan surveys, Scale 1:25,000", "QUAL_SORDAT": "20150206", "QUAL_SORIND": "US,US,reprt,L-246-2015", "QUAL_ENC_CELL": "US4TB3P0", "zoc_label": "D", "quality_model_weight": 0.22, "ALLEN_class_name": null, "semantic_zone": "outside_allen_geomorphic_or_unclassified", "allen_mapped": false, "DEPARE_DRVAL1": 20.0, "DEPARE_DRVAL2": 30.0, "DEPARE__enc_cell": "US4TB3P0", "DEPARE_VERDAT": null, "inside_osm_reef_polygon": false, "working_hypothesis_60_70": false, "working_hypothesis_gt100": false }, "geometry": { "type": "Point", "coordinates": [ 134.603286700000012, 7.3720331, 26.0 ] } },
{ "type": "Feature", "properties": { "RCID": 8841, "PRIM": 1, "GRUP": 2, "OBJL": 129, "RVER": 1, "AGEN": 550, "FIDN": -2004046809, "FIDS": 19802, "LNAM": "0226888CAC274D5A", "LNAM_REFS": null, "FFPT_RIND": null, "EXPSOU": null, "NOBJNM": null, "OBJNAM": null, "QUASOU": null, "SOUACC": null, "TECSOU": null, "VERDAT": null, "STATUS": null, "INFORM": null, "NINFOM": null, "NTXTDS": null, "SCAMAX": null, "SCAMIN": 29999, "TXTDSC": null, "RECDAT": null, "RECIND": null, "SORDAT": "20150206", "SORIND": "US,US,reprt,L-246-2015", "DEPTH": 17.9, "_enc_cell": "US4TB3P0", "depth_m": 17.9, "_sound_id": 1215, "CATZOC": 3, "QUAL_POSACC": null, "QUAL_SOUACC": null, "QUAL_SUREND": "2004", "QUAL_SURSTA": null, "QUAL_TECSOU": null, "QUAL_VERDAT": null, "QUAL_INFORM": "U.S. Navy LIDAR Survey, Archive No. 04HFM01, Scale 1:5,000-1:10,000", "QUAL_SORDAT": "20150206", "QUAL_SORIND": "US,US,reprt,L-246-2015", "QUAL_ENC_CELL": "US4TB3P0", "zoc_label": "B", "quality_model_weight": 0.72, "ALLEN_class_name": null, "semantic_zone": "outside_allen_geomorphic_or_unclassified", "allen_mapped": false, "DEPARE_DRVAL1": 10.0, "DEPARE_DRVAL2": 20.0, "DEPARE__enc_cell": "US4TB3P0", "DEPARE_VERDAT": null, "inside_osm_reef_polygon": false, "working_hypothesis_60_70": false, "working_hypothesis_gt100": false }, "geometry": { "type": "Point", "coordinates": [ 134.603317299999986, 7.3453002, 17.9 ] } },
{ "type": "Feature", "properties": { "RCID": 8841, "PRIM": 1, "GRUP": 2, "OBJL": 129, "RVER": 1, "AGEN": 550, "FIDN": -2004046809, "FIDS": 19802, "LNAM": "0226888CAC274D5A", "LNAM_REFS": null, "FFPT_RIND": null, "EXPSOU": null, "NOBJNM": null, "OBJNAM": null, "QUASOU": null, "SOUACC": null, "TECSOU": null, "VERDAT": null, "STATUS": null, "INFORM": null, "NINFOM": null, "NTXTDS": null, "SCAMAX": null, "SCAMIN": 29999, "TXTDSC": null, "RECDAT": null, "RECIND": null, "SORDAT": "20150206", "SORIND": "US,US,reprt,L-246-2015", "DEPTH": 28.0, "_enc_cell": "US4TB3P0", "depth_m": 28.0, "_sound_id": 1216, "CATZOC": 5, "QUAL_POSACC": null, "QUAL_SOUACC": null, "QUAL_SUREND": "1938", "QUAL_SURSTA": "1915", "QUAL_TECSOU": null, "QUAL_VERDAT": null, "QUAL_INFORM": "Former Japan Chart 481 (Ed. 1940, Rev. 1944), from Japan surveys, Scale 1:25,000", "QUAL_SORDAT": "20150206", "QUAL_SORIND": "US,US,reprt,L-246-2015", "QUAL_ENC_CELL": "US4TB3P0", "zoc_label": "D", "quality_model_weight": 0.22, "ALLEN_class_name": null, "semantic_zone": "outside_allen_geomorphic_or_unclassified", "allen_mapped": false, "DEPARE_DRVAL1": 20.0, "DEPARE_DRVAL2": 30.0, "DEPARE__enc_cell": "US4TB3P0", "DEPARE_VERDAT": null, "inside_osm_reef_polygon": false, "working_hypothesis_60_70": false, "working_hypothesis_gt100": false }, "geometry": { "type": "Point", "coordinates": [ 134.603317299999986, 7.3532972, 28.0 ] } },
{ "type": "Feature", "properties": { "RCID": 8841, "PRIM": 1, "GRUP": 2, "OBJL": 129, "RVER": 1, "AGEN": 550, "FIDN": -2004046809, "FIDS": 19802, "LNAM": "0226888CAC274D5A", "LNAM_REFS": null, "FFPT_RIND": null, "EXPSOU": null, "NOBJNM": null, "OBJNAM": null, "QUASOU": null, "SOUACC": null, "TECSOU": null, "VERDAT": null, "STATUS": null, "INFORM": null, "NINFOM": null, "NTXTDS": null, "SCAMAX": null, "SCAMIN": 29999, "TXTDSC": null, "RECDAT": null, "RECIND": null, "SORDAT": "20150206", "SORIND": "US,US,reprt,L-246-2015", "DEPTH": 9.4, "_enc_cell": "US4TB3P0", "depth_m": 9.4, "_sound_id": 1217, "CATZOC": 3, "QUAL_POSACC": null, "QUAL_SOUACC": null, "QUAL_SUREND": "2004", "QUAL_SURSTA": null, "QUAL_TECSOU": null, "QUAL_VERDAT": null, "QUAL_INFORM": "U.S. Navy LIDAR Survey, Archive No. 04HFM01, Scale 1:5,000-1:10,000", "QUAL_SORDAT": "20150206", "QUAL_SORIND": "US,US,reprt,L-246-2015", "QUAL_ENC_CELL": "US4TB3P0", "zoc_label": "B", "quality_model_weight": 0.72, "ALLEN_class_name": "Reef Slope", "semantic_zone": "reef_slope", "allen_mapped": true, "DEPARE_DRVAL1": 5.0, "DEPARE_DRVAL2": 10.0, "DEPARE__enc_cell": "US4TB3P0", "DEPARE_VERDAT": null, "inside_osm_reef_polygon": false, "working_hypothesis_60_70": false, "working_hypothesis_gt100": false }, "geometry": { "type": "Point", "coordinates": [ 134.6035156, 7.3483362, 9.4 ] } },
{ "type": "Feature", "properties": { "RCID": 8841, "PRIM": 1, "GRUP": 2, "OBJL": 129, "RVER": 1, "AGEN": 550, "FIDN": -2004046809, "FIDS": 19802, "LNAM": "0226888CAC274D5A", "LNAM_REFS": null, "FFPT_RIND": null, "EXPSOU": null, "NOBJNM": null, "OBJNAM": null, "QUASOU": null, "SOUACC": null, "TECSOU": null, "VERDAT": null, "STATUS": null, "INFORM": null, "NINFOM": null, "NTXTDS": null, "SCAMAX": null, "SCAMIN": 29999, "TXTDSC": null, "RECDAT": null, "RECIND": null, "SORDAT": "20150206", "SORIND": "US,US,reprt,L-246-2015", "DEPTH": 19.7, "_enc_cell": "US4TB3P0", "depth_m": 19.7, "_sound_id": 1218, "CATZOC": 3, "QUAL_POSACC": null, "QUAL_SOUACC": null, "QUAL_SUREND": "2004", "QUAL_SURSTA": null, "QUAL_TECSOU": null, "QUAL_VERDAT": null, "QUAL_INFORM": "U.S. Navy LIDAR Survey, Archive No. 04HFM01, Scale 1:5,000-1:10,000", "QUAL_SORDAT": "20150206", "QUAL_SORIND": "US,US,reprt,L-246-2015", "QUAL_ENC_CELL": "US4TB3P0", "zoc_label": "B", "quality_model_weight": 0.72, "ALLEN_class_name": "Sheltered Reef Slope", "semantic_zone": "reef_slope", "allen_mapped": true, "DEPARE_DRVAL1": 10.0, "DEPARE_DRVAL2": 20.0, "DEPARE__enc_cell": "US4TB3P0", "DEPARE_VERDAT": null, "inside_osm_reef_polygon": false, "working_hypothesis_60_70": false, "working_hypothesis_gt100": false }, "geometry": { "type": "Point", "coordinates": [ 134.60353090000001, 7.3493471, 19.7 ] } },
{ "type": "Feature", "properties": { "RCID": 8841, "PRIM": 1, "GRUP": 2, "OBJL": 129, "RVER": 1, "AGEN": 550, "FIDN": -2004046809, "FIDS": 19802, "LNAM": "0226888CAC274D5A", "LNAM_REFS": null, "FFPT_RIND": null, "EXPSOU": null, "NOBJNM": null, "OBJNAM": null, "QUASOU": null, "SOUACC": null, "TECSOU": null, "VERDAT": null, "STATUS": null, "INFORM": null, "NINFOM": null, "NTXTDS": null, "SCAMAX": null, "SCAMIN": 29999, "TXTDSC": null, "RECDAT": null, "RECIND": null, "SORDAT": "20150206", "SORIND": "US,US,reprt,L-246-2015", "DEPTH": 12.1, "_enc_cell": "US4TB3P0", "depth_m": 12.1, "_sound_id": 1219, "CATZOC": 3, "QUAL_POSACC": null, "QUAL_SOUACC": null, "QUAL_SUREND": "2004", "QUAL_SURSTA": null, "QUAL_TECSOU": null, "QUAL_VERDAT": null, "QUAL_INFORM": "U.S. Navy LIDAR Survey, Archive No. 04HFM01, Scale 1:5,000-1:10,000", "QUAL_SORDAT": "20150206", "QUAL_SORIND": "US,US,reprt,L-246-2015", "QUAL_ENC_CELL": "US4TB3P0", "zoc_label": "B", "quality_model_weight": 0.72, "ALLEN_class_name": "Reef Slope", "semantic_zone": "reef_slope", "allen_mapped": true, "DEPARE_DRVAL1": 10.0, "DEPARE_DRVAL2": 20.0, "DEPARE__enc_cell": "US4TB3P0", "DEPARE_VERDAT": null, "inside_osm_reef_polygon": false, "working_hypothesis_60_70": false, "working_hypothesis_gt100": false }, "geometry": { "type": "Point", "coordinates": [ 134.6040649, 7.3473887, 12.1 ] } },
{ "type": "Feature", "properties": { "RCID": 8841, "PRIM": 1, "GRUP": 2, "OBJL": 129, "RVER": 1, "AGEN": 550, "FIDN": -2004046809, "FIDS": 19802, "LNAM": "0226888CAC274D5A", "LNAM_REFS": null, "FFPT_RIND": null, "EXPSOU": null, "NOBJNM": null, "OBJNAM": null, "QUASOU": null, "SOUACC": null, "TECSOU": null, "VERDAT": null, "STATUS": null, "INFORM": null, "NINFOM": null, "NTXTDS": null, "SCAMAX": null, "SCAMIN": 29999, "TXTDSC": null, "RECDAT": null, "RECIND": null, "SORDAT": "20150206", "SORIND": "US,US,reprt,L-246-2015", "DEPTH": 548.0, "_enc_cell": "US4TB3P0", "depth_m": 548.0, "_sound_id": 1220, "CATZOC": 5, "QUAL_POSACC": null, "QUAL_SOUACC": null, "QUAL_SUREND": "1938", "QUAL_SURSTA": "1915", "QUAL_TECSOU": null, "QUAL_VERDAT": null, "QUAL_INFORM": "Former Japan Chart 481 (Ed. 1940, Rev. 1944), from Japan surveys, Scale 1:25,000", "QUAL_SORDAT": "20150206", "QUAL_SORIND": "US,US,reprt,L-246-2015", "QUAL_ENC_CELL": "US4TB3P0", "zoc_label": "D", "quality_model_weight": 0.22, "ALLEN_class_name": null, "semantic_zone": "outside_allen_geomorphic_or_unclassified", "allen_mapped": false, "DEPARE_DRVAL1": 200.0, "DEPARE_DRVAL2": 1000.0, "DEPARE__enc_cell": "US4TB3P0", "DEPARE_VERDAT": null, "inside_osm_reef_polygon": false, "working_hypothesis_60_70": false, "working_hypothesis_gt100": true }, "geometry": { "type": "Point", "coordinates": [ 134.604156499999988, 7.3359027, 548.0 ] } },
{ "type": "Feature", "properties": { "RCID": 8841, "PRIM": 1, "GRUP": 2, "OBJL": 129, "RVER": 1, "AGEN": 550, "FIDN": -2004046809, "FIDS": 19802, "LNAM": "0226888CAC274D5A", "LNAM_REFS": null, "FFPT_RIND": null, "EXPSOU": null, "NOBJNM": null, "OBJNAM": null, "QUASOU": null, "SOUACC": null, "TECSOU": null, "VERDAT": null, "STATUS": null, "INFORM": null, "NINFOM": null, "NTXTDS": null, "SCAMAX": null, "SCAMIN": 29999, "TXTDSC": null, "RECDAT": null, "RECIND": null, "SORDAT": "20150206", "SORIND": "US,US,reprt,L-246-2015", "DEPTH": 15.1, "_enc_cell": "US4TB3P0", "depth_m": 15.1, "_sound_id": 1221, "CATZOC": 3, "QUAL_POSACC": null, "QUAL_SOUACC": null, "QUAL_SUREND": "2004", "QUAL_SURSTA": null, "QUAL_TECSOU": null, "QUAL_VERDAT": null, "QUAL_INFORM": "U.S. Navy LIDAR Survey, Archive No. 04HFM01, Scale 1:5,000-1:10,000", "QUAL_SORDAT": "20150206", "QUAL_SORIND": "US,US,reprt,L-246-2015", "QUAL_ENC_CELL": "US4TB3P0", "zoc_label": "B", "quality_model_weight": 0.72, "ALLEN_class_name": "Reef Slope", "semantic_zone": "reef_slope", "allen_mapped": true, "DEPARE_DRVAL1": 10.0, "DEPARE_DRVAL2": 20.0, "DEPARE__enc_cell": "US4TB3P0", "DEPARE_VERDAT": null, "inside_osm_reef_polygon": false, "working_hypothesis_60_70": false, "working_hypothesis_gt100": false }, "geometry": { "type": "Point", "coordinates": [ 134.604156499999988, 7.3462582, 15.1 ] } },
{ "type": "Feature", "properties": { "RCID": 8841, "PRIM": 1, "GRUP": 2, "OBJL": 129, "RVER": 1, "AGEN": 550, "FIDN": -2004046809, "FIDS": 19802, "LNAM": "0226888CAC274D5A", "LNAM_REFS": null, "FFPT_RIND": null, "EXPSOU": null, "NOBJNM": null, "OBJNAM": null, "QUASOU": null, "SOUACC": null, "TECSOU": null, "VERDAT": null, "STATUS": null, "INFORM": null, "NINFOM": null, "NTXTDS": null, "SCAMAX": null, "SCAMIN": 29999, "TXTDSC": null, "RECDAT": null, "RECIND": null, "SORDAT": "20150206", "SORIND": "US,US,reprt,L-246-2015", "DEPTH": 15.1, "_enc_cell": "US4TB3P0", "depth_m": 15.1, "_sound_id": 1222, "CATZOC": 5, "QUAL_POSACC": null, "QUAL_SOUACC": null, "QUAL_SUREND": "1938", "QUAL_SURSTA": "1915", "QUAL_TECSOU": null, "QUAL_VERDAT": null, "QUAL_INFORM": "Former Japan Chart 481 (Ed. 1940, Rev. 1944), from Japan surveys, Scale 1:25,000", "QUAL_SORDAT": "20150206", "QUAL_SORIND": "US,US,reprt,L-246-2015", "QUAL_ENC_CELL": "US4TB3P0", "zoc_label": "D", "quality_model_weight": 0.22, "ALLEN_class_name": null, "semantic_zone": "outside_allen_geomorphic_or_unclassified", "allen_mapped": false, "DEPARE_DRVAL1": 10.0, "DEPARE_DRVAL2": 20.0, "DEPARE__enc_cell": "US4TB3P0", "DEPARE_VERDAT": null, "inside_osm_reef_polygon": false, "working_hypothesis_60_70": false, "working_hypothesis_gt100": false }, "geometry": { "type": "Point", "coordinates": [ 134.6042023, 7.3511915, 15.1 ] } },
{ "type": "Feature", "properties": { "RCID": 8841, "PRIM": 1, "GRUP": 2, "OBJL": 129, "RVER": 1, "AGEN": 550, "FIDN": -2004046809, "FIDS": 19802, "LNAM": "0226888CAC274D5A", "LNAM_REFS": null, "FFPT_RIND": null, "EXPSOU": null, "NOBJNM": null, "OBJNAM": null, "QUASOU": null, "SOUACC": null, "TECSOU": null, "VERDAT": null, "STATUS": null, "INFORM": null, "NINFOM": null, "NTXTDS": null, "SCAMAX": null, "SCAMIN": 29999, "TXTDSC": null, "RECDAT": null, "RECIND": null, "SORDAT": "20150206", "SORIND": "US,US,reprt,L-246-2015", "DEPTH": 34.0, "_enc_cell": "US4TB3P0", "depth_m": 34.0, "_sound_id": 1223, "CATZOC": 5, "QUAL_POSACC": null, "QUAL_SOUACC": null, "QUAL_SUREND": "1938", "QUAL_SURSTA": "1915", "QUAL_TECSOU": null, "QUAL_VERDAT": null, "QUAL_INFORM": "Former Japan Chart 481 (Ed. 1940, Rev. 1944), from Japan surveys, Scale 1:25,000", "QUAL_SORDAT": "20150206", "QUAL_SORIND": "US,US,reprt,L-246-2015", "QUAL_ENC_CELL": "US4TB3P0", "zoc_label": "D", "quality_model_weight": 0.22, "ALLEN_class_name": null, "semantic_zone": "outside_allen_geomorphic_or_unclassified", "allen_mapped": false, "DEPARE_DRVAL1": 30.0, "DEPARE_DRVAL2": 50.0, "DEPARE__enc_cell": "US4TB3P0", "DEPARE_VERDAT": null, "inside_osm_reef_polygon": false, "working_hypothesis_60_70": false, "working_hypothesis_gt100": false }, "geometry": { "type": "Point", "coordinates": [ 134.6042328, 7.3438749, 34.0 ] } },
{ "type": "Feature", "properties": { "RCID": 8841, "PRIM": 1, "GRUP": 2, "OBJL": 129, "RVER": 1, "AGEN": 550, "FIDN": -2004046809, "FIDS": 19802, "LNAM": "0226888CAC274D5A", "LNAM_REFS": null, "FFPT_RIND": null, "EXPSOU": null, "NOBJNM": null, "OBJNAM": null, "QUASOU": null, "SOUACC": null, "TECSOU": null, "VERDAT": null, "STATUS": null, "INFORM": null, "NINFOM": null, "NTXTDS": null, "SCAMAX": null, "SCAMIN": 29999, "TXTDSC": null, "RECDAT": null, "RECIND": null, "SORDAT": "20150206", "SORIND": "US,US,reprt,L-246-2015", "DEPTH": 850.0, "_enc_cell": "US4TB3P0", "depth_m": 850.0, "_sound_id": 1224, "CATZOC": 5, "QUAL_POSACC": null, "QUAL_SOUACC": null, "QUAL_SUREND": "1938", "QUAL_SURSTA": "1915", "QUAL_TECSOU": null, "QUAL_VERDAT": null, "QUAL_INFORM": "Former Japan Chart 481 (Ed. 1940, Rev. 1944), from Japan surveys, Scale 1:25,000", "QUAL_SORDAT": "20150206", "QUAL_SORIND": "US,US,reprt,L-246-2015", "QUAL_ENC_CELL": "US4TB3P0", "zoc_label": "D", "quality_model_weight": 0.22, "ALLEN_class_name": null, "semantic_zone": "outside_allen_geomorphic_or_unclassified", "allen_mapped": false, "DEPARE_DRVAL1": 200.0, "DEPARE_DRVAL2": 1000.0, "DEPARE__enc_cell": "US4TB3P0", "DEPARE_VERDAT": null, "inside_osm_reef_polygon": false, "working_hypothesis_60_70": false, "working_hypothesis_gt100": true }, "geometry": { "type": "Point", "coordinates": [ 134.6044006, 7.3292251, 850.0 ] } },
{ "type": "Feature", "properties": { "RCID": 8841, "PRIM": 1, "GRUP": 2, "OBJL": 129, "RVER": 1, "AGEN": 550, "FIDN": -2004046809, "FIDS": 19802, "LNAM": "0226888CAC274D5A", "LNAM_REFS": null, "FFPT_RIND": null, "EXPSOU": null, "NOBJNM": null, "OBJNAM": null, "QUASOU": null, "SOUACC": null, "TECSOU": null, "VERDAT": null, "STATUS": null, "INFORM": null, "NINFOM": null, "NTXTDS": null, "SCAMAX": null, "SCAMIN": 29999, "TXTDSC": null, "RECDAT": null, "RECIND": null, "SORDAT": "20150206", "SORIND": "US,US,reprt,L-246-2015", "DEPTH": 33.0, "_enc_cell": "US4TB3P0", "depth_m": 33.0, "_sound_id": 1225, "CATZOC": 5, "QUAL_POSACC": null, "QUAL_SOUACC": null, "QUAL_SUREND": "1938", "QUAL_SURSTA": "1915", "QUAL_TECSOU": null, "QUAL_VERDAT": null, "QUAL_INFORM": "Former Japan Chart 481 (Ed. 1940, Rev. 1944), from Japan surveys, Scale 1:25,000", "QUAL_SORDAT": "20150206", "QUAL_SORIND": "US,US,reprt,L-246-2015", "QUAL_ENC_CELL": "US4TB3P0", "zoc_label": "D", "quality_model_weight": 0.22, "ALLEN_class_name": null, "semantic_zone": "outside_allen_geomorphic_or_unclassified", "allen_mapped": false, "DEPARE_DRVAL1": 30.0, "DEPARE_DRVAL2": 50.0, "DEPARE__enc_cell": "US4TB3P0", "DEPARE_VERDAT": null, "inside_osm_reef_polygon": false, "working_hypothesis_60_70": false, "working_hypothesis_gt100": false }, "geometry": { "type": "Point", "coordinates": [ 134.6044006, 7.3579168, 33.0 ] } },
{ "type": "Feature", "properties": { "RCID": 8841, "PRIM": 1, "GRUP": 2, "OBJL": 129, "RVER": 1, "AGEN": 550, "FIDN": -2004046809, "FIDS": 19802, "LNAM": "0226888CAC274D5A", "LNAM_REFS": null, "FFPT_RIND": null, "EXPSOU": null, "NOBJNM": null, "OBJNAM": null, "QUASOU": null, "SOUACC": null, "TECSOU": null, "VERDAT": null, "STATUS": null, "INFORM": null, "NINFOM": null, "NTXTDS": null, "SCAMAX": null, "SCAMIN": 29999, "TXTDSC": null, "RECDAT": null, "RECIND": null, "SORDAT": "20150206", "SORIND": "US,US,reprt,L-246-2015", "DEPTH": 26.2, "_enc_cell": "US4TB3P0", "depth_m": 26.2, "_sound_id": 1226, "CATZOC": 3, "QUAL_POSACC": null, "QUAL_SOUACC": null, "QUAL_SUREND": "2004", "QUAL_SURSTA": null, "QUAL_TECSOU": null, "QUAL_VERDAT": null, "QUAL_INFORM": "U.S. Navy LIDAR Survey, Archive No. 04HFM01, Scale 1:5,000-1:10,000", "QUAL_SORDAT": "20150206", "QUAL_SORIND": "US,US,reprt,L-246-2015", "QUAL_ENC_CELL": "US4TB3P0", "zoc_label": "B", "quality_model_weight": 0.72, "ALLEN_class_name": null, "semantic_zone": "outside_allen_geomorphic_or_unclassified", "allen_mapped": false, "DEPARE_DRVAL1": 20.0, "DEPARE_DRVAL2": 30.0, "DEPARE__enc_cell": "US4TB3P0", "DEPARE_VERDAT": null, "inside_osm_reef_polygon": false, "working_hypothesis_60_70": false, "working_hypothesis_gt100": false }, "geometry": { "type": "Point", "coordinates": [ 134.6044312, 7.3448582, 26.2 ] } },
{ "type": "Feature", "properties": { "RCID": 8841, "PRIM": 1, "GRUP": 2, "OBJL": 129, "RVER": 1, "AGEN": 550, "FIDN": -2004046809, "FIDS": 19802, "LNAM": "0226888CAC274D5A", "LNAM_REFS": null, "FFPT_RIND": null, "EXPSOU": null, "NOBJNM": null, "OBJNAM": null, "QUASOU": null, "SOUACC": null, "TECSOU": null, "VERDAT": null, "STATUS": null, "INFORM": null, "NINFOM": null, "NTXTDS": null, "SCAMAX": null, "SCAMIN": 29999, "TXTDSC": null, "RECDAT": null, "RECIND": null, "SORDAT": "20150206", "SORIND": "US,US,reprt,L-246-2015", "DEPTH": 26.0, "_enc_cell": "US4TB3P0", "depth_m": 26.0, "_sound_id": 1227, "CATZOC": 5, "QUAL_POSACC": null, "QUAL_SOUACC": null, "QUAL_SUREND": "1938", "QUAL_SURSTA": "1915", "QUAL_TECSOU": null, "QUAL_VERDAT": null, "QUAL_INFORM": "Former Japan Chart 481 (Ed. 1940, Rev. 1944), from Japan surveys, Scale 1:25,000", "QUAL_SORDAT": "20150206", "QUAL_SORIND": "US,US,reprt,L-246-2015", "QUAL_ENC_CELL": "US4TB3P0", "zoc_label": "D", "quality_model_weight": 0.22, "ALLEN_class_name": null, "semantic_zone": "outside_allen_geomorphic_or_unclassified", "allen_mapped": false, "DEPARE_DRVAL1": 20.0, "DEPARE_DRVAL2": 30.0, "DEPARE__enc_cell": "US4TB3P0", "DEPARE_VERDAT": null, "inside_osm_reef_polygon": false, "working_hypothesis_60_70": false, "working_hypothesis_gt100": false }, "geometry": { "type": "Point", "coordinates": [ 134.604507500000011, 7.3659196, 26.0 ] } },
{ "type": "Feature", "properties": { "RCID": 8841, "PRIM": 1, "GRUP": 2, "OBJL": 129, "RVER": 1, "AGEN": 550, "FIDN": -2004046809, "FIDS": 19802, "LNAM": "0226888CAC274D5A", "LNAM_REFS": null, "FFPT_RIND": null, "EXPSOU": null, "NOBJNM": null, "OBJNAM": null, "QUASOU": null, "SOUACC": null, "TECSOU": null, "VERDAT": null, "STATUS": null, "INFORM": null, "NINFOM": null, "NTXTDS": null, "SCAMAX": null, "SCAMIN": 29999, "TXTDSC": null, "RECDAT": null, "RECIND": null, "SORDAT": "20150206", "SORIND": "US,US,reprt,L-246-2015", "DEPTH": 49.0, "_enc_cell": "US4TB3P0", "depth_m": 49.0, "_sound_id": 1228, "CATZOC": 5, "QUAL_POSACC": null, "QUAL_SOUACC": null, "QUAL_SUREND": "1938", "QUAL_SURSTA": "1915", "QUAL_TECSOU": null, "QUAL_VERDAT": null, "QUAL_INFORM": "Former Japan Chart 481 (Ed. 1940, Rev. 1944), from Japan surveys, Scale 1:25,000", "QUAL_SORDAT": "20150206", "QUAL_SORIND": "US,US,reprt,L-246-2015", "QUAL_ENC_CELL": "US4TB3P0", "zoc_label": "D", "quality_model_weight": 0.22, "ALLEN_class_name": null, "semantic_zone": "outside_allen_geomorphic_or_unclassified", "allen_mapped": false, "DEPARE_DRVAL1": 30.0, "DEPARE_DRVAL2": 50.0, "DEPARE__enc_cell": "US4TB3P0", "DEPARE_VERDAT": null, "inside_osm_reef_polygon": false, "working_hypothesis_60_70": false, "working_hypothesis_gt100": false }, "geometry": { "type": "Point", "coordinates": [ 134.6045685, 7.3616362, 49.0 ] } },
{ "type": "Feature", "properties": { "RCID": 8841, "PRIM": 1, "GRUP": 2, "OBJL": 129, "RVER": 1, "AGEN": 550, "FIDN": -2004046809, "FIDS": 19802, "LNAM": "0226888CAC274D5A", "LNAM_REFS": null, "FFPT_RIND": null, "EXPSOU": null, "NOBJNM": null, "OBJNAM": null, "QUASOU": null, "SOUACC": null, "TECSOU": null, "VERDAT": null, "STATUS": null, "INFORM": null, "NINFOM": null, "NTXTDS": null, "SCAMAX": null, "SCAMIN": 29999, "TXTDSC": null, "RECDAT": null, "RECIND": null, "SORDAT": "20150206", "SORIND": "US,US,reprt,L-246-2015", "DEPTH": 38.0, "_enc_cell": "US4TB3P0", "depth_m": 38.0, "_sound_id": 1229, "CATZOC": 5, "QUAL_POSACC": null, "QUAL_SOUACC": null, "QUAL_SUREND": "1938", "QUAL_SURSTA": "1915", "QUAL_TECSOU": null, "QUAL_VERDAT": null, "QUAL_INFORM": "Former Japan Chart 481 (Ed. 1940, Rev. 1944), from Japan surveys, Scale 1:25,000", "QUAL_SORDAT": "20150206", "QUAL_SORIND": "US,US,reprt,L-246-2015", "QUAL_ENC_CELL": "US4TB3P0", "zoc_label": "D", "quality_model_weight": 0.22, "ALLEN_class_name": null, "semantic_zone": "outside_allen_geomorphic_or_unclassified", "allen_mapped": false, "DEPARE_DRVAL1": 30.0, "DEPARE_DRVAL2": 50.0, "DEPARE__enc_cell": "US4TB3P0", "DEPARE_VERDAT": null, "inside_osm_reef_polygon": false, "working_hypothesis_60_70": false, "working_hypothesis_gt100": false }, "geometry": { "type": "Point", "coordinates": [ 134.6045837, 7.3746419, 38.0 ] } },
{ "type": "Feature", "properties": { "RCID": 8841, "PRIM": 1, "GRUP": 2, "OBJL": 129, "RVER": 1, "AGEN": 550, "FIDN": -2004046809, "FIDS": 19802, "LNAM": "0226888CAC274D5A", "LNAM_REFS": null, "FFPT_RIND": null, "EXPSOU": null, "NOBJNM": null, "OBJNAM": null, "QUASOU": null, "SOUACC": null, "TECSOU": null, "VERDAT": null, "STATUS": null, "INFORM": null, "NINFOM": null, "NTXTDS": null, "SCAMAX": null, "SCAMIN": 29999, "TXTDSC": null, "RECDAT": null, "RECIND": null, "SORDAT": "20150206", "SORIND": "US,US,reprt,L-246-2015", "DEPTH": 114.0, "_enc_cell": "US4TB3P0", "depth_m": 114.0, "_sound_id": 1230, "CATZOC": 5, "QUAL_POSACC": null, "QUAL_SOUACC": null, "QUAL_SUREND": "1938", "QUAL_SURSTA": "1915", "QUAL_TECSOU": null, "QUAL_VERDAT": null, "QUAL_INFORM": "Former Japan Chart 481 (Ed. 1940, Rev. 1944), from Japan surveys, Scale 1:25,000", "QUAL_SORDAT": "20150206", "QUAL_SORIND": "US,US,reprt,L-246-2015", "QUAL_ENC_CELL": "US4TB3P0", "zoc_label": "D", "quality_model_weight": 0.22, "ALLEN_class_name": null, "semantic_zone": "outside_allen_geomorphic_or_unclassified", "allen_mapped": false, "DEPARE_DRVAL1": 100.0, "DEPARE_DRVAL2": 200.0, "DEPARE__enc_cell": "US4TB3P0", "DEPARE_VERDAT": null, "inside_osm_reef_polygon": false, "working_hypothesis_60_70": false, "working_hypothesis_gt100": true }, "geometry": { "type": "Point", "coordinates": [ 134.604751599999986, 7.3413887, 114.0 ] } },
{ "type": "Feature", "properties": { "RCID": 8841, "PRIM": 1, "GRUP": 2, "OBJL": 129, "RVER": 1, "AGEN": 550, "FIDN": -2004046809, "FIDS": 19802, "LNAM": "0226888CAC274D5A", "LNAM_REFS": null, "FFPT_RIND": null, "EXPSOU": null, "NOBJNM": null, "OBJNAM": null, "QUASOU": null, "SOUACC": null, "TECSOU": null, "VERDAT": null, "STATUS": null, "INFORM": null, "NINFOM": null, "NTXTDS": null, "SCAMAX": null, "SCAMIN": 29999, "TXTDSC": null, "RECDAT": null, "RECIND": null, "SORDAT": "20150206", "SORIND": "US,US,reprt,L-246-2015", "DEPTH": 27.2, "_enc_cell": "US4TB3P0", "depth_m": 27.2, "_sound_id": 1231, "CATZOC": 5, "QUAL_POSACC": null, "QUAL_SOUACC": null, "QUAL_SUREND": "1938", "QUAL_SURSTA": "1915", "QUAL_TECSOU": null, "QUAL_VERDAT": null, "QUAL_INFORM": "Former Japan Chart 481 (Ed. 1940, Rev. 1944), from Japan surveys, Scale 1:25,000", "QUAL_SORDAT": "20150206", "QUAL_SORIND": "US,US,reprt,L-246-2015", "QUAL_ENC_CELL": "US4TB3P0", "zoc_label": "D", "quality_model_weight": 0.22, "ALLEN_class_name": null, "semantic_zone": "outside_allen_geomorphic_or_unclassified", "allen_mapped": false, "DEPARE_DRVAL1": 20.0, "DEPARE_DRVAL2": 30.0, "DEPARE__enc_cell": "US4TB3P0", "DEPARE_VERDAT": null, "inside_osm_reef_polygon": false, "working_hypothesis_60_70": false, "working_hypothesis_gt100": false }, "geometry": { "type": "Point", "coordinates": [ 134.6048279, 7.3522387, 27.2 ] } },
{ "type": "Feature", "properties": { "RCID": 8841, "PRIM": 1, "GRUP": 2, "OBJL": 129, "RVER": 1, "AGEN": 550, "FIDN": -2004046809, "FIDS": 19802, "LNAM": "0226888CAC274D5A", "LNAM_REFS": null, "FFPT_RIND": null, "EXPSOU": null, "NOBJNM": null, "OBJNAM": null, "QUASOU": null, "SOUACC": null, "TECSOU": null, "VERDAT": null, "STATUS": null, "INFORM": null, "NINFOM": null, "NTXTDS": null, "SCAMAX": null, "SCAMIN": 29999, "TXTDSC": null, "RECDAT": null, "RECIND": null, "SORDAT": "20150206", "SORIND": "US,US,reprt,L-246-2015", "DEPTH": 29.0, "_enc_cell": "US4TB3P0", "depth_m": 29.0, "_sound_id": 1232, "CATZOC": 5, "QUAL_POSACC": null, "QUAL_SOUACC": null, "QUAL_SUREND": "1938", "QUAL_SURSTA": "1915", "QUAL_TECSOU": null, "QUAL_VERDAT": null, "QUAL_INFORM": "Former Japan Chart 481 (Ed. 1940, Rev. 1944), from Japan surveys, Scale 1:25,000", "QUAL_SORDAT": "20150206", "QUAL_SORIND": "US,US,reprt,L-246-2015", "QUAL_ENC_CELL": "US4TB3P0", "zoc_label": "D", "quality_model_weight": 0.22, "ALLEN_class_name": null, "semantic_zone": "outside_allen_geomorphic_or_unclassified", "allen_mapped": false, "DEPARE_DRVAL1": 20.0, "DEPARE_DRVAL2": 30.0, "DEPARE__enc_cell": "US4TB3P0", "DEPARE_VERDAT": null, "inside_osm_reef_polygon": false, "working_hypothesis_60_70": false, "working_hypothesis_gt100": false }, "geometry": { "type": "Point", "coordinates": [ 134.6049042, 7.3685584, 29.0 ] } },
{ "type": "Feature", "properties": { "RCID": 8841, "PRIM": 1, "GRUP": 2, "OBJL": 129, "RVER": 1, "AGEN": 550, "FIDN": -2004046809, "FIDS": 19802, "LNAM": "0226888CAC274D5A", "LNAM_REFS": null, "FFPT_RIND": null, "EXPSOU": null, "NOBJNM": null, "OBJNAM": null, "QUASOU": null, "SOUACC": null, "TECSOU": null, "VERDAT": null, "STATUS": null, "INFORM": null, "NINFOM": null, "NTXTDS": null, "SCAMAX": null, "SCAMIN": 29999, "TXTDSC": null, "RECDAT": null, "RECIND": null, "SORDAT": "20150206", "SORIND": "US,US,reprt,L-246-2015", "DEPTH": 15.5, "_enc_cell": "US4TB3P0", "depth_m": 15.5, "_sound_id": 1233, "CATZOC": 5, "QUAL_POSACC": null, "QUAL_SOUACC": null, "QUAL_SUREND": "1938", "QUAL_SURSTA": "1915", "QUAL_TECSOU": null, "QUAL_VERDAT": null, "QUAL_INFORM": "Former Japan Chart 481 (Ed. 1940, Rev. 1944), from Japan surveys, Scale 1:25,000", "QUAL_SORDAT": "20150206", "QUAL_SORIND": "US,US,reprt,L-246-2015", "QUAL_ENC_CELL": "US4TB3P0", "zoc_label": "D", "quality_model_weight": 0.22, "ALLEN_class_name": null, "semantic_zone": "outside_allen_geomorphic_or_unclassified", "allen_mapped": false, "DEPARE_DRVAL1": 10.0, "DEPARE_DRVAL2": 20.0, "DEPARE__enc_cell": "US4TB3P0", "DEPARE_VERDAT": null, "inside_osm_reef_polygon": false, "working_hypothesis_60_70": false, "working_hypothesis_gt100": false }, "geometry": { "type": "Point", "coordinates": [ 134.6049347, 7.3530779, 15.5 ] } },
{ "type": "Feature", "properties": { "RCID": 8841, "PRIM": 1, "GRUP": 2, "OBJL": 129, "RVER": 1, "AGEN": 550, "FIDN": -2004046809, "FIDS": 19802, "LNAM": "0226888CAC274D5A", "LNAM_REFS": null, "FFPT_RIND": null, "EXPSOU": null, "NOBJNM": null, "OBJNAM": null, "QUASOU": null, "SOUACC": null, "TECSOU": null, "VERDAT": null, "STATUS": null, "INFORM": null, "NINFOM": null, "NTXTDS": null, "SCAMAX": null, "SCAMIN": 29999, "TXTDSC": null, "RECDAT": null, "RECIND": null, "SORDAT": "20150206", "SORIND": "US,US,reprt,L-246-2015", "DEPTH": 30.0, "_enc_cell": "US4TB3P0", "depth_m": 30.0, "_sound_id": 1234, "CATZOC": 5, "QUAL_POSACC": null, "QUAL_SOUACC": null, "QUAL_SUREND": "1938", "QUAL_SURSTA": "1915", "QUAL_TECSOU": null, "QUAL_VERDAT": null, "QUAL_INFORM": "Former Japan Chart 481 (Ed. 1940, Rev. 1944), from Japan surveys, Scale 1:25,000", "QUAL_SORDAT": "20150206", "QUAL_SORIND": "US,US,reprt,L-246-2015", "QUAL_ENC_CELL": "US4TB3P0", "zoc_label": "D", "quality_model_weight": 0.22, "ALLEN_class_name": null, "semantic_zone": "outside_allen_geomorphic_or_unclassified", "allen_mapped": false, "DEPARE_DRVAL1": 20.0, "DEPARE_DRVAL2": 30.0, "DEPARE__enc_cell": "US4TB3P0", "DEPARE_VERDAT": null, "inside_osm_reef_polygon": false, "working_hypothesis_60_70": false, "working_hypothesis_gt100": false }, "geometry": { "type": "Point", "coordinates": [ 134.604980500000011, 7.3542137, 30.0 ] } },
{ "type": "Feature", "properties": { "RCID": 8841, "PRIM": 1, "GRUP": 2, "OBJL": 129, "RVER": 1, "AGEN": 550, "FIDN": -2004046809, "FIDS": 19802, "LNAM": "0226888CAC274D5A", "LNAM_REFS": null, "FFPT_RIND": null, "EXPSOU": null, "NOBJNM": null, "OBJNAM": null, "QUASOU": null, "SOUACC": null, "TECSOU": null, "VERDAT": null, "STATUS": null, "INFORM": null, "NINFOM": null, "NTXTDS": null, "SCAMAX": null, "SCAMIN": 29999, "TXTDSC": null, "RECDAT": null, "RECIND": null, "SORDAT": "20150206", "SORIND": "US,US,reprt,L-246-2015", "DEPTH": 7.2, "_enc_cell": "US4TB3P0", "depth_m": 7.2, "_sound_id": 1235, "CATZOC": 3, "QUAL_POSACC": null, "QUAL_SOUACC": null, "QUAL_SUREND": "2004", "QUAL_SURSTA": null, "QUAL_TECSOU": null, "QUAL_VERDAT": null, "QUAL_INFORM": "U.S. Navy LIDAR Survey, Archive No. 04HFM01, Scale 1:5,000-1:10,000", "QUAL_SORDAT": "20150206", "QUAL_SORIND": "US,US,reprt,L-246-2015", "QUAL_ENC_CELL": "US4TB3P0", "zoc_label": "B", "quality_model_weight": 0.72, "ALLEN_class_name": "Reef Slope", "semantic_zone": "reef_slope", "allen_mapped": true, "DEPARE_DRVAL1": 5.0, "DEPARE_DRVAL2": 10.0, "DEPARE__enc_cell": "US4TB3P0", "DEPARE_VERDAT": null, "inside_osm_reef_polygon": false, "working_hypothesis_60_70": false, "working_hypothesis_gt100": false }, "geometry": { "type": "Point", "coordinates": [ 134.604995699999989, 7.3494029, 7.2 ] } },
{ "type": "Feature", "properties": { "RCID": 8842, "PRIM": 1, "GRUP": 2, "OBJL": 129, "RVER": 1, "AGEN": 550, "FIDN": 199852186, "FIDS": 19802, "LNAM": "02260BE9809A4D5A", "LNAM_REFS": null, "FFPT_RIND": null, "EXPSOU": 3.0, "NOBJNM": null, "OBJNAM": null, "QUASOU": null, "SOUACC": null, "TECSOU": null, "VERDAT": null, "STATUS": null, "INFORM": null, "NINFOM": null, "NTXTDS": null, "SCAMAX": null, "SCAMIN": 29999, "TXTDSC": null, "RECDAT": null, "RECIND": null, "SORDAT": "20150206", "SORIND": "US,US,reprt,L-246-2015", "DEPTH": 54.0, "_enc_cell": "US4TB3P0", "depth_m": 54.0, "_sound_id": 1283, "CATZOC": 5, "QUAL_POSACC": null, "QUAL_SOUACC": null, "QUAL_SUREND": "1938", "QUAL_SURSTA": "1915", "QUAL_TECSOU": null, "QUAL_VERDAT": null, "QUAL_INFORM": "Former Japan Chart 481 (Ed. 1940, Rev. 1944), from Japan surveys, Scale 1:25,000", "QUAL_SORDAT": "20150206", "QUAL_SORIND": "US,US,reprt,L-246-2015", "QUAL_ENC_CELL": "US4TB3P0", "zoc_label": "D", "quality_model_weight": 0.22, "ALLEN_class_name": null, "semantic_zone": "outside_allen_geomorphic_or_unclassified", "allen_mapped": false, "DEPARE_DRVAL1": 30.0, "DEPARE_DRVAL2": 50.0, "DEPARE__enc_cell": "US4TB3P0", "DEPARE_VERDAT": null, "inside_osm_reef_polygon": false, "working_hypothesis_60_70": false, "working_hypothesis_gt100": false }, "geometry": { "type": "Point", "coordinates": [ 134.5583038, 7.3224554, 54.0 ] } },
{ "type": "Feature", "properties": { "RCID": 8842, "PRIM": 1, "GRUP": 2, "OBJL": 129, "RVER": 1, "AGEN": 550, "FIDN": 199852186, "FIDS": 19802, "LNAM": "02260BE9809A4D5A", "LNAM_REFS": null, "FFPT_RIND": null, "EXPSOU": 3.0, "NOBJNM": null, "OBJNAM": null, "QUASOU": null, "SOUACC": null, "TECSOU": null, "VERDAT": null, "STATUS": null, "INFORM": null, "NINFOM": null, "NTXTDS": null, "SCAMAX": null, "SCAMIN": 29999, "TXTDSC": null, "RECDAT": null, "RECIND": null, "SORDAT": "20150206", "SORIND": "US,US,reprt,L-246-2015", "DEPTH": 58.0, "_enc_cell": "US4TB3P0", "depth_m": 58.0, "_sound_id": 1284, "CATZOC": 3, "QUAL_POSACC": null, "QUAL_SOUACC": null, "QUAL_SUREND": "2004", "QUAL_SURSTA": null, "QUAL_TECSOU": null, "QUAL_VERDAT": null, "QUAL_INFORM": "U.S. Navy LIDAR Survey, Archive No. 04HFM01, Scale 1:5,000-1:10,000", "QUAL_SORDAT": "20150206", "QUAL_SORIND": "US,US,reprt,L-246-2015", "QUAL_ENC_CELL": "US4TB3P0", "zoc_label": "B", "quality_model_weight": 0.72, "ALLEN_class_name": null, "semantic_zone": "outside_allen_geomorphic_or_unclassified", "allen_mapped": false, "DEPARE_DRVAL1": 30.0, "DEPARE_DRVAL2": 50.0, "DEPARE__enc_cell": "US4TB3P0", "DEPARE_VERDAT": null, "inside_osm_reef_polygon": false, "working_hypothesis_60_70": false, "working_hypothesis_gt100": false }, "geometry": { "type": "Point", "coordinates": [ 134.576019300000013, 7.341836, 58.0 ] } },
{ "type": "Feature", "properties": { "RCID": 8843, "PRIM": 1, "GRUP": 2, "OBJL": 129, "RVER": 1, "AGEN": 550, "FIDN": -1126871900, "FIDS": 19802, "LNAM": "0226BCD54CA44D5A", "LNAM_REFS": null, "FFPT_RIND": null, "EXPSOU": null, "NOBJNM": null, "OBJNAM": null, "QUASOU": [ "4" ], "SOUACC": null, "TECSOU": null, "VERDAT": null, "STATUS": null, "INFORM": null, "NINFOM": null, "NTXTDS": null, "SCAMAX": null, "SCAMIN": 29999, "TXTDSC": null, "RECDAT": null, "RECIND": null, "SORDAT": "20150206", "SORIND": "US,US,reprt,L-246-2015", "DEPTH": 77.0, "_enc_cell": "US4TB3P0", "depth_m": 77.0, "_sound_id": 1287, "CATZOC": 5, "QUAL_POSACC": null, "QUAL_SOUACC": null, "QUAL_SUREND": "1938", "QUAL_SURSTA": "1915", "QUAL_TECSOU": null, "QUAL_VERDAT": null, "QUAL_INFORM": "Former Japan Chart 481 (Ed. 1940, Rev. 1944), from Japan surveys, Scale 1:25,000", "QUAL_SORDAT": "20150206", "QUAL_SORIND": "US,US,reprt,L-246-2015", "QUAL_ENC_CELL": "US4TB3P0", "zoc_label": "D", "quality_model_weight": 0.22, "ALLEN_class_name": null, "semantic_zone": "outside_allen_geomorphic_or_unclassified", "allen_mapped": false, "DEPARE_DRVAL1": 50.0, "DEPARE_DRVAL2": 100.0, "DEPARE__enc_cell": "US4TB3P0", "DEPARE_VERDAT": null, "inside_osm_reef_polygon": false, "working_hypothesis_60_70": false, "working_hypothesis_gt100": false }, "geometry": { "type": "Point", "coordinates": [ 134.54599, 7.3171887, 77.0 ] } },
{ "type": "Feature", "properties": { "RCID": 8843, "PRIM": 1, "GRUP": 2, "OBJL": 129, "RVER": 1, "AGEN": 550, "FIDN": -1126871900, "FIDS": 19802, "LNAM": "0226BCD54CA44D5A", "LNAM_REFS": null, "FFPT_RIND": null, "EXPSOU": null, "NOBJNM": null, "OBJNAM": null, "QUASOU": [ "4" ], "SOUACC": null, "TECSOU": null, "VERDAT": null, "STATUS": null, "INFORM": null, "NINFOM": null, "NTXTDS": null, "SCAMAX": null, "SCAMIN": 29999, "TXTDSC": null, "RECDAT": null, "RECIND": null, "SORDAT": "20150206", "SORIND": "US,US,reprt,L-246-2015", "DEPTH": 58.0, "_enc_cell": "US4TB3P0", "depth_m": 58.0, "_sound_id": 1293, "CATZOC": 5, "QUAL_POSACC": null, "QUAL_SOUACC": null, "QUAL_SUREND": "1938", "QUAL_SURSTA": "1915", "QUAL_TECSOU": null, "QUAL_VERDAT": null, "QUAL_INFORM": "Former Japan Chart 481 (Ed. 1940, Rev. 1944), from Japan surveys, Scale 1:25,000", "QUAL_SORDAT": "20150206", "QUAL_SORIND": "US,US,reprt,L-246-2015", "QUAL_ENC_CELL": "US4TB3P0", "zoc_label": "D", "quality_model_weight": 0.22, "ALLEN_class_name": null, "semantic_zone": "outside_allen_geomorphic_or_unclassified", "allen_mapped": false, "DEPARE_DRVAL1": 50.0, "DEPARE_DRVAL2": 100.0, "DEPARE__enc_cell": "US4TB3P0", "DEPARE_VERDAT": null, "inside_osm_reef_polygon": false, "working_hypothesis_60_70": false, "working_hypothesis_gt100": false }, "geometry": { "type": "Point", "coordinates": [ 134.547180200000014, 7.3183332, 58.0 ] } },
{ "type": "Feature", "properties": { "RCID": 8843, "PRIM": 1, "GRUP": 2, "OBJL": 129, "RVER": 1, "AGEN": 550, "FIDN": -1126871900, "FIDS": 19802, "LNAM": "0226BCD54CA44D5A", "LNAM_REFS": null, "FFPT_RIND": null, "EXPSOU": null, "NOBJNM": null, "OBJNAM": null, "QUASOU": [ "4" ], "SOUACC": null, "TECSOU": null, "VERDAT": null, "STATUS": null, "INFORM": null, "NINFOM": null, "NTXTDS": null, "SCAMAX": null, "SCAMIN": 29999, "TXTDSC": null, "RECDAT": null, "RECIND": null, "SORDAT": "20150206", "SORIND": "US,US,reprt,L-246-2015", "DEPTH": 25.0, "_enc_cell": "US4TB3P0", "depth_m": 25.0, "_sound_id": 1294, "CATZOC": 5, "QUAL_POSACC": null, "QUAL_SOUACC": null, "QUAL_SUREND": "1938", "QUAL_SURSTA": "1915", "QUAL_TECSOU": null, "QUAL_VERDAT": null, "QUAL_INFORM": "Former Japan Chart 481 (Ed. 1940, Rev. 1944), from Japan surveys, Scale 1:25,000", "QUAL_SORDAT": "20150206", "QUAL_SORIND": "US,US,reprt,L-246-2015", "QUAL_ENC_CELL": "US4TB3P0", "zoc_label": "D", "quality_model_weight": 0.22, "ALLEN_class_name": null, "semantic_zone": "outside_allen_geomorphic_or_unclassified", "allen_mapped": false, "DEPARE_DRVAL1": 20.0, "DEPARE_DRVAL2": 30.0, "DEPARE__enc_cell": "US4TB3P0", "DEPARE_VERDAT": null, "inside_osm_reef_polygon": false, "working_hypothesis_60_70": false, "working_hypothesis_gt100": false }, "geometry": { "type": "Point", "coordinates": [ 134.5473938, 7.3202086, 25.0 ] } },
{ "type": "Feature", "properties": { "RCID": 8843, "PRIM": 1, "GRUP": 2, "OBJL": 129, "RVER": 1, "AGEN": 550, "FIDN": -1126871900, "FIDS": 19802, "LNAM": "0226BCD54CA44D5A", "LNAM_REFS": null, "FFPT_RIND": null, "EXPSOU": null, "NOBJNM": null, "OBJNAM": null, "QUASOU": [ "4" ], "SOUACC": null, "TECSOU": null, "VERDAT": null, "STATUS": null, "INFORM": null, "NINFOM": null, "NTXTDS": null, "SCAMAX": null, "SCAMIN": 29999, "TXTDSC": null, "RECDAT": null, "RECIND": null, "SORDAT": "20150206", "SORIND": "US,US,reprt,L-246-2015", "DEPTH": 49.0, "_enc_cell": "US4TB3P0", "depth_m": 49.0, "_sound_id": 1305, "CATZOC": 5, "QUAL_POSACC": null, "QUAL_SOUACC": null, "QUAL_SUREND": "1938", "QUAL_SURSTA": "1915", "QUAL_TECSOU": null, "QUAL_VERDAT": null, "QUAL_INFORM": "Former Japan Chart 481 (Ed. 1940, Rev. 1944), from Japan surveys, Scale 1:25,000", "QUAL_SORDAT": "20150206", "QUAL_SORIND": "US,US,reprt,L-246-2015", "QUAL_ENC_CELL": "US4TB3P0", "zoc_label": "D", "quality_model_weight": 0.22, "ALLEN_class_name": null, "semantic_zone": "outside_allen_geomorphic_or_unclassified", "allen_mapped": false, "DEPARE_DRVAL1": 30.0, "DEPARE_DRVAL2": 50.0, "DEPARE__enc_cell": "US4TB3P0", "DEPARE_VERDAT": null, "inside_osm_reef_polygon": false, "working_hypothesis_60_70": false, "working_hypothesis_gt100": false }, "geometry": { "type": "Point", "coordinates": [ 134.549575800000014, 7.316339, 49.0 ] } },
{ "type": "Feature", "properties": { "RCID": 8843, "PRIM": 1, "GRUP": 2, "OBJL": 129, "RVER": 1, "AGEN": 550, "FIDN": -1126871900, "FIDS": 19802, "LNAM": "0226BCD54CA44D5A", "LNAM_REFS": null, "FFPT_RIND": null, "EXPSOU": null, "NOBJNM": null, "OBJNAM": null, "QUASOU": [ "4" ], "SOUACC": null, "TECSOU": null, "VERDAT": null, "STATUS": null, "INFORM": null, "NINFOM": null, "NTXTDS": null, "SCAMAX": null, "SCAMIN": 29999, "TXTDSC": null, "RECDAT": null, "RECIND": null, "SORDAT": "20150206", "SORIND": "US,US,reprt,L-246-2015", "DEPTH": 49.0, "_enc_cell": "US4TB3P0", "depth_m": 49.0, "_sound_id": 1308, "CATZOC": 5, "QUAL_POSACC": null, "QUAL_SOUACC": null, "QUAL_SUREND": "1938", "QUAL_SURSTA": "1915", "QUAL_TECSOU": null, "QUAL_VERDAT": null, "QUAL_INFORM": "Former Japan Chart 481 (Ed. 1940, Rev. 1944), from Japan surveys, Scale 1:25,000", "QUAL_SORDAT": "20150206", "QUAL_SORIND": "US,US,reprt,L-246-2015", "QUAL_ENC_CELL": "US4TB3P0", "zoc_label": "D", "quality_model_weight": 0.22, "ALLEN_class_name": null, "semantic_zone": "outside_allen_geomorphic_or_unclassified", "allen_mapped": false, "DEPARE_DRVAL1": 30.0, "DEPARE_DRVAL2": 50.0, "DEPARE__enc_cell": "US4TB3P0", "DEPARE_VERDAT": null, "inside_osm_reef_polygon": false, "working_hypothesis_60_70": false, "working_hypothesis_gt100": false }, "geometry": { "type": "Point", "coordinates": [ 134.5497589, 7.3214359, 49.0 ] } },
{ "type": "Feature", "properties": { "RCID": 8843, "PRIM": 1, "GRUP": 2, "OBJL": 129, "RVER": 1, "AGEN": 550, "FIDN": -1126871900, "FIDS": 19802, "LNAM": "0226BCD54CA44D5A", "LNAM_REFS": null, "FFPT_RIND": null, "EXPSOU": null, "NOBJNM": null, "OBJNAM": null, "QUASOU": [ "4" ], "SOUACC": null, "TECSOU": null, "VERDAT": null, "STATUS": null, "INFORM": null, "NINFOM": null, "NTXTDS": null, "SCAMAX": null, "SCAMIN": 29999, "TXTDSC": null, "RECDAT": null, "RECIND": null, "SORDAT": "20150206", "SORIND": "US,US,reprt,L-246-2015", "DEPTH": 38.0, "_enc_cell": "US4TB3P0", "depth_m": 38.0, "_sound_id": 1312, "CATZOC": 5, "QUAL_POSACC": null, "QUAL_SOUACC": null, "QUAL_SUREND": "1938", "QUAL_SURSTA": "1915", "QUAL_TECSOU": null, "QUAL_VERDAT": null, "QUAL_INFORM": "Former Japan Chart 481 (Ed. 1940, Rev. 1944), from Japan surveys, Scale 1:25,000", "QUAL_SORDAT": "20150206", "QUAL_SORIND": "US,US,reprt,L-246-2015", "QUAL_ENC_CELL": "US4TB3P0", "zoc_label": "D", "quality_model_weight": 0.22, "ALLEN_class_name": null, "semantic_zone": "outside_allen_geomorphic_or_unclassified", "allen_mapped": false, "DEPARE_DRVAL1": 30.0, "DEPARE_DRVAL2": 50.0, "DEPARE__enc_cell": "US4TB3P0", "DEPARE_VERDAT": null, "inside_osm_reef_polygon": false, "working_hypothesis_60_70": false, "working_hypothesis_gt100": false }, "geometry": { "type": "Point", "coordinates": [ 134.5513458, 7.318922, 38.0 ] } },
{ "type": "Feature", "properties": { "RCID": 8843, "PRIM": 1, "GRUP": 2, "OBJL": 129, "RVER": 1, "AGEN": 550, "FIDN": -1126871900, "FIDS": 19802, "LNAM": "0226BCD54CA44D5A", "LNAM_REFS": null, "FFPT_RIND": null, "EXPSOU": null, "NOBJNM": null, "OBJNAM": null, "QUASOU": [ "4" ], "SOUACC": null, "TECSOU": null, "VERDAT": null, "STATUS": null, "INFORM": null, "NINFOM": null, "NTXTDS": null, "SCAMAX": null, "SCAMIN": 29999, "TXTDSC": null, "RECDAT": null, "RECIND": null, "SORDAT": "20150206", "SORIND": "US,US,reprt,L-246-2015", "DEPTH": 38.0, "_enc_cell": "US4TB3P0", "depth_m": 38.0, "_sound_id": 1320, "CATZOC": 5, "QUAL_POSACC": null, "QUAL_SOUACC": null, "QUAL_SUREND": "1938", "QUAL_SURSTA": "1915", "QUAL_TECSOU": null, "QUAL_VERDAT": null, "QUAL_INFORM": "Former Japan Chart 481 (Ed. 1940, Rev. 1944), from Japan surveys, Scale 1:25,000", "QUAL_SORDAT": "20150206", "QUAL_SORIND": "US,US,reprt,L-246-2015", "QUAL_ENC_CELL": "US4TB3P0", "zoc_label": "D", "quality_model_weight": 0.22, "ALLEN_class_name": null, "semantic_zone": "outside_allen_geomorphic_or_unclassified", "allen_mapped": false, "DEPARE_DRVAL1": 30.0, "DEPARE_DRVAL2": 50.0, "DEPARE__enc_cell": "US4TB3P0", "DEPARE_VERDAT": null, "inside_osm_reef_polygon": false, "working_hypothesis_60_70": false, "working_hypothesis_gt100": false }, "geometry": { "type": "Point", "coordinates": [ 134.5537262, 7.3156915, 38.0 ] } },
{ "type": "Feature", "properties": { "RCID": 8843, "PRIM": 1, "GRUP": 2, "OBJL": 129, "RVER": 1, "AGEN": 550, "FIDN": -1126871900, "FIDS": 19802, "LNAM": "0226BCD54CA44D5A", "LNAM_REFS": null, "FFPT_RIND": null, "EXPSOU": null, "NOBJNM": null, "OBJNAM": null, "QUASOU": [ "4" ], "SOUACC": null, "TECSOU": null, "VERDAT": null, "STATUS": null, "INFORM": null, "NINFOM": null, "NTXTDS": null, "SCAMAX": null, "SCAMIN": 29999, "TXTDSC": null, "RECDAT": null, "RECIND": null, "SORDAT": "20150206", "SORIND": "US,US,reprt,L-246-2015", "DEPTH": 38.0, "_enc_cell": "US4TB3P0", "depth_m": 38.0, "_sound_id": 1332, "CATZOC": 5, "QUAL_POSACC": null, "QUAL_SOUACC": null, "QUAL_SUREND": "1938", "QUAL_SURSTA": "1915", "QUAL_TECSOU": null, "QUAL_VERDAT": null, "QUAL_INFORM": "Former Japan Chart 481 (Ed. 1940, Rev. 1944), from Japan surveys, Scale 1:25,000", "QUAL_SORDAT": "20150206", "QUAL_SORIND": "US,US,reprt,L-246-2015", "QUAL_ENC_CELL": "US4TB3P0", "zoc_label": "D", "quality_model_weight": 0.22, "ALLEN_class_name": null, "semantic_zone": "outside_allen_geomorphic_or_unclassified", "allen_mapped": false, "DEPARE_DRVAL1": 30.0, "DEPARE_DRVAL2": 50.0, "DEPARE__enc_cell": "US4TB3P0", "DEPARE_VERDAT": null, "inside_osm_reef_polygon": false, "working_hypothesis_60_70": false, "working_hypothesis_gt100": false }, "geometry": { "type": "Point", "coordinates": [ 134.5571137, 7.3194084, 38.0 ] } },
{ "type": "Feature", "properties": { "RCID": 8843, "PRIM": 1, "GRUP": 2, "OBJL": 129, "RVER": 1, "AGEN": 550, "FIDN": -1126871900, "FIDS": 19802, "LNAM": "0226BCD54CA44D5A", "LNAM_REFS": null, "FFPT_RIND": null, "EXPSOU": null, "NOBJNM": null, "OBJNAM": null, "QUASOU": [ "4" ], "SOUACC": null, "TECSOU": null, "VERDAT": null, "STATUS": null, "INFORM": null, "NINFOM": null, "NTXTDS": null, "SCAMAX": null, "SCAMIN": 29999, "TXTDSC": null, "RECDAT": null, "RECIND": null, "SORDAT": "20150206", "SORIND": "US,US,reprt,L-246-2015", "DEPTH": 38.0, "_enc_cell": "US4TB3P0", "depth_m": 38.0, "_sound_id": 1333, "CATZOC": 5, "QUAL_POSACC": null, "QUAL_SOUACC": null, "QUAL_SUREND": "1938", "QUAL_SURSTA": "1915", "QUAL_TECSOU": null, "QUAL_VERDAT": null, "QUAL_INFORM": "Former Japan Chart 481 (Ed. 1940, Rev. 1944), from Japan surveys, Scale 1:25,000", "QUAL_SORDAT": "20150206", "QUAL_SORIND": "US,US,reprt,L-246-2015", "QUAL_ENC_CELL": "US4TB3P0", "zoc_label": "D", "quality_model_weight": 0.22, "ALLEN_class_name": null, "semantic_zone": "outside_allen_geomorphic_or_unclassified", "allen_mapped": false, "DEPARE_DRVAL1": 30.0, "DEPARE_DRVAL2": 50.0, "DEPARE__enc_cell": "US4TB3P0", "DEPARE_VERDAT": null, "inside_osm_reef_polygon": false, "working_hypothesis_60_70": false, "working_hypothesis_gt100": false }, "geometry": { "type": "Point", "coordinates": [ 134.557403599999986, 7.3155141, 38.0 ] } },
{ "type": "Feature", "properties": { "RCID": 8843, "PRIM": 1, "GRUP": 2, "OBJL": 129, "RVER": 1, "AGEN": 550, "FIDN": -1126871900, "FIDS": 19802, "LNAM": "0226BCD54CA44D5A", "LNAM_REFS": null, "FFPT_RIND": null, "EXPSOU": null, "NOBJNM": null, "OBJNAM": null, "QUASOU": [ "4" ], "SOUACC": null, "TECSOU": null, "VERDAT": null, "STATUS": null, "INFORM": null, "NINFOM": null, "NTXTDS": null, "SCAMAX": null, "SCAMIN": 29999, "TXTDSC": null, "RECDAT": null, "RECIND": null, "SORDAT": "20150206", "SORIND": "US,US,reprt,L-246-2015", "DEPTH": 34.0, "_enc_cell": "US4TB3P0", "depth_m": 34.0, "_sound_id": 1338, "CATZOC": 3, "QUAL_POSACC": null, "QUAL_SOUACC": null, "QUAL_SUREND": "2004", "QUAL_SURSTA": null, "QUAL_TECSOU": null, "QUAL_VERDAT": null, "QUAL_INFORM": "U.S. Navy LIDAR Survey, Archive No. 04HFM01, Scale 1:5,000-1:10,000", "QUAL_SORDAT": "20150206", "QUAL_SORIND": "US,US,reprt,L-246-2015", "QUAL_ENC_CELL": "US4TB3P0", "zoc_label": "B", "quality_model_weight": 0.72, "ALLEN_class_name": null, "semantic_zone": "outside_allen_geomorphic_or_unclassified", "allen_mapped": false, "DEPARE_DRVAL1": 30.0, "DEPARE_DRVAL2": 50.0, "DEPARE__enc_cell": "US4TB3P0", "DEPARE_VERDAT": null, "inside_osm_reef_polygon": false, "working_hypothesis_60_70": false, "working_hypothesis_gt100": false }, "geometry": { "type": "Point", "coordinates": [ 134.5595703, 7.329011, 34.0 ] } },
{ "type": "Feature", "properties": { "RCID": 8843, "PRIM": 1, "GRUP": 2, "OBJL": 129, "RVER": 1, "AGEN": 550, "FIDN": -1126871900, "FIDS": 19802, "LNAM": "0226BCD54CA44D5A", "LNAM_REFS": null, "FFPT_RIND": null, "EXPSOU": null, "NOBJNM": null, "OBJNAM": null, "QUASOU": [ "4" ], "SOUACC": null, "TECSOU": null, "VERDAT": null, "STATUS": null, "INFORM": null, "NINFOM": null, "NTXTDS": null, "SCAMAX": null, "SCAMIN": 29999, "TXTDSC": null, "RECDAT": null, "RECIND": null, "SORDAT": "20150206", "SORIND": "US,US,reprt,L-246-2015", "DEPTH": 47.0, "_enc_cell": "US4TB3P0", "depth_m": 47.0, "_sound_id": 1341, "CATZOC": 3, "QUAL_POSACC": null, "QUAL_SOUACC": null, "QUAL_SUREND": "2004", "QUAL_SURSTA": null, "QUAL_TECSOU": null, "QUAL_VERDAT": null, "QUAL_INFORM": "U.S. Navy LIDAR Survey, Archive No. 04HFM01, Scale 1:5,000-1:10,000", "QUAL_SORDAT": "20150206", "QUAL_SORIND": "US,US,reprt,L-246-2015", "QUAL_ENC_CELL": "US4TB3P0", "zoc_label": "B", "quality_model_weight": 0.72, "ALLEN_class_name": null, "semantic_zone": "outside_allen_geomorphic_or_unclassified", "allen_mapped": false, "DEPARE_DRVAL1": 30.0, "DEPARE_DRVAL2": 50.0, "DEPARE__enc_cell": "US4TB3P0", "DEPARE_VERDAT": null, "inside_osm_reef_polygon": false, "working_hypothesis_60_70": false, "working_hypothesis_gt100": false }, "geometry": { "type": "Point", "coordinates": [ 134.561264, 7.3223362, 47.0 ] } },
{ "type": "Feature", "properties": { "RCID": 8843, "PRIM": 1, "GRUP": 2, "OBJL": 129, "RVER": 1, "AGEN": 550, "FIDN": -1126871900, "FIDS": 19802, "LNAM": "0226BCD54CA44D5A", "LNAM_REFS": null, "FFPT_RIND": null, "EXPSOU": null, "NOBJNM": null, "OBJNAM": null, "QUASOU": [ "4" ], "SOUACC": null, "TECSOU": null, "VERDAT": null, "STATUS": null, "INFORM": null, "NINFOM": null, "NTXTDS": null, "SCAMAX": null, "SCAMIN": 29999, "TXTDSC": null, "RECDAT": null, "RECIND": null, "SORDAT": "20150206", "SORIND": "US,US,reprt,L-246-2015", "DEPTH": 45.0, "_enc_cell": "US4TB3P0", "depth_m": 45.0, "_sound_id": 1342, "CATZOC": 5, "QUAL_POSACC": null, "QUAL_SOUACC": null, "QUAL_SUREND": "1938", "QUAL_SURSTA": "1915", "QUAL_TECSOU": null, "QUAL_VERDAT": null, "QUAL_INFORM": "Former Japan Chart 481 (Ed. 1940, Rev. 1944), from Japan surveys, Scale 1:25,000", "QUAL_SORDAT": "20150206", "QUAL_SORIND": "US,US,reprt,L-246-2015", "QUAL_ENC_CELL": "US4TB3P0", "zoc_label": "D", "quality_model_weight": 0.22, "ALLEN_class_name": null, "semantic_zone": "outside_allen_geomorphic_or_unclassified", "allen_mapped": false, "DEPARE_DRVAL1": 30.0, "DEPARE_DRVAL2": 50.0, "DEPARE__enc_cell": "US4TB3P0", "DEPARE_VERDAT": null, "inside_osm_reef_polygon": false, "working_hypothesis_60_70": false, "working_hypothesis_gt100": false }, "geometry": { "type": "Point", "coordinates": [ 134.561676, 7.3173361, 45.0 ] } },
{ "type": "Feature", "properties": { "RCID": 8843, "PRIM": 1, "GRUP": 2, "OBJL": 129, "RVER": 1, "AGEN": 550, "FIDN": -1126871900, "FIDS": 19802, "LNAM": "0226BCD54CA44D5A", "LNAM_REFS": null, "FFPT_RIND": null, "EXPSOU": null, "NOBJNM": null, "OBJNAM": null, "QUASOU": [ "4" ], "SOUACC": null, "TECSOU": null, "VERDAT": null, "STATUS": null, "INFORM": null, "NINFOM": null, "NTXTDS": null, "SCAMAX": null, "SCAMIN": 29999, "TXTDSC": null, "RECDAT": null, "RECIND": null, "SORDAT": "20150206", "SORIND": "US,US,reprt,L-246-2015", "DEPTH": 29.0, "_enc_cell": "US4TB3P0", "depth_m": 29.0, "_sound_id": 1346, "CATZOC": 5, "QUAL_POSACC": null, "QUAL_SOUACC": null, "QUAL_SUREND": "1938", "QUAL_SURSTA": "1915", "QUAL_TECSOU": null, "QUAL_VERDAT": null, "QUAL_INFORM": "Former Japan Chart 481 (Ed. 1940, Rev. 1944), from Japan surveys, Scale 1:25,000", "QUAL_SORDAT": "20150206", "QUAL_SORIND": "US,US,reprt,L-246-2015", "QUAL_ENC_CELL": "US4TB3P0", "zoc_label": "D", "quality_model_weight": 0.22, "ALLEN_class_name": null, "semantic_zone": "outside_allen_geomorphic_or_unclassified", "allen_mapped": false, "DEPARE_DRVAL1": 20.0, "DEPARE_DRVAL2": 30.0, "DEPARE__enc_cell": "US4TB3P0", "DEPARE_VERDAT": null, "inside_osm_reef_polygon": false, "working_hypothesis_60_70": false, "working_hypothesis_gt100": false }, "geometry": { "type": "Point", "coordinates": [ 134.5644074, 7.3245778, 29.0 ] } },
{ "type": "Feature", "properties": { "RCID": 8843, "PRIM": 1, "GRUP": 2, "OBJL": 129, "RVER": 1, "AGEN": 550, "FIDN": -1126871900, "FIDS": 19802, "LNAM": "0226BCD54CA44D5A", "LNAM_REFS": null, "FFPT_RIND": null, "EXPSOU": null, "NOBJNM": null, "OBJNAM": null, "QUASOU": [ "4" ], "SOUACC": null, "TECSOU": null, "VERDAT": null, "STATUS": null, "INFORM": null, "NINFOM": null, "NTXTDS": null, "SCAMAX": null, "SCAMIN": 29999, "TXTDSC": null, "RECDAT": null, "RECIND": null, "SORDAT": "20150206", "SORIND": "US,US,reprt,L-246-2015", "DEPTH": 40.0, "_enc_cell": "US4TB3P0", "depth_m": 40.0, "_sound_id": 1348, "CATZOC": 5, "QUAL_POSACC": null, "QUAL_SOUACC": null, "QUAL_SUREND": "1938", "QUAL_SURSTA": "1915", "QUAL_TECSOU": null, "QUAL_VERDAT": null, "QUAL_INFORM": "Former Japan Chart 481 (Ed. 1940, Rev. 1944), from Japan surveys, Scale 1:25,000", "QUAL_SORDAT": "20150206", "QUAL_SORIND": "US,US,reprt,L-246-2015", "QUAL_ENC_CELL": "US4TB3P0", "zoc_label": "D", "quality_model_weight": 0.22, "ALLEN_class_name": null, "semantic_zone": "outside_allen_geomorphic_or_unclassified", "allen_mapped": false, "DEPARE_DRVAL1": 30.0, "DEPARE_DRVAL2": 50.0, "DEPARE__enc_cell": "US4TB3P0", "DEPARE_VERDAT": null, "inside_osm_reef_polygon": false, "working_hypothesis_60_70": false, "working_hypothesis_gt100": false }, "geometry": { "type": "Point", "coordinates": [ 134.5652924, 7.3166609, 40.0 ] } },
{ "type": "Feature", "properties": { "RCID": 8843, "PRIM": 1, "GRUP": 2, "OBJL": 129, "RVER": 1, "AGEN": 550, "FIDN": -1126871900, "FIDS": 19802, "LNAM": "0226BCD54CA44D5A", "LNAM_REFS": null, "FFPT_RIND": null, "EXPSOU": null, "NOBJNM": null, "OBJNAM": null, "QUASOU": [ "4" ], "SOUACC": null, "TECSOU": null, "VERDAT": null, "STATUS": null, "INFORM": null, "NINFOM": null, "NTXTDS": null, "SCAMAX": null, "SCAMIN": 29999, "TXTDSC": null, "RECDAT": null, "RECIND": null, "SORDAT": "20150206", "SORIND": "US,US,reprt,L-246-2015", "DEPTH": 40.0, "_enc_cell": "US4TB3P0", "depth_m": 40.0, "_sound_id": 1349, "CATZOC": 5, "QUAL_POSACC": null, "QUAL_SOUACC": null, "QUAL_SUREND": "1938", "QUAL_SURSTA": "1915", "QUAL_TECSOU": null, "QUAL_VERDAT": null, "QUAL_INFORM": "Former Japan Chart 481 (Ed. 1940, Rev. 1944), from Japan surveys, Scale 1:25,000", "QUAL_SORDAT": "20150206", "QUAL_SORIND": "US,US,reprt,L-246-2015", "QUAL_ENC_CELL": "US4TB3P0", "zoc_label": "D", "quality_model_weight": 0.22, "ALLEN_class_name": null, "semantic_zone": "outside_allen_geomorphic_or_unclassified", "allen_mapped": false, "DEPARE_DRVAL1": 30.0, "DEPARE_DRVAL2": 50.0, "DEPARE__enc_cell": "US4TB3P0", "DEPARE_VERDAT": null, "inside_osm_reef_polygon": false, "working_hypothesis_60_70": false, "working_hypothesis_gt100": false }, "geometry": { "type": "Point", "coordinates": [ 134.565445, 7.3208637, 40.0 ] } },
{ "type": "Feature", "properties": { "RCID": 8843, "PRIM": 1, "GRUP": 2, "OBJL": 129, "RVER": 1, "AGEN": 550, "FIDN": -1126871900, "FIDS": 19802, "LNAM": "0226BCD54CA44D5A", "LNAM_REFS": null, "FFPT_RIND": null, "EXPSOU": null, "NOBJNM": null, "OBJNAM": null, "QUASOU": [ "4" ], "SOUACC": null, "TECSOU": null, "VERDAT": null, "STATUS": null, "INFORM": null, "NINFOM": null, "NTXTDS": null, "SCAMAX": null, "SCAMIN": 29999, "TXTDSC": null, "RECDAT": null, "RECIND": null, "SORDAT": "20150206", "SORIND": "US,US,reprt,L-246-2015", "DEPTH": 32.0, "_enc_cell": "US4TB3P0", "depth_m": 32.0, "_sound_id": 1351, "CATZOC": 3, "QUAL_POSACC": null, "QUAL_SOUACC": null, "QUAL_SUREND": "2004", "QUAL_SURSTA": null, "QUAL_TECSOU": null, "QUAL_VERDAT": null, "QUAL_INFORM": "U.S. Navy LIDAR Survey, Archive No. 04HFM01, Scale 1:5,000-1:10,000", "QUAL_SORDAT": "20150206", "QUAL_SORIND": "US,US,reprt,L-246-2015", "QUAL_ENC_CELL": "US4TB3P0", "zoc_label": "B", "quality_model_weight": 0.72, "ALLEN_class_name": null, "semantic_zone": "outside_allen_geomorphic_or_unclassified", "allen_mapped": false, "DEPARE_DRVAL1": 30.0, "DEPARE_DRVAL2": 50.0, "DEPARE__enc_cell": "US4TB3P0", "DEPARE_VERDAT": null, "inside_osm_reef_polygon": false, "working_hypothesis_60_70": false, "working_hypothesis_gt100": false }, "geometry": { "type": "Point", "coordinates": [ 134.5672607, 7.3280778, 32.0 ] } },
{ "type": "Feature", "properties": { "RCID": 8843, "PRIM": 1, "GRUP": 2, "OBJL": 129, "RVER": 1, "AGEN": 550, "FIDN": -1126871900, "FIDS": 19802, "LNAM": "0226BCD54CA44D5A", "LNAM_REFS": null, "FFPT_RIND": null, "EXPSOU": null, "NOBJNM": null, "OBJNAM": null, "QUASOU": [ "4" ], "SOUACC": null, "TECSOU": null, "VERDAT": null, "STATUS": null, "INFORM": null, "NINFOM": null, "NTXTDS": null, "SCAMAX": null, "SCAMIN": 29999, "TXTDSC": null, "RECDAT": null, "RECIND": null, "SORDAT": "20150206", "SORIND": "US,US,reprt,L-246-2015", "DEPTH": 31.0, "_enc_cell": "US4TB3P0", "depth_m": 31.0, "_sound_id": 1352, "CATZOC": 5, "QUAL_POSACC": null, "QUAL_SOUACC": null, "QUAL_SUREND": "1938", "QUAL_SURSTA": "1915", "QUAL_TECSOU": null, "QUAL_VERDAT": null, "QUAL_INFORM": "Former Japan Chart 481 (Ed. 1940, Rev. 1944), from Japan surveys, Scale 1:25,000", "QUAL_SORDAT": "20150206", "QUAL_SORIND": "US,US,reprt,L-246-2015", "QUAL_ENC_CELL": "US4TB3P0", "zoc_label": "D", "quality_model_weight": 0.22, "ALLEN_class_name": null, "semantic_zone": "outside_allen_geomorphic_or_unclassified", "allen_mapped": false, "DEPARE_DRVAL1": 30.0, "DEPARE_DRVAL2": 50.0, "DEPARE__enc_cell": "US4TB3P0", "DEPARE_VERDAT": null, "inside_osm_reef_polygon": false, "working_hypothesis_60_70": false, "working_hypothesis_gt100": false }, "geometry": { "type": "Point", "coordinates": [ 134.5688629, 7.3245611, 31.0 ] } },
{ "type": "Feature", "properties": { "RCID": 8843, "PRIM": 1, "GRUP": 2, "OBJL": 129, "RVER": 1, "AGEN": 550, "FIDN": -1126871900, "FIDS": 19802, "LNAM": "0226BCD54CA44D5A", "LNAM_REFS": null, "FFPT_RIND": null, "EXPSOU": null, "NOBJNM": null, "OBJNAM": null, "QUASOU": [ "4" ], "SOUACC": null, "TECSOU": null, "VERDAT": null, "STATUS": null, "INFORM": null, "NINFOM": null, "NTXTDS": null, "SCAMAX": null, "SCAMIN": 29999, "TXTDSC": null, "RECDAT": null, "RECIND": null, "SORDAT": "20150206", "SORIND": "US,US,reprt,L-246-2015", "DEPTH": 27.0, "_enc_cell": "US4TB3P0", "depth_m": 27.0, "_sound_id": 1353, "CATZOC": 3, "QUAL_POSACC": null, "QUAL_SOUACC": null, "QUAL_SUREND": "2004", "QUAL_SURSTA": null, "QUAL_TECSOU": null, "QUAL_VERDAT": null, "QUAL_INFORM": "U.S. Navy LIDAR Survey, Archive No. 04HFM01, Scale 1:5,000-1:10,000", "QUAL_SORDAT": "20150206", "QUAL_SORIND": "US,US,reprt,L-246-2015", "QUAL_ENC_CELL": "US4TB3P0", "zoc_label": "B", "quality_model_weight": 0.72, "ALLEN_class_name": null, "semantic_zone": "outside_allen_geomorphic_or_unclassified", "allen_mapped": false, "DEPARE_DRVAL1": 20.0, "DEPARE_DRVAL2": 30.0, "DEPARE__enc_cell": "US4TB3P0", "DEPARE_VERDAT": null, "inside_osm_reef_polygon": false, "working_hypothesis_60_70": false, "working_hypothesis_gt100": false }, "geometry": { "type": "Point", "coordinates": [ 134.568985, 7.3414917, 27.0 ] } },
{ "type": "Feature", "properties": { "RCID": 8843, "PRIM": 1, "GRUP": 2, "OBJL": 129, "RVER": 1, "AGEN": 550, "FIDN": -1126871900, "FIDS": 19802, "LNAM": "0226BCD54CA44D5A", "LNAM_REFS": null, "FFPT_RIND": null, "EXPSOU": null, "NOBJNM": null, "OBJNAM": null, "QUASOU": [ "4" ], "SOUACC": null, "TECSOU": null, "VERDAT": null, "STATUS": null, "INFORM": null, "NINFOM": null, "NTXTDS": null, "SCAMAX": null, "SCAMIN": 29999, "TXTDSC": null, "RECDAT": null, "RECIND": null, "SORDAT": "20150206", "SORIND": "US,US,reprt,L-246-2015", "DEPTH": 9.7, "_enc_cell": "US4TB3P0", "depth_m": 9.7, "_sound_id": 1354, "CATZOC": 5, "QUAL_POSACC": null, "QUAL_SOUACC": null, "QUAL_SUREND": "1938", "QUAL_SURSTA": "1915", "QUAL_TECSOU": null, "QUAL_VERDAT": null, "QUAL_INFORM": "Former Japan Chart 481 (Ed. 1940, Rev. 1944), from Japan surveys, Scale 1:25,000", "QUAL_SORDAT": "20150206", "QUAL_SORIND": "US,US,reprt,L-246-2015", "QUAL_ENC_CELL": "US4TB3P0", "zoc_label": "D", "quality_model_weight": 0.22, "ALLEN_class_name": "Terrestrial Reef Flat", "semantic_zone": "reef_flat_or_crest", "allen_mapped": true, "DEPARE_DRVAL1": 5.0, "DEPARE_DRVAL2": 10.0, "DEPARE__enc_cell": "US4TB3P0", "DEPARE_VERDAT": null, "inside_osm_reef_polygon": false, "working_hypothesis_60_70": false, "working_hypothesis_gt100": false }, "geometry": { "type": "Point", "coordinates": [ 134.5690155, 7.3566332, 9.7 ] } },
{ "type": "Feature", "properties": { "RCID": 8843, "PRIM": 1, "GRUP": 2, "OBJL": 129, "RVER": 1, "AGEN": 550, "FIDN": -1126871900, "FIDS": 19802, "LNAM": "0226BCD54CA44D5A", "LNAM_REFS": null, "FFPT_RIND": null, "EXPSOU": null, "NOBJNM": null, "OBJNAM": null, "QUASOU": [ "4" ], "SOUACC": null, "TECSOU": null, "VERDAT": null, "STATUS": null, "INFORM": null, "NINFOM": null, "NTXTDS": null, "SCAMAX": null, "SCAMIN": 29999, "TXTDSC": null, "RECDAT": null, "RECIND": null, "SORDAT": "20150206", "SORIND": "US,US,reprt,L-246-2015", "DEPTH": 9.7, "_enc_cell": "US4TB3P0", "depth_m": 9.7, "_sound_id": 1355, "CATZOC": 5, "QUAL_POSACC": null, "QUAL_SOUACC": null, "QUAL_SUREND": "1938", "QUAL_SURSTA": "1915", "QUAL_TECSOU": null, "QUAL_VERDAT": null, "QUAL_INFORM": "Former Japan Chart 481 (Ed. 1940, Rev. 1944), from Japan surveys, Scale 1:25,000", "QUAL_SORDAT": "20150206", "QUAL_SORIND": "US,US,reprt,L-246-2015", "QUAL_ENC_CELL": "US4TB3P0", "zoc_label": "D", "quality_model_weight": 0.22, "ALLEN_class_name": "Terrestrial Reef Flat", "semantic_zone": "reef_flat_or_crest", "allen_mapped": true, "DEPARE_DRVAL1": 5.0, "DEPARE_DRVAL2": 10.0, "DEPARE__enc_cell": "US4TB3P0", "DEPARE_VERDAT": null, "inside_osm_reef_polygon": false, "working_hypothesis_60_70": false, "working_hypothesis_gt100": false }, "geometry": { "type": "Point", "coordinates": [ 134.569519, 7.3586001, 9.7 ] } },
{ "type": "Feature", "properties": { "RCID": 8843, "PRIM": 1, "GRUP": 2, "OBJL": 129, "RVER": 1, "AGEN": 550, "FIDN": -1126871900, "FIDS": 19802, "LNAM": "0226BCD54CA44D5A", "LNAM_REFS": null, "FFPT_RIND": null, "EXPSOU": null, "NOBJNM": null, "OBJNAM": null, "QUASOU": [ "4" ], "SOUACC": null, "TECSOU": null, "VERDAT": null, "STATUS": null, "INFORM": null, "NINFOM": null, "NTXTDS": null, "SCAMAX": null, "SCAMIN": 29999, "TXTDSC": null, "RECDAT": null, "RECIND": null, "SORDAT": "20150206", "SORIND": "US,US,reprt,L-246-2015", "DEPTH": 36.0, "_enc_cell": "US4TB3P0", "depth_m": 36.0, "_sound_id": 1356, "CATZOC": 3, "QUAL_POSACC": null, "QUAL_SOUACC": null, "QUAL_SUREND": "2004", "QUAL_SURSTA": null, "QUAL_TECSOU": null, "QUAL_VERDAT": null, "QUAL_INFORM": "U.S. Navy LIDAR Survey, Archive No. 04HFM01, Scale 1:5,000-1:10,000", "QUAL_SORDAT": "20150206", "QUAL_SORIND": "US,US,reprt,L-246-2015", "QUAL_ENC_CELL": "US4TB3P0", "zoc_label": "B", "quality_model_weight": 0.72, "ALLEN_class_name": null, "semantic_zone": "outside_allen_geomorphic_or_unclassified", "allen_mapped": false, "DEPARE_DRVAL1": 30.0, "DEPARE_DRVAL2": 50.0, "DEPARE__enc_cell": "US4TB3P0", "DEPARE_VERDAT": null, "inside_osm_reef_polygon": false, "working_hypothesis_60_70": false, "working_hypothesis_gt100": false }, "geometry": { "type": "Point", "coordinates": [ 134.5701752, 7.3293419, 36.0 ] } },
{ "type": "Feature", "properties": { "RCID": 8843, "PRIM": 1, "GRUP": 2, "OBJL": 129, "RVER": 1, "AGEN": 550, "FIDN": -1126871900, "FIDS": 19802, "LNAM": "0226BCD54CA44D5A", "LNAM_REFS": null, "FFPT_RIND": null, "EXPSOU": null, "NOBJNM": null, "OBJNAM": null, "QUASOU": [ "4" ], "SOUACC": null, "TECSOU": null, "VERDAT": null, "STATUS": null, "INFORM": null, "NINFOM": null, "NTXTDS": null, "SCAMAX": null, "SCAMIN": 29999, "TXTDSC": null, "RECDAT": null, "RECIND": null, "SORDAT": "20150206", "SORIND": "US,US,reprt,L-246-2015", "DEPTH": 5.6, "_enc_cell": "US4TB3P0", "depth_m": 5.6, "_sound_id": 1357, "CATZOC": 5, "QUAL_POSACC": null, "QUAL_SOUACC": null, "QUAL_SUREND": "1938", "QUAL_SURSTA": "1915", "QUAL_TECSOU": null, "QUAL_VERDAT": null, "QUAL_INFORM": "Former Japan Chart 481 (Ed. 1940, Rev. 1944), from Japan surveys, Scale 1:25,000", "QUAL_SORDAT": "20150206", "QUAL_SORIND": "US,US,reprt,L-246-2015", "QUAL_ENC_CELL": "US4TB3P0", "zoc_label": "D", "quality_model_weight": 0.22, "ALLEN_class_name": "Terrestrial Reef Flat", "semantic_zone": "reef_flat_or_crest", "allen_mapped": true, "DEPARE_DRVAL1": 5.0, "DEPARE_DRVAL2": 10.0, "DEPARE__enc_cell": "US4TB3P0", "DEPARE_VERDAT": null, "inside_osm_reef_polygon": false, "working_hypothesis_60_70": false, "working_hypothesis_gt100": false }, "geometry": { "type": "Point", "coordinates": [ 134.570221, 7.3610697, 5.6 ] } },
{ "type": "Feature", "properties": { "RCID": 8843, "PRIM": 1, "GRUP": 2, "OBJL": 129, "RVER": 1, "AGEN": 550, "FIDN": -1126871900, "FIDS": 19802, "LNAM": "0226BCD54CA44D5A", "LNAM_REFS": null, "FFPT_RIND": null, "EXPSOU": null, "NOBJNM": null, "OBJNAM": null, "QUASOU": [ "4" ], "SOUACC": null, "TECSOU": null, "VERDAT": null, "STATUS": null, "INFORM": null, "NINFOM": null, "NTXTDS": null, "SCAMAX": null, "SCAMIN": 29999, "TXTDSC": null, "RECDAT": null, "RECIND": null, "SORDAT": "20150206", "SORIND": "US,US,reprt,L-246-2015", "DEPTH": 0.1, "_enc_cell": "US4TB3P0", "depth_m": 0.1, "_sound_id": 1358, "CATZOC": 5, "QUAL_POSACC": null, "QUAL_SOUACC": null, "QUAL_SUREND": "1938", "QUAL_SURSTA": "1915", "QUAL_TECSOU": null, "QUAL_VERDAT": null, "QUAL_INFORM": "Former Japan Chart 481 (Ed. 1940, Rev. 1944), from Japan surveys, Scale 1:25,000", "QUAL_SORDAT": "20150206", "QUAL_SORIND": "US,US,reprt,L-246-2015", "QUAL_ENC_CELL": "US4TB3P0", "zoc_label": "D", "quality_model_weight": 0.22, "ALLEN_class_name": "Terrestrial Reef Flat", "semantic_zone": "reef_flat_or_crest", "allen_mapped": true, "DEPARE_DRVAL1": 0.0, "DEPARE_DRVAL2": 2.0, "DEPARE__enc_cell": "US4TB3P0", "DEPARE_VERDAT": null, "inside_osm_reef_polygon": true, "working_hypothesis_60_70": false, "working_hypothesis_gt100": false }, "geometry": { "type": "Point", "coordinates": [ 134.5706482, 7.3647862, 0.1 ] } },
{ "type": "Feature", "properties": { "RCID": 8843, "PRIM": 1, "GRUP": 2, "OBJL": 129, "RVER": 1, "AGEN": 550, "FIDN": -1126871900, "FIDS": 19802, "LNAM": "0226BCD54CA44D5A", "LNAM_REFS": null, "FFPT_RIND": null, "EXPSOU": null, "NOBJNM": null, "OBJNAM": null, "QUASOU": [ "4" ], "SOUACC": null, "TECSOU": null, "VERDAT": null, "STATUS": null, "INFORM": null, "NINFOM": null, "NTXTDS": null, "SCAMAX": null, "SCAMIN": 29999, "TXTDSC": null, "RECDAT": null, "RECIND": null, "SORDAT": "20150206", "SORIND": "US,US,reprt,L-246-2015", "DEPTH": 34.0, "_enc_cell": "US4TB3P0", "depth_m": 34.0, "_sound_id": 1359, "CATZOC": 3, "QUAL_POSACC": null, "QUAL_SOUACC": null, "QUAL_SUREND": "2004", "QUAL_SURSTA": null, "QUAL_TECSOU": null, "QUAL_VERDAT": null, "QUAL_INFORM": "U.S. Navy LIDAR Survey, Archive No. 04HFM01, Scale 1:5,000-1:10,000", "QUAL_SORDAT": "20150206", "QUAL_SORIND": "US,US,reprt,L-246-2015", "QUAL_ENC_CELL": "US4TB3P0", "zoc_label": "B", "quality_model_weight": 0.72, "ALLEN_class_name": null, "semantic_zone": "outside_allen_geomorphic_or_unclassified", "allen_mapped": false, "DEPARE_DRVAL1": 30.0, "DEPARE_DRVAL2": 50.0, "DEPARE__enc_cell": "US4TB3P0", "DEPARE_VERDAT": null, "inside_osm_reef_polygon": false, "working_hypothesis_60_70": false, "working_hypothesis_gt100": false }, "geometry": { "type": "Point", "coordinates": [ 134.571472199999988, 7.3228025, 34.0 ] } },
{ "type": "Feature", "properties": { "RCID": 8843, "PRIM": 1, "GRUP": 2, "OBJL": 129, "RVER": 1, "AGEN": 550, "FIDN": -1126871900, "FIDS": 19802, "LNAM": "0226BCD54CA44D5A", "LNAM_REFS": null, "FFPT_RIND": null, "EXPSOU": null, "NOBJNM": null, "OBJNAM": null, "QUASOU": [ "4" ], "SOUACC": null, "TECSOU": null, "VERDAT": null, "STATUS": null, "INFORM": null, "NINFOM": null, "NTXTDS": null, "SCAMAX": null, "SCAMIN": 29999, "TXTDSC": null, "RECDAT": null, "RECIND": null, "SORDAT": "20150206", "SORIND": "US,US,reprt,L-246-2015", "DEPTH": 19.7, "_enc_cell": "US4TB3P0", "depth_m": 19.7, "_sound_id": 1360, "CATZOC": 5, "QUAL_POSACC": null, "QUAL_SOUACC": null, "QUAL_SUREND": "1938", "QUAL_SURSTA": "1915", "QUAL_TECSOU": null, "QUAL_VERDAT": null, "QUAL_INFORM": "Former Japan Chart 481 (Ed. 1940, Rev. 1944), from Japan surveys, Scale 1:25,000", "QUAL_SORDAT": "20150206", "QUAL_SORIND": "US,US,reprt,L-246-2015", "QUAL_ENC_CELL": "US4TB3P0", "zoc_label": "D", "quality_model_weight": 0.22, "ALLEN_class_name": "Deep Lagoon", "semantic_zone": "deep_lagoon", "allen_mapped": true, "DEPARE_DRVAL1": 10.0, "DEPARE_DRVAL2": 20.0, "DEPARE__enc_cell": "US4TB3P0", "DEPARE_VERDAT": null, "inside_osm_reef_polygon": false, "working_hypothesis_60_70": false, "working_hypothesis_gt100": false }, "geometry": { "type": "Point", "coordinates": [ 134.5718994, 7.3535113, 19.7 ] } },
{ "type": "Feature", "properties": { "RCID": 8843, "PRIM": 1, "GRUP": 2, "OBJL": 129, "RVER": 1, "AGEN": 550, "FIDN": -1126871900, "FIDS": 19802, "LNAM": "0226BCD54CA44D5A", "LNAM_REFS": null, "FFPT_RIND": null, "EXPSOU": null, "NOBJNM": null, "OBJNAM": null, "QUASOU": [ "4" ], "SOUACC": null, "TECSOU": null, "VERDAT": null, "STATUS": null, "INFORM": null, "NINFOM": null, "NTXTDS": null, "SCAMAX": null, "SCAMIN": 29999, "TXTDSC": null, "RECDAT": null, "RECIND": null, "SORDAT": "20150206", "SORIND": "US,US,reprt,L-246-2015", "DEPTH": 29.0, "_enc_cell": "US4TB3P0", "depth_m": 29.0, "_sound_id": 1361, "CATZOC": 5, "QUAL_POSACC": null, "QUAL_SOUACC": null, "QUAL_SUREND": "1938", "QUAL_SURSTA": "1915", "QUAL_TECSOU": null, "QUAL_VERDAT": null, "QUAL_INFORM": "Former Japan Chart 481 (Ed. 1940, Rev. 1944), from Japan surveys, Scale 1:25,000", "QUAL_SORDAT": "20150206", "QUAL_SORIND": "US,US,reprt,L-246-2015", "QUAL_ENC_CELL": "US4TB3P0", "zoc_label": "D", "quality_model_weight": 0.22, "ALLEN_class_name": null, "semantic_zone": "outside_allen_geomorphic_or_unclassified", "allen_mapped": false, "DEPARE_DRVAL1": 20.0, "DEPARE_DRVAL2": 30.0, "DEPARE__enc_cell": "US4TB3P0", "DEPARE_VERDAT": null, "inside_osm_reef_polygon": false, "working_hypothesis_60_70": false, "working_hypothesis_gt100": false }, "geometry": { "type": "Point", "coordinates": [ 134.5723724, 7.3469029, 29.0 ] } },
{ "type": "Feature", "properties": { "RCID": 8843, "PRIM": 1, "GRUP": 2, "OBJL": 129, "RVER": 1, "AGEN": 550, "FIDN": -1126871900, "FIDS": 19802, "LNAM": "0226BCD54CA44D5A", "LNAM_REFS": null, "FFPT_RIND": null, "EXPSOU": null, "NOBJNM": null, "OBJNAM": null, "QUASOU": [ "4" ], "SOUACC": null, "TECSOU": null, "VERDAT": null, "STATUS": null, "INFORM": null, "NINFOM": null, "NTXTDS": null, "SCAMAX": null, "SCAMIN": 29999, "TXTDSC": null, "RECDAT": null, "RECIND": null, "SORDAT": "20150206", "SORIND": "US,US,reprt,L-246-2015", "DEPTH": 34.0, "_enc_cell": "US4TB3P0", "depth_m": 34.0, "_sound_id": 1362, "CATZOC": 3, "QUAL_POSACC": null, "QUAL_SOUACC": null, "QUAL_SUREND": "2004", "QUAL_SURSTA": null, "QUAL_TECSOU": null, "QUAL_VERDAT": null, "QUAL_INFORM": "U.S. Navy LIDAR Survey, Archive No. 04HFM01, Scale 1:5,000-1:10,000", "QUAL_SORDAT": "20150206", "QUAL_SORIND": "US,US,reprt,L-246-2015", "QUAL_ENC_CELL": "US4TB3P0", "zoc_label": "B", "quality_model_weight": 0.72, "ALLEN_class_name": null, "semantic_zone": "outside_allen_geomorphic_or_unclassified", "allen_mapped": false, "DEPARE_DRVAL1": 30.0, "DEPARE_DRVAL2": 50.0, "DEPARE__enc_cell": "US4TB3P0", "DEPARE_VERDAT": null, "inside_osm_reef_polygon": false, "working_hypothesis_60_70": false, "working_hypothesis_gt100": false }, "geometry": { "type": "Point", "coordinates": [ 134.572647100000012, 7.3401861, 34.0 ] } },
{ "type": "Feature", "properties": { "RCID": 8843, "PRIM": 1, "GRUP": 2, "OBJL": 129, "RVER": 1, "AGEN": 550, "FIDN": -1126871900, "FIDS": 19802, "LNAM": "0226BCD54CA44D5A", "LNAM_REFS": null, "FFPT_RIND": null, "EXPSOU": null, "NOBJNM": null, "OBJNAM": null, "QUASOU": [ "4" ], "SOUACC": null, "TECSOU": null, "VERDAT": null, "STATUS": null, "INFORM": null, "NINFOM": null, "NTXTDS": null, "SCAMAX": null, "SCAMIN": 29999, "TXTDSC": null, "RECDAT": null, "RECIND": null, "SORDAT": "20150206", "SORIND": "US,US,reprt,L-246-2015", "DEPTH": 23.0, "_enc_cell": "US4TB3P0", "depth_m": 23.0, "_sound_id": 1363, "CATZOC": 5, "QUAL_POSACC": null, "QUAL_SOUACC": null, "QUAL_SUREND": "1938", "QUAL_SURSTA": "1915", "QUAL_TECSOU": null, "QUAL_VERDAT": null, "QUAL_INFORM": "Former Japan Chart 481 (Ed. 1940, Rev. 1944), from Japan surveys, Scale 1:25,000", "QUAL_SORDAT": "20150206", "QUAL_SORIND": "US,US,reprt,L-246-2015", "QUAL_ENC_CELL": "US4TB3P0", "zoc_label": "D", "quality_model_weight": 0.22, "ALLEN_class_name": null, "semantic_zone": "outside_allen_geomorphic_or_unclassified", "allen_mapped": false, "DEPARE_DRVAL1": 20.0, "DEPARE_DRVAL2": 30.0, "DEPARE__enc_cell": "US4TB3P0", "DEPARE_VERDAT": null, "inside_osm_reef_polygon": false, "working_hypothesis_60_70": false, "working_hypothesis_gt100": false }, "geometry": { "type": "Point", "coordinates": [ 134.5729523, 7.3503361, 23.0 ] } },
{ "type": "Feature", "properties": { "RCID": 8843, "PRIM": 1, "GRUP": 2, "OBJL": 129, "RVER": 1, "AGEN": 550, "FIDN": -1126871900, "FIDS": 19802, "LNAM": "0226BCD54CA44D5A", "LNAM_REFS": null, "FFPT_RIND": null, "EXPSOU": null, "NOBJNM": null, "OBJNAM": null, "QUASOU": [ "4" ], "SOUACC": null, "TECSOU": null, "VERDAT": null, "STATUS": null, "INFORM": null, "NINFOM": null, "NTXTDS": null, "SCAMAX": null, "SCAMIN": 29999, "TXTDSC": null, "RECDAT": null, "RECIND": null, "SORDAT": "20150206", "SORIND": "US,US,reprt,L-246-2015", "DEPTH": 8.3, "_enc_cell": "US4TB3P0", "depth_m": 8.3, "_sound_id": 1364, "CATZOC": 5, "QUAL_POSACC": null, "QUAL_SOUACC": null, "QUAL_SUREND": "1938", "QUAL_SURSTA": "1915", "QUAL_TECSOU": null, "QUAL_VERDAT": null, "QUAL_INFORM": "Former Japan Chart 481 (Ed. 1940, Rev. 1944), from Japan surveys, Scale 1:25,000", "QUAL_SORDAT": "20150206", "QUAL_SORIND": "US,US,reprt,L-246-2015", "QUAL_ENC_CELL": "US4TB3P0", "zoc_label": "D", "quality_model_weight": 0.22, "ALLEN_class_name": "Deep Lagoon", "semantic_zone": "deep_lagoon", "allen_mapped": true, "DEPARE_DRVAL1": 5.0, "DEPARE_DRVAL2": 10.0, "DEPARE__enc_cell": "US4TB3P0", "DEPARE_VERDAT": null, "inside_osm_reef_polygon": false, "working_hypothesis_60_70": false, "working_hypothesis_gt100": false }, "geometry": { "type": "Point", "coordinates": [ 134.5740051, 7.356689, 8.3 ] } },
{ "type": "Feature", "properties": { "RCID": 8843, "PRIM": 1, "GRUP": 2, "OBJL": 129, "RVER": 1, "AGEN": 550, "FIDN": -1126871900, "FIDS": 19802, "LNAM": "0226BCD54CA44D5A", "LNAM_REFS": null, "FFPT_RIND": null, "EXPSOU": null, "NOBJNM": null, "OBJNAM": null, "QUASOU": [ "4" ], "SOUACC": null, "TECSOU": null, "VERDAT": null, "STATUS": null, "INFORM": null, "NINFOM": null, "NTXTDS": null, "SCAMAX": null, "SCAMIN": 29999, "TXTDSC": null, "RECDAT": null, "RECIND": null, "SORDAT": "20150206", "SORIND": "US,US,reprt,L-246-2015", "DEPTH": 45.0, "_enc_cell": "US4TB3P0", "depth_m": 45.0, "_sound_id": 1365, "CATZOC": 3, "QUAL_POSACC": null, "QUAL_SOUACC": null, "QUAL_SUREND": "2004", "QUAL_SURSTA": null, "QUAL_TECSOU": null, "QUAL_VERDAT": null, "QUAL_INFORM": "U.S. Navy LIDAR Survey, Archive No. 04HFM01, Scale 1:5,000-1:10,000", "QUAL_SORDAT": "20150206", "QUAL_SORIND": "US,US,reprt,L-246-2015", "QUAL_ENC_CELL": "US4TB3P0", "zoc_label": "B", "quality_model_weight": 0.72, "ALLEN_class_name": null, "semantic_zone": "outside_allen_geomorphic_or_unclassified", "allen_mapped": false, "DEPARE_DRVAL1": 30.0, "DEPARE_DRVAL2": 50.0, "DEPARE__enc_cell": "US4TB3P0", "DEPARE_VERDAT": null, "inside_osm_reef_polygon": false, "working_hypothesis_60_70": false, "working_hypothesis_gt100": false }, "geometry": { "type": "Point", "coordinates": [ 134.574813799999987, 7.3397389, 45.0 ] } },
{ "type": "Feature", "properties": { "RCID": 8843, "PRIM": 1, "GRUP": 2, "OBJL": 129, "RVER": 1, "AGEN": 550, "FIDN": -1126871900, "FIDS": 19802, "LNAM": "0226BCD54CA44D5A", "LNAM_REFS": null, "FFPT_RIND": null, "EXPSOU": null, "NOBJNM": null, "OBJNAM": null, "QUASOU": [ "4" ], "SOUACC": null, "TECSOU": null, "VERDAT": null, "STATUS": null, "INFORM": null, "NINFOM": null, "NTXTDS": null, "SCAMAX": null, "SCAMIN": 29999, "TXTDSC": null, "RECDAT": null, "RECIND": null, "SORDAT": "20150206", "SORIND": "US,US,reprt,L-246-2015", "DEPTH": 78.0, "_enc_cell": "US4TB3P0", "depth_m": 78.0, "_sound_id": 1366, "CATZOC": 5, "QUAL_POSACC": null, "QUAL_SOUACC": null, "QUAL_SUREND": "1938", "QUAL_SURSTA": "1915", "QUAL_TECSOU": null, "QUAL_VERDAT": null, "QUAL_INFORM": "Former Japan Chart 481 (Ed. 1940, Rev. 1944), from Japan surveys, Scale 1:25,000", "QUAL_SORDAT": "20150206", "QUAL_SORIND": "US,US,reprt,L-246-2015", "QUAL_ENC_CELL": "US4TB3P0", "zoc_label": "D", "quality_model_weight": 0.22, "ALLEN_class_name": null, "semantic_zone": "outside_allen_geomorphic_or_unclassified", "allen_mapped": false, "DEPARE_DRVAL1": 50.0, "DEPARE_DRVAL2": 100.0, "DEPARE__enc_cell": "US4TB3P0", "DEPARE_VERDAT": null, "inside_osm_reef_polygon": false, "working_hypothesis_60_70": false, "working_hypothesis_gt100": false }, "geometry": { "type": "Point", "coordinates": [ 134.5827026, 7.3206277, 78.0 ] } },
{ "type": "Feature", "properties": { "RCID": 8843, "PRIM": 1, "GRUP": 2, "OBJL": 129, "RVER": 1, "AGEN": 550, "FIDN": -1126871900, "FIDS": 19802, "LNAM": "0226BCD54CA44D5A", "LNAM_REFS": null, "FFPT_RIND": null, "EXPSOU": null, "NOBJNM": null, "OBJNAM": null, "QUASOU": [ "4" ], "SOUACC": null, "TECSOU": null, "VERDAT": null, "STATUS": null, "INFORM": null, "NINFOM": null, "NTXTDS": null, "SCAMAX": null, "SCAMIN": 29999, "TXTDSC": null, "RECDAT": null, "RECIND": null, "SORDAT": "20150206", "SORIND": "US,US,reprt,L-246-2015", "DEPTH": 62.0, "_enc_cell": "US4TB3P0", "depth_m": 62.0, "_sound_id": 1367, "CATZOC": 3, "QUAL_POSACC": null, "QUAL_SOUACC": null, "QUAL_SUREND": "2004", "QUAL_SURSTA": null, "QUAL_TECSOU": null, "QUAL_VERDAT": null, "QUAL_INFORM": "U.S. Navy LIDAR Survey, Archive No. 04HFM01, Scale 1:5,000-1:10,000", "QUAL_SORDAT": "20150206", "QUAL_SORIND": "US,US,reprt,L-246-2015", "QUAL_ENC_CELL": "US4TB3P0", "zoc_label": "B", "quality_model_weight": 0.72, "ALLEN_class_name": null, "semantic_zone": "outside_allen_geomorphic_or_unclassified", "allen_mapped": false, "DEPARE_DRVAL1": 50.0, "DEPARE_DRVAL2": 100.0, "DEPARE__enc_cell": "US4TB3P0", "DEPARE_VERDAT": null, "inside_osm_reef_polygon": false, "working_hypothesis_60_70": true, "working_hypothesis_gt100": false }, "geometry": { "type": "Point", "coordinates": [ 134.5840302, 7.3429556, 62.0 ] } },
{ "type": "Feature", "properties": { "RCID": 8843, "PRIM": 1, "GRUP": 2, "OBJL": 129, "RVER": 1, "AGEN": 550, "FIDN": -1126871900, "FIDS": 19802, "LNAM": "0226BCD54CA44D5A", "LNAM_REFS": null, "FFPT_RIND": null, "EXPSOU": null, "NOBJNM": null, "OBJNAM": null, "QUASOU": [ "4" ], "SOUACC": null, "TECSOU": null, "VERDAT": null, "STATUS": null, "INFORM": null, "NINFOM": null, "NTXTDS": null, "SCAMAX": null, "SCAMIN": 29999, "TXTDSC": null, "RECDAT": null, "RECIND": null, "SORDAT": "20150206", "SORIND": "US,US,reprt,L-246-2015", "DEPTH": 42.0, "_enc_cell": "US4TB3P0", "depth_m": 42.0, "_sound_id": 1368, "CATZOC": 3, "QUAL_POSACC": null, "QUAL_SOUACC": null, "QUAL_SUREND": "2004", "QUAL_SURSTA": null, "QUAL_TECSOU": null, "QUAL_VERDAT": null, "QUAL_INFORM": "U.S. Navy LIDAR Survey, Archive No. 04HFM01, Scale 1:5,000-1:10,000", "QUAL_SORDAT": "20150206", "QUAL_SORIND": "US,US,reprt,L-246-2015", "QUAL_ENC_CELL": "US4TB3P0", "zoc_label": "B", "quality_model_weight": 0.72, "ALLEN_class_name": null, "semantic_zone": "outside_allen_geomorphic_or_unclassified", "allen_mapped": false, "DEPARE_DRVAL1": 30.0, "DEPARE_DRVAL2": 50.0, "DEPARE__enc_cell": "US4TB3P0", "DEPARE_VERDAT": null, "inside_osm_reef_polygon": false, "working_hypothesis_60_70": false, "working_hypothesis_gt100": false }, "geometry": { "type": "Point", "coordinates": [ 134.5881348, 7.3396859, 42.0 ] } },
{ "type": "Feature", "properties": { "RCID": 8843, "PRIM": 1, "GRUP": 2, "OBJL": 129, "RVER": 1, "AGEN": 550, "FIDN": -1126871900, "FIDS": 19802, "LNAM": "0226BCD54CA44D5A", "LNAM_REFS": null, "FFPT_RIND": null, "EXPSOU": null, "NOBJNM": null, "OBJNAM": null, "QUASOU": [ "4" ], "SOUACC": null, "TECSOU": null, "VERDAT": null, "STATUS": null, "INFORM": null, "NINFOM": null, "NTXTDS": null, "SCAMAX": null, "SCAMIN": 29999, "TXTDSC": null, "RECDAT": null, "RECIND": null, "SORDAT": "20150206", "SORIND": "US,US,reprt,L-246-2015", "DEPTH": 47.0, "_enc_cell": "US4TB3P0", "depth_m": 47.0, "_sound_id": 1369, "CATZOC": 3, "QUAL_POSACC": null, "QUAL_SOUACC": null, "QUAL_SUREND": "2004", "QUAL_SURSTA": null, "QUAL_TECSOU": null, "QUAL_VERDAT": null, "QUAL_INFORM": "U.S. Navy LIDAR Survey, Archive No. 04HFM01, Scale 1:5,000-1:10,000", "QUAL_SORDAT": "20150206", "QUAL_SORIND": "US,US,reprt,L-246-2015", "QUAL_ENC_CELL": "US4TB3P0", "zoc_label": "B", "quality_model_weight": 0.72, "ALLEN_class_name": null, "semantic_zone": "outside_allen_geomorphic_or_unclassified", "allen_mapped": false, "DEPARE_DRVAL1": 30.0, "DEPARE_DRVAL2": 50.0, "DEPARE__enc_cell": "US4TB3P0", "DEPARE_VERDAT": null, "inside_osm_reef_polygon": false, "working_hypothesis_60_70": false, "working_hypothesis_gt100": false }, "geometry": { "type": "Point", "coordinates": [ 134.5883331, 7.3356586, 47.0 ] } },
{ "type": "Feature", "properties": { "RCID": 8843, "PRIM": 1, "GRUP": 2, "OBJL": 129, "RVER": 1, "AGEN": 550, "FIDN": -1126871900, "FIDS": 19802, "LNAM": "0226BCD54CA44D5A", "LNAM_REFS": null, "FFPT_RIND": null, "EXPSOU": null, "NOBJNM": null, "OBJNAM": null, "QUASOU": [ "4" ], "SOUACC": null, "TECSOU": null, "VERDAT": null, "STATUS": null, "INFORM": null, "NINFOM": null, "NTXTDS": null, "SCAMAX": null, "SCAMIN": 29999, "TXTDSC": null, "RECDAT": null, "RECIND": null, "SORDAT": "20150206", "SORIND": "US,US,reprt,L-246-2015", "DEPTH": 96.0, "_enc_cell": "US4TB3P0", "depth_m": 96.0, "_sound_id": 1370, "CATZOC": 5, "QUAL_POSACC": null, "QUAL_SOUACC": null, "QUAL_SUREND": "1938", "QUAL_SURSTA": "1915", "QUAL_TECSOU": null, "QUAL_VERDAT": null, "QUAL_INFORM": "Former Japan Chart 481 (Ed. 1940, Rev. 1944), from Japan surveys, Scale 1:25,000", "QUAL_SORDAT": "20150206", "QUAL_SORIND": "US,US,reprt,L-246-2015", "QUAL_ENC_CELL": "US4TB3P0", "zoc_label": "D", "quality_model_weight": 0.22, "ALLEN_class_name": null, "semantic_zone": "outside_allen_geomorphic_or_unclassified", "allen_mapped": false, "DEPARE_DRVAL1": 50.0, "DEPARE_DRVAL2": 100.0, "DEPARE__enc_cell": "US4TB3P0", "DEPARE_VERDAT": null, "inside_osm_reef_polygon": false, "working_hypothesis_60_70": false, "working_hypothesis_gt100": false }, "geometry": { "type": "Point", "coordinates": [ 134.589614899999987, 7.3277807, 96.0 ] } },
{ "type": "Feature", "properties": { "RCID": 8843, "PRIM": 1, "GRUP": 2, "OBJL": 129, "RVER": 1, "AGEN": 550, "FIDN": -1126871900, "FIDS": 19802, "LNAM": "0226BCD54CA44D5A", "LNAM_REFS": null, "FFPT_RIND": null, "EXPSOU": null, "NOBJNM": null, "OBJNAM": null, "QUASOU": [ "4" ], "SOUACC": null, "TECSOU": null, "VERDAT": null, "STATUS": null, "INFORM": null, "NINFOM": null, "NTXTDS": null, "SCAMAX": null, "SCAMIN": 29999, "TXTDSC": null, "RECDAT": null, "RECIND": null, "SORDAT": "20150206", "SORIND": "US,US,reprt,L-246-2015", "DEPTH": 42.0, "_enc_cell": "US4TB3P0", "depth_m": 42.0, "_sound_id": 1371, "CATZOC": 3, "QUAL_POSACC": null, "QUAL_SOUACC": null, "QUAL_SUREND": "2004", "QUAL_SURSTA": null, "QUAL_TECSOU": null, "QUAL_VERDAT": null, "QUAL_INFORM": "U.S. Navy LIDAR Survey, Archive No. 04HFM01, Scale 1:5,000-1:10,000", "QUAL_SORDAT": "20150206", "QUAL_SORIND": "US,US,reprt,L-246-2015", "QUAL_ENC_CELL": "US4TB3P0", "zoc_label": "B", "quality_model_weight": 0.72, "ALLEN_class_name": null, "semantic_zone": "outside_allen_geomorphic_or_unclassified", "allen_mapped": false, "DEPARE_DRVAL1": 30.0, "DEPARE_DRVAL2": 50.0, "DEPARE__enc_cell": "US4TB3P0", "DEPARE_VERDAT": null, "inside_osm_reef_polygon": false, "working_hypothesis_60_70": false, "working_hypothesis_gt100": false }, "geometry": { "type": "Point", "coordinates": [ 134.5904846, 7.3344808, 42.0 ] } },
{ "type": "Feature", "properties": { "RCID": 8843, "PRIM": 1, "GRUP": 2, "OBJL": 129, "RVER": 1, "AGEN": 550, "FIDN": -1126871900, "FIDS": 19802, "LNAM": "0226BCD54CA44D5A", "LNAM_REFS": null, "FFPT_RIND": null, "EXPSOU": null, "NOBJNM": null, "OBJNAM": null, "QUASOU": [ "4" ], "SOUACC": null, "TECSOU": null, "VERDAT": null, "STATUS": null, "INFORM": null, "NINFOM": null, "NTXTDS": null, "SCAMAX": null, "SCAMIN": 29999, "TXTDSC": null, "RECDAT": null, "RECIND": null, "SORDAT": "20150206", "SORIND": "US,US,reprt,L-246-2015", "DEPTH": 6.5, "_enc_cell": "US4TB3P0", "depth_m": 6.5, "_sound_id": 1372, "CATZOC": 5, "QUAL_POSACC": null, "QUAL_SOUACC": null, "QUAL_SUREND": "1938", "QUAL_SURSTA": "1915", "QUAL_TECSOU": null, "QUAL_VERDAT": null, "QUAL_INFORM": "Former Japan Chart 481 (Ed. 1940, Rev. 1944), from Japan surveys, Scale 1:25,000", "QUAL_SORDAT": "20150206", "QUAL_SORIND": "US,US,reprt,L-246-2015", "QUAL_ENC_CELL": "US4TB3P0", "zoc_label": "D", "quality_model_weight": 0.22, "ALLEN_class_name": "Deep Lagoon", "semantic_zone": "deep_lagoon", "allen_mapped": true, "DEPARE_DRVAL1": 5.0, "DEPARE_DRVAL2": 10.0, "DEPARE__enc_cell": "US4TB3P0", "DEPARE_VERDAT": null, "inside_osm_reef_polygon": false, "working_hypothesis_60_70": false, "working_hypothesis_gt100": false }, "geometry": { "type": "Point", "coordinates": [ 134.5951538, 7.3754501, 6.5 ] } },
{ "type": "Feature", "properties": { "RCID": 8843, "PRIM": 1, "GRUP": 2, "OBJL": 129, "RVER": 1, "AGEN": 550, "FIDN": -1126871900, "FIDS": 19802, "LNAM": "0226BCD54CA44D5A", "LNAM_REFS": null, "FFPT_RIND": null, "EXPSOU": null, "NOBJNM": null, "OBJNAM": null, "QUASOU": [ "4" ], "SOUACC": null, "TECSOU": null, "VERDAT": null, "STATUS": null, "INFORM": null, "NINFOM": null, "NTXTDS": null, "SCAMAX": null, "SCAMIN": 29999, "TXTDSC": null, "RECDAT": null, "RECIND": null, "SORDAT": "20150206", "SORIND": "US,US,reprt,L-246-2015", "DEPTH": 56.0, "_enc_cell": "US4TB3P0", "depth_m": 56.0, "_sound_id": 1373, "CATZOC": 5, "QUAL_POSACC": null, "QUAL_SOUACC": null, "QUAL_SUREND": "1938", "QUAL_SURSTA": "1915", "QUAL_TECSOU": null, "QUAL_VERDAT": null, "QUAL_INFORM": "Former Japan Chart 481 (Ed. 1940, Rev. 1944), from Japan surveys, Scale 1:25,000", "QUAL_SORDAT": "20150206", "QUAL_SORIND": "US,US,reprt,L-246-2015", "QUAL_ENC_CELL": "US4TB3P0", "zoc_label": "D", "quality_model_weight": 0.22, "ALLEN_class_name": null, "semantic_zone": "outside_allen_geomorphic_or_unclassified", "allen_mapped": false, "DEPARE_DRVAL1": 50.0, "DEPARE_DRVAL2": 100.0, "DEPARE__enc_cell": "US4TB3P0", "DEPARE_VERDAT": null, "inside_osm_reef_polygon": false, "working_hypothesis_60_70": false, "working_hypothesis_gt100": false }, "geometry": { "type": "Point", "coordinates": [ 134.597885100000013, 7.3758473, 56.0 ] } },
{ "type": "Feature", "properties": { "RCID": 8843, "PRIM": 1, "GRUP": 2, "OBJL": 129, "RVER": 1, "AGEN": 550, "FIDN": -1126871900, "FIDS": 19802, "LNAM": "0226BCD54CA44D5A", "LNAM_REFS": null, "FFPT_RIND": null, "EXPSOU": null, "NOBJNM": null, "OBJNAM": null, "QUASOU": [ "4" ], "SOUACC": null, "TECSOU": null, "VERDAT": null, "STATUS": null, "INFORM": null, "NINFOM": null, "NTXTDS": null, "SCAMAX": null, "SCAMIN": 29999, "TXTDSC": null, "RECDAT": null, "RECIND": null, "SORDAT": "20150206", "SORIND": "US,US,reprt,L-246-2015", "DEPTH": 21.0, "_enc_cell": "US4TB3P0", "depth_m": 21.0, "_sound_id": 1374, "CATZOC": 5, "QUAL_POSACC": null, "QUAL_SOUACC": null, "QUAL_SUREND": "1938", "QUAL_SURSTA": "1915", "QUAL_TECSOU": null, "QUAL_VERDAT": null, "QUAL_INFORM": "Former Japan Chart 481 (Ed. 1940, Rev. 1944), from Japan surveys, Scale 1:25,000", "QUAL_SORDAT": "20150206", "QUAL_SORIND": "US,US,reprt,L-246-2015", "QUAL_ENC_CELL": "US4TB3P0", "zoc_label": "D", "quality_model_weight": 0.22, "ALLEN_class_name": "Deep Lagoon", "semantic_zone": "deep_lagoon", "allen_mapped": true, "DEPARE_DRVAL1": 20.0, "DEPARE_DRVAL2": 30.0, "DEPARE__enc_cell": "US4TB3P0", "DEPARE_VERDAT": null, "inside_osm_reef_polygon": false, "working_hypothesis_60_70": false, "working_hypothesis_gt100": false }, "geometry": { "type": "Point", "coordinates": [ 134.598266599999988, 7.3714418, 21.0 ] } },
{ "type": "Feature", "properties": { "RCID": 8843, "PRIM": 1, "GRUP": 2, "OBJL": 129, "RVER": 1, "AGEN": 550, "FIDN": -1126871900, "FIDS": 19802, "LNAM": "0226BCD54CA44D5A", "LNAM_REFS": null, "FFPT_RIND": null, "EXPSOU": null, "NOBJNM": null, "OBJNAM": null, "QUASOU": [ "4" ], "SOUACC": null, "TECSOU": null, "VERDAT": null, "STATUS": null, "INFORM": null, "NINFOM": null, "NTXTDS": null, "SCAMAX": null, "SCAMIN": 29999, "TXTDSC": null, "RECDAT": null, "RECIND": null, "SORDAT": "20150206", "SORIND": "US,US,reprt,L-246-2015", "DEPTH": 54.0, "_enc_cell": "US4TB3P0", "depth_m": 54.0, "_sound_id": 1375, "CATZOC": 5, "QUAL_POSACC": null, "QUAL_SOUACC": null, "QUAL_SUREND": "1938", "QUAL_SURSTA": "1915", "QUAL_TECSOU": null, "QUAL_VERDAT": null, "QUAL_INFORM": "Former Japan Chart 481 (Ed. 1940, Rev. 1944), from Japan surveys, Scale 1:25,000", "QUAL_SORDAT": "20150206", "QUAL_SORIND": "US,US,reprt,L-246-2015", "QUAL_ENC_CELL": "US4TB3P0", "zoc_label": "D", "quality_model_weight": 0.22, "ALLEN_class_name": null, "semantic_zone": "outside_allen_geomorphic_or_unclassified", "allen_mapped": false, "DEPARE_DRVAL1": 50.0, "DEPARE_DRVAL2": 100.0, "DEPARE__enc_cell": "US4TB3P0", "DEPARE_VERDAT": null, "inside_osm_reef_polygon": false, "working_hypothesis_60_70": false, "working_hypothesis_gt100": false }, "geometry": { "type": "Point", "coordinates": [ 134.5994263, 7.3789554, 54.0 ] } },
{ "type": "Feature", "properties": { "RCID": 8843, "PRIM": 1, "GRUP": 2, "OBJL": 129, "RVER": 1, "AGEN": 550, "FIDN": -1126871900, "FIDS": 19802, "LNAM": "0226BCD54CA44D5A", "LNAM_REFS": null, "FFPT_RIND": null, "EXPSOU": null, "NOBJNM": null, "OBJNAM": null, "QUASOU": [ "4" ], "SOUACC": null, "TECSOU": null, "VERDAT": null, "STATUS": null, "INFORM": null, "NINFOM": null, "NTXTDS": null, "SCAMAX": null, "SCAMIN": 29999, "TXTDSC": null, "RECDAT": null, "RECIND": null, "SORDAT": "20150206", "SORIND": "US,US,reprt,L-246-2015", "DEPTH": 32.0, "_enc_cell": "US4TB3P0", "depth_m": 32.0, "_sound_id": 1376, "CATZOC": 5, "QUAL_POSACC": null, "QUAL_SOUACC": null, "QUAL_SUREND": "1938", "QUAL_SURSTA": "1915", "QUAL_TECSOU": null, "QUAL_VERDAT": null, "QUAL_INFORM": "Former Japan Chart 481 (Ed. 1940, Rev. 1944), from Japan surveys, Scale 1:25,000", "QUAL_SORDAT": "20150206", "QUAL_SORIND": "US,US,reprt,L-246-2015", "QUAL_ENC_CELL": "US4TB3P0", "zoc_label": "D", "quality_model_weight": 0.22, "ALLEN_class_name": "Reef Slope", "semantic_zone": "reef_slope", "allen_mapped": true, "DEPARE_DRVAL1": 30.0, "DEPARE_DRVAL2": 50.0, "DEPARE__enc_cell": "US4TB3P0", "DEPARE_VERDAT": null, "inside_osm_reef_polygon": false, "working_hypothesis_60_70": false, "working_hypothesis_gt100": false }, "geometry": { "type": "Point", "coordinates": [ 134.6009827, 7.3573499, 32.0 ] } },
{ "type": "Feature", "properties": { "RCID": 8843, "PRIM": 1, "GRUP": 2, "OBJL": 129, "RVER": 1, "AGEN": 550, "FIDN": -1126871900, "FIDS": 19802, "LNAM": "0226BCD54CA44D5A", "LNAM_REFS": null, "FFPT_RIND": null, "EXPSOU": null, "NOBJNM": null, "OBJNAM": null, "QUASOU": [ "4" ], "SOUACC": null, "TECSOU": null, "VERDAT": null, "STATUS": null, "INFORM": null, "NINFOM": null, "NTXTDS": null, "SCAMAX": null, "SCAMIN": 29999, "TXTDSC": null, "RECDAT": null, "RECIND": null, "SORDAT": "20150206", "SORIND": "US,US,reprt,L-246-2015", "DEPTH": 21.0, "_enc_cell": "US4TB3P0", "depth_m": 21.0, "_sound_id": 1377, "CATZOC": 5, "QUAL_POSACC": null, "QUAL_SOUACC": null, "QUAL_SUREND": "1938", "QUAL_SURSTA": "1915", "QUAL_TECSOU": null, "QUAL_VERDAT": null, "QUAL_INFORM": "Former Japan Chart 481 (Ed. 1940, Rev. 1944), from Japan surveys, Scale 1:25,000", "QUAL_SORDAT": "20150206", "QUAL_SORIND": "US,US,reprt,L-246-2015", "QUAL_ENC_CELL": "US4TB3P0", "zoc_label": "D", "quality_model_weight": 0.22, "ALLEN_class_name": "Deep Lagoon", "semantic_zone": "deep_lagoon", "allen_mapped": true, "DEPARE_DRVAL1": 20.0, "DEPARE_DRVAL2": 30.0, "DEPARE__enc_cell": "US4TB3P0", "DEPARE_VERDAT": null, "inside_osm_reef_polygon": false, "working_hypothesis_60_70": false, "working_hypothesis_gt100": false }, "geometry": { "type": "Point", "coordinates": [ 134.601257299999986, 7.3668499, 21.0 ] } },
{ "type": "Feature", "properties": { "RCID": 8843, "PRIM": 1, "GRUP": 2, "OBJL": 129, "RVER": 1, "AGEN": 550, "FIDN": -1126871900, "FIDS": 19802, "LNAM": "0226BCD54CA44D5A", "LNAM_REFS": null, "FFPT_RIND": null, "EXPSOU": null, "NOBJNM": null, "OBJNAM": null, "QUASOU": [ "4" ], "SOUACC": null, "TECSOU": null, "VERDAT": null, "STATUS": null, "INFORM": null, "NINFOM": null, "NTXTDS": null, "SCAMAX": null, "SCAMIN": 29999, "TXTDSC": null, "RECDAT": null, "RECIND": null, "SORDAT": "20150206", "SORIND": "US,US,reprt,L-246-2015", "DEPTH": 34.0, "_enc_cell": "US4TB3P0", "depth_m": 34.0, "_sound_id": 1378, "CATZOC": 5, "QUAL_POSACC": null, "QUAL_SOUACC": null, "QUAL_SUREND": "1938", "QUAL_SURSTA": "1915", "QUAL_TECSOU": null, "QUAL_VERDAT": null, "QUAL_INFORM": "Former Japan Chart 481 (Ed. 1940, Rev. 1944), from Japan surveys, Scale 1:25,000", "QUAL_SORDAT": "20150206", "QUAL_SORIND": "US,US,reprt,L-246-2015", "QUAL_ENC_CELL": "US4TB3P0", "zoc_label": "D", "quality_model_weight": 0.22, "ALLEN_class_name": null, "semantic_zone": "outside_allen_geomorphic_or_unclassified", "allen_mapped": false, "DEPARE_DRVAL1": 30.0, "DEPARE_DRVAL2": 50.0, "DEPARE__enc_cell": "US4TB3P0", "DEPARE_VERDAT": null, "inside_osm_reef_polygon": false, "working_hypothesis_60_70": false, "working_hypothesis_gt100": false }, "geometry": { "type": "Point", "coordinates": [ 134.6013489, 7.3724251, 34.0 ] } },
{ "type": "Feature", "properties": { "RCID": 8843, "PRIM": 1, "GRUP": 2, "OBJL": 129, "RVER": 1, "AGEN": 550, "FIDN": -1126871900, "FIDS": 19802, "LNAM": "0226BCD54CA44D5A", "LNAM_REFS": null, "FFPT_RIND": null, "EXPSOU": null, "NOBJNM": null, "OBJNAM": null, "QUASOU": [ "4" ], "SOUACC": null, "TECSOU": null, "VERDAT": null, "STATUS": null, "INFORM": null, "NINFOM": null, "NTXTDS": null, "SCAMAX": null, "SCAMIN": 29999, "TXTDSC": null, "RECDAT": null, "RECIND": null, "SORDAT": "20150206", "SORIND": "US,US,reprt,L-246-2015", "DEPTH": 64.0, "_enc_cell": "US4TB3P0", "depth_m": 64.0, "_sound_id": 1379, "CATZOC": 5, "QUAL_POSACC": null, "QUAL_SOUACC": null, "QUAL_SUREND": "1938", "QUAL_SURSTA": "1915", "QUAL_TECSOU": null, "QUAL_VERDAT": null, "QUAL_INFORM": "Former Japan Chart 481 (Ed. 1940, Rev. 1944), from Japan surveys, Scale 1:25,000", "QUAL_SORDAT": "20150206", "QUAL_SORIND": "US,US,reprt,L-246-2015", "QUAL_ENC_CELL": "US4TB3P0", "zoc_label": "D", "quality_model_weight": 0.22, "ALLEN_class_name": null, "semantic_zone": "outside_allen_geomorphic_or_unclassified", "allen_mapped": false, "DEPARE_DRVAL1": 50.0, "DEPARE_DRVAL2": 100.0, "DEPARE__enc_cell": "US4TB3P0", "DEPARE_VERDAT": null, "inside_osm_reef_polygon": false, "working_hypothesis_60_70": true, "working_hypothesis_gt100": false }, "geometry": { "type": "Point", "coordinates": [ 134.6026611, 7.3763471, 64.0 ] } },
{ "type": "Feature", "properties": { "RCID": 8843, "PRIM": 1, "GRUP": 2, "OBJL": 129, "RVER": 1, "AGEN": 550, "FIDN": -1126871900, "FIDS": 19802, "LNAM": "0226BCD54CA44D5A", "LNAM_REFS": null, "FFPT_RIND": null, "EXPSOU": null, "NOBJNM": null, "OBJNAM": null, "QUASOU": [ "4" ], "SOUACC": null, "TECSOU": null, "VERDAT": null, "STATUS": null, "INFORM": null, "NINFOM": null, "NTXTDS": null, "SCAMAX": null, "SCAMIN": 29999, "TXTDSC": null, "RECDAT": null, "RECIND": null, "SORDAT": "20150206", "SORIND": "US,US,reprt,L-246-2015", "DEPTH": 3.8, "_enc_cell": "US4TB3P0", "depth_m": 3.8, "_sound_id": 1380, "CATZOC": 5, "QUAL_POSACC": null, "QUAL_SOUACC": null, "QUAL_SUREND": "1938", "QUAL_SURSTA": "1915", "QUAL_TECSOU": null, "QUAL_VERDAT": null, "QUAL_INFORM": "Former Japan Chart 481 (Ed. 1940, Rev. 1944), from Japan surveys, Scale 1:25,000", "QUAL_SORDAT": "20150206", "QUAL_SORIND": "US,US,reprt,L-246-2015", "QUAL_ENC_CELL": "US4TB3P0", "zoc_label": "D", "quality_model_weight": 0.22, "ALLEN_class_name": "Deep Lagoon", "semantic_zone": "deep_lagoon", "allen_mapped": true, "DEPARE_DRVAL1": 2.0, "DEPARE_DRVAL2": 5.0, "DEPARE__enc_cell": "US4TB3P0", "DEPARE_VERDAT": null, "inside_osm_reef_polygon": false, "working_hypothesis_60_70": false, "working_hypothesis_gt100": false }, "geometry": { "type": "Point", "coordinates": [ 134.6027527, 7.361825, 3.8 ] } },
{ "type": "Feature", "properties": { "RCID": 8843, "PRIM": 1, "GRUP": 2, "OBJL": 129, "RVER": 1, "AGEN": 550, "FIDN": -1126871900, "FIDS": 19802, "LNAM": "0226BCD54CA44D5A", "LNAM_REFS": null, "FFPT_RIND": null, "EXPSOU": null, "NOBJNM": null, "OBJNAM": null, "QUASOU": [ "4" ], "SOUACC": null, "TECSOU": null, "VERDAT": null, "STATUS": null, "INFORM": null, "NINFOM": null, "NTXTDS": null, "SCAMAX": null, "SCAMIN": 29999, "TXTDSC": null, "RECDAT": null, "RECIND": null, "SORDAT": "20150206", "SORIND": "US,US,reprt,L-246-2015", "DEPTH": 3.3, "_enc_cell": "US4TB3P0", "depth_m": 3.3, "_sound_id": 1381, "CATZOC": 5, "QUAL_POSACC": null, "QUAL_SOUACC": null, "QUAL_SUREND": "1938", "QUAL_SURSTA": "1915", "QUAL_TECSOU": null, "QUAL_VERDAT": null, "QUAL_INFORM": "Former Japan Chart 481 (Ed. 1940, Rev. 1944), from Japan surveys, Scale 1:25,000", "QUAL_SORDAT": "20150206", "QUAL_SORIND": "US,US,reprt,L-246-2015", "QUAL_ENC_CELL": "US4TB3P0", "zoc_label": "D", "quality_model_weight": 0.22, "ALLEN_class_name": "Deep Lagoon", "semantic_zone": "deep_lagoon", "allen_mapped": true, "DEPARE_DRVAL1": 2.0, "DEPARE_DRVAL2": 5.0, "DEPARE__enc_cell": "US4TB3P0", "DEPARE_VERDAT": null, "inside_osm_reef_polygon": false, "working_hypothesis_60_70": false, "working_hypothesis_gt100": false }, "geometry": { "type": "Point", "coordinates": [ 134.6030884, 7.3674612, 3.3 ] } },
{ "type": "Feature", "properties": { "RCID": 8843, "PRIM": 1, "GRUP": 2, "OBJL": 129, "RVER": 1, "AGEN": 550, "FIDN": -1126871900, "FIDS": 19802, "LNAM": "0226BCD54CA44D5A", "LNAM_REFS": null, "FFPT_RIND": null, "EXPSOU": null, "NOBJNM": null, "OBJNAM": null, "QUASOU": [ "4" ], "SOUACC": null, "TECSOU": null, "VERDAT": null, "STATUS": null, "INFORM": null, "NINFOM": null, "NTXTDS": null, "SCAMAX": null, "SCAMIN": 29999, "TXTDSC": null, "RECDAT": null, "RECIND": null, "SORDAT": "20150206", "SORIND": "US,US,reprt,L-246-2015", "DEPTH": 32.0, "_enc_cell": "US4TB3P0", "depth_m": 32.0, "_sound_id": 1382, "CATZOC": 5, "QUAL_POSACC": null, "QUAL_SOUACC": null, "QUAL_SUREND": "1938", "QUAL_SURSTA": "1915", "QUAL_TECSOU": null, "QUAL_VERDAT": null, "QUAL_INFORM": "Former Japan Chart 481 (Ed. 1940, Rev. 1944), from Japan surveys, Scale 1:25,000", "QUAL_SORDAT": "20150206", "QUAL_SORIND": "US,US,reprt,L-246-2015", "QUAL_ENC_CELL": "US4TB3P0", "zoc_label": "D", "quality_model_weight": 0.22, "ALLEN_class_name": "Reef Slope", "semantic_zone": "reef_slope", "allen_mapped": true, "DEPARE_DRVAL1": 30.0, "DEPARE_DRVAL2": 50.0, "DEPARE__enc_cell": "US4TB3P0", "DEPARE_VERDAT": null, "inside_osm_reef_polygon": false, "working_hypothesis_60_70": false, "working_hypothesis_gt100": false }, "geometry": { "type": "Point", "coordinates": [ 134.603286700000012, 7.356689, 32.0 ] } },
{ "type": "Feature", "properties": { "RCID": 8843, "PRIM": 1, "GRUP": 2, "OBJL": 129, "RVER": 1, "AGEN": 550, "FIDN": -1126871900, "FIDS": 19802, "LNAM": "0226BCD54CA44D5A", "LNAM_REFS": null, "FFPT_RIND": null, "EXPSOU": null, "NOBJNM": null, "OBJNAM": null, "QUASOU": [ "4" ], "SOUACC": null, "TECSOU": null, "VERDAT": null, "STATUS": null, "INFORM": null, "NINFOM": null, "NTXTDS": null, "SCAMAX": null, "SCAMIN": 29999, "TXTDSC": null, "RECDAT": null, "RECIND": null, "SORDAT": "20150206", "SORIND": "US,US,reprt,L-246-2015", "DEPTH": 29.0, "_enc_cell": "US4TB3P0", "depth_m": 29.0, "_sound_id": 1383, "CATZOC": 5, "QUAL_POSACC": null, "QUAL_SOUACC": null, "QUAL_SUREND": "1938", "QUAL_SURSTA": "1915", "QUAL_TECSOU": null, "QUAL_VERDAT": null, "QUAL_INFORM": "Former Japan Chart 481 (Ed. 1940, Rev. 1944), from Japan surveys, Scale 1:25,000", "QUAL_SORDAT": "20150206", "QUAL_SORIND": "US,US,reprt,L-246-2015", "QUAL_ENC_CELL": "US4TB3P0", "zoc_label": "D", "quality_model_weight": 0.22, "ALLEN_class_name": null, "semantic_zone": "outside_allen_geomorphic_or_unclassified", "allen_mapped": false, "DEPARE_DRVAL1": 20.0, "DEPARE_DRVAL2": 30.0, "DEPARE__enc_cell": "US4TB3P0", "DEPARE_VERDAT": null, "inside_osm_reef_polygon": false, "working_hypothesis_60_70": false, "working_hypothesis_gt100": false }, "geometry": { "type": "Point", "coordinates": [ 134.6041107, 7.3600278, 29.0 ] } },
{ "type": "Feature", "properties": { "RCID": 8843, "PRIM": 1, "GRUP": 2, "OBJL": 129, "RVER": 1, "AGEN": 550, "FIDN": -1126871900, "FIDS": 19802, "LNAM": "0226BCD54CA44D5A", "LNAM_REFS": null, "FFPT_RIND": null, "EXPSOU": null, "NOBJNM": null, "OBJNAM": null, "QUASOU": [ "4" ], "SOUACC": null, "TECSOU": null, "VERDAT": null, "STATUS": null, "INFORM": null, "NINFOM": null, "NTXTDS": null, "SCAMAX": null, "SCAMIN": 29999, "TXTDSC": null, "RECDAT": null, "RECIND": null, "SORDAT": "20150206", "SORIND": "US,US,reprt,L-246-2015", "DEPTH": 7.4, "_enc_cell": "US4TB3P0", "depth_m": 7.4, "_sound_id": 1384, "CATZOC": 5, "QUAL_POSACC": null, "QUAL_SOUACC": null, "QUAL_SUREND": "1938", "QUAL_SURSTA": "1915", "QUAL_TECSOU": null, "QUAL_VERDAT": null, "QUAL_INFORM": "Former Japan Chart 481 (Ed. 1940, Rev. 1944), from Japan surveys, Scale 1:25,000", "QUAL_SORDAT": "20150206", "QUAL_SORIND": "US,US,reprt,L-246-2015", "QUAL_ENC_CELL": "US4TB3P0", "zoc_label": "D", "quality_model_weight": 0.22, "ALLEN_class_name": null, "semantic_zone": "outside_allen_geomorphic_or_unclassified", "allen_mapped": false, "DEPARE_DRVAL1": 5.0, "DEPARE_DRVAL2": 10.0, "DEPARE__enc_cell": "US4TB3P0", "DEPARE_VERDAT": null, "inside_osm_reef_polygon": false, "working_hypothesis_60_70": false, "working_hypothesis_gt100": false }, "geometry": { "type": "Point", "coordinates": [ 134.6046906, 7.3710861, 7.4 ] } },
{ "type": "Feature", "properties": { "RCID": 8845, "PRIM": 1, "GRUP": 2, "OBJL": 129, "RVER": 1, "AGEN": 550, "FIDN": 2075135465, "FIDS": 19802, "LNAM": "02267BB00DE94D5A", "LNAM_REFS": null, "FFPT_RIND": null, "EXPSOU": 3.0, "NOBJNM": null, "OBJNAM": null, "QUASOU": [ "4" ], "SOUACC": null, "TECSOU": null, "VERDAT": null, "STATUS": null, "INFORM": null, "NINFOM": null, "NTXTDS": null, "SCAMAX": null, "SCAMIN": 29999, "TXTDSC": null, "RECDAT": null, "RECIND": null, "SORDAT": "20150206", "SORIND": "US,US,reprt,L-246-2015", "DEPTH": 62.0, "_enc_cell": "US4TB3P0", "depth_m": 62.0, "_sound_id": 1410, "CATZOC": 3, "QUAL_POSACC": null, "QUAL_SOUACC": null, "QUAL_SUREND": "2004", "QUAL_SURSTA": null, "QUAL_TECSOU": null, "QUAL_VERDAT": null, "QUAL_INFORM": "U.S. Navy LIDAR Survey, Archive No. 04HFM01, Scale 1:5,000-1:10,000", "QUAL_SORDAT": "20150206", "QUAL_SORIND": "US,US,reprt,L-246-2015", "QUAL_ENC_CELL": "US4TB3P0", "zoc_label": "B", "quality_model_weight": 0.72, "ALLEN_class_name": null, "semantic_zone": "outside_allen_geomorphic_or_unclassified", "allen_mapped": false, "DEPARE_DRVAL1": 30.0, "DEPARE_DRVAL2": 50.0, "DEPARE__enc_cell": "US4TB3P0", "DEPARE_VERDAT": null, "inside_osm_reef_polygon": false, "working_hypothesis_60_70": true, "working_hypothesis_gt100": false }, "geometry": { "type": "Point", "coordinates": [ 134.5733643, 7.3416863, 62.0 ] } }
]
}
