RCID,PRIM,GRUP,OBJL,RVER,AGEN,FIDN,FIDS,LNAM,LNAM_REFS,FFPT_RIND,EXPSOU,NOBJNM,OBJNAM,QUASOU,SOUACC,TECSOU,VERDAT,STATUS,INFORM,NINFOM,NTXTDS,SCAMAX,SCAMIN,TXTDSC,RECDAT,RECIND,SORDAT,SORIND,DEPTH,_enc_cell,depth_m,_sound_id,CATZOC,QUAL_POSACC,QUAL_SOUACC,QUAL_SUREND,QUAL_SURSTA,QUAL_TECSOU,QUAL_VERDAT,QUAL_INFORM,QUAL_SORDAT,QUAL_SORIND,QUAL_ENC_CELL,zoc_label,quality_model_weight,ALLEN_class_name,semantic_zone,allen_mapped,DEPARE_DRVAL1,DEPARE_DRVAL2,DEPARE__enc_cell,DEPARE_VERDAT,inside_osm_reef_polygon,working_hypothesis_60_70,working_hypothesis_gt100,lon,lat
8841,1,2,129,1,550,-2004046809,19802,0226888CAC274D5A,,,,,,,,,,,,,,,29999,,,,20150206,"US,US,reprt,L-246-2015",25.4,US4TB3P0,25.4,701,3,,,2004,,,,"U.S. Navy LIDAR Survey, Archive No. 04HFM01, Scale 1:5,000-1:10,000",20150206,"US,US,reprt,L-246-2015",US4TB3P0,B,0.72,Deep Lagoon,deep_lagoon,True,20.0,30.0,US4TB3P0,,False,False,False,134.5380249,7.3152971
8841,1,2,129,1,550,-2004046809,19802,0226888CAC274D5A,,,,,,,,,,,,,,,29999,,,,20150206,"US,US,reprt,L-246-2015",60.0,US4TB3P0,60.0,775,5,,,1938,1915,,,"Former Japan Chart 481 (Ed. 1940, Rev. 1944), from Japan surveys, Scale 1:25,000",20150206,"US,US,reprt,L-246-2015",US4TB3P0,D,0.22,,outside_allen_geomorphic_or_unclassified,False,50.0,100.0,US4TB3P0,,False,True,False,134.5438232,7.3162918
8841,1,2,129,1,550,-2004046809,19802,0226888CAC274D5A,,,,,,,,,,,,,,,29999,,,,20150206,"US,US,reprt,L-246-2015",50.0,US4TB3P0,50.0,799,5,,,1938,1915,,,"Former Japan Chart 481 (Ed. 1940, Rev. 1944), from Japan surveys, Scale 1:25,000",20150206,"US,US,reprt,L-246-2015",US4TB3P0,D,0.22,,outside_allen_geomorphic_or_unclassified,False,30.0,50.0,US4TB3P0,,False,False,False,134.5462036,7.3194666
8841,1,2,129,1,550,-2004046809,19802,0226888CAC274D5A,,,,,,,,,,,,,,,29999,,,,20150206,"US,US,reprt,L-246-2015",64.0,US4TB3P0,64.0,804,5,,,1938,1915,,,"Former Japan Chart 481 (Ed. 1940, Rev. 1944), from Japan surveys, Scale 1:25,000",20150206,"US,US,reprt,L-246-2015",US4TB3P0,D,0.22,,outside_allen_geomorphic_or_unclassified,False,50.0,100.0,US4TB3P0,,False,True,False,134.5475159,7.3153305
8841,1,2,129,1,550,-2004046809,19802,0226888CAC274D5A,,,,,,,,,,,,,,,29999,,,,20150206,"US,US,reprt,L-246-2015",41.0,US4TB3P0,41.0,819,5,,,1938,1915,,,"Former Japan Chart 481 (Ed. 1940, Rev. 1944), from Japan surveys, Scale 1:25,000",20150206,"US,US,reprt,L-246-2015",US4TB3P0,D,0.22,,outside_allen_geomorphic_or_unclassified,False,30.0,50.0,US4TB3P0,,False,False,False,134.5493317,7.319211
8841,1,2,129,1,550,-2004046809,19802,0226888CAC274D5A,,,,,,,,,,,,,,,29999,,,,20150206,"US,US,reprt,L-246-2015",46.0,US4TB3P0,46.0,837,5,,,1938,1915,,,"Former Japan Chart 481 (Ed. 1940, Rev. 1944), from Japan surveys, Scale 1:25,000",20150206,"US,US,reprt,L-246-2015",US4TB3P0,D,0.22,,outside_allen_geomorphic_or_unclassified,False,30.0,50.0,US4TB3P0,,False,False,False,134.5514679,7.3230224
8841,1,2,129,1,550,-2004046809,19802,0226888CAC274D5A,,,,,,,,,,,,,,,29999,,,,20150206,"US,US,reprt,L-246-2015",44.0,US4TB3P0,44.0,840,5,,,1938,1915,,,"Former Japan Chart 481 (Ed. 1940, Rev. 1944), from Japan surveys, Scale 1:25,000",20150206,"US,US,reprt,L-246-2015",US4TB3P0,D,0.22,,outside_allen_geomorphic_or_unclassified,False,30.0,50.0,US4TB3P0,,False,False,False,134.5516968,7.3172498
8841,1,2,129,1,550,-2004046809,19802,0226888CAC274D5A,,,,,,,,,,,,,,,29999,,,,20150206,"US,US,reprt,L-246-2015",66.0,US4TB3P0,66.0,842,5,,,1938,1915,,,"Former Japan Chart 481 (Ed. 1940, Rev. 1944), from Japan surveys, Scale 1:25,000",20150206,"US,US,reprt,L-246-2015",US4TB3P0,D,0.22,,outside_allen_geomorphic_or_unclassified,False,50.0,100.0,US4TB3P0,,False,True,False,134.5517578,7.3210888
8841,1,2,129,1,550,-2004046809,19802,0226888CAC274D5A,,,,,,,,,,,,,,,29999,,,,20150206,"US,US,reprt,L-246-2015",32.0,US4TB3P0,32.0,848,5,,,1938,1915,,,"Former Japan Chart 481 (Ed. 1940, Rev. 1944), from Japan surveys, Scale 1:25,000",20150206,"US,US,reprt,L-246-2015",US4TB3P0,D,0.22,,outside_allen_geomorphic_or_unclassified,False,30.0,50.0,US4TB3P0,,False,False,False,134.5529785,7.3225164
8841,1,2,129,1,550,-2004046809,19802,0226888CAC274D5A,,,,,,,,,,,,,,,29999,,,,20150206,"US,US,reprt,L-246-2015",7.3,US4TB3P0,7.3,850,5,,,1938,1915,,,"Former Japan Chart 481 (Ed. 1940, Rev. 1944), from Japan surveys, Scale 1:25,000",20150206,"US,US,reprt,L-246-2015",US4TB3P0,D,0.22,,outside_allen_geomorphic_or_unclassified,False,5.0,10.0,US4TB3P0,,False,False,False,134.55336,7.3192058
8841,1,2,129,1,550,-2004046809,19802,0226888CAC274D5A,,,,,,,,,,,,,,,29999,,,,20150206,"US,US,reprt,L-246-2015",58.0,US4TB3P0,58.0,854,5,,,1938,1915,,,"Former Japan Chart 481 (Ed. 1940, Rev. 1944), from Japan surveys, Scale 1:25,000",20150206,"US,US,reprt,L-246-2015",US4TB3P0,D,0.22,,outside_allen_geomorphic_or_unclassified,False,50.0,100.0,US4TB3P0,,False,False,False,134.5541229,7.3213334
8841,1,2,129,1,550,-2004046809,19802,0226888CAC274D5A,,,,,,,,,,,,,,,29999,,,,20150206,"US,US,reprt,L-246-2015",29.4,US4TB3P0,29.4,855,5,,,1938,1915,,,"Former Japan Chart 481 (Ed. 1940, Rev. 1944), from Japan surveys, Scale 1:25,000",20150206,"US,US,reprt,L-246-2015",US4TB3P0,D,0.22,,outside_allen_geomorphic_or_unclassified,False,20.0,30.0,US4TB3P0,,False,False,False,134.5541382,7.3197613
8841,1,2,129,1,550,-2004046809,19802,0226888CAC274D5A,,,,,,,,,,,,,,,29999,,,,20150206,"US,US,reprt,L-246-2015",35.0,US4TB3P0,35.0,856,5,,,1938,1915,,,"Former Japan Chart 481 (Ed. 1940, Rev. 1944), from Japan surveys, Scale 1:25,000",20150206,"US,US,reprt,L-246-2015",US4TB3P0,D,0.22,,outside_allen_geomorphic_or_unclassified,False,30.0,50.0,US4TB3P0,,False,False,False,134.5543976,7.3252807
8841,1,2,129,1,550,-2004046809,19802,0226888CAC274D5A,,,,,,,,,,,,,,,29999,,,,20150206,"US,US,reprt,L-246-2015",34.0,US4TB3P0,34.0,858,5,,,1938,1915,,,"Former Japan Chart 481 (Ed. 1940, Rev. 1944), from Japan surveys, Scale 1:25,000",20150206,"US,US,reprt,L-246-2015",US4TB3P0,D,0.22,,outside_allen_geomorphic_or_unclassified,False,30.0,50.0,US4TB3P0,,False,False,False,134.5546112,7.323575
8841,1,2,129,1,550,-2004046809,19802,0226888CAC274D5A,,,,,,,,,,,,,,,29999,,,,20150206,"US,US,reprt,L-246-2015",40.0,US4TB3P0,40.0,862,5,,,1938,1915,,,"Former Japan Chart 481 (Ed. 1940, Rev. 1944), from Japan surveys, Scale 1:25,000",20150206,"US,US,reprt,L-246-2015",US4TB3P0,D,0.22,,outside_allen_geomorphic_or_unclassified,False,30.0,50.0,US4TB3P0,,False,False,False,134.555954,7.3168197
8841,1,2,129,1,550,-2004046809,19802,0226888CAC274D5A,,,,,,,,,,,,,,,29999,,,,20150206,"US,US,reprt,L-246-2015",30.8,US4TB3P0,30.8,866,3,,,2004,,,,"U.S. Navy LIDAR Survey, Archive No. 04HFM01, Scale 1:5,000-1:10,000",20150206,"US,US,reprt,L-246-2015",US4TB3P0,B,0.72,,outside_allen_geomorphic_or_unclassified,False,30.0,50.0,US4TB3P0,,False,False,False,134.5565643,7.3253388
8841,1,2,129,1,550,-2004046809,19802,0226888CAC274D5A,,,,,,,,,,,,,,,29999,,,,20150206,"US,US,reprt,L-246-2015",28.4,US4TB3P0,28.4,868,5,,,1938,1915,,,"Former Japan Chart 481 (Ed. 1940, Rev. 1944), from Japan surveys, Scale 1:25,000",20150206,"US,US,reprt,L-246-2015",US4TB3P0,D,0.22,,outside_allen_geomorphic_or_unclassified,False,20.0,30.0,US4TB3P0,,False,False,False,134.5569458,7.3242221
8841,1,2,129,1,550,-2004046809,19802,0226888CAC274D5A,,,,,,,,,,,,,,,29999,,,,20150206,"US,US,reprt,L-246-2015",6.4,US4TB3P0,6.4,871,3,,,2004,,,,"U.S. Navy LIDAR Survey, Archive No. 04HFM01, Scale 1:5,000-1:10,000",20150206,"US,US,reprt,L-246-2015",US4TB3P0,B,0.72,Back Reef Slope,reef_slope,True,5.0,10.0,US4TB3P0,,False,False,False,134.557724,7.3291221
8841,1,2,129,1,550,-2004046809,19802,0226888CAC274D5A,,,,,,,,,,,,,,,29999,,,,20150206,"US,US,reprt,L-246-2015",31.0,US4TB3P0,31.0,876,5,,,1938,1915,,,"Former Japan Chart 481 (Ed. 1940, Rev. 1944), from Japan surveys, Scale 1:25,000",20150206,"US,US,reprt,L-246-2015",US4TB3P0,D,0.22,,outside_allen_geomorphic_or_unclassified,False,30.0,50.0,US4TB3P0,,False,False,False,134.5588226,7.3216529
8841,1,2,129,1,550,-2004046809,19802,0226888CAC274D5A,,,,,,,,,,,,,,,29999,,,,20150206,"US,US,reprt,L-246-2015",27.6,US4TB3P0,27.6,877,3,,,2004,,,,"U.S. Navy LIDAR Survey, Archive No. 04HFM01, Scale 1:5,000-1:10,000",20150206,"US,US,reprt,L-246-2015",US4TB3P0,B,0.72,,outside_allen_geomorphic_or_unclassified,False,20.0,30.0,US4TB3P0,,False,False,False,134.5592957,7.3235278
8841,1,2,129,1,550,-2004046809,19802,0226888CAC274D5A,,,,,,,,,,,,,,,29999,,,,20150206,"US,US,reprt,L-246-2015",29.3,US4TB3P0,29.3,878,3,,,2004,,,,"U.S. Navy LIDAR Survey, Archive No. 04HFM01, Scale 1:5,000-1:10,000",20150206,"US,US,reprt,L-246-2015",US4TB3P0,B,0.72,,outside_allen_geomorphic_or_unclassified,False,20.0,30.0,US4TB3P0,,False,False,False,134.5594635,7.326272
8841,1,2,129,1,550,-2004046809,19802,0226888CAC274D5A,,,,,,,,,,,,,,,29999,,,,20150206,"US,US,reprt,L-246-2015",26.3,US4TB3P0,26.3,879,3,,,2004,,,,"U.S. Navy LIDAR Survey, Archive No. 04HFM01, Scale 1:5,000-1:10,000",20150206,"US,US,reprt,L-246-2015",US4TB3P0,B,0.72,,outside_allen_geomorphic_or_unclassified,False,20.0,30.0,US4TB3P0,,False,False,False,134.559494,7.3244805
8841,1,2,129,1,550,-2004046809,19802,0226888CAC274D5A,,,,,,,,,,,,,,,29999,,,,20150206,"US,US,reprt,L-246-2015",42.0,US4TB3P0,42.0,881,3,,,2004,,,,"U.S. Navy LIDAR Survey, Archive No. 04HFM01, Scale 1:5,000-1:10,000",20150206,"US,US,reprt,L-246-2015",US4TB3P0,B,0.72,,outside_allen_geomorphic_or_unclassified,False,30.0,50.0,US4TB3P0,,False,False,False,134.5597992,7.327672
8841,1,2,129,1,550,-2004046809,19802,0226888CAC274D5A,,,,,,,,,,,,,,,29999,,,,20150206,"US,US,reprt,L-246-2015",40.0,US4TB3P0,40.0,882,5,,,1938,1915,,,"Former Japan Chart 481 (Ed. 1940, Rev. 1944), from Japan surveys, Scale 1:25,000",20150206,"US,US,reprt,L-246-2015",US4TB3P0,D,0.22,,outside_allen_geomorphic_or_unclassified,False,30.0,50.0,US4TB3P0,,False,False,False,134.5598145,7.3175335
8841,1,2,129,1,550,-2004046809,19802,0226888CAC274D5A,,,,,,,,,,,,,,,29999,,,,20150206,"US,US,reprt,L-246-2015",6.9,US4TB3P0,6.9,883,3,,,2004,,,,"U.S. Navy LIDAR Survey, Archive No. 04HFM01, Scale 1:5,000-1:10,000",20150206,"US,US,reprt,L-246-2015",US4TB3P0,B,0.72,Back Reef Slope,reef_slope,True,5.0,10.0,US4TB3P0,,False,False,False,134.5600128,7.331625
8841,1,2,129,1,550,-2004046809,19802,0226888CAC274D5A,,,,,,,,,,,,,,,29999,,,,20150206,"US,US,reprt,L-246-2015",29.7,US4TB3P0,29.7,886,3,,,2004,,,,"U.S. Navy LIDAR Survey, Archive No. 04HFM01, Scale 1:5,000-1:10,000",20150206,"US,US,reprt,L-246-2015",US4TB3P0,B,0.72,,outside_allen_geomorphic_or_unclassified,False,20.0,30.0,US4TB3P0,,False,False,False,134.5602417,7.3269529
8841,1,2,129,1,550,-2004046809,19802,0226888CAC274D5A,,,,,,,,,,,,,,,29999,,,,20150206,"US,US,reprt,L-246-2015",28.3,US4TB3P0,28.3,888,5,,,1938,1915,,,"Former Japan Chart 481 (Ed. 1940, Rev. 1944), from Japan surveys, Scale 1:25,000",20150206,"US,US,reprt,L-246-2015",US4TB3P0,D,0.22,,outside_allen_geomorphic_or_unclassified,False,20.0,30.0,US4TB3P0,,False,False,False,134.5607605,7.3196778
8841,1,2,129,1,550,-2004046809,19802,0226888CAC274D5A,,,,,,,,,,,,,,,29999,,,,20150206,"US,US,reprt,L-246-2015",6.2,US4TB3P0,6.2,892,3,,,2004,,,,"U.S. Navy LIDAR Survey, Archive No. 04HFM01, Scale 1:5,000-1:10,000",20150206,"US,US,reprt,L-246-2015",US4TB3P0,B,0.72,,outside_allen_geomorphic_or_unclassified,False,5.0,10.0,US4TB3P0,,False,False,False,134.5618744,7.3334637
8841,1,2,129,1,550,-2004046809,19802,0226888CAC274D5A,,,,,,,,,,,,,,,29999,,,,20150206,"US,US,reprt,L-246-2015",26.9,US4TB3P0,26.9,893,3,,,2004,,,,"U.S. Navy LIDAR Survey, Archive No. 04HFM01, Scale 1:5,000-1:10,000",20150206,"US,US,reprt,L-246-2015",US4TB3P0,B,0.72,,outside_allen_geomorphic_or_unclassified,False,20.0,30.0,US4TB3P0,,False,False,False,134.5619049,7.3284526
8841,1,2,129,1,550,-2004046809,19802,0226888CAC274D5A,,,,,,,,,,,,,,,29999,,,,20150206,"US,US,reprt,L-246-2015",29.1,US4TB3P0,29.1,894,3,,,2004,,,,"U.S. Navy LIDAR Survey, Archive No. 04HFM01, Scale 1:5,000-1:10,000",20150206,"US,US,reprt,L-246-2015",US4TB3P0,B,0.72,,outside_allen_geomorphic_or_unclassified,False,20.0,30.0,US4TB3P0,,False,False,False,134.5619202,7.3260889
8841,1,2,129,1,550,-2004046809,19802,0226888CAC274D5A,,,,,,,,,,,,,,,29999,,,,20150206,"US,US,reprt,L-246-2015",32.0,US4TB3P0,32.0,895,5,,,1938,1915,,,"Former Japan Chart 481 (Ed. 1940, Rev. 1944), from Japan surveys, Scale 1:25,000",20150206,"US,US,reprt,L-246-2015",US4TB3P0,D,0.22,,outside_allen_geomorphic_or_unclassified,False,30.0,50.0,US4TB3P0,,False,False,False,134.5620422,7.3210387
8841,1,2,129,1,550,-2004046809,19802,0226888CAC274D5A,,,,,,,,,,,,,,,29999,,,,20150206,"US,US,reprt,L-246-2015",23.0,US4TB3P0,23.0,899,3,,,2004,,,,"U.S. Navy LIDAR Survey, Archive No. 04HFM01, Scale 1:5,000-1:10,000",20150206,"US,US,reprt,L-246-2015",US4TB3P0,B,0.72,,outside_allen_geomorphic_or_unclassified,False,20.0,30.0,US4TB3P0,,False,False,False,134.5623627,7.3307805
8841,1,2,129,1,550,-2004046809,19802,0226888CAC274D5A,,,,,,,,,,,,,,,29999,,,,20150206,"US,US,reprt,L-246-2015",24.2,US4TB3P0,24.2,900,5,,,1938,1915,,,"Former Japan Chart 481 (Ed. 1940, Rev. 1944), from Japan surveys, Scale 1:25,000",20150206,"US,US,reprt,L-246-2015",US4TB3P0,D,0.22,,outside_allen_geomorphic_or_unclassified,False,20.0,30.0,US4TB3P0,,False,False,False,134.5625763,7.3228526
8841,1,2,129,1,550,-2004046809,19802,0226888CAC274D5A,,,,,,,,,,,,,,,29999,,,,20150206,"US,US,reprt,L-246-2015",28.3,US4TB3P0,28.3,901,3,,,2004,,,,"U.S. Navy LIDAR Survey, Archive No. 04HFM01, Scale 1:5,000-1:10,000",20150206,"US,US,reprt,L-246-2015",US4TB3P0,B,0.72,,outside_allen_geomorphic_or_unclassified,False,20.0,30.0,US4TB3P0,,False,False,False,134.5626068,7.3242831
8841,1,2,129,1,550,-2004046809,19802,0226888CAC274D5A,,,,,,,,,,,,,,,29999,,,,20150206,"US,US,reprt,L-246-2015",6.5,US4TB3P0,6.5,902,3,,,2004,,,,"U.S. Navy LIDAR Survey, Archive No. 04HFM01, Scale 1:5,000-1:10,000",20150206,"US,US,reprt,L-246-2015",US4TB3P0,B,0.72,,outside_allen_geomorphic_or_unclassified,False,5.0,10.0,US4TB3P0,,False,False,False,134.5629578,7.3342333
8841,1,2,129,1,550,-2004046809,19802,0226888CAC274D5A,,,,,,,,,,,,,,,29999,,,,20150206,"US,US,reprt,L-246-2015",5.6,US4TB3P0,5.6,904,3,,,2004,,,,"U.S. Navy LIDAR Survey, Archive No. 04HFM01, Scale 1:5,000-1:10,000",20150206,"US,US,reprt,L-246-2015",US4TB3P0,B,0.72,Back Reef Slope,reef_slope,True,5.0,10.0,US4TB3P0,,False,False,False,134.5631256,7.3356471
8841,1,2,129,1,550,-2004046809,19802,0226888CAC274D5A,,,,,,,,,,,,,,,29999,,,,20150206,"US,US,reprt,L-246-2015",25.3,US4TB3P0,25.3,908,3,,,2004,,,,"U.S. Navy LIDAR Survey, Archive No. 04HFM01, Scale 1:5,000-1:10,000",20150206,"US,US,reprt,L-246-2015",US4TB3P0,B,0.72,,outside_allen_geomorphic_or_unclassified,False,20.0,30.0,US4TB3P0,,False,False,False,134.5634155,7.3304558
8841,1,2,129,1,550,-2004046809,19802,0226888CAC274D5A,,,,,,,,,,,,,,,29999,,,,20150206,"US,US,reprt,L-246-2015",13.0,US4TB3P0,13.0,909,3,,,2004,,,,"U.S. Navy LIDAR Survey, Archive No. 04HFM01, Scale 1:5,000-1:10,000",20150206,"US,US,reprt,L-246-2015",US4TB3P0,B,0.72,,outside_allen_geomorphic_or_unclassified,False,10.0,20.0,US4TB3P0,,False,False,False,134.5638275,7.3344002
8841,1,2,129,1,550,-2004046809,19802,0226888CAC274D5A,,,,,,,,,,,,,,,29999,,,,20150206,"US,US,reprt,L-246-2015",6.4,US4TB3P0,6.4,910,3,,,2004,,,,"U.S. Navy LIDAR Survey, Archive No. 04HFM01, Scale 1:5,000-1:10,000",20150206,"US,US,reprt,L-246-2015",US4TB3P0,B,0.72,,outside_allen_geomorphic_or_unclassified,False,5.0,10.0,US4TB3P0,,False,False,False,134.5639801,7.3373723
8841,1,2,129,1,550,-2004046809,19802,0226888CAC274D5A,,,,,,,,,,,,,,,29999,,,,20150206,"US,US,reprt,L-246-2015",44.0,US4TB3P0,44.0,911,5,,,1938,1915,,,"Former Japan Chart 481 (Ed. 1940, Rev. 1944), from Japan surveys, Scale 1:25,000",20150206,"US,US,reprt,L-246-2015",US4TB3P0,D,0.22,,outside_allen_geomorphic_or_unclassified,False,30.0,50.0,US4TB3P0,,False,False,False,134.5640106,7.3188582
8841,1,2,129,1,550,-2004046809,19802,0226888CAC274D5A,,,,,,,,,,,,,,,29999,,,,20150206,"US,US,reprt,L-246-2015",26.6,US4TB3P0,26.6,912,3,,,2004,,,,"U.S. Navy LIDAR Survey, Archive No. 04HFM01, Scale 1:5,000-1:10,000",20150206,"US,US,reprt,L-246-2015",US4TB3P0,B,0.72,,outside_allen_geomorphic_or_unclassified,False,20.0,30.0,US4TB3P0,,False,False,False,134.5640259,7.3263722
8841,1,2,129,1,550,-2004046809,19802,0226888CAC274D5A,,,,,,,,,,,,,,,29999,,,,20150206,"US,US,reprt,L-246-2015",27.0,US4TB3P0,27.0,913,3,,,2004,,,,"U.S. Navy LIDAR Survey, Archive No. 04HFM01, Scale 1:5,000-1:10,000",20150206,"US,US,reprt,L-246-2015",US4TB3P0,B,0.72,,outside_allen_geomorphic_or_unclassified,False,20.0,30.0,US4TB3P0,,False,False,False,134.5644226,7.3288751
8841,1,2,129,1,550,-2004046809,19802,0226888CAC274D5A,,,,,,,,,,,,,,,29999,,,,20150206,"US,US,reprt,L-246-2015",6.5,US4TB3P0,6.5,914,3,,,2004,,,,"U.S. Navy LIDAR Survey, Archive No. 04HFM01, Scale 1:5,000-1:10,000",20150206,"US,US,reprt,L-246-2015",US4TB3P0,B,0.72,,outside_allen_geomorphic_or_unclassified,False,5.0,10.0,US4TB3P0,,False,False,False,134.5646362,7.3392639
8841,1,2,129,1,550,-2004046809,19802,0226888CAC274D5A,,,,,,,,,,,,,,,29999,,,,20150206,"US,US,reprt,L-246-2015",24.4,US4TB3P0,24.4,917,3,,,2004,,,,"U.S. Navy LIDAR Survey, Archive No. 04HFM01, Scale 1:5,000-1:10,000",20150206,"US,US,reprt,L-246-2015",US4TB3P0,B,0.72,,outside_allen_geomorphic_or_unclassified,False,20.0,30.0,US4TB3P0,,False,False,False,134.5649414,7.3311415
8841,1,2,129,1,550,-2004046809,19802,0226888CAC274D5A,,,,,,,,,,,,,,,29999,,,,20150206,"US,US,reprt,L-246-2015",26.3,US4TB3P0,26.3,918,3,,,2004,,,,"U.S. Navy LIDAR Survey, Archive No. 04HFM01, Scale 1:5,000-1:10,000",20150206,"US,US,reprt,L-246-2015",US4TB3P0,B,0.72,,outside_allen_geomorphic_or_unclassified,False,20.0,30.0,US4TB3P0,,False,False,False,134.5650635,7.327672
8841,1,2,129,1,550,-2004046809,19802,0226888CAC274D5A,,,,,,,,,,,,,,,29999,,,,20150206,"US,US,reprt,L-246-2015",14.2,US4TB3P0,14.2,919,3,,,2004,,,,"U.S. Navy LIDAR Survey, Archive No. 04HFM01, Scale 1:5,000-1:10,000",20150206,"US,US,reprt,L-246-2015",US4TB3P0,B,0.72,,outside_allen_geomorphic_or_unclassified,False,10.0,20.0,US4TB3P0,,False,False,False,134.5650635,7.3384304
8841,1,2,129,1,550,-2004046809,19802,0226888CAC274D5A,,,,,,,,,,,,,,,29999,,,,20150206,"US,US,reprt,L-246-2015",22.6,US4TB3P0,22.6,920,3,,,2004,,,,"U.S. Navy LIDAR Survey, Archive No. 04HFM01, Scale 1:5,000-1:10,000",20150206,"US,US,reprt,L-246-2015",US4TB3P0,B,0.72,,outside_allen_geomorphic_or_unclassified,False,20.0,30.0,US4TB3P0,,False,False,False,134.5656586,7.332561
8841,1,2,129,1,550,-2004046809,19802,0226888CAC274D5A,,,,,,,,,,,,,,,29999,,,,20150206,"US,US,reprt,L-246-2015",33.0,US4TB3P0,33.0,921,5,,,1938,1915,,,"Former Japan Chart 481 (Ed. 1940, Rev. 1944), from Japan surveys, Scale 1:25,000",20150206,"US,US,reprt,L-246-2015",US4TB3P0,D,0.22,,outside_allen_geomorphic_or_unclassified,False,30.0,50.0,US4TB3P0,,False,False,False,134.566391,7.324553
8841,1,2,129,1,550,-2004046809,19802,0226888CAC274D5A,,,,,,,,,,,,,,,29999,,,,20150206,"US,US,reprt,L-246-2015",40.0,US4TB3P0,40.0,922,3,,,2004,,,,"U.S. Navy LIDAR Survey, Archive No. 04HFM01, Scale 1:5,000-1:10,000",20150206,"US,US,reprt,L-246-2015",US4TB3P0,B,0.72,,outside_allen_geomorphic_or_unclassified,False,30.0,50.0,US4TB3P0,,False,False,False,134.5666199,7.3368611
8841,1,2,129,1,550,-2004046809,19802,0226888CAC274D5A,,,,,,,,,,,,,,,29999,,,,20150206,"US,US,reprt,L-246-2015",23.3,US4TB3P0,23.3,924,3,,,2004,,,,"U.S. Navy LIDAR Survey, Archive No. 04HFM01, Scale 1:5,000-1:10,000",20150206,"US,US,reprt,L-246-2015",US4TB3P0,B,0.72,,outside_allen_geomorphic_or_unclassified,False,20.0,30.0,US4TB3P0,,False,False,False,134.5667572,7.3313694
8841,1,2,129,1,550,-2004046809,19802,0226888CAC274D5A,,,,,,,,,,,,,,,29999,,,,20150206,"US,US,reprt,L-246-2015",28.7,US4TB3P0,28.7,927,5,,,1938,1915,,,"Former Japan Chart 481 (Ed. 1940, Rev. 1944), from Japan surveys, Scale 1:25,000",20150206,"US,US,reprt,L-246-2015",US4TB3P0,D,0.22,,outside_allen_geomorphic_or_unclassified,False,20.0,30.0,US4TB3P0,,False,False,False,134.5669861,7.3263888
8841,1,2,129,1,550,-2004046809,19802,0226888CAC274D5A,,,,,,,,,,,,,,,29999,,,,20150206,"US,US,reprt,L-246-2015",36.0,US4TB3P0,36.0,928,5,,,1938,1915,,,"Former Japan Chart 481 (Ed. 1940, Rev. 1944), from Japan surveys, Scale 1:25,000",20150206,"US,US,reprt,L-246-2015",US4TB3P0,D,0.22,,outside_allen_geomorphic_or_unclassified,False,30.0,50.0,US4TB3P0,,False,False,False,134.567337,7.3184667
8841,1,2,129,1,550,-2004046809,19802,0226888CAC274D5A,,,,,,,,,,,,,,,29999,,,,20150206,"US,US,reprt,L-246-2015",29.7,US4TB3P0,29.7,929,3,,,2004,,,,"U.S. Navy LIDAR Survey, Archive No. 04HFM01, Scale 1:5,000-1:10,000",20150206,"US,US,reprt,L-246-2015",US4TB3P0,B,0.72,,outside_allen_geomorphic_or_unclassified,False,20.0,30.0,US4TB3P0,,False,False,False,134.5674286,7.3337998
8841,1,2,129,1,550,-2004046809,19802,0226888CAC274D5A,,,,,,,,,,,,,,,29999,,,,20150206,"US,US,reprt,L-246-2015",36.0,US4TB3P0,36.0,930,5,,,1938,1915,,,"Former Japan Chart 481 (Ed. 1940, Rev. 1944), from Japan surveys, Scale 1:25,000",20150206,"US,US,reprt,L-246-2015",US4TB3P0,D,0.22,,outside_allen_geomorphic_or_unclassified,False,30.0,50.0,US4TB3P0,,False,False,False,134.567627,7.3216167
8841,1,2,129,1,550,-2004046809,19802,0226888CAC274D5A,,,,,,,,,,,,,,,29999,,,,20150206,"US,US,reprt,L-246-2015",41.0,US4TB3P0,41.0,931,3,,,2004,,,,"U.S. Navy LIDAR Survey, Archive No. 04HFM01, Scale 1:5,000-1:10,000",20150206,"US,US,reprt,L-246-2015",US4TB3P0,B,0.72,,outside_allen_geomorphic_or_unclassified,False,30.0,50.0,US4TB3P0,,False,False,False,134.5678864,7.3391724
8841,1,2,129,1,550,-2004046809,19802,0226888CAC274D5A,,,,,,,,,,,,,,,29999,,,,20150206,"US,US,reprt,L-246-2015",27.2,US4TB3P0,27.2,933,3,,,2004,,,,"U.S. Navy LIDAR Survey, Archive No. 04HFM01, Scale 1:5,000-1:10,000",20150206,"US,US,reprt,L-246-2015",US4TB3P0,B,0.72,,outside_allen_geomorphic_or_unclassified,False,20.0,30.0,US4TB3P0,,False,False,False,134.568161,7.3309946
8841,1,2,129,1,550,-2004046809,19802,0226888CAC274D5A,,,,,,,,,,,,,,,29999,,,,20150206,"US,US,reprt,L-246-2015",35.0,US4TB3P0,35.0,934,5,,,1938,1915,,,"Former Japan Chart 481 (Ed. 1940, Rev. 1944), from Japan surveys, Scale 1:25,000",20150206,"US,US,reprt,L-246-2015",US4TB3P0,D,0.22,,outside_allen_geomorphic_or_unclassified,False,30.0,50.0,US4TB3P0,,False,False,False,134.5682983,7.3257918
8841,1,2,129,1,550,-2004046809,19802,0226888CAC274D5A,,,,,,,,,,,,,,,29999,,,,20150206,"US,US,reprt,L-246-2015",29.3,US4TB3P0,29.3,935,5,,,1938,1915,,,"Former Japan Chart 481 (Ed. 1940, Rev. 1944), from Japan surveys, Scale 1:25,000",20150206,"US,US,reprt,L-246-2015",US4TB3P0,D,0.22,,outside_allen_geomorphic_or_unclassified,False,20.0,30.0,US4TB3P0,,False,False,False,134.5683289,7.3186002
8841,1,2,129,1,550,-2004046809,19802,0226888CAC274D5A,,,,,,,,,,,,,,,29999,,,,20150206,"US,US,reprt,L-246-2015",28.4,US4TB3P0,28.4,937,3,,,2004,,,,"U.S. Navy LIDAR Survey, Archive No. 04HFM01, Scale 1:5,000-1:10,000",20150206,"US,US,reprt,L-246-2015",US4TB3P0,B,0.72,,outside_allen_geomorphic_or_unclassified,False,20.0,30.0,US4TB3P0,,False,False,False,134.568634,7.317111
8841,1,2,129,1,550,-2004046809,19802,0226888CAC274D5A,,,,,,,,,,,,,,,29999,,,,20150206,"US,US,reprt,L-246-2015",24.8,US4TB3P0,24.8,940,3,,,2004,,,,"U.S. Navy LIDAR Survey, Archive No. 04HFM01, Scale 1:5,000-1:10,000",20150206,"US,US,reprt,L-246-2015",US4TB3P0,B,0.72,,outside_allen_geomorphic_or_unclassified,False,20.0,30.0,US4TB3P0,,False,False,False,134.5688477,7.3368974
8841,1,2,129,1,550,-2004046809,19802,0226888CAC274D5A,,,,,,,,,,,,,,,29999,,,,20150206,"US,US,reprt,L-246-2015",20.1,US4TB3P0,20.1,942,3,,,2004,,,,"U.S. Navy LIDAR Survey, Archive No. 04HFM01, Scale 1:5,000-1:10,000",20150206,"US,US,reprt,L-246-2015",US4TB3P0,B,0.72,,outside_allen_geomorphic_or_unclassified,False,20.0,30.0,US4TB3P0,,False,False,False,134.5695953,7.3321443
8841,1,2,129,1,550,-2004046809,19802,0226888CAC274D5A,,,,,,,,,,,,,,,29999,,,,20150206,"US,US,reprt,L-246-2015",24.5,US4TB3P0,24.5,944,3,,,2004,,,,"U.S. Navy LIDAR Survey, Archive No. 04HFM01, Scale 1:5,000-1:10,000",20150206,"US,US,reprt,L-246-2015",US4TB3P0,B,0.72,,outside_allen_geomorphic_or_unclassified,False,20.0,30.0,US4TB3P0,,False,False,False,134.569931,7.3174276
8841,1,2,129,1,550,-2004046809,19802,0226888CAC274D5A,,,,,,,,,,,,,,,29999,,,,20150206,"US,US,reprt,L-246-2015",2.7,US4TB3P0,2.7,945,3,,,2004,,,,"U.S. Navy LIDAR Survey, Archive No. 04HFM01, Scale 1:5,000-1:10,000",20150206,"US,US,reprt,L-246-2015",US4TB3P0,B,0.72,Deep Lagoon,deep_lagoon,True,2.0,5.0,US4TB3P0,,False,False,False,134.5699463,7.3435388
8841,1,2,129,1,550,-2004046809,19802,0226888CAC274D5A,,,,,,,,,,,,,,,29999,,,,20150206,"US,US,reprt,L-246-2015",38.0,US4TB3P0,38.0,946,3,,,2004,,,,"U.S. Navy LIDAR Survey, Archive No. 04HFM01, Scale 1:5,000-1:10,000",20150206,"US,US,reprt,L-246-2015",US4TB3P0,B,0.72,,outside_allen_geomorphic_or_unclassified,False,30.0,50.0,US4TB3P0,,False,False,False,134.5701599,7.3403611
8841,1,2,129,1,550,-2004046809,19802,0226888CAC274D5A,,,,,,,,,,,,,,,29999,,,,20150206,"US,US,reprt,L-246-2015",15.7,US4TB3P0,15.7,947,5,,,1938,1915,,,"Former Japan Chart 481 (Ed. 1940, Rev. 1944), from Japan surveys, Scale 1:25,000",20150206,"US,US,reprt,L-246-2015",US4TB3P0,D,0.22,Deep Lagoon,deep_lagoon,True,10.0,20.0,US4TB3P0,,False,False,False,134.5702972,7.3558917
8841,1,2,129,1,550,-2004046809,19802,0226888CAC274D5A,,,,,,,,,,,,,,,29999,,,,20150206,"US,US,reprt,L-246-2015",2.4,US4TB3P0,2.4,948,5,,,1938,1915,,,"Former Japan Chart 481 (Ed. 1940, Rev. 1944), from Japan surveys, Scale 1:25,000",20150206,"US,US,reprt,L-246-2015",US4TB3P0,D,0.22,Terrestrial Reef Flat,reef_flat_or_crest,True,2.0,5.0,US4TB3P0,,True,False,False,134.5703735,7.3631835
8841,1,2,129,1,550,-2004046809,19802,0226888CAC274D5A,,,,,,,,,,,,,,,29999,,,,20150206,"US,US,reprt,L-246-2015",13.7,US4TB3P0,13.7,949,5,,,1938,1915,,,"Former Japan Chart 481 (Ed. 1940, Rev. 1944), from Japan surveys, Scale 1:25,000",20150206,"US,US,reprt,L-246-2015",US4TB3P0,D,0.22,Terrestrial Reef Flat,reef_flat_or_crest,True,10.0,20.0,US4TB3P0,,False,False,False,134.5704041,7.3594499
8841,1,2,129,1,550,-2004046809,19802,0226888CAC274D5A,,,,,,,,,,,,,,,29999,,,,20150206,"US,US,reprt,L-246-2015",29.4,US4TB3P0,29.4,950,3,,,2004,,,,"U.S. Navy LIDAR Survey, Archive No. 04HFM01, Scale 1:5,000-1:10,000",20150206,"US,US,reprt,L-246-2015",US4TB3P0,B,0.72,,outside_allen_geomorphic_or_unclassified,False,20.0,30.0,US4TB3P0,,False,False,False,134.5706635,7.3333554
8841,1,2,129,1,550,-2004046809,19802,0226888CAC274D5A,,,,,,,,,,,,,,,29999,,,,20150206,"US,US,reprt,L-246-2015",17.7,US4TB3P0,17.7,952,5,,,1938,1915,,,"Former Japan Chart 481 (Ed. 1940, Rev. 1944), from Japan surveys, Scale 1:25,000",20150206,"US,US,reprt,L-246-2015",US4TB3P0,D,0.22,Deep Lagoon,deep_lagoon,True,10.0,20.0,US4TB3P0,,False,False,False,134.5708313,7.354661
8841,1,2,129,1,550,-2004046809,19802,0226888CAC274D5A,,,,,,,,,,,,,,,29999,,,,20150206,"US,US,reprt,L-246-2015",25.5,US4TB3P0,25.5,953,3,,,2004,,,,"U.S. Navy LIDAR Survey, Archive No. 04HFM01, Scale 1:5,000-1:10,000",20150206,"US,US,reprt,L-246-2015",US4TB3P0,B,0.72,,outside_allen_geomorphic_or_unclassified,False,20.0,30.0,US4TB3P0,,False,False,False,134.5708771,7.335597
8841,1,2,129,1,550,-2004046809,19802,0226888CAC274D5A,,,,,,,,,,,,,,,29999,,,,20150206,"US,US,reprt,L-246-2015",29.3,US4TB3P0,29.3,956,3,,,2004,,,,"U.S. Navy LIDAR Survey, Archive No. 04HFM01, Scale 1:5,000-1:10,000",20150206,"US,US,reprt,L-246-2015",US4TB3P0,B,0.72,,outside_allen_geomorphic_or_unclassified,False,20.0,30.0,US4TB3P0,,False,False,False,134.5710449,7.3202972
8841,1,2,129,1,550,-2004046809,19802,0226888CAC274D5A,,,,,,,,,,,,,,,29999,,,,20150206,"US,US,reprt,L-246-2015",35.0,US4TB3P0,35.0,957,3,,,2004,,,,"U.S. Navy LIDAR Survey, Archive No. 04HFM01, Scale 1:5,000-1:10,000",20150206,"US,US,reprt,L-246-2015",US4TB3P0,B,0.72,,outside_allen_geomorphic_or_unclassified,False,30.0,50.0,US4TB3P0,,False,False,False,134.5715332,7.3234806
8841,1,2,129,1,550,-2004046809,19802,0226888CAC274D5A,,,,,,,,,,,,,,,29999,,,,20150206,"US,US,reprt,L-246-2015",14.4,US4TB3P0,14.4,958,3,,,2004,,,,"U.S. Navy LIDAR Survey, Archive No. 04HFM01, Scale 1:5,000-1:10,000",20150206,"US,US,reprt,L-246-2015",US4TB3P0,B,0.72,Deep Lagoon,deep_lagoon,True,10.0,20.0,US4TB3P0,,False,False,False,134.5715485,7.3445611
8841,1,2,129,1,550,-2004046809,19802,0226888CAC274D5A,,,,,,,,,,,,,,,29999,,,,20150206,"US,US,reprt,L-246-2015",27.7,US4TB3P0,27.7,959,3,,,2004,,,,"U.S. Navy LIDAR Survey, Archive No. 04HFM01, Scale 1:5,000-1:10,000",20150206,"US,US,reprt,L-246-2015",US4TB3P0,B,0.72,,outside_allen_geomorphic_or_unclassified,False,20.0,30.0,US4TB3P0,,False,False,False,134.5716248,7.319428
8841,1,2,129,1,550,-2004046809,19802,0226888CAC274D5A,,,,,,,,,,,,,,,29999,,,,20150206,"US,US,reprt,L-246-2015",32.0,US4TB3P0,32.0,960,3,,,2004,,,,"U.S. Navy LIDAR Survey, Archive No. 04HFM01, Scale 1:5,000-1:10,000",20150206,"US,US,reprt,L-246-2015",US4TB3P0,B,0.72,,outside_allen_geomorphic_or_unclassified,False,30.0,50.0,US4TB3P0,,False,False,False,134.5716858,7.3325863
8841,1,2,129,1,550,-2004046809,19802,0226888CAC274D5A,,,,,,,,,,,,,,,29999,,,,20150206,"US,US,reprt,L-246-2015",36.0,US4TB3P0,36.0,961,3,,,2004,,,,"U.S. Navy LIDAR Survey, Archive No. 04HFM01, Scale 1:5,000-1:10,000",20150206,"US,US,reprt,L-246-2015",US4TB3P0,B,0.72,,outside_allen_geomorphic_or_unclassified,False,30.0,50.0,US4TB3P0,,False,False,False,134.5717468,7.3269415
8841,1,2,129,1,550,-2004046809,19802,0226888CAC274D5A,,,,,,,,,,,,,,,29999,,,,20150206,"US,US,reprt,L-246-2015",15.7,US4TB3P0,15.7,962,5,,,1938,1915,,,"Former Japan Chart 481 (Ed. 1940, Rev. 1944), from Japan surveys, Scale 1:25,000",20150206,"US,US,reprt,L-246-2015",US4TB3P0,D,0.22,Deep Lagoon,deep_lagoon,True,10.0,20.0,US4TB3P0,,False,False,False,134.5717926,7.3573499
8841,1,2,129,1,550,-2004046809,19802,0226888CAC274D5A,,,,,,,,,,,,,,,29999,,,,20150206,"US,US,reprt,L-246-2015",31.0,US4TB3P0,31.0,963,3,,,2004,,,,"U.S. Navy LIDAR Survey, Archive No. 04HFM01, Scale 1:5,000-1:10,000",20150206,"US,US,reprt,L-246-2015",US4TB3P0,B,0.72,,outside_allen_geomorphic_or_unclassified,False,30.0,50.0,US4TB3P0,,False,False,False,134.5718689,7.3301859
8841,1,2,129,1,550,-2004046809,19802,0226888CAC274D5A,,,,,,,,,,,,,,,29999,,,,20150206,"US,US,reprt,L-246-2015",17.7,US4TB3P0,17.7,965,5,,,1938,1915,,,"Former Japan Chart 481 (Ed. 1940, Rev. 1944), from Japan surveys, Scale 1:25,000",20150206,"US,US,reprt,L-246-2015",US4TB3P0,D,0.22,Deep Lagoon,deep_lagoon,True,10.0,20.0,US4TB3P0,,False,False,False,134.5722504,7.3519306
8841,1,2,129,1,550,-2004046809,19802,0226888CAC274D5A,,,,,,,,,,,,,,,29999,,,,20150206,"US,US,reprt,L-246-2015",24.0,US4TB3P0,24.0,966,5,,,1938,1915,,,"Former Japan Chart 481 (Ed. 1940, Rev. 1944), from Japan surveys, Scale 1:25,000",20150206,"US,US,reprt,L-246-2015",US4TB3P0,D,0.22,,outside_allen_geomorphic_or_unclassified,False,20.0,30.0,US4TB3P0,,False,False,False,134.5724945,7.3485665
8841,1,2,129,1,550,-2004046809,19802,0226888CAC274D5A,,,,,,,,,,,,,,,29999,,,,20150206,"US,US,reprt,L-246-2015",24.0,US4TB3P0,24.0,967,5,,,1938,1915,,,"Former Japan Chart 481 (Ed. 1940, Rev. 1944), from Japan surveys, Scale 1:25,000",20150206,"US,US,reprt,L-246-2015",US4TB3P0,D,0.22,Deep Lagoon,deep_lagoon,True,20.0,30.0,US4TB3P0,,False,False,False,134.5725098,7.3551474
8841,1,2,129,1,550,-2004046809,19802,0226888CAC274D5A,,,,,,,,,,,,,,,29999,,,,20150206,"US,US,reprt,L-246-2015",32.0,US4TB3P0,32.0,971,3,,,2004,,,,"U.S. Navy LIDAR Survey, Archive No. 04HFM01, Scale 1:5,000-1:10,000",20150206,"US,US,reprt,L-246-2015",US4TB3P0,B,0.72,,outside_allen_geomorphic_or_unclassified,False,30.0,50.0,US4TB3P0,,False,False,False,134.572876,7.3382416
8841,1,2,129,1,550,-2004046809,19802,0226888CAC274D5A,,,,,,,,,,,,,,,29999,,,,20150206,"US,US,reprt,L-246-2015",14.7,US4TB3P0,14.7,972,3,,,2004,,,,"U.S. Navy LIDAR Survey, Archive No. 04HFM01, Scale 1:5,000-1:10,000",20150206,"US,US,reprt,L-246-2015",US4TB3P0,B,0.72,,outside_allen_geomorphic_or_unclassified,False,10.0,20.0,US4TB3P0,,False,False,False,134.5731659,7.3283916
8841,1,2,129,1,550,-2004046809,19802,0226888CAC274D5A,,,,,,,,,,,,,,,29999,,,,20150206,"US,US,reprt,L-246-2015",28.0,US4TB3P0,28.0,973,5,,,1938,1915,,,"Former Japan Chart 481 (Ed. 1940, Rev. 1944), from Japan surveys, Scale 1:25,000",20150206,"US,US,reprt,L-246-2015",US4TB3P0,D,0.22,,outside_allen_geomorphic_or_unclassified,False,20.0,30.0,US4TB3P0,,False,False,False,134.5737,7.3508501
8841,1,2,129,1,550,-2004046809,19802,0226888CAC274D5A,,,,,,,,,,,,,,,29999,,,,20150206,"US,US,reprt,L-246-2015",22.1,US4TB3P0,22.1,974,3,,,2004,,,,"U.S. Navy LIDAR Survey, Archive No. 04HFM01, Scale 1:5,000-1:10,000",20150206,"US,US,reprt,L-246-2015",US4TB3P0,B,0.72,,outside_allen_geomorphic_or_unclassified,False,20.0,30.0,US4TB3P0,,False,False,False,134.5737152,7.3255582
8841,1,2,129,1,550,-2004046809,19802,0226888CAC274D5A,,,,,,,,,,,,,,,29999,,,,20150206,"US,US,reprt,L-246-2015",33.0,US4TB3P0,33.0,975,3,,,2004,,,,"U.S. Navy LIDAR Survey, Archive No. 04HFM01, Scale 1:5,000-1:10,000",20150206,"US,US,reprt,L-246-2015",US4TB3P0,B,0.72,,outside_allen_geomorphic_or_unclassified,False,30.0,50.0,US4TB3P0,,False,False,False,134.5737763,7.331439
8841,1,2,129,1,550,-2004046809,19802,0226888CAC274D5A,,,,,,,,,,,,,,,29999,,,,20150206,"US,US,reprt,L-246-2015",3.2,US4TB3P0,3.2,977,3,,,2004,,,,"U.S. Navy LIDAR Survey, Archive No. 04HFM01, Scale 1:5,000-1:10,000",20150206,"US,US,reprt,L-246-2015",US4TB3P0,B,0.72,Reef Slope,reef_slope,True,2.0,5.0,US4TB3P0,,False,False,False,134.573822,7.3437696
8841,1,2,129,1,550,-2004046809,19802,0226888CAC274D5A,,,,,,,,,,,,,,,29999,,,,20150206,"US,US,reprt,L-246-2015",26.1,US4TB3P0,26.1,978,3,,,2004,,,,"U.S. Navy LIDAR Survey, Archive No. 04HFM01, Scale 1:5,000-1:10,000",20150206,"US,US,reprt,L-246-2015",US4TB3P0,B,0.72,,outside_allen_geomorphic_or_unclassified,False,20.0,30.0,US4TB3P0,,False,False,False,134.5738831,7.3366556
8841,1,2,129,1,550,-2004046809,19802,0226888CAC274D5A,,,,,,,,,,,,,,,29999,,,,20150206,"US,US,reprt,L-246-2015",49.0,US4TB3P0,49.0,979,3,,,2004,,,,"U.S. Navy LIDAR Survey, Archive No. 04HFM01, Scale 1:5,000-1:10,000",20150206,"US,US,reprt,L-246-2015",US4TB3P0,B,0.72,,outside_allen_geomorphic_or_unclassified,False,30.0,50.0,US4TB3P0,,False,False,False,134.5740051,7.3426724
8841,1,2,129,1,550,-2004046809,19802,0226888CAC274D5A,,,,,,,,,,,,,,,29999,,,,20150206,"US,US,reprt,L-246-2015",35.0,US4TB3P0,35.0,981,3,,,2004,,,,"U.S. Navy LIDAR Survey, Archive No. 04HFM01, Scale 1:5,000-1:10,000",20150206,"US,US,reprt,L-246-2015",US4TB3P0,B,0.72,,outside_allen_geomorphic_or_unclassified,False,30.0,50.0,US4TB3P0,,False,False,False,134.574173,7.3346748
8841,1,2,129,1,550,-2004046809,19802,0226888CAC274D5A,,,,,,,,,,,,,,,29999,,,,20150206,"US,US,reprt,L-246-2015",33.0,US4TB3P0,33.0,982,3,,,2004,,,,"U.S. Navy LIDAR Survey, Archive No. 04HFM01, Scale 1:5,000-1:10,000",20150206,"US,US,reprt,L-246-2015",US4TB3P0,B,0.72,,outside_allen_geomorphic_or_unclassified,False,30.0,50.0,US4TB3P0,,False,False,False,134.5744019,7.3239722
8841,1,2,129,1,550,-2004046809,19802,0226888CAC274D5A,,,,,,,,,,,,,,,29999,,,,20150206,"US,US,reprt,L-246-2015",12.6,US4TB3P0,12.6,983,3,,,2004,,,,"U.S. Navy LIDAR Survey, Archive No. 04HFM01, Scale 1:5,000-1:10,000",20150206,"US,US,reprt,L-246-2015",US4TB3P0,B,0.72,,outside_allen_geomorphic_or_unclassified,False,10.0,20.0,US4TB3P0,,False,False,False,134.5744629,7.3431778
8841,1,2,129,1,550,-2004046809,19802,0226888CAC274D5A,,,,,,,,,,,,,,,29999,,,,20150206,"US,US,reprt,L-246-2015",26.6,US4TB3P0,26.6,984,3,,,2004,,,,"U.S. Navy LIDAR Survey, Archive No. 04HFM01, Scale 1:5,000-1:10,000",20150206,"US,US,reprt,L-246-2015",US4TB3P0,B,0.72,,outside_allen_geomorphic_or_unclassified,False,20.0,30.0,US4TB3P0,,False,False,False,134.5748901,7.3228722
8841,1,2,129,1,550,-2004046809,19802,0226888CAC274D5A,,,,,,,,,,,,,,,29999,,,,20150206,"US,US,reprt,L-246-2015",26.2,US4TB3P0,26.2,985,3,,,2004,,,,"U.S. Navy LIDAR Survey, Archive No. 04HFM01, Scale 1:5,000-1:10,000",20150206,"US,US,reprt,L-246-2015",US4TB3P0,B,0.72,,outside_allen_geomorphic_or_unclassified,False,20.0,30.0,US4TB3P0,,False,False,False,134.5750275,7.3345585
8841,1,2,129,1,550,-2004046809,19802,0226888CAC274D5A,,,,,,,,,,,,,,,29999,,,,20150206,"US,US,reprt,L-246-2015",27.0,US4TB3P0,27.0,986,3,,,2004,,,,"U.S. Navy LIDAR Survey, Archive No. 04HFM01, Scale 1:5,000-1:10,000",20150206,"US,US,reprt,L-246-2015",US4TB3P0,B,0.72,,outside_allen_geomorphic_or_unclassified,False,20.0,30.0,US4TB3P0,,False,False,False,134.5751038,7.3315611
8841,1,2,129,1,550,-2004046809,19802,0226888CAC274D5A,,,,,,,,,,,,,,,29999,,,,20150206,"US,US,reprt,L-246-2015",3.2,US4TB3P0,3.2,987,3,,,2004,,,,"U.S. Navy LIDAR Survey, Archive No. 04HFM01, Scale 1:5,000-1:10,000",20150206,"US,US,reprt,L-246-2015",US4TB3P0,B,0.72,Reef Slope,reef_slope,True,2.0,5.0,US4TB3P0,,False,False,False,134.5752106,7.3169804
8841,1,2,129,1,550,-2004046809,19802,0226888CAC274D5A,,,,,,,,,,,,,,,29999,,,,20150206,"US,US,reprt,L-246-2015",2.8,US4TB3P0,2.8,989,3,,,2004,,,,"U.S. Navy LIDAR Survey, Archive No. 04HFM01, Scale 1:5,000-1:10,000",20150206,"US,US,reprt,L-246-2015",US4TB3P0,B,0.72,,outside_allen_geomorphic_or_unclassified,False,2.0,5.0,US4TB3P0,,False,False,False,134.5752411,7.3439555
8841,1,2,129,1,550,-2004046809,19802,0226888CAC274D5A,,,,,,,,,,,,,,,29999,,,,20150206,"US,US,reprt,L-246-2015",3.4,US4TB3P0,3.4,990,3,,,2004,,,,"U.S. Navy LIDAR Survey, Archive No. 04HFM01, Scale 1:5,000-1:10,000",20150206,"US,US,reprt,L-246-2015",US4TB3P0,B,0.72,Reef Slope,reef_slope,True,2.0,5.0,US4TB3P0,,False,False,False,134.5753632,7.322053
8841,1,2,129,1,550,-2004046809,19802,0226888CAC274D5A,,,,,,,,,,,,,,,29999,,,,20150206,"US,US,reprt,L-246-2015",9.9,US4TB3P0,9.9,991,3,,,2004,,,,"U.S. Navy LIDAR Survey, Archive No. 04HFM01, Scale 1:5,000-1:10,000",20150206,"US,US,reprt,L-246-2015",US4TB3P0,B,0.72,,outside_allen_geomorphic_or_unclassified,False,5.0,10.0,US4TB3P0,,False,False,False,134.5754547,7.3158832
8841,1,2,129,1,550,-2004046809,19802,0226888CAC274D5A,,,,,,,,,,,,,,,29999,,,,20150206,"US,US,reprt,L-246-2015",21.1,US4TB3P0,21.1,992,3,,,2004,,,,"U.S. Navy LIDAR Survey, Archive No. 04HFM01, Scale 1:5,000-1:10,000",20150206,"US,US,reprt,L-246-2015",US4TB3P0,B,0.72,,outside_allen_geomorphic_or_unclassified,False,20.0,30.0,US4TB3P0,,False,False,False,134.5754547,7.3369083
8841,1,2,129,1,550,-2004046809,19802,0226888CAC274D5A,,,,,,,,,,,,,,,29999,,,,20150206,"US,US,reprt,L-246-2015",32.0,US4TB3P0,32.0,993,3,,,2004,,,,"U.S. Navy LIDAR Survey, Archive No. 04HFM01, Scale 1:5,000-1:10,000",20150206,"US,US,reprt,L-246-2015",US4TB3P0,B,0.72,,outside_allen_geomorphic_or_unclassified,False,30.0,50.0,US4TB3P0,,False,False,False,134.5756073,7.3332443
8841,1,2,129,1,550,-2004046809,19802,0226888CAC274D5A,,,,,,,,,,,,,,,29999,,,,20150206,"US,US,reprt,L-246-2015",27.0,US4TB3P0,27.0,994,3,,,2004,,,,"U.S. Navy LIDAR Survey, Archive No. 04HFM01, Scale 1:5,000-1:10,000",20150206,"US,US,reprt,L-246-2015",US4TB3P0,B,0.72,,outside_allen_geomorphic_or_unclassified,False,20.0,30.0,US4TB3P0,,False,False,False,134.5756683,7.3273196
8841,1,2,129,1,550,-2004046809,19802,0226888CAC274D5A,,,,,,,,,,,,,,,29999,,,,20150206,"US,US,reprt,L-246-2015",23.0,US4TB3P0,23.0,995,3,,,2004,,,,"U.S. Navy LIDAR Survey, Archive No. 04HFM01, Scale 1:5,000-1:10,000",20150206,"US,US,reprt,L-246-2015",US4TB3P0,B,0.72,,outside_allen_geomorphic_or_unclassified,False,20.0,30.0,US4TB3P0,,False,False,False,134.5759888,7.3292971
8841,1,2,129,1,550,-2004046809,19802,0226888CAC274D5A,,,,,,,,,,,,,,,29999,,,,20150206,"US,US,reprt,L-246-2015",23.6,US4TB3P0,23.6,996,3,,,2004,,,,"U.S. Navy LIDAR Survey, Archive No. 04HFM01, Scale 1:5,000-1:10,000",20150206,"US,US,reprt,L-246-2015",US4TB3P0,B,0.72,,outside_allen_geomorphic_or_unclassified,False,20.0,30.0,US4TB3P0,,False,False,False,134.5763245,7.3385916
8841,1,2,129,1,550,-2004046809,19802,0226888CAC274D5A,,,,,,,,,,,,,,,29999,,,,20150206,"US,US,reprt,L-246-2015",2.8,US4TB3P0,2.8,997,3,,,2004,,,,"U.S. Navy LIDAR Survey, Archive No. 04HFM01, Scale 1:5,000-1:10,000",20150206,"US,US,reprt,L-246-2015",US4TB3P0,B,0.72,Reef Slope,reef_slope,True,2.0,5.0,US4TB3P0,,False,False,False,134.5764008,7.3214641
8841,1,2,129,1,550,-2004046809,19802,0226888CAC274D5A,,,,,,,,,,,,,,,29999,,,,20150206,"US,US,reprt,L-246-2015",6.5,US4TB3P0,6.5,998,3,,,2004,,,,"U.S. Navy LIDAR Survey, Archive No. 04HFM01, Scale 1:5,000-1:10,000",20150206,"US,US,reprt,L-246-2015",US4TB3P0,B,0.72,Reef Slope,reef_slope,True,5.0,10.0,US4TB3P0,,False,False,False,134.5764923,7.3233419
8841,1,2,129,1,550,-2004046809,19802,0226888CAC274D5A,,,,,,,,,,,,,,,29999,,,,20150206,"US,US,reprt,L-246-2015",3.7,US4TB3P0,3.7,999,3,,,2004,,,,"U.S. Navy LIDAR Survey, Archive No. 04HFM01, Scale 1:5,000-1:10,000",20150206,"US,US,reprt,L-246-2015",US4TB3P0,B,0.72,Reef Slope,reef_slope,True,2.0,5.0,US4TB3P0,,False,False,False,134.5765991,7.3186665
8841,1,2,129,1,550,-2004046809,19802,0226888CAC274D5A,,,,,,,,,,,,,,,29999,,,,20150206,"US,US,reprt,L-246-2015",14.1,US4TB3P0,14.1,1000,3,,,2004,,,,"U.S. Navy LIDAR Survey, Archive No. 04HFM01, Scale 1:5,000-1:10,000",20150206,"US,US,reprt,L-246-2015",US4TB3P0,B,0.72,,outside_allen_geomorphic_or_unclassified,False,10.0,20.0,US4TB3P0,,False,False,False,134.5766907,7.3169947
8841,1,2,129,1,550,-2004046809,19802,0226888CAC274D5A,,,,,,,,,,,,,,,29999,,,,20150206,"US,US,reprt,L-246-2015",10.5,US4TB3P0,10.5,1001,3,,,2004,,,,"U.S. Navy LIDAR Survey, Archive No. 04HFM01, Scale 1:5,000-1:10,000",20150206,"US,US,reprt,L-246-2015",US4TB3P0,B,0.72,Reef Slope,reef_slope,True,10.0,20.0,US4TB3P0,,False,False,False,134.5767975,7.3446279
8841,1,2,129,1,550,-2004046809,19802,0226888CAC274D5A,,,,,,,,,,,,,,,29999,,,,20150206,"US,US,reprt,L-246-2015",2.4,US4TB3P0,2.4,1002,3,,,2004,,,,"U.S. Navy LIDAR Survey, Archive No. 04HFM01, Scale 1:5,000-1:10,000",20150206,"US,US,reprt,L-246-2015",US4TB3P0,B,0.72,Outer Reef Flat,reef_flat_or_crest,True,2.0,5.0,US4TB3P0,,False,False,False,134.5769501,7.3201499
8841,1,2,129,1,550,-2004046809,19802,0226888CAC274D5A,,,,,,,,,,,,,,,29999,,,,20150206,"US,US,reprt,L-246-2015",25.6,US4TB3P0,25.6,1003,3,,,2004,,,,"U.S. Navy LIDAR Survey, Archive No. 04HFM01, Scale 1:5,000-1:10,000",20150206,"US,US,reprt,L-246-2015",US4TB3P0,B,0.72,,outside_allen_geomorphic_or_unclassified,False,20.0,30.0,US4TB3P0,,False,False,False,134.5770111,7.334486
8841,1,2,129,1,550,-2004046809,19802,0226888CAC274D5A,,,,,,,,,,,,,,,29999,,,,20150206,"US,US,reprt,L-246-2015",18.8,US4TB3P0,18.8,1004,3,,,2004,,,,"U.S. Navy LIDAR Survey, Archive No. 04HFM01, Scale 1:5,000-1:10,000",20150206,"US,US,reprt,L-246-2015",US4TB3P0,B,0.72,,outside_allen_geomorphic_or_unclassified,False,10.0,20.0,US4TB3P0,,False,False,False,134.5770569,7.3251915
8841,1,2,129,1,550,-2004046809,19802,0226888CAC274D5A,,,,,,,,,,,,,,,29999,,,,20150206,"US,US,reprt,L-246-2015",26.4,US4TB3P0,26.4,1005,3,,,2004,,,,"U.S. Navy LIDAR Survey, Archive No. 04HFM01, Scale 1:5,000-1:10,000",20150206,"US,US,reprt,L-246-2015",US4TB3P0,B,0.72,,outside_allen_geomorphic_or_unclassified,False,20.0,30.0,US4TB3P0,,False,False,False,134.5770569,7.3401194
8841,1,2,129,1,550,-2004046809,19802,0226888CAC274D5A,,,,,,,,,,,,,,,29999,,,,20150206,"US,US,reprt,L-246-2015",4.7,US4TB3P0,4.7,1006,3,,,2004,,,,"U.S. Navy LIDAR Survey, Archive No. 04HFM01, Scale 1:5,000-1:10,000",20150206,"US,US,reprt,L-246-2015",US4TB3P0,B,0.72,Reef Slope,reef_slope,True,2.0,5.0,US4TB3P0,,False,False,False,134.5772858,7.324286
8841,1,2,129,1,550,-2004046809,19802,0226888CAC274D5A,,,,,,,,,,,,,,,29999,,,,20150206,"US,US,reprt,L-246-2015",32.0,US4TB3P0,32.0,1007,3,,,2004,,,,"U.S. Navy LIDAR Survey, Archive No. 04HFM01, Scale 1:5,000-1:10,000",20150206,"US,US,reprt,L-246-2015",US4TB3P0,B,0.72,,outside_allen_geomorphic_or_unclassified,False,30.0,50.0,US4TB3P0,,False,False,False,134.577301,7.3272529
8841,1,2,129,1,550,-2004046809,19802,0226888CAC274D5A,,,,,,,,,,,,,,,29999,,,,20150206,"US,US,reprt,L-246-2015",3.1,US4TB3P0,3.1,1008,3,,,2004,,,,"U.S. Navy LIDAR Survey, Archive No. 04HFM01, Scale 1:5,000-1:10,000",20150206,"US,US,reprt,L-246-2015",US4TB3P0,B,0.72,Reef Slope,reef_slope,True,2.0,5.0,US4TB3P0,,False,False,False,134.5774078,7.3211832
8841,1,2,129,1,550,-2004046809,19802,0226888CAC274D5A,,,,,,,,,,,,,,,29999,,,,20150206,"US,US,reprt,L-246-2015",27.5,US4TB3P0,27.5,1009,3,,,2004,,,,"U.S. Navy LIDAR Survey, Archive No. 04HFM01, Scale 1:5,000-1:10,000",20150206,"US,US,reprt,L-246-2015",US4TB3P0,B,0.72,,outside_allen_geomorphic_or_unclassified,False,20.0,30.0,US4TB3P0,,False,False,False,134.5774078,7.3333612
8841,1,2,129,1,550,-2004046809,19802,0226888CAC274D5A,,,,,,,,,,,,,,,29999,,,,20150206,"US,US,reprt,L-246-2015",9.4,US4TB3P0,9.4,1010,3,,,2004,,,,"U.S. Navy LIDAR Survey, Archive No. 04HFM01, Scale 1:5,000-1:10,000",20150206,"US,US,reprt,L-246-2015",US4TB3P0,B,0.72,Reef Slope,reef_slope,True,5.0,10.0,US4TB3P0,,False,False,False,134.5777283,7.3181748
8841,1,2,129,1,550,-2004046809,19802,0226888CAC274D5A,,,,,,,,,,,,,,,29999,,,,20150206,"US,US,reprt,L-246-2015",3.6,US4TB3P0,3.6,1012,3,,,2004,,,,"U.S. Navy LIDAR Survey, Archive No. 04HFM01, Scale 1:5,000-1:10,000",20150206,"US,US,reprt,L-246-2015",US4TB3P0,B,0.72,Reef Slope,reef_slope,True,2.0,5.0,US4TB3P0,,False,False,False,134.5780792,7.3200889
8841,1,2,129,1,550,-2004046809,19802,0226888CAC274D5A,,,,,,,,,,,,,,,29999,,,,20150206,"US,US,reprt,L-246-2015",4.6,US4TB3P0,4.6,1014,3,,,2004,,,,"U.S. Navy LIDAR Survey, Archive No. 04HFM01, Scale 1:5,000-1:10,000",20150206,"US,US,reprt,L-246-2015",US4TB3P0,B,0.72,Reef Slope,reef_slope,True,2.0,5.0,US4TB3P0,,False,False,False,134.5782013,7.3223805
8841,1,2,129,1,550,-2004046809,19802,0226888CAC274D5A,,,,,,,,,,,,,,,29999,,,,20150206,"US,US,reprt,L-246-2015",30.2,US4TB3P0,30.2,1015,3,,,2004,,,,"U.S. Navy LIDAR Survey, Archive No. 04HFM01, Scale 1:5,000-1:10,000",20150206,"US,US,reprt,L-246-2015",US4TB3P0,B,0.72,,outside_allen_geomorphic_or_unclassified,False,30.0,50.0,US4TB3P0,,False,False,False,134.5782166,7.330936
8841,1,2,129,1,550,-2004046809,19802,0226888CAC274D5A,,,,,,,,,,,,,,,29999,,,,20150206,"US,US,reprt,L-246-2015",3.2,US4TB3P0,3.2,1016,3,,,2004,,,,"U.S. Navy LIDAR Survey, Archive No. 04HFM01, Scale 1:5,000-1:10,000",20150206,"US,US,reprt,L-246-2015",US4TB3P0,B,0.72,Reef Slope,reef_slope,True,2.0,5.0,US4TB3P0,,False,False,False,134.5784302,7.3457251
8841,1,2,129,1,550,-2004046809,19802,0226888CAC274D5A,,,,,,,,,,,,,,,29999,,,,20150206,"US,US,reprt,L-246-2015",26.2,US4TB3P0,26.2,1017,3,,,2004,,,,"U.S. Navy LIDAR Survey, Archive No. 04HFM01, Scale 1:5,000-1:10,000",20150206,"US,US,reprt,L-246-2015",US4TB3P0,B,0.72,,outside_allen_geomorphic_or_unclassified,False,20.0,30.0,US4TB3P0,,False,False,False,134.5784912,7.3388472
8841,1,2,129,1,550,-2004046809,19802,0226888CAC274D5A,,,,,,,,,,,,,,,29999,,,,20150206,"US,US,reprt,L-246-2015",7.0,US4TB3P0,7.0,1019,3,,,2004,,,,"U.S. Navy LIDAR Survey, Archive No. 04HFM01, Scale 1:5,000-1:10,000",20150206,"US,US,reprt,L-246-2015",US4TB3P0,B,0.72,Reef Slope,reef_slope,True,5.0,10.0,US4TB3P0,,False,False,False,134.578537,7.3247943
8841,1,2,129,1,550,-2004046809,19802,0226888CAC274D5A,,,,,,,,,,,,,,,29999,,,,20150206,"US,US,reprt,L-246-2015",31.0,US4TB3P0,31.0,1020,3,,,2004,,,,"U.S. Navy LIDAR Survey, Archive No. 04HFM01, Scale 1:5,000-1:10,000",20150206,"US,US,reprt,L-246-2015",US4TB3P0,B,0.72,,outside_allen_geomorphic_or_unclassified,False,30.0,50.0,US4TB3P0,,False,False,False,134.5786285,7.3358831
8841,1,2,129,1,550,-2004046809,19802,0226888CAC274D5A,,,,,,,,,,,,,,,29999,,,,20150206,"US,US,reprt,L-246-2015",4.7,US4TB3P0,4.7,1021,3,,,2004,,,,"U.S. Navy LIDAR Survey, Archive No. 04HFM01, Scale 1:5,000-1:10,000",20150206,"US,US,reprt,L-246-2015",US4TB3P0,B,0.72,Reef Slope,reef_slope,True,2.0,5.0,US4TB3P0,,False,False,False,134.5788879,7.323411
8841,1,2,129,1,550,-2004046809,19802,0226888CAC274D5A,,,,,,,,,,,,,,,29999,,,,20150206,"US,US,reprt,L-246-2015",40.0,US4TB3P0,40.0,1022,3,,,2004,,,,"U.S. Navy LIDAR Survey, Archive No. 04HFM01, Scale 1:5,000-1:10,000",20150206,"US,US,reprt,L-246-2015",US4TB3P0,B,0.72,,outside_allen_geomorphic_or_unclassified,False,30.0,50.0,US4TB3P0,,False,False,False,134.5789948,7.3432946
8841,1,2,129,1,550,-2004046809,19802,0226888CAC274D5A,,,,,,,,,,,,,,,29999,,,,20150206,"US,US,reprt,L-246-2015",25.1,US4TB3P0,25.1,1023,3,,,2004,,,,"U.S. Navy LIDAR Survey, Archive No. 04HFM01, Scale 1:5,000-1:10,000",20150206,"US,US,reprt,L-246-2015",US4TB3P0,B,0.72,,outside_allen_geomorphic_or_unclassified,False,20.0,30.0,US4TB3P0,,False,False,False,134.57901,7.3405056
8841,1,2,129,1,550,-2004046809,19802,0226888CAC274D5A,,,,,,,,,,,,,,,29999,,,,20150206,"US,US,reprt,L-246-2015",9.4,US4TB3P0,9.4,1024,3,,,2004,,,,"U.S. Navy LIDAR Survey, Archive No. 04HFM01, Scale 1:5,000-1:10,000",20150206,"US,US,reprt,L-246-2015",US4TB3P0,B,0.72,Reef Slope,reef_slope,True,5.0,10.0,US4TB3P0,,False,False,False,134.5791473,7.3207417
8841,1,2,129,1,550,-2004046809,19802,0226888CAC274D5A,,,,,,,,,,,,,,,29999,,,,20150206,"US,US,reprt,L-246-2015",27.6,US4TB3P0,27.6,1025,3,,,2004,,,,"U.S. Navy LIDAR Survey, Archive No. 04HFM01, Scale 1:5,000-1:10,000",20150206,"US,US,reprt,L-246-2015",US4TB3P0,B,0.72,,outside_allen_geomorphic_or_unclassified,False,20.0,30.0,US4TB3P0,,False,False,False,134.5791473,7.3287249
8841,1,2,129,1,550,-2004046809,19802,0226888CAC274D5A,,,,,,,,,,,,,,,29999,,,,20150206,"US,US,reprt,L-246-2015",7.4,US4TB3P0,7.4,1026,3,,,2004,,,,"U.S. Navy LIDAR Survey, Archive No. 04HFM01, Scale 1:5,000-1:10,000",20150206,"US,US,reprt,L-246-2015",US4TB3P0,B,0.72,Reef Slope,reef_slope,True,5.0,10.0,US4TB3P0,,False,False,False,134.5791779,7.3221445
8841,1,2,129,1,550,-2004046809,19802,0226888CAC274D5A,,,,,,,,,,,,,,,29999,,,,20150206,"US,US,reprt,L-246-2015",5.8,US4TB3P0,5.8,1027,3,,,2004,,,,"U.S. Navy LIDAR Survey, Archive No. 04HFM01, Scale 1:5,000-1:10,000",20150206,"US,US,reprt,L-246-2015",US4TB3P0,B,0.72,,outside_allen_geomorphic_or_unclassified,False,5.0,10.0,US4TB3P0,,False,False,False,134.5791931,7.3461361
8841,1,2,129,1,550,-2004046809,19802,0226888CAC274D5A,,,,,,,,,,,,,,,29999,,,,20150206,"US,US,reprt,L-246-2015",27.3,US4TB3P0,27.3,1028,3,,,2004,,,,"U.S. Navy LIDAR Survey, Archive No. 04HFM01, Scale 1:5,000-1:10,000",20150206,"US,US,reprt,L-246-2015",US4TB3P0,B,0.72,,outside_allen_geomorphic_or_unclassified,False,20.0,30.0,US4TB3P0,,False,False,False,134.5792847,7.3422666
8841,1,2,129,1,550,-2004046809,19802,0226888CAC274D5A,,,,,,,,,,,,,,,29999,,,,20150206,"US,US,reprt,L-246-2015",41.0,US4TB3P0,41.0,1029,3,,,2004,,,,"U.S. Navy LIDAR Survey, Archive No. 04HFM01, Scale 1:5,000-1:10,000",20150206,"US,US,reprt,L-246-2015",US4TB3P0,B,0.72,,outside_allen_geomorphic_or_unclassified,False,30.0,50.0,US4TB3P0,,False,False,False,134.5793762,7.3383141
8841,1,2,129,1,550,-2004046809,19802,0226888CAC274D5A,,,,,,,,,,,,,,,29999,,,,20150206,"US,US,reprt,L-246-2015",26.0,US4TB3P0,26.0,1030,3,,,2004,,,,"U.S. Navy LIDAR Survey, Archive No. 04HFM01, Scale 1:5,000-1:10,000",20150206,"US,US,reprt,L-246-2015",US4TB3P0,B,0.72,,outside_allen_geomorphic_or_unclassified,False,20.0,30.0,US4TB3P0,,False,False,False,134.579483,7.3338418
8841,1,2,129,1,550,-2004046809,19802,0226888CAC274D5A,,,,,,,,,,,,,,,29999,,,,20150206,"US,US,reprt,L-246-2015",12.4,US4TB3P0,12.4,1031,3,,,2004,,,,"U.S. Navy LIDAR Survey, Archive No. 04HFM01, Scale 1:5,000-1:10,000",20150206,"US,US,reprt,L-246-2015",US4TB3P0,B,0.72,,outside_allen_geomorphic_or_unclassified,False,10.0,20.0,US4TB3P0,,False,False,False,134.579834,7.3453641
8841,1,2,129,1,550,-2004046809,19802,0226888CAC274D5A,,,,,,,,,,,,,,,29999,,,,20150206,"US,US,reprt,L-246-2015",8.0,US4TB3P0,8.0,1032,3,,,2004,,,,"U.S. Navy LIDAR Survey, Archive No. 04HFM01, Scale 1:5,000-1:10,000",20150206,"US,US,reprt,L-246-2015",US4TB3P0,B,0.72,Reef Slope,reef_slope,True,5.0,10.0,US4TB3P0,,False,False,False,134.5799255,7.3261166
8841,1,2,129,1,550,-2004046809,19802,0226888CAC274D5A,,,,,,,,,,,,,,,29999,,,,20150206,"US,US,reprt,L-246-2015",9.2,US4TB3P0,9.2,1033,3,,,2004,,,,"U.S. Navy LIDAR Survey, Archive No. 04HFM01, Scale 1:5,000-1:10,000",20150206,"US,US,reprt,L-246-2015",US4TB3P0,B,0.72,,outside_allen_geomorphic_or_unclassified,False,5.0,10.0,US4TB3P0,,False,False,False,134.5799408,7.3238416
8841,1,2,129,1,550,-2004046809,19802,0226888CAC274D5A,,,,,,,,,,,,,,,29999,,,,20150206,"US,US,reprt,L-246-2015",9.4,US4TB3P0,9.4,1034,3,,,2004,,,,"U.S. Navy LIDAR Survey, Archive No. 04HFM01, Scale 1:5,000-1:10,000",20150206,"US,US,reprt,L-246-2015",US4TB3P0,B,0.72,,outside_allen_geomorphic_or_unclassified,False,5.0,10.0,US4TB3P0,,False,False,False,134.5801239,7.3248248
8841,1,2,129,1,550,-2004046809,19802,0226888CAC274D5A,,,,,,,,,,,,,,,29999,,,,20150206,"US,US,reprt,L-246-2015",26.2,US4TB3P0,26.2,1035,3,,,2004,,,,"U.S. Navy LIDAR Survey, Archive No. 04HFM01, Scale 1:5,000-1:10,000",20150206,"US,US,reprt,L-246-2015",US4TB3P0,B,0.72,,outside_allen_geomorphic_or_unclassified,False,20.0,30.0,US4TB3P0,,False,False,False,134.5801392,7.3358946
8841,1,2,129,1,550,-2004046809,19802,0226888CAC274D5A,,,,,,,,,,,,,,,29999,,,,20150206,"US,US,reprt,L-246-2015",114.0,US4TB3P0,114.0,1036,5,,,1938,1915,,,"Former Japan Chart 481 (Ed. 1940, Rev. 1944), from Japan surveys, Scale 1:25,000",20150206,"US,US,reprt,L-246-2015",US4TB3P0,D,0.22,,outside_allen_geomorphic_or_unclassified,False,100.0,200.0,US4TB3P0,,False,False,True,134.5803528,7.3190889
8841,1,2,129,1,550,-2004046809,19802,0226888CAC274D5A,,,,,,,,,,,,,,,29999,,,,20150206,"US,US,reprt,L-246-2015",13.5,US4TB3P0,13.5,1037,3,,,2004,,,,"U.S. Navy LIDAR Survey, Archive No. 04HFM01, Scale 1:5,000-1:10,000",20150206,"US,US,reprt,L-246-2015",US4TB3P0,B,0.72,Reef Slope,reef_slope,True,10.0,20.0,US4TB3P0,,False,False,False,134.5804291,7.3222418
8841,1,2,129,1,550,-2004046809,19802,0226888CAC274D5A,,,,,,,,,,,,,,,29999,,,,20150206,"US,US,reprt,L-246-2015",9.5,US4TB3P0,9.5,1038,3,,,2004,,,,"U.S. Navy LIDAR Survey, Archive No. 04HFM01, Scale 1:5,000-1:10,000",20150206,"US,US,reprt,L-246-2015",US4TB3P0,B,0.72,,outside_allen_geomorphic_or_unclassified,False,5.0,10.0,US4TB3P0,,False,False,False,134.5804901,7.3271279
8841,1,2,129,1,550,-2004046809,19802,0226888CAC274D5A,,,,,,,,,,,,,,,29999,,,,20150206,"US,US,reprt,L-246-2015",320.0,US4TB3P0,320.0,1039,5,,,1938,1915,,,"Former Japan Chart 481 (Ed. 1940, Rev. 1944), from Japan surveys, Scale 1:25,000",20150206,"US,US,reprt,L-246-2015",US4TB3P0,D,0.22,,outside_allen_geomorphic_or_unclassified,False,200.0,1000.0,US4TB3P0,,False,False,True,134.5806732,7.3160749
8841,1,2,129,1,550,-2004046809,19802,0226888CAC274D5A,,,,,,,,,,,,,,,29999,,,,20150206,"US,US,reprt,L-246-2015",14.7,US4TB3P0,14.7,1040,3,,,2004,,,,"U.S. Navy LIDAR Survey, Archive No. 04HFM01, Scale 1:5,000-1:10,000",20150206,"US,US,reprt,L-246-2015",US4TB3P0,B,0.72,Reef Slope,reef_slope,True,10.0,20.0,US4TB3P0,,False,False,False,134.5806732,7.3472529
8841,1,2,129,1,550,-2004046809,19802,0226888CAC274D5A,,,,,,,,,,,,,,,29999,,,,20150206,"US,US,reprt,L-246-2015",12.2,US4TB3P0,12.2,1041,3,,,2004,,,,"U.S. Navy LIDAR Survey, Archive No. 04HFM01, Scale 1:5,000-1:10,000",20150206,"US,US,reprt,L-246-2015",US4TB3P0,B,0.72,,outside_allen_geomorphic_or_unclassified,False,10.0,20.0,US4TB3P0,,False,False,False,134.5808868,7.3376002
8841,1,2,129,1,550,-2004046809,19802,0226888CAC274D5A,,,,,,,,,,,,,,,29999,,,,20150206,"US,US,reprt,L-246-2015",22.4,US4TB3P0,22.4,1042,3,,,2004,,,,"U.S. Navy LIDAR Survey, Archive No. 04HFM01, Scale 1:5,000-1:10,000",20150206,"US,US,reprt,L-246-2015",US4TB3P0,B,0.72,,outside_allen_geomorphic_or_unclassified,False,20.0,30.0,US4TB3P0,,False,False,False,134.5809479,7.3418694
8841,1,2,129,1,550,-2004046809,19802,0226888CAC274D5A,,,,,,,,,,,,,,,29999,,,,20150206,"US,US,reprt,L-246-2015",27.9,US4TB3P0,27.9,1043,3,,,2004,,,,"U.S. Navy LIDAR Survey, Archive No. 04HFM01, Scale 1:5,000-1:10,000",20150206,"US,US,reprt,L-246-2015",US4TB3P0,B,0.72,,outside_allen_geomorphic_or_unclassified,False,20.0,30.0,US4TB3P0,,False,False,False,134.5810547,7.3334999
8841,1,2,129,1,550,-2004046809,19802,0226888CAC274D5A,,,,,,,,,,,,,,,29999,,,,20150206,"US,US,reprt,L-246-2015",34.0,US4TB3P0,34.0,1044,3,,,2004,,,,"U.S. Navy LIDAR Survey, Archive No. 04HFM01, Scale 1:5,000-1:10,000",20150206,"US,US,reprt,L-246-2015",US4TB3P0,B,0.72,,outside_allen_geomorphic_or_unclassified,False,30.0,50.0,US4TB3P0,,False,False,False,134.58107,7.3308334
8841,1,2,129,1,550,-2004046809,19802,0226888CAC274D5A,,,,,,,,,,,,,,,29999,,,,20150206,"US,US,reprt,L-246-2015",29.7,US4TB3P0,29.7,1045,3,,,2004,,,,"U.S. Navy LIDAR Survey, Archive No. 04HFM01, Scale 1:5,000-1:10,000",20150206,"US,US,reprt,L-246-2015",US4TB3P0,B,0.72,,outside_allen_geomorphic_or_unclassified,False,20.0,30.0,US4TB3P0,,False,False,False,134.5810852,7.346036
8841,1,2,129,1,550,-2004046809,19802,0226888CAC274D5A,,,,,,,,,,,,,,,29999,,,,20150206,"US,US,reprt,L-246-2015",4.2,US4TB3P0,4.2,1046,3,,,2004,,,,"U.S. Navy LIDAR Survey, Archive No. 04HFM01, Scale 1:5,000-1:10,000",20150206,"US,US,reprt,L-246-2015",US4TB3P0,B,0.72,Reef Slope,reef_slope,True,2.0,5.0,US4TB3P0,,False,False,False,134.5811615,7.3483391
8841,1,2,129,1,550,-2004046809,19802,0226888CAC274D5A,,,,,,,,,,,,,,,29999,,,,20150206,"US,US,reprt,L-246-2015",27.5,US4TB3P0,27.5,1047,3,,,2004,,,,"U.S. Navy LIDAR Survey, Archive No. 04HFM01, Scale 1:5,000-1:10,000",20150206,"US,US,reprt,L-246-2015",US4TB3P0,B,0.72,,outside_allen_geomorphic_or_unclassified,False,20.0,30.0,US4TB3P0,,False,False,False,134.5812073,7.3286223
8841,1,2,129,1,550,-2004046809,19802,0226888CAC274D5A,,,,,,,,,,,,,,,29999,,,,20150206,"US,US,reprt,L-246-2015",12.6,US4TB3P0,12.6,1048,3,,,2004,,,,"U.S. Navy LIDAR Survey, Archive No. 04HFM01, Scale 1:5,000-1:10,000",20150206,"US,US,reprt,L-246-2015",US4TB3P0,B,0.72,,outside_allen_geomorphic_or_unclassified,False,10.0,20.0,US4TB3P0,,False,False,False,134.5814056,7.3357167
8841,1,2,129,1,550,-2004046809,19802,0226888CAC274D5A,,,,,,,,,,,,,,,29999,,,,20150206,"US,US,reprt,L-246-2015",9.8,US4TB3P0,9.8,1049,3,,,2004,,,,"U.S. Navy LIDAR Survey, Archive No. 04HFM01, Scale 1:5,000-1:10,000",20150206,"US,US,reprt,L-246-2015",US4TB3P0,B,0.72,,outside_allen_geomorphic_or_unclassified,False,5.0,10.0,US4TB3P0,,False,False,False,134.5814667,7.3246665
8841,1,2,129,1,550,-2004046809,19802,0226888CAC274D5A,,,,,,,,,,,,,,,29999,,,,20150206,"US,US,reprt,L-246-2015",24.3,US4TB3P0,24.3,1050,3,,,2004,,,,"U.S. Navy LIDAR Survey, Archive No. 04HFM01, Scale 1:5,000-1:10,000",20150206,"US,US,reprt,L-246-2015",US4TB3P0,B,0.72,,outside_allen_geomorphic_or_unclassified,False,20.0,30.0,US4TB3P0,,False,False,False,134.5815735,7.3447194
8841,1,2,129,1,550,-2004046809,19802,0226888CAC274D5A,,,,,,,,,,,,,,,29999,,,,20150206,"US,US,reprt,L-246-2015",16.5,US4TB3P0,16.5,1051,3,,,2004,,,,"U.S. Navy LIDAR Survey, Archive No. 04HFM01, Scale 1:5,000-1:10,000",20150206,"US,US,reprt,L-246-2015",US4TB3P0,B,0.72,,outside_allen_geomorphic_or_unclassified,False,10.0,20.0,US4TB3P0,,False,False,False,134.5817413,7.3372526
8841,1,2,129,1,550,-2004046809,19802,0226888CAC274D5A,,,,,,,,,,,,,,,29999,,,,20150206,"US,US,reprt,L-246-2015",12.9,US4TB3P0,12.9,1052,3,,,2004,,,,"U.S. Navy LIDAR Survey, Archive No. 04HFM01, Scale 1:5,000-1:10,000",20150206,"US,US,reprt,L-246-2015",US4TB3P0,B,0.72,,outside_allen_geomorphic_or_unclassified,False,10.0,20.0,US4TB3P0,,False,False,False,134.5819855,7.3235612
8841,1,2,129,1,550,-2004046809,19802,0226888CAC274D5A,,,,,,,,,,,,,,,29999,,,,20150206,"US,US,reprt,L-246-2015",29.0,US4TB3P0,29.0,1053,3,,,2004,,,,"U.S. Navy LIDAR Survey, Archive No. 04HFM01, Scale 1:5,000-1:10,000",20150206,"US,US,reprt,L-246-2015",US4TB3P0,B,0.72,,outside_allen_geomorphic_or_unclassified,False,20.0,30.0,US4TB3P0,,False,False,False,134.5820923,7.3392415
8841,1,2,129,1,550,-2004046809,19802,0226888CAC274D5A,,,,,,,,,,,,,,,29999,,,,20150206,"US,US,reprt,L-246-2015",16.5,US4TB3P0,16.5,1054,3,,,2004,,,,"U.S. Navy LIDAR Survey, Archive No. 04HFM01, Scale 1:5,000-1:10,000",20150206,"US,US,reprt,L-246-2015",US4TB3P0,B,0.72,,outside_allen_geomorphic_or_unclassified,False,10.0,20.0,US4TB3P0,,False,False,False,134.5822601,7.3271084
8841,1,2,129,1,550,-2004046809,19802,0226888CAC274D5A,,,,,,,,,,,,,,,29999,,,,20150206,"US,US,reprt,L-246-2015",15.4,US4TB3P0,15.4,1055,3,,,2004,,,,"U.S. Navy LIDAR Survey, Archive No. 04HFM01, Scale 1:5,000-1:10,000",20150206,"US,US,reprt,L-246-2015",US4TB3P0,B,0.72,,outside_allen_geomorphic_or_unclassified,False,10.0,20.0,US4TB3P0,,False,False,False,134.5823517,7.3357277
8841,1,2,129,1,550,-2004046809,19802,0226888CAC274D5A,,,,,,,,,,,,,,,29999,,,,20150206,"US,US,reprt,L-246-2015",46.0,US4TB3P0,46.0,1056,3,,,2004,,,,"U.S. Navy LIDAR Survey, Archive No. 04HFM01, Scale 1:5,000-1:10,000",20150206,"US,US,reprt,L-246-2015",US4TB3P0,B,0.72,,outside_allen_geomorphic_or_unclassified,False,30.0,50.0,US4TB3P0,,False,False,False,134.5824127,7.3412418
8841,1,2,129,1,550,-2004046809,19802,0226888CAC274D5A,,,,,,,,,,,,,,,29999,,,,20150206,"US,US,reprt,L-246-2015",11.7,US4TB3P0,11.7,1057,3,,,2004,,,,"U.S. Navy LIDAR Survey, Archive No. 04HFM01, Scale 1:5,000-1:10,000",20150206,"US,US,reprt,L-246-2015",US4TB3P0,B,0.72,Reef Slope,reef_slope,True,10.0,20.0,US4TB3P0,,False,False,False,134.582489,7.3480611
8841,1,2,129,1,550,-2004046809,19802,0226888CAC274D5A,,,,,,,,,,,,,,,29999,,,,20150206,"US,US,reprt,L-246-2015",32.0,US4TB3P0,32.0,1058,3,,,2004,,,,"U.S. Navy LIDAR Survey, Archive No. 04HFM01, Scale 1:5,000-1:10,000",20150206,"US,US,reprt,L-246-2015",US4TB3P0,B,0.72,,outside_allen_geomorphic_or_unclassified,False,30.0,50.0,US4TB3P0,,False,False,False,134.5827332,7.3454557
8841,1,2,129,1,550,-2004046809,19802,0226888CAC274D5A,,,,,,,,,,,,,,,29999,,,,20150206,"US,US,reprt,L-246-2015",23.9,US4TB3P0,23.9,1059,3,,,2004,,,,"U.S. Navy LIDAR Survey, Archive No. 04HFM01, Scale 1:5,000-1:10,000",20150206,"US,US,reprt,L-246-2015",US4TB3P0,B,0.72,,outside_allen_geomorphic_or_unclassified,False,20.0,30.0,US4TB3P0,,False,False,False,134.583252,7.3328252
8841,1,2,129,1,550,-2004046809,19802,0226888CAC274D5A,,,,,,,,,,,,,,,29999,,,,20150206,"US,US,reprt,L-246-2015",22.2,US4TB3P0,22.2,1060,3,,,2004,,,,"U.S. Navy LIDAR Survey, Archive No. 04HFM01, Scale 1:5,000-1:10,000",20150206,"US,US,reprt,L-246-2015",US4TB3P0,B,0.72,,outside_allen_geomorphic_or_unclassified,False,20.0,30.0,US4TB3P0,,False,False,False,134.5833893,7.3270669
8841,1,2,129,1,550,-2004046809,19802,0226888CAC274D5A,,,,,,,,,,,,,,,29999,,,,20150206,"US,US,reprt,L-246-2015",12.9,US4TB3P0,12.9,1061,3,,,2004,,,,"U.S. Navy LIDAR Survey, Archive No. 04HFM01, Scale 1:5,000-1:10,000",20150206,"US,US,reprt,L-246-2015",US4TB3P0,B,0.72,,outside_allen_geomorphic_or_unclassified,False,10.0,20.0,US4TB3P0,,False,False,False,134.5835266,7.329289
8841,1,2,129,1,550,-2004046809,19802,0226888CAC274D5A,,,,,,,,,,,,,,,29999,,,,20150206,"US,US,reprt,L-246-2015",17.0,US4TB3P0,17.0,1062,3,,,2004,,,,"U.S. Navy LIDAR Survey, Archive No. 04HFM01, Scale 1:5,000-1:10,000",20150206,"US,US,reprt,L-246-2015",US4TB3P0,B,0.72,,outside_allen_geomorphic_or_unclassified,False,10.0,20.0,US4TB3P0,,False,False,False,134.5835877,7.3361721
8841,1,2,129,1,550,-2004046809,19802,0226888CAC274D5A,,,,,,,,,,,,,,,29999,,,,20150206,"US,US,reprt,L-246-2015",18.8,US4TB3P0,18.8,1063,3,,,2004,,,,"U.S. Navy LIDAR Survey, Archive No. 04HFM01, Scale 1:5,000-1:10,000",20150206,"US,US,reprt,L-246-2015",US4TB3P0,B,0.72,,outside_allen_geomorphic_or_unclassified,False,10.0,20.0,US4TB3P0,,False,False,False,134.5836182,7.3343444
8841,1,2,129,1,550,-2004046809,19802,0226888CAC274D5A,,,,,,,,,,,,,,,29999,,,,20150206,"US,US,reprt,L-246-2015",13.3,US4TB3P0,13.3,1064,3,,,2004,,,,"U.S. Navy LIDAR Survey, Archive No. 04HFM01, Scale 1:5,000-1:10,000",20150206,"US,US,reprt,L-246-2015",US4TB3P0,B,0.72,,outside_allen_geomorphic_or_unclassified,False,10.0,20.0,US4TB3P0,,False,False,False,134.5837555,7.325489
8841,1,2,129,1,550,-2004046809,19802,0226888CAC274D5A,,,,,,,,,,,,,,,29999,,,,20150206,"US,US,reprt,L-246-2015",13.4,US4TB3P0,13.4,1065,3,,,2004,,,,"U.S. Navy LIDAR Survey, Archive No. 04HFM01, Scale 1:5,000-1:10,000",20150206,"US,US,reprt,L-246-2015",US4TB3P0,B,0.72,,outside_allen_geomorphic_or_unclassified,False,10.0,20.0,US4TB3P0,,False,False,False,134.5838013,7.3278723
8841,1,2,129,1,550,-2004046809,19802,0226888CAC274D5A,,,,,,,,,,,,,,,29999,,,,20150206,"US,US,reprt,L-246-2015",83.0,US4TB3P0,83.0,1066,5,,,1938,1915,,,"Former Japan Chart 481 (Ed. 1940, Rev. 1944), from Japan surveys, Scale 1:25,000",20150206,"US,US,reprt,L-246-2015",US4TB3P0,D,0.22,,outside_allen_geomorphic_or_unclassified,False,50.0,100.0,US4TB3P0,,False,False,False,134.5843048,7.3231835
8841,1,2,129,1,550,-2004046809,19802,0226888CAC274D5A,,,,,,,,,,,,,,,29999,,,,20150206,"US,US,reprt,L-246-2015",37.0,US4TB3P0,37.0,1067,3,,,2004,,,,"U.S. Navy LIDAR Survey, Archive No. 04HFM01, Scale 1:5,000-1:10,000",20150206,"US,US,reprt,L-246-2015",US4TB3P0,B,0.72,,outside_allen_geomorphic_or_unclassified,False,30.0,50.0,US4TB3P0,,False,False,False,134.5843658,7.3408918
8841,1,2,129,1,550,-2004046809,19802,0226888CAC274D5A,,,,,,,,,,,,,,,29999,,,,20150206,"US,US,reprt,L-246-2015",28.5,US4TB3P0,28.5,1068,3,,,2004,,,,"U.S. Navy LIDAR Survey, Archive No. 04HFM01, Scale 1:5,000-1:10,000",20150206,"US,US,reprt,L-246-2015",US4TB3P0,B,0.72,,outside_allen_geomorphic_or_unclassified,False,20.0,30.0,US4TB3P0,,False,False,False,134.5843811,7.3395166
8841,1,2,129,1,550,-2004046809,19802,0226888CAC274D5A,,,,,,,,,,,,,,,29999,,,,20150206,"US,US,reprt,L-246-2015",11.1,US4TB3P0,11.1,1069,3,,,2004,,,,"U.S. Navy LIDAR Survey, Archive No. 04HFM01, Scale 1:5,000-1:10,000",20150206,"US,US,reprt,L-246-2015",US4TB3P0,B,0.72,,outside_allen_geomorphic_or_unclassified,False,10.0,20.0,US4TB3P0,,False,False,False,134.5843964,7.3315363
8841,1,2,129,1,550,-2004046809,19802,0226888CAC274D5A,,,,,,,,,,,,,,,29999,,,,20150206,"US,US,reprt,L-246-2015",31.0,US4TB3P0,31.0,1070,3,,,2004,,,,"U.S. Navy LIDAR Survey, Archive No. 04HFM01, Scale 1:5,000-1:10,000",20150206,"US,US,reprt,L-246-2015",US4TB3P0,B,0.72,,outside_allen_geomorphic_or_unclassified,False,30.0,50.0,US4TB3P0,,False,False,False,134.5844574,7.345139
8841,1,2,129,1,550,-2004046809,19802,0226888CAC274D5A,,,,,,,,,,,,,,,29999,,,,20150206,"US,US,reprt,L-246-2015",8.2,US4TB3P0,8.2,1071,3,,,2004,,,,"U.S. Navy LIDAR Survey, Archive No. 04HFM01, Scale 1:5,000-1:10,000",20150206,"US,US,reprt,L-246-2015",US4TB3P0,B,0.72,,outside_allen_geomorphic_or_unclassified,False,5.0,10.0,US4TB3P0,,False,False,False,134.5844727,7.3289609
8841,1,2,129,1,550,-2004046809,19802,0226888CAC274D5A,,,,,,,,,,,,,,,29999,,,,20150206,"US,US,reprt,L-246-2015",10.2,US4TB3P0,10.2,1072,3,,,2004,,,,"U.S. Navy LIDAR Survey, Archive No. 04HFM01, Scale 1:5,000-1:10,000",20150206,"US,US,reprt,L-246-2015",US4TB3P0,B,0.72,,outside_allen_geomorphic_or_unclassified,False,10.0,20.0,US4TB3P0,,False,False,False,134.5844727,7.3303804
8841,1,2,129,1,550,-2004046809,19802,0226888CAC274D5A,,,,,,,,,,,,,,,29999,,,,20150206,"US,US,reprt,L-246-2015",11.2,US4TB3P0,11.2,1073,3,,,2004,,,,"U.S. Navy LIDAR Survey, Archive No. 04HFM01, Scale 1:5,000-1:10,000",20150206,"US,US,reprt,L-246-2015",US4TB3P0,B,0.72,Deep Lagoon,deep_lagoon,True,10.0,20.0,US4TB3P0,,False,False,False,134.5845795,7.3358584
8841,1,2,129,1,550,-2004046809,19802,0226888CAC274D5A,,,,,,,,,,,,,,,29999,,,,20150206,"US,US,reprt,L-246-2015",12.3,US4TB3P0,12.3,1074,3,,,2004,,,,"U.S. Navy LIDAR Survey, Archive No. 04HFM01, Scale 1:5,000-1:10,000",20150206,"US,US,reprt,L-246-2015",US4TB3P0,B,0.72,Reef Slope,reef_slope,True,10.0,20.0,US4TB3P0,,False,False,False,134.58461,7.3479586
8841,1,2,129,1,550,-2004046809,19802,0226888CAC274D5A,,,,,,,,,,,,,,,29999,,,,20150206,"US,US,reprt,L-246-2015",11.5,US4TB3P0,11.5,1075,3,,,2004,,,,"U.S. Navy LIDAR Survey, Archive No. 04HFM01, Scale 1:5,000-1:10,000",20150206,"US,US,reprt,L-246-2015",US4TB3P0,B,0.72,Reef Slope,reef_slope,True,10.0,20.0,US4TB3P0,,False,False,False,134.5848084,7.3271279
8841,1,2,129,1,550,-2004046809,19802,0226888CAC274D5A,,,,,,,,,,,,,,,29999,,,,20150206,"US,US,reprt,L-246-2015",24.0,US4TB3P0,24.0,1076,3,,,2004,,,,"U.S. Navy LIDAR Survey, Archive No. 04HFM01, Scale 1:5,000-1:10,000",20150206,"US,US,reprt,L-246-2015",US4TB3P0,B,0.72,,outside_allen_geomorphic_or_unclassified,False,20.0,30.0,US4TB3P0,,False,False,False,134.5848084,7.3469305
8841,1,2,129,1,550,-2004046809,19802,0226888CAC274D5A,,,,,,,,,,,,,,,29999,,,,20150206,"US,US,reprt,L-246-2015",14.5,US4TB3P0,14.5,1077,3,,,2004,,,,"U.S. Navy LIDAR Survey, Archive No. 04HFM01, Scale 1:5,000-1:10,000",20150206,"US,US,reprt,L-246-2015",US4TB3P0,B,0.72,,outside_allen_geomorphic_or_unclassified,False,10.0,20.0,US4TB3P0,,False,False,False,134.5848236,7.3368416
8841,1,2,129,1,550,-2004046809,19802,0226888CAC274D5A,,,,,,,,,,,,,,,29999,,,,20150206,"US,US,reprt,L-246-2015",25.3,US4TB3P0,25.3,1078,3,,,2004,,,,"U.S. Navy LIDAR Survey, Archive No. 04HFM01, Scale 1:5,000-1:10,000",20150206,"US,US,reprt,L-246-2015",US4TB3P0,B,0.72,,outside_allen_geomorphic_or_unclassified,False,20.0,30.0,US4TB3P0,,False,False,False,134.585144,7.3256168
8841,1,2,129,1,550,-2004046809,19802,0226888CAC274D5A,,,,,,,,,,,,,,,29999,,,,20150206,"US,US,reprt,L-246-2015",9.4,US4TB3P0,9.4,1079,3,,,2004,,,,"U.S. Navy LIDAR Survey, Archive No. 04HFM01, Scale 1:5,000-1:10,000",20150206,"US,US,reprt,L-246-2015",US4TB3P0,B,0.72,Reef Slope,reef_slope,True,5.0,10.0,US4TB3P0,,False,False,False,134.5853424,7.3281112
8841,1,2,129,1,550,-2004046809,19802,0226888CAC274D5A,,,,,,,,,,,,,,,29999,,,,20150206,"US,US,reprt,L-246-2015",16.1,US4TB3P0,16.1,1080,3,,,2004,,,,"U.S. Navy LIDAR Survey, Archive No. 04HFM01, Scale 1:5,000-1:10,000",20150206,"US,US,reprt,L-246-2015",US4TB3P0,B,0.72,,outside_allen_geomorphic_or_unclassified,False,10.0,20.0,US4TB3P0,,False,False,False,134.5853424,7.335
8841,1,2,129,1,550,-2004046809,19802,0226888CAC274D5A,,,,,,,,,,,,,,,29999,,,,20150206,"US,US,reprt,L-246-2015",24.1,US4TB3P0,24.1,1081,3,,,2004,,,,"U.S. Navy LIDAR Survey, Archive No. 04HFM01, Scale 1:5,000-1:10,000",20150206,"US,US,reprt,L-246-2015",US4TB3P0,B,0.72,,outside_allen_geomorphic_or_unclassified,False,20.0,30.0,US4TB3P0,,False,False,False,134.5853729,7.3379998
8841,1,2,129,1,550,-2004046809,19802,0226888CAC274D5A,,,,,,,,,,,,,,,29999,,,,20150206,"US,US,reprt,L-246-2015",6.9,US4TB3P0,6.9,1082,3,,,2004,,,,"U.S. Navy LIDAR Survey, Archive No. 04HFM01, Scale 1:5,000-1:10,000",20150206,"US,US,reprt,L-246-2015",US4TB3P0,B,0.72,Reef Slope,reef_slope,True,5.0,10.0,US4TB3P0,,False,False,False,134.5856934,7.3296557
8841,1,2,129,1,550,-2004046809,19802,0226888CAC274D5A,,,,,,,,,,,,,,,29999,,,,20150206,"US,US,reprt,L-246-2015",29.1,US4TB3P0,29.1,1083,3,,,2004,,,,"U.S. Navy LIDAR Survey, Archive No. 04HFM01, Scale 1:5,000-1:10,000",20150206,"US,US,reprt,L-246-2015",US4TB3P0,B,0.72,,outside_allen_geomorphic_or_unclassified,False,20.0,30.0,US4TB3P0,,False,False,False,134.5857697,7.343153
8841,1,2,129,1,550,-2004046809,19802,0226888CAC274D5A,,,,,,,,,,,,,,,29999,,,,20150206,"US,US,reprt,L-246-2015",13.3,US4TB3P0,13.3,1084,3,,,2004,,,,"U.S. Navy LIDAR Survey, Archive No. 04HFM01, Scale 1:5,000-1:10,000",20150206,"US,US,reprt,L-246-2015",US4TB3P0,B,0.72,,outside_allen_geomorphic_or_unclassified,False,10.0,20.0,US4TB3P0,,False,False,False,134.5858307,7.3340221
8841,1,2,129,1,550,-2004046809,19802,0226888CAC274D5A,,,,,,,,,,,,,,,29999,,,,20150206,"US,US,reprt,L-246-2015",8.7,US4TB3P0,8.7,1085,3,,,2004,,,,"U.S. Navy LIDAR Survey, Archive No. 04HFM01, Scale 1:5,000-1:10,000",20150206,"US,US,reprt,L-246-2015",US4TB3P0,B,0.72,Deep Lagoon,deep_lagoon,True,5.0,10.0,US4TB3P0,,False,False,False,134.5861816,7.3313417
8841,1,2,129,1,550,-2004046809,19802,0226888CAC274D5A,,,,,,,,,,,,,,,29999,,,,20150206,"US,US,reprt,L-246-2015",36.0,US4TB3P0,36.0,1086,3,,,2004,,,,"U.S. Navy LIDAR Survey, Archive No. 04HFM01, Scale 1:5,000-1:10,000",20150206,"US,US,reprt,L-246-2015",US4TB3P0,B,0.72,,outside_allen_geomorphic_or_unclassified,False,30.0,50.0,US4TB3P0,,False,False,False,134.5861969,7.3398833
8841,1,2,129,1,550,-2004046809,19802,0226888CAC274D5A,,,,,,,,,,,,,,,29999,,,,20150206,"US,US,reprt,L-246-2015",28.3,US4TB3P0,28.3,1087,3,,,2004,,,,"U.S. Navy LIDAR Survey, Archive No. 04HFM01, Scale 1:5,000-1:10,000",20150206,"US,US,reprt,L-246-2015",US4TB3P0,B,0.72,,outside_allen_geomorphic_or_unclassified,False,20.0,30.0,US4TB3P0,,False,False,False,134.5862732,7.3450556
8841,1,2,129,1,550,-2004046809,19802,0226888CAC274D5A,,,,,,,,,,,,,,,29999,,,,20150206,"US,US,reprt,L-246-2015",13.3,US4TB3P0,13.3,1088,3,,,2004,,,,"U.S. Navy LIDAR Survey, Archive No. 04HFM01, Scale 1:5,000-1:10,000",20150206,"US,US,reprt,L-246-2015",US4TB3P0,B,0.72,Reef Slope,reef_slope,True,10.0,20.0,US4TB3P0,,False,False,False,134.5863648,7.3282499
8841,1,2,129,1,550,-2004046809,19802,0226888CAC274D5A,,,,,,,,,,,,,,,29999,,,,20150206,"US,US,reprt,L-246-2015",25.3,US4TB3P0,25.3,1089,3,,,2004,,,,"U.S. Navy LIDAR Survey, Archive No. 04HFM01, Scale 1:5,000-1:10,000",20150206,"US,US,reprt,L-246-2015",US4TB3P0,B,0.72,,outside_allen_geomorphic_or_unclassified,False,20.0,30.0,US4TB3P0,,False,False,False,134.5863953,7.3351526
8841,1,2,129,1,550,-2004046809,19802,0226888CAC274D5A,,,,,,,,,,,,,,,29999,,,,20150206,"US,US,reprt,L-246-2015",36.0,US4TB3P0,36.0,1090,3,,,2004,,,,"U.S. Navy LIDAR Survey, Archive No. 04HFM01, Scale 1:5,000-1:10,000",20150206,"US,US,reprt,L-246-2015",US4TB3P0,B,0.72,,outside_allen_geomorphic_or_unclassified,False,30.0,50.0,US4TB3P0,,False,False,False,134.5864563,7.3419805
8841,1,2,129,1,550,-2004046809,19802,0226888CAC274D5A,,,,,,,,,,,,,,,29999,,,,20150206,"US,US,reprt,L-246-2015",39.0,US4TB3P0,39.0,1091,3,,,2004,,,,"U.S. Navy LIDAR Survey, Archive No. 04HFM01, Scale 1:5,000-1:10,000",20150206,"US,US,reprt,L-246-2015",US4TB3P0,B,0.72,,outside_allen_geomorphic_or_unclassified,False,30.0,50.0,US4TB3P0,,False,False,False,134.5865021,7.3370638
8841,1,2,129,1,550,-2004046809,19802,0226888CAC274D5A,,,,,,,,,,,,,,,29999,,,,20150206,"US,US,reprt,L-246-2015",16.9,US4TB3P0,16.9,1092,3,,,2004,,,,"U.S. Navy LIDAR Survey, Archive No. 04HFM01, Scale 1:5,000-1:10,000",20150206,"US,US,reprt,L-246-2015",US4TB3P0,B,0.72,,outside_allen_geomorphic_or_unclassified,False,10.0,20.0,US4TB3P0,,False,False,False,134.5865936,7.3327751
8841,1,2,129,1,550,-2004046809,19802,0226888CAC274D5A,,,,,,,,,,,,,,,29999,,,,20150206,"US,US,reprt,L-246-2015",7.3,US4TB3P0,7.3,1093,3,,,2004,,,,"U.S. Navy LIDAR Survey, Archive No. 04HFM01, Scale 1:5,000-1:10,000",20150206,"US,US,reprt,L-246-2015",US4TB3P0,B,0.72,Reef Slope,reef_slope,True,5.0,10.0,US4TB3P0,,False,False,False,134.5869446,7.3299332
8841,1,2,129,1,550,-2004046809,19802,0226888CAC274D5A,,,,,,,,,,,,,,,29999,,,,20150206,"US,US,reprt,L-246-2015",2.0,US4TB3P0,2.0,1094,3,,,2004,,,,"U.S. Navy LIDAR Survey, Archive No. 04HFM01, Scale 1:5,000-1:10,000",20150206,"US,US,reprt,L-246-2015",US4TB3P0,B,0.72,Reef Crest,reef_flat_or_crest,True,0.0,2.0,US4TB3P0,,False,False,False,134.5870667,7.3480363
8841,1,2,129,1,550,-2004046809,19802,0226888CAC274D5A,,,,,,,,,,,,,,,29999,,,,20150206,"US,US,reprt,L-246-2015",12.5,US4TB3P0,12.5,1095,3,,,2004,,,,"U.S. Navy LIDAR Survey, Archive No. 04HFM01, Scale 1:5,000-1:10,000",20150206,"US,US,reprt,L-246-2015",US4TB3P0,B,0.72,,outside_allen_geomorphic_or_unclassified,False,10.0,20.0,US4TB3P0,,False,False,False,134.5873108,7.3340139
8841,1,2,129,1,550,-2004046809,19802,0226888CAC274D5A,,,,,,,,,,,,,,,29999,,,,20150206,"US,US,reprt,L-246-2015",8.9,US4TB3P0,8.9,1096,3,,,2004,,,,"U.S. Navy LIDAR Survey, Archive No. 04HFM01, Scale 1:5,000-1:10,000",20150206,"US,US,reprt,L-246-2015",US4TB3P0,B,0.72,Plateau,plateau,True,5.0,10.0,US4TB3P0,,False,False,False,134.587677,7.3315668
8841,1,2,129,1,550,-2004046809,19802,0226888CAC274D5A,,,,,,,,,,,,,,,29999,,,,20150206,"US,US,reprt,L-246-2015",15.6,US4TB3P0,15.6,1097,3,,,2004,,,,"U.S. Navy LIDAR Survey, Archive No. 04HFM01, Scale 1:5,000-1:10,000",20150206,"US,US,reprt,L-246-2015",US4TB3P0,B,0.72,,outside_allen_geomorphic_or_unclassified,False,10.0,20.0,US4TB3P0,,False,False,False,134.5878449,7.3290834
8841,1,2,129,1,550,-2004046809,19802,0226888CAC274D5A,,,,,,,,,,,,,,,29999,,,,20150206,"US,US,reprt,L-246-2015",9.4,US4TB3P0,9.4,1098,3,,,2004,,,,"U.S. Navy LIDAR Survey, Archive No. 04HFM01, Scale 1:5,000-1:10,000",20150206,"US,US,reprt,L-246-2015",US4TB3P0,B,0.72,Plateau,plateau,True,5.0,10.0,US4TB3P0,,False,False,False,134.5879059,7.3306556
8841,1,2,129,1,550,-2004046809,19802,0226888CAC274D5A,,,,,,,,,,,,,,,29999,,,,20150206,"US,US,reprt,L-246-2015",34.0,US4TB3P0,34.0,1099,3,,,2004,,,,"U.S. Navy LIDAR Survey, Archive No. 04HFM01, Scale 1:5,000-1:10,000",20150206,"US,US,reprt,L-246-2015",US4TB3P0,B,0.72,,outside_allen_geomorphic_or_unclassified,False,30.0,50.0,US4TB3P0,,False,False,False,134.58815,7.3414583
8841,1,2,129,1,550,-2004046809,19802,0226888CAC274D5A,,,,,,,,,,,,,,,29999,,,,20150206,"US,US,reprt,L-246-2015",74.0,US4TB3P0,74.0,1100,5,,,1938,1915,,,"Former Japan Chart 481 (Ed. 1940, Rev. 1944), from Japan surveys, Scale 1:25,000",20150206,"US,US,reprt,L-246-2015",US4TB3P0,D,0.22,,outside_allen_geomorphic_or_unclassified,False,50.0,100.0,US4TB3P0,,False,False,False,134.5882111,7.3269696
8841,1,2,129,1,550,-2004046809,19802,0226888CAC274D5A,,,,,,,,,,,,,,,29999,,,,20150206,"US,US,reprt,L-246-2015",384.0,US4TB3P0,384.0,1101,5,,,1938,1915,,,"Former Japan Chart 481 (Ed. 1940, Rev. 1944), from Japan surveys, Scale 1:25,000",20150206,"US,US,reprt,L-246-2015",US4TB3P0,D,0.22,,outside_allen_geomorphic_or_unclassified,False,200.0,1000.0,US4TB3P0,,False,False,True,134.5883179,7.3236723
8841,1,2,129,1,550,-2004046809,19802,0226888CAC274D5A,,,,,,,,,,,,,,,29999,,,,20150206,"US,US,reprt,L-246-2015",12.9,US4TB3P0,12.9,1102,3,,,2004,,,,"U.S. Navy LIDAR Survey, Archive No. 04HFM01, Scale 1:5,000-1:10,000",20150206,"US,US,reprt,L-246-2015",US4TB3P0,B,0.72,Reef Slope,reef_slope,True,10.0,20.0,US4TB3P0,,False,False,False,134.5886536,7.348403
8841,1,2,129,1,550,-2004046809,19802,0226888CAC274D5A,,,,,,,,,,,,,,,29999,,,,20150206,"US,US,reprt,L-246-2015",21.8,US4TB3P0,21.8,1103,3,,,2004,,,,"U.S. Navy LIDAR Survey, Archive No. 04HFM01, Scale 1:5,000-1:10,000",20150206,"US,US,reprt,L-246-2015",US4TB3P0,B,0.72,,outside_allen_geomorphic_or_unclassified,False,20.0,30.0,US4TB3P0,,False,False,False,134.5887146,7.3335695
8841,1,2,129,1,550,-2004046809,19802,0226888CAC274D5A,,,,,,,,,,,,,,,29999,,,,20150206,"US,US,reprt,L-246-2015",40.0,US4TB3P0,40.0,1104,3,,,2004,,,,"U.S. Navy LIDAR Survey, Archive No. 04HFM01, Scale 1:5,000-1:10,000",20150206,"US,US,reprt,L-246-2015",US4TB3P0,B,0.72,,outside_allen_geomorphic_or_unclassified,False,30.0,50.0,US4TB3P0,,False,False,False,134.5887146,7.3388085
8841,1,2,129,1,550,-2004046809,19802,0226888CAC274D5A,,,,,,,,,,,,,,,29999,,,,20150206,"US,US,reprt,L-246-2015",13.6,US4TB3P0,13.6,1105,3,,,2004,,,,"U.S. Navy LIDAR Survey, Archive No. 04HFM01, Scale 1:5,000-1:10,000",20150206,"US,US,reprt,L-246-2015",US4TB3P0,B,0.72,,outside_allen_geomorphic_or_unclassified,False,10.0,20.0,US4TB3P0,,False,False,False,134.5887604,7.3301945
8841,1,2,129,1,550,-2004046809,19802,0226888CAC274D5A,,,,,,,,,,,,,,,29999,,,,20150206,"US,US,reprt,L-246-2015",41.0,US4TB3P0,41.0,1106,3,,,2004,,,,"U.S. Navy LIDAR Survey, Archive No. 04HFM01, Scale 1:5,000-1:10,000",20150206,"US,US,reprt,L-246-2015",US4TB3P0,B,0.72,,outside_allen_geomorphic_or_unclassified,False,30.0,50.0,US4TB3P0,,False,False,False,134.5888062,7.3374443
8841,1,2,129,1,550,-2004046809,19802,0226888CAC274D5A,,,,,,,,,,,,,,,29999,,,,20150206,"US,US,reprt,L-246-2015",27.7,US4TB3P0,27.7,1107,3,,,2004,,,,"U.S. Navy LIDAR Survey, Archive No. 04HFM01, Scale 1:5,000-1:10,000",20150206,"US,US,reprt,L-246-2015",US4TB3P0,B,0.72,,outside_allen_geomorphic_or_unclassified,False,20.0,30.0,US4TB3P0,,False,False,False,134.588913,7.3455081
8841,1,2,129,1,550,-2004046809,19802,0226888CAC274D5A,,,,,,,,,,,,,,,29999,,,,20150206,"US,US,reprt,L-246-2015",29.6,US4TB3P0,29.6,1108,3,,,2004,,,,"U.S. Navy LIDAR Survey, Archive No. 04HFM01, Scale 1:5,000-1:10,000",20150206,"US,US,reprt,L-246-2015",US4TB3P0,B,0.72,,outside_allen_geomorphic_or_unclassified,False,20.0,30.0,US4TB3P0,,False,False,False,134.5892792,7.3429613
8841,1,2,129,1,550,-2004046809,19802,0226888CAC274D5A,,,,,,,,,,,,,,,29999,,,,20150206,"US,US,reprt,L-246-2015",42.0,US4TB3P0,42.0,1109,3,,,2004,,,,"U.S. Navy LIDAR Survey, Archive No. 04HFM01, Scale 1:5,000-1:10,000",20150206,"US,US,reprt,L-246-2015",US4TB3P0,B,0.72,,outside_allen_geomorphic_or_unclassified,False,30.0,50.0,US4TB3P0,,False,False,False,134.5893402,7.340672
8841,1,2,129,1,550,-2004046809,19802,0226888CAC274D5A,,,,,,,,,,,,,,,29999,,,,20150206,"US,US,reprt,L-246-2015",12.4,US4TB3P0,12.4,1110,3,,,2004,,,,"U.S. Navy LIDAR Survey, Archive No. 04HFM01, Scale 1:5,000-1:10,000",20150206,"US,US,reprt,L-246-2015",US4TB3P0,B,0.72,,outside_allen_geomorphic_or_unclassified,False,10.0,20.0,US4TB3P0,,False,False,False,134.5894318,7.3318
8841,1,2,129,1,550,-2004046809,19802,0226888CAC274D5A,,,,,,,,,,,,,,,29999,,,,20150206,"US,US,reprt,L-246-2015",43.0,US4TB3P0,43.0,1111,3,,,2004,,,,"U.S. Navy LIDAR Survey, Archive No. 04HFM01, Scale 1:5,000-1:10,000",20150206,"US,US,reprt,L-246-2015",US4TB3P0,B,0.72,,outside_allen_geomorphic_or_unclassified,False,30.0,50.0,US4TB3P0,,False,False,False,134.5895691,7.3419471
8841,1,2,129,1,550,-2004046809,19802,0226888CAC274D5A,,,,,,,,,,,,,,,29999,,,,20150206,"US,US,reprt,L-246-2015",43.0,US4TB3P0,43.0,1112,3,,,2004,,,,"U.S. Navy LIDAR Survey, Archive No. 04HFM01, Scale 1:5,000-1:10,000",20150206,"US,US,reprt,L-246-2015",US4TB3P0,B,0.72,,outside_allen_geomorphic_or_unclassified,False,30.0,50.0,US4TB3P0,,False,False,False,134.5897064,7.3352137
8841,1,2,129,1,550,-2004046809,19802,0226888CAC274D5A,,,,,,,,,,,,,,,29999,,,,20150206,"US,US,reprt,L-246-2015",2.3,US4TB3P0,2.3,1113,3,,,2004,,,,"U.S. Navy LIDAR Survey, Archive No. 04HFM01, Scale 1:5,000-1:10,000",20150206,"US,US,reprt,L-246-2015",US4TB3P0,B,0.72,Reef Slope,reef_slope,True,2.0,5.0,US4TB3P0,,False,False,False,134.5900421,7.3489332
8841,1,2,129,1,550,-2004046809,19802,0226888CAC274D5A,,,,,,,,,,,,,,,29999,,,,20150206,"US,US,reprt,L-246-2015",35.0,US4TB3P0,35.0,1114,3,,,2004,,,,"U.S. Navy LIDAR Survey, Archive No. 04HFM01, Scale 1:5,000-1:10,000",20150206,"US,US,reprt,L-246-2015",US4TB3P0,B,0.72,,outside_allen_geomorphic_or_unclassified,False,30.0,50.0,US4TB3P0,,False,False,False,134.590271,7.3472419
8841,1,2,129,1,550,-2004046809,19802,0226888CAC274D5A,,,,,,,,,,,,,,,29999,,,,20150206,"US,US,reprt,L-246-2015",32.0,US4TB3P0,32.0,1115,3,,,2004,,,,"U.S. Navy LIDAR Survey, Archive No. 04HFM01, Scale 1:5,000-1:10,000",20150206,"US,US,reprt,L-246-2015",US4TB3P0,B,0.72,,outside_allen_geomorphic_or_unclassified,False,30.0,50.0,US4TB3P0,,False,False,False,134.5903015,7.3376222
8841,1,2,129,1,550,-2004046809,19802,0226888CAC274D5A,,,,,,,,,,,,,,,29999,,,,20150206,"US,US,reprt,L-246-2015",29.9,US4TB3P0,29.9,1116,3,,,2004,,,,"U.S. Navy LIDAR Survey, Archive No. 04HFM01, Scale 1:5,000-1:10,000",20150206,"US,US,reprt,L-246-2015",US4TB3P0,B,0.72,,outside_allen_geomorphic_or_unclassified,False,20.0,30.0,US4TB3P0,,False,False,False,134.5904541,7.3362389
8841,1,2,129,1,550,-2004046809,19802,0226888CAC274D5A,,,,,,,,,,,,,,,29999,,,,20150206,"US,US,reprt,L-246-2015",33.0,US4TB3P0,33.0,1117,3,,,2004,,,,"U.S. Navy LIDAR Survey, Archive No. 04HFM01, Scale 1:5,000-1:10,000",20150206,"US,US,reprt,L-246-2015",US4TB3P0,B,0.72,,outside_allen_geomorphic_or_unclassified,False,30.0,50.0,US4TB3P0,,False,False,False,134.5907288,7.3399553
8841,1,2,129,1,550,-2004046809,19802,0226888CAC274D5A,,,,,,,,,,,,,,,29999,,,,20150206,"US,US,reprt,L-246-2015",43.0,US4TB3P0,43.0,1118,3,,,2004,,,,"U.S. Navy LIDAR Survey, Archive No. 04HFM01, Scale 1:5,000-1:10,000",20150206,"US,US,reprt,L-246-2015",US4TB3P0,B,0.72,,outside_allen_geomorphic_or_unclassified,False,30.0,50.0,US4TB3P0,,False,False,False,134.5909271,7.3454499
8841,1,2,129,1,550,-2004046809,19802,0226888CAC274D5A,,,,,,,,,,,,,,,29999,,,,20150206,"US,US,reprt,L-246-2015",36.0,US4TB3P0,36.0,1119,3,,,2004,,,,"U.S. Navy LIDAR Survey, Archive No. 04HFM01, Scale 1:5,000-1:10,000",20150206,"US,US,reprt,L-246-2015",US4TB3P0,B,0.72,,outside_allen_geomorphic_or_unclassified,False,30.0,50.0,US4TB3P0,,False,False,False,134.5909882,7.3334861
8841,1,2,129,1,550,-2004046809,19802,0226888CAC274D5A,,,,,,,,,,,,,,,29999,,,,20150206,"US,US,reprt,L-246-2015",27.1,US4TB3P0,27.1,1120,3,,,2004,,,,"U.S. Navy LIDAR Survey, Archive No. 04HFM01, Scale 1:5,000-1:10,000",20150206,"US,US,reprt,L-246-2015",US4TB3P0,B,0.72,,outside_allen_geomorphic_or_unclassified,False,20.0,30.0,US4TB3P0,,False,False,False,134.5910492,7.3324471
8841,1,2,129,1,550,-2004046809,19802,0226888CAC274D5A,,,,,,,,,,,,,,,29999,,,,20150206,"US,US,reprt,L-246-2015",45.0,US4TB3P0,45.0,1121,5,,,1938,1915,,,"Former Japan Chart 481 (Ed. 1940, Rev. 1944), from Japan surveys, Scale 1:25,000",20150206,"US,US,reprt,L-246-2015",US4TB3P0,D,0.22,,outside_allen_geomorphic_or_unclassified,False,30.0,50.0,US4TB3P0,,False,False,False,134.5910645,7.3304973
8841,1,2,129,1,550,-2004046809,19802,0226888CAC274D5A,,,,,,,,,,,,,,,29999,,,,20150206,"US,US,reprt,L-246-2015",43.0,US4TB3P0,43.0,1122,3,,,2004,,,,"U.S. Navy LIDAR Survey, Archive No. 04HFM01, Scale 1:5,000-1:10,000",20150206,"US,US,reprt,L-246-2015",US4TB3P0,B,0.72,,outside_allen_geomorphic_or_unclassified,False,30.0,50.0,US4TB3P0,,False,False,False,134.5912323,7.3433499
8841,1,2,129,1,550,-2004046809,19802,0226888CAC274D5A,,,,,,,,,,,,,,,29999,,,,20150206,"US,US,reprt,L-246-2015",15.2,US4TB3P0,15.2,1123,3,,,2004,,,,"U.S. Navy LIDAR Survey, Archive No. 04HFM01, Scale 1:5,000-1:10,000",20150206,"US,US,reprt,L-246-2015",US4TB3P0,B,0.72,Reef Slope,reef_slope,True,10.0,20.0,US4TB3P0,,False,False,False,134.5912781,7.3486748
8841,1,2,129,1,550,-2004046809,19802,0226888CAC274D5A,,,,,,,,,,,,,,,29999,,,,20150206,"US,US,reprt,L-246-2015",26.4,US4TB3P0,26.4,1124,3,,,2004,,,,"U.S. Navy LIDAR Survey, Archive No. 04HFM01, Scale 1:5,000-1:10,000",20150206,"US,US,reprt,L-246-2015",US4TB3P0,B,0.72,,outside_allen_geomorphic_or_unclassified,False,20.0,30.0,US4TB3P0,,False,False,False,134.5915527,7.3368335
8841,1,2,129,1,550,-2004046809,19802,0226888CAC274D5A,,,,,,,,,,,,,,,29999,,,,20150206,"US,US,reprt,L-246-2015",26.9,US4TB3P0,26.9,1125,3,,,2004,,,,"U.S. Navy LIDAR Survey, Archive No. 04HFM01, Scale 1:5,000-1:10,000",20150206,"US,US,reprt,L-246-2015",US4TB3P0,B,0.72,,outside_allen_geomorphic_or_unclassified,False,20.0,30.0,US4TB3P0,,False,False,False,134.5915833,7.3381443
8841,1,2,129,1,550,-2004046809,19802,0226888CAC274D5A,,,,,,,,,,,,,,,29999,,,,20150206,"US,US,reprt,L-246-2015",43.0,US4TB3P0,43.0,1126,3,,,2004,,,,"U.S. Navy LIDAR Survey, Archive No. 04HFM01, Scale 1:5,000-1:10,000",20150206,"US,US,reprt,L-246-2015",US4TB3P0,B,0.72,,outside_allen_geomorphic_or_unclassified,False,30.0,50.0,US4TB3P0,,False,False,False,134.5916596,7.341661
8841,1,2,129,1,550,-2004046809,19802,0226888CAC274D5A,,,,,,,,,,,,,,,29999,,,,20150206,"US,US,reprt,L-246-2015",33.0,US4TB3P0,33.0,1127,3,,,2004,,,,"U.S. Navy LIDAR Survey, Archive No. 04HFM01, Scale 1:5,000-1:10,000",20150206,"US,US,reprt,L-246-2015",US4TB3P0,B,0.72,,outside_allen_geomorphic_or_unclassified,False,30.0,50.0,US4TB3P0,,False,False,False,134.5918732,7.3344026
8841,1,2,129,1,550,-2004046809,19802,0226888CAC274D5A,,,,,,,,,,,,,,,29999,,,,20150206,"US,US,reprt,L-246-2015",38.0,US4TB3P0,38.0,1128,3,,,2004,,,,"U.S. Navy LIDAR Survey, Archive No. 04HFM01, Scale 1:5,000-1:10,000",20150206,"US,US,reprt,L-246-2015",US4TB3P0,B,0.72,,outside_allen_geomorphic_or_unclassified,False,30.0,50.0,US4TB3P0,,False,False,False,134.5919647,7.3462558
8841,1,2,129,1,550,-2004046809,19802,0226888CAC274D5A,,,,,,,,,,,,,,,29999,,,,20150206,"US,US,reprt,L-246-2015",34.0,US4TB3P0,34.0,1129,3,,,2004,,,,"U.S. Navy LIDAR Survey, Archive No. 04HFM01, Scale 1:5,000-1:10,000",20150206,"US,US,reprt,L-246-2015",US4TB3P0,B,0.72,,outside_allen_geomorphic_or_unclassified,False,30.0,50.0,US4TB3P0,,False,False,False,134.5923615,7.3447666
8841,1,2,129,1,550,-2004046809,19802,0226888CAC274D5A,,,,,,,,,,,,,,,29999,,,,20150206,"US,US,reprt,L-246-2015",24.3,US4TB3P0,24.3,1130,3,,,2004,,,,"U.S. Navy LIDAR Survey, Archive No. 04HFM01, Scale 1:5,000-1:10,000",20150206,"US,US,reprt,L-246-2015",US4TB3P0,B,0.72,,outside_allen_geomorphic_or_unclassified,False,20.0,30.0,US4TB3P0,,False,False,False,134.5924225,7.3356333
8841,1,2,129,1,550,-2004046809,19802,0226888CAC274D5A,,,,,,,,,,,,,,,29999,,,,20150206,"US,US,reprt,L-246-2015",33.0,US4TB3P0,33.0,1131,3,,,2004,,,,"U.S. Navy LIDAR Survey, Archive No. 04HFM01, Scale 1:5,000-1:10,000",20150206,"US,US,reprt,L-246-2015",US4TB3P0,B,0.72,,outside_allen_geomorphic_or_unclassified,False,30.0,50.0,US4TB3P0,,False,False,False,134.5927124,7.3402224
8841,1,2,129,1,550,-2004046809,19802,0226888CAC274D5A,,,,,,,,,,,,,,,29999,,,,20150206,"US,US,reprt,L-246-2015",68.0,US4TB3P0,68.0,1132,5,,,1938,1915,,,"Former Japan Chart 481 (Ed. 1940, Rev. 1944), from Japan surveys, Scale 1:25,000",20150206,"US,US,reprt,L-246-2015",US4TB3P0,D,0.22,,outside_allen_geomorphic_or_unclassified,False,50.0,100.0,US4TB3P0,,False,True,False,134.5930328,7.3328471
8841,1,2,129,1,550,-2004046809,19802,0226888CAC274D5A,,,,,,,,,,,,,,,29999,,,,20150206,"US,US,reprt,L-246-2015",25.0,US4TB3P0,25.0,1133,3,,,2004,,,,"U.S. Navy LIDAR Survey, Archive No. 04HFM01, Scale 1:5,000-1:10,000",20150206,"US,US,reprt,L-246-2015",US4TB3P0,B,0.72,,outside_allen_geomorphic_or_unclassified,False,20.0,30.0,US4TB3P0,,False,False,False,134.5931244,7.3385916
8841,1,2,129,1,550,-2004046809,19802,0226888CAC274D5A,,,,,,,,,,,,,,,29999,,,,20150206,"US,US,reprt,L-246-2015",15.8,US4TB3P0,15.8,1134,3,,,2004,,,,"U.S. Navy LIDAR Survey, Archive No. 04HFM01, Scale 1:5,000-1:10,000",20150206,"US,US,reprt,L-246-2015",US4TB3P0,B,0.72,Reef Slope,reef_slope,True,10.0,20.0,US4TB3P0,,False,False,False,134.5932465,7.3492999
8841,1,2,129,1,550,-2004046809,19802,0226888CAC274D5A,,,,,,,,,,,,,,,29999,,,,20150206,"US,US,reprt,L-246-2015",18.4,US4TB3P0,18.4,1135,3,,,2004,,,,"U.S. Navy LIDAR Survey, Archive No. 04HFM01, Scale 1:5,000-1:10,000",20150206,"US,US,reprt,L-246-2015",US4TB3P0,B,0.72,,outside_allen_geomorphic_or_unclassified,False,10.0,20.0,US4TB3P0,,False,False,False,134.5934906,7.3366137
8841,1,2,129,1,550,-2004046809,19802,0226888CAC274D5A,,,,,,,,,,,,,,,29999,,,,20150206,"US,US,reprt,L-246-2015",37.0,US4TB3P0,37.0,1136,3,,,2004,,,,"U.S. Navy LIDAR Survey, Archive No. 04HFM01, Scale 1:5,000-1:10,000",20150206,"US,US,reprt,L-246-2015",US4TB3P0,B,0.72,,outside_allen_geomorphic_or_unclassified,False,30.0,50.0,US4TB3P0,,False,False,False,134.5935364,7.3414779
8841,1,2,129,1,550,-2004046809,19802,0226888CAC274D5A,,,,,,,,,,,,,,,29999,,,,20150206,"US,US,reprt,L-246-2015",10.1,US4TB3P0,10.1,1137,3,,,2004,,,,"U.S. Navy LIDAR Survey, Archive No. 04HFM01, Scale 1:5,000-1:10,000",20150206,"US,US,reprt,L-246-2015",US4TB3P0,B,0.72,Reef Slope,reef_slope,True,10.0,20.0,US4TB3P0,,False,False,False,134.5935822,7.350625
8841,1,2,129,1,550,-2004046809,19802,0226888CAC274D5A,,,,,,,,,,,,,,,29999,,,,20150206,"US,US,reprt,L-246-2015",283.0,US4TB3P0,283.0,1138,5,,,1938,1915,,,"Former Japan Chart 481 (Ed. 1940, Rev. 1944), from Japan surveys, Scale 1:25,000",20150206,"US,US,reprt,L-246-2015",US4TB3P0,D,0.22,,outside_allen_geomorphic_or_unclassified,False,200.0,1000.0,US4TB3P0,,False,False,True,134.5936432,7.3305917
8841,1,2,129,1,550,-2004046809,19802,0226888CAC274D5A,,,,,,,,,,,,,,,29999,,,,20150206,"US,US,reprt,L-246-2015",28.0,US4TB3P0,28.0,1139,3,,,2004,,,,"U.S. Navy LIDAR Survey, Archive No. 04HFM01, Scale 1:5,000-1:10,000",20150206,"US,US,reprt,L-246-2015",US4TB3P0,B,0.72,,outside_allen_geomorphic_or_unclassified,False,20.0,30.0,US4TB3P0,,False,False,False,134.5936737,7.3481445
8841,1,2,129,1,550,-2004046809,19802,0226888CAC274D5A,,,,,,,,,,,,,,,29999,,,,20150206,"US,US,reprt,L-246-2015",36.0,US4TB3P0,36.0,1140,3,,,2004,,,,"U.S. Navy LIDAR Survey, Archive No. 04HFM01, Scale 1:5,000-1:10,000",20150206,"US,US,reprt,L-246-2015",US4TB3P0,B,0.72,,outside_allen_geomorphic_or_unclassified,False,30.0,50.0,US4TB3P0,,False,False,False,134.5939026,7.3459168
8841,1,2,129,1,550,-2004046809,19802,0226888CAC274D5A,,,,,,,,,,,,,,,29999,,,,20150206,"US,US,reprt,L-246-2015",26.8,US4TB3P0,26.8,1141,3,,,2004,,,,"U.S. Navy LIDAR Survey, Archive No. 04HFM01, Scale 1:5,000-1:10,000",20150206,"US,US,reprt,L-246-2015",US4TB3P0,B,0.72,,outside_allen_geomorphic_or_unclassified,False,20.0,30.0,US4TB3P0,,False,False,False,134.5940094,7.3397918
8841,1,2,129,1,550,-2004046809,19802,0226888CAC274D5A,,,,,,,,,,,,,,,29999,,,,20150206,"US,US,reprt,L-246-2015",17.1,US4TB3P0,17.1,1142,3,,,2004,,,,"U.S. Navy LIDAR Survey, Archive No. 04HFM01, Scale 1:5,000-1:10,000",20150206,"US,US,reprt,L-246-2015",US4TB3P0,B,0.72,,outside_allen_geomorphic_or_unclassified,False,10.0,20.0,US4TB3P0,,False,False,False,134.5940857,7.3353224
8841,1,2,129,1,550,-2004046809,19802,0226888CAC274D5A,,,,,,,,,,,,,,,29999,,,,20150206,"US,US,reprt,L-246-2015",27.5,US4TB3P0,27.5,1143,5,,,1938,1915,,,"Former Japan Chart 481 (Ed. 1940, Rev. 1944), from Japan surveys, Scale 1:25,000",20150206,"US,US,reprt,L-246-2015",US4TB3P0,D,0.22,,outside_allen_geomorphic_or_unclassified,False,20.0,30.0,US4TB3P0,,False,False,False,134.5941925,7.3345027
8841,1,2,129,1,550,-2004046809,19802,0226888CAC274D5A,,,,,,,,,,,,,,,29999,,,,20150206,"US,US,reprt,L-246-2015",39.0,US4TB3P0,39.0,1144,3,,,2004,,,,"U.S. Navy LIDAR Survey, Archive No. 04HFM01, Scale 1:5,000-1:10,000",20150206,"US,US,reprt,L-246-2015",US4TB3P0,B,0.72,,outside_allen_geomorphic_or_unclassified,False,30.0,50.0,US4TB3P0,,False,False,False,134.5941925,7.344389
8841,1,2,129,1,550,-2004046809,19802,0226888CAC274D5A,,,,,,,,,,,,,,,29999,,,,20150206,"US,US,reprt,L-246-2015",18.1,US4TB3P0,18.1,1145,3,,,2004,,,,"U.S. Navy LIDAR Survey, Archive No. 04HFM01, Scale 1:5,000-1:10,000",20150206,"US,US,reprt,L-246-2015",US4TB3P0,B,0.72,,outside_allen_geomorphic_or_unclassified,False,10.0,20.0,US4TB3P0,,False,False,False,134.5944061,7.3361721
8841,1,2,129,1,550,-2004046809,19802,0226888CAC274D5A,,,,,,,,,,,,,,,29999,,,,20150206,"US,US,reprt,L-246-2015",42.0,US4TB3P0,42.0,1146,3,,,2004,,,,"U.S. Navy LIDAR Survey, Archive No. 04HFM01, Scale 1:5,000-1:10,000",20150206,"US,US,reprt,L-246-2015",US4TB3P0,B,0.72,,outside_allen_geomorphic_or_unclassified,False,30.0,50.0,US4TB3P0,,False,False,False,134.594574,7.3423224
8841,1,2,129,1,550,-2004046809,19802,0226888CAC274D5A,,,,,,,,,,,,,,,29999,,,,20150206,"US,US,reprt,L-246-2015",13.8,US4TB3P0,13.8,1147,3,,,2004,,,,"U.S. Navy LIDAR Survey, Archive No. 04HFM01, Scale 1:5,000-1:10,000",20150206,"US,US,reprt,L-246-2015",US4TB3P0,B,0.72,Reef Slope,reef_slope,True,10.0,20.0,US4TB3P0,,False,False,False,134.5947113,7.3510971
8841,1,2,129,1,550,-2004046809,19802,0226888CAC274D5A,,,,,,,,,,,,,,,29999,,,,20150206,"US,US,reprt,L-246-2015",27.0,US4TB3P0,27.0,1148,3,,,2004,,,,"U.S. Navy LIDAR Survey, Archive No. 04HFM01, Scale 1:5,000-1:10,000",20150206,"US,US,reprt,L-246-2015",US4TB3P0,B,0.72,,outside_allen_geomorphic_or_unclassified,False,20.0,30.0,US4TB3P0,,False,False,False,134.5950012,7.3493891
8841,1,2,129,1,550,-2004046809,19802,0226888CAC274D5A,,,,,,,,,,,,,,,29999,,,,20150206,"US,US,reprt,L-246-2015",2.5,US4TB3P0,2.5,1149,3,,,2004,,,,"U.S. Navy LIDAR Survey, Archive No. 04HFM01, Scale 1:5,000-1:10,000",20150206,"US,US,reprt,L-246-2015",US4TB3P0,B,0.72,Reef Crest,reef_flat_or_crest,True,2.0,5.0,US4TB3P0,,False,False,False,134.5950623,7.3529806
8841,1,2,129,1,550,-2004046809,19802,0226888CAC274D5A,,,,,,,,,,,,,,,29999,,,,20150206,"US,US,reprt,L-246-2015",8.6,US4TB3P0,8.6,1150,3,,,2004,,,,"U.S. Navy LIDAR Survey, Archive No. 04HFM01, Scale 1:5,000-1:10,000",20150206,"US,US,reprt,L-246-2015",US4TB3P0,B,0.72,Reef Slope,reef_slope,True,5.0,10.0,US4TB3P0,,False,False,False,134.5951691,7.3523526
8841,1,2,129,1,550,-2004046809,19802,0226888CAC274D5A,,,,,,,,,,,,,,,29999,,,,20150206,"US,US,reprt,L-246-2015",608.0,US4TB3P0,608.0,1151,5,,,1938,1915,,,"Former Japan Chart 481 (Ed. 1940, Rev. 1944), from Japan surveys, Scale 1:25,000",20150206,"US,US,reprt,L-246-2015",US4TB3P0,D,0.22,,outside_allen_geomorphic_or_unclassified,False,200.0,1000.0,US4TB3P0,,False,False,True,134.5953064,7.3240085
8841,1,2,129,1,550,-2004046809,19802,0226888CAC274D5A,,,,,,,,,,,,,,,29999,,,,20150206,"US,US,reprt,L-246-2015",2.3,US4TB3P0,2.3,1152,3,,,2004,,,,"U.S. Navy LIDAR Survey, Archive No. 04HFM01, Scale 1:5,000-1:10,000",20150206,"US,US,reprt,L-246-2015",US4TB3P0,B,0.72,Reef Crest,reef_flat_or_crest,True,2.0,5.0,US4TB3P0,,False,False,False,134.5953217,7.3540335
8841,1,2,129,1,550,-2004046809,19802,0226888CAC274D5A,,,,,,,,,,,,,,,29999,,,,20150206,"US,US,reprt,L-246-2015",24.9,US4TB3P0,24.9,1153,3,,,2004,,,,"U.S. Navy LIDAR Survey, Archive No. 04HFM01, Scale 1:5,000-1:10,000",20150206,"US,US,reprt,L-246-2015",US4TB3P0,B,0.72,,outside_allen_geomorphic_or_unclassified,False,20.0,30.0,US4TB3P0,,False,False,False,134.5954132,7.336453
8841,1,2,129,1,550,-2004046809,19802,0226888CAC274D5A,,,,,,,,,,,,,,,29999,,,,20150206,"US,US,reprt,L-246-2015",34.0,US4TB3P0,34.0,1154,3,,,2004,,,,"U.S. Navy LIDAR Survey, Archive No. 04HFM01, Scale 1:5,000-1:10,000",20150206,"US,US,reprt,L-246-2015",US4TB3P0,B,0.72,,outside_allen_geomorphic_or_unclassified,False,30.0,50.0,US4TB3P0,,False,False,False,134.5955811,7.3464446
8841,1,2,129,1,550,-2004046809,19802,0226888CAC274D5A,,,,,,,,,,,,,,,29999,,,,20150206,"US,US,reprt,L-246-2015",32.0,US4TB3P0,32.0,1155,3,,,2004,,,,"U.S. Navy LIDAR Survey, Archive No. 04HFM01, Scale 1:5,000-1:10,000",20150206,"US,US,reprt,L-246-2015",US4TB3P0,B,0.72,,outside_allen_geomorphic_or_unclassified,False,30.0,50.0,US4TB3P0,,False,False,False,134.5958099,7.3449445
8841,1,2,129,1,550,-2004046809,19802,0226888CAC274D5A,,,,,,,,,,,,,,,29999,,,,20150206,"US,US,reprt,L-246-2015",40.0,US4TB3P0,40.0,1156,3,,,2004,,,,"U.S. Navy LIDAR Survey, Archive No. 04HFM01, Scale 1:5,000-1:10,000",20150206,"US,US,reprt,L-246-2015",US4TB3P0,B,0.72,,outside_allen_geomorphic_or_unclassified,False,30.0,50.0,US4TB3P0,,False,False,False,134.5958099,7.3494859
8841,1,2,129,1,550,-2004046809,19802,0226888CAC274D5A,,,,,,,,,,,,,,,29999,,,,20150206,"US,US,reprt,L-246-2015",21.9,US4TB3P0,21.9,1157,3,,,2004,,,,"U.S. Navy LIDAR Survey, Archive No. 04HFM01, Scale 1:5,000-1:10,000",20150206,"US,US,reprt,L-246-2015",US4TB3P0,B,0.72,,outside_allen_geomorphic_or_unclassified,False,20.0,30.0,US4TB3P0,,False,False,False,134.5958862,7.3378139
8841,1,2,129,1,550,-2004046809,19802,0226888CAC274D5A,,,,,,,,,,,,,,,29999,,,,20150206,"US,US,reprt,L-246-2015",34.0,US4TB3P0,34.0,1158,3,,,2004,,,,"U.S. Navy LIDAR Survey, Archive No. 04HFM01, Scale 1:5,000-1:10,000",20150206,"US,US,reprt,L-246-2015",US4TB3P0,B,0.72,,outside_allen_geomorphic_or_unclassified,False,30.0,50.0,US4TB3P0,,False,False,False,134.5960388,7.3434334
8841,1,2,129,1,550,-2004046809,19802,0226888CAC274D5A,,,,,,,,,,,,,,,29999,,,,20150206,"US,US,reprt,L-246-2015",25.5,US4TB3P0,25.5,1159,3,,,2004,,,,"U.S. Navy LIDAR Survey, Archive No. 04HFM01, Scale 1:5,000-1:10,000",20150206,"US,US,reprt,L-246-2015",US4TB3P0,B,0.72,,outside_allen_geomorphic_or_unclassified,False,20.0,30.0,US4TB3P0,,False,False,False,134.5960541,7.3400445
8841,1,2,129,1,550,-2004046809,19802,0226888CAC274D5A,,,,,,,,,,,,,,,29999,,,,20150206,"US,US,reprt,L-246-2015",7.2,US4TB3P0,7.2,1160,3,,,2004,,,,"U.S. Navy LIDAR Survey, Archive No. 04HFM01, Scale 1:5,000-1:10,000",20150206,"US,US,reprt,L-246-2015",US4TB3P0,B,0.72,Reef Slope,reef_slope,True,5.0,10.0,US4TB3P0,,False,False,False,134.5960693,7.3544526
8841,1,2,129,1,550,-2004046809,19802,0226888CAC274D5A,,,,,,,,,,,,,,,29999,,,,20150206,"US,US,reprt,L-246-2015",82.0,US4TB3P0,82.0,1161,5,,,1938,1915,,,"Former Japan Chart 481 (Ed. 1940, Rev. 1944), from Japan surveys, Scale 1:25,000",20150206,"US,US,reprt,L-246-2015",US4TB3P0,D,0.22,,outside_allen_geomorphic_or_unclassified,False,50.0,100.0,US4TB3P0,,False,False,False,134.5964356,7.3351336
8841,1,2,129,1,550,-2004046809,19802,0226888CAC274D5A,,,,,,,,,,,,,,,29999,,,,20150206,"US,US,reprt,L-246-2015",15.0,US4TB3P0,15.0,1162,3,,,2004,,,,"U.S. Navy LIDAR Survey, Archive No. 04HFM01, Scale 1:5,000-1:10,000",20150206,"US,US,reprt,L-246-2015",US4TB3P0,B,0.72,Reef Slope,reef_slope,True,10.0,20.0,US4TB3P0,,False,False,False,134.5965881,7.353075
8841,1,2,129,1,550,-2004046809,19802,0226888CAC274D5A,,,,,,,,,,,,,,,29999,,,,20150206,"US,US,reprt,L-246-2015",26.9,US4TB3P0,26.9,1163,3,,,2004,,,,"U.S. Navy LIDAR Survey, Archive No. 04HFM01, Scale 1:5,000-1:10,000",20150206,"US,US,reprt,L-246-2015",US4TB3P0,B,0.72,,outside_allen_geomorphic_or_unclassified,False,20.0,30.0,US4TB3P0,,False,False,False,134.5967255,7.3413
8841,1,2,129,1,550,-2004046809,19802,0226888CAC274D5A,,,,,,,,,,,,,,,29999,,,,20150206,"US,US,reprt,L-246-2015",37.0,US4TB3P0,37.0,1164,5,,,1938,1915,,,"Former Japan Chart 481 (Ed. 1940, Rev. 1944), from Japan surveys, Scale 1:25,000",20150206,"US,US,reprt,L-246-2015",US4TB3P0,D,0.22,Deep Lagoon,deep_lagoon,True,30.0,50.0,US4TB3P0,,False,False,False,134.5967865,7.3733835
8841,1,2,129,1,550,-2004046809,19802,0226888CAC274D5A,,,,,,,,,,,,,,,29999,,,,20150206,"US,US,reprt,L-246-2015",22.9,US4TB3P0,22.9,1165,3,,,2004,,,,"U.S. Navy LIDAR Survey, Archive No. 04HFM01, Scale 1:5,000-1:10,000",20150206,"US,US,reprt,L-246-2015",US4TB3P0,B,0.72,,outside_allen_geomorphic_or_unclassified,False,20.0,30.0,US4TB3P0,,False,False,False,134.5968933,7.3389721
8841,1,2,129,1,550,-2004046809,19802,0226888CAC274D5A,,,,,,,,,,,,,,,29999,,,,20150206,"US,US,reprt,L-246-2015",31.0,US4TB3P0,31.0,1166,3,,,2004,,,,"U.S. Navy LIDAR Survey, Archive No. 04HFM01, Scale 1:5,000-1:10,000",20150206,"US,US,reprt,L-246-2015",US4TB3P0,B,0.72,,outside_allen_geomorphic_or_unclassified,False,30.0,50.0,US4TB3P0,,False,False,False,134.5970764,7.3473806
8841,1,2,129,1,550,-2004046809,19802,0226888CAC274D5A,,,,,,,,,,,,,,,29999,,,,20150206,"US,US,reprt,L-246-2015",33.0,US4TB3P0,33.0,1167,3,,,2004,,,,"U.S. Navy LIDAR Survey, Archive No. 04HFM01, Scale 1:5,000-1:10,000",20150206,"US,US,reprt,L-246-2015",US4TB3P0,B,0.72,,outside_allen_geomorphic_or_unclassified,False,30.0,50.0,US4TB3P0,,False,False,False,134.5972595,7.3496919
8841,1,2,129,1,550,-2004046809,19802,0226888CAC274D5A,,,,,,,,,,,,,,,29999,,,,20150206,"US,US,reprt,L-246-2015",30.7,US4TB3P0,30.7,1168,3,,,2004,,,,"U.S. Navy LIDAR Survey, Archive No. 04HFM01, Scale 1:5,000-1:10,000",20150206,"US,US,reprt,L-246-2015",US4TB3P0,B,0.72,,outside_allen_geomorphic_or_unclassified,False,30.0,50.0,US4TB3P0,,False,False,False,134.5973511,7.3455749
8841,1,2,129,1,550,-2004046809,19802,0226888CAC274D5A,,,,,,,,,,,,,,,29999,,,,20150206,"US,US,reprt,L-246-2015",28.6,US4TB3P0,28.6,1169,3,,,2004,,,,"U.S. Navy LIDAR Survey, Archive No. 04HFM01, Scale 1:5,000-1:10,000",20150206,"US,US,reprt,L-246-2015",US4TB3P0,B,0.72,,outside_allen_geomorphic_or_unclassified,False,20.0,30.0,US4TB3P0,,False,False,False,134.5977478,7.3433666
8841,1,2,129,1,550,-2004046809,19802,0226888CAC274D5A,,,,,,,,,,,,,,,29999,,,,20150206,"US,US,reprt,L-246-2015",35.0,US4TB3P0,35.0,1170,3,,,2004,,,,"U.S. Navy LIDAR Survey, Archive No. 04HFM01, Scale 1:5,000-1:10,000",20150206,"US,US,reprt,L-246-2015",US4TB3P0,B,0.72,,outside_allen_geomorphic_or_unclassified,False,30.0,50.0,US4TB3P0,,False,False,False,134.5977631,7.3482666
8841,1,2,129,1,550,-2004046809,19802,0226888CAC274D5A,,,,,,,,,,,,,,,29999,,,,20150206,"US,US,reprt,L-246-2015",23.6,US4TB3P0,23.6,1171,3,,,2004,,,,"U.S. Navy LIDAR Survey, Archive No. 04HFM01, Scale 1:5,000-1:10,000",20150206,"US,US,reprt,L-246-2015",US4TB3P0,B,0.72,,outside_allen_geomorphic_or_unclassified,False,20.0,30.0,US4TB3P0,,False,False,False,134.5979767,7.3405805
8841,1,2,129,1,550,-2004046809,19802,0226888CAC274D5A,,,,,,,,,,,,,,,29999,,,,20150206,"US,US,reprt,L-246-2015",407.0,US4TB3P0,407.0,1172,5,,,1938,1915,,,"Former Japan Chart 481 (Ed. 1940, Rev. 1944), from Japan surveys, Scale 1:25,000",20150206,"US,US,reprt,L-246-2015",US4TB3P0,D,0.22,,outside_allen_geomorphic_or_unclassified,False,200.0,1000.0,US4TB3P0,,False,False,True,134.5984039,7.333714
8841,1,2,129,1,550,-2004046809,19802,0226888CAC274D5A,,,,,,,,,,,,,,,29999,,,,20150206,"US,US,reprt,L-246-2015",58.0,US4TB3P0,58.0,1173,5,,,1938,1915,,,"Former Japan Chart 481 (Ed. 1940, Rev. 1944), from Japan surveys, Scale 1:25,000",20150206,"US,US,reprt,L-246-2015",US4TB3P0,D,0.22,,outside_allen_geomorphic_or_unclassified,False,50.0,100.0,US4TB3P0,,False,False,False,134.5987244,7.3748446
8841,1,2,129,1,550,-2004046809,19802,0226888CAC274D5A,,,,,,,,,,,,,,,29999,,,,20150206,"US,US,reprt,L-246-2015",29.2,US4TB3P0,29.2,1174,3,,,2004,,,,"U.S. Navy LIDAR Survey, Archive No. 04HFM01, Scale 1:5,000-1:10,000",20150206,"US,US,reprt,L-246-2015",US4TB3P0,B,0.72,,outside_allen_geomorphic_or_unclassified,False,20.0,30.0,US4TB3P0,,False,False,False,134.5987549,7.3464308
8841,1,2,129,1,550,-2004046809,19802,0226888CAC274D5A,,,,,,,,,,,,,,,29999,,,,20150206,"US,US,reprt,L-246-2015",22.0,US4TB3P0,22.0,1175,5,,,1938,1915,,,"Former Japan Chart 481 (Ed. 1940, Rev. 1944), from Japan surveys, Scale 1:25,000",20150206,"US,US,reprt,L-246-2015",US4TB3P0,D,0.22,Reef Slope,reef_slope,True,20.0,30.0,US4TB3P0,,False,False,False,134.5988312,7.3553085
8841,1,2,129,1,550,-2004046809,19802,0226888CAC274D5A,,,,,,,,,,,,,,,29999,,,,20150206,"US,US,reprt,L-246-2015",21.8,US4TB3P0,21.8,1176,3,,,2004,,,,"U.S. Navy LIDAR Survey, Archive No. 04HFM01, Scale 1:5,000-1:10,000",20150206,"US,US,reprt,L-246-2015",US4TB3P0,B,0.72,,outside_allen_geomorphic_or_unclassified,False,20.0,30.0,US4TB3P0,,False,False,False,134.5990448,7.3413973
8841,1,2,129,1,550,-2004046809,19802,0226888CAC274D5A,,,,,,,,,,,,,,,29999,,,,20150206,"US,US,reprt,L-246-2015",31.0,US4TB3P0,31.0,1177,3,,,2004,,,,"U.S. Navy LIDAR Survey, Archive No. 04HFM01, Scale 1:5,000-1:10,000",20150206,"US,US,reprt,L-246-2015",US4TB3P0,B,0.72,,outside_allen_geomorphic_or_unclassified,False,30.0,50.0,US4TB3P0,,False,False,False,134.5990753,7.3507223
8841,1,2,129,1,550,-2004046809,19802,0226888CAC274D5A,,,,,,,,,,,,,,,29999,,,,20150206,"US,US,reprt,L-246-2015",26.4,US4TB3P0,26.4,1178,3,,,2004,,,,"U.S. Navy LIDAR Survey, Archive No. 04HFM01, Scale 1:5,000-1:10,000",20150206,"US,US,reprt,L-246-2015",US4TB3P0,B,0.72,,outside_allen_geomorphic_or_unclassified,False,20.0,30.0,US4TB3P0,,False,False,False,134.5990906,7.3427944
8841,1,2,129,1,550,-2004046809,19802,0226888CAC274D5A,,,,,,,,,,,,,,,29999,,,,20150206,"US,US,reprt,L-246-2015",34.0,US4TB3P0,34.0,1179,3,,,2004,,,,"U.S. Navy LIDAR Survey, Archive No. 04HFM01, Scale 1:5,000-1:10,000",20150206,"US,US,reprt,L-246-2015",US4TB3P0,B,0.72,,outside_allen_geomorphic_or_unclassified,False,30.0,50.0,US4TB3P0,,False,False,False,134.5991211,7.3477001
8841,1,2,129,1,550,-2004046809,19802,0226888CAC274D5A,,,,,,,,,,,,,,,29999,,,,20150206,"US,US,reprt,L-246-2015",32.0,US4TB3P0,32.0,1180,3,,,2004,,,,"U.S. Navy LIDAR Survey, Archive No. 04HFM01, Scale 1:5,000-1:10,000",20150206,"US,US,reprt,L-246-2015",US4TB3P0,B,0.72,,outside_allen_geomorphic_or_unclassified,False,30.0,50.0,US4TB3P0,,False,False,False,134.599411,7.344697
8841,1,2,129,1,550,-2004046809,19802,0226888CAC274D5A,,,,,,,,,,,,,,,29999,,,,20150206,"US,US,reprt,L-246-2015",19.3,US4TB3P0,19.3,1181,3,,,2004,,,,"U.S. Navy LIDAR Survey, Archive No. 04HFM01, Scale 1:5,000-1:10,000",20150206,"US,US,reprt,L-246-2015",US4TB3P0,B,0.72,,outside_allen_geomorphic_or_unclassified,False,10.0,20.0,US4TB3P0,,False,False,False,134.5996552,7.3468084
8841,1,2,129,1,550,-2004046809,19802,0226888CAC274D5A,,,,,,,,,,,,,,,29999,,,,20150206,"US,US,reprt,L-246-2015",36.0,US4TB3P0,36.0,1182,5,,,1938,1915,,,"Former Japan Chart 481 (Ed. 1940, Rev. 1944), from Japan surveys, Scale 1:25,000",20150206,"US,US,reprt,L-246-2015",US4TB3P0,D,0.22,,outside_allen_geomorphic_or_unclassified,False,30.0,50.0,US4TB3P0,,False,False,False,134.5997925,7.3396001
8841,1,2,129,1,550,-2004046809,19802,0226888CAC274D5A,,,,,,,,,,,,,,,29999,,,,20150206,"US,US,reprt,L-246-2015",26.2,US4TB3P0,26.2,1183,3,,,2004,,,,"U.S. Navy LIDAR Survey, Archive No. 04HFM01, Scale 1:5,000-1:10,000",20150206,"US,US,reprt,L-246-2015",US4TB3P0,B,0.72,,outside_allen_geomorphic_or_unclassified,False,20.0,30.0,US4TB3P0,,False,False,False,134.5998077,7.3405695
8841,1,2,129,1,550,-2004046809,19802,0226888CAC274D5A,,,,,,,,,,,,,,,29999,,,,20150206,"US,US,reprt,L-246-2015",27.6,US4TB3P0,27.6,1184,3,,,2004,,,,"U.S. Navy LIDAR Survey, Archive No. 04HFM01, Scale 1:5,000-1:10,000",20150206,"US,US,reprt,L-246-2015",US4TB3P0,B,0.72,,outside_allen_geomorphic_or_unclassified,False,20.0,30.0,US4TB3P0,,False,False,False,134.5999451,7.3526778
8841,1,2,129,1,550,-2004046809,19802,0226888CAC274D5A,,,,,,,,,,,,,,,29999,,,,20150206,"US,US,reprt,L-246-2015",61.0,US4TB3P0,61.0,1185,5,,,1938,1915,,,"Former Japan Chart 481 (Ed. 1940, Rev. 1944), from Japan surveys, Scale 1:25,000",20150206,"US,US,reprt,L-246-2015",US4TB3P0,D,0.22,,outside_allen_geomorphic_or_unclassified,False,50.0,100.0,US4TB3P0,,False,True,False,134.6001587,7.3740196
8841,1,2,129,1,550,-2004046809,19802,0226888CAC274D5A,,,,,,,,,,,,,,,29999,,,,20150206,"US,US,reprt,L-246-2015",25.0,US4TB3P0,25.0,1186,5,,,1938,1915,,,"Former Japan Chart 481 (Ed. 1940, Rev. 1944), from Japan surveys, Scale 1:25,000",20150206,"US,US,reprt,L-246-2015",US4TB3P0,D,0.22,Deep Lagoon,deep_lagoon,True,20.0,30.0,US4TB3P0,,False,False,False,134.6002197,7.3689637
8841,1,2,129,1,550,-2004046809,19802,0226888CAC274D5A,,,,,,,,,,,,,,,29999,,,,20150206,"US,US,reprt,L-246-2015",21.5,US4TB3P0,21.5,1187,3,,,2004,,,,"U.S. Navy LIDAR Survey, Archive No. 04HFM01, Scale 1:5,000-1:10,000",20150206,"US,US,reprt,L-246-2015",US4TB3P0,B,0.72,,outside_allen_geomorphic_or_unclassified,False,20.0,30.0,US4TB3P0,,False,False,False,134.6002655,7.3417945
8841,1,2,129,1,550,-2004046809,19802,0226888CAC274D5A,,,,,,,,,,,,,,,29999,,,,20150206,"US,US,reprt,L-246-2015",60.0,US4TB3P0,60.0,1188,5,,,1938,1915,,,"Former Japan Chart 481 (Ed. 1940, Rev. 1944), from Japan surveys, Scale 1:25,000",20150206,"US,US,reprt,L-246-2015",US4TB3P0,D,0.22,,outside_allen_geomorphic_or_unclassified,False,50.0,100.0,US4TB3P0,,False,True,False,134.600647,7.3730474
8841,1,2,129,1,550,-2004046809,19802,0226888CAC274D5A,,,,,,,,,,,,,,,29999,,,,20150206,"US,US,reprt,L-246-2015",29.0,US4TB3P0,29.0,1189,3,,,2004,,,,"U.S. Navy LIDAR Survey, Archive No. 04HFM01, Scale 1:5,000-1:10,000",20150206,"US,US,reprt,L-246-2015",US4TB3P0,B,0.72,,outside_allen_geomorphic_or_unclassified,False,20.0,30.0,US4TB3P0,,False,False,False,134.6008301,7.3475919
8841,1,2,129,1,550,-2004046809,19802,0226888CAC274D5A,,,,,,,,,,,,,,,29999,,,,20150206,"US,US,reprt,L-246-2015",26.5,US4TB3P0,26.5,1190,3,,,2004,,,,"U.S. Navy LIDAR Survey, Archive No. 04HFM01, Scale 1:5,000-1:10,000",20150206,"US,US,reprt,L-246-2015",US4TB3P0,B,0.72,,outside_allen_geomorphic_or_unclassified,False,20.0,30.0,US4TB3P0,,False,False,False,134.6008453,7.3428445
8841,1,2,129,1,550,-2004046809,19802,0226888CAC274D5A,,,,,,,,,,,,,,,29999,,,,20150206,"US,US,reprt,L-246-2015",14.3,US4TB3P0,14.3,1191,3,,,2004,,,,"U.S. Navy LIDAR Survey, Archive No. 04HFM01, Scale 1:5,000-1:10,000",20150206,"US,US,reprt,L-246-2015",US4TB3P0,B,0.72,,outside_allen_geomorphic_or_unclassified,False,10.0,20.0,US4TB3P0,,False,False,False,134.6010895,7.3465724
8841,1,2,129,1,550,-2004046809,19802,0226888CAC274D5A,,,,,,,,,,,,,,,29999,,,,20150206,"US,US,reprt,L-246-2015",24.7,US4TB3P0,24.7,1192,3,,,2004,,,,"U.S. Navy LIDAR Survey, Archive No. 04HFM01, Scale 1:5,000-1:10,000",20150206,"US,US,reprt,L-246-2015",US4TB3P0,B,0.72,Sheltered Reef Slope,reef_slope,True,20.0,30.0,US4TB3P0,,False,False,False,134.6011353,7.3449612
8841,1,2,129,1,550,-2004046809,19802,0226888CAC274D5A,,,,,,,,,,,,,,,29999,,,,20150206,"US,US,reprt,L-246-2015",34.0,US4TB3P0,34.0,1193,3,,,2004,,,,"U.S. Navy LIDAR Survey, Archive No. 04HFM01, Scale 1:5,000-1:10,000",20150206,"US,US,reprt,L-246-2015",US4TB3P0,B,0.72,,outside_allen_geomorphic_or_unclassified,False,30.0,50.0,US4TB3P0,,False,False,False,134.6012116,7.3509498
8841,1,2,129,1,550,-2004046809,19802,0226888CAC274D5A,,,,,,,,,,,,,,,29999,,,,20150206,"US,US,reprt,L-246-2015",29.0,US4TB3P0,29.0,1194,5,,,1938,1915,,,"Former Japan Chart 481 (Ed. 1940, Rev. 1944), from Japan surveys, Scale 1:25,000",20150206,"US,US,reprt,L-246-2015",US4TB3P0,D,0.22,,outside_allen_geomorphic_or_unclassified,False,20.0,30.0,US4TB3P0,,False,False,False,134.6013184,7.3545804
8841,1,2,129,1,550,-2004046809,19802,0226888CAC274D5A,,,,,,,,,,,,,,,29999,,,,20150206,"US,US,reprt,L-246-2015",37.0,US4TB3P0,37.0,1195,3,,,2004,,,,"U.S. Navy LIDAR Survey, Archive No. 04HFM01, Scale 1:5,000-1:10,000",20150206,"US,US,reprt,L-246-2015",US4TB3P0,B,0.72,,outside_allen_geomorphic_or_unclassified,False,30.0,50.0,US4TB3P0,,False,False,False,134.6013641,7.3490863
8841,1,2,129,1,550,-2004046809,19802,0226888CAC274D5A,,,,,,,,,,,,,,,29999,,,,20150206,"US,US,reprt,L-246-2015",25.0,US4TB3P0,25.0,1196,5,,,1938,1915,,,"Former Japan Chart 481 (Ed. 1940, Rev. 1944), from Japan surveys, Scale 1:25,000",20150206,"US,US,reprt,L-246-2015",US4TB3P0,D,0.22,Deep Lagoon,deep_lagoon,True,20.0,30.0,US4TB3P0,,False,False,False,134.6018677,7.3681946
8841,1,2,129,1,550,-2004046809,19802,0226888CAC274D5A,,,,,,,,,,,,,,,29999,,,,20150206,"US,US,reprt,L-246-2015",84.0,US4TB3P0,84.0,1197,5,,,1938,1915,,,"Former Japan Chart 481 (Ed. 1940, Rev. 1944), from Japan surveys, Scale 1:25,000",20150206,"US,US,reprt,L-246-2015",US4TB3P0,D,0.22,,outside_allen_geomorphic_or_unclassified,False,50.0,100.0,US4TB3P0,,False,False,False,134.601944,7.3397002
8841,1,2,129,1,550,-2004046809,19802,0226888CAC274D5A,,,,,,,,,,,,,,,29999,,,,20150206,"US,US,reprt,L-246-2015",9.4,US4TB3P0,9.4,1198,3,,,2004,,,,"U.S. Navy LIDAR Survey, Archive No. 04HFM01, Scale 1:5,000-1:10,000",20150206,"US,US,reprt,L-246-2015",US4TB3P0,B,0.72,Reef Slope,reef_slope,True,5.0,10.0,US4TB3P0,,False,False,False,134.6019592,7.3468666
8841,1,2,129,1,550,-2004046809,19802,0226888CAC274D5A,,,,,,,,,,,,,,,29999,,,,20150206,"US,US,reprt,L-246-2015",22.2,US4TB3P0,22.2,1199,3,,,2004,,,,"U.S. Navy LIDAR Survey, Archive No. 04HFM01, Scale 1:5,000-1:10,000",20150206,"US,US,reprt,L-246-2015",US4TB3P0,B,0.72,,outside_allen_geomorphic_or_unclassified,False,20.0,30.0,US4TB3P0,,False,False,False,134.6021423,7.3500166
8841,1,2,129,1,550,-2004046809,19802,0226888CAC274D5A,,,,,,,,,,,,,,,29999,,,,20150206,"US,US,reprt,L-246-2015",12.1,US4TB3P0,12.1,1200,3,,,2004,,,,"U.S. Navy LIDAR Survey, Archive No. 04HFM01, Scale 1:5,000-1:10,000",20150206,"US,US,reprt,L-246-2015",US4TB3P0,B,0.72,Sheltered Reef Slope,reef_slope,True,10.0,20.0,US4TB3P0,,False,False,False,134.6022034,7.3458056
8841,1,2,129,1,550,-2004046809,19802,0226888CAC274D5A,,,,,,,,,,,,,,,29999,,,,20150206,"US,US,reprt,L-246-2015",16.0,US4TB3P0,16.0,1201,3,,,2004,,,,"U.S. Navy LIDAR Survey, Archive No. 04HFM01, Scale 1:5,000-1:10,000",20150206,"US,US,reprt,L-246-2015",US4TB3P0,B,0.72,,outside_allen_geomorphic_or_unclassified,False,10.0,20.0,US4TB3P0,,False,False,False,134.6022492,7.3447585
8841,1,2,129,1,550,-2004046809,19802,0226888CAC274D5A,,,,,,,,,,,,,,,29999,,,,20150206,"US,US,reprt,L-246-2015",35.0,US4TB3P0,35.0,1202,5,,,1938,1915,,,"Former Japan Chart 481 (Ed. 1940, Rev. 1944), from Japan surveys, Scale 1:25,000",20150206,"US,US,reprt,L-246-2015",US4TB3P0,D,0.22,,outside_allen_geomorphic_or_unclassified,False,30.0,50.0,US4TB3P0,,False,False,False,134.6023407,7.3583498
8841,1,2,129,1,550,-2004046809,19802,0226888CAC274D5A,,,,,,,,,,,,,,,29999,,,,20150206,"US,US,reprt,L-246-2015",9.9,US4TB3P0,9.9,1203,5,,,1938,1915,,,"Former Japan Chart 481 (Ed. 1940, Rev. 1944), from Japan surveys, Scale 1:25,000",20150206,"US,US,reprt,L-246-2015",US4TB3P0,D,0.22,Reef Slope,reef_slope,True,5.0,10.0,US4TB3P0,,False,False,False,134.6023865,7.3602305
8841,1,2,129,1,550,-2004046809,19802,0226888CAC274D5A,,,,,,,,,,,,,,,29999,,,,20150206,"US,US,reprt,L-246-2015",27.6,US4TB3P0,27.6,1204,3,,,2004,,,,"U.S. Navy LIDAR Survey, Archive No. 04HFM01, Scale 1:5,000-1:10,000",20150206,"US,US,reprt,L-246-2015",US4TB3P0,B,0.72,,outside_allen_geomorphic_or_unclassified,False,20.0,30.0,US4TB3P0,,False,False,False,134.602478,7.3487945
8841,1,2,129,1,550,-2004046809,19802,0226888CAC274D5A,,,,,,,,,,,,,,,29999,,,,20150206,"US,US,reprt,L-246-2015",58.0,US4TB3P0,58.0,1205,5,,,1938,1915,,,"Former Japan Chart 481 (Ed. 1940, Rev. 1944), from Japan surveys, Scale 1:25,000",20150206,"US,US,reprt,L-246-2015",US4TB3P0,D,0.22,,outside_allen_geomorphic_or_unclassified,False,50.0,100.0,US4TB3P0,,False,False,False,134.6026154,7.3746419
8841,1,2,129,1,550,-2004046809,19802,0226888CAC274D5A,,,,,,,,,,,,,,,29999,,,,20150206,"US,US,reprt,L-246-2015",19.7,US4TB3P0,19.7,1206,5,,,1938,1915,,,"Former Japan Chart 481 (Ed. 1940, Rev. 1944), from Japan surveys, Scale 1:25,000",20150206,"US,US,reprt,L-246-2015",US4TB3P0,D,0.22,Deep Lagoon,deep_lagoon,True,10.0,20.0,US4TB3P0,,False,False,False,134.6026306,7.3650279
8841,1,2,129,1,550,-2004046809,19802,0226888CAC274D5A,,,,,,,,,,,,,,,29999,,,,20150206,"US,US,reprt,L-246-2015",27.7,US4TB3P0,27.7,1207,3,,,2004,,,,"U.S. Navy LIDAR Survey, Archive No. 04HFM01, Scale 1:5,000-1:10,000",20150206,"US,US,reprt,L-246-2015",US4TB3P0,B,0.72,,outside_allen_geomorphic_or_unclassified,False,20.0,30.0,US4TB3P0,,False,False,False,134.6026917,7.3435669
8841,1,2,129,1,550,-2004046809,19802,0226888CAC274D5A,,,,,,,,,,,,,,,29999,,,,20150206,"US,US,reprt,L-246-2015",9.6,US4TB3P0,9.6,1208,3,,,2004,,,,"U.S. Navy LIDAR Survey, Archive No. 04HFM01, Scale 1:5,000-1:10,000",20150206,"US,US,reprt,L-246-2015",US4TB3P0,B,0.72,Reef Slope,reef_slope,True,5.0,10.0,US4TB3P0,,False,False,False,134.6027222,7.3478112
8841,1,2,129,1,550,-2004046809,19802,0226888CAC274D5A,,,,,,,,,,,,,,,29999,,,,20150206,"US,US,reprt,L-246-2015",35.0,US4TB3P0,35.0,1209,5,,,1938,1915,,,"Former Japan Chart 481 (Ed. 1940, Rev. 1944), from Japan surveys, Scale 1:25,000",20150206,"US,US,reprt,L-246-2015",US4TB3P0,D,0.22,,outside_allen_geomorphic_or_unclassified,False,30.0,50.0,US4TB3P0,,False,False,False,134.6027374,7.342361
8841,1,2,129,1,550,-2004046809,19802,0226888CAC274D5A,,,,,,,,,,,,,,,29999,,,,20150206,"US,US,reprt,L-246-2015",27.4,US4TB3P0,27.4,1210,3,,,2004,,,,"U.S. Navy LIDAR Survey, Archive No. 04HFM01, Scale 1:5,000-1:10,000",20150206,"US,US,reprt,L-246-2015",US4TB3P0,B,0.72,,outside_allen_geomorphic_or_unclassified,False,20.0,30.0,US4TB3P0,,False,False,False,134.6028748,7.35115
8841,1,2,129,1,550,-2004046809,19802,0226888CAC274D5A,,,,,,,,,,,,,,,29999,,,,20150206,"US,US,reprt,L-246-2015",26.0,US4TB3P0,26.0,1211,5,,,1938,1915,,,"Former Japan Chart 481 (Ed. 1940, Rev. 1944), from Japan surveys, Scale 1:25,000",20150206,"US,US,reprt,L-246-2015",US4TB3P0,D,0.22,Deep Lagoon,deep_lagoon,True,20.0,30.0,US4TB3P0,,False,False,False,134.6030579,7.3697224
8841,1,2,129,1,550,-2004046809,19802,0226888CAC274D5A,,,,,,,,,,,,,,,29999,,,,20150206,"US,US,reprt,L-246-2015",37.0,US4TB3P0,37.0,1212,5,,,1938,1915,,,"Former Japan Chart 481 (Ed. 1940, Rev. 1944), from Japan surveys, Scale 1:25,000",20150206,"US,US,reprt,L-246-2015",US4TB3P0,D,0.22,Deep Lagoon,deep_lagoon,True,30.0,50.0,US4TB3P0,,False,False,False,134.6032715,7.363636
8841,1,2,129,1,550,-2004046809,19802,0226888CAC274D5A,,,,,,,,,,,,,,,29999,,,,20150206,"US,US,reprt,L-246-2015",9.7,US4TB3P0,9.7,1213,3,,,2004,,,,"U.S. Navy LIDAR Survey, Archive No. 04HFM01, Scale 1:5,000-1:10,000",20150206,"US,US,reprt,L-246-2015",US4TB3P0,B,0.72,Reef Slope,reef_slope,True,5.0,10.0,US4TB3P0,,False,False,False,134.6032867,7.3469167
8841,1,2,129,1,550,-2004046809,19802,0226888CAC274D5A,,,,,,,,,,,,,,,29999,,,,20150206,"US,US,reprt,L-246-2015",26.0,US4TB3P0,26.0,1214,5,,,1938,1915,,,"Former Japan Chart 481 (Ed. 1940, Rev. 1944), from Japan surveys, Scale 1:25,000",20150206,"US,US,reprt,L-246-2015",US4TB3P0,D,0.22,,outside_allen_geomorphic_or_unclassified,False,20.0,30.0,US4TB3P0,,False,False,False,134.6032867,7.3720331
8841,1,2,129,1,550,-2004046809,19802,0226888CAC274D5A,,,,,,,,,,,,,,,29999,,,,20150206,"US,US,reprt,L-246-2015",17.9,US4TB3P0,17.9,1215,3,,,2004,,,,"U.S. Navy LIDAR Survey, Archive No. 04HFM01, Scale 1:5,000-1:10,000",20150206,"US,US,reprt,L-246-2015",US4TB3P0,B,0.72,,outside_allen_geomorphic_or_unclassified,False,10.0,20.0,US4TB3P0,,False,False,False,134.6033173,7.3453002
8841,1,2,129,1,550,-2004046809,19802,0226888CAC274D5A,,,,,,,,,,,,,,,29999,,,,20150206,"US,US,reprt,L-246-2015",28.0,US4TB3P0,28.0,1216,5,,,1938,1915,,,"Former Japan Chart 481 (Ed. 1940, Rev. 1944), from Japan surveys, Scale 1:25,000",20150206,"US,US,reprt,L-246-2015",US4TB3P0,D,0.22,,outside_allen_geomorphic_or_unclassified,False,20.0,30.0,US4TB3P0,,False,False,False,134.6033173,7.3532972
8841,1,2,129,1,550,-2004046809,19802,0226888CAC274D5A,,,,,,,,,,,,,,,29999,,,,20150206,"US,US,reprt,L-246-2015",9.4,US4TB3P0,9.4,1217,3,,,2004,,,,"U.S. Navy LIDAR Survey, Archive No. 04HFM01, Scale 1:5,000-1:10,000",20150206,"US,US,reprt,L-246-2015",US4TB3P0,B,0.72,Reef Slope,reef_slope,True,5.0,10.0,US4TB3P0,,False,False,False,134.6035156,7.3483362
8841,1,2,129,1,550,-2004046809,19802,0226888CAC274D5A,,,,,,,,,,,,,,,29999,,,,20150206,"US,US,reprt,L-246-2015",19.7,US4TB3P0,19.7,1218,3,,,2004,,,,"U.S. Navy LIDAR Survey, Archive No. 04HFM01, Scale 1:5,000-1:10,000",20150206,"US,US,reprt,L-246-2015",US4TB3P0,B,0.72,Sheltered Reef Slope,reef_slope,True,10.0,20.0,US4TB3P0,,False,False,False,134.6035309,7.3493471
8841,1,2,129,1,550,-2004046809,19802,0226888CAC274D5A,,,,,,,,,,,,,,,29999,,,,20150206,"US,US,reprt,L-246-2015",12.1,US4TB3P0,12.1,1219,3,,,2004,,,,"U.S. Navy LIDAR Survey, Archive No. 04HFM01, Scale 1:5,000-1:10,000",20150206,"US,US,reprt,L-246-2015",US4TB3P0,B,0.72,Reef Slope,reef_slope,True,10.0,20.0,US4TB3P0,,False,False,False,134.6040649,7.3473887
8841,1,2,129,1,550,-2004046809,19802,0226888CAC274D5A,,,,,,,,,,,,,,,29999,,,,20150206,"US,US,reprt,L-246-2015",548.0,US4TB3P0,548.0,1220,5,,,1938,1915,,,"Former Japan Chart 481 (Ed. 1940, Rev. 1944), from Japan surveys, Scale 1:25,000",20150206,"US,US,reprt,L-246-2015",US4TB3P0,D,0.22,,outside_allen_geomorphic_or_unclassified,False,200.0,1000.0,US4TB3P0,,False,False,True,134.6041565,7.3359027
8841,1,2,129,1,550,-2004046809,19802,0226888CAC274D5A,,,,,,,,,,,,,,,29999,,,,20150206,"US,US,reprt,L-246-2015",15.1,US4TB3P0,15.1,1221,3,,,2004,,,,"U.S. Navy LIDAR Survey, Archive No. 04HFM01, Scale 1:5,000-1:10,000",20150206,"US,US,reprt,L-246-2015",US4TB3P0,B,0.72,Reef Slope,reef_slope,True,10.0,20.0,US4TB3P0,,False,False,False,134.6041565,7.3462582
8841,1,2,129,1,550,-2004046809,19802,0226888CAC274D5A,,,,,,,,,,,,,,,29999,,,,20150206,"US,US,reprt,L-246-2015",15.1,US4TB3P0,15.1,1222,5,,,1938,1915,,,"Former Japan Chart 481 (Ed. 1940, Rev. 1944), from Japan surveys, Scale 1:25,000",20150206,"US,US,reprt,L-246-2015",US4TB3P0,D,0.22,,outside_allen_geomorphic_or_unclassified,False,10.0,20.0,US4TB3P0,,False,False,False,134.6042023,7.3511915
8841,1,2,129,1,550,-2004046809,19802,0226888CAC274D5A,,,,,,,,,,,,,,,29999,,,,20150206,"US,US,reprt,L-246-2015",34.0,US4TB3P0,34.0,1223,5,,,1938,1915,,,"Former Japan Chart 481 (Ed. 1940, Rev. 1944), from Japan surveys, Scale 1:25,000",20150206,"US,US,reprt,L-246-2015",US4TB3P0,D,0.22,,outside_allen_geomorphic_or_unclassified,False,30.0,50.0,US4TB3P0,,False,False,False,134.6042328,7.3438749
8841,1,2,129,1,550,-2004046809,19802,0226888CAC274D5A,,,,,,,,,,,,,,,29999,,,,20150206,"US,US,reprt,L-246-2015",850.0,US4TB3P0,850.0,1224,5,,,1938,1915,,,"Former Japan Chart 481 (Ed. 1940, Rev. 1944), from Japan surveys, Scale 1:25,000",20150206,"US,US,reprt,L-246-2015",US4TB3P0,D,0.22,,outside_allen_geomorphic_or_unclassified,False,200.0,1000.0,US4TB3P0,,False,False,True,134.6044006,7.3292251
8841,1,2,129,1,550,-2004046809,19802,0226888CAC274D5A,,,,,,,,,,,,,,,29999,,,,20150206,"US,US,reprt,L-246-2015",33.0,US4TB3P0,33.0,1225,5,,,1938,1915,,,"Former Japan Chart 481 (Ed. 1940, Rev. 1944), from Japan surveys, Scale 1:25,000",20150206,"US,US,reprt,L-246-2015",US4TB3P0,D,0.22,,outside_allen_geomorphic_or_unclassified,False,30.0,50.0,US4TB3P0,,False,False,False,134.6044006,7.3579168
8841,1,2,129,1,550,-2004046809,19802,0226888CAC274D5A,,,,,,,,,,,,,,,29999,,,,20150206,"US,US,reprt,L-246-2015",26.2,US4TB3P0,26.2,1226,3,,,2004,,,,"U.S. Navy LIDAR Survey, Archive No. 04HFM01, Scale 1:5,000-1:10,000",20150206,"US,US,reprt,L-246-2015",US4TB3P0,B,0.72,,outside_allen_geomorphic_or_unclassified,False,20.0,30.0,US4TB3P0,,False,False,False,134.6044312,7.3448582
8841,1,2,129,1,550,-2004046809,19802,0226888CAC274D5A,,,,,,,,,,,,,,,29999,,,,20150206,"US,US,reprt,L-246-2015",26.0,US4TB3P0,26.0,1227,5,,,1938,1915,,,"Former Japan Chart 481 (Ed. 1940, Rev. 1944), from Japan surveys, Scale 1:25,000",20150206,"US,US,reprt,L-246-2015",US4TB3P0,D,0.22,,outside_allen_geomorphic_or_unclassified,False,20.0,30.0,US4TB3P0,,False,False,False,134.6045075,7.3659196
8841,1,2,129,1,550,-2004046809,19802,0226888CAC274D5A,,,,,,,,,,,,,,,29999,,,,20150206,"US,US,reprt,L-246-2015",49.0,US4TB3P0,49.0,1228,5,,,1938,1915,,,"Former Japan Chart 481 (Ed. 1940, Rev. 1944), from Japan surveys, Scale 1:25,000",20150206,"US,US,reprt,L-246-2015",US4TB3P0,D,0.22,,outside_allen_geomorphic_or_unclassified,False,30.0,50.0,US4TB3P0,,False,False,False,134.6045685,7.3616362
8841,1,2,129,1,550,-2004046809,19802,0226888CAC274D5A,,,,,,,,,,,,,,,29999,,,,20150206,"US,US,reprt,L-246-2015",38.0,US4TB3P0,38.0,1229,5,,,1938,1915,,,"Former Japan Chart 481 (Ed. 1940, Rev. 1944), from Japan surveys, Scale 1:25,000",20150206,"US,US,reprt,L-246-2015",US4TB3P0,D,0.22,,outside_allen_geomorphic_or_unclassified,False,30.0,50.0,US4TB3P0,,False,False,False,134.6045837,7.3746419
8841,1,2,129,1,550,-2004046809,19802,0226888CAC274D5A,,,,,,,,,,,,,,,29999,,,,20150206,"US,US,reprt,L-246-2015",114.0,US4TB3P0,114.0,1230,5,,,1938,1915,,,"Former Japan Chart 481 (Ed. 1940, Rev. 1944), from Japan surveys, Scale 1:25,000",20150206,"US,US,reprt,L-246-2015",US4TB3P0,D,0.22,,outside_allen_geomorphic_or_unclassified,False,100.0,200.0,US4TB3P0,,False,False,True,134.6047516,7.3413887
8841,1,2,129,1,550,-2004046809,19802,0226888CAC274D5A,,,,,,,,,,,,,,,29999,,,,20150206,"US,US,reprt,L-246-2015",27.2,US4TB3P0,27.2,1231,5,,,1938,1915,,,"Former Japan Chart 481 (Ed. 1940, Rev. 1944), from Japan surveys, Scale 1:25,000",20150206,"US,US,reprt,L-246-2015",US4TB3P0,D,0.22,,outside_allen_geomorphic_or_unclassified,False,20.0,30.0,US4TB3P0,,False,False,False,134.6048279,7.3522387
8841,1,2,129,1,550,-2004046809,19802,0226888CAC274D5A,,,,,,,,,,,,,,,29999,,,,20150206,"US,US,reprt,L-246-2015",29.0,US4TB3P0,29.0,1232,5,,,1938,1915,,,"Former Japan Chart 481 (Ed. 1940, Rev. 1944), from Japan surveys, Scale 1:25,000",20150206,"US,US,reprt,L-246-2015",US4TB3P0,D,0.22,,outside_allen_geomorphic_or_unclassified,False,20.0,30.0,US4TB3P0,,False,False,False,134.6049042,7.3685584
8841,1,2,129,1,550,-2004046809,19802,0226888CAC274D5A,,,,,,,,,,,,,,,29999,,,,20150206,"US,US,reprt,L-246-2015",15.5,US4TB3P0,15.5,1233,5,,,1938,1915,,,"Former Japan Chart 481 (Ed. 1940, Rev. 1944), from Japan surveys, Scale 1:25,000",20150206,"US,US,reprt,L-246-2015",US4TB3P0,D,0.22,,outside_allen_geomorphic_or_unclassified,False,10.0,20.0,US4TB3P0,,False,False,False,134.6049347,7.3530779
8841,1,2,129,1,550,-2004046809,19802,0226888CAC274D5A,,,,,,,,,,,,,,,29999,,,,20150206,"US,US,reprt,L-246-2015",30.0,US4TB3P0,30.0,1234,5,,,1938,1915,,,"Former Japan Chart 481 (Ed. 1940, Rev. 1944), from Japan surveys, Scale 1:25,000",20150206,"US,US,reprt,L-246-2015",US4TB3P0,D,0.22,,outside_allen_geomorphic_or_unclassified,False,20.0,30.0,US4TB3P0,,False,False,False,134.6049805,7.3542137
8841,1,2,129,1,550,-2004046809,19802,0226888CAC274D5A,,,,,,,,,,,,,,,29999,,,,20150206,"US,US,reprt,L-246-2015",7.2,US4TB3P0,7.2,1235,3,,,2004,,,,"U.S. Navy LIDAR Survey, Archive No. 04HFM01, Scale 1:5,000-1:10,000",20150206,"US,US,reprt,L-246-2015",US4TB3P0,B,0.72,Reef Slope,reef_slope,True,5.0,10.0,US4TB3P0,,False,False,False,134.6049957,7.3494029
8842,1,2,129,1,550,199852186,19802,02260BE9809A4D5A,,,3.0,,,,,,,,,,,,29999,,,,20150206,"US,US,reprt,L-246-2015",54.0,US4TB3P0,54.0,1283,5,,,1938,1915,,,"Former Japan Chart 481 (Ed. 1940, Rev. 1944), from Japan surveys, Scale 1:25,000",20150206,"US,US,reprt,L-246-2015",US4TB3P0,D,0.22,,outside_allen_geomorphic_or_unclassified,False,30.0,50.0,US4TB3P0,,False,False,False,134.5583038,7.3224554
8842,1,2,129,1,550,199852186,19802,02260BE9809A4D5A,,,3.0,,,,,,,,,,,,29999,,,,20150206,"US,US,reprt,L-246-2015",58.0,US4TB3P0,58.0,1284,3,,,2004,,,,"U.S. Navy LIDAR Survey, Archive No. 04HFM01, Scale 1:5,000-1:10,000",20150206,"US,US,reprt,L-246-2015",US4TB3P0,B,0.72,,outside_allen_geomorphic_or_unclassified,False,30.0,50.0,US4TB3P0,,False,False,False,134.5760193,7.341836
8843,1,2,129,1,550,-1126871900,19802,0226BCD54CA44D5A,,,,,,['4'],,,,,,,,,29999,,,,20150206,"US,US,reprt,L-246-2015",77.0,US4TB3P0,77.0,1287,5,,,1938,1915,,,"Former Japan Chart 481 (Ed. 1940, Rev. 1944), from Japan surveys, Scale 1:25,000",20150206,"US,US,reprt,L-246-2015",US4TB3P0,D,0.22,,outside_allen_geomorphic_or_unclassified,False,50.0,100.0,US4TB3P0,,False,False,False,134.54599,7.3171887
8843,1,2,129,1,550,-1126871900,19802,0226BCD54CA44D5A,,,,,,['4'],,,,,,,,,29999,,,,20150206,"US,US,reprt,L-246-2015",58.0,US4TB3P0,58.0,1293,5,,,1938,1915,,,"Former Japan Chart 481 (Ed. 1940, Rev. 1944), from Japan surveys, Scale 1:25,000",20150206,"US,US,reprt,L-246-2015",US4TB3P0,D,0.22,,outside_allen_geomorphic_or_unclassified,False,50.0,100.0,US4TB3P0,,False,False,False,134.5471802,7.3183332
8843,1,2,129,1,550,-1126871900,19802,0226BCD54CA44D5A,,,,,,['4'],,,,,,,,,29999,,,,20150206,"US,US,reprt,L-246-2015",25.0,US4TB3P0,25.0,1294,5,,,1938,1915,,,"Former Japan Chart 481 (Ed. 1940, Rev. 1944), from Japan surveys, Scale 1:25,000",20150206,"US,US,reprt,L-246-2015",US4TB3P0,D,0.22,,outside_allen_geomorphic_or_unclassified,False,20.0,30.0,US4TB3P0,,False,False,False,134.5473938,7.3202086
8843,1,2,129,1,550,-1126871900,19802,0226BCD54CA44D5A,,,,,,['4'],,,,,,,,,29999,,,,20150206,"US,US,reprt,L-246-2015",49.0,US4TB3P0,49.0,1305,5,,,1938,1915,,,"Former Japan Chart 481 (Ed. 1940, Rev. 1944), from Japan surveys, Scale 1:25,000",20150206,"US,US,reprt,L-246-2015",US4TB3P0,D,0.22,,outside_allen_geomorphic_or_unclassified,False,30.0,50.0,US4TB3P0,,False,False,False,134.5495758,7.316339
8843,1,2,129,1,550,-1126871900,19802,0226BCD54CA44D5A,,,,,,['4'],,,,,,,,,29999,,,,20150206,"US,US,reprt,L-246-2015",49.0,US4TB3P0,49.0,1308,5,,,1938,1915,,,"Former Japan Chart 481 (Ed. 1940, Rev. 1944), from Japan surveys, Scale 1:25,000",20150206,"US,US,reprt,L-246-2015",US4TB3P0,D,0.22,,outside_allen_geomorphic_or_unclassified,False,30.0,50.0,US4TB3P0,,False,False,False,134.5497589,7.3214359
8843,1,2,129,1,550,-1126871900,19802,0226BCD54CA44D5A,,,,,,['4'],,,,,,,,,29999,,,,20150206,"US,US,reprt,L-246-2015",38.0,US4TB3P0,38.0,1312,5,,,1938,1915,,,"Former Japan Chart 481 (Ed. 1940, Rev. 1944), from Japan surveys, Scale 1:25,000",20150206,"US,US,reprt,L-246-2015",US4TB3P0,D,0.22,,outside_allen_geomorphic_or_unclassified,False,30.0,50.0,US4TB3P0,,False,False,False,134.5513458,7.318922
8843,1,2,129,1,550,-1126871900,19802,0226BCD54CA44D5A,,,,,,['4'],,,,,,,,,29999,,,,20150206,"US,US,reprt,L-246-2015",38.0,US4TB3P0,38.0,1320,5,,,1938,1915,,,"Former Japan Chart 481 (Ed. 1940, Rev. 1944), from Japan surveys, Scale 1:25,000",20150206,"US,US,reprt,L-246-2015",US4TB3P0,D,0.22,,outside_allen_geomorphic_or_unclassified,False,30.0,50.0,US4TB3P0,,False,False,False,134.5537262,7.3156915
8843,1,2,129,1,550,-1126871900,19802,0226BCD54CA44D5A,,,,,,['4'],,,,,,,,,29999,,,,20150206,"US,US,reprt,L-246-2015",38.0,US4TB3P0,38.0,1332,5,,,1938,1915,,,"Former Japan Chart 481 (Ed. 1940, Rev. 1944), from Japan surveys, Scale 1:25,000",20150206,"US,US,reprt,L-246-2015",US4TB3P0,D,0.22,,outside_allen_geomorphic_or_unclassified,False,30.0,50.0,US4TB3P0,,False,False,False,134.5571137,7.3194084
8843,1,2,129,1,550,-1126871900,19802,0226BCD54CA44D5A,,,,,,['4'],,,,,,,,,29999,,,,20150206,"US,US,reprt,L-246-2015",38.0,US4TB3P0,38.0,1333,5,,,1938,1915,,,"Former Japan Chart 481 (Ed. 1940, Rev. 1944), from Japan surveys, Scale 1:25,000",20150206,"US,US,reprt,L-246-2015",US4TB3P0,D,0.22,,outside_allen_geomorphic_or_unclassified,False,30.0,50.0,US4TB3P0,,False,False,False,134.5574036,7.3155141
8843,1,2,129,1,550,-1126871900,19802,0226BCD54CA44D5A,,,,,,['4'],,,,,,,,,29999,,,,20150206,"US,US,reprt,L-246-2015",34.0,US4TB3P0,34.0,1338,3,,,2004,,,,"U.S. Navy LIDAR Survey, Archive No. 04HFM01, Scale 1:5,000-1:10,000",20150206,"US,US,reprt,L-246-2015",US4TB3P0,B,0.72,,outside_allen_geomorphic_or_unclassified,False,30.0,50.0,US4TB3P0,,False,False,False,134.5595703,7.329011
8843,1,2,129,1,550,-1126871900,19802,0226BCD54CA44D5A,,,,,,['4'],,,,,,,,,29999,,,,20150206,"US,US,reprt,L-246-2015",47.0,US4TB3P0,47.0,1341,3,,,2004,,,,"U.S. Navy LIDAR Survey, Archive No. 04HFM01, Scale 1:5,000-1:10,000",20150206,"US,US,reprt,L-246-2015",US4TB3P0,B,0.72,,outside_allen_geomorphic_or_unclassified,False,30.0,50.0,US4TB3P0,,False,False,False,134.561264,7.3223362
8843,1,2,129,1,550,-1126871900,19802,0226BCD54CA44D5A,,,,,,['4'],,,,,,,,,29999,,,,20150206,"US,US,reprt,L-246-2015",45.0,US4TB3P0,45.0,1342,5,,,1938,1915,,,"Former Japan Chart 481 (Ed. 1940, Rev. 1944), from Japan surveys, Scale 1:25,000",20150206,"US,US,reprt,L-246-2015",US4TB3P0,D,0.22,,outside_allen_geomorphic_or_unclassified,False,30.0,50.0,US4TB3P0,,False,False,False,134.561676,7.3173361
8843,1,2,129,1,550,-1126871900,19802,0226BCD54CA44D5A,,,,,,['4'],,,,,,,,,29999,,,,20150206,"US,US,reprt,L-246-2015",29.0,US4TB3P0,29.0,1346,5,,,1938,1915,,,"Former Japan Chart 481 (Ed. 1940, Rev. 1944), from Japan surveys, Scale 1:25,000",20150206,"US,US,reprt,L-246-2015",US4TB3P0,D,0.22,,outside_allen_geomorphic_or_unclassified,False,20.0,30.0,US4TB3P0,,False,False,False,134.5644074,7.3245778
8843,1,2,129,1,550,-1126871900,19802,0226BCD54CA44D5A,,,,,,['4'],,,,,,,,,29999,,,,20150206,"US,US,reprt,L-246-2015",40.0,US4TB3P0,40.0,1348,5,,,1938,1915,,,"Former Japan Chart 481 (Ed. 1940, Rev. 1944), from Japan surveys, Scale 1:25,000",20150206,"US,US,reprt,L-246-2015",US4TB3P0,D,0.22,,outside_allen_geomorphic_or_unclassified,False,30.0,50.0,US4TB3P0,,False,False,False,134.5652924,7.3166609
8843,1,2,129,1,550,-1126871900,19802,0226BCD54CA44D5A,,,,,,['4'],,,,,,,,,29999,,,,20150206,"US,US,reprt,L-246-2015",40.0,US4TB3P0,40.0,1349,5,,,1938,1915,,,"Former Japan Chart 481 (Ed. 1940, Rev. 1944), from Japan surveys, Scale 1:25,000",20150206,"US,US,reprt,L-246-2015",US4TB3P0,D,0.22,,outside_allen_geomorphic_or_unclassified,False,30.0,50.0,US4TB3P0,,False,False,False,134.565445,7.3208637
8843,1,2,129,1,550,-1126871900,19802,0226BCD54CA44D5A,,,,,,['4'],,,,,,,,,29999,,,,20150206,"US,US,reprt,L-246-2015",32.0,US4TB3P0,32.0,1351,3,,,2004,,,,"U.S. Navy LIDAR Survey, Archive No. 04HFM01, Scale 1:5,000-1:10,000",20150206,"US,US,reprt,L-246-2015",US4TB3P0,B,0.72,,outside_allen_geomorphic_or_unclassified,False,30.0,50.0,US4TB3P0,,False,False,False,134.5672607,7.3280778
8843,1,2,129,1,550,-1126871900,19802,0226BCD54CA44D5A,,,,,,['4'],,,,,,,,,29999,,,,20150206,"US,US,reprt,L-246-2015",31.0,US4TB3P0,31.0,1352,5,,,1938,1915,,,"Former Japan Chart 481 (Ed. 1940, Rev. 1944), from Japan surveys, Scale 1:25,000",20150206,"US,US,reprt,L-246-2015",US4TB3P0,D,0.22,,outside_allen_geomorphic_or_unclassified,False,30.0,50.0,US4TB3P0,,False,False,False,134.5688629,7.3245611
8843,1,2,129,1,550,-1126871900,19802,0226BCD54CA44D5A,,,,,,['4'],,,,,,,,,29999,,,,20150206,"US,US,reprt,L-246-2015",27.0,US4TB3P0,27.0,1353,3,,,2004,,,,"U.S. Navy LIDAR Survey, Archive No. 04HFM01, Scale 1:5,000-1:10,000",20150206,"US,US,reprt,L-246-2015",US4TB3P0,B,0.72,,outside_allen_geomorphic_or_unclassified,False,20.0,30.0,US4TB3P0,,False,False,False,134.568985,7.3414917
8843,1,2,129,1,550,-1126871900,19802,0226BCD54CA44D5A,,,,,,['4'],,,,,,,,,29999,,,,20150206,"US,US,reprt,L-246-2015",9.7,US4TB3P0,9.7,1354,5,,,1938,1915,,,"Former Japan Chart 481 (Ed. 1940, Rev. 1944), from Japan surveys, Scale 1:25,000",20150206,"US,US,reprt,L-246-2015",US4TB3P0,D,0.22,Terrestrial Reef Flat,reef_flat_or_crest,True,5.0,10.0,US4TB3P0,,False,False,False,134.5690155,7.3566332
8843,1,2,129,1,550,-1126871900,19802,0226BCD54CA44D5A,,,,,,['4'],,,,,,,,,29999,,,,20150206,"US,US,reprt,L-246-2015",9.7,US4TB3P0,9.7,1355,5,,,1938,1915,,,"Former Japan Chart 481 (Ed. 1940, Rev. 1944), from Japan surveys, Scale 1:25,000",20150206,"US,US,reprt,L-246-2015",US4TB3P0,D,0.22,Terrestrial Reef Flat,reef_flat_or_crest,True,5.0,10.0,US4TB3P0,,False,False,False,134.569519,7.3586001
8843,1,2,129,1,550,-1126871900,19802,0226BCD54CA44D5A,,,,,,['4'],,,,,,,,,29999,,,,20150206,"US,US,reprt,L-246-2015",36.0,US4TB3P0,36.0,1356,3,,,2004,,,,"U.S. Navy LIDAR Survey, Archive No. 04HFM01, Scale 1:5,000-1:10,000",20150206,"US,US,reprt,L-246-2015",US4TB3P0,B,0.72,,outside_allen_geomorphic_or_unclassified,False,30.0,50.0,US4TB3P0,,False,False,False,134.5701752,7.3293419
8843,1,2,129,1,550,-1126871900,19802,0226BCD54CA44D5A,,,,,,['4'],,,,,,,,,29999,,,,20150206,"US,US,reprt,L-246-2015",5.6,US4TB3P0,5.6,1357,5,,,1938,1915,,,"Former Japan Chart 481 (Ed. 1940, Rev. 1944), from Japan surveys, Scale 1:25,000",20150206,"US,US,reprt,L-246-2015",US4TB3P0,D,0.22,Terrestrial Reef Flat,reef_flat_or_crest,True,5.0,10.0,US4TB3P0,,False,False,False,134.570221,7.3610697
8843,1,2,129,1,550,-1126871900,19802,0226BCD54CA44D5A,,,,,,['4'],,,,,,,,,29999,,,,20150206,"US,US,reprt,L-246-2015",0.1,US4TB3P0,0.1,1358,5,,,1938,1915,,,"Former Japan Chart 481 (Ed. 1940, Rev. 1944), from Japan surveys, Scale 1:25,000",20150206,"US,US,reprt,L-246-2015",US4TB3P0,D,0.22,Terrestrial Reef Flat,reef_flat_or_crest,True,0.0,2.0,US4TB3P0,,True,False,False,134.5706482,7.3647862
8843,1,2,129,1,550,-1126871900,19802,0226BCD54CA44D5A,,,,,,['4'],,,,,,,,,29999,,,,20150206,"US,US,reprt,L-246-2015",34.0,US4TB3P0,34.0,1359,3,,,2004,,,,"U.S. Navy LIDAR Survey, Archive No. 04HFM01, Scale 1:5,000-1:10,000",20150206,"US,US,reprt,L-246-2015",US4TB3P0,B,0.72,,outside_allen_geomorphic_or_unclassified,False,30.0,50.0,US4TB3P0,,False,False,False,134.5714722,7.3228025
8843,1,2,129,1,550,-1126871900,19802,0226BCD54CA44D5A,,,,,,['4'],,,,,,,,,29999,,,,20150206,"US,US,reprt,L-246-2015",19.7,US4TB3P0,19.7,1360,5,,,1938,1915,,,"Former Japan Chart 481 (Ed. 1940, Rev. 1944), from Japan surveys, Scale 1:25,000",20150206,"US,US,reprt,L-246-2015",US4TB3P0,D,0.22,Deep Lagoon,deep_lagoon,True,10.0,20.0,US4TB3P0,,False,False,False,134.5718994,7.3535113
8843,1,2,129,1,550,-1126871900,19802,0226BCD54CA44D5A,,,,,,['4'],,,,,,,,,29999,,,,20150206,"US,US,reprt,L-246-2015",29.0,US4TB3P0,29.0,1361,5,,,1938,1915,,,"Former Japan Chart 481 (Ed. 1940, Rev. 1944), from Japan surveys, Scale 1:25,000",20150206,"US,US,reprt,L-246-2015",US4TB3P0,D,0.22,,outside_allen_geomorphic_or_unclassified,False,20.0,30.0,US4TB3P0,,False,False,False,134.5723724,7.3469029
8843,1,2,129,1,550,-1126871900,19802,0226BCD54CA44D5A,,,,,,['4'],,,,,,,,,29999,,,,20150206,"US,US,reprt,L-246-2015",34.0,US4TB3P0,34.0,1362,3,,,2004,,,,"U.S. Navy LIDAR Survey, Archive No. 04HFM01, Scale 1:5,000-1:10,000",20150206,"US,US,reprt,L-246-2015",US4TB3P0,B,0.72,,outside_allen_geomorphic_or_unclassified,False,30.0,50.0,US4TB3P0,,False,False,False,134.5726471,7.3401861
8843,1,2,129,1,550,-1126871900,19802,0226BCD54CA44D5A,,,,,,['4'],,,,,,,,,29999,,,,20150206,"US,US,reprt,L-246-2015",23.0,US4TB3P0,23.0,1363,5,,,1938,1915,,,"Former Japan Chart 481 (Ed. 1940, Rev. 1944), from Japan surveys, Scale 1:25,000",20150206,"US,US,reprt,L-246-2015",US4TB3P0,D,0.22,,outside_allen_geomorphic_or_unclassified,False,20.0,30.0,US4TB3P0,,False,False,False,134.5729523,7.3503361
8843,1,2,129,1,550,-1126871900,19802,0226BCD54CA44D5A,,,,,,['4'],,,,,,,,,29999,,,,20150206,"US,US,reprt,L-246-2015",8.3,US4TB3P0,8.3,1364,5,,,1938,1915,,,"Former Japan Chart 481 (Ed. 1940, Rev. 1944), from Japan surveys, Scale 1:25,000",20150206,"US,US,reprt,L-246-2015",US4TB3P0,D,0.22,Deep Lagoon,deep_lagoon,True,5.0,10.0,US4TB3P0,,False,False,False,134.5740051,7.356689
8843,1,2,129,1,550,-1126871900,19802,0226BCD54CA44D5A,,,,,,['4'],,,,,,,,,29999,,,,20150206,"US,US,reprt,L-246-2015",45.0,US4TB3P0,45.0,1365,3,,,2004,,,,"U.S. Navy LIDAR Survey, Archive No. 04HFM01, Scale 1:5,000-1:10,000",20150206,"US,US,reprt,L-246-2015",US4TB3P0,B,0.72,,outside_allen_geomorphic_or_unclassified,False,30.0,50.0,US4TB3P0,,False,False,False,134.5748138,7.3397389
8843,1,2,129,1,550,-1126871900,19802,0226BCD54CA44D5A,,,,,,['4'],,,,,,,,,29999,,,,20150206,"US,US,reprt,L-246-2015",78.0,US4TB3P0,78.0,1366,5,,,1938,1915,,,"Former Japan Chart 481 (Ed. 1940, Rev. 1944), from Japan surveys, Scale 1:25,000",20150206,"US,US,reprt,L-246-2015",US4TB3P0,D,0.22,,outside_allen_geomorphic_or_unclassified,False,50.0,100.0,US4TB3P0,,False,False,False,134.5827026,7.3206277
8843,1,2,129,1,550,-1126871900,19802,0226BCD54CA44D5A,,,,,,['4'],,,,,,,,,29999,,,,20150206,"US,US,reprt,L-246-2015",62.0,US4TB3P0,62.0,1367,3,,,2004,,,,"U.S. Navy LIDAR Survey, Archive No. 04HFM01, Scale 1:5,000-1:10,000",20150206,"US,US,reprt,L-246-2015",US4TB3P0,B,0.72,,outside_allen_geomorphic_or_unclassified,False,50.0,100.0,US4TB3P0,,False,True,False,134.5840302,7.3429556
8843,1,2,129,1,550,-1126871900,19802,0226BCD54CA44D5A,,,,,,['4'],,,,,,,,,29999,,,,20150206,"US,US,reprt,L-246-2015",42.0,US4TB3P0,42.0,1368,3,,,2004,,,,"U.S. Navy LIDAR Survey, Archive No. 04HFM01, Scale 1:5,000-1:10,000",20150206,"US,US,reprt,L-246-2015",US4TB3P0,B,0.72,,outside_allen_geomorphic_or_unclassified,False,30.0,50.0,US4TB3P0,,False,False,False,134.5881348,7.3396859
8843,1,2,129,1,550,-1126871900,19802,0226BCD54CA44D5A,,,,,,['4'],,,,,,,,,29999,,,,20150206,"US,US,reprt,L-246-2015",47.0,US4TB3P0,47.0,1369,3,,,2004,,,,"U.S. Navy LIDAR Survey, Archive No. 04HFM01, Scale 1:5,000-1:10,000",20150206,"US,US,reprt,L-246-2015",US4TB3P0,B,0.72,,outside_allen_geomorphic_or_unclassified,False,30.0,50.0,US4TB3P0,,False,False,False,134.5883331,7.3356586
8843,1,2,129,1,550,-1126871900,19802,0226BCD54CA44D5A,,,,,,['4'],,,,,,,,,29999,,,,20150206,"US,US,reprt,L-246-2015",96.0,US4TB3P0,96.0,1370,5,,,1938,1915,,,"Former Japan Chart 481 (Ed. 1940, Rev. 1944), from Japan surveys, Scale 1:25,000",20150206,"US,US,reprt,L-246-2015",US4TB3P0,D,0.22,,outside_allen_geomorphic_or_unclassified,False,50.0,100.0,US4TB3P0,,False,False,False,134.5896149,7.3277807
8843,1,2,129,1,550,-1126871900,19802,0226BCD54CA44D5A,,,,,,['4'],,,,,,,,,29999,,,,20150206,"US,US,reprt,L-246-2015",42.0,US4TB3P0,42.0,1371,3,,,2004,,,,"U.S. Navy LIDAR Survey, Archive No. 04HFM01, Scale 1:5,000-1:10,000",20150206,"US,US,reprt,L-246-2015",US4TB3P0,B,0.72,,outside_allen_geomorphic_or_unclassified,False,30.0,50.0,US4TB3P0,,False,False,False,134.5904846,7.3344808
8843,1,2,129,1,550,-1126871900,19802,0226BCD54CA44D5A,,,,,,['4'],,,,,,,,,29999,,,,20150206,"US,US,reprt,L-246-2015",6.5,US4TB3P0,6.5,1372,5,,,1938,1915,,,"Former Japan Chart 481 (Ed. 1940, Rev. 1944), from Japan surveys, Scale 1:25,000",20150206,"US,US,reprt,L-246-2015",US4TB3P0,D,0.22,Deep Lagoon,deep_lagoon,True,5.0,10.0,US4TB3P0,,False,False,False,134.5951538,7.3754501
8843,1,2,129,1,550,-1126871900,19802,0226BCD54CA44D5A,,,,,,['4'],,,,,,,,,29999,,,,20150206,"US,US,reprt,L-246-2015",56.0,US4TB3P0,56.0,1373,5,,,1938,1915,,,"Former Japan Chart 481 (Ed. 1940, Rev. 1944), from Japan surveys, Scale 1:25,000",20150206,"US,US,reprt,L-246-2015",US4TB3P0,D,0.22,,outside_allen_geomorphic_or_unclassified,False,50.0,100.0,US4TB3P0,,False,False,False,134.5978851,7.3758473
8843,1,2,129,1,550,-1126871900,19802,0226BCD54CA44D5A,,,,,,['4'],,,,,,,,,29999,,,,20150206,"US,US,reprt,L-246-2015",21.0,US4TB3P0,21.0,1374,5,,,1938,1915,,,"Former Japan Chart 481 (Ed. 1940, Rev. 1944), from Japan surveys, Scale 1:25,000",20150206,"US,US,reprt,L-246-2015",US4TB3P0,D,0.22,Deep Lagoon,deep_lagoon,True,20.0,30.0,US4TB3P0,,False,False,False,134.5982666,7.3714418
8843,1,2,129,1,550,-1126871900,19802,0226BCD54CA44D5A,,,,,,['4'],,,,,,,,,29999,,,,20150206,"US,US,reprt,L-246-2015",54.0,US4TB3P0,54.0,1375,5,,,1938,1915,,,"Former Japan Chart 481 (Ed. 1940, Rev. 1944), from Japan surveys, Scale 1:25,000",20150206,"US,US,reprt,L-246-2015",US4TB3P0,D,0.22,,outside_allen_geomorphic_or_unclassified,False,50.0,100.0,US4TB3P0,,False,False,False,134.5994263,7.3789554
8843,1,2,129,1,550,-1126871900,19802,0226BCD54CA44D5A,,,,,,['4'],,,,,,,,,29999,,,,20150206,"US,US,reprt,L-246-2015",32.0,US4TB3P0,32.0,1376,5,,,1938,1915,,,"Former Japan Chart 481 (Ed. 1940, Rev. 1944), from Japan surveys, Scale 1:25,000",20150206,"US,US,reprt,L-246-2015",US4TB3P0,D,0.22,Reef Slope,reef_slope,True,30.0,50.0,US4TB3P0,,False,False,False,134.6009827,7.3573499
8843,1,2,129,1,550,-1126871900,19802,0226BCD54CA44D5A,,,,,,['4'],,,,,,,,,29999,,,,20150206,"US,US,reprt,L-246-2015",21.0,US4TB3P0,21.0,1377,5,,,1938,1915,,,"Former Japan Chart 481 (Ed. 1940, Rev. 1944), from Japan surveys, Scale 1:25,000",20150206,"US,US,reprt,L-246-2015",US4TB3P0,D,0.22,Deep Lagoon,deep_lagoon,True,20.0,30.0,US4TB3P0,,False,False,False,134.6012573,7.3668499
8843,1,2,129,1,550,-1126871900,19802,0226BCD54CA44D5A,,,,,,['4'],,,,,,,,,29999,,,,20150206,"US,US,reprt,L-246-2015",34.0,US4TB3P0,34.0,1378,5,,,1938,1915,,,"Former Japan Chart 481 (Ed. 1940, Rev. 1944), from Japan surveys, Scale 1:25,000",20150206,"US,US,reprt,L-246-2015",US4TB3P0,D,0.22,,outside_allen_geomorphic_or_unclassified,False,30.0,50.0,US4TB3P0,,False,False,False,134.6013489,7.3724251
8843,1,2,129,1,550,-1126871900,19802,0226BCD54CA44D5A,,,,,,['4'],,,,,,,,,29999,,,,20150206,"US,US,reprt,L-246-2015",64.0,US4TB3P0,64.0,1379,5,,,1938,1915,,,"Former Japan Chart 481 (Ed. 1940, Rev. 1944), from Japan surveys, Scale 1:25,000",20150206,"US,US,reprt,L-246-2015",US4TB3P0,D,0.22,,outside_allen_geomorphic_or_unclassified,False,50.0,100.0,US4TB3P0,,False,True,False,134.6026611,7.3763471
8843,1,2,129,1,550,-1126871900,19802,0226BCD54CA44D5A,,,,,,['4'],,,,,,,,,29999,,,,20150206,"US,US,reprt,L-246-2015",3.8,US4TB3P0,3.8,1380,5,,,1938,1915,,,"Former Japan Chart 481 (Ed. 1940, Rev. 1944), from Japan surveys, Scale 1:25,000",20150206,"US,US,reprt,L-246-2015",US4TB3P0,D,0.22,Deep Lagoon,deep_lagoon,True,2.0,5.0,US4TB3P0,,False,False,False,134.6027527,7.361825
8843,1,2,129,1,550,-1126871900,19802,0226BCD54CA44D5A,,,,,,['4'],,,,,,,,,29999,,,,20150206,"US,US,reprt,L-246-2015",3.3,US4TB3P0,3.3,1381,5,,,1938,1915,,,"Former Japan Chart 481 (Ed. 1940, Rev. 1944), from Japan surveys, Scale 1:25,000",20150206,"US,US,reprt,L-246-2015",US4TB3P0,D,0.22,Deep Lagoon,deep_lagoon,True,2.0,5.0,US4TB3P0,,False,False,False,134.6030884,7.3674612
8843,1,2,129,1,550,-1126871900,19802,0226BCD54CA44D5A,,,,,,['4'],,,,,,,,,29999,,,,20150206,"US,US,reprt,L-246-2015",32.0,US4TB3P0,32.0,1382,5,,,1938,1915,,,"Former Japan Chart 481 (Ed. 1940, Rev. 1944), from Japan surveys, Scale 1:25,000",20150206,"US,US,reprt,L-246-2015",US4TB3P0,D,0.22,Reef Slope,reef_slope,True,30.0,50.0,US4TB3P0,,False,False,False,134.6032867,7.356689
8843,1,2,129,1,550,-1126871900,19802,0226BCD54CA44D5A,,,,,,['4'],,,,,,,,,29999,,,,20150206,"US,US,reprt,L-246-2015",29.0,US4TB3P0,29.0,1383,5,,,1938,1915,,,"Former Japan Chart 481 (Ed. 1940, Rev. 1944), from Japan surveys, Scale 1:25,000",20150206,"US,US,reprt,L-246-2015",US4TB3P0,D,0.22,,outside_allen_geomorphic_or_unclassified,False,20.0,30.0,US4TB3P0,,False,False,False,134.6041107,7.3600278
8843,1,2,129,1,550,-1126871900,19802,0226BCD54CA44D5A,,,,,,['4'],,,,,,,,,29999,,,,20150206,"US,US,reprt,L-246-2015",7.4,US4TB3P0,7.4,1384,5,,,1938,1915,,,"Former Japan Chart 481 (Ed. 1940, Rev. 1944), from Japan surveys, Scale 1:25,000",20150206,"US,US,reprt,L-246-2015",US4TB3P0,D,0.22,,outside_allen_geomorphic_or_unclassified,False,5.0,10.0,US4TB3P0,,False,False,False,134.6046906,7.3710861
8845,1,2,129,1,550,2075135465,19802,02267BB00DE94D5A,,,3.0,,,['4'],,,,,,,,,29999,,,,20150206,"US,US,reprt,L-246-2015",62.0,US4TB3P0,62.0,1410,3,,,2004,,,,"U.S. Navy LIDAR Survey, Archive No. 04HFM01, Scale 1:5,000-1:10,000",20150206,"US,US,reprt,L-246-2015",US4TB3P0,B,0.72,,outside_allen_geomorphic_or_unclassified,False,30.0,50.0,US4TB3P0,,False,True,False,134.5733643,7.3416863
