{
"type": "FeatureCollection",
"name": "ALLEN_GEOMORPHIC_CONTEXT_SOURCE_R05",
"crs": { "type": "name", "properties": { "name": "urn:ogc:def:crs:OGC:1.3:CRS84" } },
"features": [
{ "type": "Feature", "properties": { "id": "geomorphic_data_verbose.fid-75f8f034_1a0c1004d45_-5c89", "class_name": "Outer Reef Flat", "area_sqkm": 0.15907407405679627 }, "geometry": { "type": "Polygon", "coordinates": [ [ [ 134.53713176, 7.31817038 ], [ 134.53717667, 7.31817038 ], [ 134.53717667, 7.31821529 ], [ 134.53731142, 7.31821529 ], [ 134.53731142, 7.31830513 ], [ 134.53735634, 7.31830513 ], [ 134.53735634, 7.31839496 ], [ 134.53731142, 7.31839496 ], [ 134.53731142, 7.31848479 ], [ 134.53735634, 7.31848479 ], [ 134.53735634, 7.31843987 ], [ 134.53749108, 7.31843987 ], [ 134.53749108, 7.31848479 ], [ 134.53758091, 7.31848479 ], [ 134.53758091, 7.3185297 ], [ 134.53767075, 7.3185297 ], [ 134.53767075, 7.31848479 ], [ 134.53776058, 7.31848479 ], [ 134.53776058, 7.31843987 ], [ 134.53785041, 7.31843987 ], [ 134.53785041, 7.31820925631096 ], [ 134.53713176, 7.318132509896336 ], [ 134.53713176, 7.31817038 ] ] ] } },
{ "type": "Feature", "properties": { "id": "geomorphic_data_verbose.fid-75f8f034_1a0c1004d45_-5c25", "class_name": "Inner Reef Flat", "area_sqkm": 0.0074646313859634099 }, "geometry": { "type": "MultiPolygon", "coordinates": [ [ [ [ 134.53273001, 7.3179458 ], [ 134.53273001, 7.31776614 ], [ 134.5326851, 7.31776614 ], [ 134.5326851, 7.31772122 ], [ 134.53273001, 7.31772122 ], [ 134.53273001, 7.317662436104411 ], [ 134.53246052, 7.3176336565994 ], [ 134.53246052, 7.3176763 ], [ 134.532505429999986, 7.3176763 ], [ 134.532505429999986, 7.31776614 ], [ 134.53255035, 7.31776614 ], [ 134.53255035, 7.31785597 ], [ 134.53259527, 7.31785597 ], [ 134.53259527, 7.31790088 ], [ 134.532640179999987, 7.31790088 ], [ 134.532640179999987, 7.3179458 ], [ 134.53273001, 7.3179458 ] ] ], [ [ [ 134.532774929999988, 7.31772122 ], [ 134.533134249999989, 7.31772122 ], [ 134.533134249999989, 7.31770560589589 ], [ 134.532774929999988, 7.317667233222541 ], [ 134.532774929999988, 7.31772122 ] ] ] ] } },
{ "type": "Feature", "properties": { "id": "geomorphic_data_verbose.fid-75f8f034_1a0c1004d45_-593f", "class_name": "Inner Reef Flat", "area_sqkm": 2.4635728274472057e-05 }, "geometry": { "type": "Polygon", "coordinates": [ [ [ 134.53322409, 7.31781105 ], [ 134.53322409, 7.31776614 ], [ 134.533179170000011, 7.31776614 ], [ 134.533179170000011, 7.31781105 ], [ 134.53322409, 7.31781105 ] ] ] } },
{ "type": "Feature", "properties": { "id": "geomorphic_data_verbose.fid-75f8f034_1a0c1004d45_-52cf", "class_name": "Outer Reef Flat", "area_sqkm": 0.0014042361533343792 }, "geometry": { "type": "Polygon", "coordinates": [ [ [ 134.5335385, 7.31808055 ], [ 134.5335385, 7.31803563 ], [ 134.53358341, 7.31803563 ], [ 134.53358341, 7.31776614 ], [ 134.5335385, 7.31776614 ], [ 134.5335385, 7.317748776755296 ], [ 134.53344866, 7.317739182519035 ], [ 134.53344866, 7.31781105 ], [ 134.53335883, 7.31781105 ], [ 134.53335883, 7.31776614 ], [ 134.533269, 7.31776614 ], [ 134.533269, 7.31781105 ], [ 134.533179170000011, 7.31781105 ], [ 134.533179170000011, 7.31799071 ], [ 134.53322409, 7.31799071 ], [ 134.53322409, 7.31803563 ], [ 134.533269, 7.31803563 ], [ 134.533269, 7.31808055 ], [ 134.5335385, 7.31808055 ] ] ] } },
{ "type": "Feature", "properties": { "id": "geomorphic_data_verbose.fid-75f8f034_1a0c1004d45_-5693", "class_name": "Outer Reef Flat", "area_sqkm": 0.0029316348746493458 }, "geometry": { "type": "Polygon", "coordinates": [ [ [ 134.536143610000011, 7.32068566 ], [ 134.536143610000011, 7.32064074 ], [ 134.53618853, 7.32064074 ], [ 134.53618853, 7.32059583 ], [ 134.536278360000011, 7.32059583 ], [ 134.536278360000011, 7.32055091 ], [ 134.53632327, 7.32055091 ], [ 134.53632327, 7.320506 ], [ 134.53636819, 7.320506 ], [ 134.53636819, 7.32028142 ], [ 134.53632327, 7.32028142 ], [ 134.53632327, 7.32019159 ], [ 134.536278360000011, 7.32019159 ], [ 134.53623344, 7.32019159 ], [ 134.53623344, 7.32014667 ], [ 134.53605378, 7.32014667 ], [ 134.53605378, 7.3202365 ], [ 134.53596395, 7.3202365 ], [ 134.53596395, 7.32019159 ], [ 134.535874119999988, 7.32019159 ], [ 134.535874119999988, 7.3202365 ], [ 134.5358292, 7.3202365 ], [ 134.5358292, 7.32032633 ], [ 134.53578428, 7.32032633 ], [ 134.53578428, 7.320506 ], [ 134.5358292, 7.320506 ], [ 134.5358292, 7.32059583 ], [ 134.535874119999988, 7.32059583 ], [ 134.535874119999988, 7.32064074 ], [ 134.53591903, 7.32064074 ], [ 134.53596395, 7.32064074 ], [ 134.53596395, 7.32068566 ], [ 134.536143610000011, 7.32068566 ] ] ] } },
{ "type": "Feature", "properties": { "id": "geomorphic_data_verbose.fid-75f8f034_1a0c1004d45_-5c28", "class_name": "Outer Reef Flat", "area_sqkm": 0.039983547820975539 }, "geometry": { "type": "Polygon", "coordinates": [ [ [ 134.532640179999987, 7.32171872 ], [ 134.532640179999987, 7.32167381 ], [ 134.5326851, 7.32167381 ], [ 134.5326851, 7.32144923 ], [ 134.532640179999987, 7.32144923 ], [ 134.532505429999986, 7.32144923 ], [ 134.532505429999986, 7.32140431 ], [ 134.53255035, 7.32140431 ], [ 134.53255035, 7.3213594 ], [ 134.532505429999986, 7.3213594 ], [ 134.532505429999986, 7.32131448 ], [ 134.53255035, 7.32131448 ], [ 134.53255035, 7.32122465 ], [ 134.532505429999986, 7.32122465 ], [ 134.532505429999986, 7.32117973 ], [ 134.53255035, 7.32117973 ], [ 134.53255035, 7.32113482 ], [ 134.532640179999987, 7.32113482 ], [ 134.532640179999987, 7.32117973 ], [ 134.5326851, 7.32117973 ], [ 134.5326851, 7.32113482 ], [ 134.53273001, 7.32113482 ], [ 134.53273001, 7.32104499 ], [ 134.5326851, 7.32104499 ], [ 134.5326851, 7.32091024 ], [ 134.53273001, 7.32091024 ], [ 134.53273001, 7.32095516 ], [ 134.532774929999988, 7.32095516 ], [ 134.532774929999988, 7.32100007 ], [ 134.53281984, 7.32100007 ], [ 134.53281984, 7.32104499 ], [ 134.53295459, 7.32104499 ], [ 134.53295459, 7.32100007 ], [ 134.53299951, 7.32100007 ], [ 134.53299951, 7.32104499 ], [ 134.53304442000001, 7.32104499 ], [ 134.53304442000001, 7.32117973 ], [ 134.53299951, 7.32117973 ], [ 134.53299951, 7.32126957 ], [ 134.53308934, 7.32126957 ], [ 134.533134249999989, 7.32126957 ], [ 134.533134249999989, 7.32131448 ], [ 134.53322409, 7.32131448 ], [ 134.53322409, 7.32113482 ], [ 134.533269, 7.32113482 ], [ 134.533269, 7.3210899 ], [ 134.53322409, 7.3210899 ], [ 134.53322409, 7.32104499 ], [ 134.533269, 7.32104499 ], [ 134.533313920000012, 7.32104499 ], [ 134.533313920000012, 7.32113482 ], [ 134.53335883, 7.32113482 ], [ 134.53335883, 7.32122465 ], [ 134.533313920000012, 7.32122465 ], [ 134.533313920000012, 7.3213594 ], [ 134.53340375, 7.3213594 ], [ 134.53340375, 7.32131448 ], [ 134.53344866, 7.32131448 ], [ 134.53344866, 7.3213594 ], [ 134.53349358, 7.3213594 ], [ 134.53349358, 7.32140431 ], [ 134.53344866, 7.32140431 ], [ 134.53344866, 7.32144923 ], [ 134.53340375, 7.32144923 ], [ 134.53340375, 7.32140431 ], [ 134.533313920000012, 7.32140431 ], [ 134.533313920000012, 7.32144923 ], [ 134.532909679999989, 7.32144923 ], [ 134.532909679999989, 7.32149414 ], [ 134.53295459, 7.32149414 ], [ 134.53295459, 7.32158398 ], [ 134.53299951, 7.32158398 ], [ 134.53299951, 7.32162889 ], [ 134.533134249999989, 7.32162889 ], [ 134.533134249999989, 7.32158398 ], [ 134.53344866, 7.32158398 ], [ 134.53344866, 7.32162889 ], [ 134.53349358, 7.32162889 ], [ 134.53349358, 7.32167381 ], [ 134.5335385, 7.32167381 ], [ 134.5335385, 7.32171872 ], [ 134.533807990000014, 7.32171872 ], [ 134.533807990000014, 7.32167381 ], [ 134.53389782, 7.32167381 ], [ 134.53389782, 7.32162889 ], [ 134.53398765, 7.32162889 ], [ 134.53398765, 7.32158398 ], [ 134.53403257, 7.32158398 ], [ 134.53403257, 7.32153906 ], [ 134.534077489999987, 7.32153906 ], [ 134.534077489999987, 7.32149414 ], [ 134.5341224, 7.32149414 ], [ 134.5341224, 7.32144923 ], [ 134.53416732, 7.32144923 ], [ 134.53416732, 7.32140431 ], [ 134.53421223, 7.32140431 ], [ 134.53421223, 7.32126957 ], [ 134.53425715, 7.32126957 ], [ 134.53425715, 7.32117973 ], [ 134.534302059999987, 7.32117973 ], [ 134.534302059999987, 7.3210899 ], [ 134.53434698, 7.3210899 ], [ 134.53434698, 7.32104499 ], [ 134.534302059999987, 7.32104499 ], [ 134.53425715, 7.32104499 ], [ 134.53425715, 7.32100007 ], [ 134.53421223, 7.32100007 ], [ 134.53421223, 7.32117973 ], [ 134.53416732, 7.32117973 ], [ 134.53416732, 7.32122465 ], [ 134.5341224, 7.32122465 ], [ 134.5341224, 7.32126957 ], [ 134.533673240000013, 7.32126957 ], [ 134.533673240000013, 7.32122465 ], [ 134.53362833, 7.32122465 ], [ 134.53358341, 7.32122465 ], [ 134.53358341, 7.32117973 ], [ 134.5335385, 7.32117973 ], [ 134.5335385, 7.32113482 ], [ 134.53349358, 7.32113482 ], [ 134.53349358, 7.32104499 ], [ 134.53344866, 7.32104499 ], [ 134.53344866, 7.32100007 ], [ 134.53340375, 7.32100007 ], [ 134.53340375, 7.32077549 ], [ 134.53344866, 7.32077549 ], [ 134.53344866, 7.32068566 ], [ 134.53349358, 7.32068566 ], [ 134.53349358, 7.32064074 ], [ 134.5335385, 7.32064074 ], [ 134.5335385, 7.32059583 ], [ 134.53362833, 7.32059583 ], [ 134.53362833, 7.32055091 ], [ 134.533807990000014, 7.32055091 ], [ 134.533807990000014, 7.32059583 ], [ 134.53385291, 7.32059583 ], [ 134.53385291, 7.32068566 ], [ 134.533942739999986, 7.32068566 ], [ 134.533942739999986, 7.32059583 ], [ 134.53398765, 7.32059583 ], [ 134.53398765, 7.32055091 ], [ 134.53403257, 7.32055091 ], [ 134.53403257, 7.32037125 ], [ 134.5341224, 7.32037125 ], [ 134.5341224, 7.32046108 ], [ 134.53416732, 7.32046108 ], [ 134.53416732, 7.32055091 ], [ 134.53421223, 7.32055091 ], [ 134.53421223, 7.32059583 ], [ 134.53425715, 7.32059583 ], [ 134.53425715, 7.32064074 ], [ 134.534302059999987, 7.32064074 ], [ 134.53434698, 7.32064074 ], [ 134.53434698, 7.32077549 ], [ 134.5343919, 7.32077549 ], [ 134.534436809999988, 7.32077549 ], [ 134.534436809999988, 7.32095516 ], [ 134.53448173000001, 7.32095516 ], [ 134.53448173000001, 7.32100007 ], [ 134.53461647, 7.32100007 ], [ 134.53461647, 7.32095516 ], [ 134.53466139, 7.32095516 ], [ 134.53466139, 7.32091024 ], [ 134.53475122, 7.32091024 ], [ 134.53475122, 7.32077549 ], [ 134.53470631, 7.32077549 ], [ 134.53470631, 7.32073058 ], [ 134.53475122, 7.32073058 ], [ 134.53475122, 7.32068566 ], [ 134.53470631, 7.32068566 ], [ 134.53461647, 7.32068566 ], [ 134.53461647, 7.32064074 ], [ 134.534571559999989, 7.32064074 ], [ 134.534571559999989, 7.320506 ], [ 134.53452664, 7.320506 ], [ 134.53452664, 7.32046108 ], [ 134.53448173000001, 7.32046108 ], [ 134.534436809999988, 7.32046108 ], [ 134.534436809999988, 7.32041617 ], [ 134.5343919, 7.32041617 ], [ 134.53434698, 7.32041617 ], [ 134.53434698, 7.32037125 ], [ 134.534302059999987, 7.32037125 ], [ 134.534302059999987, 7.3202365 ], [ 134.53434698, 7.3202365 ], [ 134.53434698, 7.32019159 ], [ 134.53466139, 7.32019159 ], [ 134.53466139, 7.32014667 ], [ 134.53470631, 7.32014667 ], [ 134.53470631, 7.32010176 ], [ 134.53475122, 7.32010176 ], [ 134.53475122, 7.31987718 ], [ 134.53470631, 7.31987718 ], [ 134.5343919, 7.31987718 ], [ 134.5343919, 7.31996701 ], [ 134.53434698, 7.31996701 ], [ 134.53434698, 7.32001192 ], [ 134.53425715, 7.32001192 ], [ 134.53425715, 7.31987718 ], [ 134.53421223, 7.31987718 ], [ 134.53416732, 7.31987718 ], [ 134.53416732, 7.31983226 ], [ 134.5341224, 7.31983226 ], [ 134.5341224, 7.31978735 ], [ 134.534077489999987, 7.31978735 ], [ 134.534077489999987, 7.31983226 ], [ 134.533942739999986, 7.31983226 ], [ 134.533942739999986, 7.31987718 ], [ 134.53385291, 7.31987718 ], [ 134.53385291, 7.31983226 ], [ 134.53389782, 7.31983226 ], [ 134.53389782, 7.31974243 ], [ 134.533942739999986, 7.31974243 ], [ 134.533942739999986, 7.3196526 ], [ 134.53398765, 7.3196526 ], [ 134.53398765, 7.31960768 ], [ 134.53421223, 7.31960768 ], [ 134.53421223, 7.31956277 ], [ 134.53434698, 7.31956277 ], [ 134.53434698, 7.31924836 ], [ 134.534436809999988, 7.31924836 ], [ 134.534436809999988, 7.31915852 ], [ 134.5343919, 7.31915852 ], [ 134.53434698, 7.31915852 ], [ 134.53434698, 7.31920344 ], [ 134.53425715, 7.31920344 ], [ 134.53425715, 7.31915852 ], [ 134.53416732, 7.31915852 ], [ 134.53416732, 7.31920344 ], [ 134.53403257, 7.31920344 ], [ 134.53403257, 7.31924836 ], [ 134.53421223, 7.31924836 ], [ 134.53425715, 7.31924836 ], [ 134.53425715, 7.31933819 ], [ 134.53416732, 7.31933819 ], [ 134.53416732, 7.3193831 ], [ 134.5341224, 7.3193831 ], [ 134.5341224, 7.31942802 ], [ 134.534077489999987, 7.31942802 ], [ 134.534077489999987, 7.31947294 ], [ 134.53398765, 7.31947294 ], [ 134.53398765, 7.3193831 ], [ 134.53389782, 7.3193831 ], [ 134.53389782, 7.31942802 ], [ 134.53385291, 7.31942802 ], [ 134.53385291, 7.31951785 ], [ 134.53371816, 7.31951785 ], [ 134.53371816, 7.31956277 ], [ 134.53376307, 7.31956277 ], [ 134.533807990000014, 7.31956277 ], [ 134.533807990000014, 7.31960768 ], [ 134.53376307, 7.31960768 ], [ 134.53376307, 7.31974243 ], [ 134.53371816, 7.31974243 ], [ 134.53371816, 7.31978735 ], [ 134.533673240000013, 7.31978735 ], [ 134.533673240000013, 7.31974243 ], [ 134.53362833, 7.31974243 ], [ 134.53362833, 7.31987718 ], [ 134.53358341, 7.31987718 ], [ 134.53358341, 7.31992209 ], [ 134.5335385, 7.31992209 ], [ 134.5335385, 7.31996701 ], [ 134.53349358, 7.31996701 ], [ 134.53349358, 7.32001192 ], [ 134.53344866, 7.32001192 ], [ 134.53344866, 7.31987718 ], [ 134.53340375, 7.31987718 ], [ 134.53340375, 7.31992209 ], [ 134.533269, 7.31992209 ], [ 134.533269, 7.31987718 ], [ 134.53322409, 7.31987718 ], [ 134.53322409, 7.31978735 ], [ 134.533179170000011, 7.31978735 ], [ 134.533179170000011, 7.31983226 ], [ 134.533134249999989, 7.31983226 ], [ 134.533134249999989, 7.31987718 ], [ 134.53304442000001, 7.31987718 ], [ 134.53304442000001, 7.31983226 ], [ 134.53299951, 7.31983226 ], [ 134.532909679999989, 7.31983226 ], [ 134.532909679999989, 7.31978735 ], [ 134.53286476, 7.31978735 ], [ 134.53286476, 7.31974243 ], [ 134.5326851, 7.31974243 ], [ 134.5326851, 7.31978735 ], [ 134.53246052, 7.31978735 ], [ 134.53246052, 7.31983226 ], [ 134.5324156, 7.31983226 ], [ 134.5324156, 7.31987718 ], [ 134.532146110000014, 7.31987718 ], [ 134.532146110000014, 7.32001192 ], [ 134.53219102, 7.32001192 ], [ 134.53219102, 7.32005684 ], [ 134.53223594, 7.32005684 ], [ 134.53223594, 7.32014667 ], [ 134.53210119, 7.32014667 ], [ 134.53210119, 7.32064074 ], [ 134.532146110000014, 7.32064074 ], [ 134.532146110000014, 7.32059583 ], [ 134.53219102, 7.32059583 ], [ 134.53219102, 7.32086532 ], [ 134.53223594, 7.32086532 ], [ 134.53223594, 7.32091024 ], [ 134.53228085, 7.32091024 ], [ 134.53228085, 7.32104499 ], [ 134.53223594, 7.32104499 ], [ 134.53223594, 7.3210899 ], [ 134.53219102, 7.3210899 ], [ 134.53219102, 7.32113482 ], [ 134.53223594, 7.32113482 ], [ 134.53223594, 7.32117973 ], [ 134.53219102, 7.32117973 ], [ 134.53219102, 7.32122465 ], [ 134.53205628, 7.32122465 ], [ 134.53205628, 7.32126957 ], [ 134.532146110000014, 7.32126957 ], [ 134.53219102, 7.32126957 ], [ 134.53219102, 7.32131448 ], [ 134.53223594, 7.32131448 ], [ 134.53223594, 7.3213594 ], [ 134.53228085, 7.3213594 ], [ 134.53228085, 7.32140431 ], [ 134.53237069, 7.32140431 ], [ 134.53237069, 7.3213594 ], [ 134.53232577, 7.3213594 ], [ 134.53232577, 7.32126957 ], [ 134.53237069, 7.32126957 ], [ 134.53237069, 7.32117973 ], [ 134.5324156, 7.32117973 ], [ 134.5324156, 7.32113482 ], [ 134.53246052, 7.32113482 ], [ 134.53246052, 7.32122465 ], [ 134.5324156, 7.32122465 ], [ 134.5324156, 7.32140431 ], [ 134.53246052, 7.32140431 ], [ 134.53246052, 7.32153906 ], [ 134.5324156, 7.32153906 ], [ 134.5324156, 7.32162889 ], [ 134.53246052, 7.32162889 ], [ 134.532505429999986, 7.32162889 ], [ 134.532505429999986, 7.32171872 ], [ 134.532640179999987, 7.32171872 ] ] ] } },
{ "type": "Feature", "properties": { "id": "geomorphic_data_verbose.fid-75f8f034_1a0c1004d45_-5694", "class_name": "Outer Reef Flat", "area_sqkm": 0.00022172015381418167 }, "geometry": { "type": "Polygon", "coordinates": [ [ [ 134.53416732, 7.32082041 ], [ 134.53416732, 7.32073058 ], [ 134.5341224, 7.32073058 ], [ 134.5341224, 7.32068566 ], [ 134.53416732, 7.32068566 ], [ 134.53416732, 7.32059583 ], [ 134.5341224, 7.32059583 ], [ 134.5341224, 7.32055091 ], [ 134.534077489999987, 7.32055091 ], [ 134.534077489999987, 7.32077549 ], [ 134.5341224, 7.32077549 ], [ 134.5341224, 7.32082041 ], [ 134.53416732, 7.32082041 ] ] ] } },
{ "type": "Feature", "properties": { "id": "geomorphic_data_verbose.fid-75f8f034_1a0c1004d45_-5695", "class_name": "Outer Reef Flat", "area_sqkm": 2.4635561622213573e-05 }, "geometry": { "type": "Polygon", "coordinates": [ [ [ 134.53421223, 7.32091024 ], [ 134.53421223, 7.32086532 ], [ 134.53416732, 7.32086532 ], [ 134.53416732, 7.32091024 ], [ 134.53421223, 7.32091024 ] ] ] } },
{ "type": "Feature", "properties": { "id": "geomorphic_data_verbose.fid-75f8f034_1a0c1004d45_-5942", "class_name": "Shallow Lagoon", "area_sqkm": 0.0051488318438478748 }, "geometry": { "type": "Polygon", "coordinates": [ [ [ 134.5341224, 7.32126957 ], [ 134.5341224, 7.32122465 ], [ 134.53416732, 7.32122465 ], [ 134.53416732, 7.32117973 ], [ 134.53421223, 7.32117973 ], [ 134.53421223, 7.32091024 ], [ 134.53416732, 7.32091024 ], [ 134.53416732, 7.32082041 ], [ 134.5341224, 7.32082041 ], [ 134.5341224, 7.32077549 ], [ 134.534077489999987, 7.32077549 ], [ 134.534077489999987, 7.32073058 ], [ 134.53403257, 7.32073058 ], [ 134.53403257, 7.32077549 ], [ 134.53389782, 7.32077549 ], [ 134.53389782, 7.32073058 ], [ 134.53385291, 7.32073058 ], [ 134.533807990000014, 7.32073058 ], [ 134.533807990000014, 7.32055091 ], [ 134.53362833, 7.32055091 ], [ 134.53362833, 7.32059583 ], [ 134.5335385, 7.32059583 ], [ 134.5335385, 7.32064074 ], [ 134.53349358, 7.32064074 ], [ 134.53349358, 7.32068566 ], [ 134.53344866, 7.32068566 ], [ 134.53344866, 7.32077549 ], [ 134.53340375, 7.32077549 ], [ 134.53340375, 7.32100007 ], [ 134.53344866, 7.32100007 ], [ 134.53344866, 7.32104499 ], [ 134.53349358, 7.32104499 ], [ 134.53349358, 7.32113482 ], [ 134.5335385, 7.32113482 ], [ 134.5335385, 7.32117973 ], [ 134.53358341, 7.32117973 ], [ 134.53358341, 7.32122465 ], [ 134.53362833, 7.32122465 ], [ 134.533673240000013, 7.32122465 ], [ 134.533673240000013, 7.32126957 ], [ 134.5341224, 7.32126957 ] ] ] } },
{ "type": "Feature", "properties": { "id": "geomorphic_data_verbose.fid-75f8f034_1a0c1004d45_-5c8d", "class_name": "Outer Reef Flat", "area_sqkm": 2.4635544694960116e-05 }, "geometry": { "type": "Polygon", "coordinates": [ [ [ 134.53295459, 7.32122465 ], [ 134.53295459, 7.32117973 ], [ 134.532909679999989, 7.32117973 ], [ 134.532909679999989, 7.32122465 ], [ 134.53295459, 7.32122465 ] ] ] } },
{ "type": "Feature", "properties": { "id": "geomorphic_data_verbose.fid-75f8f034_1a0c1004d45_-5c24", "class_name": "Shallow Lagoon", "area_sqkm": 0.22233761626091461 }, "geometry": { "type": "Polygon", "coordinates": [ [ [ 134.53030456, 7.31745173 ], [ 134.530349480000012, 7.31745173 ], [ 134.530349480000012, 7.31754156 ], [ 134.53043931, 7.31754156 ], [ 134.53043931, 7.31749664 ], [ 134.53048422, 7.31749664 ], [ 134.53048422, 7.31754156 ], [ 134.530708800000014, 7.31754156 ], [ 134.530708800000014, 7.31758647 ], [ 134.53075372, 7.31758647 ], [ 134.53075372, 7.31763139 ], [ 134.53079863, 7.31763139 ], [ 134.53079863, 7.3176763 ], [ 134.530843549999986, 7.3176763 ], [ 134.530843549999986, 7.31790088 ], [ 134.53088847, 7.31790088 ], [ 134.53088847, 7.3179458 ], [ 134.53093338, 7.3179458 ], [ 134.53093338, 7.31790088 ], [ 134.530978299999987, 7.31790088 ], [ 134.530978299999987, 7.31808055 ], [ 134.53093338, 7.31808055 ], [ 134.53093338, 7.31812546 ], [ 134.53066389, 7.31812546 ], [ 134.53066389, 7.31821529 ], [ 134.53061897, 7.31821529 ], [ 134.53061897, 7.31826021 ], [ 134.53048422, 7.31826021 ], [ 134.53048422, 7.31830513 ], [ 134.53043931, 7.31830513 ], [ 134.53043931, 7.31835004 ], [ 134.53052914, 7.31835004 ], [ 134.53052914, 7.31839496 ], [ 134.53061897, 7.31839496 ], [ 134.53061897, 7.31835004 ], [ 134.53075372, 7.31835004 ], [ 134.53075372, 7.31830513 ], [ 134.530843549999986, 7.31830513 ], [ 134.530843549999986, 7.31839496 ], [ 134.53088847, 7.31839496 ], [ 134.53088847, 7.31843987 ], [ 134.53093338, 7.31843987 ], [ 134.53093338, 7.31848479 ], [ 134.53120288, 7.31848479 ], [ 134.53120288, 7.31843987 ], [ 134.53129271, 7.31843987 ], [ 134.53129271, 7.3185297 ], [ 134.53124779, 7.3185297 ], [ 134.53124779, 7.31857462 ], [ 134.53129271, 7.31857462 ], [ 134.53129271, 7.31861954 ], [ 134.53142746, 7.31861954 ], [ 134.53142746, 7.31866445 ], [ 134.531472369999989, 7.31866445 ], [ 134.531472369999989, 7.31875428 ], [ 134.531517290000011, 7.31875428 ], [ 134.531517290000011, 7.3187992 ], [ 134.5315622, 7.3187992 ], [ 134.5315622, 7.31893395 ], [ 134.531472369999989, 7.31893395 ], [ 134.531472369999989, 7.31906869 ], [ 134.53142746, 7.31906869 ], [ 134.53142746, 7.31911361 ], [ 134.53138254000001, 7.31911361 ], [ 134.53138254000001, 7.31906869 ], [ 134.53120288, 7.31906869 ], [ 134.53120288, 7.31920344 ], [ 134.53111304, 7.31920344 ], [ 134.53111304, 7.3187992 ], [ 134.530978299999987, 7.3187992 ], [ 134.530978299999987, 7.31875428 ], [ 134.530843549999986, 7.31875428 ], [ 134.530843549999986, 7.31870937 ], [ 134.53075372, 7.31870937 ], [ 134.53075372, 7.3187992 ], [ 134.530708800000014, 7.3187992 ], [ 134.530708800000014, 7.31884411 ], [ 134.53061897, 7.31884411 ], [ 134.53061897, 7.31893395 ], [ 134.53052914, 7.31893395 ], [ 134.53052914, 7.31897886 ], [ 134.53043931, 7.31897886 ], [ 134.53043931, 7.31902378 ], [ 134.53039439, 7.31902378 ], [ 134.53039439, 7.31924836 ], [ 134.53043931, 7.31924836 ], [ 134.53043931, 7.31933819 ], [ 134.53048422, 7.31933819 ], [ 134.53048422, 7.31947294 ], [ 134.53057406, 7.31947294 ], [ 134.53057406, 7.31951785 ], [ 134.53061897, 7.31951785 ], [ 134.53061897, 7.31956277 ], [ 134.53066389, 7.31956277 ], [ 134.53066389, 7.31960768 ], [ 134.53061897, 7.31960768 ], [ 134.53061897, 7.3196526 ], [ 134.530708800000014, 7.3196526 ], [ 134.530708800000014, 7.31969751 ], [ 134.53079863, 7.31969751 ], [ 134.53079863, 7.31974243 ], [ 134.530843549999986, 7.31974243 ], [ 134.530843549999986, 7.3196526 ], [ 134.53088847, 7.3196526 ], [ 134.53088847, 7.31974243 ], [ 134.53093338, 7.31974243 ], [ 134.53093338, 7.31978735 ], [ 134.530978299999987, 7.31978735 ], [ 134.530978299999987, 7.31974243 ], [ 134.53111304, 7.31974243 ], [ 134.53111304, 7.31983226 ], [ 134.53106813, 7.31983226 ], [ 134.53106813, 7.31978735 ], [ 134.53102321, 7.31978735 ], [ 134.53102321, 7.31983226 ], [ 134.530978299999987, 7.31983226 ], [ 134.530978299999987, 7.31992209 ], [ 134.53111304, 7.31992209 ], [ 134.53111304, 7.31996701 ], [ 134.53106813, 7.31996701 ], [ 134.53106813, 7.32014667 ], [ 134.53111304, 7.32014667 ], [ 134.53111304, 7.32019159 ], [ 134.53115796, 7.32019159 ], [ 134.53115796, 7.3202365 ], [ 134.53120288, 7.3202365 ], [ 134.53120288, 7.32028142 ], [ 134.53124779, 7.32028142 ], [ 134.53124779, 7.3202365 ], [ 134.53142746, 7.3202365 ], [ 134.53142746, 7.32028142 ], [ 134.531472369999989, 7.32028142 ], [ 134.531472369999989, 7.32037125 ], [ 134.53142746, 7.32037125 ], [ 134.53142746, 7.32041617 ], [ 134.53138254000001, 7.32041617 ], [ 134.53138254000001, 7.32046108 ], [ 134.531337619999988, 7.32046108 ], [ 134.531337619999988, 7.320506 ], [ 134.53129271, 7.320506 ], [ 134.53129271, 7.32055091 ], [ 134.531337619999988, 7.32055091 ], [ 134.531337619999988, 7.32059583 ], [ 134.53138254000001, 7.32059583 ], [ 134.53138254000001, 7.32073058 ], [ 134.531472369999989, 7.32073058 ], [ 134.531472369999989, 7.32100007 ], [ 134.53165203, 7.32100007 ], [ 134.53165203, 7.32104499 ], [ 134.5318317, 7.32104499 ], [ 134.5318317, 7.32117973 ], [ 134.53192153, 7.32117973 ], [ 134.53192153, 7.32122465 ], [ 134.53196644, 7.32122465 ], [ 134.53196644, 7.32126957 ], [ 134.532011360000013, 7.32126957 ], [ 134.532011360000013, 7.32122465 ], [ 134.53219102, 7.32122465 ], [ 134.53219102, 7.32117973 ], [ 134.53223594, 7.32117973 ], [ 134.53223594, 7.32113482 ], [ 134.53219102, 7.32113482 ], [ 134.53219102, 7.3210899 ], [ 134.53223594, 7.3210899 ], [ 134.53223594, 7.32104499 ], [ 134.53228085, 7.32104499 ], [ 134.53228085, 7.32091024 ], [ 134.53223594, 7.32091024 ], [ 134.53223594, 7.32086532 ], [ 134.53219102, 7.32086532 ], [ 134.53219102, 7.32059583 ], [ 134.532146110000014, 7.32059583 ], [ 134.532146110000014, 7.32064074 ], [ 134.53205628, 7.32064074 ], [ 134.53205628, 7.32059583 ], [ 134.53196644, 7.32059583 ], [ 134.53196644, 7.32055091 ], [ 134.531876610000012, 7.32055091 ], [ 134.531876610000012, 7.32064074 ], [ 134.5318317, 7.32064074 ], [ 134.5318317, 7.32068566 ], [ 134.53165203, 7.32068566 ], [ 134.53165203, 7.32064074 ], [ 134.53169695, 7.32064074 ], [ 134.53169695, 7.32059583 ], [ 134.53165203, 7.32059583 ], [ 134.53165203, 7.32055091 ], [ 134.5315622, 7.32055091 ], [ 134.5315622, 7.32046108 ], [ 134.531517290000011, 7.32046108 ], [ 134.531517290000011, 7.32037125 ], [ 134.5315622, 7.32037125 ], [ 134.5315622, 7.32032633 ], [ 134.53174187, 7.32032633 ], [ 134.53174187, 7.32028142 ], [ 134.5318317, 7.32028142 ], [ 134.5318317, 7.3202365 ], [ 134.53210119, 7.3202365 ], [ 134.53210119, 7.32014667 ], [ 134.53223594, 7.32014667 ], [ 134.53223594, 7.32005684 ], [ 134.53219102, 7.32005684 ], [ 134.53219102, 7.32001192 ], [ 134.532146110000014, 7.32001192 ], [ 134.532146110000014, 7.31987718 ], [ 134.5324156, 7.31987718 ], [ 134.5324156, 7.31983226 ], [ 134.53246052, 7.31983226 ], [ 134.53246052, 7.31978735 ], [ 134.5326851, 7.31978735 ], [ 134.5326851, 7.31974243 ], [ 134.53286476, 7.31974243 ], [ 134.53286476, 7.31978735 ], [ 134.532909679999989, 7.31978735 ], [ 134.532909679999989, 7.31983226 ], [ 134.53304442000001, 7.31983226 ], [ 134.53304442000001, 7.31987718 ], [ 134.533134249999989, 7.31987718 ], [ 134.533134249999989, 7.31983226 ], [ 134.533179170000011, 7.31983226 ], [ 134.533179170000011, 7.31978735 ], [ 134.53322409, 7.31978735 ], [ 134.53322409, 7.31987718 ], [ 134.533269, 7.31987718 ], [ 134.533269, 7.31992209 ], [ 134.53340375, 7.31992209 ], [ 134.53340375, 7.31987718 ], [ 134.53344866, 7.31987718 ], [ 134.53344866, 7.32001192 ], [ 134.53349358, 7.32001192 ], [ 134.53349358, 7.31996701 ], [ 134.5335385, 7.31996701 ], [ 134.5335385, 7.31992209 ], [ 134.53358341, 7.31992209 ], [ 134.53358341, 7.31987718 ], [ 134.53362833, 7.31987718 ], [ 134.53362833, 7.31974243 ], [ 134.533673240000013, 7.31974243 ], [ 134.533673240000013, 7.31978735 ], [ 134.53371816, 7.31978735 ], [ 134.53371816, 7.31974243 ], [ 134.53376307, 7.31974243 ], [ 134.53376307, 7.31960768 ], [ 134.533807990000014, 7.31960768 ], [ 134.533807990000014, 7.31956277 ], [ 134.53371816, 7.31956277 ], [ 134.53371816, 7.31951785 ], [ 134.53385291, 7.31951785 ], [ 134.53385291, 7.31942802 ], [ 134.53389782, 7.31942802 ], [ 134.53389782, 7.3193831 ], [ 134.53398765, 7.3193831 ], [ 134.53398765, 7.31947294 ], [ 134.534077489999987, 7.31947294 ], [ 134.534077489999987, 7.31942802 ], [ 134.5341224, 7.31942802 ], [ 134.5341224, 7.3193831 ], [ 134.53416732, 7.3193831 ], [ 134.53416732, 7.31933819 ], [ 134.53425715, 7.31933819 ], [ 134.53425715, 7.31924836 ], [ 134.53403257, 7.31924836 ], [ 134.53403257, 7.31920344 ], [ 134.53416732, 7.31920344 ], [ 134.53416732, 7.31915852 ], [ 134.53425715, 7.31915852 ], [ 134.53425715, 7.31920344 ], [ 134.53434698, 7.31920344 ], [ 134.53434698, 7.31915852 ], [ 134.534436809999988, 7.31915852 ], [ 134.534436809999988, 7.31924836 ], [ 134.53434698, 7.31924836 ], [ 134.53434698, 7.31956277 ], [ 134.53421223, 7.31956277 ], [ 134.53421223, 7.31960768 ], [ 134.53398765, 7.31960768 ], [ 134.53398765, 7.3196526 ], [ 134.533942739999986, 7.3196526 ], [ 134.533942739999986, 7.31974243 ], [ 134.53389782, 7.31974243 ], [ 134.53389782, 7.31983226 ], [ 134.53385291, 7.31983226 ], [ 134.53385291, 7.31987718 ], [ 134.533942739999986, 7.31987718 ], [ 134.533942739999986, 7.31983226 ], [ 134.534077489999987, 7.31983226 ], [ 134.534077489999987, 7.31978735 ], [ 134.5341224, 7.31978735 ], [ 134.5341224, 7.31983226 ], [ 134.53416732, 7.31983226 ], [ 134.53416732, 7.31987718 ], [ 134.53425715, 7.31987718 ], [ 134.53425715, 7.32001192 ], [ 134.53434698, 7.32001192 ], [ 134.53434698, 7.31996701 ], [ 134.5343919, 7.31996701 ], [ 134.5343919, 7.31987718 ], [ 134.53475122, 7.31987718 ], [ 134.53475122, 7.32010176 ], [ 134.53470631, 7.32010176 ], [ 134.53470631, 7.32014667 ], [ 134.53466139, 7.32014667 ], [ 134.53466139, 7.32019159 ], [ 134.53434698, 7.32019159 ], [ 134.53434698, 7.3202365 ], [ 134.534302059999987, 7.3202365 ], [ 134.534302059999987, 7.32037125 ], [ 134.53434698, 7.32037125 ], [ 134.53434698, 7.32041617 ], [ 134.534436809999988, 7.32041617 ], [ 134.534436809999988, 7.32046108 ], [ 134.53452664, 7.32046108 ], [ 134.53452664, 7.320506 ], [ 134.534571559999989, 7.320506 ], [ 134.534571559999989, 7.32064074 ], [ 134.53461647, 7.32064074 ], [ 134.53461647, 7.32068566 ], [ 134.534841050000011, 7.32068566 ], [ 134.534841050000011, 7.32073058 ], [ 134.53493088, 7.32073058 ], [ 134.53493088, 7.31789747246641 ], [ 134.5335385, 7.317748776755296 ], [ 134.5335385, 7.31776614 ], [ 134.53358341, 7.31776614 ], [ 134.53358341, 7.31803563 ], [ 134.5335385, 7.31803563 ], [ 134.5335385, 7.31808055 ], [ 134.533269, 7.31808055 ], [ 134.533269, 7.31803563 ], [ 134.53322409, 7.31803563 ], [ 134.53322409, 7.31799071 ], [ 134.533179170000011, 7.31799071 ], [ 134.533179170000011, 7.31776614 ], [ 134.53322409, 7.31776614 ], [ 134.53322409, 7.31781105 ], [ 134.533269, 7.31781105 ], [ 134.533269, 7.31776614 ], [ 134.53335883, 7.31776614 ], [ 134.53335883, 7.31781105 ], [ 134.53344866, 7.31781105 ], [ 134.53344866, 7.317739182519035 ], [ 134.533134249999989, 7.31770560589589 ], [ 134.533134249999989, 7.31772122 ], [ 134.532774929999988, 7.31772122 ], [ 134.532774929999988, 7.317667233222541 ], [ 134.53273001, 7.317662436104411 ], [ 134.53273001, 7.31772122 ], [ 134.5326851, 7.31772122 ], [ 134.5326851, 7.31776614 ], [ 134.53273001, 7.31776614 ], [ 134.53273001, 7.3179458 ], [ 134.532640179999987, 7.3179458 ], [ 134.532640179999987, 7.31861954 ], [ 134.5326851, 7.31861954 ], [ 134.5326851, 7.31866445 ], [ 134.53273001, 7.31866445 ], [ 134.53273001, 7.31870937 ], [ 134.53281984, 7.31870937 ], [ 134.53281984, 7.31875428 ], [ 134.53286476, 7.31875428 ], [ 134.53286476, 7.3187992 ], [ 134.532909679999989, 7.3187992 ], [ 134.532909679999989, 7.31888903 ], [ 134.53286476, 7.31888903 ], [ 134.53286476, 7.31893395 ], [ 134.532640179999987, 7.31893395 ], [ 134.532640179999987, 7.31897886 ], [ 134.53259527, 7.31897886 ], [ 134.53259527, 7.31902378 ], [ 134.53255035, 7.31902378 ], [ 134.53255035, 7.31911361 ], [ 134.53273001, 7.31911361 ], [ 134.53273001, 7.31915852 ], [ 134.532774929999988, 7.31915852 ], [ 134.532774929999988, 7.31920344 ], [ 134.53286476, 7.31920344 ], [ 134.53286476, 7.31915852 ], [ 134.53299951, 7.31915852 ], [ 134.53299951, 7.31924836 ], [ 134.53308934, 7.31924836 ], [ 134.53308934, 7.31929327 ], [ 134.53304442000001, 7.31929327 ], [ 134.53304442000001, 7.31933819 ], [ 134.53299951, 7.31933819 ], [ 134.53299951, 7.3193831 ], [ 134.53304442000001, 7.3193831 ], [ 134.53304442000001, 7.31947294 ], [ 134.53299951, 7.31947294 ], [ 134.53299951, 7.31951785 ], [ 134.53286476, 7.31951785 ], [ 134.53286476, 7.31942802 ], [ 134.53273001, 7.31942802 ], [ 134.53273001, 7.3193831 ], [ 134.5326851, 7.3193831 ], [ 134.5326851, 7.31933819 ], [ 134.53255035, 7.31933819 ], [ 134.53255035, 7.3193831 ], [ 134.532505429999986, 7.3193831 ], [ 134.532505429999986, 7.31947294 ], [ 134.53255035, 7.31947294 ], [ 134.53255035, 7.31951785 ], [ 134.53259527, 7.31951785 ], [ 134.53259527, 7.31956277 ], [ 134.53255035, 7.31956277 ], [ 134.53255035, 7.31960768 ], [ 134.53232577, 7.31960768 ], [ 134.53232577, 7.31956277 ], [ 134.53223594, 7.31956277 ], [ 134.53223594, 7.31951785 ], [ 134.53219102, 7.31951785 ], [ 134.53219102, 7.31947294 ], [ 134.532146110000014, 7.31947294 ], [ 134.532146110000014, 7.31929327 ], [ 134.53210119, 7.31929327 ], [ 134.53210119, 7.31924836 ], [ 134.53205628, 7.31924836 ], [ 134.53205628, 7.31915852 ], [ 134.532011360000013, 7.31915852 ], [ 134.532011360000013, 7.31911361 ], [ 134.53196644, 7.31911361 ], [ 134.53196644, 7.31902378 ], [ 134.53192153, 7.31902378 ], [ 134.53192153, 7.31884411 ], [ 134.531876610000012, 7.31884411 ], [ 134.531876610000012, 7.3187992 ], [ 134.53192153, 7.3187992 ], [ 134.53192153, 7.31866445 ], [ 134.531876610000012, 7.31866445 ], [ 134.531876610000012, 7.31861954 ], [ 134.53192153, 7.31861954 ], [ 134.53192153, 7.31857462 ], [ 134.531876610000012, 7.31857462 ], [ 134.531876610000012, 7.3185297 ], [ 134.53192153, 7.3185297 ], [ 134.53192153, 7.31839496 ], [ 134.531876610000012, 7.31839496 ], [ 134.531876610000012, 7.31826021 ], [ 134.53192153, 7.31826021 ], [ 134.53192153, 7.31821529 ], [ 134.53205628, 7.31821529 ], [ 134.53205628, 7.31817038 ], [ 134.532146110000014, 7.31817038 ], [ 134.532146110000014, 7.31812546 ], [ 134.53228085, 7.31812546 ], [ 134.53228085, 7.31808055 ], [ 134.53192153, 7.31808055 ], [ 134.53192153, 7.31803563 ], [ 134.53178678, 7.31803563 ], [ 134.53178678, 7.31799071 ], [ 134.53174187, 7.31799071 ], [ 134.53174187, 7.3179458 ], [ 134.53165203, 7.3179458 ], [ 134.53165203, 7.31812546 ], [ 134.5315622, 7.31812546 ], [ 134.5315622, 7.31817038 ], [ 134.531472369999989, 7.31817038 ], [ 134.531472369999989, 7.31808055 ], [ 134.53124779, 7.31808055 ], [ 134.53124779, 7.31803563 ], [ 134.53115796, 7.31803563 ], [ 134.53115796, 7.31799071 ], [ 134.53111304, 7.31799071 ], [ 134.53111304, 7.31790088 ], [ 134.53115796, 7.31790088 ], [ 134.53115796, 7.31763139 ], [ 134.53124779, 7.31763139 ], [ 134.53124779, 7.31758647 ], [ 134.53129271, 7.31758647 ], [ 134.53129271, 7.31763139 ], [ 134.531337619999988, 7.31763139 ], [ 134.531337619999988, 7.31776614 ], [ 134.53138254000001, 7.31776614 ], [ 134.53138254000001, 7.31781105 ], [ 134.53142746, 7.31781105 ], [ 134.53142746, 7.31785597 ], [ 134.531472369999989, 7.31785597 ], [ 134.531472369999989, 7.31776614 ], [ 134.53142746, 7.31776614 ], [ 134.53142746, 7.3176763 ], [ 134.53138254000001, 7.3176763 ], [ 134.53138254000001, 7.31754156 ], [ 134.53142746, 7.31754156 ], [ 134.53142746, 7.317523333561634 ], [ 134.53030456, 7.317403416287604 ], [ 134.53030456, 7.31745173 ] ] ] } },
{ "type": "Feature", "properties": { "id": "geomorphic_data_verbose.fid-75f8f034_1a0c1004d45_-5c26", "class_name": "Shallow Lagoon", "area_sqkm": 4.9271444476209578e-05 }, "geometry": { "type": "Polygon", "coordinates": [ [ [ 134.531517290000011, 7.3179458 ], [ 134.531517290000011, 7.31785597 ], [ 134.531472369999989, 7.31785597 ], [ 134.531472369999989, 7.3179458 ], [ 134.531517290000011, 7.3179458 ] ] ] } },
{ "type": "Feature", "properties": { "id": "geomorphic_data_verbose.fid-75f8f034_1a0c1004d45_-5278", "class_name": "Outer Reef Flat", "area_sqkm": 0.0094108446435928351 }, "geometry": { "type": "Polygon", "coordinates": [ [ [ 134.53057406, 7.31861954 ], [ 134.53057406, 7.3185297 ], [ 134.53061897, 7.3185297 ], [ 134.53061897, 7.31843987 ], [ 134.53066389, 7.31843987 ], [ 134.53066389, 7.31839496 ], [ 134.53075372, 7.31839496 ], [ 134.53075372, 7.31843987 ], [ 134.53079863, 7.31843987 ], [ 134.530843549999986, 7.31843987 ], [ 134.530843549999986, 7.31848479 ], [ 134.53088847, 7.31848479 ], [ 134.53088847, 7.3185297 ], [ 134.530978299999987, 7.3185297 ], [ 134.53102321, 7.3185297 ], [ 134.53102321, 7.31857462 ], [ 134.53124779, 7.31857462 ], [ 134.53124779, 7.3185297 ], [ 134.53129271, 7.3185297 ], [ 134.53129271, 7.31843987 ], [ 134.53124779, 7.31843987 ], [ 134.53120288, 7.31843987 ], [ 134.53120288, 7.31848479 ], [ 134.53093338, 7.31848479 ], [ 134.53093338, 7.31843987 ], [ 134.53088847, 7.31843987 ], [ 134.53088847, 7.31839496 ], [ 134.530843549999986, 7.31839496 ], [ 134.530843549999986, 7.31830513 ], [ 134.53075372, 7.31830513 ], [ 134.53075372, 7.31835004 ], [ 134.53061897, 7.31835004 ], [ 134.53061897, 7.31839496 ], [ 134.53052914, 7.31839496 ], [ 134.53052914, 7.31835004 ], [ 134.53048422, 7.31835004 ], [ 134.53043931, 7.31835004 ], [ 134.53043931, 7.31830513 ], [ 134.53048422, 7.31830513 ], [ 134.53048422, 7.31826021 ], [ 134.53061897, 7.31826021 ], [ 134.53061897, 7.31821529 ], [ 134.53066389, 7.31821529 ], [ 134.53066389, 7.31812546 ], [ 134.53093338, 7.31812546 ], [ 134.53093338, 7.31808055 ], [ 134.530978299999987, 7.31808055 ], [ 134.530978299999987, 7.31790088 ], [ 134.53093338, 7.31790088 ], [ 134.53093338, 7.3179458 ], [ 134.53088847, 7.3179458 ], [ 134.53088847, 7.31790088 ], [ 134.530843549999986, 7.31790088 ], [ 134.530843549999986, 7.3176763 ], [ 134.53079863, 7.3176763 ], [ 134.53079863, 7.31763139 ], [ 134.53075372, 7.31763139 ], [ 134.53075372, 7.31758647 ], [ 134.530708800000014, 7.31758647 ], [ 134.530708800000014, 7.31754156 ], [ 134.53066389, 7.31754156 ], [ 134.53048422, 7.31754156 ], [ 134.53048422, 7.31749664 ], [ 134.53043931, 7.31749664 ], [ 134.53043931, 7.31754156 ], [ 134.530349480000012, 7.31754156 ], [ 134.530349480000012, 7.31745173 ], [ 134.53030456, 7.31745173 ], [ 134.53030456, 7.31740681 ], [ 134.530214730000012, 7.31740681 ], [ 134.530214730000012, 7.31749664 ], [ 134.5301249, 7.31749664 ], [ 134.5301249, 7.31754156 ], [ 134.530079980000011, 7.31754156 ], [ 134.530079980000011, 7.31749664 ], [ 134.53003507, 7.31749664 ], [ 134.53003507, 7.31758647 ], [ 134.530079980000011, 7.31758647 ], [ 134.530079980000011, 7.31790088 ], [ 134.53003507, 7.31790088 ], [ 134.53003507, 7.3179458 ], [ 134.52999015, 7.3179458 ], [ 134.52999015, 7.31803563 ], [ 134.5298554, 7.31803563 ], [ 134.5298554, 7.31799071 ], [ 134.529810489999988, 7.31799071 ], [ 134.529810489999988, 7.31776614 ], [ 134.52976557, 7.31776614 ], [ 134.52976557, 7.31772122 ], [ 134.52972066000001, 7.31772122 ], [ 134.52972066000001, 7.31781105 ], [ 134.52963082, 7.31781105 ], [ 134.52963082, 7.31776614 ], [ 134.52958591, 7.31776614 ], [ 134.529540989999987, 7.31776614 ], [ 134.529540989999987, 7.31772122 ], [ 134.52949608, 7.31772122 ], [ 134.52949608, 7.31776614 ], [ 134.52945116, 7.31776614 ], [ 134.52945116, 7.31781105 ], [ 134.52940625, 7.31781105 ], [ 134.52940625, 7.31790088 ], [ 134.529540989999987, 7.31790088 ], [ 134.52958591, 7.31790088 ], [ 134.52958591, 7.31799071 ], [ 134.52963082, 7.31799071 ], [ 134.52963082, 7.31803563 ], [ 134.52976557, 7.31803563 ], [ 134.529810489999988, 7.31803563 ], [ 134.529810489999988, 7.31808055 ], [ 134.5298554, 7.31808055 ], [ 134.52990032, 7.31808055 ], [ 134.52990032, 7.31812546 ], [ 134.52999015, 7.31812546 ], [ 134.52999015, 7.31808055 ], [ 134.530079980000011, 7.31808055 ], [ 134.530079980000011, 7.31812546 ], [ 134.5301249, 7.31812546 ], [ 134.53016981, 7.31812546 ], [ 134.53016981, 7.31817038 ], [ 134.530214730000012, 7.31817038 ], [ 134.530214730000012, 7.31830513 ], [ 134.53030456, 7.31830513 ], [ 134.530349480000012, 7.31830513 ], [ 134.530349480000012, 7.31835004 ], [ 134.53039439, 7.31835004 ], [ 134.53039439, 7.31843987 ], [ 134.53043931, 7.31843987 ], [ 134.53043931, 7.3185297 ], [ 134.53048422, 7.3185297 ], [ 134.53048422, 7.31861954 ], [ 134.53057406, 7.31861954 ] ] ] } },
{ "type": "Feature", "properties": { "id": "geomorphic_data_verbose.fid-75f8f034_1a0c1004d45_-593d", "class_name": "Outer Reef Flat", "area_sqkm": 0.030375833023884333 }, "geometry": { "type": "Polygon", "coordinates": [ [ [ 134.53255035, 7.31956277 ], [ 134.53259527, 7.31956277 ], [ 134.53259527, 7.31951785 ], [ 134.53255035, 7.31951785 ], [ 134.53255035, 7.31947294 ], [ 134.532505429999986, 7.31947294 ], [ 134.532505429999986, 7.3193831 ], [ 134.53255035, 7.3193831 ], [ 134.53255035, 7.31933819 ], [ 134.5326851, 7.31933819 ], [ 134.5326851, 7.3193831 ], [ 134.53273001, 7.3193831 ], [ 134.53273001, 7.31942802 ], [ 134.53281984, 7.31942802 ], [ 134.53286476, 7.31942802 ], [ 134.53286476, 7.31951785 ], [ 134.53299951, 7.31951785 ], [ 134.53299951, 7.31947294 ], [ 134.53304442000001, 7.31947294 ], [ 134.53304442000001, 7.3193831 ], [ 134.53299951, 7.3193831 ], [ 134.53299951, 7.31933819 ], [ 134.53304442000001, 7.31933819 ], [ 134.53304442000001, 7.31929327 ], [ 134.53308934, 7.31929327 ], [ 134.53308934, 7.31924836 ], [ 134.53304442000001, 7.31924836 ], [ 134.53299951, 7.31924836 ], [ 134.53299951, 7.31915852 ], [ 134.53295459, 7.31915852 ], [ 134.53286476, 7.31915852 ], [ 134.53286476, 7.31920344 ], [ 134.532774929999988, 7.31920344 ], [ 134.532774929999988, 7.31915852 ], [ 134.53273001, 7.31915852 ], [ 134.53273001, 7.31911361 ], [ 134.5326851, 7.31911361 ], [ 134.53255035, 7.31911361 ], [ 134.53255035, 7.31902378 ], [ 134.53259527, 7.31902378 ], [ 134.53259527, 7.31897886 ], [ 134.532640179999987, 7.31897886 ], [ 134.532640179999987, 7.31893395 ], [ 134.53286476, 7.31893395 ], [ 134.53286476, 7.31888903 ], [ 134.532909679999989, 7.31888903 ], [ 134.532909679999989, 7.3187992 ], [ 134.53286476, 7.3187992 ], [ 134.53286476, 7.31875428 ], [ 134.53281984, 7.31875428 ], [ 134.53281984, 7.31870937 ], [ 134.532774929999988, 7.31870937 ], [ 134.53273001, 7.31870937 ], [ 134.53273001, 7.31866445 ], [ 134.5326851, 7.31866445 ], [ 134.5326851, 7.31861954 ], [ 134.532640179999987, 7.31861954 ], [ 134.532640179999987, 7.31790088 ], [ 134.53259527, 7.31790088 ], [ 134.53259527, 7.31785597 ], [ 134.53255035, 7.31785597 ], [ 134.53255035, 7.31776614 ], [ 134.532505429999986, 7.31776614 ], [ 134.532505429999986, 7.3176763 ], [ 134.53246052, 7.3176763 ], [ 134.53246052, 7.3176336565994 ], [ 134.53142746, 7.317523333561634 ], [ 134.53142746, 7.31754156 ], [ 134.53138254000001, 7.31754156 ], [ 134.53138254000001, 7.3176763 ], [ 134.53142746, 7.3176763 ], [ 134.53142746, 7.31776614 ], [ 134.531472369999989, 7.31776614 ], [ 134.531472369999989, 7.31785597 ], [ 134.53142746, 7.31785597 ], [ 134.53142746, 7.31781105 ], [ 134.53138254000001, 7.31781105 ], [ 134.53138254000001, 7.31776614 ], [ 134.531337619999988, 7.31776614 ], [ 134.531337619999988, 7.31763139 ], [ 134.53129271, 7.31763139 ], [ 134.53129271, 7.31758647 ], [ 134.53124779, 7.31758647 ], [ 134.53124779, 7.31763139 ], [ 134.53115796, 7.31763139 ], [ 134.53115796, 7.31790088 ], [ 134.53111304, 7.31790088 ], [ 134.53111304, 7.31799071 ], [ 134.53115796, 7.31799071 ], [ 134.53115796, 7.31803563 ], [ 134.53120288, 7.31803563 ], [ 134.53124779, 7.31803563 ], [ 134.53124779, 7.31808055 ], [ 134.53142746, 7.31808055 ], [ 134.531472369999989, 7.31808055 ], [ 134.531472369999989, 7.31817038 ], [ 134.5315622, 7.31817038 ], [ 134.5315622, 7.31812546 ], [ 134.53165203, 7.31812546 ], [ 134.53165203, 7.3179458 ], [ 134.53174187, 7.3179458 ], [ 134.53174187, 7.31799071 ], [ 134.53178678, 7.31799071 ], [ 134.53178678, 7.31803563 ], [ 134.531876610000012, 7.31803563 ], [ 134.53192153, 7.31803563 ], [ 134.53192153, 7.31808055 ], [ 134.53223594, 7.31808055 ], [ 134.53228085, 7.31808055 ], [ 134.53228085, 7.31812546 ], [ 134.532146110000014, 7.31812546 ], [ 134.532146110000014, 7.31817038 ], [ 134.53205628, 7.31817038 ], [ 134.53205628, 7.31821529 ], [ 134.53192153, 7.31821529 ], [ 134.53192153, 7.31826021 ], [ 134.531876610000012, 7.31826021 ], [ 134.531876610000012, 7.31839496 ], [ 134.53192153, 7.31839496 ], [ 134.53192153, 7.3185297 ], [ 134.531876610000012, 7.3185297 ], [ 134.531876610000012, 7.31857462 ], [ 134.53192153, 7.31857462 ], [ 134.53192153, 7.31861954 ], [ 134.531876610000012, 7.31861954 ], [ 134.531876610000012, 7.31866445 ], [ 134.53192153, 7.31866445 ], [ 134.53192153, 7.3187992 ], [ 134.531876610000012, 7.3187992 ], [ 134.531876610000012, 7.31884411 ], [ 134.53192153, 7.31884411 ], [ 134.53192153, 7.31902378 ], [ 134.53196644, 7.31902378 ], [ 134.53196644, 7.31911361 ], [ 134.532011360000013, 7.31911361 ], [ 134.532011360000013, 7.31915852 ], [ 134.53205628, 7.31915852 ], [ 134.53205628, 7.31924836 ], [ 134.53210119, 7.31924836 ], [ 134.53210119, 7.31929327 ], [ 134.532146110000014, 7.31929327 ], [ 134.532146110000014, 7.31947294 ], [ 134.53219102, 7.31947294 ], [ 134.53219102, 7.31951785 ], [ 134.53223594, 7.31951785 ], [ 134.53223594, 7.31956277 ], [ 134.53228085, 7.31956277 ], [ 134.53232577, 7.31956277 ], [ 134.53232577, 7.31960768 ], [ 134.53255035, 7.31960768 ], [ 134.53255035, 7.31956277 ] ], [ [ 134.531517290000011, 7.31785597 ], [ 134.531517290000011, 7.3179458 ], [ 134.531472369999989, 7.3179458 ], [ 134.531472369999989, 7.31785597 ], [ 134.531517290000011, 7.31785597 ] ] ] } },
{ "type": "Feature", "properties": { "id": "geomorphic_data_verbose.fid-75f8f034_1a0c1004d45_-52d3", "class_name": "Inner Reef Flat", "area_sqkm": 7.3906974676996468e-05 }, "geometry": { "type": "Polygon", "coordinates": [ [ [ 134.53039439, 7.31915852 ], [ 134.53039439, 7.31902378 ], [ 134.530349480000012, 7.31902378 ], [ 134.530349480000012, 7.31915852 ], [ 134.53039439, 7.31915852 ] ] ] } },
{ "type": "Feature", "properties": { "id": "geomorphic_data_verbose.fid-75f8f034_1a0c1004d45_-52d4", "class_name": "Inner Reef Flat", "area_sqkm": 0.0022911094159027562 }, "geometry": { "type": "Polygon", "coordinates": [ [ [ 134.5318317, 7.32068566 ], [ 134.5318317, 7.32064074 ], [ 134.531876610000012, 7.32064074 ], [ 134.531876610000012, 7.32055091 ], [ 134.53196644, 7.32055091 ], [ 134.53196644, 7.32059583 ], [ 134.532011360000013, 7.32059583 ], [ 134.53205628, 7.32059583 ], [ 134.53205628, 7.32064074 ], [ 134.53210119, 7.32064074 ], [ 134.53210119, 7.3202365 ], [ 134.53205628, 7.3202365 ], [ 134.5318317, 7.3202365 ], [ 134.5318317, 7.32028142 ], [ 134.53174187, 7.32028142 ], [ 134.53174187, 7.32032633 ], [ 134.5315622, 7.32032633 ], [ 134.5315622, 7.32037125 ], [ 134.531517290000011, 7.32037125 ], [ 134.531517290000011, 7.32046108 ], [ 134.5315622, 7.32046108 ], [ 134.5315622, 7.32055091 ], [ 134.53160712, 7.32055091 ], [ 134.53165203, 7.32055091 ], [ 134.53165203, 7.32059583 ], [ 134.53169695, 7.32059583 ], [ 134.53169695, 7.32064074 ], [ 134.53165203, 7.32064074 ], [ 134.53165203, 7.32068566 ], [ 134.5318317, 7.32068566 ] ] ] } },
{ "type": "Feature", "properties": { "id": "geomorphic_data_verbose.fid-75f8f034_1a0c1004d45_-5692", "class_name": "Inner Reef Flat", "area_sqkm": 0.00098542346066888414 }, "geometry": { "type": "Polygon", "coordinates": [ [ [ 134.53138254000001, 7.32068566 ], [ 134.53138254000001, 7.32059583 ], [ 134.531337619999988, 7.32059583 ], [ 134.531337619999988, 7.32055091 ], [ 134.53129271, 7.32055091 ], [ 134.53129271, 7.320506 ], [ 134.531337619999988, 7.320506 ], [ 134.531337619999988, 7.32046108 ], [ 134.53138254000001, 7.32046108 ], [ 134.53138254000001, 7.32041617 ], [ 134.53142746, 7.32041617 ], [ 134.53142746, 7.32037125 ], [ 134.531472369999989, 7.32037125 ], [ 134.531472369999989, 7.32028142 ], [ 134.53142746, 7.32028142 ], [ 134.53142746, 7.3202365 ], [ 134.53124779, 7.3202365 ], [ 134.53124779, 7.32028142 ], [ 134.53120288, 7.32028142 ], [ 134.53120288, 7.32032633 ], [ 134.53115796, 7.32032633 ], [ 134.53115796, 7.32041617 ], [ 134.53120288, 7.32041617 ], [ 134.53120288, 7.32064074 ], [ 134.53129271, 7.32064074 ], [ 134.531337619999988, 7.32064074 ], [ 134.531337619999988, 7.32068566 ], [ 134.53138254000001, 7.32068566 ] ] ] } },
{ "type": "Feature", "properties": { "id": "geomorphic_data_verbose.fid-75f8f034_1a0c1004d45_-597e", "class_name": "Outer Reef Flat", "area_sqkm": 0.062672779774826951 }, "geometry": { "type": "Polygon", "coordinates": [ [ [ 134.53003507, 7.32239246 ], [ 134.5301249, 7.32239246 ], [ 134.5301249, 7.32234754 ], [ 134.53016981, 7.32234754 ], [ 134.53016981, 7.32230263 ], [ 134.530214730000012, 7.32230263 ], [ 134.530214730000012, 7.32225771 ], [ 134.53025965, 7.32225771 ], [ 134.53025965, 7.3222128 ], [ 134.530214730000012, 7.3222128 ], [ 134.530214730000012, 7.32207805 ], [ 134.53030456, 7.32207805 ], [ 134.53030456, 7.32216788 ], [ 134.53039439, 7.32216788 ], [ 134.53039439, 7.32225771 ], [ 134.53048422, 7.32225771 ], [ 134.53048422, 7.32243738 ], [ 134.53061897, 7.32243738 ], [ 134.53061897, 7.32248229 ], [ 134.53066389, 7.32248229 ], [ 134.53066389, 7.32252721 ], [ 134.530708800000014, 7.32252721 ], [ 134.530708800000014, 7.32257212 ], [ 134.53075372, 7.32257212 ], [ 134.53075372, 7.32284162 ], [ 134.530708800000014, 7.32284162 ], [ 134.530708800000014, 7.32297636 ], [ 134.53066389, 7.32297636 ], [ 134.53066389, 7.32311111 ], [ 134.53061897, 7.32311111 ], [ 134.53061897, 7.32329077 ], [ 134.53052914, 7.32329077 ], [ 134.53052914, 7.32338061 ], [ 134.53048422, 7.32338061 ], [ 134.53048422, 7.32347044 ], [ 134.53061897, 7.32347044 ], [ 134.53061897, 7.32342552 ], [ 134.53066389, 7.32342552 ], [ 134.53066389, 7.32351535 ], [ 134.530708800000014, 7.32351535 ], [ 134.530708800000014, 7.32347044 ], [ 134.53079863, 7.32347044 ], [ 134.53079863, 7.32351535 ], [ 134.53102321, 7.32351535 ], [ 134.53102321, 7.32347044 ], [ 134.530978299999987, 7.32347044 ], [ 134.530978299999987, 7.32338061 ], [ 134.53093338, 7.32338061 ], [ 134.53093338, 7.32333569 ], [ 134.53088847, 7.32333569 ], [ 134.53088847, 7.32320094 ], [ 134.53115796, 7.32320094 ], [ 134.53115796, 7.32324586 ], [ 134.53124779, 7.32324586 ], [ 134.53124779, 7.32329077 ], [ 134.53129271, 7.32329077 ], [ 134.53129271, 7.32333569 ], [ 134.531337619999988, 7.32333569 ], [ 134.531337619999988, 7.32342552 ], [ 134.53138254000001, 7.32342552 ], [ 134.53138254000001, 7.32347044 ], [ 134.531337619999988, 7.32347044 ], [ 134.531337619999988, 7.32351535 ], [ 134.531876610000012, 7.32351535 ], [ 134.531876610000012, 7.32347044 ], [ 134.53196644, 7.32347044 ], [ 134.53196644, 7.32342552 ], [ 134.532011360000013, 7.32342552 ], [ 134.532011360000013, 7.32333569 ], [ 134.53192153, 7.32333569 ], [ 134.53192153, 7.32329077 ], [ 134.531876610000012, 7.32329077 ], [ 134.531876610000012, 7.32324586 ], [ 134.53169695, 7.32324586 ], [ 134.53169695, 7.32329077 ], [ 134.53165203, 7.32329077 ], [ 134.53165203, 7.32324586 ], [ 134.53160712, 7.32324586 ], [ 134.53160712, 7.32311111 ], [ 134.5315622, 7.32311111 ], [ 134.5315622, 7.3230662 ], [ 134.531517290000011, 7.3230662 ], [ 134.531517290000011, 7.32311111 ], [ 134.531472369999989, 7.32311111 ], [ 134.531472369999989, 7.32293145 ], [ 134.531517290000011, 7.32293145 ], [ 134.531517290000011, 7.32297636 ], [ 134.5315622, 7.32297636 ], [ 134.5315622, 7.32293145 ], [ 134.53165203, 7.32293145 ], [ 134.53165203, 7.32288653 ], [ 134.53174187, 7.32288653 ], [ 134.53174187, 7.32293145 ], [ 134.531876610000012, 7.32293145 ], [ 134.531876610000012, 7.32297636 ], [ 134.53192153, 7.32297636 ], [ 134.53192153, 7.32302128 ], [ 134.53196644, 7.32302128 ], [ 134.53196644, 7.32311111 ], [ 134.532011360000013, 7.32311111 ], [ 134.532011360000013, 7.32315603 ], [ 134.53196644, 7.32315603 ], [ 134.53196644, 7.32324586 ], [ 134.532011360000013, 7.32324586 ], [ 134.532011360000013, 7.32329077 ], [ 134.53205628, 7.32329077 ], [ 134.53205628, 7.32333569 ], [ 134.53210119, 7.32333569 ], [ 134.53210119, 7.32338061 ], [ 134.53219102, 7.32338061 ], [ 134.53219102, 7.32342552 ], [ 134.53223594, 7.32342552 ], [ 134.53223594, 7.32338061 ], [ 134.53228085, 7.32338061 ], [ 134.53228085, 7.32324586 ], [ 134.53237069, 7.32324586 ], [ 134.53237069, 7.32320094 ], [ 134.532505429999986, 7.32320094 ], [ 134.532505429999986, 7.32315603 ], [ 134.53255035, 7.32315603 ], [ 134.53255035, 7.32311111 ], [ 134.532640179999987, 7.32311111 ], [ 134.532640179999987, 7.3230662 ], [ 134.53281984, 7.3230662 ], [ 134.53281984, 7.32302128 ], [ 134.53286476, 7.32302128 ], [ 134.53286476, 7.32297636 ], [ 134.53299951, 7.32297636 ], [ 134.53299951, 7.32270687 ], [ 134.532774929999988, 7.32270687 ], [ 134.532774929999988, 7.32275179 ], [ 134.53259527, 7.32275179 ], [ 134.53259527, 7.32270687 ], [ 134.53255035, 7.32270687 ], [ 134.53255035, 7.32266195 ], [ 134.53246052, 7.32266195 ], [ 134.53246052, 7.32261704 ], [ 134.53210119, 7.32261704 ], [ 134.53210119, 7.32257212 ], [ 134.53205628, 7.32257212 ], [ 134.53205628, 7.32252721 ], [ 134.53196644, 7.32252721 ], [ 134.53196644, 7.32257212 ], [ 134.53192153, 7.32257212 ], [ 134.53192153, 7.32252721 ], [ 134.5318317, 7.32252721 ], [ 134.5318317, 7.32243738 ], [ 134.53178678, 7.32243738 ], [ 134.53178678, 7.32225771 ], [ 134.5318317, 7.32225771 ], [ 134.5318317, 7.32216788 ], [ 134.53178678, 7.32216788 ], [ 134.53178678, 7.32212297 ], [ 134.53160712, 7.32212297 ], [ 134.53160712, 7.32207805 ], [ 134.53169695, 7.32207805 ], [ 134.53169695, 7.32198822 ], [ 134.53165203, 7.32198822 ], [ 134.53165203, 7.32189839 ], [ 134.53174187, 7.32189839 ], [ 134.53174187, 7.32198822 ], [ 134.5318317, 7.32198822 ], [ 134.5318317, 7.32189839 ], [ 134.53178678, 7.32189839 ], [ 134.53178678, 7.32180855 ], [ 134.53169695, 7.32180855 ], [ 134.53169695, 7.32176364 ], [ 134.53174187, 7.32176364 ], [ 134.53174187, 7.32167381 ], [ 134.5318317, 7.32167381 ], [ 134.5318317, 7.32162889 ], [ 134.53178678, 7.32162889 ], [ 134.53178678, 7.32158398 ], [ 134.531876610000012, 7.32158398 ], [ 134.531876610000012, 7.32162889 ], [ 134.53192153, 7.32162889 ], [ 134.53192153, 7.32144923 ], [ 134.531876610000012, 7.32144923 ], [ 134.531876610000012, 7.3213594 ], [ 134.5318317, 7.3213594 ], [ 134.5318317, 7.32131448 ], [ 134.53178678, 7.32131448 ], [ 134.53178678, 7.32126957 ], [ 134.53174187, 7.32126957 ], [ 134.53174187, 7.32122465 ], [ 134.53169695, 7.32122465 ], [ 134.53169695, 7.32117973 ], [ 134.53165203, 7.32117973 ], [ 134.53165203, 7.32113482 ], [ 134.53160712, 7.32113482 ], [ 134.53160712, 7.3210899 ], [ 134.5315622, 7.3210899 ], [ 134.5315622, 7.32104499 ], [ 134.531517290000011, 7.32104499 ], [ 134.531517290000011, 7.32113482 ], [ 134.5315622, 7.32113482 ], [ 134.5315622, 7.32122465 ], [ 134.531517290000011, 7.32122465 ], [ 134.531517290000011, 7.32126957 ], [ 134.531472369999989, 7.32126957 ], [ 134.531472369999989, 7.32144923 ], [ 134.53142746, 7.32144923 ], [ 134.53142746, 7.32149414 ], [ 134.53129271, 7.32149414 ], [ 134.53129271, 7.32153906 ], [ 134.53115796, 7.32153906 ], [ 134.53115796, 7.32158398 ], [ 134.53102321, 7.32158398 ], [ 134.53102321, 7.32162889 ], [ 134.530978299999987, 7.32162889 ], [ 134.530978299999987, 7.32158398 ], [ 134.53088847, 7.32158398 ], [ 134.53088847, 7.32153906 ], [ 134.53093338, 7.32153906 ], [ 134.53093338, 7.32144923 ], [ 134.53102321, 7.32144923 ], [ 134.53102321, 7.32140431 ], [ 134.53106813, 7.32140431 ], [ 134.53106813, 7.32122465 ], [ 134.53102321, 7.32122465 ], [ 134.53102321, 7.32113482 ], [ 134.53106813, 7.32113482 ], [ 134.53106813, 7.32100007 ], [ 134.53102321, 7.32100007 ], [ 134.53102321, 7.32091024 ], [ 134.53106813, 7.32091024 ], [ 134.53106813, 7.32082041 ], [ 134.53111304, 7.32082041 ], [ 134.53111304, 7.32077549 ], [ 134.53115796, 7.32077549 ], [ 134.53115796, 7.32068566 ], [ 134.53120288, 7.32068566 ], [ 134.53120288, 7.32041617 ], [ 134.53115796, 7.32041617 ], [ 134.53115796, 7.32032633 ], [ 134.53120288, 7.32032633 ], [ 134.53120288, 7.3202365 ], [ 134.53115796, 7.3202365 ], [ 134.53115796, 7.32019159 ], [ 134.53111304, 7.32019159 ], [ 134.53111304, 7.32014667 ], [ 134.53106813, 7.32014667 ], [ 134.53106813, 7.31996701 ], [ 134.53111304, 7.31996701 ], [ 134.53111304, 7.31992209 ], [ 134.530978299999987, 7.31992209 ], [ 134.530978299999987, 7.31983226 ], [ 134.53102321, 7.31983226 ], [ 134.53102321, 7.31978735 ], [ 134.53106813, 7.31978735 ], [ 134.53106813, 7.31983226 ], [ 134.53111304, 7.31983226 ], [ 134.53111304, 7.31974243 ], [ 134.530978299999987, 7.31974243 ], [ 134.530978299999987, 7.31978735 ], [ 134.53093338, 7.31978735 ], [ 134.53093338, 7.31974243 ], [ 134.53088847, 7.31974243 ], [ 134.53088847, 7.3196526 ], [ 134.530843549999986, 7.3196526 ], [ 134.530843549999986, 7.31974243 ], [ 134.53079863, 7.31974243 ], [ 134.53079863, 7.31969751 ], [ 134.530708800000014, 7.31969751 ], [ 134.530708800000014, 7.3196526 ], [ 134.53061897, 7.3196526 ], [ 134.53061897, 7.31960768 ], [ 134.53066389, 7.31960768 ], [ 134.53066389, 7.31956277 ], [ 134.53061897, 7.31956277 ], [ 134.53061897, 7.31951785 ], [ 134.53057406, 7.31951785 ], [ 134.53057406, 7.31947294 ], [ 134.53048422, 7.31947294 ], [ 134.53048422, 7.31933819 ], [ 134.53043931, 7.31933819 ], [ 134.53043931, 7.31924836 ], [ 134.53039439, 7.31924836 ], [ 134.53039439, 7.31915852 ], [ 134.530349480000012, 7.31915852 ], [ 134.530349480000012, 7.31897886 ], [ 134.53025965, 7.31897886 ], [ 134.53025965, 7.31893395 ], [ 134.53030456, 7.31893395 ], [ 134.53030456, 7.31888903 ], [ 134.530214730000012, 7.31888903 ], [ 134.530214730000012, 7.31848479 ], [ 134.53016981, 7.31848479 ], [ 134.53016981, 7.31843987 ], [ 134.5301249, 7.31843987 ], [ 134.5301249, 7.31848479 ], [ 134.53003507, 7.31848479 ], [ 134.53003507, 7.3185297 ], [ 134.530079980000011, 7.3185297 ], [ 134.530079980000011, 7.31866445 ], [ 134.53016981, 7.31866445 ], [ 134.53016981, 7.31875428 ], [ 134.5301249, 7.31875428 ], [ 134.5301249, 7.3187992 ], [ 134.53003507, 7.3187992 ], [ 134.53003507, 7.31888903 ], [ 134.52999015, 7.31888903 ], [ 134.52999015, 7.32064074 ], [ 134.5301249, 7.32064074 ], [ 134.5301249, 7.32073058 ], [ 134.53016981, 7.32073058 ], [ 134.53016981, 7.32082041 ], [ 134.52999015, 7.32082041 ], [ 134.52999015, 7.32100007 ], [ 134.530079980000011, 7.32100007 ], [ 134.530079980000011, 7.32104499 ], [ 134.5301249, 7.32104499 ], [ 134.5301249, 7.32122465 ], [ 134.530214730000012, 7.32122465 ], [ 134.530214730000012, 7.32117973 ], [ 134.530349480000012, 7.32117973 ], [ 134.530349480000012, 7.32131448 ], [ 134.53039439, 7.32131448 ], [ 134.53039439, 7.3213594 ], [ 134.530349480000012, 7.3213594 ], [ 134.530349480000012, 7.32140431 ], [ 134.53003507, 7.32140431 ], [ 134.53003507, 7.3213594 ], [ 134.52999015, 7.3213594 ], [ 134.52999015, 7.32158398 ], [ 134.53003507, 7.32158398 ], [ 134.53003507, 7.32153906 ], [ 134.530079980000011, 7.32153906 ], [ 134.530079980000011, 7.32149414 ], [ 134.5301249, 7.32149414 ], [ 134.5301249, 7.32153906 ], [ 134.53025965, 7.32153906 ], [ 134.53025965, 7.32158398 ], [ 134.530349480000012, 7.32158398 ], [ 134.530349480000012, 7.32162889 ], [ 134.53039439, 7.32162889 ], [ 134.53039439, 7.32167381 ], [ 134.53043931, 7.32167381 ], [ 134.53043931, 7.32162889 ], [ 134.53048422, 7.32162889 ], [ 134.53048422, 7.32158398 ], [ 134.53043931, 7.32158398 ], [ 134.53043931, 7.32153906 ], [ 134.53039439, 7.32153906 ], [ 134.53039439, 7.32149414 ], [ 134.530349480000012, 7.32149414 ], [ 134.530349480000012, 7.32144923 ], [ 134.53043931, 7.32144923 ], [ 134.53043931, 7.32149414 ], [ 134.53048422, 7.32149414 ], [ 134.53048422, 7.32153906 ], [ 134.53052914, 7.32153906 ], [ 134.53052914, 7.32149414 ], [ 134.53057406, 7.32149414 ], [ 134.53057406, 7.32153906 ], [ 134.53066389, 7.32153906 ], [ 134.53066389, 7.32158398 ], [ 134.530708800000014, 7.32158398 ], [ 134.530708800000014, 7.32162889 ], [ 134.53075372, 7.32162889 ], [ 134.53075372, 7.32171872 ], [ 134.53079863, 7.32171872 ], [ 134.53079863, 7.32180855 ], [ 134.530843549999986, 7.32180855 ], [ 134.530843549999986, 7.32185347 ], [ 134.53088847, 7.32185347 ], [ 134.53088847, 7.32203313 ], [ 134.53093338, 7.32203313 ], [ 134.53093338, 7.32207805 ], [ 134.530978299999987, 7.32207805 ], [ 134.530978299999987, 7.32212297 ], [ 134.53102321, 7.32212297 ], [ 134.53102321, 7.32216788 ], [ 134.53106813, 7.32216788 ], [ 134.53106813, 7.3222128 ], [ 134.53111304, 7.3222128 ], [ 134.53111304, 7.32225771 ], [ 134.53106813, 7.32225771 ], [ 134.53106813, 7.32230263 ], [ 134.530978299999987, 7.32230263 ], [ 134.530978299999987, 7.32225771 ], [ 134.53093338, 7.32225771 ], [ 134.53093338, 7.3222128 ], [ 134.530843549999986, 7.3222128 ], [ 134.530843549999986, 7.32216788 ], [ 134.53079863, 7.32216788 ], [ 134.53079863, 7.32225771 ], [ 134.53061897, 7.32225771 ], [ 134.53061897, 7.3222128 ], [ 134.53057406, 7.3222128 ], [ 134.53057406, 7.32212297 ], [ 134.53052914, 7.32212297 ], [ 134.53052914, 7.32207805 ], [ 134.53048422, 7.32207805 ], [ 134.53048422, 7.32203313 ], [ 134.53043931, 7.32203313 ], [ 134.53043931, 7.32198822 ], [ 134.530349480000012, 7.32198822 ], [ 134.530349480000012, 7.3219433 ], [ 134.53030456, 7.3219433 ], [ 134.53030456, 7.32198822 ], [ 134.530214730000012, 7.32198822 ], [ 134.530214730000012, 7.32203313 ], [ 134.53016981, 7.32203313 ], [ 134.53016981, 7.32207805 ], [ 134.5301249, 7.32207805 ], [ 134.5301249, 7.32212297 ], [ 134.530079980000011, 7.32212297 ], [ 134.530079980000011, 7.32216788 ], [ 134.53003507, 7.32216788 ], [ 134.53003507, 7.3222128 ], [ 134.52999015, 7.3222128 ], [ 134.52999015, 7.32243738 ], [ 134.53003507, 7.32243738 ], [ 134.53003507, 7.32239246 ] ], [ [ 134.53075372, 7.32158398 ], [ 134.53079863, 7.32158398 ], [ 134.53079863, 7.32162889 ], [ 134.53075372, 7.32162889 ], [ 134.53075372, 7.32158398 ] ], [ [ 134.53169695, 7.32153906 ], [ 134.53165203, 7.32153906 ], [ 134.53165203, 7.32149414 ], [ 134.53169695, 7.32149414 ], [ 134.53169695, 7.32153906 ] ], [ [ 134.53174187, 7.32153906 ], [ 134.53174187, 7.32158398 ], [ 134.53169695, 7.32158398 ], [ 134.53169695, 7.32153906 ], [ 134.53174187, 7.32153906 ] ] ] } },
{ "type": "Feature", "properties": { "id": "geomorphic_data_verbose.fid-75f8f034_1a0c1004d45_-5c29", "class_name": "Terrestrial Reef Flat", "area_sqkm": 0.0046314830408780835 }, "geometry": { "type": "Polygon", "coordinates": [ [ [ 134.53102321, 7.32162889 ], [ 134.53102321, 7.32158398 ], [ 134.53115796, 7.32158398 ], [ 134.53115796, 7.32153906 ], [ 134.53129271, 7.32153906 ], [ 134.53129271, 7.32149414 ], [ 134.53142746, 7.32149414 ], [ 134.53142746, 7.32144923 ], [ 134.531472369999989, 7.32144923 ], [ 134.531472369999989, 7.32126957 ], [ 134.531517290000011, 7.32126957 ], [ 134.531517290000011, 7.32122465 ], [ 134.5315622, 7.32122465 ], [ 134.5315622, 7.32113482 ], [ 134.531517290000011, 7.32113482 ], [ 134.531517290000011, 7.32100007 ], [ 134.531472369999989, 7.32100007 ], [ 134.531472369999989, 7.32073058 ], [ 134.53142746, 7.32073058 ], [ 134.53138254000001, 7.32073058 ], [ 134.53138254000001, 7.32068566 ], [ 134.531337619999988, 7.32068566 ], [ 134.531337619999988, 7.32064074 ], [ 134.53120288, 7.32064074 ], [ 134.53120288, 7.32068566 ], [ 134.53115796, 7.32068566 ], [ 134.53115796, 7.32077549 ], [ 134.53111304, 7.32077549 ], [ 134.53111304, 7.32082041 ], [ 134.53106813, 7.32082041 ], [ 134.53106813, 7.32091024 ], [ 134.53102321, 7.32091024 ], [ 134.53102321, 7.32100007 ], [ 134.53106813, 7.32100007 ], [ 134.53106813, 7.32113482 ], [ 134.53102321, 7.32113482 ], [ 134.53102321, 7.32122465 ], [ 134.53106813, 7.32122465 ], [ 134.53106813, 7.32140431 ], [ 134.53102321, 7.32140431 ], [ 134.53102321, 7.32144923 ], [ 134.53093338, 7.32144923 ], [ 134.53093338, 7.32153906 ], [ 134.53088847, 7.32153906 ], [ 134.53088847, 7.32158398 ], [ 134.53093338, 7.32158398 ], [ 134.530978299999987, 7.32158398 ], [ 134.530978299999987, 7.32162889 ], [ 134.53102321, 7.32162889 ] ] ] } },
{ "type": "Feature", "properties": { "id": "geomorphic_data_verbose.fid-75f8f034_1a0c1004d45_-5c2a", "class_name": "Outer Reef Flat", "area_sqkm": 7.390660995943472e-05 }, "geometry": { "type": "Polygon", "coordinates": [ [ [ 134.53286476, 7.32140431 ], [ 134.53286476, 7.32131448 ], [ 134.53281984, 7.32131448 ], [ 134.532774929999988, 7.32131448 ], [ 134.532774929999988, 7.3213594 ], [ 134.53281984, 7.3213594 ], [ 134.53281984, 7.32140431 ], [ 134.53286476, 7.32140431 ] ] ] } },
{ "type": "Feature", "properties": { "id": "geomorphic_data_verbose.fid-75f8f034_1a0c1004d45_-5941", "class_name": "Terrestrial Reef Flat", "area_sqkm": 0.00071443388695083558 }, "geometry": { "type": "Polygon", "coordinates": [ [ [ 134.540500439999988, 7.31942802 ], [ 134.540500439999988, 7.3193831 ], [ 134.54054536000001, 7.3193831 ], [ 134.54054536000001, 7.31920344 ], [ 134.540500439999988, 7.31920344 ], [ 134.540500439999988, 7.31911361 ], [ 134.54045552, 7.31911361 ], [ 134.54045552, 7.31906869 ], [ 134.54041061, 7.31906869 ], [ 134.54041061, 7.31902378 ], [ 134.54032078, 7.31902378 ], [ 134.54032078, 7.31920344 ], [ 134.540365689999987, 7.31920344 ], [ 134.540365689999987, 7.31933819 ], [ 134.54041061, 7.31933819 ], [ 134.54041061, 7.3193831 ], [ 134.54045552, 7.3193831 ], [ 134.54045552, 7.31942802 ], [ 134.540500439999988, 7.31942802 ] ] ] } },
{ "type": "Feature", "properties": { "id": "geomorphic_data_verbose.fid-75f8f034_1a0c1004d45_-5227", "class_name": "Shallow Lagoon", "area_sqkm": 2.4635634071659297e-05 }, "geometry": { "type": "Polygon", "coordinates": [ [ [ 134.540500439999988, 7.31956277 ], [ 134.540500439999988, 7.31951785 ], [ 134.54045552, 7.31951785 ], [ 134.54045552, 7.31956277 ], [ 134.540500439999988, 7.31956277 ] ] ] } },
{ "type": "Feature", "properties": { "id": "geomorphic_data_verbose.fid-75f8f034_1a0c1004d45_-5264", "class_name": "Shallow Lagoon", "area_sqkm": 0.52919690630407634 }, "geometry": { "type": "Polygon", "coordinates": [ [ [ 134.54382421, 7.3245035 ], [ 134.543869120000011, 7.3245035 ], [ 134.543869120000011, 7.32432384 ], [ 134.54382421, 7.32432384 ], [ 134.54382421, 7.32427892 ], [ 134.54373437000001, 7.32427892 ], [ 134.54373437000001, 7.32418909 ], [ 134.54377929, 7.32418909 ], [ 134.54377929, 7.32414417 ], [ 134.54382421, 7.32414417 ], [ 134.54382421, 7.32405434 ], [ 134.54377929, 7.32405434 ], [ 134.54377929, 7.3239196 ], [ 134.543869120000011, 7.3239196 ], [ 134.543869120000011, 7.32382976 ], [ 134.54382421, 7.32382976 ], [ 134.54382421, 7.32373993 ], [ 134.54377929, 7.32373993 ], [ 134.54377929, 7.32369502 ], [ 134.54373437000001, 7.32369502 ], [ 134.54373437000001, 7.32333569 ], [ 134.54368946, 7.32333569 ], [ 134.54368946, 7.32329077 ], [ 134.54364454, 7.32329077 ], [ 134.54364454, 7.32320094 ], [ 134.54368946, 7.32320094 ], [ 134.54368946, 7.32315603 ], [ 134.54373437000001, 7.32315603 ], [ 134.54373437000001, 7.32311111 ], [ 134.54377929, 7.32311111 ], [ 134.54377929, 7.3230662 ], [ 134.54395895, 7.3230662 ], [ 134.54395895, 7.32302128 ], [ 134.5440937, 7.32302128 ], [ 134.5440937, 7.32297636 ], [ 134.544138620000012, 7.32297636 ], [ 134.544138620000012, 7.32293145 ], [ 134.54418353, 7.32293145 ], [ 134.54418353, 7.32288653 ], [ 134.54422845, 7.32288653 ], [ 134.54422845, 7.32275179 ], [ 134.54395895, 7.32275179 ], [ 134.54395895, 7.3227967 ], [ 134.54391404, 7.3227967 ], [ 134.54391404, 7.32275179 ], [ 134.54377929, 7.32275179 ], [ 134.54377929, 7.3227967 ], [ 134.54368946, 7.3227967 ], [ 134.54368946, 7.32284162 ], [ 134.543464879999988, 7.32284162 ], [ 134.543464879999988, 7.3227967 ], [ 134.54350980000001, 7.3227967 ], [ 134.54350980000001, 7.32275179 ], [ 134.543464879999988, 7.32275179 ], [ 134.543464879999988, 7.32261704 ], [ 134.54350980000001, 7.32261704 ], [ 134.54350980000001, 7.32248229 ], [ 134.54341996, 7.32248229 ], [ 134.54341996, 7.32239246 ], [ 134.54337505, 7.32239246 ], [ 134.54337505, 7.32234754 ], [ 134.54328522, 7.32234754 ], [ 134.54328522, 7.32230263 ], [ 134.5432403, 7.32230263 ], [ 134.5432403, 7.32225771 ], [ 134.54315047, 7.32225771 ], [ 134.54315047, 7.3222128 ], [ 134.54310555, 7.3222128 ], [ 134.54310555, 7.32212297 ], [ 134.54306064, 7.32212297 ], [ 134.54306064, 7.32203313 ], [ 134.54301572, 7.32203313 ], [ 134.54301572, 7.32189839 ], [ 134.542970810000014, 7.32189839 ], [ 134.542970810000014, 7.32185347 ], [ 134.54292589, 7.32185347 ], [ 134.54292589, 7.32171872 ], [ 134.542836060000013, 7.32171872 ], [ 134.542836060000013, 7.32176364 ], [ 134.54274623, 7.32176364 ], [ 134.54274623, 7.32171872 ], [ 134.542701310000012, 7.32171872 ], [ 134.542701310000012, 7.32167381 ], [ 134.5426564, 7.32167381 ], [ 134.5426564, 7.32162889 ], [ 134.54252165, 7.32162889 ], [ 134.54252165, 7.32149414 ], [ 134.542566560000012, 7.32149414 ], [ 134.542566560000012, 7.32140431 ], [ 134.54261148, 7.32140431 ], [ 134.54261148, 7.3213594 ], [ 134.542566560000012, 7.3213594 ], [ 134.542566560000012, 7.32131448 ], [ 134.54207249000001, 7.32131448 ], [ 134.54207249000001, 7.32126957 ], [ 134.54202758, 7.32126957 ], [ 134.54202758, 7.32122465 ], [ 134.54198266, 7.32122465 ], [ 134.54198266, 7.32117973 ], [ 134.541803, 7.32117973 ], [ 134.541803, 7.32113482 ], [ 134.541668249999987, 7.32113482 ], [ 134.541668249999987, 7.32100007 ], [ 134.54162333, 7.32100007 ], [ 134.54162333, 7.32104499 ], [ 134.54157842, 7.32104499 ], [ 134.54157842, 7.32095516 ], [ 134.541533500000014, 7.32095516 ], [ 134.541533500000014, 7.32091024 ], [ 134.54148859, 7.32091024 ], [ 134.54148859, 7.32086532 ], [ 134.541398750000013, 7.32086532 ], [ 134.541398750000013, 7.32082041 ], [ 134.54135384, 7.32082041 ], [ 134.54135384, 7.32077549 ], [ 134.54130892, 7.32077549 ], [ 134.54130892, 7.320506 ], [ 134.54126401, 7.320506 ], [ 134.54126401, 7.32037125 ], [ 134.54130892, 7.32037125 ], [ 134.54130892, 7.32028142 ], [ 134.54126401, 7.32028142 ], [ 134.54126401, 7.32019159 ], [ 134.541039430000012, 7.32019159 ], [ 134.541039430000012, 7.32014667 ], [ 134.54099451, 7.32014667 ], [ 134.54099451, 7.32010176 ], [ 134.5409496, 7.32010176 ], [ 134.5409496, 7.32005684 ], [ 134.540904680000011, 7.32005684 ], [ 134.540904680000011, 7.32001192 ], [ 134.54081485, 7.32001192 ], [ 134.54081485, 7.31996701 ], [ 134.54076993000001, 7.31996701 ], [ 134.54076993000001, 7.31992209 ], [ 134.54072502, 7.31992209 ], [ 134.54072502, 7.31996701 ], [ 134.5406801, 7.31996701 ], [ 134.5406801, 7.32001192 ], [ 134.54059027, 7.32001192 ], [ 134.54059027, 7.31996701 ], [ 134.54054536000001, 7.31996701 ], [ 134.54054536000001, 7.31987718 ], [ 134.540500439999988, 7.31987718 ], [ 134.540500439999988, 7.31974243 ], [ 134.54045552, 7.31974243 ], [ 134.54045552, 7.31969751 ], [ 134.54027586, 7.31969751 ], [ 134.54027586, 7.3196526 ], [ 134.54032078, 7.3196526 ], [ 134.54032078, 7.31960768 ], [ 134.540365689999987, 7.31960768 ], [ 134.540365689999987, 7.31951785 ], [ 134.54032078, 7.31951785 ], [ 134.54032078, 7.31942802 ], [ 134.54045552, 7.31942802 ], [ 134.54045552, 7.3193831 ], [ 134.54041061, 7.3193831 ], [ 134.54041061, 7.31933819 ], [ 134.540365689999987, 7.31933819 ], [ 134.540365689999987, 7.31920344 ], [ 134.54032078, 7.31920344 ], [ 134.54032078, 7.31902378 ], [ 134.54027586, 7.31902378 ], [ 134.54027586, 7.31897886 ], [ 134.540230939999987, 7.31897886 ], [ 134.540230939999987, 7.31893395 ], [ 134.54018603, 7.31893395 ], [ 134.54018603, 7.31888903 ], [ 134.54014111, 7.31888903 ], [ 134.54014111, 7.318852552432294 ], [ 134.539566400879636, 7.3185297 ], [ 134.53951229, 7.3185297 ], [ 134.53951229, 7.318499302311006 ], [ 134.539486456657414, 7.31848479 ], [ 134.539377550000012, 7.31848479 ], [ 134.539377550000012, 7.31843987 ], [ 134.53928771, 7.31843987 ], [ 134.53928771, 7.31839496 ], [ 134.539242800000011, 7.31839496 ], [ 134.539242800000011, 7.318357953090001 ], [ 134.539197879999989, 7.318353155971868 ], [ 134.539197879999989, 7.31839496 ], [ 134.53861398, 7.31839496 ], [ 134.53861398, 7.31835004 ], [ 134.538569059999986, 7.31835004 ], [ 134.538569059999986, 7.31830513 ], [ 134.53847923, 7.31830513 ], [ 134.53847923, 7.31835004 ], [ 134.538434310000014, 7.31835004 ], [ 134.538434310000014, 7.318271612439117 ], [ 134.53829957, 7.31825722322057 ], [ 134.53829957, 7.31826021 ], [ 134.538209740000013, 7.31826021 ], [ 134.538209740000013, 7.31830513 ], [ 134.538074990000013, 7.31830513 ], [ 134.538074990000013, 7.31835004 ], [ 134.537940240000012, 7.31835004 ], [ 134.537940240000012, 7.31839496 ], [ 134.53785041, 7.31839496 ], [ 134.53785041, 7.31843987 ], [ 134.53776058, 7.31843987 ], [ 134.53776058, 7.31848479 ], [ 134.53767075, 7.31848479 ], [ 134.53767075, 7.3185297 ], [ 134.53758091, 7.3185297 ], [ 134.53758091, 7.31848479 ], [ 134.53749108, 7.31848479 ], [ 134.53749108, 7.31843987 ], [ 134.53735634, 7.31843987 ], [ 134.53735634, 7.31848479 ], [ 134.53731142, 7.31848479 ], [ 134.53731142, 7.31839496 ], [ 134.53735634, 7.31839496 ], [ 134.53735634, 7.31830513 ], [ 134.53731142, 7.31830513 ], [ 134.53731142, 7.31821529 ], [ 134.53717667, 7.31821529 ], [ 134.53717667, 7.31817038 ], [ 134.53713176, 7.31817038 ], [ 134.53713176, 7.318132509896336 ], [ 134.53493088, 7.31789747246641 ], [ 134.53493088, 7.32077549 ], [ 134.534975800000012, 7.32077549 ], [ 134.534975800000012, 7.32091024 ], [ 134.53493088, 7.32091024 ], [ 134.53493088, 7.32095516 ], [ 134.534975800000012, 7.32095516 ], [ 134.534975800000012, 7.32100007 ], [ 134.53502072, 7.32100007 ], [ 134.53502072, 7.32113482 ], [ 134.534975800000012, 7.32113482 ], [ 134.534975800000012, 7.32122465 ], [ 134.53493088, 7.32122465 ], [ 134.53493088, 7.32126957 ], [ 134.53502072, 7.32126957 ], [ 134.53502072, 7.32140431 ], [ 134.535110550000013, 7.32140431 ], [ 134.535110550000013, 7.32144923 ], [ 134.535245300000014, 7.32144923 ], [ 134.535245300000014, 7.3213594 ], [ 134.53529021, 7.3213594 ], [ 134.53529021, 7.32126957 ], [ 134.53533513, 7.32126957 ], [ 134.53533513, 7.32122465 ], [ 134.535469869999986, 7.32122465 ], [ 134.535469869999986, 7.32117973 ], [ 134.53564954, 7.32117973 ], [ 134.53564954, 7.32122465 ], [ 134.53569445, 7.32122465 ], [ 134.53569445, 7.32117973 ], [ 134.53600886000001, 7.32117973 ], [ 134.53600886000001, 7.32122465 ], [ 134.536143610000011, 7.32122465 ], [ 134.536143610000011, 7.32126957 ], [ 134.53618853, 7.32126957 ], [ 134.53618853, 7.32131448 ], [ 134.53623344, 7.32131448 ], [ 134.53623344, 7.32144923 ], [ 134.53632327, 7.32144923 ], [ 134.53632327, 7.32149414 ], [ 134.53636819, 7.32149414 ], [ 134.53636819, 7.32153906 ], [ 134.5364131, 7.32153906 ], [ 134.5364131, 7.32162889 ], [ 134.53645802, 7.32162889 ], [ 134.53645802, 7.32167381 ], [ 134.53654785, 7.32167381 ], [ 134.53654785, 7.32171872 ], [ 134.53659277, 7.32171872 ], [ 134.53659277, 7.32167381 ], [ 134.536637680000013, 7.32167381 ], [ 134.536637680000013, 7.32171872 ], [ 134.5366826, 7.32171872 ], [ 134.5366826, 7.32176364 ], [ 134.536637680000013, 7.32176364 ], [ 134.536637680000013, 7.32185347 ], [ 134.53659277, 7.32185347 ], [ 134.53659277, 7.32189839 ], [ 134.53681735, 7.32189839 ], [ 134.53681735, 7.32180855 ], [ 134.53695209, 7.32180855 ], [ 134.53695209, 7.32185347 ], [ 134.537041929999987, 7.32185347 ], [ 134.537041929999987, 7.32176364 ], [ 134.53713176, 7.32176364 ], [ 134.53713176, 7.32171872 ], [ 134.53717667, 7.32171872 ], [ 134.53717667, 7.32176364 ], [ 134.53722159, 7.32176364 ], [ 134.53722159, 7.32180855 ], [ 134.53717667, 7.32180855 ], [ 134.53717667, 7.32185347 ], [ 134.53713176, 7.32185347 ], [ 134.53713176, 7.32189839 ], [ 134.537266499999987, 7.32189839 ], [ 134.537266499999987, 7.3219433 ], [ 134.53731142, 7.3219433 ], [ 134.53731142, 7.32198822 ], [ 134.537401249999988, 7.32198822 ], [ 134.537401249999988, 7.32189839 ], [ 134.537536, 7.32189839 ], [ 134.537536, 7.32158398 ], [ 134.53767075, 7.32158398 ], [ 134.53767075, 7.32153906 ], [ 134.537805490000011, 7.32153906 ], [ 134.537805490000011, 7.32158398 ], [ 134.53785041, 7.32158398 ], [ 134.53785041, 7.32162889 ], [ 134.53789533, 7.32162889 ], [ 134.53789533, 7.32167381 ], [ 134.537940240000012, 7.32167381 ], [ 134.537940240000012, 7.32185347 ], [ 134.53789533, 7.32185347 ], [ 134.53789533, 7.32189839 ], [ 134.53785041, 7.32189839 ], [ 134.53785041, 7.3219433 ], [ 134.537805490000011, 7.3219433 ], [ 134.537805490000011, 7.32198822 ], [ 134.53776058, 7.32198822 ], [ 134.53776058, 7.32207805 ], [ 134.53762583, 7.32207805 ], [ 134.53762583, 7.32203313 ], [ 134.53758091, 7.32203313 ], [ 134.53758091, 7.32207805 ], [ 134.537536, 7.32207805 ], [ 134.537536, 7.32212297 ], [ 134.53758091, 7.32212297 ], [ 134.53758091, 7.3222128 ], [ 134.537536, 7.3222128 ], [ 134.537536, 7.32225771 ], [ 134.53749108, 7.32225771 ], [ 134.53749108, 7.32230263 ], [ 134.53744617000001, 7.32230263 ], [ 134.53744617000001, 7.32239246 ], [ 134.537401249999988, 7.32239246 ], [ 134.537401249999988, 7.32243738 ], [ 134.53731142, 7.32243738 ], [ 134.53731142, 7.32248229 ], [ 134.53722159, 7.32248229 ], [ 134.53722159, 7.32252721 ], [ 134.53708684, 7.32252721 ], [ 134.53708684, 7.32261704 ], [ 134.53717667, 7.32261704 ], [ 134.53717667, 7.32266195 ], [ 134.53722159, 7.32266195 ], [ 134.53722159, 7.32288653 ], [ 134.53713176, 7.32288653 ], [ 134.53713176, 7.32293145 ], [ 134.53686226, 7.32293145 ], [ 134.53686226, 7.32288653 ], [ 134.53681735, 7.32288653 ], [ 134.53681735, 7.32270687 ], [ 134.53686226, 7.32270687 ], [ 134.53686226, 7.32266195 ], [ 134.536907179999986, 7.32266195 ], [ 134.536907179999986, 7.32261704 ], [ 134.53695209, 7.32261704 ], [ 134.53695209, 7.32252721 ], [ 134.536907179999986, 7.32252721 ], [ 134.536907179999986, 7.32248229 ], [ 134.5366826, 7.32248229 ], [ 134.5366826, 7.32252721 ], [ 134.536637680000013, 7.32252721 ], [ 134.536637680000013, 7.32257212 ], [ 134.53659277, 7.32257212 ], [ 134.53659277, 7.32252721 ], [ 134.53654785, 7.32252721 ], [ 134.53654785, 7.32248229 ], [ 134.53650294, 7.32248229 ], [ 134.53650294, 7.32243738 ], [ 134.53645802, 7.32243738 ], [ 134.53645802, 7.32239246 ], [ 134.5364131, 7.32239246 ], [ 134.5364131, 7.32248229 ], [ 134.53636819, 7.32248229 ], [ 134.53636819, 7.32252721 ], [ 134.53632327, 7.32252721 ], [ 134.53632327, 7.32257212 ], [ 134.536278360000011, 7.32257212 ], [ 134.536278360000011, 7.32270687 ], [ 134.53632327, 7.32270687 ], [ 134.53632327, 7.32275179 ], [ 134.53636819, 7.32275179 ], [ 134.53636819, 7.32284162 ], [ 134.5364131, 7.32284162 ], [ 134.5364131, 7.32293145 ], [ 134.53636819, 7.32293145 ], [ 134.53636819, 7.32288653 ], [ 134.53632327, 7.32288653 ], [ 134.53632327, 7.32284162 ], [ 134.536143610000011, 7.32284162 ], [ 134.536143610000011, 7.32297636 ], [ 134.53605378, 7.32297636 ], [ 134.53605378, 7.32302128 ], [ 134.53600886000001, 7.32302128 ], [ 134.53600886000001, 7.3230662 ], [ 134.53596395, 7.3230662 ], [ 134.53596395, 7.32311111 ], [ 134.53600886000001, 7.32311111 ], [ 134.53600886000001, 7.32315603 ], [ 134.53605378, 7.32315603 ], [ 134.53605378, 7.32311111 ], [ 134.536098689999989, 7.32311111 ], [ 134.536098689999989, 7.3230662 ], [ 134.53618853, 7.3230662 ], [ 134.53618853, 7.32311111 ], [ 134.53623344, 7.32311111 ], [ 134.53623344, 7.32315603 ], [ 134.53636819, 7.32315603 ], [ 134.53636819, 7.32320094 ], [ 134.5364131, 7.32320094 ], [ 134.5364131, 7.3236501 ], [ 134.53654785, 7.3236501 ], [ 134.53654785, 7.32373993 ], [ 134.53659277, 7.32373993 ], [ 134.53659277, 7.32378485 ], [ 134.5366826, 7.32378485 ], [ 134.5366826, 7.32387468 ], [ 134.53672752, 7.32387468 ], [ 134.53672752, 7.3239196 ], [ 134.53681735, 7.3239196 ], [ 134.53681735, 7.32382976 ], [ 134.53686226, 7.32382976 ], [ 134.53686226, 7.32378485 ], [ 134.537041929999987, 7.32378485 ], [ 134.537041929999987, 7.32396451 ], [ 134.53708684, 7.32396451 ], [ 134.53708684, 7.32400943 ], [ 134.537041929999987, 7.32400943 ], [ 134.537041929999987, 7.32414417 ], [ 134.53708684, 7.32414417 ], [ 134.53708684, 7.32409926 ], [ 134.53713176, 7.32409926 ], [ 134.53713176, 7.32400943 ], [ 134.53717667, 7.32400943 ], [ 134.53717667, 7.32423401 ], [ 134.53713176, 7.32423401 ], [ 134.53713176, 7.32427892 ], [ 134.537041929999987, 7.32427892 ], [ 134.537041929999987, 7.32423401 ], [ 134.53699701, 7.32423401 ], [ 134.53699701, 7.32436875 ], [ 134.53713176, 7.32436875 ], [ 134.53713176, 7.32441367 ], [ 134.53717667, 7.32441367 ], [ 134.53717667, 7.32432384 ], [ 134.53722159, 7.32432384 ], [ 134.53722159, 7.3245035 ], [ 134.53717667, 7.3245035 ], [ 134.53717667, 7.32459333 ], [ 134.54382421, 7.32459333 ], [ 134.54382421, 7.3245035 ] ], [ [ 134.53888347, 7.32064074 ], [ 134.53888347, 7.32068566 ], [ 134.53892839, 7.32068566 ], [ 134.53892839, 7.32073058 ], [ 134.5389733, 7.32073058 ], [ 134.5389733, 7.32077549 ], [ 134.53901822, 7.32077549 ], [ 134.53901822, 7.32091024 ], [ 134.53906314, 7.32091024 ], [ 134.53906314, 7.32100007 ], [ 134.53888347, 7.32100007 ], [ 134.53888347, 7.3210899 ], [ 134.538838559999988, 7.3210899 ], [ 134.538838559999988, 7.32117973 ], [ 134.53879364, 7.32117973 ], [ 134.53879364, 7.32122465 ], [ 134.538838559999988, 7.32122465 ], [ 134.538838559999988, 7.32126957 ], [ 134.5389733, 7.32126957 ], [ 134.5389733, 7.32131448 ], [ 134.53892839, 7.32131448 ], [ 134.53892839, 7.3213594 ], [ 134.53888347, 7.3213594 ], [ 134.53888347, 7.32140431 ], [ 134.538838559999988, 7.32140431 ], [ 134.538838559999988, 7.32144923 ], [ 134.53879364, 7.32144923 ], [ 134.53879364, 7.32149414 ], [ 134.53865889, 7.32149414 ], [ 134.53865889, 7.32153906 ], [ 134.53852415, 7.32153906 ], [ 134.53852415, 7.32149414 ], [ 134.53847923, 7.32149414 ], [ 134.53847923, 7.32144923 ], [ 134.5383894, 7.32144923 ], [ 134.5383894, 7.3213594 ], [ 134.53834448, 7.3213594 ], [ 134.53834448, 7.32131448 ], [ 134.5383894, 7.32131448 ], [ 134.5383894, 7.32122465 ], [ 134.53834448, 7.32122465 ], [ 134.53834448, 7.32117973 ], [ 134.53829957, 7.32117973 ], [ 134.53829957, 7.32100007 ], [ 134.53834448, 7.32100007 ], [ 134.53834448, 7.32091024 ], [ 134.5383894, 7.32091024 ], [ 134.5383894, 7.32082041 ], [ 134.538434310000014, 7.32082041 ], [ 134.538434310000014, 7.32077549 ], [ 134.53847923, 7.32077549 ], [ 134.53847923, 7.32073058 ], [ 134.53852415, 7.32073058 ], [ 134.53852415, 7.32068566 ], [ 134.538569059999986, 7.32068566 ], [ 134.538569059999986, 7.32064074 ], [ 134.538703809999987, 7.32064074 ], [ 134.538703809999987, 7.32059583 ], [ 134.53879364, 7.32059583 ], [ 134.53879364, 7.32064074 ], [ 134.538838559999988, 7.32064074 ], [ 134.53888347, 7.32064074 ] ], [ [ 134.53632327, 7.32019159 ], [ 134.53632327, 7.32028142 ], [ 134.53636819, 7.32028142 ], [ 134.53636819, 7.320506 ], [ 134.53632327, 7.320506 ], [ 134.53632327, 7.32055091 ], [ 134.536278360000011, 7.32055091 ], [ 134.536278360000011, 7.32059583 ], [ 134.53618853, 7.32059583 ], [ 134.53618853, 7.32064074 ], [ 134.536143610000011, 7.32064074 ], [ 134.536143610000011, 7.32068566 ], [ 134.53596395, 7.32068566 ], [ 134.53596395, 7.32064074 ], [ 134.535874119999988, 7.32064074 ], [ 134.535874119999988, 7.32059583 ], [ 134.5358292, 7.32059583 ], [ 134.5358292, 7.320506 ], [ 134.53578428, 7.320506 ], [ 134.53578428, 7.32032633 ], [ 134.5358292, 7.32032633 ], [ 134.5358292, 7.3202365 ], [ 134.535874119999988, 7.3202365 ], [ 134.535874119999988, 7.32019159 ], [ 134.53596395, 7.32019159 ], [ 134.53596395, 7.3202365 ], [ 134.53605378, 7.3202365 ], [ 134.53605378, 7.32014667 ], [ 134.53623344, 7.32014667 ], [ 134.53623344, 7.32019159 ], [ 134.536278360000011, 7.32019159 ], [ 134.53632327, 7.32019159 ] ] ] } },
{ "type": "Feature", "properties": { "id": "geomorphic_data_verbose.fid-75f8f034_1a0c1004d45_-5c71", "class_name": "Outer Reef Flat", "area_sqkm": 0.38498072171825914 }, "geometry": { "type": "MultiPolygon", "coordinates": [ [ [ [ 134.54521659, 7.3245035 ], [ 134.54521659, 7.32454842 ], [ 134.545261509999989, 7.32454842 ], [ 134.545261509999989, 7.32459333 ], [ 134.54557592, 7.32459333 ], [ 134.54557592, 7.32454842 ], [ 134.54553101, 7.32454842 ], [ 134.54553101, 7.3245035 ], [ 134.54548609, 7.3245035 ], [ 134.54548609, 7.32441367 ], [ 134.54544117, 7.32441367 ], [ 134.54544117, 7.32436875 ], [ 134.54539626, 7.32436875 ], [ 134.54539626, 7.32427892 ], [ 134.54544117, 7.32427892 ], [ 134.54544117, 7.32414417 ], [ 134.54553101, 7.32414417 ], [ 134.54553101, 7.32405434 ], [ 134.54548609, 7.32405434 ], [ 134.54548609, 7.32400943 ], [ 134.54539626, 7.32400943 ], [ 134.54539626, 7.3239196 ], [ 134.54535134, 7.3239196 ], [ 134.54535134, 7.32382976 ], [ 134.545261509999989, 7.32382976 ], [ 134.545261509999989, 7.32387468 ], [ 134.54508185, 7.32387468 ], [ 134.54508185, 7.32373993 ], [ 134.545126759999988, 7.32373993 ], [ 134.545126759999988, 7.32369502 ], [ 134.545261509999989, 7.32369502 ], [ 134.545261509999989, 7.32360519 ], [ 134.54521659, 7.32360519 ], [ 134.54521659, 7.32356027 ], [ 134.54517168000001, 7.32356027 ], [ 134.54517168000001, 7.32360519 ], [ 134.545126759999988, 7.32360519 ], [ 134.545126759999988, 7.3236501 ], [ 134.54508185, 7.3236501 ], [ 134.54508185, 7.32369502 ], [ 134.54503693, 7.32369502 ], [ 134.54503693, 7.3236501 ], [ 134.54499202, 7.3236501 ], [ 134.54499202, 7.32360519 ], [ 134.5449471, 7.32360519 ], [ 134.5449471, 7.32369502 ], [ 134.54490218, 7.32369502 ], [ 134.54490218, 7.32373993 ], [ 134.54485727, 7.32373993 ], [ 134.54485727, 7.32382976 ], [ 134.54481235, 7.32382976 ], [ 134.54481235, 7.32378485 ], [ 134.544767439999987, 7.32378485 ], [ 134.544767439999987, 7.32369502 ], [ 134.54472252, 7.32369502 ], [ 134.54472252, 7.32382976 ], [ 134.54454286, 7.32382976 ], [ 134.54454286, 7.32378485 ], [ 134.544632689999986, 7.32378485 ], [ 134.544632689999986, 7.32369502 ], [ 134.54467761, 7.32369502 ], [ 134.54467761, 7.32360519 ], [ 134.54472252, 7.32360519 ], [ 134.54472252, 7.3236501 ], [ 134.54481235, 7.3236501 ], [ 134.54481235, 7.32356027 ], [ 134.54485727, 7.32356027 ], [ 134.54485727, 7.32338061 ], [ 134.54490218, 7.32338061 ], [ 134.54490218, 7.32320094 ], [ 134.5449471, 7.32320094 ], [ 134.5449471, 7.32288653 ], [ 134.54481235, 7.32288653 ], [ 134.54481235, 7.32293145 ], [ 134.54485727, 7.32293145 ], [ 134.54485727, 7.3230662 ], [ 134.54481235, 7.3230662 ], [ 134.54481235, 7.32320094 ], [ 134.544767439999987, 7.32320094 ], [ 134.544767439999987, 7.32333569 ], [ 134.54481235, 7.32333569 ], [ 134.54481235, 7.32338061 ], [ 134.544767439999987, 7.32338061 ], [ 134.544767439999987, 7.32342552 ], [ 134.54467761, 7.32342552 ], [ 134.54467761, 7.32347044 ], [ 134.54458777, 7.32347044 ], [ 134.54458777, 7.32356027 ], [ 134.544497940000014, 7.32356027 ], [ 134.544497940000014, 7.32351535 ], [ 134.54445303, 7.32351535 ], [ 134.54445303, 7.32356027 ], [ 134.54440811, 7.32356027 ], [ 134.54440811, 7.32360519 ], [ 134.5443632, 7.32360519 ], [ 134.5443632, 7.32356027 ], [ 134.54427336, 7.32356027 ], [ 134.54427336, 7.32360519 ], [ 134.54422845, 7.32360519 ], [ 134.54422845, 7.32351535 ], [ 134.54418353, 7.32351535 ], [ 134.54418353, 7.32342552 ], [ 134.544138620000012, 7.32342552 ], [ 134.544138620000012, 7.32338061 ], [ 134.54418353, 7.32338061 ], [ 134.54418353, 7.32333569 ], [ 134.54422845, 7.32333569 ], [ 134.54422845, 7.32315603 ], [ 134.54427336, 7.32315603 ], [ 134.54427336, 7.32311111 ], [ 134.54431828, 7.32311111 ], [ 134.54431828, 7.32302128 ], [ 134.54427336, 7.32302128 ], [ 134.54427336, 7.32288653 ], [ 134.54431828, 7.32288653 ], [ 134.54431828, 7.32275179 ], [ 134.5443632, 7.32275179 ], [ 134.5443632, 7.32266195 ], [ 134.54445303, 7.32266195 ], [ 134.54445303, 7.32261704 ], [ 134.54440811, 7.32261704 ], [ 134.54440811, 7.32257212 ], [ 134.54445303, 7.32257212 ], [ 134.54445303, 7.32239246 ], [ 134.54458777, 7.32239246 ], [ 134.54458777, 7.32243738 ], [ 134.544632689999986, 7.32243738 ], [ 134.544632689999986, 7.32248229 ], [ 134.54467761, 7.32248229 ], [ 134.54467761, 7.32252721 ], [ 134.54472252, 7.32252721 ], [ 134.54472252, 7.32257212 ], [ 134.54481235, 7.32257212 ], [ 134.54481235, 7.32252721 ], [ 134.5449471, 7.32252721 ], [ 134.5449471, 7.32257212 ], [ 134.54499202, 7.32257212 ], [ 134.54499202, 7.32270687 ], [ 134.54517168000001, 7.32270687 ], [ 134.54517168000001, 7.32275179 ], [ 134.54521659, 7.32275179 ], [ 134.54521659, 7.32284162 ], [ 134.545306430000011, 7.32284162 ], [ 134.545306430000011, 7.32288653 ], [ 134.54535134, 7.32288653 ], [ 134.54535134, 7.32284162 ], [ 134.54539626, 7.32284162 ], [ 134.54539626, 7.32288653 ], [ 134.54548609, 7.32288653 ], [ 134.54548609, 7.32284162 ], [ 134.54553101, 7.32284162 ], [ 134.54553101, 7.32293145 ], [ 134.54557592, 7.32293145 ], [ 134.54557592, 7.32297636 ], [ 134.545665750000012, 7.32297636 ], [ 134.545665750000012, 7.32293145 ], [ 134.54575558, 7.32293145 ], [ 134.54575558, 7.32288653 ], [ 134.545800500000013, 7.32288653 ], [ 134.545800500000013, 7.32284162 ], [ 134.54584542, 7.32284162 ], [ 134.54584542, 7.3227967 ], [ 134.545935250000014, 7.3227967 ], [ 134.545935250000014, 7.32288653 ], [ 134.54598016, 7.32288653 ], [ 134.54598016, 7.3230662 ], [ 134.54624966, 7.3230662 ], [ 134.54624966, 7.32302128 ], [ 134.5463844, 7.32302128 ], [ 134.5463844, 7.3230662 ], [ 134.546429319999987, 7.3230662 ], [ 134.546429319999987, 7.32311111 ], [ 134.54633949, 7.32311111 ], [ 134.54633949, 7.32315603 ], [ 134.546294569999986, 7.32315603 ], [ 134.546294569999986, 7.32324586 ], [ 134.54633949, 7.32324586 ], [ 134.54633949, 7.32329077 ], [ 134.546429319999987, 7.32329077 ], [ 134.546429319999987, 7.32333569 ], [ 134.54647424, 7.32333569 ], [ 134.54647424, 7.32338061 ], [ 134.54651915, 7.32338061 ], [ 134.54651915, 7.32347044 ], [ 134.54660898, 7.32347044 ], [ 134.54660898, 7.32338061 ], [ 134.5466539, 7.32338061 ], [ 134.5466539, 7.32333569 ], [ 134.54674373, 7.32333569 ], [ 134.54674373, 7.32338061 ], [ 134.54683356000001, 7.32338061 ], [ 134.54683356000001, 7.32329077 ], [ 134.54687848, 7.32329077 ], [ 134.54687848, 7.32311111 ], [ 134.546923389999989, 7.32311111 ], [ 134.546923389999989, 7.3230662 ], [ 134.54705814, 7.3230662 ], [ 134.54705814, 7.32302128 ], [ 134.54714797, 7.32302128 ], [ 134.54714797, 7.3230662 ], [ 134.54719289, 7.3230662 ], [ 134.54719289, 7.32311111 ], [ 134.54737255, 7.32311111 ], [ 134.54737255, 7.3230662 ], [ 134.547462380000013, 7.3230662 ], [ 134.547462380000013, 7.32302128 ], [ 134.5475073, 7.32302128 ], [ 134.5475073, 7.32299063250437 ], [ 134.54014111, 7.318852552432294 ], [ 134.54014111, 7.31888903 ], [ 134.54018603, 7.31888903 ], [ 134.54018603, 7.31893395 ], [ 134.540230939999987, 7.31893395 ], [ 134.540230939999987, 7.31897886 ], [ 134.54027586, 7.31897886 ], [ 134.54027586, 7.31902378 ], [ 134.54041061, 7.31902378 ], [ 134.54041061, 7.31906869 ], [ 134.54045552, 7.31906869 ], [ 134.54045552, 7.31911361 ], [ 134.540500439999988, 7.31911361 ], [ 134.540500439999988, 7.31920344 ], [ 134.54054536000001, 7.31920344 ], [ 134.54054536000001, 7.3193831 ], [ 134.540500439999988, 7.3193831 ], [ 134.540500439999988, 7.31942802 ], [ 134.54032078, 7.31942802 ], [ 134.54032078, 7.31951785 ], [ 134.540365689999987, 7.31951785 ], [ 134.540365689999987, 7.31960768 ], [ 134.54032078, 7.31960768 ], [ 134.54032078, 7.3196526 ], [ 134.54027586, 7.3196526 ], [ 134.54027586, 7.31969751 ], [ 134.54045552, 7.31969751 ], [ 134.54045552, 7.31974243 ], [ 134.540500439999988, 7.31974243 ], [ 134.540500439999988, 7.31987718 ], [ 134.54054536000001, 7.31987718 ], [ 134.54054536000001, 7.31996701 ], [ 134.54059027, 7.31996701 ], [ 134.54059027, 7.32001192 ], [ 134.5406801, 7.32001192 ], [ 134.5406801, 7.31996701 ], [ 134.54072502, 7.31996701 ], [ 134.54072502, 7.31992209 ], [ 134.54076993000001, 7.31992209 ], [ 134.54076993000001, 7.31996701 ], [ 134.54081485, 7.31996701 ], [ 134.54081485, 7.32001192 ], [ 134.540904680000011, 7.32001192 ], [ 134.540904680000011, 7.32005684 ], [ 134.5409496, 7.32005684 ], [ 134.5409496, 7.32010176 ], [ 134.54099451, 7.32010176 ], [ 134.54099451, 7.32014667 ], [ 134.541039430000012, 7.32014667 ], [ 134.541039430000012, 7.32019159 ], [ 134.54126401, 7.32019159 ], [ 134.54126401, 7.32028142 ], [ 134.54130892, 7.32028142 ], [ 134.54130892, 7.32037125 ], [ 134.54126401, 7.32037125 ], [ 134.54126401, 7.320506 ], [ 134.54130892, 7.320506 ], [ 134.54130892, 7.32077549 ], [ 134.54135384, 7.32077549 ], [ 134.54135384, 7.32082041 ], [ 134.541398750000013, 7.32082041 ], [ 134.541398750000013, 7.32086532 ], [ 134.54148859, 7.32086532 ], [ 134.54148859, 7.32091024 ], [ 134.541533500000014, 7.32091024 ], [ 134.541533500000014, 7.32095516 ], [ 134.54157842, 7.32095516 ], [ 134.54157842, 7.32104499 ], [ 134.54162333, 7.32104499 ], [ 134.54162333, 7.32100007 ], [ 134.541668249999987, 7.32100007 ], [ 134.541668249999987, 7.32113482 ], [ 134.541803, 7.32113482 ], [ 134.541803, 7.32117973 ], [ 134.54198266, 7.32117973 ], [ 134.54198266, 7.32122465 ], [ 134.54202758, 7.32122465 ], [ 134.54202758, 7.32126957 ], [ 134.54207249000001, 7.32126957 ], [ 134.54207249000001, 7.32131448 ], [ 134.542566560000012, 7.32131448 ], [ 134.542566560000012, 7.3213594 ], [ 134.54261148, 7.3213594 ], [ 134.54261148, 7.32140431 ], [ 134.542566560000012, 7.32140431 ], [ 134.542566560000012, 7.32149414 ], [ 134.54252165, 7.32149414 ], [ 134.54252165, 7.32162889 ], [ 134.5426564, 7.32162889 ], [ 134.5426564, 7.32167381 ], [ 134.542701310000012, 7.32167381 ], [ 134.542701310000012, 7.32171872 ], [ 134.54274623, 7.32171872 ], [ 134.54274623, 7.32176364 ], [ 134.542836060000013, 7.32176364 ], [ 134.542836060000013, 7.32171872 ], [ 134.54292589, 7.32171872 ], [ 134.54292589, 7.32185347 ], [ 134.542970810000014, 7.32185347 ], [ 134.542970810000014, 7.32189839 ], [ 134.54301572, 7.32189839 ], [ 134.54301572, 7.32185347 ], [ 134.54310555, 7.32185347 ], [ 134.54310555, 7.32189839 ], [ 134.54319539, 7.32189839 ], [ 134.54319539, 7.3219433 ], [ 134.54328522, 7.3219433 ], [ 134.54328522, 7.32185347 ], [ 134.54337505, 7.32185347 ], [ 134.54337505, 7.32189839 ], [ 134.54341996, 7.32189839 ], [ 134.54341996, 7.3219433 ], [ 134.543464879999988, 7.3219433 ], [ 134.543464879999988, 7.32198822 ], [ 134.54350980000001, 7.32198822 ], [ 134.54350980000001, 7.32230263 ], [ 134.543464879999988, 7.32230263 ], [ 134.543464879999988, 7.32234754 ], [ 134.54341996, 7.32234754 ], [ 134.54341996, 7.32248229 ], [ 134.54350980000001, 7.32248229 ], [ 134.54350980000001, 7.32261704 ], [ 134.543464879999988, 7.32261704 ], [ 134.543464879999988, 7.32275179 ], [ 134.54350980000001, 7.32275179 ], [ 134.54350980000001, 7.3227967 ], [ 134.543464879999988, 7.3227967 ], [ 134.543464879999988, 7.32284162 ], [ 134.54368946, 7.32284162 ], [ 134.54368946, 7.3227967 ], [ 134.54377929, 7.3227967 ], [ 134.54377929, 7.32275179 ], [ 134.54391404, 7.32275179 ], [ 134.54391404, 7.3227967 ], [ 134.54395895, 7.3227967 ], [ 134.54395895, 7.32275179 ], [ 134.54422845, 7.32275179 ], [ 134.54422845, 7.32288653 ], [ 134.54418353, 7.32288653 ], [ 134.54418353, 7.32293145 ], [ 134.544138620000012, 7.32293145 ], [ 134.544138620000012, 7.32297636 ], [ 134.5440937, 7.32297636 ], [ 134.5440937, 7.32302128 ], [ 134.54395895, 7.32302128 ], [ 134.54395895, 7.3230662 ], [ 134.54377929, 7.3230662 ], [ 134.54377929, 7.32311111 ], [ 134.54373437000001, 7.32311111 ], [ 134.54373437000001, 7.32315603 ], [ 134.54368946, 7.32315603 ], [ 134.54368946, 7.32320094 ], [ 134.54364454, 7.32320094 ], [ 134.54364454, 7.32329077 ], [ 134.54368946, 7.32329077 ], [ 134.54368946, 7.32333569 ], [ 134.54373437000001, 7.32333569 ], [ 134.54373437000001, 7.32369502 ], [ 134.54377929, 7.32369502 ], [ 134.54377929, 7.32373993 ], [ 134.54382421, 7.32373993 ], [ 134.54382421, 7.32382976 ], [ 134.543869120000011, 7.32382976 ], [ 134.543869120000011, 7.3239196 ], [ 134.54377929, 7.3239196 ], [ 134.54377929, 7.32400943 ], [ 134.543869120000011, 7.32400943 ], [ 134.543869120000011, 7.32405434 ], [ 134.54391404, 7.32405434 ], [ 134.54391404, 7.32409926 ], [ 134.54395895, 7.32409926 ], [ 134.54395895, 7.32418909 ], [ 134.5440937, 7.32418909 ], [ 134.5440937, 7.32423401 ], [ 134.544138620000012, 7.32423401 ], [ 134.544138620000012, 7.32418909 ], [ 134.54431828, 7.32418909 ], [ 134.54431828, 7.32414417 ], [ 134.54454286, 7.32414417 ], [ 134.54454286, 7.32409926 ], [ 134.54467761, 7.32409926 ], [ 134.54467761, 7.32405434 ], [ 134.54472252, 7.32405434 ], [ 134.54472252, 7.32400943 ], [ 134.54485727, 7.32400943 ], [ 134.54485727, 7.32396451 ], [ 134.5449471, 7.32396451 ], [ 134.5449471, 7.32400943 ], [ 134.54508185, 7.32400943 ], [ 134.54508185, 7.32405434 ], [ 134.54521659, 7.32405434 ], [ 134.54521659, 7.32400943 ], [ 134.545261509999989, 7.32400943 ], [ 134.545261509999989, 7.32405434 ], [ 134.545306430000011, 7.32405434 ], [ 134.545306430000011, 7.32427892 ], [ 134.545126759999988, 7.32427892 ], [ 134.545126759999988, 7.32432384 ], [ 134.54503693, 7.32432384 ], [ 134.54503693, 7.32436875 ], [ 134.54499202, 7.32436875 ], [ 134.54499202, 7.32441367 ], [ 134.5449471, 7.32441367 ], [ 134.5449471, 7.3245035 ], [ 134.54499202, 7.3245035 ], [ 134.54499202, 7.32459333 ], [ 134.54508185, 7.32459333 ], [ 134.54508185, 7.3245035 ], [ 134.54521659, 7.3245035 ] ], [ [ 134.543599629999989, 7.3227967 ], [ 134.54355471, 7.3227967 ], [ 134.54355471, 7.32275179 ], [ 134.543599629999989, 7.32275179 ], [ 134.543599629999989, 7.3227967 ] ], [ [ 134.540500439999988, 7.31956277 ], [ 134.54045552, 7.31956277 ], [ 134.54045552, 7.31951785 ], [ 134.540500439999988, 7.31951785 ], [ 134.540500439999988, 7.31956277 ] ] ], [ [ [ 134.547597130000014, 7.32320094 ], [ 134.547636040064987, 7.32320094 ], [ 134.54760958, 7.32304809 ], [ 134.547597130000014, 7.32304109600489 ], [ 134.547597130000014, 7.32320094 ] ] ], [ [ [ 134.54764205, 7.32333569 ], [ 134.547659366815111, 7.32333569 ], [ 134.54764205, 7.323235657169814 ], [ 134.54764205, 7.32333569 ] ] ], [ [ [ 134.53785041, 7.31839496 ], [ 134.537940240000012, 7.31839496 ], [ 134.537940240000012, 7.31835004 ], [ 134.538074990000013, 7.31835004 ], [ 134.538074990000013, 7.31830513 ], [ 134.538209740000013, 7.31830513 ], [ 134.538209740000013, 7.31826021 ], [ 134.53829957, 7.31826021 ], [ 134.53829957, 7.31825722322057 ], [ 134.53785041, 7.31820925631096 ], [ 134.53785041, 7.31839496 ] ] ], [ [ [ 134.538434310000014, 7.31835004 ], [ 134.53847923, 7.31835004 ], [ 134.53847923, 7.31830513 ], [ 134.538569059999986, 7.31830513 ], [ 134.538569059999986, 7.31835004 ], [ 134.53861398, 7.31835004 ], [ 134.53861398, 7.31839496 ], [ 134.539197879999989, 7.31839496 ], [ 134.539197879999989, 7.318353155971868 ], [ 134.538434310000014, 7.318271612439117 ], [ 134.538434310000014, 7.31835004 ] ] ], [ [ [ 134.539242800000011, 7.31839496 ], [ 134.53928771, 7.31839496 ], [ 134.53928771, 7.31843987 ], [ 134.539377550000012, 7.31843987 ], [ 134.539377550000012, 7.31848479 ], [ 134.539486456657414, 7.31848479 ], [ 134.539264870000011, 7.31836031 ], [ 134.539242800000011, 7.318357953090001 ], [ 134.539242800000011, 7.31839496 ] ] ], [ [ [ 134.53951229, 7.3185297 ], [ 134.539566400879636, 7.3185297 ], [ 134.53951229, 7.318499302311006 ], [ 134.53951229, 7.3185297 ] ] ] ] } },
{ "type": "Feature", "properties": { "id": "geomorphic_data_verbose.fid-75f8f034_1a0c1004d45_-5943", "class_name": "Inner Reef Flat", "area_sqkm": 0.0056415414839293809 }, "geometry": { "type": "Polygon", "coordinates": [ [ [ 134.53865889, 7.32153906 ], [ 134.53865889, 7.32149414 ], [ 134.53879364, 7.32149414 ], [ 134.53879364, 7.32144923 ], [ 134.538838559999988, 7.32144923 ], [ 134.538838559999988, 7.32140431 ], [ 134.53888347, 7.32140431 ], [ 134.53888347, 7.3213594 ], [ 134.53892839, 7.3213594 ], [ 134.53892839, 7.32131448 ], [ 134.5389733, 7.32131448 ], [ 134.5389733, 7.32126957 ], [ 134.53892839, 7.32126957 ], [ 134.538838559999988, 7.32126957 ], [ 134.538838559999988, 7.32122465 ], [ 134.53879364, 7.32122465 ], [ 134.53879364, 7.32117973 ], [ 134.538838559999988, 7.32117973 ], [ 134.538838559999988, 7.3210899 ], [ 134.53888347, 7.3210899 ], [ 134.53888347, 7.32100007 ], [ 134.53906314, 7.32100007 ], [ 134.53906314, 7.32091024 ], [ 134.53901822, 7.32091024 ], [ 134.53901822, 7.32077549 ], [ 134.5389733, 7.32077549 ], [ 134.5389733, 7.32073058 ], [ 134.53892839, 7.32073058 ], [ 134.53892839, 7.32068566 ], [ 134.53888347, 7.32068566 ], [ 134.53888347, 7.32064074 ], [ 134.538838559999988, 7.32064074 ], [ 134.53879364, 7.32064074 ], [ 134.53879364, 7.32059583 ], [ 134.538703809999987, 7.32059583 ], [ 134.538703809999987, 7.32064074 ], [ 134.538569059999986, 7.32064074 ], [ 134.538569059999986, 7.32068566 ], [ 134.53852415, 7.32068566 ], [ 134.53852415, 7.32073058 ], [ 134.53847923, 7.32073058 ], [ 134.53847923, 7.32077549 ], [ 134.538434310000014, 7.32077549 ], [ 134.538434310000014, 7.32082041 ], [ 134.5383894, 7.32082041 ], [ 134.5383894, 7.32091024 ], [ 134.53834448, 7.32091024 ], [ 134.53834448, 7.32100007 ], [ 134.53829957, 7.32100007 ], [ 134.53829957, 7.32117973 ], [ 134.53834448, 7.32117973 ], [ 134.53834448, 7.32122465 ], [ 134.5383894, 7.32122465 ], [ 134.5383894, 7.32131448 ], [ 134.53834448, 7.32131448 ], [ 134.53834448, 7.3213594 ], [ 134.5383894, 7.3213594 ], [ 134.5383894, 7.32144923 ], [ 134.538434310000014, 7.32144923 ], [ 134.53847923, 7.32144923 ], [ 134.53847923, 7.32149414 ], [ 134.53852415, 7.32149414 ], [ 134.53852415, 7.32153906 ], [ 134.53865889, 7.32153906 ] ] ] } },
{ "type": "Feature", "properties": { "id": "geomorphic_data_verbose.fid-75f8f034_1a0c1004d45_-52de", "class_name": "Outer Reef Flat", "area_sqkm": 0.0016013084380775691 }, "geometry": { "type": "Polygon", "coordinates": [ [ [ 134.537805490000011, 7.32198822 ], [ 134.537805490000011, 7.3219433 ], [ 134.53785041, 7.3219433 ], [ 134.53785041, 7.32189839 ], [ 134.53789533, 7.32189839 ], [ 134.53789533, 7.32185347 ], [ 134.537940240000012, 7.32185347 ], [ 134.537940240000012, 7.32167381 ], [ 134.53789533, 7.32167381 ], [ 134.53789533, 7.32162889 ], [ 134.53785041, 7.32162889 ], [ 134.53785041, 7.32158398 ], [ 134.537805490000011, 7.32158398 ], [ 134.537805490000011, 7.32153906 ], [ 134.53767075, 7.32153906 ], [ 134.53767075, 7.32158398 ], [ 134.53758091, 7.32158398 ], [ 134.53758091, 7.3219433 ], [ 134.53762583, 7.3219433 ], [ 134.53762583, 7.32198822 ], [ 134.537805490000011, 7.32198822 ] ] ] } },
{ "type": "Feature", "properties": { "id": "geomorphic_data_verbose.fid-75f8f034_1a0c1004d45_-52d6", "class_name": "Inner Reef Flat", "area_sqkm": 0.0021925591959673909 }, "geometry": { "type": "Polygon", "coordinates": [ [ [ 134.54341996, 7.32239246 ], [ 134.54341996, 7.32234754 ], [ 134.543464879999988, 7.32234754 ], [ 134.543464879999988, 7.32230263 ], [ 134.54350980000001, 7.32230263 ], [ 134.54350980000001, 7.32198822 ], [ 134.543464879999988, 7.32198822 ], [ 134.543464879999988, 7.3219433 ], [ 134.54341996, 7.3219433 ], [ 134.54341996, 7.32189839 ], [ 134.54337505, 7.32189839 ], [ 134.54337505, 7.32185347 ], [ 134.54328522, 7.32185347 ], [ 134.54328522, 7.3219433 ], [ 134.54319539, 7.3219433 ], [ 134.54319539, 7.32189839 ], [ 134.54315047, 7.32189839 ], [ 134.54310555, 7.32189839 ], [ 134.54310555, 7.32185347 ], [ 134.54301572, 7.32185347 ], [ 134.54301572, 7.32203313 ], [ 134.54306064, 7.32203313 ], [ 134.54306064, 7.32212297 ], [ 134.54310555, 7.32212297 ], [ 134.54310555, 7.3222128 ], [ 134.54315047, 7.3222128 ], [ 134.54315047, 7.32225771 ], [ 134.54319539, 7.32225771 ], [ 134.5432403, 7.32225771 ], [ 134.5432403, 7.32230263 ], [ 134.54328522, 7.32230263 ], [ 134.54328522, 7.32234754 ], [ 134.543330129999987, 7.32234754 ], [ 134.54337505, 7.32234754 ], [ 134.54337505, 7.32239246 ], [ 134.54341996, 7.32239246 ] ] ] } },
{ "type": "Feature", "properties": { "id": "geomorphic_data_verbose.fid-75f8f034_1a0c1004d45_-52da", "class_name": "Shallow Lagoon", "area_sqkm": 2.4635460146237164e-05 }, "geometry": { "type": "Polygon", "coordinates": [ [ [ 134.543599629999989, 7.3227967 ], [ 134.543599629999989, 7.32275179 ], [ 134.54355471, 7.32275179 ], [ 134.54355471, 7.3227967 ], [ 134.543599629999989, 7.3227967 ] ] ] } },
{ "type": "Feature", "properties": { "id": "geomorphic_data_verbose.fid-75f8f034_1a0c1004d45_-526d", "class_name": "Terrestrial Reef Flat", "area_sqkm": 0.066220031896470119 }, "geometry": { "type": "Polygon", "coordinates": [ [ [ 134.545800500000013, 7.32459333 ], [ 134.545800500000013, 7.32423401 ], [ 134.54575558, 7.32423401 ], [ 134.54575558, 7.32414417 ], [ 134.54624966, 7.32414417 ], [ 134.54624966, 7.32418909 ], [ 134.546294569999986, 7.32418909 ], [ 134.546294569999986, 7.32436875 ], [ 134.54633949, 7.32436875 ], [ 134.54633949, 7.32445858 ], [ 134.54651915, 7.32445858 ], [ 134.54651915, 7.32441367 ], [ 134.546564069999988, 7.32441367 ], [ 134.546564069999988, 7.32445858 ], [ 134.54660898, 7.32445858 ], [ 134.54660898, 7.32454842 ], [ 134.5466539, 7.32454842 ], [ 134.5466539, 7.32459333 ], [ 134.547877078533247, 7.32459333 ], [ 134.547752672084471, 7.32387468 ], [ 134.547731879999986, 7.32387468 ], [ 134.547731879999986, 7.32382976 ], [ 134.54768696, 7.32382976 ], [ 134.54768696, 7.32378485 ], [ 134.54764205, 7.32378485 ], [ 134.54764205, 7.3236501 ], [ 134.54768696, 7.3236501 ], [ 134.54768696, 7.32360519 ], [ 134.547706020315331, 7.32360519 ], [ 134.547659366815111, 7.32333569 ], [ 134.54764205, 7.32333569 ], [ 134.54764205, 7.323235657169814 ], [ 134.547636040064987, 7.32320094 ], [ 134.547597130000014, 7.32320094 ], [ 134.547597130000014, 7.32304109600489 ], [ 134.5475073, 7.32299063250437 ], [ 134.5475073, 7.32302128 ], [ 134.547462380000013, 7.32302128 ], [ 134.547462380000013, 7.3230662 ], [ 134.54737255, 7.3230662 ], [ 134.54737255, 7.32311111 ], [ 134.54719289, 7.32311111 ], [ 134.54719289, 7.3230662 ], [ 134.54714797, 7.3230662 ], [ 134.54714797, 7.32302128 ], [ 134.54705814, 7.32302128 ], [ 134.54705814, 7.3230662 ], [ 134.546923389999989, 7.3230662 ], [ 134.546923389999989, 7.32311111 ], [ 134.54687848, 7.32311111 ], [ 134.54687848, 7.32329077 ], [ 134.54683356000001, 7.32329077 ], [ 134.54683356000001, 7.32338061 ], [ 134.54674373, 7.32338061 ], [ 134.54674373, 7.32333569 ], [ 134.5466539, 7.32333569 ], [ 134.5466539, 7.32338061 ], [ 134.54660898, 7.32338061 ], [ 134.54660898, 7.32347044 ], [ 134.54651915, 7.32347044 ], [ 134.54651915, 7.32338061 ], [ 134.54647424, 7.32338061 ], [ 134.54647424, 7.32333569 ], [ 134.546429319999987, 7.32333569 ], [ 134.546429319999987, 7.32329077 ], [ 134.5463844, 7.32329077 ], [ 134.54633949, 7.32329077 ], [ 134.54633949, 7.32324586 ], [ 134.546294569999986, 7.32324586 ], [ 134.546294569999986, 7.32315603 ], [ 134.54633949, 7.32315603 ], [ 134.54633949, 7.32311111 ], [ 134.546429319999987, 7.32311111 ], [ 134.546429319999987, 7.3230662 ], [ 134.5463844, 7.3230662 ], [ 134.5463844, 7.32302128 ], [ 134.54624966, 7.32302128 ], [ 134.54624966, 7.3230662 ], [ 134.54598016, 7.3230662 ], [ 134.54598016, 7.32288653 ], [ 134.545935250000014, 7.32288653 ], [ 134.545935250000014, 7.3227967 ], [ 134.54584542, 7.3227967 ], [ 134.54584542, 7.32284162 ], [ 134.545800500000013, 7.32284162 ], [ 134.545800500000013, 7.32288653 ], [ 134.54575558, 7.32288653 ], [ 134.54575558, 7.32293145 ], [ 134.545665750000012, 7.32293145 ], [ 134.545665750000012, 7.32297636 ], [ 134.54557592, 7.32297636 ], [ 134.54557592, 7.32293145 ], [ 134.54553101, 7.32293145 ], [ 134.54553101, 7.32284162 ], [ 134.54548609, 7.32284162 ], [ 134.54548609, 7.32288653 ], [ 134.54539626, 7.32288653 ], [ 134.54539626, 7.32284162 ], [ 134.54535134, 7.32284162 ], [ 134.54535134, 7.32288653 ], [ 134.545306430000011, 7.32288653 ], [ 134.545306430000011, 7.32284162 ], [ 134.545261509999989, 7.32284162 ], [ 134.54521659, 7.32284162 ], [ 134.54521659, 7.32275179 ], [ 134.54517168000001, 7.32275179 ], [ 134.54517168000001, 7.32270687 ], [ 134.545126759999988, 7.32270687 ], [ 134.54499202, 7.32270687 ], [ 134.54499202, 7.32257212 ], [ 134.5449471, 7.32257212 ], [ 134.5449471, 7.32252721 ], [ 134.54481235, 7.32252721 ], [ 134.54481235, 7.32257212 ], [ 134.54472252, 7.32257212 ], [ 134.54472252, 7.32252721 ], [ 134.54467761, 7.32252721 ], [ 134.54467761, 7.32248229 ], [ 134.544632689999986, 7.32248229 ], [ 134.544632689999986, 7.32243738 ], [ 134.54458777, 7.32243738 ], [ 134.54458777, 7.32239246 ], [ 134.54445303, 7.32239246 ], [ 134.54445303, 7.32257212 ], [ 134.54440811, 7.32257212 ], [ 134.54440811, 7.32261704 ], [ 134.54445303, 7.32261704 ], [ 134.54445303, 7.32266195 ], [ 134.5443632, 7.32266195 ], [ 134.5443632, 7.32275179 ], [ 134.54431828, 7.32275179 ], [ 134.54431828, 7.32288653 ], [ 134.54427336, 7.32288653 ], [ 134.54427336, 7.32302128 ], [ 134.54431828, 7.32302128 ], [ 134.54431828, 7.32311111 ], [ 134.54427336, 7.32311111 ], [ 134.54427336, 7.32315603 ], [ 134.54422845, 7.32315603 ], [ 134.54422845, 7.32333569 ], [ 134.54418353, 7.32333569 ], [ 134.54418353, 7.32338061 ], [ 134.544138620000012, 7.32338061 ], [ 134.544138620000012, 7.32342552 ], [ 134.54418353, 7.32342552 ], [ 134.54418353, 7.32351535 ], [ 134.54422845, 7.32351535 ], [ 134.54422845, 7.32360519 ], [ 134.54427336, 7.32360519 ], [ 134.54427336, 7.32356027 ], [ 134.5443632, 7.32356027 ], [ 134.5443632, 7.32360519 ], [ 134.54440811, 7.32360519 ], [ 134.54440811, 7.32356027 ], [ 134.54445303, 7.32356027 ], [ 134.54445303, 7.32351535 ], [ 134.544497940000014, 7.32351535 ], [ 134.544497940000014, 7.32356027 ], [ 134.54458777, 7.32356027 ], [ 134.54458777, 7.32347044 ], [ 134.54467761, 7.32347044 ], [ 134.54467761, 7.32342552 ], [ 134.544767439999987, 7.32342552 ], [ 134.544767439999987, 7.32338061 ], [ 134.54481235, 7.32338061 ], [ 134.54481235, 7.32333569 ], [ 134.544767439999987, 7.32333569 ], [ 134.544767439999987, 7.32320094 ], [ 134.54481235, 7.32320094 ], [ 134.54481235, 7.3230662 ], [ 134.54485727, 7.3230662 ], [ 134.54485727, 7.32293145 ], [ 134.54481235, 7.32293145 ], [ 134.54481235, 7.32288653 ], [ 134.54490218, 7.32288653 ], [ 134.5449471, 7.32288653 ], [ 134.5449471, 7.32320094 ], [ 134.54490218, 7.32320094 ], [ 134.54490218, 7.32338061 ], [ 134.54485727, 7.32338061 ], [ 134.54485727, 7.32356027 ], [ 134.54481235, 7.32356027 ], [ 134.54481235, 7.3236501 ], [ 134.54472252, 7.3236501 ], [ 134.54472252, 7.32360519 ], [ 134.54467761, 7.32360519 ], [ 134.54467761, 7.32369502 ], [ 134.544632689999986, 7.32369502 ], [ 134.544632689999986, 7.32378485 ], [ 134.54454286, 7.32378485 ], [ 134.54454286, 7.32382976 ], [ 134.54472252, 7.32382976 ], [ 134.54472252, 7.32369502 ], [ 134.544767439999987, 7.32369502 ], [ 134.544767439999987, 7.32378485 ], [ 134.54481235, 7.32378485 ], [ 134.54481235, 7.32382976 ], [ 134.54485727, 7.32382976 ], [ 134.54485727, 7.32373993 ], [ 134.54490218, 7.32373993 ], [ 134.54490218, 7.32369502 ], [ 134.5449471, 7.32369502 ], [ 134.5449471, 7.32360519 ], [ 134.54499202, 7.32360519 ], [ 134.54499202, 7.3236501 ], [ 134.54503693, 7.3236501 ], [ 134.54503693, 7.32369502 ], [ 134.54508185, 7.32369502 ], [ 134.54508185, 7.3236501 ], [ 134.545126759999988, 7.3236501 ], [ 134.545126759999988, 7.32360519 ], [ 134.54517168000001, 7.32360519 ], [ 134.54517168000001, 7.32356027 ], [ 134.54521659, 7.32356027 ], [ 134.54521659, 7.32360519 ], [ 134.545261509999989, 7.32360519 ], [ 134.545261509999989, 7.32369502 ], [ 134.545126759999988, 7.32369502 ], [ 134.545126759999988, 7.32373993 ], [ 134.54508185, 7.32373993 ], [ 134.54508185, 7.32387468 ], [ 134.545261509999989, 7.32387468 ], [ 134.545261509999989, 7.32382976 ], [ 134.545306430000011, 7.32382976 ], [ 134.54535134, 7.32382976 ], [ 134.54535134, 7.3239196 ], [ 134.54539626, 7.3239196 ], [ 134.54539626, 7.32400943 ], [ 134.54544117, 7.32400943 ], [ 134.54548609, 7.32400943 ], [ 134.54548609, 7.32405434 ], [ 134.54553101, 7.32405434 ], [ 134.54553101, 7.32414417 ], [ 134.54544117, 7.32414417 ], [ 134.54544117, 7.32427892 ], [ 134.54539626, 7.32427892 ], [ 134.54539626, 7.32436875 ], [ 134.54544117, 7.32436875 ], [ 134.54544117, 7.32441367 ], [ 134.54548609, 7.32441367 ], [ 134.54548609, 7.3245035 ], [ 134.54553101, 7.3245035 ], [ 134.54553101, 7.32454842 ], [ 134.54557592, 7.32454842 ], [ 134.54557592, 7.32459333 ], [ 134.545800500000013, 7.32459333 ] ] ] } },
{ "type": "Feature", "properties": { "id": "geomorphic_data_verbose.fid-75f8f034_1a0c1004d45_-526e", "class_name": "Outer Reef Flat", "area_sqkm": 0.0010839579317271709 }, "geometry": { "type": "Polygon", "coordinates": [ [ [ 134.54768696, 7.32360519 ], [ 134.54768696, 7.3236501 ], [ 134.54764205, 7.3236501 ], [ 134.54764205, 7.32378485 ], [ 134.54768696, 7.32378485 ], [ 134.54768696, 7.32382976 ], [ 134.547731879999986, 7.32382976 ], [ 134.547731879999986, 7.32387468 ], [ 134.547752672084471, 7.32387468 ], [ 134.547706020315331, 7.32360519 ], [ 134.54768696, 7.32360519 ] ] ] } },
{ "type": "Feature", "properties": { "id": "geomorphic_data_verbose.fid-75f8f034_1a0c1004d45_-5983", "class_name": "Outer Reef Flat", "area_sqkm": 7.3906539881601928e-05 }, "geometry": { "type": "Polygon", "coordinates": [ [ [ 134.53344866, 7.32180855 ], [ 134.53344866, 7.32176364 ], [ 134.533313920000012, 7.32176364 ], [ 134.533313920000012, 7.32180855 ], [ 134.53344866, 7.32180855 ] ] ] } },
{ "type": "Feature", "properties": { "id": "geomorphic_data_verbose.fid-75f8f034_1a0c1004d45_-57e3", "class_name": "Outer Reef Flat", "area_sqkm": 0.011923590139301029 }, "geometry": { "type": "Polygon", "coordinates": [ [ [ 134.535739369999988, 7.32243738 ], [ 134.535739369999988, 7.32239246 ], [ 134.53578428, 7.32239246 ], [ 134.53578428, 7.32234754 ], [ 134.5358292, 7.32234754 ], [ 134.5358292, 7.32230263 ], [ 134.535874119999988, 7.32230263 ], [ 134.535874119999988, 7.3222128 ], [ 134.53591903, 7.3222128 ], [ 134.53591903, 7.32216788 ], [ 134.535874119999988, 7.32216788 ], [ 134.535874119999988, 7.32207805 ], [ 134.5358292, 7.32207805 ], [ 134.5358292, 7.32203313 ], [ 134.53578428, 7.32203313 ], [ 134.53578428, 7.32198822 ], [ 134.535739369999988, 7.32198822 ], [ 134.53569445, 7.32198822 ], [ 134.53569445, 7.3219433 ], [ 134.53564954, 7.3219433 ], [ 134.53564954, 7.32185347 ], [ 134.53569445, 7.32185347 ], [ 134.53569445, 7.32180855 ], [ 134.53578428, 7.32180855 ], [ 134.5358292, 7.32180855 ], [ 134.5358292, 7.32198822 ], [ 134.535874119999988, 7.32198822 ], [ 134.535874119999988, 7.32203313 ], [ 134.53591903, 7.32203313 ], [ 134.53591903, 7.32207805 ], [ 134.53596395, 7.32207805 ], [ 134.53596395, 7.32212297 ], [ 134.53600886000001, 7.32212297 ], [ 134.53600886000001, 7.32207805 ], [ 134.53605378, 7.32207805 ], [ 134.53605378, 7.32203313 ], [ 134.536098689999989, 7.32203313 ], [ 134.536098689999989, 7.3219433 ], [ 134.53605378, 7.3219433 ], [ 134.53600886000001, 7.3219433 ], [ 134.53600886000001, 7.32180855 ], [ 134.53605378, 7.32180855 ], [ 134.53605378, 7.32176364 ], [ 134.53600886000001, 7.32176364 ], [ 134.53600886000001, 7.32167381 ], [ 134.536098689999989, 7.32167381 ], [ 134.536098689999989, 7.32171872 ], [ 134.536143610000011, 7.32171872 ], [ 134.536143610000011, 7.32176364 ], [ 134.53618853, 7.32176364 ], [ 134.53618853, 7.32171872 ], [ 134.536278360000011, 7.32171872 ], [ 134.536278360000011, 7.32176364 ], [ 134.53636819, 7.32176364 ], [ 134.53636819, 7.32171872 ], [ 134.5364131, 7.32171872 ], [ 134.5364131, 7.32167381 ], [ 134.53645802, 7.32167381 ], [ 134.53645802, 7.32162889 ], [ 134.5364131, 7.32162889 ], [ 134.5364131, 7.32153906 ], [ 134.53636819, 7.32153906 ], [ 134.53636819, 7.32149414 ], [ 134.53632327, 7.32149414 ], [ 134.53632327, 7.32144923 ], [ 134.536278360000011, 7.32144923 ], [ 134.53623344, 7.32144923 ], [ 134.53623344, 7.32131448 ], [ 134.53618853, 7.32131448 ], [ 134.53618853, 7.32126957 ], [ 134.536143610000011, 7.32126957 ], [ 134.536143610000011, 7.32122465 ], [ 134.536098689999989, 7.32122465 ], [ 134.53600886000001, 7.32122465 ], [ 134.53600886000001, 7.32117973 ], [ 134.53569445, 7.32117973 ], [ 134.53569445, 7.32122465 ], [ 134.53564954, 7.32122465 ], [ 134.53564954, 7.32117973 ], [ 134.535469869999986, 7.32117973 ], [ 134.535469869999986, 7.32122465 ], [ 134.53533513, 7.32122465 ], [ 134.53533513, 7.32126957 ], [ 134.53529021, 7.32126957 ], [ 134.53529021, 7.3213594 ], [ 134.535245300000014, 7.3213594 ], [ 134.535245300000014, 7.32149414 ], [ 134.53520038, 7.32149414 ], [ 134.53520038, 7.32158398 ], [ 134.535245300000014, 7.32158398 ], [ 134.535245300000014, 7.32162889 ], [ 134.53529021, 7.32162889 ], [ 134.53529021, 7.32171872 ], [ 134.53520038, 7.32171872 ], [ 134.53520038, 7.32189839 ], [ 134.53515546, 7.32189839 ], [ 134.53515546, 7.3219433 ], [ 134.53520038, 7.3219433 ], [ 134.53520038, 7.32207805 ], [ 134.535245300000014, 7.32207805 ], [ 134.535245300000014, 7.32216788 ], [ 134.53529021, 7.32216788 ], [ 134.53529021, 7.32225771 ], [ 134.53542496, 7.32225771 ], [ 134.535469869999986, 7.32225771 ], [ 134.535469869999986, 7.32230263 ], [ 134.53551479, 7.32230263 ], [ 134.53551479, 7.32239246 ], [ 134.53555971, 7.32239246 ], [ 134.53555971, 7.32243738 ], [ 134.535739369999988, 7.32243738 ] ] ] } },
{ "type": "Feature", "properties": { "id": "geomorphic_data_verbose.fid-75f8f034_1a0c1004d45_-520b", "class_name": "Outer Reef Flat", "area_sqkm": 2.4635489139240234e-05 }, "geometry": { "type": "Polygon", "coordinates": [ [ [ 134.53722159, 7.32225771 ], [ 134.53722159, 7.3222128 ], [ 134.53717667, 7.3222128 ], [ 134.53717667, 7.32225771 ], [ 134.53722159, 7.32225771 ] ] ] } },
{ "type": "Feature", "properties": { "id": "geomorphic_data_verbose.fid-75f8f034_1a0c1004d45_-57e5", "class_name": "Outer Reef Flat", "area_sqkm": 0.00081297104944894093 }, "geometry": { "type": "Polygon", "coordinates": [ [ [ 134.53731142, 7.32248229 ], [ 134.53731142, 7.32243738 ], [ 134.537401249999988, 7.32243738 ], [ 134.537401249999988, 7.32239246 ], [ 134.53744617000001, 7.32239246 ], [ 134.53744617000001, 7.32230263 ], [ 134.53749108, 7.32230263 ], [ 134.53749108, 7.32225771 ], [ 134.537536, 7.32225771 ], [ 134.537536, 7.3222128 ], [ 134.53758091, 7.3222128 ], [ 134.53758091, 7.32212297 ], [ 134.537536, 7.32212297 ], [ 134.537536, 7.32207805 ], [ 134.53749108, 7.32207805 ], [ 134.53749108, 7.32212297 ], [ 134.537401249999988, 7.32212297 ], [ 134.537401249999988, 7.3222128 ], [ 134.53731142, 7.3222128 ], [ 134.53731142, 7.32230263 ], [ 134.537266499999987, 7.32230263 ], [ 134.537266499999987, 7.32234754 ], [ 134.53722159, 7.32234754 ], [ 134.53722159, 7.32248229 ], [ 134.53731142, 7.32248229 ] ] ] } },
{ "type": "Feature", "properties": { "id": "geomorphic_data_verbose.fid-75f8f034_1a0c1004d45_-597f", "class_name": "Inner Reef Flat", "area_sqkm": 0.12512356635307287 }, "geometry": { "type": "Polygon", "coordinates": [ [ [ 134.53308934, 7.32454842 ], [ 134.53322409, 7.32454842 ], [ 134.53322409, 7.3245035 ], [ 134.533179170000011, 7.3245035 ], [ 134.533134249999989, 7.3245035 ], [ 134.533134249999989, 7.32445858 ], [ 134.53308934, 7.32445858 ], [ 134.53308934, 7.3245035 ], [ 134.53299951, 7.3245035 ], [ 134.53299951, 7.32441367 ], [ 134.53304442000001, 7.32441367 ], [ 134.53304442000001, 7.32436875 ], [ 134.53299951, 7.32436875 ], [ 134.53299951, 7.32427892 ], [ 134.53295459, 7.32427892 ], [ 134.53295459, 7.32423401 ], [ 134.532909679999989, 7.32423401 ], [ 134.532909679999989, 7.32414417 ], [ 134.53295459, 7.32414417 ], [ 134.53295459, 7.32409926 ], [ 134.532909679999989, 7.32409926 ], [ 134.532909679999989, 7.32396451 ], [ 134.53304442000001, 7.32396451 ], [ 134.53304442000001, 7.3239196 ], [ 134.53299951, 7.3239196 ], [ 134.53299951, 7.32387468 ], [ 134.533134249999989, 7.32387468 ], [ 134.533134249999989, 7.32378485 ], [ 134.533179170000011, 7.32378485 ], [ 134.533179170000011, 7.32360519 ], [ 134.53322409, 7.32360519 ], [ 134.53322409, 7.32356027 ], [ 134.533313920000012, 7.32356027 ], [ 134.533313920000012, 7.3236501 ], [ 134.53335883, 7.3236501 ], [ 134.53335883, 7.32369502 ], [ 134.53340375, 7.32369502 ], [ 134.53340375, 7.32373993 ], [ 134.53344866, 7.32373993 ], [ 134.53344866, 7.32378485 ], [ 134.5335385, 7.32378485 ], [ 134.53358341, 7.32378485 ], [ 134.53358341, 7.32382976 ], [ 134.53362833, 7.32382976 ], [ 134.53362833, 7.32387468 ], [ 134.533673240000013, 7.32387468 ], [ 134.533673240000013, 7.3239196 ], [ 134.53371816, 7.3239196 ], [ 134.53371816, 7.32396451 ], [ 134.53376307, 7.32396451 ], [ 134.53376307, 7.3239196 ], [ 134.533807990000014, 7.3239196 ], [ 134.533807990000014, 7.32396451 ], [ 134.53389782, 7.32396451 ], [ 134.53389782, 7.32387468 ], [ 134.533942739999986, 7.32387468 ], [ 134.533942739999986, 7.32382976 ], [ 134.53398765, 7.32382976 ], [ 134.53398765, 7.32373993 ], [ 134.534077489999987, 7.32373993 ], [ 134.534077489999987, 7.32369502 ], [ 134.53416732, 7.32369502 ], [ 134.53416732, 7.3236501 ], [ 134.53425715, 7.3236501 ], [ 134.53425715, 7.32351535 ], [ 134.534302059999987, 7.32351535 ], [ 134.534302059999987, 7.32347044 ], [ 134.53448173000001, 7.32347044 ], [ 134.53448173000001, 7.32342552 ], [ 134.53452664, 7.32342552 ], [ 134.53452664, 7.32333569 ], [ 134.53466139, 7.32333569 ], [ 134.53466139, 7.32329077 ], [ 134.53479614, 7.32329077 ], [ 134.53479614, 7.32315603 ], [ 134.534841050000011, 7.32315603 ], [ 134.534841050000011, 7.32311111 ], [ 134.53502072, 7.32311111 ], [ 134.53502072, 7.32320094 ], [ 134.53506563, 7.32320094 ], [ 134.53506563, 7.32324586 ], [ 134.535110550000013, 7.32324586 ], [ 134.535110550000013, 7.32320094 ], [ 134.53515546, 7.32320094 ], [ 134.53515546, 7.32315603 ], [ 134.535245300000014, 7.32315603 ], [ 134.535245300000014, 7.32311111 ], [ 134.53533513, 7.32311111 ], [ 134.53533513, 7.32315603 ], [ 134.535469869999986, 7.32315603 ], [ 134.535469869999986, 7.32311111 ], [ 134.53542496, 7.32311111 ], [ 134.53538004, 7.32311111 ], [ 134.53538004, 7.32297636 ], [ 134.53533513, 7.32297636 ], [ 134.53529021, 7.32297636 ], [ 134.53529021, 7.3227967 ], [ 134.535245300000014, 7.3227967 ], [ 134.535245300000014, 7.32266195 ], [ 134.53538004, 7.32266195 ], [ 134.53538004, 7.32261704 ], [ 134.53542496, 7.32261704 ], [ 134.53542496, 7.32257212 ], [ 134.535469869999986, 7.32257212 ], [ 134.535469869999986, 7.32252721 ], [ 134.53551479, 7.32252721 ], [ 134.53551479, 7.32257212 ], [ 134.53555971, 7.32257212 ], [ 134.535604619999987, 7.32257212 ], [ 134.535604619999987, 7.32261704 ], [ 134.53569445, 7.32261704 ], [ 134.535739369999988, 7.32261704 ], [ 134.535739369999988, 7.32275179 ], [ 134.53578428, 7.32275179 ], [ 134.53578428, 7.32288653 ], [ 134.535739369999988, 7.32288653 ], [ 134.535739369999988, 7.32297636 ], [ 134.53569445, 7.32297636 ], [ 134.53569445, 7.32293145 ], [ 134.53564954, 7.32293145 ], [ 134.53564954, 7.32297636 ], [ 134.535604619999987, 7.32297636 ], [ 134.535604619999987, 7.32293145 ], [ 134.53551479, 7.32293145 ], [ 134.53551479, 7.32297636 ], [ 134.53542496, 7.32297636 ], [ 134.53542496, 7.32302128 ], [ 134.535469869999986, 7.32302128 ], [ 134.53551479, 7.32302128 ], [ 134.53551479, 7.32315603 ], [ 134.53555971, 7.32315603 ], [ 134.53555971, 7.32311111 ], [ 134.535604619999987, 7.32311111 ], [ 134.535604619999987, 7.3230662 ], [ 134.53564954, 7.3230662 ], [ 134.53564954, 7.32311111 ], [ 134.53569445, 7.32311111 ], [ 134.53569445, 7.32315603 ], [ 134.535739369999988, 7.32315603 ], [ 134.53578428, 7.32315603 ], [ 134.53578428, 7.32324586 ], [ 134.535739369999988, 7.32324586 ], [ 134.535739369999988, 7.32320094 ], [ 134.53569445, 7.32320094 ], [ 134.53564954, 7.32320094 ], [ 134.53564954, 7.32315603 ], [ 134.535604619999987, 7.32315603 ], [ 134.535604619999987, 7.32320094 ], [ 134.53555971, 7.32320094 ], [ 134.53555971, 7.32324586 ], [ 134.535604619999987, 7.32324586 ], [ 134.535604619999987, 7.32329077 ], [ 134.53564954, 7.32329077 ], [ 134.53564954, 7.32333569 ], [ 134.53569445, 7.32333569 ], [ 134.53569445, 7.32338061 ], [ 134.535739369999988, 7.32338061 ], [ 134.535739369999988, 7.32329077 ], [ 134.5358292, 7.32329077 ], [ 134.5358292, 7.32333569 ], [ 134.535874119999988, 7.32333569 ], [ 134.535874119999988, 7.32342552 ], [ 134.53596395, 7.32342552 ], [ 134.53596395, 7.32338061 ], [ 134.53600886000001, 7.32338061 ], [ 134.53600886000001, 7.32333569 ], [ 134.53618853, 7.32333569 ], [ 134.53618853, 7.32342552 ], [ 134.53623344, 7.32342552 ], [ 134.53623344, 7.32329077 ], [ 134.536278360000011, 7.32329077 ], [ 134.536278360000011, 7.32338061 ], [ 134.53636819, 7.32338061 ], [ 134.53636819, 7.32329077 ], [ 134.5364131, 7.32329077 ], [ 134.5364131, 7.32320094 ], [ 134.53636819, 7.32320094 ], [ 134.53636819, 7.32315603 ], [ 134.53632327, 7.32315603 ], [ 134.53623344, 7.32315603 ], [ 134.53623344, 7.32311111 ], [ 134.53618853, 7.32311111 ], [ 134.53618853, 7.3230662 ], [ 134.536098689999989, 7.3230662 ], [ 134.536098689999989, 7.32311111 ], [ 134.53605378, 7.32311111 ], [ 134.53605378, 7.32315603 ], [ 134.53600886000001, 7.32315603 ], [ 134.53600886000001, 7.32311111 ], [ 134.53596395, 7.32311111 ], [ 134.53596395, 7.3230662 ], [ 134.53600886000001, 7.3230662 ], [ 134.53600886000001, 7.32302128 ], [ 134.53605378, 7.32302128 ], [ 134.53605378, 7.32297636 ], [ 134.536143610000011, 7.32297636 ], [ 134.536143610000011, 7.32284162 ], [ 134.53632327, 7.32284162 ], [ 134.53632327, 7.32288653 ], [ 134.53636819, 7.32288653 ], [ 134.53636819, 7.32293145 ], [ 134.5364131, 7.32293145 ], [ 134.5364131, 7.32284162 ], [ 134.53636819, 7.32284162 ], [ 134.53636819, 7.32275179 ], [ 134.53632327, 7.32275179 ], [ 134.53632327, 7.32270687 ], [ 134.536278360000011, 7.32270687 ], [ 134.536278360000011, 7.32257212 ], [ 134.53632327, 7.32257212 ], [ 134.53632327, 7.32252721 ], [ 134.53636819, 7.32252721 ], [ 134.53636819, 7.32248229 ], [ 134.5364131, 7.32248229 ], [ 134.5364131, 7.32239246 ], [ 134.53645802, 7.32239246 ], [ 134.53645802, 7.32243738 ], [ 134.53650294, 7.32243738 ], [ 134.53650294, 7.32248229 ], [ 134.53654785, 7.32248229 ], [ 134.53654785, 7.32252721 ], [ 134.53659277, 7.32252721 ], [ 134.53659277, 7.32257212 ], [ 134.536637680000013, 7.32257212 ], [ 134.536637680000013, 7.32252721 ], [ 134.5366826, 7.32252721 ], [ 134.5366826, 7.32248229 ], [ 134.536907179999986, 7.32248229 ], [ 134.536907179999986, 7.32252721 ], [ 134.53695209, 7.32252721 ], [ 134.53695209, 7.32261704 ], [ 134.536907179999986, 7.32261704 ], [ 134.536907179999986, 7.32266195 ], [ 134.53686226, 7.32266195 ], [ 134.53686226, 7.32270687 ], [ 134.53681735, 7.32270687 ], [ 134.53681735, 7.32288653 ], [ 134.53686226, 7.32288653 ], [ 134.53686226, 7.32293145 ], [ 134.53713176, 7.32293145 ], [ 134.53713176, 7.32288653 ], [ 134.53722159, 7.32288653 ], [ 134.53722159, 7.32266195 ], [ 134.53717667, 7.32266195 ], [ 134.53717667, 7.32261704 ], [ 134.53713176, 7.32261704 ], [ 134.53708684, 7.32261704 ], [ 134.53708684, 7.32252721 ], [ 134.537041929999987, 7.32252721 ], [ 134.537041929999987, 7.32248229 ], [ 134.53713176, 7.32248229 ], [ 134.53713176, 7.32252721 ], [ 134.53722159, 7.32252721 ], [ 134.53722159, 7.32234754 ], [ 134.537266499999987, 7.32234754 ], [ 134.537266499999987, 7.32230263 ], [ 134.53731142, 7.32230263 ], [ 134.53731142, 7.3222128 ], [ 134.537401249999988, 7.3222128 ], [ 134.537401249999988, 7.32212297 ], [ 134.53749108, 7.32212297 ], [ 134.53749108, 7.32207805 ], [ 134.53758091, 7.32207805 ], [ 134.53758091, 7.32203313 ], [ 134.53762583, 7.32203313 ], [ 134.53762583, 7.32207805 ], [ 134.53776058, 7.32207805 ], [ 134.53776058, 7.32198822 ], [ 134.53771566, 7.32198822 ], [ 134.53762583, 7.32198822 ], [ 134.53762583, 7.3219433 ], [ 134.53758091, 7.3219433 ], [ 134.53758091, 7.32158398 ], [ 134.537536, 7.32158398 ], [ 134.537536, 7.32189839 ], [ 134.537401249999988, 7.32189839 ], [ 134.537401249999988, 7.32198822 ], [ 134.53731142, 7.32198822 ], [ 134.53731142, 7.3219433 ], [ 134.537266499999987, 7.3219433 ], [ 134.537266499999987, 7.32189839 ], [ 134.53722159, 7.32189839 ], [ 134.53713176, 7.32189839 ], [ 134.53713176, 7.32185347 ], [ 134.53717667, 7.32185347 ], [ 134.53717667, 7.32180855 ], [ 134.53722159, 7.32180855 ], [ 134.53722159, 7.32176364 ], [ 134.53717667, 7.32176364 ], [ 134.53717667, 7.32171872 ], [ 134.53713176, 7.32171872 ], [ 134.53713176, 7.32176364 ], [ 134.537041929999987, 7.32176364 ], [ 134.537041929999987, 7.32185347 ], [ 134.53695209, 7.32185347 ], [ 134.53695209, 7.32180855 ], [ 134.53681735, 7.32180855 ], [ 134.53681735, 7.32189839 ], [ 134.53659277, 7.32189839 ], [ 134.53659277, 7.32185347 ], [ 134.536637680000013, 7.32185347 ], [ 134.536637680000013, 7.32176364 ], [ 134.5366826, 7.32176364 ], [ 134.5366826, 7.32171872 ], [ 134.536637680000013, 7.32171872 ], [ 134.536637680000013, 7.32167381 ], [ 134.53659277, 7.32167381 ], [ 134.53659277, 7.32171872 ], [ 134.53654785, 7.32171872 ], [ 134.53654785, 7.32167381 ], [ 134.5364131, 7.32167381 ], [ 134.5364131, 7.32171872 ], [ 134.53636819, 7.32171872 ], [ 134.53636819, 7.32176364 ], [ 134.536278360000011, 7.32176364 ], [ 134.536278360000011, 7.32171872 ], [ 134.53618853, 7.32171872 ], [ 134.53618853, 7.32176364 ], [ 134.536143610000011, 7.32176364 ], [ 134.536143610000011, 7.32171872 ], [ 134.536098689999989, 7.32171872 ], [ 134.536098689999989, 7.32167381 ], [ 134.53600886000001, 7.32167381 ], [ 134.53600886000001, 7.32176364 ], [ 134.53605378, 7.32176364 ], [ 134.53605378, 7.32180855 ], [ 134.53600886000001, 7.32180855 ], [ 134.53600886000001, 7.3219433 ], [ 134.53605378, 7.3219433 ], [ 134.536098689999989, 7.3219433 ], [ 134.536098689999989, 7.32203313 ], [ 134.53605378, 7.32203313 ], [ 134.53605378, 7.32207805 ], [ 134.53600886000001, 7.32207805 ], [ 134.53600886000001, 7.32212297 ], [ 134.53596395, 7.32212297 ], [ 134.53596395, 7.32207805 ], [ 134.53591903, 7.32207805 ], [ 134.53591903, 7.32203313 ], [ 134.535874119999988, 7.32203313 ], [ 134.535874119999988, 7.32198822 ], [ 134.5358292, 7.32198822 ], [ 134.5358292, 7.32180855 ], [ 134.53578428, 7.32180855 ], [ 134.53569445, 7.32180855 ], [ 134.53569445, 7.32185347 ], [ 134.53564954, 7.32185347 ], [ 134.53564954, 7.3219433 ], [ 134.53569445, 7.3219433 ], [ 134.53569445, 7.32198822 ], [ 134.535739369999988, 7.32198822 ], [ 134.53578428, 7.32198822 ], [ 134.53578428, 7.32203313 ], [ 134.5358292, 7.32203313 ], [ 134.5358292, 7.32207805 ], [ 134.535874119999988, 7.32207805 ], [ 134.535874119999988, 7.32216788 ], [ 134.53591903, 7.32216788 ], [ 134.53591903, 7.3222128 ], [ 134.535874119999988, 7.3222128 ], [ 134.535874119999988, 7.32230263 ], [ 134.5358292, 7.32230263 ], [ 134.5358292, 7.32234754 ], [ 134.53578428, 7.32234754 ], [ 134.53578428, 7.32239246 ], [ 134.535739369999988, 7.32239246 ], [ 134.535739369999988, 7.32243738 ], [ 134.53555971, 7.32243738 ], [ 134.53555971, 7.32239246 ], [ 134.53551479, 7.32239246 ], [ 134.53551479, 7.32230263 ], [ 134.535469869999986, 7.32230263 ], [ 134.535469869999986, 7.32225771 ], [ 134.53542496, 7.32225771 ], [ 134.53529021, 7.32225771 ], [ 134.53529021, 7.32216788 ], [ 134.535245300000014, 7.32216788 ], [ 134.535245300000014, 7.32207805 ], [ 134.53520038, 7.32207805 ], [ 134.53520038, 7.3219433 ], [ 134.53515546, 7.3219433 ], [ 134.53515546, 7.32189839 ], [ 134.53520038, 7.32189839 ], [ 134.53520038, 7.32171872 ], [ 134.53529021, 7.32171872 ], [ 134.53529021, 7.32162889 ], [ 134.535245300000014, 7.32162889 ], [ 134.535245300000014, 7.32158398 ], [ 134.53520038, 7.32158398 ], [ 134.53520038, 7.32149414 ], [ 134.535245300000014, 7.32149414 ], [ 134.535245300000014, 7.32144923 ], [ 134.53520038, 7.32144923 ], [ 134.535110550000013, 7.32144923 ], [ 134.535110550000013, 7.32140431 ], [ 134.53506563, 7.32140431 ], [ 134.53502072, 7.32140431 ], [ 134.53502072, 7.32126957 ], [ 134.534975800000012, 7.32126957 ], [ 134.53493088, 7.32126957 ], [ 134.53493088, 7.32122465 ], [ 134.534975800000012, 7.32122465 ], [ 134.534975800000012, 7.32113482 ], [ 134.53502072, 7.32113482 ], [ 134.53502072, 7.32100007 ], [ 134.534975800000012, 7.32100007 ], [ 134.534975800000012, 7.32095516 ], [ 134.53493088, 7.32095516 ], [ 134.53493088, 7.32091024 ], [ 134.534975800000012, 7.32091024 ], [ 134.534975800000012, 7.32077549 ], [ 134.53493088, 7.32077549 ], [ 134.53493088, 7.32073058 ], [ 134.53488597, 7.32073058 ], [ 134.534841050000011, 7.32073058 ], [ 134.534841050000011, 7.32068566 ], [ 134.53475122, 7.32068566 ], [ 134.53475122, 7.32073058 ], [ 134.53470631, 7.32073058 ], [ 134.53470631, 7.32077549 ], [ 134.53475122, 7.32077549 ], [ 134.53475122, 7.32091024 ], [ 134.53466139, 7.32091024 ], [ 134.53466139, 7.32095516 ], [ 134.53461647, 7.32095516 ], [ 134.53461647, 7.32100007 ], [ 134.53448173000001, 7.32100007 ], [ 134.53448173000001, 7.32095516 ], [ 134.534436809999988, 7.32095516 ], [ 134.534436809999988, 7.32077549 ], [ 134.5343919, 7.32077549 ], [ 134.53434698, 7.32077549 ], [ 134.53434698, 7.32064074 ], [ 134.534302059999987, 7.32064074 ], [ 134.53425715, 7.32064074 ], [ 134.53425715, 7.32059583 ], [ 134.53421223, 7.32059583 ], [ 134.53421223, 7.32055091 ], [ 134.53416732, 7.32055091 ], [ 134.53416732, 7.32046108 ], [ 134.5341224, 7.32046108 ], [ 134.5341224, 7.32037125 ], [ 134.53403257, 7.32037125 ], [ 134.53403257, 7.32055091 ], [ 134.53398765, 7.32055091 ], [ 134.53398765, 7.32059583 ], [ 134.533942739999986, 7.32059583 ], [ 134.533942739999986, 7.32068566 ], [ 134.53385291, 7.32068566 ], [ 134.53385291, 7.32059583 ], [ 134.533807990000014, 7.32059583 ], [ 134.533807990000014, 7.32073058 ], [ 134.53385291, 7.32073058 ], [ 134.53389782, 7.32073058 ], [ 134.53389782, 7.32077549 ], [ 134.53403257, 7.32077549 ], [ 134.53403257, 7.32073058 ], [ 134.534077489999987, 7.32073058 ], [ 134.534077489999987, 7.32055091 ], [ 134.5341224, 7.32055091 ], [ 134.5341224, 7.32059583 ], [ 134.53416732, 7.32059583 ], [ 134.53416732, 7.32068566 ], [ 134.5341224, 7.32068566 ], [ 134.5341224, 7.32073058 ], [ 134.53416732, 7.32073058 ], [ 134.53416732, 7.32086532 ], [ 134.53421223, 7.32086532 ], [ 134.53421223, 7.32100007 ], [ 134.53425715, 7.32100007 ], [ 134.53425715, 7.32104499 ], [ 134.534302059999987, 7.32104499 ], [ 134.53434698, 7.32104499 ], [ 134.53434698, 7.3210899 ], [ 134.534302059999987, 7.3210899 ], [ 134.534302059999987, 7.32117973 ], [ 134.53425715, 7.32117973 ], [ 134.53425715, 7.32126957 ], [ 134.53421223, 7.32126957 ], [ 134.53421223, 7.32140431 ], [ 134.53416732, 7.32140431 ], [ 134.53416732, 7.32144923 ], [ 134.5341224, 7.32144923 ], [ 134.5341224, 7.32149414 ], [ 134.534077489999987, 7.32149414 ], [ 134.534077489999987, 7.32153906 ], [ 134.53403257, 7.32153906 ], [ 134.53403257, 7.32158398 ], [ 134.53398765, 7.32158398 ], [ 134.53398765, 7.32162889 ], [ 134.53389782, 7.32162889 ], [ 134.53389782, 7.32167381 ], [ 134.533807990000014, 7.32167381 ], [ 134.533807990000014, 7.32171872 ], [ 134.5335385, 7.32171872 ], [ 134.5335385, 7.32167381 ], [ 134.53349358, 7.32167381 ], [ 134.53349358, 7.32162889 ], [ 134.53344866, 7.32162889 ], [ 134.53344866, 7.32158398 ], [ 134.533134249999989, 7.32158398 ], [ 134.533134249999989, 7.32162889 ], [ 134.53299951, 7.32162889 ], [ 134.53299951, 7.32158398 ], [ 134.53295459, 7.32158398 ], [ 134.53295459, 7.32149414 ], [ 134.532909679999989, 7.32149414 ], [ 134.532909679999989, 7.32144923 ], [ 134.533313920000012, 7.32144923 ], [ 134.533313920000012, 7.32140431 ], [ 134.53340375, 7.32140431 ], [ 134.53340375, 7.32144923 ], [ 134.53344866, 7.32144923 ], [ 134.53344866, 7.32140431 ], [ 134.53349358, 7.32140431 ], [ 134.53349358, 7.3213594 ], [ 134.53344866, 7.3213594 ], [ 134.53344866, 7.32131448 ], [ 134.53340375, 7.32131448 ], [ 134.53340375, 7.3213594 ], [ 134.533313920000012, 7.3213594 ], [ 134.533313920000012, 7.32122465 ], [ 134.53335883, 7.32122465 ], [ 134.53335883, 7.32113482 ], [ 134.533313920000012, 7.32113482 ], [ 134.533313920000012, 7.32104499 ], [ 134.533269, 7.32104499 ], [ 134.53322409, 7.32104499 ], [ 134.53322409, 7.3210899 ], [ 134.533269, 7.3210899 ], [ 134.533269, 7.32113482 ], [ 134.53322409, 7.32113482 ], [ 134.53322409, 7.32131448 ], [ 134.533134249999989, 7.32131448 ], [ 134.533134249999989, 7.32126957 ], [ 134.53308934, 7.32126957 ], [ 134.53299951, 7.32126957 ], [ 134.53299951, 7.32117973 ], [ 134.53304442000001, 7.32117973 ], [ 134.53304442000001, 7.32104499 ], [ 134.53299951, 7.32104499 ], [ 134.53299951, 7.32100007 ], [ 134.53295459, 7.32100007 ], [ 134.53295459, 7.32104499 ], [ 134.53281984, 7.32104499 ], [ 134.53281984, 7.32100007 ], [ 134.532774929999988, 7.32100007 ], [ 134.532774929999988, 7.32095516 ], [ 134.53273001, 7.32095516 ], [ 134.53273001, 7.32091024 ], [ 134.5326851, 7.32091024 ], [ 134.5326851, 7.32104499 ], [ 134.53273001, 7.32104499 ], [ 134.53273001, 7.32113482 ], [ 134.5326851, 7.32113482 ], [ 134.5326851, 7.32117973 ], [ 134.532640179999987, 7.32117973 ], [ 134.532640179999987, 7.32113482 ], [ 134.53255035, 7.32113482 ], [ 134.53255035, 7.32117973 ], [ 134.532505429999986, 7.32117973 ], [ 134.532505429999986, 7.32122465 ], [ 134.53255035, 7.32122465 ], [ 134.53255035, 7.32131448 ], [ 134.532505429999986, 7.32131448 ], [ 134.532505429999986, 7.3213594 ], [ 134.53255035, 7.3213594 ], [ 134.53255035, 7.32140431 ], [ 134.532505429999986, 7.32140431 ], [ 134.532505429999986, 7.32144923 ], [ 134.532640179999987, 7.32144923 ], [ 134.5326851, 7.32144923 ], [ 134.5326851, 7.32167381 ], [ 134.532640179999987, 7.32167381 ], [ 134.532640179999987, 7.32171872 ], [ 134.532505429999986, 7.32171872 ], [ 134.532505429999986, 7.32162889 ], [ 134.53246052, 7.32162889 ], [ 134.5324156, 7.32162889 ], [ 134.5324156, 7.32153906 ], [ 134.53246052, 7.32153906 ], [ 134.53246052, 7.32140431 ], [ 134.5324156, 7.32140431 ], [ 134.5324156, 7.32122465 ], [ 134.53246052, 7.32122465 ], [ 134.53246052, 7.32113482 ], [ 134.5324156, 7.32113482 ], [ 134.5324156, 7.32117973 ], [ 134.53237069, 7.32117973 ], [ 134.53237069, 7.32126957 ], [ 134.53232577, 7.32126957 ], [ 134.53232577, 7.3213594 ], [ 134.53237069, 7.3213594 ], [ 134.53237069, 7.32140431 ], [ 134.53228085, 7.32140431 ], [ 134.53228085, 7.3213594 ], [ 134.53223594, 7.3213594 ], [ 134.53223594, 7.32131448 ], [ 134.53219102, 7.32131448 ], [ 134.53219102, 7.32126957 ], [ 134.532146110000014, 7.32126957 ], [ 134.53205628, 7.32126957 ], [ 134.53205628, 7.32122465 ], [ 134.532011360000013, 7.32122465 ], [ 134.532011360000013, 7.32126957 ], [ 134.53196644, 7.32126957 ], [ 134.53196644, 7.32122465 ], [ 134.53192153, 7.32122465 ], [ 134.53192153, 7.32117973 ], [ 134.531876610000012, 7.32117973 ], [ 134.5318317, 7.32117973 ], [ 134.5318317, 7.32104499 ], [ 134.53178678, 7.32104499 ], [ 134.53165203, 7.32104499 ], [ 134.53165203, 7.32100007 ], [ 134.531517290000011, 7.32100007 ], [ 134.531517290000011, 7.32104499 ], [ 134.5315622, 7.32104499 ], [ 134.5315622, 7.3210899 ], [ 134.53160712, 7.3210899 ], [ 134.53160712, 7.32113482 ], [ 134.53165203, 7.32113482 ], [ 134.53165203, 7.32117973 ], [ 134.53169695, 7.32117973 ], [ 134.53169695, 7.32122465 ], [ 134.53174187, 7.32122465 ], [ 134.53174187, 7.32126957 ], [ 134.53178678, 7.32126957 ], [ 134.53178678, 7.32131448 ], [ 134.5318317, 7.32131448 ], [ 134.5318317, 7.3213594 ], [ 134.531876610000012, 7.3213594 ], [ 134.531876610000012, 7.32144923 ], [ 134.53192153, 7.32144923 ], [ 134.53192153, 7.32162889 ], [ 134.531876610000012, 7.32162889 ], [ 134.531876610000012, 7.32158398 ], [ 134.53178678, 7.32158398 ], [ 134.53178678, 7.32162889 ], [ 134.5318317, 7.32162889 ], [ 134.5318317, 7.32167381 ], [ 134.53174187, 7.32167381 ], [ 134.53174187, 7.32176364 ], [ 134.53169695, 7.32176364 ], [ 134.53169695, 7.32180855 ], [ 134.53174187, 7.32180855 ], [ 134.53178678, 7.32180855 ], [ 134.53178678, 7.32189839 ], [ 134.5318317, 7.32189839 ], [ 134.5318317, 7.32198822 ], [ 134.53174187, 7.32198822 ], [ 134.53174187, 7.32189839 ], [ 134.53165203, 7.32189839 ], [ 134.53165203, 7.32198822 ], [ 134.53169695, 7.32198822 ], [ 134.53169695, 7.32207805 ], [ 134.53160712, 7.32207805 ], [ 134.53160712, 7.32212297 ], [ 134.53174187, 7.32212297 ], [ 134.53178678, 7.32212297 ], [ 134.53178678, 7.32216788 ], [ 134.5318317, 7.32216788 ], [ 134.5318317, 7.32225771 ], [ 134.53178678, 7.32225771 ], [ 134.53178678, 7.32243738 ], [ 134.5318317, 7.32243738 ], [ 134.5318317, 7.32252721 ], [ 134.531876610000012, 7.32252721 ], [ 134.53192153, 7.32252721 ], [ 134.53192153, 7.32257212 ], [ 134.53196644, 7.32257212 ], [ 134.53196644, 7.32252721 ], [ 134.53205628, 7.32252721 ], [ 134.53205628, 7.32257212 ], [ 134.53210119, 7.32257212 ], [ 134.53210119, 7.32261704 ], [ 134.5324156, 7.32261704 ], [ 134.53246052, 7.32261704 ], [ 134.53246052, 7.32266195 ], [ 134.532505429999986, 7.32266195 ], [ 134.53255035, 7.32266195 ], [ 134.53255035, 7.32270687 ], [ 134.53259527, 7.32270687 ], [ 134.53259527, 7.32275179 ], [ 134.532774929999988, 7.32275179 ], [ 134.532774929999988, 7.32270687 ], [ 134.53295459, 7.32270687 ], [ 134.53299951, 7.32270687 ], [ 134.53299951, 7.32297636 ], [ 134.53286476, 7.32297636 ], [ 134.53286476, 7.32302128 ], [ 134.53281984, 7.32302128 ], [ 134.53281984, 7.3230662 ], [ 134.532640179999987, 7.3230662 ], [ 134.532640179999987, 7.32311111 ], [ 134.53255035, 7.32311111 ], [ 134.53255035, 7.32315603 ], [ 134.532505429999986, 7.32315603 ], [ 134.532505429999986, 7.32320094 ], [ 134.53237069, 7.32320094 ], [ 134.53237069, 7.32324586 ], [ 134.53228085, 7.32324586 ], [ 134.53228085, 7.32338061 ], [ 134.53223594, 7.32338061 ], [ 134.53223594, 7.32342552 ], [ 134.53219102, 7.32342552 ], [ 134.53219102, 7.32338061 ], [ 134.532146110000014, 7.32338061 ], [ 134.53210119, 7.32338061 ], [ 134.53210119, 7.32333569 ], [ 134.53205628, 7.32333569 ], [ 134.53205628, 7.32329077 ], [ 134.532011360000013, 7.32329077 ], [ 134.532011360000013, 7.32324586 ], [ 134.53196644, 7.32324586 ], [ 134.53196644, 7.32315603 ], [ 134.532011360000013, 7.32315603 ], [ 134.532011360000013, 7.32311111 ], [ 134.53196644, 7.32311111 ], [ 134.53196644, 7.32302128 ], [ 134.53192153, 7.32302128 ], [ 134.53192153, 7.32297636 ], [ 134.531876610000012, 7.32297636 ], [ 134.531876610000012, 7.32293145 ], [ 134.5318317, 7.32293145 ], [ 134.53174187, 7.32293145 ], [ 134.53174187, 7.32288653 ], [ 134.53165203, 7.32288653 ], [ 134.53165203, 7.32293145 ], [ 134.5315622, 7.32293145 ], [ 134.5315622, 7.32297636 ], [ 134.531517290000011, 7.32297636 ], [ 134.531517290000011, 7.32293145 ], [ 134.531472369999989, 7.32293145 ], [ 134.531472369999989, 7.32311111 ], [ 134.531517290000011, 7.32311111 ], [ 134.531517290000011, 7.3230662 ], [ 134.5315622, 7.3230662 ], [ 134.5315622, 7.32311111 ], [ 134.53160712, 7.32311111 ], [ 134.53160712, 7.32324586 ], [ 134.53165203, 7.32324586 ], [ 134.53165203, 7.32329077 ], [ 134.53169695, 7.32329077 ], [ 134.53169695, 7.32324586 ], [ 134.531876610000012, 7.32324586 ], [ 134.531876610000012, 7.32329077 ], [ 134.53192153, 7.32329077 ], [ 134.53192153, 7.32333569 ], [ 134.53196644, 7.32333569 ], [ 134.532011360000013, 7.32333569 ], [ 134.532011360000013, 7.32342552 ], [ 134.53196644, 7.32342552 ], [ 134.53196644, 7.32347044 ], [ 134.531876610000012, 7.32347044 ], [ 134.531876610000012, 7.32351535 ], [ 134.5315622, 7.32351535 ], [ 134.5315622, 7.32356027 ], [ 134.531517290000011, 7.32356027 ], [ 134.531517290000011, 7.3236501 ], [ 134.531472369999989, 7.3236501 ], [ 134.531472369999989, 7.32373993 ], [ 134.53142746, 7.32373993 ], [ 134.53142746, 7.32378485 ], [ 134.53129271, 7.32378485 ], [ 134.53129271, 7.32382976 ], [ 134.53124779, 7.32382976 ], [ 134.53124779, 7.32387468 ], [ 134.53115796, 7.32387468 ], [ 134.53115796, 7.32400943 ], [ 134.53111304, 7.32400943 ], [ 134.53111304, 7.32414417 ], [ 134.53102321, 7.32414417 ], [ 134.53102321, 7.32423401 ], [ 134.53066389, 7.32423401 ], [ 134.53066389, 7.32427892 ], [ 134.53061897, 7.32427892 ], [ 134.53061897, 7.32432384 ], [ 134.53052914, 7.32432384 ], [ 134.53052914, 7.32436875 ], [ 134.53048422, 7.32436875 ], [ 134.53048422, 7.32441367 ], [ 134.53052914, 7.32441367 ], [ 134.53057406, 7.32441367 ], [ 134.53057406, 7.32445858 ], [ 134.53061897, 7.32445858 ], [ 134.53061897, 7.3245035 ], [ 134.53066389, 7.3245035 ], [ 134.53066389, 7.32454842 ], [ 134.53088847, 7.32454842 ], [ 134.53088847, 7.3245035 ], [ 134.53093338, 7.3245035 ], [ 134.53093338, 7.32445858 ], [ 134.53102321, 7.32445858 ], [ 134.53102321, 7.32441367 ], [ 134.53115796, 7.32441367 ], [ 134.53115796, 7.32436875 ], [ 134.53120288, 7.32436875 ], [ 134.53120288, 7.32432384 ], [ 134.53129271, 7.32432384 ], [ 134.53129271, 7.32427892 ], [ 134.531337619999988, 7.32427892 ], [ 134.531337619999988, 7.32423401 ], [ 134.53138254000001, 7.32423401 ], [ 134.53138254000001, 7.32418909 ], [ 134.53142746, 7.32418909 ], [ 134.53142746, 7.32414417 ], [ 134.531472369999989, 7.32414417 ], [ 134.531472369999989, 7.32409926 ], [ 134.531876610000012, 7.32409926 ], [ 134.531876610000012, 7.32405434 ], [ 134.53205628, 7.32405434 ], [ 134.53205628, 7.32400943 ], [ 134.53210119, 7.32400943 ], [ 134.53210119, 7.32405434 ], [ 134.532146110000014, 7.32405434 ], [ 134.532146110000014, 7.32400943 ], [ 134.53237069, 7.32400943 ], [ 134.53237069, 7.32396451 ], [ 134.5324156, 7.32396451 ], [ 134.5324156, 7.32409926 ], [ 134.53246052, 7.32409926 ], [ 134.53246052, 7.32414417 ], [ 134.532505429999986, 7.32414417 ], [ 134.532505429999986, 7.32427892 ], [ 134.53255035, 7.32427892 ], [ 134.53255035, 7.32432384 ], [ 134.53259527, 7.32432384 ], [ 134.53259527, 7.32436875 ], [ 134.532640179999987, 7.32436875 ], [ 134.532640179999987, 7.32441367 ], [ 134.532774929999988, 7.32441367 ], [ 134.53281984, 7.32441367 ], [ 134.53281984, 7.32454842 ], [ 134.53286476, 7.32454842 ], [ 134.53286476, 7.3245035 ], [ 134.532909679999989, 7.3245035 ], [ 134.532909679999989, 7.32454842 ], [ 134.53295459, 7.32454842 ], [ 134.53295459, 7.32459333 ], [ 134.53308934, 7.32459333 ], [ 134.53308934, 7.32454842 ] ], [ [ 134.53421223, 7.32351535 ], [ 134.53421223, 7.32347044 ], [ 134.53425715, 7.32347044 ], [ 134.53425715, 7.32351535 ], [ 134.53421223, 7.32351535 ] ], [ [ 134.53286476, 7.32144923 ], [ 134.53286476, 7.32140431 ], [ 134.532909679999989, 7.32140431 ], [ 134.532909679999989, 7.32144923 ], [ 134.53286476, 7.32144923 ] ], [ [ 134.53281984, 7.32140431 ], [ 134.53281984, 7.3213594 ], [ 134.532774929999988, 7.3213594 ], [ 134.532774929999988, 7.32131448 ], [ 134.53281984, 7.32131448 ], [ 134.53286476, 7.32131448 ], [ 134.53286476, 7.32140431 ], [ 134.53281984, 7.32140431 ] ], [ [ 134.531876610000012, 7.32302128 ], [ 134.5318317, 7.32302128 ], [ 134.5318317, 7.32297636 ], [ 134.531876610000012, 7.32297636 ], [ 134.531876610000012, 7.32302128 ] ], [ [ 134.534302059999987, 7.32302128 ], [ 134.53434698, 7.32302128 ], [ 134.53434698, 7.3230662 ], [ 134.5343919, 7.3230662 ], [ 134.534436809999988, 7.3230662 ], [ 134.534436809999988, 7.32311111 ], [ 134.534571559999989, 7.32311111 ], [ 134.53461647, 7.32311111 ], [ 134.53461647, 7.32315603 ], [ 134.53466139, 7.32315603 ], [ 134.53466139, 7.32320094 ], [ 134.53448173000001, 7.32320094 ], [ 134.53448173000001, 7.32324586 ], [ 134.534436809999988, 7.32324586 ], [ 134.534436809999988, 7.32329077 ], [ 134.5343919, 7.32329077 ], [ 134.5343919, 7.32333569 ], [ 134.53434698, 7.32333569 ], [ 134.53434698, 7.32338061 ], [ 134.5341224, 7.32338061 ], [ 134.5341224, 7.32320094 ], [ 134.53416732, 7.32320094 ], [ 134.53416732, 7.32315603 ], [ 134.53425715, 7.32315603 ], [ 134.53425715, 7.3230662 ], [ 134.53421223, 7.3230662 ], [ 134.5341224, 7.3230662 ], [ 134.5341224, 7.32311111 ], [ 134.533942739999986, 7.32311111 ], [ 134.533942739999986, 7.3230662 ], [ 134.53389782, 7.3230662 ], [ 134.53389782, 7.32302128 ], [ 134.53385291, 7.32302128 ], [ 134.533807990000014, 7.32302128 ], [ 134.533807990000014, 7.32297636 ], [ 134.53376307, 7.32297636 ], [ 134.53376307, 7.32284162 ], [ 134.53371816, 7.32284162 ], [ 134.53371816, 7.3227967 ], [ 134.533673240000013, 7.3227967 ], [ 134.53362833, 7.3227967 ], [ 134.53362833, 7.32275179 ], [ 134.533673240000013, 7.32275179 ], [ 134.533673240000013, 7.32261704 ], [ 134.53371816, 7.32261704 ], [ 134.53371816, 7.32257212 ], [ 134.533807990000014, 7.32257212 ], [ 134.533807990000014, 7.32252721 ], [ 134.53389782, 7.32252721 ], [ 134.53389782, 7.32257212 ], [ 134.533942739999986, 7.32257212 ], [ 134.53398765, 7.32257212 ], [ 134.53398765, 7.32261704 ], [ 134.53403257, 7.32261704 ], [ 134.534077489999987, 7.32261704 ], [ 134.534077489999987, 7.32266195 ], [ 134.5341224, 7.32266195 ], [ 134.5341224, 7.32270687 ], [ 134.53416732, 7.32270687 ], [ 134.53416732, 7.3227967 ], [ 134.53421223, 7.3227967 ], [ 134.53421223, 7.32293145 ], [ 134.53425715, 7.32293145 ], [ 134.53425715, 7.32297636 ], [ 134.534302059999987, 7.32297636 ], [ 134.534302059999987, 7.32302128 ] ], [ [ 134.53722159, 7.3222128 ], [ 134.53722159, 7.32225771 ], [ 134.53717667, 7.32225771 ], [ 134.53717667, 7.3222128 ], [ 134.53722159, 7.3222128 ] ], [ [ 134.53295459, 7.32117973 ], [ 134.53295459, 7.32122465 ], [ 134.532909679999989, 7.32122465 ], [ 134.532909679999989, 7.32117973 ], [ 134.53295459, 7.32117973 ] ], [ [ 134.53344866, 7.32176364 ], [ 134.53344866, 7.32180855 ], [ 134.533313920000012, 7.32180855 ], [ 134.533313920000012, 7.32176364 ], [ 134.53344866, 7.32176364 ] ] ] } },
{ "type": "Feature", "properties": { "id": "geomorphic_data_verbose.fid-75f8f034_1a0c1004d45_-5269", "class_name": "Shallow Lagoon", "area_sqkm": 2.4635474581737072e-05 }, "geometry": { "type": "Polygon", "coordinates": [ [ [ 134.53708684, 7.32252721 ], [ 134.53708684, 7.32248229 ], [ 134.537041929999987, 7.32248229 ], [ 134.537041929999987, 7.32252721 ], [ 134.53708684, 7.32252721 ] ] ] } },
{ "type": "Feature", "properties": { "id": "geomorphic_data_verbose.fid-75f8f034_1a0c1004d45_-57e4", "class_name": "Outer Reef Flat", "area_sqkm": 2.4635474691167474e-05 }, "geometry": { "type": "Polygon", "coordinates": [ [ [ 134.53713176, 7.32252721 ], [ 134.53713176, 7.32248229 ], [ 134.53708684, 7.32248229 ], [ 134.53708684, 7.32252721 ], [ 134.53713176, 7.32252721 ] ] ] } },
{ "type": "Feature", "properties": { "id": "geomorphic_data_verbose.fid-75f8f034_1a0c1004d45_-5984", "class_name": "Outer Reef Flat", "area_sqkm": 0.0040894848757078873 }, "geometry": { "type": "Polygon", "coordinates": [ [ [ 134.53434698, 7.32338061 ], [ 134.53434698, 7.32333569 ], [ 134.5343919, 7.32333569 ], [ 134.5343919, 7.32329077 ], [ 134.534436809999988, 7.32329077 ], [ 134.534436809999988, 7.32324586 ], [ 134.53448173000001, 7.32324586 ], [ 134.53448173000001, 7.32320094 ], [ 134.53466139, 7.32320094 ], [ 134.53466139, 7.32315603 ], [ 134.53461647, 7.32315603 ], [ 134.53461647, 7.32311111 ], [ 134.534571559999989, 7.32311111 ], [ 134.534436809999988, 7.32311111 ], [ 134.534436809999988, 7.3230662 ], [ 134.5343919, 7.3230662 ], [ 134.53434698, 7.3230662 ], [ 134.53434698, 7.32302128 ], [ 134.534302059999987, 7.32302128 ], [ 134.534302059999987, 7.32297636 ], [ 134.53425715, 7.32297636 ], [ 134.53425715, 7.32293145 ], [ 134.53421223, 7.32293145 ], [ 134.53421223, 7.3227967 ], [ 134.53416732, 7.3227967 ], [ 134.53416732, 7.32270687 ], [ 134.5341224, 7.32270687 ], [ 134.5341224, 7.32266195 ], [ 134.534077489999987, 7.32266195 ], [ 134.534077489999987, 7.32261704 ], [ 134.53403257, 7.32261704 ], [ 134.53398765, 7.32261704 ], [ 134.53398765, 7.32257212 ], [ 134.533942739999986, 7.32257212 ], [ 134.53389782, 7.32257212 ], [ 134.53389782, 7.32252721 ], [ 134.533807990000014, 7.32252721 ], [ 134.533807990000014, 7.32257212 ], [ 134.53371816, 7.32257212 ], [ 134.53371816, 7.32261704 ], [ 134.533673240000013, 7.32261704 ], [ 134.533673240000013, 7.32275179 ], [ 134.53362833, 7.32275179 ], [ 134.53362833, 7.3227967 ], [ 134.533673240000013, 7.3227967 ], [ 134.53371816, 7.3227967 ], [ 134.53371816, 7.32284162 ], [ 134.53376307, 7.32284162 ], [ 134.53376307, 7.32297636 ], [ 134.533807990000014, 7.32297636 ], [ 134.533807990000014, 7.32302128 ], [ 134.53385291, 7.32302128 ], [ 134.53389782, 7.32302128 ], [ 134.53389782, 7.3230662 ], [ 134.533942739999986, 7.3230662 ], [ 134.533942739999986, 7.32311111 ], [ 134.5341224, 7.32311111 ], [ 134.5341224, 7.3230662 ], [ 134.53421223, 7.3230662 ], [ 134.53425715, 7.3230662 ], [ 134.53425715, 7.32315603 ], [ 134.53416732, 7.32315603 ], [ 134.53416732, 7.32320094 ], [ 134.5341224, 7.32320094 ], [ 134.5341224, 7.32338061 ], [ 134.53434698, 7.32338061 ] ] ] } },
{ "type": "Feature", "properties": { "id": "geomorphic_data_verbose.fid-75f8f034_1a0c1004d45_-5569", "class_name": "Inner Reef Flat", "area_sqkm": 2.4635426300112158e-05 }, "geometry": { "type": "Polygon", "coordinates": [ [ [ 134.536143610000011, 7.32342552 ], [ 134.536143610000011, 7.32338061 ], [ 134.536098689999989, 7.32338061 ], [ 134.536098689999989, 7.32342552 ], [ 134.536143610000011, 7.32342552 ] ] ] } },
{ "type": "Feature", "properties": { "id": "geomorphic_data_verbose.fid-75f8f034_1a0c1004d45_-52dc", "class_name": "Outer Reef Flat", "area_sqkm": 2.4635421466547996e-05 }, "geometry": { "type": "Polygon", "coordinates": [ [ [ 134.53425715, 7.32351535 ], [ 134.53425715, 7.32347044 ], [ 134.53421223, 7.32347044 ], [ 134.53421223, 7.32351535 ], [ 134.53425715, 7.32351535 ] ] ] } },
{ "type": "Feature", "properties": { "id": "geomorphic_data_verbose.fid-75f8f034_1a0c1004d45_-52d7", "class_name": "Outer Reef Flat", "area_sqkm": 0.036214069366977547 }, "geometry": { "type": "Polygon", "coordinates": [ [ [ 134.535469869999986, 7.32459333 ], [ 134.535469869999986, 7.32454842 ], [ 134.53542496, 7.32454842 ], [ 134.53542496, 7.3245035 ], [ 134.53538004, 7.3245035 ], [ 134.53538004, 7.32445858 ], [ 134.53533513, 7.32445858 ], [ 134.53533513, 7.32441367 ], [ 134.53529021, 7.32441367 ], [ 134.53529021, 7.32432384 ], [ 134.535245300000014, 7.32432384 ], [ 134.535245300000014, 7.32427892 ], [ 134.53520038, 7.32427892 ], [ 134.53520038, 7.32418909 ], [ 134.535245300000014, 7.32418909 ], [ 134.535245300000014, 7.32414417 ], [ 134.53529021, 7.32414417 ], [ 134.53529021, 7.32405434 ], [ 134.53533513, 7.32405434 ], [ 134.53533513, 7.32400943 ], [ 134.53529021, 7.32400943 ], [ 134.53529021, 7.3239196 ], [ 134.535245300000014, 7.3239196 ], [ 134.535245300000014, 7.32387468 ], [ 134.53520038, 7.32387468 ], [ 134.53520038, 7.32378485 ], [ 134.53515546, 7.32378485 ], [ 134.53515546, 7.32373993 ], [ 134.535110550000013, 7.32373993 ], [ 134.535110550000013, 7.3236501 ], [ 134.53515546, 7.3236501 ], [ 134.53515546, 7.32360519 ], [ 134.535245300000014, 7.32360519 ], [ 134.535245300000014, 7.32356027 ], [ 134.53529021, 7.32356027 ], [ 134.53529021, 7.32351535 ], [ 134.53533513, 7.32351535 ], [ 134.53533513, 7.32356027 ], [ 134.53538004, 7.32356027 ], [ 134.53538004, 7.32360519 ], [ 134.53542496, 7.32360519 ], [ 134.53542496, 7.3236501 ], [ 134.535739369999988, 7.3236501 ], [ 134.535739369999988, 7.32360519 ], [ 134.53596395, 7.32360519 ], [ 134.53596395, 7.32356027 ], [ 134.53600886000001, 7.32356027 ], [ 134.53600886000001, 7.32360519 ], [ 134.536098689999989, 7.32360519 ], [ 134.536098689999989, 7.32356027 ], [ 134.536143610000011, 7.32356027 ], [ 134.536143610000011, 7.32347044 ], [ 134.53618853, 7.32347044 ], [ 134.53618853, 7.32360519 ], [ 134.536143610000011, 7.32360519 ], [ 134.536143610000011, 7.3236501 ], [ 134.53596395, 7.3236501 ], [ 134.53596395, 7.32382976 ], [ 134.53600886000001, 7.32382976 ], [ 134.53600886000001, 7.32387468 ], [ 134.536098689999989, 7.32387468 ], [ 134.536098689999989, 7.32382976 ], [ 134.536143610000011, 7.32382976 ], [ 134.536143610000011, 7.32378485 ], [ 134.53618853, 7.32378485 ], [ 134.53618853, 7.32369502 ], [ 134.536278360000011, 7.32369502 ], [ 134.536278360000011, 7.32382976 ], [ 134.53632327, 7.32382976 ], [ 134.53632327, 7.32369502 ], [ 134.53636819, 7.32369502 ], [ 134.53636819, 7.32347044 ], [ 134.5364131, 7.32347044 ], [ 134.5364131, 7.32329077 ], [ 134.53636819, 7.32329077 ], [ 134.53636819, 7.32338061 ], [ 134.536278360000011, 7.32338061 ], [ 134.536278360000011, 7.32329077 ], [ 134.53623344, 7.32329077 ], [ 134.53623344, 7.32342552 ], [ 134.53618853, 7.32342552 ], [ 134.53618853, 7.32333569 ], [ 134.53600886000001, 7.32333569 ], [ 134.53600886000001, 7.32338061 ], [ 134.53596395, 7.32338061 ], [ 134.53596395, 7.32342552 ], [ 134.535874119999988, 7.32342552 ], [ 134.535874119999988, 7.32333569 ], [ 134.5358292, 7.32333569 ], [ 134.5358292, 7.32329077 ], [ 134.535739369999988, 7.32329077 ], [ 134.535739369999988, 7.32338061 ], [ 134.53569445, 7.32338061 ], [ 134.53569445, 7.32333569 ], [ 134.53564954, 7.32333569 ], [ 134.53564954, 7.32329077 ], [ 134.535604619999987, 7.32329077 ], [ 134.535604619999987, 7.32324586 ], [ 134.53555971, 7.32324586 ], [ 134.53555971, 7.32320094 ], [ 134.535604619999987, 7.32320094 ], [ 134.535604619999987, 7.32315603 ], [ 134.53564954, 7.32315603 ], [ 134.53564954, 7.32320094 ], [ 134.53569445, 7.32320094 ], [ 134.535739369999988, 7.32320094 ], [ 134.535739369999988, 7.32324586 ], [ 134.53578428, 7.32324586 ], [ 134.53578428, 7.32315603 ], [ 134.535739369999988, 7.32315603 ], [ 134.53569445, 7.32315603 ], [ 134.53569445, 7.32311111 ], [ 134.53564954, 7.32311111 ], [ 134.53564954, 7.3230662 ], [ 134.535604619999987, 7.3230662 ], [ 134.535604619999987, 7.32311111 ], [ 134.53555971, 7.32311111 ], [ 134.53555971, 7.32315603 ], [ 134.53551479, 7.32315603 ], [ 134.53551479, 7.32302128 ], [ 134.535469869999986, 7.32302128 ], [ 134.53542496, 7.32302128 ], [ 134.53542496, 7.32297636 ], [ 134.53551479, 7.32297636 ], [ 134.53551479, 7.32293145 ], [ 134.535604619999987, 7.32293145 ], [ 134.535604619999987, 7.32297636 ], [ 134.53564954, 7.32297636 ], [ 134.53564954, 7.32293145 ], [ 134.53569445, 7.32293145 ], [ 134.53569445, 7.32297636 ], [ 134.535739369999988, 7.32297636 ], [ 134.535739369999988, 7.32288653 ], [ 134.53578428, 7.32288653 ], [ 134.53578428, 7.32275179 ], [ 134.535739369999988, 7.32275179 ], [ 134.535739369999988, 7.32261704 ], [ 134.53569445, 7.32261704 ], [ 134.535604619999987, 7.32261704 ], [ 134.535604619999987, 7.32257212 ], [ 134.53555971, 7.32257212 ], [ 134.53551479, 7.32257212 ], [ 134.53551479, 7.32252721 ], [ 134.535469869999986, 7.32252721 ], [ 134.535469869999986, 7.32257212 ], [ 134.53542496, 7.32257212 ], [ 134.53542496, 7.32261704 ], [ 134.53538004, 7.32261704 ], [ 134.53538004, 7.32266195 ], [ 134.535245300000014, 7.32266195 ], [ 134.535245300000014, 7.3227967 ], [ 134.53529021, 7.3227967 ], [ 134.53529021, 7.32297636 ], [ 134.53533513, 7.32297636 ], [ 134.53538004, 7.32297636 ], [ 134.53538004, 7.32311111 ], [ 134.53542496, 7.32311111 ], [ 134.535469869999986, 7.32311111 ], [ 134.535469869999986, 7.32315603 ], [ 134.53533513, 7.32315603 ], [ 134.53533513, 7.32311111 ], [ 134.535245300000014, 7.32311111 ], [ 134.535245300000014, 7.32315603 ], [ 134.53515546, 7.32315603 ], [ 134.53515546, 7.32320094 ], [ 134.535110550000013, 7.32320094 ], [ 134.535110550000013, 7.32324586 ], [ 134.53506563, 7.32324586 ], [ 134.53506563, 7.32320094 ], [ 134.53502072, 7.32320094 ], [ 134.53502072, 7.32311111 ], [ 134.534841050000011, 7.32311111 ], [ 134.534841050000011, 7.32315603 ], [ 134.53479614, 7.32315603 ], [ 134.53479614, 7.32329077 ], [ 134.53466139, 7.32329077 ], [ 134.53466139, 7.32333569 ], [ 134.53452664, 7.32333569 ], [ 134.53452664, 7.32342552 ], [ 134.53448173000001, 7.32342552 ], [ 134.53448173000001, 7.32347044 ], [ 134.534302059999987, 7.32347044 ], [ 134.534302059999987, 7.32351535 ], [ 134.53425715, 7.32351535 ], [ 134.53425715, 7.3236501 ], [ 134.53416732, 7.3236501 ], [ 134.53416732, 7.32369502 ], [ 134.534077489999987, 7.32369502 ], [ 134.534077489999987, 7.32373993 ], [ 134.53398765, 7.32373993 ], [ 134.53398765, 7.32382976 ], [ 134.533942739999986, 7.32382976 ], [ 134.533942739999986, 7.32387468 ], [ 134.53389782, 7.32387468 ], [ 134.53389782, 7.32396451 ], [ 134.533807990000014, 7.32396451 ], [ 134.533807990000014, 7.3239196 ], [ 134.53376307, 7.3239196 ], [ 134.53376307, 7.32396451 ], [ 134.53371816, 7.32396451 ], [ 134.53371816, 7.3239196 ], [ 134.533673240000013, 7.3239196 ], [ 134.533673240000013, 7.32387468 ], [ 134.53362833, 7.32387468 ], [ 134.53362833, 7.32382976 ], [ 134.53358341, 7.32382976 ], [ 134.53358341, 7.32378485 ], [ 134.5335385, 7.32378485 ], [ 134.53344866, 7.32378485 ], [ 134.53344866, 7.32373993 ], [ 134.53340375, 7.32373993 ], [ 134.53340375, 7.32369502 ], [ 134.53335883, 7.32369502 ], [ 134.53335883, 7.3236501 ], [ 134.533313920000012, 7.3236501 ], [ 134.533313920000012, 7.32356027 ], [ 134.53322409, 7.32356027 ], [ 134.53322409, 7.32360519 ], [ 134.533179170000011, 7.32360519 ], [ 134.533179170000011, 7.32378485 ], [ 134.533134249999989, 7.32378485 ], [ 134.533134249999989, 7.32387468 ], [ 134.53299951, 7.32387468 ], [ 134.53299951, 7.3239196 ], [ 134.53304442000001, 7.3239196 ], [ 134.53304442000001, 7.32396451 ], [ 134.532909679999989, 7.32396451 ], [ 134.532909679999989, 7.32409926 ], [ 134.53295459, 7.32409926 ], [ 134.53295459, 7.32414417 ], [ 134.532909679999989, 7.32414417 ], [ 134.532909679999989, 7.32423401 ], [ 134.53295459, 7.32423401 ], [ 134.53295459, 7.32427892 ], [ 134.53299951, 7.32427892 ], [ 134.53299951, 7.32436875 ], [ 134.53304442000001, 7.32436875 ], [ 134.53304442000001, 7.32441367 ], [ 134.53299951, 7.32441367 ], [ 134.53299951, 7.3245035 ], [ 134.53308934, 7.3245035 ], [ 134.53308934, 7.32445858 ], [ 134.533134249999989, 7.32445858 ], [ 134.533134249999989, 7.3245035 ], [ 134.533179170000011, 7.3245035 ], [ 134.53322409, 7.3245035 ], [ 134.53322409, 7.32454842 ], [ 134.53308934, 7.32454842 ], [ 134.53308934, 7.32459333 ], [ 134.535469869999986, 7.32459333 ] ], [ [ 134.536098689999989, 7.32338061 ], [ 134.536143610000011, 7.32338061 ], [ 134.536143610000011, 7.32342552 ], [ 134.536098689999989, 7.32342552 ], [ 134.536098689999989, 7.32338061 ] ] ] } },
{ "type": "Feature", "properties": { "id": "geomorphic_data_verbose.fid-75f8f034_1a0c1004d45_-569b", "class_name": "Inner Reef Flat", "area_sqkm": 0.019979303488481325 }, "geometry": { "type": "Polygon", "coordinates": [ [ [ 134.53551479, 7.32459333 ], [ 134.53551479, 7.32454842 ], [ 134.53555971, 7.32454842 ], [ 134.53555971, 7.32459333 ], [ 134.53681735, 7.32459333 ], [ 134.53681735, 7.32454842 ], [ 134.537041929999987, 7.32454842 ], [ 134.537041929999987, 7.32459333 ], [ 134.53717667, 7.32459333 ], [ 134.53717667, 7.3245035 ], [ 134.53722159, 7.3245035 ], [ 134.53722159, 7.32432384 ], [ 134.53717667, 7.32432384 ], [ 134.53717667, 7.32441367 ], [ 134.53713176, 7.32441367 ], [ 134.53713176, 7.32436875 ], [ 134.53708684, 7.32436875 ], [ 134.53699701, 7.32436875 ], [ 134.53699701, 7.32423401 ], [ 134.537041929999987, 7.32423401 ], [ 134.537041929999987, 7.32427892 ], [ 134.53713176, 7.32427892 ], [ 134.53713176, 7.32423401 ], [ 134.53717667, 7.32423401 ], [ 134.53717667, 7.32400943 ], [ 134.53713176, 7.32400943 ], [ 134.53713176, 7.32409926 ], [ 134.53708684, 7.32409926 ], [ 134.53708684, 7.32414417 ], [ 134.537041929999987, 7.32414417 ], [ 134.537041929999987, 7.32400943 ], [ 134.53708684, 7.32400943 ], [ 134.53708684, 7.32396451 ], [ 134.537041929999987, 7.32396451 ], [ 134.537041929999987, 7.32378485 ], [ 134.53699701, 7.32378485 ], [ 134.53686226, 7.32378485 ], [ 134.53686226, 7.32382976 ], [ 134.53681735, 7.32382976 ], [ 134.53681735, 7.3239196 ], [ 134.53672752, 7.3239196 ], [ 134.53672752, 7.32387468 ], [ 134.5366826, 7.32387468 ], [ 134.5366826, 7.32378485 ], [ 134.536637680000013, 7.32378485 ], [ 134.53659277, 7.32378485 ], [ 134.53659277, 7.32373993 ], [ 134.53654785, 7.32373993 ], [ 134.53654785, 7.3236501 ], [ 134.53650294, 7.3236501 ], [ 134.5364131, 7.3236501 ], [ 134.5364131, 7.32347044 ], [ 134.53636819, 7.32347044 ], [ 134.53636819, 7.32369502 ], [ 134.53632327, 7.32369502 ], [ 134.53632327, 7.32382976 ], [ 134.536278360000011, 7.32382976 ], [ 134.536278360000011, 7.32369502 ], [ 134.53618853, 7.32369502 ], [ 134.53618853, 7.32378485 ], [ 134.536143610000011, 7.32378485 ], [ 134.536143610000011, 7.32382976 ], [ 134.536098689999989, 7.32382976 ], [ 134.536098689999989, 7.32387468 ], [ 134.53600886000001, 7.32387468 ], [ 134.53600886000001, 7.32382976 ], [ 134.53596395, 7.32382976 ], [ 134.53596395, 7.3236501 ], [ 134.536143610000011, 7.3236501 ], [ 134.536143610000011, 7.32360519 ], [ 134.53618853, 7.32360519 ], [ 134.53618853, 7.32347044 ], [ 134.536143610000011, 7.32347044 ], [ 134.536143610000011, 7.32356027 ], [ 134.536098689999989, 7.32356027 ], [ 134.536098689999989, 7.32360519 ], [ 134.53600886000001, 7.32360519 ], [ 134.53600886000001, 7.32356027 ], [ 134.53596395, 7.32356027 ], [ 134.53596395, 7.32360519 ], [ 134.535739369999988, 7.32360519 ], [ 134.535739369999988, 7.3236501 ], [ 134.53542496, 7.3236501 ], [ 134.53542496, 7.32360519 ], [ 134.53538004, 7.32360519 ], [ 134.53538004, 7.32356027 ], [ 134.53533513, 7.32356027 ], [ 134.53533513, 7.32351535 ], [ 134.53529021, 7.32351535 ], [ 134.53529021, 7.32356027 ], [ 134.535245300000014, 7.32356027 ], [ 134.535245300000014, 7.32360519 ], [ 134.53515546, 7.32360519 ], [ 134.53515546, 7.3236501 ], [ 134.535110550000013, 7.3236501 ], [ 134.535110550000013, 7.32373993 ], [ 134.53515546, 7.32373993 ], [ 134.53515546, 7.32378485 ], [ 134.53520038, 7.32378485 ], [ 134.53520038, 7.32387468 ], [ 134.535245300000014, 7.32387468 ], [ 134.535245300000014, 7.3239196 ], [ 134.53529021, 7.3239196 ], [ 134.53529021, 7.32400943 ], [ 134.53533513, 7.32400943 ], [ 134.53533513, 7.32405434 ], [ 134.53529021, 7.32405434 ], [ 134.53529021, 7.32414417 ], [ 134.535245300000014, 7.32414417 ], [ 134.535245300000014, 7.32418909 ], [ 134.53520038, 7.32418909 ], [ 134.53520038, 7.32427892 ], [ 134.535245300000014, 7.32427892 ], [ 134.535245300000014, 7.32432384 ], [ 134.53529021, 7.32432384 ], [ 134.53529021, 7.32441367 ], [ 134.53533513, 7.32441367 ], [ 134.53533513, 7.32445858 ], [ 134.53538004, 7.32445858 ], [ 134.53538004, 7.3245035 ], [ 134.53542496, 7.3245035 ], [ 134.53542496, 7.32454842 ], [ 134.535469869999986, 7.32454842 ], [ 134.535469869999986, 7.32459333 ], [ 134.53551479, 7.32459333 ] ] ] } },
{ "type": "Feature", "properties": { "id": "geomorphic_data_verbose.fid-75f8f034_1a0c1004d45_-57e6", "class_name": "Shallow Lagoon", "area_sqkm": 0.00012317681737616658 }, "geometry": { "type": "Polygon", "coordinates": [ [ [ 134.537041929999987, 7.32459333 ], [ 134.537041929999987, 7.32454842 ], [ 134.53681735, 7.32454842 ], [ 134.53681735, 7.32459333 ], [ 134.537041929999987, 7.32459333 ] ] ] } },
{ "type": "Feature", "properties": { "id": "geomorphic_data_verbose.fid-75f8f034_1a0c1004d45_-5bd9", "class_name": "Outer Reef Flat", "area_sqkm": 2.4635363477747887e-05 }, "geometry": { "type": "Polygon", "coordinates": [ [ [ 134.53555971, 7.32459333 ], [ 134.53555971, 7.32454842 ], [ 134.53551479, 7.32454842 ], [ 134.53551479, 7.32459333 ], [ 134.53555971, 7.32459333 ] ] ] } },
{ "type": "Feature", "properties": { "id": "geomorphic_data_verbose.fid-75f8f034_1a0c1004d45_-5562", "class_name": "Inner Reef Flat", "area_sqkm": 4.9270722089335321e-05 }, "geometry": { "type": "Polygon", "coordinates": [ [ [ 134.53299951, 7.32463825 ], [ 134.53299951, 7.32459333 ], [ 134.532909679999989, 7.32459333 ], [ 134.532909679999989, 7.32463825 ], [ 134.53299951, 7.32463825 ] ] ] } },
{ "type": "Feature", "properties": { "id": "geomorphic_data_verbose.fid-75f8f034_1a0c1004d45_-597a", "class_name": "Outer Reef Flat", "area_sqkm": 0.00088687280712788929 }, "geometry": { "type": "Polygon", "coordinates": [ [ [ 134.533179170000011, 7.32481791 ], [ 134.533179170000011, 7.324773 ], [ 134.533269, 7.324773 ], [ 134.533269, 7.32472808 ], [ 134.533313920000012, 7.32472808 ], [ 134.533313920000012, 7.32468316 ], [ 134.53335883, 7.32468316 ], [ 134.53335883, 7.32459333 ], [ 134.533313920000012, 7.32459333 ], [ 134.53299951, 7.32459333 ], [ 134.53299951, 7.32463825 ], [ 134.532909679999989, 7.32463825 ], [ 134.532909679999989, 7.32459333 ], [ 134.53286476, 7.32459333 ], [ 134.53286476, 7.32468316 ], [ 134.532909679999989, 7.32468316 ], [ 134.532909679999989, 7.32472808 ], [ 134.53295459, 7.32472808 ], [ 134.53299951, 7.32472808 ], [ 134.53299951, 7.324773 ], [ 134.53308934, 7.324773 ], [ 134.533134249999989, 7.324773 ], [ 134.533134249999989, 7.32481791 ], [ 134.533179170000011, 7.32481791 ] ] ] } },
{ "type": "Feature", "properties": { "id": "geomorphic_data_verbose.fid-75f8f034_1a0c1004d45_-5980", "class_name": "Outer Reef Flat", "area_sqkm": 0.0032025961516494862 }, "geometry": { "type": "Polygon", "coordinates": [ [ [ 134.535604619999987, 7.32486283 ], [ 134.535604619999987, 7.32481791 ], [ 134.53564954, 7.32481791 ], [ 134.53564954, 7.32463825 ], [ 134.535604619999987, 7.32463825 ], [ 134.535604619999987, 7.32459333 ], [ 134.53466139, 7.32459333 ], [ 134.53466139, 7.32486283 ], [ 134.535604619999987, 7.32486283 ] ] ] } },
{ "type": "Feature", "properties": { "id": "geomorphic_data_verbose.fid-75f8f034_1a0c1004d45_-5c8c", "class_name": "Shallow Lagoon", "area_sqkm": 0.00041880084071541204 }, "geometry": { "type": "Polygon", "coordinates": [ [ [ 134.536907179999986, 7.32504249 ], [ 134.536907179999986, 7.32499757 ], [ 134.53708684, 7.32499757 ], [ 134.53708684, 7.32495266 ], [ 134.537041929999987, 7.32495266 ], [ 134.537041929999987, 7.32490774 ], [ 134.53699701, 7.32490774 ], [ 134.536907179999986, 7.32490774 ], [ 134.536907179999986, 7.32486283 ], [ 134.536772430000013, 7.32486283 ], [ 134.536772430000013, 7.32495266 ], [ 134.53681735, 7.32495266 ], [ 134.53681735, 7.32504249 ], [ 134.536907179999986, 7.32504249 ] ] ] } },
{ "type": "Feature", "properties": { "id": "geomorphic_data_verbose.fid-75f8f034_1a0c1004d45_-569c", "class_name": "Shallow Lagoon", "area_sqkm": 0.0090657852968582878 }, "geometry": { "type": "Polygon", "coordinates": [ [ [ 134.535469869999986, 7.32647979 ], [ 134.535469869999986, 7.32612047 ], [ 134.53542496, 7.32612047 ], [ 134.53542496, 7.32603064 ], [ 134.53538004, 7.32603064 ], [ 134.53538004, 7.32589589 ], [ 134.53529021, 7.32589589 ], [ 134.53529021, 7.32594081 ], [ 134.53520038, 7.32594081 ], [ 134.53520038, 7.32603064 ], [ 134.53506563, 7.32603064 ], [ 134.53506563, 7.32594081 ], [ 134.535110550000013, 7.32594081 ], [ 134.535110550000013, 7.32571623 ], [ 134.53506563, 7.32571623 ], [ 134.53506563, 7.32567131 ], [ 134.53466139, 7.32567131 ], [ 134.53466139, 7.32571623 ], [ 134.534571559999989, 7.32571623 ], [ 134.534571559999989, 7.32576114 ], [ 134.53452664, 7.32576114 ], [ 134.53452664, 7.32580606 ], [ 134.534436809999988, 7.32580606 ], [ 134.534436809999988, 7.32585097 ], [ 134.5343919, 7.32585097 ], [ 134.5343919, 7.32589589 ], [ 134.53434698, 7.32589589 ], [ 134.53434698, 7.32598572 ], [ 134.534302059999987, 7.32598572 ], [ 134.534302059999987, 7.32603064 ], [ 134.53434698, 7.32603064 ], [ 134.53434698, 7.32630013 ], [ 134.5343919, 7.32630013 ], [ 134.5343919, 7.32643488 ], [ 134.534436809999988, 7.32643488 ], [ 134.534436809999988, 7.32647979 ], [ 134.535469869999986, 7.32647979 ] ] ] } },
{ "type": "Feature", "properties": { "id": "geomorphic_data_verbose.fid-75f8f034_1a0c1004d45_-5cdf", "class_name": "Outer Reef Flat", "area_sqkm": 0.0008375993934683502 }, "geometry": { "type": "Polygon", "coordinates": [ [ [ 134.534436809999988, 7.32647979 ], [ 134.534436809999988, 7.32643488 ], [ 134.5343919, 7.32643488 ], [ 134.5343919, 7.32630013 ], [ 134.53434698, 7.32630013 ], [ 134.53434698, 7.32603064 ], [ 134.534302059999987, 7.32603064 ], [ 134.534302059999987, 7.32598572 ], [ 134.53421223, 7.32598572 ], [ 134.53421223, 7.32603064 ], [ 134.53416732, 7.32603064 ], [ 134.53416732, 7.32607555 ], [ 134.5341224, 7.32607555 ], [ 134.5341224, 7.32612047 ], [ 134.534077489999987, 7.32612047 ], [ 134.534077489999987, 7.3262103 ], [ 134.53425715, 7.3262103 ], [ 134.534302059999987, 7.3262103 ], [ 134.534302059999987, 7.32647979 ], [ 134.534436809999988, 7.32647979 ] ] ] } },
{ "type": "Feature", "properties": { "id": "geomorphic_data_verbose.fid-75f8f034_1a0c1004d45_-52d5", "class_name": "Outer Reef Flat", "area_sqkm": 2.4635532613843678e-05 }, "geometry": { "type": "Polygon", "coordinates": [ [ [ 134.532909679999989, 7.32144923 ], [ 134.532909679999989, 7.32140431 ], [ 134.53286476, 7.32140431 ], [ 134.53286476, 7.32144923 ], [ 134.532909679999989, 7.32144923 ] ] ] } },
{ "type": "Feature", "properties": { "id": "geomorphic_data_verbose.fid-75f8f034_1a0c1004d45_-5982", "class_name": "Inner Reef Flat", "area_sqkm": 2.463552779983729e-05 }, "geometry": { "type": "Polygon", "coordinates": [ [ [ 134.53169695, 7.32153906 ], [ 134.53169695, 7.32149414 ], [ 134.53165203, 7.32149414 ], [ 134.53165203, 7.32153906 ], [ 134.53169695, 7.32153906 ] ] ] } },
{ "type": "Feature", "properties": { "id": "geomorphic_data_verbose.fid-75f8f034_1a0c1004d45_-5262", "class_name": "Inner Reef Flat", "area_sqkm": 2.4635525414254517e-05 }, "geometry": { "type": "Polygon", "coordinates": [ [ [ 134.53174187, 7.32158398 ], [ 134.53174187, 7.32153906 ], [ 134.53169695, 7.32153906 ], [ 134.53169695, 7.32158398 ], [ 134.53174187, 7.32158398 ] ] ] } },
{ "type": "Feature", "properties": { "id": "geomorphic_data_verbose.fid-75f8f034_1a0c1004d45_-58ea", "class_name": "Terrestrial Reef Flat", "area_sqkm": 2.4635522965807466e-05 }, "geometry": { "type": "Polygon", "coordinates": [ [ [ 134.53079863, 7.32162889 ], [ 134.53079863, 7.32158398 ], [ 134.53075372, 7.32158398 ], [ 134.53075372, 7.32162889 ], [ 134.53079863, 7.32162889 ] ] ] } },
{ "type": "Feature", "properties": { "id": "geomorphic_data_verbose.fid-75f8f034_1a0c1004d45_-5985", "class_name": "Outer Reef Flat", "area_sqkm": 2.4635448110289872e-05 }, "geometry": { "type": "Polygon", "coordinates": [ [ [ 134.531876610000012, 7.32302128 ], [ 134.531876610000012, 7.32297636 ], [ 134.5318317, 7.32297636 ], [ 134.5318317, 7.32302128 ], [ 134.531876610000012, 7.32302128 ] ] ] } },
{ "type": "Feature", "properties": { "id": "geomorphic_data_verbose.fid-75f8f034_1a0c1004d45_-5986", "class_name": "Terrestrial Reef Flat", "area_sqkm": 0.0072428096677633006 }, "geometry": { "type": "Polygon", "coordinates": [ [ [ 134.53066389, 7.32427892 ], [ 134.53066389, 7.32423401 ], [ 134.53102321, 7.32423401 ], [ 134.53102321, 7.32414417 ], [ 134.53111304, 7.32414417 ], [ 134.53111304, 7.32400943 ], [ 134.53115796, 7.32400943 ], [ 134.53115796, 7.32387468 ], [ 134.53124779, 7.32387468 ], [ 134.53124779, 7.32382976 ], [ 134.53129271, 7.32382976 ], [ 134.53129271, 7.32378485 ], [ 134.53142746, 7.32378485 ], [ 134.53142746, 7.32373993 ], [ 134.531472369999989, 7.32373993 ], [ 134.531472369999989, 7.3236501 ], [ 134.531517290000011, 7.3236501 ], [ 134.531517290000011, 7.32356027 ], [ 134.5315622, 7.32356027 ], [ 134.5315622, 7.32351535 ], [ 134.531517290000011, 7.32351535 ], [ 134.531337619999988, 7.32351535 ], [ 134.531337619999988, 7.32347044 ], [ 134.53138254000001, 7.32347044 ], [ 134.53138254000001, 7.32342552 ], [ 134.531337619999988, 7.32342552 ], [ 134.531337619999988, 7.32333569 ], [ 134.53129271, 7.32333569 ], [ 134.53129271, 7.32329077 ], [ 134.53124779, 7.32329077 ], [ 134.53124779, 7.32324586 ], [ 134.53120288, 7.32324586 ], [ 134.53115796, 7.32324586 ], [ 134.53115796, 7.32320094 ], [ 134.53088847, 7.32320094 ], [ 134.53088847, 7.32333569 ], [ 134.53093338, 7.32333569 ], [ 134.53093338, 7.32338061 ], [ 134.530978299999987, 7.32338061 ], [ 134.530978299999987, 7.32347044 ], [ 134.53102321, 7.32347044 ], [ 134.53102321, 7.32351535 ], [ 134.53079863, 7.32351535 ], [ 134.53079863, 7.32356027 ], [ 134.53075372, 7.32356027 ], [ 134.53075372, 7.32360519 ], [ 134.530708800000014, 7.32360519 ], [ 134.530708800000014, 7.32369502 ], [ 134.53066389, 7.32369502 ], [ 134.53066389, 7.32373993 ], [ 134.530708800000014, 7.32373993 ], [ 134.530708800000014, 7.32387468 ], [ 134.53066389, 7.32387468 ], [ 134.53066389, 7.32382976 ], [ 134.53061897, 7.32382976 ], [ 134.53061897, 7.32396451 ], [ 134.53057406, 7.32396451 ], [ 134.53057406, 7.32400943 ], [ 134.53061897, 7.32400943 ], [ 134.53061897, 7.32409926 ], [ 134.53057406, 7.32409926 ], [ 134.53057406, 7.32405434 ], [ 134.53052914, 7.32405434 ], [ 134.53052914, 7.32400943 ], [ 134.53043931, 7.32400943 ], [ 134.53043931, 7.32405434 ], [ 134.53039439, 7.32405434 ], [ 134.53039439, 7.32414417 ], [ 134.530349480000012, 7.32414417 ], [ 134.530349480000012, 7.32418909 ], [ 134.53043931, 7.32418909 ], [ 134.53048422, 7.32418909 ], [ 134.53048422, 7.32423401 ], [ 134.53057406, 7.32423401 ], [ 134.53061897, 7.32423401 ], [ 134.53061897, 7.32427892 ], [ 134.53066389, 7.32427892 ] ] ] } },
{ "type": "Feature", "properties": { "id": "geomorphic_data_verbose.fid-75f8f034_1a0c1004d45_-5bd8", "class_name": "Terrestrial Reef Flat", "area_sqkm": 0.010002010200870224 }, "geometry": { "type": "Polygon", "coordinates": [ [ [ 134.53286476, 7.32459333 ], [ 134.53286476, 7.32454842 ], [ 134.53281984, 7.32454842 ], [ 134.53281984, 7.32441367 ], [ 134.532774929999988, 7.32441367 ], [ 134.532640179999987, 7.32441367 ], [ 134.532640179999987, 7.32436875 ], [ 134.53259527, 7.32436875 ], [ 134.53259527, 7.32432384 ], [ 134.53255035, 7.32432384 ], [ 134.53255035, 7.32427892 ], [ 134.532505429999986, 7.32427892 ], [ 134.532505429999986, 7.32414417 ], [ 134.53246052, 7.32414417 ], [ 134.53246052, 7.32409926 ], [ 134.5324156, 7.32409926 ], [ 134.5324156, 7.32396451 ], [ 134.53237069, 7.32396451 ], [ 134.53237069, 7.32400943 ], [ 134.532146110000014, 7.32400943 ], [ 134.532146110000014, 7.32405434 ], [ 134.53210119, 7.32405434 ], [ 134.53210119, 7.32400943 ], [ 134.53205628, 7.32400943 ], [ 134.53205628, 7.32405434 ], [ 134.531876610000012, 7.32405434 ], [ 134.531876610000012, 7.32409926 ], [ 134.531472369999989, 7.32409926 ], [ 134.531472369999989, 7.32414417 ], [ 134.53142746, 7.32414417 ], [ 134.53142746, 7.32418909 ], [ 134.53138254000001, 7.32418909 ], [ 134.53138254000001, 7.32423401 ], [ 134.531337619999988, 7.32423401 ], [ 134.531337619999988, 7.32427892 ], [ 134.53129271, 7.32427892 ], [ 134.53129271, 7.32432384 ], [ 134.53120288, 7.32432384 ], [ 134.53120288, 7.32436875 ], [ 134.53115796, 7.32436875 ], [ 134.53115796, 7.32441367 ], [ 134.53102321, 7.32441367 ], [ 134.53102321, 7.32445858 ], [ 134.53093338, 7.32445858 ], [ 134.53093338, 7.3245035 ], [ 134.53088847, 7.3245035 ], [ 134.53088847, 7.32454842 ], [ 134.53066389, 7.32454842 ], [ 134.53066389, 7.3245035 ], [ 134.530214730000012, 7.3245035 ], [ 134.530214730000012, 7.32454842 ], [ 134.530079980000011, 7.32454842 ], [ 134.530079980000011, 7.32459333 ], [ 134.53286476, 7.32459333 ] ] ] } },
{ "type": "Feature", "properties": { "id": "geomorphic_data_verbose.fid-75f8f034_1a0c1004d45_-5a0a", "class_name": "Terrestrial Reef Flat", "area_sqkm": 0.00019708299808390438 }, "geometry": { "type": "Polygon", "coordinates": [ [ [ 134.53052914, 7.32436875 ], [ 134.53052914, 7.32432384 ], [ 134.53061897, 7.32432384 ], [ 134.53061897, 7.32427892 ], [ 134.53039439, 7.32427892 ], [ 134.53039439, 7.32436875 ], [ 134.53052914, 7.32436875 ] ] ] } },
{ "type": "Feature", "properties": { "id": "geomorphic_data_verbose.fid-75f8f034_1a0c1004d45_-5bda", "class_name": "Outer Reef Flat", "area_sqkm": 7.3906094035599383e-05 }, "geometry": { "type": "Polygon", "coordinates": [ [ [ 134.53295459, 7.32459333 ], [ 134.53295459, 7.32454842 ], [ 134.532909679999989, 7.32454842 ], [ 134.532909679999989, 7.3245035 ], [ 134.53286476, 7.3245035 ], [ 134.53286476, 7.32459333 ], [ 134.53295459, 7.32459333 ] ] ] } },
{ "type": "Feature", "properties": { "id": "geomorphic_data_verbose.fid-75f8f034_1a0c1004d45_-5a05", "class_name": "Deep Lagoon", "area_sqkm": 0.00034489274133509023 }, "geometry": { "type": "Polygon", "coordinates": [ [ [ 134.53192153, 7.32796201 ], [ 134.53192153, 7.32751286 ], [ 134.531876610000012, 7.32751286 ], [ 134.531876610000012, 7.32746794 ], [ 134.5318317, 7.32746794 ], [ 134.5318317, 7.3276476 ], [ 134.531876610000012, 7.3276476 ], [ 134.531876610000012, 7.32796201 ], [ 134.53192153, 7.32796201 ] ] ] } },
{ "type": "Feature", "properties": { "id": "geomorphic_data_verbose.fid-75f8f034_1a0c1004d45_-571e", "class_name": "Inner Reef Flat", "area_sqkm": 0.0079818657515333038 }, "geometry": { "type": "Polygon", "coordinates": [ [ [ 134.54499202, 7.32459333 ], [ 134.54499202, 7.3245035 ], [ 134.5449471, 7.3245035 ], [ 134.5449471, 7.32441367 ], [ 134.54499202, 7.32441367 ], [ 134.54499202, 7.32436875 ], [ 134.54503693, 7.32436875 ], [ 134.54503693, 7.32432384 ], [ 134.545126759999988, 7.32432384 ], [ 134.545126759999988, 7.32427892 ], [ 134.545306430000011, 7.32427892 ], [ 134.545306430000011, 7.32405434 ], [ 134.545261509999989, 7.32405434 ], [ 134.545261509999989, 7.32400943 ], [ 134.54521659, 7.32400943 ], [ 134.54521659, 7.32405434 ], [ 134.54508185, 7.32405434 ], [ 134.54508185, 7.32400943 ], [ 134.54503693, 7.32400943 ], [ 134.5449471, 7.32400943 ], [ 134.5449471, 7.32396451 ], [ 134.54485727, 7.32396451 ], [ 134.54485727, 7.32400943 ], [ 134.54472252, 7.32400943 ], [ 134.54472252, 7.32405434 ], [ 134.54467761, 7.32405434 ], [ 134.54467761, 7.32409926 ], [ 134.54454286, 7.32409926 ], [ 134.54454286, 7.32414417 ], [ 134.54431828, 7.32414417 ], [ 134.54431828, 7.32418909 ], [ 134.544138620000012, 7.32418909 ], [ 134.544138620000012, 7.32423401 ], [ 134.5440937, 7.32423401 ], [ 134.5440937, 7.32418909 ], [ 134.54404878, 7.32418909 ], [ 134.54395895, 7.32418909 ], [ 134.54395895, 7.32409926 ], [ 134.54391404, 7.32409926 ], [ 134.54391404, 7.32405434 ], [ 134.543869120000011, 7.32405434 ], [ 134.543869120000011, 7.32400943 ], [ 134.54377929, 7.32400943 ], [ 134.54377929, 7.32405434 ], [ 134.54382421, 7.32405434 ], [ 134.54382421, 7.32414417 ], [ 134.54377929, 7.32414417 ], [ 134.54377929, 7.32418909 ], [ 134.54373437000001, 7.32418909 ], [ 134.54373437000001, 7.32427892 ], [ 134.54377929, 7.32427892 ], [ 134.54382421, 7.32427892 ], [ 134.54382421, 7.32432384 ], [ 134.543869120000011, 7.32432384 ], [ 134.543869120000011, 7.3245035 ], [ 134.54382421, 7.3245035 ], [ 134.54382421, 7.32459333 ], [ 134.54499202, 7.32459333 ] ] ] } },
{ "type": "Feature", "properties": { "id": "geomorphic_data_verbose.fid-75f8f034_1a0c1004d45_-571a", "class_name": "Outer Reef Flat", "area_sqkm": 0.0033504118412551469 }, "geometry": { "type": "Polygon", "coordinates": [ [ [ 134.5466539, 7.32459333 ], [ 134.5466539, 7.32454842 ], [ 134.54660898, 7.32454842 ], [ 134.54660898, 7.32445858 ], [ 134.546564069999988, 7.32445858 ], [ 134.546564069999988, 7.32441367 ], [ 134.54651915, 7.32441367 ], [ 134.54651915, 7.32445858 ], [ 134.54633949, 7.32445858 ], [ 134.54633949, 7.32436875 ], [ 134.546294569999986, 7.32436875 ], [ 134.546294569999986, 7.32418909 ], [ 134.54624966, 7.32418909 ], [ 134.54624966, 7.32414417 ], [ 134.54575558, 7.32414417 ], [ 134.54575558, 7.32423401 ], [ 134.545800500000013, 7.32423401 ], [ 134.545800500000013, 7.32459333 ], [ 134.5466539, 7.32459333 ] ] ] } },
{ "type": "Feature", "properties": { "id": "geomorphic_data_verbose.fid-75f8f034_1a0c1004d45_-571b", "class_name": "Inner Reef Flat", "area_sqkm": 0.00017244755891012028 }, "geometry": { "type": "Polygon", "coordinates": [ [ [ 134.545261509999989, 7.32459333 ], [ 134.545261509999989, 7.32454842 ], [ 134.54521659, 7.32454842 ], [ 134.54521659, 7.3245035 ], [ 134.54508185, 7.3245035 ], [ 134.54508185, 7.32459333 ], [ 134.545261509999989, 7.32459333 ] ] ] } },
{ "type": "Feature", "properties": { "id": "geomorphic_data_verbose.fid-75f8f034_1a0c1004d45_-52c9", "class_name": "Outer Reef Flat", "area_sqkm": 0.0033011363200144842 }, "geometry": { "type": "Polygon", "coordinates": [ [ [ 134.54602508, 7.32495266 ], [ 134.54602508, 7.32490774 ], [ 134.54606999, 7.32490774 ], [ 134.54606999, 7.32495266 ], [ 134.54647424, 7.32495266 ], [ 134.54647424, 7.32490774 ], [ 134.546564069999988, 7.32490774 ], [ 134.546564069999988, 7.32481791 ], [ 134.54660898, 7.32481791 ], [ 134.54660898, 7.324773 ], [ 134.5466539, 7.324773 ], [ 134.5466539, 7.32459333 ], [ 134.54660898, 7.32459333 ], [ 134.545800500000013, 7.32459333 ], [ 134.545800500000013, 7.32481791 ], [ 134.54584542, 7.32481791 ], [ 134.54589033, 7.32481791 ], [ 134.54589033, 7.32486283 ], [ 134.545935250000014, 7.32486283 ], [ 134.545935250000014, 7.32495266 ], [ 134.54602508, 7.32495266 ] ] ] } },
{ "type": "Feature", "properties": { "id": "geomorphic_data_verbose.fid-75f8f034_1a0c1004d45_-52bf", "class_name": "Inner Reef Flat", "area_sqkm": 0.0085484589625610969 }, "geometry": { "type": "Polygon", "coordinates": [ [ [ 134.54485727, 7.32553656 ], [ 134.54485727, 7.32544673 ], [ 134.54481235, 7.32544673 ], [ 134.54481235, 7.32531198 ], [ 134.54485727, 7.32531198 ], [ 134.54485727, 7.3253569 ], [ 134.54490218, 7.3253569 ], [ 134.54490218, 7.32540182 ], [ 134.54499202, 7.32540182 ], [ 134.54503693, 7.32540182 ], [ 134.54503693, 7.32549165 ], [ 134.54508185, 7.32549165 ], [ 134.54508185, 7.32553656 ], [ 134.545261509999989, 7.32553656 ], [ 134.545261509999989, 7.32549165 ], [ 134.54521659, 7.32549165 ], [ 134.545126759999988, 7.32549165 ], [ 134.545126759999988, 7.3253569 ], [ 134.54508185, 7.3253569 ], [ 134.54508185, 7.32531198 ], [ 134.54503693, 7.32531198 ], [ 134.54503693, 7.32526707 ], [ 134.54499202, 7.32526707 ], [ 134.54499202, 7.32522215 ], [ 134.5449471, 7.32522215 ], [ 134.5449471, 7.32508741 ], [ 134.54490218, 7.32508741 ], [ 134.54490218, 7.32504249 ], [ 134.54485727, 7.32504249 ], [ 134.54485727, 7.32495266 ], [ 134.54490218, 7.32495266 ], [ 134.54490218, 7.32490774 ], [ 134.5449471, 7.32490774 ], [ 134.5449471, 7.32499757 ], [ 134.54503693, 7.32499757 ], [ 134.54503693, 7.32495266 ], [ 134.54508185, 7.32495266 ], [ 134.54508185, 7.32486283 ], [ 134.54517168000001, 7.32486283 ], [ 134.54517168000001, 7.32481791 ], [ 134.545261509999989, 7.32481791 ], [ 134.545261509999989, 7.32486283 ], [ 134.545306430000011, 7.32486283 ], [ 134.545306430000011, 7.324773 ], [ 134.54535134, 7.324773 ], [ 134.54535134, 7.32468316 ], [ 134.545306430000011, 7.32468316 ], [ 134.545306430000011, 7.32463825 ], [ 134.545261509999989, 7.32463825 ], [ 134.545261509999989, 7.32459333 ], [ 134.543869120000011, 7.32459333 ], [ 134.543869120000011, 7.32463825 ], [ 134.54382421, 7.32463825 ], [ 134.54382421, 7.32472808 ], [ 134.543869120000011, 7.32472808 ], [ 134.543869120000011, 7.324773 ], [ 134.54391404, 7.324773 ], [ 134.54391404, 7.32472808 ], [ 134.54395895, 7.32472808 ], [ 134.54395895, 7.32499757 ], [ 134.54382421, 7.32499757 ], [ 134.54382421, 7.32504249 ], [ 134.54377929, 7.32504249 ], [ 134.54377929, 7.32508741 ], [ 134.54350980000001, 7.32508741 ], [ 134.54350980000001, 7.32513232 ], [ 134.543464879999988, 7.32513232 ], [ 134.543464879999988, 7.32531198 ], [ 134.54350980000001, 7.32531198 ], [ 134.54350980000001, 7.32517724 ], [ 134.54391404, 7.32517724 ], [ 134.54391404, 7.32513232 ], [ 134.544003870000012, 7.32513232 ], [ 134.544003870000012, 7.32517724 ], [ 134.54404878, 7.32517724 ], [ 134.54404878, 7.32504249 ], [ 134.5440937, 7.32504249 ], [ 134.5440937, 7.32499757 ], [ 134.544138620000012, 7.32499757 ], [ 134.544138620000012, 7.32495266 ], [ 134.54418353, 7.32495266 ], [ 134.54418353, 7.32504249 ], [ 134.54431828, 7.32504249 ], [ 134.54431828, 7.32499757 ], [ 134.54440811, 7.32499757 ], [ 134.54440811, 7.32495266 ], [ 134.54445303, 7.32495266 ], [ 134.54445303, 7.32490774 ], [ 134.544497940000014, 7.32490774 ], [ 134.544497940000014, 7.32486283 ], [ 134.544632689999986, 7.32486283 ], [ 134.544632689999986, 7.32495266 ], [ 134.54467761, 7.32495266 ], [ 134.54472252, 7.32495266 ], [ 134.54472252, 7.32499757 ], [ 134.544767439999987, 7.32499757 ], [ 134.544767439999987, 7.32513232 ], [ 134.544632689999986, 7.32513232 ], [ 134.544632689999986, 7.32522215 ], [ 134.54472252, 7.32522215 ], [ 134.544767439999987, 7.32522215 ], [ 134.544767439999987, 7.32531198 ], [ 134.54472252, 7.32531198 ], [ 134.54472252, 7.32544673 ], [ 134.544767439999987, 7.32544673 ], [ 134.544767439999987, 7.32553656 ], [ 134.54485727, 7.32553656 ] ] ] } },
{ "type": "Feature", "properties": { "id": "geomorphic_data_verbose.fid-75f8f034_1a0c1004d45_-57d8", "class_name": "Shallow Lagoon", "area_sqkm": 0.26529640445986624 }, "geometry": { "type": "Polygon", "coordinates": [ [ [ 134.5423869, 7.32886033 ], [ 134.5423869, 7.32881541 ], [ 134.54243182, 7.32881541 ], [ 134.54243182, 7.3287705 ], [ 134.54247673, 7.3287705 ], [ 134.54247673, 7.32823151 ], [ 134.542566560000012, 7.32823151 ], [ 134.542566560000012, 7.32814168 ], [ 134.5426564, 7.32814168 ], [ 134.5426564, 7.32809676 ], [ 134.54274623, 7.32809676 ], [ 134.54274623, 7.32805185 ], [ 134.54292589, 7.32805185 ], [ 134.54292589, 7.32800693 ], [ 134.54301572, 7.32800693 ], [ 134.54301572, 7.32787218 ], [ 134.54306064, 7.32787218 ], [ 134.54306064, 7.32778235 ], [ 134.54315047, 7.32778235 ], [ 134.54315047, 7.3276476 ], [ 134.54310555, 7.3276476 ], [ 134.542970810000014, 7.3276476 ], [ 134.542970810000014, 7.32769252 ], [ 134.54292589, 7.32769252 ], [ 134.54292589, 7.32760269 ], [ 134.54301572, 7.32760269 ], [ 134.54301572, 7.32746794 ], [ 134.54306064, 7.32746794 ], [ 134.54306064, 7.32742303 ], [ 134.54319539, 7.32742303 ], [ 134.54319539, 7.32746794 ], [ 134.54328522, 7.32746794 ], [ 134.54328522, 7.32742303 ], [ 134.54341996, 7.32742303 ], [ 134.54341996, 7.32733319 ], [ 134.543464879999988, 7.32733319 ], [ 134.543464879999988, 7.32724336 ], [ 134.54350980000001, 7.32724336 ], [ 134.54350980000001, 7.32719845 ], [ 134.54355471, 7.32719845 ], [ 134.54355471, 7.32715353 ], [ 134.543599629999989, 7.32715353 ], [ 134.543599629999989, 7.32710861 ], [ 134.54364454, 7.32710861 ], [ 134.54364454, 7.3270637 ], [ 134.543869120000011, 7.3270637 ], [ 134.543869120000011, 7.32692895 ], [ 134.54382421, 7.32692895 ], [ 134.54382421, 7.32688404 ], [ 134.54377929, 7.32688404 ], [ 134.54368946, 7.32688404 ], [ 134.54368946, 7.32674929 ], [ 134.54373437000001, 7.32674929 ], [ 134.54373437000001, 7.32670437 ], [ 134.543869120000011, 7.32670437 ], [ 134.543869120000011, 7.32665946 ], [ 134.54395895, 7.32665946 ], [ 134.54395895, 7.32670437 ], [ 134.544003870000012, 7.32670437 ], [ 134.544003870000012, 7.32661454 ], [ 134.54404878, 7.32661454 ], [ 134.54404878, 7.32665946 ], [ 134.54431828, 7.32665946 ], [ 134.54431828, 7.32647979 ], [ 134.5443632, 7.32647979 ], [ 134.5443632, 7.32643488 ], [ 134.54440811, 7.32643488 ], [ 134.54440811, 7.32638996 ], [ 134.54445303, 7.32638996 ], [ 134.54445303, 7.32634505 ], [ 134.544497940000014, 7.32634505 ], [ 134.544497940000014, 7.32625522 ], [ 134.54454286, 7.32625522 ], [ 134.54454286, 7.3262103 ], [ 134.54458777, 7.3262103 ], [ 134.54458777, 7.32607555 ], [ 134.54454286, 7.32607555 ], [ 134.54454286, 7.32603064 ], [ 134.544497940000014, 7.32603064 ], [ 134.544497940000014, 7.32598572 ], [ 134.54445303, 7.32598572 ], [ 134.54445303, 7.32616538 ], [ 134.54431828, 7.32616538 ], [ 134.54431828, 7.32603064 ], [ 134.54427336, 7.32603064 ], [ 134.54395895, 7.32603064 ], [ 134.54395895, 7.32589589 ], [ 134.54391404, 7.32589589 ], [ 134.54382421, 7.32589589 ], [ 134.54382421, 7.32594081 ], [ 134.54373437000001, 7.32594081 ], [ 134.54373437000001, 7.32589589 ], [ 134.54368946, 7.32589589 ], [ 134.54368946, 7.32585097 ], [ 134.54355471, 7.32585097 ], [ 134.54355471, 7.32589589 ], [ 134.543464879999988, 7.32589589 ], [ 134.543464879999988, 7.32585097 ], [ 134.54341996, 7.32585097 ], [ 134.54341996, 7.32580606 ], [ 134.54337505, 7.32580606 ], [ 134.54337505, 7.32571623 ], [ 134.543464879999988, 7.32571623 ], [ 134.543464879999988, 7.32576114 ], [ 134.54350980000001, 7.32576114 ], [ 134.54350980000001, 7.32571623 ], [ 134.54355471, 7.32571623 ], [ 134.54355471, 7.32540182 ], [ 134.54350980000001, 7.32540182 ], [ 134.54350980000001, 7.32531198 ], [ 134.543464879999988, 7.32531198 ], [ 134.543464879999988, 7.32513232 ], [ 134.54350980000001, 7.32513232 ], [ 134.54350980000001, 7.32508741 ], [ 134.54377929, 7.32508741 ], [ 134.54377929, 7.32504249 ], [ 134.54382421, 7.32504249 ], [ 134.54382421, 7.32499757 ], [ 134.54395895, 7.32499757 ], [ 134.54395895, 7.32472808 ], [ 134.54391404, 7.32472808 ], [ 134.54391404, 7.324773 ], [ 134.543869120000011, 7.324773 ], [ 134.543869120000011, 7.32472808 ], [ 134.54382421, 7.32472808 ], [ 134.54382421, 7.32463825 ], [ 134.543869120000011, 7.32463825 ], [ 134.543869120000011, 7.32459333 ], [ 134.536772430000013, 7.32459333 ], [ 134.536772430000013, 7.32472808 ], [ 134.53681735, 7.32472808 ], [ 134.53686226, 7.32472808 ], [ 134.53686226, 7.324773 ], [ 134.53695209, 7.324773 ], [ 134.53699701, 7.324773 ], [ 134.53699701, 7.32481791 ], [ 134.537041929999987, 7.32481791 ], [ 134.537041929999987, 7.32486283 ], [ 134.53708684, 7.32486283 ], [ 134.53708684, 7.32490774 ], [ 134.53713176, 7.32490774 ], [ 134.53713176, 7.32495266 ], [ 134.53717667, 7.32495266 ], [ 134.53722159, 7.32495266 ], [ 134.53722159, 7.32513232 ], [ 134.53717667, 7.32513232 ], [ 134.53717667, 7.32522215 ], [ 134.53722159, 7.32522215 ], [ 134.53722159, 7.32526707 ], [ 134.537266499999987, 7.32526707 ], [ 134.53731142, 7.32526707 ], [ 134.53731142, 7.32531198 ], [ 134.53735634, 7.32531198 ], [ 134.53735634, 7.32540182 ], [ 134.537401249999988, 7.32540182 ], [ 134.53744617000001, 7.32540182 ], [ 134.53744617000001, 7.32544673 ], [ 134.53749108, 7.32544673 ], [ 134.537536, 7.32544673 ], [ 134.537536, 7.32553656 ], [ 134.53749108, 7.32553656 ], [ 134.53749108, 7.32562639 ], [ 134.53744617000001, 7.32562639 ], [ 134.53744617000001, 7.32576114 ], [ 134.53749108, 7.32576114 ], [ 134.53749108, 7.32585097 ], [ 134.537536, 7.32585097 ], [ 134.53758091, 7.32585097 ], [ 134.53758091, 7.32589589 ], [ 134.53762583, 7.32589589 ], [ 134.53762583, 7.32594081 ], [ 134.53758091, 7.32594081 ], [ 134.53758091, 7.32598572 ], [ 134.53762583, 7.32598572 ], [ 134.53762583, 7.32603064 ], [ 134.53767075, 7.32603064 ], [ 134.53771566, 7.32603064 ], [ 134.53771566, 7.32630013 ], [ 134.53762583, 7.32630013 ], [ 134.53762583, 7.32634505 ], [ 134.537536, 7.32634505 ], [ 134.537536, 7.32652471 ], [ 134.53758091, 7.32652471 ], [ 134.53758091, 7.32688404 ], [ 134.537536, 7.32688404 ], [ 134.537536, 7.3270637 ], [ 134.53762583, 7.3270637 ], [ 134.53762583, 7.32701878 ], [ 134.53834448, 7.32701878 ], [ 134.53834448, 7.32697387 ], [ 134.5383894, 7.32697387 ], [ 134.5383894, 7.32692895 ], [ 134.53847923, 7.32692895 ], [ 134.53847923, 7.32688404 ], [ 134.538703809999987, 7.32688404 ], [ 134.538703809999987, 7.32692895 ], [ 134.53874872, 7.32692895 ], [ 134.53879364, 7.32692895 ], [ 134.53879364, 7.32697387 ], [ 134.538838559999988, 7.32697387 ], [ 134.538838559999988, 7.3270637 ], [ 134.53888347, 7.3270637 ], [ 134.53888347, 7.32733319 ], [ 134.538838559999988, 7.32733319 ], [ 134.538838559999988, 7.32742303 ], [ 134.53879364, 7.32742303 ], [ 134.53879364, 7.32737811 ], [ 134.53874872, 7.32737811 ], [ 134.53874872, 7.32751286 ], [ 134.538703809999987, 7.32751286 ], [ 134.538703809999987, 7.32755777 ], [ 134.53861398, 7.32755777 ], [ 134.53861398, 7.3276476 ], [ 134.538569059999986, 7.3276476 ], [ 134.538569059999986, 7.32769252 ], [ 134.53852415, 7.32769252 ], [ 134.53852415, 7.32778235 ], [ 134.53847923, 7.32778235 ], [ 134.53847923, 7.3279171 ], [ 134.538434310000014, 7.3279171 ], [ 134.538434310000014, 7.32809676 ], [ 134.538209740000013, 7.32809676 ], [ 134.538209740000013, 7.32818659 ], [ 134.538434310000014, 7.32818659 ], [ 134.538434310000014, 7.32814168 ], [ 134.53847923, 7.32814168 ], [ 134.53847923, 7.32809676 ], [ 134.53852415, 7.32809676 ], [ 134.53852415, 7.32814168 ], [ 134.538569059999986, 7.32814168 ], [ 134.538569059999986, 7.32818659 ], [ 134.53861398, 7.32818659 ], [ 134.53861398, 7.32814168 ], [ 134.538703809999987, 7.32814168 ], [ 134.538703809999987, 7.32809676 ], [ 134.53892839, 7.32809676 ], [ 134.5389733, 7.32809676 ], [ 134.5389733, 7.32823151 ], [ 134.53901822, 7.32823151 ], [ 134.53901822, 7.32827642 ], [ 134.53906314, 7.32827642 ], [ 134.53906314, 7.32832134 ], [ 134.53910805000001, 7.32832134 ], [ 134.53910805000001, 7.32836626 ], [ 134.539871620000014, 7.32836626 ], [ 134.539871620000014, 7.32832134 ], [ 134.53991653, 7.32832134 ], [ 134.53991653, 7.32827642 ], [ 134.54005128, 7.32827642 ], [ 134.54005128, 7.32809676 ], [ 134.54081485, 7.32809676 ], [ 134.54085977, 7.32809676 ], [ 134.54085977, 7.32845609 ], [ 134.541039430000012, 7.32845609 ], [ 134.54108434, 7.32845609 ], [ 134.54108434, 7.328501 ], [ 134.54112926, 7.328501 ], [ 134.54112926, 7.32863575 ], [ 134.541174180000013, 7.32863575 ], [ 134.541174180000013, 7.328501 ], [ 134.54126401, 7.328501 ], [ 134.54126401, 7.32854592 ], [ 134.54130892, 7.32854592 ], [ 134.54130892, 7.32863575 ], [ 134.54135384, 7.32863575 ], [ 134.54135384, 7.32868067 ], [ 134.541398750000013, 7.32868067 ], [ 134.54144367, 7.32868067 ], [ 134.54144367, 7.32872558 ], [ 134.54148859, 7.32872558 ], [ 134.54148859, 7.32868067 ], [ 134.541533500000014, 7.32868067 ], [ 134.541533500000014, 7.32872558 ], [ 134.54157842, 7.32872558 ], [ 134.54157842, 7.32868067 ], [ 134.54162333, 7.32868067 ], [ 134.54162333, 7.32854592 ], [ 134.54175808, 7.32854592 ], [ 134.54175808, 7.32859084 ], [ 134.541803, 7.32859084 ], [ 134.54184791, 7.32859084 ], [ 134.54184791, 7.32863575 ], [ 134.54189283, 7.32863575 ], [ 134.54189283, 7.32868067 ], [ 134.54193774, 7.32868067 ], [ 134.54198266, 7.32868067 ], [ 134.54198266, 7.32872558 ], [ 134.54202758, 7.32872558 ], [ 134.54207249000001, 7.32872558 ], [ 134.54207249000001, 7.3287705 ], [ 134.542162319999989, 7.3287705 ], [ 134.54220724000001, 7.3287705 ], [ 134.54220724000001, 7.32881541 ], [ 134.54225215, 7.32881541 ], [ 134.54225215, 7.32886033 ], [ 134.5423869, 7.32886033 ] ], [ [ 134.53951229, 7.32755777 ], [ 134.53946738, 7.32755777 ], [ 134.53946738, 7.32742303 ], [ 134.53951229, 7.32742303 ], [ 134.53951229, 7.32737811 ], [ 134.53955721, 7.32737811 ], [ 134.53955721, 7.32733319 ], [ 134.539602120000012, 7.32733319 ], [ 134.53964704, 7.32733319 ], [ 134.53964704, 7.32755777 ], [ 134.539602120000012, 7.32755777 ], [ 134.539602120000012, 7.32760269 ], [ 134.53951229, 7.32760269 ], [ 134.53951229, 7.32755777 ] ] ] } },
{ "type": "Feature", "properties": { "id": "geomorphic_data_verbose.fid-75f8f034_1a0c1004d45_-5329", "class_name": "Outer Reef Flat", "area_sqkm": 0.12083583592714089 }, "geometry": { "type": "Polygon", "coordinates": [ [ [ 134.54589033, 7.32971373 ], [ 134.54589033, 7.32957898 ], [ 134.545935250000014, 7.32957898 ], [ 134.545935250000014, 7.32948915 ], [ 134.54589033, 7.32948915 ], [ 134.54589033, 7.3293544 ], [ 134.54584542, 7.3293544 ], [ 134.545800500000013, 7.3293544 ], [ 134.545800500000013, 7.32930949 ], [ 134.54575558, 7.32930949 ], [ 134.54575558, 7.32926457 ], [ 134.545800500000013, 7.32926457 ], [ 134.545800500000013, 7.32903999 ], [ 134.54575558, 7.32903999 ], [ 134.54575558, 7.32917474 ], [ 134.54571067, 7.32917474 ], [ 134.54571067, 7.32921966 ], [ 134.54557592, 7.32921966 ], [ 134.54557592, 7.32926457 ], [ 134.54553101, 7.32926457 ], [ 134.54553101, 7.32921966 ], [ 134.54548609, 7.32921966 ], [ 134.54539626, 7.32921966 ], [ 134.54539626, 7.32917474 ], [ 134.54535134, 7.32917474 ], [ 134.54535134, 7.32903999 ], [ 134.545306430000011, 7.32903999 ], [ 134.545306430000011, 7.32895016 ], [ 134.545261509999989, 7.32895016 ], [ 134.54521659, 7.32895016 ], [ 134.54521659, 7.32890525 ], [ 134.54517168000001, 7.32890525 ], [ 134.54517168000001, 7.32881541 ], [ 134.545126759999988, 7.32881541 ], [ 134.545126759999988, 7.3287705 ], [ 134.54508185, 7.3287705 ], [ 134.5449471, 7.3287705 ], [ 134.5449471, 7.32872558 ], [ 134.54490218, 7.32872558 ], [ 134.54490218, 7.32868067 ], [ 134.54485727, 7.32868067 ], [ 134.54485727, 7.32863575 ], [ 134.54481235, 7.32863575 ], [ 134.54481235, 7.32854592 ], [ 134.544767439999987, 7.32854592 ], [ 134.544767439999987, 7.32845609 ], [ 134.54485727, 7.32845609 ], [ 134.54485727, 7.32841117 ], [ 134.54490218, 7.32841117 ], [ 134.54490218, 7.32827642 ], [ 134.5449471, 7.32827642 ], [ 134.5449471, 7.32823151 ], [ 134.54499202, 7.32823151 ], [ 134.54499202, 7.32814168 ], [ 134.54508185, 7.32814168 ], [ 134.54508185, 7.32805185 ], [ 134.545126759999988, 7.32805185 ], [ 134.545126759999988, 7.32796201 ], [ 134.54521659, 7.32796201 ], [ 134.54521659, 7.3279171 ], [ 134.54517168000001, 7.3279171 ], [ 134.54517168000001, 7.32787218 ], [ 134.545126759999988, 7.32787218 ], [ 134.54508185, 7.32787218 ], [ 134.54508185, 7.32782727 ], [ 134.545126759999988, 7.32782727 ], [ 134.545126759999988, 7.32778235 ], [ 134.54508185, 7.32778235 ], [ 134.54508185, 7.32773744 ], [ 134.54503693, 7.32773744 ], [ 134.54503693, 7.32769252 ], [ 134.545126759999988, 7.32769252 ], [ 134.545126759999988, 7.32773744 ], [ 134.54521659, 7.32773744 ], [ 134.545261509999989, 7.32773744 ], [ 134.545261509999989, 7.32778235 ], [ 134.54539626, 7.32778235 ], [ 134.54539626, 7.32773744 ], [ 134.54544117, 7.32773744 ], [ 134.54548609, 7.32773744 ], [ 134.54548609, 7.32782727 ], [ 134.54539626, 7.32782727 ], [ 134.54539626, 7.32787218 ], [ 134.54535134, 7.32787218 ], [ 134.54535134, 7.32796201 ], [ 134.54544117, 7.32796201 ], [ 134.54548609, 7.32796201 ], [ 134.54548609, 7.32800693 ], [ 134.54553101, 7.32800693 ], [ 134.54553101, 7.32809676 ], [ 134.54557592, 7.32809676 ], [ 134.54557592, 7.32814168 ], [ 134.54553101, 7.32814168 ], [ 134.54553101, 7.32818659 ], [ 134.54557592, 7.32818659 ], [ 134.54557592, 7.32823151 ], [ 134.54562084, 7.32823151 ], [ 134.54562084, 7.32814168 ], [ 134.545665750000012, 7.32814168 ], [ 134.545665750000012, 7.32809676 ], [ 134.54575558, 7.32809676 ], [ 134.54575558, 7.32814168 ], [ 134.545800500000013, 7.32814168 ], [ 134.54584542, 7.32814168 ], [ 134.54584542, 7.32823151 ], [ 134.54589033, 7.32823151 ], [ 134.54589033, 7.32805185 ], [ 134.54615983, 7.32805185 ], [ 134.54615983, 7.32796201 ], [ 134.54620474, 7.32796201 ], [ 134.54620474, 7.3279171 ], [ 134.54624966, 7.3279171 ], [ 134.54624966, 7.32787218 ], [ 134.546294569999986, 7.32787218 ], [ 134.546294569999986, 7.3279171 ], [ 134.5463844, 7.3279171 ], [ 134.5463844, 7.32787218 ], [ 134.54651915, 7.32787218 ], [ 134.54651915, 7.32782727 ], [ 134.54660898, 7.32782727 ], [ 134.54660898, 7.32773744 ], [ 134.54674373, 7.32773744 ], [ 134.54674373, 7.3276476 ], [ 134.54678865, 7.3276476 ], [ 134.54678865, 7.32769252 ], [ 134.54687848, 7.32769252 ], [ 134.54687848, 7.3276476 ], [ 134.546923389999989, 7.3276476 ], [ 134.546923389999989, 7.32760269 ], [ 134.546968310000011, 7.32760269 ], [ 134.546968310000011, 7.32751286 ], [ 134.546923389999989, 7.32751286 ], [ 134.546923389999989, 7.32746794 ], [ 134.546968310000011, 7.32746794 ], [ 134.546968310000011, 7.32733319 ], [ 134.546923389999989, 7.32733319 ], [ 134.54687848, 7.32733319 ], [ 134.54687848, 7.32724336 ], [ 134.547103060000012, 7.32724336 ], [ 134.547103060000012, 7.32719845 ], [ 134.54714797, 7.32719845 ], [ 134.54714797, 7.32724336 ], [ 134.5472378, 7.32724336 ], [ 134.5472378, 7.32715353 ], [ 134.54719289, 7.32715353 ], [ 134.54719289, 7.32710861 ], [ 134.54714797, 7.32710861 ], [ 134.54714797, 7.3270637 ], [ 134.547103060000012, 7.3270637 ], [ 134.54705814, 7.3270637 ], [ 134.54705814, 7.32701878 ], [ 134.54701323, 7.32701878 ], [ 134.54701323, 7.32697387 ], [ 134.546923389999989, 7.32697387 ], [ 134.546923389999989, 7.32701878 ], [ 134.54687848, 7.32701878 ], [ 134.54687848, 7.3270637 ], [ 134.54678865, 7.3270637 ], [ 134.54678865, 7.32688404 ], [ 134.54674373, 7.32688404 ], [ 134.5466539, 7.32688404 ], [ 134.5466539, 7.32683912 ], [ 134.54660898, 7.32683912 ], [ 134.54660898, 7.32670437 ], [ 134.546564069999988, 7.32670437 ], [ 134.54651915, 7.32670437 ], [ 134.54651915, 7.32647979 ], [ 134.546564069999988, 7.32647979 ], [ 134.546564069999988, 7.32643488 ], [ 134.54660898, 7.32643488 ], [ 134.54660898, 7.32638996 ], [ 134.5466539, 7.32638996 ], [ 134.5466539, 7.32634505 ], [ 134.54669881, 7.32634505 ], [ 134.54669881, 7.32630013 ], [ 134.54674373, 7.32630013 ], [ 134.54674373, 7.32625522 ], [ 134.54669881, 7.32625522 ], [ 134.54669881, 7.32616538 ], [ 134.5466539, 7.32616538 ], [ 134.54660898, 7.32616538 ], [ 134.54660898, 7.32603064 ], [ 134.546564069999988, 7.32603064 ], [ 134.546564069999988, 7.32598572 ], [ 134.54651915, 7.32598572 ], [ 134.54651915, 7.32594081 ], [ 134.54647424, 7.32594081 ], [ 134.546429319999987, 7.32594081 ], [ 134.546429319999987, 7.32589589 ], [ 134.5463844, 7.32589589 ], [ 134.5463844, 7.32585097 ], [ 134.54647424, 7.32585097 ], [ 134.54647424, 7.32580606 ], [ 134.54669881, 7.32580606 ], [ 134.54669881, 7.32585097 ], [ 134.54674373, 7.32585097 ], [ 134.54674373, 7.32589589 ], [ 134.54678865, 7.32589589 ], [ 134.54678865, 7.32585097 ], [ 134.54683356000001, 7.32585097 ], [ 134.54683356000001, 7.32594081 ], [ 134.546923389999989, 7.32594081 ], [ 134.546968310000011, 7.32594081 ], [ 134.546968310000011, 7.32598572 ], [ 134.54701323, 7.32598572 ], [ 134.54701323, 7.32580606 ], [ 134.54705814, 7.32580606 ], [ 134.54705814, 7.32567131 ], [ 134.54701323, 7.32567131 ], [ 134.54683356000001, 7.32567131 ], [ 134.54683356000001, 7.32553656 ], [ 134.54687848, 7.32553656 ], [ 134.54687848, 7.32544673 ], [ 134.54683356000001, 7.32544673 ], [ 134.54660898, 7.32544673 ], [ 134.54660898, 7.32553656 ], [ 134.5466539, 7.32553656 ], [ 134.54669881, 7.32553656 ], [ 134.54669881, 7.32562639 ], [ 134.54660898, 7.32562639 ], [ 134.54660898, 7.32576114 ], [ 134.546429319999987, 7.32576114 ], [ 134.546429319999987, 7.32571623 ], [ 134.5463844, 7.32571623 ], [ 134.5463844, 7.32567131 ], [ 134.54633949, 7.32567131 ], [ 134.54633949, 7.32562639 ], [ 134.546294569999986, 7.32562639 ], [ 134.54624966, 7.32562639 ], [ 134.54624966, 7.32558148 ], [ 134.54620474, 7.32558148 ], [ 134.54620474, 7.32562639 ], [ 134.54615983, 7.32562639 ], [ 134.54615983, 7.32558148 ], [ 134.54611491, 7.32558148 ], [ 134.54611491, 7.32549165 ], [ 134.54606999, 7.32549165 ], [ 134.54606999, 7.32544673 ], [ 134.54602508, 7.32544673 ], [ 134.54602508, 7.32540182 ], [ 134.54598016, 7.32540182 ], [ 134.54598016, 7.3253569 ], [ 134.545935250000014, 7.3253569 ], [ 134.545800500000013, 7.3253569 ], [ 134.545800500000013, 7.32531198 ], [ 134.54575558, 7.32531198 ], [ 134.54571067, 7.32531198 ], [ 134.54571067, 7.32522215 ], [ 134.545665750000012, 7.32522215 ], [ 134.545665750000012, 7.32495266 ], [ 134.54562084, 7.32495266 ], [ 134.54562084, 7.32472808 ], [ 134.54557592, 7.32472808 ], [ 134.54557592, 7.32463825 ], [ 134.54553101, 7.32463825 ], [ 134.54548609, 7.32463825 ], [ 134.54548609, 7.32459333 ], [ 134.545261509999989, 7.32459333 ], [ 134.545261509999989, 7.32463825 ], [ 134.545306430000011, 7.32463825 ], [ 134.545306430000011, 7.32468316 ], [ 134.54535134, 7.32468316 ], [ 134.54535134, 7.324773 ], [ 134.545306430000011, 7.324773 ], [ 134.545306430000011, 7.32486283 ], [ 134.545261509999989, 7.32486283 ], [ 134.545261509999989, 7.32481791 ], [ 134.54517168000001, 7.32481791 ], [ 134.54517168000001, 7.32486283 ], [ 134.54508185, 7.32486283 ], [ 134.54508185, 7.32495266 ], [ 134.54503693, 7.32495266 ], [ 134.54503693, 7.32499757 ], [ 134.5449471, 7.32499757 ], [ 134.5449471, 7.32490774 ], [ 134.54490218, 7.32490774 ], [ 134.54490218, 7.32495266 ], [ 134.54485727, 7.32495266 ], [ 134.54485727, 7.32504249 ], [ 134.54490218, 7.32504249 ], [ 134.54490218, 7.32508741 ], [ 134.5449471, 7.32508741 ], [ 134.5449471, 7.32522215 ], [ 134.54499202, 7.32522215 ], [ 134.54499202, 7.32526707 ], [ 134.54503693, 7.32526707 ], [ 134.54503693, 7.32531198 ], [ 134.54508185, 7.32531198 ], [ 134.54508185, 7.3253569 ], [ 134.545126759999988, 7.3253569 ], [ 134.545126759999988, 7.32549165 ], [ 134.54521659, 7.32549165 ], [ 134.545261509999989, 7.32549165 ], [ 134.545261509999989, 7.32553656 ], [ 134.54508185, 7.32553656 ], [ 134.54508185, 7.32549165 ], [ 134.54503693, 7.32549165 ], [ 134.54503693, 7.32540182 ], [ 134.54499202, 7.32540182 ], [ 134.54490218, 7.32540182 ], [ 134.54490218, 7.3253569 ], [ 134.54485727, 7.3253569 ], [ 134.54485727, 7.32531198 ], [ 134.54481235, 7.32531198 ], [ 134.54481235, 7.32544673 ], [ 134.54485727, 7.32544673 ], [ 134.54485727, 7.32553656 ], [ 134.544767439999987, 7.32553656 ], [ 134.544767439999987, 7.32544673 ], [ 134.54472252, 7.32544673 ], [ 134.54472252, 7.32531198 ], [ 134.544767439999987, 7.32531198 ], [ 134.544767439999987, 7.32522215 ], [ 134.54472252, 7.32522215 ], [ 134.544632689999986, 7.32522215 ], [ 134.544632689999986, 7.32513232 ], [ 134.544767439999987, 7.32513232 ], [ 134.544767439999987, 7.32499757 ], [ 134.54472252, 7.32499757 ], [ 134.54472252, 7.32495266 ], [ 134.54467761, 7.32495266 ], [ 134.544632689999986, 7.32495266 ], [ 134.544632689999986, 7.32486283 ], [ 134.544497940000014, 7.32486283 ], [ 134.544497940000014, 7.32490774 ], [ 134.54445303, 7.32490774 ], [ 134.54445303, 7.32495266 ], [ 134.54440811, 7.32495266 ], [ 134.54440811, 7.32499757 ], [ 134.54431828, 7.32499757 ], [ 134.54431828, 7.32504249 ], [ 134.54418353, 7.32504249 ], [ 134.54418353, 7.32495266 ], [ 134.544138620000012, 7.32495266 ], [ 134.544138620000012, 7.32499757 ], [ 134.5440937, 7.32499757 ], [ 134.5440937, 7.32504249 ], [ 134.54404878, 7.32504249 ], [ 134.54404878, 7.32517724 ], [ 134.544003870000012, 7.32517724 ], [ 134.544003870000012, 7.32513232 ], [ 134.54391404, 7.32513232 ], [ 134.54391404, 7.32517724 ], [ 134.54350980000001, 7.32517724 ], [ 134.54350980000001, 7.32540182 ], [ 134.54355471, 7.32540182 ], [ 134.54355471, 7.32571623 ], [ 134.54350980000001, 7.32571623 ], [ 134.54350980000001, 7.32576114 ], [ 134.543464879999988, 7.32576114 ], [ 134.543464879999988, 7.32571623 ], [ 134.54337505, 7.32571623 ], [ 134.54337505, 7.32580606 ], [ 134.54341996, 7.32580606 ], [ 134.54341996, 7.32585097 ], [ 134.543464879999988, 7.32585097 ], [ 134.543464879999988, 7.32589589 ], [ 134.54355471, 7.32589589 ], [ 134.54355471, 7.32585097 ], [ 134.54368946, 7.32585097 ], [ 134.54368946, 7.32589589 ], [ 134.54373437000001, 7.32589589 ], [ 134.54373437000001, 7.32594081 ], [ 134.54382421, 7.32594081 ], [ 134.54382421, 7.32589589 ], [ 134.54391404, 7.32589589 ], [ 134.54395895, 7.32589589 ], [ 134.54395895, 7.32603064 ], [ 134.54427336, 7.32603064 ], [ 134.54431828, 7.32603064 ], [ 134.54431828, 7.32616538 ], [ 134.54445303, 7.32616538 ], [ 134.54445303, 7.32598572 ], [ 134.544497940000014, 7.32598572 ], [ 134.544497940000014, 7.32603064 ], [ 134.54454286, 7.32603064 ], [ 134.54454286, 7.32607555 ], [ 134.54458777, 7.32607555 ], [ 134.54458777, 7.3262103 ], [ 134.54454286, 7.3262103 ], [ 134.54454286, 7.32625522 ], [ 134.544497940000014, 7.32625522 ], [ 134.544497940000014, 7.32634505 ], [ 134.54445303, 7.32634505 ], [ 134.54445303, 7.32638996 ], [ 134.54440811, 7.32638996 ], [ 134.54440811, 7.32643488 ], [ 134.5443632, 7.32643488 ], [ 134.5443632, 7.32647979 ], [ 134.54431828, 7.32647979 ], [ 134.54431828, 7.32665946 ], [ 134.54404878, 7.32665946 ], [ 134.54404878, 7.32674929 ], [ 134.5440937, 7.32674929 ], [ 134.5440937, 7.3267942 ], [ 134.544138620000012, 7.3267942 ], [ 134.54418353, 7.3267942 ], [ 134.54418353, 7.32683912 ], [ 134.544138620000012, 7.32683912 ], [ 134.544138620000012, 7.32688404 ], [ 134.54395895, 7.32688404 ], [ 134.54395895, 7.32715353 ], [ 134.543869120000011, 7.32715353 ], [ 134.543869120000011, 7.32719845 ], [ 134.54364454, 7.32719845 ], [ 134.54364454, 7.32724336 ], [ 134.543599629999989, 7.32724336 ], [ 134.543599629999989, 7.32728828 ], [ 134.54355471, 7.32728828 ], [ 134.54355471, 7.32760269 ], [ 134.54341996, 7.32760269 ], [ 134.54341996, 7.32769252 ], [ 134.54337505, 7.32769252 ], [ 134.54337505, 7.32778235 ], [ 134.543330129999987, 7.32778235 ], [ 134.543330129999987, 7.32796201 ], [ 134.54337505, 7.32796201 ], [ 134.54337505, 7.32809676 ], [ 134.54301572, 7.32809676 ], [ 134.54301572, 7.32823151 ], [ 134.54306064, 7.32823151 ], [ 134.54306064, 7.32818659 ], [ 134.54319539, 7.32818659 ], [ 134.54319539, 7.32823151 ], [ 134.54337505, 7.32823151 ], [ 134.54341996, 7.32823151 ], [ 134.54341996, 7.32827642 ], [ 134.543464879999988, 7.32827642 ], [ 134.543464879999988, 7.32832134 ], [ 134.54350980000001, 7.32832134 ], [ 134.54350980000001, 7.32836626 ], [ 134.54355471, 7.32836626 ], [ 134.543599629999989, 7.32836626 ], [ 134.543599629999989, 7.32845609 ], [ 134.54364454, 7.32845609 ], [ 134.54364454, 7.328501 ], [ 134.54368946, 7.328501 ], [ 134.54368946, 7.32854592 ], [ 134.54373437000001, 7.32854592 ], [ 134.54373437000001, 7.32863575 ], [ 134.54377929, 7.32863575 ], [ 134.54382421, 7.32863575 ], [ 134.54382421, 7.32872558 ], [ 134.54395895, 7.32872558 ], [ 134.544003870000012, 7.32872558 ], [ 134.544003870000012, 7.3287705 ], [ 134.5440937, 7.3287705 ], [ 134.544138620000012, 7.3287705 ], [ 134.544138620000012, 7.32881541 ], [ 134.54418353, 7.32881541 ], [ 134.54422845, 7.32881541 ], [ 134.54422845, 7.32886033 ], [ 134.54427336, 7.32886033 ], [ 134.54431828, 7.32886033 ], [ 134.54431828, 7.32890525 ], [ 134.5443632, 7.32890525 ], [ 134.5443632, 7.32903999 ], [ 134.54440811, 7.32903999 ], [ 134.54440811, 7.32908491 ], [ 134.544767439999987, 7.32908491 ], [ 134.54481235, 7.32908491 ], [ 134.54481235, 7.32912982 ], [ 134.54485727, 7.32912982 ], [ 134.54490218, 7.32912982 ], [ 134.54490218, 7.32917474 ], [ 134.545126759999988, 7.32917474 ], [ 134.54517168000001, 7.32917474 ], [ 134.54517168000001, 7.32921966 ], [ 134.54521659, 7.32921966 ], [ 134.545261509999989, 7.32921966 ], [ 134.545261509999989, 7.32926457 ], [ 134.545306430000011, 7.32926457 ], [ 134.545306430000011, 7.32930949 ], [ 134.54535134, 7.32930949 ], [ 134.54535134, 7.3293544 ], [ 134.54539626, 7.3293544 ], [ 134.54539626, 7.32939932 ], [ 134.54544117, 7.32939932 ], [ 134.54544117, 7.3296239 ], [ 134.54548609, 7.3296239 ], [ 134.54548609, 7.32966881 ], [ 134.54562084, 7.32966881 ], [ 134.545665750000012, 7.32966881 ], [ 134.545665750000012, 7.32971373 ], [ 134.54589033, 7.32971373 ] ] ] } },
{ "type": "Feature", "properties": { "id": "geomorphic_data_verbose.fid-75f8f034_1a0c1004d45_-5c17", "class_name": "Inner Reef Flat", "area_sqkm": 0.0036706475091325117 }, "geometry": { "type": "Polygon", "coordinates": [ [ [ 134.53847923, 7.3279171 ], [ 134.53847923, 7.32778235 ], [ 134.53852415, 7.32778235 ], [ 134.53852415, 7.32769252 ], [ 134.538569059999986, 7.32769252 ], [ 134.538569059999986, 7.3276476 ], [ 134.53861398, 7.3276476 ], [ 134.53861398, 7.32755777 ], [ 134.538703809999987, 7.32755777 ], [ 134.538703809999987, 7.32751286 ], [ 134.53874872, 7.32751286 ], [ 134.53874872, 7.32737811 ], [ 134.53879364, 7.32737811 ], [ 134.53879364, 7.32742303 ], [ 134.538838559999988, 7.32742303 ], [ 134.538838559999988, 7.32733319 ], [ 134.53888347, 7.32733319 ], [ 134.53888347, 7.3270637 ], [ 134.538838559999988, 7.3270637 ], [ 134.538838559999988, 7.32697387 ], [ 134.53879364, 7.32697387 ], [ 134.53879364, 7.32692895 ], [ 134.53874872, 7.32692895 ], [ 134.538703809999987, 7.32692895 ], [ 134.538703809999987, 7.32688404 ], [ 134.53847923, 7.32688404 ], [ 134.53847923, 7.32692895 ], [ 134.5383894, 7.32692895 ], [ 134.5383894, 7.32697387 ], [ 134.53834448, 7.32697387 ], [ 134.53834448, 7.32701878 ], [ 134.5383894, 7.32701878 ], [ 134.538434310000014, 7.32701878 ], [ 134.538434310000014, 7.3279171 ], [ 134.53847923, 7.3279171 ] ] ] } },
{ "type": "Feature", "properties": { "id": "geomorphic_data_verbose.fid-75f8f034_1a0c1004d45_-5716", "class_name": "Terrestrial Reef Flat", "area_sqkm": 0.21459735057936283 }, "geometry": { "type": "Polygon", "coordinates": [ [ [ 134.5466539, 7.32459333 ], [ 134.5466539, 7.324773 ], [ 134.54660898, 7.324773 ], [ 134.54660898, 7.32481791 ], [ 134.546564069999988, 7.32481791 ], [ 134.546564069999988, 7.32490774 ], [ 134.54647424, 7.32490774 ], [ 134.54647424, 7.32495266 ], [ 134.54606999, 7.32495266 ], [ 134.54606999, 7.32490774 ], [ 134.54602508, 7.32490774 ], [ 134.54602508, 7.32495266 ], [ 134.545935250000014, 7.32495266 ], [ 134.545935250000014, 7.32486283 ], [ 134.54589033, 7.32486283 ], [ 134.54589033, 7.32481791 ], [ 134.545800500000013, 7.32481791 ], [ 134.545800500000013, 7.32459333 ], [ 134.54548609, 7.32459333 ], [ 134.54548609, 7.32463825 ], [ 134.54557592, 7.32463825 ], [ 134.54557592, 7.32472808 ], [ 134.54562084, 7.32472808 ], [ 134.54562084, 7.32495266 ], [ 134.545665750000012, 7.32495266 ], [ 134.545665750000012, 7.32522215 ], [ 134.54571067, 7.32522215 ], [ 134.54571067, 7.32531198 ], [ 134.545800500000013, 7.32531198 ], [ 134.545800500000013, 7.3253569 ], [ 134.54598016, 7.3253569 ], [ 134.54598016, 7.32540182 ], [ 134.54602508, 7.32540182 ], [ 134.54602508, 7.32544673 ], [ 134.54606999, 7.32544673 ], [ 134.54606999, 7.32549165 ], [ 134.54611491, 7.32549165 ], [ 134.54611491, 7.32558148 ], [ 134.54615983, 7.32558148 ], [ 134.54615983, 7.32562639 ], [ 134.54620474, 7.32562639 ], [ 134.54620474, 7.32558148 ], [ 134.54624966, 7.32558148 ], [ 134.54624966, 7.32562639 ], [ 134.54633949, 7.32562639 ], [ 134.54633949, 7.32567131 ], [ 134.5463844, 7.32567131 ], [ 134.5463844, 7.32571623 ], [ 134.546429319999987, 7.32571623 ], [ 134.546429319999987, 7.32576114 ], [ 134.54660898, 7.32576114 ], [ 134.54660898, 7.32562639 ], [ 134.54669881, 7.32562639 ], [ 134.54669881, 7.32553656 ], [ 134.54660898, 7.32553656 ], [ 134.54660898, 7.32544673 ], [ 134.54687848, 7.32544673 ], [ 134.54687848, 7.32553656 ], [ 134.54683356000001, 7.32553656 ], [ 134.54683356000001, 7.32567131 ], [ 134.54705814, 7.32567131 ], [ 134.54705814, 7.32580606 ], [ 134.54701323, 7.32580606 ], [ 134.54701323, 7.32598572 ], [ 134.546968310000011, 7.32598572 ], [ 134.546968310000011, 7.32594081 ], [ 134.54683356000001, 7.32594081 ], [ 134.54683356000001, 7.32585097 ], [ 134.54678865, 7.32585097 ], [ 134.54678865, 7.32589589 ], [ 134.54674373, 7.32589589 ], [ 134.54674373, 7.32585097 ], [ 134.54669881, 7.32585097 ], [ 134.54669881, 7.32580606 ], [ 134.54647424, 7.32580606 ], [ 134.54647424, 7.32585097 ], [ 134.5463844, 7.32585097 ], [ 134.5463844, 7.32589589 ], [ 134.546429319999987, 7.32589589 ], [ 134.546429319999987, 7.32594081 ], [ 134.54651915, 7.32594081 ], [ 134.54651915, 7.32598572 ], [ 134.546564069999988, 7.32598572 ], [ 134.546564069999988, 7.32603064 ], [ 134.54660898, 7.32603064 ], [ 134.54660898, 7.32616538 ], [ 134.54669881, 7.32616538 ], [ 134.54669881, 7.32625522 ], [ 134.54674373, 7.32625522 ], [ 134.54674373, 7.32630013 ], [ 134.54669881, 7.32630013 ], [ 134.54669881, 7.32634505 ], [ 134.5466539, 7.32634505 ], [ 134.5466539, 7.32638996 ], [ 134.54660898, 7.32638996 ], [ 134.54660898, 7.32643488 ], [ 134.546564069999988, 7.32643488 ], [ 134.546564069999988, 7.32647979 ], [ 134.54651915, 7.32647979 ], [ 134.54651915, 7.32670437 ], [ 134.54660898, 7.32670437 ], [ 134.54660898, 7.32683912 ], [ 134.5466539, 7.32683912 ], [ 134.5466539, 7.32688404 ], [ 134.54678865, 7.32688404 ], [ 134.54678865, 7.3270637 ], [ 134.54687848, 7.3270637 ], [ 134.54687848, 7.32701878 ], [ 134.546923389999989, 7.32701878 ], [ 134.546923389999989, 7.32697387 ], [ 134.54701323, 7.32697387 ], [ 134.54701323, 7.32701878 ], [ 134.54705814, 7.32701878 ], [ 134.54705814, 7.3270637 ], [ 134.54714797, 7.3270637 ], [ 134.54714797, 7.32710861 ], [ 134.54719289, 7.32710861 ], [ 134.54719289, 7.32715353 ], [ 134.5472378, 7.32715353 ], [ 134.5472378, 7.32724336 ], [ 134.54714797, 7.32724336 ], [ 134.54714797, 7.32719845 ], [ 134.547103060000012, 7.32719845 ], [ 134.547103060000012, 7.32724336 ], [ 134.54687848, 7.32724336 ], [ 134.54687848, 7.32733319 ], [ 134.546968310000011, 7.32733319 ], [ 134.546968310000011, 7.32746794 ], [ 134.546923389999989, 7.32746794 ], [ 134.546923389999989, 7.32751286 ], [ 134.546968310000011, 7.32751286 ], [ 134.546968310000011, 7.32760269 ], [ 134.546923389999989, 7.32760269 ], [ 134.546923389999989, 7.3276476 ], [ 134.54687848, 7.3276476 ], [ 134.54687848, 7.32769252 ], [ 134.54678865, 7.32769252 ], [ 134.54678865, 7.3276476 ], [ 134.54674373, 7.3276476 ], [ 134.54674373, 7.32773744 ], [ 134.54660898, 7.32773744 ], [ 134.54660898, 7.32782727 ], [ 134.54651915, 7.32782727 ], [ 134.54651915, 7.32787218 ], [ 134.5463844, 7.32787218 ], [ 134.5463844, 7.3279171 ], [ 134.546294569999986, 7.3279171 ], [ 134.546294569999986, 7.32787218 ], [ 134.54624966, 7.32787218 ], [ 134.54624966, 7.3279171 ], [ 134.54620474, 7.3279171 ], [ 134.54620474, 7.32796201 ], [ 134.54615983, 7.32796201 ], [ 134.54615983, 7.32805185 ], [ 134.54589033, 7.32805185 ], [ 134.54589033, 7.32823151 ], [ 134.54584542, 7.32823151 ], [ 134.54584542, 7.32814168 ], [ 134.54575558, 7.32814168 ], [ 134.54575558, 7.32809676 ], [ 134.545665750000012, 7.32809676 ], [ 134.545665750000012, 7.32814168 ], [ 134.54562084, 7.32814168 ], [ 134.54562084, 7.32823151 ], [ 134.54557592, 7.32823151 ], [ 134.54557592, 7.32818659 ], [ 134.54553101, 7.32818659 ], [ 134.54553101, 7.32814168 ], [ 134.54557592, 7.32814168 ], [ 134.54557592, 7.32809676 ], [ 134.54553101, 7.32809676 ], [ 134.54553101, 7.32800693 ], [ 134.54548609, 7.32800693 ], [ 134.54548609, 7.32796201 ], [ 134.54535134, 7.32796201 ], [ 134.54535134, 7.32787218 ], [ 134.54539626, 7.32787218 ], [ 134.54539626, 7.32782727 ], [ 134.54548609, 7.32782727 ], [ 134.54548609, 7.32773744 ], [ 134.54539626, 7.32773744 ], [ 134.54539626, 7.32778235 ], [ 134.545261509999989, 7.32778235 ], [ 134.545261509999989, 7.32773744 ], [ 134.545126759999988, 7.32773744 ], [ 134.545126759999988, 7.32769252 ], [ 134.54503693, 7.32769252 ], [ 134.54503693, 7.32773744 ], [ 134.54508185, 7.32773744 ], [ 134.54508185, 7.32778235 ], [ 134.545126759999988, 7.32778235 ], [ 134.545126759999988, 7.32782727 ], [ 134.54508185, 7.32782727 ], [ 134.54508185, 7.32787218 ], [ 134.54517168000001, 7.32787218 ], [ 134.54517168000001, 7.3279171 ], [ 134.54521659, 7.3279171 ], [ 134.54521659, 7.32796201 ], [ 134.545126759999988, 7.32796201 ], [ 134.545126759999988, 7.32805185 ], [ 134.54508185, 7.32805185 ], [ 134.54508185, 7.32814168 ], [ 134.54499202, 7.32814168 ], [ 134.54499202, 7.32823151 ], [ 134.5449471, 7.32823151 ], [ 134.5449471, 7.32827642 ], [ 134.54490218, 7.32827642 ], [ 134.54490218, 7.32841117 ], [ 134.54485727, 7.32841117 ], [ 134.54485727, 7.32845609 ], [ 134.544767439999987, 7.32845609 ], [ 134.544767439999987, 7.32854592 ], [ 134.54481235, 7.32854592 ], [ 134.54481235, 7.32863575 ], [ 134.54485727, 7.32863575 ], [ 134.54485727, 7.32868067 ], [ 134.54490218, 7.32868067 ], [ 134.54490218, 7.32872558 ], [ 134.5449471, 7.32872558 ], [ 134.5449471, 7.3287705 ], [ 134.545126759999988, 7.3287705 ], [ 134.545126759999988, 7.32881541 ], [ 134.54517168000001, 7.32881541 ], [ 134.54517168000001, 7.32890525 ], [ 134.54521659, 7.32890525 ], [ 134.54521659, 7.32895016 ], [ 134.545306430000011, 7.32895016 ], [ 134.545306430000011, 7.32903999 ], [ 134.54535134, 7.32903999 ], [ 134.54535134, 7.32917474 ], [ 134.54539626, 7.32917474 ], [ 134.54539626, 7.32921966 ], [ 134.54553101, 7.32921966 ], [ 134.54553101, 7.32926457 ], [ 134.54557592, 7.32926457 ], [ 134.54557592, 7.32921966 ], [ 134.54571067, 7.32921966 ], [ 134.54571067, 7.32917474 ], [ 134.54575558, 7.32917474 ], [ 134.54575558, 7.32903999 ], [ 134.545800500000013, 7.32903999 ], [ 134.545800500000013, 7.32926457 ], [ 134.54575558, 7.32926457 ], [ 134.54575558, 7.32930949 ], [ 134.545800500000013, 7.32930949 ], [ 134.545800500000013, 7.3293544 ], [ 134.54589033, 7.3293544 ], [ 134.54589033, 7.32948915 ], [ 134.545935250000014, 7.32948915 ], [ 134.545935250000014, 7.32957898 ], [ 134.54589033, 7.32957898 ], [ 134.54589033, 7.32971373 ], [ 134.546315328331758, 7.32971373 ], [ 134.54811869, 7.32598903 ], [ 134.547877078533247, 7.32459333 ], [ 134.5466539, 7.32459333 ] ], [ [ 134.54517168000001, 7.32805185 ], [ 134.54517168000001, 7.32809676 ], [ 134.545126759999988, 7.32809676 ], [ 134.545126759999988, 7.32805185 ], [ 134.54517168000001, 7.32805185 ] ], [ [ 134.545306430000011, 7.32787218 ], [ 134.545306430000011, 7.32796201 ], [ 134.545261509999989, 7.32796201 ], [ 134.545261509999989, 7.32787218 ], [ 134.545306430000011, 7.32787218 ] ] ] } },
{ "type": "Feature", "properties": { "id": "geomorphic_data_verbose.fid-75f8f034_1a0c1004d45_-532c", "class_name": "Inner Reef Flat", "area_sqkm": 0.00046806894091377032 }, "geometry": { "type": "Polygon", "coordinates": [ [ [ 134.539602120000012, 7.32760269 ], [ 134.539602120000012, 7.32755777 ], [ 134.53964704, 7.32755777 ], [ 134.53964704, 7.32733319 ], [ 134.539602120000012, 7.32733319 ], [ 134.53955721, 7.32733319 ], [ 134.53955721, 7.32737811 ], [ 134.53951229, 7.32737811 ], [ 134.53951229, 7.32742303 ], [ 134.53946738, 7.32742303 ], [ 134.53946738, 7.32755777 ], [ 134.53951229, 7.32755777 ], [ 134.53951229, 7.32760269 ], [ 134.539602120000012, 7.32760269 ] ] ] } },
{ "type": "Feature", "properties": { "id": "geomorphic_data_verbose.fid-75f8f034_1a0c1004d45_-5696", "class_name": "Inner Reef Flat", "area_sqkm": 0.021432702268046791 }, "geometry": { "type": "Polygon", "coordinates": [ [ [ 134.537266499999987, 7.32800693 ], [ 134.537266499999987, 7.32787218 ], [ 134.53722159, 7.32787218 ], [ 134.53722159, 7.32782727 ], [ 134.537266499999987, 7.32782727 ], [ 134.537266499999987, 7.32778235 ], [ 134.53722159, 7.32778235 ], [ 134.53722159, 7.32751286 ], [ 134.537266499999987, 7.32751286 ], [ 134.537266499999987, 7.32760269 ], [ 134.53731142, 7.32760269 ], [ 134.53731142, 7.3276476 ], [ 134.53735634, 7.3276476 ], [ 134.53735634, 7.32769252 ], [ 134.537401249999988, 7.32769252 ], [ 134.537401249999988, 7.32782727 ], [ 134.53744617000001, 7.32782727 ], [ 134.53744617000001, 7.3279171 ], [ 134.53749108, 7.3279171 ], [ 134.53749108, 7.32737811 ], [ 134.537536, 7.32737811 ], [ 134.537536, 7.32733319 ], [ 134.53758091, 7.32733319 ], [ 134.53758091, 7.32728828 ], [ 134.53762583, 7.32728828 ], [ 134.53762583, 7.3270637 ], [ 134.53758091, 7.3270637 ], [ 134.537536, 7.3270637 ], [ 134.537536, 7.32688404 ], [ 134.53758091, 7.32688404 ], [ 134.53758091, 7.32652471 ], [ 134.537536, 7.32652471 ], [ 134.537536, 7.32634505 ], [ 134.53762583, 7.32634505 ], [ 134.53762583, 7.32630013 ], [ 134.53771566, 7.32630013 ], [ 134.53771566, 7.32603064 ], [ 134.53767075, 7.32603064 ], [ 134.53762583, 7.32603064 ], [ 134.53762583, 7.32598572 ], [ 134.53758091, 7.32598572 ], [ 134.53758091, 7.32594081 ], [ 134.53762583, 7.32594081 ], [ 134.53762583, 7.32589589 ], [ 134.53758091, 7.32589589 ], [ 134.53758091, 7.32585097 ], [ 134.537536, 7.32585097 ], [ 134.53749108, 7.32585097 ], [ 134.53749108, 7.32576114 ], [ 134.53744617000001, 7.32576114 ], [ 134.53744617000001, 7.32562639 ], [ 134.53749108, 7.32562639 ], [ 134.53749108, 7.32553656 ], [ 134.537536, 7.32553656 ], [ 134.537536, 7.32544673 ], [ 134.53749108, 7.32544673 ], [ 134.53744617000001, 7.32544673 ], [ 134.53744617000001, 7.32540182 ], [ 134.537401249999988, 7.32540182 ], [ 134.53735634, 7.32540182 ], [ 134.53735634, 7.32531198 ], [ 134.53731142, 7.32531198 ], [ 134.53731142, 7.32526707 ], [ 134.537266499999987, 7.32526707 ], [ 134.53722159, 7.32526707 ], [ 134.53722159, 7.32522215 ], [ 134.53717667, 7.32522215 ], [ 134.53717667, 7.32513232 ], [ 134.53722159, 7.32513232 ], [ 134.53722159, 7.32495266 ], [ 134.53717667, 7.32495266 ], [ 134.53713176, 7.32495266 ], [ 134.53713176, 7.32490774 ], [ 134.53708684, 7.32490774 ], [ 134.53708684, 7.32486283 ], [ 134.537041929999987, 7.32486283 ], [ 134.537041929999987, 7.32481791 ], [ 134.53699701, 7.32481791 ], [ 134.53699701, 7.324773 ], [ 134.53695209, 7.324773 ], [ 134.53686226, 7.324773 ], [ 134.53686226, 7.32472808 ], [ 134.53681735, 7.32472808 ], [ 134.536772430000013, 7.32472808 ], [ 134.536772430000013, 7.32459333 ], [ 134.53672752, 7.32459333 ], [ 134.535604619999987, 7.32459333 ], [ 134.535604619999987, 7.32463825 ], [ 134.53564954, 7.32463825 ], [ 134.53564954, 7.32481791 ], [ 134.535604619999987, 7.32481791 ], [ 134.535604619999987, 7.32486283 ], [ 134.53555971, 7.32486283 ], [ 134.53555971, 7.32490774 ], [ 134.53551479, 7.32490774 ], [ 134.53551479, 7.32504249 ], [ 134.53529021, 7.32504249 ], [ 134.53529021, 7.32513232 ], [ 134.535245300000014, 7.32513232 ], [ 134.535245300000014, 7.32517724 ], [ 134.53520038, 7.32517724 ], [ 134.53520038, 7.32522215 ], [ 134.53515546, 7.32522215 ], [ 134.53515546, 7.32526707 ], [ 134.53520038, 7.32526707 ], [ 134.53520038, 7.32540182 ], [ 134.535245300000014, 7.32540182 ], [ 134.535245300000014, 7.32522215 ], [ 134.53538004, 7.32522215 ], [ 134.53538004, 7.32513232 ], [ 134.53555971, 7.32513232 ], [ 134.53555971, 7.32526707 ], [ 134.53569445, 7.32526707 ], [ 134.53569445, 7.32522215 ], [ 134.53578428, 7.32522215 ], [ 134.53578428, 7.32517724 ], [ 134.53596395, 7.32517724 ], [ 134.53596395, 7.32522215 ], [ 134.53600886000001, 7.32522215 ], [ 134.53600886000001, 7.32526707 ], [ 134.53605378, 7.32526707 ], [ 134.53605378, 7.32522215 ], [ 134.536278360000011, 7.32522215 ], [ 134.536278360000011, 7.32499757 ], [ 134.53623344, 7.32499757 ], [ 134.53623344, 7.32495266 ], [ 134.53618853, 7.32495266 ], [ 134.53618853, 7.32486283 ], [ 134.536143610000011, 7.32486283 ], [ 134.536098689999989, 7.32486283 ], [ 134.536098689999989, 7.32481791 ], [ 134.53605378, 7.32481791 ], [ 134.53605378, 7.32463825 ], [ 134.53623344, 7.32463825 ], [ 134.53623344, 7.32468316 ], [ 134.536278360000011, 7.32468316 ], [ 134.536278360000011, 7.32472808 ], [ 134.53636819, 7.32472808 ], [ 134.5364131, 7.32472808 ], [ 134.5364131, 7.324773 ], [ 134.53645802, 7.324773 ], [ 134.53645802, 7.32486283 ], [ 134.536637680000013, 7.32486283 ], [ 134.5366826, 7.32486283 ], [ 134.5366826, 7.32490774 ], [ 134.536772430000013, 7.32490774 ], [ 134.536772430000013, 7.32486283 ], [ 134.536907179999986, 7.32486283 ], [ 134.536907179999986, 7.32490774 ], [ 134.53699701, 7.32490774 ], [ 134.537041929999987, 7.32490774 ], [ 134.537041929999987, 7.32495266 ], [ 134.53708684, 7.32495266 ], [ 134.53708684, 7.32499757 ], [ 134.536907179999986, 7.32499757 ], [ 134.536907179999986, 7.32504249 ], [ 134.53686226, 7.32504249 ], [ 134.53686226, 7.32508741 ], [ 134.53681735, 7.32508741 ], [ 134.53681735, 7.32522215 ], [ 134.536772430000013, 7.32522215 ], [ 134.536772430000013, 7.32531198 ], [ 134.53681735, 7.32531198 ], [ 134.53681735, 7.32544673 ], [ 134.53686226, 7.32544673 ], [ 134.53686226, 7.32562639 ], [ 134.536907179999986, 7.32562639 ], [ 134.536907179999986, 7.32567131 ], [ 134.53686226, 7.32567131 ], [ 134.53686226, 7.32571623 ], [ 134.53681735, 7.32571623 ], [ 134.53681735, 7.32576114 ], [ 134.53686226, 7.32576114 ], [ 134.53686226, 7.32580606 ], [ 134.536907179999986, 7.32580606 ], [ 134.53695209, 7.32580606 ], [ 134.53695209, 7.32585097 ], [ 134.53699701, 7.32585097 ], [ 134.537041929999987, 7.32585097 ], [ 134.537041929999987, 7.32589589 ], [ 134.53708684, 7.32589589 ], [ 134.53713176, 7.32589589 ], [ 134.53713176, 7.32594081 ], [ 134.53717667, 7.32594081 ], [ 134.53722159, 7.32594081 ], [ 134.53722159, 7.32603064 ], [ 134.537266499999987, 7.32603064 ], [ 134.537266499999987, 7.32612047 ], [ 134.537536, 7.32612047 ], [ 134.537536, 7.32607555 ], [ 134.53758091, 7.32607555 ], [ 134.53762583, 7.32607555 ], [ 134.53762583, 7.32625522 ], [ 134.537536, 7.32625522 ], [ 134.537536, 7.32630013 ], [ 134.53749108, 7.32630013 ], [ 134.53749108, 7.32638996 ], [ 134.53744617000001, 7.32638996 ], [ 134.53744617000001, 7.32643488 ], [ 134.537401249999988, 7.32643488 ], [ 134.537401249999988, 7.32647979 ], [ 134.53735634, 7.32647979 ], [ 134.53735634, 7.32652471 ], [ 134.537266499999987, 7.32652471 ], [ 134.537266499999987, 7.32656963 ], [ 134.53731142, 7.32656963 ], [ 134.53735634, 7.32656963 ], [ 134.53735634, 7.3267942 ], [ 134.53731142, 7.3267942 ], [ 134.53731142, 7.32688404 ], [ 134.537266499999987, 7.32688404 ], [ 134.537266499999987, 7.32692895 ], [ 134.53722159, 7.32692895 ], [ 134.53722159, 7.32697387 ], [ 134.53708684, 7.32697387 ], [ 134.53708684, 7.32701878 ], [ 134.53695209, 7.32701878 ], [ 134.53695209, 7.32697387 ], [ 134.536907179999986, 7.32697387 ], [ 134.536907179999986, 7.32701878 ], [ 134.53686226, 7.32701878 ], [ 134.53686226, 7.32697387 ], [ 134.53681735, 7.32697387 ], [ 134.53681735, 7.32692895 ], [ 134.536772430000013, 7.32692895 ], [ 134.536772430000013, 7.32688404 ], [ 134.53672752, 7.32688404 ], [ 134.53659277, 7.32688404 ], [ 134.53659277, 7.32683912 ], [ 134.536637680000013, 7.32683912 ], [ 134.536637680000013, 7.3267942 ], [ 134.53659277, 7.3267942 ], [ 134.53659277, 7.32674929 ], [ 134.53654785, 7.32674929 ], [ 134.53654785, 7.32688404 ], [ 134.53645802, 7.32688404 ], [ 134.53645802, 7.32692895 ], [ 134.53650294, 7.32692895 ], [ 134.53650294, 7.32697387 ], [ 134.53659277, 7.32697387 ], [ 134.53659277, 7.32692895 ], [ 134.536637680000013, 7.32692895 ], [ 134.5366826, 7.32692895 ], [ 134.5366826, 7.3270637 ], [ 134.536772430000013, 7.3270637 ], [ 134.53681735, 7.3270637 ], [ 134.53681735, 7.32715353 ], [ 134.53686226, 7.32715353 ], [ 134.53686226, 7.32719845 ], [ 134.536907179999986, 7.32719845 ], [ 134.53695209, 7.32719845 ], [ 134.53695209, 7.32724336 ], [ 134.53699701, 7.32724336 ], [ 134.537041929999987, 7.32724336 ], [ 134.537041929999987, 7.32728828 ], [ 134.53708684, 7.32728828 ], [ 134.53708684, 7.32737811 ], [ 134.53713176, 7.32737811 ], [ 134.53713176, 7.3276476 ], [ 134.53717667, 7.3276476 ], [ 134.53717667, 7.3279171 ], [ 134.53722159, 7.3279171 ], [ 134.53722159, 7.32800693 ], [ 134.537266499999987, 7.32800693 ] ] ] } },
{ "type": "Feature", "properties": { "id": "geomorphic_data_verbose.fid-75f8f034_1a0c1004d45_-57da", "class_name": "Shallow Lagoon", "area_sqkm": 2.463525952072814e-05 }, "geometry": { "type": "Polygon", "coordinates": [ [ [ 134.53695209, 7.32652471 ], [ 134.53695209, 7.32647979 ], [ 134.536907179999986, 7.32647979 ], [ 134.536907179999986, 7.32652471 ], [ 134.53695209, 7.32652471 ] ] ] } },
{ "type": "Feature", "properties": { "id": "geomorphic_data_verbose.fid-75f8f034_1a0c1004d45_-5c14", "class_name": "Shallow Lagoon", "area_sqkm": 2.4635257098823785e-05 }, "geometry": { "type": "Polygon", "coordinates": [ [ [ 134.536907179999986, 7.32656963 ], [ 134.536907179999986, 7.32652471 ], [ 134.53686226, 7.32652471 ], [ 134.53686226, 7.32656963 ], [ 134.536907179999986, 7.32656963 ] ] ] } },
{ "type": "Feature", "properties": { "id": "geomorphic_data_verbose.fid-75f8f034_1a0c1004d45_-5c15", "class_name": "Shallow Lagoon", "area_sqkm": 0.0026852417530110104 }, "geometry": { "type": "Polygon", "coordinates": [ [ [ 134.53708684, 7.32701878 ], [ 134.53708684, 7.32697387 ], [ 134.53722159, 7.32697387 ], [ 134.53722159, 7.32692895 ], [ 134.537266499999987, 7.32692895 ], [ 134.537266499999987, 7.32688404 ], [ 134.53731142, 7.32688404 ], [ 134.53731142, 7.3267942 ], [ 134.53735634, 7.3267942 ], [ 134.53735634, 7.32656963 ], [ 134.53731142, 7.32656963 ], [ 134.53722159, 7.32656963 ], [ 134.53722159, 7.32652471 ], [ 134.53699701, 7.32652471 ], [ 134.53699701, 7.32656963 ], [ 134.53695209, 7.32656963 ], [ 134.53695209, 7.32665946 ], [ 134.53686226, 7.32665946 ], [ 134.53686226, 7.32656963 ], [ 134.53681735, 7.32656963 ], [ 134.53681735, 7.32661454 ], [ 134.536772430000013, 7.32661454 ], [ 134.536772430000013, 7.32683912 ], [ 134.53681735, 7.32683912 ], [ 134.53681735, 7.32692895 ], [ 134.53686226, 7.32692895 ], [ 134.53686226, 7.32697387 ], [ 134.536907179999986, 7.32697387 ], [ 134.53695209, 7.32697387 ], [ 134.53695209, 7.32701878 ], [ 134.53708684, 7.32701878 ] ] ] } },
{ "type": "Feature", "properties": { "id": "geomorphic_data_verbose.fid-75f8f034_1a0c1004d45_-5c16", "class_name": "Terrestrial Reef Flat", "area_sqkm": 2.463523534219712e-05 }, "geometry": { "type": "Polygon", "coordinates": [ [ [ 134.53686226, 7.32697387 ], [ 134.53686226, 7.32692895 ], [ 134.53681735, 7.32692895 ], [ 134.53681735, 7.32697387 ], [ 134.53686226, 7.32697387 ] ] ] } },
{ "type": "Feature", "properties": { "id": "geomorphic_data_verbose.fid-75f8f034_1a0c1004d45_-57db", "class_name": "Terrestrial Reef Flat", "area_sqkm": 2.4635232923552394e-05 }, "geometry": { "type": "Polygon", "coordinates": [ [ [ 134.536907179999986, 7.32701878 ], [ 134.536907179999986, 7.32697387 ], [ 134.53686226, 7.32697387 ], [ 134.53686226, 7.32701878 ], [ 134.536907179999986, 7.32701878 ] ] ] } },
{ "type": "Feature", "properties": { "id": "geomorphic_data_verbose.fid-75f8f034_1a0c1004d45_-597b", "class_name": "Terrestrial Reef Flat", "area_sqkm": 0.16648513681042193 }, "geometry": { "type": "Polygon", "coordinates": [ [ [ 134.53115796, 7.32549165 ], [ 134.53120288, 7.32549165 ], [ 134.53120288, 7.32558148 ], [ 134.53124779, 7.32558148 ], [ 134.53124779, 7.32576114 ], [ 134.53129271, 7.32576114 ], [ 134.53129271, 7.32585097 ], [ 134.531337619999988, 7.32585097 ], [ 134.531337619999988, 7.32594081 ], [ 134.53138254000001, 7.32594081 ], [ 134.53138254000001, 7.32607555 ], [ 134.53142746, 7.32607555 ], [ 134.53142746, 7.32643488 ], [ 134.531472369999989, 7.32643488 ], [ 134.531472369999989, 7.32661454 ], [ 134.531517290000011, 7.32661454 ], [ 134.531517290000011, 7.32674929 ], [ 134.5315622, 7.32674929 ], [ 134.5315622, 7.32688404 ], [ 134.53160712, 7.32688404 ], [ 134.53160712, 7.32701878 ], [ 134.53169695, 7.32701878 ], [ 134.53169695, 7.32746794 ], [ 134.53174187, 7.32746794 ], [ 134.53174187, 7.32751286 ], [ 134.5318317, 7.32751286 ], [ 134.5318317, 7.32746794 ], [ 134.531876610000012, 7.32746794 ], [ 134.531876610000012, 7.32751286 ], [ 134.53192153, 7.32751286 ], [ 134.53192153, 7.32818659 ], [ 134.5318317, 7.32818659 ], [ 134.5318317, 7.32823151 ], [ 134.53174187, 7.32823151 ], [ 134.53174187, 7.32827642 ], [ 134.53169695, 7.32827642 ], [ 134.53169695, 7.32890525 ], [ 134.53210119, 7.32890525 ], [ 134.53210119, 7.32886033 ], [ 134.53232577, 7.32886033 ], [ 134.53232577, 7.32890525 ], [ 134.53237069, 7.32890525 ], [ 134.53237069, 7.32863575 ], [ 134.53232577, 7.32863575 ], [ 134.53232577, 7.32859084 ], [ 134.53219102, 7.32859084 ], [ 134.53219102, 7.328501 ], [ 134.532146110000014, 7.328501 ], [ 134.532146110000014, 7.32845609 ], [ 134.53210119, 7.32845609 ], [ 134.53210119, 7.32836626 ], [ 134.53205628, 7.32836626 ], [ 134.53205628, 7.32832134 ], [ 134.53210119, 7.32832134 ], [ 134.53210119, 7.32814168 ], [ 134.532146110000014, 7.32814168 ], [ 134.532146110000014, 7.32809676 ], [ 134.532011360000013, 7.32809676 ], [ 134.532011360000013, 7.32800693 ], [ 134.53205628, 7.32800693 ], [ 134.53205628, 7.32769252 ], [ 134.532011360000013, 7.32769252 ], [ 134.532011360000013, 7.32733319 ], [ 134.53205628, 7.32733319 ], [ 134.53205628, 7.32724336 ], [ 134.532011360000013, 7.32724336 ], [ 134.532011360000013, 7.32701878 ], [ 134.53210119, 7.32701878 ], [ 134.53210119, 7.32697387 ], [ 134.532146110000014, 7.32697387 ], [ 134.532146110000014, 7.32692895 ], [ 134.53219102, 7.32692895 ], [ 134.53219102, 7.32688404 ], [ 134.53246052, 7.32688404 ], [ 134.53246052, 7.32697387 ], [ 134.53255035, 7.32697387 ], [ 134.53255035, 7.32692895 ], [ 134.532640179999987, 7.32692895 ], [ 134.532640179999987, 7.32697387 ], [ 134.532774929999988, 7.32697387 ], [ 134.532774929999988, 7.32701878 ], [ 134.53281984, 7.32701878 ], [ 134.53281984, 7.32697387 ], [ 134.532909679999989, 7.32697387 ], [ 134.532909679999989, 7.3270637 ], [ 134.53299951, 7.3270637 ], [ 134.53299951, 7.32710861 ], [ 134.53304442000001, 7.32710861 ], [ 134.53304442000001, 7.32728828 ], [ 134.53308934, 7.32728828 ], [ 134.53308934, 7.32733319 ], [ 134.53295459, 7.32733319 ], [ 134.53295459, 7.32728828 ], [ 134.53286476, 7.32728828 ], [ 134.53286476, 7.32737811 ], [ 134.53295459, 7.32737811 ], [ 134.53295459, 7.32742303 ], [ 134.53304442000001, 7.32742303 ], [ 134.53304442000001, 7.32746794 ], [ 134.53322409, 7.32746794 ], [ 134.53322409, 7.32755777 ], [ 134.533269, 7.32755777 ], [ 134.533269, 7.32760269 ], [ 134.533313920000012, 7.32760269 ], [ 134.533313920000012, 7.3276476 ], [ 134.53335883, 7.3276476 ], [ 134.53335883, 7.32769252 ], [ 134.53340375, 7.32769252 ], [ 134.53340375, 7.3279171 ], [ 134.53344866, 7.3279171 ], [ 134.53344866, 7.32800693 ], [ 134.5335385, 7.32800693 ], [ 134.5335385, 7.32809676 ], [ 134.53362833, 7.32809676 ], [ 134.53362833, 7.32823151 ], [ 134.53358341, 7.32823151 ], [ 134.53358341, 7.32854592 ], [ 134.5335385, 7.32854592 ], [ 134.5335385, 7.32872558 ], [ 134.53358341, 7.32872558 ], [ 134.53358341, 7.32886033 ], [ 134.53362833, 7.32886033 ], [ 134.53362833, 7.32903999 ], [ 134.533673240000013, 7.32903999 ], [ 134.533673240000013, 7.32926457 ], [ 134.53371816, 7.32926457 ], [ 134.53371816, 7.32930949 ], [ 134.53376307, 7.32930949 ], [ 134.53376307, 7.3293544 ], [ 134.533807990000014, 7.3293544 ], [ 134.533807990000014, 7.32939932 ], [ 134.53389782, 7.32939932 ], [ 134.53389782, 7.32948915 ], [ 134.533942739999986, 7.32948915 ], [ 134.533942739999986, 7.32953407 ], [ 134.53398765, 7.32953407 ], [ 134.53398765, 7.32957898 ], [ 134.5341224, 7.32957898 ], [ 134.5341224, 7.32890525 ], [ 134.53398765, 7.32890525 ], [ 134.53398765, 7.32886033 ], [ 134.533942739999986, 7.32886033 ], [ 134.533942739999986, 7.3287705 ], [ 134.53389782, 7.3287705 ], [ 134.53389782, 7.32868067 ], [ 134.53385291, 7.32868067 ], [ 134.53385291, 7.32800693 ], [ 134.53389782, 7.32800693 ], [ 134.53389782, 7.3279171 ], [ 134.533942739999986, 7.3279171 ], [ 134.533942739999986, 7.32787218 ], [ 134.53398765, 7.32787218 ], [ 134.53398765, 7.32782727 ], [ 134.5341224, 7.32782727 ], [ 134.5341224, 7.32728828 ], [ 134.534077489999987, 7.32728828 ], [ 134.534077489999987, 7.32719845 ], [ 134.53403257, 7.32719845 ], [ 134.53403257, 7.32715353 ], [ 134.53398765, 7.32715353 ], [ 134.53398765, 7.32710861 ], [ 134.53389782, 7.32710861 ], [ 134.53389782, 7.3270637 ], [ 134.53385291, 7.3270637 ], [ 134.53385291, 7.32674929 ], [ 134.53358341, 7.32674929 ], [ 134.53358341, 7.3262103 ], [ 134.53385291, 7.3262103 ], [ 134.53385291, 7.32612047 ], [ 134.53403257, 7.32612047 ], [ 134.53403257, 7.32616538 ], [ 134.534077489999987, 7.32616538 ], [ 134.534077489999987, 7.32612047 ], [ 134.5341224, 7.32612047 ], [ 134.5341224, 7.32607555 ], [ 134.53416732, 7.32607555 ], [ 134.53416732, 7.32603064 ], [ 134.53421223, 7.32603064 ], [ 134.53421223, 7.32598572 ], [ 134.53434698, 7.32598572 ], [ 134.53434698, 7.32589589 ], [ 134.5343919, 7.32589589 ], [ 134.5343919, 7.32585097 ], [ 134.534436809999988, 7.32585097 ], [ 134.534436809999988, 7.32580606 ], [ 134.53452664, 7.32580606 ], [ 134.53452664, 7.32576114 ], [ 134.534571559999989, 7.32576114 ], [ 134.534571559999989, 7.32571623 ], [ 134.53466139, 7.32571623 ], [ 134.53466139, 7.32567131 ], [ 134.53506563, 7.32567131 ], [ 134.53506563, 7.32571623 ], [ 134.53515546, 7.32571623 ], [ 134.53515546, 7.32585097 ], [ 134.53520038, 7.32585097 ], [ 134.53520038, 7.32589589 ], [ 134.535245300000014, 7.32589589 ], [ 134.535245300000014, 7.32585097 ], [ 134.53533513, 7.32585097 ], [ 134.53533513, 7.32580606 ], [ 134.535469869999986, 7.32580606 ], [ 134.535469869999986, 7.32594081 ], [ 134.53542496, 7.32594081 ], [ 134.53542496, 7.32598572 ], [ 134.53551479, 7.32598572 ], [ 134.53551479, 7.32594081 ], [ 134.535604619999987, 7.32594081 ], [ 134.535604619999987, 7.32589589 ], [ 134.53564954, 7.32589589 ], [ 134.53564954, 7.32585097 ], [ 134.535739369999988, 7.32585097 ], [ 134.535739369999988, 7.32580606 ], [ 134.5358292, 7.32580606 ], [ 134.5358292, 7.32576114 ], [ 134.53600886000001, 7.32576114 ], [ 134.53600886000001, 7.32571623 ], [ 134.53605378, 7.32571623 ], [ 134.53605378, 7.32567131 ], [ 134.53623344, 7.32567131 ], [ 134.53623344, 7.32571623 ], [ 134.53632327, 7.32571623 ], [ 134.53632327, 7.32576114 ], [ 134.53650294, 7.32576114 ], [ 134.53650294, 7.32598572 ], [ 134.53645802, 7.32598572 ], [ 134.53645802, 7.32607555 ], [ 134.5364131, 7.32607555 ], [ 134.5364131, 7.32612047 ], [ 134.53636819, 7.32612047 ], [ 134.53636819, 7.32616538 ], [ 134.536278360000011, 7.32616538 ], [ 134.536278360000011, 7.32634505 ], [ 134.53618853, 7.32634505 ], [ 134.53618853, 7.32630013 ], [ 134.536098689999989, 7.32630013 ], [ 134.536098689999989, 7.32634505 ], [ 134.53605378, 7.32634505 ], [ 134.53605378, 7.32652471 ], [ 134.536143610000011, 7.32652471 ], [ 134.536143610000011, 7.32661454 ], [ 134.53618853, 7.32661454 ], [ 134.53618853, 7.32665946 ], [ 134.53623344, 7.32665946 ], [ 134.53623344, 7.32670437 ], [ 134.53618853, 7.32670437 ], [ 134.53618853, 7.32674929 ], [ 134.536143610000011, 7.32674929 ], [ 134.536143610000011, 7.3267942 ], [ 134.536098689999989, 7.3267942 ], [ 134.536098689999989, 7.32688404 ], [ 134.535874119999988, 7.32688404 ], [ 134.535874119999988, 7.3270637 ], [ 134.53591903, 7.3270637 ], [ 134.53591903, 7.32710861 ], [ 134.535874119999988, 7.32710861 ], [ 134.535874119999988, 7.32715353 ], [ 134.5358292, 7.32715353 ], [ 134.5358292, 7.32724336 ], [ 134.53578428, 7.32724336 ], [ 134.53578428, 7.32742303 ], [ 134.535739369999988, 7.32742303 ], [ 134.535739369999988, 7.32751286 ], [ 134.53578428, 7.32751286 ], [ 134.53578428, 7.3276476 ], [ 134.5358292, 7.3276476 ], [ 134.5358292, 7.32769252 ], [ 134.535874119999988, 7.32769252 ], [ 134.535874119999988, 7.32773744 ], [ 134.53591903, 7.32773744 ], [ 134.53591903, 7.32778235 ], [ 134.53596395, 7.32778235 ], [ 134.53596395, 7.32787218 ], [ 134.53600886000001, 7.32787218 ], [ 134.53600886000001, 7.32800693 ], [ 134.53605378, 7.32800693 ], [ 134.53605378, 7.32814168 ], [ 134.536098689999989, 7.32814168 ], [ 134.536098689999989, 7.32818659 ], [ 134.53605378, 7.32818659 ], [ 134.53605378, 7.32845609 ], [ 134.53600886000001, 7.32845609 ], [ 134.53600886000001, 7.32854592 ], [ 134.53591903, 7.32854592 ], [ 134.53591903, 7.32859084 ], [ 134.53578428, 7.32859084 ], [ 134.53578428, 7.32863575 ], [ 134.535739369999988, 7.32863575 ], [ 134.535739369999988, 7.32868067 ], [ 134.53569445, 7.32868067 ], [ 134.53569445, 7.3287705 ], [ 134.53564954, 7.3287705 ], [ 134.53564954, 7.32890525 ], [ 134.53551479, 7.32890525 ], [ 134.53551479, 7.32895016 ], [ 134.535469869999986, 7.32895016 ], [ 134.535469869999986, 7.32971373 ], [ 134.53555971, 7.32971373 ], [ 134.53555971, 7.32939932 ], [ 134.535604619999987, 7.32939932 ], [ 134.535604619999987, 7.32926457 ], [ 134.53564954, 7.32926457 ], [ 134.53564954, 7.32903999 ], [ 134.53569445, 7.32903999 ], [ 134.53569445, 7.32899508 ], [ 134.535739369999988, 7.32899508 ], [ 134.535739369999988, 7.32895016 ], [ 134.5358292, 7.32895016 ], [ 134.5358292, 7.32886033 ], [ 134.535874119999988, 7.32886033 ], [ 134.535874119999988, 7.3287705 ], [ 134.53600886000001, 7.3287705 ], [ 134.53600886000001, 7.32872558 ], [ 134.53605378, 7.32872558 ], [ 134.53605378, 7.32863575 ], [ 134.536098689999989, 7.32863575 ], [ 134.536098689999989, 7.32859084 ], [ 134.536143610000011, 7.32859084 ], [ 134.536143610000011, 7.32863575 ], [ 134.536278360000011, 7.32863575 ], [ 134.536278360000011, 7.32854592 ], [ 134.53623344, 7.32854592 ], [ 134.53623344, 7.32832134 ], [ 134.536278360000011, 7.32832134 ], [ 134.536278360000011, 7.32827642 ], [ 134.53632327, 7.32827642 ], [ 134.53632327, 7.32823151 ], [ 134.536278360000011, 7.32823151 ], [ 134.536278360000011, 7.32818659 ], [ 134.53636819, 7.32818659 ], [ 134.53636819, 7.32814168 ], [ 134.53632327, 7.32814168 ], [ 134.53632327, 7.32809676 ], [ 134.536278360000011, 7.32809676 ], [ 134.536278360000011, 7.32805185 ], [ 134.53623344, 7.32805185 ], [ 134.53623344, 7.32796201 ], [ 134.536278360000011, 7.32796201 ], [ 134.536278360000011, 7.32787218 ], [ 134.53623344, 7.32787218 ], [ 134.53623344, 7.32782727 ], [ 134.53618853, 7.32782727 ], [ 134.53618853, 7.32778235 ], [ 134.536143610000011, 7.32778235 ], [ 134.536143610000011, 7.32769252 ], [ 134.536278360000011, 7.32769252 ], [ 134.536278360000011, 7.32773744 ], [ 134.53632327, 7.32773744 ], [ 134.53632327, 7.32778235 ], [ 134.53636819, 7.32778235 ], [ 134.53636819, 7.3276476 ], [ 134.53632327, 7.3276476 ], [ 134.53632327, 7.32760269 ], [ 134.53636819, 7.32760269 ], [ 134.53636819, 7.32746794 ], [ 134.5364131, 7.32746794 ], [ 134.5364131, 7.32742303 ], [ 134.53645802, 7.32742303 ], [ 134.53645802, 7.32746794 ], [ 134.53650294, 7.32746794 ], [ 134.53650294, 7.32751286 ], [ 134.53654785, 7.32751286 ], [ 134.53654785, 7.32746794 ], [ 134.53659277, 7.32746794 ], [ 134.53659277, 7.32742303 ], [ 134.536637680000013, 7.32742303 ], [ 134.536637680000013, 7.32746794 ], [ 134.5366826, 7.32746794 ], [ 134.5366826, 7.32751286 ], [ 134.53659277, 7.32751286 ], [ 134.53659277, 7.32755777 ], [ 134.53654785, 7.32755777 ], [ 134.53654785, 7.32769252 ], [ 134.53650294, 7.32769252 ], [ 134.53650294, 7.32778235 ], [ 134.53654785, 7.32778235 ], [ 134.53654785, 7.32782727 ], [ 134.536637680000013, 7.32782727 ], [ 134.536637680000013, 7.32778235 ], [ 134.53659277, 7.32778235 ], [ 134.53659277, 7.32773744 ], [ 134.5366826, 7.32773744 ], [ 134.5366826, 7.32769252 ], [ 134.53672752, 7.32769252 ], [ 134.53672752, 7.32773744 ], [ 134.53681735, 7.32773744 ], [ 134.53681735, 7.32782727 ], [ 134.536772430000013, 7.32782727 ], [ 134.536772430000013, 7.3279171 ], [ 134.53681735, 7.3279171 ], [ 134.53681735, 7.32787218 ], [ 134.53686226, 7.32787218 ], [ 134.53686226, 7.32782727 ], [ 134.536907179999986, 7.32782727 ], [ 134.536907179999986, 7.32773744 ], [ 134.53695209, 7.32773744 ], [ 134.53695209, 7.32778235 ], [ 134.53699701, 7.32778235 ], [ 134.53699701, 7.32782727 ], [ 134.53695209, 7.32782727 ], [ 134.53695209, 7.32800693 ], [ 134.536907179999986, 7.32800693 ], [ 134.536907179999986, 7.32805185 ], [ 134.53686226, 7.32805185 ], [ 134.53686226, 7.32809676 ], [ 134.53681735, 7.32809676 ], [ 134.53681735, 7.32818659 ], [ 134.53686226, 7.32818659 ], [ 134.53686226, 7.32823151 ], [ 134.536907179999986, 7.32823151 ], [ 134.536907179999986, 7.32827642 ], [ 134.53695209, 7.32827642 ], [ 134.53695209, 7.32836626 ], [ 134.536907179999986, 7.32836626 ], [ 134.536907179999986, 7.32841117 ], [ 134.53686226, 7.32841117 ], [ 134.53686226, 7.32845609 ], [ 134.53681735, 7.32845609 ], [ 134.53681735, 7.328501 ], [ 134.53672752, 7.328501 ], [ 134.53672752, 7.32854592 ], [ 134.5366826, 7.32854592 ], [ 134.5366826, 7.32859084 ], [ 134.536637680000013, 7.32859084 ], [ 134.536637680000013, 7.32863575 ], [ 134.53659277, 7.32863575 ], [ 134.53659277, 7.32868067 ], [ 134.53654785, 7.32868067 ], [ 134.53654785, 7.32881541 ], [ 134.536637680000013, 7.32881541 ], [ 134.536637680000013, 7.32886033 ], [ 134.5366826, 7.32886033 ], [ 134.5366826, 7.3287705 ], [ 134.536772430000013, 7.3287705 ], [ 134.536772430000013, 7.32872558 ], [ 134.53681735, 7.32872558 ], [ 134.53681735, 7.32868067 ], [ 134.53686226, 7.32868067 ], [ 134.53686226, 7.32863575 ], [ 134.536907179999986, 7.32863575 ], [ 134.536907179999986, 7.32859084 ], [ 134.53695209, 7.32859084 ], [ 134.53695209, 7.328501 ], [ 134.53699701, 7.328501 ], [ 134.53699701, 7.32845609 ], [ 134.53695209, 7.32845609 ], [ 134.53695209, 7.32841117 ], [ 134.53699701, 7.32841117 ], [ 134.53699701, 7.32827642 ], [ 134.537041929999987, 7.32827642 ], [ 134.537041929999987, 7.32836626 ], [ 134.53708684, 7.32836626 ], [ 134.53708684, 7.32832134 ], [ 134.53713176, 7.32832134 ], [ 134.53713176, 7.32827642 ], [ 134.53717667, 7.32827642 ], [ 134.53717667, 7.32823151 ], [ 134.53722159, 7.32823151 ], [ 134.53722159, 7.32818659 ], [ 134.537266499999987, 7.32818659 ], [ 134.537266499999987, 7.32814168 ], [ 134.53735634, 7.32814168 ], [ 134.53735634, 7.32805185 ], [ 134.537401249999988, 7.32805185 ], [ 134.537401249999988, 7.32769252 ], [ 134.53735634, 7.32769252 ], [ 134.53735634, 7.3276476 ], [ 134.53731142, 7.3276476 ], [ 134.53731142, 7.32760269 ], [ 134.537266499999987, 7.32760269 ], [ 134.537266499999987, 7.32751286 ], [ 134.53722159, 7.32751286 ], [ 134.53722159, 7.32778235 ], [ 134.537266499999987, 7.32778235 ], [ 134.537266499999987, 7.32782727 ], [ 134.53722159, 7.32782727 ], [ 134.53722159, 7.32787218 ], [ 134.537266499999987, 7.32787218 ], [ 134.537266499999987, 7.32800693 ], [ 134.53722159, 7.32800693 ], [ 134.53722159, 7.3279171 ], [ 134.53717667, 7.3279171 ], [ 134.53717667, 7.3276476 ], [ 134.53713176, 7.3276476 ], [ 134.53713176, 7.32737811 ], [ 134.53708684, 7.32737811 ], [ 134.53708684, 7.32728828 ], [ 134.537041929999987, 7.32728828 ], [ 134.537041929999987, 7.32724336 ], [ 134.53695209, 7.32724336 ], [ 134.53695209, 7.32719845 ], [ 134.53686226, 7.32719845 ], [ 134.53686226, 7.32715353 ], [ 134.53681735, 7.32715353 ], [ 134.53681735, 7.3270637 ], [ 134.5366826, 7.3270637 ], [ 134.5366826, 7.32692895 ], [ 134.53659277, 7.32692895 ], [ 134.53659277, 7.32697387 ], [ 134.53650294, 7.32697387 ], [ 134.53650294, 7.32692895 ], [ 134.53645802, 7.32692895 ], [ 134.53645802, 7.32688404 ], [ 134.53654785, 7.32688404 ], [ 134.53654785, 7.32674929 ], [ 134.53659277, 7.32674929 ], [ 134.53659277, 7.3267942 ], [ 134.536637680000013, 7.3267942 ], [ 134.536637680000013, 7.32683912 ], [ 134.53659277, 7.32683912 ], [ 134.53659277, 7.32688404 ], [ 134.536772430000013, 7.32688404 ], [ 134.536772430000013, 7.32692895 ], [ 134.53681735, 7.32692895 ], [ 134.53681735, 7.32683912 ], [ 134.536772430000013, 7.32683912 ], [ 134.536772430000013, 7.32661454 ], [ 134.53681735, 7.32661454 ], [ 134.53681735, 7.32656963 ], [ 134.53686226, 7.32656963 ], [ 134.53686226, 7.32665946 ], [ 134.53695209, 7.32665946 ], [ 134.53695209, 7.32656963 ], [ 134.53699701, 7.32656963 ], [ 134.53699701, 7.32652471 ], [ 134.53722159, 7.32652471 ], [ 134.53722159, 7.32656963 ], [ 134.537266499999987, 7.32656963 ], [ 134.537266499999987, 7.32652471 ], [ 134.53735634, 7.32652471 ], [ 134.53735634, 7.32647979 ], [ 134.537401249999988, 7.32647979 ], [ 134.537401249999988, 7.32643488 ], [ 134.53744617000001, 7.32643488 ], [ 134.53744617000001, 7.32638996 ], [ 134.53749108, 7.32638996 ], [ 134.53749108, 7.32630013 ], [ 134.537536, 7.32630013 ], [ 134.537536, 7.32625522 ], [ 134.53762583, 7.32625522 ], [ 134.53762583, 7.32607555 ], [ 134.537536, 7.32607555 ], [ 134.537536, 7.32612047 ], [ 134.537266499999987, 7.32612047 ], [ 134.537266499999987, 7.32603064 ], [ 134.53722159, 7.32603064 ], [ 134.53722159, 7.32594081 ], [ 134.53713176, 7.32594081 ], [ 134.53713176, 7.32589589 ], [ 134.537041929999987, 7.32589589 ], [ 134.537041929999987, 7.32585097 ], [ 134.53695209, 7.32585097 ], [ 134.53695209, 7.32580606 ], [ 134.53686226, 7.32580606 ], [ 134.53686226, 7.32576114 ], [ 134.53681735, 7.32576114 ], [ 134.53681735, 7.32571623 ], [ 134.53686226, 7.32571623 ], [ 134.53686226, 7.32567131 ], [ 134.536907179999986, 7.32567131 ], [ 134.536907179999986, 7.32562639 ], [ 134.53686226, 7.32562639 ], [ 134.53686226, 7.32544673 ], [ 134.53681735, 7.32544673 ], [ 134.53681735, 7.32531198 ], [ 134.536772430000013, 7.32531198 ], [ 134.536772430000013, 7.32522215 ], [ 134.53681735, 7.32522215 ], [ 134.53681735, 7.32508741 ], [ 134.53686226, 7.32508741 ], [ 134.53686226, 7.32504249 ], [ 134.53681735, 7.32504249 ], [ 134.53681735, 7.32495266 ], [ 134.536772430000013, 7.32495266 ], [ 134.536772430000013, 7.32490774 ], [ 134.5366826, 7.32490774 ], [ 134.5366826, 7.32486283 ], [ 134.53645802, 7.32486283 ], [ 134.53645802, 7.324773 ], [ 134.5364131, 7.324773 ], [ 134.5364131, 7.32472808 ], [ 134.536278360000011, 7.32472808 ], [ 134.536278360000011, 7.32468316 ], [ 134.53623344, 7.32468316 ], [ 134.53623344, 7.32463825 ], [ 134.53605378, 7.32463825 ], [ 134.53605378, 7.32481791 ], [ 134.536098689999989, 7.32481791 ], [ 134.536098689999989, 7.32486283 ], [ 134.53618853, 7.32486283 ], [ 134.53618853, 7.32495266 ], [ 134.53623344, 7.32495266 ], [ 134.53623344, 7.32499757 ], [ 134.536278360000011, 7.32499757 ], [ 134.536278360000011, 7.32522215 ], [ 134.53605378, 7.32522215 ], [ 134.53605378, 7.32526707 ], [ 134.53600886000001, 7.32526707 ], [ 134.53600886000001, 7.32522215 ], [ 134.53596395, 7.32522215 ], [ 134.53596395, 7.32517724 ], [ 134.53578428, 7.32517724 ], [ 134.53578428, 7.32522215 ], [ 134.53569445, 7.32522215 ], [ 134.53569445, 7.32526707 ], [ 134.53555971, 7.32526707 ], [ 134.53555971, 7.32513232 ], [ 134.53538004, 7.32513232 ], [ 134.53538004, 7.32522215 ], [ 134.535245300000014, 7.32522215 ], [ 134.535245300000014, 7.32540182 ], [ 134.53520038, 7.32540182 ], [ 134.53520038, 7.32526707 ], [ 134.53515546, 7.32526707 ], [ 134.53515546, 7.32522215 ], [ 134.53520038, 7.32522215 ], [ 134.53520038, 7.32517724 ], [ 134.535245300000014, 7.32517724 ], [ 134.535245300000014, 7.32513232 ], [ 134.53529021, 7.32513232 ], [ 134.53529021, 7.32504249 ], [ 134.53551479, 7.32504249 ], [ 134.53551479, 7.32490774 ], [ 134.53555971, 7.32490774 ], [ 134.53555971, 7.32486283 ], [ 134.53466139, 7.32486283 ], [ 134.53466139, 7.32459333 ], [ 134.53335883, 7.32459333 ], [ 134.53335883, 7.32468316 ], [ 134.533313920000012, 7.32468316 ], [ 134.533313920000012, 7.32472808 ], [ 134.533269, 7.32472808 ], [ 134.533269, 7.324773 ], [ 134.533179170000011, 7.324773 ], [ 134.533179170000011, 7.32481791 ], [ 134.533134249999989, 7.32481791 ], [ 134.533134249999989, 7.324773 ], [ 134.53299951, 7.324773 ], [ 134.53299951, 7.32472808 ], [ 134.532909679999989, 7.32472808 ], [ 134.532909679999989, 7.32468316 ], [ 134.53286476, 7.32468316 ], [ 134.53286476, 7.32459333 ], [ 134.53061897, 7.32459333 ], [ 134.53061897, 7.32513232 ], [ 134.53115796, 7.32513232 ], [ 134.53115796, 7.32549165 ] ], [ [ 134.53686226, 7.32652471 ], [ 134.536907179999986, 7.32652471 ], [ 134.536907179999986, 7.32656963 ], [ 134.53686226, 7.32656963 ], [ 134.53686226, 7.32652471 ] ], [ [ 134.536907179999986, 7.32647979 ], [ 134.53695209, 7.32647979 ], [ 134.53695209, 7.32652471 ], [ 134.536907179999986, 7.32652471 ], [ 134.536907179999986, 7.32647979 ] ] ] } },
{ "type": "Feature", "properties": { "id": "geomorphic_data_verbose.fid-75f8f034_1a0c1004d45_-57dc", "class_name": "Terrestrial Reef Flat", "area_sqkm": 7.3905669802799818e-05 }, "geometry": { "type": "Polygon", "coordinates": [ [ [ 134.535739369999988, 7.32724336 ], [ 134.535739369999988, 7.32710861 ], [ 134.53569445, 7.32710861 ], [ 134.53569445, 7.32724336 ], [ 134.535739369999988, 7.32724336 ] ] ] } },
{ "type": "Feature", "properties": { "id": "geomorphic_data_verbose.fid-75f8f034_1a0c1004d45_-57d9", "class_name": "Inner Reef Flat", "area_sqkm": 0.017392476988370532 }, "geometry": { "type": "Polygon", "coordinates": [ [ [ 134.53551479, 7.32895016 ], [ 134.53551479, 7.32890525 ], [ 134.53564954, 7.32890525 ], [ 134.53564954, 7.3287705 ], [ 134.53569445, 7.3287705 ], [ 134.53569445, 7.32868067 ], [ 134.535739369999988, 7.32868067 ], [ 134.535739369999988, 7.32863575 ], [ 134.53578428, 7.32863575 ], [ 134.53578428, 7.32859084 ], [ 134.53591903, 7.32859084 ], [ 134.53591903, 7.32854592 ], [ 134.53600886000001, 7.32854592 ], [ 134.53600886000001, 7.32845609 ], [ 134.53605378, 7.32845609 ], [ 134.53605378, 7.32818659 ], [ 134.536098689999989, 7.32818659 ], [ 134.536098689999989, 7.32814168 ], [ 134.53605378, 7.32814168 ], [ 134.53605378, 7.32800693 ], [ 134.53600886000001, 7.32800693 ], [ 134.53600886000001, 7.32787218 ], [ 134.53596395, 7.32787218 ], [ 134.53596395, 7.32778235 ], [ 134.53591903, 7.32778235 ], [ 134.53591903, 7.32773744 ], [ 134.535874119999988, 7.32773744 ], [ 134.535874119999988, 7.32769252 ], [ 134.5358292, 7.32769252 ], [ 134.5358292, 7.3276476 ], [ 134.53578428, 7.3276476 ], [ 134.53578428, 7.32751286 ], [ 134.535739369999988, 7.32751286 ], [ 134.535739369999988, 7.32742303 ], [ 134.53578428, 7.32742303 ], [ 134.53578428, 7.32724336 ], [ 134.5358292, 7.32724336 ], [ 134.5358292, 7.32715353 ], [ 134.535874119999988, 7.32715353 ], [ 134.535874119999988, 7.32710861 ], [ 134.53591903, 7.32710861 ], [ 134.53591903, 7.3270637 ], [ 134.535874119999988, 7.3270637 ], [ 134.535874119999988, 7.32688404 ], [ 134.536098689999989, 7.32688404 ], [ 134.536098689999989, 7.3267942 ], [ 134.536143610000011, 7.3267942 ], [ 134.536143610000011, 7.32674929 ], [ 134.53618853, 7.32674929 ], [ 134.53618853, 7.32670437 ], [ 134.53623344, 7.32670437 ], [ 134.53623344, 7.32665946 ], [ 134.53618853, 7.32665946 ], [ 134.53618853, 7.32661454 ], [ 134.536143610000011, 7.32661454 ], [ 134.536143610000011, 7.32652471 ], [ 134.536098689999989, 7.32652471 ], [ 134.53605378, 7.32652471 ], [ 134.53605378, 7.32634505 ], [ 134.536098689999989, 7.32634505 ], [ 134.536098689999989, 7.32630013 ], [ 134.53618853, 7.32630013 ], [ 134.53618853, 7.32634505 ], [ 134.536278360000011, 7.32634505 ], [ 134.536278360000011, 7.32616538 ], [ 134.53636819, 7.32616538 ], [ 134.53636819, 7.32612047 ], [ 134.5364131, 7.32612047 ], [ 134.5364131, 7.32607555 ], [ 134.53645802, 7.32607555 ], [ 134.53645802, 7.32598572 ], [ 134.53650294, 7.32598572 ], [ 134.53650294, 7.32576114 ], [ 134.53645802, 7.32576114 ], [ 134.53632327, 7.32576114 ], [ 134.53632327, 7.32571623 ], [ 134.536278360000011, 7.32571623 ], [ 134.53623344, 7.32571623 ], [ 134.53623344, 7.32567131 ], [ 134.53605378, 7.32567131 ], [ 134.53605378, 7.32571623 ], [ 134.53600886000001, 7.32571623 ], [ 134.53600886000001, 7.32576114 ], [ 134.5358292, 7.32576114 ], [ 134.5358292, 7.32580606 ], [ 134.535739369999988, 7.32580606 ], [ 134.535739369999988, 7.32585097 ], [ 134.53564954, 7.32585097 ], [ 134.53564954, 7.32589589 ], [ 134.535604619999987, 7.32589589 ], [ 134.535604619999987, 7.32594081 ], [ 134.53551479, 7.32594081 ], [ 134.53551479, 7.32598572 ], [ 134.53542496, 7.32598572 ], [ 134.53542496, 7.32594081 ], [ 134.535469869999986, 7.32594081 ], [ 134.535469869999986, 7.32580606 ], [ 134.53542496, 7.32580606 ], [ 134.53533513, 7.32580606 ], [ 134.53533513, 7.32585097 ], [ 134.535245300000014, 7.32585097 ], [ 134.535245300000014, 7.32589589 ], [ 134.53520038, 7.32589589 ], [ 134.53520038, 7.32585097 ], [ 134.53515546, 7.32585097 ], [ 134.53515546, 7.32571623 ], [ 134.535110550000013, 7.32571623 ], [ 134.535110550000013, 7.32594081 ], [ 134.53506563, 7.32594081 ], [ 134.53506563, 7.32603064 ], [ 134.53520038, 7.32603064 ], [ 134.53520038, 7.32594081 ], [ 134.53529021, 7.32594081 ], [ 134.53529021, 7.32589589 ], [ 134.53538004, 7.32589589 ], [ 134.53538004, 7.32603064 ], [ 134.53542496, 7.32603064 ], [ 134.53542496, 7.32612047 ], [ 134.535469869999986, 7.32612047 ], [ 134.535469869999986, 7.32647979 ], [ 134.53569445, 7.32647979 ], [ 134.535739369999988, 7.32647979 ], [ 134.535739369999988, 7.32674929 ], [ 134.53564954, 7.32674929 ], [ 134.53564954, 7.3267942 ], [ 134.535604619999987, 7.3267942 ], [ 134.535604619999987, 7.32688404 ], [ 134.535469869999986, 7.32688404 ], [ 134.535469869999986, 7.32692895 ], [ 134.53551479, 7.32692895 ], [ 134.53551479, 7.32697387 ], [ 134.53555971, 7.32697387 ], [ 134.53555971, 7.32701878 ], [ 134.535604619999987, 7.32701878 ], [ 134.535604619999987, 7.3270637 ], [ 134.53564954, 7.3270637 ], [ 134.53564954, 7.32710861 ], [ 134.53569445, 7.32710861 ], [ 134.535739369999988, 7.32710861 ], [ 134.535739369999988, 7.32724336 ], [ 134.53569445, 7.32724336 ], [ 134.53569445, 7.32737811 ], [ 134.53564954, 7.32737811 ], [ 134.53564954, 7.32742303 ], [ 134.53569445, 7.32742303 ], [ 134.53569445, 7.32751286 ], [ 134.53564954, 7.32751286 ], [ 134.53564954, 7.32755777 ], [ 134.535604619999987, 7.32755777 ], [ 134.535604619999987, 7.32760269 ], [ 134.53555971, 7.32760269 ], [ 134.53555971, 7.3276476 ], [ 134.53551479, 7.3276476 ], [ 134.53551479, 7.32769252 ], [ 134.535469869999986, 7.32769252 ], [ 134.535469869999986, 7.32787218 ], [ 134.53551479, 7.32787218 ], [ 134.53551479, 7.3279171 ], [ 134.53555971, 7.3279171 ], [ 134.53555971, 7.32796201 ], [ 134.535604619999987, 7.32796201 ], [ 134.535604619999987, 7.32800693 ], [ 134.53564954, 7.32800693 ], [ 134.53564954, 7.32809676 ], [ 134.53569445, 7.32809676 ], [ 134.535739369999988, 7.32809676 ], [ 134.535739369999988, 7.32836626 ], [ 134.53569445, 7.32836626 ], [ 134.53569445, 7.32841117 ], [ 134.53564954, 7.32841117 ], [ 134.53564954, 7.32845609 ], [ 134.53555971, 7.32845609 ], [ 134.53555971, 7.328501 ], [ 134.53551479, 7.328501 ], [ 134.53551479, 7.32854592 ], [ 134.535469869999986, 7.32854592 ], [ 134.535469869999986, 7.32895016 ], [ 134.53551479, 7.32895016 ] ] ] } },
{ "type": "Feature", "properties": { "id": "geomorphic_data_verbose.fid-75f8f034_1a0c1004d45_-527f", "class_name": "Outer Reef Flat", "area_sqkm": 0.0015766538297822699 }, "geometry": { "type": "Polygon", "coordinates": [ [ [ 134.53551479, 7.32769252 ], [ 134.53551479, 7.3276476 ], [ 134.53555971, 7.3276476 ], [ 134.53555971, 7.32760269 ], [ 134.535604619999987, 7.32760269 ], [ 134.535604619999987, 7.32755777 ], [ 134.53564954, 7.32755777 ], [ 134.53564954, 7.32751286 ], [ 134.53569445, 7.32751286 ], [ 134.53569445, 7.32742303 ], [ 134.53564954, 7.32742303 ], [ 134.53564954, 7.32737811 ], [ 134.53569445, 7.32737811 ], [ 134.53569445, 7.32710861 ], [ 134.53564954, 7.32710861 ], [ 134.53564954, 7.3270637 ], [ 134.535604619999987, 7.3270637 ], [ 134.535604619999987, 7.32701878 ], [ 134.53555971, 7.32701878 ], [ 134.53555971, 7.32697387 ], [ 134.53551479, 7.32697387 ], [ 134.53551479, 7.32692895 ], [ 134.535469869999986, 7.32692895 ], [ 134.535469869999986, 7.32769252 ], [ 134.53551479, 7.32769252 ] ] ] } },
{ "type": "Feature", "properties": { "id": "geomorphic_data_verbose.fid-75f8f034_1a0c1004d45_-532d", "class_name": "Outer Reef Flat", "area_sqkm": 4.9270366807002572e-05 }, "geometry": { "type": "Polygon", "coordinates": [ [ [ 134.545306430000011, 7.32796201 ], [ 134.545306430000011, 7.32787218 ], [ 134.545261509999989, 7.32787218 ], [ 134.545261509999989, 7.32796201 ], [ 134.545306430000011, 7.32796201 ] ] ] } },
{ "type": "Feature", "properties": { "id": "geomorphic_data_verbose.fid-75f8f034_1a0c1004d45_-5564", "class_name": "Shallow Lagoon", "area_sqkm": 9.8540733422152697e-05 }, "geometry": { "type": "Polygon", "coordinates": [ [ [ 134.53744617000001, 7.32800693 ], [ 134.53744617000001, 7.32782727 ], [ 134.537401249999988, 7.32782727 ], [ 134.537401249999988, 7.32800693 ], [ 134.53744617000001, 7.32800693 ] ] ] } },
{ "type": "Feature", "properties": { "id": "geomorphic_data_verbose.fid-75f8f034_1a0c1004d45_-5284", "class_name": "Outer Reef Flat", "area_sqkm": 2.4635174891445785e-05 }, "geometry": { "type": "Polygon", "coordinates": [ [ [ 134.54517168000001, 7.32809676 ], [ 134.54517168000001, 7.32805185 ], [ 134.545126759999988, 7.32805185 ], [ 134.545126759999988, 7.32809676 ], [ 134.54517168000001, 7.32809676 ] ] ] } },
{ "type": "Feature", "properties": { "id": "geomorphic_data_verbose.fid-75f8f034_1a0c1004d45_-532a", "class_name": "Inner Reef Flat", "area_sqkm": 0.039539372588992587 }, "geometry": { "type": "Polygon", "coordinates": [ [ [ 134.54144367, 7.33025272 ], [ 134.54144367, 7.3302078 ], [ 134.54148859, 7.3302078 ], [ 134.54148859, 7.33016289 ], [ 134.54157842, 7.33016289 ], [ 134.54157842, 7.33011797 ], [ 134.54189283, 7.33011797 ], [ 134.54189283, 7.32993831 ], [ 134.54193774, 7.32993831 ], [ 134.54193774, 7.32984848 ], [ 134.54198266, 7.32984848 ], [ 134.54198266, 7.32975865 ], [ 134.54207249000001, 7.32975865 ], [ 134.54207249000001, 7.32971373 ], [ 134.54220724000001, 7.32971373 ], [ 134.54220724000001, 7.32966881 ], [ 134.5423869, 7.32966881 ], [ 134.5423869, 7.3296239 ], [ 134.54252165, 7.3296239 ], [ 134.54252165, 7.32957898 ], [ 134.542566560000012, 7.32957898 ], [ 134.542566560000012, 7.32953407 ], [ 134.54261148, 7.32953407 ], [ 134.54261148, 7.32948915 ], [ 134.5426564, 7.32948915 ], [ 134.5426564, 7.32926457 ], [ 134.54261148, 7.32926457 ], [ 134.542566560000012, 7.32926457 ], [ 134.542566560000012, 7.32921966 ], [ 134.54252165, 7.32921966 ], [ 134.54252165, 7.32912982 ], [ 134.54261148, 7.32912982 ], [ 134.54261148, 7.32917474 ], [ 134.5426564, 7.32917474 ], [ 134.5426564, 7.32908491 ], [ 134.54261148, 7.32908491 ], [ 134.54261148, 7.3287705 ], [ 134.542701310000012, 7.3287705 ], [ 134.542701310000012, 7.32881541 ], [ 134.54274623, 7.32881541 ], [ 134.54274623, 7.3287705 ], [ 134.54279114, 7.3287705 ], [ 134.54279114, 7.32868067 ], [ 134.542836060000013, 7.32868067 ], [ 134.542836060000013, 7.32859084 ], [ 134.54288098, 7.32859084 ], [ 134.54288098, 7.32854592 ], [ 134.54292589, 7.32854592 ], [ 134.54292589, 7.32845609 ], [ 134.542970810000014, 7.32845609 ], [ 134.542970810000014, 7.32836626 ], [ 134.54301572, 7.32836626 ], [ 134.54301572, 7.32832134 ], [ 134.54306064, 7.32832134 ], [ 134.54306064, 7.32827642 ], [ 134.54310555, 7.32827642 ], [ 134.54310555, 7.32823151 ], [ 134.54319539, 7.32823151 ], [ 134.54319539, 7.32818659 ], [ 134.54315047, 7.32818659 ], [ 134.54306064, 7.32818659 ], [ 134.54306064, 7.32823151 ], [ 134.54301572, 7.32823151 ], [ 134.54301572, 7.32809676 ], [ 134.54337505, 7.32809676 ], [ 134.54337505, 7.32796201 ], [ 134.543330129999987, 7.32796201 ], [ 134.543330129999987, 7.32778235 ], [ 134.54337505, 7.32778235 ], [ 134.54337505, 7.32769252 ], [ 134.54341996, 7.32769252 ], [ 134.54341996, 7.32760269 ], [ 134.54355471, 7.32760269 ], [ 134.54355471, 7.32728828 ], [ 134.543599629999989, 7.32728828 ], [ 134.543599629999989, 7.32724336 ], [ 134.54364454, 7.32724336 ], [ 134.54364454, 7.32719845 ], [ 134.543869120000011, 7.32719845 ], [ 134.543869120000011, 7.32715353 ], [ 134.54395895, 7.32715353 ], [ 134.54395895, 7.32688404 ], [ 134.544138620000012, 7.32688404 ], [ 134.544138620000012, 7.32683912 ], [ 134.54418353, 7.32683912 ], [ 134.54418353, 7.3267942 ], [ 134.544138620000012, 7.3267942 ], [ 134.5440937, 7.3267942 ], [ 134.5440937, 7.32674929 ], [ 134.54404878, 7.32674929 ], [ 134.54404878, 7.32661454 ], [ 134.544003870000012, 7.32661454 ], [ 134.544003870000012, 7.32670437 ], [ 134.54395895, 7.32670437 ], [ 134.54395895, 7.32665946 ], [ 134.543869120000011, 7.32665946 ], [ 134.543869120000011, 7.32670437 ], [ 134.54373437000001, 7.32670437 ], [ 134.54373437000001, 7.32674929 ], [ 134.54368946, 7.32674929 ], [ 134.54368946, 7.32688404 ], [ 134.54377929, 7.32688404 ], [ 134.54382421, 7.32688404 ], [ 134.54382421, 7.32692895 ], [ 134.543869120000011, 7.32692895 ], [ 134.543869120000011, 7.3270637 ], [ 134.54364454, 7.3270637 ], [ 134.54364454, 7.32710861 ], [ 134.543599629999989, 7.32710861 ], [ 134.543599629999989, 7.32715353 ], [ 134.54355471, 7.32715353 ], [ 134.54355471, 7.32719845 ], [ 134.54350980000001, 7.32719845 ], [ 134.54350980000001, 7.32724336 ], [ 134.543464879999988, 7.32724336 ], [ 134.543464879999988, 7.32733319 ], [ 134.54341996, 7.32733319 ], [ 134.54341996, 7.32742303 ], [ 134.54328522, 7.32742303 ], [ 134.54328522, 7.32746794 ], [ 134.54319539, 7.32746794 ], [ 134.54319539, 7.32742303 ], [ 134.54306064, 7.32742303 ], [ 134.54306064, 7.32746794 ], [ 134.54301572, 7.32746794 ], [ 134.54301572, 7.32760269 ], [ 134.54292589, 7.32760269 ], [ 134.54292589, 7.32769252 ], [ 134.542970810000014, 7.32769252 ], [ 134.542970810000014, 7.3276476 ], [ 134.54310555, 7.3276476 ], [ 134.54315047, 7.3276476 ], [ 134.54315047, 7.32778235 ], [ 134.54306064, 7.32778235 ], [ 134.54306064, 7.32787218 ], [ 134.54301572, 7.32787218 ], [ 134.54301572, 7.32800693 ], [ 134.54292589, 7.32800693 ], [ 134.54292589, 7.32805185 ], [ 134.54274623, 7.32805185 ], [ 134.54274623, 7.32809676 ], [ 134.5426564, 7.32809676 ], [ 134.5426564, 7.32814168 ], [ 134.542566560000012, 7.32814168 ], [ 134.542566560000012, 7.32823151 ], [ 134.54247673, 7.32823151 ], [ 134.54247673, 7.3287705 ], [ 134.54243182, 7.3287705 ], [ 134.54243182, 7.32881541 ], [ 134.5423869, 7.32881541 ], [ 134.5423869, 7.32886033 ], [ 134.54225215, 7.32886033 ], [ 134.54225215, 7.32881541 ], [ 134.54220724000001, 7.32881541 ], [ 134.54220724000001, 7.3287705 ], [ 134.542162319999989, 7.3287705 ], [ 134.54207249000001, 7.3287705 ], [ 134.54207249000001, 7.32872558 ], [ 134.54202758, 7.32872558 ], [ 134.54198266, 7.32872558 ], [ 134.54198266, 7.32868067 ], [ 134.54193774, 7.32868067 ], [ 134.54189283, 7.32868067 ], [ 134.54189283, 7.32863575 ], [ 134.54184791, 7.32863575 ], [ 134.54184791, 7.32859084 ], [ 134.541803, 7.32859084 ], [ 134.54175808, 7.32859084 ], [ 134.54175808, 7.32854592 ], [ 134.54162333, 7.32854592 ], [ 134.54162333, 7.32868067 ], [ 134.54157842, 7.32868067 ], [ 134.54157842, 7.32872558 ], [ 134.541533500000014, 7.32872558 ], [ 134.541533500000014, 7.32868067 ], [ 134.54148859, 7.32868067 ], [ 134.54148859, 7.32872558 ], [ 134.54144367, 7.32872558 ], [ 134.54144367, 7.32868067 ], [ 134.541398750000013, 7.32868067 ], [ 134.54135384, 7.32868067 ], [ 134.54135384, 7.32863575 ], [ 134.54130892, 7.32863575 ], [ 134.54130892, 7.32854592 ], [ 134.54126401, 7.32854592 ], [ 134.54126401, 7.328501 ], [ 134.541174180000013, 7.328501 ], [ 134.541174180000013, 7.32863575 ], [ 134.54112926, 7.32863575 ], [ 134.54112926, 7.32890525 ], [ 134.54085977, 7.32890525 ], [ 134.54085977, 7.32944423 ], [ 134.54032078, 7.32944423 ], [ 134.54032078, 7.32939932 ], [ 134.54027586, 7.32939932 ], [ 134.54014111, 7.32939932 ], [ 134.54014111, 7.3293544 ], [ 134.5400962, 7.3293544 ], [ 134.5400962, 7.32930949 ], [ 134.54005128, 7.32930949 ], [ 134.53991653, 7.32930949 ], [ 134.53991653, 7.32926457 ], [ 134.53978179, 7.32926457 ], [ 134.53978179, 7.32944423 ], [ 134.53955721, 7.32944423 ], [ 134.53955721, 7.32948915 ], [ 134.53951229, 7.32948915 ], [ 134.53951229, 7.32957898 ], [ 134.539736870000013, 7.32957898 ], [ 134.539736870000013, 7.32953407 ], [ 134.5400962, 7.32953407 ], [ 134.5400962, 7.32957898 ], [ 134.54018603, 7.32957898 ], [ 134.540230939999987, 7.32957898 ], [ 134.540230939999987, 7.3296239 ], [ 134.540365689999987, 7.3296239 ], [ 134.540365689999987, 7.32957898 ], [ 134.54041061, 7.32957898 ], [ 134.54041061, 7.3296239 ], [ 134.540635189999989, 7.3296239 ], [ 134.5406801, 7.3296239 ], [ 134.5406801, 7.32966881 ], [ 134.54072502, 7.32966881 ], [ 134.54072502, 7.32971373 ], [ 134.54076993000001, 7.32971373 ], [ 134.54076993000001, 7.32975865 ], [ 134.54081485, 7.32975865 ], [ 134.54081485, 7.32980356 ], [ 134.54085977, 7.32980356 ], [ 134.54085977, 7.32993831 ], [ 134.54081485, 7.32993831 ], [ 134.54081485, 7.33016289 ], [ 134.54085977, 7.33016289 ], [ 134.54085977, 7.3302078 ], [ 134.54108434, 7.3302078 ], [ 134.54112926, 7.3302078 ], [ 134.54112926, 7.33025272 ], [ 134.54144367, 7.33025272 ] ] ] } },
{ "type": "Feature", "properties": { "id": "geomorphic_data_verbose.fid-75f8f034_1a0c1004d45_-532e", "class_name": "Inner Reef Flat", "area_sqkm": 0.0090903619466107342 }, "geometry": { "type": "Polygon", "coordinates": [ [ [ 134.53798516, 7.3296239 ], [ 134.53798516, 7.32957898 ], [ 134.53816482, 7.32957898 ], [ 134.53816482, 7.32953407 ], [ 134.53829957, 7.32953407 ], [ 134.53829957, 7.32948915 ], [ 134.538703809999987, 7.32948915 ], [ 134.538703809999987, 7.32944423 ], [ 134.53865889, 7.32944423 ], [ 134.53865889, 7.32939932 ], [ 134.53861398, 7.32939932 ], [ 134.53861398, 7.32926457 ], [ 134.53865889, 7.32926457 ], [ 134.53865889, 7.32917474 ], [ 134.538703809999987, 7.32917474 ], [ 134.538703809999987, 7.32912982 ], [ 134.53874872, 7.32912982 ], [ 134.53874872, 7.32903999 ], [ 134.53879364, 7.32903999 ], [ 134.53879364, 7.32899508 ], [ 134.538838559999988, 7.32899508 ], [ 134.538838559999988, 7.32890525 ], [ 134.53879364, 7.32890525 ], [ 134.538434310000014, 7.32890525 ], [ 134.538434310000014, 7.32832134 ], [ 134.53847923, 7.32832134 ], [ 134.53847923, 7.32823151 ], [ 134.53852415, 7.32823151 ], [ 134.53852415, 7.32818659 ], [ 134.538569059999986, 7.32818659 ], [ 134.538569059999986, 7.32814168 ], [ 134.53852415, 7.32814168 ], [ 134.53852415, 7.32809676 ], [ 134.53847923, 7.32809676 ], [ 134.53847923, 7.32814168 ], [ 134.538434310000014, 7.32814168 ], [ 134.538434310000014, 7.32818659 ], [ 134.538209740000013, 7.32818659 ], [ 134.538209740000013, 7.32809676 ], [ 134.53816482, 7.32809676 ], [ 134.53816482, 7.32863575 ], [ 134.53789533, 7.32863575 ], [ 134.53789533, 7.32912982 ], [ 134.537940240000012, 7.32912982 ], [ 134.53798516, 7.32912982 ], [ 134.53798516, 7.32917474 ], [ 134.53803007, 7.32917474 ], [ 134.53803007, 7.32921966 ], [ 134.538074990000013, 7.32921966 ], [ 134.538074990000013, 7.32944423 ], [ 134.53789533, 7.32944423 ], [ 134.53789533, 7.3296239 ], [ 134.53798516, 7.3296239 ] ] ] } },
{ "type": "Feature", "properties": { "id": "geomorphic_data_verbose.fid-75f8f034_1a0c1004d45_-5718", "class_name": "Inner Reef Flat", "area_sqkm": 2.4635131363756956e-05 }, "geometry": { "type": "Polygon", "coordinates": [ [ [ 134.54274623, 7.32890525 ], [ 134.54274623, 7.32886033 ], [ 134.542701310000012, 7.32886033 ], [ 134.542701310000012, 7.32890525 ], [ 134.54274623, 7.32890525 ] ] ] } },
{ "type": "Feature", "properties": { "id": "geomorphic_data_verbose.fid-75f8f034_1a0c1004d45_-5717", "class_name": "Inner Reef Flat", "area_sqkm": 4.9270250636152926e-05 }, "geometry": { "type": "Polygon", "coordinates": [ [ [ 134.542701310000012, 7.32903999 ], [ 134.542701310000012, 7.32895016 ], [ 134.5426564, 7.32895016 ], [ 134.5426564, 7.32903999 ], [ 134.542701310000012, 7.32903999 ] ] ] } },
{ "type": "Feature", "properties": { "id": "geomorphic_data_verbose.fid-75f8f034_1a0c1004d45_-5c13", "class_name": "Terrestrial Reef Flat", "area_sqkm": 0.011282888923717198 }, "geometry": { "type": "Polygon", "coordinates": [ [ [ 134.54301572, 7.32980356 ], [ 134.54301572, 7.32944423 ], [ 134.54328522, 7.32944423 ], [ 134.54328522, 7.32917474 ], [ 134.54337505, 7.32917474 ], [ 134.54337505, 7.32908491 ], [ 134.543464879999988, 7.32908491 ], [ 134.543464879999988, 7.32899508 ], [ 134.54355471, 7.32899508 ], [ 134.54355471, 7.32863575 ], [ 134.54373437000001, 7.32863575 ], [ 134.54373437000001, 7.32854592 ], [ 134.54368946, 7.32854592 ], [ 134.54368946, 7.328501 ], [ 134.54364454, 7.328501 ], [ 134.54364454, 7.32845609 ], [ 134.543599629999989, 7.32845609 ], [ 134.543599629999989, 7.32836626 ], [ 134.54355471, 7.32836626 ], [ 134.54350980000001, 7.32836626 ], [ 134.54350980000001, 7.32832134 ], [ 134.543464879999988, 7.32832134 ], [ 134.543464879999988, 7.32827642 ], [ 134.54341996, 7.32827642 ], [ 134.54341996, 7.32823151 ], [ 134.54310555, 7.32823151 ], [ 134.54310555, 7.32827642 ], [ 134.54306064, 7.32827642 ], [ 134.54306064, 7.32832134 ], [ 134.54301572, 7.32832134 ], [ 134.54301572, 7.32836626 ], [ 134.542970810000014, 7.32836626 ], [ 134.542970810000014, 7.32845609 ], [ 134.54292589, 7.32845609 ], [ 134.54292589, 7.32854592 ], [ 134.54288098, 7.32854592 ], [ 134.54288098, 7.32859084 ], [ 134.542836060000013, 7.32859084 ], [ 134.542836060000013, 7.32868067 ], [ 134.54279114, 7.32868067 ], [ 134.54279114, 7.3287705 ], [ 134.54274623, 7.3287705 ], [ 134.54274623, 7.32890525 ], [ 134.542701310000012, 7.32890525 ], [ 134.542701310000012, 7.32917474 ], [ 134.54274623, 7.32917474 ], [ 134.54274623, 7.32926457 ], [ 134.54279114, 7.32926457 ], [ 134.54279114, 7.32930949 ], [ 134.542836060000013, 7.32930949 ], [ 134.542836060000013, 7.32944423 ], [ 134.54279114, 7.32944423 ], [ 134.54279114, 7.32948915 ], [ 134.54274623, 7.32948915 ], [ 134.54274623, 7.32953407 ], [ 134.542701310000012, 7.32953407 ], [ 134.542701310000012, 7.32957898 ], [ 134.5426564, 7.32957898 ], [ 134.5426564, 7.3296239 ], [ 134.542566560000012, 7.3296239 ], [ 134.542566560000012, 7.32975865 ], [ 134.54279114, 7.32975865 ], [ 134.542836060000013, 7.32975865 ], [ 134.542836060000013, 7.32980356 ], [ 134.54301572, 7.32980356 ] ] ] } },
{ "type": "Feature", "properties": { "id": "geomorphic_data_verbose.fid-75f8f034_1a0c1004d45_-57df", "class_name": "Terrestrial Reef Flat", "area_sqkm": 2.4635099921375512e-05 }, "geometry": { "type": "Polygon", "coordinates": [ [ [ 134.53955721, 7.32948915 ], [ 134.53955721, 7.32944423 ], [ 134.53951229, 7.32944423 ], [ 134.53951229, 7.32948915 ], [ 134.53955721, 7.32948915 ] ] ] } },
{ "type": "Feature", "properties": { "id": "geomorphic_data_verbose.fid-75f8f034_1a0c1004d45_-5719", "class_name": "Inner Reef Flat", "area_sqkm": 9.8540331985801454e-05 }, "geometry": { "type": "Polygon", "coordinates": [ [ [ 134.54252165, 7.32980356 ], [ 134.54252165, 7.32975865 ], [ 134.542341990000011, 7.32975865 ], [ 134.542341990000011, 7.32980356 ], [ 134.54252165, 7.32980356 ] ] ] } },
{ "type": "Feature", "properties": { "id": "geomorphic_data_verbose.fid-75f8f034_1a0c1004d45_-57de", "class_name": "Outer Reef Flat", "area_sqkm": 0.0092874180550910537 }, "geometry": { "type": "Polygon", "coordinates": [ [ [ 134.54045552, 7.33079171 ], [ 134.54045552, 7.33074679 ], [ 134.540500439999988, 7.33074679 ], [ 134.540500439999988, 7.33079171 ], [ 134.5406801, 7.33079171 ], [ 134.5406801, 7.33074679 ], [ 134.54072502, 7.33074679 ], [ 134.54072502, 7.33070188 ], [ 134.54130892, 7.33070188 ], [ 134.54130892, 7.33065696 ], [ 134.54135384, 7.33065696 ], [ 134.54135384, 7.33061204 ], [ 134.541398750000013, 7.33061204 ], [ 134.541398750000013, 7.33052221 ], [ 134.541533500000014, 7.33052221 ], [ 134.541533500000014, 7.3304773 ], [ 134.54157842, 7.3304773 ], [ 134.54157842, 7.33043238 ], [ 134.54162333, 7.33043238 ], [ 134.54162333, 7.33038747 ], [ 134.541668249999987, 7.33038747 ], [ 134.541668249999987, 7.33034255 ], [ 134.54193774, 7.33034255 ], [ 134.54193774, 7.33025272 ], [ 134.54198266, 7.33025272 ], [ 134.54198266, 7.33007306 ], [ 134.54193774, 7.33007306 ], [ 134.54193774, 7.33002814 ], [ 134.54198266, 7.33002814 ], [ 134.54198266, 7.32993831 ], [ 134.54202758, 7.32993831 ], [ 134.54202758, 7.32989339 ], [ 134.54207249000001, 7.32989339 ], [ 134.54207249000001, 7.32980356 ], [ 134.542341990000011, 7.32980356 ], [ 134.542341990000011, 7.32975865 ], [ 134.54252165, 7.32975865 ], [ 134.54252165, 7.32980356 ], [ 134.542836060000013, 7.32980356 ], [ 134.542836060000013, 7.32975865 ], [ 134.54279114, 7.32975865 ], [ 134.542566560000012, 7.32975865 ], [ 134.542566560000012, 7.3296239 ], [ 134.5426564, 7.3296239 ], [ 134.5426564, 7.32957898 ], [ 134.542701310000012, 7.32957898 ], [ 134.542701310000012, 7.32953407 ], [ 134.54274623, 7.32953407 ], [ 134.54274623, 7.32948915 ], [ 134.54279114, 7.32948915 ], [ 134.54279114, 7.32944423 ], [ 134.542836060000013, 7.32944423 ], [ 134.542836060000013, 7.32930949 ], [ 134.54279114, 7.32930949 ], [ 134.54279114, 7.32926457 ], [ 134.54274623, 7.32926457 ], [ 134.54274623, 7.32917474 ], [ 134.542701310000012, 7.32917474 ], [ 134.542701310000012, 7.32903999 ], [ 134.5426564, 7.32903999 ], [ 134.5426564, 7.32895016 ], [ 134.542701310000012, 7.32895016 ], [ 134.542701310000012, 7.32886033 ], [ 134.54274623, 7.32886033 ], [ 134.54274623, 7.32881541 ], [ 134.542701310000012, 7.32881541 ], [ 134.542701310000012, 7.3287705 ], [ 134.54261148, 7.3287705 ], [ 134.54261148, 7.32908491 ], [ 134.5426564, 7.32908491 ], [ 134.5426564, 7.32917474 ], [ 134.54261148, 7.32917474 ], [ 134.54261148, 7.32912982 ], [ 134.54252165, 7.32912982 ], [ 134.54252165, 7.32921966 ], [ 134.542566560000012, 7.32921966 ], [ 134.542566560000012, 7.32926457 ], [ 134.54261148, 7.32926457 ], [ 134.5426564, 7.32926457 ], [ 134.5426564, 7.32948915 ], [ 134.54261148, 7.32948915 ], [ 134.54261148, 7.32953407 ], [ 134.542566560000012, 7.32953407 ], [ 134.542566560000012, 7.32957898 ], [ 134.54252165, 7.32957898 ], [ 134.54252165, 7.3296239 ], [ 134.5423869, 7.3296239 ], [ 134.5423869, 7.32966881 ], [ 134.54220724000001, 7.32966881 ], [ 134.54220724000001, 7.32971373 ], [ 134.54207249000001, 7.32971373 ], [ 134.54207249000001, 7.32975865 ], [ 134.54198266, 7.32975865 ], [ 134.54198266, 7.32984848 ], [ 134.54193774, 7.32984848 ], [ 134.54193774, 7.32993831 ], [ 134.54189283, 7.32993831 ], [ 134.54189283, 7.33016289 ], [ 134.54184791, 7.33016289 ], [ 134.54184791, 7.3302078 ], [ 134.54175808, 7.3302078 ], [ 134.54175808, 7.33025272 ], [ 134.54162333, 7.33025272 ], [ 134.54162333, 7.33029763 ], [ 134.54157842, 7.33029763 ], [ 134.54157842, 7.33034255 ], [ 134.54148859, 7.33034255 ], [ 134.54148859, 7.33029763 ], [ 134.54144367, 7.33029763 ], [ 134.54144367, 7.33025272 ], [ 134.541398750000013, 7.33025272 ], [ 134.54112926, 7.33025272 ], [ 134.54112926, 7.3302078 ], [ 134.54085977, 7.3302078 ], [ 134.54085977, 7.33025272 ], [ 134.54081485, 7.33025272 ], [ 134.54081485, 7.33034255 ], [ 134.54076993000001, 7.33034255 ], [ 134.54076993000001, 7.33038747 ], [ 134.5406801, 7.33038747 ], [ 134.5406801, 7.3304773 ], [ 134.540635189999989, 7.3304773 ], [ 134.540635189999989, 7.33056713 ], [ 134.54059027, 7.33056713 ], [ 134.54059027, 7.33052221 ], [ 134.540500439999988, 7.33052221 ], [ 134.540500439999988, 7.33056713 ], [ 134.54045552, 7.33056713 ], [ 134.54045552, 7.33052221 ], [ 134.54032078, 7.33052221 ], [ 134.54032078, 7.33061204 ], [ 134.54018603, 7.33061204 ], [ 134.54018603, 7.33065696 ], [ 134.5400962, 7.33065696 ], [ 134.5400962, 7.33070188 ], [ 134.540006369999986, 7.33070188 ], [ 134.540006369999986, 7.33074679 ], [ 134.53991653, 7.33074679 ], [ 134.53991653, 7.33079171 ], [ 134.54045552, 7.33079171 ] ] ] } },
{ "type": "Feature", "properties": { "id": "geomorphic_data_verbose.fid-75f8f034_1a0c1004d45_-57e1", "class_name": "Terrestrial Reef Flat", "area_sqkm": 0.0079078586016069173 }, "geometry": { "type": "Polygon", "coordinates": [ [ [ 134.538209740000013, 7.33052221 ], [ 134.538209740000013, 7.3304773 ], [ 134.53825465, 7.3304773 ], [ 134.53825465, 7.33043238 ], [ 134.5383894, 7.33043238 ], [ 134.5383894, 7.33038747 ], [ 134.538434310000014, 7.33038747 ], [ 134.538434310000014, 7.33043238 ], [ 134.53852415, 7.33043238 ], [ 134.53852415, 7.33011797 ], [ 134.538569059999986, 7.33011797 ], [ 134.538569059999986, 7.32998322 ], [ 134.53861398, 7.32998322 ], [ 134.53861398, 7.32993831 ], [ 134.53865889, 7.32993831 ], [ 134.53865889, 7.32984848 ], [ 134.538703809999987, 7.32984848 ], [ 134.538703809999987, 7.32975865 ], [ 134.53874872, 7.32975865 ], [ 134.53874872, 7.32971373 ], [ 134.538703809999987, 7.32971373 ], [ 134.538703809999987, 7.32948915 ], [ 134.53829957, 7.32948915 ], [ 134.53829957, 7.32953407 ], [ 134.53816482, 7.32953407 ], [ 134.53816482, 7.32957898 ], [ 134.53798516, 7.32957898 ], [ 134.53798516, 7.3296239 ], [ 134.53789533, 7.3296239 ], [ 134.53789533, 7.32971373 ], [ 134.537805490000011, 7.32971373 ], [ 134.537805490000011, 7.32989339 ], [ 134.53776058, 7.32989339 ], [ 134.53776058, 7.32993831 ], [ 134.53789533, 7.32993831 ], [ 134.537940240000012, 7.32993831 ], [ 134.537940240000012, 7.32998322 ], [ 134.53798516, 7.32998322 ], [ 134.53798516, 7.33052221 ], [ 134.538209740000013, 7.33052221 ] ] ] } },
{ "type": "Feature", "properties": { "id": "geomorphic_data_verbose.fid-75f8f034_1a0c1004d45_-5330", "class_name": "Inner Reef Flat", "area_sqkm": 7.3905209089163685e-05 }, "geometry": { "type": "Polygon", "coordinates": [ [ [ 134.54202758, 7.33007306 ], [ 134.54202758, 7.32998322 ], [ 134.54198266, 7.32998322 ], [ 134.54198266, 7.33002814 ], [ 134.54193774, 7.33002814 ], [ 134.54193774, 7.33007306 ], [ 134.54202758, 7.33007306 ] ] ] } },
{ "type": "Feature", "properties": { "id": "geomorphic_data_verbose.fid-75f8f034_1a0c1004d45_-532f", "class_name": "Deep Lagoon", "area_sqkm": 0.017343087271984203 }, "geometry": { "type": "Polygon", "coordinates": [ [ [ 134.53951229, 7.33052221 ], [ 134.53951229, 7.3304773 ], [ 134.53969196, 7.3304773 ], [ 134.53969196, 7.33043238 ], [ 134.54014111, 7.33043238 ], [ 134.54014111, 7.33038747 ], [ 134.54032078, 7.33038747 ], [ 134.54032078, 7.33034255 ], [ 134.54045552, 7.33034255 ], [ 134.54045552, 7.33029763 ], [ 134.540500439999988, 7.33029763 ], [ 134.540500439999988, 7.33025272 ], [ 134.54054536000001, 7.33025272 ], [ 134.54054536000001, 7.3302078 ], [ 134.54059027, 7.3302078 ], [ 134.54059027, 7.33016289 ], [ 134.540635189999989, 7.33016289 ], [ 134.540635189999989, 7.32993831 ], [ 134.54059027, 7.32993831 ], [ 134.54059027, 7.32984848 ], [ 134.540635189999989, 7.32984848 ], [ 134.540635189999989, 7.32975865 ], [ 134.54059027, 7.32975865 ], [ 134.54054536000001, 7.32975865 ], [ 134.54054536000001, 7.32980356 ], [ 134.54045552, 7.32980356 ], [ 134.54045552, 7.32989339 ], [ 134.54041061, 7.32989339 ], [ 134.54041061, 7.32975865 ], [ 134.540365689999987, 7.32975865 ], [ 134.540006369999986, 7.32975865 ], [ 134.540006369999986, 7.32971373 ], [ 134.539736870000013, 7.32971373 ], [ 134.539736870000013, 7.32975865 ], [ 134.53964704, 7.32975865 ], [ 134.53964704, 7.32980356 ], [ 134.539602120000012, 7.32980356 ], [ 134.539602120000012, 7.32975865 ], [ 134.53955721, 7.32975865 ], [ 134.53955721, 7.32971373 ], [ 134.53951229, 7.32971373 ], [ 134.53951229, 7.32975865 ], [ 134.539242800000011, 7.32975865 ], [ 134.539242800000011, 7.32980356 ], [ 134.539197879999989, 7.32980356 ], [ 134.539197879999989, 7.32975865 ], [ 134.53915297, 7.32975865 ], [ 134.53892839, 7.32975865 ], [ 134.53892839, 7.32971373 ], [ 134.53874872, 7.32971373 ], [ 134.53874872, 7.32975865 ], [ 134.538703809999987, 7.32975865 ], [ 134.538703809999987, 7.32984848 ], [ 134.53865889, 7.32984848 ], [ 134.53865889, 7.32993831 ], [ 134.53861398, 7.32993831 ], [ 134.53861398, 7.32998322 ], [ 134.538569059999986, 7.32998322 ], [ 134.538569059999986, 7.33011797 ], [ 134.53852415, 7.33011797 ], [ 134.53852415, 7.33043238 ], [ 134.538569059999986, 7.33043238 ], [ 134.538569059999986, 7.3304773 ], [ 134.53861398, 7.3304773 ], [ 134.53865889, 7.3304773 ], [ 134.53865889, 7.33052221 ], [ 134.53951229, 7.33052221 ] ] ] } },
{ "type": "Feature", "properties": { "id": "geomorphic_data_verbose.fid-75f8f034_1a0c1004d45_-57e0", "class_name": "Terrestrial Reef Flat", "area_sqkm": 0.0098047538666045288 }, "geometry": { "type": "Polygon", "coordinates": [ [ [ 134.539602120000012, 7.33065696 ], [ 134.53969196, 7.33065696 ], [ 134.53969196, 7.33070188 ], [ 134.539736870000013, 7.33070188 ], [ 134.539736870000013, 7.33074679 ], [ 134.540006369999986, 7.33074679 ], [ 134.540006369999986, 7.33070188 ], [ 134.5400962, 7.33070188 ], [ 134.5400962, 7.33065696 ], [ 134.54018603, 7.33065696 ], [ 134.54018603, 7.33061204 ], [ 134.54032078, 7.33061204 ], [ 134.54032078, 7.33052221 ], [ 134.54045552, 7.33052221 ], [ 134.54045552, 7.33056713 ], [ 134.540500439999988, 7.33056713 ], [ 134.540500439999988, 7.33052221 ], [ 134.54059027, 7.33052221 ], [ 134.54059027, 7.33056713 ], [ 134.540635189999989, 7.33056713 ], [ 134.540635189999989, 7.3304773 ], [ 134.5406801, 7.3304773 ], [ 134.5406801, 7.33038747 ], [ 134.54076993000001, 7.33038747 ], [ 134.54076993000001, 7.33034255 ], [ 134.54081485, 7.33034255 ], [ 134.54081485, 7.33025272 ], [ 134.54085977, 7.33025272 ], [ 134.54085977, 7.33016289 ], [ 134.54081485, 7.33016289 ], [ 134.54081485, 7.32993831 ], [ 134.54085977, 7.32993831 ], [ 134.54085977, 7.32980356 ], [ 134.54081485, 7.32980356 ], [ 134.54081485, 7.32975865 ], [ 134.54076993000001, 7.32975865 ], [ 134.54076993000001, 7.32971373 ], [ 134.54072502, 7.32971373 ], [ 134.54072502, 7.32966881 ], [ 134.5406801, 7.32966881 ], [ 134.5406801, 7.3296239 ], [ 134.540635189999989, 7.3296239 ], [ 134.54041061, 7.3296239 ], [ 134.54041061, 7.32957898 ], [ 134.540365689999987, 7.32957898 ], [ 134.540365689999987, 7.3296239 ], [ 134.540230939999987, 7.3296239 ], [ 134.540230939999987, 7.32957898 ], [ 134.54018603, 7.32957898 ], [ 134.5400962, 7.32957898 ], [ 134.5400962, 7.32953407 ], [ 134.539736870000013, 7.32953407 ], [ 134.539736870000013, 7.32957898 ], [ 134.53946738, 7.32957898 ], [ 134.53946738, 7.3296239 ], [ 134.539377550000012, 7.3296239 ], [ 134.539377550000012, 7.32966881 ], [ 134.5389733, 7.32966881 ], [ 134.5389733, 7.32971373 ], [ 134.53892839, 7.32971373 ], [ 134.53892839, 7.32975865 ], [ 134.53915297, 7.32975865 ], [ 134.539197879999989, 7.32975865 ], [ 134.539197879999989, 7.32980356 ], [ 134.539242800000011, 7.32980356 ], [ 134.539242800000011, 7.32975865 ], [ 134.53951229, 7.32975865 ], [ 134.53951229, 7.32971373 ], [ 134.53955721, 7.32971373 ], [ 134.53955721, 7.32975865 ], [ 134.539602120000012, 7.32975865 ], [ 134.539602120000012, 7.32980356 ], [ 134.53964704, 7.32980356 ], [ 134.53964704, 7.32975865 ], [ 134.539736870000013, 7.32975865 ], [ 134.539736870000013, 7.32971373 ], [ 134.540006369999986, 7.32971373 ], [ 134.540006369999986, 7.32975865 ], [ 134.540365689999987, 7.32975865 ], [ 134.54041061, 7.32975865 ], [ 134.54041061, 7.32989339 ], [ 134.54045552, 7.32989339 ], [ 134.54045552, 7.32980356 ], [ 134.54054536000001, 7.32980356 ], [ 134.54054536000001, 7.32975865 ], [ 134.54059027, 7.32975865 ], [ 134.540635189999989, 7.32975865 ], [ 134.540635189999989, 7.32984848 ], [ 134.54059027, 7.32984848 ], [ 134.54059027, 7.32993831 ], [ 134.540635189999989, 7.32993831 ], [ 134.540635189999989, 7.33016289 ], [ 134.54059027, 7.33016289 ], [ 134.54059027, 7.3302078 ], [ 134.54054536000001, 7.3302078 ], [ 134.54054536000001, 7.33025272 ], [ 134.540500439999988, 7.33025272 ], [ 134.540500439999988, 7.33029763 ], [ 134.54045552, 7.33029763 ], [ 134.54045552, 7.33034255 ], [ 134.54032078, 7.33034255 ], [ 134.54032078, 7.33038747 ], [ 134.54014111, 7.33038747 ], [ 134.54014111, 7.33043238 ], [ 134.53969196, 7.33043238 ], [ 134.53969196, 7.3304773 ], [ 134.53951229, 7.3304773 ], [ 134.53951229, 7.33052221 ], [ 134.5389733, 7.33052221 ], [ 134.5389733, 7.33070188 ], [ 134.539197879999989, 7.33070188 ], [ 134.539242800000011, 7.33070188 ], [ 134.539242800000011, 7.33074679 ], [ 134.539377550000012, 7.33074679 ], [ 134.53942246, 7.33074679 ], [ 134.53942246, 7.33079171 ], [ 134.539602120000012, 7.33079171 ], [ 134.539602120000012, 7.33065696 ] ], [ [ 134.54081485, 7.3302078 ], [ 134.54076993000001, 7.3302078 ], [ 134.54076993000001, 7.33016289 ], [ 134.54081485, 7.33016289 ], [ 134.54081485, 7.3302078 ] ], [ [ 134.540500439999988, 7.33043238 ], [ 134.540500439999988, 7.3304773 ], [ 134.54045552, 7.3304773 ], [ 134.54045552, 7.33043238 ], [ 134.540500439999988, 7.33043238 ] ], [ [ 134.540500439999988, 7.33038747 ], [ 134.540635189999989, 7.33038747 ], [ 134.540635189999989, 7.33043238 ], [ 134.540500439999988, 7.33043238 ], [ 134.540500439999988, 7.33038747 ] ] ] } },
{ "type": "Feature", "properties": { "id": "geomorphic_data_verbose.fid-75f8f034_1a0c1004d45_-5333", "class_name": "Outer Reef Flat", "area_sqkm": 2.4635061284992845e-05 }, "geometry": { "type": "Polygon", "coordinates": [ [ [ 134.54081485, 7.3302078 ], [ 134.54081485, 7.33016289 ], [ 134.54076993000001, 7.33016289 ], [ 134.54076993000001, 7.3302078 ], [ 134.54081485, 7.3302078 ] ] ] } },
{ "type": "Feature", "properties": { "id": "geomorphic_data_verbose.fid-75f8f034_1a0c1004d45_-571c", "class_name": "Shallow Lagoon", "area_sqkm": 0.0006897816438232549 }, "geometry": { "type": "Polygon", "coordinates": [ [ [ 134.54157842, 7.33034255 ], [ 134.54157842, 7.33029763 ], [ 134.54162333, 7.33029763 ], [ 134.54162333, 7.33025272 ], [ 134.54175808, 7.33025272 ], [ 134.54175808, 7.3302078 ], [ 134.54184791, 7.3302078 ], [ 134.54184791, 7.33016289 ], [ 134.54189283, 7.33016289 ], [ 134.54189283, 7.33011797 ], [ 134.54184791, 7.33011797 ], [ 134.54157842, 7.33011797 ], [ 134.54157842, 7.33016289 ], [ 134.54148859, 7.33016289 ], [ 134.54148859, 7.3302078 ], [ 134.54144367, 7.3302078 ], [ 134.54144367, 7.33029763 ], [ 134.54148859, 7.33029763 ], [ 134.54148859, 7.33034255 ], [ 134.54157842, 7.33034255 ] ] ] } },
{ "type": "Feature", "properties": { "id": "geomorphic_data_verbose.fid-75f8f034_1a0c1004d45_-5331", "class_name": "Deep Lagoon", "area_sqkm": 0.0017490891739265061 }, "geometry": { "type": "Polygon", "coordinates": [ [ [ 134.53798516, 7.33052221 ], [ 134.53798516, 7.32998322 ], [ 134.537940240000012, 7.32998322 ], [ 134.537940240000012, 7.32993831 ], [ 134.53776058, 7.32993831 ], [ 134.53776058, 7.33007306 ], [ 134.53771566, 7.33007306 ], [ 134.53771566, 7.33038747 ], [ 134.53776058, 7.33038747 ], [ 134.53776058, 7.33052221 ], [ 134.53798516, 7.33052221 ] ] ] } },
{ "type": "Feature", "properties": { "id": "geomorphic_data_verbose.fid-75f8f034_1a0c1004d45_-57e2", "class_name": "Outer Reef Flat", "area_sqkm": 7.3905147403478629e-05 }, "geometry": { "type": "Polygon", "coordinates": [ [ [ 134.540635189999989, 7.33043238 ], [ 134.540635189999989, 7.33038747 ], [ 134.540500439999988, 7.33038747 ], [ 134.540500439999988, 7.33043238 ], [ 134.540635189999989, 7.33043238 ] ] ] } },
{ "type": "Feature", "properties": { "id": "geomorphic_data_verbose.fid-75f8f034_1a0c1004d45_-5699", "class_name": "Outer Reef Flat", "area_sqkm": 2.4635046712122858e-05 }, "geometry": { "type": "Polygon", "coordinates": [ [ [ 134.540500439999988, 7.3304773 ], [ 134.540500439999988, 7.33043238 ], [ 134.54045552, 7.33043238 ], [ 134.54045552, 7.3304773 ], [ 134.540500439999988, 7.3304773 ] ] ] } },
{ "type": "Feature", "properties": { "id": "geomorphic_data_verbose.fid-75f8f034_1a0c1004d45_-5c8a", "class_name": "Outer Reef Flat", "area_sqkm": 0.31494639912675743 }, "geometry": { "type": "MultiPolygon", "coordinates": [ [ [ [ 134.52648672, 7.3176763 ], [ 134.52648672, 7.31763139 ], [ 134.526480133170963, 7.31763139 ], [ 134.52644969444458, 7.3176763 ], [ 134.52648672, 7.3176763 ] ] ], [ [ [ 134.526576549999987, 7.31754156 ], [ 134.526576549999987, 7.31758647 ], [ 134.52666638, 7.31758647 ], [ 134.52666638, 7.31754156 ], [ 134.526711299999988, 7.31754156 ], [ 134.526711299999988, 7.31758647 ], [ 134.52680113, 7.31758647 ], [ 134.52680113, 7.3176763 ], [ 134.526846049999989, 7.3176763 ], [ 134.526846049999989, 7.31763139 ], [ 134.52689096, 7.31763139 ], [ 134.52689096, 7.31754156 ], [ 134.52693588, 7.31754156 ], [ 134.52693588, 7.31749664 ], [ 134.52698079000001, 7.31749664 ], [ 134.52698079000001, 7.31745173 ], [ 134.52702571, 7.31745173 ], [ 134.52702571, 7.31736189 ], [ 134.527115540000011, 7.31736189 ], [ 134.527115540000011, 7.31731698 ], [ 134.52716046, 7.31731698 ], [ 134.52716046, 7.31727206 ], [ 134.52720537, 7.31727206 ], [ 134.52720537, 7.31722715 ], [ 134.52716046, 7.31722715 ], [ 134.52716046, 7.31713732 ], [ 134.52720537, 7.31713732 ], [ 134.52720537, 7.3170924 ], [ 134.527250290000012, 7.3170924 ], [ 134.527250290000012, 7.317077243224515 ], [ 134.52688235, 7.31703795 ], [ 134.526541017401485, 7.31754156 ], [ 134.526576549999987, 7.31754156 ] ] ], [ [ [ 134.527385040000013, 7.3170924 ], [ 134.527385040000013, 7.31718223 ], [ 134.52734012, 7.31718223 ], [ 134.52734012, 7.31722715 ], [ 134.5272952, 7.31722715 ], [ 134.5272952, 7.31727206 ], [ 134.52747487, 7.31727206 ], [ 134.52747487, 7.31722715 ], [ 134.5275647, 7.31722715 ], [ 134.5275647, 7.31727206 ], [ 134.52760962, 7.31727206 ], [ 134.52760962, 7.31731698 ], [ 134.52769945, 7.31731698 ], [ 134.52769945, 7.31727206 ], [ 134.527744360000014, 7.31727206 ], [ 134.527744360000014, 7.31713732 ], [ 134.5275647, 7.31713732 ], [ 134.5275647, 7.31718223 ], [ 134.52751978, 7.31718223 ], [ 134.52751978, 7.317106022729526 ], [ 134.527392217368941, 7.3170924 ], [ 134.527385040000013, 7.3170924 ] ] ], [ [ [ 134.527879109999986, 7.31731698 ], [ 134.52792403, 7.31731698 ], [ 134.52792403, 7.31740681 ], [ 134.52796894, 7.31740681 ], [ 134.52796894, 7.31749664 ], [ 134.52805877, 7.31749664 ], [ 134.52805877, 7.31745173 ], [ 134.52810369, 7.31745173 ], [ 134.52810369, 7.31749664 ], [ 134.52819352, 7.31749664 ], [ 134.52819352, 7.31754156 ], [ 134.52823844, 7.31754156 ], [ 134.52823844, 7.31749664 ], [ 134.52828335, 7.31749664 ], [ 134.52828335, 7.31745173 ], [ 134.528373179999988, 7.31745173 ], [ 134.528373179999988, 7.31749664 ], [ 134.52841810000001, 7.31749664 ], [ 134.52841810000001, 7.31754156 ], [ 134.52846301, 7.31754156 ], [ 134.52846301, 7.31758647 ], [ 134.528507929999989, 7.31758647 ], [ 134.528507929999989, 7.3176763 ], [ 134.52846301, 7.3176763 ], [ 134.52846301, 7.31772122 ], [ 134.52841810000001, 7.31772122 ], [ 134.52841810000001, 7.31776614 ], [ 134.52846301, 7.31776614 ], [ 134.52846301, 7.31781105 ], [ 134.52859776, 7.31781105 ], [ 134.52859776, 7.31772122 ], [ 134.52868759, 7.31772122 ], [ 134.52868759, 7.31776614 ], [ 134.52882234, 7.31776614 ], [ 134.52882234, 7.31781105 ], [ 134.529002, 7.31781105 ], [ 134.529002, 7.31785597 ], [ 134.529046920000013, 7.31785597 ], [ 134.529046920000013, 7.3179458 ], [ 134.529002, 7.3179458 ], [ 134.529002, 7.31812546 ], [ 134.529046920000013, 7.31812546 ], [ 134.529046920000013, 7.31826021 ], [ 134.52922658, 7.31826021 ], [ 134.52922658, 7.31830513 ], [ 134.52936133, 7.31830513 ], [ 134.52936133, 7.31821529 ], [ 134.52931641, 7.31821529 ], [ 134.52931641, 7.31803563 ], [ 134.52922658, 7.31803563 ], [ 134.52922658, 7.31799071 ], [ 134.52913675, 7.31799071 ], [ 134.52913675, 7.3179458 ], [ 134.52909184, 7.3179458 ], [ 134.52909184, 7.31781105 ], [ 134.529046920000013, 7.31781105 ], [ 134.529046920000013, 7.31776614 ], [ 134.529002, 7.31776614 ], [ 134.529002, 7.31772122 ], [ 134.528912170000012, 7.31772122 ], [ 134.528912170000012, 7.31763139 ], [ 134.52886726, 7.31763139 ], [ 134.52886726, 7.31754156 ], [ 134.528912170000012, 7.31754156 ], [ 134.528912170000012, 7.31758647 ], [ 134.52922658, 7.31758647 ], [ 134.52922658, 7.31754156 ], [ 134.5292715, 7.31754156 ], [ 134.5292715, 7.31740681 ], [ 134.52922658, 7.31740681 ], [ 134.52922658, 7.31745173 ], [ 134.529181670000014, 7.31745173 ], [ 134.529181670000014, 7.31731698 ], [ 134.52913675, 7.31731698 ], [ 134.52913675, 7.31727870296337 ], [ 134.527879109999986, 7.317144396470797 ], [ 134.527879109999986, 7.31731698 ] ] ] ] } },
{ "type": "Feature", "properties": { "id": "geomorphic_data_verbose.fid-75f8f034_1a0c1004d45_-58df", "class_name": "Shallow Lagoon", "area_sqkm": 0.13291077269329504 }, "geometry": { "type": "MultiPolygon", "coordinates": [ [ [ [ 134.52931641, 7.31731698 ], [ 134.52936133, 7.31731698 ], [ 134.52936133, 7.317302686418176 ], [ 134.52931641, 7.317297889300046 ], [ 134.52931641, 7.31731698 ] ] ], [ [ [ 134.529540989999987, 7.31754156 ], [ 134.52949608, 7.31754156 ], [ 134.52949608, 7.3176763 ], [ 134.52963082, 7.3176763 ], [ 134.52963082, 7.31763139 ], [ 134.529675739999988, 7.31763139 ], [ 134.529675739999988, 7.31758647 ], [ 134.52958591, 7.31758647 ], [ 134.52958591, 7.317326669872983 ], [ 134.529540989999987, 7.317321872754849 ], [ 134.529540989999987, 7.31754156 ] ] ], [ [ [ 134.52963082, 7.31740681 ], [ 134.529675739999988, 7.31740681 ], [ 134.529675739999988, 7.317336263041319 ], [ 134.52963082, 7.317331465923187 ], [ 134.52963082, 7.31740681 ] ] ], [ [ [ 134.53003507, 7.31740681 ], [ 134.52994523000001, 7.31740681 ], [ 134.52994523000001, 7.317365042546332 ], [ 134.529915709696894, 7.31736189 ], [ 134.52990032, 7.31736189 ], [ 134.52990032, 7.31763139 ], [ 134.52999015, 7.31763139 ], [ 134.52999015, 7.31758647 ], [ 134.53003507, 7.31758647 ], [ 134.53003507, 7.31749664 ], [ 134.530079980000011, 7.31749664 ], [ 134.530079980000011, 7.31754156 ], [ 134.5301249, 7.31754156 ], [ 134.5301249, 7.31749664 ], [ 134.530214730000012, 7.31749664 ], [ 134.530214730000012, 7.31740681 ], [ 134.53030456, 7.31740681 ], [ 134.53030456, 7.317403416287604 ], [ 134.53003507, 7.317374636782593 ], [ 134.53003507, 7.31740681 ] ] ] ] } },
{ "type": "Feature", "properties": { "id": "geomorphic_data_verbose.fid-75f8f034_1a0c1004d45_-5bc8", "class_name": "Shallow Lagoon", "area_sqkm": 0.036485489151463379 }, "geometry": { "type": "Polygon", "coordinates": [ [ [ 134.52972066000001, 7.31924836 ], [ 134.52972066000001, 7.31915852 ], [ 134.529675739999988, 7.31915852 ], [ 134.52963082, 7.31915852 ], [ 134.52963082, 7.31897886 ], [ 134.52972066000001, 7.31897886 ], [ 134.52972066000001, 7.31888903 ], [ 134.53003507, 7.31888903 ], [ 134.53003507, 7.3187992 ], [ 134.5301249, 7.3187992 ], [ 134.5301249, 7.31875428 ], [ 134.53016981, 7.31875428 ], [ 134.53016981, 7.31866445 ], [ 134.5301249, 7.31866445 ], [ 134.530079980000011, 7.31866445 ], [ 134.530079980000011, 7.3185297 ], [ 134.53003507, 7.3185297 ], [ 134.53003507, 7.31843987 ], [ 134.52999015, 7.31843987 ], [ 134.52999015, 7.31839496 ], [ 134.52994523000001, 7.31839496 ], [ 134.52994523000001, 7.31835004 ], [ 134.52990032, 7.31835004 ], [ 134.52990032, 7.31830513 ], [ 134.5298554, 7.31830513 ], [ 134.529675739999988, 7.31830513 ], [ 134.529675739999988, 7.31826021 ], [ 134.529540989999987, 7.31826021 ], [ 134.529540989999987, 7.31835004 ], [ 134.52949608, 7.31835004 ], [ 134.52949608, 7.31839496 ], [ 134.52940625, 7.31839496 ], [ 134.52940625, 7.31835004 ], [ 134.52936133, 7.31835004 ], [ 134.52936133, 7.31830513 ], [ 134.52931641, 7.31830513 ], [ 134.52922658, 7.31830513 ], [ 134.52922658, 7.31826021 ], [ 134.529181670000014, 7.31826021 ], [ 134.529046920000013, 7.31826021 ], [ 134.529046920000013, 7.31812546 ], [ 134.529002, 7.31812546 ], [ 134.529002, 7.3179458 ], [ 134.529046920000013, 7.3179458 ], [ 134.529046920000013, 7.31785597 ], [ 134.529002, 7.31785597 ], [ 134.529002, 7.31781105 ], [ 134.52895709, 7.31781105 ], [ 134.52882234, 7.31781105 ], [ 134.52882234, 7.31776614 ], [ 134.52877743, 7.31776614 ], [ 134.52868759, 7.31776614 ], [ 134.52868759, 7.31772122 ], [ 134.52859776, 7.31772122 ], [ 134.52859776, 7.31781105 ], [ 134.52846301, 7.31781105 ], [ 134.52846301, 7.31776614 ], [ 134.52841810000001, 7.31776614 ], [ 134.52841810000001, 7.31772122 ], [ 134.52846301, 7.31772122 ], [ 134.52846301, 7.3176763 ], [ 134.528507929999989, 7.3176763 ], [ 134.528507929999989, 7.31758647 ], [ 134.52846301, 7.31758647 ], [ 134.52846301, 7.31754156 ], [ 134.52841810000001, 7.31754156 ], [ 134.52841810000001, 7.31749664 ], [ 134.528373179999988, 7.31749664 ], [ 134.528373179999988, 7.31745173 ], [ 134.52828335, 7.31745173 ], [ 134.52828335, 7.31749664 ], [ 134.52823844, 7.31749664 ], [ 134.52823844, 7.31754156 ], [ 134.52819352, 7.31754156 ], [ 134.52819352, 7.31749664 ], [ 134.5281486, 7.31749664 ], [ 134.52810369, 7.31749664 ], [ 134.52810369, 7.31745173 ], [ 134.52805877, 7.31745173 ], [ 134.52805877, 7.31749664 ], [ 134.52796894, 7.31749664 ], [ 134.52796894, 7.31740681 ], [ 134.52792403, 7.31740681 ], [ 134.52792403, 7.31731698 ], [ 134.527879109999986, 7.31731698 ], [ 134.527879109999986, 7.317144396470797 ], [ 134.52751978, 7.317106022729526 ], [ 134.52751978, 7.31718223 ], [ 134.5275647, 7.31718223 ], [ 134.5275647, 7.31713732 ], [ 134.52769945, 7.31713732 ], [ 134.527744360000014, 7.31713732 ], [ 134.527744360000014, 7.31727206 ], [ 134.52769945, 7.31727206 ], [ 134.52769945, 7.31731698 ], [ 134.52760962, 7.31731698 ], [ 134.52760962, 7.31727206 ], [ 134.5275647, 7.31727206 ], [ 134.5275647, 7.31722715 ], [ 134.52747487, 7.31722715 ], [ 134.52747487, 7.31727206 ], [ 134.5272952, 7.31727206 ], [ 134.5272952, 7.31722715 ], [ 134.52734012, 7.31722715 ], [ 134.52734012, 7.31718223 ], [ 134.527385040000013, 7.31718223 ], [ 134.527385040000013, 7.3170924 ], [ 134.527392217368941, 7.3170924 ], [ 134.527250290000012, 7.317077243224515 ], [ 134.527250290000012, 7.3170924 ], [ 134.52720537, 7.3170924 ], [ 134.52720537, 7.31713732 ], [ 134.52716046, 7.31713732 ], [ 134.52716046, 7.31722715 ], [ 134.52720537, 7.31722715 ], [ 134.52720537, 7.31727206 ], [ 134.52716046, 7.31727206 ], [ 134.52716046, 7.31731698 ], [ 134.527115540000011, 7.31731698 ], [ 134.527115540000011, 7.31736189 ], [ 134.52702571, 7.31736189 ], [ 134.52702571, 7.31745173 ], [ 134.52698079000001, 7.31745173 ], [ 134.52698079000001, 7.31749664 ], [ 134.52693588, 7.31749664 ], [ 134.52693588, 7.31754156 ], [ 134.52689096, 7.31754156 ], [ 134.52689096, 7.31763139 ], [ 134.526846049999989, 7.31763139 ], [ 134.526846049999989, 7.3176763 ], [ 134.52689096, 7.3176763 ], [ 134.52689096, 7.31776614 ], [ 134.52698079000001, 7.31776614 ], [ 134.52702571, 7.31776614 ], [ 134.52702571, 7.31781105 ], [ 134.52716046, 7.31781105 ], [ 134.52720537, 7.31781105 ], [ 134.52720537, 7.31785597 ], [ 134.527250290000012, 7.31785597 ], [ 134.527250290000012, 7.3179458 ], [ 134.5272952, 7.3179458 ], [ 134.52734012, 7.3179458 ], [ 134.52734012, 7.31817038 ], [ 134.527385040000013, 7.31817038 ], [ 134.527385040000013, 7.31812546 ], [ 134.52742995, 7.31812546 ], [ 134.52747487, 7.31812546 ], [ 134.52747487, 7.31821529 ], [ 134.52751978, 7.31821529 ], [ 134.52751978, 7.31826021 ], [ 134.5275647, 7.31826021 ], [ 134.52760962, 7.31826021 ], [ 134.52760962, 7.31835004 ], [ 134.52765453, 7.31835004 ], [ 134.52765453, 7.31839496 ], [ 134.52769945, 7.31839496 ], [ 134.52769945, 7.31843987 ], [ 134.52796894, 7.31843987 ], [ 134.528013859999987, 7.31843987 ], [ 134.528013859999987, 7.31848479 ], [ 134.52796894, 7.31848479 ], [ 134.52796894, 7.31861954 ], [ 134.528013859999987, 7.31861954 ], [ 134.528013859999987, 7.31857462 ], [ 134.52805877, 7.31857462 ], [ 134.52805877, 7.31843987 ], [ 134.5281486, 7.31843987 ], [ 134.5281486, 7.31848479 ], [ 134.52823844, 7.31848479 ], [ 134.52828335, 7.31848479 ], [ 134.52828335, 7.3185297 ], [ 134.52832827, 7.3185297 ], [ 134.528373179999988, 7.3185297 ], [ 134.528373179999988, 7.31857462 ], [ 134.52841810000001, 7.31857462 ], [ 134.52846301, 7.31857462 ], [ 134.52846301, 7.31861954 ], [ 134.528507929999989, 7.31861954 ], [ 134.528507929999989, 7.31866445 ], [ 134.528552850000011, 7.31866445 ], [ 134.528552850000011, 7.31870937 ], [ 134.52859776, 7.31870937 ], [ 134.52859776, 7.31875428 ], [ 134.52864268, 7.31875428 ], [ 134.52864268, 7.3187992 ], [ 134.52868759, 7.3187992 ], [ 134.52868759, 7.31884411 ], [ 134.52873251, 7.31884411 ], [ 134.52873251, 7.31888903 ], [ 134.52877743, 7.31888903 ], [ 134.52877743, 7.31893395 ], [ 134.52882234, 7.31893395 ], [ 134.52886726, 7.31893395 ], [ 134.52886726, 7.31902378 ], [ 134.52882234, 7.31902378 ], [ 134.52882234, 7.31906869 ], [ 134.528912170000012, 7.31906869 ], [ 134.52895709, 7.31906869 ], [ 134.52895709, 7.31920344 ], [ 134.529046920000013, 7.31920344 ], [ 134.529046920000013, 7.31915852 ], [ 134.52913675, 7.31915852 ], [ 134.52913675, 7.31911361 ], [ 134.5292715, 7.31911361 ], [ 134.5292715, 7.31906869 ], [ 134.52949608, 7.31906869 ], [ 134.529540989999987, 7.31906869 ], [ 134.529540989999987, 7.31924836 ], [ 134.52972066000001, 7.31924836 ] ] ] } },
{ "type": "Feature", "properties": { "id": "geomorphic_data_verbose.fid-75f8f034_1a0c1004d45_-5aa1", "class_name": "Inner Reef Flat", "area_sqkm": 0.0063806474467758088 }, "geometry": { "type": "Polygon", "coordinates": [ [ [ 134.52734012, 7.31911361 ], [ 134.52734012, 7.31906869 ], [ 134.5272952, 7.31906869 ], [ 134.5272952, 7.31897886 ], [ 134.527250290000012, 7.31897886 ], [ 134.527250290000012, 7.31893395 ], [ 134.52720537, 7.31893395 ], [ 134.52720537, 7.31861954 ], [ 134.52716046, 7.31861954 ], [ 134.52716046, 7.31857462 ], [ 134.527115540000011, 7.31857462 ], [ 134.527115540000011, 7.31835004 ], [ 134.52707063, 7.31835004 ], [ 134.52702571, 7.31835004 ], [ 134.52702571, 7.31830513 ], [ 134.52698079000001, 7.31830513 ], [ 134.52698079000001, 7.31826021 ], [ 134.52693588, 7.31826021 ], [ 134.526846049999989, 7.31826021 ], [ 134.526846049999989, 7.31821529 ], [ 134.52680113, 7.31821529 ], [ 134.52680113, 7.31817038 ], [ 134.52675622000001, 7.31817038 ], [ 134.52675622000001, 7.31812546 ], [ 134.526711299999988, 7.31812546 ], [ 134.526711299999988, 7.31799071 ], [ 134.52666638, 7.31799071 ], [ 134.52662147, 7.31799071 ], [ 134.52662147, 7.31776614 ], [ 134.526576549999987, 7.31776614 ], [ 134.526576549999987, 7.3176763 ], [ 134.52653164, 7.3176763 ], [ 134.52644969444458, 7.3176763 ], [ 134.52635197, 7.317820484902772 ], [ 134.52635197, 7.31785597 ], [ 134.52639689, 7.31785597 ], [ 134.52639689, 7.3179458 ], [ 134.52644181, 7.3179458 ], [ 134.52644181, 7.31808055 ], [ 134.52648672, 7.31808055 ], [ 134.52648672, 7.31812546 ], [ 134.52653164, 7.31812546 ], [ 134.52653164, 7.31821529 ], [ 134.526576549999987, 7.31821529 ], [ 134.526576549999987, 7.31848479 ], [ 134.52662147, 7.31848479 ], [ 134.52662147, 7.31861954 ], [ 134.52666638, 7.31861954 ], [ 134.526711299999988, 7.31861954 ], [ 134.526711299999988, 7.31866445 ], [ 134.52675622000001, 7.31866445 ], [ 134.52675622000001, 7.31870937 ], [ 134.52680113, 7.31870937 ], [ 134.526846049999989, 7.31870937 ], [ 134.526846049999989, 7.31875428 ], [ 134.52689096, 7.31875428 ], [ 134.52689096, 7.3187992 ], [ 134.52693588, 7.3187992 ], [ 134.52693588, 7.31884411 ], [ 134.52698079000001, 7.31884411 ], [ 134.52698079000001, 7.3187992 ], [ 134.52702571, 7.3187992 ], [ 134.52702571, 7.31884411 ], [ 134.52707063, 7.31884411 ], [ 134.52707063, 7.31893395 ], [ 134.527115540000011, 7.31893395 ], [ 134.527115540000011, 7.31897886 ], [ 134.52716046, 7.31897886 ], [ 134.52716046, 7.31902378 ], [ 134.52720537, 7.31902378 ], [ 134.52720537, 7.31906869 ], [ 134.527250290000012, 7.31906869 ], [ 134.527250290000012, 7.31911361 ], [ 134.52734012, 7.31911361 ] ] ] } },
{ "type": "Feature", "properties": { "id": "geomorphic_data_verbose.fid-75f8f034_1a0c1004d45_-55b0", "class_name": "Terrestrial Reef Flat", "area_sqkm": 0.010962884531390387 }, "geometry": { "type": "Polygon", "coordinates": [ [ [ 134.52765453, 7.3193831 ], [ 134.52765453, 7.31933819 ], [ 134.52769945, 7.31933819 ], [ 134.52769945, 7.31924836 ], [ 134.527744360000014, 7.31924836 ], [ 134.527744360000014, 7.31920344 ], [ 134.52783419, 7.31920344 ], [ 134.52783419, 7.31906869 ], [ 134.52778928, 7.31906869 ], [ 134.527744360000014, 7.31906869 ], [ 134.527744360000014, 7.3187992 ], [ 134.52769945, 7.3187992 ], [ 134.52769945, 7.31870937 ], [ 134.527744360000014, 7.31870937 ], [ 134.527744360000014, 7.31866445 ], [ 134.52769945, 7.31866445 ], [ 134.52769945, 7.31839496 ], [ 134.52765453, 7.31839496 ], [ 134.52765453, 7.31835004 ], [ 134.52760962, 7.31835004 ], [ 134.52760962, 7.31826021 ], [ 134.5275647, 7.31826021 ], [ 134.52751978, 7.31826021 ], [ 134.52751978, 7.31821529 ], [ 134.52747487, 7.31821529 ], [ 134.52747487, 7.31812546 ], [ 134.52742995, 7.31812546 ], [ 134.527385040000013, 7.31812546 ], [ 134.527385040000013, 7.31817038 ], [ 134.52734012, 7.31817038 ], [ 134.52734012, 7.3179458 ], [ 134.5272952, 7.3179458 ], [ 134.527250290000012, 7.3179458 ], [ 134.527250290000012, 7.31785597 ], [ 134.52720537, 7.31785597 ], [ 134.52720537, 7.31781105 ], [ 134.52716046, 7.31781105 ], [ 134.52702571, 7.31781105 ], [ 134.52702571, 7.31776614 ], [ 134.52698079000001, 7.31776614 ], [ 134.52689096, 7.31776614 ], [ 134.52689096, 7.3176763 ], [ 134.526846049999989, 7.3176763 ], [ 134.52680113, 7.3176763 ], [ 134.52680113, 7.31758647 ], [ 134.52675622000001, 7.31758647 ], [ 134.526711299999988, 7.31758647 ], [ 134.526711299999988, 7.31754156 ], [ 134.52666638, 7.31754156 ], [ 134.52666638, 7.31758647 ], [ 134.526576549999987, 7.31758647 ], [ 134.526576549999987, 7.31754156 ], [ 134.526541017401485, 7.31754156 ], [ 134.526480133170963, 7.31763139 ], [ 134.52648672, 7.31763139 ], [ 134.52648672, 7.3176763 ], [ 134.52653164, 7.3176763 ], [ 134.526576549999987, 7.3176763 ], [ 134.526576549999987, 7.31776614 ], [ 134.52662147, 7.31776614 ], [ 134.52662147, 7.31799071 ], [ 134.52666638, 7.31799071 ], [ 134.526711299999988, 7.31799071 ], [ 134.526711299999988, 7.31812546 ], [ 134.52675622000001, 7.31812546 ], [ 134.52675622000001, 7.31817038 ], [ 134.52680113, 7.31817038 ], [ 134.52680113, 7.31821529 ], [ 134.526846049999989, 7.31821529 ], [ 134.526846049999989, 7.31826021 ], [ 134.52693588, 7.31826021 ], [ 134.52698079000001, 7.31826021 ], [ 134.52698079000001, 7.31830513 ], [ 134.52702571, 7.31830513 ], [ 134.52702571, 7.31835004 ], [ 134.52707063, 7.31835004 ], [ 134.527115540000011, 7.31835004 ], [ 134.527115540000011, 7.31857462 ], [ 134.52716046, 7.31857462 ], [ 134.52716046, 7.31861954 ], [ 134.52720537, 7.31861954 ], [ 134.52720537, 7.31893395 ], [ 134.527250290000012, 7.31893395 ], [ 134.527250290000012, 7.31897886 ], [ 134.5272952, 7.31897886 ], [ 134.5272952, 7.31906869 ], [ 134.52734012, 7.31906869 ], [ 134.52734012, 7.31911361 ], [ 134.527385040000013, 7.31911361 ], [ 134.527385040000013, 7.31915852 ], [ 134.52742995, 7.31915852 ], [ 134.52747487, 7.31915852 ], [ 134.52747487, 7.31924836 ], [ 134.5275647, 7.31924836 ], [ 134.52760962, 7.31924836 ], [ 134.52760962, 7.3193831 ], [ 134.52765453, 7.3193831 ] ] ] } },
{ "type": "Feature", "properties": { "id": "geomorphic_data_verbose.fid-75f8f034_1a0c1004d45_-52d1", "class_name": "Inner Reef Flat", "area_sqkm": 0.0089427476719766853 }, "geometry": { "type": "Polygon", "coordinates": [ [ [ 134.52846301, 7.31933819 ], [ 134.52846301, 7.31929327 ], [ 134.52859776, 7.31929327 ], [ 134.52859776, 7.31924836 ], [ 134.52868759, 7.31924836 ], [ 134.52868759, 7.31920344 ], [ 134.52882234, 7.31920344 ], [ 134.52882234, 7.31911361 ], [ 134.52886726, 7.31911361 ], [ 134.52886726, 7.31906869 ], [ 134.52882234, 7.31906869 ], [ 134.52882234, 7.31902378 ], [ 134.52886726, 7.31902378 ], [ 134.52886726, 7.31897886 ], [ 134.52882234, 7.31897886 ], [ 134.52882234, 7.31893395 ], [ 134.52877743, 7.31893395 ], [ 134.52877743, 7.31888903 ], [ 134.52873251, 7.31888903 ], [ 134.52873251, 7.31884411 ], [ 134.52868759, 7.31884411 ], [ 134.52868759, 7.3187992 ], [ 134.52864268, 7.3187992 ], [ 134.52864268, 7.31875428 ], [ 134.52859776, 7.31875428 ], [ 134.52859776, 7.31870937 ], [ 134.528552850000011, 7.31870937 ], [ 134.528552850000011, 7.31866445 ], [ 134.528507929999989, 7.31866445 ], [ 134.528507929999989, 7.31861954 ], [ 134.52846301, 7.31861954 ], [ 134.52846301, 7.31857462 ], [ 134.52841810000001, 7.31857462 ], [ 134.528373179999988, 7.31857462 ], [ 134.528373179999988, 7.3185297 ], [ 134.52832827, 7.3185297 ], [ 134.52828335, 7.3185297 ], [ 134.52828335, 7.31848479 ], [ 134.52823844, 7.31848479 ], [ 134.5281486, 7.31848479 ], [ 134.5281486, 7.31843987 ], [ 134.52805877, 7.31843987 ], [ 134.52805877, 7.31857462 ], [ 134.528013859999987, 7.31857462 ], [ 134.528013859999987, 7.31861954 ], [ 134.52796894, 7.31861954 ], [ 134.52796894, 7.31848479 ], [ 134.528013859999987, 7.31848479 ], [ 134.528013859999987, 7.31843987 ], [ 134.52769945, 7.31843987 ], [ 134.52769945, 7.31866445 ], [ 134.527744360000014, 7.31866445 ], [ 134.527744360000014, 7.31870937 ], [ 134.52769945, 7.31870937 ], [ 134.52769945, 7.3187992 ], [ 134.527744360000014, 7.3187992 ], [ 134.527744360000014, 7.31906869 ], [ 134.52778928, 7.31906869 ], [ 134.52783419, 7.31906869 ], [ 134.52783419, 7.31915852 ], [ 134.527879109999986, 7.31915852 ], [ 134.527879109999986, 7.31911361 ], [ 134.52792403, 7.31911361 ], [ 134.52792403, 7.31915852 ], [ 134.52796894, 7.31915852 ], [ 134.52796894, 7.31911361 ], [ 134.528013859999987, 7.31911361 ], [ 134.528013859999987, 7.31920344 ], [ 134.52796894, 7.31920344 ], [ 134.52796894, 7.31924836 ], [ 134.528013859999987, 7.31924836 ], [ 134.528013859999987, 7.31929327 ], [ 134.52805877, 7.31929327 ], [ 134.52810369, 7.31929327 ], [ 134.52810369, 7.31933819 ], [ 134.52846301, 7.31933819 ] ] ] } },
{ "type": "Feature", "properties": { "id": "geomorphic_data_verbose.fid-75f8f034_1a0c1004d45_-52d2", "class_name": "Outer Reef Flat", "area_sqkm": 0.0015027739049619994 }, "geometry": { "type": "Polygon", "coordinates": [ [ [ 134.52603756, 7.3196526 ], [ 134.52603756, 7.31956277 ], [ 134.526217229999986, 7.31956277 ], [ 134.526217229999986, 7.31933819 ], [ 134.52617231, 7.31933819 ], [ 134.52617231, 7.31929327 ], [ 134.5258579, 7.31929327 ], [ 134.5258579, 7.31933819 ], [ 134.525812980000012, 7.31933819 ], [ 134.525812980000012, 7.31960768 ], [ 134.5258579, 7.31960768 ], [ 134.5258579, 7.3196526 ], [ 134.52603756, 7.3196526 ] ] ] } },
{ "type": "Feature", "properties": { "id": "geomorphic_data_verbose.fid-75f8f034_1a0c1004d45_-58e6", "class_name": "Shallow Lagoon", "area_sqkm": 0.0063067233028733169 }, "geometry": { "type": "Polygon", "coordinates": [ [ [ 134.5272952, 7.32001192 ], [ 134.5272952, 7.31996701 ], [ 134.527385040000013, 7.31996701 ], [ 134.527385040000013, 7.31992209 ], [ 134.52742995, 7.31992209 ], [ 134.52742995, 7.31987718 ], [ 134.52747487, 7.31987718 ], [ 134.52747487, 7.31983226 ], [ 134.52751978, 7.31983226 ], [ 134.52751978, 7.31978735 ], [ 134.5275647, 7.31978735 ], [ 134.5275647, 7.3196526 ], [ 134.52751978, 7.3196526 ], [ 134.52751978, 7.31956277 ], [ 134.52747487, 7.31956277 ], [ 134.52747487, 7.31951785 ], [ 134.52751978, 7.31951785 ], [ 134.52751978, 7.31942802 ], [ 134.5275647, 7.31942802 ], [ 134.5275647, 7.31924836 ], [ 134.52751978, 7.31924836 ], [ 134.52747487, 7.31924836 ], [ 134.52747487, 7.31915852 ], [ 134.52742995, 7.31915852 ], [ 134.527385040000013, 7.31915852 ], [ 134.527385040000013, 7.31911361 ], [ 134.52734012, 7.31911361 ], [ 134.527250290000012, 7.31911361 ], [ 134.527250290000012, 7.31906869 ], [ 134.52720537, 7.31906869 ], [ 134.52720537, 7.31902378 ], [ 134.52716046, 7.31902378 ], [ 134.52716046, 7.31897886 ], [ 134.527115540000011, 7.31897886 ], [ 134.527115540000011, 7.31893395 ], [ 134.52702571, 7.31893395 ], [ 134.52702571, 7.31897886 ], [ 134.52698079000001, 7.31897886 ], [ 134.52698079000001, 7.31902378 ], [ 134.52693588, 7.31902378 ], [ 134.52693588, 7.31906869 ], [ 134.52689096, 7.31906869 ], [ 134.52689096, 7.31924836 ], [ 134.526846049999989, 7.31924836 ], [ 134.526846049999989, 7.31933819 ], [ 134.52689096, 7.31933819 ], [ 134.52689096, 7.31951785 ], [ 134.52693588, 7.31951785 ], [ 134.52693588, 7.3196526 ], [ 134.52698079000001, 7.3196526 ], [ 134.52698079000001, 7.31974243 ], [ 134.52702571, 7.31974243 ], [ 134.52702571, 7.31983226 ], [ 134.52707063, 7.31983226 ], [ 134.52707063, 7.31987718 ], [ 134.527115540000011, 7.31987718 ], [ 134.52716046, 7.31987718 ], [ 134.52716046, 7.31996701 ], [ 134.52720537, 7.31996701 ], [ 134.52720537, 7.32001192 ], [ 134.5272952, 7.32001192 ] ] ] } },
{ "type": "Feature", "properties": { "id": "geomorphic_data_verbose.fid-75f8f034_1a0c1004d45_-52a3", "class_name": "Shallow Lagoon", "area_sqkm": 0.00017244933834113181 }, "geometry": { "type": "Polygon", "coordinates": [ [ [ 134.52823844, 7.31987718 ], [ 134.52823844, 7.31974243 ], [ 134.52819352, 7.31974243 ], [ 134.5281486, 7.31974243 ], [ 134.5281486, 7.31978735 ], [ 134.52810369, 7.31978735 ], [ 134.52810369, 7.31983226 ], [ 134.5281486, 7.31983226 ], [ 134.5281486, 7.31987718 ], [ 134.52823844, 7.31987718 ] ] ] } },
{ "type": "Feature", "properties": { "id": "geomorphic_data_verbose.fid-75f8f034_1a0c1004d45_-58e7", "class_name": "Terrestrial Reef Flat", "area_sqkm": 0.00022172044609906151 }, "geometry": { "type": "Polygon", "coordinates": [ [ [ 134.527250290000012, 7.32019159 ], [ 134.527250290000012, 7.32001192 ], [ 134.52720537, 7.32001192 ], [ 134.52720537, 7.31996701 ], [ 134.52716046, 7.31996701 ], [ 134.52716046, 7.32005684 ], [ 134.527115540000011, 7.32005684 ], [ 134.527115540000011, 7.32010176 ], [ 134.52716046, 7.32010176 ], [ 134.52716046, 7.32014667 ], [ 134.52720537, 7.32014667 ], [ 134.52720537, 7.32019159 ], [ 134.527250290000012, 7.32019159 ] ] ] } },
{ "type": "Feature", "properties": { "id": "geomorphic_data_verbose.fid-75f8f034_1a0c1004d45_-58e3", "class_name": "Outer Reef Flat", "area_sqkm": 0.0076370901003465991 }, "geometry": { "type": "MultiPolygon", "coordinates": [ [ [ [ 134.52990032, 7.31749664 ], [ 134.52990032, 7.31736189 ], [ 134.529915709696894, 7.31736189 ], [ 134.529675739999988, 7.317336263041319 ], [ 134.529675739999988, 7.31740681 ], [ 134.52963082, 7.31740681 ], [ 134.52963082, 7.317331465923187 ], [ 134.52958591, 7.317326669872983 ], [ 134.52958591, 7.31745173 ], [ 134.52963082, 7.31745173 ], [ 134.529675739999988, 7.31745173 ], [ 134.529675739999988, 7.31749664 ], [ 134.52990032, 7.31749664 ] ] ], [ [ [ 134.52994523000001, 7.31740681 ], [ 134.53003507, 7.31740681 ], [ 134.53003507, 7.317374636782593 ], [ 134.52994523000001, 7.317365042546332 ], [ 134.52994523000001, 7.31740681 ] ] ] ] } },
{ "type": "Feature", "properties": { "id": "geomorphic_data_verbose.fid-75f8f034_1a0c1004d45_-597c", "class_name": "Inner Reef Flat", "area_sqkm": 0.0011825151847302913 }, "geometry": { "type": "Polygon", "coordinates": [ [ [ 134.530079980000011, 7.31790088 ], [ 134.530079980000011, 7.31758647 ], [ 134.53003507, 7.31758647 ], [ 134.52999015, 7.31758647 ], [ 134.52999015, 7.31763139 ], [ 134.52990032, 7.31763139 ], [ 134.52990032, 7.31749664 ], [ 134.52972066000001, 7.31749664 ], [ 134.52972066000001, 7.31763139 ], [ 134.52976557, 7.31763139 ], [ 134.52976557, 7.31772122 ], [ 134.529810489999988, 7.31772122 ], [ 134.529810489999988, 7.31781105 ], [ 134.5298554, 7.31781105 ], [ 134.5298554, 7.31785597 ], [ 134.52990032, 7.31785597 ], [ 134.52994523000001, 7.31785597 ], [ 134.52994523000001, 7.31790088 ], [ 134.530079980000011, 7.31790088 ] ] ] } },
{ "type": "Feature", "properties": { "id": "geomorphic_data_verbose.fid-75f8f034_1a0c1004d45_-58eb", "class_name": "Terrestrial Reef Flat", "area_sqkm": 2.4635730675887315e-05 }, "geometry": { "type": "Polygon", "coordinates": [ [ [ 134.529810489999988, 7.31776614 ], [ 134.529810489999988, 7.31772122 ], [ 134.52976557, 7.31772122 ], [ 134.52976557, 7.31776614 ], [ 134.529810489999988, 7.31776614 ] ] ] } },
{ "type": "Feature", "properties": { "id": "geomorphic_data_verbose.fid-75f8f034_1a0c1004d45_-597d", "class_name": "Terrestrial Reef Flat", "area_sqkm": 0.00039417152916081252 }, "geometry": { "type": "Polygon", "coordinates": [ [ [ 134.52999015, 7.31803563 ], [ 134.52999015, 7.3179458 ], [ 134.53003507, 7.3179458 ], [ 134.53003507, 7.31790088 ], [ 134.52999015, 7.31790088 ], [ 134.52994523000001, 7.31790088 ], [ 134.52994523000001, 7.31785597 ], [ 134.52990032, 7.31785597 ], [ 134.5298554, 7.31785597 ], [ 134.5298554, 7.31781105 ], [ 134.529810489999988, 7.31781105 ], [ 134.529810489999988, 7.31799071 ], [ 134.5298554, 7.31799071 ], [ 134.5298554, 7.31803563 ], [ 134.52999015, 7.31803563 ] ] ] } },
{ "type": "Feature", "properties": { "id": "geomorphic_data_verbose.fid-75f8f034_1a0c1004d45_-5981", "class_name": "Terrestrial Reef Flat", "area_sqkm": 0.014633607358783949 }, "geometry": { "type": "Polygon", "coordinates": [ [ [ 134.53120288, 7.31920344 ], [ 134.53120288, 7.31906869 ], [ 134.53138254000001, 7.31906869 ], [ 134.53138254000001, 7.31911361 ], [ 134.53142746, 7.31911361 ], [ 134.53142746, 7.31906869 ], [ 134.531472369999989, 7.31906869 ], [ 134.531472369999989, 7.31893395 ], [ 134.5315622, 7.31893395 ], [ 134.5315622, 7.3187992 ], [ 134.531517290000011, 7.3187992 ], [ 134.531517290000011, 7.31875428 ], [ 134.531472369999989, 7.31875428 ], [ 134.531472369999989, 7.31866445 ], [ 134.53142746, 7.31866445 ], [ 134.53142746, 7.31861954 ], [ 134.53138254000001, 7.31861954 ], [ 134.53129271, 7.31861954 ], [ 134.53129271, 7.31857462 ], [ 134.53124779, 7.31857462 ], [ 134.53102321, 7.31857462 ], [ 134.53102321, 7.3185297 ], [ 134.530978299999987, 7.3185297 ], [ 134.53088847, 7.3185297 ], [ 134.53088847, 7.31848479 ], [ 134.530843549999986, 7.31848479 ], [ 134.530843549999986, 7.31843987 ], [ 134.53079863, 7.31843987 ], [ 134.53075372, 7.31843987 ], [ 134.53075372, 7.31839496 ], [ 134.53066389, 7.31839496 ], [ 134.53066389, 7.31843987 ], [ 134.53061897, 7.31843987 ], [ 134.53061897, 7.3185297 ], [ 134.53057406, 7.3185297 ], [ 134.53057406, 7.31861954 ], [ 134.53048422, 7.31861954 ], [ 134.53048422, 7.3185297 ], [ 134.53043931, 7.3185297 ], [ 134.53043931, 7.31843987 ], [ 134.53039439, 7.31843987 ], [ 134.53039439, 7.31835004 ], [ 134.530349480000012, 7.31835004 ], [ 134.530349480000012, 7.31830513 ], [ 134.53030456, 7.31830513 ], [ 134.530214730000012, 7.31830513 ], [ 134.530214730000012, 7.31817038 ], [ 134.53016981, 7.31817038 ], [ 134.53016981, 7.31812546 ], [ 134.5301249, 7.31812546 ], [ 134.530079980000011, 7.31812546 ], [ 134.530079980000011, 7.31808055 ], [ 134.52999015, 7.31808055 ], [ 134.52999015, 7.31812546 ], [ 134.52990032, 7.31812546 ], [ 134.52990032, 7.31808055 ], [ 134.5298554, 7.31808055 ], [ 134.529810489999988, 7.31808055 ], [ 134.529810489999988, 7.31803563 ], [ 134.52976557, 7.31803563 ], [ 134.52963082, 7.31803563 ], [ 134.52963082, 7.31799071 ], [ 134.52958591, 7.31799071 ], [ 134.52958591, 7.31790088 ], [ 134.529540989999987, 7.31790088 ], [ 134.52940625, 7.31790088 ], [ 134.52940625, 7.31781105 ], [ 134.52945116, 7.31781105 ], [ 134.52945116, 7.31776614 ], [ 134.52949608, 7.31776614 ], [ 134.52949608, 7.31772122 ], [ 134.529540989999987, 7.31772122 ], [ 134.529540989999987, 7.31776614 ], [ 134.52958591, 7.31776614 ], [ 134.52963082, 7.31776614 ], [ 134.52963082, 7.31781105 ], [ 134.52972066000001, 7.31781105 ], [ 134.52972066000001, 7.31772122 ], [ 134.52976557, 7.31772122 ], [ 134.52976557, 7.31763139 ], [ 134.52972066000001, 7.31763139 ], [ 134.52972066000001, 7.31749664 ], [ 134.529675739999988, 7.31749664 ], [ 134.529675739999988, 7.31745173 ], [ 134.52958591, 7.31745173 ], [ 134.52958591, 7.31758647 ], [ 134.52963082, 7.31758647 ], [ 134.529675739999988, 7.31758647 ], [ 134.529675739999988, 7.31763139 ], [ 134.52963082, 7.31763139 ], [ 134.52963082, 7.3176763 ], [ 134.52949608, 7.3176763 ], [ 134.52949608, 7.31754156 ], [ 134.529540989999987, 7.31754156 ], [ 134.529540989999987, 7.317321872754849 ], [ 134.52936133, 7.317302686418176 ], [ 134.52936133, 7.31731698 ], [ 134.52931641, 7.31731698 ], [ 134.52931641, 7.317297889300046 ], [ 134.52913675, 7.31727870296337 ], [ 134.52913675, 7.31731698 ], [ 134.529181670000014, 7.31731698 ], [ 134.529181670000014, 7.31745173 ], [ 134.52922658, 7.31745173 ], [ 134.52922658, 7.31740681 ], [ 134.5292715, 7.31740681 ], [ 134.5292715, 7.31754156 ], [ 134.52922658, 7.31754156 ], [ 134.52922658, 7.31758647 ], [ 134.528912170000012, 7.31758647 ], [ 134.528912170000012, 7.31754156 ], [ 134.52886726, 7.31754156 ], [ 134.52886726, 7.31763139 ], [ 134.528912170000012, 7.31763139 ], [ 134.528912170000012, 7.31772122 ], [ 134.52895709, 7.31772122 ], [ 134.529002, 7.31772122 ], [ 134.529002, 7.31776614 ], [ 134.529046920000013, 7.31776614 ], [ 134.529046920000013, 7.31781105 ], [ 134.52909184, 7.31781105 ], [ 134.52909184, 7.3179458 ], [ 134.52913675, 7.3179458 ], [ 134.52913675, 7.31799071 ], [ 134.529181670000014, 7.31799071 ], [ 134.52922658, 7.31799071 ], [ 134.52922658, 7.31803563 ], [ 134.5292715, 7.31803563 ], [ 134.52931641, 7.31803563 ], [ 134.52931641, 7.31821529 ], [ 134.52936133, 7.31821529 ], [ 134.52936133, 7.31835004 ], [ 134.52940625, 7.31835004 ], [ 134.52940625, 7.31839496 ], [ 134.52949608, 7.31839496 ], [ 134.52949608, 7.31835004 ], [ 134.529540989999987, 7.31835004 ], [ 134.529540989999987, 7.31826021 ], [ 134.529675739999988, 7.31826021 ], [ 134.529675739999988, 7.31830513 ], [ 134.5298554, 7.31830513 ], [ 134.52990032, 7.31830513 ], [ 134.52990032, 7.31835004 ], [ 134.52994523000001, 7.31835004 ], [ 134.52994523000001, 7.31839496 ], [ 134.52999015, 7.31839496 ], [ 134.52999015, 7.31843987 ], [ 134.53003507, 7.31843987 ], [ 134.53003507, 7.31848479 ], [ 134.5301249, 7.31848479 ], [ 134.5301249, 7.31843987 ], [ 134.53016981, 7.31843987 ], [ 134.53016981, 7.31848479 ], [ 134.530214730000012, 7.31848479 ], [ 134.530214730000012, 7.31888903 ], [ 134.53025965, 7.31888903 ], [ 134.53030456, 7.31888903 ], [ 134.53030456, 7.31893395 ], [ 134.53025965, 7.31893395 ], [ 134.53025965, 7.31897886 ], [ 134.53030456, 7.31897886 ], [ 134.530349480000012, 7.31897886 ], [ 134.530349480000012, 7.31902378 ], [ 134.53043931, 7.31902378 ], [ 134.53043931, 7.31897886 ], [ 134.53052914, 7.31897886 ], [ 134.53052914, 7.31893395 ], [ 134.53061897, 7.31893395 ], [ 134.53061897, 7.31884411 ], [ 134.530708800000014, 7.31884411 ], [ 134.530708800000014, 7.3187992 ], [ 134.53075372, 7.3187992 ], [ 134.53075372, 7.31870937 ], [ 134.530843549999986, 7.31870937 ], [ 134.530843549999986, 7.31875428 ], [ 134.53093338, 7.31875428 ], [ 134.530978299999987, 7.31875428 ], [ 134.530978299999987, 7.3187992 ], [ 134.53106813, 7.3187992 ], [ 134.53111304, 7.3187992 ], [ 134.53111304, 7.31920344 ], [ 134.53120288, 7.31920344 ] ] ] } },
{ "type": "Feature", "properties": { "id": "geomorphic_data_verbose.fid-75f8f034_1a0c1004d45_-5c27", "class_name": "Outer Reef Flat", "area_sqkm": 2.4635665471199902e-05 }, "geometry": { "type": "Polygon", "coordinates": [ [ [ 134.52886726, 7.31897886 ], [ 134.52886726, 7.31893395 ], [ 134.52882234, 7.31893395 ], [ 134.52882234, 7.31897886 ], [ 134.52886726, 7.31897886 ] ] ] } },
{ "type": "Feature", "properties": { "id": "geomorphic_data_verbose.fid-75f8f034_1a0c1004d45_-52a4", "class_name": "Terrestrial Reef Flat", "area_sqkm": 0.019265023181243335 }, "geometry": { "type": "Polygon", "coordinates": [ [ [ 134.530349480000012, 7.32140431 ], [ 134.530349480000012, 7.3213594 ], [ 134.53039439, 7.3213594 ], [ 134.53039439, 7.32131448 ], [ 134.530349480000012, 7.32131448 ], [ 134.530349480000012, 7.32117973 ], [ 134.53030456, 7.32117973 ], [ 134.530214730000012, 7.32117973 ], [ 134.530214730000012, 7.32122465 ], [ 134.5301249, 7.32122465 ], [ 134.5301249, 7.32104499 ], [ 134.530079980000011, 7.32104499 ], [ 134.530079980000011, 7.32100007 ], [ 134.53003507, 7.32100007 ], [ 134.52990032, 7.32100007 ], [ 134.52990032, 7.32091024 ], [ 134.52999015, 7.32091024 ], [ 134.52999015, 7.32082041 ], [ 134.53016981, 7.32082041 ], [ 134.53016981, 7.32073058 ], [ 134.5301249, 7.32073058 ], [ 134.5301249, 7.32064074 ], [ 134.530079980000011, 7.32064074 ], [ 134.52994523000001, 7.32064074 ], [ 134.52994523000001, 7.32059583 ], [ 134.52990032, 7.32059583 ], [ 134.52990032, 7.32055091 ], [ 134.5298554, 7.32055091 ], [ 134.5298554, 7.32041617 ], [ 134.529810489999988, 7.32041617 ], [ 134.529810489999988, 7.32037125 ], [ 134.52976557, 7.32037125 ], [ 134.52976557, 7.32032633 ], [ 134.52972066000001, 7.32032633 ], [ 134.52972066000001, 7.32028142 ], [ 134.529675739999988, 7.32028142 ], [ 134.529675739999988, 7.3202365 ], [ 134.52963082, 7.3202365 ], [ 134.52963082, 7.32019159 ], [ 134.52958591, 7.32019159 ], [ 134.52958591, 7.32010176 ], [ 134.52963082, 7.32010176 ], [ 134.52963082, 7.32001192 ], [ 134.52958591, 7.32001192 ], [ 134.52958591, 7.31992209 ], [ 134.52949608, 7.31992209 ], [ 134.52949608, 7.32005684 ], [ 134.52945116, 7.32005684 ], [ 134.52945116, 7.32001192 ], [ 134.52940625, 7.32001192 ], [ 134.52940625, 7.31996701 ], [ 134.52936133, 7.31996701 ], [ 134.529181670000014, 7.31996701 ], [ 134.529181670000014, 7.31987718 ], [ 134.52913675, 7.31987718 ], [ 134.52913675, 7.31983226 ], [ 134.52909184, 7.31983226 ], [ 134.52895709, 7.31983226 ], [ 134.52895709, 7.31978735 ], [ 134.528912170000012, 7.31978735 ], [ 134.528912170000012, 7.31987718 ], [ 134.52895709, 7.31987718 ], [ 134.52895709, 7.31996701 ], [ 134.529002, 7.31996701 ], [ 134.529002, 7.32001192 ], [ 134.52913675, 7.32001192 ], [ 134.529181670000014, 7.32001192 ], [ 134.529181670000014, 7.32019159 ], [ 134.52922658, 7.32019159 ], [ 134.52922658, 7.3202365 ], [ 134.52913675, 7.3202365 ], [ 134.52913675, 7.32019159 ], [ 134.52909184, 7.32019159 ], [ 134.52909184, 7.3202365 ], [ 134.529046920000013, 7.3202365 ], [ 134.529046920000013, 7.32046108 ], [ 134.529002, 7.32046108 ], [ 134.529002, 7.32041617 ], [ 134.52895709, 7.32041617 ], [ 134.52895709, 7.3202365 ], [ 134.528912170000012, 7.3202365 ], [ 134.528912170000012, 7.32019159 ], [ 134.52886726, 7.32019159 ], [ 134.52886726, 7.32014667 ], [ 134.52882234, 7.32014667 ], [ 134.52882234, 7.32010176 ], [ 134.52877743, 7.32010176 ], [ 134.52877743, 7.32001192 ], [ 134.52873251, 7.32001192 ], [ 134.52864268, 7.32001192 ], [ 134.52864268, 7.31996701 ], [ 134.52859776, 7.31996701 ], [ 134.528507929999989, 7.31996701 ], [ 134.528507929999989, 7.31992209 ], [ 134.52846301, 7.31992209 ], [ 134.52841810000001, 7.31992209 ], [ 134.52841810000001, 7.31987718 ], [ 134.528373179999988, 7.31987718 ], [ 134.528373179999988, 7.31983226 ], [ 134.52823844, 7.31983226 ], [ 134.52823844, 7.32005684 ], [ 134.52819352, 7.32005684 ], [ 134.52819352, 7.32014667 ], [ 134.5281486, 7.32014667 ], [ 134.5281486, 7.32019159 ], [ 134.52810369, 7.32019159 ], [ 134.52810369, 7.3202365 ], [ 134.52805877, 7.3202365 ], [ 134.52805877, 7.32028142 ], [ 134.528013859999987, 7.32028142 ], [ 134.528013859999987, 7.32037125 ], [ 134.52810369, 7.32037125 ], [ 134.5281486, 7.32037125 ], [ 134.5281486, 7.32041617 ], [ 134.52819352, 7.32041617 ], [ 134.52819352, 7.32046108 ], [ 134.52846301, 7.32046108 ], [ 134.528507929999989, 7.32046108 ], [ 134.528507929999989, 7.320506 ], [ 134.528552850000011, 7.320506 ], [ 134.528552850000011, 7.32059583 ], [ 134.52859776, 7.32059583 ], [ 134.52859776, 7.32064074 ], [ 134.52864268, 7.32064074 ], [ 134.52864268, 7.32086532 ], [ 134.52873251, 7.32086532 ], [ 134.52873251, 7.32082041 ], [ 134.52877743, 7.32082041 ], [ 134.52877743, 7.32068566 ], [ 134.52882234, 7.32068566 ], [ 134.52882234, 7.32077549 ], [ 134.52886726, 7.32077549 ], [ 134.52886726, 7.32091024 ], [ 134.52882234, 7.32091024 ], [ 134.52882234, 7.32086532 ], [ 134.52877743, 7.32086532 ], [ 134.52877743, 7.32095516 ], [ 134.52882234, 7.32095516 ], [ 134.52886726, 7.32095516 ], [ 134.52886726, 7.32100007 ], [ 134.529002, 7.32100007 ], [ 134.529002, 7.32095516 ], [ 134.529046920000013, 7.32095516 ], [ 134.529046920000013, 7.32091024 ], [ 134.52913675, 7.32091024 ], [ 134.52913675, 7.32077549 ], [ 134.529181670000014, 7.32077549 ], [ 134.529181670000014, 7.32073058 ], [ 134.52922658, 7.32073058 ], [ 134.52922658, 7.32082041 ], [ 134.529181670000014, 7.32082041 ], [ 134.529181670000014, 7.32095516 ], [ 134.52922658, 7.32095516 ], [ 134.52922658, 7.32104499 ], [ 134.5292715, 7.32104499 ], [ 134.5292715, 7.3210899 ], [ 134.52940625, 7.3210899 ], [ 134.52940625, 7.32100007 ], [ 134.52945116, 7.32100007 ], [ 134.52945116, 7.32086532 ], [ 134.52940625, 7.32086532 ], [ 134.52936133, 7.32086532 ], [ 134.52936133, 7.32091024 ], [ 134.52931641, 7.32091024 ], [ 134.52931641, 7.32073058 ], [ 134.52945116, 7.32073058 ], [ 134.52945116, 7.32077549 ], [ 134.52949608, 7.32077549 ], [ 134.529540989999987, 7.32077549 ], [ 134.529540989999987, 7.32100007 ], [ 134.52958591, 7.32100007 ], [ 134.52958591, 7.32104499 ], [ 134.52963082, 7.32104499 ], [ 134.52963082, 7.32113482 ], [ 134.52958591, 7.32113482 ], [ 134.52958591, 7.32122465 ], [ 134.52963082, 7.32122465 ], [ 134.529675739999988, 7.32122465 ], [ 134.529675739999988, 7.32126957 ], [ 134.52972066000001, 7.32126957 ], [ 134.52976557, 7.32126957 ], [ 134.52976557, 7.3213594 ], [ 134.52999015, 7.3213594 ], [ 134.53003507, 7.3213594 ], [ 134.53003507, 7.32140431 ], [ 134.530349480000012, 7.32140431 ] ] ] } },
{ "type": "Feature", "properties": { "id": "geomorphic_data_verbose.fid-75f8f034_1a0c1004d45_-52d0", "class_name": "Outer Reef Flat", "area_sqkm": 9.8542231928557163e-05 }, "geometry": { "type": "Polygon", "coordinates": [ [ [ 134.52990032, 7.32100007 ], [ 134.52999015, 7.32100007 ], [ 134.52999015, 7.32091024 ], [ 134.52990032, 7.32091024 ], [ 134.52990032, 7.32100007 ] ] ] } },
{ "type": "Feature", "properties": { "id": "geomorphic_data_verbose.fid-75f8f034_1a0c1004d45_-52df", "class_name": "Terrestrial Reef Flat", "area_sqkm": 2.4635554358828814e-05 }, "geometry": { "type": "Polygon", "coordinates": [ [ [ 134.52913675, 7.32104499 ], [ 134.52913675, 7.32100007 ], [ 134.52909184, 7.32100007 ], [ 134.52909184, 7.32104499 ], [ 134.52913675, 7.32104499 ] ] ] } },
{ "type": "Feature", "properties": { "id": "geomorphic_data_verbose.fid-75f8f034_1a0c1004d45_-58e8", "class_name": "Terrestrial Reef Flat", "area_sqkm": 4.9271103902719914e-05 }, "geometry": { "type": "Polygon", "coordinates": [ [ [ 134.529002, 7.3210899 ], [ 134.529002, 7.32104499 ], [ 134.528912170000012, 7.32104499 ], [ 134.528912170000012, 7.3210899 ], [ 134.529002, 7.3210899 ] ] ] } },
{ "type": "Feature", "properties": { "id": "geomorphic_data_verbose.fid-75f8f034_1a0c1004d45_-58e0", "class_name": "Back Reef Slope", "area_sqkm": 0.028946951652036979 }, "geometry": { "type": "Polygon", "coordinates": [ [ [ 134.52554349, 7.32302128 ], [ 134.52554349, 7.3227967 ], [ 134.52549857, 7.3227967 ], [ 134.52549857, 7.32257212 ], [ 134.525453660000011, 7.32257212 ], [ 134.525453660000011, 7.32239246 ], [ 134.525408739999989, 7.32239246 ], [ 134.525408739999989, 7.32225771 ], [ 134.52536383, 7.32225771 ], [ 134.52531891000001, 7.32225771 ], [ 134.52531891000001, 7.3222128 ], [ 134.525274, 7.3222128 ], [ 134.525274, 7.32207805 ], [ 134.52522908, 7.32207805 ], [ 134.52522908, 7.32158398 ], [ 134.525274, 7.32158398 ], [ 134.525274, 7.32149414 ], [ 134.52522908, 7.32149414 ], [ 134.52522908, 7.3213594 ], [ 134.52518416, 7.3213594 ], [ 134.52518416, 7.32131448 ], [ 134.52522908, 7.32131448 ], [ 134.52522908, 7.32126957 ], [ 134.525274, 7.32126957 ], [ 134.525274, 7.32117973 ], [ 134.52522908, 7.32117973 ], [ 134.52522908, 7.32104499 ], [ 134.52518416, 7.32104499 ], [ 134.52518416, 7.32095516 ], [ 134.52513925, 7.32095516 ], [ 134.52513925, 7.32082041 ], [ 134.52518416, 7.32082041 ], [ 134.52518416, 7.32073058 ], [ 134.52513925, 7.32073058 ], [ 134.52513925, 7.32068566 ], [ 134.52518416, 7.32068566 ], [ 134.52518416, 7.32055091 ], [ 134.52513925, 7.32055091 ], [ 134.52513925, 7.320506 ], [ 134.52509433, 7.320506 ], [ 134.52509433, 7.32046108 ], [ 134.525049419999988, 7.32046108 ], [ 134.525049419999988, 7.3202365 ], [ 134.5250045, 7.3202365 ], [ 134.5250045, 7.32019159 ], [ 134.52495959, 7.32019159 ], [ 134.52495959, 7.319874834516161 ], [ 134.524779919999986, 7.320139923784237 ], [ 134.524779919999986, 7.32019159 ], [ 134.52482484, 7.32019159 ], [ 134.52482484, 7.32028142 ], [ 134.52486975, 7.32028142 ], [ 134.52486975, 7.32037125 ], [ 134.52482484, 7.32037125 ], [ 134.52482484, 7.320506 ], [ 134.52486975, 7.320506 ], [ 134.52486975, 7.32068566 ], [ 134.524914669999987, 7.32068566 ], [ 134.524914669999987, 7.32077549 ], [ 134.52495959, 7.32077549 ], [ 134.52495959, 7.32086532 ], [ 134.5250045, 7.32086532 ], [ 134.5250045, 7.32113482 ], [ 134.525049419999988, 7.32113482 ], [ 134.525049419999988, 7.3213594 ], [ 134.52509433, 7.3213594 ], [ 134.52509433, 7.32144923 ], [ 134.52513925, 7.32144923 ], [ 134.52513925, 7.32180855 ], [ 134.52518416, 7.32180855 ], [ 134.52518416, 7.32189839 ], [ 134.52509433, 7.32189839 ], [ 134.52509433, 7.32198822 ], [ 134.52513925, 7.32198822 ], [ 134.52513925, 7.32212297 ], [ 134.52518416, 7.32212297 ], [ 134.52518416, 7.32230263 ], [ 134.52531891000001, 7.32230263 ], [ 134.52536383, 7.32230263 ], [ 134.52536383, 7.32243738 ], [ 134.52531891000001, 7.32243738 ], [ 134.52531891000001, 7.32252721 ], [ 134.52536383, 7.32252721 ], [ 134.52536383, 7.32266195 ], [ 134.52531891000001, 7.32266195 ], [ 134.52531891000001, 7.3227967 ], [ 134.52536383, 7.3227967 ], [ 134.52536383, 7.32284162 ], [ 134.525453660000011, 7.32284162 ], [ 134.52549857, 7.32284162 ], [ 134.52549857, 7.32302128 ], [ 134.52554349, 7.32302128 ] ], [ [ 134.525408739999989, 7.32243738 ], [ 134.525408739999989, 7.32248229 ], [ 134.52536383, 7.32248229 ], [ 134.52536383, 7.32243738 ], [ 134.525408739999989, 7.32243738 ] ] ] } },
{ "type": "Feature", "properties": { "id": "geomorphic_data_verbose.fid-75f8f034_1a0c1004d45_-5aa0", "class_name": "Outer Reef Flat", "area_sqkm": 0.029636665182102007 }, "geometry": { "type": "Polygon", "coordinates": [ [ [ 134.52572315, 7.32427892 ], [ 134.52572315, 7.32423401 ], [ 134.52567824, 7.32423401 ], [ 134.52567824, 7.32418909 ], [ 134.52563332, 7.32418909 ], [ 134.52563332, 7.32414417 ], [ 134.525588410000012, 7.32414417 ], [ 134.525588410000012, 7.32405434 ], [ 134.52554349, 7.32405434 ], [ 134.52554349, 7.32387468 ], [ 134.525588410000012, 7.32387468 ], [ 134.525588410000012, 7.32378485 ], [ 134.52563332, 7.32378485 ], [ 134.52563332, 7.32347044 ], [ 134.52567824, 7.32347044 ], [ 134.52567824, 7.32329077 ], [ 134.52572315, 7.32329077 ], [ 134.52572315, 7.32311111 ], [ 134.52567824, 7.32311111 ], [ 134.52563332, 7.32311111 ], [ 134.52563332, 7.32252721 ], [ 134.525588410000012, 7.32252721 ], [ 134.525588410000012, 7.32243738 ], [ 134.52563332, 7.32243738 ], [ 134.52563332, 7.32239246 ], [ 134.52567824, 7.32239246 ], [ 134.52567824, 7.32230263 ], [ 134.52576807, 7.32230263 ], [ 134.52576807, 7.32203313 ], [ 134.52572315, 7.32203313 ], [ 134.52572315, 7.32198822 ], [ 134.52567824, 7.32198822 ], [ 134.52567824, 7.3219433 ], [ 134.52563332, 7.3219433 ], [ 134.52563332, 7.32189839 ], [ 134.525588410000012, 7.32189839 ], [ 134.525588410000012, 7.3219433 ], [ 134.52549857, 7.3219433 ], [ 134.52549857, 7.32189839 ], [ 134.525453660000011, 7.32189839 ], [ 134.525453660000011, 7.32185347 ], [ 134.525408739999989, 7.32185347 ], [ 134.525408739999989, 7.32198822 ], [ 134.52531891000001, 7.32198822 ], [ 134.52531891000001, 7.32144923 ], [ 134.525408739999989, 7.32144923 ], [ 134.525408739999989, 7.32140431 ], [ 134.525453660000011, 7.32140431 ], [ 134.525453660000011, 7.32126957 ], [ 134.525408739999989, 7.32126957 ], [ 134.525408739999989, 7.32122465 ], [ 134.52536383, 7.32122465 ], [ 134.52536383, 7.3210899 ], [ 134.525408739999989, 7.3210899 ], [ 134.525408739999989, 7.32104499 ], [ 134.52536383, 7.32104499 ], [ 134.52536383, 7.32095516 ], [ 134.52531891000001, 7.32095516 ], [ 134.52531891000001, 7.32064074 ], [ 134.525274, 7.32064074 ], [ 134.525274, 7.32028142 ], [ 134.52531891000001, 7.32028142 ], [ 134.52531891000001, 7.3202365 ], [ 134.525274, 7.3202365 ], [ 134.525274, 7.32019159 ], [ 134.52522908, 7.32019159 ], [ 134.52522908, 7.32010176 ], [ 134.52518416, 7.32010176 ], [ 134.52518416, 7.32001192 ], [ 134.52513925, 7.32001192 ], [ 134.52509433, 7.32001192 ], [ 134.52509433, 7.31996701 ], [ 134.52513925, 7.31996701 ], [ 134.52513925, 7.31992209 ], [ 134.52518416, 7.31992209 ], [ 134.52518416, 7.31996701 ], [ 134.525274, 7.31996701 ], [ 134.525274, 7.31974243 ], [ 134.52522908, 7.31974243 ], [ 134.52522908, 7.3196526 ], [ 134.52518416, 7.3196526 ], [ 134.52518416, 7.319543498751011 ], [ 134.52495959, 7.319874834516161 ], [ 134.52495959, 7.32019159 ], [ 134.5250045, 7.32019159 ], [ 134.5250045, 7.3202365 ], [ 134.525049419999988, 7.3202365 ], [ 134.525049419999988, 7.32046108 ], [ 134.52509433, 7.32046108 ], [ 134.52509433, 7.320506 ], [ 134.52513925, 7.320506 ], [ 134.52513925, 7.32055091 ], [ 134.52518416, 7.32055091 ], [ 134.52518416, 7.32068566 ], [ 134.52513925, 7.32068566 ], [ 134.52513925, 7.32073058 ], [ 134.52518416, 7.32073058 ], [ 134.52518416, 7.32082041 ], [ 134.52513925, 7.32082041 ], [ 134.52513925, 7.32095516 ], [ 134.52518416, 7.32095516 ], [ 134.52518416, 7.32104499 ], [ 134.52522908, 7.32104499 ], [ 134.52522908, 7.32117973 ], [ 134.525274, 7.32117973 ], [ 134.525274, 7.32126957 ], [ 134.52522908, 7.32126957 ], [ 134.52522908, 7.32131448 ], [ 134.52518416, 7.32131448 ], [ 134.52518416, 7.3213594 ], [ 134.52522908, 7.3213594 ], [ 134.52522908, 7.32149414 ], [ 134.525274, 7.32149414 ], [ 134.525274, 7.32158398 ], [ 134.52522908, 7.32158398 ], [ 134.52522908, 7.32207805 ], [ 134.525274, 7.32207805 ], [ 134.525274, 7.3222128 ], [ 134.52531891000001, 7.3222128 ], [ 134.52531891000001, 7.32225771 ], [ 134.52536383, 7.32225771 ], [ 134.525408739999989, 7.32225771 ], [ 134.525408739999989, 7.32239246 ], [ 134.525453660000011, 7.32239246 ], [ 134.525453660000011, 7.32257212 ], [ 134.52549857, 7.32257212 ], [ 134.52549857, 7.3227967 ], [ 134.52554349, 7.3227967 ], [ 134.52554349, 7.32302128 ], [ 134.52549857, 7.32302128 ], [ 134.52549857, 7.32329077 ], [ 134.525453660000011, 7.32329077 ], [ 134.525453660000011, 7.32351535 ], [ 134.525408739999989, 7.32351535 ], [ 134.525408739999989, 7.32356027 ], [ 134.525453660000011, 7.32356027 ], [ 134.525453660000011, 7.3236501 ], [ 134.525408739999989, 7.3236501 ], [ 134.525408739999989, 7.32373993 ], [ 134.52536383, 7.32373993 ], [ 134.52536383, 7.32378485 ], [ 134.52531891000001, 7.32378485 ], [ 134.52531891000001, 7.32382976 ], [ 134.52522908, 7.32382976 ], [ 134.52522908, 7.3239196 ], [ 134.525274, 7.3239196 ], [ 134.525274, 7.32396451 ], [ 134.52531891000001, 7.32396451 ], [ 134.52531891000001, 7.32405434 ], [ 134.525453660000011, 7.32405434 ], [ 134.52549857, 7.32405434 ], [ 134.52549857, 7.32414417 ], [ 134.52554349, 7.32414417 ], [ 134.52554349, 7.32427892 ], [ 134.52572315, 7.32427892 ] ], [ [ 134.525453660000011, 7.32234754 ], [ 134.52549857, 7.32234754 ], [ 134.52549857, 7.32239246 ], [ 134.525453660000011, 7.32239246 ], [ 134.525453660000011, 7.32234754 ] ] ] } },
{ "type": "Feature", "properties": { "id": "geomorphic_data_verbose.fid-75f8f034_1a0c1004d45_-5cae", "class_name": "Deep Lagoon", "area_sqkm": 0.00029562611960666252 }, "geometry": { "type": "Polygon", "coordinates": [ [ [ 134.525408739999989, 7.32198822 ], [ 134.525408739999989, 7.32176364 ], [ 134.52536383, 7.32176364 ], [ 134.52536383, 7.32167381 ], [ 134.52531891000001, 7.32167381 ], [ 134.52531891000001, 7.32198822 ], [ 134.525408739999989, 7.32198822 ] ] ] } },
{ "type": "Feature", "properties": { "id": "geomorphic_data_verbose.fid-75f8f034_1a0c1004d45_-5aa4", "class_name": "Deep Lagoon", "area_sqkm": 2.4635481893550604e-05 }, "geometry": { "type": "Polygon", "coordinates": [ [ [ 134.52549857, 7.32239246 ], [ 134.52549857, 7.32234754 ], [ 134.525453660000011, 7.32234754 ], [ 134.525453660000011, 7.32239246 ], [ 134.52549857, 7.32239246 ] ] ] } },
{ "type": "Feature", "properties": { "id": "geomorphic_data_verbose.fid-75f8f034_1a0c1004d45_-52d9", "class_name": "Deep Lagoon", "area_sqkm": 0.0033996847055763938 }, "geometry": { "type": "Polygon", "coordinates": [ [ [ 134.52549857, 7.32459333 ], [ 134.52549857, 7.32454842 ], [ 134.52554349, 7.32454842 ], [ 134.52554349, 7.32441367 ], [ 134.525588410000012, 7.32441367 ], [ 134.525588410000012, 7.32436875 ], [ 134.52554349, 7.32436875 ], [ 134.52554349, 7.32427892 ], [ 134.52549857, 7.32427892 ], [ 134.52549857, 7.32414417 ], [ 134.525453660000011, 7.32414417 ], [ 134.525453660000011, 7.32405434 ], [ 134.525408739999989, 7.32405434 ], [ 134.52531891000001, 7.32405434 ], [ 134.52531891000001, 7.32396451 ], [ 134.525274, 7.32396451 ], [ 134.525274, 7.3239196 ], [ 134.52522908, 7.3239196 ], [ 134.52522908, 7.32382976 ], [ 134.52531891000001, 7.32382976 ], [ 134.52531891000001, 7.32378485 ], [ 134.52536383, 7.32378485 ], [ 134.52536383, 7.32373993 ], [ 134.525408739999989, 7.32373993 ], [ 134.525408739999989, 7.3236501 ], [ 134.525453660000011, 7.3236501 ], [ 134.525453660000011, 7.32356027 ], [ 134.525408739999989, 7.32356027 ], [ 134.525408739999989, 7.32351535 ], [ 134.525453660000011, 7.32351535 ], [ 134.525453660000011, 7.32329077 ], [ 134.52549857, 7.32329077 ], [ 134.52549857, 7.32302128 ], [ 134.525453660000011, 7.32302128 ], [ 134.525453660000011, 7.32320094 ], [ 134.52536383, 7.32320094 ], [ 134.52536383, 7.32324586 ], [ 134.52531891000001, 7.32324586 ], [ 134.52531891000001, 7.32329077 ], [ 134.52536383, 7.32329077 ], [ 134.52536383, 7.32333569 ], [ 134.525408739999989, 7.32333569 ], [ 134.525408739999989, 7.32338061 ], [ 134.52536383, 7.32338061 ], [ 134.52536383, 7.32342552 ], [ 134.52531891000001, 7.32342552 ], [ 134.52531891000001, 7.32347044 ], [ 134.52518416, 7.32347044 ], [ 134.52518416, 7.32356027 ], [ 134.52509433, 7.32356027 ], [ 134.52509433, 7.32360519 ], [ 134.525049419999988, 7.32360519 ], [ 134.525049419999988, 7.3236501 ], [ 134.52509433, 7.3236501 ], [ 134.52513925, 7.3236501 ], [ 134.52513925, 7.32369502 ], [ 134.52518416, 7.32369502 ], [ 134.52518416, 7.32400943 ], [ 134.52522908, 7.32400943 ], [ 134.52522908, 7.32409926 ], [ 134.5250045, 7.32409926 ], [ 134.5250045, 7.32423401 ], [ 134.52509433, 7.32423401 ], [ 134.52509433, 7.32418909 ], [ 134.525274, 7.32418909 ], [ 134.52531891000001, 7.32418909 ], [ 134.52531891000001, 7.32445858 ], [ 134.525274, 7.32445858 ], [ 134.525274, 7.32454842 ], [ 134.52531891000001, 7.32454842 ], [ 134.52531891000001, 7.32459333 ], [ 134.52549857, 7.32459333 ] ], [ [ 134.52522908, 7.32356027 ], [ 134.52522908, 7.32360519 ], [ 134.525274, 7.32360519 ], [ 134.525274, 7.32356027 ], [ 134.52531891000001, 7.32356027 ], [ 134.52536383, 7.32356027 ], [ 134.52536383, 7.32360519 ], [ 134.52531891000001, 7.32360519 ], [ 134.52531891000001, 7.3236501 ], [ 134.52536383, 7.3236501 ], [ 134.52536383, 7.32369502 ], [ 134.52531891000001, 7.32369502 ], [ 134.52531891000001, 7.32373993 ], [ 134.525274, 7.32373993 ], [ 134.525274, 7.3236501 ], [ 134.52522908, 7.3236501 ], [ 134.52518416, 7.3236501 ], [ 134.52518416, 7.32356027 ], [ 134.52522908, 7.32356027 ] ] ] } },
{ "type": "Feature", "properties": { "id": "geomorphic_data_verbose.fid-75f8f034_1a0c1004d45_-52d8", "class_name": "Deep Lagoon", "area_sqkm": 0.013081398073191289 }, "geometry": { "type": "MultiPolygon", "coordinates": [ [ [ [ 134.52199514, 7.32436875 ], [ 134.521950229999987, 7.32436875 ], [ 134.521950229999987, 7.32441367 ], [ 134.52190531, 7.32441367 ], [ 134.52190531, 7.324381189776374 ], [ 134.5218604, 7.32444745102769 ], [ 134.5218604, 7.32445858 ], [ 134.521852857097684, 7.32445858 ], [ 134.521815479999987, 7.324513727033291 ], [ 134.521815479999987, 7.32459333 ], [ 134.52190531, 7.32459333 ], [ 134.52190531, 7.32454842 ], [ 134.52204006, 7.32454842 ], [ 134.52204006, 7.3245035 ], [ 134.522084979999988, 7.3245035 ], [ 134.522084979999988, 7.32445858 ], [ 134.52212989, 7.32445858 ], [ 134.52212989, 7.3245035 ], [ 134.52217481, 7.3245035 ], [ 134.52217481, 7.32432384 ], [ 134.52212989, 7.32432384 ], [ 134.52204006, 7.32432384 ], [ 134.52204006, 7.32427892 ], [ 134.522084979999988, 7.32427892 ], [ 134.522084979999988, 7.32423401 ], [ 134.52217481, 7.32423401 ], [ 134.52217481, 7.32414417 ], [ 134.52239939, 7.32414417 ], [ 134.52239939, 7.32409926 ], [ 134.522444299999989, 7.32409926 ], [ 134.522444299999989, 7.32396451 ], [ 134.52239939, 7.32396451 ], [ 134.52235447000001, 7.32396451 ], [ 134.52235447000001, 7.3239196 ], [ 134.52230956, 7.3239196 ], [ 134.52230956, 7.323784749988946 ], [ 134.52199514, 7.324248652519457 ], [ 134.52199514, 7.32436875 ] ] ], [ [ [ 134.52239939, 7.32373993 ], [ 134.52239939, 7.32369502 ], [ 134.522489220000011, 7.32369502 ], [ 134.522489220000011, 7.32360519 ], [ 134.52253413, 7.32360519 ], [ 134.52253413, 7.32356027 ], [ 134.52257905, 7.32356027 ], [ 134.52257905, 7.32360519 ], [ 134.52266888, 7.32360519 ], [ 134.52266888, 7.32347044 ], [ 134.522623970000012, 7.32347044 ], [ 134.52257905, 7.32347044 ], [ 134.52257905, 7.32351535 ], [ 134.52249215168456, 7.32351535 ], [ 134.522339937719437, 7.32373993 ], [ 134.52239939, 7.32373993 ] ] ] ] } },
{ "type": "Feature", "properties": { "id": "geomorphic_data_verbose.fid-75f8f034_1a0c1004d45_-5aa5", "class_name": "Terrestrial Reef Flat", "area_sqkm": 4.9270777708850804e-05 }, "geometry": { "type": "Polygon", "coordinates": [ [ [ 134.52549857, 7.32414417 ], [ 134.52549857, 7.32405434 ], [ 134.525453660000011, 7.32405434 ], [ 134.525453660000011, 7.32414417 ], [ 134.52549857, 7.32414417 ] ] ] } },
{ "type": "Feature", "properties": { "id": "geomorphic_data_verbose.fid-75f8f034_1a0c1004d45_-52dd", "class_name": "Terrestrial Reef Flat", "area_sqkm": 7.39061483941041e-05 }, "geometry": { "type": "Polygon", "coordinates": [ [ [ 134.52554349, 7.32427892 ], [ 134.52554349, 7.32414417 ], [ 134.52549857, 7.32414417 ], [ 134.52549857, 7.32427892 ], [ 134.52554349, 7.32427892 ] ] ] } },
{ "type": "Feature", "properties": { "id": "geomorphic_data_verbose.fid-75f8f034_1a0c1004d45_-5aa6", "class_name": "Terrestrial Reef Flat", "area_sqkm": 0.00059124913068115716 }, "geometry": { "type": "Polygon", "coordinates": [ [ [ 134.52563332, 7.32441367 ], [ 134.52563332, 7.32436875 ], [ 134.52599265, 7.32436875 ], [ 134.52599265, 7.32432384 ], [ 134.525947730000013, 7.32432384 ], [ 134.525947730000013, 7.32427892 ], [ 134.52590282, 7.32427892 ], [ 134.52590282, 7.32423401 ], [ 134.52572315, 7.32423401 ], [ 134.52572315, 7.32427892 ], [ 134.52554349, 7.32427892 ], [ 134.52554349, 7.32436875 ], [ 134.525588410000012, 7.32436875 ], [ 134.525588410000012, 7.32441367 ], [ 134.52563332, 7.32441367 ] ] ] } },
{ "type": "Feature", "properties": { "id": "geomorphic_data_verbose.fid-75f8f034_1a0c1004d45_-596e", "class_name": "Deep Lagoon", "area_sqkm": 0.0016998393094739877 }, "geometry": { "type": "MultiPolygon", "coordinates": [ [ [ [ 134.52154599, 7.32504249 ], [ 134.52154599, 7.32495266 ], [ 134.52151798366333, 7.32495266 ], [ 134.521457099432837, 7.32504249 ], [ 134.52154599, 7.32504249 ] ] ], [ [ [ 134.52163582, 7.32481791 ], [ 134.52163582, 7.324778801547083 ], [ 134.52160931339796, 7.32481791 ], [ 134.52163582, 7.32481791 ] ] ], [ [ [ 134.521680730000014, 7.324773 ], [ 134.521680730000014, 7.32481791 ], [ 134.52172565, 7.32481791 ], [ 134.52172565, 7.324773 ], [ 134.52177057, 7.324773 ], [ 134.521815479999987, 7.324773 ], [ 134.521815479999987, 7.32486283 ], [ 134.5218604, 7.32486283 ], [ 134.5218604, 7.32481791 ], [ 134.52190531, 7.32481791 ], [ 134.52190531, 7.32472808 ], [ 134.5218604, 7.32472808 ], [ 134.521815479999987, 7.32472808 ], [ 134.521815479999987, 7.32463825 ], [ 134.5218604, 7.32463825 ], [ 134.5218604, 7.32459333 ], [ 134.521815479999987, 7.32459333 ], [ 134.521761527363083, 7.32459333 ], [ 134.521639752124344, 7.324773 ], [ 134.521680730000014, 7.324773 ] ] ] ] } },
{ "type": "Feature", "properties": { "id": "geomorphic_data_verbose.fid-75f8f034_1a0c1004d45_-58e4", "class_name": "Outer Reef Flat", "area_sqkm": 0.046241029752951579 }, "geometry": { "type": "Polygon", "coordinates": [ [ [ 134.52972066000001, 7.31897886 ], [ 134.52963082, 7.31897886 ], [ 134.52963082, 7.31915852 ], [ 134.52972066000001, 7.31915852 ], [ 134.52972066000001, 7.31924836 ], [ 134.529540989999987, 7.31924836 ], [ 134.529540989999987, 7.31906869 ], [ 134.5292715, 7.31906869 ], [ 134.5292715, 7.31911361 ], [ 134.52913675, 7.31911361 ], [ 134.52913675, 7.31915852 ], [ 134.529046920000013, 7.31915852 ], [ 134.529046920000013, 7.31920344 ], [ 134.52895709, 7.31920344 ], [ 134.52895709, 7.31906869 ], [ 134.52886726, 7.31906869 ], [ 134.52886726, 7.31911361 ], [ 134.52882234, 7.31911361 ], [ 134.52882234, 7.31920344 ], [ 134.52868759, 7.31920344 ], [ 134.52868759, 7.31924836 ], [ 134.52859776, 7.31924836 ], [ 134.52859776, 7.31929327 ], [ 134.52846301, 7.31929327 ], [ 134.52846301, 7.31933819 ], [ 134.52810369, 7.31933819 ], [ 134.52810369, 7.31929327 ], [ 134.528013859999987, 7.31929327 ], [ 134.528013859999987, 7.31924836 ], [ 134.52796894, 7.31924836 ], [ 134.52796894, 7.31920344 ], [ 134.528013859999987, 7.31920344 ], [ 134.528013859999987, 7.31911361 ], [ 134.52796894, 7.31911361 ], [ 134.52796894, 7.31915852 ], [ 134.52792403, 7.31915852 ], [ 134.52792403, 7.31911361 ], [ 134.527879109999986, 7.31911361 ], [ 134.527879109999986, 7.31915852 ], [ 134.52783419, 7.31915852 ], [ 134.52783419, 7.31920344 ], [ 134.527744360000014, 7.31920344 ], [ 134.527744360000014, 7.31924836 ], [ 134.52769945, 7.31924836 ], [ 134.52769945, 7.31933819 ], [ 134.52765453, 7.31933819 ], [ 134.52765453, 7.3193831 ], [ 134.52760962, 7.3193831 ], [ 134.52760962, 7.31924836 ], [ 134.5275647, 7.31924836 ], [ 134.5275647, 7.31942802 ], [ 134.52751978, 7.31942802 ], [ 134.52751978, 7.31951785 ], [ 134.52747487, 7.31951785 ], [ 134.52747487, 7.31956277 ], [ 134.52751978, 7.31956277 ], [ 134.52751978, 7.3196526 ], [ 134.5275647, 7.3196526 ], [ 134.5275647, 7.31978735 ], [ 134.52751978, 7.31978735 ], [ 134.52751978, 7.31983226 ], [ 134.52747487, 7.31983226 ], [ 134.52747487, 7.31987718 ], [ 134.52742995, 7.31987718 ], [ 134.52742995, 7.31992209 ], [ 134.527385040000013, 7.31992209 ], [ 134.527385040000013, 7.31996701 ], [ 134.5272952, 7.31996701 ], [ 134.5272952, 7.32001192 ], [ 134.527250290000012, 7.32001192 ], [ 134.527250290000012, 7.32019159 ], [ 134.52720537, 7.32019159 ], [ 134.52720537, 7.32014667 ], [ 134.52716046, 7.32014667 ], [ 134.52716046, 7.32010176 ], [ 134.527115540000011, 7.32010176 ], [ 134.527115540000011, 7.32005684 ], [ 134.52716046, 7.32005684 ], [ 134.52716046, 7.31987718 ], [ 134.52707063, 7.31987718 ], [ 134.52707063, 7.31992209 ], [ 134.527115540000011, 7.31992209 ], [ 134.527115540000011, 7.32001192 ], [ 134.52707063, 7.32001192 ], [ 134.52707063, 7.32005684 ], [ 134.52702571, 7.32005684 ], [ 134.52702571, 7.32014667 ], [ 134.527115540000011, 7.32014667 ], [ 134.527115540000011, 7.32032633 ], [ 134.527250290000012, 7.32032633 ], [ 134.527250290000012, 7.32037125 ], [ 134.5272952, 7.32037125 ], [ 134.5272952, 7.32041617 ], [ 134.527250290000012, 7.32041617 ], [ 134.527250290000012, 7.32046108 ], [ 134.527115540000011, 7.32046108 ], [ 134.527115540000011, 7.320506 ], [ 134.52702571, 7.320506 ], [ 134.52702571, 7.32055091 ], [ 134.52698079000001, 7.32055091 ], [ 134.52698079000001, 7.32059583 ], [ 134.52693588, 7.32059583 ], [ 134.52693588, 7.32073058 ], [ 134.52720537, 7.32073058 ], [ 134.52720537, 7.32059583 ], [ 134.527250290000012, 7.32059583 ], [ 134.527250290000012, 7.32055091 ], [ 134.52734012, 7.32055091 ], [ 134.52734012, 7.32064074 ], [ 134.527385040000013, 7.32064074 ], [ 134.527385040000013, 7.32082041 ], [ 134.52742995, 7.32082041 ], [ 134.52742995, 7.32086532 ], [ 134.52747487, 7.32086532 ], [ 134.52747487, 7.32091024 ], [ 134.52760962, 7.32091024 ], [ 134.52760962, 7.32086532 ], [ 134.52778928, 7.32086532 ], [ 134.52778928, 7.32091024 ], [ 134.52783419, 7.32091024 ], [ 134.52783419, 7.32095516 ], [ 134.52778928, 7.32095516 ], [ 134.52778928, 7.32100007 ], [ 134.52783419, 7.32100007 ], [ 134.52783419, 7.32104499 ], [ 134.52796894, 7.32104499 ], [ 134.52796894, 7.3210899 ], [ 134.52805877, 7.3210899 ], [ 134.52805877, 7.32104499 ], [ 134.52810369, 7.32104499 ], [ 134.52810369, 7.32095516 ], [ 134.5281486, 7.32095516 ], [ 134.5281486, 7.32082041 ], [ 134.52841810000001, 7.32082041 ], [ 134.52841810000001, 7.32073058 ], [ 134.528373179999988, 7.32073058 ], [ 134.528373179999988, 7.32068566 ], [ 134.52832827, 7.32068566 ], [ 134.52832827, 7.32059583 ], [ 134.52846301, 7.32059583 ], [ 134.52846301, 7.32064074 ], [ 134.528507929999989, 7.32064074 ], [ 134.528507929999989, 7.32068566 ], [ 134.528552850000011, 7.32068566 ], [ 134.528552850000011, 7.32091024 ], [ 134.528507929999989, 7.32091024 ], [ 134.528507929999989, 7.32095516 ], [ 134.52859776, 7.32095516 ], [ 134.52859776, 7.32091024 ], [ 134.52864268, 7.32091024 ], [ 134.52864268, 7.3210899 ], [ 134.52868759, 7.3210899 ], [ 134.52868759, 7.32113482 ], [ 134.52873251, 7.32113482 ], [ 134.52873251, 7.32117973 ], [ 134.52877743, 7.32117973 ], [ 134.52877743, 7.32122465 ], [ 134.52873251, 7.32122465 ], [ 134.52873251, 7.32126957 ], [ 134.528552850000011, 7.32126957 ], [ 134.528552850000011, 7.3213594 ], [ 134.528507929999989, 7.3213594 ], [ 134.528507929999989, 7.32140431 ], [ 134.52841810000001, 7.32140431 ], [ 134.52841810000001, 7.3213594 ], [ 134.52832827, 7.3213594 ], [ 134.52832827, 7.32117973 ], [ 134.52823844, 7.32117973 ], [ 134.52823844, 7.32122465 ], [ 134.52819352, 7.32122465 ], [ 134.52819352, 7.32131448 ], [ 134.5281486, 7.32131448 ], [ 134.5281486, 7.3213594 ], [ 134.52810369, 7.3213594 ], [ 134.52810369, 7.32149414 ], [ 134.5281486, 7.32149414 ], [ 134.5281486, 7.32153906 ], [ 134.52819352, 7.32153906 ], [ 134.52819352, 7.32149414 ], [ 134.52823844, 7.32149414 ], [ 134.52823844, 7.32144923 ], [ 134.528373179999988, 7.32144923 ], [ 134.528373179999988, 7.32153906 ], [ 134.528507929999989, 7.32153906 ], [ 134.528507929999989, 7.32158398 ], [ 134.528552850000011, 7.32158398 ], [ 134.528552850000011, 7.32153906 ], [ 134.52868759, 7.32153906 ], [ 134.52868759, 7.32144923 ], [ 134.52886726, 7.32144923 ], [ 134.52886726, 7.32140431 ], [ 134.528912170000012, 7.32140431 ], [ 134.528912170000012, 7.32131448 ], [ 134.52895709, 7.32131448 ], [ 134.52895709, 7.32126957 ], [ 134.529002, 7.32126957 ], [ 134.529002, 7.32117973 ], [ 134.52913675, 7.32117973 ], [ 134.52913675, 7.32122465 ], [ 134.52922658, 7.32122465 ], [ 134.52922658, 7.32117973 ], [ 134.5292715, 7.32117973 ], [ 134.5292715, 7.32122465 ], [ 134.52931641, 7.32122465 ], [ 134.52931641, 7.32126957 ], [ 134.52936133, 7.32126957 ], [ 134.52936133, 7.32131448 ], [ 134.52958591, 7.32131448 ], [ 134.52958591, 7.3213594 ], [ 134.529675739999988, 7.3213594 ], [ 134.529675739999988, 7.32140431 ], [ 134.52972066000001, 7.32140431 ], [ 134.52972066000001, 7.32144923 ], [ 134.5298554, 7.32144923 ], [ 134.5298554, 7.32149414 ], [ 134.52990032, 7.32149414 ], [ 134.52990032, 7.32153906 ], [ 134.52994523000001, 7.32153906 ], [ 134.52994523000001, 7.32158398 ], [ 134.52999015, 7.32158398 ], [ 134.52999015, 7.3213594 ], [ 134.52976557, 7.3213594 ], [ 134.52976557, 7.32126957 ], [ 134.529675739999988, 7.32126957 ], [ 134.529675739999988, 7.32122465 ], [ 134.52958591, 7.32122465 ], [ 134.52958591, 7.32113482 ], [ 134.52963082, 7.32113482 ], [ 134.52963082, 7.32104499 ], [ 134.52958591, 7.32104499 ], [ 134.52958591, 7.32100007 ], [ 134.529540989999987, 7.32100007 ], [ 134.529540989999987, 7.32077549 ], [ 134.52945116, 7.32077549 ], [ 134.52945116, 7.32073058 ], [ 134.52931641, 7.32073058 ], [ 134.52931641, 7.32091024 ], [ 134.52936133, 7.32091024 ], [ 134.52936133, 7.32086532 ], [ 134.52945116, 7.32086532 ], [ 134.52945116, 7.32100007 ], [ 134.52940625, 7.32100007 ], [ 134.52940625, 7.3210899 ], [ 134.5292715, 7.3210899 ], [ 134.5292715, 7.32104499 ], [ 134.52922658, 7.32104499 ], [ 134.52922658, 7.32095516 ], [ 134.529181670000014, 7.32095516 ], [ 134.529181670000014, 7.32082041 ], [ 134.52922658, 7.32082041 ], [ 134.52922658, 7.32073058 ], [ 134.529181670000014, 7.32073058 ], [ 134.529181670000014, 7.32077549 ], [ 134.52913675, 7.32077549 ], [ 134.52913675, 7.32091024 ], [ 134.529046920000013, 7.32091024 ], [ 134.529046920000013, 7.32095516 ], [ 134.529002, 7.32095516 ], [ 134.529002, 7.32100007 ], [ 134.52886726, 7.32100007 ], [ 134.52886726, 7.32095516 ], [ 134.52877743, 7.32095516 ], [ 134.52877743, 7.32086532 ], [ 134.52882234, 7.32086532 ], [ 134.52882234, 7.32091024 ], [ 134.52886726, 7.32091024 ], [ 134.52886726, 7.32077549 ], [ 134.52882234, 7.32077549 ], [ 134.52882234, 7.32068566 ], [ 134.52877743, 7.32068566 ], [ 134.52877743, 7.32082041 ], [ 134.52873251, 7.32082041 ], [ 134.52873251, 7.32086532 ], [ 134.52864268, 7.32086532 ], [ 134.52864268, 7.32064074 ], [ 134.52859776, 7.32064074 ], [ 134.52859776, 7.32059583 ], [ 134.528552850000011, 7.32059583 ], [ 134.528552850000011, 7.320506 ], [ 134.528507929999989, 7.320506 ], [ 134.528507929999989, 7.32046108 ], [ 134.52819352, 7.32046108 ], [ 134.52819352, 7.32041617 ], [ 134.5281486, 7.32041617 ], [ 134.5281486, 7.32037125 ], [ 134.528013859999987, 7.32037125 ], [ 134.528013859999987, 7.32028142 ], [ 134.52805877, 7.32028142 ], [ 134.52805877, 7.3202365 ], [ 134.52810369, 7.3202365 ], [ 134.52810369, 7.32019159 ], [ 134.5281486, 7.32019159 ], [ 134.5281486, 7.32014667 ], [ 134.52819352, 7.32014667 ], [ 134.52819352, 7.32005684 ], [ 134.52823844, 7.32005684 ], [ 134.52823844, 7.31987718 ], [ 134.5281486, 7.31987718 ], [ 134.5281486, 7.31983226 ], [ 134.52810369, 7.31983226 ], [ 134.52810369, 7.31978735 ], [ 134.5281486, 7.31978735 ], [ 134.5281486, 7.31974243 ], [ 134.52823844, 7.31974243 ], [ 134.52823844, 7.31983226 ], [ 134.528373179999988, 7.31983226 ], [ 134.528373179999988, 7.31987718 ], [ 134.52841810000001, 7.31987718 ], [ 134.52841810000001, 7.31992209 ], [ 134.528507929999989, 7.31992209 ], [ 134.528507929999989, 7.31996701 ], [ 134.52864268, 7.31996701 ], [ 134.52864268, 7.32001192 ], [ 134.52877743, 7.32001192 ], [ 134.52877743, 7.32010176 ], [ 134.52882234, 7.32010176 ], [ 134.52882234, 7.32014667 ], [ 134.52886726, 7.32014667 ], [ 134.52886726, 7.32019159 ], [ 134.528912170000012, 7.32019159 ], [ 134.528912170000012, 7.3202365 ], [ 134.52895709, 7.3202365 ], [ 134.52895709, 7.32041617 ], [ 134.529002, 7.32041617 ], [ 134.529002, 7.32046108 ], [ 134.529046920000013, 7.32046108 ], [ 134.529046920000013, 7.3202365 ], [ 134.52909184, 7.3202365 ], [ 134.52909184, 7.32019159 ], [ 134.52913675, 7.32019159 ], [ 134.52913675, 7.3202365 ], [ 134.52922658, 7.3202365 ], [ 134.52922658, 7.32019159 ], [ 134.529181670000014, 7.32019159 ], [ 134.529181670000014, 7.32001192 ], [ 134.529002, 7.32001192 ], [ 134.529002, 7.31996701 ], [ 134.52895709, 7.31996701 ], [ 134.52895709, 7.31987718 ], [ 134.528912170000012, 7.31987718 ], [ 134.528912170000012, 7.31978735 ], [ 134.52895709, 7.31978735 ], [ 134.52895709, 7.31983226 ], [ 134.52913675, 7.31983226 ], [ 134.52913675, 7.31987718 ], [ 134.529181670000014, 7.31987718 ], [ 134.529181670000014, 7.31996701 ], [ 134.52940625, 7.31996701 ], [ 134.52940625, 7.32001192 ], [ 134.52945116, 7.32001192 ], [ 134.52945116, 7.32005684 ], [ 134.52949608, 7.32005684 ], [ 134.52949608, 7.31992209 ], [ 134.52958591, 7.31992209 ], [ 134.52958591, 7.32001192 ], [ 134.52963082, 7.32001192 ], [ 134.52963082, 7.32010176 ], [ 134.52958591, 7.32010176 ], [ 134.52958591, 7.32019159 ], [ 134.52963082, 7.32019159 ], [ 134.52963082, 7.3202365 ], [ 134.529675739999988, 7.3202365 ], [ 134.529675739999988, 7.32028142 ], [ 134.52972066000001, 7.32028142 ], [ 134.52972066000001, 7.32032633 ], [ 134.52976557, 7.32032633 ], [ 134.52976557, 7.32037125 ], [ 134.529810489999988, 7.32037125 ], [ 134.529810489999988, 7.32041617 ], [ 134.5298554, 7.32041617 ], [ 134.5298554, 7.32055091 ], [ 134.52990032, 7.32055091 ], [ 134.52990032, 7.32059583 ], [ 134.52994523000001, 7.32059583 ], [ 134.52994523000001, 7.32064074 ], [ 134.52999015, 7.32064074 ], [ 134.52999015, 7.31888903 ], [ 134.52972066000001, 7.31888903 ], [ 134.52972066000001, 7.31897886 ] ], [ [ 134.52913675, 7.32104499 ], [ 134.52909184, 7.32104499 ], [ 134.52909184, 7.32100007 ], [ 134.52913675, 7.32100007 ], [ 134.52913675, 7.32104499 ] ], [ [ 134.52909184, 7.32113482 ], [ 134.529046920000013, 7.32113482 ], [ 134.529046920000013, 7.3210899 ], [ 134.52909184, 7.3210899 ], [ 134.52909184, 7.32113482 ] ], [ [ 134.529002, 7.3210899 ], [ 134.528912170000012, 7.3210899 ], [ 134.528912170000012, 7.32104499 ], [ 134.529002, 7.32104499 ], [ 134.529002, 7.3210899 ] ] ] } },
{ "type": "Feature", "properties": { "id": "geomorphic_data_verbose.fid-75f8f034_1a0c1004d45_-5279", "class_name": "Terrestrial Reef Flat", "area_sqkm": 0.17471518957310264 }, "geometry": { "type": "Polygon", "coordinates": [ [ [ 134.52846301, 7.32459333 ], [ 134.52846301, 7.32445858 ], [ 134.528507929999989, 7.32445858 ], [ 134.528507929999989, 7.32441367 ], [ 134.528552850000011, 7.32441367 ], [ 134.528552850000011, 7.32432384 ], [ 134.52859776, 7.32432384 ], [ 134.52859776, 7.32423401 ], [ 134.52864268, 7.32423401 ], [ 134.52864268, 7.32414417 ], [ 134.52859776, 7.32414417 ], [ 134.52859776, 7.32409926 ], [ 134.528552850000011, 7.32409926 ], [ 134.528507929999989, 7.32409926 ], [ 134.528507929999989, 7.32405434 ], [ 134.52846301, 7.32405434 ], [ 134.52846301, 7.32369502 ], [ 134.528507929999989, 7.32369502 ], [ 134.528507929999989, 7.32360519 ], [ 134.528552850000011, 7.32360519 ], [ 134.528552850000011, 7.3230662 ], [ 134.528507929999989, 7.3230662 ], [ 134.528507929999989, 7.32293145 ], [ 134.52846301, 7.32293145 ], [ 134.52841810000001, 7.32293145 ], [ 134.52841810000001, 7.32288653 ], [ 134.528373179999988, 7.32288653 ], [ 134.528373179999988, 7.32284162 ], [ 134.52832827, 7.32284162 ], [ 134.52832827, 7.3227967 ], [ 134.52828335, 7.3227967 ], [ 134.52828335, 7.32302128 ], [ 134.52819352, 7.32302128 ], [ 134.52819352, 7.32324586 ], [ 134.52828335, 7.32324586 ], [ 134.52832827, 7.32324586 ], [ 134.52832827, 7.32338061 ], [ 134.5281486, 7.32338061 ], [ 134.5281486, 7.32342552 ], [ 134.52810369, 7.32342552 ], [ 134.52810369, 7.32351535 ], [ 134.528013859999987, 7.32351535 ], [ 134.528013859999987, 7.3236501 ], [ 134.52792403, 7.3236501 ], [ 134.52792403, 7.32369502 ], [ 134.52783419, 7.32369502 ], [ 134.52783419, 7.32360519 ], [ 134.52778928, 7.32360519 ], [ 134.52765453, 7.32360519 ], [ 134.52765453, 7.32356027 ], [ 134.52734012, 7.32356027 ], [ 134.52734012, 7.32360519 ], [ 134.527250290000012, 7.32360519 ], [ 134.527250290000012, 7.32351535 ], [ 134.52720537, 7.32351535 ], [ 134.52720537, 7.32347044 ], [ 134.52716046, 7.32347044 ], [ 134.52716046, 7.32342552 ], [ 134.5272952, 7.32342552 ], [ 134.5272952, 7.32338061 ], [ 134.527250290000012, 7.32338061 ], [ 134.527250290000012, 7.32333569 ], [ 134.52720537, 7.32333569 ], [ 134.52720537, 7.32320094 ], [ 134.52716046, 7.32320094 ], [ 134.52716046, 7.32311111 ], [ 134.527115540000011, 7.32311111 ], [ 134.527115540000011, 7.3230662 ], [ 134.52716046, 7.3230662 ], [ 134.52716046, 7.32302128 ], [ 134.52720537, 7.32302128 ], [ 134.52720537, 7.32275179 ], [ 134.527250290000012, 7.32275179 ], [ 134.527250290000012, 7.32270687 ], [ 134.52720537, 7.32270687 ], [ 134.52720537, 7.32266195 ], [ 134.52716046, 7.32266195 ], [ 134.52716046, 7.32261704 ], [ 134.527115540000011, 7.32261704 ], [ 134.527115540000011, 7.32252721 ], [ 134.52707063, 7.32252721 ], [ 134.52707063, 7.32248229 ], [ 134.52702571, 7.32248229 ], [ 134.52702571, 7.32239246 ], [ 134.52698079000001, 7.32239246 ], [ 134.52698079000001, 7.32230263 ], [ 134.52693588, 7.32230263 ], [ 134.52693588, 7.3222128 ], [ 134.52689096, 7.3222128 ], [ 134.52689096, 7.32203313 ], [ 134.526846049999989, 7.32203313 ], [ 134.526846049999989, 7.32189839 ], [ 134.52689096, 7.32189839 ], [ 134.52689096, 7.32176364 ], [ 134.52693588, 7.32176364 ], [ 134.52693588, 7.32167381 ], [ 134.52698079000001, 7.32167381 ], [ 134.52698079000001, 7.32162889 ], [ 134.52702571, 7.32162889 ], [ 134.52702571, 7.32158398 ], [ 134.52716046, 7.32158398 ], [ 134.52716046, 7.32153906 ], [ 134.52742995, 7.32153906 ], [ 134.52742995, 7.32158398 ], [ 134.52747487, 7.32158398 ], [ 134.52751978, 7.32158398 ], [ 134.52751978, 7.32162889 ], [ 134.5275647, 7.32162889 ], [ 134.52760962, 7.32162889 ], [ 134.52760962, 7.32167381 ], [ 134.52765453, 7.32167381 ], [ 134.52765453, 7.32171872 ], [ 134.52769945, 7.32171872 ], [ 134.52769945, 7.32176364 ], [ 134.527744360000014, 7.32176364 ], [ 134.527744360000014, 7.32180855 ], [ 134.52778928, 7.32180855 ], [ 134.52778928, 7.32185347 ], [ 134.52783419, 7.32185347 ], [ 134.52783419, 7.32189839 ], [ 134.52792403, 7.32189839 ], [ 134.52792403, 7.32185347 ], [ 134.527879109999986, 7.32185347 ], [ 134.527879109999986, 7.32171872 ], [ 134.52783419, 7.32171872 ], [ 134.52783419, 7.32167381 ], [ 134.52778928, 7.32167381 ], [ 134.527744360000014, 7.32167381 ], [ 134.527744360000014, 7.32162889 ], [ 134.52778928, 7.32162889 ], [ 134.52778928, 7.32158398 ], [ 134.527879109999986, 7.32158398 ], [ 134.527879109999986, 7.32162889 ], [ 134.52792403, 7.32162889 ], [ 134.52796894, 7.32162889 ], [ 134.52796894, 7.32176364 ], [ 134.528013859999987, 7.32176364 ], [ 134.528013859999987, 7.32185347 ], [ 134.52805877, 7.32185347 ], [ 134.52810369, 7.32185347 ], [ 134.52810369, 7.32189839 ], [ 134.5281486, 7.32189839 ], [ 134.5281486, 7.3219433 ], [ 134.52819352, 7.3219433 ], [ 134.52819352, 7.32207805 ], [ 134.52823844, 7.32207805 ], [ 134.52823844, 7.32216788 ], [ 134.52819352, 7.32216788 ], [ 134.52819352, 7.3222128 ], [ 134.52823844, 7.3222128 ], [ 134.52823844, 7.32225771 ], [ 134.52828335, 7.32225771 ], [ 134.52828335, 7.32230263 ], [ 134.528373179999988, 7.32230263 ], [ 134.528373179999988, 7.32225771 ], [ 134.52832827, 7.32225771 ], [ 134.52832827, 7.32203313 ], [ 134.528373179999988, 7.32203313 ], [ 134.528373179999988, 7.3219433 ], [ 134.52841810000001, 7.3219433 ], [ 134.52841810000001, 7.32185347 ], [ 134.52846301, 7.32185347 ], [ 134.52846301, 7.32180855 ], [ 134.528552850000011, 7.32180855 ], [ 134.528552850000011, 7.32176364 ], [ 134.52877743, 7.32176364 ], [ 134.52877743, 7.32171872 ], [ 134.52882234, 7.32171872 ], [ 134.52882234, 7.32167381 ], [ 134.52886726, 7.32167381 ], [ 134.52886726, 7.32162889 ], [ 134.52895709, 7.32162889 ], [ 134.52895709, 7.32158398 ], [ 134.52909184, 7.32158398 ], [ 134.52909184, 7.32153906 ], [ 134.52913675, 7.32153906 ], [ 134.52913675, 7.32149414 ], [ 134.52909184, 7.32149414 ], [ 134.52909184, 7.32144923 ], [ 134.5292715, 7.32144923 ], [ 134.52931641, 7.32144923 ], [ 134.52931641, 7.32149414 ], [ 134.5292715, 7.32149414 ], [ 134.5292715, 7.32153906 ], [ 134.52922658, 7.32153906 ], [ 134.52922658, 7.32158398 ], [ 134.5292715, 7.32158398 ], [ 134.5292715, 7.32162889 ], [ 134.52931641, 7.32162889 ], [ 134.52936133, 7.32162889 ], [ 134.52936133, 7.32167381 ], [ 134.52940625, 7.32167381 ], [ 134.52940625, 7.32185347 ], [ 134.52945116, 7.32185347 ], [ 134.52945116, 7.32189839 ], [ 134.52949608, 7.32189839 ], [ 134.529540989999987, 7.32189839 ], [ 134.529540989999987, 7.3219433 ], [ 134.52958591, 7.3219433 ], [ 134.52958591, 7.32198822 ], [ 134.52963082, 7.32198822 ], [ 134.52963082, 7.32207805 ], [ 134.529675739999988, 7.32207805 ], [ 134.529675739999988, 7.32216788 ], [ 134.52972066000001, 7.32216788 ], [ 134.52972066000001, 7.32225771 ], [ 134.52976557, 7.32225771 ], [ 134.52976557, 7.32230263 ], [ 134.52990032, 7.32230263 ], [ 134.52990032, 7.32225771 ], [ 134.52999015, 7.32225771 ], [ 134.52999015, 7.3222128 ], [ 134.53003507, 7.3222128 ], [ 134.53003507, 7.32216788 ], [ 134.530079980000011, 7.32216788 ], [ 134.530079980000011, 7.32212297 ], [ 134.5301249, 7.32212297 ], [ 134.5301249, 7.32207805 ], [ 134.53016981, 7.32207805 ], [ 134.53016981, 7.32203313 ], [ 134.530214730000012, 7.32203313 ], [ 134.530214730000012, 7.32198822 ], [ 134.53030456, 7.32198822 ], [ 134.53030456, 7.3219433 ], [ 134.530349480000012, 7.3219433 ], [ 134.530349480000012, 7.32198822 ], [ 134.53039439, 7.32198822 ], [ 134.53043931, 7.32198822 ], [ 134.53043931, 7.32203313 ], [ 134.53048422, 7.32203313 ], [ 134.53048422, 7.32207805 ], [ 134.53052914, 7.32207805 ], [ 134.53052914, 7.32212297 ], [ 134.53057406, 7.32212297 ], [ 134.53057406, 7.3222128 ], [ 134.53061897, 7.3222128 ], [ 134.53061897, 7.32225771 ], [ 134.53079863, 7.32225771 ], [ 134.53079863, 7.32216788 ], [ 134.530843549999986, 7.32216788 ], [ 134.530843549999986, 7.3222128 ], [ 134.53088847, 7.3222128 ], [ 134.53093338, 7.3222128 ], [ 134.53093338, 7.32225771 ], [ 134.530978299999987, 7.32225771 ], [ 134.530978299999987, 7.32230263 ], [ 134.53106813, 7.32230263 ], [ 134.53106813, 7.32225771 ], [ 134.53111304, 7.32225771 ], [ 134.53111304, 7.3222128 ], [ 134.53106813, 7.3222128 ], [ 134.53106813, 7.32216788 ], [ 134.53102321, 7.32216788 ], [ 134.53102321, 7.32212297 ], [ 134.530978299999987, 7.32212297 ], [ 134.530978299999987, 7.32207805 ], [ 134.53093338, 7.32207805 ], [ 134.53093338, 7.32203313 ], [ 134.53088847, 7.32203313 ], [ 134.53088847, 7.32185347 ], [ 134.530843549999986, 7.32185347 ], [ 134.530843549999986, 7.32180855 ], [ 134.53079863, 7.32180855 ], [ 134.53079863, 7.32171872 ], [ 134.53075372, 7.32171872 ], [ 134.53075372, 7.32162889 ], [ 134.530708800000014, 7.32162889 ], [ 134.530708800000014, 7.32158398 ], [ 134.53066389, 7.32158398 ], [ 134.53066389, 7.32153906 ], [ 134.53061897, 7.32153906 ], [ 134.53057406, 7.32153906 ], [ 134.53057406, 7.32149414 ], [ 134.53052914, 7.32149414 ], [ 134.53052914, 7.32153906 ], [ 134.53048422, 7.32153906 ], [ 134.53048422, 7.32149414 ], [ 134.53043931, 7.32149414 ], [ 134.53043931, 7.32144923 ], [ 134.530349480000012, 7.32144923 ], [ 134.530349480000012, 7.32149414 ], [ 134.53039439, 7.32149414 ], [ 134.53039439, 7.32153906 ], [ 134.53043931, 7.32153906 ], [ 134.53043931, 7.32158398 ], [ 134.53048422, 7.32158398 ], [ 134.53048422, 7.32162889 ], [ 134.53043931, 7.32162889 ], [ 134.53043931, 7.32167381 ], [ 134.53039439, 7.32167381 ], [ 134.53039439, 7.32162889 ], [ 134.530349480000012, 7.32162889 ], [ 134.530349480000012, 7.32158398 ], [ 134.53030456, 7.32158398 ], [ 134.53025965, 7.32158398 ], [ 134.53025965, 7.32153906 ], [ 134.530214730000012, 7.32153906 ], [ 134.5301249, 7.32153906 ], [ 134.5301249, 7.32149414 ], [ 134.530079980000011, 7.32149414 ], [ 134.530079980000011, 7.32153906 ], [ 134.53003507, 7.32153906 ], [ 134.53003507, 7.32158398 ], [ 134.52994523000001, 7.32158398 ], [ 134.52994523000001, 7.32153906 ], [ 134.52990032, 7.32153906 ], [ 134.52990032, 7.32149414 ], [ 134.5298554, 7.32149414 ], [ 134.5298554, 7.32144923 ], [ 134.529810489999988, 7.32144923 ], [ 134.52972066000001, 7.32144923 ], [ 134.52972066000001, 7.32140431 ], [ 134.529675739999988, 7.32140431 ], [ 134.529675739999988, 7.3213594 ], [ 134.52963082, 7.3213594 ], [ 134.52958591, 7.3213594 ], [ 134.52958591, 7.32131448 ], [ 134.529540989999987, 7.32131448 ], [ 134.52936133, 7.32131448 ], [ 134.52936133, 7.32126957 ], [ 134.52931641, 7.32126957 ], [ 134.52931641, 7.32122465 ], [ 134.5292715, 7.32122465 ], [ 134.5292715, 7.32117973 ], [ 134.52922658, 7.32117973 ], [ 134.52922658, 7.32122465 ], [ 134.52913675, 7.32122465 ], [ 134.52913675, 7.32117973 ], [ 134.529002, 7.32117973 ], [ 134.529002, 7.32126957 ], [ 134.52895709, 7.32126957 ], [ 134.52895709, 7.32131448 ], [ 134.528912170000012, 7.32131448 ], [ 134.528912170000012, 7.32140431 ], [ 134.52886726, 7.32140431 ], [ 134.52886726, 7.32144923 ], [ 134.52868759, 7.32144923 ], [ 134.52868759, 7.32153906 ], [ 134.528552850000011, 7.32153906 ], [ 134.528552850000011, 7.32158398 ], [ 134.528507929999989, 7.32158398 ], [ 134.528507929999989, 7.32153906 ], [ 134.52846301, 7.32153906 ], [ 134.528373179999988, 7.32153906 ], [ 134.528373179999988, 7.32144923 ], [ 134.52823844, 7.32144923 ], [ 134.52823844, 7.32149414 ], [ 134.52819352, 7.32149414 ], [ 134.52819352, 7.32153906 ], [ 134.5281486, 7.32153906 ], [ 134.5281486, 7.32149414 ], [ 134.52810369, 7.32149414 ], [ 134.52810369, 7.3213594 ], [ 134.5281486, 7.3213594 ], [ 134.5281486, 7.32131448 ], [ 134.52819352, 7.32131448 ], [ 134.52819352, 7.32122465 ], [ 134.52823844, 7.32122465 ], [ 134.52823844, 7.32117973 ], [ 134.52832827, 7.32117973 ], [ 134.52832827, 7.3213594 ], [ 134.528373179999988, 7.3213594 ], [ 134.52841810000001, 7.3213594 ], [ 134.52841810000001, 7.32140431 ], [ 134.528507929999989, 7.32140431 ], [ 134.528507929999989, 7.3213594 ], [ 134.528552850000011, 7.3213594 ], [ 134.528552850000011, 7.32126957 ], [ 134.52873251, 7.32126957 ], [ 134.52873251, 7.32122465 ], [ 134.52877743, 7.32122465 ], [ 134.52877743, 7.32117973 ], [ 134.52873251, 7.32117973 ], [ 134.52873251, 7.32113482 ], [ 134.52868759, 7.32113482 ], [ 134.52868759, 7.3210899 ], [ 134.52864268, 7.3210899 ], [ 134.52864268, 7.32091024 ], [ 134.52859776, 7.32091024 ], [ 134.52859776, 7.32095516 ], [ 134.528507929999989, 7.32095516 ], [ 134.528507929999989, 7.32091024 ], [ 134.528552850000011, 7.32091024 ], [ 134.528552850000011, 7.32068566 ], [ 134.528507929999989, 7.32068566 ], [ 134.528507929999989, 7.32064074 ], [ 134.52846301, 7.32064074 ], [ 134.52846301, 7.32059583 ], [ 134.52832827, 7.32059583 ], [ 134.52832827, 7.32068566 ], [ 134.528373179999988, 7.32068566 ], [ 134.528373179999988, 7.32073058 ], [ 134.52841810000001, 7.32073058 ], [ 134.52841810000001, 7.32082041 ], [ 134.5281486, 7.32082041 ], [ 134.5281486, 7.32095516 ], [ 134.52810369, 7.32095516 ], [ 134.52810369, 7.32104499 ], [ 134.52805877, 7.32104499 ], [ 134.52805877, 7.3210899 ], [ 134.52796894, 7.3210899 ], [ 134.52796894, 7.32104499 ], [ 134.52792403, 7.32104499 ], [ 134.52783419, 7.32104499 ], [ 134.52783419, 7.32100007 ], [ 134.52778928, 7.32100007 ], [ 134.52778928, 7.32095516 ], [ 134.52783419, 7.32095516 ], [ 134.52783419, 7.32091024 ], [ 134.52778928, 7.32091024 ], [ 134.52778928, 7.32086532 ], [ 134.52760962, 7.32086532 ], [ 134.52760962, 7.32091024 ], [ 134.52747487, 7.32091024 ], [ 134.52747487, 7.32086532 ], [ 134.52742995, 7.32086532 ], [ 134.52742995, 7.32082041 ], [ 134.527385040000013, 7.32082041 ], [ 134.527385040000013, 7.32064074 ], [ 134.52734012, 7.32064074 ], [ 134.52734012, 7.32055091 ], [ 134.527250290000012, 7.32055091 ], [ 134.527250290000012, 7.32059583 ], [ 134.52720537, 7.32059583 ], [ 134.52720537, 7.32073058 ], [ 134.52693588, 7.32073058 ], [ 134.52693588, 7.32059583 ], [ 134.52698079000001, 7.32059583 ], [ 134.52698079000001, 7.32055091 ], [ 134.52702571, 7.32055091 ], [ 134.52702571, 7.320506 ], [ 134.527115540000011, 7.320506 ], [ 134.527115540000011, 7.32046108 ], [ 134.527250290000012, 7.32046108 ], [ 134.527250290000012, 7.32041617 ], [ 134.5272952, 7.32041617 ], [ 134.5272952, 7.32037125 ], [ 134.527250290000012, 7.32037125 ], [ 134.527250290000012, 7.32032633 ], [ 134.52720537, 7.32032633 ], [ 134.527115540000011, 7.32032633 ], [ 134.527115540000011, 7.32014667 ], [ 134.52707063, 7.32014667 ], [ 134.52702571, 7.32014667 ], [ 134.52702571, 7.32005684 ], [ 134.52707063, 7.32005684 ], [ 134.52707063, 7.32001192 ], [ 134.527115540000011, 7.32001192 ], [ 134.527115540000011, 7.31992209 ], [ 134.52707063, 7.31992209 ], [ 134.52707063, 7.31983226 ], [ 134.52702571, 7.31983226 ], [ 134.52702571, 7.31974243 ], [ 134.52698079000001, 7.31974243 ], [ 134.52698079000001, 7.3196526 ], [ 134.52693588, 7.3196526 ], [ 134.52693588, 7.31951785 ], [ 134.52689096, 7.31951785 ], [ 134.52689096, 7.31933819 ], [ 134.526846049999989, 7.31933819 ], [ 134.526846049999989, 7.31924836 ], [ 134.52689096, 7.31924836 ], [ 134.52689096, 7.31906869 ], [ 134.52693588, 7.31906869 ], [ 134.52693588, 7.31902378 ], [ 134.52698079000001, 7.31902378 ], [ 134.52698079000001, 7.31897886 ], [ 134.52702571, 7.31897886 ], [ 134.52702571, 7.31893395 ], [ 134.52707063, 7.31893395 ], [ 134.52707063, 7.31884411 ], [ 134.52702571, 7.31884411 ], [ 134.52702571, 7.3187992 ], [ 134.52698079000001, 7.3187992 ], [ 134.52698079000001, 7.31884411 ], [ 134.52693588, 7.31884411 ], [ 134.52693588, 7.3187992 ], [ 134.52689096, 7.3187992 ], [ 134.52689096, 7.31875428 ], [ 134.526846049999989, 7.31875428 ], [ 134.526846049999989, 7.31870937 ], [ 134.52680113, 7.31870937 ], [ 134.52675622000001, 7.31870937 ], [ 134.52675622000001, 7.31866445 ], [ 134.526711299999988, 7.31866445 ], [ 134.526711299999988, 7.31861954 ], [ 134.52666638, 7.31861954 ], [ 134.52662147, 7.31861954 ], [ 134.52662147, 7.31848479 ], [ 134.526576549999987, 7.31848479 ], [ 134.526576549999987, 7.31821529 ], [ 134.52653164, 7.31821529 ], [ 134.52653164, 7.31812546 ], [ 134.52648672, 7.31812546 ], [ 134.52648672, 7.31808055 ], [ 134.52644181, 7.31808055 ], [ 134.52644181, 7.3179458 ], [ 134.52639689, 7.3179458 ], [ 134.52639689, 7.31785597 ], [ 134.52635197, 7.31785597 ], [ 134.52635197, 7.317820484902772 ], [ 134.52518416, 7.319543498751011 ], [ 134.52518416, 7.3196526 ], [ 134.52522908, 7.3196526 ], [ 134.52522908, 7.31974243 ], [ 134.525274, 7.31974243 ], [ 134.525274, 7.31996701 ], [ 134.52518416, 7.31996701 ], [ 134.52518416, 7.31992209 ], [ 134.52513925, 7.31992209 ], [ 134.52513925, 7.31996701 ], [ 134.52509433, 7.31996701 ], [ 134.52509433, 7.32001192 ], [ 134.52513925, 7.32001192 ], [ 134.52518416, 7.32001192 ], [ 134.52518416, 7.32010176 ], [ 134.52522908, 7.32010176 ], [ 134.52522908, 7.32019159 ], [ 134.525274, 7.32019159 ], [ 134.525274, 7.3202365 ], [ 134.52531891000001, 7.3202365 ], [ 134.52531891000001, 7.32028142 ], [ 134.525274, 7.32028142 ], [ 134.525274, 7.32064074 ], [ 134.52531891000001, 7.32064074 ], [ 134.52531891000001, 7.32095516 ], [ 134.52536383, 7.32095516 ], [ 134.52536383, 7.32104499 ], [ 134.525408739999989, 7.32104499 ], [ 134.525408739999989, 7.3210899 ], [ 134.52536383, 7.3210899 ], [ 134.52536383, 7.32122465 ], [ 134.525408739999989, 7.32122465 ], [ 134.525408739999989, 7.32126957 ], [ 134.525453660000011, 7.32126957 ], [ 134.525453660000011, 7.32140431 ], [ 134.525408739999989, 7.32140431 ], [ 134.525408739999989, 7.32144923 ], [ 134.52531891000001, 7.32144923 ], [ 134.52531891000001, 7.32167381 ], [ 134.52536383, 7.32167381 ], [ 134.52536383, 7.32176364 ], [ 134.525408739999989, 7.32176364 ], [ 134.525408739999989, 7.32185347 ], [ 134.525453660000011, 7.32185347 ], [ 134.525453660000011, 7.32189839 ], [ 134.52549857, 7.32189839 ], [ 134.52549857, 7.3219433 ], [ 134.525588410000012, 7.3219433 ], [ 134.525588410000012, 7.32189839 ], [ 134.52563332, 7.32189839 ], [ 134.52563332, 7.3219433 ], [ 134.52567824, 7.3219433 ], [ 134.52567824, 7.32198822 ], [ 134.52572315, 7.32198822 ], [ 134.52572315, 7.32203313 ], [ 134.52576807, 7.32203313 ], [ 134.52576807, 7.32230263 ], [ 134.52567824, 7.32230263 ], [ 134.52567824, 7.32239246 ], [ 134.52563332, 7.32239246 ], [ 134.52563332, 7.32243738 ], [ 134.525588410000012, 7.32243738 ], [ 134.525588410000012, 7.32252721 ], [ 134.52563332, 7.32252721 ], [ 134.52563332, 7.32311111 ], [ 134.52567824, 7.32311111 ], [ 134.52572315, 7.32311111 ], [ 134.52572315, 7.32329077 ], [ 134.52567824, 7.32329077 ], [ 134.52567824, 7.32347044 ], [ 134.52563332, 7.32347044 ], [ 134.52563332, 7.32378485 ], [ 134.525588410000012, 7.32378485 ], [ 134.525588410000012, 7.32387468 ], [ 134.52554349, 7.32387468 ], [ 134.52554349, 7.32405434 ], [ 134.525588410000012, 7.32405434 ], [ 134.525588410000012, 7.32414417 ], [ 134.52563332, 7.32414417 ], [ 134.52563332, 7.32418909 ], [ 134.52567824, 7.32418909 ], [ 134.52567824, 7.32423401 ], [ 134.52572315, 7.32423401 ], [ 134.52572315, 7.32414417 ], [ 134.52590282, 7.32414417 ], [ 134.52590282, 7.32409926 ], [ 134.525947730000013, 7.32409926 ], [ 134.525947730000013, 7.32414417 ], [ 134.52603756, 7.32414417 ], [ 134.526082480000014, 7.32414417 ], [ 134.526082480000014, 7.32418909 ], [ 134.52617231, 7.32418909 ], [ 134.526217229999986, 7.32418909 ], [ 134.526217229999986, 7.32423401 ], [ 134.52626214, 7.32423401 ], [ 134.52630706, 7.32423401 ], [ 134.52630706, 7.32427892 ], [ 134.52635197, 7.32427892 ], [ 134.52639689, 7.32427892 ], [ 134.52639689, 7.32436875 ], [ 134.52644181, 7.32436875 ], [ 134.52648672, 7.32436875 ], [ 134.52648672, 7.32441367 ], [ 134.52653164, 7.32441367 ], [ 134.52653164, 7.32445858 ], [ 134.526576549999987, 7.32445858 ], [ 134.526576549999987, 7.32459333 ], [ 134.52846301, 7.32459333 ] ], [ [ 134.5258579, 7.31960768 ], [ 134.525812980000012, 7.31960768 ], [ 134.525812980000012, 7.31933819 ], [ 134.5258579, 7.31933819 ], [ 134.5258579, 7.31929327 ], [ 134.52617231, 7.31929327 ], [ 134.52617231, 7.31933819 ], [ 134.526217229999986, 7.31933819 ], [ 134.526217229999986, 7.31956277 ], [ 134.52603756, 7.31956277 ], [ 134.52603756, 7.3196526 ], [ 134.5258579, 7.3196526 ], [ 134.5258579, 7.31960768 ] ] ] } },
{ "type": "Feature", "properties": { "id": "geomorphic_data_verbose.fid-75f8f034_1a0c1004d45_-5aa3", "class_name": "Deep Lagoon", "area_sqkm": 0.010691805626002141 }, "geometry": { "type": "Polygon", "coordinates": [ [ [ 134.52734012, 7.32270687 ], [ 134.52734012, 7.32266195 ], [ 134.52747487, 7.32266195 ], [ 134.52747487, 7.32261704 ], [ 134.5275647, 7.32261704 ], [ 134.5275647, 7.32257212 ], [ 134.52760962, 7.32257212 ], [ 134.52760962, 7.32252721 ], [ 134.52769945, 7.32252721 ], [ 134.52769945, 7.32243738 ], [ 134.527744360000014, 7.32243738 ], [ 134.527744360000014, 7.32239246 ], [ 134.52778928, 7.32239246 ], [ 134.52778928, 7.32230263 ], [ 134.52783419, 7.32230263 ], [ 134.52783419, 7.3222128 ], [ 134.527879109999986, 7.3222128 ], [ 134.527879109999986, 7.32207805 ], [ 134.52792403, 7.32207805 ], [ 134.52792403, 7.32203313 ], [ 134.527879109999986, 7.32203313 ], [ 134.527879109999986, 7.32189839 ], [ 134.52783419, 7.32189839 ], [ 134.52783419, 7.32185347 ], [ 134.52778928, 7.32185347 ], [ 134.52778928, 7.32180855 ], [ 134.527744360000014, 7.32180855 ], [ 134.527744360000014, 7.32176364 ], [ 134.52769945, 7.32176364 ], [ 134.52769945, 7.32171872 ], [ 134.52765453, 7.32171872 ], [ 134.52765453, 7.32167381 ], [ 134.52760962, 7.32167381 ], [ 134.52760962, 7.32162889 ], [ 134.5275647, 7.32162889 ], [ 134.52751978, 7.32162889 ], [ 134.52751978, 7.32158398 ], [ 134.52747487, 7.32158398 ], [ 134.52742995, 7.32158398 ], [ 134.52742995, 7.32153906 ], [ 134.52716046, 7.32153906 ], [ 134.52716046, 7.32158398 ], [ 134.52702571, 7.32158398 ], [ 134.52702571, 7.32162889 ], [ 134.52698079000001, 7.32162889 ], [ 134.52698079000001, 7.32167381 ], [ 134.52693588, 7.32167381 ], [ 134.52693588, 7.32176364 ], [ 134.52689096, 7.32176364 ], [ 134.52689096, 7.32189839 ], [ 134.526846049999989, 7.32189839 ], [ 134.526846049999989, 7.32203313 ], [ 134.52689096, 7.32203313 ], [ 134.52689096, 7.3222128 ], [ 134.52693588, 7.3222128 ], [ 134.52693588, 7.32230263 ], [ 134.52698079000001, 7.32230263 ], [ 134.52698079000001, 7.32239246 ], [ 134.52702571, 7.32239246 ], [ 134.52702571, 7.32248229 ], [ 134.52707063, 7.32248229 ], [ 134.52707063, 7.32252721 ], [ 134.527115540000011, 7.32252721 ], [ 134.527115540000011, 7.32261704 ], [ 134.52716046, 7.32261704 ], [ 134.52716046, 7.32266195 ], [ 134.52720537, 7.32266195 ], [ 134.52720537, 7.32270687 ], [ 134.52734012, 7.32270687 ] ] ] } },
{ "type": "Feature", "properties": { "id": "geomorphic_data_verbose.fid-75f8f034_1a0c1004d45_-52a2", "class_name": "Outer Reef Flat", "area_sqkm": 0.027468539925957564 }, "geometry": { "type": "Polygon", "coordinates": [ [ [ 134.52864268, 7.32405434 ], [ 134.52864268, 7.32387468 ], [ 134.52868759, 7.32387468 ], [ 134.52868759, 7.32382976 ], [ 134.52873251, 7.32382976 ], [ 134.52873251, 7.32378485 ], [ 134.52868759, 7.32378485 ], [ 134.52868759, 7.32373993 ], [ 134.52873251, 7.32373993 ], [ 134.52873251, 7.3227967 ], [ 134.52868759, 7.3227967 ], [ 134.52868759, 7.32275179 ], [ 134.52864268, 7.32275179 ], [ 134.52864268, 7.32252721 ], [ 134.52868759, 7.32252721 ], [ 134.52868759, 7.32243738 ], [ 134.52859776, 7.32243738 ], [ 134.52859776, 7.32239246 ], [ 134.528552850000011, 7.32239246 ], [ 134.528552850000011, 7.32230263 ], [ 134.52859776, 7.32230263 ], [ 134.52859776, 7.32225771 ], [ 134.528552850000011, 7.32225771 ], [ 134.528552850000011, 7.32207805 ], [ 134.528507929999989, 7.32207805 ], [ 134.528507929999989, 7.32203313 ], [ 134.528552850000011, 7.32203313 ], [ 134.528552850000011, 7.3219433 ], [ 134.52864268, 7.3219433 ], [ 134.52864268, 7.32189839 ], [ 134.52868759, 7.32189839 ], [ 134.52868759, 7.32180855 ], [ 134.52895709, 7.32180855 ], [ 134.52895709, 7.32176364 ], [ 134.529046920000013, 7.32176364 ], [ 134.529046920000013, 7.32171872 ], [ 134.529181670000014, 7.32171872 ], [ 134.529181670000014, 7.32176364 ], [ 134.52922658, 7.32176364 ], [ 134.52922658, 7.32198822 ], [ 134.52931641, 7.32198822 ], [ 134.52931641, 7.32203313 ], [ 134.52936133, 7.32203313 ], [ 134.52936133, 7.32207805 ], [ 134.52940625, 7.32207805 ], [ 134.52940625, 7.32212297 ], [ 134.52945116, 7.32212297 ], [ 134.52945116, 7.32216788 ], [ 134.52949608, 7.32216788 ], [ 134.52949608, 7.32225771 ], [ 134.529540989999987, 7.32225771 ], [ 134.529540989999987, 7.32234754 ], [ 134.52958591, 7.32234754 ], [ 134.52958591, 7.32239246 ], [ 134.52963082, 7.32239246 ], [ 134.52963082, 7.32243738 ], [ 134.52976557, 7.32243738 ], [ 134.52976557, 7.32248229 ], [ 134.529810489999988, 7.32248229 ], [ 134.529810489999988, 7.32252721 ], [ 134.52990032, 7.32252721 ], [ 134.52990032, 7.32248229 ], [ 134.52999015, 7.32248229 ], [ 134.52999015, 7.32225771 ], [ 134.52990032, 7.32225771 ], [ 134.52990032, 7.32230263 ], [ 134.52976557, 7.32230263 ], [ 134.52976557, 7.32225771 ], [ 134.52972066000001, 7.32225771 ], [ 134.52972066000001, 7.32216788 ], [ 134.529675739999988, 7.32216788 ], [ 134.529675739999988, 7.32207805 ], [ 134.52963082, 7.32207805 ], [ 134.52963082, 7.32198822 ], [ 134.52958591, 7.32198822 ], [ 134.52958591, 7.3219433 ], [ 134.529540989999987, 7.3219433 ], [ 134.529540989999987, 7.32189839 ], [ 134.52945116, 7.32189839 ], [ 134.52945116, 7.32185347 ], [ 134.52940625, 7.32185347 ], [ 134.52940625, 7.32167381 ], [ 134.52936133, 7.32167381 ], [ 134.52936133, 7.32162889 ], [ 134.5292715, 7.32162889 ], [ 134.5292715, 7.32158398 ], [ 134.52922658, 7.32158398 ], [ 134.52922658, 7.32153906 ], [ 134.5292715, 7.32153906 ], [ 134.5292715, 7.32149414 ], [ 134.52931641, 7.32149414 ], [ 134.52931641, 7.32144923 ], [ 134.52909184, 7.32144923 ], [ 134.52909184, 7.32149414 ], [ 134.52913675, 7.32149414 ], [ 134.52913675, 7.32153906 ], [ 134.52909184, 7.32153906 ], [ 134.52909184, 7.32158398 ], [ 134.52895709, 7.32158398 ], [ 134.52895709, 7.32162889 ], [ 134.52886726, 7.32162889 ], [ 134.52886726, 7.32167381 ], [ 134.52882234, 7.32167381 ], [ 134.52882234, 7.32171872 ], [ 134.52877743, 7.32171872 ], [ 134.52877743, 7.32176364 ], [ 134.528552850000011, 7.32176364 ], [ 134.528552850000011, 7.32180855 ], [ 134.52846301, 7.32180855 ], [ 134.52846301, 7.32185347 ], [ 134.52841810000001, 7.32185347 ], [ 134.52841810000001, 7.3219433 ], [ 134.528373179999988, 7.3219433 ], [ 134.528373179999988, 7.32203313 ], [ 134.52832827, 7.32203313 ], [ 134.52832827, 7.32225771 ], [ 134.528373179999988, 7.32225771 ], [ 134.528373179999988, 7.32230263 ], [ 134.52828335, 7.32230263 ], [ 134.52828335, 7.32225771 ], [ 134.52823844, 7.32225771 ], [ 134.52823844, 7.3222128 ], [ 134.52819352, 7.3222128 ], [ 134.52819352, 7.32216788 ], [ 134.52823844, 7.32216788 ], [ 134.52823844, 7.32207805 ], [ 134.52819352, 7.32207805 ], [ 134.52819352, 7.3219433 ], [ 134.5281486, 7.3219433 ], [ 134.5281486, 7.32189839 ], [ 134.52810369, 7.32189839 ], [ 134.52810369, 7.32185347 ], [ 134.528013859999987, 7.32185347 ], [ 134.528013859999987, 7.32176364 ], [ 134.52796894, 7.32176364 ], [ 134.52796894, 7.32162889 ], [ 134.527879109999986, 7.32162889 ], [ 134.527879109999986, 7.32158398 ], [ 134.52778928, 7.32158398 ], [ 134.52778928, 7.32162889 ], [ 134.527744360000014, 7.32162889 ], [ 134.527744360000014, 7.32167381 ], [ 134.52783419, 7.32167381 ], [ 134.52783419, 7.32171872 ], [ 134.527879109999986, 7.32171872 ], [ 134.527879109999986, 7.32185347 ], [ 134.52792403, 7.32185347 ], [ 134.52792403, 7.32189839 ], [ 134.527879109999986, 7.32189839 ], [ 134.527879109999986, 7.32203313 ], [ 134.52792403, 7.32203313 ], [ 134.52792403, 7.32207805 ], [ 134.527879109999986, 7.32207805 ], [ 134.527879109999986, 7.3222128 ], [ 134.52783419, 7.3222128 ], [ 134.52783419, 7.32230263 ], [ 134.52778928, 7.32230263 ], [ 134.52778928, 7.32239246 ], [ 134.527744360000014, 7.32239246 ], [ 134.527744360000014, 7.32243738 ], [ 134.52769945, 7.32243738 ], [ 134.52769945, 7.32252721 ], [ 134.52760962, 7.32252721 ], [ 134.52760962, 7.32257212 ], [ 134.5275647, 7.32257212 ], [ 134.5275647, 7.32261704 ], [ 134.52747487, 7.32261704 ], [ 134.52747487, 7.32266195 ], [ 134.52734012, 7.32266195 ], [ 134.52734012, 7.32270687 ], [ 134.527250290000012, 7.32270687 ], [ 134.527250290000012, 7.32275179 ], [ 134.52720537, 7.32275179 ], [ 134.52720537, 7.32302128 ], [ 134.52716046, 7.32302128 ], [ 134.52716046, 7.3230662 ], [ 134.527115540000011, 7.3230662 ], [ 134.527115540000011, 7.32311111 ], [ 134.52716046, 7.32311111 ], [ 134.52716046, 7.32320094 ], [ 134.52720537, 7.32320094 ], [ 134.52720537, 7.32333569 ], [ 134.527250290000012, 7.32333569 ], [ 134.527250290000012, 7.32338061 ], [ 134.5272952, 7.32338061 ], [ 134.5272952, 7.32342552 ], [ 134.52716046, 7.32342552 ], [ 134.52716046, 7.32347044 ], [ 134.52720537, 7.32347044 ], [ 134.52720537, 7.32351535 ], [ 134.527250290000012, 7.32351535 ], [ 134.527250290000012, 7.32360519 ], [ 134.52734012, 7.32360519 ], [ 134.52734012, 7.32356027 ], [ 134.52765453, 7.32356027 ], [ 134.52765453, 7.32360519 ], [ 134.52783419, 7.32360519 ], [ 134.52783419, 7.32369502 ], [ 134.52792403, 7.32369502 ], [ 134.52792403, 7.3236501 ], [ 134.528013859999987, 7.3236501 ], [ 134.528013859999987, 7.32351535 ], [ 134.52810369, 7.32351535 ], [ 134.52810369, 7.32342552 ], [ 134.5281486, 7.32342552 ], [ 134.5281486, 7.32338061 ], [ 134.52832827, 7.32338061 ], [ 134.52832827, 7.32324586 ], [ 134.52819352, 7.32324586 ], [ 134.52819352, 7.32302128 ], [ 134.52828335, 7.32302128 ], [ 134.52828335, 7.3227967 ], [ 134.52832827, 7.3227967 ], [ 134.52832827, 7.32284162 ], [ 134.528373179999988, 7.32284162 ], [ 134.528373179999988, 7.32288653 ], [ 134.52841810000001, 7.32288653 ], [ 134.52841810000001, 7.32293145 ], [ 134.528507929999989, 7.32293145 ], [ 134.528507929999989, 7.3230662 ], [ 134.528552850000011, 7.3230662 ], [ 134.528552850000011, 7.32360519 ], [ 134.528507929999989, 7.32360519 ], [ 134.528507929999989, 7.32369502 ], [ 134.52846301, 7.32369502 ], [ 134.52846301, 7.32405434 ], [ 134.528507929999989, 7.32405434 ], [ 134.528507929999989, 7.32409926 ], [ 134.52859776, 7.32409926 ], [ 134.52859776, 7.32414417 ], [ 134.52864268, 7.32414417 ], [ 134.52864268, 7.32418909 ], [ 134.52868759, 7.32418909 ], [ 134.52868759, 7.32405434 ], [ 134.52864268, 7.32405434 ] ] ] } },
{ "type": "Feature", "properties": { "id": "geomorphic_data_verbose.fid-75f8f034_1a0c1004d45_-5268", "class_name": "Outer Reef Flat", "area_sqkm": 0.0020201008149287663 }, "geometry": { "type": "Polygon", "coordinates": [ [ [ 134.526576549999987, 7.32459333 ], [ 134.526576549999987, 7.32445858 ], [ 134.52653164, 7.32445858 ], [ 134.52653164, 7.32441367 ], [ 134.52648672, 7.32441367 ], [ 134.52648672, 7.32436875 ], [ 134.52644181, 7.32436875 ], [ 134.52639689, 7.32436875 ], [ 134.52639689, 7.32427892 ], [ 134.52635197, 7.32427892 ], [ 134.52630706, 7.32427892 ], [ 134.52630706, 7.32423401 ], [ 134.52626214, 7.32423401 ], [ 134.526217229999986, 7.32423401 ], [ 134.526217229999986, 7.32418909 ], [ 134.52617231, 7.32418909 ], [ 134.526082480000014, 7.32418909 ], [ 134.526082480000014, 7.32414417 ], [ 134.52603756, 7.32414417 ], [ 134.525947730000013, 7.32414417 ], [ 134.525947730000013, 7.32409926 ], [ 134.52590282, 7.32409926 ], [ 134.52590282, 7.32414417 ], [ 134.52572315, 7.32414417 ], [ 134.52572315, 7.32423401 ], [ 134.5258579, 7.32423401 ], [ 134.52590282, 7.32423401 ], [ 134.52590282, 7.32427892 ], [ 134.525947730000013, 7.32427892 ], [ 134.525947730000013, 7.32432384 ], [ 134.52599265, 7.32432384 ], [ 134.52599265, 7.32436875 ], [ 134.52603756, 7.32436875 ], [ 134.526082480000014, 7.32436875 ], [ 134.526082480000014, 7.32441367 ], [ 134.52617231, 7.32441367 ], [ 134.526217229999986, 7.32441367 ], [ 134.526217229999986, 7.32445858 ], [ 134.52626214, 7.32445858 ], [ 134.52626214, 7.32454842 ], [ 134.52635197, 7.32454842 ], [ 134.52639689, 7.32454842 ], [ 134.52639689, 7.32459333 ], [ 134.526576549999987, 7.32459333 ] ] ] } },
{ "type": "Feature", "properties": { "id": "geomorphic_data_verbose.fid-75f8f034_1a0c1004d45_-5aa7", "class_name": "Terrestrial Reef Flat", "area_sqkm": 4.927074627391994e-05 }, "geometry": { "type": "Polygon", "coordinates": [ [ [ 134.526082480000014, 7.32441367 ], [ 134.526082480000014, 7.32436875 ], [ 134.52599265, 7.32436875 ], [ 134.52599265, 7.32441367 ], [ 134.526082480000014, 7.32441367 ] ] ] } },
{ "type": "Feature", "properties": { "id": "geomorphic_data_verbose.fid-75f8f034_1a0c1004d45_-5caf", "class_name": "Back Reef Slope", "area_sqkm": 0.0016259351558643392 }, "geometry": { "type": "Polygon", "coordinates": [ [ [ 134.52626214, 7.32459333 ], [ 134.52626214, 7.32454842 ], [ 134.526217229999986, 7.32454842 ], [ 134.526217229999986, 7.3245035 ], [ 134.52617231, 7.3245035 ], [ 134.52617231, 7.32445858 ], [ 134.52612739, 7.32445858 ], [ 134.526082480000014, 7.32445858 ], [ 134.526082480000014, 7.32441367 ], [ 134.52603756, 7.32441367 ], [ 134.52599265, 7.32441367 ], [ 134.52599265, 7.32436875 ], [ 134.52563332, 7.32436875 ], [ 134.52563332, 7.32441367 ], [ 134.52554349, 7.32441367 ], [ 134.52554349, 7.32454842 ], [ 134.52549857, 7.32454842 ], [ 134.52549857, 7.32459333 ], [ 134.52626214, 7.32459333 ] ] ] } },
{ "type": "Feature", "properties": { "id": "geomorphic_data_verbose.fid-75f8f034_1a0c1004d45_-5aa8", "class_name": "Terrestrial Reef Flat", "area_sqkm": 0.00014781220973096788 }, "geometry": { "type": "Polygon", "coordinates": [ [ [ 134.52626214, 7.32454842 ], [ 134.52626214, 7.32445858 ], [ 134.526217229999986, 7.32445858 ], [ 134.526217229999986, 7.32441367 ], [ 134.526082480000014, 7.32441367 ], [ 134.526082480000014, 7.32445858 ], [ 134.52612739, 7.32445858 ], [ 134.52617231, 7.32445858 ], [ 134.52617231, 7.3245035 ], [ 134.526217229999986, 7.3245035 ], [ 134.526217229999986, 7.32454842 ], [ 134.52626214, 7.32454842 ] ] ] } },
{ "type": "Feature", "properties": { "id": "geomorphic_data_verbose.fid-75f8f034_1a0c1004d45_-5b9e", "class_name": "Terrestrial Reef Flat", "area_sqkm": 7.390609038993716e-05 }, "geometry": { "type": "Polygon", "coordinates": [ [ [ 134.52639689, 7.32459333 ], [ 134.52639689, 7.32454842 ], [ 134.52626214, 7.32454842 ], [ 134.52626214, 7.32459333 ], [ 134.52639689, 7.32459333 ] ] ] } },
{ "type": "Feature", "properties": { "id": "geomorphic_data_verbose.fid-75f8f034_1a0c1004d45_-5a12", "class_name": "Terrestrial Reef Flat", "area_sqkm": 0.00024635357055393981 }, "geometry": { "type": "Polygon", "coordinates": [ [ [ 134.52635197, 7.32481791 ], [ 134.52635197, 7.324773 ], [ 134.52639689, 7.324773 ], [ 134.52639689, 7.32459333 ], [ 134.52635197, 7.32459333 ], [ 134.52626214, 7.32459333 ], [ 134.52626214, 7.32463825 ], [ 134.52630706, 7.32463825 ], [ 134.52630706, 7.32481791 ], [ 134.52635197, 7.32481791 ] ] ] } },
{ "type": "Feature", "properties": { "id": "geomorphic_data_verbose.fid-75f8f034_1a0c1004d45_-58e9", "class_name": "Terrestrial Reef Flat", "area_sqkm": 2.4635549542028457e-05 }, "geometry": { "type": "Polygon", "coordinates": [ [ [ 134.52909184, 7.32113482 ], [ 134.52909184, 7.3210899 ], [ 134.529046920000013, 7.3210899 ], [ 134.529046920000013, 7.32113482 ], [ 134.52909184, 7.32113482 ] ] ] } },
{ "type": "Feature", "properties": { "id": "geomorphic_data_verbose.fid-75f8f034_1a0c1004d45_-569a", "class_name": "Terrestrial Reef Flat", "area_sqkm": 4.9270992747507987e-05 }, "geometry": { "type": "Polygon", "coordinates": [ [ [ 134.53030456, 7.32212297 ], [ 134.53030456, 7.32207805 ], [ 134.530214730000012, 7.32207805 ], [ 134.530214730000012, 7.32212297 ], [ 134.53030456, 7.32212297 ] ] ] } },
{ "type": "Feature", "properties": { "id": "geomorphic_data_verbose.fid-75f8f034_1a0c1004d45_-5a09", "class_name": "Back Reef Slope", "area_sqkm": 0.053040094114543405 }, "geometry": { "type": "Polygon", "coordinates": [ [ [ 134.529181670000014, 7.32459333 ], [ 134.529181670000014, 7.32454842 ], [ 134.5292715, 7.32454842 ], [ 134.5292715, 7.3245035 ], [ 134.52949608, 7.3245035 ], [ 134.52949608, 7.32445858 ], [ 134.52958591, 7.32445858 ], [ 134.52958591, 7.32441367 ], [ 134.52963082, 7.32441367 ], [ 134.52963082, 7.32436875 ], [ 134.5298554, 7.32436875 ], [ 134.5298554, 7.32432384 ], [ 134.52990032, 7.32432384 ], [ 134.52990032, 7.32427892 ], [ 134.52999015, 7.32427892 ], [ 134.52999015, 7.32418909 ], [ 134.530214730000012, 7.32418909 ], [ 134.530214730000012, 7.32414417 ], [ 134.53030456, 7.32414417 ], [ 134.53030456, 7.32418909 ], [ 134.530349480000012, 7.32418909 ], [ 134.530349480000012, 7.32414417 ], [ 134.53039439, 7.32414417 ], [ 134.53039439, 7.32405434 ], [ 134.53043931, 7.32405434 ], [ 134.53043931, 7.32400943 ], [ 134.53052914, 7.32400943 ], [ 134.53052914, 7.32405434 ], [ 134.53057406, 7.32405434 ], [ 134.53057406, 7.32409926 ], [ 134.53061897, 7.32409926 ], [ 134.53061897, 7.32400943 ], [ 134.53057406, 7.32400943 ], [ 134.53057406, 7.32396451 ], [ 134.53061897, 7.32396451 ], [ 134.53061897, 7.32382976 ], [ 134.53066389, 7.32382976 ], [ 134.53066389, 7.32387468 ], [ 134.530708800000014, 7.32387468 ], [ 134.530708800000014, 7.32373993 ], [ 134.53066389, 7.32373993 ], [ 134.53066389, 7.32369502 ], [ 134.530708800000014, 7.32369502 ], [ 134.530708800000014, 7.32360519 ], [ 134.53075372, 7.32360519 ], [ 134.53075372, 7.32356027 ], [ 134.53079863, 7.32356027 ], [ 134.53079863, 7.32347044 ], [ 134.53075372, 7.32347044 ], [ 134.530708800000014, 7.32347044 ], [ 134.530708800000014, 7.32351535 ], [ 134.53066389, 7.32351535 ], [ 134.53066389, 7.32342552 ], [ 134.53061897, 7.32342552 ], [ 134.53061897, 7.32347044 ], [ 134.53048422, 7.32347044 ], [ 134.53048422, 7.32338061 ], [ 134.53052914, 7.32338061 ], [ 134.53052914, 7.32329077 ], [ 134.53061897, 7.32329077 ], [ 134.53061897, 7.32311111 ], [ 134.53066389, 7.32311111 ], [ 134.53066389, 7.32297636 ], [ 134.530708800000014, 7.32297636 ], [ 134.530708800000014, 7.32284162 ], [ 134.53075372, 7.32284162 ], [ 134.53075372, 7.32257212 ], [ 134.530708800000014, 7.32257212 ], [ 134.530708800000014, 7.32252721 ], [ 134.53066389, 7.32252721 ], [ 134.53066389, 7.32248229 ], [ 134.53061897, 7.32248229 ], [ 134.53061897, 7.32243738 ], [ 134.53057406, 7.32243738 ], [ 134.53048422, 7.32243738 ], [ 134.53048422, 7.32225771 ], [ 134.53043931, 7.32225771 ], [ 134.53039439, 7.32225771 ], [ 134.53039439, 7.32216788 ], [ 134.530349480000012, 7.32216788 ], [ 134.53030456, 7.32216788 ], [ 134.53030456, 7.32212297 ], [ 134.530214730000012, 7.32212297 ], [ 134.530214730000012, 7.3222128 ], [ 134.53025965, 7.3222128 ], [ 134.53025965, 7.32225771 ], [ 134.530214730000012, 7.32225771 ], [ 134.530214730000012, 7.32230263 ], [ 134.53016981, 7.32230263 ], [ 134.53016981, 7.32234754 ], [ 134.5301249, 7.32234754 ], [ 134.5301249, 7.32239246 ], [ 134.53003507, 7.32239246 ], [ 134.53003507, 7.32243738 ], [ 134.52999015, 7.32243738 ], [ 134.52999015, 7.32248229 ], [ 134.52990032, 7.32248229 ], [ 134.52990032, 7.32252721 ], [ 134.529810489999988, 7.32252721 ], [ 134.529810489999988, 7.32248229 ], [ 134.52976557, 7.32248229 ], [ 134.52976557, 7.32243738 ], [ 134.52972066000001, 7.32243738 ], [ 134.52963082, 7.32243738 ], [ 134.52963082, 7.32239246 ], [ 134.52958591, 7.32239246 ], [ 134.52958591, 7.32234754 ], [ 134.529540989999987, 7.32234754 ], [ 134.529540989999987, 7.32225771 ], [ 134.52949608, 7.32225771 ], [ 134.52949608, 7.32216788 ], [ 134.52945116, 7.32216788 ], [ 134.52945116, 7.32212297 ], [ 134.52940625, 7.32212297 ], [ 134.52940625, 7.32207805 ], [ 134.52936133, 7.32207805 ], [ 134.52936133, 7.32203313 ], [ 134.52931641, 7.32203313 ], [ 134.52931641, 7.32198822 ], [ 134.5292715, 7.32198822 ], [ 134.52922658, 7.32198822 ], [ 134.52922658, 7.32176364 ], [ 134.529181670000014, 7.32176364 ], [ 134.529181670000014, 7.32171872 ], [ 134.529046920000013, 7.32171872 ], [ 134.529046920000013, 7.32176364 ], [ 134.52895709, 7.32176364 ], [ 134.52895709, 7.32180855 ], [ 134.52868759, 7.32180855 ], [ 134.52868759, 7.32189839 ], [ 134.52864268, 7.32189839 ], [ 134.52864268, 7.3219433 ], [ 134.528552850000011, 7.3219433 ], [ 134.528552850000011, 7.32203313 ], [ 134.528507929999989, 7.32203313 ], [ 134.528507929999989, 7.32207805 ], [ 134.528552850000011, 7.32207805 ], [ 134.528552850000011, 7.32225771 ], [ 134.52859776, 7.32225771 ], [ 134.52859776, 7.32230263 ], [ 134.528552850000011, 7.32230263 ], [ 134.528552850000011, 7.32239246 ], [ 134.52859776, 7.32239246 ], [ 134.52859776, 7.32243738 ], [ 134.52864268, 7.32243738 ], [ 134.52868759, 7.32243738 ], [ 134.52868759, 7.32252721 ], [ 134.52864268, 7.32252721 ], [ 134.52864268, 7.32275179 ], [ 134.52868759, 7.32275179 ], [ 134.52868759, 7.3227967 ], [ 134.52873251, 7.3227967 ], [ 134.52873251, 7.32373993 ], [ 134.52868759, 7.32373993 ], [ 134.52868759, 7.32378485 ], [ 134.52873251, 7.32378485 ], [ 134.52873251, 7.32382976 ], [ 134.52868759, 7.32382976 ], [ 134.52868759, 7.32387468 ], [ 134.52864268, 7.32387468 ], [ 134.52864268, 7.32405434 ], [ 134.52868759, 7.32405434 ], [ 134.52868759, 7.32418909 ], [ 134.52864268, 7.32418909 ], [ 134.52864268, 7.32423401 ], [ 134.52859776, 7.32423401 ], [ 134.52859776, 7.32432384 ], [ 134.52873251, 7.32432384 ], [ 134.52877743, 7.32432384 ], [ 134.52877743, 7.32436875 ], [ 134.52882234, 7.32436875 ], [ 134.52882234, 7.32441367 ], [ 134.52886726, 7.32441367 ], [ 134.528912170000012, 7.32441367 ], [ 134.528912170000012, 7.32445858 ], [ 134.52895709, 7.32445858 ], [ 134.52895709, 7.3245035 ], [ 134.529002, 7.3245035 ], [ 134.529002, 7.32454842 ], [ 134.529046920000013, 7.32454842 ], [ 134.529046920000013, 7.32459333 ], [ 134.529181670000014, 7.32459333 ] ] ] } },
{ "type": "Feature", "properties": { "id": "geomorphic_data_verbose.fid-75f8f034_1a0c1004d45_-5c2c", "class_name": "Shallow Lagoon", "area_sqkm": 0.0038677551040989348 }, "geometry": { "type": "Polygon", "coordinates": [ [ [ 134.530079980000011, 7.32459333 ], [ 134.530079980000011, 7.32454842 ], [ 134.530214730000012, 7.32454842 ], [ 134.530214730000012, 7.3245035 ], [ 134.53061897, 7.3245035 ], [ 134.53061897, 7.32445858 ], [ 134.53057406, 7.32445858 ], [ 134.53057406, 7.32441367 ], [ 134.53052914, 7.32441367 ], [ 134.53048422, 7.32441367 ], [ 134.53048422, 7.32436875 ], [ 134.53043931, 7.32436875 ], [ 134.53039439, 7.32436875 ], [ 134.53039439, 7.32427892 ], [ 134.53061897, 7.32427892 ], [ 134.53061897, 7.32423401 ], [ 134.53057406, 7.32423401 ], [ 134.53048422, 7.32423401 ], [ 134.53048422, 7.32418909 ], [ 134.53043931, 7.32418909 ], [ 134.53030456, 7.32418909 ], [ 134.53030456, 7.32414417 ], [ 134.530214730000012, 7.32414417 ], [ 134.530214730000012, 7.32418909 ], [ 134.52999015, 7.32418909 ], [ 134.52999015, 7.32427892 ], [ 134.52990032, 7.32427892 ], [ 134.52990032, 7.32432384 ], [ 134.5298554, 7.32432384 ], [ 134.5298554, 7.32436875 ], [ 134.52963082, 7.32436875 ], [ 134.52963082, 7.32441367 ], [ 134.52958591, 7.32441367 ], [ 134.52958591, 7.32445858 ], [ 134.52949608, 7.32445858 ], [ 134.52949608, 7.3245035 ], [ 134.5292715, 7.3245035 ], [ 134.5292715, 7.32454842 ], [ 134.529181670000014, 7.32454842 ], [ 134.529181670000014, 7.32459333 ], [ 134.530079980000011, 7.32459333 ] ] ] } },
{ "type": "Feature", "properties": { "id": "geomorphic_data_verbose.fid-75f8f034_1a0c1004d45_-5a0b", "class_name": "Shallow Lagoon", "area_sqkm": 0.0013795810431758873 }, "geometry": { "type": "Polygon", "coordinates": [ [ [ 134.529046920000013, 7.32459333 ], [ 134.529046920000013, 7.32454842 ], [ 134.529002, 7.32454842 ], [ 134.529002, 7.3245035 ], [ 134.52895709, 7.3245035 ], [ 134.52895709, 7.32445858 ], [ 134.528912170000012, 7.32445858 ], [ 134.528912170000012, 7.32441367 ], [ 134.52886726, 7.32441367 ], [ 134.52882234, 7.32441367 ], [ 134.52882234, 7.32436875 ], [ 134.52877743, 7.32436875 ], [ 134.52877743, 7.32432384 ], [ 134.528552850000011, 7.32432384 ], [ 134.528552850000011, 7.32441367 ], [ 134.528507929999989, 7.32441367 ], [ 134.528507929999989, 7.32445858 ], [ 134.52846301, 7.32445858 ], [ 134.52846301, 7.32459333 ], [ 134.529046920000013, 7.32459333 ] ] ] } },
{ "type": "Feature", "properties": { "id": "geomorphic_data_verbose.fid-75f8f034_1a0c1004d45_-52be", "class_name": "Back Reef Slope", "area_sqkm": 2.4635361045133322e-05 }, "geometry": { "type": "Polygon", "coordinates": [ [ [ 134.52976557, 7.32463825 ], [ 134.52976557, 7.32459333 ], [ 134.52972066000001, 7.32459333 ], [ 134.52972066000001, 7.32463825 ], [ 134.52976557, 7.32463825 ] ] ] } },
{ "type": "Feature", "properties": { "id": "geomorphic_data_verbose.fid-75f8f034_1a0c1004d45_-5a1c", "class_name": "Back Reef Slope", "area_sqkm": 4.927071727346629e-05 }, "geometry": { "type": "Polygon", "coordinates": [ [ [ 134.529675739999988, 7.32468316 ], [ 134.529675739999988, 7.32463825 ], [ 134.52958591, 7.32463825 ], [ 134.52958591, 7.32468316 ], [ 134.529675739999988, 7.32468316 ] ] ] } },
{ "type": "Feature", "properties": { "id": "geomorphic_data_verbose.fid-75f8f034_1a0c1004d45_-566b", "class_name": "Shallow Lagoon", "area_sqkm": 0.00014781215055752545 }, "geometry": { "type": "Polygon", "coordinates": [ [ [ 134.530079980000011, 7.324773 ], [ 134.530079980000011, 7.32459333 ], [ 134.53003507, 7.32459333 ], [ 134.52994523000001, 7.32459333 ], [ 134.52994523000001, 7.32463825 ], [ 134.52999015, 7.32463825 ], [ 134.53003507, 7.32463825 ], [ 134.53003507, 7.324773 ], [ 134.530079980000011, 7.324773 ] ] ] } },
{ "type": "Feature", "properties": { "id": "geomorphic_data_verbose.fid-75f8f034_1a0c1004d45_-52a1", "class_name": "Shallow Lagoon", "area_sqkm": 0.0015766614659456536 }, "geometry": { "type": "Polygon", "coordinates": [ [ [ 134.52868759, 7.32486283 ], [ 134.52868759, 7.32481791 ], [ 134.52873251, 7.32481791 ], [ 134.52873251, 7.324773 ], [ 134.52882234, 7.324773 ], [ 134.52882234, 7.32481791 ], [ 134.528912170000012, 7.32481791 ], [ 134.528912170000012, 7.324773 ], [ 134.52895709, 7.324773 ], [ 134.52895709, 7.32468316 ], [ 134.529002, 7.32468316 ], [ 134.529002, 7.32472808 ], [ 134.529046920000013, 7.32472808 ], [ 134.529046920000013, 7.32468316 ], [ 134.52909184, 7.32468316 ], [ 134.52909184, 7.32463825 ], [ 134.529181670000014, 7.32463825 ], [ 134.529181670000014, 7.32468316 ], [ 134.52913675, 7.32468316 ], [ 134.52913675, 7.32472808 ], [ 134.52922658, 7.32472808 ], [ 134.52922658, 7.32468316 ], [ 134.5292715, 7.32468316 ], [ 134.5292715, 7.32463825 ], [ 134.52936133, 7.32463825 ], [ 134.52936133, 7.32459333 ], [ 134.52931641, 7.32459333 ], [ 134.52846301, 7.32459333 ], [ 134.52846301, 7.32463825 ], [ 134.528507929999989, 7.32463825 ], [ 134.528552850000011, 7.32463825 ], [ 134.528552850000011, 7.32486283 ], [ 134.52868759, 7.32486283 ] ] ] } },
{ "type": "Feature", "properties": { "id": "geomorphic_data_verbose.fid-75f8f034_1a0c1004d45_-52ca", "class_name": "Inner Reef Flat", "area_sqkm": 0.0014042148522567003 }, "geometry": { "type": "Polygon", "coordinates": [ [ [ 134.52931641, 7.32504249 ], [ 134.52931641, 7.32499757 ], [ 134.52940625, 7.32499757 ], [ 134.52940625, 7.32495266 ], [ 134.52945116, 7.32495266 ], [ 134.52945116, 7.32490774 ], [ 134.529540989999987, 7.32490774 ], [ 134.529540989999987, 7.32486283 ], [ 134.52958591, 7.32486283 ], [ 134.52958591, 7.32481791 ], [ 134.52963082, 7.32481791 ], [ 134.52963082, 7.32472808 ], [ 134.529675739999988, 7.32472808 ], [ 134.529675739999988, 7.32468316 ], [ 134.52963082, 7.32468316 ], [ 134.52940625, 7.32468316 ], [ 134.52940625, 7.32472808 ], [ 134.52931641, 7.32472808 ], [ 134.52931641, 7.324773 ], [ 134.52922658, 7.324773 ], [ 134.52922658, 7.32481791 ], [ 134.529181670000014, 7.32481791 ], [ 134.529181670000014, 7.324773 ], [ 134.52913675, 7.324773 ], [ 134.52913675, 7.32495266 ], [ 134.529181670000014, 7.32495266 ], [ 134.529181670000014, 7.32504249 ], [ 134.52931641, 7.32504249 ] ] ] } },
{ "type": "Feature", "properties": { "id": "geomorphic_data_verbose.fid-75f8f034_1a0c1004d45_-5558", "class_name": "Deep Lagoon", "area_sqkm": 0.0010100493268989958 }, "geometry": { "type": "Polygon", "coordinates": [ [ [ 134.525453660000011, 7.32517724 ], [ 134.525453660000011, 7.32490774 ], [ 134.52554349, 7.32490774 ], [ 134.52554349, 7.32481791 ], [ 134.52549857, 7.32481791 ], [ 134.52549857, 7.32459333 ], [ 134.525453660000011, 7.32459333 ], [ 134.52531891000001, 7.32459333 ], [ 134.52531891000001, 7.32463825 ], [ 134.52522908, 7.32463825 ], [ 134.52522908, 7.32472808 ], [ 134.52531891000001, 7.32472808 ], [ 134.52531891000001, 7.32468316 ], [ 134.52536383, 7.32468316 ], [ 134.52536383, 7.32472808 ], [ 134.525408739999989, 7.32472808 ], [ 134.525408739999989, 7.324773 ], [ 134.525453660000011, 7.324773 ], [ 134.525453660000011, 7.32486283 ], [ 134.525408739999989, 7.32486283 ], [ 134.525408739999989, 7.32499757 ], [ 134.52536383, 7.32499757 ], [ 134.52536383, 7.32490774 ], [ 134.52531891000001, 7.32490774 ], [ 134.52531891000001, 7.324773 ], [ 134.525274, 7.324773 ], [ 134.525274, 7.32486283 ], [ 134.52522908, 7.32486283 ], [ 134.52522908, 7.32495266 ], [ 134.525274, 7.32495266 ], [ 134.525274, 7.32504249 ], [ 134.52536383, 7.32504249 ], [ 134.525408739999989, 7.32504249 ], [ 134.525408739999989, 7.32517724 ], [ 134.525453660000011, 7.32517724 ] ] ] } },
{ "type": "Feature", "properties": { "id": "geomorphic_data_verbose.fid-75f8f034_1a0c1004d45_-5a9f", "class_name": "Deep Lagoon", "area_sqkm": 0.0030547772285030223 }, "geometry": { "type": "Polygon", "coordinates": [ [ [ 134.52536383, 7.32638996 ], [ 134.52536383, 7.32634505 ], [ 134.525408739999989, 7.32634505 ], [ 134.525408739999989, 7.32630013 ], [ 134.525453660000011, 7.32630013 ], [ 134.525453660000011, 7.32594081 ], [ 134.525408739999989, 7.32594081 ], [ 134.525408739999989, 7.32585097 ], [ 134.52536383, 7.32585097 ], [ 134.52536383, 7.32580606 ], [ 134.52531891000001, 7.32580606 ], [ 134.52531891000001, 7.32571623 ], [ 134.525274, 7.32571623 ], [ 134.525274, 7.32558148 ], [ 134.52531891000001, 7.32558148 ], [ 134.52531891000001, 7.32540182 ], [ 134.52536383, 7.32540182 ], [ 134.52536383, 7.32531198 ], [ 134.525408739999989, 7.32531198 ], [ 134.525408739999989, 7.32517724 ], [ 134.52536383, 7.32517724 ], [ 134.52536383, 7.32522215 ], [ 134.52531891000001, 7.32522215 ], [ 134.52531891000001, 7.32526707 ], [ 134.525274, 7.32526707 ], [ 134.525274, 7.32531198 ], [ 134.52522908, 7.32531198 ], [ 134.52522908, 7.32526707 ], [ 134.52518416, 7.32526707 ], [ 134.52518416, 7.32531198 ], [ 134.52513925, 7.32531198 ], [ 134.52513925, 7.32540182 ], [ 134.52509433, 7.32540182 ], [ 134.52509433, 7.32544673 ], [ 134.525049419999988, 7.32544673 ], [ 134.525049419999988, 7.32558148 ], [ 134.52509433, 7.32558148 ], [ 134.52513925, 7.32558148 ], [ 134.52513925, 7.32562639 ], [ 134.52486975, 7.32562639 ], [ 134.52486975, 7.32576114 ], [ 134.5250045, 7.32576114 ], [ 134.525049419999988, 7.32576114 ], [ 134.525049419999988, 7.32585097 ], [ 134.52509433, 7.32585097 ], [ 134.52509433, 7.32589589 ], [ 134.525274, 7.32589589 ], [ 134.52531891000001, 7.32589589 ], [ 134.52531891000001, 7.32594081 ], [ 134.52522908, 7.32594081 ], [ 134.52522908, 7.32603064 ], [ 134.52518416, 7.32603064 ], [ 134.52518416, 7.32607555 ], [ 134.525274, 7.32607555 ], [ 134.52531891000001, 7.32607555 ], [ 134.52531891000001, 7.32612047 ], [ 134.52536383, 7.32612047 ], [ 134.52536383, 7.32625522 ], [ 134.525274, 7.32625522 ], [ 134.525274, 7.32634505 ], [ 134.52531891000001, 7.32634505 ], [ 134.52531891000001, 7.32638996 ], [ 134.52536383, 7.32638996 ] ], [ [ 134.52513925, 7.32576114 ], [ 134.52522908, 7.32576114 ], [ 134.52522908, 7.32580606 ], [ 134.52513925, 7.32580606 ], [ 134.52513925, 7.32576114 ] ] ] } },
{ "type": "Feature", "properties": { "id": "geomorphic_data_verbose.fid-75f8f034_1a0c1004d45_-5a14", "class_name": "Outer Reef Flat", "area_sqkm": 0.01919086280208733 }, "geometry": { "type": "Polygon", "coordinates": [ [ [ 134.52446551, 7.32903999 ], [ 134.52446551, 7.32899508 ], [ 134.52451043, 7.32899508 ], [ 134.52451043, 7.32886033 ], [ 134.52455534, 7.32886033 ], [ 134.52455534, 7.32868067 ], [ 134.52460026, 7.32868067 ], [ 134.52460026, 7.32845609 ], [ 134.52469009, 7.32845609 ], [ 134.52469009, 7.32841117 ], [ 134.52473501, 7.32841117 ], [ 134.52473501, 7.32832134 ], [ 134.52469009, 7.32832134 ], [ 134.52469009, 7.32827642 ], [ 134.52473501, 7.32827642 ], [ 134.52473501, 7.32800693 ], [ 134.52469009, 7.32800693 ], [ 134.52469009, 7.3279171 ], [ 134.52473501, 7.3279171 ], [ 134.52473501, 7.32782727 ], [ 134.524779919999986, 7.32782727 ], [ 134.524779919999986, 7.32773744 ], [ 134.52486975, 7.32773744 ], [ 134.52486975, 7.32769252 ], [ 134.524914669999987, 7.32769252 ], [ 134.524914669999987, 7.32760269 ], [ 134.52495959, 7.32760269 ], [ 134.52495959, 7.32755777 ], [ 134.524914669999987, 7.32755777 ], [ 134.52486975, 7.32755777 ], [ 134.52486975, 7.32746794 ], [ 134.524914669999987, 7.32746794 ], [ 134.524914669999987, 7.32742303 ], [ 134.52495959, 7.32742303 ], [ 134.52495959, 7.32737811 ], [ 134.5250045, 7.32737811 ], [ 134.5250045, 7.32728828 ], [ 134.52495959, 7.32728828 ], [ 134.52495959, 7.3270637 ], [ 134.5250045, 7.3270637 ], [ 134.5250045, 7.32701878 ], [ 134.52513925, 7.32701878 ], [ 134.52513925, 7.32697387 ], [ 134.52518416, 7.32697387 ], [ 134.52518416, 7.32692895 ], [ 134.52522908, 7.32692895 ], [ 134.52522908, 7.32688404 ], [ 134.52536383, 7.32688404 ], [ 134.52536383, 7.3267942 ], [ 134.525408739999989, 7.3267942 ], [ 134.525408739999989, 7.32670437 ], [ 134.525453660000011, 7.32670437 ], [ 134.525453660000011, 7.32661454 ], [ 134.52549857, 7.32661454 ], [ 134.52549857, 7.32652471 ], [ 134.52554349, 7.32652471 ], [ 134.52554349, 7.32647979 ], [ 134.525588410000012, 7.32647979 ], [ 134.525588410000012, 7.32638996 ], [ 134.52563332, 7.32638996 ], [ 134.52563332, 7.32634505 ], [ 134.525588410000012, 7.32634505 ], [ 134.525588410000012, 7.32630013 ], [ 134.52563332, 7.32630013 ], [ 134.52563332, 7.32612047 ], [ 134.52567824, 7.32612047 ], [ 134.52567824, 7.32603064 ], [ 134.52563332, 7.32603064 ], [ 134.52563332, 7.32589589 ], [ 134.525588410000012, 7.32589589 ], [ 134.525588410000012, 7.32576114 ], [ 134.52554349, 7.32576114 ], [ 134.52554349, 7.32571623 ], [ 134.52549857, 7.32571623 ], [ 134.52549857, 7.32553656 ], [ 134.52554349, 7.32553656 ], [ 134.52554349, 7.32540182 ], [ 134.525588410000012, 7.32540182 ], [ 134.525588410000012, 7.32531198 ], [ 134.52563332, 7.32531198 ], [ 134.52563332, 7.32517724 ], [ 134.52567824, 7.32517724 ], [ 134.52567824, 7.32522215 ], [ 134.52626214, 7.32522215 ], [ 134.52626214, 7.32517724 ], [ 134.52635197, 7.32517724 ], [ 134.52635197, 7.32513232 ], [ 134.52644181, 7.32513232 ], [ 134.52644181, 7.32499757 ], [ 134.52653164, 7.32499757 ], [ 134.52653164, 7.32504249 ], [ 134.52662147, 7.32504249 ], [ 134.52662147, 7.32490774 ], [ 134.52666638, 7.32490774 ], [ 134.52666638, 7.32486283 ], [ 134.52662147, 7.32486283 ], [ 134.52662147, 7.32481791 ], [ 134.52666638, 7.32481791 ], [ 134.52666638, 7.324773 ], [ 134.52662147, 7.324773 ], [ 134.52662147, 7.32459333 ], [ 134.52639689, 7.32459333 ], [ 134.52639689, 7.324773 ], [ 134.52635197, 7.324773 ], [ 134.52635197, 7.32481791 ], [ 134.52630706, 7.32481791 ], [ 134.52630706, 7.32495266 ], [ 134.52626214, 7.32495266 ], [ 134.52626214, 7.32499757 ], [ 134.52567824, 7.32499757 ], [ 134.52567824, 7.32495266 ], [ 134.52563332, 7.32495266 ], [ 134.52563332, 7.32490774 ], [ 134.525453660000011, 7.32490774 ], [ 134.525453660000011, 7.32517724 ], [ 134.525408739999989, 7.32517724 ], [ 134.525408739999989, 7.32531198 ], [ 134.52536383, 7.32531198 ], [ 134.52536383, 7.32540182 ], [ 134.52531891000001, 7.32540182 ], [ 134.52531891000001, 7.32558148 ], [ 134.525274, 7.32558148 ], [ 134.525274, 7.32571623 ], [ 134.52531891000001, 7.32571623 ], [ 134.52531891000001, 7.32580606 ], [ 134.52536383, 7.32580606 ], [ 134.52536383, 7.32585097 ], [ 134.525408739999989, 7.32585097 ], [ 134.525408739999989, 7.32594081 ], [ 134.525453660000011, 7.32594081 ], [ 134.525453660000011, 7.32630013 ], [ 134.525408739999989, 7.32630013 ], [ 134.525408739999989, 7.32634505 ], [ 134.52536383, 7.32634505 ], [ 134.52536383, 7.32638996 ], [ 134.525274, 7.32638996 ], [ 134.525274, 7.32643488 ], [ 134.52522908, 7.32643488 ], [ 134.52522908, 7.32647979 ], [ 134.52509433, 7.32647979 ], [ 134.52509433, 7.32656963 ], [ 134.525049419999988, 7.32656963 ], [ 134.525049419999988, 7.32665946 ], [ 134.5250045, 7.32665946 ], [ 134.5250045, 7.32674929 ], [ 134.52495959, 7.32674929 ], [ 134.52495959, 7.32670437 ], [ 134.52486975, 7.32670437 ], [ 134.52486975, 7.32674929 ], [ 134.52482484, 7.32674929 ], [ 134.52482484, 7.32665946 ], [ 134.524779919999986, 7.32665946 ], [ 134.52473501, 7.32665946 ], [ 134.52473501, 7.32661454 ], [ 134.52469009, 7.32661454 ], [ 134.52469009, 7.32665946 ], [ 134.524645170000014, 7.32665946 ], [ 134.524645170000014, 7.32670437 ], [ 134.52460026, 7.32670437 ], [ 134.52460026, 7.3267942 ], [ 134.52469009, 7.3267942 ], [ 134.52469009, 7.32674929 ], [ 134.52473501, 7.32674929 ], [ 134.524779919999986, 7.32674929 ], [ 134.524779919999986, 7.32688404 ], [ 134.52473501, 7.32688404 ], [ 134.52473501, 7.32683912 ], [ 134.52469009, 7.32683912 ], [ 134.52469009, 7.32701878 ], [ 134.524645170000014, 7.32701878 ], [ 134.524645170000014, 7.32715353 ], [ 134.52460026, 7.32715353 ], [ 134.52460026, 7.32728828 ], [ 134.52451043, 7.32728828 ], [ 134.52451043, 7.32719845 ], [ 134.524420600000013, 7.32719845 ], [ 134.524420600000013, 7.32724336 ], [ 134.52437568, 7.32724336 ], [ 134.52437568, 7.32733319 ], [ 134.52433076, 7.32733319 ], [ 134.52433076, 7.32742303 ], [ 134.524285850000012, 7.32742303 ], [ 134.524285850000012, 7.32746794 ], [ 134.52419602, 7.32746794 ], [ 134.52419602, 7.3276476 ], [ 134.524151100000012, 7.3276476 ], [ 134.524151100000012, 7.32769252 ], [ 134.52410619, 7.32769252 ], [ 134.52410619, 7.32773744 ], [ 134.52419602, 7.32773744 ], [ 134.52424093, 7.32773744 ], [ 134.52424093, 7.32787218 ], [ 134.524285850000012, 7.32787218 ], [ 134.524285850000012, 7.3279171 ], [ 134.52437568, 7.3279171 ], [ 134.52437568, 7.32782727 ], [ 134.524420600000013, 7.32782727 ], [ 134.524420600000013, 7.3279171 ], [ 134.52446551, 7.3279171 ], [ 134.52446551, 7.32800693 ], [ 134.52451043, 7.32800693 ], [ 134.52455534, 7.32800693 ], [ 134.52455534, 7.32841117 ], [ 134.52451043, 7.32841117 ], [ 134.52451043, 7.32872558 ], [ 134.52446551, 7.32872558 ], [ 134.52446551, 7.32881541 ], [ 134.52437568, 7.32881541 ], [ 134.52437568, 7.32886033 ], [ 134.524420600000013, 7.32886033 ], [ 134.524420600000013, 7.32899508 ], [ 134.52437568, 7.32899508 ], [ 134.52437568, 7.32903999 ], [ 134.52446551, 7.32903999 ] ] ] } },
{ "type": "Feature", "properties": { "id": "geomorphic_data_verbose.fid-75f8f034_1a0c1004d45_-52ab", "class_name": "Deep Lagoon", "area_sqkm": 0.019067659854635131 }, "geometry": { "type": "MultiPolygon", "coordinates": [ [ [ [ 134.52123158, 7.32688404 ], [ 134.52123154962112, 7.32688404 ], [ 134.52123158, 7.326884758458807 ], [ 134.52123158, 7.32688404 ] ] ], [ [ [ 134.52123158, 7.32674929 ], [ 134.52123158, 7.3267942 ], [ 134.521321410000013, 7.3267942 ], [ 134.521321410000013, 7.32670437 ], [ 134.52127649, 7.32670437 ], [ 134.52127649, 7.32647979 ], [ 134.521321410000013, 7.32647979 ], [ 134.521321410000013, 7.32643488 ], [ 134.52136632, 7.32643488 ], [ 134.52136632, 7.32634505 ], [ 134.521321410000013, 7.32634505 ], [ 134.521321410000013, 7.32630013 ], [ 134.52127649, 7.32630013 ], [ 134.52127649, 7.32625522 ], [ 134.52123158, 7.32625522 ], [ 134.521204960971346, 7.32625522 ], [ 134.521225851932513, 7.32674929 ], [ 134.52123158, 7.32674929 ] ] ], [ [ [ 134.521186660000012, 7.32567131 ], [ 134.521186660000012, 7.32571623 ], [ 134.52127649, 7.32571623 ], [ 134.52127649, 7.32562639 ], [ 134.52123158, 7.32562639 ], [ 134.521178371898742, 7.32562639 ], [ 134.52118027126923, 7.32567131 ], [ 134.521186660000012, 7.32567131 ] ] ] ] } },
{ "type": "Feature", "properties": { "id": "geomorphic_data_verbose.fid-75f8f034_1a0c1004d45_-5a16", "class_name": "Outer Reef Flat", "area_sqkm": 0.00014781107127480208 }, "geometry": { "type": "Polygon", "coordinates": [ [ [ 134.524420600000013, 7.32805185 ], [ 134.524420600000013, 7.32796201 ], [ 134.524285850000012, 7.32796201 ], [ 134.524285850000012, 7.32805185 ], [ 134.524420600000013, 7.32805185 ] ] ] } },
{ "type": "Feature", "properties": { "id": "geomorphic_data_verbose.fid-75f8f034_1a0c1004d45_-5a15", "class_name": "Inner Reef Flat", "area_sqkm": 0.010864104897028767 }, "geometry": { "type": "Polygon", "coordinates": [ [ [ 134.52469009, 7.32944423 ], [ 134.52469009, 7.32939932 ], [ 134.52473501, 7.32939932 ], [ 134.52473501, 7.3293544 ], [ 134.52482484, 7.3293544 ], [ 134.52482484, 7.32917474 ], [ 134.52486975, 7.32917474 ], [ 134.52486975, 7.32912982 ], [ 134.524914669999987, 7.32912982 ], [ 134.524914669999987, 7.32895016 ], [ 134.52495959, 7.32895016 ], [ 134.52495959, 7.32886033 ], [ 134.5250045, 7.32886033 ], [ 134.5250045, 7.32881541 ], [ 134.525049419999988, 7.32881541 ], [ 134.525049419999988, 7.32872558 ], [ 134.52509433, 7.32872558 ], [ 134.52509433, 7.32859084 ], [ 134.52513925, 7.32859084 ], [ 134.52513925, 7.32832134 ], [ 134.52509433, 7.32832134 ], [ 134.52509433, 7.32827642 ], [ 134.525049419999988, 7.32827642 ], [ 134.5250045, 7.32827642 ], [ 134.5250045, 7.32814168 ], [ 134.52509433, 7.32814168 ], [ 134.52509433, 7.32809676 ], [ 134.52513925, 7.32809676 ], [ 134.52513925, 7.32805185 ], [ 134.52531891000001, 7.32805185 ], [ 134.52531891000001, 7.32800693 ], [ 134.525408739999989, 7.32800693 ], [ 134.525408739999989, 7.3279171 ], [ 134.525588410000012, 7.3279171 ], [ 134.525588410000012, 7.32787218 ], [ 134.52563332, 7.32787218 ], [ 134.52563332, 7.32782727 ], [ 134.52567824, 7.32782727 ], [ 134.52567824, 7.32769252 ], [ 134.52563332, 7.32769252 ], [ 134.52563332, 7.3276476 ], [ 134.525588410000012, 7.3276476 ], [ 134.52531891000001, 7.3276476 ], [ 134.52531891000001, 7.32760269 ], [ 134.525274, 7.32760269 ], [ 134.525049419999988, 7.32760269 ], [ 134.525049419999988, 7.32755777 ], [ 134.52495959, 7.32755777 ], [ 134.52495959, 7.32760269 ], [ 134.524914669999987, 7.32760269 ], [ 134.524914669999987, 7.32769252 ], [ 134.52486975, 7.32769252 ], [ 134.52486975, 7.32773744 ], [ 134.524779919999986, 7.32773744 ], [ 134.524779919999986, 7.32782727 ], [ 134.52473501, 7.32782727 ], [ 134.52473501, 7.3279171 ], [ 134.52469009, 7.3279171 ], [ 134.52469009, 7.32800693 ], [ 134.52473501, 7.32800693 ], [ 134.52473501, 7.32827642 ], [ 134.52469009, 7.32827642 ], [ 134.52469009, 7.32832134 ], [ 134.52473501, 7.32832134 ], [ 134.52473501, 7.32841117 ], [ 134.52469009, 7.32841117 ], [ 134.52469009, 7.32845609 ], [ 134.52460026, 7.32845609 ], [ 134.52460026, 7.32868067 ], [ 134.52455534, 7.32868067 ], [ 134.52455534, 7.32886033 ], [ 134.52451043, 7.32886033 ], [ 134.52451043, 7.32899508 ], [ 134.52455534, 7.32899508 ], [ 134.52455534, 7.32903999 ], [ 134.52460026, 7.32903999 ], [ 134.52460026, 7.32912982 ], [ 134.52451043, 7.32912982 ], [ 134.52451043, 7.32930949 ], [ 134.52446551, 7.32930949 ], [ 134.52446551, 7.32939932 ], [ 134.52451043, 7.32939932 ], [ 134.52451043, 7.32944423 ], [ 134.52469009, 7.32944423 ] ] ] } },
{ "type": "Feature", "properties": { "id": "geomorphic_data_verbose.fid-75f8f034_1a0c1004d45_-555a", "class_name": "Back Reef Slope", "area_sqkm": 0.010075772788859438 }, "geometry": { "type": "Polygon", "coordinates": [ [ [ 134.523746859999989, 7.32948915 ], [ 134.52379178000001, 7.32948915 ], [ 134.52379178000001, 7.32930949 ], [ 134.523746859999989, 7.32930949 ], [ 134.523746859999989, 7.32921966 ], [ 134.52406127, 7.32921966 ], [ 134.52406127, 7.32917474 ], [ 134.524151100000012, 7.32917474 ], [ 134.524151100000012, 7.32912982 ], [ 134.52419602, 7.32912982 ], [ 134.52419602, 7.32908491 ], [ 134.52437568, 7.32908491 ], [ 134.52437568, 7.32899508 ], [ 134.524420600000013, 7.32899508 ], [ 134.524420600000013, 7.32886033 ], [ 134.52437568, 7.32886033 ], [ 134.52437568, 7.32881541 ], [ 134.52446551, 7.32881541 ], [ 134.52446551, 7.32872558 ], [ 134.52451043, 7.32872558 ], [ 134.52451043, 7.32841117 ], [ 134.52455534, 7.32841117 ], [ 134.52455534, 7.32800693 ], [ 134.52451043, 7.32800693 ], [ 134.52446551, 7.32800693 ], [ 134.52446551, 7.3279171 ], [ 134.524420600000013, 7.3279171 ], [ 134.524420600000013, 7.32782727 ], [ 134.52437568, 7.32782727 ], [ 134.52437568, 7.3279171 ], [ 134.52410619, 7.3279171 ], [ 134.52410619, 7.32778235 ], [ 134.52424093, 7.32778235 ], [ 134.52424093, 7.32773744 ], [ 134.52419602, 7.32773744 ], [ 134.52410619, 7.32773744 ], [ 134.52410619, 7.32769252 ], [ 134.524151100000012, 7.32769252 ], [ 134.524151100000012, 7.3276476 ], [ 134.52419602, 7.3276476 ], [ 134.52419602, 7.32751286 ], [ 134.524151100000012, 7.32751286 ], [ 134.524151100000012, 7.32760269 ], [ 134.52410619, 7.32760269 ], [ 134.52410619, 7.3276476 ], [ 134.52406127, 7.3276476 ], [ 134.52406127, 7.32769252 ], [ 134.524016350000011, 7.32769252 ], [ 134.524016350000011, 7.32773744 ], [ 134.52397144, 7.32773744 ], [ 134.52397144, 7.32778235 ], [ 134.52392652, 7.32778235 ], [ 134.52392652, 7.32800693 ], [ 134.52383669, 7.32800693 ], [ 134.52383669, 7.32805185 ], [ 134.52379178000001, 7.32805185 ], [ 134.52379178000001, 7.32800693 ], [ 134.523746859999989, 7.32800693 ], [ 134.523746859999989, 7.32809676 ], [ 134.52379178000001, 7.32809676 ], [ 134.52383669, 7.32809676 ], [ 134.52383669, 7.32818659 ], [ 134.52379178000001, 7.32818659 ], [ 134.52379178000001, 7.32823151 ], [ 134.52383669, 7.32823151 ], [ 134.52383669, 7.32827642 ], [ 134.523881609999989, 7.32827642 ], [ 134.523881609999989, 7.32836626 ], [ 134.52392652, 7.32836626 ], [ 134.52392652, 7.32841117 ], [ 134.52397144, 7.32841117 ], [ 134.52397144, 7.32836626 ], [ 134.52410619, 7.32836626 ], [ 134.52410619, 7.32832134 ], [ 134.52424093, 7.32832134 ], [ 134.52424093, 7.32823151 ], [ 134.524285850000012, 7.32823151 ], [ 134.524285850000012, 7.32827642 ], [ 134.52433076, 7.32827642 ], [ 134.52437568, 7.32827642 ], [ 134.52437568, 7.32841117 ], [ 134.52433076, 7.32841117 ], [ 134.52433076, 7.32845609 ], [ 134.524285850000012, 7.32845609 ], [ 134.524285850000012, 7.32854592 ], [ 134.52424093, 7.32854592 ], [ 134.52424093, 7.32868067 ], [ 134.52419602, 7.32868067 ], [ 134.52419602, 7.32872558 ], [ 134.524151100000012, 7.32872558 ], [ 134.524151100000012, 7.3287705 ], [ 134.52397144, 7.3287705 ], [ 134.52397144, 7.32886033 ], [ 134.524016350000011, 7.32886033 ], [ 134.52406127, 7.32886033 ], [ 134.52406127, 7.32890525 ], [ 134.52397144, 7.32890525 ], [ 134.52397144, 7.32895016 ], [ 134.523881609999989, 7.32895016 ], [ 134.523881609999989, 7.32899508 ], [ 134.52370194, 7.32899508 ], [ 134.52370194, 7.32903999 ], [ 134.5235672, 7.32903999 ], [ 134.5235672, 7.32890525 ], [ 134.52352228, 7.32890525 ], [ 134.52352228, 7.32886033 ], [ 134.52338753, 7.32886033 ], [ 134.52338753, 7.32899508 ], [ 134.52334262, 7.32899508 ], [ 134.52334262, 7.32903999 ], [ 134.5232977, 7.32903999 ], [ 134.5232977, 7.32908491 ], [ 134.523252789999987, 7.32908491 ], [ 134.523252789999987, 7.32921966 ], [ 134.52320787, 7.32921966 ], [ 134.52320787, 7.32917474 ], [ 134.52316295, 7.32917474 ], [ 134.52316295, 7.32912982 ], [ 134.523118040000014, 7.32912982 ], [ 134.523118040000014, 7.32921966 ], [ 134.52316295, 7.32921966 ], [ 134.52316295, 7.32930949 ], [ 134.52320787, 7.32930949 ], [ 134.52320787, 7.3293544 ], [ 134.523252789999987, 7.3293544 ], [ 134.523252789999987, 7.32930949 ], [ 134.5232977, 7.32930949 ], [ 134.5232977, 7.32939932 ], [ 134.52334262, 7.32939932 ], [ 134.52334262, 7.32944423 ], [ 134.52343245, 7.32944423 ], [ 134.523477359999987, 7.32944423 ], [ 134.523477359999987, 7.32948915 ], [ 134.5235672, 7.32948915 ], [ 134.523612109999988, 7.32948915 ], [ 134.523612109999988, 7.32953407 ], [ 134.523746859999989, 7.32953407 ], [ 134.523746859999989, 7.32948915 ] ], [ [ 134.52370194, 7.32948915 ], [ 134.52365703000001, 7.32948915 ], [ 134.52365703000001, 7.32944423 ], [ 134.523612109999988, 7.32944423 ], [ 134.523612109999988, 7.3293544 ], [ 134.5235672, 7.3293544 ], [ 134.523477359999987, 7.3293544 ], [ 134.523477359999987, 7.32930949 ], [ 134.523612109999988, 7.32930949 ], [ 134.52365703000001, 7.32930949 ], [ 134.52365703000001, 7.32939932 ], [ 134.52370194, 7.32939932 ], [ 134.52370194, 7.32944423 ], [ 134.523746859999989, 7.32944423 ], [ 134.523746859999989, 7.32948915 ], [ 134.52370194, 7.32948915 ] ], [ [ 134.52419602, 7.32823151 ], [ 134.52410619, 7.32823151 ], [ 134.52410619, 7.32827642 ], [ 134.52392652, 7.32827642 ], [ 134.52392652, 7.32818659 ], [ 134.52397144, 7.32818659 ], [ 134.52397144, 7.32809676 ], [ 134.52392652, 7.32809676 ], [ 134.52392652, 7.32805185 ], [ 134.52406127, 7.32805185 ], [ 134.52406127, 7.32800693 ], [ 134.52419602, 7.32800693 ], [ 134.52419602, 7.32805185 ], [ 134.52424093, 7.32805185 ], [ 134.52424093, 7.32809676 ], [ 134.52419602, 7.32809676 ], [ 134.52419602, 7.32818659 ], [ 134.52424093, 7.32818659 ], [ 134.52424093, 7.32823151 ], [ 134.52419602, 7.32823151 ] ], [ [ 134.5232977, 7.32926457 ], [ 134.52334262, 7.32926457 ], [ 134.52334262, 7.32930949 ], [ 134.5232977, 7.32930949 ], [ 134.5232977, 7.32926457 ] ], [ [ 134.52343245, 7.32912982 ], [ 134.52343245, 7.32908491 ], [ 134.523477359999987, 7.32908491 ], [ 134.523477359999987, 7.32917474 ], [ 134.52338753, 7.32917474 ], [ 134.52338753, 7.32912982 ], [ 134.52343245, 7.32912982 ] ], [ [ 134.524420600000013, 7.32796201 ], [ 134.524420600000013, 7.32805185 ], [ 134.524285850000012, 7.32805185 ], [ 134.524285850000012, 7.32796201 ], [ 134.524420600000013, 7.32796201 ] ] ] } },
{ "type": "Feature", "properties": { "id": "geomorphic_data_verbose.fid-75f8f034_1a0c1004d45_-5a1a", "class_name": "Deep Lagoon", "area_sqkm": 0.0002217159355916083 }, "geometry": { "type": "Polygon", "coordinates": [ [ [ 134.523746859999989, 7.32948915 ], [ 134.523746859999989, 7.32944423 ], [ 134.52370194, 7.32944423 ], [ 134.52370194, 7.32939932 ], [ 134.52365703000001, 7.32939932 ], [ 134.52365703000001, 7.32930949 ], [ 134.523612109999988, 7.32930949 ], [ 134.523477359999987, 7.32930949 ], [ 134.523477359999987, 7.3293544 ], [ 134.5235672, 7.3293544 ], [ 134.523612109999988, 7.3293544 ], [ 134.523612109999988, 7.32944423 ], [ 134.52365703000001, 7.32944423 ], [ 134.52365703000001, 7.32948915 ], [ 134.523746859999989, 7.32948915 ] ] ] } },
{ "type": "Feature", "properties": { "id": "geomorphic_data_verbose.fid-75f8f034_1a0c1004d45_-5a17", "class_name": "Back Reef Slope", "area_sqkm": 2.4635099921375512e-05 }, "geometry": { "type": "Polygon", "coordinates": [ [ [ 134.523881609999989, 7.32948915 ], [ 134.523881609999989, 7.32944423 ], [ 134.52383669, 7.32944423 ], [ 134.52383669, 7.32948915 ], [ 134.523881609999989, 7.32948915 ] ] ] } },
{ "type": "Feature", "properties": { "id": "geomorphic_data_verbose.fid-75f8f034_1a0c1004d45_-566d", "class_name": "Deep Lagoon", "area_sqkm": 4.9270192591007799e-05 }, "geometry": { "type": "Polygon", "coordinates": [ [ [ 134.52379178000001, 7.32957898 ], [ 134.52379178000001, 7.32948915 ], [ 134.523746859999989, 7.32948915 ], [ 134.523746859999989, 7.32957898 ], [ 134.52379178000001, 7.32957898 ] ] ] } },
{ "type": "Feature", "properties": { "id": "geomorphic_data_verbose.fid-75f8f034_1a0c1004d45_-527a", "class_name": "Back Reef Slope", "area_sqkm": 0.0035228545723729769 }, "geometry": { "type": "Polygon", "coordinates": [ [ [ 134.52612739, 7.32499757 ], [ 134.52612739, 7.32495266 ], [ 134.526217229999986, 7.32495266 ], [ 134.526217229999986, 7.32486283 ], [ 134.52626214, 7.32486283 ], [ 134.52626214, 7.32481791 ], [ 134.52630706, 7.32481791 ], [ 134.52630706, 7.32463825 ], [ 134.52626214, 7.32463825 ], [ 134.52626214, 7.32459333 ], [ 134.52549857, 7.32459333 ], [ 134.52549857, 7.32481791 ], [ 134.52554349, 7.32481791 ], [ 134.52554349, 7.32490774 ], [ 134.525588410000012, 7.32490774 ], [ 134.52563332, 7.32490774 ], [ 134.52563332, 7.32495266 ], [ 134.52567824, 7.32495266 ], [ 134.52567824, 7.32499757 ], [ 134.52612739, 7.32499757 ] ] ] } },
{ "type": "Feature", "properties": { "id": "geomorphic_data_verbose.fid-75f8f034_1a0c1004d45_-527c", "class_name": "Terrestrial Reef Flat", "area_sqkm": 0.00019708275916101412 }, "geometry": { "type": "Polygon", "coordinates": [ [ [ 134.52626214, 7.32499757 ], [ 134.52626214, 7.32495266 ], [ 134.52630706, 7.32495266 ], [ 134.52630706, 7.32481791 ], [ 134.52626214, 7.32481791 ], [ 134.52626214, 7.32486283 ], [ 134.526217229999986, 7.32486283 ], [ 134.526217229999986, 7.32495266 ], [ 134.52612739, 7.32495266 ], [ 134.52612739, 7.32499757 ], [ 134.52626214, 7.32499757 ] ] ] } },
{ "type": "Feature", "properties": { "id": "geomorphic_data_verbose.fid-75f8f034_1a0c1004d45_-5a13", "class_name": "Outer Reef Flat", "area_sqkm": 0.025103370343490038 }, "geometry": { "type": "Polygon", "coordinates": [ [ [ 134.529002, 7.32683912 ], [ 134.529002, 7.32468316 ], [ 134.52895709, 7.32468316 ], [ 134.52895709, 7.324773 ], [ 134.528912170000012, 7.324773 ], [ 134.528912170000012, 7.32481791 ], [ 134.52882234, 7.32481791 ], [ 134.52882234, 7.324773 ], [ 134.52873251, 7.324773 ], [ 134.52873251, 7.32481791 ], [ 134.52868759, 7.32481791 ], [ 134.52868759, 7.32486283 ], [ 134.528552850000011, 7.32486283 ], [ 134.528552850000011, 7.32463825 ], [ 134.528507929999989, 7.32463825 ], [ 134.528507929999989, 7.32472808 ], [ 134.52841810000001, 7.32472808 ], [ 134.52841810000001, 7.32481791 ], [ 134.52846301, 7.32481791 ], [ 134.52846301, 7.32495266 ], [ 134.528507929999989, 7.32495266 ], [ 134.528507929999989, 7.32499757 ], [ 134.528552850000011, 7.32499757 ], [ 134.528552850000011, 7.32522215 ], [ 134.528373179999988, 7.32522215 ], [ 134.528373179999988, 7.32517724 ], [ 134.52828335, 7.32517724 ], [ 134.52828335, 7.32526707 ], [ 134.52823844, 7.32526707 ], [ 134.52823844, 7.32531198 ], [ 134.52805877, 7.32531198 ], [ 134.52805877, 7.32526707 ], [ 134.52796894, 7.32526707 ], [ 134.52796894, 7.32531198 ], [ 134.52792403, 7.32531198 ], [ 134.52792403, 7.32549165 ], [ 134.528013859999987, 7.32549165 ], [ 134.52805877, 7.32549165 ], [ 134.52805877, 7.32553656 ], [ 134.527744360000014, 7.32553656 ], [ 134.527744360000014, 7.32558148 ], [ 134.52769945, 7.32558148 ], [ 134.52769945, 7.32562639 ], [ 134.52760962, 7.32562639 ], [ 134.52760962, 7.32553656 ], [ 134.5275647, 7.32553656 ], [ 134.52742995, 7.32553656 ], [ 134.52742995, 7.32544673 ], [ 134.52734012, 7.32544673 ], [ 134.52734012, 7.32553656 ], [ 134.52720537, 7.32553656 ], [ 134.52720537, 7.32549165 ], [ 134.52716046, 7.32549165 ], [ 134.52716046, 7.32544673 ], [ 134.527115540000011, 7.32544673 ], [ 134.527115540000011, 7.32540182 ], [ 134.52698079000001, 7.32540182 ], [ 134.52698079000001, 7.32553656 ], [ 134.52689096, 7.32553656 ], [ 134.52689096, 7.32558148 ], [ 134.526711299999988, 7.32558148 ], [ 134.526711299999988, 7.32562639 ], [ 134.52666638, 7.32562639 ], [ 134.52666638, 7.32567131 ], [ 134.52662147, 7.32567131 ], [ 134.52662147, 7.32571623 ], [ 134.526576549999987, 7.32571623 ], [ 134.526576549999987, 7.32576114 ], [ 134.52644181, 7.32576114 ], [ 134.52644181, 7.32580606 ], [ 134.52639689, 7.32580606 ], [ 134.52639689, 7.32594081 ], [ 134.52630706, 7.32594081 ], [ 134.52630706, 7.32603064 ], [ 134.52635197, 7.32603064 ], [ 134.52635197, 7.32607555 ], [ 134.526217229999986, 7.32607555 ], [ 134.526217229999986, 7.3262103 ], [ 134.52626214, 7.3262103 ], [ 134.52626214, 7.32625522 ], [ 134.52630706, 7.32625522 ], [ 134.52630706, 7.32634505 ], [ 134.52635197, 7.32634505 ], [ 134.52635197, 7.32638996 ], [ 134.52644181, 7.32638996 ], [ 134.52644181, 7.32634505 ], [ 134.52653164, 7.32634505 ], [ 134.52653164, 7.32638996 ], [ 134.526576549999987, 7.32638996 ], [ 134.526576549999987, 7.32643488 ], [ 134.52662147, 7.32643488 ], [ 134.52666638, 7.32643488 ], [ 134.52666638, 7.32647979 ], [ 134.526711299999988, 7.32647979 ], [ 134.526711299999988, 7.32643488 ], [ 134.52675622000001, 7.32643488 ], [ 134.52675622000001, 7.32638996 ], [ 134.52689096, 7.32638996 ], [ 134.52689096, 7.32634505 ], [ 134.52693588, 7.32634505 ], [ 134.52693588, 7.32647979 ], [ 134.52698079000001, 7.32647979 ], [ 134.52698079000001, 7.32652471 ], [ 134.52702571, 7.32652471 ], [ 134.52702571, 7.32656963 ], [ 134.52707063, 7.32656963 ], [ 134.52707063, 7.32661454 ], [ 134.527115540000011, 7.32661454 ], [ 134.527115540000011, 7.32652471 ], [ 134.52716046, 7.32652471 ], [ 134.52716046, 7.32647979 ], [ 134.52720537, 7.32647979 ], [ 134.52720537, 7.32652471 ], [ 134.527250290000012, 7.32652471 ], [ 134.527250290000012, 7.32656963 ], [ 134.5272952, 7.32656963 ], [ 134.52734012, 7.32656963 ], [ 134.52734012, 7.32665946 ], [ 134.527385040000013, 7.32665946 ], [ 134.527385040000013, 7.32670437 ], [ 134.52742995, 7.32670437 ], [ 134.52742995, 7.32661454 ], [ 134.527385040000013, 7.32661454 ], [ 134.527385040000013, 7.32643488 ], [ 134.52734012, 7.32643488 ], [ 134.52734012, 7.32634505 ], [ 134.527250290000012, 7.32634505 ], [ 134.527250290000012, 7.32638996 ], [ 134.52716046, 7.32638996 ], [ 134.52716046, 7.32643488 ], [ 134.527115540000011, 7.32643488 ], [ 134.527115540000011, 7.32634505 ], [ 134.52707063, 7.32634505 ], [ 134.52707063, 7.3262103 ], [ 134.527115540000011, 7.3262103 ], [ 134.527115540000011, 7.32616538 ], [ 134.527250290000012, 7.32616538 ], [ 134.527250290000012, 7.32607555 ], [ 134.5272952, 7.32607555 ], [ 134.5272952, 7.32603064 ], [ 134.52734012, 7.32603064 ], [ 134.52734012, 7.32598572 ], [ 134.527385040000013, 7.32598572 ], [ 134.527385040000013, 7.32576114 ], [ 134.52742995, 7.32576114 ], [ 134.52742995, 7.32580606 ], [ 134.527744360000014, 7.32580606 ], [ 134.527744360000014, 7.32576114 ], [ 134.52778928, 7.32576114 ], [ 134.52778928, 7.32567131 ], [ 134.52792403, 7.32567131 ], [ 134.52792403, 7.32571623 ], [ 134.52796894, 7.32571623 ], [ 134.52796894, 7.32567131 ], [ 134.52819352, 7.32567131 ], [ 134.52819352, 7.32571623 ], [ 134.52823844, 7.32571623 ], [ 134.52823844, 7.32580606 ], [ 134.52828335, 7.32580606 ], [ 134.52828335, 7.32589589 ], [ 134.52832827, 7.32589589 ], [ 134.52832827, 7.32594081 ], [ 134.528373179999988, 7.32594081 ], [ 134.528373179999988, 7.32607555 ], [ 134.528552850000011, 7.32607555 ], [ 134.528552850000011, 7.32603064 ], [ 134.52864268, 7.32603064 ], [ 134.52868759, 7.32603064 ], [ 134.52868759, 7.32612047 ], [ 134.52864268, 7.32612047 ], [ 134.52864268, 7.32625522 ], [ 134.52868759, 7.32625522 ], [ 134.52868759, 7.32630013 ], [ 134.52873251, 7.32630013 ], [ 134.52873251, 7.32634505 ], [ 134.52877743, 7.32634505 ], [ 134.52882234, 7.32634505 ], [ 134.52882234, 7.32638996 ], [ 134.52877743, 7.32638996 ], [ 134.52877743, 7.32643488 ], [ 134.52882234, 7.32643488 ], [ 134.52882234, 7.32647979 ], [ 134.52886726, 7.32647979 ], [ 134.528912170000012, 7.32647979 ], [ 134.528912170000012, 7.32652471 ], [ 134.52895709, 7.32652471 ], [ 134.52895709, 7.3267942 ], [ 134.528912170000012, 7.3267942 ], [ 134.528912170000012, 7.32683912 ], [ 134.529002, 7.32683912 ] ] ] } },
{ "type": "Feature", "properties": { "id": "geomorphic_data_verbose.fid-75f8f034_1a0c1004d45_-566c", "class_name": "Terrestrial Reef Flat", "area_sqkm": 0.47701002291392347 }, "geometry": { "type": "Polygon", "coordinates": [ [ [ 134.53057406, 7.32742303 ], [ 134.53057406, 7.32737811 ], [ 134.53052914, 7.32737811 ], [ 134.53052914, 7.32728828 ], [ 134.53048422, 7.32728828 ], [ 134.53048422, 7.32701878 ], [ 134.53043931, 7.32701878 ], [ 134.53043931, 7.32688404 ], [ 134.53039439, 7.32688404 ], [ 134.53039439, 7.32674929 ], [ 134.530349480000012, 7.32674929 ], [ 134.530349480000012, 7.32652471 ], [ 134.53039439, 7.32652471 ], [ 134.53039439, 7.32643488 ], [ 134.53043931, 7.32643488 ], [ 134.53043931, 7.32607555 ], [ 134.53048422, 7.32607555 ], [ 134.53048422, 7.32576114 ], [ 134.53043931, 7.32576114 ], [ 134.53043931, 7.32571623 ], [ 134.53039439, 7.32571623 ], [ 134.53039439, 7.32567131 ], [ 134.530349480000012, 7.32567131 ], [ 134.530349480000012, 7.32549165 ], [ 134.53039439, 7.32549165 ], [ 134.53039439, 7.32544673 ], [ 134.53043931, 7.32544673 ], [ 134.53043931, 7.3253569 ], [ 134.53048422, 7.3253569 ], [ 134.53048422, 7.32526707 ], [ 134.53052914, 7.32526707 ], [ 134.53052914, 7.32522215 ], [ 134.53057406, 7.32522215 ], [ 134.53057406, 7.32517724 ], [ 134.53061897, 7.32517724 ], [ 134.53061897, 7.32459333 ], [ 134.530079980000011, 7.32459333 ], [ 134.530079980000011, 7.324773 ], [ 134.53003507, 7.324773 ], [ 134.53003507, 7.32463825 ], [ 134.52994523000001, 7.32463825 ], [ 134.52994523000001, 7.32459333 ], [ 134.52976557, 7.32459333 ], [ 134.52976557, 7.32463825 ], [ 134.52972066000001, 7.32463825 ], [ 134.52972066000001, 7.32459333 ], [ 134.52936133, 7.32459333 ], [ 134.52936133, 7.32463825 ], [ 134.5292715, 7.32463825 ], [ 134.5292715, 7.32468316 ], [ 134.52922658, 7.32468316 ], [ 134.52922658, 7.32472808 ], [ 134.52913675, 7.32472808 ], [ 134.52913675, 7.32468316 ], [ 134.529181670000014, 7.32468316 ], [ 134.529181670000014, 7.32463825 ], [ 134.52909184, 7.32463825 ], [ 134.52909184, 7.32468316 ], [ 134.529046920000013, 7.32468316 ], [ 134.529046920000013, 7.32472808 ], [ 134.529002, 7.32472808 ], [ 134.529002, 7.32683912 ], [ 134.528912170000012, 7.32683912 ], [ 134.528912170000012, 7.3267942 ], [ 134.52895709, 7.3267942 ], [ 134.52895709, 7.32652471 ], [ 134.528912170000012, 7.32652471 ], [ 134.528912170000012, 7.32647979 ], [ 134.52882234, 7.32647979 ], [ 134.52882234, 7.32643488 ], [ 134.52877743, 7.32643488 ], [ 134.52877743, 7.32638996 ], [ 134.52882234, 7.32638996 ], [ 134.52882234, 7.32634505 ], [ 134.52873251, 7.32634505 ], [ 134.52873251, 7.32630013 ], [ 134.52868759, 7.32630013 ], [ 134.52868759, 7.32625522 ], [ 134.52864268, 7.32625522 ], [ 134.52864268, 7.32612047 ], [ 134.52868759, 7.32612047 ], [ 134.52868759, 7.32603064 ], [ 134.528552850000011, 7.32603064 ], [ 134.528552850000011, 7.32607555 ], [ 134.528373179999988, 7.32607555 ], [ 134.528373179999988, 7.32594081 ], [ 134.52832827, 7.32594081 ], [ 134.52832827, 7.32589589 ], [ 134.52828335, 7.32589589 ], [ 134.52828335, 7.32580606 ], [ 134.52823844, 7.32580606 ], [ 134.52823844, 7.32571623 ], [ 134.52819352, 7.32571623 ], [ 134.52819352, 7.32567131 ], [ 134.52796894, 7.32567131 ], [ 134.52796894, 7.32571623 ], [ 134.52792403, 7.32571623 ], [ 134.52792403, 7.32567131 ], [ 134.52778928, 7.32567131 ], [ 134.52778928, 7.32576114 ], [ 134.527744360000014, 7.32576114 ], [ 134.527744360000014, 7.32580606 ], [ 134.52742995, 7.32580606 ], [ 134.52742995, 7.32576114 ], [ 134.527385040000013, 7.32576114 ], [ 134.527385040000013, 7.32598572 ], [ 134.52734012, 7.32598572 ], [ 134.52734012, 7.32603064 ], [ 134.5272952, 7.32603064 ], [ 134.5272952, 7.32607555 ], [ 134.527250290000012, 7.32607555 ], [ 134.527250290000012, 7.32616538 ], [ 134.527115540000011, 7.32616538 ], [ 134.527115540000011, 7.3262103 ], [ 134.52707063, 7.3262103 ], [ 134.52707063, 7.32634505 ], [ 134.527115540000011, 7.32634505 ], [ 134.527115540000011, 7.32643488 ], [ 134.52716046, 7.32643488 ], [ 134.52716046, 7.32638996 ], [ 134.527250290000012, 7.32638996 ], [ 134.527250290000012, 7.32634505 ], [ 134.52734012, 7.32634505 ], [ 134.52734012, 7.32643488 ], [ 134.527385040000013, 7.32643488 ], [ 134.527385040000013, 7.32661454 ], [ 134.52742995, 7.32661454 ], [ 134.52742995, 7.32670437 ], [ 134.527385040000013, 7.32670437 ], [ 134.527385040000013, 7.32665946 ], [ 134.52734012, 7.32665946 ], [ 134.52734012, 7.32656963 ], [ 134.527250290000012, 7.32656963 ], [ 134.527250290000012, 7.32652471 ], [ 134.52720537, 7.32652471 ], [ 134.52720537, 7.32647979 ], [ 134.52716046, 7.32647979 ], [ 134.52716046, 7.32652471 ], [ 134.527115540000011, 7.32652471 ], [ 134.527115540000011, 7.32661454 ], [ 134.52707063, 7.32661454 ], [ 134.52707063, 7.32656963 ], [ 134.52702571, 7.32656963 ], [ 134.52702571, 7.32652471 ], [ 134.52698079000001, 7.32652471 ], [ 134.52698079000001, 7.32647979 ], [ 134.52693588, 7.32647979 ], [ 134.52693588, 7.32634505 ], [ 134.52689096, 7.32634505 ], [ 134.52689096, 7.32638996 ], [ 134.52675622000001, 7.32638996 ], [ 134.52675622000001, 7.32643488 ], [ 134.526711299999988, 7.32643488 ], [ 134.526711299999988, 7.32647979 ], [ 134.52666638, 7.32647979 ], [ 134.52666638, 7.32643488 ], [ 134.526576549999987, 7.32643488 ], [ 134.526576549999987, 7.32638996 ], [ 134.52653164, 7.32638996 ], [ 134.52653164, 7.32634505 ], [ 134.52644181, 7.32634505 ], [ 134.52644181, 7.32638996 ], [ 134.52635197, 7.32638996 ], [ 134.52635197, 7.32634505 ], [ 134.52630706, 7.32634505 ], [ 134.52630706, 7.32625522 ], [ 134.52626214, 7.32625522 ], [ 134.52626214, 7.3262103 ], [ 134.526217229999986, 7.3262103 ], [ 134.526217229999986, 7.32607555 ], [ 134.52635197, 7.32607555 ], [ 134.52635197, 7.32603064 ], [ 134.52630706, 7.32603064 ], [ 134.52630706, 7.32594081 ], [ 134.52639689, 7.32594081 ], [ 134.52639689, 7.32580606 ], [ 134.52644181, 7.32580606 ], [ 134.52644181, 7.32576114 ], [ 134.526576549999987, 7.32576114 ], [ 134.526576549999987, 7.32571623 ], [ 134.52662147, 7.32571623 ], [ 134.52662147, 7.32567131 ], [ 134.52666638, 7.32567131 ], [ 134.52666638, 7.32562639 ], [ 134.526711299999988, 7.32562639 ], [ 134.526711299999988, 7.32558148 ], [ 134.52689096, 7.32558148 ], [ 134.52689096, 7.32553656 ], [ 134.52698079000001, 7.32553656 ], [ 134.52698079000001, 7.32540182 ], [ 134.527115540000011, 7.32540182 ], [ 134.527115540000011, 7.32544673 ], [ 134.52716046, 7.32544673 ], [ 134.52716046, 7.32549165 ], [ 134.52720537, 7.32549165 ], [ 134.52720537, 7.32553656 ], [ 134.52734012, 7.32553656 ], [ 134.52734012, 7.32544673 ], [ 134.52742995, 7.32544673 ], [ 134.52742995, 7.32553656 ], [ 134.52760962, 7.32553656 ], [ 134.52760962, 7.32562639 ], [ 134.52769945, 7.32562639 ], [ 134.52769945, 7.32558148 ], [ 134.527744360000014, 7.32558148 ], [ 134.527744360000014, 7.32553656 ], [ 134.52805877, 7.32553656 ], [ 134.52805877, 7.32549165 ], [ 134.52792403, 7.32549165 ], [ 134.52792403, 7.32531198 ], [ 134.52796894, 7.32531198 ], [ 134.52796894, 7.32526707 ], [ 134.52805877, 7.32526707 ], [ 134.52805877, 7.32531198 ], [ 134.52823844, 7.32531198 ], [ 134.52823844, 7.32526707 ], [ 134.52828335, 7.32526707 ], [ 134.52828335, 7.32517724 ], [ 134.528373179999988, 7.32517724 ], [ 134.528373179999988, 7.32522215 ], [ 134.528552850000011, 7.32522215 ], [ 134.528552850000011, 7.32499757 ], [ 134.528507929999989, 7.32499757 ], [ 134.528507929999989, 7.32495266 ], [ 134.52846301, 7.32495266 ], [ 134.52846301, 7.32481791 ], [ 134.52841810000001, 7.32481791 ], [ 134.52841810000001, 7.32472808 ], [ 134.528507929999989, 7.32472808 ], [ 134.528507929999989, 7.32463825 ], [ 134.52846301, 7.32463825 ], [ 134.52846301, 7.32459333 ], [ 134.52662147, 7.32459333 ], [ 134.52662147, 7.324773 ], [ 134.52666638, 7.324773 ], [ 134.52666638, 7.32481791 ], [ 134.52662147, 7.32481791 ], [ 134.52662147, 7.32486283 ], [ 134.52666638, 7.32486283 ], [ 134.52666638, 7.32490774 ], [ 134.52662147, 7.32490774 ], [ 134.52662147, 7.32504249 ], [ 134.52653164, 7.32504249 ], [ 134.52653164, 7.32499757 ], [ 134.52644181, 7.32499757 ], [ 134.52644181, 7.32513232 ], [ 134.52635197, 7.32513232 ], [ 134.52635197, 7.32517724 ], [ 134.52626214, 7.32517724 ], [ 134.52626214, 7.32522215 ], [ 134.52567824, 7.32522215 ], [ 134.52567824, 7.32517724 ], [ 134.52563332, 7.32517724 ], [ 134.52563332, 7.32531198 ], [ 134.525588410000012, 7.32531198 ], [ 134.525588410000012, 7.32540182 ], [ 134.52554349, 7.32540182 ], [ 134.52554349, 7.32553656 ], [ 134.52549857, 7.32553656 ], [ 134.52549857, 7.32571623 ], [ 134.52554349, 7.32571623 ], [ 134.52554349, 7.32576114 ], [ 134.525588410000012, 7.32576114 ], [ 134.525588410000012, 7.32589589 ], [ 134.52563332, 7.32589589 ], [ 134.52563332, 7.32603064 ], [ 134.52567824, 7.32603064 ], [ 134.52567824, 7.32612047 ], [ 134.52563332, 7.32612047 ], [ 134.52563332, 7.32630013 ], [ 134.525588410000012, 7.32630013 ], [ 134.525588410000012, 7.32634505 ], [ 134.52563332, 7.32634505 ], [ 134.52563332, 7.32638996 ], [ 134.525588410000012, 7.32638996 ], [ 134.525588410000012, 7.32647979 ], [ 134.52554349, 7.32647979 ], [ 134.52554349, 7.32652471 ], [ 134.52549857, 7.32652471 ], [ 134.52549857, 7.32661454 ], [ 134.525453660000011, 7.32661454 ], [ 134.525453660000011, 7.32670437 ], [ 134.525408739999989, 7.32670437 ], [ 134.525408739999989, 7.3267942 ], [ 134.52536383, 7.3267942 ], [ 134.52536383, 7.32688404 ], [ 134.52522908, 7.32688404 ], [ 134.52522908, 7.32692895 ], [ 134.52518416, 7.32692895 ], [ 134.52518416, 7.32697387 ], [ 134.52513925, 7.32697387 ], [ 134.52513925, 7.32701878 ], [ 134.5250045, 7.32701878 ], [ 134.5250045, 7.3270637 ], [ 134.52495959, 7.3270637 ], [ 134.52495959, 7.32728828 ], [ 134.5250045, 7.32728828 ], [ 134.5250045, 7.32737811 ], [ 134.52495959, 7.32737811 ], [ 134.52495959, 7.32742303 ], [ 134.524914669999987, 7.32742303 ], [ 134.524914669999987, 7.32746794 ], [ 134.52486975, 7.32746794 ], [ 134.52486975, 7.32755777 ], [ 134.525049419999988, 7.32755777 ], [ 134.525049419999988, 7.32760269 ], [ 134.52531891000001, 7.32760269 ], [ 134.52531891000001, 7.3276476 ], [ 134.52563332, 7.3276476 ], [ 134.52563332, 7.32769252 ], [ 134.52567824, 7.32769252 ], [ 134.52567824, 7.32782727 ], [ 134.52563332, 7.32782727 ], [ 134.52563332, 7.32787218 ], [ 134.525588410000012, 7.32787218 ], [ 134.525588410000012, 7.3279171 ], [ 134.525408739999989, 7.3279171 ], [ 134.525408739999989, 7.32800693 ], [ 134.52531891000001, 7.32800693 ], [ 134.52531891000001, 7.32805185 ], [ 134.52513925, 7.32805185 ], [ 134.52513925, 7.32809676 ], [ 134.52509433, 7.32809676 ], [ 134.52509433, 7.32814168 ], [ 134.5250045, 7.32814168 ], [ 134.5250045, 7.32827642 ], [ 134.52509433, 7.32827642 ], [ 134.52509433, 7.32832134 ], [ 134.52513925, 7.32832134 ], [ 134.52513925, 7.32859084 ], [ 134.52509433, 7.32859084 ], [ 134.52509433, 7.32872558 ], [ 134.525049419999988, 7.32872558 ], [ 134.525049419999988, 7.32881541 ], [ 134.5250045, 7.32881541 ], [ 134.5250045, 7.32886033 ], [ 134.52495959, 7.32886033 ], [ 134.52495959, 7.32895016 ], [ 134.524914669999987, 7.32895016 ], [ 134.524914669999987, 7.32912982 ], [ 134.52486975, 7.32912982 ], [ 134.52486975, 7.32917474 ], [ 134.52482484, 7.32917474 ], [ 134.52482484, 7.3293544 ], [ 134.52473501, 7.3293544 ], [ 134.52473501, 7.32939932 ], [ 134.52469009, 7.32939932 ], [ 134.52469009, 7.32944423 ], [ 134.52451043, 7.32944423 ], [ 134.52451043, 7.32939932 ], [ 134.52446551, 7.32939932 ], [ 134.52446551, 7.32930949 ], [ 134.52451043, 7.32930949 ], [ 134.52451043, 7.32912982 ], [ 134.52460026, 7.32912982 ], [ 134.52460026, 7.32903999 ], [ 134.52455534, 7.32903999 ], [ 134.52455534, 7.32899508 ], [ 134.52446551, 7.32899508 ], [ 134.52446551, 7.32903999 ], [ 134.52437568, 7.32903999 ], [ 134.52437568, 7.32908491 ], [ 134.52433076, 7.32908491 ], [ 134.52433076, 7.32917474 ], [ 134.524285850000012, 7.32917474 ], [ 134.524285850000012, 7.32921966 ], [ 134.52424093, 7.32921966 ], [ 134.52424093, 7.32926457 ], [ 134.52410619, 7.32926457 ], [ 134.52410619, 7.32930949 ], [ 134.52397144, 7.32930949 ], [ 134.52397144, 7.32944423 ], [ 134.524016350000011, 7.32944423 ], [ 134.524016350000011, 7.32957898 ], [ 134.52397144, 7.32957898 ], [ 134.52397144, 7.32966881 ], [ 134.524016350000011, 7.32966881 ], [ 134.524016350000011, 7.32984848 ], [ 134.52397144, 7.32984848 ], [ 134.52397144, 7.32989339 ], [ 134.524016350000011, 7.32989339 ], [ 134.524016350000011, 7.32993831 ], [ 134.52397144, 7.32993831 ], [ 134.52397144, 7.33007306 ], [ 134.524016350000011, 7.33007306 ], [ 134.524016350000011, 7.3302078 ], [ 134.52406127, 7.3302078 ], [ 134.52406127, 7.33029763 ], [ 134.52410619, 7.33029763 ], [ 134.52410619, 7.33043238 ], [ 134.524151100000012, 7.33043238 ], [ 134.524151100000012, 7.3304773 ], [ 134.52410619, 7.3304773 ], [ 134.52410619, 7.33070188 ], [ 134.524151100000012, 7.33070188 ], [ 134.524151100000012, 7.33079171 ], [ 134.52419602, 7.33079171 ], [ 134.52419602, 7.33119595 ], [ 134.52424093, 7.33119595 ], [ 134.52424093, 7.3313307 ], [ 134.52419602, 7.3313307 ], [ 134.52419602, 7.33151036 ], [ 134.524151100000012, 7.33151036 ], [ 134.524151100000012, 7.33160019 ], [ 134.52406127, 7.33160019 ], [ 134.52406127, 7.33164511 ], [ 134.524016350000011, 7.33164511 ], [ 134.524016350000011, 7.33173494 ], [ 134.52397144, 7.33173494 ], [ 134.52397144, 7.33177985 ], [ 134.523881609999989, 7.33177985 ], [ 134.523881609999989, 7.33182477 ], [ 134.52383669, 7.33182477 ], [ 134.52383669, 7.33186969 ], [ 134.52379178000001, 7.33186969 ], [ 134.52379178000001, 7.3319146 ], [ 134.523746859999989, 7.3319146 ], [ 134.523746859999989, 7.33195952 ], [ 134.52370194, 7.33195952 ], [ 134.52370194, 7.33200443 ], [ 134.523612109999988, 7.33200443 ], [ 134.523612109999988, 7.33209426 ], [ 134.52379178000001, 7.33209426 ], [ 134.52379178000001, 7.33213918 ], [ 134.523881609999989, 7.33213918 ], [ 134.523881609999989, 7.3321841 ], [ 134.52397144, 7.3321841 ], [ 134.52397144, 7.33222901 ], [ 134.524016350000011, 7.33222901 ], [ 134.524016350000011, 7.33227393 ], [ 134.52406127, 7.33227393 ], [ 134.52406127, 7.33231884 ], [ 134.52410619, 7.33231884 ], [ 134.52410619, 7.33236376 ], [ 134.52424093, 7.33236376 ], [ 134.52424093, 7.33231884 ], [ 134.52437568, 7.33231884 ], [ 134.52437568, 7.33236376 ], [ 134.52451043, 7.33236376 ], [ 134.52451043, 7.33231884 ], [ 134.524645170000014, 7.33231884 ], [ 134.524645170000014, 7.33227393 ], [ 134.52473501, 7.33227393 ], [ 134.52473501, 7.33222901 ], [ 134.524779919999986, 7.33222901 ], [ 134.524779919999986, 7.3321841 ], [ 134.52482484, 7.3321841 ], [ 134.52482484, 7.33213918 ], [ 134.524914669999987, 7.33213918 ], [ 134.524914669999987, 7.33209426 ], [ 134.52495959, 7.33209426 ], [ 134.52495959, 7.33204935 ], [ 134.5250045, 7.33204935 ], [ 134.5250045, 7.33195952 ], [ 134.525049419999988, 7.33195952 ], [ 134.525049419999988, 7.3319146 ], [ 134.52513925, 7.3319146 ], [ 134.52513925, 7.33186969 ], [ 134.52522908, 7.33186969 ], [ 134.52522908, 7.33182477 ], [ 134.525274, 7.33182477 ], [ 134.525274, 7.33177985 ], [ 134.52536383, 7.33177985 ], [ 134.52536383, 7.33173494 ], [ 134.525408739999989, 7.33173494 ], [ 134.525408739999989, 7.33155528 ], [ 134.525453660000011, 7.33155528 ], [ 134.525453660000011, 7.33146544 ], [ 134.52554349, 7.33146544 ], [ 134.52554349, 7.33142053 ], [ 134.525588410000012, 7.33142053 ], [ 134.525588410000012, 7.33146544 ], [ 134.52563332, 7.33146544 ], [ 134.52563332, 7.33142053 ], [ 134.52567824, 7.33142053 ], [ 134.52567824, 7.33137561 ], [ 134.525812980000012, 7.33137561 ], [ 134.525812980000012, 7.3313307 ], [ 134.525947730000013, 7.3313307 ], [ 134.525947730000013, 7.33124087 ], [ 134.52599265, 7.33124087 ], [ 134.52599265, 7.33097137 ], [ 134.52603756, 7.33097137 ], [ 134.52603756, 7.33092645 ], [ 134.52617231, 7.33092645 ], [ 134.52617231, 7.33083662 ], [ 134.526217229999986, 7.33083662 ], [ 134.526217229999986, 7.33079171 ], [ 134.52630706, 7.33079171 ], [ 134.52630706, 7.33074679 ], [ 134.52639689, 7.33074679 ], [ 134.52639689, 7.33070188 ], [ 134.52680113, 7.33070188 ], [ 134.52680113, 7.33074679 ], [ 134.526846049999989, 7.33074679 ], [ 134.526846049999989, 7.33083662 ], [ 134.52693588, 7.33083662 ], [ 134.52693588, 7.33092645 ], [ 134.526846049999989, 7.33092645 ], [ 134.526846049999989, 7.33097137 ], [ 134.52680113, 7.33097137 ], [ 134.52680113, 7.33101629 ], [ 134.52689096, 7.33101629 ], [ 134.52689096, 7.33110612 ], [ 134.526846049999989, 7.33110612 ], [ 134.526846049999989, 7.33115103 ], [ 134.526711299999988, 7.33115103 ], [ 134.526711299999988, 7.33124087 ], [ 134.52675622000001, 7.33124087 ], [ 134.52675622000001, 7.33128578 ], [ 134.52666638, 7.33128578 ], [ 134.52666638, 7.33137561 ], [ 134.52662147, 7.33137561 ], [ 134.52662147, 7.33164511 ], [ 134.526576549999987, 7.33164511 ], [ 134.526576549999987, 7.33169002 ], [ 134.52662147, 7.33169002 ], [ 134.52662147, 7.33173494 ], [ 134.526576549999987, 7.33173494 ], [ 134.526576549999987, 7.33177985 ], [ 134.52653164, 7.33177985 ], [ 134.52653164, 7.33182477 ], [ 134.52648672, 7.33182477 ], [ 134.52648672, 7.33186969 ], [ 134.52644181, 7.33186969 ], [ 134.52644181, 7.33204935 ], [ 134.52648672, 7.33204935 ], [ 134.52648672, 7.33209426 ], [ 134.52644181, 7.33209426 ], [ 134.52644181, 7.33213918 ], [ 134.52626214, 7.33213918 ], [ 134.52626214, 7.3321841 ], [ 134.52617231, 7.3321841 ], [ 134.52617231, 7.33227393 ], [ 134.52653164, 7.33227393 ], [ 134.52653164, 7.33231884 ], [ 134.52648672, 7.33231884 ], [ 134.52648672, 7.33236376 ], [ 134.52630706, 7.33236376 ], [ 134.52630706, 7.33245359 ], [ 134.52612739, 7.33245359 ], [ 134.52612739, 7.33263325 ], [ 134.526082480000014, 7.33263325 ], [ 134.526082480000014, 7.33267817 ], [ 134.52612739, 7.33267817 ], [ 134.52612739, 7.33272309 ], [ 134.526082480000014, 7.33272309 ], [ 134.526082480000014, 7.332768 ], [ 134.52603756, 7.332768 ], [ 134.52603756, 7.33281292 ], [ 134.525947730000013, 7.33281292 ], [ 134.525947730000013, 7.33285783 ], [ 134.5258579, 7.33285783 ], [ 134.5258579, 7.33294766 ], [ 134.52590282, 7.33294766 ], [ 134.52590282, 7.33299258 ], [ 134.525947730000013, 7.33299258 ], [ 134.525947730000013, 7.33308241 ], [ 134.52590282, 7.33308241 ], [ 134.52590282, 7.33312733 ], [ 134.5258579, 7.33312733 ], [ 134.5258579, 7.33299258 ], [ 134.52567824, 7.33299258 ], [ 134.52567824, 7.33308241 ], [ 134.52563332, 7.33308241 ], [ 134.52563332, 7.33317224 ], [ 134.525588410000012, 7.33317224 ], [ 134.525588410000012, 7.33321716 ], [ 134.52567824, 7.33321716 ], [ 134.52567824, 7.33330699 ], [ 134.52576807, 7.33330699 ], [ 134.52576807, 7.33335191 ], [ 134.525812980000012, 7.33335191 ], [ 134.525812980000012, 7.33339682 ], [ 134.52590282, 7.33339682 ], [ 134.52590282, 7.33344174 ], [ 134.526217229999986, 7.33344174 ], [ 134.526217229999986, 7.33339682 ], [ 134.52626214, 7.33339682 ], [ 134.52626214, 7.33335191 ], [ 134.52630706, 7.33335191 ], [ 134.52630706, 7.33326207 ], [ 134.52635197, 7.33326207 ], [ 134.52635197, 7.33321716 ], [ 134.52639689, 7.33321716 ], [ 134.52639689, 7.33317224 ], [ 134.52644181, 7.33317224 ], [ 134.52644181, 7.33308241 ], [ 134.52648672, 7.33308241 ], [ 134.52648672, 7.3330375 ], [ 134.526576549999987, 7.3330375 ], [ 134.526576549999987, 7.33299258 ], [ 134.52662147, 7.33299258 ], [ 134.52662147, 7.33294766 ], [ 134.52666638, 7.33294766 ], [ 134.52666638, 7.33285783 ], [ 134.526711299999988, 7.33285783 ], [ 134.526711299999988, 7.33267817 ], [ 134.52675622000001, 7.33267817 ], [ 134.52675622000001, 7.33263325 ], [ 134.526846049999989, 7.33263325 ], [ 134.526846049999989, 7.33254342 ], [ 134.52689096, 7.33254342 ], [ 134.52689096, 7.33249851 ], [ 134.52702571, 7.33249851 ], [ 134.52702571, 7.33245359 ], [ 134.527115540000011, 7.33245359 ], [ 134.527115540000011, 7.33240868 ], [ 134.52720537, 7.33240868 ], [ 134.52720537, 7.33245359 ], [ 134.52716046, 7.33245359 ], [ 134.52716046, 7.33254342 ], [ 134.5272952, 7.33254342 ], [ 134.5272952, 7.33249851 ], [ 134.527385040000013, 7.33249851 ], [ 134.527385040000013, 7.33245359 ], [ 134.527744360000014, 7.33245359 ], [ 134.527744360000014, 7.33249851 ], [ 134.52783419, 7.33249851 ], [ 134.52783419, 7.33254342 ], [ 134.52792403, 7.33254342 ], [ 134.52792403, 7.33258834 ], [ 134.52796894, 7.33258834 ], [ 134.52796894, 7.33263325 ], [ 134.528013859999987, 7.33263325 ], [ 134.528013859999987, 7.33272309 ], [ 134.52805877, 7.33272309 ], [ 134.52805877, 7.332768 ], [ 134.5281486, 7.332768 ], [ 134.5281486, 7.33272309 ], [ 134.52819352, 7.33272309 ], [ 134.52819352, 7.33267817 ], [ 134.52823844, 7.33267817 ], [ 134.52823844, 7.33263325 ], [ 134.52828335, 7.33263325 ], [ 134.52828335, 7.33254342 ], [ 134.52832827, 7.33254342 ], [ 134.52832827, 7.3321841 ], [ 134.52841810000001, 7.3321841 ], [ 134.52841810000001, 7.33213918 ], [ 134.52846301, 7.33213918 ], [ 134.52846301, 7.3319146 ], [ 134.528507929999989, 7.3319146 ], [ 134.528507929999989, 7.33186969 ], [ 134.52846301, 7.33186969 ], [ 134.52846301, 7.33182477 ], [ 134.528507929999989, 7.33182477 ], [ 134.528507929999989, 7.33177985 ], [ 134.528552850000011, 7.33177985 ], [ 134.528552850000011, 7.33173494 ], [ 134.52859776, 7.33173494 ], [ 134.52859776, 7.33169002 ], [ 134.52873251, 7.33169002 ], [ 134.52873251, 7.33164511 ], [ 134.52886726, 7.33164511 ], [ 134.52886726, 7.33160019 ], [ 134.528912170000012, 7.33160019 ], [ 134.528912170000012, 7.33155528 ], [ 134.52922658, 7.33155528 ], [ 134.52922658, 7.33164511 ], [ 134.5292715, 7.33164511 ], [ 134.5292715, 7.33169002 ], [ 134.52949608, 7.33169002 ], [ 134.52949608, 7.33173494 ], [ 134.529540989999987, 7.33173494 ], [ 134.529540989999987, 7.33182477 ], [ 134.52958591, 7.33182477 ], [ 134.52958591, 7.33186969 ], [ 134.52963082, 7.33186969 ], [ 134.52963082, 7.3319146 ], [ 134.529675739999988, 7.3319146 ], [ 134.529675739999988, 7.33195952 ], [ 134.52976557, 7.33195952 ], [ 134.52976557, 7.33200443 ], [ 134.52990032, 7.33200443 ], [ 134.52990032, 7.33209426 ], [ 134.52994523000001, 7.33209426 ], [ 134.52994523000001, 7.33213918 ], [ 134.52999015, 7.33213918 ], [ 134.52999015, 7.33222901 ], [ 134.53003507, 7.33222901 ], [ 134.53003507, 7.33227393 ], [ 134.52999015, 7.33227393 ], [ 134.52999015, 7.33236376 ], [ 134.5301249, 7.33236376 ], [ 134.5301249, 7.33240868 ], [ 134.53003507, 7.33240868 ], [ 134.53003507, 7.33245359 ], [ 134.52990032, 7.33245359 ], [ 134.52990032, 7.33249851 ], [ 134.52972066000001, 7.33249851 ], [ 134.52972066000001, 7.33245359 ], [ 134.529675739999988, 7.33245359 ], [ 134.529675739999988, 7.33240868 ], [ 134.529540989999987, 7.33240868 ], [ 134.529540989999987, 7.33267817 ], [ 134.52963082, 7.33267817 ], [ 134.52963082, 7.33272309 ], [ 134.52958591, 7.33272309 ], [ 134.52958591, 7.332768 ], [ 134.529675739999988, 7.332768 ], [ 134.529675739999988, 7.33281292 ], [ 134.52972066000001, 7.33281292 ], [ 134.52972066000001, 7.33290275 ], [ 134.529810489999988, 7.33290275 ], [ 134.529810489999988, 7.33294766 ], [ 134.530079980000011, 7.33294766 ], [ 134.530079980000011, 7.33308241 ], [ 134.53030456, 7.33308241 ], [ 134.53030456, 7.3330375 ], [ 134.53039439, 7.3330375 ], [ 134.53039439, 7.33299258 ], [ 134.53043931, 7.33299258 ], [ 134.53043931, 7.33294766 ], [ 134.530349480000012, 7.33294766 ], [ 134.530349480000012, 7.33263325 ], [ 134.53030456, 7.33263325 ], [ 134.53030456, 7.33254342 ], [ 134.530349480000012, 7.33254342 ], [ 134.530349480000012, 7.33249851 ], [ 134.53039439, 7.33249851 ], [ 134.53039439, 7.33236376 ], [ 134.53061897, 7.33236376 ], [ 134.53061897, 7.32742303 ], [ 134.53057406, 7.32742303 ] ], [ [ 134.53025965, 7.33025272 ], [ 134.53025965, 7.33034255 ], [ 134.530079980000011, 7.33034255 ], [ 134.530079980000011, 7.33038747 ], [ 134.52999015, 7.33038747 ], [ 134.52999015, 7.33034255 ], [ 134.5298554, 7.33034255 ], [ 134.5298554, 7.33029763 ], [ 134.52976557, 7.33029763 ], [ 134.52976557, 7.33025272 ], [ 134.52972066000001, 7.33025272 ], [ 134.52972066000001, 7.3302078 ], [ 134.529675739999988, 7.3302078 ], [ 134.529675739999988, 7.33016289 ], [ 134.52963082, 7.33016289 ], [ 134.52963082, 7.33011797 ], [ 134.52958591, 7.33011797 ], [ 134.52958591, 7.32989339 ], [ 134.52963082, 7.32989339 ], [ 134.52963082, 7.32984848 ], [ 134.529675739999988, 7.32984848 ], [ 134.529675739999988, 7.32980356 ], [ 134.52976557, 7.32980356 ], [ 134.52976557, 7.32975865 ], [ 134.5298554, 7.32975865 ], [ 134.5298554, 7.32980356 ], [ 134.52999015, 7.32980356 ], [ 134.52999015, 7.32984848 ], [ 134.530079980000011, 7.32984848 ], [ 134.530079980000011, 7.32989339 ], [ 134.5301249, 7.32989339 ], [ 134.5301249, 7.32993831 ], [ 134.530214730000012, 7.32993831 ], [ 134.530214730000012, 7.33007306 ], [ 134.53025965, 7.33007306 ], [ 134.53025965, 7.33011797 ], [ 134.53030456, 7.33011797 ], [ 134.53030456, 7.33025272 ], [ 134.53025965, 7.33025272 ] ], [ [ 134.5275647, 7.33043238 ], [ 134.52751978, 7.33043238 ], [ 134.52751978, 7.3304773 ], [ 134.52734012, 7.3304773 ], [ 134.52734012, 7.33043238 ], [ 134.5272952, 7.33043238 ], [ 134.5272952, 7.33016289 ], [ 134.52734012, 7.33016289 ], [ 134.52734012, 7.33011797 ], [ 134.5275647, 7.33011797 ], [ 134.5275647, 7.33016289 ], [ 134.52760962, 7.33016289 ], [ 134.52760962, 7.33029763 ], [ 134.52747487, 7.33029763 ], [ 134.52747487, 7.33034255 ], [ 134.5275647, 7.33034255 ], [ 134.5275647, 7.33043238 ] ], [ [ 134.52940625, 7.32656963 ], [ 134.52936133, 7.32656963 ], [ 134.52936133, 7.32638996 ], [ 134.52940625, 7.32638996 ], [ 134.52940625, 7.32625522 ], [ 134.52945116, 7.32625522 ], [ 134.52945116, 7.3262103 ], [ 134.52949608, 7.3262103 ], [ 134.52949608, 7.32612047 ], [ 134.52958591, 7.32612047 ], [ 134.52958591, 7.32607555 ], [ 134.529675739999988, 7.32607555 ], [ 134.529675739999988, 7.32603064 ], [ 134.5298554, 7.32603064 ], [ 134.5298554, 7.32607555 ], [ 134.52990032, 7.32607555 ], [ 134.52990032, 7.32612047 ], [ 134.52999015, 7.32612047 ], [ 134.52999015, 7.3262103 ], [ 134.53003507, 7.3262103 ], [ 134.53003507, 7.32652471 ], [ 134.52999015, 7.32652471 ], [ 134.52999015, 7.32661454 ], [ 134.52994523000001, 7.32661454 ], [ 134.52994523000001, 7.32665946 ], [ 134.52990032, 7.32665946 ], [ 134.52990032, 7.32670437 ], [ 134.5298554, 7.32670437 ], [ 134.5298554, 7.32674929 ], [ 134.52976557, 7.32674929 ], [ 134.52976557, 7.3267942 ], [ 134.529540989999987, 7.3267942 ], [ 134.529540989999987, 7.32674929 ], [ 134.52949608, 7.32674929 ], [ 134.52949608, 7.32670437 ], [ 134.52945116, 7.32670437 ], [ 134.52945116, 7.32665946 ], [ 134.52940625, 7.32665946 ], [ 134.52940625, 7.32656963 ] ], [ [ 134.52976557, 7.33115103 ], [ 134.5298554, 7.33115103 ], [ 134.5298554, 7.33110612 ], [ 134.52990032, 7.33110612 ], [ 134.52990032, 7.3310612 ], [ 134.52999015, 7.3310612 ], [ 134.52999015, 7.33110612 ], [ 134.53003507, 7.33110612 ], [ 134.53003507, 7.3310612 ], [ 134.530079980000011, 7.3310612 ], [ 134.530079980000011, 7.33115103 ], [ 134.52999015, 7.33115103 ], [ 134.52999015, 7.33124087 ], [ 134.52990032, 7.33124087 ], [ 134.52990032, 7.33142053 ], [ 134.53016981, 7.33142053 ], [ 134.53016981, 7.33151036 ], [ 134.530214730000012, 7.33151036 ], [ 134.530214730000012, 7.33155528 ], [ 134.53043931, 7.33155528 ], [ 134.53043931, 7.33164511 ], [ 134.53048422, 7.33164511 ], [ 134.53048422, 7.33169002 ], [ 134.53057406, 7.33169002 ], [ 134.53057406, 7.33173494 ], [ 134.53048422, 7.33173494 ], [ 134.53048422, 7.33177985 ], [ 134.53043931, 7.33177985 ], [ 134.53043931, 7.33186969 ], [ 134.53048422, 7.33186969 ], [ 134.53048422, 7.33195952 ], [ 134.530349480000012, 7.33195952 ], [ 134.530349480000012, 7.33182477 ], [ 134.53030456, 7.33182477 ], [ 134.53030456, 7.33177985 ], [ 134.53025965, 7.33177985 ], [ 134.53025965, 7.33169002 ], [ 134.530214730000012, 7.33169002 ], [ 134.530214730000012, 7.33173494 ], [ 134.53016981, 7.33173494 ], [ 134.53016981, 7.33177985 ], [ 134.52999015, 7.33177985 ], [ 134.52999015, 7.33173494 ], [ 134.530079980000011, 7.33173494 ], [ 134.530079980000011, 7.33169002 ], [ 134.5301249, 7.33169002 ], [ 134.5301249, 7.33164511 ], [ 134.530079980000011, 7.33164511 ], [ 134.530079980000011, 7.33160019 ], [ 134.53003507, 7.33160019 ], [ 134.53003507, 7.33164511 ], [ 134.52999015, 7.33164511 ], [ 134.52999015, 7.33169002 ], [ 134.529810489999988, 7.33169002 ], [ 134.529810489999988, 7.33164511 ], [ 134.52976557, 7.33164511 ], [ 134.52976557, 7.33160019 ], [ 134.52972066000001, 7.33160019 ], [ 134.52972066000001, 7.33155528 ], [ 134.529675739999988, 7.33155528 ], [ 134.529675739999988, 7.33142053 ], [ 134.52976557, 7.33142053 ], [ 134.52976557, 7.3313307 ], [ 134.52972066000001, 7.3313307 ], [ 134.52972066000001, 7.33119595 ], [ 134.52976557, 7.33119595 ], [ 134.52976557, 7.33115103 ] ], [ [ 134.52599265, 7.32948915 ], [ 134.52599265, 7.32953407 ], [ 134.525947730000013, 7.32953407 ], [ 134.525947730000013, 7.32957898 ], [ 134.52590282, 7.32957898 ], [ 134.52590282, 7.3296239 ], [ 134.52563332, 7.3296239 ], [ 134.52563332, 7.32957898 ], [ 134.525588410000012, 7.32957898 ], [ 134.525588410000012, 7.32953407 ], [ 134.52554349, 7.32953407 ], [ 134.52554349, 7.32926457 ], [ 134.525588410000012, 7.32926457 ], [ 134.525588410000012, 7.32921966 ], [ 134.52563332, 7.32921966 ], [ 134.52563332, 7.32917474 ], [ 134.52572315, 7.32917474 ], [ 134.52572315, 7.32912982 ], [ 134.5258579, 7.32912982 ], [ 134.5258579, 7.32917474 ], [ 134.525947730000013, 7.32917474 ], [ 134.525947730000013, 7.32921966 ], [ 134.52599265, 7.32921966 ], [ 134.52599265, 7.32930949 ], [ 134.52603756, 7.32930949 ], [ 134.52603756, 7.32948915 ], [ 134.52599265, 7.32948915 ] ], [ [ 134.52931641, 7.324773 ], [ 134.52931641, 7.32472808 ], [ 134.52940625, 7.32472808 ], [ 134.52940625, 7.32468316 ], [ 134.52958591, 7.32468316 ], [ 134.52958591, 7.32463825 ], [ 134.529675739999988, 7.32463825 ], [ 134.529675739999988, 7.32472808 ], [ 134.52963082, 7.32472808 ], [ 134.52963082, 7.32481791 ], [ 134.52958591, 7.32481791 ], [ 134.52958591, 7.32486283 ], [ 134.529540989999987, 7.32486283 ], [ 134.529540989999987, 7.32490774 ], [ 134.52945116, 7.32490774 ], [ 134.52945116, 7.32495266 ], [ 134.52940625, 7.32495266 ], [ 134.52940625, 7.32499757 ], [ 134.52931641, 7.32499757 ], [ 134.52931641, 7.32504249 ], [ 134.529181670000014, 7.32504249 ], [ 134.529181670000014, 7.32508741 ], [ 134.52913675, 7.32508741 ], [ 134.52913675, 7.32504249 ], [ 134.52909184, 7.32504249 ], [ 134.52909184, 7.32495266 ], [ 134.52913675, 7.32495266 ], [ 134.52913675, 7.324773 ], [ 134.529181670000014, 7.324773 ], [ 134.529181670000014, 7.32481791 ], [ 134.52922658, 7.32481791 ], [ 134.52922658, 7.324773 ], [ 134.52931641, 7.324773 ] ] ] } },
{ "type": "Feature", "properties": { "id": "geomorphic_data_verbose.fid-75f8f034_1a0c1004d45_-5566", "class_name": "Deep Lagoon", "area_sqkm": 0.0023896051415400578 }, "geometry": { "type": "Polygon", "coordinates": [ [ [ 134.52590282, 7.3296239 ], [ 134.52590282, 7.32957898 ], [ 134.525947730000013, 7.32957898 ], [ 134.525947730000013, 7.32953407 ], [ 134.52599265, 7.32953407 ], [ 134.52599265, 7.32948915 ], [ 134.52603756, 7.32948915 ], [ 134.52603756, 7.32930949 ], [ 134.52599265, 7.32930949 ], [ 134.52599265, 7.32921966 ], [ 134.525947730000013, 7.32921966 ], [ 134.525947730000013, 7.32917474 ], [ 134.52590282, 7.32917474 ], [ 134.5258579, 7.32917474 ], [ 134.5258579, 7.32912982 ], [ 134.52572315, 7.32912982 ], [ 134.52572315, 7.32917474 ], [ 134.52563332, 7.32917474 ], [ 134.52563332, 7.32921966 ], [ 134.525588410000012, 7.32921966 ], [ 134.525588410000012, 7.32926457 ], [ 134.52554349, 7.32926457 ], [ 134.52554349, 7.32953407 ], [ 134.525588410000012, 7.32953407 ], [ 134.525588410000012, 7.32957898 ], [ 134.52563332, 7.32957898 ], [ 134.52563332, 7.3296239 ], [ 134.52590282, 7.3296239 ] ] ] } },
{ "type": "Feature", "properties": { "id": "geomorphic_data_verbose.fid-75f8f034_1a0c1004d45_-52ae", "class_name": "Outer Reef Flat", "area_sqkm": 0.0011332125530615449 }, "geometry": { "type": "Polygon", "coordinates": [ [ [ 134.52751978, 7.3304773 ], [ 134.52751978, 7.33043238 ], [ 134.5275647, 7.33043238 ], [ 134.5275647, 7.33034255 ], [ 134.52751978, 7.33034255 ], [ 134.52747487, 7.33034255 ], [ 134.52747487, 7.33029763 ], [ 134.52760962, 7.33029763 ], [ 134.52760962, 7.33016289 ], [ 134.5275647, 7.33016289 ], [ 134.5275647, 7.33011797 ], [ 134.52734012, 7.33011797 ], [ 134.52734012, 7.33016289 ], [ 134.5272952, 7.33016289 ], [ 134.5272952, 7.33043238 ], [ 134.52734012, 7.33043238 ], [ 134.52734012, 7.3304773 ], [ 134.52751978, 7.3304773 ] ] ] } },
{ "type": "Feature", "properties": { "id": "geomorphic_data_verbose.fid-75f8f034_1a0c1004d45_-5bdb", "class_name": "Deep Lagoon", "area_sqkm": 2.4634954778943212e-05 }, "geometry": { "type": "Polygon", "coordinates": [ [ [ 134.5258579, 7.3321841 ], [ 134.5258579, 7.33213918 ], [ 134.525812980000012, 7.33213918 ], [ 134.525812980000012, 7.3321841 ], [ 134.5258579, 7.3321841 ] ] ] } },
{ "type": "Feature", "properties": { "id": "geomorphic_data_verbose.fid-75f8f034_1a0c1004d45_-5a9a", "class_name": "Deep Lagoon", "area_sqkm": 0.030842922409126068 }, "geometry": { "type": "Polygon", "coordinates": [ [ [ 134.52720537, 7.33348665 ], [ 134.52734012, 7.33348665 ], [ 134.52734012, 7.33339682 ], [ 134.527385040000013, 7.33339682 ], [ 134.527385040000013, 7.33335191 ], [ 134.52734012, 7.33335191 ], [ 134.52734012, 7.33330699 ], [ 134.527385040000013, 7.33330699 ], [ 134.527385040000013, 7.33317224 ], [ 134.52742995, 7.33317224 ], [ 134.52742995, 7.33312733 ], [ 134.5275647, 7.33312733 ], [ 134.5275647, 7.33308241 ], [ 134.52760962, 7.33308241 ], [ 134.52760962, 7.33312733 ], [ 134.52769945, 7.33312733 ], [ 134.52769945, 7.33317224 ], [ 134.52765453, 7.33317224 ], [ 134.52765453, 7.33321716 ], [ 134.52760962, 7.33321716 ], [ 134.52760962, 7.33317224 ], [ 134.5275647, 7.33317224 ], [ 134.5275647, 7.33321716 ], [ 134.52751978, 7.33321716 ], [ 134.52751978, 7.33335191 ], [ 134.5275647, 7.33335191 ], [ 134.5275647, 7.33339682 ], [ 134.52751978, 7.33339682 ], [ 134.52751978, 7.33348665 ], [ 134.52742995, 7.33348665 ], [ 134.52742995, 7.33366632 ], [ 134.52747487, 7.33366632 ], [ 134.52747487, 7.33371123 ], [ 134.5275647, 7.33371123 ], [ 134.5275647, 7.3336214 ], [ 134.52760962, 7.3336214 ], [ 134.52760962, 7.33357648 ], [ 134.52778928, 7.33357648 ], [ 134.52778928, 7.33366632 ], [ 134.527879109999986, 7.33366632 ], [ 134.527879109999986, 7.3336214 ], [ 134.52792403, 7.3336214 ], [ 134.52792403, 7.33357648 ], [ 134.527879109999986, 7.33357648 ], [ 134.527879109999986, 7.33348665 ], [ 134.52792403, 7.33348665 ], [ 134.52792403, 7.33335191 ], [ 134.52778928, 7.33335191 ], [ 134.52778928, 7.33326207 ], [ 134.52783419, 7.33326207 ], [ 134.52783419, 7.33317224 ], [ 134.52778928, 7.33317224 ], [ 134.52778928, 7.33312733 ], [ 134.527744360000014, 7.33312733 ], [ 134.527744360000014, 7.3330375 ], [ 134.52778928, 7.3330375 ], [ 134.52778928, 7.33308241 ], [ 134.52783419, 7.33308241 ], [ 134.52783419, 7.3330375 ], [ 134.528013859999987, 7.3330375 ], [ 134.528013859999987, 7.33308241 ], [ 134.52810369, 7.33308241 ], [ 134.52810369, 7.3330375 ], [ 134.5281486, 7.3330375 ], [ 134.5281486, 7.33299258 ], [ 134.52828335, 7.33299258 ], [ 134.52828335, 7.3330375 ], [ 134.52832827, 7.3330375 ], [ 134.52832827, 7.33294766 ], [ 134.52841810000001, 7.33294766 ], [ 134.52841810000001, 7.33290275 ], [ 134.528507929999989, 7.33290275 ], [ 134.528507929999989, 7.33294766 ], [ 134.528552850000011, 7.33294766 ], [ 134.528552850000011, 7.33290275 ], [ 134.52859776, 7.33290275 ], [ 134.52859776, 7.33285783 ], [ 134.52864268, 7.33285783 ], [ 134.52864268, 7.33281292 ], [ 134.52868759, 7.33281292 ], [ 134.52868759, 7.33290275 ], [ 134.52864268, 7.33290275 ], [ 134.52864268, 7.33294766 ], [ 134.52859776, 7.33294766 ], [ 134.52859776, 7.3330375 ], [ 134.52864268, 7.3330375 ], [ 134.52864268, 7.33299258 ], [ 134.52873251, 7.33299258 ], [ 134.52873251, 7.3330375 ], [ 134.52877743, 7.3330375 ], [ 134.52877743, 7.33308241 ], [ 134.52886726, 7.33308241 ], [ 134.52886726, 7.3330375 ], [ 134.528912170000012, 7.3330375 ], [ 134.528912170000012, 7.33312733 ], [ 134.52873251, 7.33312733 ], [ 134.52873251, 7.33317224 ], [ 134.52882234, 7.33317224 ], [ 134.52882234, 7.33321716 ], [ 134.52886726, 7.33321716 ], [ 134.52886726, 7.33326207 ], [ 134.528912170000012, 7.33326207 ], [ 134.528912170000012, 7.33330699 ], [ 134.52886726, 7.33330699 ], [ 134.52886726, 7.33339682 ], [ 134.52877743, 7.33339682 ], [ 134.52877743, 7.33344174 ], [ 134.52873251, 7.33344174 ], [ 134.52873251, 7.33348665 ], [ 134.52958591, 7.33348665 ], [ 134.52958591, 7.33330699 ], [ 134.52963082, 7.33330699 ], [ 134.52963082, 7.33312733 ], [ 134.529675739999988, 7.33312733 ], [ 134.529675739999988, 7.33317224 ], [ 134.52976557, 7.33317224 ], [ 134.52976557, 7.33321716 ], [ 134.529810489999988, 7.33321716 ], [ 134.529810489999988, 7.33326207 ], [ 134.52994523000001, 7.33326207 ], [ 134.52994523000001, 7.33308241 ], [ 134.530079980000011, 7.33308241 ], [ 134.530079980000011, 7.33294766 ], [ 134.529810489999988, 7.33294766 ], [ 134.529810489999988, 7.33290275 ], [ 134.52972066000001, 7.33290275 ], [ 134.52972066000001, 7.33281292 ], [ 134.529675739999988, 7.33281292 ], [ 134.529675739999988, 7.332768 ], [ 134.52958591, 7.332768 ], [ 134.52958591, 7.33272309 ], [ 134.52963082, 7.33272309 ], [ 134.52963082, 7.33267817 ], [ 134.529540989999987, 7.33267817 ], [ 134.529540989999987, 7.33240868 ], [ 134.529675739999988, 7.33240868 ], [ 134.529675739999988, 7.33245359 ], [ 134.52972066000001, 7.33245359 ], [ 134.52972066000001, 7.33249851 ], [ 134.529810489999988, 7.33249851 ], [ 134.529810489999988, 7.33240868 ], [ 134.52976557, 7.33240868 ], [ 134.52976557, 7.33236376 ], [ 134.52972066000001, 7.33236376 ], [ 134.52972066000001, 7.33231884 ], [ 134.529675739999988, 7.33231884 ], [ 134.529675739999988, 7.33222901 ], [ 134.52963082, 7.33222901 ], [ 134.52963082, 7.33231884 ], [ 134.529540989999987, 7.33231884 ], [ 134.529540989999987, 7.33236376 ], [ 134.52949608, 7.33236376 ], [ 134.52949608, 7.33227393 ], [ 134.52945116, 7.33227393 ], [ 134.52945116, 7.33231884 ], [ 134.52940625, 7.33231884 ], [ 134.52940625, 7.33222901 ], [ 134.52931641, 7.33222901 ], [ 134.52931641, 7.33227393 ], [ 134.529181670000014, 7.33227393 ], [ 134.529181670000014, 7.33222901 ], [ 134.52913675, 7.33222901 ], [ 134.52913675, 7.33231884 ], [ 134.52909184, 7.33231884 ], [ 134.52909184, 7.33236376 ], [ 134.529002, 7.33236376 ], [ 134.529002, 7.33227393 ], [ 134.52895709, 7.33227393 ], [ 134.52895709, 7.33222901 ], [ 134.52886726, 7.33222901 ], [ 134.52886726, 7.3321841 ], [ 134.52873251, 7.3321841 ], [ 134.52873251, 7.33213918 ], [ 134.52877743, 7.33213918 ], [ 134.52877743, 7.33204935 ], [ 134.52886726, 7.33204935 ], [ 134.52886726, 7.33200443 ], [ 134.528912170000012, 7.33200443 ], [ 134.528912170000012, 7.33186969 ], [ 134.52882234, 7.33186969 ], [ 134.52882234, 7.33182477 ], [ 134.52886726, 7.33182477 ], [ 134.52886726, 7.33173494 ], [ 134.528912170000012, 7.33173494 ], [ 134.528912170000012, 7.33169002 ], [ 134.52913675, 7.33169002 ], [ 134.52913675, 7.33164511 ], [ 134.52922658, 7.33164511 ], [ 134.52922658, 7.33155528 ], [ 134.528912170000012, 7.33155528 ], [ 134.528912170000012, 7.33160019 ], [ 134.52886726, 7.33160019 ], [ 134.52886726, 7.33164511 ], [ 134.52873251, 7.33164511 ], [ 134.52873251, 7.33169002 ], [ 134.52859776, 7.33169002 ], [ 134.52859776, 7.33173494 ], [ 134.528552850000011, 7.33173494 ], [ 134.528552850000011, 7.33177985 ], [ 134.528507929999989, 7.33177985 ], [ 134.528507929999989, 7.33182477 ], [ 134.52846301, 7.33182477 ], [ 134.52846301, 7.33186969 ], [ 134.528507929999989, 7.33186969 ], [ 134.528507929999989, 7.3319146 ], [ 134.52846301, 7.3319146 ], [ 134.52846301, 7.33213918 ], [ 134.52841810000001, 7.33213918 ], [ 134.52841810000001, 7.3321841 ], [ 134.52832827, 7.3321841 ], [ 134.52832827, 7.33254342 ], [ 134.52828335, 7.33254342 ], [ 134.52828335, 7.33263325 ], [ 134.52823844, 7.33263325 ], [ 134.52823844, 7.33267817 ], [ 134.52819352, 7.33267817 ], [ 134.52819352, 7.33272309 ], [ 134.5281486, 7.33272309 ], [ 134.5281486, 7.332768 ], [ 134.52805877, 7.332768 ], [ 134.52805877, 7.33272309 ], [ 134.528013859999987, 7.33272309 ], [ 134.528013859999987, 7.33263325 ], [ 134.52796894, 7.33263325 ], [ 134.52796894, 7.33258834 ], [ 134.52792403, 7.33258834 ], [ 134.52792403, 7.33254342 ], [ 134.52783419, 7.33254342 ], [ 134.52783419, 7.33249851 ], [ 134.527744360000014, 7.33249851 ], [ 134.527744360000014, 7.33245359 ], [ 134.527385040000013, 7.33245359 ], [ 134.527385040000013, 7.33249851 ], [ 134.5272952, 7.33249851 ], [ 134.5272952, 7.33254342 ], [ 134.527115540000011, 7.33254342 ], [ 134.527115540000011, 7.33258834 ], [ 134.52707063, 7.33258834 ], [ 134.52707063, 7.33263325 ], [ 134.52702571, 7.33263325 ], [ 134.52702571, 7.33281292 ], [ 134.52698079000001, 7.33281292 ], [ 134.52698079000001, 7.33285783 ], [ 134.52702571, 7.33285783 ], [ 134.52702571, 7.33294766 ], [ 134.52707063, 7.33294766 ], [ 134.52707063, 7.33299258 ], [ 134.52698079000001, 7.33299258 ], [ 134.52698079000001, 7.33308241 ], [ 134.52702571, 7.33308241 ], [ 134.52702571, 7.3330375 ], [ 134.52707063, 7.3330375 ], [ 134.52707063, 7.33308241 ], [ 134.527115540000011, 7.33308241 ], [ 134.527115540000011, 7.33317224 ], [ 134.52707063, 7.33317224 ], [ 134.52707063, 7.33321716 ], [ 134.52702571, 7.33321716 ], [ 134.52702571, 7.33317224 ], [ 134.52698079000001, 7.33317224 ], [ 134.52698079000001, 7.33344174 ], [ 134.52720537, 7.33344174 ], [ 134.52720537, 7.33348665 ] ], [ [ 134.52734012, 7.33317224 ], [ 134.52734012, 7.33312733 ], [ 134.527385040000013, 7.33312733 ], [ 134.527385040000013, 7.33317224 ], [ 134.52734012, 7.33317224 ] ], [ [ 134.527250290000012, 7.33312733 ], [ 134.527250290000012, 7.33308241 ], [ 134.52734012, 7.33308241 ], [ 134.52734012, 7.33312733 ], [ 134.527250290000012, 7.33312733 ] ], [ [ 134.527250290000012, 7.33317224 ], [ 134.52716046, 7.33317224 ], [ 134.52716046, 7.33312733 ], [ 134.527250290000012, 7.33312733 ], [ 134.527250290000012, 7.33317224 ] ], [ [ 134.528912170000012, 7.33317224 ], [ 134.52895709, 7.33317224 ], [ 134.52895709, 7.33326207 ], [ 134.528912170000012, 7.33326207 ], [ 134.528912170000012, 7.33317224 ] ], [ [ 134.52828335, 7.33294766 ], [ 134.52823844, 7.33294766 ], [ 134.52823844, 7.33290275 ], [ 134.52828335, 7.33290275 ], [ 134.52828335, 7.33294766 ] ], [ [ 134.52936133, 7.33321716 ], [ 134.52945116, 7.33321716 ], [ 134.52945116, 7.33335191 ], [ 134.52940625, 7.33335191 ], [ 134.52940625, 7.33326207 ], [ 134.52936133, 7.33326207 ], [ 134.52936133, 7.33321716 ] ], [ [ 134.529540989999987, 7.33321716 ], [ 134.52949608, 7.33321716 ], [ 134.52949608, 7.33317224 ], [ 134.529540989999987, 7.33317224 ], [ 134.529540989999987, 7.33321716 ] ], [ [ 134.5292715, 7.33335191 ], [ 134.52922658, 7.33335191 ], [ 134.52922658, 7.33330699 ], [ 134.5292715, 7.33330699 ], [ 134.5292715, 7.33335191 ] ], [ [ 134.52922658, 7.33317224 ], [ 134.529181670000014, 7.33317224 ], [ 134.529181670000014, 7.33312733 ], [ 134.52922658, 7.33312733 ], [ 134.52922658, 7.33317224 ] ], [ [ 134.527744360000014, 7.33285783 ], [ 134.52778928, 7.33285783 ], [ 134.52778928, 7.33281292 ], [ 134.52783419, 7.33281292 ], [ 134.52783419, 7.33285783 ], [ 134.527879109999986, 7.33285783 ], [ 134.527879109999986, 7.33294766 ], [ 134.52778928, 7.33294766 ], [ 134.52778928, 7.33290275 ], [ 134.527744360000014, 7.33290275 ], [ 134.527744360000014, 7.33285783 ] ], [ [ 134.5272952, 7.33281292 ], [ 134.52720537, 7.33281292 ], [ 134.52720537, 7.33272309 ], [ 134.5272952, 7.33272309 ], [ 134.5272952, 7.33281292 ] ], [ [ 134.527250290000012, 7.33299258 ], [ 134.52720537, 7.33299258 ], [ 134.52720537, 7.33290275 ], [ 134.527250290000012, 7.33290275 ], [ 134.527250290000012, 7.33299258 ] ], [ [ 134.52864268, 7.3319146 ], [ 134.52864268, 7.33186969 ], [ 134.52859776, 7.33186969 ], [ 134.52859776, 7.33182477 ], [ 134.52868759, 7.33182477 ], [ 134.52868759, 7.33186969 ], [ 134.52873251, 7.33186969 ], [ 134.52873251, 7.3319146 ], [ 134.52864268, 7.3319146 ] ], [ [ 134.52742995, 7.33281292 ], [ 134.52747487, 7.33281292 ], [ 134.52747487, 7.332768 ], [ 134.52751978, 7.332768 ], [ 134.52751978, 7.33267817 ], [ 134.52760962, 7.33267817 ], [ 134.52760962, 7.33272309 ], [ 134.5275647, 7.33272309 ], [ 134.5275647, 7.332768 ], [ 134.52760962, 7.332768 ], [ 134.52760962, 7.33285783 ], [ 134.5275647, 7.33285783 ], [ 134.5275647, 7.33299258 ], [ 134.52751978, 7.33299258 ], [ 134.52751978, 7.3330375 ], [ 134.52742995, 7.3330375 ], [ 134.52742995, 7.33294766 ], [ 134.527385040000013, 7.33294766 ], [ 134.527385040000013, 7.33285783 ], [ 134.52742995, 7.33285783 ], [ 134.52742995, 7.33281292 ] ], [ [ 134.52931641, 7.33344174 ], [ 134.5292715, 7.33344174 ], [ 134.5292715, 7.33339682 ], [ 134.52931641, 7.33339682 ], [ 134.52931641, 7.33344174 ] ], [ [ 134.52769945, 7.33321716 ], [ 134.527744360000014, 7.33321716 ], [ 134.527744360000014, 7.33330699 ], [ 134.52760962, 7.33330699 ], [ 134.52760962, 7.33326207 ], [ 134.52769945, 7.33326207 ], [ 134.52769945, 7.33321716 ] ], [ [ 134.52868759, 7.33258834 ], [ 134.52873251, 7.33258834 ], [ 134.52873251, 7.33267817 ], [ 134.52868759, 7.33267817 ], [ 134.52868759, 7.33272309 ], [ 134.52864268, 7.33272309 ], [ 134.52864268, 7.33263325 ], [ 134.52868759, 7.33263325 ], [ 134.52868759, 7.33258834 ] ], [ [ 134.52859776, 7.33258834 ], [ 134.528552850000011, 7.33258834 ], [ 134.528552850000011, 7.33254342 ], [ 134.52859776, 7.33254342 ], [ 134.52859776, 7.33258834 ] ], [ [ 134.52909184, 7.33330699 ], [ 134.529046920000013, 7.33330699 ], [ 134.529046920000013, 7.33326207 ], [ 134.52909184, 7.33326207 ], [ 134.52909184, 7.33330699 ] ], [ [ 134.52936133, 7.33236376 ], [ 134.52931641, 7.33236376 ], [ 134.52931641, 7.33231884 ], [ 134.52936133, 7.33231884 ], [ 134.52936133, 7.33236376 ] ], [ [ 134.528552850000011, 7.33263325 ], [ 134.528552850000011, 7.332768 ], [ 134.528507929999989, 7.332768 ], [ 134.528507929999989, 7.33267817 ], [ 134.52846301, 7.33267817 ], [ 134.52846301, 7.33263325 ], [ 134.528507929999989, 7.33263325 ], [ 134.528552850000011, 7.33263325 ] ], [ [ 134.52716046, 7.33326207 ], [ 134.527115540000011, 7.33326207 ], [ 134.527115540000011, 7.33321716 ], [ 134.52716046, 7.33321716 ], [ 134.52716046, 7.33326207 ] ] ] } },
{ "type": "Feature", "properties": { "id": "geomorphic_data_verbose.fid-75f8f034_1a0c1004d45_-52b0", "class_name": "Deep Lagoon", "area_sqkm": 2.4634918487630786e-05 }, "geometry": { "type": "Polygon", "coordinates": [ [ [ 134.52693588, 7.33285783 ], [ 134.52698079000001, 7.33285783 ], [ 134.52698079000001, 7.33281292 ], [ 134.52693588, 7.33281292 ], [ 134.52693588, 7.33285783 ] ] ] } },
{ "type": "Feature", "properties": { "id": "geomorphic_data_verbose.fid-75f8f034_1a0c1004d45_-5a9e", "class_name": "Outer Reef Flat", "area_sqkm": 0.013475297252639663 }, "geometry": { "type": "Polygon", "coordinates": [ [ [ 134.526217229999986, 7.33366632 ], [ 134.526217229999986, 7.3336214 ], [ 134.52635197, 7.3336214 ], [ 134.52635197, 7.33357648 ], [ 134.52644181, 7.33357648 ], [ 134.52644181, 7.33348665 ], [ 134.52648672, 7.33348665 ], [ 134.52648672, 7.33339682 ], [ 134.52653164, 7.33339682 ], [ 134.52653164, 7.33335191 ], [ 134.526576549999987, 7.33335191 ], [ 134.526576549999987, 7.33330699 ], [ 134.52662147, 7.33330699 ], [ 134.52662147, 7.33321716 ], [ 134.52675622000001, 7.33321716 ], [ 134.52675622000001, 7.33312733 ], [ 134.52680113, 7.33312733 ], [ 134.52680113, 7.33308241 ], [ 134.52689096, 7.33308241 ], [ 134.52689096, 7.3330375 ], [ 134.52693588, 7.3330375 ], [ 134.52693588, 7.33294766 ], [ 134.52689096, 7.33294766 ], [ 134.52689096, 7.33285783 ], [ 134.52693588, 7.33285783 ], [ 134.52693588, 7.33281292 ], [ 134.52702571, 7.33281292 ], [ 134.52702571, 7.33263325 ], [ 134.52707063, 7.33263325 ], [ 134.52707063, 7.33258834 ], [ 134.527115540000011, 7.33258834 ], [ 134.527115540000011, 7.33254342 ], [ 134.52716046, 7.33254342 ], [ 134.52716046, 7.33245359 ], [ 134.52720537, 7.33245359 ], [ 134.52720537, 7.33240868 ], [ 134.527115540000011, 7.33240868 ], [ 134.527115540000011, 7.33245359 ], [ 134.52702571, 7.33245359 ], [ 134.52702571, 7.33249851 ], [ 134.52689096, 7.33249851 ], [ 134.52689096, 7.33254342 ], [ 134.526846049999989, 7.33254342 ], [ 134.526846049999989, 7.33263325 ], [ 134.52675622000001, 7.33263325 ], [ 134.52675622000001, 7.33267817 ], [ 134.526711299999988, 7.33267817 ], [ 134.526711299999988, 7.33285783 ], [ 134.52666638, 7.33285783 ], [ 134.52666638, 7.33294766 ], [ 134.52662147, 7.33294766 ], [ 134.52662147, 7.33299258 ], [ 134.526576549999987, 7.33299258 ], [ 134.526576549999987, 7.3330375 ], [ 134.52648672, 7.3330375 ], [ 134.52648672, 7.33308241 ], [ 134.52644181, 7.33308241 ], [ 134.52644181, 7.33317224 ], [ 134.52639689, 7.33317224 ], [ 134.52639689, 7.33321716 ], [ 134.52635197, 7.33321716 ], [ 134.52635197, 7.33326207 ], [ 134.52630706, 7.33326207 ], [ 134.52630706, 7.33335191 ], [ 134.52626214, 7.33335191 ], [ 134.52626214, 7.33339682 ], [ 134.526217229999986, 7.33339682 ], [ 134.526217229999986, 7.33344174 ], [ 134.52590282, 7.33344174 ], [ 134.52590282, 7.33339682 ], [ 134.5258579, 7.33339682 ], [ 134.525812980000012, 7.33339682 ], [ 134.525812980000012, 7.33335191 ], [ 134.52576807, 7.33335191 ], [ 134.52576807, 7.33330699 ], [ 134.52572315, 7.33330699 ], [ 134.52567824, 7.33330699 ], [ 134.52567824, 7.33321716 ], [ 134.52563332, 7.33321716 ], [ 134.525588410000012, 7.33321716 ], [ 134.525588410000012, 7.33317224 ], [ 134.52563332, 7.33317224 ], [ 134.52563332, 7.33308241 ], [ 134.52567824, 7.33308241 ], [ 134.52567824, 7.33299258 ], [ 134.5258579, 7.33299258 ], [ 134.5258579, 7.33312733 ], [ 134.52590282, 7.33312733 ], [ 134.52590282, 7.33308241 ], [ 134.525947730000013, 7.33308241 ], [ 134.525947730000013, 7.33299258 ], [ 134.52590282, 7.33299258 ], [ 134.52590282, 7.33294766 ], [ 134.5258579, 7.33294766 ], [ 134.5258579, 7.33285783 ], [ 134.525947730000013, 7.33285783 ], [ 134.525947730000013, 7.33281292 ], [ 134.52603756, 7.33281292 ], [ 134.52603756, 7.332768 ], [ 134.526082480000014, 7.332768 ], [ 134.526082480000014, 7.33272309 ], [ 134.52612739, 7.33272309 ], [ 134.52612739, 7.33267817 ], [ 134.526082480000014, 7.33267817 ], [ 134.526082480000014, 7.33263325 ], [ 134.52612739, 7.33263325 ], [ 134.52612739, 7.33245359 ], [ 134.52630706, 7.33245359 ], [ 134.52630706, 7.33236376 ], [ 134.52648672, 7.33236376 ], [ 134.52648672, 7.33231884 ], [ 134.52653164, 7.33231884 ], [ 134.52653164, 7.33227393 ], [ 134.52648672, 7.33227393 ], [ 134.52603756, 7.33227393 ], [ 134.52603756, 7.33222901 ], [ 134.52599265, 7.33222901 ], [ 134.52599265, 7.3321841 ], [ 134.525947730000013, 7.3321841 ], [ 134.525947730000013, 7.33213918 ], [ 134.52590282, 7.33213918 ], [ 134.52590282, 7.33209426 ], [ 134.5258579, 7.33209426 ], [ 134.5258579, 7.3321841 ], [ 134.52576807, 7.3321841 ], [ 134.52576807, 7.33213918 ], [ 134.52567824, 7.33213918 ], [ 134.52567824, 7.33231884 ], [ 134.52572315, 7.33231884 ], [ 134.52572315, 7.33240868 ], [ 134.52576807, 7.33240868 ], [ 134.52576807, 7.33249851 ], [ 134.52572315, 7.33249851 ], [ 134.52572315, 7.33258834 ], [ 134.52567824, 7.33258834 ], [ 134.52567824, 7.332768 ], [ 134.52549857, 7.332768 ], [ 134.52549857, 7.33272309 ], [ 134.52536383, 7.33272309 ], [ 134.52536383, 7.332768 ], [ 134.52531891000001, 7.332768 ], [ 134.52531891000001, 7.33281292 ], [ 134.52518416, 7.33281292 ], [ 134.52518416, 7.33299258 ], [ 134.52513925, 7.33299258 ], [ 134.52513925, 7.33317224 ], [ 134.52509433, 7.33317224 ], [ 134.52509433, 7.33321716 ], [ 134.52518416, 7.33321716 ], [ 134.52518416, 7.33312733 ], [ 134.52522908, 7.33312733 ], [ 134.52522908, 7.33321716 ], [ 134.525274, 7.33321716 ], [ 134.525274, 7.33326207 ], [ 134.52531891000001, 7.33326207 ], [ 134.52536383, 7.33326207 ], [ 134.52536383, 7.33330699 ], [ 134.525408739999989, 7.33330699 ], [ 134.525453660000011, 7.33330699 ], [ 134.525453660000011, 7.33339682 ], [ 134.52549857, 7.33339682 ], [ 134.52549857, 7.33344174 ], [ 134.52554349, 7.33344174 ], [ 134.52554349, 7.33348665 ], [ 134.525588410000012, 7.33348665 ], [ 134.525588410000012, 7.33353157 ], [ 134.52563332, 7.33353157 ], [ 134.52567824, 7.33353157 ], [ 134.52567824, 7.3336214 ], [ 134.52590282, 7.3336214 ], [ 134.525947730000013, 7.3336214 ], [ 134.525947730000013, 7.33366632 ], [ 134.526217229999986, 7.33366632 ] ] ] } },
{ "type": "Feature", "properties": { "id": "geomorphic_data_verbose.fid-75f8f034_1a0c1004d45_-5bdc", "class_name": "Outer Reef Flat", "area_sqkm": 0.00012317669887980447 }, "geometry": { "type": "Polygon", "coordinates": [ [ [ 134.529181670000014, 7.32508741 ], [ 134.529181670000014, 7.32495266 ], [ 134.52913675, 7.32495266 ], [ 134.52909184, 7.32495266 ], [ 134.52909184, 7.32504249 ], [ 134.52913675, 7.32504249 ], [ 134.52913675, 7.32508741 ], [ 134.529181670000014, 7.32508741 ] ] ] } },
{ "type": "Feature", "properties": { "id": "geomorphic_data_verbose.fid-75f8f034_1a0c1004d45_-5a1d", "class_name": "Deep Lagoon", "area_sqkm": 0.0048038765203845691 }, "geometry": { "type": "Polygon", "coordinates": [ [ [ 134.52976557, 7.3267942 ], [ 134.52976557, 7.32674929 ], [ 134.5298554, 7.32674929 ], [ 134.5298554, 7.32670437 ], [ 134.52990032, 7.32670437 ], [ 134.52990032, 7.32665946 ], [ 134.52994523000001, 7.32665946 ], [ 134.52994523000001, 7.32661454 ], [ 134.52999015, 7.32661454 ], [ 134.52999015, 7.32652471 ], [ 134.53003507, 7.32652471 ], [ 134.53003507, 7.3262103 ], [ 134.52999015, 7.3262103 ], [ 134.52999015, 7.32612047 ], [ 134.52994523000001, 7.32612047 ], [ 134.52990032, 7.32612047 ], [ 134.52990032, 7.32607555 ], [ 134.5298554, 7.32607555 ], [ 134.5298554, 7.32603064 ], [ 134.529675739999988, 7.32603064 ], [ 134.529675739999988, 7.32607555 ], [ 134.52958591, 7.32607555 ], [ 134.52958591, 7.32612047 ], [ 134.52949608, 7.32612047 ], [ 134.52949608, 7.3262103 ], [ 134.52945116, 7.3262103 ], [ 134.52945116, 7.32625522 ], [ 134.52940625, 7.32625522 ], [ 134.52940625, 7.32638996 ], [ 134.52936133, 7.32638996 ], [ 134.52936133, 7.32656963 ], [ 134.52940625, 7.32656963 ], [ 134.52940625, 7.32665946 ], [ 134.52945116, 7.32665946 ], [ 134.52945116, 7.32670437 ], [ 134.52949608, 7.32670437 ], [ 134.52949608, 7.32674929 ], [ 134.529540989999987, 7.32674929 ], [ 134.529540989999987, 7.3267942 ], [ 134.52976557, 7.3267942 ] ] ] } },
{ "type": "Feature", "properties": { "id": "geomorphic_data_verbose.fid-75f8f034_1a0c1004d45_-5a1e", "class_name": "Deep Lagoon", "area_sqkm": 0.0036706249638088048 }, "geometry": { "type": "Polygon", "coordinates": [ [ [ 134.530079980000011, 7.33038747 ], [ 134.530079980000011, 7.33034255 ], [ 134.53025965, 7.33034255 ], [ 134.53025965, 7.33025272 ], [ 134.53030456, 7.33025272 ], [ 134.53030456, 7.33011797 ], [ 134.53025965, 7.33011797 ], [ 134.53025965, 7.33007306 ], [ 134.530214730000012, 7.33007306 ], [ 134.530214730000012, 7.32993831 ], [ 134.53016981, 7.32993831 ], [ 134.5301249, 7.32993831 ], [ 134.5301249, 7.32989339 ], [ 134.530079980000011, 7.32989339 ], [ 134.530079980000011, 7.32984848 ], [ 134.53003507, 7.32984848 ], [ 134.52999015, 7.32984848 ], [ 134.52999015, 7.32980356 ], [ 134.52994523000001, 7.32980356 ], [ 134.5298554, 7.32980356 ], [ 134.5298554, 7.32975865 ], [ 134.52976557, 7.32975865 ], [ 134.52976557, 7.32980356 ], [ 134.529675739999988, 7.32980356 ], [ 134.529675739999988, 7.32984848 ], [ 134.52963082, 7.32984848 ], [ 134.52963082, 7.32989339 ], [ 134.52958591, 7.32989339 ], [ 134.52958591, 7.33011797 ], [ 134.52963082, 7.33011797 ], [ 134.52963082, 7.33016289 ], [ 134.529675739999988, 7.33016289 ], [ 134.529675739999988, 7.3302078 ], [ 134.52972066000001, 7.3302078 ], [ 134.52972066000001, 7.33025272 ], [ 134.52976557, 7.33025272 ], [ 134.52976557, 7.33029763 ], [ 134.529810489999988, 7.33029763 ], [ 134.5298554, 7.33029763 ], [ 134.5298554, 7.33034255 ], [ 134.52994523000001, 7.33034255 ], [ 134.52999015, 7.33034255 ], [ 134.52999015, 7.33038747 ], [ 134.530079980000011, 7.33038747 ] ], [ [ 134.529810489999988, 7.32984848 ], [ 134.5298554, 7.32984848 ], [ 134.5298554, 7.32989339 ], [ 134.529810489999988, 7.32989339 ], [ 134.529810489999988, 7.32984848 ] ], [ [ 134.52999015, 7.32993831 ], [ 134.53003507, 7.32993831 ], [ 134.53003507, 7.33002814 ], [ 134.52999015, 7.33002814 ], [ 134.52999015, 7.32993831 ] ] ] } },
{ "type": "Feature", "properties": { "id": "geomorphic_data_verbose.fid-75f8f034_1a0c1004d45_-5cb0", "class_name": "Deep Lagoon", "area_sqkm": 4.9269907140638681e-05 }, "geometry": { "type": "Polygon", "coordinates": [ [ [ 134.52913675, 7.33222901 ], [ 134.52913675, 7.33213918 ], [ 134.52909184, 7.33213918 ], [ 134.52909184, 7.33222901 ], [ 134.52913675, 7.33222901 ] ] ] } },
{ "type": "Feature", "properties": { "id": "geomorphic_data_verbose.fid-75f8f034_1a0c1004d45_-521c", "class_name": "Deep Lagoon", "area_sqkm": 2.4634949958417564e-05 }, "geometry": { "type": "Polygon", "coordinates": [ [ [ 134.529540989999987, 7.33227393 ], [ 134.529540989999987, 7.33222901 ], [ 134.52949608, 7.33222901 ], [ 134.52949608, 7.33227393 ], [ 134.529540989999987, 7.33227393 ] ] ] } },
{ "type": "Feature", "properties": { "id": "geomorphic_data_verbose.fid-75f8f034_1a0c1004d45_-5a9d", "class_name": "Deep Lagoon", "area_sqkm": 7.3904847406316548e-05 }, "geometry": { "type": "Polygon", "coordinates": [ [ [ 134.529810489999988, 7.33231884 ], [ 134.529810489999988, 7.33222901 ], [ 134.52976557, 7.33222901 ], [ 134.52972066000001, 7.33222901 ], [ 134.52972066000001, 7.33227393 ], [ 134.52976557, 7.33227393 ], [ 134.52976557, 7.33231884 ], [ 134.529810489999988, 7.33231884 ] ] ] } },
{ "type": "Feature", "properties": { "id": "geomorphic_data_verbose.fid-75f8f034_1a0c1004d45_-5cb2", "class_name": "Deep Lagoon", "area_sqkm": 7.3904832905158407e-05 }, "geometry": { "type": "Polygon", "coordinates": [ [ [ 134.52990032, 7.33240868 ], [ 134.52990032, 7.33231884 ], [ 134.5298554, 7.33231884 ], [ 134.529810489999988, 7.33231884 ], [ 134.529810489999988, 7.33236376 ], [ 134.5298554, 7.33236376 ], [ 134.5298554, 7.33240868 ], [ 134.52990032, 7.33240868 ] ] ] } },
{ "type": "Feature", "properties": { "id": "geomorphic_data_verbose.fid-75f8f034_1a0c1004d45_-5214", "class_name": "Deep Lagoon", "area_sqkm": 0.00012317401280766352 }, "geometry": { "type": "Polygon", "coordinates": [ [ [ 134.52886726, 7.33505871 ], [ 134.52886726, 7.33501379 ], [ 134.528912170000012, 7.33501379 ], [ 134.528912170000012, 7.33492396 ], [ 134.52882234, 7.33492396 ], [ 134.52882234, 7.33505871 ], [ 134.52886726, 7.33505871 ] ] ] } },
{ "type": "Feature", "properties": { "id": "geomorphic_data_verbose.fid-75f8f034_1a0c1004d45_-5643", "class_name": "Deep Lagoon", "area_sqkm": 0.0053703767937785018 }, "geometry": { "type": "Polygon", "coordinates": [ [ [ 134.52940625, 7.33654093 ], [ 134.52940625, 7.33640618 ], [ 134.52936133, 7.33640618 ], [ 134.52936133, 7.33636126 ], [ 134.52931641, 7.33636126 ], [ 134.52931641, 7.33627143 ], [ 134.52940625, 7.33627143 ], [ 134.52940625, 7.33636126 ], [ 134.52945116, 7.33636126 ], [ 134.52945116, 7.33627143 ], [ 134.529540989999987, 7.33627143 ], [ 134.529540989999987, 7.33631635 ], [ 134.52958591, 7.33631635 ], [ 134.52958591, 7.33622652 ], [ 134.529540989999987, 7.33622652 ], [ 134.52940625, 7.33622652 ], [ 134.52940625, 7.3361816 ], [ 134.52936133, 7.3361816 ], [ 134.52931641, 7.3361816 ], [ 134.52931641, 7.33613668 ], [ 134.5292715, 7.33613668 ], [ 134.5292715, 7.33609177 ], [ 134.52922658, 7.33609177 ], [ 134.52922658, 7.33604685 ], [ 134.5292715, 7.33604685 ], [ 134.5292715, 7.33600194 ], [ 134.52931641, 7.33600194 ], [ 134.52931641, 7.3359121 ], [ 134.52936133, 7.3359121 ], [ 134.52936133, 7.33586719 ], [ 134.52945116, 7.33586719 ], [ 134.52945116, 7.3359121 ], [ 134.52940625, 7.3359121 ], [ 134.52940625, 7.33600194 ], [ 134.52936133, 7.33600194 ], [ 134.52936133, 7.33609177 ], [ 134.52940625, 7.33609177 ], [ 134.52940625, 7.33604685 ], [ 134.529540989999987, 7.33604685 ], [ 134.529540989999987, 7.33600194 ], [ 134.52958591, 7.33600194 ], [ 134.52958591, 7.33609177 ], [ 134.529675739999988, 7.33609177 ], [ 134.529675739999988, 7.33595702 ], [ 134.52972066000001, 7.33595702 ], [ 134.52972066000001, 7.33573244 ], [ 134.529675739999988, 7.33573244 ], [ 134.52963082, 7.33573244 ], [ 134.52963082, 7.33555278 ], [ 134.52958591, 7.33555278 ], [ 134.52949608, 7.33555278 ], [ 134.52949608, 7.33559769 ], [ 134.52940625, 7.33559769 ], [ 134.52940625, 7.33550786 ], [ 134.52936133, 7.33550786 ], [ 134.52931641, 7.33550786 ], [ 134.52931641, 7.33541803 ], [ 134.5292715, 7.33541803 ], [ 134.5292715, 7.33537312 ], [ 134.52922658, 7.33537312 ], [ 134.52922658, 7.3353282 ], [ 134.52913675, 7.3353282 ], [ 134.52913675, 7.33537312 ], [ 134.52909184, 7.33537312 ], [ 134.52909184, 7.33546295 ], [ 134.529002, 7.33546295 ], [ 134.529002, 7.33550786 ], [ 134.52895709, 7.33550786 ], [ 134.52895709, 7.33546295 ], [ 134.52886726, 7.33546295 ], [ 134.52886726, 7.33568753 ], [ 134.528912170000012, 7.33568753 ], [ 134.528912170000012, 7.33555278 ], [ 134.52895709, 7.33555278 ], [ 134.52895709, 7.33559769 ], [ 134.529002, 7.33559769 ], [ 134.529002, 7.33568753 ], [ 134.52895709, 7.33568753 ], [ 134.52895709, 7.33573244 ], [ 134.529046920000013, 7.33573244 ], [ 134.52909184, 7.33573244 ], [ 134.52909184, 7.33577736 ], [ 134.52913675, 7.33577736 ], [ 134.52913675, 7.33582227 ], [ 134.529002, 7.33582227 ], [ 134.529002, 7.33586719 ], [ 134.529046920000013, 7.33586719 ], [ 134.529046920000013, 7.3359121 ], [ 134.52909184, 7.3359121 ], [ 134.52909184, 7.33595702 ], [ 134.52913675, 7.33595702 ], [ 134.52913675, 7.33604685 ], [ 134.529181670000014, 7.33604685 ], [ 134.529181670000014, 7.33609177 ], [ 134.52913675, 7.33609177 ], [ 134.52913675, 7.3361816 ], [ 134.529181670000014, 7.3361816 ], [ 134.529181670000014, 7.33622652 ], [ 134.52922658, 7.33622652 ], [ 134.52922658, 7.33627143 ], [ 134.529181670000014, 7.33627143 ], [ 134.529181670000014, 7.33631635 ], [ 134.52913675, 7.33631635 ], [ 134.52913675, 7.33636126 ], [ 134.529181670000014, 7.33636126 ], [ 134.52922658, 7.33636126 ], [ 134.52922658, 7.33645109 ], [ 134.529181670000014, 7.33645109 ], [ 134.529181670000014, 7.33649601 ], [ 134.5292715, 7.33649601 ], [ 134.52931641, 7.33649601 ], [ 134.52931641, 7.33654093 ], [ 134.52940625, 7.33654093 ] ], [ [ 134.5292715, 7.33555278 ], [ 134.52931641, 7.33555278 ], [ 134.52931641, 7.33559769 ], [ 134.5292715, 7.33559769 ], [ 134.5292715, 7.33555278 ] ], [ [ 134.52963082, 7.33577736 ], [ 134.52963082, 7.33582227 ], [ 134.52958591, 7.33582227 ], [ 134.52958591, 7.33586719 ], [ 134.529540989999987, 7.33586719 ], [ 134.529540989999987, 7.33573244 ], [ 134.52958591, 7.33573244 ], [ 134.52958591, 7.33577736 ], [ 134.52963082, 7.33577736 ] ], [ [ 134.529046920000013, 7.33555278 ], [ 134.52909184, 7.33555278 ], [ 134.52909184, 7.33550786 ], [ 134.52913675, 7.33550786 ], [ 134.52913675, 7.33559769 ], [ 134.529046920000013, 7.33559769 ], [ 134.529046920000013, 7.33555278 ] ] ] } },
{ "type": "Feature", "properties": { "id": "geomorphic_data_verbose.fid-75f8f034_1a0c1004d45_-5a8c", "class_name": "Deep Lagoon", "area_sqkm": 0.00049269380500353876 }, "geometry": { "type": "Polygon", "coordinates": [ [ [ 134.53003507, 7.33721466 ], [ 134.53003507, 7.33716975 ], [ 134.53016981, 7.33716975 ], [ 134.53016981, 7.337035 ], [ 134.5301249, 7.337035 ], [ 134.5301249, 7.33690025 ], [ 134.530079980000011, 7.33690025 ], [ 134.53003507, 7.33690025 ], [ 134.53003507, 7.33694517 ], [ 134.530079980000011, 7.33694517 ], [ 134.530079980000011, 7.33699008 ], [ 134.53003507, 7.33699008 ], [ 134.53003507, 7.337035 ], [ 134.52999015, 7.337035 ], [ 134.52999015, 7.33707991 ], [ 134.52994523000001, 7.33707991 ], [ 134.52994523000001, 7.33716975 ], [ 134.52999015, 7.33716975 ], [ 134.52999015, 7.33721466 ], [ 134.53003507, 7.33721466 ] ] ] } },
{ "type": "Feature", "properties": { "id": "geomorphic_data_verbose.fid-75f8f034_1a0c1004d45_-555b", "class_name": "Terrestrial Reef Flat", "area_sqkm": 9.8540375506971033e-05 }, "geometry": { "type": "Polygon", "coordinates": [ [ [ 134.523881609999989, 7.32966881 ], [ 134.523881609999989, 7.32948915 ], [ 134.52383669, 7.32948915 ], [ 134.52383669, 7.32966881 ], [ 134.523881609999989, 7.32966881 ] ] ] } },
{ "type": "Feature", "properties": { "id": "geomorphic_data_verbose.fid-75f8f034_1a0c1004d45_-5a18", "class_name": "Deep Lagoon", "area_sqkm": 2.4635087829548864e-05 }, "geometry": { "type": "Polygon", "coordinates": [ [ [ 134.52379178000001, 7.32971373 ], [ 134.52379178000001, 7.32966881 ], [ 134.523746859999989, 7.32966881 ], [ 134.523746859999989, 7.32971373 ], [ 134.52379178000001, 7.32971373 ] ] ] } },
{ "type": "Feature", "properties": { "id": "geomorphic_data_verbose.fid-75f8f034_1a0c1004d45_-5a1b", "class_name": "Deep Lagoon", "area_sqkm": 9.8540341676212851e-05 }, "geometry": { "type": "Polygon", "coordinates": [ [ [ 134.52383669, 7.32980356 ], [ 134.52383669, 7.32975865 ], [ 134.523881609999989, 7.32975865 ], [ 134.523881609999989, 7.32966881 ], [ 134.52383669, 7.32966881 ], [ 134.52383669, 7.32971373 ], [ 134.52379178000001, 7.32971373 ], [ 134.52379178000001, 7.32980356 ], [ 134.52383669, 7.32980356 ] ] ] } },
{ "type": "Feature", "properties": { "id": "geomorphic_data_verbose.fid-75f8f034_1a0c1004d45_-5a19", "class_name": "Outer Reef Flat", "area_sqkm": 0.011849440192027017 }, "geometry": { "type": "Polygon", "coordinates": [ [ [ 134.52419602, 7.33245359 ], [ 134.524420600000013, 7.33245359 ], [ 134.524420600000013, 7.33240868 ], [ 134.52460026, 7.33240868 ], [ 134.52460026, 7.33236376 ], [ 134.52473501, 7.33236376 ], [ 134.52473501, 7.33231884 ], [ 134.52482484, 7.33231884 ], [ 134.52482484, 7.33227393 ], [ 134.524914669999987, 7.33227393 ], [ 134.524914669999987, 7.33222901 ], [ 134.5250045, 7.33222901 ], [ 134.5250045, 7.3321841 ], [ 134.52509433, 7.3321841 ], [ 134.52509433, 7.33213918 ], [ 134.52513925, 7.33213918 ], [ 134.52513925, 7.33204935 ], [ 134.52518416, 7.33204935 ], [ 134.52518416, 7.33200443 ], [ 134.52522908, 7.33200443 ], [ 134.52522908, 7.33195952 ], [ 134.525274, 7.33195952 ], [ 134.525274, 7.3319146 ], [ 134.52536383, 7.3319146 ], [ 134.52536383, 7.33186969 ], [ 134.525408739999989, 7.33186969 ], [ 134.525408739999989, 7.33182477 ], [ 134.525453660000011, 7.33182477 ], [ 134.525453660000011, 7.33177985 ], [ 134.52549857, 7.33177985 ], [ 134.52549857, 7.33169002 ], [ 134.52554349, 7.33169002 ], [ 134.52554349, 7.33151036 ], [ 134.525588410000012, 7.33151036 ], [ 134.525588410000012, 7.33142053 ], [ 134.52554349, 7.33142053 ], [ 134.52554349, 7.33146544 ], [ 134.525453660000011, 7.33146544 ], [ 134.525453660000011, 7.33155528 ], [ 134.525408739999989, 7.33155528 ], [ 134.525408739999989, 7.33173494 ], [ 134.52536383, 7.33173494 ], [ 134.52536383, 7.33177985 ], [ 134.525274, 7.33177985 ], [ 134.525274, 7.33182477 ], [ 134.52522908, 7.33182477 ], [ 134.52522908, 7.33186969 ], [ 134.52513925, 7.33186969 ], [ 134.52513925, 7.3319146 ], [ 134.525049419999988, 7.3319146 ], [ 134.525049419999988, 7.33195952 ], [ 134.5250045, 7.33195952 ], [ 134.5250045, 7.33204935 ], [ 134.52495959, 7.33204935 ], [ 134.52495959, 7.33209426 ], [ 134.524914669999987, 7.33209426 ], [ 134.524914669999987, 7.33213918 ], [ 134.52482484, 7.33213918 ], [ 134.52482484, 7.3321841 ], [ 134.524779919999986, 7.3321841 ], [ 134.524779919999986, 7.33222901 ], [ 134.52473501, 7.33222901 ], [ 134.52473501, 7.33227393 ], [ 134.524645170000014, 7.33227393 ], [ 134.524645170000014, 7.33231884 ], [ 134.52451043, 7.33231884 ], [ 134.52451043, 7.33236376 ], [ 134.52410619, 7.33236376 ], [ 134.52410619, 7.33231884 ], [ 134.52406127, 7.33231884 ], [ 134.52406127, 7.33227393 ], [ 134.524016350000011, 7.33227393 ], [ 134.524016350000011, 7.33222901 ], [ 134.52397144, 7.33222901 ], [ 134.52397144, 7.3321841 ], [ 134.52392652, 7.3321841 ], [ 134.523881609999989, 7.3321841 ], [ 134.523881609999989, 7.33213918 ], [ 134.52383669, 7.33213918 ], [ 134.52379178000001, 7.33213918 ], [ 134.52379178000001, 7.33209426 ], [ 134.523746859999989, 7.33209426 ], [ 134.523612109999988, 7.33209426 ], [ 134.523612109999988, 7.33200443 ], [ 134.52370194, 7.33200443 ], [ 134.52370194, 7.33195952 ], [ 134.523746859999989, 7.33195952 ], [ 134.523746859999989, 7.3319146 ], [ 134.52379178000001, 7.3319146 ], [ 134.52379178000001, 7.33186969 ], [ 134.52383669, 7.33186969 ], [ 134.52383669, 7.33182477 ], [ 134.523881609999989, 7.33182477 ], [ 134.523881609999989, 7.33177985 ], [ 134.52397144, 7.33177985 ], [ 134.52397144, 7.33173494 ], [ 134.524016350000011, 7.33173494 ], [ 134.524016350000011, 7.33164511 ], [ 134.52406127, 7.33164511 ], [ 134.52406127, 7.33160019 ], [ 134.524151100000012, 7.33160019 ], [ 134.524151100000012, 7.33151036 ], [ 134.52419602, 7.33151036 ], [ 134.52419602, 7.3313307 ], [ 134.52424093, 7.3313307 ], [ 134.52424093, 7.33119595 ], [ 134.52419602, 7.33119595 ], [ 134.52419602, 7.33079171 ], [ 134.524151100000012, 7.33079171 ], [ 134.524151100000012, 7.33070188 ], [ 134.52410619, 7.33070188 ], [ 134.52410619, 7.3304773 ], [ 134.524151100000012, 7.3304773 ], [ 134.524151100000012, 7.33043238 ], [ 134.52410619, 7.33043238 ], [ 134.52410619, 7.33029763 ], [ 134.52406127, 7.33029763 ], [ 134.52406127, 7.3302078 ], [ 134.524016350000011, 7.3302078 ], [ 134.524016350000011, 7.33007306 ], [ 134.52397144, 7.33007306 ], [ 134.52397144, 7.32993831 ], [ 134.524016350000011, 7.32993831 ], [ 134.524016350000011, 7.32989339 ], [ 134.52397144, 7.32989339 ], [ 134.52397144, 7.32984848 ], [ 134.524016350000011, 7.32984848 ], [ 134.524016350000011, 7.32966881 ], [ 134.52397144, 7.32966881 ], [ 134.52397144, 7.32957898 ], [ 134.524016350000011, 7.32957898 ], [ 134.524016350000011, 7.32944423 ], [ 134.52397144, 7.32944423 ], [ 134.52397144, 7.32930949 ], [ 134.52410619, 7.32930949 ], [ 134.52410619, 7.32926457 ], [ 134.52424093, 7.32926457 ], [ 134.52424093, 7.32921966 ], [ 134.524285850000012, 7.32921966 ], [ 134.524285850000012, 7.32917474 ], [ 134.52433076, 7.32917474 ], [ 134.52433076, 7.32908491 ], [ 134.524285850000012, 7.32908491 ], [ 134.52419602, 7.32908491 ], [ 134.52419602, 7.32912982 ], [ 134.524151100000012, 7.32912982 ], [ 134.524151100000012, 7.32917474 ], [ 134.52406127, 7.32917474 ], [ 134.52406127, 7.32921966 ], [ 134.523746859999989, 7.32921966 ], [ 134.523746859999989, 7.32930949 ], [ 134.52379178000001, 7.32930949 ], [ 134.52379178000001, 7.32957898 ], [ 134.523746859999989, 7.32957898 ], [ 134.523746859999989, 7.32953407 ], [ 134.523612109999988, 7.32953407 ], [ 134.523612109999988, 7.3296239 ], [ 134.52365703000001, 7.3296239 ], [ 134.52370194, 7.3296239 ], [ 134.52370194, 7.32984848 ], [ 134.523746859999989, 7.32984848 ], [ 134.52379178000001, 7.32984848 ], [ 134.52379178000001, 7.32989339 ], [ 134.52383669, 7.32989339 ], [ 134.52383669, 7.33011797 ], [ 134.523881609999989, 7.33011797 ], [ 134.523881609999989, 7.33016289 ], [ 134.52392652, 7.33016289 ], [ 134.52392652, 7.33025272 ], [ 134.523881609999989, 7.33025272 ], [ 134.523881609999989, 7.33029763 ], [ 134.52392652, 7.33029763 ], [ 134.52392652, 7.33052221 ], [ 134.523881609999989, 7.33052221 ], [ 134.523881609999989, 7.33065696 ], [ 134.52392652, 7.33065696 ], [ 134.52392652, 7.33079171 ], [ 134.52397144, 7.33079171 ], [ 134.52397144, 7.33083662 ], [ 134.524016350000011, 7.33083662 ], [ 134.524016350000011, 7.33101629 ], [ 134.52397144, 7.33101629 ], [ 134.52397144, 7.33110612 ], [ 134.524016350000011, 7.33110612 ], [ 134.524016350000011, 7.33119595 ], [ 134.52406127, 7.33119595 ], [ 134.52406127, 7.33128578 ], [ 134.524016350000011, 7.33128578 ], [ 134.524016350000011, 7.33142053 ], [ 134.52397144, 7.33142053 ], [ 134.52397144, 7.33155528 ], [ 134.52392652, 7.33155528 ], [ 134.52392652, 7.33151036 ], [ 134.523881609999989, 7.33151036 ], [ 134.523881609999989, 7.33155528 ], [ 134.52383669, 7.33155528 ], [ 134.52383669, 7.33160019 ], [ 134.52379178000001, 7.33160019 ], [ 134.52379178000001, 7.33169002 ], [ 134.52370194, 7.33169002 ], [ 134.52370194, 7.33173494 ], [ 134.52365703000001, 7.33173494 ], [ 134.52365703000001, 7.33182477 ], [ 134.523612109999988, 7.33182477 ], [ 134.523612109999988, 7.33186969 ], [ 134.523477359999987, 7.33186969 ], [ 134.523477359999987, 7.3319146 ], [ 134.52343245, 7.3319146 ], [ 134.52343245, 7.33209426 ], [ 134.523477359999987, 7.33209426 ], [ 134.523477359999987, 7.3321841 ], [ 134.52338753, 7.3321841 ], [ 134.52338753, 7.33222901 ], [ 134.523477359999987, 7.33222901 ], [ 134.52352228, 7.33222901 ], [ 134.52352228, 7.33227393 ], [ 134.52365703000001, 7.33227393 ], [ 134.52365703000001, 7.33222901 ], [ 134.523746859999989, 7.33222901 ], [ 134.523746859999989, 7.33227393 ], [ 134.52379178000001, 7.33227393 ], [ 134.52379178000001, 7.33231884 ], [ 134.52383669, 7.33231884 ], [ 134.52383669, 7.33236376 ], [ 134.523881609999989, 7.33236376 ], [ 134.52392652, 7.33236376 ], [ 134.52392652, 7.33240868 ], [ 134.52397144, 7.33240868 ], [ 134.52397144, 7.33249851 ], [ 134.52419602, 7.33249851 ], [ 134.52419602, 7.33245359 ] ], [ [ 134.52383669, 7.32944423 ], [ 134.523881609999989, 7.32944423 ], [ 134.523881609999989, 7.32975865 ], [ 134.52383669, 7.32975865 ], [ 134.52383669, 7.32980356 ], [ 134.52379178000001, 7.32980356 ], [ 134.52379178000001, 7.32971373 ], [ 134.52383669, 7.32971373 ], [ 134.52383669, 7.32944423 ] ], [ [ 134.523746859999989, 7.32971373 ], [ 134.523746859999989, 7.32966881 ], [ 134.52379178000001, 7.32966881 ], [ 134.52379178000001, 7.32971373 ], [ 134.523746859999989, 7.32971373 ] ] ] } },
{ "type": "Feature", "properties": { "id": "geomorphic_data_verbose.fid-75f8f034_1a0c1004d45_-5303", "class_name": "Deep Lagoon", "area_sqkm": 0.035277277728352693 }, "geometry": { "type": "Polygon", "coordinates": [ [ [ 134.52469009, 7.33353157 ], [ 134.52473501, 7.33353157 ], [ 134.52473501, 7.33357648 ], [ 134.52486975, 7.33357648 ], [ 134.52486975, 7.33344174 ], [ 134.524914669999987, 7.33344174 ], [ 134.524914669999987, 7.33339682 ], [ 134.52495959, 7.33339682 ], [ 134.52495959, 7.33330699 ], [ 134.5250045, 7.33330699 ], [ 134.5250045, 7.33326207 ], [ 134.52509433, 7.33326207 ], [ 134.52509433, 7.33321716 ], [ 134.525049419999988, 7.33321716 ], [ 134.5250045, 7.33321716 ], [ 134.5250045, 7.33317224 ], [ 134.52495959, 7.33317224 ], [ 134.52495959, 7.33312733 ], [ 134.52486975, 7.33312733 ], [ 134.52486975, 7.33317224 ], [ 134.524914669999987, 7.33317224 ], [ 134.524914669999987, 7.33321716 ], [ 134.52469009, 7.33321716 ], [ 134.52469009, 7.33317224 ], [ 134.524645170000014, 7.33317224 ], [ 134.524420600000013, 7.33317224 ], [ 134.524420600000013, 7.33294766 ], [ 134.52437568, 7.33294766 ], [ 134.52419602, 7.33294766 ], [ 134.52419602, 7.33285783 ], [ 134.52424093, 7.33285783 ], [ 134.52424093, 7.33281292 ], [ 134.52433076, 7.33281292 ], [ 134.52433076, 7.33285783 ], [ 134.52451043, 7.33285783 ], [ 134.52451043, 7.33281292 ], [ 134.524645170000014, 7.33281292 ], [ 134.524645170000014, 7.332768 ], [ 134.52473501, 7.332768 ], [ 134.52473501, 7.33281292 ], [ 134.524779919999986, 7.33281292 ], [ 134.524779919999986, 7.33290275 ], [ 134.52482484, 7.33290275 ], [ 134.52482484, 7.33299258 ], [ 134.524914669999987, 7.33299258 ], [ 134.52495959, 7.33299258 ], [ 134.52495959, 7.3330375 ], [ 134.5250045, 7.3330375 ], [ 134.5250045, 7.33308241 ], [ 134.525049419999988, 7.33308241 ], [ 134.525049419999988, 7.33299258 ], [ 134.5250045, 7.33299258 ], [ 134.5250045, 7.33294766 ], [ 134.525049419999988, 7.33294766 ], [ 134.525049419999988, 7.33290275 ], [ 134.52509433, 7.33290275 ], [ 134.52509433, 7.33272309 ], [ 134.52513925, 7.33272309 ], [ 134.52513925, 7.33267817 ], [ 134.52518416, 7.33267817 ], [ 134.52518416, 7.33258834 ], [ 134.52522908, 7.33258834 ], [ 134.52522908, 7.33272309 ], [ 134.52531891000001, 7.33272309 ], [ 134.52531891000001, 7.33267817 ], [ 134.52536383, 7.33267817 ], [ 134.525408739999989, 7.33267817 ], [ 134.525408739999989, 7.33272309 ], [ 134.525453660000011, 7.33272309 ], [ 134.52549857, 7.33272309 ], [ 134.52549857, 7.332768 ], [ 134.52567824, 7.332768 ], [ 134.52567824, 7.33258834 ], [ 134.52572315, 7.33258834 ], [ 134.52572315, 7.33249851 ], [ 134.52576807, 7.33249851 ], [ 134.52576807, 7.33240868 ], [ 134.52572315, 7.33240868 ], [ 134.52572315, 7.33231884 ], [ 134.52567824, 7.33231884 ], [ 134.52567824, 7.33236376 ], [ 134.52563332, 7.33236376 ], [ 134.52563332, 7.33222901 ], [ 134.52567824, 7.33222901 ], [ 134.52567824, 7.33213918 ], [ 134.52572315, 7.33213918 ], [ 134.52572315, 7.33204935 ], [ 134.525812980000012, 7.33204935 ], [ 134.525812980000012, 7.33209426 ], [ 134.5258579, 7.33209426 ], [ 134.52590282, 7.33209426 ], [ 134.52590282, 7.33213918 ], [ 134.525947730000013, 7.33213918 ], [ 134.525947730000013, 7.3321841 ], [ 134.52599265, 7.3321841 ], [ 134.52599265, 7.33222901 ], [ 134.52603756, 7.33222901 ], [ 134.52603756, 7.33227393 ], [ 134.52617231, 7.33227393 ], [ 134.52617231, 7.33222901 ], [ 134.52612739, 7.33222901 ], [ 134.526082480000014, 7.33222901 ], [ 134.526082480000014, 7.33213918 ], [ 134.52612739, 7.33213918 ], [ 134.52612739, 7.33209426 ], [ 134.52617231, 7.33209426 ], [ 134.52617231, 7.33213918 ], [ 134.526217229999986, 7.33213918 ], [ 134.526217229999986, 7.3321841 ], [ 134.52626214, 7.3321841 ], [ 134.52626214, 7.33213918 ], [ 134.52644181, 7.33213918 ], [ 134.52644181, 7.33209426 ], [ 134.52648672, 7.33209426 ], [ 134.52648672, 7.33204935 ], [ 134.52644181, 7.33204935 ], [ 134.52644181, 7.33186969 ], [ 134.52648672, 7.33186969 ], [ 134.52648672, 7.33182477 ], [ 134.52653164, 7.33182477 ], [ 134.52653164, 7.33177985 ], [ 134.526576549999987, 7.33177985 ], [ 134.526576549999987, 7.33173494 ], [ 134.52662147, 7.33173494 ], [ 134.52662147, 7.33169002 ], [ 134.526576549999987, 7.33169002 ], [ 134.526576549999987, 7.33164511 ], [ 134.52662147, 7.33164511 ], [ 134.52662147, 7.33142053 ], [ 134.526576549999987, 7.33142053 ], [ 134.52648672, 7.33142053 ], [ 134.52648672, 7.33137561 ], [ 134.52644181, 7.33137561 ], [ 134.52644181, 7.3313307 ], [ 134.52662147, 7.3313307 ], [ 134.52662147, 7.33137561 ], [ 134.52666638, 7.33137561 ], [ 134.52666638, 7.33128578 ], [ 134.52675622000001, 7.33128578 ], [ 134.52675622000001, 7.33124087 ], [ 134.526711299999988, 7.33124087 ], [ 134.526711299999988, 7.33115103 ], [ 134.526846049999989, 7.33115103 ], [ 134.526846049999989, 7.33110612 ], [ 134.52689096, 7.33110612 ], [ 134.52689096, 7.33101629 ], [ 134.526846049999989, 7.33101629 ], [ 134.52680113, 7.33101629 ], [ 134.52680113, 7.33097137 ], [ 134.526846049999989, 7.33097137 ], [ 134.526846049999989, 7.33092645 ], [ 134.52693588, 7.33092645 ], [ 134.52693588, 7.33083662 ], [ 134.52689096, 7.33083662 ], [ 134.526846049999989, 7.33083662 ], [ 134.526846049999989, 7.33074679 ], [ 134.52680113, 7.33074679 ], [ 134.52680113, 7.33070188 ], [ 134.52639689, 7.33070188 ], [ 134.52639689, 7.33074679 ], [ 134.52630706, 7.33074679 ], [ 134.52630706, 7.33079171 ], [ 134.526217229999986, 7.33079171 ], [ 134.526217229999986, 7.33083662 ], [ 134.52617231, 7.33083662 ], [ 134.52617231, 7.33092645 ], [ 134.52603756, 7.33092645 ], [ 134.52603756, 7.33097137 ], [ 134.52599265, 7.33097137 ], [ 134.52599265, 7.33124087 ], [ 134.525947730000013, 7.33124087 ], [ 134.525947730000013, 7.3313307 ], [ 134.525812980000012, 7.3313307 ], [ 134.525812980000012, 7.33137561 ], [ 134.52567824, 7.33137561 ], [ 134.52567824, 7.33142053 ], [ 134.52563332, 7.33142053 ], [ 134.52563332, 7.33146544 ], [ 134.525588410000012, 7.33146544 ], [ 134.525588410000012, 7.33151036 ], [ 134.52554349, 7.33151036 ], [ 134.52554349, 7.33169002 ], [ 134.52549857, 7.33169002 ], [ 134.52549857, 7.33177985 ], [ 134.525453660000011, 7.33177985 ], [ 134.525453660000011, 7.33182477 ], [ 134.525408739999989, 7.33182477 ], [ 134.525408739999989, 7.33186969 ], [ 134.52536383, 7.33186969 ], [ 134.52536383, 7.3319146 ], [ 134.525274, 7.3319146 ], [ 134.525274, 7.33195952 ], [ 134.52522908, 7.33195952 ], [ 134.52522908, 7.33200443 ], [ 134.52518416, 7.33200443 ], [ 134.52518416, 7.33204935 ], [ 134.52513925, 7.33204935 ], [ 134.52513925, 7.33213918 ], [ 134.52509433, 7.33213918 ], [ 134.52509433, 7.3321841 ], [ 134.5250045, 7.3321841 ], [ 134.5250045, 7.33222901 ], [ 134.524914669999987, 7.33222901 ], [ 134.524914669999987, 7.33227393 ], [ 134.52482484, 7.33227393 ], [ 134.52482484, 7.33231884 ], [ 134.52473501, 7.33231884 ], [ 134.52473501, 7.33236376 ], [ 134.52460026, 7.33236376 ], [ 134.52460026, 7.33240868 ], [ 134.524420600000013, 7.33240868 ], [ 134.524420600000013, 7.33245359 ], [ 134.52419602, 7.33245359 ], [ 134.52419602, 7.33249851 ], [ 134.52397144, 7.33249851 ], [ 134.52397144, 7.33240868 ], [ 134.52392652, 7.33240868 ], [ 134.52392652, 7.33236376 ], [ 134.523881609999989, 7.33236376 ], [ 134.52383669, 7.33236376 ], [ 134.52383669, 7.33231884 ], [ 134.52379178000001, 7.33231884 ], [ 134.52379178000001, 7.33227393 ], [ 134.523746859999989, 7.33227393 ], [ 134.523746859999989, 7.33222901 ], [ 134.52365703000001, 7.33222901 ], [ 134.52365703000001, 7.33227393 ], [ 134.52352228, 7.33227393 ], [ 134.52352228, 7.33222901 ], [ 134.523477359999987, 7.33222901 ], [ 134.52338753, 7.33222901 ], [ 134.52338753, 7.3321841 ], [ 134.523477359999987, 7.3321841 ], [ 134.523477359999987, 7.33209426 ], [ 134.52343245, 7.33209426 ], [ 134.52343245, 7.3319146 ], [ 134.523477359999987, 7.3319146 ], [ 134.523477359999987, 7.33186969 ], [ 134.523612109999988, 7.33186969 ], [ 134.523612109999988, 7.33182477 ], [ 134.52365703000001, 7.33182477 ], [ 134.52365703000001, 7.33173494 ], [ 134.52370194, 7.33173494 ], [ 134.52370194, 7.33169002 ], [ 134.52379178000001, 7.33169002 ], [ 134.52379178000001, 7.33160019 ], [ 134.52383669, 7.33160019 ], [ 134.52383669, 7.33155528 ], [ 134.523881609999989, 7.33155528 ], [ 134.523881609999989, 7.33151036 ], [ 134.52392652, 7.33151036 ], [ 134.52392652, 7.33155528 ], [ 134.52397144, 7.33155528 ], [ 134.52397144, 7.33142053 ], [ 134.524016350000011, 7.33142053 ], [ 134.524016350000011, 7.33128578 ], [ 134.52406127, 7.33128578 ], [ 134.52406127, 7.33119595 ], [ 134.524016350000011, 7.33119595 ], [ 134.524016350000011, 7.33110612 ], [ 134.52397144, 7.33110612 ], [ 134.52397144, 7.33101629 ], [ 134.524016350000011, 7.33101629 ], [ 134.524016350000011, 7.33083662 ], [ 134.52397144, 7.33083662 ], [ 134.52397144, 7.33079171 ], [ 134.52392652, 7.33079171 ], [ 134.52392652, 7.33065696 ], [ 134.523881609999989, 7.33065696 ], [ 134.523881609999989, 7.33052221 ], [ 134.52392652, 7.33052221 ], [ 134.52392652, 7.33029763 ], [ 134.523881609999989, 7.33029763 ], [ 134.523881609999989, 7.33025272 ], [ 134.52392652, 7.33025272 ], [ 134.52392652, 7.33016289 ], [ 134.523881609999989, 7.33016289 ], [ 134.523881609999989, 7.33011797 ], [ 134.52383669, 7.33011797 ], [ 134.52383669, 7.32989339 ], [ 134.52379178000001, 7.32989339 ], [ 134.52379178000001, 7.32984848 ], [ 134.52370194, 7.32984848 ], [ 134.52370194, 7.32989339 ], [ 134.52365703000001, 7.32989339 ], [ 134.52365703000001, 7.32993831 ], [ 134.523612109999988, 7.32993831 ], [ 134.523612109999988, 7.32998322 ], [ 134.52365703000001, 7.32998322 ], [ 134.52365703000001, 7.33002814 ], [ 134.523477359999987, 7.33002814 ], [ 134.523477359999987, 7.33007306 ], [ 134.5235672, 7.33007306 ], [ 134.523612109999988, 7.33007306 ], [ 134.523612109999988, 7.33016289 ], [ 134.52365703000001, 7.33016289 ], [ 134.52370194, 7.33016289 ], [ 134.52370194, 7.3302078 ], [ 134.523746859999989, 7.3302078 ], [ 134.523746859999989, 7.33038747 ], [ 134.52370194, 7.33038747 ], [ 134.52370194, 7.33034255 ], [ 134.52365703000001, 7.33034255 ], [ 134.52365703000001, 7.33029763 ], [ 134.523612109999988, 7.33029763 ], [ 134.5235672, 7.33029763 ], [ 134.5235672, 7.3302078 ], [ 134.523477359999987, 7.3302078 ], [ 134.523477359999987, 7.33025272 ], [ 134.52343245, 7.33025272 ], [ 134.52343245, 7.33034255 ], [ 134.523477359999987, 7.33034255 ], [ 134.52352228, 7.33034255 ], [ 134.52352228, 7.33043238 ], [ 134.5235672, 7.33043238 ], [ 134.523612109999988, 7.33043238 ], [ 134.523612109999988, 7.3304773 ], [ 134.52365703000001, 7.3304773 ], [ 134.52365703000001, 7.33043238 ], [ 134.52370194, 7.33043238 ], [ 134.52370194, 7.3304773 ], [ 134.523746859999989, 7.3304773 ], [ 134.523746859999989, 7.33043238 ], [ 134.52379178000001, 7.33043238 ], [ 134.52379178000001, 7.3304773 ], [ 134.52383669, 7.3304773 ], [ 134.52383669, 7.33052221 ], [ 134.523746859999989, 7.33052221 ], [ 134.523746859999989, 7.33061204 ], [ 134.52379178000001, 7.33061204 ], [ 134.52379178000001, 7.33074679 ], [ 134.523746859999989, 7.33074679 ], [ 134.523746859999989, 7.33088154 ], [ 134.52379178000001, 7.33088154 ], [ 134.52379178000001, 7.33101629 ], [ 134.523746859999989, 7.33101629 ], [ 134.523746859999989, 7.33110612 ], [ 134.52379178000001, 7.33110612 ], [ 134.52379178000001, 7.33115103 ], [ 134.52383669, 7.33115103 ], [ 134.52383669, 7.33124087 ], [ 134.52379178000001, 7.33124087 ], [ 134.52379178000001, 7.33128578 ], [ 134.523746859999989, 7.33128578 ], [ 134.523746859999989, 7.33137561 ], [ 134.52365703000001, 7.33137561 ], [ 134.52365703000001, 7.33142053 ], [ 134.52370194, 7.33142053 ], [ 134.52370194, 7.33164511 ], [ 134.52365703000001, 7.33164511 ], [ 134.52365703000001, 7.33169002 ], [ 134.523612109999988, 7.33169002 ], [ 134.523612109999988, 7.33164511 ], [ 134.5235672, 7.33164511 ], [ 134.5235672, 7.33160019 ], [ 134.5232977, 7.33160019 ], [ 134.5232977, 7.33169002 ], [ 134.52334262, 7.33169002 ], [ 134.52338753, 7.33169002 ], [ 134.52338753, 7.33177985 ], [ 134.52334262, 7.33177985 ], [ 134.52334262, 7.3319146 ], [ 134.52338753, 7.3319146 ], [ 134.52338753, 7.33195952 ], [ 134.52334262, 7.33195952 ], [ 134.52334262, 7.33200443 ], [ 134.523252789999987, 7.33200443 ], [ 134.523252789999987, 7.33204935 ], [ 134.52320787, 7.33204935 ], [ 134.52320787, 7.33209426 ], [ 134.52316295, 7.33209426 ], [ 134.52316295, 7.33200443 ], [ 134.523118040000014, 7.33200443 ], [ 134.523118040000014, 7.33186969 ], [ 134.52302821, 7.33186969 ], [ 134.52302821, 7.3319146 ], [ 134.522983290000013, 7.3319146 ], [ 134.522983290000013, 7.33195952 ], [ 134.52293838, 7.33195952 ], [ 134.52293838, 7.33209426 ], [ 134.52280363, 7.33209426 ], [ 134.52280363, 7.3321841 ], [ 134.522848540000012, 7.3321841 ], [ 134.522848540000012, 7.33222901 ], [ 134.52289346, 7.33222901 ], [ 134.52289346, 7.33227393 ], [ 134.52280363, 7.33227393 ], [ 134.52280363, 7.33245359 ], [ 134.522848540000012, 7.33245359 ], [ 134.522848540000012, 7.33236376 ], [ 134.522983290000013, 7.33236376 ], [ 134.522983290000013, 7.33231884 ], [ 134.52302821, 7.33231884 ], [ 134.52302821, 7.33222901 ], [ 134.522983290000013, 7.33222901 ], [ 134.522983290000013, 7.33213918 ], [ 134.52307312, 7.33213918 ], [ 134.52307312, 7.33222901 ], [ 134.523118040000014, 7.33222901 ], [ 134.52316295, 7.33222901 ], [ 134.52316295, 7.33231884 ], [ 134.52320787, 7.33231884 ], [ 134.52320787, 7.33236376 ], [ 134.52316295, 7.33236376 ], [ 134.52316295, 7.33240868 ], [ 134.5232977, 7.33240868 ], [ 134.5232977, 7.33236376 ], [ 134.52343245, 7.33236376 ], [ 134.52343245, 7.33240868 ], [ 134.523477359999987, 7.33240868 ], [ 134.523477359999987, 7.33249851 ], [ 134.52352228, 7.33249851 ], [ 134.52352228, 7.33254342 ], [ 134.523612109999988, 7.33254342 ], [ 134.523612109999988, 7.33249851 ], [ 134.5235672, 7.33249851 ], [ 134.5235672, 7.33245359 ], [ 134.523612109999988, 7.33245359 ], [ 134.52365703000001, 7.33245359 ], [ 134.52365703000001, 7.33258834 ], [ 134.52383669, 7.33258834 ], [ 134.52383669, 7.33254342 ], [ 134.52392652, 7.33254342 ], [ 134.52392652, 7.33258834 ], [ 134.524016350000011, 7.33258834 ], [ 134.52406127, 7.33258834 ], [ 134.52406127, 7.33267817 ], [ 134.52410619, 7.33267817 ], [ 134.524151100000012, 7.33267817 ], [ 134.524151100000012, 7.33285783 ], [ 134.52410619, 7.33285783 ], [ 134.52410619, 7.33290275 ], [ 134.524151100000012, 7.33290275 ], [ 134.524151100000012, 7.33299258 ], [ 134.52419602, 7.33299258 ], [ 134.52419602, 7.33326207 ], [ 134.52424093, 7.33326207 ], [ 134.52424093, 7.33321716 ], [ 134.524285850000012, 7.33321716 ], [ 134.524285850000012, 7.33317224 ], [ 134.52437568, 7.33317224 ], [ 134.52437568, 7.33326207 ], [ 134.524420600000013, 7.33326207 ], [ 134.524420600000013, 7.33330699 ], [ 134.52446551, 7.33330699 ], [ 134.52446551, 7.33339682 ], [ 134.52451043, 7.33339682 ], [ 134.52451043, 7.33335191 ], [ 134.52455534, 7.33335191 ], [ 134.52455534, 7.33321716 ], [ 134.52460026, 7.33321716 ], [ 134.52460026, 7.33326207 ], [ 134.524645170000014, 7.33326207 ], [ 134.524645170000014, 7.33335191 ], [ 134.52469009, 7.33335191 ], [ 134.52469009, 7.33326207 ], [ 134.52473501, 7.33326207 ], [ 134.52473501, 7.33339682 ], [ 134.52469009, 7.33339682 ], [ 134.52469009, 7.33348665 ], [ 134.524645170000014, 7.33348665 ], [ 134.524645170000014, 7.33357648 ], [ 134.52469009, 7.33357648 ], [ 134.52469009, 7.33353157 ] ], [ [ 134.52482484, 7.33344174 ], [ 134.52482484, 7.33348665 ], [ 134.524779919999986, 7.33348665 ], [ 134.524779919999986, 7.33339682 ], [ 134.52482484, 7.33339682 ], [ 134.52482484, 7.33335191 ], [ 134.52486975, 7.33335191 ], [ 134.52486975, 7.33344174 ], [ 134.52482484, 7.33344174 ] ], [ [ 134.524779919999986, 7.33267817 ], [ 134.52482484, 7.33267817 ], [ 134.52482484, 7.33263325 ], [ 134.52486975, 7.33263325 ], [ 134.52486975, 7.33267817 ], [ 134.524914669999987, 7.33267817 ], [ 134.524914669999987, 7.33272309 ], [ 134.52486975, 7.33272309 ], [ 134.52486975, 7.33285783 ], [ 134.52482484, 7.33285783 ], [ 134.52482484, 7.33281292 ], [ 134.524779919999986, 7.33281292 ], [ 134.524779919999986, 7.33267817 ] ], [ [ 134.52495959, 7.33272309 ], [ 134.52495959, 7.332768 ], [ 134.524914669999987, 7.332768 ], [ 134.524914669999987, 7.33272309 ], [ 134.52495959, 7.33272309 ] ], [ [ 134.525274, 7.33267817 ], [ 134.525274, 7.33263325 ], [ 134.52531891000001, 7.33263325 ], [ 134.52531891000001, 7.33267817 ], [ 134.525274, 7.33267817 ] ], [ [ 134.52675622000001, 7.33092645 ], [ 134.52675622000001, 7.33088154 ], [ 134.526846049999989, 7.33088154 ], [ 134.526846049999989, 7.33092645 ], [ 134.52675622000001, 7.33092645 ] ], [ [ 134.52675622000001, 7.33097137 ], [ 134.526711299999988, 7.33097137 ], [ 134.526711299999988, 7.33101629 ], [ 134.52666638, 7.33101629 ], [ 134.52666638, 7.33092645 ], [ 134.52675622000001, 7.33092645 ], [ 134.52675622000001, 7.33097137 ] ], [ [ 134.525274, 7.33213918 ], [ 134.525274, 7.3321841 ], [ 134.52522908, 7.3321841 ], [ 134.52513925, 7.3321841 ], [ 134.52513925, 7.33213918 ], [ 134.525274, 7.33213918 ] ], [ [ 134.52531891000001, 7.3321841 ], [ 134.52536383, 7.3321841 ], [ 134.52536383, 7.33222901 ], [ 134.525408739999989, 7.33222901 ], [ 134.525453660000011, 7.33222901 ], [ 134.525453660000011, 7.33231884 ], [ 134.52549857, 7.33231884 ], [ 134.52549857, 7.33249851 ], [ 134.525453660000011, 7.33249851 ], [ 134.525408739999989, 7.33249851 ], [ 134.525408739999989, 7.33254342 ], [ 134.52531891000001, 7.33254342 ], [ 134.52531891000001, 7.33249851 ], [ 134.52536383, 7.33249851 ], [ 134.52536383, 7.33245359 ], [ 134.525408739999989, 7.33245359 ], [ 134.525408739999989, 7.33240868 ], [ 134.525453660000011, 7.33240868 ], [ 134.525453660000011, 7.33236376 ], [ 134.525408739999989, 7.33236376 ], [ 134.52536383, 7.33236376 ], [ 134.52536383, 7.33231884 ], [ 134.52531891000001, 7.33231884 ], [ 134.52531891000001, 7.33227393 ], [ 134.525274, 7.33227393 ], [ 134.525274, 7.3321841 ], [ 134.52531891000001, 7.3321841 ] ], [ [ 134.52554349, 7.33249851 ], [ 134.525588410000012, 7.33249851 ], [ 134.525588410000012, 7.33254342 ], [ 134.52563332, 7.33254342 ], [ 134.52563332, 7.33258834 ], [ 134.52549857, 7.33258834 ], [ 134.52549857, 7.33249851 ], [ 134.52554349, 7.33249851 ] ], [ [ 134.52379178000001, 7.33155528 ], [ 134.52379178000001, 7.33151036 ], [ 134.52383669, 7.33151036 ], [ 134.52383669, 7.33155528 ], [ 134.52379178000001, 7.33155528 ] ], [ [ 134.52392652, 7.33142053 ], [ 134.52392652, 7.33137561 ], [ 134.523881609999989, 7.33137561 ], [ 134.523881609999989, 7.33128578 ], [ 134.52392652, 7.33128578 ], [ 134.52392652, 7.33124087 ], [ 134.52397144, 7.33124087 ], [ 134.52397144, 7.33142053 ], [ 134.52392652, 7.33142053 ] ], [ [ 134.523612109999988, 7.33173494 ], [ 134.5235672, 7.33173494 ], [ 134.5235672, 7.33169002 ], [ 134.523612109999988, 7.33169002 ], [ 134.523612109999988, 7.33173494 ] ], [ [ 134.523118040000014, 7.33209426 ], [ 134.522983290000013, 7.33209426 ], [ 134.522983290000013, 7.33204935 ], [ 134.52302821, 7.33204935 ], [ 134.52302821, 7.33200443 ], [ 134.52307312, 7.33200443 ], [ 134.52307312, 7.33204935 ], [ 134.523118040000014, 7.33204935 ], [ 134.523118040000014, 7.33209426 ] ], [ [ 134.52554349, 7.33200443 ], [ 134.52554349, 7.33204935 ], [ 134.52549857, 7.33204935 ], [ 134.52549857, 7.33200443 ], [ 134.52554349, 7.33200443 ] ], [ [ 134.525453660000011, 7.33200443 ], [ 134.525453660000011, 7.33195952 ], [ 134.52549857, 7.33195952 ], [ 134.52549857, 7.33200443 ], [ 134.525453660000011, 7.33200443 ] ], [ [ 134.52567824, 7.33204935 ], [ 134.52567824, 7.33209426 ], [ 134.52563332, 7.33209426 ], [ 134.52563332, 7.33204935 ], [ 134.52567824, 7.33204935 ] ], [ [ 134.52612739, 7.33169002 ], [ 134.52612739, 7.33173494 ], [ 134.526082480000014, 7.33173494 ], [ 134.526082480000014, 7.33169002 ], [ 134.52612739, 7.33169002 ] ], [ [ 134.52590282, 7.3319146 ], [ 134.52590282, 7.33186969 ], [ 134.526082480000014, 7.33186969 ], [ 134.526082480000014, 7.33182477 ], [ 134.52617231, 7.33182477 ], [ 134.52617231, 7.3319146 ], [ 134.52612739, 7.3319146 ], [ 134.52612739, 7.33195952 ], [ 134.52603756, 7.33195952 ], [ 134.52603756, 7.33200443 ], [ 134.5258579, 7.33200443 ], [ 134.5258579, 7.3319146 ], [ 134.52590282, 7.3319146 ] ], [ [ 134.52513925, 7.33249851 ], [ 134.52509433, 7.33249851 ], [ 134.52509433, 7.33258834 ], [ 134.5250045, 7.33258834 ], [ 134.5250045, 7.33254342 ], [ 134.52495959, 7.33254342 ], [ 134.52495959, 7.33249851 ], [ 134.524914669999987, 7.33249851 ], [ 134.524914669999987, 7.33240868 ], [ 134.52495959, 7.33240868 ], [ 134.52495959, 7.33236376 ], [ 134.5250045, 7.33236376 ], [ 134.5250045, 7.33231884 ], [ 134.525049419999988, 7.33231884 ], [ 134.525049419999988, 7.33236376 ], [ 134.52509433, 7.33236376 ], [ 134.52509433, 7.33240868 ], [ 134.52513925, 7.33240868 ], [ 134.52513925, 7.33249851 ] ], [ [ 134.525947730000013, 7.33164511 ], [ 134.525947730000013, 7.33169002 ], [ 134.52576807, 7.33169002 ], [ 134.52576807, 7.33164511 ], [ 134.52572315, 7.33164511 ], [ 134.52572315, 7.33155528 ], [ 134.5258579, 7.33155528 ], [ 134.5258579, 7.33164511 ], [ 134.52590282, 7.33164511 ], [ 134.525947730000013, 7.33164511 ] ], [ [ 134.52576807, 7.33173494 ], [ 134.525812980000012, 7.33173494 ], [ 134.525812980000012, 7.33177985 ], [ 134.52576807, 7.33177985 ], [ 134.52576807, 7.33182477 ], [ 134.52572315, 7.33182477 ], [ 134.52572315, 7.33177985 ], [ 134.52567824, 7.33177985 ], [ 134.52567824, 7.33169002 ], [ 134.52576807, 7.33169002 ], [ 134.52576807, 7.33173494 ] ], [ [ 134.525812980000012, 7.33182477 ], [ 134.525812980000012, 7.33195952 ], [ 134.52572315, 7.33195952 ], [ 134.52572315, 7.3319146 ], [ 134.52576807, 7.3319146 ], [ 134.52576807, 7.33182477 ], [ 134.525812980000012, 7.33182477 ] ], [ [ 134.526082480000014, 7.33155528 ], [ 134.526082480000014, 7.33160019 ], [ 134.52612739, 7.33160019 ], [ 134.52612739, 7.33164511 ], [ 134.52599265, 7.33164511 ], [ 134.52599265, 7.33155528 ], [ 134.526082480000014, 7.33155528 ] ], [ [ 134.52554349, 7.33263325 ], [ 134.525588410000012, 7.33263325 ], [ 134.525588410000012, 7.33272309 ], [ 134.52554349, 7.33272309 ], [ 134.52554349, 7.33267817 ], [ 134.52549857, 7.33267817 ], [ 134.52549857, 7.33263325 ], [ 134.52554349, 7.33263325 ] ], [ [ 134.52433076, 7.33258834 ], [ 134.52433076, 7.33263325 ], [ 134.52419602, 7.33263325 ], [ 134.52419602, 7.33258834 ], [ 134.52433076, 7.33258834 ] ], [ [ 134.52626214, 7.33160019 ], [ 134.52626214, 7.33155528 ], [ 134.526217229999986, 7.33155528 ], [ 134.526217229999986, 7.33151036 ], [ 134.52626214, 7.33151036 ], [ 134.52626214, 7.33146544 ], [ 134.52630706, 7.33146544 ], [ 134.52630706, 7.33151036 ], [ 134.52644181, 7.33151036 ], [ 134.52644181, 7.33146544 ], [ 134.52648672, 7.33146544 ], [ 134.52653164, 7.33146544 ], [ 134.52653164, 7.33155528 ], [ 134.52644181, 7.33155528 ], [ 134.52644181, 7.33164511 ], [ 134.52639689, 7.33164511 ], [ 134.52639689, 7.33169002 ], [ 134.52635197, 7.33169002 ], [ 134.52635197, 7.33164511 ], [ 134.52630706, 7.33164511 ], [ 134.52630706, 7.33169002 ], [ 134.526217229999986, 7.33169002 ], [ 134.526217229999986, 7.33160019 ], [ 134.52626214, 7.33160019 ] ], [ [ 134.52648672, 7.33173494 ], [ 134.52648672, 7.33177985 ], [ 134.52644181, 7.33177985 ], [ 134.52644181, 7.33173494 ], [ 134.52648672, 7.33173494 ] ], [ [ 134.52599265, 7.33204935 ], [ 134.52599265, 7.33209426 ], [ 134.525947730000013, 7.33209426 ], [ 134.525947730000013, 7.33204935 ], [ 134.52599265, 7.33204935 ] ], [ [ 134.52648672, 7.3310612 ], [ 134.52648672, 7.33110612 ], [ 134.52639689, 7.33110612 ], [ 134.52639689, 7.33119595 ], [ 134.52630706, 7.33119595 ], [ 134.52630706, 7.3310612 ], [ 134.52648672, 7.3310612 ] ], [ [ 134.52460026, 7.33258834 ], [ 134.52460026, 7.33263325 ], [ 134.52446551, 7.33263325 ], [ 134.52446551, 7.33267817 ], [ 134.524420600000013, 7.33267817 ], [ 134.524420600000013, 7.33258834 ], [ 134.52460026, 7.33258834 ] ], [ [ 134.52554349, 7.33213918 ], [ 134.52554349, 7.3321841 ], [ 134.52549857, 7.3321841 ], [ 134.52549857, 7.33213918 ], [ 134.52554349, 7.33213918 ] ], [ [ 134.52648672, 7.33092645 ], [ 134.52648672, 7.33097137 ], [ 134.52644181, 7.33097137 ], [ 134.52644181, 7.33092645 ], [ 134.52648672, 7.33092645 ] ], [ [ 134.52639689, 7.33177985 ], [ 134.52639689, 7.33186969 ], [ 134.52630706, 7.33186969 ], [ 134.52630706, 7.33177985 ], [ 134.52639689, 7.33177985 ] ] ] } },
{ "type": "Feature", "properties": { "id": "geomorphic_data_verbose.fid-75f8f034_1a0c1004d45_-5cb3", "class_name": "Deep Lagoon", "area_sqkm": 7.3904835309833282e-05 }, "geometry": { "type": "Polygon", "coordinates": [ [ [ 134.52437568, 7.33236376 ], [ 134.52437568, 7.33231884 ], [ 134.52424093, 7.33231884 ], [ 134.52424093, 7.33236376 ], [ 134.52437568, 7.33236376 ] ] ] } },
{ "type": "Feature", "properties": { "id": "geomorphic_data_verbose.fid-75f8f034_1a0c1004d45_-5cb1", "class_name": "Outer Reef Flat", "area_sqkm": 2.4634925747755914e-05 }, "geometry": { "type": "Polygon", "coordinates": [ [ [ 134.525588410000012, 7.33272309 ], [ 134.525588410000012, 7.33267817 ], [ 134.52554349, 7.33267817 ], [ 134.52554349, 7.33272309 ], [ 134.525588410000012, 7.33272309 ] ] ] } },
{ "type": "Feature", "properties": { "id": "geomorphic_data_verbose.fid-75f8f034_1a0c1004d45_-534d", "class_name": "Deep Lagoon", "area_sqkm": 0.00029561907384358349 }, "geometry": { "type": "Polygon", "coordinates": [ [ [ 134.52293838, 7.33294766 ], [ 134.52293838, 7.33285783 ], [ 134.522983290000013, 7.33285783 ], [ 134.522983290000013, 7.332768 ], [ 134.52293838, 7.332768 ], [ 134.52293838, 7.33267817 ], [ 134.522983290000013, 7.33267817 ], [ 134.522983290000013, 7.33258834 ], [ 134.52289346, 7.33258834 ], [ 134.52289346, 7.33294766 ], [ 134.52293838, 7.33294766 ] ] ] } },
{ "type": "Feature", "properties": { "id": "geomorphic_data_verbose.fid-75f8f034_1a0c1004d45_-555d", "class_name": "Deep Lagoon", "area_sqkm": 0.00022171421321155505 }, "geometry": { "type": "Polygon", "coordinates": [ [ [ 134.52307312, 7.3330375 ], [ 134.52307312, 7.33294766 ], [ 134.523118040000014, 7.33294766 ], [ 134.523118040000014, 7.33290275 ], [ 134.52307312, 7.33290275 ], [ 134.52307312, 7.33285783 ], [ 134.522983290000013, 7.33285783 ], [ 134.522983290000013, 7.3330375 ], [ 134.52307312, 7.3330375 ] ] ] } },
{ "type": "Feature", "properties": { "id": "geomorphic_data_verbose.fid-75f8f034_1a0c1004d45_-5a9c", "class_name": "Deep Lagoon", "area_sqkm": 4.9269810357596725e-05 }, "geometry": { "type": "Polygon", "coordinates": [ [ [ 134.523118040000014, 7.33312733 ], [ 134.523118040000014, 7.3330375 ], [ 134.52307312, 7.3330375 ], [ 134.52307312, 7.33312733 ], [ 134.523118040000014, 7.33312733 ] ] ] } },
{ "type": "Feature", "properties": { "id": "geomorphic_data_verbose.fid-75f8f034_1a0c1004d45_-5568", "class_name": "Deep Lagoon", "area_sqkm": 4.926969916326925e-05 }, "geometry": { "type": "Polygon", "coordinates": [ [ [ 134.52810369, 7.33416039 ], [ 134.52810369, 7.33407056 ], [ 134.52805877, 7.33407056 ], [ 134.52805877, 7.33416039 ], [ 134.52810369, 7.33416039 ] ] ] } },
{ "type": "Feature", "properties": { "id": "geomorphic_data_verbose.fid-75f8f034_1a0c1004d45_-5247", "class_name": "Deep Lagoon", "area_sqkm": 9.8539349674247199e-05 }, "geometry": { "type": "Polygon", "coordinates": [ [ [ 134.52828335, 7.33438497 ], [ 134.52828335, 7.33429514 ], [ 134.52819352, 7.33429514 ], [ 134.52819352, 7.33438497 ], [ 134.52828335, 7.33438497 ] ] ] } },
{ "type": "Feature", "properties": { "id": "geomorphic_data_verbose.fid-75f8f034_1a0c1004d45_-5a9b", "class_name": "Deep Lagoon", "area_sqkm": 0.017269001837348565 }, "geometry": { "type": "Polygon", "coordinates": [ [ [ 134.528507929999989, 7.33564261 ], [ 134.528507929999989, 7.33559769 ], [ 134.528552850000011, 7.33559769 ], [ 134.528552850000011, 7.33555278 ], [ 134.52859776, 7.33555278 ], [ 134.52859776, 7.33550786 ], [ 134.52864268, 7.33550786 ], [ 134.52864268, 7.33546295 ], [ 134.528507929999989, 7.33546295 ], [ 134.528507929999989, 7.33550786 ], [ 134.52846301, 7.33550786 ], [ 134.52846301, 7.3353282 ], [ 134.52841810000001, 7.3353282 ], [ 134.52841810000001, 7.33519345 ], [ 134.52823844, 7.33519345 ], [ 134.52823844, 7.3353282 ], [ 134.52819352, 7.3353282 ], [ 134.52819352, 7.33541803 ], [ 134.52823844, 7.33541803 ], [ 134.52823844, 7.33550786 ], [ 134.5281486, 7.33550786 ], [ 134.5281486, 7.33546295 ], [ 134.52810369, 7.33546295 ], [ 134.52810369, 7.33541803 ], [ 134.5281486, 7.33541803 ], [ 134.5281486, 7.33537312 ], [ 134.528013859999987, 7.33537312 ], [ 134.528013859999987, 7.3353282 ], [ 134.52796894, 7.3353282 ], [ 134.52796894, 7.33528328 ], [ 134.52805877, 7.33528328 ], [ 134.52805877, 7.33523837 ], [ 134.52810369, 7.33523837 ], [ 134.52810369, 7.33514854 ], [ 134.52796894, 7.33514854 ], [ 134.52796894, 7.33505871 ], [ 134.52783419, 7.33505871 ], [ 134.52783419, 7.33510362 ], [ 134.527744360000014, 7.33510362 ], [ 134.527744360000014, 7.33505871 ], [ 134.52778928, 7.33505871 ], [ 134.52778928, 7.33501379 ], [ 134.527879109999986, 7.33501379 ], [ 134.527879109999986, 7.33496887 ], [ 134.52783419, 7.33496887 ], [ 134.52783419, 7.33487904 ], [ 134.52792403, 7.33487904 ], [ 134.52792403, 7.33492396 ], [ 134.52796894, 7.33492396 ], [ 134.52796894, 7.33496887 ], [ 134.528013859999987, 7.33496887 ], [ 134.528013859999987, 7.33501379 ], [ 134.52823844, 7.33501379 ], [ 134.52823844, 7.33487904 ], [ 134.52832827, 7.33487904 ], [ 134.52832827, 7.33483413 ], [ 134.52828335, 7.33483413 ], [ 134.52828335, 7.33474429 ], [ 134.52832827, 7.33474429 ], [ 134.52832827, 7.33456463 ], [ 134.528373179999988, 7.33456463 ], [ 134.528373179999988, 7.33451972 ], [ 134.52846301, 7.33451972 ], [ 134.52846301, 7.3344748 ], [ 134.528373179999988, 7.3344748 ], [ 134.528373179999988, 7.33438497 ], [ 134.52828335, 7.33438497 ], [ 134.52828335, 7.33442988 ], [ 134.52823844, 7.33442988 ], [ 134.52823844, 7.3344748 ], [ 134.52819352, 7.3344748 ], [ 134.52819352, 7.33451972 ], [ 134.5281486, 7.33451972 ], [ 134.5281486, 7.33460955 ], [ 134.52810369, 7.33460955 ], [ 134.52810369, 7.33456463 ], [ 134.52805877, 7.33456463 ], [ 134.52805877, 7.33451972 ], [ 134.52810369, 7.33451972 ], [ 134.52810369, 7.3344748 ], [ 134.5281486, 7.3344748 ], [ 134.5281486, 7.33442988 ], [ 134.52810369, 7.33442988 ], [ 134.52810369, 7.33429514 ], [ 134.52819352, 7.33429514 ], [ 134.52819352, 7.33420531 ], [ 134.52805877, 7.33420531 ], [ 134.52805877, 7.33425022 ], [ 134.52796894, 7.33425022 ], [ 134.52796894, 7.33416039 ], [ 134.528013859999987, 7.33416039 ], [ 134.528013859999987, 7.33402564 ], [ 134.52810369, 7.33402564 ], [ 134.52810369, 7.33384598 ], [ 134.52805877, 7.33384598 ], [ 134.52805877, 7.3338909 ], [ 134.528013859999987, 7.3338909 ], [ 134.528013859999987, 7.33398073 ], [ 134.52796894, 7.33398073 ], [ 134.52796894, 7.33384598 ], [ 134.528013859999987, 7.33384598 ], [ 134.528013859999987, 7.33371123 ], [ 134.52805877, 7.33371123 ], [ 134.52805877, 7.33380106 ], [ 134.52810369, 7.33380106 ], [ 134.52810369, 7.33357648 ], [ 134.52819352, 7.33357648 ], [ 134.52819352, 7.33339682 ], [ 134.52828335, 7.33339682 ], [ 134.52828335, 7.33330699 ], [ 134.52823844, 7.33330699 ], [ 134.52823844, 7.33321716 ], [ 134.52819352, 7.33321716 ], [ 134.52819352, 7.33317224 ], [ 134.5281486, 7.33317224 ], [ 134.5281486, 7.33312733 ], [ 134.52796894, 7.33312733 ], [ 134.52796894, 7.33321716 ], [ 134.528013859999987, 7.33321716 ], [ 134.528013859999987, 7.33326207 ], [ 134.52805877, 7.33326207 ], [ 134.52805877, 7.33330699 ], [ 134.528013859999987, 7.33330699 ], [ 134.528013859999987, 7.33339682 ], [ 134.52805877, 7.33339682 ], [ 134.52805877, 7.33357648 ], [ 134.528013859999987, 7.33357648 ], [ 134.528013859999987, 7.33366632 ], [ 134.52796894, 7.33366632 ], [ 134.52796894, 7.33371123 ], [ 134.52792403, 7.33371123 ], [ 134.52792403, 7.33375615 ], [ 134.52783419, 7.33375615 ], [ 134.52783419, 7.33371123 ], [ 134.52778928, 7.33371123 ], [ 134.52778928, 7.33375615 ], [ 134.527744360000014, 7.33375615 ], [ 134.527744360000014, 7.33380106 ], [ 134.52769945, 7.33380106 ], [ 134.52769945, 7.33375615 ], [ 134.52765453, 7.33375615 ], [ 134.52765453, 7.33380106 ], [ 134.52760962, 7.33380106 ], [ 134.52760962, 7.33384598 ], [ 134.5275647, 7.33384598 ], [ 134.5275647, 7.33380106 ], [ 134.52751978, 7.33380106 ], [ 134.52751978, 7.33384598 ], [ 134.52747487, 7.33384598 ], [ 134.52747487, 7.33398073 ], [ 134.52760962, 7.33398073 ], [ 134.52760962, 7.33416039 ], [ 134.52765453, 7.33416039 ], [ 134.52765453, 7.33407056 ], [ 134.52769945, 7.33407056 ], [ 134.52769945, 7.33411547 ], [ 134.527744360000014, 7.33411547 ], [ 134.527744360000014, 7.33416039 ], [ 134.52778928, 7.33416039 ], [ 134.52778928, 7.33407056 ], [ 134.52783419, 7.33407056 ], [ 134.52783419, 7.33402564 ], [ 134.527879109999986, 7.33402564 ], [ 134.527879109999986, 7.33434005 ], [ 134.52778928, 7.33434005 ], [ 134.52778928, 7.33451972 ], [ 134.52783419, 7.33451972 ], [ 134.52783419, 7.33465446 ], [ 134.528013859999987, 7.33465446 ], [ 134.528013859999987, 7.33474429 ], [ 134.52796894, 7.33474429 ], [ 134.52796894, 7.33478921 ], [ 134.52778928, 7.33478921 ], [ 134.52778928, 7.33474429 ], [ 134.527744360000014, 7.33474429 ], [ 134.527744360000014, 7.33469938 ], [ 134.52778928, 7.33469938 ], [ 134.52778928, 7.33465446 ], [ 134.527744360000014, 7.33465446 ], [ 134.527744360000014, 7.33451972 ], [ 134.52765453, 7.33451972 ], [ 134.52765453, 7.33460955 ], [ 134.52760962, 7.33460955 ], [ 134.52760962, 7.33469938 ], [ 134.5275647, 7.33469938 ], [ 134.5275647, 7.33487904 ], [ 134.52751978, 7.33487904 ], [ 134.52751978, 7.33492396 ], [ 134.52747487, 7.33492396 ], [ 134.52747487, 7.33487904 ], [ 134.52742995, 7.33487904 ], [ 134.52742995, 7.33474429 ], [ 134.52747487, 7.33474429 ], [ 134.52747487, 7.33469938 ], [ 134.52742995, 7.33469938 ], [ 134.52742995, 7.33465446 ], [ 134.527385040000013, 7.33465446 ], [ 134.527385040000013, 7.33478921 ], [ 134.52734012, 7.33478921 ], [ 134.52734012, 7.33483413 ], [ 134.527250290000012, 7.33483413 ], [ 134.527250290000012, 7.33474429 ], [ 134.52720537, 7.33474429 ], [ 134.52720537, 7.33478921 ], [ 134.527115540000011, 7.33478921 ], [ 134.527115540000011, 7.33483413 ], [ 134.52707063, 7.33483413 ], [ 134.52707063, 7.33487904 ], [ 134.527115540000011, 7.33487904 ], [ 134.527115540000011, 7.33496887 ], [ 134.52716046, 7.33496887 ], [ 134.52716046, 7.33510362 ], [ 134.52720537, 7.33510362 ], [ 134.52720537, 7.33514854 ], [ 134.527115540000011, 7.33514854 ], [ 134.527115540000011, 7.33510362 ], [ 134.52698079000001, 7.33510362 ], [ 134.52698079000001, 7.33568753 ], [ 134.5275647, 7.33568753 ], [ 134.5275647, 7.33564261 ], [ 134.52760962, 7.33564261 ], [ 134.52760962, 7.33555278 ], [ 134.52765453, 7.33555278 ], [ 134.52765453, 7.33550786 ], [ 134.52760962, 7.33550786 ], [ 134.52760962, 7.33537312 ], [ 134.52765453, 7.33537312 ], [ 134.52765453, 7.33546295 ], [ 134.52769945, 7.33546295 ], [ 134.52769945, 7.33541803 ], [ 134.527744360000014, 7.33541803 ], [ 134.527744360000014, 7.33523837 ], [ 134.52778928, 7.33523837 ], [ 134.52778928, 7.33519345 ], [ 134.527879109999986, 7.33519345 ], [ 134.527879109999986, 7.33528328 ], [ 134.52783419, 7.33528328 ], [ 134.52783419, 7.33546295 ], [ 134.528013859999987, 7.33546295 ], [ 134.528013859999987, 7.33550786 ], [ 134.52783419, 7.33550786 ], [ 134.52783419, 7.33555278 ], [ 134.527744360000014, 7.33555278 ], [ 134.527744360000014, 7.33559769 ], [ 134.52769945, 7.33559769 ], [ 134.52769945, 7.33568753 ], [ 134.527879109999986, 7.33568753 ], [ 134.527879109999986, 7.33564261 ], [ 134.52792403, 7.33564261 ], [ 134.52792403, 7.33559769 ], [ 134.52796894, 7.33559769 ], [ 134.52796894, 7.33564261 ], [ 134.52805877, 7.33564261 ], [ 134.52805877, 7.33568753 ], [ 134.5281486, 7.33568753 ], [ 134.5281486, 7.33564261 ], [ 134.52819352, 7.33564261 ], [ 134.52819352, 7.33568753 ], [ 134.52846301, 7.33568753 ], [ 134.52846301, 7.33564261 ], [ 134.528507929999989, 7.33564261 ] ], [ [ 134.52846301, 7.33555278 ], [ 134.52841810000001, 7.33555278 ], [ 134.52841810000001, 7.33550786 ], [ 134.52846301, 7.33550786 ], [ 134.52846301, 7.33555278 ] ], [ [ 134.52792403, 7.33416039 ], [ 134.52792403, 7.33407056 ], [ 134.52796894, 7.33407056 ], [ 134.52796894, 7.33416039 ], [ 134.52792403, 7.33416039 ] ], [ [ 134.5281486, 7.33339682 ], [ 134.52810369, 7.33339682 ], [ 134.52810369, 7.33335191 ], [ 134.52819352, 7.33335191 ], [ 134.52819352, 7.33339682 ], [ 134.5281486, 7.33339682 ] ], [ [ 134.52760962, 7.3338909 ], [ 134.52765453, 7.3338909 ], [ 134.52765453, 7.33393581 ], [ 134.52769945, 7.33393581 ], [ 134.52769945, 7.33398073 ], [ 134.52760962, 7.33398073 ], [ 134.52760962, 7.3338909 ] ], [ [ 134.527744360000014, 7.33398073 ], [ 134.527744360000014, 7.33402564 ], [ 134.52769945, 7.33402564 ], [ 134.52769945, 7.33398073 ], [ 134.527744360000014, 7.33398073 ] ], [ [ 134.528013859999987, 7.33460955 ], [ 134.52805877, 7.33460955 ], [ 134.52805877, 7.33465446 ], [ 134.528013859999987, 7.33465446 ], [ 134.528013859999987, 7.33460955 ] ], [ [ 134.5281486, 7.33465446 ], [ 134.52819352, 7.33465446 ], [ 134.52819352, 7.33474429 ], [ 134.52810369, 7.33474429 ], [ 134.52810369, 7.33469938 ], [ 134.52805877, 7.33469938 ], [ 134.52805877, 7.33465446 ], [ 134.5281486, 7.33465446 ] ], [ [ 134.527744360000014, 7.33483413 ], [ 134.52765453, 7.33483413 ], [ 134.52765453, 7.33478921 ], [ 134.52769945, 7.33478921 ], [ 134.52769945, 7.33474429 ], [ 134.527744360000014, 7.33474429 ], [ 134.527744360000014, 7.33483413 ] ], [ [ 134.527250290000012, 7.33487904 ], [ 134.52720537, 7.33487904 ], [ 134.52720537, 7.33483413 ], [ 134.527250290000012, 7.33483413 ], [ 134.527250290000012, 7.33487904 ] ], [ [ 134.5275647, 7.33537312 ], [ 134.52751978, 7.33537312 ], [ 134.52751978, 7.3353282 ], [ 134.52747487, 7.3353282 ], [ 134.52747487, 7.33523837 ], [ 134.52760962, 7.33523837 ], [ 134.52760962, 7.33537312 ], [ 134.5275647, 7.33537312 ] ], [ [ 134.52760962, 7.33510362 ], [ 134.52769945, 7.33510362 ], [ 134.52769945, 7.33523837 ], [ 134.52760962, 7.33523837 ], [ 134.52760962, 7.33510362 ] ], [ [ 134.52805877, 7.33550786 ], [ 134.52805877, 7.33555278 ], [ 134.528013859999987, 7.33555278 ], [ 134.528013859999987, 7.33550786 ], [ 134.52805877, 7.33550786 ] ], [ [ 134.52819352, 7.33559769 ], [ 134.52823844, 7.33559769 ], [ 134.52823844, 7.33555278 ], [ 134.52828335, 7.33555278 ], [ 134.52828335, 7.33564261 ], [ 134.52819352, 7.33564261 ], [ 134.52819352, 7.33559769 ] ], [ [ 134.52765453, 7.33501379 ], [ 134.52765453, 7.33496887 ], [ 134.52769945, 7.33496887 ], [ 134.52769945, 7.33501379 ], [ 134.52765453, 7.33501379 ] ], [ [ 134.52828335, 7.33541803 ], [ 134.52828335, 7.33537312 ], [ 134.52832827, 7.33537312 ], [ 134.52832827, 7.33541803 ], [ 134.52828335, 7.33541803 ] ], [ [ 134.52751978, 7.33550786 ], [ 134.52751978, 7.33541803 ], [ 134.5275647, 7.33541803 ], [ 134.5275647, 7.33550786 ], [ 134.52751978, 7.33550786 ] ], [ [ 134.52760962, 7.33496887 ], [ 134.52760962, 7.33505871 ], [ 134.5275647, 7.33505871 ], [ 134.5275647, 7.33514854 ], [ 134.52747487, 7.33514854 ], [ 134.52747487, 7.33501379 ], [ 134.5275647, 7.33501379 ], [ 134.5275647, 7.33496887 ], [ 134.52760962, 7.33496887 ] ], [ [ 134.528013859999987, 7.33492396 ], [ 134.528013859999987, 7.33487904 ], [ 134.52805877, 7.33487904 ], [ 134.52805877, 7.33492396 ], [ 134.528013859999987, 7.33492396 ] ], [ [ 134.5272952, 7.33496887 ], [ 134.5272952, 7.33487904 ], [ 134.52734012, 7.33487904 ], [ 134.52734012, 7.33496887 ], [ 134.5272952, 7.33496887 ] ], [ [ 134.528013859999987, 7.33434005 ], [ 134.528013859999987, 7.33442988 ], [ 134.52796894, 7.33442988 ], [ 134.52796894, 7.33451972 ], [ 134.52792403, 7.33451972 ], [ 134.52792403, 7.3344748 ], [ 134.527879109999986, 7.3344748 ], [ 134.527879109999986, 7.33438497 ], [ 134.52796894, 7.33438497 ], [ 134.52796894, 7.33434005 ], [ 134.528013859999987, 7.33434005 ] ], [ [ 134.52810369, 7.33487904 ], [ 134.52810369, 7.33483413 ], [ 134.5281486, 7.33483413 ], [ 134.5281486, 7.33487904 ], [ 134.52810369, 7.33487904 ] ], [ [ 134.5281486, 7.33478921 ], [ 134.52819352, 7.33478921 ], [ 134.52819352, 7.33483413 ], [ 134.5281486, 7.33483413 ], [ 134.5281486, 7.33478921 ] ], [ [ 134.5272952, 7.33519345 ], [ 134.5272952, 7.33510362 ], [ 134.52734012, 7.33510362 ], [ 134.52734012, 7.33519345 ], [ 134.5272952, 7.33519345 ] ] ] } },
{ "type": "Feature", "properties": { "id": "geomorphic_data_verbose.fid-75f8f034_1a0c1004d45_-5642", "class_name": "Deep Lagoon", "area_sqkm": 0.0016012625297140331 }, "geometry": { "type": "Polygon", "coordinates": [ [ [ 134.52864268, 7.33514854 ], [ 134.52864268, 7.33510362 ], [ 134.52859776, 7.33510362 ], [ 134.52859776, 7.33505871 ], [ 134.52868759, 7.33505871 ], [ 134.52868759, 7.33487904 ], [ 134.52864268, 7.33487904 ], [ 134.52864268, 7.33478921 ], [ 134.52873251, 7.33478921 ], [ 134.52873251, 7.33474429 ], [ 134.52868759, 7.33474429 ], [ 134.52864268, 7.33474429 ], [ 134.52864268, 7.33465446 ], [ 134.52859776, 7.33465446 ], [ 134.52859776, 7.33469938 ], [ 134.528552850000011, 7.33469938 ], [ 134.528552850000011, 7.33460955 ], [ 134.528507929999989, 7.33460955 ], [ 134.528507929999989, 7.33456463 ], [ 134.52841810000001, 7.33456463 ], [ 134.52841810000001, 7.33478921 ], [ 134.52846301, 7.33478921 ], [ 134.528507929999989, 7.33478921 ], [ 134.528507929999989, 7.33483413 ], [ 134.52846301, 7.33483413 ], [ 134.52846301, 7.33492396 ], [ 134.52841810000001, 7.33492396 ], [ 134.52841810000001, 7.33496887 ], [ 134.528373179999988, 7.33496887 ], [ 134.528373179999988, 7.33501379 ], [ 134.52832827, 7.33501379 ], [ 134.52832827, 7.33510362 ], [ 134.528373179999988, 7.33510362 ], [ 134.528373179999988, 7.33514854 ], [ 134.52864268, 7.33514854 ] ], [ [ 134.528507929999989, 7.33501379 ], [ 134.528552850000011, 7.33501379 ], [ 134.528552850000011, 7.33505871 ], [ 134.528507929999989, 7.33505871 ], [ 134.528507929999989, 7.33501379 ] ] ] } },
{ "type": "Feature", "properties": { "id": "geomorphic_data_verbose.fid-75f8f034_1a0c1004d45_-599d", "class_name": "Deep Lagoon", "area_sqkm": 0.0033010589497899636 }, "geometry": { "type": "Polygon", "coordinates": [ [ [ 134.52693588, 7.3353282 ], [ 134.52675622000001, 7.3353282 ], [ 134.52675622000001, 7.33523837 ], [ 134.52662147, 7.33523837 ], [ 134.52662147, 7.33537312 ], [ 134.526576549999987, 7.33537312 ], [ 134.526576549999987, 7.33546295 ], [ 134.52644181, 7.33546295 ], [ 134.52644181, 7.33550786 ], [ 134.52639689, 7.33550786 ], [ 134.52639689, 7.33555278 ], [ 134.52644181, 7.33555278 ], [ 134.52644181, 7.33564261 ], [ 134.52648672, 7.33564261 ], [ 134.52648672, 7.33568753 ], [ 134.52644181, 7.33568753 ], [ 134.52644181, 7.33573244 ], [ 134.52648672, 7.33573244 ], [ 134.52648672, 7.33577736 ], [ 134.52639689, 7.33577736 ], [ 134.52639689, 7.3359121 ], [ 134.52644181, 7.3359121 ], [ 134.52644181, 7.33600194 ], [ 134.526576549999987, 7.33600194 ], [ 134.526576549999987, 7.33595702 ], [ 134.52653164, 7.33595702 ], [ 134.52653164, 7.3359121 ], [ 134.526576549999987, 7.3359121 ], [ 134.526576549999987, 7.33586719 ], [ 134.52662147, 7.33586719 ], [ 134.52662147, 7.3359121 ], [ 134.52666638, 7.3359121 ], [ 134.52666638, 7.33586719 ], [ 134.526846049999989, 7.33586719 ], [ 134.526846049999989, 7.3359121 ], [ 134.52693588, 7.3359121 ], [ 134.52693588, 7.33586719 ], [ 134.52698079000001, 7.33586719 ], [ 134.52698079000001, 7.33523837 ], [ 134.52693588, 7.33523837 ], [ 134.52693588, 7.3353282 ] ], [ [ 134.52662147, 7.33555278 ], [ 134.52662147, 7.33564261 ], [ 134.526576549999987, 7.33564261 ], [ 134.526576549999987, 7.33559769 ], [ 134.52653164, 7.33559769 ], [ 134.52653164, 7.33555278 ], [ 134.526576549999987, 7.33555278 ], [ 134.52662147, 7.33555278 ] ], [ [ 134.526711299999988, 7.33573244 ], [ 134.52666638, 7.33573244 ], [ 134.52666638, 7.33582227 ], [ 134.52662147, 7.33582227 ], [ 134.52662147, 7.33568753 ], [ 134.526711299999988, 7.33568753 ], [ 134.526711299999988, 7.33573244 ] ], [ [ 134.526711299999988, 7.33555278 ], [ 134.52675622000001, 7.33555278 ], [ 134.52675622000001, 7.33550786 ], [ 134.52689096, 7.33550786 ], [ 134.52689096, 7.33559769 ], [ 134.526846049999989, 7.33559769 ], [ 134.526846049999989, 7.33564261 ], [ 134.52680113, 7.33564261 ], [ 134.52680113, 7.33568753 ], [ 134.526711299999988, 7.33568753 ], [ 134.526711299999988, 7.33555278 ] ], [ [ 134.52675622000001, 7.33546295 ], [ 134.52666638, 7.33546295 ], [ 134.52666638, 7.33541803 ], [ 134.52675622000001, 7.33541803 ], [ 134.52675622000001, 7.33546295 ] ] ] } },
{ "type": "Feature", "properties": { "id": "geomorphic_data_verbose.fid-75f8f034_1a0c1004d45_-559f", "class_name": "Terrestrial Reef Flat", "area_sqkm": 0.012292717593288515 }, "geometry": { "type": "Polygon", "coordinates": [ [ [ 134.52864268, 7.33734941 ], [ 134.52864268, 7.33730449 ], [ 134.52868759, 7.33730449 ], [ 134.52868759, 7.33725958 ], [ 134.52877743, 7.33725958 ], [ 134.52877743, 7.33721466 ], [ 134.52882234, 7.33721466 ], [ 134.52882234, 7.33716975 ], [ 134.528912170000012, 7.33716975 ], [ 134.528912170000012, 7.33721466 ], [ 134.529046920000013, 7.33721466 ], [ 134.52909184, 7.33721466 ], [ 134.52909184, 7.33725958 ], [ 134.52922658, 7.33725958 ], [ 134.52922658, 7.33716975 ], [ 134.529181670000014, 7.33716975 ], [ 134.529181670000014, 7.33712483 ], [ 134.52913675, 7.33712483 ], [ 134.529046920000013, 7.33712483 ], [ 134.529046920000013, 7.33707991 ], [ 134.529002, 7.33707991 ], [ 134.529002, 7.337035 ], [ 134.52895709, 7.337035 ], [ 134.52895709, 7.33699008 ], [ 134.528912170000012, 7.33699008 ], [ 134.528912170000012, 7.33694517 ], [ 134.52886726, 7.33694517 ], [ 134.52886726, 7.33690025 ], [ 134.52882234, 7.33690025 ], [ 134.52882234, 7.33685534 ], [ 134.52877743, 7.33685534 ], [ 134.528507929999989, 7.33685534 ], [ 134.528507929999989, 7.33681042 ], [ 134.52846301, 7.33681042 ], [ 134.528373179999988, 7.33681042 ], [ 134.528373179999988, 7.3367655 ], [ 134.52832827, 7.3367655 ], [ 134.52828335, 7.3367655 ], [ 134.52828335, 7.33672059 ], [ 134.52823844, 7.33672059 ], [ 134.52823844, 7.33667567 ], [ 134.52819352, 7.33667567 ], [ 134.52819352, 7.33663076 ], [ 134.5281486, 7.33663076 ], [ 134.5281486, 7.33658584 ], [ 134.52810369, 7.33658584 ], [ 134.52810369, 7.33654093 ], [ 134.52805877, 7.33654093 ], [ 134.52805877, 7.33649601 ], [ 134.528013859999987, 7.33649601 ], [ 134.528013859999987, 7.33645109 ], [ 134.52796894, 7.33645109 ], [ 134.52792403, 7.33645109 ], [ 134.52792403, 7.33640618 ], [ 134.527879109999986, 7.33640618 ], [ 134.52783419, 7.33640618 ], [ 134.52783419, 7.33631635 ], [ 134.52778928, 7.33631635 ], [ 134.527744360000014, 7.33631635 ], [ 134.527744360000014, 7.33627143 ], [ 134.52769945, 7.33627143 ], [ 134.52765453, 7.33627143 ], [ 134.52765453, 7.33622652 ], [ 134.5275647, 7.33622652 ], [ 134.5275647, 7.33627143 ], [ 134.52751978, 7.33627143 ], [ 134.52751978, 7.33631635 ], [ 134.52747487, 7.33631635 ], [ 134.52747487, 7.33636126 ], [ 134.52742995, 7.33636126 ], [ 134.52742995, 7.33640618 ], [ 134.5272952, 7.33640618 ], [ 134.5272952, 7.33636126 ], [ 134.52716046, 7.33636126 ], [ 134.52716046, 7.33640618 ], [ 134.527115540000011, 7.33640618 ], [ 134.527115540000011, 7.33645109 ], [ 134.52707063, 7.33645109 ], [ 134.52707063, 7.33654093 ], [ 134.52702571, 7.33654093 ], [ 134.52702571, 7.33658584 ], [ 134.52698079000001, 7.33658584 ], [ 134.52698079000001, 7.33663076 ], [ 134.52689096, 7.33663076 ], [ 134.52689096, 7.33672059 ], [ 134.52698079000001, 7.33672059 ], [ 134.52702571, 7.33672059 ], [ 134.52702571, 7.33681042 ], [ 134.52698079000001, 7.33681042 ], [ 134.52698079000001, 7.33685534 ], [ 134.52702571, 7.33685534 ], [ 134.52707063, 7.33685534 ], [ 134.52707063, 7.33690025 ], [ 134.527115540000011, 7.33690025 ], [ 134.527115540000011, 7.33694517 ], [ 134.52716046, 7.33694517 ], [ 134.52720537, 7.33694517 ], [ 134.52720537, 7.33707991 ], [ 134.527250290000012, 7.33707991 ], [ 134.527250290000012, 7.33712483 ], [ 134.5272952, 7.33712483 ], [ 134.5272952, 7.33716975 ], [ 134.52734012, 7.33716975 ], [ 134.52734012, 7.33721466 ], [ 134.52742995, 7.33721466 ], [ 134.52742995, 7.33716975 ], [ 134.52747487, 7.33716975 ], [ 134.52747487, 7.33707991 ], [ 134.52751978, 7.33707991 ], [ 134.52751978, 7.33712483 ], [ 134.5275647, 7.33712483 ], [ 134.5275647, 7.33716975 ], [ 134.52760962, 7.33716975 ], [ 134.52760962, 7.33690025 ], [ 134.527744360000014, 7.33690025 ], [ 134.527744360000014, 7.33681042 ], [ 134.52796894, 7.33681042 ], [ 134.52796894, 7.3367655 ], [ 134.52805877, 7.3367655 ], [ 134.52805877, 7.33685534 ], [ 134.52810369, 7.33685534 ], [ 134.52810369, 7.33694517 ], [ 134.5281486, 7.33694517 ], [ 134.52819352, 7.33694517 ], [ 134.52819352, 7.33699008 ], [ 134.52823844, 7.33699008 ], [ 134.52823844, 7.337035 ], [ 134.52828335, 7.337035 ], [ 134.52828335, 7.33707991 ], [ 134.52832827, 7.33707991 ], [ 134.52832827, 7.33716975 ], [ 134.528373179999988, 7.33716975 ], [ 134.528373179999988, 7.33721466 ], [ 134.52841810000001, 7.33721466 ], [ 134.52841810000001, 7.33725958 ], [ 134.52846301, 7.33725958 ], [ 134.52846301, 7.33730449 ], [ 134.528507929999989, 7.33730449 ], [ 134.528507929999989, 7.33734941 ], [ 134.52864268, 7.33734941 ] ] ] } },
{ "type": "Feature", "properties": { "id": "geomorphic_data_verbose.fid-75f8f034_1a0c1004d45_-5c65", "class_name": "Deep Lagoon", "area_sqkm": 0.03416833029337181 }, "geometry": { "type": "Polygon", "coordinates": [ [ [ 134.528013859999987, 7.33793331 ], [ 134.52792403, 7.33793331 ], [ 134.52792403, 7.3378884 ], [ 134.528013859999987, 7.3378884 ], [ 134.528013859999987, 7.33779857 ], [ 134.52810369, 7.33779857 ], [ 134.52810369, 7.3378884 ], [ 134.52819352, 7.3378884 ], [ 134.52819352, 7.33797823 ], [ 134.52810369, 7.33797823 ], [ 134.52810369, 7.33815789 ], [ 134.5281486, 7.33815789 ], [ 134.5281486, 7.33811298 ], [ 134.52819352, 7.33811298 ], [ 134.52819352, 7.33815789 ], [ 134.52828335, 7.33815789 ], [ 134.52828335, 7.33811298 ], [ 134.528373179999988, 7.33811298 ], [ 134.528373179999988, 7.33797823 ], [ 134.52841810000001, 7.33797823 ], [ 134.52841810000001, 7.33793331 ], [ 134.52846301, 7.33793331 ], [ 134.52846301, 7.3378884 ], [ 134.528373179999988, 7.3378884 ], [ 134.528373179999988, 7.33779857 ], [ 134.52828335, 7.33779857 ], [ 134.52828335, 7.33775365 ], [ 134.5281486, 7.33775365 ], [ 134.5281486, 7.33770874 ], [ 134.52810369, 7.33770874 ], [ 134.52810369, 7.3376189 ], [ 134.528013859999987, 7.3376189 ], [ 134.528013859999987, 7.33743924 ], [ 134.52805877, 7.33743924 ], [ 134.52805877, 7.33730449 ], [ 134.52823844, 7.33730449 ], [ 134.52823844, 7.33739432 ], [ 134.52810369, 7.33739432 ], [ 134.52810369, 7.33748416 ], [ 134.52823844, 7.33748416 ], [ 134.52823844, 7.33752907 ], [ 134.52828335, 7.33752907 ], [ 134.52828335, 7.33748416 ], [ 134.528373179999988, 7.33748416 ], [ 134.528373179999988, 7.3376189 ], [ 134.52832827, 7.3376189 ], [ 134.52832827, 7.33766382 ], [ 134.52828335, 7.33766382 ], [ 134.52828335, 7.33770874 ], [ 134.528373179999988, 7.33770874 ], [ 134.528373179999988, 7.33766382 ], [ 134.52846301, 7.33766382 ], [ 134.52846301, 7.3376189 ], [ 134.528507929999989, 7.3376189 ], [ 134.528507929999989, 7.33757399 ], [ 134.528552850000011, 7.33757399 ], [ 134.528552850000011, 7.33752907 ], [ 134.52859776, 7.33752907 ], [ 134.52859776, 7.3376189 ], [ 134.528552850000011, 7.3376189 ], [ 134.528552850000011, 7.33766382 ], [ 134.52859776, 7.33766382 ], [ 134.52859776, 7.33770874 ], [ 134.528552850000011, 7.33770874 ], [ 134.528552850000011, 7.33779857 ], [ 134.52864268, 7.33779857 ], [ 134.52864268, 7.33784348 ], [ 134.52877743, 7.33784348 ], [ 134.52877743, 7.3378884 ], [ 134.52882234, 7.3378884 ], [ 134.52882234, 7.33779857 ], [ 134.52877743, 7.33779857 ], [ 134.52877743, 7.33775365 ], [ 134.52873251, 7.33775365 ], [ 134.52873251, 7.3376189 ], [ 134.52868759, 7.3376189 ], [ 134.52868759, 7.33752907 ], [ 134.52873251, 7.33752907 ], [ 134.52873251, 7.33757399 ], [ 134.52886726, 7.33757399 ], [ 134.52886726, 7.33752907 ], [ 134.529002, 7.33752907 ], [ 134.529002, 7.33757399 ], [ 134.52922658, 7.33757399 ], [ 134.52922658, 7.33743924 ], [ 134.5292715, 7.33743924 ], [ 134.5292715, 7.33748416 ], [ 134.52931641, 7.33748416 ], [ 134.52931641, 7.33752907 ], [ 134.52936133, 7.33752907 ], [ 134.52936133, 7.33757399 ], [ 134.52931641, 7.33757399 ], [ 134.52931641, 7.3376189 ], [ 134.5292715, 7.3376189 ], [ 134.5292715, 7.33770874 ], [ 134.52931641, 7.33770874 ], [ 134.52931641, 7.33775365 ], [ 134.52940625, 7.33775365 ], [ 134.52940625, 7.33784348 ], [ 134.52949608, 7.33784348 ], [ 134.52949608, 7.33770874 ], [ 134.52958591, 7.33770874 ], [ 134.52958591, 7.33775365 ], [ 134.529540989999987, 7.33775365 ], [ 134.529540989999987, 7.33779857 ], [ 134.52963082, 7.33779857 ], [ 134.52963082, 7.3378884 ], [ 134.52972066000001, 7.3378884 ], [ 134.52972066000001, 7.33784348 ], [ 134.529675739999988, 7.33784348 ], [ 134.529675739999988, 7.33775365 ], [ 134.52972066000001, 7.33775365 ], [ 134.52972066000001, 7.33779857 ], [ 134.529810489999988, 7.33779857 ], [ 134.529810489999988, 7.33752907 ], [ 134.52990032, 7.33752907 ], [ 134.52990032, 7.33748416 ], [ 134.529810489999988, 7.33748416 ], [ 134.529810489999988, 7.33743924 ], [ 134.52976557, 7.33743924 ], [ 134.52976557, 7.33734941 ], [ 134.5298554, 7.33734941 ], [ 134.5298554, 7.33725958 ], [ 134.529810489999988, 7.33725958 ], [ 134.529810489999988, 7.33716975 ], [ 134.5298554, 7.33716975 ], [ 134.5298554, 7.33707991 ], [ 134.529810489999988, 7.33707991 ], [ 134.529810489999988, 7.33699008 ], [ 134.52976557, 7.33699008 ], [ 134.52976557, 7.33694517 ], [ 134.52972066000001, 7.33694517 ], [ 134.52972066000001, 7.33690025 ], [ 134.529675739999988, 7.33690025 ], [ 134.529675739999988, 7.33685534 ], [ 134.52963082, 7.33685534 ], [ 134.52963082, 7.33681042 ], [ 134.52949608, 7.33681042 ], [ 134.52949608, 7.3367655 ], [ 134.529540989999987, 7.3367655 ], [ 134.529540989999987, 7.33672059 ], [ 134.52958591, 7.33672059 ], [ 134.52958591, 7.3367655 ], [ 134.52972066000001, 7.3367655 ], [ 134.52972066000001, 7.33672059 ], [ 134.52976557, 7.33672059 ], [ 134.52976557, 7.3367655 ], [ 134.529810489999988, 7.3367655 ], [ 134.529810489999988, 7.33681042 ], [ 134.5298554, 7.33681042 ], [ 134.5298554, 7.33685534 ], [ 134.52990032, 7.33685534 ], [ 134.52990032, 7.33667567 ], [ 134.530079980000011, 7.33667567 ], [ 134.530079980000011, 7.33672059 ], [ 134.5301249, 7.33672059 ], [ 134.5301249, 7.3367655 ], [ 134.53025965, 7.3367655 ], [ 134.53025965, 7.33672059 ], [ 134.530214730000012, 7.33672059 ], [ 134.530214730000012, 7.33658584 ], [ 134.53030456, 7.33658584 ], [ 134.53030456, 7.33654093 ], [ 134.530349480000012, 7.33654093 ], [ 134.530349480000012, 7.33649601 ], [ 134.53025965, 7.33649601 ], [ 134.53025965, 7.33654093 ], [ 134.53016981, 7.33654093 ], [ 134.53016981, 7.33636126 ], [ 134.5301249, 7.33636126 ], [ 134.5301249, 7.33622652 ], [ 134.53016981, 7.33622652 ], [ 134.53016981, 7.33627143 ], [ 134.530214730000012, 7.33627143 ], [ 134.530214730000012, 7.33636126 ], [ 134.53030456, 7.33636126 ], [ 134.53030456, 7.33627143 ], [ 134.53025965, 7.33627143 ], [ 134.53025965, 7.33613668 ], [ 134.530214730000012, 7.33613668 ], [ 134.530214730000012, 7.33609177 ], [ 134.53016981, 7.33609177 ], [ 134.53016981, 7.33600194 ], [ 134.53003507, 7.33600194 ], [ 134.53003507, 7.33604685 ], [ 134.52999015, 7.33604685 ], [ 134.52999015, 7.33613668 ], [ 134.53003507, 7.33613668 ], [ 134.53003507, 7.33622652 ], [ 134.52999015, 7.33622652 ], [ 134.52999015, 7.33627143 ], [ 134.52994523000001, 7.33627143 ], [ 134.52994523000001, 7.33631635 ], [ 134.52976557, 7.33631635 ], [ 134.52976557, 7.33636126 ], [ 134.529810489999988, 7.33636126 ], [ 134.529810489999988, 7.33640618 ], [ 134.52990032, 7.33640618 ], [ 134.52990032, 7.33636126 ], [ 134.52994523000001, 7.33636126 ], [ 134.52994523000001, 7.33640618 ], [ 134.52999015, 7.33640618 ], [ 134.52999015, 7.33645109 ], [ 134.53003507, 7.33645109 ], [ 134.53003507, 7.33654093 ], [ 134.530079980000011, 7.33654093 ], [ 134.530079980000011, 7.33658584 ], [ 134.5301249, 7.33658584 ], [ 134.5301249, 7.33663076 ], [ 134.53003507, 7.33663076 ], [ 134.53003507, 7.33658584 ], [ 134.52994523000001, 7.33658584 ], [ 134.52994523000001, 7.33654093 ], [ 134.52990032, 7.33654093 ], [ 134.52990032, 7.33645109 ], [ 134.52976557, 7.33645109 ], [ 134.52976557, 7.33654093 ], [ 134.5298554, 7.33654093 ], [ 134.5298554, 7.33663076 ], [ 134.529810489999988, 7.33663076 ], [ 134.529810489999988, 7.33667567 ], [ 134.52976557, 7.33667567 ], [ 134.52976557, 7.33663076 ], [ 134.52972066000001, 7.33663076 ], [ 134.52972066000001, 7.33649601 ], [ 134.529675739999988, 7.33649601 ], [ 134.529675739999988, 7.33658584 ], [ 134.52958591, 7.33658584 ], [ 134.52958591, 7.33645109 ], [ 134.529540989999987, 7.33645109 ], [ 134.529540989999987, 7.33649601 ], [ 134.52949608, 7.33649601 ], [ 134.52949608, 7.33654093 ], [ 134.52945116, 7.33654093 ], [ 134.52945116, 7.33658584 ], [ 134.52949608, 7.33658584 ], [ 134.52949608, 7.33667567 ], [ 134.52945116, 7.33667567 ], [ 134.52945116, 7.33672059 ], [ 134.52936133, 7.33672059 ], [ 134.52936133, 7.3367655 ], [ 134.52940625, 7.3367655 ], [ 134.52940625, 7.33685534 ], [ 134.52945116, 7.33685534 ], [ 134.52945116, 7.33694517 ], [ 134.52940625, 7.33694517 ], [ 134.52940625, 7.337035 ], [ 134.52945116, 7.337035 ], [ 134.52945116, 7.33712483 ], [ 134.529540989999987, 7.33712483 ], [ 134.529540989999987, 7.33716975 ], [ 134.52949608, 7.33716975 ], [ 134.52949608, 7.33721466 ], [ 134.52945116, 7.33721466 ], [ 134.52945116, 7.33716975 ], [ 134.52940625, 7.33716975 ], [ 134.52940625, 7.33712483 ], [ 134.52936133, 7.33712483 ], [ 134.52936133, 7.33716975 ], [ 134.52931641, 7.33716975 ], [ 134.52931641, 7.33699008 ], [ 134.52936133, 7.33699008 ], [ 134.52936133, 7.33681042 ], [ 134.52931641, 7.33681042 ], [ 134.52931641, 7.33685534 ], [ 134.5292715, 7.33685534 ], [ 134.5292715, 7.33681042 ], [ 134.52922658, 7.33681042 ], [ 134.52922658, 7.3367655 ], [ 134.529181670000014, 7.3367655 ], [ 134.529181670000014, 7.33672059 ], [ 134.52909184, 7.33672059 ], [ 134.52909184, 7.33667567 ], [ 134.52913675, 7.33667567 ], [ 134.52913675, 7.33663076 ], [ 134.529181670000014, 7.33663076 ], [ 134.529181670000014, 7.33667567 ], [ 134.52931641, 7.33667567 ], [ 134.52931641, 7.33658584 ], [ 134.52922658, 7.33658584 ], [ 134.52922658, 7.33654093 ], [ 134.529181670000014, 7.33654093 ], [ 134.529181670000014, 7.33649601 ], [ 134.529046920000013, 7.33649601 ], [ 134.529046920000013, 7.33645109 ], [ 134.529002, 7.33645109 ], [ 134.529002, 7.33640618 ], [ 134.52895709, 7.33640618 ], [ 134.52895709, 7.33636126 ], [ 134.529002, 7.33636126 ], [ 134.529002, 7.33631635 ], [ 134.529046920000013, 7.33631635 ], [ 134.529046920000013, 7.33627143 ], [ 134.52877743, 7.33627143 ], [ 134.52877743, 7.33631635 ], [ 134.52873251, 7.33631635 ], [ 134.52873251, 7.33636126 ], [ 134.528912170000012, 7.33636126 ], [ 134.528912170000012, 7.33640618 ], [ 134.52886726, 7.33640618 ], [ 134.52886726, 7.33645109 ], [ 134.52868759, 7.33645109 ], [ 134.52868759, 7.33649601 ], [ 134.52873251, 7.33649601 ], [ 134.52873251, 7.33658584 ], [ 134.52877743, 7.33658584 ], [ 134.52877743, 7.33667567 ], [ 134.52859776, 7.33667567 ], [ 134.52859776, 7.33663076 ], [ 134.528552850000011, 7.33663076 ], [ 134.528552850000011, 7.33645109 ], [ 134.528507929999989, 7.33645109 ], [ 134.528507929999989, 7.33636126 ], [ 134.528373179999988, 7.33636126 ], [ 134.528373179999988, 7.33631635 ], [ 134.52832827, 7.33631635 ], [ 134.52832827, 7.33627143 ], [ 134.52823844, 7.33627143 ], [ 134.52823844, 7.3361816 ], [ 134.52828335, 7.3361816 ], [ 134.52828335, 7.33613668 ], [ 134.52846301, 7.33613668 ], [ 134.52846301, 7.33604685 ], [ 134.528507929999989, 7.33604685 ], [ 134.528507929999989, 7.33568753 ], [ 134.528013859999987, 7.33568753 ], [ 134.528013859999987, 7.33573244 ], [ 134.52796894, 7.33573244 ], [ 134.52796894, 7.33568753 ], [ 134.527744360000014, 7.33568753 ], [ 134.527744360000014, 7.33582227 ], [ 134.52769945, 7.33582227 ], [ 134.52769945, 7.33586719 ], [ 134.52760962, 7.33586719 ], [ 134.52760962, 7.33568753 ], [ 134.52698079000001, 7.33568753 ], [ 134.52698079000001, 7.3359121 ], [ 134.527115540000011, 7.3359121 ], [ 134.527115540000011, 7.33586719 ], [ 134.52720537, 7.33586719 ], [ 134.52720537, 7.3359121 ], [ 134.5272952, 7.3359121 ], [ 134.5272952, 7.33586719 ], [ 134.52734012, 7.33586719 ], [ 134.52734012, 7.33582227 ], [ 134.527385040000013, 7.33582227 ], [ 134.527385040000013, 7.33586719 ], [ 134.52742995, 7.33586719 ], [ 134.52742995, 7.3359121 ], [ 134.527385040000013, 7.3359121 ], [ 134.527385040000013, 7.33595702 ], [ 134.52734012, 7.33595702 ], [ 134.52734012, 7.33600194 ], [ 134.52742995, 7.33600194 ], [ 134.52742995, 7.33604685 ], [ 134.527385040000013, 7.33604685 ], [ 134.527385040000013, 7.33613668 ], [ 134.52742995, 7.33613668 ], [ 134.52742995, 7.3361816 ], [ 134.527385040000013, 7.3361816 ], [ 134.527385040000013, 7.33622652 ], [ 134.52734012, 7.33622652 ], [ 134.52734012, 7.33636126 ], [ 134.5272952, 7.33636126 ], [ 134.5272952, 7.33640618 ], [ 134.52742995, 7.33640618 ], [ 134.52742995, 7.33636126 ], [ 134.52747487, 7.33636126 ], [ 134.52747487, 7.33631635 ], [ 134.52751978, 7.33631635 ], [ 134.52751978, 7.33627143 ], [ 134.5275647, 7.33627143 ], [ 134.5275647, 7.33622652 ], [ 134.52765453, 7.33622652 ], [ 134.52765453, 7.33627143 ], [ 134.527744360000014, 7.33627143 ], [ 134.527744360000014, 7.33631635 ], [ 134.52783419, 7.33631635 ], [ 134.52783419, 7.33640618 ], [ 134.52792403, 7.33640618 ], [ 134.52792403, 7.33645109 ], [ 134.528013859999987, 7.33645109 ], [ 134.528013859999987, 7.33649601 ], [ 134.52805877, 7.33649601 ], [ 134.52805877, 7.33654093 ], [ 134.52810369, 7.33654093 ], [ 134.52810369, 7.33658584 ], [ 134.5281486, 7.33658584 ], [ 134.5281486, 7.33663076 ], [ 134.52819352, 7.33663076 ], [ 134.52819352, 7.33667567 ], [ 134.52823844, 7.33667567 ], [ 134.52823844, 7.33672059 ], [ 134.52828335, 7.33672059 ], [ 134.52828335, 7.3367655 ], [ 134.528373179999988, 7.3367655 ], [ 134.528373179999988, 7.33681042 ], [ 134.528507929999989, 7.33681042 ], [ 134.528507929999989, 7.33685534 ], [ 134.52882234, 7.33685534 ], [ 134.52882234, 7.33690025 ], [ 134.52886726, 7.33690025 ], [ 134.52886726, 7.33694517 ], [ 134.528912170000012, 7.33694517 ], [ 134.528912170000012, 7.33699008 ], [ 134.52895709, 7.33699008 ], [ 134.52895709, 7.337035 ], [ 134.529002, 7.337035 ], [ 134.529002, 7.33707991 ], [ 134.529046920000013, 7.33707991 ], [ 134.529046920000013, 7.33712483 ], [ 134.529181670000014, 7.33712483 ], [ 134.529181670000014, 7.33716975 ], [ 134.52922658, 7.33716975 ], [ 134.52922658, 7.33725958 ], [ 134.52909184, 7.33725958 ], [ 134.52909184, 7.33721466 ], [ 134.528912170000012, 7.33721466 ], [ 134.528912170000012, 7.33716975 ], [ 134.52882234, 7.33716975 ], [ 134.52882234, 7.33721466 ], [ 134.52877743, 7.33721466 ], [ 134.52877743, 7.33725958 ], [ 134.52868759, 7.33725958 ], [ 134.52868759, 7.33730449 ], [ 134.52864268, 7.33730449 ], [ 134.52864268, 7.33734941 ], [ 134.528507929999989, 7.33734941 ], [ 134.528507929999989, 7.33730449 ], [ 134.52846301, 7.33730449 ], [ 134.52846301, 7.33725958 ], [ 134.52841810000001, 7.33725958 ], [ 134.52841810000001, 7.33721466 ], [ 134.528373179999988, 7.33721466 ], [ 134.528373179999988, 7.33716975 ], [ 134.52832827, 7.33716975 ], [ 134.52832827, 7.33707991 ], [ 134.52828335, 7.33707991 ], [ 134.52828335, 7.337035 ], [ 134.52823844, 7.337035 ], [ 134.52823844, 7.33699008 ], [ 134.52819352, 7.33699008 ], [ 134.52819352, 7.33694517 ], [ 134.52810369, 7.33694517 ], [ 134.52810369, 7.33685534 ], [ 134.52805877, 7.33685534 ], [ 134.52805877, 7.3367655 ], [ 134.52796894, 7.3367655 ], [ 134.52796894, 7.33681042 ], [ 134.527744360000014, 7.33681042 ], [ 134.527744360000014, 7.33690025 ], [ 134.52760962, 7.33690025 ], [ 134.52760962, 7.33716975 ], [ 134.5275647, 7.33716975 ], [ 134.5275647, 7.33721466 ], [ 134.52769945, 7.33721466 ], [ 134.52769945, 7.33716975 ], [ 134.527744360000014, 7.33716975 ], [ 134.527744360000014, 7.33707991 ], [ 134.52783419, 7.33707991 ], [ 134.52783419, 7.33716975 ], [ 134.527879109999986, 7.33716975 ], [ 134.527879109999986, 7.33712483 ], [ 134.52792403, 7.33712483 ], [ 134.52792403, 7.33690025 ], [ 134.528013859999987, 7.33690025 ], [ 134.528013859999987, 7.33694517 ], [ 134.52796894, 7.33694517 ], [ 134.52796894, 7.33707991 ], [ 134.528013859999987, 7.33707991 ], [ 134.528013859999987, 7.33716975 ], [ 134.52796894, 7.33716975 ], [ 134.52796894, 7.33725958 ], [ 134.528013859999987, 7.33725958 ], [ 134.528013859999987, 7.33734941 ], [ 134.52796894, 7.33734941 ], [ 134.52796894, 7.33748416 ], [ 134.52792403, 7.33748416 ], [ 134.52792403, 7.33752907 ], [ 134.527879109999986, 7.33752907 ], [ 134.527879109999986, 7.33748416 ], [ 134.52783419, 7.33748416 ], [ 134.52783419, 7.33743924 ], [ 134.527744360000014, 7.33743924 ], [ 134.527744360000014, 7.33748416 ], [ 134.52769945, 7.33748416 ], [ 134.52769945, 7.33752907 ], [ 134.52760962, 7.33752907 ], [ 134.52760962, 7.33739432 ], [ 134.5275647, 7.33739432 ], [ 134.5275647, 7.33752907 ], [ 134.52751978, 7.33752907 ], [ 134.52751978, 7.33757399 ], [ 134.52765453, 7.33757399 ], [ 134.52765453, 7.3376189 ], [ 134.52769945, 7.3376189 ], [ 134.52769945, 7.33766382 ], [ 134.52765453, 7.33766382 ], [ 134.52765453, 7.33775365 ], [ 134.527744360000014, 7.33775365 ], [ 134.527744360000014, 7.33779857 ], [ 134.52778928, 7.33779857 ], [ 134.52778928, 7.33784348 ], [ 134.52783419, 7.33784348 ], [ 134.52783419, 7.3378884 ], [ 134.527879109999986, 7.3378884 ], [ 134.527879109999986, 7.33793331 ], [ 134.52783419, 7.33793331 ], [ 134.52783419, 7.33806806 ], [ 134.52765453, 7.33806806 ], [ 134.52765453, 7.33824772 ], [ 134.52783419, 7.33824772 ], [ 134.52783419, 7.33815789 ], [ 134.528013859999987, 7.33815789 ], [ 134.528013859999987, 7.33793331 ] ], [ [ 134.52823844, 7.33811298 ], [ 134.52823844, 7.33797823 ], [ 134.52828335, 7.33797823 ], [ 134.52828335, 7.33793331 ], [ 134.52832827, 7.33793331 ], [ 134.52832827, 7.33806806 ], [ 134.52828335, 7.33806806 ], [ 134.52828335, 7.33811298 ], [ 134.52823844, 7.33811298 ] ], [ [ 134.52810369, 7.33775365 ], [ 134.52805877, 7.33775365 ], [ 134.52805877, 7.33770874 ], [ 134.52810369, 7.33770874 ], [ 134.52810369, 7.33775365 ] ], [ [ 134.53016981, 7.33613668 ], [ 134.5301249, 7.33613668 ], [ 134.5301249, 7.33609177 ], [ 134.53016981, 7.33609177 ], [ 134.53016981, 7.33613668 ] ], [ [ 134.52945116, 7.33699008 ], [ 134.52949608, 7.33699008 ], [ 134.52949608, 7.337035 ], [ 134.52945116, 7.337035 ], [ 134.52945116, 7.33699008 ] ], [ [ 134.528373179999988, 7.33645109 ], [ 134.52832827, 7.33645109 ], [ 134.52832827, 7.33636126 ], [ 134.528373179999988, 7.33636126 ], [ 134.528373179999988, 7.33645109 ] ], [ [ 134.52823844, 7.33707991 ], [ 134.52819352, 7.33707991 ], [ 134.52819352, 7.337035 ], [ 134.52823844, 7.337035 ], [ 134.52823844, 7.33707991 ] ], [ [ 134.52819352, 7.33712483 ], [ 134.5281486, 7.33712483 ], [ 134.5281486, 7.33707991 ], [ 134.52819352, 7.33707991 ], [ 134.52819352, 7.33712483 ] ], [ [ 134.52778928, 7.33770874 ], [ 134.527744360000014, 7.33770874 ], [ 134.527744360000014, 7.33766382 ], [ 134.52778928, 7.33766382 ], [ 134.52778928, 7.3376189 ], [ 134.52792403, 7.3376189 ], [ 134.52792403, 7.33770874 ], [ 134.527879109999986, 7.33770874 ], [ 134.527879109999986, 7.33775365 ], [ 134.52792403, 7.33775365 ], [ 134.52792403, 7.33779857 ], [ 134.52778928, 7.33779857 ], [ 134.52778928, 7.33770874 ] ], [ [ 134.52805877, 7.33631635 ], [ 134.52805877, 7.33627143 ], [ 134.52810369, 7.33627143 ], [ 134.52810369, 7.33631635 ], [ 134.52805877, 7.33631635 ] ], [ [ 134.52823844, 7.33631635 ], [ 134.52828335, 7.33631635 ], [ 134.52828335, 7.33636126 ], [ 134.52823844, 7.33636126 ], [ 134.52823844, 7.33640618 ], [ 134.5281486, 7.33640618 ], [ 134.5281486, 7.33636126 ], [ 134.52810369, 7.33636126 ], [ 134.52810369, 7.33631635 ], [ 134.52823844, 7.33631635 ] ], [ [ 134.527879109999986, 7.33811298 ], [ 134.527879109999986, 7.33806806 ], [ 134.52792403, 7.33806806 ], [ 134.52792403, 7.33811298 ], [ 134.527879109999986, 7.33811298 ] ], [ [ 134.52783419, 7.33600194 ], [ 134.52783419, 7.3359121 ], [ 134.52778928, 7.3359121 ], [ 134.52778928, 7.33582227 ], [ 134.527879109999986, 7.33582227 ], [ 134.527879109999986, 7.33577736 ], [ 134.52792403, 7.33577736 ], [ 134.52792403, 7.33586719 ], [ 134.528013859999987, 7.33586719 ], [ 134.528013859999987, 7.33582227 ], [ 134.52805877, 7.33582227 ], [ 134.52805877, 7.33586719 ], [ 134.52819352, 7.33586719 ], [ 134.52819352, 7.3359121 ], [ 134.5281486, 7.3359121 ], [ 134.5281486, 7.33595702 ], [ 134.52805877, 7.33595702 ], [ 134.52805877, 7.33604685 ], [ 134.528013859999987, 7.33604685 ], [ 134.528013859999987, 7.33600194 ], [ 134.52796894, 7.33600194 ], [ 134.52796894, 7.33595702 ], [ 134.527879109999986, 7.33595702 ], [ 134.527879109999986, 7.33600194 ], [ 134.52783419, 7.33600194 ] ], [ [ 134.52828335, 7.3359121 ], [ 134.52828335, 7.33582227 ], [ 134.52832827, 7.33582227 ], [ 134.52832827, 7.33586719 ], [ 134.528373179999988, 7.33586719 ], [ 134.528373179999988, 7.33600194 ], [ 134.52819352, 7.33600194 ], [ 134.52819352, 7.33595702 ], [ 134.52823844, 7.33595702 ], [ 134.52823844, 7.3359121 ], [ 134.52828335, 7.3359121 ] ], [ [ 134.528912170000012, 7.33654093 ], [ 134.528912170000012, 7.33667567 ], [ 134.52882234, 7.33667567 ], [ 134.52882234, 7.33658584 ], [ 134.52886726, 7.33658584 ], [ 134.52886726, 7.33654093 ], [ 134.528912170000012, 7.33654093 ] ], [ [ 134.52751978, 7.33600194 ], [ 134.52751978, 7.33595702 ], [ 134.5275647, 7.33595702 ], [ 134.5275647, 7.33600194 ], [ 134.52751978, 7.33600194 ] ], [ [ 134.529540989999987, 7.33699008 ], [ 134.529540989999987, 7.33690025 ], [ 134.52963082, 7.33690025 ], [ 134.52963082, 7.33699008 ], [ 134.529540989999987, 7.33699008 ] ], [ [ 134.52909184, 7.33694517 ], [ 134.52909184, 7.33681042 ], [ 134.52913675, 7.33681042 ], [ 134.52913675, 7.33694517 ], [ 134.52909184, 7.33694517 ] ], [ [ 134.529540989999987, 7.33734941 ], [ 134.529540989999987, 7.33730449 ], [ 134.52958591, 7.33730449 ], [ 134.52958591, 7.33734941 ], [ 134.529540989999987, 7.33734941 ] ], [ [ 134.52765453, 7.337035 ], [ 134.52765453, 7.33694517 ], [ 134.527744360000014, 7.33694517 ], [ 134.527744360000014, 7.337035 ], [ 134.52765453, 7.337035 ] ], [ [ 134.52716046, 7.33582227 ], [ 134.52716046, 7.33573244 ], [ 134.52720537, 7.33573244 ], [ 134.52720537, 7.33582227 ], [ 134.52716046, 7.33582227 ] ], [ [ 134.529002, 7.33748416 ], [ 134.529002, 7.33743924 ], [ 134.52909184, 7.33743924 ], [ 134.52909184, 7.33748416 ], [ 134.529002, 7.33748416 ] ] ] } },
{ "type": "Feature", "properties": { "id": "geomorphic_data_verbose.fid-75f8f034_1a0c1004d45_-5207", "class_name": "Deep Lagoon", "area_sqkm": 0.014706913071861956 }, "geometry": { "type": "Polygon", "coordinates": [ [ [ 134.526576549999987, 7.33806806 ], [ 134.526576549999987, 7.33802315 ], [ 134.52662147, 7.33802315 ], [ 134.52662147, 7.33797823 ], [ 134.52666638, 7.33797823 ], [ 134.52666638, 7.3378884 ], [ 134.52675622000001, 7.3378884 ], [ 134.52675622000001, 7.33779857 ], [ 134.526711299999988, 7.33779857 ], [ 134.526711299999988, 7.3376189 ], [ 134.52675622000001, 7.3376189 ], [ 134.52675622000001, 7.33757399 ], [ 134.52680113, 7.33757399 ], [ 134.52680113, 7.33752907 ], [ 134.52689096, 7.33752907 ], [ 134.52689096, 7.33743924 ], [ 134.526846049999989, 7.33743924 ], [ 134.526846049999989, 7.33739432 ], [ 134.52680113, 7.33739432 ], [ 134.52675622000001, 7.33739432 ], [ 134.52675622000001, 7.33730449 ], [ 134.52680113, 7.33730449 ], [ 134.52680113, 7.33725958 ], [ 134.526846049999989, 7.33725958 ], [ 134.526846049999989, 7.33734941 ], [ 134.52689096, 7.33734941 ], [ 134.52689096, 7.33739432 ], [ 134.52693588, 7.33739432 ], [ 134.52693588, 7.33743924 ], [ 134.52702571, 7.33743924 ], [ 134.52702571, 7.33739432 ], [ 134.52716046, 7.33739432 ], [ 134.52716046, 7.33734941 ], [ 134.52720537, 7.33734941 ], [ 134.52720537, 7.33730449 ], [ 134.527250290000012, 7.33730449 ], [ 134.527250290000012, 7.33734941 ], [ 134.5272952, 7.33734941 ], [ 134.52734012, 7.33734941 ], [ 134.52734012, 7.33748416 ], [ 134.52751978, 7.33748416 ], [ 134.52751978, 7.33739432 ], [ 134.5275647, 7.33739432 ], [ 134.5275647, 7.33730449 ], [ 134.52751978, 7.33730449 ], [ 134.52751978, 7.33734941 ], [ 134.52747487, 7.33734941 ], [ 134.52747487, 7.33739432 ], [ 134.527385040000013, 7.33739432 ], [ 134.527385040000013, 7.33730449 ], [ 134.52747487, 7.33730449 ], [ 134.52747487, 7.33725958 ], [ 134.52751978, 7.33725958 ], [ 134.52751978, 7.33716975 ], [ 134.5275647, 7.33716975 ], [ 134.5275647, 7.33712483 ], [ 134.52751978, 7.33712483 ], [ 134.52751978, 7.33707991 ], [ 134.52747487, 7.33707991 ], [ 134.52747487, 7.33716975 ], [ 134.52742995, 7.33716975 ], [ 134.52742995, 7.33721466 ], [ 134.52734012, 7.33721466 ], [ 134.52734012, 7.33716975 ], [ 134.5272952, 7.33716975 ], [ 134.5272952, 7.33712483 ], [ 134.527250290000012, 7.33712483 ], [ 134.527250290000012, 7.33707991 ], [ 134.52720537, 7.33707991 ], [ 134.52720537, 7.33694517 ], [ 134.52716046, 7.33694517 ], [ 134.527115540000011, 7.33694517 ], [ 134.527115540000011, 7.33690025 ], [ 134.52707063, 7.33690025 ], [ 134.52707063, 7.33685534 ], [ 134.52702571, 7.33685534 ], [ 134.52698079000001, 7.33685534 ], [ 134.52698079000001, 7.33681042 ], [ 134.52702571, 7.33681042 ], [ 134.52702571, 7.33672059 ], [ 134.52698079000001, 7.33672059 ], [ 134.52689096, 7.33672059 ], [ 134.52689096, 7.33667567 ], [ 134.526846049999989, 7.33667567 ], [ 134.526846049999989, 7.33685534 ], [ 134.52689096, 7.33685534 ], [ 134.52689096, 7.33690025 ], [ 134.52693588, 7.33690025 ], [ 134.52693588, 7.33707991 ], [ 134.52689096, 7.33707991 ], [ 134.52689096, 7.33716975 ], [ 134.526846049999989, 7.33716975 ], [ 134.526846049999989, 7.33712483 ], [ 134.52680113, 7.33712483 ], [ 134.52680113, 7.33707991 ], [ 134.52675622000001, 7.33707991 ], [ 134.52675622000001, 7.337035 ], [ 134.52680113, 7.337035 ], [ 134.52680113, 7.33694517 ], [ 134.52675622000001, 7.33694517 ], [ 134.52675622000001, 7.33690025 ], [ 134.52666638, 7.33690025 ], [ 134.52666638, 7.33694517 ], [ 134.52662147, 7.33694517 ], [ 134.52662147, 7.33690025 ], [ 134.526576549999987, 7.33690025 ], [ 134.526576549999987, 7.33681042 ], [ 134.52662147, 7.33681042 ], [ 134.52662147, 7.33667567 ], [ 134.52666638, 7.33667567 ], [ 134.52666638, 7.33663076 ], [ 134.52662147, 7.33663076 ], [ 134.52662147, 7.33636126 ], [ 134.52666638, 7.33636126 ], [ 134.52666638, 7.33631635 ], [ 134.526711299999988, 7.33631635 ], [ 134.526711299999988, 7.33613668 ], [ 134.52666638, 7.33613668 ], [ 134.52666638, 7.3361816 ], [ 134.526576549999987, 7.3361816 ], [ 134.526576549999987, 7.33622652 ], [ 134.52653164, 7.33622652 ], [ 134.52653164, 7.3361816 ], [ 134.52648672, 7.3361816 ], [ 134.52639689, 7.3361816 ], [ 134.52639689, 7.33613668 ], [ 134.52630706, 7.33613668 ], [ 134.52630706, 7.3361816 ], [ 134.52635197, 7.3361816 ], [ 134.52635197, 7.33622652 ], [ 134.52630706, 7.33622652 ], [ 134.52630706, 7.33627143 ], [ 134.52612739, 7.33627143 ], [ 134.52612739, 7.33631635 ], [ 134.52603756, 7.33631635 ], [ 134.52603756, 7.33627143 ], [ 134.52590282, 7.33627143 ], [ 134.52590282, 7.33636126 ], [ 134.525947730000013, 7.33636126 ], [ 134.525947730000013, 7.33645109 ], [ 134.52599265, 7.33645109 ], [ 134.52599265, 7.33667567 ], [ 134.52590282, 7.33667567 ], [ 134.52590282, 7.33663076 ], [ 134.5258579, 7.33663076 ], [ 134.525812980000012, 7.33663076 ], [ 134.525812980000012, 7.33658584 ], [ 134.52576807, 7.33658584 ], [ 134.52576807, 7.33667567 ], [ 134.525812980000012, 7.33667567 ], [ 134.525812980000012, 7.33672059 ], [ 134.5258579, 7.33672059 ], [ 134.52590282, 7.33672059 ], [ 134.52590282, 7.33681042 ], [ 134.525812980000012, 7.33681042 ], [ 134.525812980000012, 7.33690025 ], [ 134.5258579, 7.33690025 ], [ 134.5258579, 7.33699008 ], [ 134.52590282, 7.33699008 ], [ 134.52590282, 7.33716975 ], [ 134.525947730000013, 7.33716975 ], [ 134.525947730000013, 7.33725958 ], [ 134.52599265, 7.33725958 ], [ 134.52603756, 7.33725958 ], [ 134.52603756, 7.33730449 ], [ 134.526082480000014, 7.33730449 ], [ 134.526082480000014, 7.33725958 ], [ 134.52612739, 7.33725958 ], [ 134.52612739, 7.33721466 ], [ 134.52626214, 7.33721466 ], [ 134.52626214, 7.33725958 ], [ 134.52630706, 7.33725958 ], [ 134.52630706, 7.33716975 ], [ 134.52639689, 7.33716975 ], [ 134.52639689, 7.33712483 ], [ 134.52644181, 7.33712483 ], [ 134.52644181, 7.33707991 ], [ 134.52648672, 7.33707991 ], [ 134.52648672, 7.337035 ], [ 134.526576549999987, 7.337035 ], [ 134.526576549999987, 7.33707991 ], [ 134.52662147, 7.33707991 ], [ 134.52662147, 7.33716975 ], [ 134.526576549999987, 7.33716975 ], [ 134.526576549999987, 7.33730449 ], [ 134.52662147, 7.33730449 ], [ 134.52662147, 7.33734941 ], [ 134.52666638, 7.33734941 ], [ 134.526711299999988, 7.33734941 ], [ 134.526711299999988, 7.33739432 ], [ 134.52662147, 7.33739432 ], [ 134.52662147, 7.33748416 ], [ 134.526576549999987, 7.33748416 ], [ 134.526576549999987, 7.33743924 ], [ 134.52653164, 7.33743924 ], [ 134.52648672, 7.33743924 ], [ 134.52648672, 7.33739432 ], [ 134.52653164, 7.33739432 ], [ 134.52653164, 7.33730449 ], [ 134.52635197, 7.33730449 ], [ 134.52635197, 7.33734941 ], [ 134.52626214, 7.33734941 ], [ 134.52626214, 7.33739432 ], [ 134.52617231, 7.33739432 ], [ 134.52617231, 7.33743924 ], [ 134.52639689, 7.33743924 ], [ 134.52644181, 7.33743924 ], [ 134.52644181, 7.33752907 ], [ 134.52635197, 7.33752907 ], [ 134.52635197, 7.3376189 ], [ 134.52648672, 7.3376189 ], [ 134.52653164, 7.3376189 ], [ 134.52653164, 7.33766382 ], [ 134.52648672, 7.33766382 ], [ 134.52648672, 7.33770874 ], [ 134.52644181, 7.33770874 ], [ 134.52644181, 7.33779857 ], [ 134.52648672, 7.33779857 ], [ 134.52648672, 7.33784348 ], [ 134.52653164, 7.33784348 ], [ 134.526576549999987, 7.33784348 ], [ 134.526576549999987, 7.3378884 ], [ 134.52662147, 7.3378884 ], [ 134.52662147, 7.33793331 ], [ 134.52648672, 7.33793331 ], [ 134.52648672, 7.33797823 ], [ 134.52644181, 7.33797823 ], [ 134.52644181, 7.33806806 ], [ 134.526576549999987, 7.33806806 ] ], [ [ 134.52720537, 7.33721466 ], [ 134.52707063, 7.33721466 ], [ 134.52707063, 7.33712483 ], [ 134.52702571, 7.33712483 ], [ 134.52698079000001, 7.33712483 ], [ 134.52698079000001, 7.337035 ], [ 134.52702571, 7.337035 ], [ 134.52702571, 7.33707991 ], [ 134.52716046, 7.33707991 ], [ 134.52720537, 7.33707991 ], [ 134.52720537, 7.33721466 ] ], [ [ 134.52648672, 7.33690025 ], [ 134.52653164, 7.33690025 ], [ 134.52653164, 7.33694517 ], [ 134.52648672, 7.33694517 ], [ 134.52648672, 7.33690025 ] ], [ [ 134.527115540000011, 7.33699008 ], [ 134.52716046, 7.33699008 ], [ 134.52716046, 7.337035 ], [ 134.527115540000011, 7.337035 ], [ 134.527115540000011, 7.33699008 ] ], [ [ 134.52693588, 7.33730449 ], [ 134.52698079000001, 7.33730449 ], [ 134.52698079000001, 7.33725958 ], [ 134.52702571, 7.33725958 ], [ 134.52702571, 7.33730449 ], [ 134.52707063, 7.33730449 ], [ 134.52707063, 7.33734941 ], [ 134.52693588, 7.33734941 ], [ 134.52693588, 7.33730449 ] ], [ [ 134.52698079000001, 7.33690025 ], [ 134.52702571, 7.33690025 ], [ 134.52702571, 7.33694517 ], [ 134.52698079000001, 7.33694517 ], [ 134.52698079000001, 7.33690025 ] ], [ [ 134.52666638, 7.33748416 ], [ 134.526711299999988, 7.33748416 ], [ 134.526711299999988, 7.33757399 ], [ 134.52666638, 7.33757399 ], [ 134.52666638, 7.33748416 ] ], [ [ 134.52666638, 7.33712483 ], [ 134.526711299999988, 7.33712483 ], [ 134.526711299999988, 7.33716975 ], [ 134.52666638, 7.33716975 ], [ 134.52666638, 7.33712483 ] ] ] } },
{ "type": "Feature", "properties": { "id": "geomorphic_data_verbose.fid-75f8f034_1a0c1004d45_-55a0", "class_name": "Deep Lagoon", "area_sqkm": 0.0011578287555826829 }, "geometry": { "type": "Polygon", "coordinates": [ [ [ 134.527115540000011, 7.33797823 ], [ 134.527115540000011, 7.3378884 ], [ 134.5272952, 7.3378884 ], [ 134.5272952, 7.33766382 ], [ 134.52742995, 7.33766382 ], [ 134.52742995, 7.3376189 ], [ 134.527385040000013, 7.3376189 ], [ 134.527385040000013, 7.33757399 ], [ 134.52734012, 7.33757399 ], [ 134.52734012, 7.33748416 ], [ 134.527250290000012, 7.33748416 ], [ 134.527250290000012, 7.33770874 ], [ 134.52716046, 7.33770874 ], [ 134.52716046, 7.33752907 ], [ 134.527115540000011, 7.33752907 ], [ 134.527115540000011, 7.33757399 ], [ 134.52707063, 7.33757399 ], [ 134.52707063, 7.33766382 ], [ 134.52702571, 7.33766382 ], [ 134.52702571, 7.33770874 ], [ 134.52707063, 7.33770874 ], [ 134.52707063, 7.33775365 ], [ 134.527115540000011, 7.33775365 ], [ 134.527115540000011, 7.33779857 ], [ 134.52716046, 7.33779857 ], [ 134.52720537, 7.33779857 ], [ 134.52720537, 7.33784348 ], [ 134.52707063, 7.33784348 ], [ 134.52707063, 7.33779857 ], [ 134.52698079000001, 7.33779857 ], [ 134.52698079000001, 7.3378884 ], [ 134.52693588, 7.3378884 ], [ 134.52693588, 7.33793331 ], [ 134.52698079000001, 7.33793331 ], [ 134.52698079000001, 7.33797823 ], [ 134.527115540000011, 7.33797823 ] ] ] } },
{ "type": "Feature", "properties": { "id": "geomorphic_data_verbose.fid-75f8f034_1a0c1004d45_-59a6", "class_name": "Deep Lagoon", "area_sqkm": 0.00034488514085439967 }, "geometry": { "type": "Polygon", "coordinates": [ [ [ 134.52751978, 7.3378884 ], [ 134.52751978, 7.33784348 ], [ 134.5275647, 7.33784348 ], [ 134.5275647, 7.33779857 ], [ 134.52760962, 7.33779857 ], [ 134.52760962, 7.33770874 ], [ 134.5275647, 7.33770874 ], [ 134.5275647, 7.33766382 ], [ 134.52742995, 7.33766382 ], [ 134.52742995, 7.33779857 ], [ 134.52747487, 7.33779857 ], [ 134.52747487, 7.3378884 ], [ 134.52751978, 7.3378884 ] ] ] } },
{ "type": "Feature", "properties": { "id": "geomorphic_data_verbose.fid-75f8f034_1a0c1004d45_-527e", "class_name": "Deep Lagoon", "area_sqkm": 4.9270323280245063e-05 }, "geometry": { "type": "Polygon", "coordinates": [ [ [ 134.537041929999987, 7.32836626 ], [ 134.537041929999987, 7.32827642 ], [ 134.53699701, 7.32827642 ], [ 134.53699701, 7.32836626 ], [ 134.537041929999987, 7.32836626 ] ] ] } },
{ "type": "Feature", "properties": { "id": "geomorphic_data_verbose.fid-75f8f034_1a0c1004d45_-5c18", "class_name": "Deep Lagoon", "area_sqkm": 2.4635155562311412e-05 }, "geometry": { "type": "Polygon", "coordinates": [ [ [ 134.53699701, 7.32845609 ], [ 134.53699701, 7.32841117 ], [ 134.53695209, 7.32841117 ], [ 134.53695209, 7.32845609 ], [ 134.53699701, 7.32845609 ] ] ] } },
{ "type": "Feature", "properties": { "id": "geomorphic_data_verbose.fid-75f8f034_1a0c1004d45_-5698", "class_name": "Inner Reef Flat", "area_sqkm": 0.0020693525347532703 }, "geometry": { "type": "Polygon", "coordinates": [ [ [ 134.53708684, 7.32903999 ], [ 134.53708684, 7.3287705 ], [ 134.53713176, 7.3287705 ], [ 134.53713176, 7.32872558 ], [ 134.53717667, 7.32872558 ], [ 134.53717667, 7.32859084 ], [ 134.53722159, 7.32859084 ], [ 134.53722159, 7.32841117 ], [ 134.537266499999987, 7.32841117 ], [ 134.537266499999987, 7.32836626 ], [ 134.53735634, 7.32836626 ], [ 134.53735634, 7.32814168 ], [ 134.53731142, 7.32814168 ], [ 134.537266499999987, 7.32814168 ], [ 134.537266499999987, 7.32818659 ], [ 134.53722159, 7.32818659 ], [ 134.53722159, 7.32823151 ], [ 134.53717667, 7.32823151 ], [ 134.53717667, 7.32827642 ], [ 134.53713176, 7.32827642 ], [ 134.53713176, 7.32832134 ], [ 134.53708684, 7.32832134 ], [ 134.53708684, 7.32836626 ], [ 134.53699701, 7.32836626 ], [ 134.53699701, 7.328501 ], [ 134.53695209, 7.328501 ], [ 134.53695209, 7.32863575 ], [ 134.536907179999986, 7.32863575 ], [ 134.536907179999986, 7.3287705 ], [ 134.53695209, 7.3287705 ], [ 134.53695209, 7.32890525 ], [ 134.53699701, 7.32890525 ], [ 134.53699701, 7.32899508 ], [ 134.537041929999987, 7.32899508 ], [ 134.537041929999987, 7.32903999 ], [ 134.53708684, 7.32903999 ] ] ] } },
{ "type": "Feature", "properties": { "id": "geomorphic_data_verbose.fid-75f8f034_1a0c1004d45_-57dd", "class_name": "Deep Lagoon", "area_sqkm": 2.4635145872831345e-05 }, "geometry": { "type": "Polygon", "coordinates": [ [ [ 134.53695209, 7.32863575 ], [ 134.53695209, 7.32859084 ], [ 134.536907179999986, 7.32859084 ], [ 134.536907179999986, 7.32863575 ], [ 134.53695209, 7.32863575 ] ] ] } },
{ "type": "Feature", "properties": { "id": "geomorphic_data_verbose.fid-75f8f034_1a0c1004d45_-5ce0", "class_name": "Deep Lagoon", "area_sqkm": 0.022097712788634934 }, "geometry": { "type": "Polygon", "coordinates": [ [ [ 134.536637680000013, 7.32998322 ], [ 134.536637680000013, 7.32993831 ], [ 134.5366826, 7.32993831 ], [ 134.5366826, 7.32984848 ], [ 134.536772430000013, 7.32984848 ], [ 134.536772430000013, 7.32980356 ], [ 134.53681735, 7.32980356 ], [ 134.53681735, 7.32971373 ], [ 134.537041929999987, 7.32971373 ], [ 134.537041929999987, 7.32966881 ], [ 134.53708684, 7.32966881 ], [ 134.53708684, 7.32903999 ], [ 134.537041929999987, 7.32903999 ], [ 134.537041929999987, 7.32899508 ], [ 134.53699701, 7.32899508 ], [ 134.53699701, 7.32890525 ], [ 134.53695209, 7.32890525 ], [ 134.53695209, 7.3287705 ], [ 134.536907179999986, 7.3287705 ], [ 134.536907179999986, 7.32863575 ], [ 134.53686226, 7.32863575 ], [ 134.53686226, 7.32868067 ], [ 134.53681735, 7.32868067 ], [ 134.53681735, 7.32872558 ], [ 134.536772430000013, 7.32872558 ], [ 134.536772430000013, 7.3287705 ], [ 134.5366826, 7.3287705 ], [ 134.5366826, 7.32886033 ], [ 134.536637680000013, 7.32886033 ], [ 134.536637680000013, 7.32881541 ], [ 134.53659277, 7.32881541 ], [ 134.53654785, 7.32881541 ], [ 134.53654785, 7.32868067 ], [ 134.53659277, 7.32868067 ], [ 134.53659277, 7.32863575 ], [ 134.536637680000013, 7.32863575 ], [ 134.536637680000013, 7.32859084 ], [ 134.5366826, 7.32859084 ], [ 134.5366826, 7.32854592 ], [ 134.53672752, 7.32854592 ], [ 134.53672752, 7.328501 ], [ 134.53681735, 7.328501 ], [ 134.53681735, 7.32845609 ], [ 134.53686226, 7.32845609 ], [ 134.53686226, 7.32841117 ], [ 134.536907179999986, 7.32841117 ], [ 134.536907179999986, 7.32836626 ], [ 134.53695209, 7.32836626 ], [ 134.53695209, 7.32827642 ], [ 134.536907179999986, 7.32827642 ], [ 134.536907179999986, 7.32823151 ], [ 134.53686226, 7.32823151 ], [ 134.53686226, 7.32818659 ], [ 134.53681735, 7.32818659 ], [ 134.53681735, 7.32809676 ], [ 134.53686226, 7.32809676 ], [ 134.53686226, 7.32805185 ], [ 134.536907179999986, 7.32805185 ], [ 134.536907179999986, 7.32800693 ], [ 134.53695209, 7.32800693 ], [ 134.53695209, 7.32782727 ], [ 134.53699701, 7.32782727 ], [ 134.53699701, 7.32778235 ], [ 134.53695209, 7.32778235 ], [ 134.53695209, 7.32773744 ], [ 134.536907179999986, 7.32773744 ], [ 134.536907179999986, 7.32782727 ], [ 134.53686226, 7.32782727 ], [ 134.53686226, 7.32787218 ], [ 134.53681735, 7.32787218 ], [ 134.53681735, 7.3279171 ], [ 134.536772430000013, 7.3279171 ], [ 134.536772430000013, 7.32782727 ], [ 134.53681735, 7.32782727 ], [ 134.53681735, 7.32773744 ], [ 134.536772430000013, 7.32773744 ], [ 134.53672752, 7.32773744 ], [ 134.53672752, 7.32769252 ], [ 134.5366826, 7.32769252 ], [ 134.5366826, 7.32773744 ], [ 134.53659277, 7.32773744 ], [ 134.53659277, 7.32778235 ], [ 134.536637680000013, 7.32778235 ], [ 134.536637680000013, 7.32782727 ], [ 134.53654785, 7.32782727 ], [ 134.53654785, 7.32778235 ], [ 134.53650294, 7.32778235 ], [ 134.53650294, 7.32769252 ], [ 134.53654785, 7.32769252 ], [ 134.53654785, 7.32755777 ], [ 134.53659277, 7.32755777 ], [ 134.53659277, 7.32751286 ], [ 134.5366826, 7.32751286 ], [ 134.5366826, 7.32746794 ], [ 134.536637680000013, 7.32746794 ], [ 134.536637680000013, 7.32742303 ], [ 134.53659277, 7.32742303 ], [ 134.53659277, 7.32746794 ], [ 134.53654785, 7.32746794 ], [ 134.53654785, 7.32751286 ], [ 134.53650294, 7.32751286 ], [ 134.53650294, 7.32746794 ], [ 134.53645802, 7.32746794 ], [ 134.53645802, 7.32742303 ], [ 134.5364131, 7.32742303 ], [ 134.5364131, 7.32746794 ], [ 134.53636819, 7.32746794 ], [ 134.53636819, 7.32760269 ], [ 134.53632327, 7.32760269 ], [ 134.53632327, 7.3276476 ], [ 134.53636819, 7.3276476 ], [ 134.53636819, 7.32778235 ], [ 134.53632327, 7.32778235 ], [ 134.53632327, 7.32773744 ], [ 134.536278360000011, 7.32773744 ], [ 134.536278360000011, 7.32769252 ], [ 134.536143610000011, 7.32769252 ], [ 134.536143610000011, 7.32778235 ], [ 134.53618853, 7.32778235 ], [ 134.53618853, 7.32782727 ], [ 134.53623344, 7.32782727 ], [ 134.53623344, 7.32787218 ], [ 134.536278360000011, 7.32787218 ], [ 134.536278360000011, 7.32796201 ], [ 134.53623344, 7.32796201 ], [ 134.53623344, 7.32805185 ], [ 134.536278360000011, 7.32805185 ], [ 134.536278360000011, 7.32809676 ], [ 134.53632327, 7.32809676 ], [ 134.53632327, 7.32814168 ], [ 134.53636819, 7.32814168 ], [ 134.53636819, 7.32818659 ], [ 134.536278360000011, 7.32818659 ], [ 134.536278360000011, 7.32823151 ], [ 134.53632327, 7.32823151 ], [ 134.53632327, 7.32827642 ], [ 134.536278360000011, 7.32827642 ], [ 134.536278360000011, 7.32832134 ], [ 134.53623344, 7.32832134 ], [ 134.53623344, 7.32854592 ], [ 134.536278360000011, 7.32854592 ], [ 134.536278360000011, 7.32863575 ], [ 134.536143610000011, 7.32863575 ], [ 134.536143610000011, 7.32859084 ], [ 134.536098689999989, 7.32859084 ], [ 134.536098689999989, 7.32863575 ], [ 134.53605378, 7.32863575 ], [ 134.53605378, 7.32872558 ], [ 134.53600886000001, 7.32872558 ], [ 134.53600886000001, 7.3287705 ], [ 134.535874119999988, 7.3287705 ], [ 134.535874119999988, 7.32890525 ], [ 134.53591903, 7.32890525 ], [ 134.53591903, 7.32899508 ], [ 134.53596395, 7.32899508 ], [ 134.53596395, 7.32903999 ], [ 134.53600886000001, 7.32903999 ], [ 134.53600886000001, 7.32912982 ], [ 134.53605378, 7.32912982 ], [ 134.53605378, 7.32953407 ], [ 134.536098689999989, 7.32953407 ], [ 134.536098689999989, 7.3296239 ], [ 134.536143610000011, 7.3296239 ], [ 134.536143610000011, 7.32989339 ], [ 134.536098689999989, 7.32989339 ], [ 134.536098689999989, 7.32993831 ], [ 134.53605378, 7.32993831 ], [ 134.53605378, 7.32998322 ], [ 134.536637680000013, 7.32998322 ] ], [ [ 134.53695209, 7.32944423 ], [ 134.53699701, 7.32944423 ], [ 134.53699701, 7.32948915 ], [ 134.53695209, 7.32948915 ], [ 134.53695209, 7.32944423 ] ], [ [ 134.53681735, 7.32908491 ], [ 134.53686226, 7.32908491 ], [ 134.53686226, 7.32912982 ], [ 134.53681735, 7.32912982 ], [ 134.53681735, 7.32908491 ] ] ] } },
{ "type": "Feature", "properties": { "id": "geomorphic_data_verbose.fid-75f8f034_1a0c1004d45_-532b", "class_name": "Deep Lagoon", "area_sqkm": 0.066539452452507336 }, "geometry": { "type": "Polygon", "coordinates": [ [ [ 134.53340375, 7.33146544 ], [ 134.53344866, 7.33146544 ], [ 134.53344866, 7.33142053 ], [ 134.53349358, 7.33142053 ], [ 134.53349358, 7.33146544 ], [ 134.5335385, 7.33146544 ], [ 134.5335385, 7.33142053 ], [ 134.53358341, 7.33142053 ], [ 134.53358341, 7.33146544 ], [ 134.533673240000013, 7.33146544 ], [ 134.533673240000013, 7.33142053 ], [ 134.53385291, 7.33142053 ], [ 134.53385291, 7.33124087 ], [ 134.533807990000014, 7.33124087 ], [ 134.533807990000014, 7.33115103 ], [ 134.53385291, 7.33115103 ], [ 134.53385291, 7.33061204 ], [ 134.533942739999986, 7.33061204 ], [ 134.533942739999986, 7.33034255 ], [ 134.53403257, 7.33034255 ], [ 134.53403257, 7.32971373 ], [ 134.53398765, 7.32971373 ], [ 134.533942739999986, 7.32971373 ], [ 134.533942739999986, 7.32948915 ], [ 134.53389782, 7.32948915 ], [ 134.53389782, 7.32939932 ], [ 134.53385291, 7.32939932 ], [ 134.533807990000014, 7.32939932 ], [ 134.533807990000014, 7.3293544 ], [ 134.53376307, 7.3293544 ], [ 134.53376307, 7.32930949 ], [ 134.53371816, 7.32930949 ], [ 134.53371816, 7.32926457 ], [ 134.533673240000013, 7.32926457 ], [ 134.533673240000013, 7.32903999 ], [ 134.53362833, 7.32903999 ], [ 134.53362833, 7.32886033 ], [ 134.53358341, 7.32886033 ], [ 134.53358341, 7.32872558 ], [ 134.5335385, 7.32872558 ], [ 134.5335385, 7.32854592 ], [ 134.53358341, 7.32854592 ], [ 134.53358341, 7.32823151 ], [ 134.53362833, 7.32823151 ], [ 134.53362833, 7.32809676 ], [ 134.53358341, 7.32809676 ], [ 134.5335385, 7.32809676 ], [ 134.5335385, 7.32800693 ], [ 134.53349358, 7.32800693 ], [ 134.53344866, 7.32800693 ], [ 134.53344866, 7.3279171 ], [ 134.53340375, 7.3279171 ], [ 134.53340375, 7.32769252 ], [ 134.53335883, 7.32769252 ], [ 134.53335883, 7.3276476 ], [ 134.533313920000012, 7.3276476 ], [ 134.533313920000012, 7.32760269 ], [ 134.533269, 7.32760269 ], [ 134.533269, 7.32755777 ], [ 134.53322409, 7.32755777 ], [ 134.53322409, 7.32746794 ], [ 134.533179170000011, 7.32746794 ], [ 134.53304442000001, 7.32746794 ], [ 134.53304442000001, 7.32742303 ], [ 134.53299951, 7.32742303 ], [ 134.53295459, 7.32742303 ], [ 134.53295459, 7.32737811 ], [ 134.532909679999989, 7.32737811 ], [ 134.53286476, 7.32737811 ], [ 134.53286476, 7.32728828 ], [ 134.53295459, 7.32728828 ], [ 134.53295459, 7.32733319 ], [ 134.53308934, 7.32733319 ], [ 134.53308934, 7.32728828 ], [ 134.53304442000001, 7.32728828 ], [ 134.53304442000001, 7.32710861 ], [ 134.53299951, 7.32710861 ], [ 134.53299951, 7.3270637 ], [ 134.53295459, 7.3270637 ], [ 134.532909679999989, 7.3270637 ], [ 134.532909679999989, 7.32697387 ], [ 134.53286476, 7.32697387 ], [ 134.53281984, 7.32697387 ], [ 134.53281984, 7.32701878 ], [ 134.532774929999988, 7.32701878 ], [ 134.532774929999988, 7.32697387 ], [ 134.53273001, 7.32697387 ], [ 134.532640179999987, 7.32697387 ], [ 134.532640179999987, 7.32692895 ], [ 134.53255035, 7.32692895 ], [ 134.53255035, 7.32697387 ], [ 134.53246052, 7.32697387 ], [ 134.53246052, 7.32688404 ], [ 134.53219102, 7.32688404 ], [ 134.53219102, 7.32692895 ], [ 134.532146110000014, 7.32692895 ], [ 134.532146110000014, 7.32697387 ], [ 134.53210119, 7.32697387 ], [ 134.53210119, 7.32701878 ], [ 134.532011360000013, 7.32701878 ], [ 134.532011360000013, 7.32724336 ], [ 134.53205628, 7.32724336 ], [ 134.53205628, 7.32733319 ], [ 134.532011360000013, 7.32733319 ], [ 134.532011360000013, 7.32769252 ], [ 134.53205628, 7.32769252 ], [ 134.53205628, 7.32800693 ], [ 134.532011360000013, 7.32800693 ], [ 134.532011360000013, 7.32809676 ], [ 134.53210119, 7.32809676 ], [ 134.532146110000014, 7.32809676 ], [ 134.532146110000014, 7.32814168 ], [ 134.53210119, 7.32814168 ], [ 134.53210119, 7.32832134 ], [ 134.53205628, 7.32832134 ], [ 134.53205628, 7.32836626 ], [ 134.53210119, 7.32836626 ], [ 134.53210119, 7.32845609 ], [ 134.532146110000014, 7.32845609 ], [ 134.532146110000014, 7.328501 ], [ 134.53219102, 7.328501 ], [ 134.53219102, 7.32859084 ], [ 134.53228085, 7.32859084 ], [ 134.53232577, 7.32859084 ], [ 134.53232577, 7.32863575 ], [ 134.53237069, 7.32863575 ], [ 134.53237069, 7.32890525 ], [ 134.5324156, 7.32890525 ], [ 134.5324156, 7.32899508 ], [ 134.53246052, 7.32899508 ], [ 134.53246052, 7.32903999 ], [ 134.532505429999986, 7.32903999 ], [ 134.532505429999986, 7.32944423 ], [ 134.53246052, 7.32944423 ], [ 134.53246052, 7.32948915 ], [ 134.5324156, 7.32948915 ], [ 134.5324156, 7.32957898 ], [ 134.53232577, 7.32957898 ], [ 134.53232577, 7.3296239 ], [ 134.53228085, 7.3296239 ], [ 134.53228085, 7.32975865 ], [ 134.53232577, 7.32975865 ], [ 134.53232577, 7.32984848 ], [ 134.53237069, 7.32984848 ], [ 134.53237069, 7.32998322 ], [ 134.5324156, 7.32998322 ], [ 134.5324156, 7.33002814 ], [ 134.53246052, 7.33002814 ], [ 134.53246052, 7.33011797 ], [ 134.532505429999986, 7.33011797 ], [ 134.532505429999986, 7.33016289 ], [ 134.53246052, 7.33016289 ], [ 134.53246052, 7.33025272 ], [ 134.532505429999986, 7.33025272 ], [ 134.532505429999986, 7.33052221 ], [ 134.53232577, 7.33052221 ], [ 134.53232577, 7.33061204 ], [ 134.53237069, 7.33061204 ], [ 134.5324156, 7.33061204 ], [ 134.5324156, 7.33065696 ], [ 134.53246052, 7.33065696 ], [ 134.53246052, 7.33070188 ], [ 134.532505429999986, 7.33070188 ], [ 134.53255035, 7.33070188 ], [ 134.53255035, 7.33074679 ], [ 134.53259527, 7.33074679 ], [ 134.53259527, 7.33079171 ], [ 134.532640179999987, 7.33079171 ], [ 134.5326851, 7.33079171 ], [ 134.5326851, 7.33083662 ], [ 134.53273001, 7.33083662 ], [ 134.53273001, 7.33088154 ], [ 134.53281984, 7.33088154 ], [ 134.53281984, 7.33079171 ], [ 134.53286476, 7.33079171 ], [ 134.53286476, 7.33074679 ], [ 134.532909679999989, 7.33074679 ], [ 134.532909679999989, 7.33079171 ], [ 134.53295459, 7.33079171 ], [ 134.53295459, 7.33088154 ], [ 134.53299951, 7.33088154 ], [ 134.53299951, 7.33097137 ], [ 134.53304442000001, 7.33097137 ], [ 134.53304442000001, 7.33101629 ], [ 134.53308934, 7.33101629 ], [ 134.53308934, 7.33110612 ], [ 134.533134249999989, 7.33110612 ], [ 134.533134249999989, 7.33124087 ], [ 134.533179170000011, 7.33124087 ], [ 134.533179170000011, 7.3313307 ], [ 134.53322409, 7.3313307 ], [ 134.53322409, 7.33142053 ], [ 134.533269, 7.33142053 ], [ 134.533269, 7.33146544 ], [ 134.533313920000012, 7.33146544 ], [ 134.53335883, 7.33146544 ], [ 134.53335883, 7.33151036 ], [ 134.53340375, 7.33151036 ], [ 134.53340375, 7.33146544 ] ], [ [ 134.533807990000014, 7.33128578 ], [ 134.53371816, 7.33128578 ], [ 134.53371816, 7.33119595 ], [ 134.53376307, 7.33119595 ], [ 134.53376307, 7.33124087 ], [ 134.533807990000014, 7.33124087 ], [ 134.533807990000014, 7.33128578 ] ], [ [ 134.53358341, 7.32890525 ], [ 134.5335385, 7.32890525 ], [ 134.5335385, 7.32886033 ], [ 134.53358341, 7.32886033 ], [ 134.53358341, 7.32890525 ] ], [ [ 134.532909679999989, 7.32939932 ], [ 134.532909679999989, 7.32930949 ], [ 134.53304442000001, 7.32930949 ], [ 134.53304442000001, 7.3293544 ], [ 134.53299951, 7.3293544 ], [ 134.53299951, 7.32944423 ], [ 134.53286476, 7.32944423 ], [ 134.53286476, 7.32939932 ], [ 134.532909679999989, 7.32939932 ] ], [ [ 134.533179170000011, 7.32832134 ], [ 134.533179170000011, 7.32841117 ], [ 134.533134249999989, 7.32841117 ], [ 134.533134249999989, 7.32832134 ], [ 134.533179170000011, 7.32832134 ] ], [ [ 134.533269, 7.32966881 ], [ 134.533269, 7.32971373 ], [ 134.53322409, 7.32971373 ], [ 134.53322409, 7.32966881 ], [ 134.533269, 7.32966881 ] ], [ [ 134.533269, 7.3296239 ], [ 134.533313920000012, 7.3296239 ], [ 134.533313920000012, 7.32966881 ], [ 134.533269, 7.32966881 ], [ 134.533269, 7.3296239 ] ], [ [ 134.53344866, 7.32953407 ], [ 134.53344866, 7.32957898 ], [ 134.53340375, 7.32957898 ], [ 134.53340375, 7.3296239 ], [ 134.53335883, 7.3296239 ], [ 134.53335883, 7.32953407 ], [ 134.53344866, 7.32953407 ] ], [ [ 134.53246052, 7.32760269 ], [ 134.53246052, 7.32769252 ], [ 134.5324156, 7.32769252 ], [ 134.5324156, 7.32760269 ], [ 134.53246052, 7.32760269 ] ], [ [ 134.533179170000011, 7.32948915 ], [ 134.533179170000011, 7.32953407 ], [ 134.533134249999989, 7.32953407 ], [ 134.533134249999989, 7.32948915 ], [ 134.533179170000011, 7.32948915 ] ], [ [ 134.533179170000011, 7.32944423 ], [ 134.53322409, 7.32944423 ], [ 134.53322409, 7.32948915 ], [ 134.533179170000011, 7.32948915 ], [ 134.533179170000011, 7.32944423 ] ], [ [ 134.53358341, 7.32980356 ], [ 134.53358341, 7.32984848 ], [ 134.5335385, 7.32984848 ], [ 134.5335385, 7.32980356 ], [ 134.53358341, 7.32980356 ] ], [ [ 134.53308934, 7.32818659 ], [ 134.53308934, 7.32823151 ], [ 134.53304442000001, 7.32823151 ], [ 134.53304442000001, 7.32827642 ], [ 134.53299951, 7.32827642 ], [ 134.53299951, 7.32818659 ], [ 134.53308934, 7.32818659 ] ], [ [ 134.5326851, 7.32832134 ], [ 134.5326851, 7.32827642 ], [ 134.53273001, 7.32827642 ], [ 134.53273001, 7.32836626 ], [ 134.532640179999987, 7.32836626 ], [ 134.532640179999987, 7.32832134 ], [ 134.5326851, 7.32832134 ] ], [ [ 134.53389782, 7.32984848 ], [ 134.53389782, 7.32989339 ], [ 134.53376307, 7.32989339 ], [ 134.53376307, 7.32984848 ], [ 134.53389782, 7.32984848 ] ], [ [ 134.53299951, 7.32832134 ], [ 134.53299951, 7.32845609 ], [ 134.53295459, 7.32845609 ], [ 134.53295459, 7.32832134 ], [ 134.53299951, 7.32832134 ] ], [ [ 134.5326851, 7.32980356 ], [ 134.5326851, 7.32989339 ], [ 134.532640179999987, 7.32989339 ], [ 134.532640179999987, 7.32980356 ], [ 134.5326851, 7.32980356 ] ], [ [ 134.53344866, 7.32930949 ], [ 134.53344866, 7.3293544 ], [ 134.53340375, 7.3293544 ], [ 134.53340375, 7.32930949 ], [ 134.53344866, 7.32930949 ] ], [ [ 134.53335883, 7.32930949 ], [ 134.53335883, 7.32926457 ], [ 134.53340375, 7.32926457 ], [ 134.53340375, 7.32930949 ], [ 134.53335883, 7.32930949 ] ], [ [ 134.533269, 7.32989339 ], [ 134.533269, 7.32993831 ], [ 134.53322409, 7.32993831 ], [ 134.53322409, 7.32989339 ], [ 134.533269, 7.32989339 ] ], [ [ 134.53246052, 7.32805185 ], [ 134.53246052, 7.32809676 ], [ 134.5324156, 7.32809676 ], [ 134.5324156, 7.32805185 ], [ 134.53246052, 7.32805185 ] ], [ [ 134.53259527, 7.32989339 ], [ 134.53259527, 7.32993831 ], [ 134.53255035, 7.32993831 ], [ 134.53255035, 7.32989339 ], [ 134.53259527, 7.32989339 ] ], [ [ 134.53376307, 7.33083662 ], [ 134.53376307, 7.33092645 ], [ 134.53362833, 7.33092645 ], [ 134.53362833, 7.33083662 ], [ 134.53376307, 7.33083662 ] ], [ [ 134.5335385, 7.32993831 ], [ 134.5335385, 7.32998322 ], [ 134.53349358, 7.32998322 ], [ 134.53349358, 7.32993831 ], [ 134.5335385, 7.32993831 ] ], [ [ 134.53308934, 7.328501 ], [ 134.53308934, 7.32859084 ], [ 134.53304442000001, 7.32859084 ], [ 134.53304442000001, 7.328501 ], [ 134.53308934, 7.328501 ] ], [ [ 134.533313920000012, 7.32845609 ], [ 134.533313920000012, 7.32836626 ], [ 134.53335883, 7.32836626 ], [ 134.53335883, 7.32854592 ], [ 134.533269, 7.32854592 ], [ 134.533269, 7.32845609 ], [ 134.533313920000012, 7.32845609 ] ], [ [ 134.532640179999987, 7.3287705 ], [ 134.532640179999987, 7.32886033 ], [ 134.53259527, 7.32886033 ], [ 134.53259527, 7.3287705 ], [ 134.532640179999987, 7.3287705 ] ], [ [ 134.533313920000012, 7.33079171 ], [ 134.533313920000012, 7.33088154 ], [ 134.533269, 7.33088154 ], [ 134.533269, 7.33079171 ], [ 134.533313920000012, 7.33079171 ] ], [ [ 134.53362833, 7.33007306 ], [ 134.53362833, 7.33011797 ], [ 134.53349358, 7.33011797 ], [ 134.53349358, 7.33002814 ], [ 134.5335385, 7.33002814 ], [ 134.5335385, 7.33007306 ], [ 134.53358341, 7.33007306 ], [ 134.53362833, 7.33007306 ] ], [ [ 134.53259527, 7.32998322 ], [ 134.532640179999987, 7.32998322 ], [ 134.532640179999987, 7.33007306 ], [ 134.53259527, 7.33007306 ], [ 134.53259527, 7.33002814 ], [ 134.53255035, 7.33002814 ], [ 134.53255035, 7.32998322 ], [ 134.53259527, 7.32998322 ] ], [ [ 134.53308934, 7.32989339 ], [ 134.53308934, 7.32993831 ], [ 134.53304442000001, 7.32993831 ], [ 134.53304442000001, 7.32989339 ], [ 134.53308934, 7.32989339 ] ], [ [ 134.53299951, 7.33007306 ], [ 134.53299951, 7.33011797 ], [ 134.53295459, 7.33011797 ], [ 134.53295459, 7.33007306 ], [ 134.53299951, 7.33007306 ] ], [ [ 134.53299951, 7.32975865 ], [ 134.53299951, 7.32984848 ], [ 134.532909679999989, 7.32984848 ], [ 134.532909679999989, 7.32975865 ], [ 134.53299951, 7.32975865 ] ], [ [ 134.53349358, 7.32859084 ], [ 134.53349358, 7.32863575 ], [ 134.53344866, 7.32863575 ], [ 134.53344866, 7.32859084 ], [ 134.53349358, 7.32859084 ] ], [ [ 134.53322409, 7.33070188 ], [ 134.53322409, 7.33074679 ], [ 134.533179170000011, 7.33074679 ], [ 134.533179170000011, 7.33070188 ], [ 134.53322409, 7.33070188 ] ], [ [ 134.53340375, 7.33011797 ], [ 134.53340375, 7.33025272 ], [ 134.53335883, 7.33025272 ], [ 134.53335883, 7.33011797 ], [ 134.53340375, 7.33011797 ] ], [ [ 134.53273001, 7.33016289 ], [ 134.532774929999988, 7.33016289 ], [ 134.532774929999988, 7.33025272 ], [ 134.53273001, 7.33025272 ], [ 134.53273001, 7.3302078 ], [ 134.5326851, 7.3302078 ], [ 134.5326851, 7.33016289 ], [ 134.53273001, 7.33016289 ] ], [ [ 134.53281984, 7.32751286 ], [ 134.53281984, 7.32755777 ], [ 134.53273001, 7.32755777 ], [ 134.53273001, 7.32751286 ], [ 134.53281984, 7.32751286 ] ], [ [ 134.5335385, 7.33061204 ], [ 134.5335385, 7.33056713 ], [ 134.533673240000013, 7.33056713 ], [ 134.533673240000013, 7.33061204 ], [ 134.53371816, 7.33061204 ], [ 134.53371816, 7.33065696 ], [ 134.533673240000013, 7.33065696 ], [ 134.533673240000013, 7.33070188 ], [ 134.53362833, 7.33070188 ], [ 134.53362833, 7.33065696 ], [ 134.53358341, 7.33065696 ], [ 134.53358341, 7.33070188 ], [ 134.53344866, 7.33070188 ], [ 134.53344866, 7.33061204 ], [ 134.5335385, 7.33061204 ] ], [ [ 134.53389782, 7.33038747 ], [ 134.53389782, 7.33043238 ], [ 134.533807990000014, 7.33043238 ], [ 134.533807990000014, 7.33038747 ], [ 134.53389782, 7.33038747 ] ], [ [ 134.532774929999988, 7.33034255 ], [ 134.532774929999988, 7.33038747 ], [ 134.53273001, 7.33038747 ], [ 134.53273001, 7.33034255 ], [ 134.532774929999988, 7.33034255 ] ], [ [ 134.53344866, 7.33038747 ], [ 134.53344866, 7.33034255 ], [ 134.5335385, 7.33034255 ], [ 134.5335385, 7.33029763 ], [ 134.53358341, 7.33029763 ], [ 134.53358341, 7.33038747 ], [ 134.53349358, 7.33038747 ], [ 134.53349358, 7.33043238 ], [ 134.53344866, 7.33043238 ], [ 134.53344866, 7.3304773 ], [ 134.53340375, 7.3304773 ], [ 134.53340375, 7.33043238 ], [ 134.53335883, 7.33043238 ], [ 134.53335883, 7.33038747 ], [ 134.53344866, 7.33038747 ] ], [ [ 134.532909679999989, 7.32881541 ], [ 134.532909679999989, 7.32886033 ], [ 134.53286476, 7.32886033 ], [ 134.53286476, 7.32881541 ], [ 134.532909679999989, 7.32881541 ] ], [ [ 134.53281984, 7.33056713 ], [ 134.53281984, 7.33061204 ], [ 134.53286476, 7.33061204 ], [ 134.53286476, 7.33065696 ], [ 134.532774929999988, 7.33065696 ], [ 134.532774929999988, 7.33056713 ], [ 134.53281984, 7.33056713 ] ], [ [ 134.53322409, 7.3304773 ], [ 134.53322409, 7.33052221 ], [ 134.533179170000011, 7.33052221 ], [ 134.533179170000011, 7.3304773 ], [ 134.53322409, 7.3304773 ] ], [ [ 134.533269, 7.33052221 ], [ 134.533313920000012, 7.33052221 ], [ 134.533313920000012, 7.33056713 ], [ 134.53335883, 7.33056713 ], [ 134.53340375, 7.33056713 ], [ 134.53340375, 7.33061204 ], [ 134.533269, 7.33061204 ], [ 134.533269, 7.33056713 ], [ 134.53322409, 7.33056713 ], [ 134.53322409, 7.33052221 ], [ 134.533269, 7.33052221 ] ], [ [ 134.53295459, 7.33025272 ], [ 134.53295459, 7.33038747 ], [ 134.532909679999989, 7.33038747 ], [ 134.532909679999989, 7.33025272 ], [ 134.53295459, 7.33025272 ] ] ] } },
{ "type": "Feature", "properties": { "id": "geomorphic_data_verbose.fid-75f8f034_1a0c1004d45_-5565", "class_name": "Back Reef Slope", "area_sqkm": 0.005419721875130199 }, "geometry": { "type": "Polygon", "coordinates": [ [ [ 134.53605378, 7.32998322 ], [ 134.53605378, 7.32993831 ], [ 134.536098689999989, 7.32993831 ], [ 134.536098689999989, 7.32989339 ], [ 134.536143610000011, 7.32989339 ], [ 134.536143610000011, 7.3296239 ], [ 134.536098689999989, 7.3296239 ], [ 134.536098689999989, 7.32953407 ], [ 134.53605378, 7.32953407 ], [ 134.53605378, 7.32912982 ], [ 134.53600886000001, 7.32912982 ], [ 134.53600886000001, 7.32903999 ], [ 134.53596395, 7.32903999 ], [ 134.53596395, 7.32899508 ], [ 134.53591903, 7.32899508 ], [ 134.53591903, 7.32890525 ], [ 134.535874119999988, 7.32890525 ], [ 134.535874119999988, 7.32886033 ], [ 134.5358292, 7.32886033 ], [ 134.5358292, 7.32895016 ], [ 134.535739369999988, 7.32895016 ], [ 134.535739369999988, 7.32899508 ], [ 134.53569445, 7.32899508 ], [ 134.53569445, 7.32903999 ], [ 134.53564954, 7.32903999 ], [ 134.53564954, 7.32926457 ], [ 134.535604619999987, 7.32926457 ], [ 134.535604619999987, 7.32939932 ], [ 134.53555971, 7.32939932 ], [ 134.53555971, 7.32971373 ], [ 134.53569445, 7.32971373 ], [ 134.535739369999988, 7.32971373 ], [ 134.535739369999988, 7.32998322 ], [ 134.53605378, 7.32998322 ] ] ] } },
{ "type": "Feature", "properties": { "id": "geomorphic_data_verbose.fid-75f8f034_1a0c1004d45_-5245", "class_name": "Deep Lagoon", "area_sqkm": 0.00019707876717625186 }, "geometry": { "type": "Polygon", "coordinates": [ [ [ 134.53520038, 7.33429514 ], [ 134.53520038, 7.33411547 ], [ 134.53515546, 7.33411547 ], [ 134.53515546, 7.33407056 ], [ 134.535110550000013, 7.33407056 ], [ 134.535110550000013, 7.33425022 ], [ 134.53515546, 7.33425022 ], [ 134.53515546, 7.33429514 ], [ 134.53520038, 7.33429514 ] ] ] } },
{ "type": "Feature", "properties": { "id": "geomorphic_data_verbose.fid-75f8f034_1a0c1004d45_-5a0d", "class_name": "Deep Lagoon", "area_sqkm": 0.029586346432178282 }, "geometry": { "type": "Polygon", "coordinates": [ [ [ 134.53475122, 7.33672059 ], [ 134.53475122, 7.33663076 ], [ 134.53479614, 7.33663076 ], [ 134.53479614, 7.33649601 ], [ 134.534841050000011, 7.33649601 ], [ 134.534841050000011, 7.33645109 ], [ 134.53488597, 7.33645109 ], [ 134.53488597, 7.33627143 ], [ 134.534841050000011, 7.33627143 ], [ 134.534841050000011, 7.33613668 ], [ 134.53479614, 7.33613668 ], [ 134.53479614, 7.33604685 ], [ 134.53470631, 7.33604685 ], [ 134.53470631, 7.33600194 ], [ 134.53461647, 7.33600194 ], [ 134.53461647, 7.33595702 ], [ 134.53434698, 7.33595702 ], [ 134.53434698, 7.33600194 ], [ 134.53421223, 7.33600194 ], [ 134.53421223, 7.33604685 ], [ 134.53416732, 7.33604685 ], [ 134.53416732, 7.33600194 ], [ 134.53403257, 7.33600194 ], [ 134.53403257, 7.33604685 ], [ 134.53389782, 7.33604685 ], [ 134.53389782, 7.33600194 ], [ 134.53385291, 7.33600194 ], [ 134.53385291, 7.33609177 ], [ 134.533807990000014, 7.33609177 ], [ 134.533807990000014, 7.33613668 ], [ 134.53376307, 7.33613668 ], [ 134.53376307, 7.33609177 ], [ 134.53371816, 7.33609177 ], [ 134.53371816, 7.33595702 ], [ 134.53376307, 7.33595702 ], [ 134.53376307, 7.33586719 ], [ 134.53371816, 7.33586719 ], [ 134.53371816, 7.33582227 ], [ 134.533673240000013, 7.33582227 ], [ 134.533673240000013, 7.33577736 ], [ 134.53358341, 7.33577736 ], [ 134.53358341, 7.33573244 ], [ 134.5335385, 7.33573244 ], [ 134.5335385, 7.33568753 ], [ 134.53349358, 7.33568753 ], [ 134.53349358, 7.33573244 ], [ 134.53340375, 7.33573244 ], [ 134.53340375, 7.33559769 ], [ 134.53335883, 7.33559769 ], [ 134.53335883, 7.33550786 ], [ 134.533269, 7.33550786 ], [ 134.533269, 7.33541803 ], [ 134.533313920000012, 7.33541803 ], [ 134.533313920000012, 7.33523837 ], [ 134.533269, 7.33523837 ], [ 134.533269, 7.33510362 ], [ 134.53322409, 7.33510362 ], [ 134.53322409, 7.33492396 ], [ 134.533134249999989, 7.33492396 ], [ 134.533134249999989, 7.33474429 ], [ 134.53308934, 7.33474429 ], [ 134.53308934, 7.33451972 ], [ 134.53304442000001, 7.33451972 ], [ 134.53304442000001, 7.33416039 ], [ 134.53299951, 7.33416039 ], [ 134.53299951, 7.33402564 ], [ 134.53295459, 7.33402564 ], [ 134.53295459, 7.33398073 ], [ 134.532909679999989, 7.33398073 ], [ 134.532909679999989, 7.33393581 ], [ 134.53295459, 7.33393581 ], [ 134.53295459, 7.33384598 ], [ 134.532909679999989, 7.33384598 ], [ 134.532909679999989, 7.33375615 ], [ 134.53286476, 7.33375615 ], [ 134.53286476, 7.33371123 ], [ 134.53281984, 7.33371123 ], [ 134.53281984, 7.33366632 ], [ 134.53273001, 7.33366632 ], [ 134.53273001, 7.3336214 ], [ 134.5326851, 7.3336214 ], [ 134.5326851, 7.33357648 ], [ 134.53259527, 7.33357648 ], [ 134.53259527, 7.33407056 ], [ 134.532640179999987, 7.33407056 ], [ 134.532640179999987, 7.33420531 ], [ 134.53259527, 7.33420531 ], [ 134.53259527, 7.33501379 ], [ 134.532640179999987, 7.33501379 ], [ 134.532640179999987, 7.33496887 ], [ 134.5326851, 7.33496887 ], [ 134.5326851, 7.33492396 ], [ 134.532640179999987, 7.33492396 ], [ 134.532640179999987, 7.33483413 ], [ 134.5326851, 7.33483413 ], [ 134.5326851, 7.33478921 ], [ 134.532640179999987, 7.33478921 ], [ 134.532640179999987, 7.33460955 ], [ 134.53273001, 7.33460955 ], [ 134.53273001, 7.33456463 ], [ 134.532640179999987, 7.33456463 ], [ 134.532640179999987, 7.33451972 ], [ 134.53273001, 7.33451972 ], [ 134.53273001, 7.3344748 ], [ 134.53286476, 7.3344748 ], [ 134.53286476, 7.33460955 ], [ 134.532909679999989, 7.33460955 ], [ 134.532909679999989, 7.33478921 ], [ 134.53295459, 7.33478921 ], [ 134.53295459, 7.33483413 ], [ 134.53299951, 7.33483413 ], [ 134.53299951, 7.33492396 ], [ 134.53295459, 7.33492396 ], [ 134.53295459, 7.33496887 ], [ 134.53299951, 7.33496887 ], [ 134.53299951, 7.33510362 ], [ 134.53295459, 7.33510362 ], [ 134.53295459, 7.33514854 ], [ 134.532909679999989, 7.33514854 ], [ 134.532909679999989, 7.33519345 ], [ 134.53286476, 7.33519345 ], [ 134.53286476, 7.33523837 ], [ 134.53273001, 7.33523837 ], [ 134.53273001, 7.33537312 ], [ 134.532640179999987, 7.33537312 ], [ 134.532640179999987, 7.33550786 ], [ 134.53259527, 7.33550786 ], [ 134.53259527, 7.33586719 ], [ 134.5326851, 7.33586719 ], [ 134.5326851, 7.33582227 ], [ 134.532640179999987, 7.33582227 ], [ 134.532640179999987, 7.33573244 ], [ 134.5326851, 7.33573244 ], [ 134.5326851, 7.33564261 ], [ 134.53273001, 7.33564261 ], [ 134.53273001, 7.33577736 ], [ 134.532774929999988, 7.33577736 ], [ 134.532774929999988, 7.33564261 ], [ 134.53281984, 7.33564261 ], [ 134.53281984, 7.33555278 ], [ 134.532909679999989, 7.33555278 ], [ 134.532909679999989, 7.33564261 ], [ 134.53286476, 7.33564261 ], [ 134.53286476, 7.33582227 ], [ 134.53281984, 7.33582227 ], [ 134.53281984, 7.33586719 ], [ 134.53286476, 7.33586719 ], [ 134.53286476, 7.3359121 ], [ 134.532909679999989, 7.3359121 ], [ 134.532909679999989, 7.33595702 ], [ 134.53286476, 7.33595702 ], [ 134.53286476, 7.33600194 ], [ 134.532774929999988, 7.33600194 ], [ 134.532774929999988, 7.33595702 ], [ 134.53273001, 7.33595702 ], [ 134.53273001, 7.33604685 ], [ 134.5326851, 7.33604685 ], [ 134.5326851, 7.33609177 ], [ 134.532774929999988, 7.33609177 ], [ 134.532774929999988, 7.33622652 ], [ 134.53281984, 7.33622652 ], [ 134.53281984, 7.33613668 ], [ 134.53286476, 7.33613668 ], [ 134.53286476, 7.33609177 ], [ 134.53295459, 7.33609177 ], [ 134.53295459, 7.33622652 ], [ 134.53286476, 7.33622652 ], [ 134.53286476, 7.33627143 ], [ 134.53281984, 7.33627143 ], [ 134.53281984, 7.33631635 ], [ 134.5326851, 7.33631635 ], [ 134.5326851, 7.33627143 ], [ 134.53273001, 7.33627143 ], [ 134.53273001, 7.33622652 ], [ 134.53259527, 7.33622652 ], [ 134.53259527, 7.33640618 ], [ 134.532640179999987, 7.33640618 ], [ 134.532640179999987, 7.33645109 ], [ 134.53259527, 7.33645109 ], [ 134.53259527, 7.33658584 ], [ 134.53281984, 7.33658584 ], [ 134.53281984, 7.33654093 ], [ 134.532909679999989, 7.33654093 ], [ 134.532909679999989, 7.33649601 ], [ 134.53304442000001, 7.33649601 ], [ 134.53304442000001, 7.33645109 ], [ 134.53322409, 7.33645109 ], [ 134.53322409, 7.33654093 ], [ 134.53340375, 7.33654093 ], [ 134.53340375, 7.33658584 ], [ 134.53349358, 7.33658584 ], [ 134.53349358, 7.33667567 ], [ 134.53362833, 7.33667567 ], [ 134.53362833, 7.33672059 ], [ 134.53376307, 7.33672059 ], [ 134.53376307, 7.3367655 ], [ 134.53385291, 7.3367655 ], [ 134.53385291, 7.33685534 ], [ 134.534077489999987, 7.33685534 ], [ 134.534077489999987, 7.33690025 ], [ 134.5341224, 7.33690025 ], [ 134.5341224, 7.33672059 ], [ 134.53475122, 7.33672059 ] ], [ [ 134.532909679999989, 7.33586719 ], [ 134.53295459, 7.33586719 ], [ 134.53295459, 7.3359121 ], [ 134.532909679999989, 7.3359121 ], [ 134.532909679999989, 7.33586719 ] ], [ [ 134.53273001, 7.33429514 ], [ 134.532640179999987, 7.33429514 ], [ 134.532640179999987, 7.33425022 ], [ 134.53273001, 7.33425022 ], [ 134.53273001, 7.33429514 ] ], [ [ 134.53286476, 7.33434005 ], [ 134.53281984, 7.33434005 ], [ 134.53281984, 7.33425022 ], [ 134.53286476, 7.33425022 ], [ 134.53286476, 7.33434005 ] ], [ [ 134.53299951, 7.33559769 ], [ 134.53295459, 7.33559769 ], [ 134.53295459, 7.33550786 ], [ 134.53299951, 7.33550786 ], [ 134.53299951, 7.33559769 ] ], [ [ 134.532909679999989, 7.33550786 ], [ 134.53286476, 7.33550786 ], [ 134.53286476, 7.33546295 ], [ 134.53295459, 7.33546295 ], [ 134.53295459, 7.33550786 ], [ 134.532909679999989, 7.33550786 ] ], [ [ 134.53273001, 7.33398073 ], [ 134.5326851, 7.33398073 ], [ 134.5326851, 7.3338909 ], [ 134.53273001, 7.3338909 ], [ 134.53273001, 7.33398073 ] ], [ [ 134.53286476, 7.33528328 ], [ 134.532909679999989, 7.33528328 ], [ 134.532909679999989, 7.33537312 ], [ 134.53281984, 7.33537312 ], [ 134.53281984, 7.3353282 ], [ 134.53286476, 7.3353282 ], [ 134.53286476, 7.33528328 ] ], [ [ 134.533179170000011, 7.33640618 ], [ 134.533134249999989, 7.33640618 ], [ 134.533134249999989, 7.33636126 ], [ 134.533179170000011, 7.33636126 ], [ 134.533179170000011, 7.33640618 ] ], [ [ 134.53295459, 7.33636126 ], [ 134.532909679999989, 7.33636126 ], [ 134.532909679999989, 7.33631635 ], [ 134.53295459, 7.33631635 ], [ 134.53295459, 7.33636126 ] ], [ [ 134.53322409, 7.33613668 ], [ 134.533134249999989, 7.33613668 ], [ 134.533134249999989, 7.33609177 ], [ 134.53322409, 7.33609177 ], [ 134.53322409, 7.33613668 ] ], [ [ 134.533134249999989, 7.3361816 ], [ 134.53308934, 7.3361816 ], [ 134.53308934, 7.33613668 ], [ 134.533134249999989, 7.33613668 ], [ 134.533134249999989, 7.3361816 ] ], [ [ 134.53308934, 7.33609177 ], [ 134.53308934, 7.33600194 ], [ 134.533134249999989, 7.33600194 ], [ 134.533134249999989, 7.33609177 ], [ 134.53308934, 7.33609177 ] ], [ [ 134.53281984, 7.33550786 ], [ 134.532774929999988, 7.33550786 ], [ 134.532774929999988, 7.33541803 ], [ 134.53281984, 7.33541803 ], [ 134.53281984, 7.33550786 ] ], [ [ 134.5326851, 7.33442988 ], [ 134.532640179999987, 7.33442988 ], [ 134.532640179999987, 7.33438497 ], [ 134.5326851, 7.33438497 ], [ 134.5326851, 7.33442988 ] ], [ [ 134.53308934, 7.33627143 ], [ 134.53304442000001, 7.33627143 ], [ 134.53304442000001, 7.33622652 ], [ 134.53308934, 7.33622652 ], [ 134.53308934, 7.33627143 ] ], [ [ 134.53304442000001, 7.33577736 ], [ 134.53299951, 7.33577736 ], [ 134.53299951, 7.33573244 ], [ 134.53304442000001, 7.33573244 ], [ 134.53304442000001, 7.33577736 ] ] ] } },
{ "type": "Feature", "properties": { "id": "geomorphic_data_verbose.fid-75f8f034_1a0c1004d45_-5bfc", "class_name": "Outer Reef Flat", "area_sqkm": 0.0033995969982123933 }, "geometry": { "type": "Polygon", "coordinates": [ [ [ 134.53520038, 7.33640618 ], [ 134.53520038, 7.3359121 ], [ 134.53533513, 7.3359121 ], [ 134.53533513, 7.33577736 ], [ 134.53529021, 7.33577736 ], [ 134.53529021, 7.33564261 ], [ 134.535245300000014, 7.33564261 ], [ 134.53520038, 7.33564261 ], [ 134.53520038, 7.33519345 ], [ 134.53515546, 7.33519345 ], [ 134.53515546, 7.33523837 ], [ 134.535110550000013, 7.33523837 ], [ 134.535110550000013, 7.33528328 ], [ 134.53506563, 7.33528328 ], [ 134.53506563, 7.3353282 ], [ 134.53502072, 7.3353282 ], [ 134.53502072, 7.33537312 ], [ 134.534975800000012, 7.33537312 ], [ 134.534975800000012, 7.33546295 ], [ 134.53502072, 7.33546295 ], [ 134.53502072, 7.33555278 ], [ 134.53493088, 7.33555278 ], [ 134.53493088, 7.33550786 ], [ 134.53488597, 7.33550786 ], [ 134.53488597, 7.33559769 ], [ 134.534841050000011, 7.33559769 ], [ 134.534841050000011, 7.33573244 ], [ 134.53479614, 7.33573244 ], [ 134.53479614, 7.33582227 ], [ 134.53488597, 7.33582227 ], [ 134.53493088, 7.33582227 ], [ 134.53493088, 7.33586719 ], [ 134.534975800000012, 7.33586719 ], [ 134.534975800000012, 7.33595702 ], [ 134.53502072, 7.33595702 ], [ 134.53502072, 7.33609177 ], [ 134.53506563, 7.33609177 ], [ 134.53506563, 7.33622652 ], [ 134.535110550000013, 7.33622652 ], [ 134.535110550000013, 7.33640618 ], [ 134.53520038, 7.33640618 ] ] ] } },
{ "type": "Feature", "properties": { "id": "geomorphic_data_verbose.fid-75f8f034_1a0c1004d45_-5285", "class_name": "Outer Reef Flat", "area_sqkm": 0.0016259221954410897 }, "geometry": { "type": "Polygon", "coordinates": [ [ [ 134.53174187, 7.32827642 ], [ 134.53174187, 7.32823151 ], [ 134.5318317, 7.32823151 ], [ 134.5318317, 7.32818659 ], [ 134.531876610000012, 7.32818659 ], [ 134.531876610000012, 7.32814168 ], [ 134.53192153, 7.32814168 ], [ 134.53192153, 7.32796201 ], [ 134.531876610000012, 7.32796201 ], [ 134.531876610000012, 7.3276476 ], [ 134.5318317, 7.3276476 ], [ 134.5318317, 7.32751286 ], [ 134.53178678, 7.32751286 ], [ 134.53174187, 7.32751286 ], [ 134.53174187, 7.32746794 ], [ 134.53169695, 7.32746794 ], [ 134.53169695, 7.32827642 ], [ 134.53174187, 7.32827642 ] ] ] } },
{ "type": "Feature", "properties": { "id": "geomorphic_data_verbose.fid-75f8f034_1a0c1004d45_-5697", "class_name": "Deep Lagoon", "area_sqkm": 2.46351700569503e-05 }, "geometry": { "type": "Polygon", "coordinates": [ [ [ 134.53192153, 7.32818659 ], [ 134.53192153, 7.32814168 ], [ 134.531876610000012, 7.32814168 ], [ 134.531876610000012, 7.32818659 ], [ 134.53192153, 7.32818659 ] ] ] } },
{ "type": "Feature", "properties": { "id": "geomorphic_data_verbose.fid-75f8f034_1a0c1004d45_-5a07", "class_name": "Outer Reef Flat", "area_sqkm": 0.002438872850249056 }, "geometry": { "type": "Polygon", "coordinates": [ [ [ 134.531337619999988, 7.33025272 ], [ 134.531337619999988, 7.33016289 ], [ 134.53142746, 7.33016289 ], [ 134.53142746, 7.32998322 ], [ 134.531517290000011, 7.32998322 ], [ 134.531517290000011, 7.32993831 ], [ 134.5315622, 7.32993831 ], [ 134.5315622, 7.32989339 ], [ 134.53165203, 7.32989339 ], [ 134.53165203, 7.32984848 ], [ 134.53169695, 7.32984848 ], [ 134.53169695, 7.32957898 ], [ 134.53165203, 7.32957898 ], [ 134.53160712, 7.32957898 ], [ 134.53160712, 7.32953407 ], [ 134.531517290000011, 7.32953407 ], [ 134.531517290000011, 7.32957898 ], [ 134.53142746, 7.32957898 ], [ 134.53142746, 7.3296239 ], [ 134.53138254000001, 7.3296239 ], [ 134.53138254000001, 7.32966881 ], [ 134.531337619999988, 7.32966881 ], [ 134.531337619999988, 7.32971373 ], [ 134.53129271, 7.32971373 ], [ 134.53129271, 7.32975865 ], [ 134.53124779, 7.32975865 ], [ 134.53124779, 7.32984848 ], [ 134.53120288, 7.32984848 ], [ 134.53120288, 7.33011797 ], [ 134.53124779, 7.33011797 ], [ 134.53124779, 7.3302078 ], [ 134.53129271, 7.3302078 ], [ 134.53129271, 7.33025272 ], [ 134.531337619999988, 7.33025272 ] ] ] } },
{ "type": "Feature", "properties": { "id": "geomorphic_data_verbose.fid-75f8f034_1a0c1004d45_-5a06", "class_name": "Deep Lagoon", "area_sqkm": 2.463502253545448e-05 }, "geometry": { "type": "Polygon", "coordinates": [ [ [ 134.53286476, 7.33092645 ], [ 134.53286476, 7.33088154 ], [ 134.53281984, 7.33088154 ], [ 134.53281984, 7.33092645 ], [ 134.53286476, 7.33092645 ] ] ] } },
{ "type": "Feature", "properties": { "id": "geomorphic_data_verbose.fid-75f8f034_1a0c1004d45_-5567", "class_name": "Deep Lagoon", "area_sqkm": 2.4635020100977273e-05 }, "geometry": { "type": "Polygon", "coordinates": [ [ [ 134.532909679999989, 7.33097137 ], [ 134.532909679999989, 7.33092645 ], [ 134.53286476, 7.33092645 ], [ 134.53286476, 7.33097137 ], [ 134.532909679999989, 7.33097137 ] ] ] } },
{ "type": "Feature", "properties": { "id": "geomorphic_data_verbose.fid-75f8f034_1a0c1004d45_-5563", "class_name": "Terrestrial Reef Flat", "area_sqkm": 0.1387685438302243 }, "geometry": { "type": "Polygon", "coordinates": [ [ [ 134.535110550000013, 7.33640618 ], [ 134.535110550000013, 7.33622652 ], [ 134.53506563, 7.33622652 ], [ 134.53506563, 7.33609177 ], [ 134.53502072, 7.33609177 ], [ 134.53502072, 7.33595702 ], [ 134.534975800000012, 7.33595702 ], [ 134.534975800000012, 7.33586719 ], [ 134.53493088, 7.33586719 ], [ 134.53493088, 7.33582227 ], [ 134.53479614, 7.33582227 ], [ 134.53479614, 7.33573244 ], [ 134.534841050000011, 7.33573244 ], [ 134.534841050000011, 7.33559769 ], [ 134.53488597, 7.33559769 ], [ 134.53488597, 7.33550786 ], [ 134.53493088, 7.33550786 ], [ 134.53493088, 7.33555278 ], [ 134.53502072, 7.33555278 ], [ 134.53502072, 7.33546295 ], [ 134.534975800000012, 7.33546295 ], [ 134.534975800000012, 7.33537312 ], [ 134.53502072, 7.33537312 ], [ 134.53502072, 7.3353282 ], [ 134.53506563, 7.3353282 ], [ 134.53506563, 7.33528328 ], [ 134.535110550000013, 7.33528328 ], [ 134.535110550000013, 7.33523837 ], [ 134.53515546, 7.33523837 ], [ 134.53515546, 7.33519345 ], [ 134.53520038, 7.33519345 ], [ 134.53520038, 7.33483413 ], [ 134.53493088, 7.33483413 ], [ 134.53493088, 7.33442988 ], [ 134.534975800000012, 7.33442988 ], [ 134.534975800000012, 7.33438497 ], [ 134.535110550000013, 7.33438497 ], [ 134.535110550000013, 7.33434005 ], [ 134.53515546, 7.33434005 ], [ 134.53515546, 7.33425022 ], [ 134.535110550000013, 7.33425022 ], [ 134.535110550000013, 7.33411547 ], [ 134.53506563, 7.33411547 ], [ 134.53506563, 7.33420531 ], [ 134.53502072, 7.33420531 ], [ 134.53502072, 7.33425022 ], [ 134.534975800000012, 7.33425022 ], [ 134.534975800000012, 7.33429514 ], [ 134.534841050000011, 7.33429514 ], [ 134.534841050000011, 7.33425022 ], [ 134.53479614, 7.33425022 ], [ 134.53479614, 7.33420531 ], [ 134.53466139, 7.33420531 ], [ 134.53466139, 7.33375615 ], [ 134.53470631, 7.33375615 ], [ 134.53470631, 7.33371123 ], [ 134.53475122, 7.33371123 ], [ 134.53475122, 7.33375615 ], [ 134.53479614, 7.33375615 ], [ 134.53479614, 7.33371123 ], [ 134.534841050000011, 7.33371123 ], [ 134.534841050000011, 7.33357648 ], [ 134.53479614, 7.33357648 ], [ 134.53479614, 7.33339682 ], [ 134.53475122, 7.33339682 ], [ 134.53475122, 7.33335191 ], [ 134.53470631, 7.33335191 ], [ 134.53470631, 7.33330699 ], [ 134.53466139, 7.33330699 ], [ 134.53466139, 7.33294766 ], [ 134.53448173000001, 7.33294766 ], [ 134.53448173000001, 7.33254342 ], [ 134.534436809999988, 7.33254342 ], [ 134.534436809999988, 7.33245359 ], [ 134.5343919, 7.33245359 ], [ 134.5343919, 7.33240868 ], [ 134.53385291, 7.33240868 ], [ 134.53385291, 7.33222901 ], [ 134.53376307, 7.33222901 ], [ 134.53376307, 7.33204935 ], [ 134.533673240000013, 7.33204935 ], [ 134.533673240000013, 7.33186969 ], [ 134.53358341, 7.33186969 ], [ 134.53358341, 7.33160019 ], [ 134.53385291, 7.33160019 ], [ 134.53385291, 7.33142053 ], [ 134.533673240000013, 7.33142053 ], [ 134.533673240000013, 7.33146544 ], [ 134.53358341, 7.33146544 ], [ 134.53358341, 7.33142053 ], [ 134.5335385, 7.33142053 ], [ 134.5335385, 7.33146544 ], [ 134.53349358, 7.33146544 ], [ 134.53349358, 7.33142053 ], [ 134.53344866, 7.33142053 ], [ 134.53344866, 7.33146544 ], [ 134.53340375, 7.33146544 ], [ 134.53340375, 7.33151036 ], [ 134.53335883, 7.33151036 ], [ 134.53335883, 7.33146544 ], [ 134.533269, 7.33146544 ], [ 134.533269, 7.33142053 ], [ 134.53322409, 7.33142053 ], [ 134.53322409, 7.3313307 ], [ 134.533179170000011, 7.3313307 ], [ 134.533179170000011, 7.33124087 ], [ 134.533134249999989, 7.33124087 ], [ 134.533134249999989, 7.33110612 ], [ 134.53308934, 7.33110612 ], [ 134.53308934, 7.33101629 ], [ 134.53304442000001, 7.33101629 ], [ 134.53304442000001, 7.33097137 ], [ 134.53299951, 7.33097137 ], [ 134.53299951, 7.33088154 ], [ 134.53295459, 7.33088154 ], [ 134.53295459, 7.33079171 ], [ 134.532909679999989, 7.33079171 ], [ 134.532909679999989, 7.33074679 ], [ 134.53286476, 7.33074679 ], [ 134.53286476, 7.33079171 ], [ 134.53281984, 7.33079171 ], [ 134.53281984, 7.33088154 ], [ 134.53273001, 7.33088154 ], [ 134.53273001, 7.33083662 ], [ 134.5326851, 7.33083662 ], [ 134.5326851, 7.33079171 ], [ 134.53259527, 7.33079171 ], [ 134.53259527, 7.33074679 ], [ 134.53255035, 7.33074679 ], [ 134.53255035, 7.33070188 ], [ 134.53246052, 7.33070188 ], [ 134.53246052, 7.33065696 ], [ 134.5324156, 7.33065696 ], [ 134.5324156, 7.33061204 ], [ 134.53232577, 7.33061204 ], [ 134.53232577, 7.33056713 ], [ 134.53223594, 7.33056713 ], [ 134.53223594, 7.33079171 ], [ 134.532146110000014, 7.33079171 ], [ 134.532146110000014, 7.33088154 ], [ 134.53205628, 7.33088154 ], [ 134.53205628, 7.33097137 ], [ 134.53196644, 7.33097137 ], [ 134.53196644, 7.3310612 ], [ 134.531876610000012, 7.3310612 ], [ 134.531876610000012, 7.33119595 ], [ 134.5318317, 7.33119595 ], [ 134.5318317, 7.33128578 ], [ 134.53178678, 7.33128578 ], [ 134.53178678, 7.3313307 ], [ 134.53174187, 7.3313307 ], [ 134.53174187, 7.33142053 ], [ 134.53169695, 7.33142053 ], [ 134.53169695, 7.33146544 ], [ 134.53174187, 7.33146544 ], [ 134.53174187, 7.33151036 ], [ 134.53178678, 7.33151036 ], [ 134.53178678, 7.33182477 ], [ 134.53174187, 7.33182477 ], [ 134.53174187, 7.33186969 ], [ 134.53115796, 7.33186969 ], [ 134.53115796, 7.33169002 ], [ 134.53106813, 7.33169002 ], [ 134.53106813, 7.33160019 ], [ 134.53088847, 7.33160019 ], [ 134.53088847, 7.3310612 ], [ 134.53111304, 7.3310612 ], [ 134.53111304, 7.33083662 ], [ 134.53115796, 7.33083662 ], [ 134.53115796, 7.33061204 ], [ 134.53120288, 7.33061204 ], [ 134.53120288, 7.33052221 ], [ 134.531337619999988, 7.33052221 ], [ 134.531337619999988, 7.33025272 ], [ 134.53129271, 7.33025272 ], [ 134.53129271, 7.3302078 ], [ 134.53124779, 7.3302078 ], [ 134.53124779, 7.33011797 ], [ 134.53120288, 7.33011797 ], [ 134.53120288, 7.32984848 ], [ 134.53124779, 7.32984848 ], [ 134.53124779, 7.32975865 ], [ 134.53129271, 7.32975865 ], [ 134.53129271, 7.32971373 ], [ 134.531337619999988, 7.32971373 ], [ 134.531337619999988, 7.32966881 ], [ 134.53138254000001, 7.32966881 ], [ 134.53138254000001, 7.3296239 ], [ 134.53142746, 7.3296239 ], [ 134.53142746, 7.32957898 ], [ 134.531517290000011, 7.32957898 ], [ 134.531517290000011, 7.32953407 ], [ 134.53160712, 7.32953407 ], [ 134.53160712, 7.32957898 ], [ 134.53169695, 7.32957898 ], [ 134.53169695, 7.32948915 ], [ 134.53165203, 7.32948915 ], [ 134.53165203, 7.32944423 ], [ 134.53160712, 7.32944423 ], [ 134.53160712, 7.3293544 ], [ 134.5315622, 7.3293544 ], [ 134.5315622, 7.32930949 ], [ 134.531517290000011, 7.32930949 ], [ 134.531517290000011, 7.32926457 ], [ 134.531337619999988, 7.32926457 ], [ 134.531337619999988, 7.32917474 ], [ 134.53115796, 7.32917474 ], [ 134.53115796, 7.32908491 ], [ 134.53111304, 7.32908491 ], [ 134.53111304, 7.32903999 ], [ 134.53106813, 7.32903999 ], [ 134.53106813, 7.32890525 ], [ 134.53093338, 7.32890525 ], [ 134.53093338, 7.32881541 ], [ 134.53088847, 7.32881541 ], [ 134.53088847, 7.3287705 ], [ 134.530843549999986, 7.3287705 ], [ 134.530843549999986, 7.32872558 ], [ 134.53079863, 7.32872558 ], [ 134.53079863, 7.32863575 ], [ 134.53061897, 7.32863575 ], [ 134.53061897, 7.33236376 ], [ 134.53075372, 7.33236376 ], [ 134.53075372, 7.33240868 ], [ 134.53093338, 7.33240868 ], [ 134.53093338, 7.33249851 ], [ 134.53106813, 7.33249851 ], [ 134.53106813, 7.33254342 ], [ 134.53111304, 7.33254342 ], [ 134.53111304, 7.33263325 ], [ 134.53115796, 7.33263325 ], [ 134.53115796, 7.332768 ], [ 134.53120288, 7.332768 ], [ 134.53120288, 7.33281292 ], [ 134.53124779, 7.33281292 ], [ 134.53124779, 7.33290275 ], [ 134.53129271, 7.33290275 ], [ 134.53129271, 7.33294766 ], [ 134.531337619999988, 7.33294766 ], [ 134.531337619999988, 7.33299258 ], [ 134.53142746, 7.33299258 ], [ 134.53142746, 7.33308241 ], [ 134.531472369999989, 7.33308241 ], [ 134.531472369999989, 7.33317224 ], [ 134.5315622, 7.33317224 ], [ 134.5315622, 7.33321716 ], [ 134.53165203, 7.33321716 ], [ 134.53165203, 7.33326207 ], [ 134.53169695, 7.33326207 ], [ 134.53169695, 7.33330699 ], [ 134.53178678, 7.33330699 ], [ 134.53178678, 7.33335191 ], [ 134.5318317, 7.33335191 ], [ 134.5318317, 7.33339682 ], [ 134.531876610000012, 7.33339682 ], [ 134.531876610000012, 7.33344174 ], [ 134.53192153, 7.33344174 ], [ 134.53192153, 7.33357648 ], [ 134.53196644, 7.33357648 ], [ 134.53196644, 7.33371123 ], [ 134.532011360000013, 7.33371123 ], [ 134.532011360000013, 7.33380106 ], [ 134.53205628, 7.33380106 ], [ 134.53205628, 7.3338909 ], [ 134.532146110000014, 7.3338909 ], [ 134.532146110000014, 7.33384598 ], [ 134.53219102, 7.33384598 ], [ 134.53219102, 7.33380106 ], [ 134.53223594, 7.33380106 ], [ 134.53223594, 7.33375615 ], [ 134.53228085, 7.33375615 ], [ 134.53228085, 7.33366632 ], [ 134.53232577, 7.33366632 ], [ 134.53232577, 7.3336214 ], [ 134.5324156, 7.3336214 ], [ 134.5324156, 7.33357648 ], [ 134.5326851, 7.33357648 ], [ 134.5326851, 7.3336214 ], [ 134.53273001, 7.3336214 ], [ 134.53273001, 7.33366632 ], [ 134.53281984, 7.33366632 ], [ 134.53281984, 7.33371123 ], [ 134.53286476, 7.33371123 ], [ 134.53286476, 7.33375615 ], [ 134.532909679999989, 7.33375615 ], [ 134.532909679999989, 7.33384598 ], [ 134.53295459, 7.33384598 ], [ 134.53295459, 7.33393581 ], [ 134.532909679999989, 7.33393581 ], [ 134.532909679999989, 7.33398073 ], [ 134.53295459, 7.33398073 ], [ 134.53295459, 7.33402564 ], [ 134.53299951, 7.33402564 ], [ 134.53299951, 7.33416039 ], [ 134.53304442000001, 7.33416039 ], [ 134.53304442000001, 7.33451972 ], [ 134.53308934, 7.33451972 ], [ 134.53308934, 7.33474429 ], [ 134.533134249999989, 7.33474429 ], [ 134.533134249999989, 7.33492396 ], [ 134.53322409, 7.33492396 ], [ 134.53322409, 7.33510362 ], [ 134.533269, 7.33510362 ], [ 134.533269, 7.33523837 ], [ 134.533313920000012, 7.33523837 ], [ 134.533313920000012, 7.33541803 ], [ 134.533269, 7.33541803 ], [ 134.533269, 7.33550786 ], [ 134.53335883, 7.33550786 ], [ 134.53335883, 7.33559769 ], [ 134.53340375, 7.33559769 ], [ 134.53340375, 7.33573244 ], [ 134.53349358, 7.33573244 ], [ 134.53349358, 7.33568753 ], [ 134.5335385, 7.33568753 ], [ 134.5335385, 7.33573244 ], [ 134.53358341, 7.33573244 ], [ 134.53358341, 7.33577736 ], [ 134.533673240000013, 7.33577736 ], [ 134.533673240000013, 7.33582227 ], [ 134.53371816, 7.33582227 ], [ 134.53371816, 7.33586719 ], [ 134.53376307, 7.33586719 ], [ 134.53376307, 7.33595702 ], [ 134.53371816, 7.33595702 ], [ 134.53371816, 7.33609177 ], [ 134.53376307, 7.33609177 ], [ 134.53376307, 7.33613668 ], [ 134.533807990000014, 7.33613668 ], [ 134.533807990000014, 7.33609177 ], [ 134.53385291, 7.33609177 ], [ 134.53385291, 7.33600194 ], [ 134.53389782, 7.33600194 ], [ 134.53389782, 7.33604685 ], [ 134.53403257, 7.33604685 ], [ 134.53403257, 7.33600194 ], [ 134.53416732, 7.33600194 ], [ 134.53416732, 7.33604685 ], [ 134.53421223, 7.33604685 ], [ 134.53421223, 7.33600194 ], [ 134.53434698, 7.33600194 ], [ 134.53434698, 7.33595702 ], [ 134.53461647, 7.33595702 ], [ 134.53461647, 7.33600194 ], [ 134.53470631, 7.33600194 ], [ 134.53470631, 7.33604685 ], [ 134.53479614, 7.33604685 ], [ 134.53479614, 7.33613668 ], [ 134.534841050000011, 7.33613668 ], [ 134.534841050000011, 7.33627143 ], [ 134.53488597, 7.33627143 ], [ 134.53488597, 7.33645109 ], [ 134.53493088, 7.33645109 ], [ 134.53493088, 7.33640618 ], [ 134.535110550000013, 7.33640618 ] ], [ [ 134.53286476, 7.33088154 ], [ 134.53286476, 7.33092645 ], [ 134.53281984, 7.33092645 ], [ 134.53281984, 7.33088154 ], [ 134.53286476, 7.33088154 ] ], [ [ 134.532909679999989, 7.33092645 ], [ 134.532909679999989, 7.33097137 ], [ 134.53286476, 7.33097137 ], [ 134.53286476, 7.33092645 ], [ 134.532909679999989, 7.33092645 ] ], [ [ 134.53421223, 7.33438497 ], [ 134.53421223, 7.33483413 ], [ 134.5343919, 7.33483413 ], [ 134.5343919, 7.33510362 ], [ 134.53466139, 7.33510362 ], [ 134.53466139, 7.33537312 ], [ 134.534571559999989, 7.33537312 ], [ 134.534571559999989, 7.33546295 ], [ 134.53452664, 7.33546295 ], [ 134.53452664, 7.33550786 ], [ 134.534436809999988, 7.33550786 ], [ 134.534436809999988, 7.33555278 ], [ 134.5343919, 7.33555278 ], [ 134.5343919, 7.3359121 ], [ 134.5341224, 7.3359121 ], [ 134.5341224, 7.33573244 ], [ 134.53403257, 7.33573244 ], [ 134.53403257, 7.33564261 ], [ 134.53385291, 7.33564261 ], [ 134.53385291, 7.33510362 ], [ 134.53358341, 7.33510362 ], [ 134.53358341, 7.33492396 ], [ 134.53349358, 7.33492396 ], [ 134.53349358, 7.33483413 ], [ 134.53340375, 7.33483413 ], [ 134.53340375, 7.33478921 ], [ 134.53335883, 7.33478921 ], [ 134.53335883, 7.33465446 ], [ 134.53340375, 7.33465446 ], [ 134.53340375, 7.33456463 ], [ 134.533313920000012, 7.33456463 ], [ 134.533313920000012, 7.33429514 ], [ 134.53335883, 7.33429514 ], [ 134.53335883, 7.33425022 ], [ 134.53340375, 7.33425022 ], [ 134.53340375, 7.33420531 ], [ 134.53358341, 7.33420531 ], [ 134.53358341, 7.33411547 ], [ 134.533673240000013, 7.33411547 ], [ 134.533673240000013, 7.33416039 ], [ 134.53376307, 7.33416039 ], [ 134.53376307, 7.33420531 ], [ 134.533942739999986, 7.33420531 ], [ 134.533942739999986, 7.33429514 ], [ 134.5341224, 7.33429514 ], [ 134.5341224, 7.33434005 ], [ 134.53416732, 7.33434005 ], [ 134.53416732, 7.33438497 ], [ 134.53421223, 7.33438497 ] ], [ [ 134.532774929999988, 7.33321716 ], [ 134.532774929999988, 7.33213918 ], [ 134.533313920000012, 7.33213918 ], [ 134.533313920000012, 7.33348665 ], [ 134.53304442000001, 7.33348665 ], [ 134.53304442000001, 7.33321716 ], [ 134.53299951, 7.33321716 ], [ 134.532774929999988, 7.33321716 ] ] ] } },
{ "type": "Feature", "properties": { "id": "geomorphic_data_verbose.fid-75f8f034_1a0c1004d45_-5a0f", "class_name": "Deep Lagoon", "area_sqkm": 0.035597347746140325 }, "geometry": { "type": "Polygon", "coordinates": [ [ [ 134.5324156, 7.3336214 ], [ 134.53232577, 7.3336214 ], [ 134.53232577, 7.33366632 ], [ 134.53228085, 7.33366632 ], [ 134.53228085, 7.33375615 ], [ 134.53223594, 7.33375615 ], [ 134.53223594, 7.33380106 ], [ 134.53219102, 7.33380106 ], [ 134.53219102, 7.33384598 ], [ 134.532146110000014, 7.33384598 ], [ 134.532146110000014, 7.3338909 ], [ 134.53205628, 7.3338909 ], [ 134.53205628, 7.33380106 ], [ 134.532011360000013, 7.33380106 ], [ 134.532011360000013, 7.33371123 ], [ 134.53196644, 7.33371123 ], [ 134.53196644, 7.33357648 ], [ 134.53192153, 7.33357648 ], [ 134.53192153, 7.33344174 ], [ 134.531876610000012, 7.33344174 ], [ 134.531876610000012, 7.33339682 ], [ 134.5318317, 7.33339682 ], [ 134.5318317, 7.33335191 ], [ 134.53178678, 7.33335191 ], [ 134.53178678, 7.33330699 ], [ 134.53169695, 7.33330699 ], [ 134.53169695, 7.33326207 ], [ 134.53165203, 7.33326207 ], [ 134.53165203, 7.33321716 ], [ 134.5315622, 7.33321716 ], [ 134.5315622, 7.33317224 ], [ 134.531472369999989, 7.33317224 ], [ 134.531472369999989, 7.33308241 ], [ 134.53142746, 7.33308241 ], [ 134.53142746, 7.33299258 ], [ 134.531337619999988, 7.33299258 ], [ 134.531337619999988, 7.33294766 ], [ 134.53129271, 7.33294766 ], [ 134.53129271, 7.33290275 ], [ 134.53124779, 7.33290275 ], [ 134.53124779, 7.33281292 ], [ 134.53120288, 7.33281292 ], [ 134.53120288, 7.332768 ], [ 134.53115796, 7.332768 ], [ 134.53115796, 7.33263325 ], [ 134.53111304, 7.33263325 ], [ 134.53111304, 7.33254342 ], [ 134.53106813, 7.33254342 ], [ 134.53106813, 7.33249851 ], [ 134.53093338, 7.33249851 ], [ 134.53093338, 7.33240868 ], [ 134.53075372, 7.33240868 ], [ 134.53075372, 7.33236376 ], [ 134.53039439, 7.33236376 ], [ 134.53039439, 7.33249851 ], [ 134.530349480000012, 7.33249851 ], [ 134.530349480000012, 7.33254342 ], [ 134.53030456, 7.33254342 ], [ 134.53030456, 7.33263325 ], [ 134.530349480000012, 7.33263325 ], [ 134.530349480000012, 7.33294766 ], [ 134.53043931, 7.33294766 ], [ 134.53043931, 7.33308241 ], [ 134.53048422, 7.33308241 ], [ 134.53048422, 7.3330375 ], [ 134.53057406, 7.3330375 ], [ 134.53057406, 7.33308241 ], [ 134.53052914, 7.33308241 ], [ 134.53052914, 7.33312733 ], [ 134.53048422, 7.33312733 ], [ 134.53048422, 7.33317224 ], [ 134.53052914, 7.33317224 ], [ 134.53052914, 7.33330699 ], [ 134.53048422, 7.33330699 ], [ 134.53048422, 7.33335191 ], [ 134.53052914, 7.33335191 ], [ 134.53052914, 7.33339682 ], [ 134.53066389, 7.33339682 ], [ 134.53066389, 7.33348665 ], [ 134.53061897, 7.33348665 ], [ 134.53061897, 7.33357648 ], [ 134.530708800000014, 7.33357648 ], [ 134.530708800000014, 7.33353157 ], [ 134.53075372, 7.33353157 ], [ 134.53075372, 7.33357648 ], [ 134.53079863, 7.33357648 ], [ 134.53079863, 7.3336214 ], [ 134.530708800000014, 7.3336214 ], [ 134.530708800000014, 7.33366632 ], [ 134.53061897, 7.33366632 ], [ 134.53061897, 7.33375615 ], [ 134.530708800000014, 7.33375615 ], [ 134.530708800000014, 7.33384598 ], [ 134.53075372, 7.33384598 ], [ 134.53075372, 7.33380106 ], [ 134.53079863, 7.33380106 ], [ 134.53079863, 7.33375615 ], [ 134.530843549999986, 7.33375615 ], [ 134.530843549999986, 7.3336214 ], [ 134.53093338, 7.3336214 ], [ 134.53093338, 7.33366632 ], [ 134.530978299999987, 7.33366632 ], [ 134.530978299999987, 7.3336214 ], [ 134.53102321, 7.3336214 ], [ 134.53102321, 7.33357648 ], [ 134.53111304, 7.33357648 ], [ 134.53111304, 7.33353157 ], [ 134.53093338, 7.33353157 ], [ 134.53093338, 7.33339682 ], [ 134.530978299999987, 7.33339682 ], [ 134.530978299999987, 7.33321716 ], [ 134.53093338, 7.33321716 ], [ 134.53093338, 7.33317224 ], [ 134.53088847, 7.33317224 ], [ 134.53088847, 7.33312733 ], [ 134.530843549999986, 7.33312733 ], [ 134.530843549999986, 7.33294766 ], [ 134.53079863, 7.33294766 ], [ 134.53079863, 7.332768 ], [ 134.530843549999986, 7.332768 ], [ 134.530843549999986, 7.33272309 ], [ 134.53088847, 7.33272309 ], [ 134.53088847, 7.33294766 ], [ 134.53093338, 7.33294766 ], [ 134.53093338, 7.3330375 ], [ 134.530978299999987, 7.3330375 ], [ 134.530978299999987, 7.33312733 ], [ 134.53102321, 7.33312733 ], [ 134.53102321, 7.33317224 ], [ 134.53106813, 7.33317224 ], [ 134.53106813, 7.33321716 ], [ 134.53111304, 7.33321716 ], [ 134.53111304, 7.33326207 ], [ 134.53115796, 7.33326207 ], [ 134.53115796, 7.33330699 ], [ 134.53106813, 7.33330699 ], [ 134.53106813, 7.33344174 ], [ 134.53111304, 7.33344174 ], [ 134.53111304, 7.33339682 ], [ 134.53115796, 7.33339682 ], [ 134.53115796, 7.33335191 ], [ 134.53124779, 7.33335191 ], [ 134.53124779, 7.33330699 ], [ 134.53129271, 7.33330699 ], [ 134.53129271, 7.33326207 ], [ 134.53138254000001, 7.33326207 ], [ 134.53138254000001, 7.33344174 ], [ 134.53129271, 7.33344174 ], [ 134.53129271, 7.33348665 ], [ 134.53124779, 7.33348665 ], [ 134.53124779, 7.33344174 ], [ 134.53115796, 7.33344174 ], [ 134.53115796, 7.3336214 ], [ 134.53120288, 7.3336214 ], [ 134.53120288, 7.33384598 ], [ 134.53115796, 7.33384598 ], [ 134.53115796, 7.3338909 ], [ 134.53111304, 7.3338909 ], [ 134.53111304, 7.33393581 ], [ 134.53106813, 7.33393581 ], [ 134.53106813, 7.33398073 ], [ 134.53111304, 7.33398073 ], [ 134.53111304, 7.33402564 ], [ 134.53124779, 7.33402564 ], [ 134.53124779, 7.33398073 ], [ 134.53129271, 7.33398073 ], [ 134.53129271, 7.33411547 ], [ 134.53124779, 7.33411547 ], [ 134.53124779, 7.33420531 ], [ 134.53129271, 7.33420531 ], [ 134.53129271, 7.33425022 ], [ 134.53124779, 7.33425022 ], [ 134.53124779, 7.33429514 ], [ 134.53120288, 7.33429514 ], [ 134.53120288, 7.33438497 ], [ 134.53129271, 7.33438497 ], [ 134.53129271, 7.33434005 ], [ 134.531337619999988, 7.33434005 ], [ 134.531337619999988, 7.3344748 ], [ 134.53142746, 7.3344748 ], [ 134.53142746, 7.33429514 ], [ 134.531472369999989, 7.33429514 ], [ 134.531472369999989, 7.33420531 ], [ 134.53142746, 7.33420531 ], [ 134.53142746, 7.33425022 ], [ 134.531337619999988, 7.33425022 ], [ 134.531337619999988, 7.33420531 ], [ 134.53138254000001, 7.33420531 ], [ 134.53138254000001, 7.33416039 ], [ 134.531472369999989, 7.33416039 ], [ 134.531472369999989, 7.33411547 ], [ 134.531517290000011, 7.33411547 ], [ 134.531517290000011, 7.33407056 ], [ 134.53165203, 7.33407056 ], [ 134.53165203, 7.33425022 ], [ 134.53174187, 7.33425022 ], [ 134.53174187, 7.33434005 ], [ 134.53178678, 7.33434005 ], [ 134.53178678, 7.33438497 ], [ 134.53174187, 7.33438497 ], [ 134.53174187, 7.33451972 ], [ 134.53165203, 7.33451972 ], [ 134.53165203, 7.33460955 ], [ 134.53160712, 7.33460955 ], [ 134.53160712, 7.33474429 ], [ 134.53169695, 7.33474429 ], [ 134.53169695, 7.33487904 ], [ 134.53174187, 7.33487904 ], [ 134.53174187, 7.33501379 ], [ 134.53160712, 7.33501379 ], [ 134.53160712, 7.33523837 ], [ 134.53165203, 7.33523837 ], [ 134.53165203, 7.33528328 ], [ 134.53169695, 7.33528328 ], [ 134.53169695, 7.33537312 ], [ 134.53178678, 7.33537312 ], [ 134.53178678, 7.33541803 ], [ 134.53165203, 7.33541803 ], [ 134.53165203, 7.3353282 ], [ 134.5315622, 7.3353282 ], [ 134.5315622, 7.33537312 ], [ 134.531517290000011, 7.33537312 ], [ 134.531517290000011, 7.33541803 ], [ 134.531472369999989, 7.33541803 ], [ 134.531472369999989, 7.33550786 ], [ 134.53142746, 7.33550786 ], [ 134.53142746, 7.33546295 ], [ 134.53138254000001, 7.33546295 ], [ 134.53138254000001, 7.33541803 ], [ 134.531337619999988, 7.33541803 ], [ 134.531337619999988, 7.33555278 ], [ 134.53129271, 7.33555278 ], [ 134.53129271, 7.33564261 ], [ 134.531337619999988, 7.33564261 ], [ 134.531337619999988, 7.33573244 ], [ 134.53142746, 7.33573244 ], [ 134.53142746, 7.33568753 ], [ 134.531472369999989, 7.33568753 ], [ 134.531472369999989, 7.33577736 ], [ 134.53160712, 7.33577736 ], [ 134.53160712, 7.33568753 ], [ 134.53165203, 7.33568753 ], [ 134.53165203, 7.33573244 ], [ 134.53169695, 7.33573244 ], [ 134.53169695, 7.33577736 ], [ 134.53165203, 7.33577736 ], [ 134.53165203, 7.33582227 ], [ 134.53160712, 7.33582227 ], [ 134.53160712, 7.33586719 ], [ 134.531472369999989, 7.33586719 ], [ 134.531472369999989, 7.3359121 ], [ 134.531517290000011, 7.3359121 ], [ 134.531517290000011, 7.33613668 ], [ 134.53165203, 7.33613668 ], [ 134.53165203, 7.33622652 ], [ 134.53169695, 7.33622652 ], [ 134.53169695, 7.3361816 ], [ 134.53174187, 7.3361816 ], [ 134.53174187, 7.33631635 ], [ 134.5318317, 7.33631635 ], [ 134.5318317, 7.33627143 ], [ 134.531876610000012, 7.33627143 ], [ 134.531876610000012, 7.33613668 ], [ 134.5318317, 7.33613668 ], [ 134.5318317, 7.33600194 ], [ 134.531876610000012, 7.33600194 ], [ 134.531876610000012, 7.33595702 ], [ 134.53192153, 7.33595702 ], [ 134.53192153, 7.33600194 ], [ 134.532011360000013, 7.33600194 ], [ 134.532011360000013, 7.33595702 ], [ 134.53196644, 7.33595702 ], [ 134.53196644, 7.33573244 ], [ 134.53205628, 7.33573244 ], [ 134.53205628, 7.33582227 ], [ 134.53210119, 7.33582227 ], [ 134.53210119, 7.33600194 ], [ 134.53205628, 7.33600194 ], [ 134.53205628, 7.33604685 ], [ 134.532011360000013, 7.33604685 ], [ 134.532011360000013, 7.33609177 ], [ 134.53196644, 7.33609177 ], [ 134.53196644, 7.33622652 ], [ 134.53205628, 7.33622652 ], [ 134.53205628, 7.3361816 ], [ 134.53210119, 7.3361816 ], [ 134.53210119, 7.33613668 ], [ 134.53219102, 7.33613668 ], [ 134.53219102, 7.33609177 ], [ 134.53223594, 7.33609177 ], [ 134.53223594, 7.33600194 ], [ 134.532146110000014, 7.33600194 ], [ 134.532146110000014, 7.3359121 ], [ 134.53228085, 7.3359121 ], [ 134.53228085, 7.33600194 ], [ 134.53232577, 7.33600194 ], [ 134.53232577, 7.33604685 ], [ 134.5324156, 7.33604685 ], [ 134.5324156, 7.33609177 ], [ 134.53259527, 7.33609177 ], [ 134.53259527, 7.33550786 ], [ 134.53255035, 7.33550786 ], [ 134.53255035, 7.33546295 ], [ 134.532505429999986, 7.33546295 ], [ 134.532505429999986, 7.33541803 ], [ 134.53246052, 7.33541803 ], [ 134.53246052, 7.33546295 ], [ 134.53232577, 7.33546295 ], [ 134.53232577, 7.33537312 ], [ 134.53237069, 7.33537312 ], [ 134.53237069, 7.33528328 ], [ 134.5324156, 7.33528328 ], [ 134.5324156, 7.33514854 ], [ 134.53232577, 7.33514854 ], [ 134.53232577, 7.33519345 ], [ 134.53228085, 7.33519345 ], [ 134.53228085, 7.33510362 ], [ 134.53232577, 7.33510362 ], [ 134.53232577, 7.33505871 ], [ 134.53228085, 7.33505871 ], [ 134.53228085, 7.33501379 ], [ 134.53232577, 7.33501379 ], [ 134.53232577, 7.33487904 ], [ 134.53246052, 7.33487904 ], [ 134.53246052, 7.33492396 ], [ 134.532505429999986, 7.33492396 ], [ 134.532505429999986, 7.33483413 ], [ 134.53246052, 7.33483413 ], [ 134.53246052, 7.33474429 ], [ 134.5324156, 7.33474429 ], [ 134.5324156, 7.33478921 ], [ 134.53237069, 7.33478921 ], [ 134.53237069, 7.33469938 ], [ 134.532505429999986, 7.33469938 ], [ 134.532505429999986, 7.33465446 ], [ 134.53259527, 7.33465446 ], [ 134.53259527, 7.33420531 ], [ 134.53255035, 7.33420531 ], [ 134.53255035, 7.33411547 ], [ 134.53259527, 7.33411547 ], [ 134.53259527, 7.33357648 ], [ 134.5324156, 7.33357648 ], [ 134.5324156, 7.3336214 ] ], [ [ 134.53075372, 7.33308241 ], [ 134.53075372, 7.33312733 ], [ 134.53079863, 7.33312733 ], [ 134.53079863, 7.33317224 ], [ 134.530708800000014, 7.33317224 ], [ 134.530708800000014, 7.33312733 ], [ 134.53066389, 7.33312733 ], [ 134.53066389, 7.33317224 ], [ 134.53057406, 7.33317224 ], [ 134.53057406, 7.33308241 ], [ 134.53075372, 7.33308241 ] ], [ [ 134.53129271, 7.33393581 ], [ 134.531337619999988, 7.33393581 ], [ 134.531337619999988, 7.33384598 ], [ 134.53138254000001, 7.33384598 ], [ 134.53138254000001, 7.3338909 ], [ 134.53142746, 7.3338909 ], [ 134.53142746, 7.33384598 ], [ 134.531472369999989, 7.33384598 ], [ 134.531472369999989, 7.33380106 ], [ 134.53142746, 7.33380106 ], [ 134.53142746, 7.33371123 ], [ 134.53138254000001, 7.33371123 ], [ 134.53138254000001, 7.33366632 ], [ 134.531337619999988, 7.33366632 ], [ 134.531337619999988, 7.3336214 ], [ 134.53129271, 7.3336214 ], [ 134.53129271, 7.33357648 ], [ 134.531472369999989, 7.33357648 ], [ 134.531472369999989, 7.3336214 ], [ 134.531517290000011, 7.3336214 ], [ 134.531517290000011, 7.33353157 ], [ 134.5315622, 7.33353157 ], [ 134.5315622, 7.33344174 ], [ 134.531517290000011, 7.33344174 ], [ 134.531517290000011, 7.33335191 ], [ 134.53165203, 7.33335191 ], [ 134.53165203, 7.33344174 ], [ 134.53160712, 7.33344174 ], [ 134.53160712, 7.33357648 ], [ 134.53165203, 7.33357648 ], [ 134.53165203, 7.3336214 ], [ 134.53169695, 7.3336214 ], [ 134.53169695, 7.33366632 ], [ 134.53174187, 7.33366632 ], [ 134.53174187, 7.33375615 ], [ 134.53165203, 7.33375615 ], [ 134.53165203, 7.33380106 ], [ 134.53160712, 7.33380106 ], [ 134.53160712, 7.33384598 ], [ 134.53165203, 7.33384598 ], [ 134.53165203, 7.33393581 ], [ 134.531517290000011, 7.33393581 ], [ 134.531517290000011, 7.33402564 ], [ 134.531472369999989, 7.33402564 ], [ 134.531472369999989, 7.33407056 ], [ 134.53138254000001, 7.33407056 ], [ 134.53138254000001, 7.33398073 ], [ 134.53129271, 7.33398073 ], [ 134.53129271, 7.33393581 ] ], [ [ 134.531472369999989, 7.33335191 ], [ 134.531472369999989, 7.33326207 ], [ 134.531517290000011, 7.33326207 ], [ 134.531517290000011, 7.33335191 ], [ 134.531472369999989, 7.33335191 ] ], [ [ 134.5318317, 7.33375615 ], [ 134.5318317, 7.33380106 ], [ 134.53178678, 7.33380106 ], [ 134.53178678, 7.33384598 ], [ 134.53174187, 7.33384598 ], [ 134.53174187, 7.33375615 ], [ 134.5318317, 7.33375615 ] ], [ [ 134.53165203, 7.33398073 ], [ 134.53169695, 7.33398073 ], [ 134.53169695, 7.33393581 ], [ 134.53174187, 7.33393581 ], [ 134.53174187, 7.33398073 ], [ 134.5318317, 7.33398073 ], [ 134.5318317, 7.33407056 ], [ 134.53165203, 7.33407056 ], [ 134.53165203, 7.33398073 ] ], [ [ 134.531876610000012, 7.33407056 ], [ 134.531876610000012, 7.33416039 ], [ 134.5318317, 7.33416039 ], [ 134.5318317, 7.33407056 ], [ 134.531876610000012, 7.33407056 ] ], [ [ 134.53169695, 7.33460955 ], [ 134.53169695, 7.33469938 ], [ 134.53165203, 7.33469938 ], [ 134.53165203, 7.33460955 ], [ 134.53169695, 7.33460955 ] ], [ [ 134.531472369999989, 7.33564261 ], [ 134.531517290000011, 7.33564261 ], [ 134.531517290000011, 7.33568753 ], [ 134.531472369999989, 7.33568753 ], [ 134.531472369999989, 7.33564261 ] ], [ [ 134.53228085, 7.33528328 ], [ 134.53223594, 7.33528328 ], [ 134.53223594, 7.3353282 ], [ 134.532146110000014, 7.3353282 ], [ 134.532146110000014, 7.33541803 ], [ 134.532011360000013, 7.33541803 ], [ 134.532011360000013, 7.33537312 ], [ 134.53196644, 7.33537312 ], [ 134.53196644, 7.3353282 ], [ 134.53192153, 7.3353282 ], [ 134.53192153, 7.33541803 ], [ 134.5318317, 7.33541803 ], [ 134.5318317, 7.33528328 ], [ 134.53178678, 7.33528328 ], [ 134.53178678, 7.33523837 ], [ 134.531876610000012, 7.33523837 ], [ 134.531876610000012, 7.33528328 ], [ 134.53192153, 7.33528328 ], [ 134.53192153, 7.33519345 ], [ 134.531876610000012, 7.33519345 ], [ 134.531876610000012, 7.33514854 ], [ 134.5318317, 7.33514854 ], [ 134.5318317, 7.33510362 ], [ 134.53178678, 7.33510362 ], [ 134.53178678, 7.33501379 ], [ 134.5318317, 7.33501379 ], [ 134.5318317, 7.33496887 ], [ 134.53192153, 7.33496887 ], [ 134.53192153, 7.33492396 ], [ 134.53196644, 7.33492396 ], [ 134.53196644, 7.33483413 ], [ 134.53205628, 7.33483413 ], [ 134.53205628, 7.33487904 ], [ 134.53210119, 7.33487904 ], [ 134.53210119, 7.33492396 ], [ 134.532146110000014, 7.33492396 ], [ 134.532146110000014, 7.33474429 ], [ 134.53210119, 7.33474429 ], [ 134.53210119, 7.33465446 ], [ 134.53192153, 7.33465446 ], [ 134.53192153, 7.33460955 ], [ 134.531876610000012, 7.33460955 ], [ 134.531876610000012, 7.33451972 ], [ 134.53196644, 7.33451972 ], [ 134.53196644, 7.33438497 ], [ 134.53205628, 7.33438497 ], [ 134.53205628, 7.33456463 ], [ 134.53210119, 7.33456463 ], [ 134.53210119, 7.33460955 ], [ 134.532146110000014, 7.33460955 ], [ 134.532146110000014, 7.33465446 ], [ 134.53219102, 7.33465446 ], [ 134.53219102, 7.33456463 ], [ 134.53223594, 7.33456463 ], [ 134.53223594, 7.33460955 ], [ 134.53228085, 7.33460955 ], [ 134.53228085, 7.33469938 ], [ 134.53223594, 7.33469938 ], [ 134.53223594, 7.33474429 ], [ 134.53228085, 7.33474429 ], [ 134.53228085, 7.33483413 ], [ 134.53219102, 7.33483413 ], [ 134.53219102, 7.33492396 ], [ 134.53223594, 7.33492396 ], [ 134.53223594, 7.33496887 ], [ 134.53219102, 7.33496887 ], [ 134.53219102, 7.33501379 ], [ 134.532146110000014, 7.33501379 ], [ 134.532146110000014, 7.33514854 ], [ 134.53219102, 7.33514854 ], [ 134.53219102, 7.33519345 ], [ 134.53228085, 7.33519345 ], [ 134.53228085, 7.33528328 ] ], [ [ 134.53223594, 7.33510362 ], [ 134.53219102, 7.33510362 ], [ 134.53219102, 7.33505871 ], [ 134.53223594, 7.33505871 ], [ 134.53223594, 7.33510362 ] ], [ [ 134.531337619999988, 7.33380106 ], [ 134.53124779, 7.33380106 ], [ 134.53124779, 7.33371123 ], [ 134.531337619999988, 7.33371123 ], [ 134.531337619999988, 7.33380106 ] ], [ [ 134.530843549999986, 7.33249851 ], [ 134.53088847, 7.33249851 ], [ 134.53088847, 7.33258834 ], [ 134.53079863, 7.33258834 ], [ 134.53079863, 7.33254342 ], [ 134.530843549999986, 7.33254342 ], [ 134.530843549999986, 7.33249851 ] ], [ [ 134.53237069, 7.33429514 ], [ 134.53232577, 7.33429514 ], [ 134.53232577, 7.33425022 ], [ 134.53237069, 7.33425022 ], [ 134.53237069, 7.33429514 ] ], [ [ 134.53169695, 7.33510362 ], [ 134.53174187, 7.33510362 ], [ 134.53174187, 7.33519345 ], [ 134.53165203, 7.33519345 ], [ 134.53165203, 7.33514854 ], [ 134.53169695, 7.33514854 ], [ 134.53169695, 7.33510362 ] ], [ [ 134.53066389, 7.33299258 ], [ 134.53052914, 7.33299258 ], [ 134.53052914, 7.33294766 ], [ 134.53048422, 7.33294766 ], [ 134.53048422, 7.33290275 ], [ 134.53057406, 7.33290275 ], [ 134.53057406, 7.33294766 ], [ 134.53066389, 7.33294766 ], [ 134.53066389, 7.33299258 ] ], [ [ 134.532505429999986, 7.33402564 ], [ 134.532505429999986, 7.33411547 ], [ 134.53246052, 7.33411547 ], [ 134.53246052, 7.33407056 ], [ 134.53237069, 7.33407056 ], [ 134.53237069, 7.33402564 ], [ 134.5324156, 7.33402564 ], [ 134.5324156, 7.33393581 ], [ 134.53246052, 7.33393581 ], [ 134.53246052, 7.3338909 ], [ 134.532505429999986, 7.3338909 ], [ 134.532505429999986, 7.33398073 ], [ 134.53255035, 7.33398073 ], [ 134.53255035, 7.33402564 ], [ 134.532505429999986, 7.33402564 ] ], [ [ 134.53223594, 7.33586719 ], [ 134.53219102, 7.33586719 ], [ 134.53219102, 7.33582227 ], [ 134.53223594, 7.33582227 ], [ 134.53223594, 7.33586719 ] ], [ [ 134.53066389, 7.33258834 ], [ 134.53066389, 7.33263325 ], [ 134.53061897, 7.33263325 ], [ 134.53061897, 7.33272309 ], [ 134.53052914, 7.33272309 ], [ 134.53052914, 7.33267817 ], [ 134.53048422, 7.33267817 ], [ 134.53048422, 7.33258834 ], [ 134.53061897, 7.33258834 ], [ 134.53066389, 7.33258834 ] ], [ [ 134.5315622, 7.33550786 ], [ 134.531517290000011, 7.33550786 ], [ 134.531517290000011, 7.33546295 ], [ 134.5315622, 7.33546295 ], [ 134.5315622, 7.33550786 ] ], [ [ 134.532505429999986, 7.33451972 ], [ 134.53246052, 7.33451972 ], [ 134.53246052, 7.3344748 ], [ 134.532505429999986, 7.3344748 ], [ 134.532505429999986, 7.33451972 ] ], [ [ 134.5318317, 7.33456463 ], [ 134.53178678, 7.33456463 ], [ 134.53178678, 7.3344748 ], [ 134.5318317, 7.3344748 ], [ 134.5318317, 7.33456463 ] ], [ [ 134.53178678, 7.33555278 ], [ 134.5318317, 7.33555278 ], [ 134.5318317, 7.33559769 ], [ 134.53174187, 7.33559769 ], [ 134.53174187, 7.33550786 ], [ 134.53178678, 7.33550786 ], [ 134.53178678, 7.33555278 ] ], [ [ 134.53169695, 7.33550786 ], [ 134.53169695, 7.33546295 ], [ 134.53174187, 7.33546295 ], [ 134.53174187, 7.33550786 ], [ 134.53169695, 7.33550786 ] ], [ [ 134.53223594, 7.33407056 ], [ 134.53232577, 7.33407056 ], [ 134.53232577, 7.33411547 ], [ 134.53228085, 7.33411547 ], [ 134.53228085, 7.33420531 ], [ 134.53219102, 7.33420531 ], [ 134.53219102, 7.33411547 ], [ 134.53223594, 7.33411547 ], [ 134.53223594, 7.33407056 ] ], [ [ 134.53192153, 7.33568753 ], [ 134.531876610000012, 7.33568753 ], [ 134.531876610000012, 7.33559769 ], [ 134.53192153, 7.33559769 ], [ 134.53192153, 7.33568753 ] ], [ [ 134.531876610000012, 7.33586719 ], [ 134.53178678, 7.33586719 ], [ 134.53178678, 7.33582227 ], [ 134.53174187, 7.33582227 ], [ 134.53174187, 7.33573244 ], [ 134.5318317, 7.33573244 ], [ 134.5318317, 7.33568753 ], [ 134.531876610000012, 7.33568753 ], [ 134.531876610000012, 7.33586719 ] ], [ [ 134.53192153, 7.33555278 ], [ 134.53196644, 7.33555278 ], [ 134.53196644, 7.33559769 ], [ 134.53192153, 7.33559769 ], [ 134.53192153, 7.33555278 ] ], [ [ 134.532505429999986, 7.33586719 ], [ 134.53255035, 7.33586719 ], [ 134.53255035, 7.33595702 ], [ 134.532505429999986, 7.33595702 ], [ 134.532505429999986, 7.33604685 ], [ 134.53246052, 7.33604685 ], [ 134.53246052, 7.33582227 ], [ 134.532505429999986, 7.33582227 ], [ 134.532505429999986, 7.33586719 ] ], [ [ 134.53228085, 7.33451972 ], [ 134.53223594, 7.33451972 ], [ 134.53223594, 7.33438497 ], [ 134.53228085, 7.33438497 ], [ 134.53228085, 7.33451972 ] ], [ [ 134.53219102, 7.33451972 ], [ 134.532146110000014, 7.33451972 ], [ 134.532146110000014, 7.33442988 ], [ 134.53219102, 7.33442988 ], [ 134.53219102, 7.33451972 ] ], [ [ 134.53106813, 7.33299258 ], [ 134.530978299999987, 7.33299258 ], [ 134.530978299999987, 7.33294766 ], [ 134.53106813, 7.33294766 ], [ 134.53106813, 7.33299258 ] ], [ [ 134.53232577, 7.33586719 ], [ 134.53237069, 7.33586719 ], [ 134.53237069, 7.3359121 ], [ 134.5324156, 7.3359121 ], [ 134.5324156, 7.33600194 ], [ 134.53237069, 7.33600194 ], [ 134.53237069, 7.33595702 ], [ 134.53232577, 7.33595702 ], [ 134.53232577, 7.33586719 ] ], [ [ 134.53165203, 7.33600194 ], [ 134.5315622, 7.33600194 ], [ 134.5315622, 7.33595702 ], [ 134.53165203, 7.33595702 ], [ 134.53165203, 7.33600194 ] ], [ [ 134.53165203, 7.33586719 ], [ 134.53174187, 7.33586719 ], [ 134.53174187, 7.33595702 ], [ 134.53165203, 7.33595702 ], [ 134.53165203, 7.33586719 ] ], [ [ 134.53088847, 7.33330699 ], [ 134.530843549999986, 7.33330699 ], [ 134.530843549999986, 7.33335191 ], [ 134.53079863, 7.33335191 ], [ 134.53079863, 7.33326207 ], [ 134.53088847, 7.33326207 ], [ 134.53088847, 7.33330699 ] ], [ [ 134.53075372, 7.3330375 ], [ 134.530708800000014, 7.3330375 ], [ 134.530708800000014, 7.33294766 ], [ 134.53075372, 7.33294766 ], [ 134.53075372, 7.3330375 ] ] ] } },
{ "type": "Feature", "properties": { "id": "geomorphic_data_verbose.fid-75f8f034_1a0c1004d45_-5a10", "class_name": "Deep Lagoon", "area_sqkm": 0.00046806184330955145 }, "geometry": { "type": "Polygon", "coordinates": [ [ [ 134.531517290000011, 7.33456463 ], [ 134.531517290000011, 7.33451972 ], [ 134.53165203, 7.33451972 ], [ 134.53165203, 7.33429514 ], [ 134.53160712, 7.33429514 ], [ 134.53160712, 7.33425022 ], [ 134.5315622, 7.33425022 ], [ 134.5315622, 7.33429514 ], [ 134.531472369999989, 7.33429514 ], [ 134.531472369999989, 7.33438497 ], [ 134.531517290000011, 7.33438497 ], [ 134.5315622, 7.33438497 ], [ 134.5315622, 7.3344748 ], [ 134.531472369999989, 7.3344748 ], [ 134.531472369999989, 7.33451972 ], [ 134.53142746, 7.33451972 ], [ 134.53142746, 7.33456463 ], [ 134.531517290000011, 7.33456463 ] ] ] } },
{ "type": "Feature", "properties": { "id": "geomorphic_data_verbose.fid-75f8f034_1a0c1004d45_-5a11", "class_name": "Deep Lagoon", "area_sqkm": 4.9269645794294775e-05 }, "geometry": { "type": "Polygon", "coordinates": [ [ [ 134.5315622, 7.33465446 ], [ 134.5315622, 7.33456463 ], [ 134.531517290000011, 7.33456463 ], [ 134.531517290000011, 7.33465446 ], [ 134.5315622, 7.33465446 ] ] ] } },
{ "type": "Feature", "properties": { "id": "geomorphic_data_verbose.fid-75f8f034_1a0c1004d45_-524b", "class_name": "Deep Lagoon", "area_sqkm": 7.3904436016455297e-05 }, "geometry": { "type": "Polygon", "coordinates": [ [ [ 134.53255035, 7.33487904 ], [ 134.53259527, 7.33487904 ], [ 134.53259527, 7.33474429 ], [ 134.53255035, 7.33474429 ], [ 134.53255035, 7.33487904 ] ] ] } },
{ "type": "Feature", "properties": { "id": "geomorphic_data_verbose.fid-75f8f034_1a0c1004d45_-5a0e", "class_name": "Deep Lagoon", "area_sqkm": 4.9269607067573814e-05 }, "geometry": { "type": "Polygon", "coordinates": [ [ [ 134.53255035, 7.33501379 ], [ 134.53259527, 7.33501379 ], [ 134.53259527, 7.33492396 ], [ 134.53255035, 7.33492396 ], [ 134.53255035, 7.33501379 ] ] ] } },
{ "type": "Feature", "properties": { "id": "geomorphic_data_verbose.fid-75f8f034_1a0c1004d45_-599e", "class_name": "Deep Lagoon", "area_sqkm": 7.3904239952564236e-05 }, "geometry": { "type": "Polygon", "coordinates": [ [ [ 134.532640179999987, 7.33595702 ], [ 134.53259527, 7.33595702 ], [ 134.53259527, 7.33609177 ], [ 134.532640179999987, 7.33609177 ], [ 134.532640179999987, 7.33595702 ] ] ] } },
{ "type": "Feature", "properties": { "id": "geomorphic_data_verbose.fid-75f8f034_1a0c1004d45_-5211", "class_name": "Deep Lagoon", "area_sqkm": 0.00051732948243198918 }, "geometry": { "type": "Polygon", "coordinates": [ [ [ 134.53052914, 7.33631635 ], [ 134.53052914, 7.33609177 ], [ 134.53048422, 7.33609177 ], [ 134.53030456, 7.33609177 ], [ 134.53030456, 7.33622652 ], [ 134.530349480000012, 7.33622652 ], [ 134.530349480000012, 7.33627143 ], [ 134.53039439, 7.33627143 ], [ 134.53043931, 7.33627143 ], [ 134.53043931, 7.33631635 ], [ 134.53052914, 7.33631635 ] ] ] } },
{ "type": "Feature", "properties": { "id": "geomorphic_data_verbose.fid-75f8f034_1a0c1004d45_-524c", "class_name": "Deep Lagoon", "area_sqkm": 0.0025373778649796733 }, "geometry": { "type": "Polygon", "coordinates": [ [ [ 134.530708800000014, 7.33672059 ], [ 134.530708800000014, 7.33663076 ], [ 134.53066389, 7.33663076 ], [ 134.53061897, 7.33663076 ], [ 134.53061897, 7.33658584 ], [ 134.53057406, 7.33658584 ], [ 134.53057406, 7.33654093 ], [ 134.53079863, 7.33654093 ], [ 134.53079863, 7.33640618 ], [ 134.53075372, 7.33640618 ], [ 134.53075372, 7.33627143 ], [ 134.53088847, 7.33627143 ], [ 134.53088847, 7.3361816 ], [ 134.530843549999986, 7.3361816 ], [ 134.53075372, 7.3361816 ], [ 134.53075372, 7.33604685 ], [ 134.53079863, 7.33604685 ], [ 134.53079863, 7.33600194 ], [ 134.53088847, 7.33600194 ], [ 134.53088847, 7.33609177 ], [ 134.530978299999987, 7.33609177 ], [ 134.530978299999987, 7.33600194 ], [ 134.53093338, 7.33600194 ], [ 134.53093338, 7.33595702 ], [ 134.53106813, 7.33595702 ], [ 134.53106813, 7.3359121 ], [ 134.53102321, 7.3359121 ], [ 134.530978299999987, 7.3359121 ], [ 134.530978299999987, 7.33586719 ], [ 134.53093338, 7.33586719 ], [ 134.53093338, 7.33582227 ], [ 134.53088847, 7.33582227 ], [ 134.530843549999986, 7.33582227 ], [ 134.530843549999986, 7.33573244 ], [ 134.53079863, 7.33573244 ], [ 134.53079863, 7.33577736 ], [ 134.53075372, 7.33577736 ], [ 134.53075372, 7.33582227 ], [ 134.53061897, 7.33582227 ], [ 134.53061897, 7.33586719 ], [ 134.53066389, 7.33586719 ], [ 134.53066389, 7.3359121 ], [ 134.53061897, 7.3359121 ], [ 134.53061897, 7.33600194 ], [ 134.53066389, 7.33600194 ], [ 134.530708800000014, 7.33600194 ], [ 134.530708800000014, 7.33609177 ], [ 134.53061897, 7.33609177 ], [ 134.53061897, 7.33636126 ], [ 134.53052914, 7.33636126 ], [ 134.53052914, 7.33640618 ], [ 134.53048422, 7.33640618 ], [ 134.53048422, 7.33649601 ], [ 134.53052914, 7.33649601 ], [ 134.53052914, 7.33654093 ], [ 134.53048422, 7.33654093 ], [ 134.53048422, 7.33658584 ], [ 134.53043931, 7.33658584 ], [ 134.53043931, 7.33667567 ], [ 134.53057406, 7.33667567 ], [ 134.53061897, 7.33667567 ], [ 134.53061897, 7.33672059 ], [ 134.530708800000014, 7.33672059 ] ], [ [ 134.53066389, 7.3361816 ], [ 134.530708800000014, 7.3361816 ], [ 134.530708800000014, 7.33622652 ], [ 134.53066389, 7.33622652 ], [ 134.53066389, 7.3361816 ] ] ] } },
{ "type": "Feature", "properties": { "id": "geomorphic_data_verbose.fid-75f8f034_1a0c1004d45_-599f", "class_name": "Deep Lagoon", "area_sqkm": 0.00049269465362979104 }, "geometry": { "type": "Polygon", "coordinates": [ [ [ 134.53255035, 7.33622652 ], [ 134.53246052, 7.33622652 ], [ 134.53246052, 7.3361816 ], [ 134.5324156, 7.3361816 ], [ 134.5324156, 7.33613668 ], [ 134.53228085, 7.33613668 ], [ 134.53228085, 7.3361816 ], [ 134.53232577, 7.3361816 ], [ 134.53232577, 7.33622652 ], [ 134.53237069, 7.33622652 ], [ 134.53237069, 7.33627143 ], [ 134.53246052, 7.33627143 ], [ 134.53246052, 7.33640618 ], [ 134.532505429999986, 7.33640618 ], [ 134.532505429999986, 7.33645109 ], [ 134.53259527, 7.33645109 ], [ 134.53259527, 7.33627143 ], [ 134.53255035, 7.33627143 ], [ 134.53255035, 7.33622652 ] ], [ [ 134.532505429999986, 7.33636126 ], [ 134.53255035, 7.33636126 ], [ 134.53255035, 7.33640618 ], [ 134.532505429999986, 7.33640618 ], [ 134.532505429999986, 7.33636126 ] ] ] } },
{ "type": "Feature", "properties": { "id": "geomorphic_data_verbose.fid-75f8f034_1a0c1004d45_-5332", "class_name": "Deep Lagoon", "area_sqkm": 0.0011578317504529841 }, "geometry": { "type": "Polygon", "coordinates": [ [ [ 134.5324156, 7.33654093 ], [ 134.53237069, 7.33654093 ], [ 134.53237069, 7.33645109 ], [ 134.53232577, 7.33645109 ], [ 134.53232577, 7.33636126 ], [ 134.53228085, 7.33636126 ], [ 134.53228085, 7.33645109 ], [ 134.53210119, 7.33645109 ], [ 134.53210119, 7.33649601 ], [ 134.53205628, 7.33649601 ], [ 134.53205628, 7.33654093 ], [ 134.53196644, 7.33654093 ], [ 134.53196644, 7.33658584 ], [ 134.53210119, 7.33658584 ], [ 134.53210119, 7.33663076 ], [ 134.53219102, 7.33663076 ], [ 134.53219102, 7.33667567 ], [ 134.53223594, 7.33667567 ], [ 134.53223594, 7.33672059 ], [ 134.53232577, 7.33672059 ], [ 134.53232577, 7.33667567 ], [ 134.53237069, 7.33667567 ], [ 134.53237069, 7.33663076 ], [ 134.53246052, 7.33663076 ], [ 134.53246052, 7.33654093 ], [ 134.53255035, 7.33654093 ], [ 134.53255035, 7.33658584 ], [ 134.53259527, 7.33658584 ], [ 134.53259527, 7.33649601 ], [ 134.532505429999986, 7.33649601 ], [ 134.532505429999986, 7.33645109 ], [ 134.5324156, 7.33645109 ], [ 134.5324156, 7.33654093 ] ] ] } },
{ "type": "Feature", "properties": { "id": "geomorphic_data_verbose.fid-75f8f034_1a0c1004d45_-524e", "class_name": "Outer Reef Flat", "area_sqkm": 2.4634712773375212e-05 }, "geometry": { "type": "Polygon", "coordinates": [ [ [ 134.53178678, 7.33667567 ], [ 134.53178678, 7.33663076 ], [ 134.53174187, 7.33663076 ], [ 134.53174187, 7.33667567 ], [ 134.53178678, 7.33667567 ] ] ] } },
{ "type": "Feature", "properties": { "id": "geomorphic_data_verbose.fid-75f8f034_1a0c1004d45_-59a2", "class_name": "Outer Reef Flat", "area_sqkm": 2.4634710383135825e-05 }, "geometry": { "type": "Polygon", "coordinates": [ [ [ 134.53174187, 7.33672059 ], [ 134.53174187, 7.33667567 ], [ 134.53169695, 7.33667567 ], [ 134.53169695, 7.33672059 ], [ 134.53174187, 7.33672059 ] ] ] } },
{ "type": "Feature", "properties": { "id": "geomorphic_data_verbose.fid-75f8f034_1a0c1004d45_-5bfb", "class_name": "Deep Lagoon", "area_sqkm": 0.0023649305904246865 }, "geometry": { "type": "Polygon", "coordinates": [ [ [ 134.53079863, 7.33730449 ], [ 134.53079863, 7.33725958 ], [ 134.530843549999986, 7.33725958 ], [ 134.530843549999986, 7.33721466 ], [ 134.53088847, 7.33721466 ], [ 134.53088847, 7.33716975 ], [ 134.530843549999986, 7.33716975 ], [ 134.530843549999986, 7.33712483 ], [ 134.53079863, 7.33712483 ], [ 134.53079863, 7.33699008 ], [ 134.53088847, 7.33699008 ], [ 134.53088847, 7.33690025 ], [ 134.530843549999986, 7.33690025 ], [ 134.530708800000014, 7.33690025 ], [ 134.530708800000014, 7.33707991 ], [ 134.53075372, 7.33707991 ], [ 134.53075372, 7.33712483 ], [ 134.530708800000014, 7.33712483 ], [ 134.530708800000014, 7.33721466 ], [ 134.53066389, 7.33721466 ], [ 134.53066389, 7.33716975 ], [ 134.53061897, 7.33716975 ], [ 134.53061897, 7.33712483 ], [ 134.53057406, 7.33712483 ], [ 134.53057406, 7.33690025 ], [ 134.53061897, 7.33690025 ], [ 134.53061897, 7.33681042 ], [ 134.53057406, 7.33681042 ], [ 134.53057406, 7.3367655 ], [ 134.53048422, 7.3367655 ], [ 134.53048422, 7.33685534 ], [ 134.53052914, 7.33685534 ], [ 134.53052914, 7.33694517 ], [ 134.53048422, 7.33694517 ], [ 134.53048422, 7.33699008 ], [ 134.53043931, 7.33699008 ], [ 134.53043931, 7.33694517 ], [ 134.53039439, 7.33694517 ], [ 134.53039439, 7.33685534 ], [ 134.53043931, 7.33685534 ], [ 134.53043931, 7.33681042 ], [ 134.53039439, 7.33681042 ], [ 134.53039439, 7.3367655 ], [ 134.53025965, 7.3367655 ], [ 134.53025965, 7.33685534 ], [ 134.53016981, 7.33685534 ], [ 134.53016981, 7.33681042 ], [ 134.5301249, 7.33681042 ], [ 134.5301249, 7.3367655 ], [ 134.530079980000011, 7.3367655 ], [ 134.530079980000011, 7.33672059 ], [ 134.53003507, 7.33672059 ], [ 134.53003507, 7.3367655 ], [ 134.52999015, 7.3367655 ], [ 134.52999015, 7.33685534 ], [ 134.530079980000011, 7.33685534 ], [ 134.5301249, 7.33685534 ], [ 134.5301249, 7.33690025 ], [ 134.53016981, 7.33690025 ], [ 134.53016981, 7.33694517 ], [ 134.530214730000012, 7.33694517 ], [ 134.530214730000012, 7.33699008 ], [ 134.53025965, 7.33699008 ], [ 134.53025965, 7.33694517 ], [ 134.53030456, 7.33694517 ], [ 134.53030456, 7.337035 ], [ 134.530349480000012, 7.337035 ], [ 134.530349480000012, 7.33707991 ], [ 134.53025965, 7.33707991 ], [ 134.53025965, 7.33725958 ], [ 134.530349480000012, 7.33725958 ], [ 134.530349480000012, 7.33721466 ], [ 134.53030456, 7.33721466 ], [ 134.53030456, 7.33716975 ], [ 134.53043931, 7.33716975 ], [ 134.53043931, 7.33707991 ], [ 134.53048422, 7.33707991 ], [ 134.53048422, 7.337035 ], [ 134.53052914, 7.337035 ], [ 134.53052914, 7.33716975 ], [ 134.53057406, 7.33716975 ], [ 134.53057406, 7.33725958 ], [ 134.53061897, 7.33725958 ], [ 134.53061897, 7.33730449 ], [ 134.53079863, 7.33730449 ] ] ] } },
{ "type": "Feature", "properties": { "id": "geomorphic_data_verbose.fid-75f8f034_1a0c1004d45_-5c6b", "class_name": "Outer Reef Flat", "area_sqkm": 0.010272664233328774 }, "geometry": { "type": "Polygon", "coordinates": [ [ [ 134.53223594, 7.33770874 ], [ 134.53223594, 7.33766382 ], [ 134.5324156, 7.33766382 ], [ 134.5324156, 7.3376189 ], [ 134.53246052, 7.3376189 ], [ 134.53246052, 7.33752907 ], [ 134.5324156, 7.33752907 ], [ 134.5324156, 7.33734941 ], [ 134.53246052, 7.33734941 ], [ 134.53246052, 7.33730449 ], [ 134.532640179999987, 7.33730449 ], [ 134.532640179999987, 7.33690025 ], [ 134.53259527, 7.33690025 ], [ 134.53259527, 7.33681042 ], [ 134.53255035, 7.33681042 ], [ 134.53255035, 7.33685534 ], [ 134.532505429999986, 7.33685534 ], [ 134.532505429999986, 7.33681042 ], [ 134.53246052, 7.33681042 ], [ 134.53232577, 7.33681042 ], [ 134.53232577, 7.33672059 ], [ 134.53228085, 7.33672059 ], [ 134.53223594, 7.33672059 ], [ 134.53223594, 7.33667567 ], [ 134.53219102, 7.33667567 ], [ 134.53219102, 7.33663076 ], [ 134.532146110000014, 7.33663076 ], [ 134.53210119, 7.33663076 ], [ 134.53210119, 7.33658584 ], [ 134.53192153, 7.33658584 ], [ 134.53192153, 7.33667567 ], [ 134.5318317, 7.33667567 ], [ 134.5318317, 7.33672059 ], [ 134.53178678, 7.33672059 ], [ 134.53178678, 7.3367655 ], [ 134.53174187, 7.3367655 ], [ 134.53174187, 7.33681042 ], [ 134.53165203, 7.33681042 ], [ 134.53165203, 7.3367655 ], [ 134.53160712, 7.3367655 ], [ 134.53160712, 7.33685534 ], [ 134.5315622, 7.33685534 ], [ 134.5315622, 7.33707991 ], [ 134.53160712, 7.33707991 ], [ 134.53160712, 7.33716975 ], [ 134.53165203, 7.33716975 ], [ 134.53165203, 7.33725958 ], [ 134.53169695, 7.33725958 ], [ 134.53169695, 7.33739432 ], [ 134.53174187, 7.33739432 ], [ 134.53174187, 7.33748416 ], [ 134.53178678, 7.33748416 ], [ 134.53178678, 7.33757399 ], [ 134.5318317, 7.33757399 ], [ 134.5318317, 7.3376189 ], [ 134.531876610000012, 7.3376189 ], [ 134.53192153, 7.3376189 ], [ 134.53192153, 7.33766382 ], [ 134.532011360000013, 7.33766382 ], [ 134.53205628, 7.33766382 ], [ 134.53205628, 7.33770874 ], [ 134.53223594, 7.33770874 ] ] ] } },
{ "type": "Feature", "properties": { "id": "geomorphic_data_verbose.fid-75f8f034_1a0c1004d45_-59f9", "class_name": "Terrestrial Reef Flat", "area_sqkm": 0.02692570007588109 }, "geometry": { "type": "Polygon", "coordinates": [ [ [ 134.534571559999989, 7.33860705 ], [ 134.534571559999989, 7.33842739 ], [ 134.53452664, 7.33842739 ], [ 134.53448173000001, 7.33842739 ], [ 134.53448173000001, 7.33833756 ], [ 134.534436809999988, 7.33833756 ], [ 134.5343919, 7.33833756 ], [ 134.5343919, 7.33784348 ], [ 134.53434698, 7.33784348 ], [ 134.53434698, 7.33775365 ], [ 134.534302059999987, 7.33775365 ], [ 134.534302059999987, 7.3376189 ], [ 134.53425715, 7.3376189 ], [ 134.53403257, 7.3376189 ], [ 134.53403257, 7.33752907 ], [ 134.534077489999987, 7.33752907 ], [ 134.534077489999987, 7.33748416 ], [ 134.5341224, 7.33748416 ], [ 134.5341224, 7.33730449 ], [ 134.534077489999987, 7.33730449 ], [ 134.534077489999987, 7.33707991 ], [ 134.53403257, 7.33707991 ], [ 134.53403257, 7.33699008 ], [ 134.534077489999987, 7.33699008 ], [ 134.534077489999987, 7.33685534 ], [ 134.53403257, 7.33685534 ], [ 134.53385291, 7.33685534 ], [ 134.53385291, 7.3367655 ], [ 134.533807990000014, 7.3367655 ], [ 134.53376307, 7.3367655 ], [ 134.53376307, 7.33672059 ], [ 134.53371816, 7.33672059 ], [ 134.53362833, 7.33672059 ], [ 134.53362833, 7.33667567 ], [ 134.53358341, 7.33667567 ], [ 134.53349358, 7.33667567 ], [ 134.53349358, 7.33658584 ], [ 134.53344866, 7.33658584 ], [ 134.53340375, 7.33658584 ], [ 134.53340375, 7.33654093 ], [ 134.53335883, 7.33654093 ], [ 134.53322409, 7.33654093 ], [ 134.53322409, 7.33645109 ], [ 134.53304442000001, 7.33645109 ], [ 134.53304442000001, 7.33649601 ], [ 134.532909679999989, 7.33649601 ], [ 134.532909679999989, 7.33654093 ], [ 134.53281984, 7.33654093 ], [ 134.53281984, 7.33658584 ], [ 134.53255035, 7.33658584 ], [ 134.53255035, 7.33654093 ], [ 134.53246052, 7.33654093 ], [ 134.53246052, 7.33663076 ], [ 134.53237069, 7.33663076 ], [ 134.53237069, 7.33667567 ], [ 134.53232577, 7.33667567 ], [ 134.53232577, 7.33681042 ], [ 134.53246052, 7.33681042 ], [ 134.532505429999986, 7.33681042 ], [ 134.532505429999986, 7.33685534 ], [ 134.53255035, 7.33685534 ], [ 134.53255035, 7.33681042 ], [ 134.53259527, 7.33681042 ], [ 134.53259527, 7.33690025 ], [ 134.532640179999987, 7.33690025 ], [ 134.532640179999987, 7.33730449 ], [ 134.53246052, 7.33730449 ], [ 134.53246052, 7.33734941 ], [ 134.5324156, 7.33734941 ], [ 134.5324156, 7.33752907 ], [ 134.53246052, 7.33752907 ], [ 134.53246052, 7.3376189 ], [ 134.532505429999986, 7.3376189 ], [ 134.532505429999986, 7.33775365 ], [ 134.53255035, 7.33775365 ], [ 134.53259527, 7.33775365 ], [ 134.53259527, 7.33779857 ], [ 134.532640179999987, 7.33779857 ], [ 134.532640179999987, 7.33775365 ], [ 134.5326851, 7.33775365 ], [ 134.5326851, 7.33770874 ], [ 134.53286476, 7.33770874 ], [ 134.53286476, 7.33779857 ], [ 134.53304442000001, 7.33779857 ], [ 134.53304442000001, 7.33775365 ], [ 134.533179170000011, 7.33775365 ], [ 134.533179170000011, 7.33770874 ], [ 134.53322409, 7.33770874 ], [ 134.53322409, 7.33766382 ], [ 134.533313920000012, 7.33766382 ], [ 134.533313920000012, 7.33770874 ], [ 134.53344866, 7.33770874 ], [ 134.53349358, 7.33770874 ], [ 134.53349358, 7.33775365 ], [ 134.5335385, 7.33775365 ], [ 134.5335385, 7.33779857 ], [ 134.53362833, 7.33779857 ], [ 134.533673240000013, 7.33779857 ], [ 134.533673240000013, 7.3378884 ], [ 134.53371816, 7.3378884 ], [ 134.53371816, 7.33797823 ], [ 134.53362833, 7.33797823 ], [ 134.53362833, 7.33802315 ], [ 134.533673240000013, 7.33802315 ], [ 134.533673240000013, 7.33815789 ], [ 134.53371816, 7.33815789 ], [ 134.53376307, 7.33815789 ], [ 134.53376307, 7.33820281 ], [ 134.533807990000014, 7.33820281 ], [ 134.53385291, 7.33820281 ], [ 134.53385291, 7.33824772 ], [ 134.53403257, 7.33824772 ], [ 134.534077489999987, 7.33824772 ], [ 134.534077489999987, 7.33829264 ], [ 134.5341224, 7.33829264 ], [ 134.5341224, 7.33838247 ], [ 134.53416732, 7.33838247 ], [ 134.53416732, 7.33842739 ], [ 134.53434698, 7.33842739 ], [ 134.5343919, 7.33842739 ], [ 134.5343919, 7.3384723 ], [ 134.534436809999988, 7.3384723 ], [ 134.53448173000001, 7.3384723 ], [ 134.53448173000001, 7.33851722 ], [ 134.53452664, 7.33851722 ], [ 134.53452664, 7.33860705 ], [ 134.534571559999989, 7.33860705 ] ] ] } },
{ "type": "Feature", "properties": { "id": "geomorphic_data_verbose.fid-75f8f034_1a0c1004d45_-59f8", "class_name": "Deep Lagoon", "area_sqkm": 0.029265914790604728 }, "geometry": { "type": "Polygon", "coordinates": [ [ [ 134.53223594, 7.33856213 ], [ 134.53223594, 7.33860705 ], [ 134.53228085, 7.33860705 ], [ 134.53228085, 7.33878671 ], [ 134.53237069, 7.33878671 ], [ 134.53237069, 7.33883163 ], [ 134.5324156, 7.33883163 ], [ 134.5324156, 7.33887655 ], [ 134.53246052, 7.33887655 ], [ 134.53246052, 7.33892146 ], [ 134.53273001, 7.33892146 ], [ 134.53273001, 7.33896638 ], [ 134.532774929999988, 7.33896638 ], [ 134.532774929999988, 7.33901129 ], [ 134.532909679999989, 7.33901129 ], [ 134.532909679999989, 7.33892146 ], [ 134.53286476, 7.33892146 ], [ 134.53286476, 7.33883163 ], [ 134.532909679999989, 7.33883163 ], [ 134.532909679999989, 7.33869688 ], [ 134.53286476, 7.33869688 ], [ 134.53286476, 7.33865197 ], [ 134.532774929999988, 7.33865197 ], [ 134.532774929999988, 7.33860705 ], [ 134.53273001, 7.33860705 ], [ 134.53273001, 7.33856213 ], [ 134.5326851, 7.33856213 ], [ 134.5326851, 7.33842739 ], [ 134.53273001, 7.33842739 ], [ 134.53273001, 7.33838247 ], [ 134.532774929999988, 7.33838247 ], [ 134.532774929999988, 7.33833756 ], [ 134.53286476, 7.33833756 ], [ 134.53286476, 7.3384723 ], [ 134.53281984, 7.3384723 ], [ 134.53281984, 7.33851722 ], [ 134.532774929999988, 7.33851722 ], [ 134.532774929999988, 7.33856213 ], [ 134.532909679999989, 7.33856213 ], [ 134.532909679999989, 7.33851722 ], [ 134.53299951, 7.33851722 ], [ 134.53299951, 7.33856213 ], [ 134.53304442000001, 7.33856213 ], [ 134.53304442000001, 7.33860705 ], [ 134.53308934, 7.33860705 ], [ 134.53308934, 7.33878671 ], [ 134.53304442000001, 7.33878671 ], [ 134.53304442000001, 7.33892146 ], [ 134.53299951, 7.33892146 ], [ 134.53299951, 7.33905621 ], [ 134.53295459, 7.33905621 ], [ 134.53295459, 7.33910112 ], [ 134.53304442000001, 7.33910112 ], [ 134.53304442000001, 7.33905621 ], [ 134.53308934, 7.33905621 ], [ 134.53308934, 7.33901129 ], [ 134.533134249999989, 7.33901129 ], [ 134.533134249999989, 7.33928079 ], [ 134.53299951, 7.33928079 ], [ 134.53299951, 7.3393257 ], [ 134.53308934, 7.3393257 ], [ 134.53308934, 7.33937062 ], [ 134.533134249999989, 7.33937062 ], [ 134.533134249999989, 7.33941553 ], [ 134.53308934, 7.33941553 ], [ 134.53308934, 7.33950537 ], [ 134.533134249999989, 7.33950537 ], [ 134.533134249999989, 7.33946045 ], [ 134.533179170000011, 7.33946045 ], [ 134.533179170000011, 7.33941553 ], [ 134.53322409, 7.33941553 ], [ 134.53322409, 7.33950537 ], [ 134.533269, 7.33950537 ], [ 134.533269, 7.3395952 ], [ 134.53335883, 7.3395952 ], [ 134.53335883, 7.33964011 ], [ 134.53344866, 7.33964011 ], [ 134.53344866, 7.33968503 ], [ 134.53349358, 7.33968503 ], [ 134.53349358, 7.33964011 ], [ 134.53362833, 7.33964011 ], [ 134.53362833, 7.33968503 ], [ 134.533673240000013, 7.33968503 ], [ 134.533673240000013, 7.33964011 ], [ 134.533807990000014, 7.33964011 ], [ 134.533807990000014, 7.3395952 ], [ 134.53389782, 7.3395952 ], [ 134.53389782, 7.33955028 ], [ 134.533942739999986, 7.33955028 ], [ 134.533942739999986, 7.3395952 ], [ 134.53398765, 7.3395952 ], [ 134.53398765, 7.33955028 ], [ 134.53403257, 7.33955028 ], [ 134.53403257, 7.3395952 ], [ 134.534077489999987, 7.3395952 ], [ 134.534077489999987, 7.33937062 ], [ 134.5341224, 7.33937062 ], [ 134.5341224, 7.3393257 ], [ 134.53416732, 7.3393257 ], [ 134.53416732, 7.33928079 ], [ 134.53425715, 7.33928079 ], [ 134.53425715, 7.33919096 ], [ 134.534302059999987, 7.33919096 ], [ 134.534302059999987, 7.33914604 ], [ 134.53421223, 7.33914604 ], [ 134.53421223, 7.33910112 ], [ 134.53416732, 7.33910112 ], [ 134.53416732, 7.33905621 ], [ 134.53421223, 7.33905621 ], [ 134.53421223, 7.33901129 ], [ 134.53416732, 7.33901129 ], [ 134.53416732, 7.33896638 ], [ 134.53425715, 7.33896638 ], [ 134.53425715, 7.33901129 ], [ 134.53434698, 7.33901129 ], [ 134.53434698, 7.33892146 ], [ 134.53416732, 7.33892146 ], [ 134.53416732, 7.33887655 ], [ 134.534077489999987, 7.33887655 ], [ 134.534077489999987, 7.33892146 ], [ 134.5341224, 7.33892146 ], [ 134.5341224, 7.33896638 ], [ 134.53398765, 7.33896638 ], [ 134.53398765, 7.33892146 ], [ 134.533942739999986, 7.33892146 ], [ 134.533942739999986, 7.33878671 ], [ 134.53403257, 7.33878671 ], [ 134.53403257, 7.33883163 ], [ 134.534077489999987, 7.33883163 ], [ 134.534077489999987, 7.33878671 ], [ 134.5341224, 7.33878671 ], [ 134.5341224, 7.33883163 ], [ 134.53425715, 7.33883163 ], [ 134.53425715, 7.33878671 ], [ 134.53421223, 7.33878671 ], [ 134.53421223, 7.3387418 ], [ 134.534077489999987, 7.3387418 ], [ 134.534077489999987, 7.33865197 ], [ 134.5341224, 7.33865197 ], [ 134.5341224, 7.33860705 ], [ 134.53421223, 7.33860705 ], [ 134.53421223, 7.33865197 ], [ 134.534302059999987, 7.33865197 ], [ 134.534302059999987, 7.33869688 ], [ 134.53434698, 7.33869688 ], [ 134.53434698, 7.3387418 ], [ 134.5343919, 7.3387418 ], [ 134.5343919, 7.33883163 ], [ 134.534436809999988, 7.33883163 ], [ 134.534436809999988, 7.33887655 ], [ 134.5343919, 7.33887655 ], [ 134.5343919, 7.33892146 ], [ 134.534436809999988, 7.33892146 ], [ 134.534436809999988, 7.33896638 ], [ 134.5343919, 7.33896638 ], [ 134.5343919, 7.33901129 ], [ 134.53448173000001, 7.33901129 ], [ 134.53448173000001, 7.33905621 ], [ 134.53452664, 7.33905621 ], [ 134.53452664, 7.33910112 ], [ 134.53448173000001, 7.33910112 ], [ 134.53448173000001, 7.33914604 ], [ 134.534436809999988, 7.33914604 ], [ 134.534436809999988, 7.33928079 ], [ 134.53448173000001, 7.33928079 ], [ 134.53448173000001, 7.33923587 ], [ 134.53466139, 7.33923587 ], [ 134.53466139, 7.33919096 ], [ 134.53470631, 7.33919096 ], [ 134.53470631, 7.33914604 ], [ 134.53475122, 7.33914604 ], [ 134.53475122, 7.33896638 ], [ 134.53479614, 7.33896638 ], [ 134.53479614, 7.3387418 ], [ 134.53475122, 7.3387418 ], [ 134.53475122, 7.33869688 ], [ 134.53466139, 7.33869688 ], [ 134.53466139, 7.33865197 ], [ 134.534571559999989, 7.33865197 ], [ 134.534571559999989, 7.33860705 ], [ 134.53452664, 7.33860705 ], [ 134.53452664, 7.33851722 ], [ 134.53448173000001, 7.33851722 ], [ 134.53448173000001, 7.3384723 ], [ 134.5343919, 7.3384723 ], [ 134.5343919, 7.33842739 ], [ 134.53416732, 7.33842739 ], [ 134.53416732, 7.33838247 ], [ 134.5341224, 7.33838247 ], [ 134.5341224, 7.33829264 ], [ 134.534077489999987, 7.33829264 ], [ 134.534077489999987, 7.33824772 ], [ 134.53385291, 7.33824772 ], [ 134.53385291, 7.33820281 ], [ 134.53376307, 7.33820281 ], [ 134.53376307, 7.33815789 ], [ 134.533673240000013, 7.33815789 ], [ 134.533673240000013, 7.33802315 ], [ 134.53362833, 7.33802315 ], [ 134.53362833, 7.33797823 ], [ 134.53371816, 7.33797823 ], [ 134.53371816, 7.3378884 ], [ 134.533673240000013, 7.3378884 ], [ 134.533673240000013, 7.33779857 ], [ 134.5335385, 7.33779857 ], [ 134.5335385, 7.33775365 ], [ 134.53349358, 7.33775365 ], [ 134.53349358, 7.33770874 ], [ 134.533313920000012, 7.33770874 ], [ 134.533313920000012, 7.33766382 ], [ 134.53322409, 7.33766382 ], [ 134.53322409, 7.33770874 ], [ 134.533179170000011, 7.33770874 ], [ 134.533179170000011, 7.33775365 ], [ 134.53304442000001, 7.33775365 ], [ 134.53304442000001, 7.33779857 ], [ 134.53286476, 7.33779857 ], [ 134.53286476, 7.33770874 ], [ 134.5326851, 7.33770874 ], [ 134.5326851, 7.33775365 ], [ 134.532640179999987, 7.33775365 ], [ 134.532640179999987, 7.33779857 ], [ 134.53259527, 7.33779857 ], [ 134.53259527, 7.33775365 ], [ 134.532505429999986, 7.33775365 ], [ 134.532505429999986, 7.3376189 ], [ 134.5324156, 7.3376189 ], [ 134.5324156, 7.33766382 ], [ 134.53223594, 7.33766382 ], [ 134.53223594, 7.33770874 ], [ 134.532146110000014, 7.33770874 ], [ 134.532146110000014, 7.33820281 ], [ 134.53228085, 7.33820281 ], [ 134.53228085, 7.33833756 ], [ 134.53219102, 7.33833756 ], [ 134.53219102, 7.33829264 ], [ 134.532146110000014, 7.33829264 ], [ 134.532146110000014, 7.33856213 ], [ 134.53219102, 7.33856213 ], [ 134.53223594, 7.33856213 ] ], [ [ 134.53448173000001, 7.33896638 ], [ 134.53452664, 7.33896638 ], [ 134.53452664, 7.33901129 ], [ 134.53448173000001, 7.33901129 ], [ 134.53448173000001, 7.33896638 ] ], [ [ 134.53452664, 7.33892146 ], [ 134.53448173000001, 7.33892146 ], [ 134.53448173000001, 7.33878671 ], [ 134.53452664, 7.33878671 ], [ 134.53452664, 7.33883163 ], [ 134.534571559999989, 7.33883163 ], [ 134.534571559999989, 7.33887655 ], [ 134.53461647, 7.33887655 ], [ 134.53461647, 7.33892146 ], [ 134.534571559999989, 7.33892146 ], [ 134.534571559999989, 7.33896638 ], [ 134.53452664, 7.33896638 ], [ 134.53452664, 7.33892146 ] ], [ [ 134.5326851, 7.33865197 ], [ 134.53273001, 7.33865197 ], [ 134.53273001, 7.33869688 ], [ 134.53281984, 7.33869688 ], [ 134.53281984, 7.33887655 ], [ 134.5326851, 7.33887655 ], [ 134.5326851, 7.33878671 ], [ 134.532640179999987, 7.33878671 ], [ 134.532640179999987, 7.33883163 ], [ 134.53259527, 7.33883163 ], [ 134.53259527, 7.33887655 ], [ 134.53255035, 7.33887655 ], [ 134.53255035, 7.33878671 ], [ 134.53259527, 7.33878671 ], [ 134.53259527, 7.33869688 ], [ 134.53255035, 7.33869688 ], [ 134.53255035, 7.3387418 ], [ 134.53246052, 7.3387418 ], [ 134.53246052, 7.33878671 ], [ 134.5324156, 7.33878671 ], [ 134.5324156, 7.33869688 ], [ 134.53246052, 7.33869688 ], [ 134.53246052, 7.33865197 ], [ 134.5324156, 7.33865197 ], [ 134.5324156, 7.33856213 ], [ 134.53246052, 7.33856213 ], [ 134.53246052, 7.33851722 ], [ 134.532505429999986, 7.33851722 ], [ 134.532505429999986, 7.33856213 ], [ 134.53259527, 7.33856213 ], [ 134.53259527, 7.33860705 ], [ 134.5326851, 7.33860705 ], [ 134.5326851, 7.33865197 ] ], [ [ 134.533134249999989, 7.33833756 ], [ 134.533134249999989, 7.3384723 ], [ 134.53308934, 7.3384723 ], [ 134.53308934, 7.33842739 ], [ 134.53304442000001, 7.33842739 ], [ 134.53304442000001, 7.33833756 ], [ 134.53299951, 7.33833756 ], [ 134.53299951, 7.33820281 ], [ 134.53304442000001, 7.33820281 ], [ 134.53304442000001, 7.33815789 ], [ 134.53308934, 7.33815789 ], [ 134.53308934, 7.33806806 ], [ 134.53304442000001, 7.33806806 ], [ 134.53304442000001, 7.33793331 ], [ 134.53308934, 7.33793331 ], [ 134.53308934, 7.33797823 ], [ 134.533134249999989, 7.33797823 ], [ 134.533134249999989, 7.33802315 ], [ 134.533179170000011, 7.33802315 ], [ 134.533179170000011, 7.33811298 ], [ 134.533134249999989, 7.33811298 ], [ 134.533134249999989, 7.33820281 ], [ 134.53322409, 7.33820281 ], [ 134.53322409, 7.33824772 ], [ 134.533313920000012, 7.33824772 ], [ 134.533313920000012, 7.33815789 ], [ 134.53335883, 7.33815789 ], [ 134.53335883, 7.33811298 ], [ 134.53344866, 7.33811298 ], [ 134.53344866, 7.33797823 ], [ 134.53340375, 7.33797823 ], [ 134.53340375, 7.33793331 ], [ 134.53349358, 7.33793331 ], [ 134.53349358, 7.33806806 ], [ 134.5335385, 7.33806806 ], [ 134.5335385, 7.33815789 ], [ 134.53349358, 7.33815789 ], [ 134.53349358, 7.33820281 ], [ 134.53344866, 7.33820281 ], [ 134.53344866, 7.33833756 ], [ 134.53349358, 7.33833756 ], [ 134.53349358, 7.33838247 ], [ 134.53340375, 7.33838247 ], [ 134.53340375, 7.33833756 ], [ 134.53335883, 7.33833756 ], [ 134.53335883, 7.33842739 ], [ 134.5335385, 7.33842739 ], [ 134.5335385, 7.33851722 ], [ 134.53349358, 7.33851722 ], [ 134.53349358, 7.3384723 ], [ 134.53340375, 7.3384723 ], [ 134.53340375, 7.33869688 ], [ 134.53335883, 7.33869688 ], [ 134.53335883, 7.33887655 ], [ 134.533313920000012, 7.33887655 ], [ 134.533313920000012, 7.33883163 ], [ 134.533269, 7.33883163 ], [ 134.533269, 7.33878671 ], [ 134.533134249999989, 7.33878671 ], [ 134.533134249999989, 7.3387418 ], [ 134.533313920000012, 7.3387418 ], [ 134.533313920000012, 7.33865197 ], [ 134.53335883, 7.33865197 ], [ 134.53335883, 7.33851722 ], [ 134.533313920000012, 7.33851722 ], [ 134.533313920000012, 7.33833756 ], [ 134.533269, 7.33833756 ], [ 134.533134249999989, 7.33833756 ] ], [ [ 134.533269, 7.33865197 ], [ 134.533179170000011, 7.33865197 ], [ 134.533179170000011, 7.33860705 ], [ 134.533134249999989, 7.33860705 ], [ 134.533134249999989, 7.33856213 ], [ 134.533269, 7.33856213 ], [ 134.533269, 7.33860705 ], [ 134.533313920000012, 7.33860705 ], [ 134.533313920000012, 7.33865197 ], [ 134.533269, 7.33865197 ] ], [ [ 134.53371816, 7.3384723 ], [ 134.53385291, 7.3384723 ], [ 134.53385291, 7.33851722 ], [ 134.53389782, 7.33851722 ], [ 134.53389782, 7.3384723 ], [ 134.53398765, 7.3384723 ], [ 134.53398765, 7.33860705 ], [ 134.533942739999986, 7.33860705 ], [ 134.533942739999986, 7.33865197 ], [ 134.53389782, 7.33865197 ], [ 134.53389782, 7.33869688 ], [ 134.533807990000014, 7.33869688 ], [ 134.533807990000014, 7.33865197 ], [ 134.53376307, 7.33865197 ], [ 134.53376307, 7.33869688 ], [ 134.53371816, 7.33869688 ], [ 134.53371816, 7.33865197 ], [ 134.533673240000013, 7.33865197 ], [ 134.533673240000013, 7.33851722 ], [ 134.53362833, 7.33851722 ], [ 134.53362833, 7.33842739 ], [ 134.53371816, 7.33842739 ], [ 134.53371816, 7.3384723 ] ], [ [ 134.53371816, 7.33883163 ], [ 134.533673240000013, 7.33883163 ], [ 134.533673240000013, 7.33878671 ], [ 134.53358341, 7.33878671 ], [ 134.53358341, 7.33887655 ], [ 134.533673240000013, 7.33887655 ], [ 134.533673240000013, 7.33892146 ], [ 134.53362833, 7.33892146 ], [ 134.53362833, 7.33896638 ], [ 134.5335385, 7.33896638 ], [ 134.5335385, 7.33892146 ], [ 134.53344866, 7.33892146 ], [ 134.53344866, 7.33887655 ], [ 134.53349358, 7.33887655 ], [ 134.53349358, 7.33865197 ], [ 134.53344866, 7.33865197 ], [ 134.53344866, 7.33856213 ], [ 134.5335385, 7.33856213 ], [ 134.5335385, 7.33860705 ], [ 134.53362833, 7.33860705 ], [ 134.53362833, 7.3387418 ], [ 134.533673240000013, 7.3387418 ], [ 134.533673240000013, 7.33869688 ], [ 134.53371816, 7.33869688 ], [ 134.53371816, 7.33883163 ] ], [ [ 134.53371816, 7.33892146 ], [ 134.53371816, 7.33901129 ], [ 134.533673240000013, 7.33901129 ], [ 134.533673240000013, 7.33892146 ], [ 134.53371816, 7.33892146 ] ], [ [ 134.5335385, 7.33919096 ], [ 134.53349358, 7.33919096 ], [ 134.53349358, 7.33914604 ], [ 134.53344866, 7.33914604 ], [ 134.53344866, 7.33910112 ], [ 134.53340375, 7.33910112 ], [ 134.53340375, 7.33901129 ], [ 134.53349358, 7.33901129 ], [ 134.53349358, 7.33896638 ], [ 134.5335385, 7.33896638 ], [ 134.5335385, 7.33919096 ] ], [ [ 134.53358341, 7.33919096 ], [ 134.53358341, 7.33923587 ], [ 134.53362833, 7.33923587 ], [ 134.53362833, 7.33928079 ], [ 134.53358341, 7.33928079 ], [ 134.53358341, 7.3393257 ], [ 134.53349358, 7.3393257 ], [ 134.53349358, 7.33923587 ], [ 134.5335385, 7.33923587 ], [ 134.5335385, 7.33919096 ], [ 134.53358341, 7.33919096 ] ], [ [ 134.53358341, 7.33910112 ], [ 134.53362833, 7.33910112 ], [ 134.53362833, 7.33919096 ], [ 134.53358341, 7.33919096 ], [ 134.53358341, 7.33910112 ] ], [ [ 134.533807990000014, 7.33905621 ], [ 134.53376307, 7.33905621 ], [ 134.53376307, 7.33896638 ], [ 134.533807990000014, 7.33896638 ], [ 134.533807990000014, 7.33905621 ] ], [ [ 134.53376307, 7.33946045 ], [ 134.53371816, 7.33946045 ], [ 134.53371816, 7.33941553 ], [ 134.53376307, 7.33941553 ], [ 134.53376307, 7.33946045 ] ], [ [ 134.533673240000013, 7.33941553 ], [ 134.533673240000013, 7.33950537 ], [ 134.53358341, 7.33950537 ], [ 134.53358341, 7.33955028 ], [ 134.53349358, 7.33955028 ], [ 134.53349358, 7.33950537 ], [ 134.5335385, 7.33950537 ], [ 134.5335385, 7.33941553 ], [ 134.53362833, 7.33941553 ], [ 134.53362833, 7.3393257 ], [ 134.533807990000014, 7.3393257 ], [ 134.533807990000014, 7.33937062 ], [ 134.53371816, 7.33937062 ], [ 134.53371816, 7.33941553 ], [ 134.533673240000013, 7.33941553 ] ], [ [ 134.53385291, 7.33937062 ], [ 134.53385291, 7.33946045 ], [ 134.533807990000014, 7.33946045 ], [ 134.533807990000014, 7.33937062 ], [ 134.53385291, 7.33937062 ] ], [ [ 134.53335883, 7.33901129 ], [ 134.533313920000012, 7.33901129 ], [ 134.533313920000012, 7.33896638 ], [ 134.53335883, 7.33896638 ], [ 134.53335883, 7.33901129 ] ], [ [ 134.53398765, 7.33833756 ], [ 134.533942739999986, 7.33833756 ], [ 134.533942739999986, 7.33829264 ], [ 134.53398765, 7.33829264 ], [ 134.53398765, 7.33833756 ] ], [ [ 134.53344866, 7.33928079 ], [ 134.53340375, 7.33928079 ], [ 134.53340375, 7.33919096 ], [ 134.53344866, 7.33919096 ], [ 134.53344866, 7.33928079 ] ], [ [ 134.53237069, 7.33833756 ], [ 134.53232577, 7.33833756 ], [ 134.53232577, 7.33829264 ], [ 134.53237069, 7.33829264 ], [ 134.53237069, 7.33833756 ] ], [ [ 134.53389782, 7.33878671 ], [ 134.53385291, 7.33878671 ], [ 134.53385291, 7.33883163 ], [ 134.53376307, 7.33883163 ], [ 134.53376307, 7.3387418 ], [ 134.53389782, 7.3387418 ], [ 134.53389782, 7.33878671 ] ], [ [ 134.532505429999986, 7.33824772 ], [ 134.53246052, 7.33824772 ], [ 134.53246052, 7.33820281 ], [ 134.532505429999986, 7.33820281 ], [ 134.532505429999986, 7.33824772 ] ], [ [ 134.533942739999986, 7.33905621 ], [ 134.53389782, 7.33905621 ], [ 134.53389782, 7.33901129 ], [ 134.53403257, 7.33901129 ], [ 134.53403257, 7.33914604 ], [ 134.53398765, 7.33914604 ], [ 134.53398765, 7.33910112 ], [ 134.533942739999986, 7.33910112 ], [ 134.533942739999986, 7.33905621 ] ], [ [ 134.533269, 7.3378884 ], [ 134.533313920000012, 7.3378884 ], [ 134.533313920000012, 7.33793331 ], [ 134.53335883, 7.33793331 ], [ 134.53335883, 7.33802315 ], [ 134.53340375, 7.33802315 ], [ 134.53340375, 7.33806806 ], [ 134.533313920000012, 7.33806806 ], [ 134.533313920000012, 7.33811298 ], [ 134.53322409, 7.33811298 ], [ 134.53322409, 7.33793331 ], [ 134.533269, 7.33793331 ], [ 134.533269, 7.3378884 ] ], [ [ 134.53273001, 7.33802315 ], [ 134.5326851, 7.33802315 ], [ 134.5326851, 7.33797823 ], [ 134.53273001, 7.33797823 ], [ 134.53273001, 7.33802315 ] ], [ [ 134.53403257, 7.33937062 ], [ 134.53398765, 7.33937062 ], [ 134.53398765, 7.33919096 ], [ 134.53403257, 7.33919096 ], [ 134.53403257, 7.33937062 ] ], [ [ 134.533807990000014, 7.33910112 ], [ 134.53389782, 7.33910112 ], [ 134.53389782, 7.33914604 ], [ 134.53385291, 7.33914604 ], [ 134.53385291, 7.33919096 ], [ 134.53376307, 7.33919096 ], [ 134.53376307, 7.33914604 ], [ 134.533807990000014, 7.33914604 ], [ 134.533807990000014, 7.33910112 ] ], [ [ 134.53416732, 7.33919096 ], [ 134.5341224, 7.33919096 ], [ 134.5341224, 7.33923587 ], [ 134.534077489999987, 7.33923587 ], [ 134.534077489999987, 7.33914604 ], [ 134.53416732, 7.33914604 ], [ 134.53416732, 7.33919096 ] ] ] } },
{ "type": "Feature", "properties": { "id": "geomorphic_data_verbose.fid-75f8f034_1a0c1004d45_-59fb", "class_name": "Terrestrial Reef Flat", "area_sqkm": 0.00014780757157457992 }, "geometry": { "type": "Polygon", "coordinates": [ [ [ 134.534841050000011, 7.33896638 ], [ 134.534841050000011, 7.33869688 ], [ 134.53479614, 7.33869688 ], [ 134.53479614, 7.33896638 ], [ 134.534841050000011, 7.33896638 ] ] ] } },
{ "type": "Feature", "properties": { "id": "geomorphic_data_verbose.fid-75f8f034_1a0c1004d45_-524f", "class_name": "Deep Lagoon", "area_sqkm": 0.0046559232146958819 }, "geometry": { "type": "Polygon", "coordinates": [ [ [ 134.53335883, 7.34067318 ], [ 134.53340375, 7.34067318 ], [ 134.53340375, 7.34071809 ], [ 134.53358341, 7.34071809 ], [ 134.53358341, 7.34062826 ], [ 134.533673240000013, 7.34062826 ], [ 134.533673240000013, 7.34058334 ], [ 134.53362833, 7.34058334 ], [ 134.53362833, 7.34053843 ], [ 134.533673240000013, 7.34053843 ], [ 134.533673240000013, 7.34035877 ], [ 134.53362833, 7.34035877 ], [ 134.53362833, 7.34026893 ], [ 134.53358341, 7.34026893 ], [ 134.53358341, 7.3401791 ], [ 134.5335385, 7.3401791 ], [ 134.5335385, 7.34008927 ], [ 134.53349358, 7.34008927 ], [ 134.53349358, 7.33999944 ], [ 134.5335385, 7.33999944 ], [ 134.5335385, 7.33995452 ], [ 134.53349358, 7.33995452 ], [ 134.53349358, 7.33990961 ], [ 134.53322409, 7.33990961 ], [ 134.53322409, 7.33995452 ], [ 134.533179170000011, 7.33995452 ], [ 134.533179170000011, 7.33999944 ], [ 134.533134249999989, 7.33999944 ], [ 134.533134249999989, 7.34004436 ], [ 134.53308934, 7.34004436 ], [ 134.53308934, 7.34008927 ], [ 134.53304442000001, 7.34008927 ], [ 134.53304442000001, 7.34013419 ], [ 134.53308934, 7.34013419 ], [ 134.53308934, 7.34022402 ], [ 134.53299951, 7.34022402 ], [ 134.53299951, 7.34035877 ], [ 134.53304442000001, 7.34035877 ], [ 134.53308934, 7.34035877 ], [ 134.53308934, 7.3404486 ], [ 134.53299951, 7.3404486 ], [ 134.53299951, 7.34049351 ], [ 134.53304442000001, 7.34049351 ], [ 134.53304442000001, 7.34058334 ], [ 134.53308934, 7.34058334 ], [ 134.53308934, 7.34062826 ], [ 134.533134249999989, 7.34062826 ], [ 134.533179170000011, 7.34062826 ], [ 134.533179170000011, 7.34067318 ], [ 134.53322409, 7.34067318 ], [ 134.533269, 7.34067318 ], [ 134.533269, 7.34071809 ], [ 134.53335883, 7.34071809 ], [ 134.53335883, 7.34067318 ] ], [ [ 134.5335385, 7.34062826 ], [ 134.53349358, 7.34062826 ], [ 134.53349358, 7.34058334 ], [ 134.53358341, 7.34058334 ], [ 134.53358341, 7.34062826 ], [ 134.5335385, 7.34062826 ] ], [ [ 134.533134249999989, 7.34022402 ], [ 134.533134249999989, 7.34026893 ], [ 134.53308934, 7.34026893 ], [ 134.53308934, 7.34022402 ], [ 134.533134249999989, 7.34022402 ] ], [ [ 134.53340375, 7.34035877 ], [ 134.53340375, 7.34040368 ], [ 134.53335883, 7.34040368 ], [ 134.53335883, 7.34035877 ], [ 134.53340375, 7.34035877 ] ], [ [ 134.533179170000011, 7.34049351 ], [ 134.533179170000011, 7.34053843 ], [ 134.533134249999989, 7.34053843 ], [ 134.533134249999989, 7.34049351 ], [ 134.533179170000011, 7.34049351 ] ], [ [ 134.53335883, 7.34022402 ], [ 134.53335883, 7.34026893 ], [ 134.533269, 7.34026893 ], [ 134.533269, 7.34022402 ], [ 134.53335883, 7.34022402 ] ], [ [ 134.53349358, 7.34031385 ], [ 134.53349358, 7.34035877 ], [ 134.53344866, 7.34035877 ], [ 134.53344866, 7.34031385 ], [ 134.53349358, 7.34031385 ] ], [ [ 134.53358341, 7.3404486 ], [ 134.53358341, 7.34049351 ], [ 134.53349358, 7.34049351 ], [ 134.53349358, 7.3404486 ], [ 134.53358341, 7.3404486 ] ], [ [ 134.53344866, 7.34058334 ], [ 134.53344866, 7.34062826 ], [ 134.53340375, 7.34062826 ], [ 134.53340375, 7.34058334 ], [ 134.53344866, 7.34058334 ] ] ] } },
{ "type": "Feature", "properties": { "id": "geomorphic_data_verbose.fid-75f8f034_1a0c1004d45_-59fc", "class_name": "Deep Lagoon", "area_sqkm": 9.8538555665872985e-05 }, "geometry": { "type": "Polygon", "coordinates": [ [ [ 134.53138254000001, 7.33806806 ], [ 134.53138254000001, 7.33802315 ], [ 134.531337619999988, 7.33802315 ], [ 134.531337619999988, 7.33797823 ], [ 134.53124779, 7.33797823 ], [ 134.53124779, 7.33802315 ], [ 134.53129271, 7.33802315 ], [ 134.53129271, 7.33806806 ], [ 134.53138254000001, 7.33806806 ] ] ] } },
{ "type": "Feature", "properties": { "id": "geomorphic_data_verbose.fid-75f8f034_1a0c1004d45_-524d", "class_name": "Deep Lagoon", "area_sqkm": 0.039735623428630178 }, "geometry": { "type": "Polygon", "coordinates": [ [ [ 134.53129271, 7.34040368 ], [ 134.53129271, 7.34035877 ], [ 134.531517290000011, 7.34035877 ], [ 134.531517290000011, 7.34031385 ], [ 134.5315622, 7.34031385 ], [ 134.5315622, 7.34026893 ], [ 134.53160712, 7.34026893 ], [ 134.53160712, 7.34022402 ], [ 134.53165203, 7.34022402 ], [ 134.53165203, 7.3401791 ], [ 134.53178678, 7.3401791 ], [ 134.53178678, 7.34008927 ], [ 134.5318317, 7.34008927 ], [ 134.5318317, 7.34013419 ], [ 134.53192153, 7.34013419 ], [ 134.53192153, 7.34004436 ], [ 134.53196644, 7.34004436 ], [ 134.53196644, 7.33999944 ], [ 134.532011360000013, 7.33999944 ], [ 134.532011360000013, 7.33990961 ], [ 134.53205628, 7.33990961 ], [ 134.53205628, 7.33977486 ], [ 134.532011360000013, 7.33977486 ], [ 134.532011360000013, 7.33964011 ], [ 134.532146110000014, 7.33964011 ], [ 134.532146110000014, 7.33937062 ], [ 134.53196644, 7.33937062 ], [ 134.53196644, 7.3393257 ], [ 134.53192153, 7.3393257 ], [ 134.53192153, 7.33923587 ], [ 134.5318317, 7.33923587 ], [ 134.5318317, 7.33919096 ], [ 134.53165203, 7.33919096 ], [ 134.53165203, 7.33914604 ], [ 134.5315622, 7.33914604 ], [ 134.5315622, 7.33910112 ], [ 134.531517290000011, 7.33910112 ], [ 134.531517290000011, 7.33905621 ], [ 134.531472369999989, 7.33905621 ], [ 134.531472369999989, 7.33892146 ], [ 134.53142746, 7.33892146 ], [ 134.53142746, 7.33887655 ], [ 134.53138254000001, 7.33887655 ], [ 134.53138254000001, 7.33883163 ], [ 134.531337619999988, 7.33883163 ], [ 134.531337619999988, 7.33878671 ], [ 134.53120288, 7.33878671 ], [ 134.53120288, 7.3387418 ], [ 134.53115796, 7.3387418 ], [ 134.53115796, 7.33865197 ], [ 134.53111304, 7.33865197 ], [ 134.53111304, 7.33860705 ], [ 134.53115796, 7.33860705 ], [ 134.53115796, 7.33856213 ], [ 134.53102321, 7.33856213 ], [ 134.53102321, 7.33851722 ], [ 134.530978299999987, 7.33851722 ], [ 134.530978299999987, 7.33842739 ], [ 134.53106813, 7.33842739 ], [ 134.53106813, 7.3384723 ], [ 134.53120288, 7.3384723 ], [ 134.53120288, 7.33851722 ], [ 134.53129271, 7.33851722 ], [ 134.53129271, 7.3384723 ], [ 134.531337619999988, 7.3384723 ], [ 134.531337619999988, 7.33851722 ], [ 134.53160712, 7.33851722 ], [ 134.53160712, 7.33856213 ], [ 134.53178678, 7.33856213 ], [ 134.53178678, 7.33851722 ], [ 134.531876610000012, 7.33851722 ], [ 134.531876610000012, 7.33856213 ], [ 134.53192153, 7.33856213 ], [ 134.53192153, 7.33860705 ], [ 134.532011360000013, 7.33860705 ], [ 134.532011360000013, 7.3384723 ], [ 134.53205628, 7.3384723 ], [ 134.53205628, 7.33851722 ], [ 134.53210119, 7.33851722 ], [ 134.53210119, 7.33856213 ], [ 134.532146110000014, 7.33856213 ], [ 134.532146110000014, 7.33829264 ], [ 134.53210119, 7.33829264 ], [ 134.53210119, 7.33833756 ], [ 134.532011360000013, 7.33833756 ], [ 134.532011360000013, 7.33838247 ], [ 134.531876610000012, 7.33838247 ], [ 134.531876610000012, 7.33829264 ], [ 134.53196644, 7.33829264 ], [ 134.53196644, 7.33820281 ], [ 134.531876610000012, 7.33820281 ], [ 134.531876610000012, 7.33815789 ], [ 134.5318317, 7.33815789 ], [ 134.5318317, 7.33811298 ], [ 134.53178678, 7.33811298 ], [ 134.53178678, 7.33802315 ], [ 134.531876610000012, 7.33802315 ], [ 134.531876610000012, 7.33806806 ], [ 134.53192153, 7.33806806 ], [ 134.53192153, 7.33815789 ], [ 134.532011360000013, 7.33815789 ], [ 134.532011360000013, 7.33806806 ], [ 134.53205628, 7.33806806 ], [ 134.53205628, 7.33811298 ], [ 134.532146110000014, 7.33811298 ], [ 134.532146110000014, 7.33770874 ], [ 134.53205628, 7.33770874 ], [ 134.53205628, 7.33766382 ], [ 134.53192153, 7.33766382 ], [ 134.53192153, 7.3376189 ], [ 134.5318317, 7.3376189 ], [ 134.5318317, 7.33757399 ], [ 134.53178678, 7.33757399 ], [ 134.53178678, 7.33748416 ], [ 134.53174187, 7.33748416 ], [ 134.53174187, 7.33739432 ], [ 134.53169695, 7.33739432 ], [ 134.53169695, 7.33725958 ], [ 134.53165203, 7.33725958 ], [ 134.53165203, 7.33716975 ], [ 134.53160712, 7.33716975 ], [ 134.53160712, 7.33707991 ], [ 134.5315622, 7.33707991 ], [ 134.5315622, 7.33685534 ], [ 134.53160712, 7.33685534 ], [ 134.53160712, 7.3367655 ], [ 134.53165203, 7.3367655 ], [ 134.53165203, 7.33672059 ], [ 134.53169695, 7.33672059 ], [ 134.53169695, 7.33667567 ], [ 134.53174187, 7.33667567 ], [ 134.53174187, 7.33663076 ], [ 134.5318317, 7.33663076 ], [ 134.5318317, 7.33658584 ], [ 134.531876610000012, 7.33658584 ], [ 134.531876610000012, 7.33654093 ], [ 134.53174187, 7.33654093 ], [ 134.53174187, 7.33649601 ], [ 134.53178678, 7.33649601 ], [ 134.53178678, 7.33645109 ], [ 134.5318317, 7.33645109 ], [ 134.5318317, 7.33640618 ], [ 134.53178678, 7.33640618 ], [ 134.53178678, 7.33636126 ], [ 134.53174187, 7.33636126 ], [ 134.53174187, 7.33640618 ], [ 134.53169695, 7.33640618 ], [ 134.53169695, 7.33658584 ], [ 134.53165203, 7.33658584 ], [ 134.53165203, 7.33649601 ], [ 134.53160712, 7.33649601 ], [ 134.53160712, 7.33645109 ], [ 134.53165203, 7.33645109 ], [ 134.53165203, 7.33640618 ], [ 134.5315622, 7.33640618 ], [ 134.5315622, 7.33645109 ], [ 134.531472369999989, 7.33645109 ], [ 134.531472369999989, 7.33649601 ], [ 134.53142746, 7.33649601 ], [ 134.53142746, 7.33654093 ], [ 134.53138254000001, 7.33654093 ], [ 134.53138254000001, 7.33658584 ], [ 134.531337619999988, 7.33658584 ], [ 134.531337619999988, 7.33663076 ], [ 134.53138254000001, 7.33663076 ], [ 134.53138254000001, 7.33667567 ], [ 134.53142746, 7.33667567 ], [ 134.53142746, 7.33672059 ], [ 134.531517290000011, 7.33672059 ], [ 134.531517290000011, 7.3367655 ], [ 134.5315622, 7.3367655 ], [ 134.5315622, 7.33681042 ], [ 134.531517290000011, 7.33681042 ], [ 134.531517290000011, 7.33699008 ], [ 134.531472369999989, 7.33699008 ], [ 134.531472369999989, 7.33712483 ], [ 134.53138254000001, 7.33712483 ], [ 134.53138254000001, 7.33699008 ], [ 134.531337619999988, 7.33699008 ], [ 134.531337619999988, 7.33694517 ], [ 134.53124779, 7.33694517 ], [ 134.53124779, 7.33699008 ], [ 134.53120288, 7.33699008 ], [ 134.53120288, 7.337035 ], [ 134.531337619999988, 7.337035 ], [ 134.531337619999988, 7.33707991 ], [ 134.53115796, 7.33707991 ], [ 134.53115796, 7.33725958 ], [ 134.53111304, 7.33725958 ], [ 134.53111304, 7.33716975 ], [ 134.530978299999987, 7.33716975 ], [ 134.530978299999987, 7.33730449 ], [ 134.53106813, 7.33730449 ], [ 134.53106813, 7.33739432 ], [ 134.53111304, 7.33739432 ], [ 134.53111304, 7.33743924 ], [ 134.53106813, 7.33743924 ], [ 134.53106813, 7.33752907 ], [ 134.53111304, 7.33752907 ], [ 134.53111304, 7.33757399 ], [ 134.53102321, 7.33757399 ], [ 134.53102321, 7.33748416 ], [ 134.530978299999987, 7.33748416 ], [ 134.530978299999987, 7.33752907 ], [ 134.53093338, 7.33752907 ], [ 134.53093338, 7.33757399 ], [ 134.530843549999986, 7.33757399 ], [ 134.530843549999986, 7.33766382 ], [ 134.53088847, 7.33766382 ], [ 134.53088847, 7.3376189 ], [ 134.53102321, 7.3376189 ], [ 134.53102321, 7.33770874 ], [ 134.53111304, 7.33770874 ], [ 134.53111304, 7.33779857 ], [ 134.53102321, 7.33779857 ], [ 134.53102321, 7.33793331 ], [ 134.53093338, 7.33793331 ], [ 134.53093338, 7.33784348 ], [ 134.53088847, 7.33784348 ], [ 134.53088847, 7.33779857 ], [ 134.530843549999986, 7.33779857 ], [ 134.530843549999986, 7.33770874 ], [ 134.53079863, 7.33770874 ], [ 134.53079863, 7.3378884 ], [ 134.53088847, 7.3378884 ], [ 134.53088847, 7.33797823 ], [ 134.53115796, 7.33797823 ], [ 134.53115796, 7.33793331 ], [ 134.53124779, 7.33793331 ], [ 134.53124779, 7.33784348 ], [ 134.531337619999988, 7.33784348 ], [ 134.531337619999988, 7.33797823 ], [ 134.53138254000001, 7.33797823 ], [ 134.53138254000001, 7.33802315 ], [ 134.53142746, 7.33802315 ], [ 134.53142746, 7.33806806 ], [ 134.531472369999989, 7.33806806 ], [ 134.531472369999989, 7.33797823 ], [ 134.53165203, 7.33797823 ], [ 134.53165203, 7.33802315 ], [ 134.53160712, 7.33802315 ], [ 134.53160712, 7.33811298 ], [ 134.53165203, 7.33811298 ], [ 134.53165203, 7.33824772 ], [ 134.53169695, 7.33824772 ], [ 134.53169695, 7.33838247 ], [ 134.53165203, 7.33838247 ], [ 134.53165203, 7.33842739 ], [ 134.531472369999989, 7.33842739 ], [ 134.531472369999989, 7.33833756 ], [ 134.53165203, 7.33833756 ], [ 134.53165203, 7.33829264 ], [ 134.531517290000011, 7.33829264 ], [ 134.531517290000011, 7.33824772 ], [ 134.531472369999989, 7.33824772 ], [ 134.531472369999989, 7.33815789 ], [ 134.53129271, 7.33815789 ], [ 134.53129271, 7.33806806 ], [ 134.53115796, 7.33806806 ], [ 134.53115796, 7.33824772 ], [ 134.53111304, 7.33824772 ], [ 134.53111304, 7.33829264 ], [ 134.53106813, 7.33829264 ], [ 134.53106813, 7.33824772 ], [ 134.530978299999987, 7.33824772 ], [ 134.530978299999987, 7.33815789 ], [ 134.53079863, 7.33815789 ], [ 134.53079863, 7.33824772 ], [ 134.53075372, 7.33824772 ], [ 134.53075372, 7.33833756 ], [ 134.53066389, 7.33833756 ], [ 134.53066389, 7.33860705 ], [ 134.53057406, 7.33860705 ], [ 134.53057406, 7.33856213 ], [ 134.53052914, 7.33856213 ], [ 134.53052914, 7.33865197 ], [ 134.53048422, 7.33865197 ], [ 134.53048422, 7.33860705 ], [ 134.53043931, 7.33860705 ], [ 134.53043931, 7.3384723 ], [ 134.53039439, 7.3384723 ], [ 134.53039439, 7.33842739 ], [ 134.53043931, 7.33842739 ], [ 134.53043931, 7.33833756 ], [ 134.53048422, 7.33833756 ], [ 134.53048422, 7.33829264 ], [ 134.53052914, 7.33829264 ], [ 134.53052914, 7.33824772 ], [ 134.53043931, 7.33824772 ], [ 134.53043931, 7.33820281 ], [ 134.53039439, 7.33820281 ], [ 134.53039439, 7.33815789 ], [ 134.53030456, 7.33815789 ], [ 134.53030456, 7.33797823 ], [ 134.53025965, 7.33797823 ], [ 134.53025965, 7.33779857 ], [ 134.530214730000012, 7.33779857 ], [ 134.530214730000012, 7.3378884 ], [ 134.53016981, 7.3378884 ], [ 134.53016981, 7.33806806 ], [ 134.530079980000011, 7.33806806 ], [ 134.530079980000011, 7.3378884 ], [ 134.53003507, 7.3378884 ], [ 134.53003507, 7.33802315 ], [ 134.52994523000001, 7.33802315 ], [ 134.52994523000001, 7.33797823 ], [ 134.52990032, 7.33797823 ], [ 134.52990032, 7.33806806 ], [ 134.52999015, 7.33806806 ], [ 134.52999015, 7.33815789 ], [ 134.530079980000011, 7.33815789 ], [ 134.530079980000011, 7.33820281 ], [ 134.5301249, 7.33820281 ], [ 134.5301249, 7.33829264 ], [ 134.52999015, 7.33829264 ], [ 134.52999015, 7.33824772 ], [ 134.52990032, 7.33824772 ], [ 134.52990032, 7.33815789 ], [ 134.52963082, 7.33815789 ], [ 134.52963082, 7.33824772 ], [ 134.52972066000001, 7.33824772 ], [ 134.52972066000001, 7.33820281 ], [ 134.52976557, 7.33820281 ], [ 134.52976557, 7.33829264 ], [ 134.52972066000001, 7.33829264 ], [ 134.52972066000001, 7.33833756 ], [ 134.52963082, 7.33833756 ], [ 134.52963082, 7.33842739 ], [ 134.529540989999987, 7.33842739 ], [ 134.529540989999987, 7.33851722 ], [ 134.52949608, 7.33851722 ], [ 134.52949608, 7.33856213 ], [ 134.529540989999987, 7.33856213 ], [ 134.529540989999987, 7.33869688 ], [ 134.52949608, 7.33869688 ], [ 134.52949608, 7.33878671 ], [ 134.52945116, 7.33878671 ], [ 134.52945116, 7.33887655 ], [ 134.52949608, 7.33887655 ], [ 134.52949608, 7.33883163 ], [ 134.529540989999987, 7.33883163 ], [ 134.529540989999987, 7.33892146 ], [ 134.52963082, 7.33892146 ], [ 134.52963082, 7.33887655 ], [ 134.52972066000001, 7.33887655 ], [ 134.52972066000001, 7.33892146 ], [ 134.529675739999988, 7.33892146 ], [ 134.529675739999988, 7.33901129 ], [ 134.52958591, 7.33901129 ], [ 134.52958591, 7.33905621 ], [ 134.529675739999988, 7.33905621 ], [ 134.529675739999988, 7.33910112 ], [ 134.52963082, 7.33910112 ], [ 134.52963082, 7.33923587 ], [ 134.52976557, 7.33923587 ], [ 134.52976557, 7.33919096 ], [ 134.529810489999988, 7.33919096 ], [ 134.529810489999988, 7.33914604 ], [ 134.52976557, 7.33914604 ], [ 134.52976557, 7.33901129 ], [ 134.5298554, 7.33901129 ], [ 134.5298554, 7.33905621 ], [ 134.52994523000001, 7.33905621 ], [ 134.52994523000001, 7.33901129 ], [ 134.52990032, 7.33901129 ], [ 134.52990032, 7.33892146 ], [ 134.5298554, 7.33892146 ], [ 134.5298554, 7.33887655 ], [ 134.53003507, 7.33887655 ], [ 134.53003507, 7.33878671 ], [ 134.530079980000011, 7.33878671 ], [ 134.530079980000011, 7.3387418 ], [ 134.5301249, 7.3387418 ], [ 134.5301249, 7.33865197 ], [ 134.530079980000011, 7.33865197 ], [ 134.530079980000011, 7.33856213 ], [ 134.5301249, 7.33856213 ], [ 134.5301249, 7.3384723 ], [ 134.53016981, 7.3384723 ], [ 134.53016981, 7.33842739 ], [ 134.53025965, 7.33842739 ], [ 134.53025965, 7.3384723 ], [ 134.530214730000012, 7.3384723 ], [ 134.530214730000012, 7.33856213 ], [ 134.53025965, 7.33856213 ], [ 134.53025965, 7.33860705 ], [ 134.530349480000012, 7.33860705 ], [ 134.530349480000012, 7.33865197 ], [ 134.53039439, 7.33865197 ], [ 134.53039439, 7.3387418 ], [ 134.530349480000012, 7.3387418 ], [ 134.530349480000012, 7.33883163 ], [ 134.53043931, 7.33883163 ], [ 134.53043931, 7.33887655 ], [ 134.53048422, 7.33887655 ], [ 134.53048422, 7.33896638 ], [ 134.53052914, 7.33896638 ], [ 134.53052914, 7.3387418 ], [ 134.53061897, 7.3387418 ], [ 134.53061897, 7.33878671 ], [ 134.53066389, 7.33878671 ], [ 134.53066389, 7.33887655 ], [ 134.53075372, 7.33887655 ], [ 134.53075372, 7.33883163 ], [ 134.530843549999986, 7.33883163 ], [ 134.530843549999986, 7.33887655 ], [ 134.53088847, 7.33887655 ], [ 134.53088847, 7.33892146 ], [ 134.530978299999987, 7.33892146 ], [ 134.530978299999987, 7.33901129 ], [ 134.53093338, 7.33901129 ], [ 134.53093338, 7.33905621 ], [ 134.53088847, 7.33905621 ], [ 134.53088847, 7.33910112 ], [ 134.53093338, 7.33910112 ], [ 134.53093338, 7.33914604 ], [ 134.530843549999986, 7.33914604 ], [ 134.530843549999986, 7.33919096 ], [ 134.53079863, 7.33919096 ], [ 134.53079863, 7.33923587 ], [ 134.53075372, 7.33923587 ], [ 134.53075372, 7.33928079 ], [ 134.53066389, 7.33928079 ], [ 134.53066389, 7.33923587 ], [ 134.530708800000014, 7.33923587 ], [ 134.530708800000014, 7.33914604 ], [ 134.53075372, 7.33914604 ], [ 134.53075372, 7.33905621 ], [ 134.53079863, 7.33905621 ], [ 134.53079863, 7.33901129 ], [ 134.53066389, 7.33901129 ], [ 134.53066389, 7.33896638 ], [ 134.53057406, 7.33896638 ], [ 134.53057406, 7.33910112 ], [ 134.53061897, 7.33910112 ], [ 134.53061897, 7.33919096 ], [ 134.53052914, 7.33919096 ], [ 134.53052914, 7.33923587 ], [ 134.53057406, 7.33923587 ], [ 134.53057406, 7.33928079 ], [ 134.53052914, 7.33928079 ], [ 134.53052914, 7.33946045 ], [ 134.53057406, 7.33946045 ], [ 134.53057406, 7.3395952 ], [ 134.53052914, 7.3395952 ], [ 134.53052914, 7.33968503 ], [ 134.53057406, 7.33968503 ], [ 134.53057406, 7.33964011 ], [ 134.53061897, 7.33964011 ], [ 134.53061897, 7.33950537 ], [ 134.53066389, 7.33950537 ], [ 134.53066389, 7.3393257 ], [ 134.530843549999986, 7.3393257 ], [ 134.530843549999986, 7.33937062 ], [ 134.530708800000014, 7.33937062 ], [ 134.530708800000014, 7.33941553 ], [ 134.53075372, 7.33941553 ], [ 134.53075372, 7.33946045 ], [ 134.530708800000014, 7.33946045 ], [ 134.530708800000014, 7.33955028 ], [ 134.53075372, 7.33955028 ], [ 134.53075372, 7.3395952 ], [ 134.53079863, 7.3395952 ], [ 134.53079863, 7.33972994 ], [ 134.53088847, 7.33972994 ], [ 134.53088847, 7.33977486 ], [ 134.53075372, 7.33977486 ], [ 134.53075372, 7.33968503 ], [ 134.530708800000014, 7.33968503 ], [ 134.530708800000014, 7.33972994 ], [ 134.53066389, 7.33972994 ], [ 134.53066389, 7.33990961 ], [ 134.53061897, 7.33990961 ], [ 134.53061897, 7.33995452 ], [ 134.53057406, 7.33995452 ], [ 134.53057406, 7.33990961 ], [ 134.53048422, 7.33990961 ], [ 134.53048422, 7.33986469 ], [ 134.53043931, 7.33986469 ], [ 134.53043931, 7.33999944 ], [ 134.53039439, 7.33999944 ], [ 134.53039439, 7.34022402 ], [ 134.53043931, 7.34022402 ], [ 134.53043931, 7.34026893 ], [ 134.53048422, 7.34026893 ], [ 134.53048422, 7.34013419 ], [ 134.53052914, 7.34013419 ], [ 134.53052914, 7.34008927 ], [ 134.53048422, 7.34008927 ], [ 134.53048422, 7.33999944 ], [ 134.53057406, 7.33999944 ], [ 134.53057406, 7.34004436 ], [ 134.53061897, 7.34004436 ], [ 134.53061897, 7.33999944 ], [ 134.53066389, 7.33999944 ], [ 134.53066389, 7.34004436 ], [ 134.530708800000014, 7.34004436 ], [ 134.530708800000014, 7.33995452 ], [ 134.53079863, 7.33995452 ], [ 134.53079863, 7.34004436 ], [ 134.53075372, 7.34004436 ], [ 134.53075372, 7.34008927 ], [ 134.53079863, 7.34008927 ], [ 134.53079863, 7.34013419 ], [ 134.530843549999986, 7.34013419 ], [ 134.530843549999986, 7.34008927 ], [ 134.53088847, 7.34008927 ], [ 134.53088847, 7.34013419 ], [ 134.530978299999987, 7.34013419 ], [ 134.530978299999987, 7.3401791 ], [ 134.53102321, 7.3401791 ], [ 134.53102321, 7.34008927 ], [ 134.53106813, 7.34008927 ], [ 134.53106813, 7.33999944 ], [ 134.53111304, 7.33999944 ], [ 134.53111304, 7.34004436 ], [ 134.53120288, 7.34004436 ], [ 134.53120288, 7.33990961 ], [ 134.53111304, 7.33990961 ], [ 134.53111304, 7.33986469 ], [ 134.53120288, 7.33986469 ], [ 134.53120288, 7.33977486 ], [ 134.53102321, 7.33977486 ], [ 134.53102321, 7.33981978 ], [ 134.53093338, 7.33981978 ], [ 134.53093338, 7.33977486 ], [ 134.530978299999987, 7.33977486 ], [ 134.530978299999987, 7.33972994 ], [ 134.53093338, 7.33972994 ], [ 134.53093338, 7.33968503 ], [ 134.53088847, 7.33968503 ], [ 134.53088847, 7.33964011 ], [ 134.53102321, 7.33964011 ], [ 134.53102321, 7.33955028 ], [ 134.530978299999987, 7.33955028 ], [ 134.530978299999987, 7.33950537 ], [ 134.53093338, 7.33950537 ], [ 134.53093338, 7.33941553 ], [ 134.53088847, 7.33941553 ], [ 134.53088847, 7.33937062 ], [ 134.53093338, 7.33937062 ], [ 134.53093338, 7.33928079 ], [ 134.53102321, 7.33928079 ], [ 134.53102321, 7.33923587 ], [ 134.53106813, 7.33923587 ], [ 134.53106813, 7.33919096 ], [ 134.53111304, 7.33919096 ], [ 134.53111304, 7.33914604 ], [ 134.53129271, 7.33914604 ], [ 134.53129271, 7.33919096 ], [ 134.53138254000001, 7.33919096 ], [ 134.53138254000001, 7.33923587 ], [ 134.53142746, 7.33923587 ], [ 134.53142746, 7.33928079 ], [ 134.53129271, 7.33928079 ], [ 134.53129271, 7.3393257 ], [ 134.53142746, 7.3393257 ], [ 134.53142746, 7.33941553 ], [ 134.531517290000011, 7.33941553 ], [ 134.531517290000011, 7.33937062 ], [ 134.53160712, 7.33937062 ], [ 134.53160712, 7.33941553 ], [ 134.53165203, 7.33941553 ], [ 134.53165203, 7.33946045 ], [ 134.531472369999989, 7.33946045 ], [ 134.531472369999989, 7.33955028 ], [ 134.531517290000011, 7.33955028 ], [ 134.531517290000011, 7.33964011 ], [ 134.5315622, 7.33964011 ], [ 134.5315622, 7.33972994 ], [ 134.531517290000011, 7.33972994 ], [ 134.531517290000011, 7.33981978 ], [ 134.53142746, 7.33981978 ], [ 134.53142746, 7.33999944 ], [ 134.53138254000001, 7.33999944 ], [ 134.53138254000001, 7.33995452 ], [ 134.531337619999988, 7.33995452 ], [ 134.531337619999988, 7.34008927 ], [ 134.53138254000001, 7.34008927 ], [ 134.53138254000001, 7.34022402 ], [ 134.531337619999988, 7.34022402 ], [ 134.531337619999988, 7.34026893 ], [ 134.53129271, 7.34026893 ], [ 134.53129271, 7.34022402 ], [ 134.53115796, 7.34022402 ], [ 134.53115796, 7.34026893 ], [ 134.53111304, 7.34026893 ], [ 134.53111304, 7.34031385 ], [ 134.53102321, 7.34031385 ], [ 134.53102321, 7.34035877 ], [ 134.530978299999987, 7.34035877 ], [ 134.530978299999987, 7.3404486 ], [ 134.53120288, 7.3404486 ], [ 134.53120288, 7.34040368 ], [ 134.53129271, 7.34040368 ] ], [ [ 134.53160712, 7.3401791 ], [ 134.53160712, 7.34013419 ], [ 134.531517290000011, 7.34013419 ], [ 134.531517290000011, 7.3401791 ], [ 134.531472369999989, 7.3401791 ], [ 134.531472369999989, 7.33995452 ], [ 134.531517290000011, 7.33995452 ], [ 134.531517290000011, 7.33990961 ], [ 134.5315622, 7.33990961 ], [ 134.5315622, 7.33999944 ], [ 134.53160712, 7.33999944 ], [ 134.53160712, 7.34008927 ], [ 134.53165203, 7.34008927 ], [ 134.53165203, 7.3401791 ], [ 134.53160712, 7.3401791 ] ], [ [ 134.53196644, 7.33964011 ], [ 134.53196644, 7.3395952 ], [ 134.532011360000013, 7.3395952 ], [ 134.532011360000013, 7.33964011 ], [ 134.53196644, 7.33964011 ] ], [ [ 134.53205628, 7.33838247 ], [ 134.53210119, 7.33838247 ], [ 134.53210119, 7.3384723 ], [ 134.53205628, 7.3384723 ], [ 134.53205628, 7.33838247 ] ], [ [ 134.53111304, 7.33766382 ], [ 134.53115796, 7.33766382 ], [ 134.53115796, 7.33770874 ], [ 134.53111304, 7.33770874 ], [ 134.53111304, 7.33766382 ] ], [ [ 134.53115796, 7.33752907 ], [ 134.53124779, 7.33752907 ], [ 134.53124779, 7.3376189 ], [ 134.53120288, 7.3376189 ], [ 134.53120288, 7.33766382 ], [ 134.53115796, 7.33766382 ], [ 134.53115796, 7.33752907 ] ], [ [ 134.53129271, 7.33820281 ], [ 134.53124779, 7.33820281 ], [ 134.53124779, 7.33815789 ], [ 134.53129271, 7.33815789 ], [ 134.53129271, 7.33820281 ] ], [ [ 134.529675739999988, 7.33842739 ], [ 134.529675739999988, 7.3384723 ], [ 134.52963082, 7.3384723 ], [ 134.52963082, 7.33842739 ], [ 134.529675739999988, 7.33842739 ] ], [ [ 134.52999015, 7.33878671 ], [ 134.52990032, 7.33878671 ], [ 134.52990032, 7.33869688 ], [ 134.5298554, 7.33869688 ], [ 134.5298554, 7.33865197 ], [ 134.52994523000001, 7.33865197 ], [ 134.52994523000001, 7.33860705 ], [ 134.52999015, 7.33860705 ], [ 134.52999015, 7.33856213 ], [ 134.53003507, 7.33856213 ], [ 134.53003507, 7.33869688 ], [ 134.52999015, 7.33869688 ], [ 134.52999015, 7.3387418 ], [ 134.53003507, 7.3387418 ], [ 134.53003507, 7.33878671 ], [ 134.52999015, 7.33878671 ] ], [ [ 134.530079980000011, 7.3384723 ], [ 134.530079980000011, 7.33851722 ], [ 134.52999015, 7.33851722 ], [ 134.52999015, 7.3384723 ], [ 134.53003507, 7.3384723 ], [ 134.53003507, 7.33838247 ], [ 134.530079980000011, 7.33838247 ], [ 134.530079980000011, 7.33842739 ], [ 134.5301249, 7.33842739 ], [ 134.5301249, 7.3384723 ], [ 134.530079980000011, 7.3384723 ] ], [ [ 134.530079980000011, 7.33833756 ], [ 134.5301249, 7.33833756 ], [ 134.5301249, 7.33838247 ], [ 134.530079980000011, 7.33838247 ], [ 134.530079980000011, 7.33833756 ] ], [ [ 134.530349480000012, 7.33856213 ], [ 134.53039439, 7.33856213 ], [ 134.53039439, 7.33860705 ], [ 134.530349480000012, 7.33860705 ], [ 134.530349480000012, 7.33856213 ] ], [ [ 134.53030456, 7.33856213 ], [ 134.53030456, 7.3384723 ], [ 134.530349480000012, 7.3384723 ], [ 134.530349480000012, 7.33856213 ], [ 134.53030456, 7.33856213 ] ], [ [ 134.530978299999987, 7.33914604 ], [ 134.530978299999987, 7.33919096 ], [ 134.53093338, 7.33919096 ], [ 134.53093338, 7.33914604 ], [ 134.530978299999987, 7.33914604 ] ], [ [ 134.530978299999987, 7.33905621 ], [ 134.53106813, 7.33905621 ], [ 134.53106813, 7.33910112 ], [ 134.53102321, 7.33910112 ], [ 134.53102321, 7.33914604 ], [ 134.530978299999987, 7.33914604 ], [ 134.530978299999987, 7.33905621 ] ], [ [ 134.53093338, 7.33923587 ], [ 134.53088847, 7.33923587 ], [ 134.53088847, 7.33919096 ], [ 134.53093338, 7.33919096 ], [ 134.53093338, 7.33923587 ] ], [ [ 134.53088847, 7.34004436 ], [ 134.53093338, 7.34004436 ], [ 134.53093338, 7.34008927 ], [ 134.53088847, 7.34008927 ], [ 134.53088847, 7.34004436 ] ], [ [ 134.531517290000011, 7.33950537 ], [ 134.5315622, 7.33950537 ], [ 134.5315622, 7.33955028 ], [ 134.531517290000011, 7.33955028 ], [ 134.531517290000011, 7.33950537 ] ], [ [ 134.531472369999989, 7.34026893 ], [ 134.53142746, 7.34026893 ], [ 134.53142746, 7.34022402 ], [ 134.531472369999989, 7.34022402 ], [ 134.531472369999989, 7.34026893 ] ], [ [ 134.53124779, 7.33901129 ], [ 134.53120288, 7.33901129 ], [ 134.53120288, 7.33892146 ], [ 134.53124779, 7.33892146 ], [ 134.53124779, 7.33901129 ] ], [ [ 134.53061897, 7.33937062 ], [ 134.53057406, 7.33937062 ], [ 134.53057406, 7.3393257 ], [ 134.53061897, 7.3393257 ], [ 134.53061897, 7.33937062 ] ], [ [ 134.530214730000012, 7.33824772 ], [ 134.53016981, 7.33824772 ], [ 134.53016981, 7.33815789 ], [ 134.530214730000012, 7.33815789 ], [ 134.530214730000012, 7.33824772 ] ], [ [ 134.52972066000001, 7.33856213 ], [ 134.52976557, 7.33856213 ], [ 134.52976557, 7.33851722 ], [ 134.529810489999988, 7.33851722 ], [ 134.529810489999988, 7.33865197 ], [ 134.52976557, 7.33865197 ], [ 134.52976557, 7.33869688 ], [ 134.52972066000001, 7.33869688 ], [ 134.52972066000001, 7.3387418 ], [ 134.52958591, 7.3387418 ], [ 134.52958591, 7.33860705 ], [ 134.52972066000001, 7.33860705 ], [ 134.52972066000001, 7.33856213 ] ], [ [ 134.5318317, 7.33842739 ], [ 134.53174187, 7.33842739 ], [ 134.53174187, 7.33838247 ], [ 134.5318317, 7.33838247 ], [ 134.5318317, 7.33842739 ] ], [ [ 134.53165203, 7.33968503 ], [ 134.53160712, 7.33968503 ], [ 134.53160712, 7.33964011 ], [ 134.53165203, 7.33964011 ], [ 134.53165203, 7.33968503 ] ], [ [ 134.53174187, 7.33968503 ], [ 134.53174187, 7.33964011 ], [ 134.53178678, 7.33964011 ], [ 134.53178678, 7.33941553 ], [ 134.5318317, 7.33941553 ], [ 134.5318317, 7.3395952 ], [ 134.531876610000012, 7.3395952 ], [ 134.531876610000012, 7.33968503 ], [ 134.5318317, 7.33968503 ], [ 134.5318317, 7.33981978 ], [ 134.53174187, 7.33981978 ], [ 134.53174187, 7.33972994 ], [ 134.53165203, 7.33972994 ], [ 134.53165203, 7.33968503 ], [ 134.53174187, 7.33968503 ] ], [ [ 134.53174187, 7.33990961 ], [ 134.53178678, 7.33990961 ], [ 134.53178678, 7.34004436 ], [ 134.53165203, 7.34004436 ], [ 134.53165203, 7.33995452 ], [ 134.53174187, 7.33995452 ], [ 134.53174187, 7.33990961 ] ], [ [ 134.53160712, 7.33995452 ], [ 134.53160712, 7.33990961 ], [ 134.53165203, 7.33990961 ], [ 134.53165203, 7.33995452 ], [ 134.53160712, 7.33995452 ] ], [ [ 134.53210119, 7.3395952 ], [ 134.53205628, 7.3395952 ], [ 134.53205628, 7.33955028 ], [ 134.53210119, 7.33955028 ], [ 134.53210119, 7.3395952 ] ], [ [ 134.53079863, 7.33878671 ], [ 134.53079863, 7.33869688 ], [ 134.530843549999986, 7.33869688 ], [ 134.530843549999986, 7.3387418 ], [ 134.53088847, 7.3387418 ], [ 134.53088847, 7.33878671 ], [ 134.53079863, 7.33878671 ] ], [ [ 134.53196644, 7.33981978 ], [ 134.531876610000012, 7.33981978 ], [ 134.531876610000012, 7.33972994 ], [ 134.53196644, 7.33972994 ], [ 134.53196644, 7.33981978 ] ], [ [ 134.53102321, 7.33995452 ], [ 134.530978299999987, 7.33995452 ], [ 134.530978299999987, 7.33990961 ], [ 134.53102321, 7.33990961 ], [ 134.53102321, 7.33995452 ] ], [ [ 134.53124779, 7.33721466 ], [ 134.53120288, 7.33721466 ], [ 134.53120288, 7.33716975 ], [ 134.53124779, 7.33716975 ], [ 134.53124779, 7.33721466 ] ] ] } },
{ "type": "Feature", "properties": { "id": "geomorphic_data_verbose.fid-75f8f034_1a0c1004d45_-5393", "class_name": "Deep Lagoon", "area_sqkm": 2.4634608644526453e-05 }, "geometry": { "type": "Polygon", "coordinates": [ [ [ 134.531472369999989, 7.33860705 ], [ 134.531472369999989, 7.33856213 ], [ 134.53142746, 7.33856213 ], [ 134.53142746, 7.33860705 ], [ 134.531472369999989, 7.33860705 ] ] ] } },
{ "type": "Feature", "properties": { "id": "geomorphic_data_verbose.fid-75f8f034_1a0c1004d45_-59aa", "class_name": "Deep Lagoon", "area_sqkm": 4.9269212457351386e-05 }, "geometry": { "type": "Polygon", "coordinates": [ [ [ 134.5315622, 7.33865197 ], [ 134.5315622, 7.33860705 ], [ 134.531472369999989, 7.33860705 ], [ 134.531472369999989, 7.33865197 ], [ 134.5315622, 7.33865197 ] ] ] } },
{ "type": "Feature", "properties": { "id": "geomorphic_data_verbose.fid-75f8f034_1a0c1004d45_-566e", "class_name": "Deep Lagoon", "area_sqkm": 2.4634582004975526e-05 }, "geometry": { "type": "Polygon", "coordinates": [ [ [ 134.53160712, 7.33910112 ], [ 134.53160712, 7.33905621 ], [ 134.5315622, 7.33905621 ], [ 134.5315622, 7.33910112 ], [ 134.53160712, 7.33910112 ] ] ] } },
{ "type": "Feature", "properties": { "id": "geomorphic_data_verbose.fid-75f8f034_1a0c1004d45_-5bfe", "class_name": "Deep Lagoon", "area_sqkm": 0.0010100167190101928 }, "geometry": { "type": "Polygon", "coordinates": [ [ [ 134.53219102, 7.33968503 ], [ 134.53223594, 7.33968503 ], [ 134.53223594, 7.33964011 ], [ 134.53228085, 7.33964011 ], [ 134.53228085, 7.33972994 ], [ 134.53223594, 7.33972994 ], [ 134.53223594, 7.33977486 ], [ 134.53228085, 7.33977486 ], [ 134.53228085, 7.33981978 ], [ 134.53232577, 7.33981978 ], [ 134.53232577, 7.33977486 ], [ 134.5324156, 7.33977486 ], [ 134.5324156, 7.33968503 ], [ 134.53246052, 7.33968503 ], [ 134.53246052, 7.33964011 ], [ 134.5324156, 7.33964011 ], [ 134.5324156, 7.33946045 ], [ 134.53232577, 7.33946045 ], [ 134.53232577, 7.33941553 ], [ 134.532146110000014, 7.33941553 ], [ 134.532146110000014, 7.33964011 ], [ 134.53219102, 7.33964011 ], [ 134.53219102, 7.33968503 ] ] ] } },
{ "type": "Feature", "properties": { "id": "geomorphic_data_verbose.fid-75f8f034_1a0c1004d45_-5396", "class_name": "Terrestrial Reef Flat", "area_sqkm": 7.3903647981118416e-05 }, "geometry": { "type": "Polygon", "coordinates": [ [ [ 134.53228085, 7.33972994 ], [ 134.53228085, 7.33964011 ], [ 134.53223594, 7.33964011 ], [ 134.53223594, 7.33968503 ], [ 134.53219102, 7.33968503 ], [ 134.53219102, 7.33972994 ], [ 134.53228085, 7.33972994 ] ] ] } },
{ "type": "Feature", "properties": { "id": "geomorphic_data_verbose.fid-75f8f034_1a0c1004d45_-5397", "class_name": "Deep Lagoon", "area_sqkm": 0.00091147689813189203 }, "geometry": { "type": "Polygon", "coordinates": [ [ [ 134.530843549999986, 7.34067318 ], [ 134.530843549999986, 7.34058334 ], [ 134.53093338, 7.34058334 ], [ 134.53093338, 7.34053843 ], [ 134.530978299999987, 7.34053843 ], [ 134.530978299999987, 7.34049351 ], [ 134.53093338, 7.34049351 ], [ 134.53093338, 7.34035877 ], [ 134.53088847, 7.34035877 ], [ 134.53088847, 7.34026893 ], [ 134.530843549999986, 7.34026893 ], [ 134.53075372, 7.34026893 ], [ 134.53075372, 7.3401791 ], [ 134.530708800000014, 7.3401791 ], [ 134.530708800000014, 7.34022402 ], [ 134.53066389, 7.34022402 ], [ 134.53066389, 7.3401791 ], [ 134.53061897, 7.3401791 ], [ 134.53061897, 7.34013419 ], [ 134.53057406, 7.34013419 ], [ 134.53057406, 7.34022402 ], [ 134.53052914, 7.34022402 ], [ 134.53052914, 7.34026893 ], [ 134.53066389, 7.34026893 ], [ 134.530708800000014, 7.34026893 ], [ 134.530708800000014, 7.34031385 ], [ 134.53075372, 7.34031385 ], [ 134.53079863, 7.34031385 ], [ 134.53079863, 7.34049351 ], [ 134.530708800000014, 7.34049351 ], [ 134.530708800000014, 7.34053843 ], [ 134.53075372, 7.34053843 ], [ 134.53075372, 7.34062826 ], [ 134.53079863, 7.34062826 ], [ 134.53079863, 7.34067318 ], [ 134.530843549999986, 7.34067318 ] ] ] } },
{ "type": "Feature", "properties": { "id": "geomorphic_data_verbose.fid-75f8f034_1a0c1004d45_-59fa", "class_name": "Terrestrial Reef Flat", "area_sqkm": 0.062547023807749624 }, "geometry": { "type": "Polygon", "coordinates": [ [ [ 134.53376307, 7.34166132 ], [ 134.53371816, 7.34166132 ], [ 134.53349358, 7.34166132 ], [ 134.53349358, 7.34161641 ], [ 134.53344866, 7.34161641 ], [ 134.53344866, 7.34157149 ], [ 134.53340375, 7.34157149 ], [ 134.533313920000012, 7.34157149 ], [ 134.533313920000012, 7.34143674 ], [ 134.533269, 7.34143674 ], [ 134.533269, 7.34134691 ], [ 134.53322409, 7.34134691 ], [ 134.53322409, 7.34121216 ], [ 134.533269, 7.34121216 ], [ 134.533269, 7.34112233 ], [ 134.53340375, 7.34112233 ], [ 134.53340375, 7.34107742 ], [ 134.5335385, 7.34107742 ], [ 134.5335385, 7.34112233 ], [ 134.53358341, 7.34112233 ], [ 134.53358341, 7.34116725 ], [ 134.53362833, 7.34116725 ], [ 134.533673240000013, 7.34116725 ], [ 134.533673240000013, 7.34121216 ], [ 134.53385291, 7.34121216 ], [ 134.53385291, 7.34116725 ], [ 134.53389782, 7.34116725 ], [ 134.53389782, 7.34112233 ], [ 134.533942739999986, 7.34112233 ], [ 134.533942739999986, 7.3410325 ], [ 134.53398765, 7.3410325 ], [ 134.53398765, 7.34076301 ], [ 134.533942739999986, 7.34076301 ], [ 134.53385291, 7.34076301 ], [ 134.53385291, 7.34067318 ], [ 134.533807990000014, 7.34067318 ], [ 134.533807990000014, 7.34062826 ], [ 134.53376307, 7.34062826 ], [ 134.53376307, 7.34053843 ], [ 134.533673240000013, 7.34053843 ], [ 134.533673240000013, 7.34062826 ], [ 134.53358341, 7.34062826 ], [ 134.53358341, 7.34071809 ], [ 134.53340375, 7.34071809 ], [ 134.53340375, 7.34067318 ], [ 134.53335883, 7.34067318 ], [ 134.53335883, 7.34071809 ], [ 134.533269, 7.34071809 ], [ 134.533269, 7.34067318 ], [ 134.53322409, 7.34067318 ], [ 134.533179170000011, 7.34067318 ], [ 134.533179170000011, 7.34062826 ], [ 134.533134249999989, 7.34062826 ], [ 134.53308934, 7.34062826 ], [ 134.53308934, 7.34058334 ], [ 134.53304442000001, 7.34058334 ], [ 134.53304442000001, 7.34049351 ], [ 134.53299951, 7.34049351 ], [ 134.53299951, 7.3401791 ], [ 134.53304442000001, 7.3401791 ], [ 134.53304442000001, 7.34008927 ], [ 134.53308934, 7.34008927 ], [ 134.53308934, 7.34004436 ], [ 134.533134249999989, 7.34004436 ], [ 134.533134249999989, 7.33999944 ], [ 134.533179170000011, 7.33999944 ], [ 134.533179170000011, 7.33995452 ], [ 134.53322409, 7.33995452 ], [ 134.53322409, 7.33990961 ], [ 134.53349358, 7.33990961 ], [ 134.53349358, 7.33995452 ], [ 134.5335385, 7.33995452 ], [ 134.5335385, 7.33990961 ], [ 134.53358341, 7.33990961 ], [ 134.53358341, 7.33986469 ], [ 134.53362833, 7.33986469 ], [ 134.53362833, 7.33981978 ], [ 134.53376307, 7.33981978 ], [ 134.53376307, 7.33977486 ], [ 134.533807990000014, 7.33977486 ], [ 134.533807990000014, 7.33972994 ], [ 134.53385291, 7.33972994 ], [ 134.53385291, 7.33968503 ], [ 134.53398765, 7.33968503 ], [ 134.53398765, 7.33964011 ], [ 134.53403257, 7.33964011 ], [ 134.53403257, 7.33955028 ], [ 134.53398765, 7.33955028 ], [ 134.53398765, 7.3395952 ], [ 134.533942739999986, 7.3395952 ], [ 134.533942739999986, 7.33955028 ], [ 134.53389782, 7.33955028 ], [ 134.53389782, 7.3395952 ], [ 134.533807990000014, 7.3395952 ], [ 134.533807990000014, 7.33964011 ], [ 134.533673240000013, 7.33964011 ], [ 134.533673240000013, 7.33968503 ], [ 134.53362833, 7.33968503 ], [ 134.53362833, 7.33964011 ], [ 134.53349358, 7.33964011 ], [ 134.53349358, 7.33968503 ], [ 134.53344866, 7.33968503 ], [ 134.53344866, 7.33964011 ], [ 134.53340375, 7.33964011 ], [ 134.53335883, 7.33964011 ], [ 134.53335883, 7.3395952 ], [ 134.533313920000012, 7.3395952 ], [ 134.533269, 7.3395952 ], [ 134.533269, 7.33950537 ], [ 134.53322409, 7.33950537 ], [ 134.53322409, 7.33941553 ], [ 134.533179170000011, 7.33941553 ], [ 134.533179170000011, 7.33946045 ], [ 134.533134249999989, 7.33946045 ], [ 134.533134249999989, 7.33950537 ], [ 134.53308934, 7.33950537 ], [ 134.53308934, 7.33941553 ], [ 134.533134249999989, 7.33941553 ], [ 134.533134249999989, 7.33937062 ], [ 134.53308934, 7.33937062 ], [ 134.53308934, 7.3393257 ], [ 134.53304442000001, 7.3393257 ], [ 134.53299951, 7.3393257 ], [ 134.53299951, 7.33928079 ], [ 134.533134249999989, 7.33928079 ], [ 134.533134249999989, 7.33901129 ], [ 134.53308934, 7.33901129 ], [ 134.53308934, 7.33905621 ], [ 134.53304442000001, 7.33905621 ], [ 134.53304442000001, 7.33910112 ], [ 134.53295459, 7.33910112 ], [ 134.53295459, 7.33905621 ], [ 134.532909679999989, 7.33905621 ], [ 134.532909679999989, 7.33901129 ], [ 134.53286476, 7.33901129 ], [ 134.532774929999988, 7.33901129 ], [ 134.532774929999988, 7.33896638 ], [ 134.53273001, 7.33896638 ], [ 134.53273001, 7.33892146 ], [ 134.5326851, 7.33892146 ], [ 134.53246052, 7.33892146 ], [ 134.53246052, 7.33887655 ], [ 134.5324156, 7.33887655 ], [ 134.5324156, 7.33883163 ], [ 134.53237069, 7.33883163 ], [ 134.53237069, 7.33878671 ], [ 134.53232577, 7.33878671 ], [ 134.53228085, 7.33878671 ], [ 134.53228085, 7.33860705 ], [ 134.53223594, 7.33860705 ], [ 134.53223594, 7.33856213 ], [ 134.53219102, 7.33856213 ], [ 134.53210119, 7.33856213 ], [ 134.53210119, 7.33851722 ], [ 134.532011360000013, 7.33851722 ], [ 134.532011360000013, 7.33860705 ], [ 134.53192153, 7.33860705 ], [ 134.53192153, 7.33856213 ], [ 134.531876610000012, 7.33856213 ], [ 134.531876610000012, 7.33851722 ], [ 134.53178678, 7.33851722 ], [ 134.53178678, 7.33856213 ], [ 134.53160712, 7.33856213 ], [ 134.53160712, 7.33851722 ], [ 134.5315622, 7.33851722 ], [ 134.531337619999988, 7.33851722 ], [ 134.531337619999988, 7.3384723 ], [ 134.53129271, 7.3384723 ], [ 134.53129271, 7.33851722 ], [ 134.53120288, 7.33851722 ], [ 134.53120288, 7.3384723 ], [ 134.53115796, 7.3384723 ], [ 134.53106813, 7.3384723 ], [ 134.53106813, 7.33842739 ], [ 134.530978299999987, 7.33842739 ], [ 134.530978299999987, 7.33851722 ], [ 134.53102321, 7.33851722 ], [ 134.53102321, 7.33856213 ], [ 134.53111304, 7.33856213 ], [ 134.53115796, 7.33856213 ], [ 134.53115796, 7.33860705 ], [ 134.53111304, 7.33860705 ], [ 134.53111304, 7.33865197 ], [ 134.53115796, 7.33865197 ], [ 134.53115796, 7.3387418 ], [ 134.53120288, 7.3387418 ], [ 134.53120288, 7.33878671 ], [ 134.53129271, 7.33878671 ], [ 134.531337619999988, 7.33878671 ], [ 134.531337619999988, 7.33883163 ], [ 134.53138254000001, 7.33883163 ], [ 134.53138254000001, 7.33887655 ], [ 134.53142746, 7.33887655 ], [ 134.53142746, 7.33892146 ], [ 134.531472369999989, 7.33892146 ], [ 134.531472369999989, 7.33905621 ], [ 134.531517290000011, 7.33905621 ], [ 134.531517290000011, 7.33910112 ], [ 134.5315622, 7.33910112 ], [ 134.5315622, 7.33914604 ], [ 134.53160712, 7.33914604 ], [ 134.53165203, 7.33914604 ], [ 134.53165203, 7.33919096 ], [ 134.53178678, 7.33919096 ], [ 134.5318317, 7.33919096 ], [ 134.5318317, 7.33923587 ], [ 134.531876610000012, 7.33923587 ], [ 134.53192153, 7.33923587 ], [ 134.53192153, 7.3393257 ], [ 134.53196644, 7.3393257 ], [ 134.53196644, 7.33937062 ], [ 134.53210119, 7.33937062 ], [ 134.532146110000014, 7.33937062 ], [ 134.532146110000014, 7.33941553 ], [ 134.53228085, 7.33941553 ], [ 134.53232577, 7.33941553 ], [ 134.53232577, 7.33946045 ], [ 134.53237069, 7.33946045 ], [ 134.5324156, 7.33946045 ], [ 134.5324156, 7.33964011 ], [ 134.53246052, 7.33964011 ], [ 134.53246052, 7.33968503 ], [ 134.5324156, 7.33968503 ], [ 134.5324156, 7.33977486 ], [ 134.53232577, 7.33977486 ], [ 134.53232577, 7.33981978 ], [ 134.53228085, 7.33981978 ], [ 134.53228085, 7.33977486 ], [ 134.53223594, 7.33977486 ], [ 134.53219102, 7.33977486 ], [ 134.53219102, 7.33972994 ], [ 134.53210119, 7.33972994 ], [ 134.53210119, 7.33977486 ], [ 134.53205628, 7.33977486 ], [ 134.53205628, 7.33990961 ], [ 134.532011360000013, 7.33990961 ], [ 134.532011360000013, 7.33999944 ], [ 134.53196644, 7.33999944 ], [ 134.53196644, 7.34004436 ], [ 134.53192153, 7.34004436 ], [ 134.53192153, 7.34013419 ], [ 134.5318317, 7.34013419 ], [ 134.5318317, 7.34008927 ], [ 134.53178678, 7.34008927 ], [ 134.53178678, 7.3401791 ], [ 134.53165203, 7.3401791 ], [ 134.53165203, 7.34022402 ], [ 134.53160712, 7.34022402 ], [ 134.53160712, 7.34026893 ], [ 134.5315622, 7.34026893 ], [ 134.5315622, 7.34031385 ], [ 134.531517290000011, 7.34031385 ], [ 134.531517290000011, 7.34035877 ], [ 134.53129271, 7.34035877 ], [ 134.53129271, 7.34040368 ], [ 134.53120288, 7.34040368 ], [ 134.53120288, 7.3404486 ], [ 134.530978299999987, 7.3404486 ], [ 134.530978299999987, 7.34040368 ], [ 134.53093338, 7.34040368 ], [ 134.53093338, 7.34049351 ], [ 134.530978299999987, 7.34049351 ], [ 134.530978299999987, 7.34053843 ], [ 134.53093338, 7.34053843 ], [ 134.53093338, 7.34058334 ], [ 134.530843549999986, 7.34058334 ], [ 134.530843549999986, 7.34067318 ], [ 134.53079863, 7.34067318 ], [ 134.53079863, 7.34062826 ], [ 134.53075372, 7.34062826 ], [ 134.53075372, 7.34058334 ], [ 134.53052914, 7.34058334 ], [ 134.53052914, 7.34076301 ], [ 134.53061897, 7.34076301 ], [ 134.53061897, 7.34071809 ], [ 134.530708800000014, 7.34071809 ], [ 134.530708800000014, 7.34076301 ], [ 134.53075372, 7.34076301 ], [ 134.53075372, 7.34085284 ], [ 134.53079863, 7.34085284 ], [ 134.53079863, 7.34080792 ], [ 134.53088847, 7.34080792 ], [ 134.53088847, 7.34076301 ], [ 134.53169695, 7.34076301 ], [ 134.53169695, 7.34080792 ], [ 134.53174187, 7.34080792 ], [ 134.53174187, 7.34085284 ], [ 134.53178678, 7.34085284 ], [ 134.5318317, 7.34085284 ], [ 134.5318317, 7.34089775 ], [ 134.531876610000012, 7.34089775 ], [ 134.53192153, 7.34089775 ], [ 134.53192153, 7.34094267 ], [ 134.53196644, 7.34094267 ], [ 134.532011360000013, 7.34094267 ], [ 134.532011360000013, 7.34098759 ], [ 134.53205628, 7.34098759 ], [ 134.53205628, 7.3410325 ], [ 134.53210119, 7.3410325 ], [ 134.53210119, 7.34098759 ], [ 134.532146110000014, 7.34098759 ], [ 134.532146110000014, 7.34112233 ], [ 134.53223594, 7.34112233 ], [ 134.53228085, 7.34112233 ], [ 134.53228085, 7.34121216 ], [ 134.53232577, 7.34121216 ], [ 134.53232577, 7.341302 ], [ 134.53237069, 7.341302 ], [ 134.53237069, 7.34134691 ], [ 134.5324156, 7.34134691 ], [ 134.5324156, 7.34143674 ], [ 134.53246052, 7.34143674 ], [ 134.53246052, 7.34148166 ], [ 134.532505429999986, 7.34148166 ], [ 134.53255035, 7.34148166 ], [ 134.53255035, 7.34152658 ], [ 134.53259527, 7.34152658 ], [ 134.53259527, 7.34170624 ], [ 134.532640179999987, 7.34170624 ], [ 134.532640179999987, 7.34179607 ], [ 134.5326851, 7.34179607 ], [ 134.5326851, 7.34193082 ], [ 134.53273001, 7.34193082 ], [ 134.532774929999988, 7.34193082 ], [ 134.532774929999988, 7.34197573 ], [ 134.53273001, 7.34197573 ], [ 134.53273001, 7.34206556 ], [ 134.532774929999988, 7.34206556 ], [ 134.532774929999988, 7.3421554 ], [ 134.53281984, 7.3421554 ], [ 134.53286476, 7.3421554 ], [ 134.53286476, 7.34220031 ], [ 134.532909679999989, 7.34220031 ], [ 134.532923014109116, 7.34220031 ], [ 134.53376307, 7.341780592094358 ], [ 134.53376307, 7.34166132 ] ], [ [ 134.5315622, 7.33905621 ], [ 134.53160712, 7.33905621 ], [ 134.53160712, 7.33910112 ], [ 134.5315622, 7.33910112 ], [ 134.5315622, 7.33905621 ] ], [ [ 134.531517290000011, 7.33860705 ], [ 134.5315622, 7.33860705 ], [ 134.5315622, 7.33865197 ], [ 134.531472369999989, 7.33865197 ], [ 134.531472369999989, 7.33860705 ], [ 134.531517290000011, 7.33860705 ] ], [ [ 134.53142746, 7.33860705 ], [ 134.53142746, 7.33856213 ], [ 134.531472369999989, 7.33856213 ], [ 134.531472369999989, 7.33860705 ], [ 134.53142746, 7.33860705 ] ] ] } },
{ "type": "Feature", "properties": { "id": "geomorphic_data_verbose.fid-75f8f034_1a0c1004d45_-59ba", "class_name": "Back Reef Slope", "area_sqkm": 0.000123172446268145 }, "geometry": { "type": "Polygon", "coordinates": [ [ [ 134.53075372, 7.34085284 ], [ 134.53075372, 7.34080792 ], [ 134.530708800000014, 7.34080792 ], [ 134.530708800000014, 7.34076301 ], [ 134.53061897, 7.34076301 ], [ 134.53061897, 7.34085284 ], [ 134.53075372, 7.34085284 ] ] ] } },
{ "type": "Feature", "properties": { "id": "geomorphic_data_verbose.fid-75f8f034_1a0c1004d45_-5335", "class_name": "Deep Lagoon", "area_sqkm": 0.00017244342764746398 }, "geometry": { "type": "Polygon", "coordinates": [ [ [ 134.54148859, 7.33555278 ], [ 134.54148859, 7.33546295 ], [ 134.54135384, 7.33546295 ], [ 134.54135384, 7.33550786 ], [ 134.54130892, 7.33550786 ], [ 134.54130892, 7.33555278 ], [ 134.54148859, 7.33555278 ] ] ] } },
{ "type": "Feature", "properties": { "id": "geomorphic_data_verbose.fid-75f8f034_1a0c1004d45_-56d9", "class_name": "Terrestrial Reef Flat", "area_sqkm": 0.00036952156876586377 }, "geometry": { "type": "Polygon", "coordinates": [ [ [ 134.54126401, 7.33568753 ], [ 134.54126401, 7.33559769 ], [ 134.54130892, 7.33559769 ], [ 134.54130892, 7.33550786 ], [ 134.54135384, 7.33550786 ], [ 134.54135384, 7.33546295 ], [ 134.54130892, 7.33546295 ], [ 134.54112926, 7.33546295 ], [ 134.54112926, 7.33550786 ], [ 134.541174180000013, 7.33550786 ], [ 134.541174180000013, 7.33568753 ], [ 134.54126401, 7.33568753 ] ] ] } },
{ "type": "Feature", "properties": { "id": "geomorphic_data_verbose.fid-75f8f034_1a0c1004d45_-59fe", "class_name": "Back Reef Slope", "area_sqkm": 0.0084250531413764696 }, "geometry": { "type": "Polygon", "coordinates": [ [ [ 134.540365689999987, 7.33712483 ], [ 134.54032078, 7.33712483 ], [ 134.54032078, 7.33707991 ], [ 134.54027586, 7.33707991 ], [ 134.54027586, 7.33712483 ], [ 134.540230939999987, 7.33712483 ], [ 134.540230939999987, 7.33707991 ], [ 134.54014111, 7.33707991 ], [ 134.54014111, 7.33721466 ], [ 134.54005128, 7.33721466 ], [ 134.54005128, 7.33716975 ], [ 134.540006369999986, 7.33716975 ], [ 134.540006369999986, 7.33725958 ], [ 134.53991653, 7.33725958 ], [ 134.53991653, 7.33730449 ], [ 134.539871620000014, 7.33730449 ], [ 134.539871620000014, 7.33739432 ], [ 134.539736870000013, 7.33739432 ], [ 134.539736870000013, 7.33748416 ], [ 134.53969196, 7.33748416 ], [ 134.53969196, 7.33766382 ], [ 134.53964704, 7.33766382 ], [ 134.53964704, 7.33770874 ], [ 134.53969196, 7.33770874 ], [ 134.53969196, 7.33779857 ], [ 134.539724299450512, 7.33779857 ], [ 134.540389718253323, 7.33712483 ], [ 134.540365689999987, 7.33712483 ] ] ] } },
{ "type": "Feature", "properties": { "id": "geomorphic_data_verbose.fid-75f8f034_1a0c1004d45_-5580", "class_name": "Terrestrial Reef Flat", "area_sqkm": 0.0052718160022459928 }, "geometry": { "type": "Polygon", "coordinates": [ [ [ 134.538209740000013, 7.33838247 ], [ 134.538209740000013, 7.33829264 ], [ 134.53825465, 7.33829264 ], [ 134.53825465, 7.33824772 ], [ 134.53834448, 7.33824772 ], [ 134.53834448, 7.33806806 ], [ 134.53861398, 7.33806806 ], [ 134.53861398, 7.33802315 ], [ 134.53865889, 7.33802315 ], [ 134.53865889, 7.33806806 ], [ 134.538703809999987, 7.33806806 ], [ 134.538703809999987, 7.33793331 ], [ 134.53888347, 7.33793331 ], [ 134.53888347, 7.33784348 ], [ 134.538838559999988, 7.33784348 ], [ 134.538838559999988, 7.33779857 ], [ 134.53879364, 7.33779857 ], [ 134.53874872, 7.33779857 ], [ 134.53874872, 7.33775365 ], [ 134.538703809999987, 7.33775365 ], [ 134.538703809999987, 7.33770874 ], [ 134.53874872, 7.33770874 ], [ 134.53874872, 7.3376189 ], [ 134.538703809999987, 7.3376189 ], [ 134.53861398, 7.3376189 ], [ 134.53861398, 7.33757399 ], [ 134.53865889, 7.33757399 ], [ 134.53865889, 7.33752907 ], [ 134.53874872, 7.33752907 ], [ 134.53874872, 7.33748416 ], [ 134.538703809999987, 7.33748416 ], [ 134.538703809999987, 7.33743924 ], [ 134.53865889, 7.33743924 ], [ 134.53865889, 7.33739432 ], [ 134.538703809999987, 7.33739432 ], [ 134.538703809999987, 7.33734941 ], [ 134.53865889, 7.33734941 ], [ 134.53861398, 7.33734941 ], [ 134.53861398, 7.33707991 ], [ 134.538434310000014, 7.33707991 ], [ 134.538434310000014, 7.33752907 ], [ 134.53834448, 7.33752907 ], [ 134.53834448, 7.3376189 ], [ 134.53816482, 7.3376189 ], [ 134.53816482, 7.33838247 ], [ 134.538209740000013, 7.33838247 ] ] ] } },
{ "type": "Feature", "properties": { "id": "geomorphic_data_verbose.fid-75f8f034_1a0c1004d45_-59fd", "class_name": "Terrestrial Reef Flat", "area_sqkm": 0.078510649114523545 }, "geometry": { "type": "MultiPolygon", "coordinates": [ [ [ [ 134.540500439999988, 7.33690025 ], [ 134.540500439999988, 7.33694517 ], [ 134.54054536000001, 7.33694517 ], [ 134.54054536000001, 7.336967241921672 ], [ 134.540611524520926, 7.33690025 ], [ 134.540500439999988, 7.33690025 ] ] ], [ [ [ 134.540500439999988, 7.33699008 ], [ 134.540500439999988, 7.337012723655413 ], [ 134.540522803989177, 7.33699008 ], [ 134.540500439999988, 7.33699008 ] ] ], [ [ [ 134.54045552, 7.33699008 ], [ 134.54041061, 7.33699008 ], [ 134.54041061, 7.33685534 ], [ 134.54045552, 7.33685534 ], [ 134.54045552, 7.33681042 ], [ 134.540500439999988, 7.33681042 ], [ 134.540500439999988, 7.3367655 ], [ 134.5406801, 7.3367655 ], [ 134.5406801, 7.33681042 ], [ 134.540700245052648, 7.33681042 ], [ 134.54135384, 7.336148651715174 ], [ 134.54135384, 7.33609177 ], [ 134.54130892, 7.33609177 ], [ 134.54130892, 7.33604685 ], [ 134.54121909, 7.33604685 ], [ 134.54121909, 7.33613668 ], [ 134.541174180000013, 7.33613668 ], [ 134.541174180000013, 7.33609177 ], [ 134.54112926, 7.33609177 ], [ 134.54112926, 7.33604685 ], [ 134.54108434, 7.33604685 ], [ 134.54108434, 7.33600194 ], [ 134.541039430000012, 7.33600194 ], [ 134.541039430000012, 7.33595702 ], [ 134.54099451, 7.33595702 ], [ 134.540904680000011, 7.33595702 ], [ 134.540904680000011, 7.3359121 ], [ 134.54085977, 7.3359121 ], [ 134.54085977, 7.33582227 ], [ 134.540904680000011, 7.33582227 ], [ 134.540904680000011, 7.33577736 ], [ 134.54099451, 7.33577736 ], [ 134.54099451, 7.33568753 ], [ 134.5409496, 7.33568753 ], [ 134.540904680000011, 7.33568753 ], [ 134.540904680000011, 7.33564261 ], [ 134.54032078, 7.33564261 ], [ 134.54032078, 7.33568753 ], [ 134.54018603, 7.33568753 ], [ 134.54018603, 7.33573244 ], [ 134.54014111, 7.33573244 ], [ 134.54014111, 7.33568753 ], [ 134.54005128, 7.33568753 ], [ 134.54005128, 7.3359121 ], [ 134.53951229, 7.3359121 ], [ 134.53951229, 7.33609177 ], [ 134.53946738, 7.33609177 ], [ 134.53946738, 7.33613668 ], [ 134.53942246, 7.33613668 ], [ 134.53942246, 7.3361816 ], [ 134.539377550000012, 7.3361816 ], [ 134.539377550000012, 7.33627143 ], [ 134.539242800000011, 7.33627143 ], [ 134.539242800000011, 7.33645109 ], [ 134.539197879999989, 7.33645109 ], [ 134.539197879999989, 7.33649601 ], [ 134.53915297, 7.33649601 ], [ 134.53915297, 7.33654093 ], [ 134.5389733, 7.33654093 ], [ 134.5389733, 7.33663076 ], [ 134.53892839, 7.33663076 ], [ 134.53892839, 7.33672059 ], [ 134.53888347, 7.33672059 ], [ 134.53888347, 7.33681042 ], [ 134.538703809999987, 7.33681042 ], [ 134.538703809999987, 7.33707991 ], [ 134.53865889, 7.33707991 ], [ 134.53865889, 7.33712483 ], [ 134.538703809999987, 7.33712483 ], [ 134.538703809999987, 7.33734941 ], [ 134.538838559999988, 7.33734941 ], [ 134.53888347, 7.33734941 ], [ 134.53888347, 7.33739432 ], [ 134.538838559999988, 7.33739432 ], [ 134.538838559999988, 7.33743924 ], [ 134.53892839, 7.33743924 ], [ 134.53892839, 7.33734941 ], [ 134.5389733, 7.33734941 ], [ 134.5389733, 7.33725958 ], [ 134.53901822, 7.33725958 ], [ 134.53901822, 7.33734941 ], [ 134.53906314, 7.33734941 ], [ 134.53906314, 7.33730449 ], [ 134.53910805000001, 7.33730449 ], [ 134.53910805000001, 7.33725958 ], [ 134.53915297, 7.33725958 ], [ 134.53915297, 7.33730449 ], [ 134.53942246, 7.33730449 ], [ 134.53942246, 7.33725958 ], [ 134.53955721, 7.33725958 ], [ 134.53955721, 7.33730449 ], [ 134.539602120000012, 7.33730449 ], [ 134.539602120000012, 7.33734941 ], [ 134.53964704, 7.33734941 ], [ 134.53964704, 7.33721466 ], [ 134.53969196, 7.33721466 ], [ 134.53969196, 7.33707991 ], [ 134.539736870000013, 7.33707991 ], [ 134.539736870000013, 7.337035 ], [ 134.53978179, 7.337035 ], [ 134.53978179, 7.33716975 ], [ 134.5398267, 7.33716975 ], [ 134.5398267, 7.33721466 ], [ 134.539871620000014, 7.33721466 ], [ 134.539871620000014, 7.337035 ], [ 134.53991653, 7.337035 ], [ 134.53991653, 7.33699008 ], [ 134.5400962, 7.33699008 ], [ 134.5400962, 7.337035 ], [ 134.54014111, 7.337035 ], [ 134.54014111, 7.33690025 ], [ 134.540230939999987, 7.33690025 ], [ 134.540230939999987, 7.33699008 ], [ 134.54027586, 7.33699008 ], [ 134.54032078, 7.33699008 ], [ 134.54032078, 7.33712483 ], [ 134.540365689999987, 7.33712483 ], [ 134.540389718253323, 7.33712483 ], [ 134.54045552, 7.337058205389125 ], [ 134.54045552, 7.33699008 ] ] ], [ [ [ 134.53969196, 7.33779857 ], [ 134.53969196, 7.33770874 ], [ 134.53964704, 7.33770874 ], [ 134.53964704, 7.33766382 ], [ 134.539602120000012, 7.33766382 ], [ 134.539602120000012, 7.33770874 ], [ 134.53955721, 7.33770874 ], [ 134.53955721, 7.33779857 ], [ 134.53946738, 7.33779857 ], [ 134.53946738, 7.33784348 ], [ 134.53942246, 7.33784348 ], [ 134.53942246, 7.33775365 ], [ 134.53946738, 7.33775365 ], [ 134.53946738, 7.3376189 ], [ 134.539602120000012, 7.3376189 ], [ 134.539602120000012, 7.33752907 ], [ 134.53955721, 7.33752907 ], [ 134.53946738, 7.33752907 ], [ 134.53946738, 7.33748416 ], [ 134.539377550000012, 7.33748416 ], [ 134.539377550000012, 7.33752907 ], [ 134.53942246, 7.33752907 ], [ 134.53942246, 7.3376189 ], [ 134.539377550000012, 7.3376189 ], [ 134.539377550000012, 7.33770874 ], [ 134.53933263, 7.33770874 ], [ 134.53933263, 7.33779857 ], [ 134.53915297, 7.33779857 ], [ 134.53915297, 7.33775365 ], [ 134.53910805000001, 7.33775365 ], [ 134.53910805000001, 7.33779857 ], [ 134.5389733, 7.33779857 ], [ 134.5389733, 7.33793331 ], [ 134.53892839, 7.33793331 ], [ 134.53892839, 7.33797823 ], [ 134.53888347, 7.33797823 ], [ 134.53888347, 7.33806806 ], [ 134.53892839, 7.33806806 ], [ 134.53892839, 7.33802315 ], [ 134.5389733, 7.33802315 ], [ 134.53901822, 7.33802315 ], [ 134.53901822, 7.33806806 ], [ 134.5389733, 7.33806806 ], [ 134.5389733, 7.33811298 ], [ 134.53892839, 7.33811298 ], [ 134.53892839, 7.33815789 ], [ 134.53879364, 7.33815789 ], [ 134.53879364, 7.33824772 ], [ 134.53874872, 7.33824772 ], [ 134.53874872, 7.33829264 ], [ 134.538703809999987, 7.33829264 ], [ 134.538703809999987, 7.33815789 ], [ 134.53852415, 7.33815789 ], [ 134.53852415, 7.33824772 ], [ 134.53847923, 7.33824772 ], [ 134.53847923, 7.33842739 ], [ 134.538434310000014, 7.33842739 ], [ 134.538434310000014, 7.33869688 ], [ 134.5383894, 7.33869688 ], [ 134.5383894, 7.33887655 ], [ 134.53834448, 7.33887655 ], [ 134.53834448, 7.33901129 ], [ 134.5383894, 7.33901129 ], [ 134.538434310000014, 7.33901129 ], [ 134.538434310000014, 7.339104691030433 ], [ 134.53865889, 7.338877302611967 ], [ 134.53865889, 7.33878671 ], [ 134.538703809999987, 7.33878671 ], [ 134.538703809999987, 7.3387418 ], [ 134.53874872, 7.3387418 ], [ 134.53874872, 7.338786349269575 ], [ 134.539724299450512, 7.33779857 ], [ 134.53969196, 7.33779857 ] ] ], [ [ [ 134.538703809999987, 7.33883163 ], [ 134.538703809999987, 7.338831820878255 ], [ 134.538703998520759, 7.33883163 ], [ 134.538703809999987, 7.33883163 ] ] ] ] } },
{ "type": "Feature", "properties": { "id": "geomorphic_data_verbose.fid-75f8f034_1a0c1004d45_-536f", "class_name": "Terrestrial Reef Flat", "area_sqkm": 0.0020693060430381446 }, "geometry": { "type": "Polygon", "coordinates": [ [ [ 134.53771566, 7.33928079 ], [ 134.53771566, 7.33923587 ], [ 134.53776058, 7.33923587 ], [ 134.53776058, 7.33919096 ], [ 134.537805490000011, 7.33919096 ], [ 134.537805490000011, 7.33901129 ], [ 134.53776058, 7.33901129 ], [ 134.53776058, 7.33892146 ], [ 134.537805490000011, 7.33892146 ], [ 134.537805490000011, 7.33883163 ], [ 134.53789533, 7.33883163 ], [ 134.53789533, 7.33878671 ], [ 134.53798516, 7.33878671 ], [ 134.53798516, 7.3387418 ], [ 134.53803007, 7.3387418 ], [ 134.53803007, 7.33869688 ], [ 134.538074990000013, 7.33869688 ], [ 134.538074990000013, 7.33851722 ], [ 134.5381199, 7.33851722 ], [ 134.5381199, 7.3384723 ], [ 134.53816482, 7.3384723 ], [ 134.53816482, 7.33842739 ], [ 134.53789533, 7.33842739 ], [ 134.53789533, 7.33869688 ], [ 134.53762583, 7.33869688 ], [ 134.53762583, 7.33923587 ], [ 134.53767075, 7.33923587 ], [ 134.53767075, 7.33928079 ], [ 134.53771566, 7.33928079 ] ] ] } },
{ "type": "Feature", "properties": { "id": "geomorphic_data_verbose.fid-75f8f034_1a0c1004d45_-59ff", "class_name": "Deep Lagoon", "area_sqkm": 0.0094843120731674131 }, "geometry": { "type": "MultiPolygon", "coordinates": [ [ [ [ 134.537940240000012, 7.33950537 ], [ 134.538038579717949, 7.33950537 ], [ 134.538074990000013, 7.339468504399971 ], [ 134.538074990000013, 7.33946045 ], [ 134.53803007, 7.33946045 ], [ 134.53798516, 7.33946045 ], [ 134.53798516, 7.33937062 ], [ 134.5381199, 7.33937062 ], [ 134.5381199, 7.33941553 ], [ 134.538127310126185, 7.33941553 ], [ 134.538209740000013, 7.339332069323867 ], [ 134.538209740000013, 7.3393257 ], [ 134.538216030657935, 7.3393257 ], [ 134.538260385985552, 7.33928079 ], [ 134.53825465, 7.33928079 ], [ 134.53825465, 7.33914604 ], [ 134.53834448, 7.33914604 ], [ 134.53834448, 7.33919096 ], [ 134.53829957, 7.33919096 ], [ 134.53829957, 7.339241115981505 ], [ 134.538434310000014, 7.339104691030433 ], [ 134.538434310000014, 7.33901129 ], [ 134.5383894, 7.33901129 ], [ 134.53834448, 7.33901129 ], [ 134.53834448, 7.33905621 ], [ 134.53829957, 7.33905621 ], [ 134.53829957, 7.33892146 ], [ 134.53825465, 7.33892146 ], [ 134.53825465, 7.33887655 ], [ 134.53829957, 7.33887655 ], [ 134.53829957, 7.33878671 ], [ 134.53834448, 7.33878671 ], [ 134.53834448, 7.33856213 ], [ 134.5383894, 7.33856213 ], [ 134.5383894, 7.33829264 ], [ 134.53834448, 7.33829264 ], [ 134.53834448, 7.33824772 ], [ 134.53825465, 7.33824772 ], [ 134.53825465, 7.33829264 ], [ 134.538209740000013, 7.33829264 ], [ 134.538209740000013, 7.33838247 ], [ 134.53816482, 7.33838247 ], [ 134.53816482, 7.3384723 ], [ 134.5381199, 7.3384723 ], [ 134.5381199, 7.33851722 ], [ 134.538074990000013, 7.33851722 ], [ 134.538074990000013, 7.33869688 ], [ 134.53803007, 7.33869688 ], [ 134.53803007, 7.33883163 ], [ 134.537940240000012, 7.33883163 ], [ 134.537940240000012, 7.33887655 ], [ 134.53789533, 7.33887655 ], [ 134.53789533, 7.33883163 ], [ 134.537805490000011, 7.33883163 ], [ 134.537805490000011, 7.33892146 ], [ 134.53776058, 7.33892146 ], [ 134.53776058, 7.33901129 ], [ 134.537805490000011, 7.33901129 ], [ 134.53785041, 7.33901129 ], [ 134.53785041, 7.33910112 ], [ 134.537805490000011, 7.33910112 ], [ 134.537805490000011, 7.33919096 ], [ 134.53776058, 7.33919096 ], [ 134.53776058, 7.33923587 ], [ 134.53771566, 7.33923587 ], [ 134.53771566, 7.33928079 ], [ 134.53767075, 7.33928079 ], [ 134.53767075, 7.33923587 ], [ 134.53762583, 7.33923587 ], [ 134.53762583, 7.3393257 ], [ 134.53758091, 7.3393257 ], [ 134.53758091, 7.33937062 ], [ 134.53762583, 7.33937062 ], [ 134.53762583, 7.33941553 ], [ 134.537536, 7.33941553 ], [ 134.537536, 7.33955028 ], [ 134.53758091, 7.33955028 ], [ 134.53758091, 7.33964011 ], [ 134.53762583, 7.33964011 ], [ 134.53767075, 7.33964011 ], [ 134.53767075, 7.33972994 ], [ 134.53776058, 7.33972994 ], [ 134.53776058, 7.33968503 ], [ 134.537805490000011, 7.33968503 ], [ 134.537805490000011, 7.33972994 ], [ 134.537816783326832, 7.33972994 ], [ 134.537940240000012, 7.339604939476074 ], [ 134.537940240000012, 7.33950537 ] ], [ [ 134.53789533, 7.33892146 ], [ 134.53785041, 7.33892146 ], [ 134.53785041, 7.33887655 ], [ 134.53789533, 7.33887655 ], [ 134.53789533, 7.33892146 ] ], [ [ 134.53776058, 7.33928079 ], [ 134.537805490000011, 7.33928079 ], [ 134.537805490000011, 7.33937062 ], [ 134.53785041, 7.33937062 ], [ 134.53785041, 7.33941553 ], [ 134.53771566, 7.33941553 ], [ 134.53771566, 7.33928079 ], [ 134.53776058, 7.33928079 ] ], [ [ 134.53798516, 7.33892146 ], [ 134.53798516, 7.33896638 ], [ 134.537940240000012, 7.33896638 ], [ 134.537940240000012, 7.33892146 ], [ 134.53798516, 7.33892146 ] ], [ [ 134.53825465, 7.33878671 ], [ 134.53825465, 7.33883163 ], [ 134.538209740000013, 7.33883163 ], [ 134.538209740000013, 7.33878671 ], [ 134.53825465, 7.33878671 ] ] ], [ [ [ 134.538703809999987, 7.33883163 ], [ 134.538703998520759, 7.33883163 ], [ 134.53874872, 7.338786349269575 ], [ 134.53874872, 7.3387418 ], [ 134.538703809999987, 7.3387418 ], [ 134.538703809999987, 7.33878671 ], [ 134.53865889, 7.33878671 ], [ 134.53865889, 7.338877302611967 ], [ 134.538703809999987, 7.338831820878255 ], [ 134.538703809999987, 7.33883163 ] ] ] ] } },
{ "type": "Feature", "properties": { "id": "geomorphic_data_verbose.fid-75f8f034_1a0c1004d45_-557f", "class_name": "Outer Reef Flat", "area_sqkm": 0.18340378610594943 }, "geometry": { "type": "Polygon", "coordinates": [ [ [ 134.5406801, 7.33681042 ], [ 134.5406801, 7.3367655 ], [ 134.540500439999988, 7.3367655 ], [ 134.540500439999988, 7.33681042 ], [ 134.54045552, 7.33681042 ], [ 134.54045552, 7.33685534 ], [ 134.54041061, 7.33685534 ], [ 134.54041061, 7.33699008 ], [ 134.54045552, 7.33699008 ], [ 134.54045552, 7.337058205389125 ], [ 134.540500439999988, 7.337012723655413 ], [ 134.540500439999988, 7.33699008 ], [ 134.540522803989177, 7.33699008 ], [ 134.54054536000001, 7.336967241921672 ], [ 134.54054536000001, 7.33694517 ], [ 134.540500439999988, 7.33694517 ], [ 134.540500439999988, 7.33690025 ], [ 134.540611524520926, 7.33690025 ], [ 134.540700245052648, 7.33681042 ], [ 134.5406801, 7.33681042 ] ] ] } },
{ "type": "Feature", "properties": { "id": "geomorphic_data_verbose.fid-75f8f034_1a0c1004d45_-5224", "class_name": "Terrestrial Reef Flat", "area_sqkm": 0.13625265480027163 }, "geometry": { "type": "Polygon", "coordinates": [ [ [ 134.537401249999988, 7.33995452 ], [ 134.537401249999988, 7.33990961 ], [ 134.53744617000001, 7.33990961 ], [ 134.53744617000001, 7.33986469 ], [ 134.53749108, 7.33986469 ], [ 134.53749108, 7.33990961 ], [ 134.53750779832572, 7.33990961 ], [ 134.53776058, 7.339783312457109 ], [ 134.53776058, 7.33972994 ], [ 134.53767075, 7.33972994 ], [ 134.53767075, 7.33964011 ], [ 134.53758091, 7.33964011 ], [ 134.53758091, 7.33955028 ], [ 134.537536, 7.33955028 ], [ 134.537536, 7.33941553 ], [ 134.53762583, 7.33941553 ], [ 134.53762583, 7.33937062 ], [ 134.53758091, 7.33937062 ], [ 134.53758091, 7.3393257 ], [ 134.53762583, 7.3393257 ], [ 134.53762583, 7.33923587 ], [ 134.53735634, 7.33923587 ], [ 134.53735634, 7.33946045 ], [ 134.53731142, 7.33946045 ], [ 134.53731142, 7.33955028 ], [ 134.53735634, 7.33955028 ], [ 134.53735634, 7.3395952 ], [ 134.537266499999987, 7.3395952 ], [ 134.537266499999987, 7.33955028 ], [ 134.53722159, 7.33955028 ], [ 134.53722159, 7.33968503 ], [ 134.53717667, 7.33968503 ], [ 134.53717667, 7.33977486 ], [ 134.53708684, 7.33977486 ], [ 134.53708684, 7.340119933799593 ], [ 134.537417911976945, 7.33995452 ], [ 134.537401249999988, 7.33995452 ] ] ] } },
{ "type": "Feature", "properties": { "id": "geomorphic_data_verbose.fid-75f8f034_1a0c1004d45_-5c43", "class_name": "Terrestrial Reef Flat", "area_sqkm": 0.0054441987738497559 }, "geometry": { "type": "Polygon", "coordinates": [ [ [ 134.530349480000012, 7.34336812 ], [ 134.53039439, 7.34336812 ], [ 134.53039439, 7.34327829 ], [ 134.530349480000012, 7.34327829 ], [ 134.530349480000012, 7.34309863 ], [ 134.53030456, 7.34309863 ], [ 134.53030456, 7.34287405 ], [ 134.530349480000012, 7.34287405 ], [ 134.530349480000012, 7.34269439 ], [ 134.53030456, 7.34269439 ], [ 134.53030456, 7.34237997 ], [ 134.530349480000012, 7.34237997 ], [ 134.530349480000012, 7.34184099 ], [ 134.53030456, 7.34184099 ], [ 134.53016981, 7.34184099 ], [ 134.53016981, 7.34193082 ], [ 134.5301249, 7.34193082 ], [ 134.5301249, 7.34197573 ], [ 134.530079980000011, 7.34197573 ], [ 134.530079980000011, 7.34193082 ], [ 134.53003507, 7.34193082 ], [ 134.53003507, 7.34197573 ], [ 134.52999015, 7.34197573 ], [ 134.52999015, 7.34193082 ], [ 134.52994523000001, 7.34193082 ], [ 134.52994523000001, 7.34202065 ], [ 134.52999015, 7.34202065 ], [ 134.52999015, 7.34211048 ], [ 134.52994523000001, 7.34211048 ], [ 134.52994523000001, 7.3421554 ], [ 134.52999015, 7.3421554 ], [ 134.52999015, 7.34220031 ], [ 134.52994523000001, 7.34220031 ], [ 134.52994523000001, 7.34229014 ], [ 134.530079980000011, 7.34229014 ], [ 134.5301249, 7.34229014 ], [ 134.5301249, 7.34233506 ], [ 134.530079980000011, 7.34233506 ], [ 134.530079980000011, 7.34251472 ], [ 134.5301249, 7.34251472 ], [ 134.5301249, 7.34260455 ], [ 134.53016981, 7.34260455 ], [ 134.53016981, 7.34291896 ], [ 134.530214730000012, 7.34291896 ], [ 134.530214730000012, 7.34305371 ], [ 134.53016981, 7.34305371 ], [ 134.53016981, 7.34318846 ], [ 134.530214730000012, 7.34318846 ], [ 134.530214730000012, 7.34323337 ], [ 134.53016981, 7.34323337 ], [ 134.53016981, 7.34327829 ], [ 134.530214730000012, 7.34327829 ], [ 134.530214730000012, 7.34332321 ], [ 134.53016981, 7.34332321 ], [ 134.53016981, 7.34336812 ], [ 134.5301249, 7.34336812 ], [ 134.5301249, 7.343495103688646 ], [ 134.530214730000012, 7.343525199288979 ], [ 134.530214730000012, 7.34350287 ], [ 134.53025965, 7.34350287 ], [ 134.53025965, 7.34353100908561 ], [ 134.530349480000012, 7.343486127239204 ], [ 134.530349480000012, 7.34336812 ] ], [ [ 134.53016981, 7.34233506 ], [ 134.530214730000012, 7.34233506 ], [ 134.530214730000012, 7.34237997 ], [ 134.53016981, 7.34237997 ], [ 134.53016981, 7.34233506 ] ], [ [ 134.53025965, 7.34341304 ], [ 134.53030456, 7.34341304 ], [ 134.53030456, 7.34345795 ], [ 134.53025965, 7.34345795 ], [ 134.53025965, 7.34341304 ] ] ] } },
{ "type": "Feature", "properties": { "id": "geomorphic_data_verbose.fid-75f8f034_1a0c1004d45_-5c49", "class_name": "Deep Lagoon", "area_sqkm": 0.00019707497036689891 }, "geometry": { "type": "Polygon", "coordinates": [ [ [ 134.530349480000012, 7.34309863 ], [ 134.530349480000012, 7.34305371 ], [ 134.53039439, 7.34305371 ], [ 134.53039439, 7.34291896 ], [ 134.530349480000012, 7.34291896 ], [ 134.530349480000012, 7.34287405 ], [ 134.53030456, 7.34287405 ], [ 134.53030456, 7.34309863 ], [ 134.530349480000012, 7.34309863 ] ] ] } },
{ "type": "Feature", "properties": { "id": "geomorphic_data_verbose.fid-75f8f034_1a0c1004d45_-5394", "class_name": "Outer Reef Flat", "area_sqkm": 0.0033995401432928628 }, "geometry": { "type": "Polygon", "coordinates": [ [ [ 134.53079863, 7.34323337 ], [ 134.53075372, 7.34323337 ], [ 134.53061897, 7.34323337 ], [ 134.53061897, 7.34318846 ], [ 134.53057406, 7.34318846 ], [ 134.53057406, 7.34314354 ], [ 134.53052914, 7.34314354 ], [ 134.53052914, 7.3430088 ], [ 134.53048422, 7.3430088 ], [ 134.53048422, 7.34291896 ], [ 134.53039439, 7.34291896 ], [ 134.53039439, 7.34305371 ], [ 134.530349480000012, 7.34305371 ], [ 134.530349480000012, 7.34327829 ], [ 134.53039439, 7.34327829 ], [ 134.53039439, 7.34336812 ], [ 134.530349480000012, 7.34336812 ], [ 134.530349480000012, 7.343486127239204 ], [ 134.53079863, 7.343261718007199 ], [ 134.53079863, 7.34323337 ] ] ] } },
{ "type": "Feature", "properties": { "id": "geomorphic_data_verbose.fid-75f8f034_1a0c1004d45_-53ca", "class_name": "Deep Lagoon", "area_sqkm": 2.4634346961975096e-05 }, "geometry": { "type": "Polygon", "coordinates": [ [ [ 134.53030456, 7.34345795 ], [ 134.53030456, 7.34341304 ], [ 134.53025965, 7.34341304 ], [ 134.53025965, 7.34345795 ], [ 134.53030456, 7.34345795 ] ] ] } },
{ "type": "Feature", "properties": { "id": "geomorphic_data_verbose.fid-75f8f034_1a0c1004d45_-5641", "class_name": "Deep Lagoon", "area_sqkm": 0.030448667495131494 }, "geometry": { "type": "Polygon", "coordinates": [ [ [ 134.52693588, 7.33501379 ], [ 134.52693588, 7.33505871 ], [ 134.526846049999989, 7.33505871 ], [ 134.526846049999989, 7.33496887 ], [ 134.52675622000001, 7.33496887 ], [ 134.52675622000001, 7.33501379 ], [ 134.526711299999988, 7.33501379 ], [ 134.526711299999988, 7.33492396 ], [ 134.52675622000001, 7.33492396 ], [ 134.52675622000001, 7.33487904 ], [ 134.52680113, 7.33487904 ], [ 134.52680113, 7.33483413 ], [ 134.526846049999989, 7.33483413 ], [ 134.526846049999989, 7.33469938 ], [ 134.52689096, 7.33469938 ], [ 134.52689096, 7.33456463 ], [ 134.526846049999989, 7.33456463 ], [ 134.526846049999989, 7.33451972 ], [ 134.52675622000001, 7.33451972 ], [ 134.52675622000001, 7.33442988 ], [ 134.526711299999988, 7.33442988 ], [ 134.526711299999988, 7.33438497 ], [ 134.52666638, 7.33438497 ], [ 134.52666638, 7.33429514 ], [ 134.52675622000001, 7.33429514 ], [ 134.52675622000001, 7.33416039 ], [ 134.526846049999989, 7.33416039 ], [ 134.526846049999989, 7.33402564 ], [ 134.52689096, 7.33402564 ], [ 134.52689096, 7.33393581 ], [ 134.526846049999989, 7.33393581 ], [ 134.526846049999989, 7.33398073 ], [ 134.52680113, 7.33398073 ], [ 134.52680113, 7.33393581 ], [ 134.52675622000001, 7.33393581 ], [ 134.52675622000001, 7.33384598 ], [ 134.52666638, 7.33384598 ], [ 134.52666638, 7.3338909 ], [ 134.52662147, 7.3338909 ], [ 134.52662147, 7.33380106 ], [ 134.526711299999988, 7.33380106 ], [ 134.526711299999988, 7.33375615 ], [ 134.52675622000001, 7.33375615 ], [ 134.52675622000001, 7.33366632 ], [ 134.52666638, 7.33366632 ], [ 134.52666638, 7.33357648 ], [ 134.526711299999988, 7.33357648 ], [ 134.526711299999988, 7.33348665 ], [ 134.526846049999989, 7.33348665 ], [ 134.526846049999989, 7.33353157 ], [ 134.52689096, 7.33353157 ], [ 134.52689096, 7.33366632 ], [ 134.52693588, 7.33366632 ], [ 134.52693588, 7.3336214 ], [ 134.52698079000001, 7.3336214 ], [ 134.52698079000001, 7.33348665 ], [ 134.52693588, 7.33348665 ], [ 134.52693588, 7.33344174 ], [ 134.52698079000001, 7.33344174 ], [ 134.52698079000001, 7.33317224 ], [ 134.52689096, 7.33317224 ], [ 134.52689096, 7.33312733 ], [ 134.52698079000001, 7.33312733 ], [ 134.52698079000001, 7.33290275 ], [ 134.52693588, 7.33290275 ], [ 134.52693588, 7.33285783 ], [ 134.52689096, 7.33285783 ], [ 134.52689096, 7.33294766 ], [ 134.52693588, 7.33294766 ], [ 134.52693588, 7.3330375 ], [ 134.52689096, 7.3330375 ], [ 134.52689096, 7.33308241 ], [ 134.52680113, 7.33308241 ], [ 134.52680113, 7.33312733 ], [ 134.52675622000001, 7.33312733 ], [ 134.52675622000001, 7.33321716 ], [ 134.52662147, 7.33321716 ], [ 134.52662147, 7.33330699 ], [ 134.526576549999987, 7.33330699 ], [ 134.526576549999987, 7.33335191 ], [ 134.52653164, 7.33335191 ], [ 134.52653164, 7.33339682 ], [ 134.52648672, 7.33339682 ], [ 134.52648672, 7.33348665 ], [ 134.52644181, 7.33348665 ], [ 134.52644181, 7.3336214 ], [ 134.52662147, 7.3336214 ], [ 134.52662147, 7.33371123 ], [ 134.526576549999987, 7.33371123 ], [ 134.526576549999987, 7.33375615 ], [ 134.52648672, 7.33375615 ], [ 134.52648672, 7.33371123 ], [ 134.52635197, 7.33371123 ], [ 134.52635197, 7.33366632 ], [ 134.52639689, 7.33366632 ], [ 134.52639689, 7.33357648 ], [ 134.52635197, 7.33357648 ], [ 134.52635197, 7.3336214 ], [ 134.526217229999986, 7.3336214 ], [ 134.526217229999986, 7.33366632 ], [ 134.525947730000013, 7.33366632 ], [ 134.525947730000013, 7.3336214 ], [ 134.52576807, 7.3336214 ], [ 134.52576807, 7.33366632 ], [ 134.52563332, 7.33366632 ], [ 134.52563332, 7.3336214 ], [ 134.525588410000012, 7.3336214 ], [ 134.525588410000012, 7.33357648 ], [ 134.52567824, 7.33357648 ], [ 134.52567824, 7.33353157 ], [ 134.525588410000012, 7.33353157 ], [ 134.525588410000012, 7.33348665 ], [ 134.52554349, 7.33348665 ], [ 134.52554349, 7.33344174 ], [ 134.52549857, 7.33344174 ], [ 134.52549857, 7.33339682 ], [ 134.525453660000011, 7.33339682 ], [ 134.525453660000011, 7.33330699 ], [ 134.525408739999989, 7.33330699 ], [ 134.525408739999989, 7.33344174 ], [ 134.52536383, 7.33344174 ], [ 134.52536383, 7.33335191 ], [ 134.52531891000001, 7.33335191 ], [ 134.52531891000001, 7.33339682 ], [ 134.525274, 7.33339682 ], [ 134.525274, 7.33344174 ], [ 134.52522908, 7.33344174 ], [ 134.52522908, 7.33353157 ], [ 134.525408739999989, 7.33353157 ], [ 134.525408739999989, 7.33357648 ], [ 134.525453660000011, 7.33357648 ], [ 134.525453660000011, 7.33366632 ], [ 134.525408739999989, 7.33366632 ], [ 134.525408739999989, 7.33371123 ], [ 134.52536383, 7.33371123 ], [ 134.52536383, 7.33375615 ], [ 134.525408739999989, 7.33375615 ], [ 134.525408739999989, 7.33384598 ], [ 134.525453660000011, 7.33384598 ], [ 134.525453660000011, 7.33393581 ], [ 134.52522908, 7.33393581 ], [ 134.52522908, 7.33398073 ], [ 134.52509433, 7.33398073 ], [ 134.52509433, 7.33393581 ], [ 134.525049419999988, 7.33393581 ], [ 134.525049419999988, 7.33384598 ], [ 134.52509433, 7.33384598 ], [ 134.52509433, 7.33380106 ], [ 134.5250045, 7.33380106 ], [ 134.5250045, 7.33384598 ], [ 134.52495959, 7.33384598 ], [ 134.52495959, 7.3338909 ], [ 134.524914669999987, 7.3338909 ], [ 134.524914669999987, 7.33393581 ], [ 134.52486975, 7.33393581 ], [ 134.52486975, 7.3338909 ], [ 134.52482484, 7.3338909 ], [ 134.52482484, 7.33384598 ], [ 134.524779919999986, 7.33384598 ], [ 134.524779919999986, 7.3338909 ], [ 134.52469009, 7.3338909 ], [ 134.52469009, 7.33393581 ], [ 134.524420600000013, 7.33393581 ], [ 134.524420600000013, 7.33384598 ], [ 134.52437568, 7.33384598 ], [ 134.52437568, 7.3338909 ], [ 134.524285850000012, 7.3338909 ], [ 134.524285850000012, 7.33393581 ], [ 134.524016350000011, 7.33393581 ], [ 134.524016350000011, 7.33398073 ], [ 134.52397144, 7.33398073 ], [ 134.52397144, 7.33402564 ], [ 134.52383669, 7.33402564 ], [ 134.52383669, 7.33411547 ], [ 134.52392652, 7.33411547 ], [ 134.52392652, 7.33416039 ], [ 134.52397144, 7.33416039 ], [ 134.52397144, 7.33420531 ], [ 134.52392652, 7.33420531 ], [ 134.52392652, 7.33425022 ], [ 134.52383669, 7.33425022 ], [ 134.52383669, 7.33420531 ], [ 134.523612109999988, 7.33420531 ], [ 134.523612109999988, 7.33442988 ], [ 134.52365703000001, 7.33442988 ], [ 134.52365703000001, 7.3344748 ], [ 134.523612109999988, 7.3344748 ], [ 134.523612109999988, 7.33451972 ], [ 134.52365703000001, 7.33451972 ], [ 134.52365703000001, 7.33456463 ], [ 134.523746859999989, 7.33456463 ], [ 134.523746859999989, 7.33460955 ], [ 134.52379178000001, 7.33460955 ], [ 134.52379178000001, 7.33451972 ], [ 134.523746859999989, 7.33451972 ], [ 134.523746859999989, 7.3344748 ], [ 134.52370194, 7.3344748 ], [ 134.52370194, 7.33434005 ], [ 134.523746859999989, 7.33434005 ], [ 134.523746859999989, 7.33425022 ], [ 134.52379178000001, 7.33425022 ], [ 134.52379178000001, 7.33429514 ], [ 134.523881609999989, 7.33429514 ], [ 134.523881609999989, 7.33434005 ], [ 134.52383669, 7.33434005 ], [ 134.52383669, 7.33438497 ], [ 134.52379178000001, 7.33438497 ], [ 134.52379178000001, 7.3344748 ], [ 134.52392652, 7.3344748 ], [ 134.52392652, 7.33451972 ], [ 134.52406127, 7.33451972 ], [ 134.52406127, 7.3344748 ], [ 134.524016350000011, 7.3344748 ], [ 134.524016350000011, 7.33442988 ], [ 134.52392652, 7.33442988 ], [ 134.52392652, 7.33438497 ], [ 134.52397144, 7.33438497 ], [ 134.52397144, 7.33434005 ], [ 134.52406127, 7.33434005 ], [ 134.52406127, 7.33429514 ], [ 134.52410619, 7.33429514 ], [ 134.52410619, 7.33420531 ], [ 134.524151100000012, 7.33420531 ], [ 134.524151100000012, 7.33411547 ], [ 134.52424093, 7.33411547 ], [ 134.52424093, 7.33407056 ], [ 134.524420600000013, 7.33407056 ], [ 134.524420600000013, 7.33411547 ], [ 134.52446551, 7.33411547 ], [ 134.52446551, 7.33420531 ], [ 134.524420600000013, 7.33420531 ], [ 134.524420600000013, 7.33425022 ], [ 134.52433076, 7.33425022 ], [ 134.52433076, 7.33429514 ], [ 134.524420600000013, 7.33429514 ], [ 134.524420600000013, 7.33434005 ], [ 134.52433076, 7.33434005 ], [ 134.52433076, 7.33438497 ], [ 134.52419602, 7.33438497 ], [ 134.52419602, 7.3344748 ], [ 134.52424093, 7.3344748 ], [ 134.52424093, 7.33451972 ], [ 134.524285850000012, 7.33451972 ], [ 134.524285850000012, 7.33456463 ], [ 134.52433076, 7.33456463 ], [ 134.52433076, 7.33451972 ], [ 134.524420600000013, 7.33451972 ], [ 134.524420600000013, 7.33442988 ], [ 134.52446551, 7.33442988 ], [ 134.52446551, 7.33438497 ], [ 134.52451043, 7.33438497 ], [ 134.52451043, 7.33442988 ], [ 134.52455534, 7.33442988 ], [ 134.52455534, 7.33451972 ], [ 134.52451043, 7.33451972 ], [ 134.52451043, 7.33456463 ], [ 134.52460026, 7.33456463 ], [ 134.52460026, 7.33451972 ], [ 134.52469009, 7.33451972 ], [ 134.52469009, 7.33420531 ], [ 134.524645170000014, 7.33420531 ], [ 134.524645170000014, 7.33425022 ], [ 134.52460026, 7.33425022 ], [ 134.52460026, 7.33420531 ], [ 134.52455534, 7.33420531 ], [ 134.52455534, 7.33411547 ], [ 134.524645170000014, 7.33411547 ], [ 134.524645170000014, 7.33402564 ], [ 134.52469009, 7.33402564 ], [ 134.52469009, 7.33416039 ], [ 134.52473501, 7.33416039 ], [ 134.52473501, 7.33407056 ], [ 134.524779919999986, 7.33407056 ], [ 134.524779919999986, 7.33402564 ], [ 134.52482484, 7.33402564 ], [ 134.52482484, 7.33411547 ], [ 134.524779919999986, 7.33411547 ], [ 134.524779919999986, 7.33434005 ], [ 134.52486975, 7.33434005 ], [ 134.52486975, 7.3344748 ], [ 134.52482484, 7.3344748 ], [ 134.52482484, 7.33451972 ], [ 134.524914669999987, 7.33451972 ], [ 134.524914669999987, 7.33456463 ], [ 134.5250045, 7.33456463 ], [ 134.5250045, 7.33460955 ], [ 134.52518416, 7.33460955 ], [ 134.52518416, 7.33465446 ], [ 134.525274, 7.33465446 ], [ 134.525274, 7.33460955 ], [ 134.525408739999989, 7.33460955 ], [ 134.525408739999989, 7.33474429 ], [ 134.525453660000011, 7.33474429 ], [ 134.525453660000011, 7.33483413 ], [ 134.52554349, 7.33483413 ], [ 134.52554349, 7.33487904 ], [ 134.52549857, 7.33487904 ], [ 134.52549857, 7.33492396 ], [ 134.52554349, 7.33492396 ], [ 134.52554349, 7.33505871 ], [ 134.52567824, 7.33505871 ], [ 134.52567824, 7.33496887 ], [ 134.52572315, 7.33496887 ], [ 134.52572315, 7.33492396 ], [ 134.525812980000012, 7.33492396 ], [ 134.525812980000012, 7.33487904 ], [ 134.5258579, 7.33487904 ], [ 134.5258579, 7.33469938 ], [ 134.52590282, 7.33469938 ], [ 134.52590282, 7.33465446 ], [ 134.525947730000013, 7.33465446 ], [ 134.525947730000013, 7.33460955 ], [ 134.52599265, 7.33460955 ], [ 134.52599265, 7.33456463 ], [ 134.525812980000012, 7.33456463 ], [ 134.525812980000012, 7.33451972 ], [ 134.525947730000013, 7.33451972 ], [ 134.525947730000013, 7.33442988 ], [ 134.52599265, 7.33442988 ], [ 134.52599265, 7.33451972 ], [ 134.52603756, 7.33451972 ], [ 134.52603756, 7.33425022 ], [ 134.526082480000014, 7.33425022 ], [ 134.526082480000014, 7.33429514 ], [ 134.52617231, 7.33429514 ], [ 134.52617231, 7.33416039 ], [ 134.526217229999986, 7.33416039 ], [ 134.526217229999986, 7.33411547 ], [ 134.52635197, 7.33411547 ], [ 134.52635197, 7.33407056 ], [ 134.52648672, 7.33407056 ], [ 134.52648672, 7.33411547 ], [ 134.52644181, 7.33411547 ], [ 134.52644181, 7.33429514 ], [ 134.52639689, 7.33429514 ], [ 134.52639689, 7.33434005 ], [ 134.52635197, 7.33434005 ], [ 134.52635197, 7.33429514 ], [ 134.52630706, 7.33429514 ], [ 134.52630706, 7.33425022 ], [ 134.52626214, 7.33425022 ], [ 134.52626214, 7.3344748 ], [ 134.526217229999986, 7.3344748 ], [ 134.526217229999986, 7.33460955 ], [ 134.52626214, 7.33460955 ], [ 134.52626214, 7.33469938 ], [ 134.52617231, 7.33469938 ], [ 134.52617231, 7.33460955 ], [ 134.526082480000014, 7.33460955 ], [ 134.526082480000014, 7.33469938 ], [ 134.52599265, 7.33469938 ], [ 134.52599265, 7.33478921 ], [ 134.525947730000013, 7.33478921 ], [ 134.525947730000013, 7.33483413 ], [ 134.52599265, 7.33483413 ], [ 134.52599265, 7.33487904 ], [ 134.52603756, 7.33487904 ], [ 134.52603756, 7.33483413 ], [ 134.526082480000014, 7.33483413 ], [ 134.526082480000014, 7.33492396 ], [ 134.52603756, 7.33492396 ], [ 134.52603756, 7.33496887 ], [ 134.52599265, 7.33496887 ], [ 134.52599265, 7.33505871 ], [ 134.52603756, 7.33505871 ], [ 134.52603756, 7.33514854 ], [ 134.526082480000014, 7.33514854 ], [ 134.526082480000014, 7.33510362 ], [ 134.52612739, 7.33510362 ], [ 134.52612739, 7.33514854 ], [ 134.52617231, 7.33514854 ], [ 134.52617231, 7.33510362 ], [ 134.526217229999986, 7.33510362 ], [ 134.526217229999986, 7.33523837 ], [ 134.52626214, 7.33523837 ], [ 134.52626214, 7.33519345 ], [ 134.52630706, 7.33519345 ], [ 134.52630706, 7.33514854 ], [ 134.52639689, 7.33514854 ], [ 134.52639689, 7.33523837 ], [ 134.52644181, 7.33523837 ], [ 134.52644181, 7.33519345 ], [ 134.52648672, 7.33519345 ], [ 134.52648672, 7.33505871 ], [ 134.52639689, 7.33505871 ], [ 134.52639689, 7.33510362 ], [ 134.52635197, 7.33510362 ], [ 134.52635197, 7.33487904 ], [ 134.52639689, 7.33487904 ], [ 134.52639689, 7.33483413 ], [ 134.52635197, 7.33483413 ], [ 134.52635197, 7.33460955 ], [ 134.52630706, 7.33460955 ], [ 134.52630706, 7.33456463 ], [ 134.52626214, 7.33456463 ], [ 134.52626214, 7.33451972 ], [ 134.52635197, 7.33451972 ], [ 134.52635197, 7.3344748 ], [ 134.52639689, 7.3344748 ], [ 134.52639689, 7.33451972 ], [ 134.52648672, 7.33451972 ], [ 134.52648672, 7.33460955 ], [ 134.52653164, 7.33460955 ], [ 134.52653164, 7.33451972 ], [ 134.52662147, 7.33451972 ], [ 134.52662147, 7.33465446 ], [ 134.526576549999987, 7.33465446 ], [ 134.526576549999987, 7.33478921 ], [ 134.52662147, 7.33478921 ], [ 134.52662147, 7.33483413 ], [ 134.526576549999987, 7.33483413 ], [ 134.526576549999987, 7.33487904 ], [ 134.52653164, 7.33487904 ], [ 134.52653164, 7.33505871 ], [ 134.52662147, 7.33505871 ], [ 134.52662147, 7.33514854 ], [ 134.52666638, 7.33514854 ], [ 134.52666638, 7.33519345 ], [ 134.526846049999989, 7.33519345 ], [ 134.526846049999989, 7.33514854 ], [ 134.52689096, 7.33514854 ], [ 134.52689096, 7.33510362 ], [ 134.52693588, 7.33510362 ], [ 134.52693588, 7.33514854 ], [ 134.52698079000001, 7.33514854 ], [ 134.52698079000001, 7.33501379 ], [ 134.52693588, 7.33501379 ] ], [ [ 134.52495959, 7.33393581 ], [ 134.5250045, 7.33393581 ], [ 134.5250045, 7.33402564 ], [ 134.524914669999987, 7.33402564 ], [ 134.524914669999987, 7.33393581 ], [ 134.52495959, 7.33393581 ] ], [ [ 134.52397144, 7.33411547 ], [ 134.524016350000011, 7.33411547 ], [ 134.524016350000011, 7.33407056 ], [ 134.52406127, 7.33407056 ], [ 134.52406127, 7.33416039 ], [ 134.52397144, 7.33416039 ], [ 134.52397144, 7.33411547 ] ], [ [ 134.52630706, 7.33469938 ], [ 134.52630706, 7.33474429 ], [ 134.52626214, 7.33474429 ], [ 134.52626214, 7.33469938 ], [ 134.52630706, 7.33469938 ] ], [ [ 134.52666638, 7.33483413 ], [ 134.52666638, 7.33492396 ], [ 134.52662147, 7.33492396 ], [ 134.52662147, 7.33483413 ], [ 134.52666638, 7.33483413 ] ], [ [ 134.52666638, 7.33478921 ], [ 134.526711299999988, 7.33478921 ], [ 134.526711299999988, 7.33483413 ], [ 134.52666638, 7.33483413 ], [ 134.52666638, 7.33478921 ] ], [ [ 134.52662147, 7.33501379 ], [ 134.52666638, 7.33501379 ], [ 134.52666638, 7.33505871 ], [ 134.52662147, 7.33505871 ], [ 134.52662147, 7.33501379 ] ], [ [ 134.52603756, 7.33380106 ], [ 134.52603756, 7.33393581 ], [ 134.52590282, 7.33393581 ], [ 134.52590282, 7.33402564 ], [ 134.5258579, 7.33402564 ], [ 134.5258579, 7.33407056 ], [ 134.525812980000012, 7.33407056 ], [ 134.525812980000012, 7.33411547 ], [ 134.52576807, 7.33411547 ], [ 134.52576807, 7.33407056 ], [ 134.52567824, 7.33407056 ], [ 134.52567824, 7.33398073 ], [ 134.52563332, 7.33398073 ], [ 134.52563332, 7.3338909 ], [ 134.52567824, 7.3338909 ], [ 134.52567824, 7.33384598 ], [ 134.52576807, 7.33384598 ], [ 134.52576807, 7.3338909 ], [ 134.52590282, 7.3338909 ], [ 134.52590282, 7.33380106 ], [ 134.52603756, 7.33380106 ] ], [ [ 134.52563332, 7.33384598 ], [ 134.52563332, 7.33375615 ], [ 134.52567824, 7.33375615 ], [ 134.52567824, 7.33384598 ], [ 134.52563332, 7.33384598 ] ], [ [ 134.52680113, 7.33465446 ], [ 134.52675622000001, 7.33465446 ], [ 134.52675622000001, 7.33460955 ], [ 134.52680113, 7.33460955 ], [ 134.52680113, 7.33465446 ] ], [ [ 134.526711299999988, 7.33460955 ], [ 134.526711299999988, 7.33456463 ], [ 134.52675622000001, 7.33456463 ], [ 134.52675622000001, 7.33460955 ], [ 134.526711299999988, 7.33460955 ] ], [ [ 134.526217229999986, 7.33505871 ], [ 134.52617231, 7.33505871 ], [ 134.52617231, 7.33496887 ], [ 134.526217229999986, 7.33496887 ], [ 134.526217229999986, 7.33505871 ] ], [ [ 134.526217229999986, 7.33492396 ], [ 134.52612739, 7.33492396 ], [ 134.52612739, 7.33474429 ], [ 134.526217229999986, 7.33474429 ], [ 134.526217229999986, 7.33483413 ], [ 134.52626214, 7.33483413 ], [ 134.52626214, 7.33496887 ], [ 134.526217229999986, 7.33496887 ], [ 134.526217229999986, 7.33492396 ] ], [ [ 134.52635197, 7.33393581 ], [ 134.52639689, 7.33393581 ], [ 134.52639689, 7.33402564 ], [ 134.52630706, 7.33402564 ], [ 134.52630706, 7.3338909 ], [ 134.52635197, 7.3338909 ], [ 134.52635197, 7.33393581 ] ], [ [ 134.52518416, 7.33456463 ], [ 134.52513925, 7.33456463 ], [ 134.52513925, 7.33451972 ], [ 134.52518416, 7.33451972 ], [ 134.52518416, 7.33456463 ] ], [ [ 134.52666638, 7.33425022 ], [ 134.52662147, 7.33425022 ], [ 134.52662147, 7.33420531 ], [ 134.52666638, 7.33420531 ], [ 134.52666638, 7.33425022 ] ], [ [ 134.525588410000012, 7.33393581 ], [ 134.52554349, 7.33393581 ], [ 134.52554349, 7.3338909 ], [ 134.525588410000012, 7.3338909 ], [ 134.525588410000012, 7.33393581 ] ], [ [ 134.52509433, 7.33442988 ], [ 134.5250045, 7.33442988 ], [ 134.5250045, 7.33429514 ], [ 134.52509433, 7.33429514 ], [ 134.52509433, 7.33442988 ] ], [ [ 134.52662147, 7.33402564 ], [ 134.526576549999987, 7.33402564 ], [ 134.526576549999987, 7.33398073 ], [ 134.52662147, 7.33398073 ], [ 134.52662147, 7.33402564 ] ], [ [ 134.526711299999988, 7.33407056 ], [ 134.52666638, 7.33407056 ], [ 134.52666638, 7.33402564 ], [ 134.526711299999988, 7.33402564 ], [ 134.526711299999988, 7.33407056 ] ], [ [ 134.52599265, 7.33420531 ], [ 134.525947730000013, 7.33420531 ], [ 134.525947730000013, 7.33411547 ], [ 134.52599265, 7.33411547 ], [ 134.52599265, 7.33420531 ] ], [ [ 134.525274, 7.33451972 ], [ 134.52522908, 7.33451972 ], [ 134.52522908, 7.3344748 ], [ 134.525274, 7.3344748 ], [ 134.525274, 7.33451972 ] ], [ [ 134.52495959, 7.33420531 ], [ 134.52495959, 7.33425022 ], [ 134.52486975, 7.33425022 ], [ 134.52486975, 7.33407056 ], [ 134.52495959, 7.33407056 ], [ 134.52495959, 7.33411547 ], [ 134.5250045, 7.33411547 ], [ 134.5250045, 7.33420531 ], [ 134.52495959, 7.33420531 ] ], [ [ 134.52612739, 7.3338909 ], [ 134.52617231, 7.3338909 ], [ 134.52617231, 7.33402564 ], [ 134.52612739, 7.33402564 ], [ 134.52612739, 7.33407056 ], [ 134.526082480000014, 7.33407056 ], [ 134.526082480000014, 7.33393581 ], [ 134.52612739, 7.33393581 ], [ 134.52612739, 7.3338909 ] ], [ [ 134.52509433, 7.33407056 ], [ 134.525049419999988, 7.33407056 ], [ 134.525049419999988, 7.33402564 ], [ 134.52509433, 7.33402564 ], [ 134.52509433, 7.33407056 ] ], [ [ 134.52482484, 7.33398073 ], [ 134.524779919999986, 7.33398073 ], [ 134.524779919999986, 7.33393581 ], [ 134.52482484, 7.33393581 ], [ 134.52482484, 7.33398073 ] ] ] } },
{ "type": "Feature", "properties": { "id": "geomorphic_data_verbose.fid-75f8f034_1a0c1004d45_-59a0", "class_name": "Deep Lagoon", "area_sqkm": 0.01382008213786548 }, "geometry": { "type": "Polygon", "coordinates": [ [ [ 134.521680730000014, 7.33721466 ], [ 134.521680730000014, 7.33716975 ], [ 134.52172565, 7.33716975 ], [ 134.52172565, 7.33712483 ], [ 134.52177057, 7.33712483 ], [ 134.52177057, 7.33707991 ], [ 134.521815479999987, 7.33707991 ], [ 134.521815479999987, 7.33694517 ], [ 134.5218604, 7.33694517 ], [ 134.5218604, 7.33690025 ], [ 134.521950229999987, 7.33690025 ], [ 134.521950229999987, 7.33685534 ], [ 134.52199514, 7.33685534 ], [ 134.52199514, 7.33681042 ], [ 134.522084979999988, 7.33681042 ], [ 134.522084979999988, 7.3367655 ], [ 134.52212989, 7.3367655 ], [ 134.52212989, 7.33672059 ], [ 134.52217481, 7.33672059 ], [ 134.52217481, 7.33663076 ], [ 134.52226464, 7.33663076 ], [ 134.52226464, 7.33654093 ], [ 134.52235447000001, 7.33654093 ], [ 134.52235447000001, 7.33645109 ], [ 134.52239939, 7.33645109 ], [ 134.52239939, 7.33640618 ], [ 134.52257905, 7.33640618 ], [ 134.52257905, 7.33645109 ], [ 134.52316295, 7.33645109 ], [ 134.52316295, 7.33627143 ], [ 134.52334262, 7.33627143 ], [ 134.52334262, 7.33622652 ], [ 134.52338753, 7.33622652 ], [ 134.52338753, 7.3361816 ], [ 134.523477359999987, 7.3361816 ], [ 134.523477359999987, 7.33613668 ], [ 134.52343245, 7.33613668 ], [ 134.5232977, 7.33613668 ], [ 134.5232977, 7.33622652 ], [ 134.52316295, 7.33622652 ], [ 134.52316295, 7.33613668 ], [ 134.523118040000014, 7.33613668 ], [ 134.523118040000014, 7.33609177 ], [ 134.52307312, 7.33609177 ], [ 134.52307312, 7.33613668 ], [ 134.52302821, 7.33613668 ], [ 134.52302821, 7.33604685 ], [ 134.522983290000013, 7.33604685 ], [ 134.52289346, 7.33604685 ], [ 134.52289346, 7.33595702 ], [ 134.522848540000012, 7.33595702 ], [ 134.52275871, 7.33595702 ], [ 134.52275871, 7.33600194 ], [ 134.5227138, 7.33600194 ], [ 134.5227138, 7.33595702 ], [ 134.52266888, 7.33595702 ], [ 134.52266888, 7.33586719 ], [ 134.5227138, 7.33586719 ], [ 134.5227138, 7.33577736 ], [ 134.52266888, 7.33577736 ], [ 134.522623970000012, 7.33577736 ], [ 134.522623970000012, 7.33568753 ], [ 134.52275871, 7.33568753 ], [ 134.52275871, 7.33559769 ], [ 134.52280363, 7.33559769 ], [ 134.52280363, 7.33555278 ], [ 134.52275871, 7.33555278 ], [ 134.52275871, 7.33550786 ], [ 134.52289346, 7.33550786 ], [ 134.52289346, 7.33546295 ], [ 134.522848540000012, 7.33546295 ], [ 134.522848540000012, 7.33541803 ], [ 134.5227138, 7.33541803 ], [ 134.5227138, 7.33546295 ], [ 134.522623970000012, 7.33546295 ], [ 134.522623970000012, 7.33541803 ], [ 134.52257905, 7.33541803 ], [ 134.52257905, 7.33550786 ], [ 134.52253413, 7.33550786 ], [ 134.52253413, 7.33555278 ], [ 134.522489220000011, 7.33555278 ], [ 134.522489220000011, 7.33550786 ], [ 134.52235447000001, 7.33550786 ], [ 134.52235447000001, 7.33564261 ], [ 134.522084979999988, 7.33564261 ], [ 134.522084979999988, 7.33555278 ], [ 134.52199514, 7.33555278 ], [ 134.52199514, 7.33564261 ], [ 134.521950229999987, 7.33564261 ], [ 134.521950229999987, 7.33577736 ], [ 134.52199514, 7.33577736 ], [ 134.52199514, 7.33586719 ], [ 134.521950229999987, 7.33586719 ], [ 134.521950229999987, 7.3359121 ], [ 134.52204006, 7.3359121 ], [ 134.522084979999988, 7.3359121 ], [ 134.522084979999988, 7.33604685 ], [ 134.52204006, 7.33604685 ], [ 134.52204006, 7.3361816 ], [ 134.52199514, 7.3361816 ], [ 134.52199514, 7.33631635 ], [ 134.5218604, 7.33631635 ], [ 134.5218604, 7.33645109 ], [ 134.521950229999987, 7.33645109 ], [ 134.52199514, 7.33645109 ], [ 134.52199514, 7.33654093 ], [ 134.52204006, 7.33654093 ], [ 134.52204006, 7.33663076 ], [ 134.52190531, 7.33663076 ], [ 134.52190531, 7.33672059 ], [ 134.521815479999987, 7.33672059 ], [ 134.521815479999987, 7.33667567 ], [ 134.52177057, 7.33667567 ], [ 134.52177057, 7.33672059 ], [ 134.521680730000014, 7.33672059 ], [ 134.521680730000014, 7.33667567 ], [ 134.521645573063097, 7.33667567 ], [ 134.521651270751704, 7.33681042 ], [ 134.521680730000014, 7.33681042 ], [ 134.521680730000014, 7.33685534 ], [ 134.521653170122192, 7.33685534 ], [ 134.521668363394724, 7.33721466 ], [ 134.521680730000014, 7.33721466 ] ], [ [ 134.52199514, 7.33640618 ], [ 134.52204006, 7.33640618 ], [ 134.52204006, 7.33631635 ], [ 134.52212989, 7.33631635 ], [ 134.52212989, 7.33613668 ], [ 134.52221972000001, 7.33613668 ], [ 134.52221972000001, 7.33622652 ], [ 134.52226464, 7.33622652 ], [ 134.52226464, 7.33631635 ], [ 134.52221972000001, 7.33631635 ], [ 134.52221972000001, 7.33636126 ], [ 134.52217481, 7.33636126 ], [ 134.52217481, 7.33649601 ], [ 134.52212989, 7.33649601 ], [ 134.52212989, 7.33654093 ], [ 134.522084979999988, 7.33654093 ], [ 134.522084979999988, 7.33649601 ], [ 134.52204006, 7.33649601 ], [ 134.52204006, 7.33645109 ], [ 134.52199514, 7.33645109 ], [ 134.52199514, 7.33640618 ] ], [ [ 134.52217481, 7.33573244 ], [ 134.52217481, 7.33568753 ], [ 134.52221972000001, 7.33568753 ], [ 134.52221972000001, 7.33577736 ], [ 134.52217481, 7.33577736 ], [ 134.52217481, 7.33582227 ], [ 134.52221972000001, 7.33582227 ], [ 134.52221972000001, 7.33586719 ], [ 134.52212989, 7.33586719 ], [ 134.52212989, 7.33573244 ], [ 134.52217481, 7.33573244 ] ], [ [ 134.52289346, 7.33631635 ], [ 134.52289346, 7.33627143 ], [ 134.52293838, 7.33627143 ], [ 134.52293838, 7.3361816 ], [ 134.52307312, 7.3361816 ], [ 134.52307312, 7.33622652 ], [ 134.523118040000014, 7.33622652 ], [ 134.523118040000014, 7.33636126 ], [ 134.52307312, 7.33636126 ], [ 134.52307312, 7.33640618 ], [ 134.52275871, 7.33640618 ], [ 134.52275871, 7.33631635 ], [ 134.52289346, 7.33631635 ] ], [ [ 134.522623970000012, 7.33627143 ], [ 134.522623970000012, 7.3361816 ], [ 134.52266888, 7.3361816 ], [ 134.52266888, 7.33604685 ], [ 134.5227138, 7.33604685 ], [ 134.5227138, 7.33609177 ], [ 134.52275871, 7.33609177 ], [ 134.52275871, 7.33613668 ], [ 134.52280363, 7.33613668 ], [ 134.52280363, 7.3361816 ], [ 134.52275871, 7.3361816 ], [ 134.52275871, 7.33627143 ], [ 134.5227138, 7.33627143 ], [ 134.5227138, 7.33631635 ], [ 134.52266888, 7.33631635 ], [ 134.52266888, 7.33627143 ], [ 134.522623970000012, 7.33627143 ] ], [ [ 134.52257905, 7.33559769 ], [ 134.52257905, 7.33564261 ], [ 134.52253413, 7.33564261 ], [ 134.52253413, 7.33559769 ], [ 134.52257905, 7.33559769 ] ], [ [ 134.52257905, 7.33555278 ], [ 134.522623970000012, 7.33555278 ], [ 134.522623970000012, 7.33559769 ], [ 134.52257905, 7.33559769 ], [ 134.52257905, 7.33555278 ] ] ] } },
{ "type": "Feature", "properties": { "id": "geomorphic_data_verbose.fid-75f8f034_1a0c1004d45_-59a3", "class_name": "Deep Lagoon", "area_sqkm": 4.9269398885313423e-05 }, "geometry": { "type": "Polygon", "coordinates": [ [ [ 134.52397144, 7.33694517 ], [ 134.52397144, 7.33685534 ], [ 134.52392652, 7.33685534 ], [ 134.52392652, 7.33694517 ], [ 134.52397144, 7.33694517 ] ] ] } },
{ "type": "Feature", "properties": { "id": "geomorphic_data_verbose.fid-75f8f034_1a0c1004d45_-5c67", "class_name": "Deep Lagoon", "area_sqkm": 2.4634686128236355e-05 }, "geometry": { "type": "Polygon", "coordinates": [ [ [ 134.52410619, 7.33716975 ], [ 134.52410619, 7.33712483 ], [ 134.52406127, 7.33712483 ], [ 134.52406127, 7.33716975 ], [ 134.52410619, 7.33716975 ] ] ] } },
{ "type": "Feature", "properties": { "id": "geomorphic_data_verbose.fid-75f8f034_1a0c1004d45_-5648", "class_name": "Deep Lagoon", "area_sqkm": 2.4634681302122772e-05 }, "geometry": { "type": "Polygon", "coordinates": [ [ [ 134.524016350000011, 7.33725958 ], [ 134.524016350000011, 7.33721466 ], [ 134.52397144, 7.33721466 ], [ 134.52397144, 7.33725958 ], [ 134.524016350000011, 7.33725958 ] ] ] } },
{ "type": "Feature", "properties": { "id": "geomorphic_data_verbose.fid-75f8f034_1a0c1004d45_-59a5", "class_name": "Deep Lagoon", "area_sqkm": 2.4634674022439867e-05 }, "geometry": { "type": "Polygon", "coordinates": [ [ [ 134.52410619, 7.33739432 ], [ 134.52410619, 7.33734941 ], [ 134.52406127, 7.33734941 ], [ 134.52406127, 7.33739432 ], [ 134.52410619, 7.33739432 ] ] ] } },
{ "type": "Feature", "properties": { "id": "geomorphic_data_verbose.fid-75f8f034_1a0c1004d45_-5376", "class_name": "Deep Lagoon", "area_sqkm": 2.4634671599604188e-05 }, "geometry": { "type": "Polygon", "coordinates": [ [ [ 134.52406127, 7.33743924 ], [ 134.52406127, 7.33739432 ], [ 134.524016350000011, 7.33739432 ], [ 134.524016350000011, 7.33743924 ], [ 134.52406127, 7.33743924 ] ] ] } },
{ "type": "Feature", "properties": { "id": "geomorphic_data_verbose.fid-75f8f034_1a0c1004d45_-5206", "class_name": "Deep Lagoon", "area_sqkm": 0.024585395559088792 }, "geometry": { "type": "Polygon", "coordinates": [ [ [ 134.52343245, 7.3401791 ], [ 134.52352228, 7.3401791 ], [ 134.52352228, 7.34013419 ], [ 134.523612109999988, 7.34013419 ], [ 134.523612109999988, 7.3401791 ], [ 134.52365703000001, 7.3401791 ], [ 134.52365703000001, 7.34022402 ], [ 134.523746859999989, 7.34022402 ], [ 134.523746859999989, 7.3401791 ], [ 134.52383669, 7.3401791 ], [ 134.52383669, 7.34013419 ], [ 134.523881609999989, 7.34013419 ], [ 134.523881609999989, 7.34008927 ], [ 134.52392652, 7.34008927 ], [ 134.52392652, 7.34004436 ], [ 134.52419602, 7.34004436 ], [ 134.52419602, 7.34008927 ], [ 134.52424093, 7.34008927 ], [ 134.52424093, 7.34013419 ], [ 134.524285850000012, 7.34013419 ], [ 134.524285850000012, 7.34008927 ], [ 134.52433076, 7.34008927 ], [ 134.52433076, 7.3401791 ], [ 134.52437568, 7.3401791 ], [ 134.52437568, 7.34022402 ], [ 134.52451043, 7.34022402 ], [ 134.52451043, 7.3401791 ], [ 134.52460026, 7.3401791 ], [ 134.52460026, 7.33995452 ], [ 134.52455534, 7.33995452 ], [ 134.52455534, 7.33977486 ], [ 134.52451043, 7.33977486 ], [ 134.52451043, 7.33972994 ], [ 134.52460026, 7.33972994 ], [ 134.52460026, 7.33968503 ], [ 134.524645170000014, 7.33968503 ], [ 134.524645170000014, 7.3395952 ], [ 134.52469009, 7.3395952 ], [ 134.52469009, 7.33950537 ], [ 134.52473501, 7.33950537 ], [ 134.52473501, 7.33941553 ], [ 134.52469009, 7.33941553 ], [ 134.52469009, 7.33937062 ], [ 134.524645170000014, 7.33937062 ], [ 134.524645170000014, 7.33905621 ], [ 134.52460026, 7.33905621 ], [ 134.52433076, 7.33905621 ], [ 134.52433076, 7.33896638 ], [ 134.524285850000012, 7.33896638 ], [ 134.524151100000012, 7.33896638 ], [ 134.524151100000012, 7.3387418 ], [ 134.52419602, 7.3387418 ], [ 134.52419602, 7.33869688 ], [ 134.52433076, 7.33869688 ], [ 134.52433076, 7.3387418 ], [ 134.52437568, 7.3387418 ], [ 134.52437568, 7.33869688 ], [ 134.524420600000013, 7.33869688 ], [ 134.524420600000013, 7.33851722 ], [ 134.52437568, 7.33851722 ], [ 134.52437568, 7.33833756 ], [ 134.52433076, 7.33833756 ], [ 134.524285850000012, 7.33833756 ], [ 134.524285850000012, 7.33829264 ], [ 134.52424093, 7.33829264 ], [ 134.52424093, 7.33820281 ], [ 134.524285850000012, 7.33820281 ], [ 134.524285850000012, 7.33811298 ], [ 134.52424093, 7.33811298 ], [ 134.52424093, 7.33806806 ], [ 134.52419602, 7.33806806 ], [ 134.52419602, 7.33793331 ], [ 134.524151100000012, 7.33793331 ], [ 134.524151100000012, 7.3378884 ], [ 134.52410619, 7.3378884 ], [ 134.52410619, 7.33779857 ], [ 134.524151100000012, 7.33779857 ], [ 134.524151100000012, 7.33770874 ], [ 134.52424093, 7.33770874 ], [ 134.52424093, 7.33779857 ], [ 134.524420600000013, 7.33779857 ], [ 134.524420600000013, 7.33766382 ], [ 134.52446551, 7.33766382 ], [ 134.52446551, 7.33757399 ], [ 134.52451043, 7.33757399 ], [ 134.52451043, 7.3376189 ], [ 134.52469009, 7.3376189 ], [ 134.52469009, 7.33757399 ], [ 134.52473501, 7.33757399 ], [ 134.52473501, 7.33752907 ], [ 134.52469009, 7.33752907 ], [ 134.52469009, 7.33743924 ], [ 134.524645170000014, 7.33743924 ], [ 134.524645170000014, 7.33739432 ], [ 134.52460026, 7.33739432 ], [ 134.52460026, 7.33734941 ], [ 134.524645170000014, 7.33734941 ], [ 134.524645170000014, 7.33730449 ], [ 134.52469009, 7.33730449 ], [ 134.52469009, 7.33716975 ], [ 134.524645170000014, 7.33716975 ], [ 134.524645170000014, 7.33721466 ], [ 134.52451043, 7.33721466 ], [ 134.52451043, 7.33716975 ], [ 134.52446551, 7.33716975 ], [ 134.52446551, 7.33694517 ], [ 134.524420600000013, 7.33694517 ], [ 134.524420600000013, 7.33690025 ], [ 134.52433076, 7.33690025 ], [ 134.52433076, 7.33694517 ], [ 134.52424093, 7.33694517 ], [ 134.52424093, 7.33685534 ], [ 134.524285850000012, 7.33685534 ], [ 134.524285850000012, 7.33681042 ], [ 134.52437568, 7.33681042 ], [ 134.52437568, 7.3367655 ], [ 134.524420600000013, 7.3367655 ], [ 134.524420600000013, 7.33672059 ], [ 134.52437568, 7.33672059 ], [ 134.52437568, 7.33649601 ], [ 134.524420600000013, 7.33649601 ], [ 134.524420600000013, 7.33663076 ], [ 134.52446551, 7.33663076 ], [ 134.52446551, 7.33672059 ], [ 134.52455534, 7.33672059 ], [ 134.52455534, 7.33658584 ], [ 134.524645170000014, 7.33658584 ], [ 134.524645170000014, 7.33663076 ], [ 134.52469009, 7.33663076 ], [ 134.52469009, 7.33667567 ], [ 134.524779919999986, 7.33667567 ], [ 134.524779919999986, 7.33663076 ], [ 134.52482484, 7.33663076 ], [ 134.52482484, 7.33658584 ], [ 134.525049419999988, 7.33658584 ], [ 134.525049419999988, 7.33667567 ], [ 134.52509433, 7.33667567 ], [ 134.52513925, 7.33667567 ], [ 134.52513925, 7.33681042 ], [ 134.52518416, 7.33681042 ], [ 134.52518416, 7.33685534 ], [ 134.525274, 7.33685534 ], [ 134.525274, 7.33681042 ], [ 134.525408739999989, 7.33681042 ], [ 134.525408739999989, 7.33685534 ], [ 134.52554349, 7.33685534 ], [ 134.52554349, 7.33681042 ], [ 134.52549857, 7.33681042 ], [ 134.52549857, 7.3367655 ], [ 134.525453660000011, 7.3367655 ], [ 134.525453660000011, 7.33672059 ], [ 134.525408739999989, 7.33672059 ], [ 134.525408739999989, 7.33667567 ], [ 134.52549857, 7.33667567 ], [ 134.52549857, 7.33649601 ], [ 134.525453660000011, 7.33649601 ], [ 134.525453660000011, 7.33640618 ], [ 134.525408739999989, 7.33640618 ], [ 134.52531891000001, 7.33640618 ], [ 134.52531891000001, 7.33645109 ], [ 134.52536383, 7.33645109 ], [ 134.52536383, 7.33654093 ], [ 134.52531891000001, 7.33654093 ], [ 134.52531891000001, 7.33649601 ], [ 134.525274, 7.33649601 ], [ 134.525274, 7.33645109 ], [ 134.52522908, 7.33645109 ], [ 134.52518416, 7.33645109 ], [ 134.52518416, 7.33640618 ], [ 134.52513925, 7.33640618 ], [ 134.52513925, 7.33645109 ], [ 134.52495959, 7.33645109 ], [ 134.52495959, 7.33636126 ], [ 134.524914669999987, 7.33636126 ], [ 134.52486975, 7.33636126 ], [ 134.52486975, 7.33631635 ], [ 134.52482484, 7.33631635 ], [ 134.52482484, 7.33627143 ], [ 134.52469009, 7.33627143 ], [ 134.52469009, 7.33613668 ], [ 134.52473501, 7.33613668 ], [ 134.52473501, 7.33609177 ], [ 134.524779919999986, 7.33609177 ], [ 134.524779919999986, 7.3361816 ], [ 134.52482484, 7.3361816 ], [ 134.52482484, 7.33622652 ], [ 134.524914669999987, 7.33622652 ], [ 134.524914669999987, 7.33595702 ], [ 134.52486975, 7.33595702 ], [ 134.52486975, 7.33600194 ], [ 134.524779919999986, 7.33600194 ], [ 134.524779919999986, 7.33595702 ], [ 134.52473501, 7.33595702 ], [ 134.52473501, 7.33600194 ], [ 134.52469009, 7.33600194 ], [ 134.52469009, 7.33604685 ], [ 134.524645170000014, 7.33604685 ], [ 134.524645170000014, 7.3361816 ], [ 134.52455534, 7.3361816 ], [ 134.52455534, 7.33622652 ], [ 134.52451043, 7.33622652 ], [ 134.52451043, 7.33631635 ], [ 134.524420600000013, 7.33631635 ], [ 134.524420600000013, 7.33636126 ], [ 134.52433076, 7.33636126 ], [ 134.52433076, 7.33640618 ], [ 134.524285850000012, 7.33640618 ], [ 134.524285850000012, 7.33636126 ], [ 134.52424093, 7.33636126 ], [ 134.52424093, 7.33631635 ], [ 134.52419602, 7.33631635 ], [ 134.52419602, 7.33640618 ], [ 134.524151100000012, 7.33640618 ], [ 134.524151100000012, 7.33645109 ], [ 134.52410619, 7.33645109 ], [ 134.52410619, 7.33640618 ], [ 134.52406127, 7.33640618 ], [ 134.524016350000011, 7.33640618 ], [ 134.524016350000011, 7.33627143 ], [ 134.52406127, 7.33627143 ], [ 134.52406127, 7.33613668 ], [ 134.524151100000012, 7.33613668 ], [ 134.524151100000012, 7.33609177 ], [ 134.52424093, 7.33609177 ], [ 134.52424093, 7.33613668 ], [ 134.524285850000012, 7.33613668 ], [ 134.52433076, 7.33613668 ], [ 134.52433076, 7.3361816 ], [ 134.52446551, 7.3361816 ], [ 134.52446551, 7.33613668 ], [ 134.52451043, 7.33613668 ], [ 134.52451043, 7.33609177 ], [ 134.52455534, 7.33609177 ], [ 134.52455534, 7.33600194 ], [ 134.52460026, 7.33600194 ], [ 134.52460026, 7.33595702 ], [ 134.52455534, 7.33595702 ], [ 134.52455534, 7.3359121 ], [ 134.52451043, 7.3359121 ], [ 134.52451043, 7.33586719 ], [ 134.52446551, 7.33586719 ], [ 134.52446551, 7.3359121 ], [ 134.524420600000013, 7.3359121 ], [ 134.524420600000013, 7.33595702 ], [ 134.52433076, 7.33595702 ], [ 134.52433076, 7.3359121 ], [ 134.52424093, 7.3359121 ], [ 134.52424093, 7.33595702 ], [ 134.52419602, 7.33595702 ], [ 134.52419602, 7.33582227 ], [ 134.524285850000012, 7.33582227 ], [ 134.524285850000012, 7.33568753 ], [ 134.52424093, 7.33568753 ], [ 134.52424093, 7.33559769 ], [ 134.524285850000012, 7.33559769 ], [ 134.524285850000012, 7.33564261 ], [ 134.52433076, 7.33564261 ], [ 134.52433076, 7.33568753 ], [ 134.52437568, 7.33568753 ], [ 134.52437568, 7.33555278 ], [ 134.524420600000013, 7.33555278 ], [ 134.524420600000013, 7.33550786 ], [ 134.524645170000014, 7.33550786 ], [ 134.524645170000014, 7.33541803 ], [ 134.52460026, 7.33541803 ], [ 134.52455534, 7.33541803 ], [ 134.52455534, 7.33546295 ], [ 134.52437568, 7.33546295 ], [ 134.52437568, 7.33550786 ], [ 134.52419602, 7.33550786 ], [ 134.52419602, 7.33546295 ], [ 134.524151100000012, 7.33546295 ], [ 134.524151100000012, 7.33541803 ], [ 134.52406127, 7.33541803 ], [ 134.52406127, 7.33550786 ], [ 134.52379178000001, 7.33550786 ], [ 134.52379178000001, 7.33541803 ], [ 134.52383669, 7.33541803 ], [ 134.52383669, 7.33537312 ], [ 134.523881609999989, 7.33537312 ], [ 134.523881609999989, 7.3353282 ], [ 134.52392652, 7.3353282 ], [ 134.52392652, 7.33519345 ], [ 134.52397144, 7.33519345 ], [ 134.52397144, 7.33505871 ], [ 134.52392652, 7.33505871 ], [ 134.52392652, 7.33514854 ], [ 134.523881609999989, 7.33514854 ], [ 134.523881609999989, 7.33519345 ], [ 134.52383669, 7.33519345 ], [ 134.52383669, 7.33523837 ], [ 134.523746859999989, 7.33523837 ], [ 134.523746859999989, 7.3353282 ], [ 134.52370194, 7.3353282 ], [ 134.52370194, 7.33550786 ], [ 134.52365703000001, 7.33550786 ], [ 134.52365703000001, 7.33564261 ], [ 134.52370194, 7.33564261 ], [ 134.52370194, 7.33568753 ], [ 134.52365703000001, 7.33568753 ], [ 134.52365703000001, 7.33577736 ], [ 134.52370194, 7.33577736 ], [ 134.52370194, 7.33582227 ], [ 134.523746859999989, 7.33582227 ], [ 134.523746859999989, 7.33564261 ], [ 134.52379178000001, 7.33564261 ], [ 134.52379178000001, 7.33559769 ], [ 134.523881609999989, 7.33559769 ], [ 134.523881609999989, 7.33573244 ], [ 134.52392652, 7.33573244 ], [ 134.52397144, 7.33573244 ], [ 134.52397144, 7.33577736 ], [ 134.524016350000011, 7.33577736 ], [ 134.524016350000011, 7.33609177 ], [ 134.52397144, 7.33609177 ], [ 134.52397144, 7.33658584 ], [ 134.52392652, 7.33658584 ], [ 134.52392652, 7.33667567 ], [ 134.52397144, 7.33667567 ], [ 134.52397144, 7.3367655 ], [ 134.52392652, 7.3367655 ], [ 134.52392652, 7.33681042 ], [ 134.52397144, 7.33681042 ], [ 134.52397144, 7.33685534 ], [ 134.524016350000011, 7.33685534 ], [ 134.524016350000011, 7.337035 ], [ 134.52410619, 7.337035 ], [ 134.524151100000012, 7.337035 ], [ 134.524151100000012, 7.33716975 ], [ 134.52419602, 7.33716975 ], [ 134.52419602, 7.33739432 ], [ 134.524151100000012, 7.33739432 ], [ 134.524151100000012, 7.33748416 ], [ 134.52410619, 7.33748416 ], [ 134.52410619, 7.3376189 ], [ 134.52406127, 7.3376189 ], [ 134.52406127, 7.33811298 ], [ 134.52410619, 7.33811298 ], [ 134.52410619, 7.33824772 ], [ 134.524151100000012, 7.33824772 ], [ 134.524151100000012, 7.33829264 ], [ 134.52419602, 7.33829264 ], [ 134.52419602, 7.33842739 ], [ 134.52424093, 7.33842739 ], [ 134.52424093, 7.33851722 ], [ 134.52419602, 7.33851722 ], [ 134.52419602, 7.33856213 ], [ 134.524151100000012, 7.33856213 ], [ 134.524151100000012, 7.33860705 ], [ 134.52410619, 7.33860705 ], [ 134.52410619, 7.33865197 ], [ 134.524016350000011, 7.33865197 ], [ 134.524016350000011, 7.33869688 ], [ 134.52397144, 7.33869688 ], [ 134.52397144, 7.33905621 ], [ 134.524016350000011, 7.33905621 ], [ 134.524016350000011, 7.33910112 ], [ 134.52410619, 7.33910112 ], [ 134.524151100000012, 7.33910112 ], [ 134.524151100000012, 7.33914604 ], [ 134.52419602, 7.33914604 ], [ 134.52424093, 7.33914604 ], [ 134.52424093, 7.33919096 ], [ 134.52437568, 7.33919096 ], [ 134.524420600000013, 7.33919096 ], [ 134.524420600000013, 7.33923587 ], [ 134.52446551, 7.33923587 ], [ 134.52451043, 7.33923587 ], [ 134.52451043, 7.33928079 ], [ 134.52455534, 7.33928079 ], [ 134.52455534, 7.3393257 ], [ 134.52451043, 7.3393257 ], [ 134.52451043, 7.33950537 ], [ 134.52446551, 7.33950537 ], [ 134.52446551, 7.33955028 ], [ 134.524420600000013, 7.33955028 ], [ 134.524420600000013, 7.33981978 ], [ 134.52437568, 7.33981978 ], [ 134.52437568, 7.33986469 ], [ 134.524420600000013, 7.33986469 ], [ 134.524420600000013, 7.33990961 ], [ 134.52446551, 7.33990961 ], [ 134.52446551, 7.34008927 ], [ 134.524420600000013, 7.34008927 ], [ 134.524420600000013, 7.34004436 ], [ 134.52437568, 7.34004436 ], [ 134.52437568, 7.33999944 ], [ 134.52433076, 7.33999944 ], [ 134.524285850000012, 7.33999944 ], [ 134.524285850000012, 7.33995452 ], [ 134.52424093, 7.33995452 ], [ 134.52424093, 7.33990961 ], [ 134.52419602, 7.33990961 ], [ 134.524151100000012, 7.33990961 ], [ 134.524151100000012, 7.33986469 ], [ 134.524016350000011, 7.33986469 ], [ 134.524016350000011, 7.33990961 ], [ 134.523881609999989, 7.33990961 ], [ 134.523881609999989, 7.33995452 ], [ 134.52379178000001, 7.33995452 ], [ 134.52379178000001, 7.33999944 ], [ 134.52370194, 7.33999944 ], [ 134.52370194, 7.34004436 ], [ 134.5235672, 7.34004436 ], [ 134.5235672, 7.33999944 ], [ 134.522848540000012, 7.33999944 ], [ 134.522848540000012, 7.34004436 ], [ 134.52289346, 7.34004436 ], [ 134.52293838, 7.34004436 ], [ 134.52293838, 7.34013419 ], [ 134.522983290000013, 7.34013419 ], [ 134.522983290000013, 7.34008927 ], [ 134.52302821, 7.34008927 ], [ 134.52302821, 7.34004436 ], [ 134.52307312, 7.34004436 ], [ 134.52307312, 7.34008927 ], [ 134.523118040000014, 7.34008927 ], [ 134.523118040000014, 7.34013419 ], [ 134.52316295, 7.34013419 ], [ 134.52316295, 7.3401791 ], [ 134.523252789999987, 7.3401791 ], [ 134.523252789999987, 7.34008927 ], [ 134.5232977, 7.34008927 ], [ 134.52334262, 7.34008927 ], [ 134.52334262, 7.34022402 ], [ 134.52343245, 7.34022402 ], [ 134.52343245, 7.3401791 ] ], [ [ 134.52513925, 7.33649601 ], [ 134.52522908, 7.33649601 ], [ 134.52522908, 7.33667567 ], [ 134.52513925, 7.33667567 ], [ 134.52513925, 7.33649601 ] ], [ [ 134.52469009, 7.33636126 ], [ 134.524645170000014, 7.33636126 ], [ 134.524645170000014, 7.33640618 ], [ 134.52451043, 7.33640618 ], [ 134.52451043, 7.33636126 ], [ 134.52455534, 7.33636126 ], [ 134.52455534, 7.33631635 ], [ 134.52460026, 7.33631635 ], [ 134.52460026, 7.33627143 ], [ 134.52469009, 7.33627143 ], [ 134.52469009, 7.33636126 ] ], [ [ 134.52419602, 7.33559769 ], [ 134.52419602, 7.33555278 ], [ 134.52424093, 7.33555278 ], [ 134.52424093, 7.33559769 ], [ 134.52419602, 7.33559769 ] ], [ [ 134.52460026, 7.33752907 ], [ 134.52451043, 7.33752907 ], [ 134.52451043, 7.33739432 ], [ 134.52455534, 7.33739432 ], [ 134.52455534, 7.33743924 ], [ 134.52460026, 7.33743924 ], [ 134.52460026, 7.33752907 ] ], [ [ 134.524420600000013, 7.33725958 ], [ 134.524420600000013, 7.33739432 ], [ 134.52437568, 7.33739432 ], [ 134.52437568, 7.33725958 ], [ 134.524420600000013, 7.33725958 ] ], [ [ 134.52410619, 7.33573244 ], [ 134.52410619, 7.33582227 ], [ 134.52406127, 7.33582227 ], [ 134.52406127, 7.33573244 ], [ 134.52410619, 7.33573244 ] ], [ [ 134.524016350000011, 7.33573244 ], [ 134.524016350000011, 7.33568753 ], [ 134.52397144, 7.33568753 ], [ 134.52397144, 7.33564261 ], [ 134.524016350000011, 7.33564261 ], [ 134.524016350000011, 7.33559769 ], [ 134.52406127, 7.33559769 ], [ 134.52406127, 7.33573244 ], [ 134.524016350000011, 7.33573244 ] ], [ [ 134.52406127, 7.33555278 ], [ 134.524151100000012, 7.33555278 ], [ 134.524151100000012, 7.33559769 ], [ 134.52406127, 7.33559769 ], [ 134.52406127, 7.33555278 ] ], [ [ 134.52451043, 7.33725958 ], [ 134.52451043, 7.33730449 ], [ 134.52446551, 7.33730449 ], [ 134.52446551, 7.33725958 ], [ 134.52451043, 7.33725958 ] ], [ [ 134.52469009, 7.33645109 ], [ 134.52469009, 7.33654093 ], [ 134.524645170000014, 7.33654093 ], [ 134.524645170000014, 7.33645109 ], [ 134.52469009, 7.33645109 ] ], [ [ 134.524151100000012, 7.33663076 ], [ 134.524151100000012, 7.33667567 ], [ 134.52410619, 7.33667567 ], [ 134.52410619, 7.33663076 ], [ 134.524151100000012, 7.33663076 ] ], [ [ 134.52486975, 7.33645109 ], [ 134.524779919999986, 7.33645109 ], [ 134.524779919999986, 7.33636126 ], [ 134.52482484, 7.33636126 ], [ 134.52482484, 7.33640618 ], [ 134.52486975, 7.33640618 ], [ 134.52486975, 7.33645109 ] ], [ [ 134.524779919999986, 7.33649601 ], [ 134.52473501, 7.33649601 ], [ 134.52473501, 7.33645109 ], [ 134.524779919999986, 7.33645109 ], [ 134.524779919999986, 7.33649601 ] ], [ [ 134.52446551, 7.33640618 ], [ 134.52446551, 7.33645109 ], [ 134.52437568, 7.33645109 ], [ 134.52437568, 7.33640618 ], [ 134.52446551, 7.33640618 ] ], [ [ 134.52455534, 7.33964011 ], [ 134.52455534, 7.33968503 ], [ 134.52451043, 7.33968503 ], [ 134.52451043, 7.33964011 ], [ 134.52455534, 7.33964011 ] ] ] } },
{ "type": "Feature", "properties": { "id": "geomorphic_data_verbose.fid-75f8f034_1a0c1004d45_-59ac", "class_name": "Deep Lagoon", "area_sqkm": 4.9269297228194773e-05 }, "geometry": { "type": "Polygon", "coordinates": [ [ [ 134.52473501, 7.3378884 ], [ 134.52473501, 7.33779857 ], [ 134.52469009, 7.33779857 ], [ 134.52469009, 7.3378884 ], [ 134.52473501, 7.3378884 ] ] ] } },
{ "type": "Feature", "properties": { "id": "geomorphic_data_verbose.fid-75f8f034_1a0c1004d45_-538c", "class_name": "Deep Lagoon", "area_sqkm": 0.00019707711861561983 }, "geometry": { "type": "Polygon", "coordinates": [ [ [ 134.52549857, 7.33806806 ], [ 134.52549857, 7.33802315 ], [ 134.52554349, 7.33802315 ], [ 134.52554349, 7.33806806 ], [ 134.52563332, 7.33806806 ], [ 134.52563332, 7.33802315 ], [ 134.525588410000012, 7.33802315 ], [ 134.525588410000012, 7.33797823 ], [ 134.52554349, 7.33797823 ], [ 134.52549857, 7.33797823 ], [ 134.52549857, 7.33793331 ], [ 134.525408739999989, 7.33793331 ], [ 134.525408739999989, 7.33797823 ], [ 134.525453660000011, 7.33797823 ], [ 134.525453660000011, 7.33806806 ], [ 134.52549857, 7.33806806 ] ] ] } },
{ "type": "Feature", "properties": { "id": "geomorphic_data_verbose.fid-75f8f034_1a0c1004d45_-5a8d", "class_name": "Deep Lagoon", "area_sqkm": 2.4634691033046694e-05 }, "geometry": { "type": "Polygon", "coordinates": [ [ [ 134.53025965, 7.33707991 ], [ 134.53025965, 7.337035 ], [ 134.530214730000012, 7.337035 ], [ 134.530214730000012, 7.33707991 ], [ 134.53025965, 7.33707991 ] ] ] } },
{ "type": "Feature", "properties": { "id": "geomorphic_data_verbose.fid-75f8f034_1a0c1004d45_-59a7", "class_name": "Deep Lagoon", "area_sqkm": 2.4634681286290287e-05 }, "geometry": { "type": "Polygon", "coordinates": [ [ [ 134.53016981, 7.33725958 ], [ 134.53016981, 7.33721466 ], [ 134.5301249, 7.33721466 ], [ 134.5301249, 7.33725958 ], [ 134.53016981, 7.33725958 ] ] ] } },
{ "type": "Feature", "properties": { "id": "geomorphic_data_verbose.fid-75f8f034_1a0c1004d45_-5a8e", "class_name": "Deep Lagoon", "area_sqkm": 7.3904019644483918e-05 }, "geometry": { "type": "Polygon", "coordinates": [ [ [ 134.52999015, 7.33743924 ], [ 134.52999015, 7.33734941 ], [ 134.52994523000001, 7.33734941 ], [ 134.52990032, 7.33734941 ], [ 134.52990032, 7.33739432 ], [ 134.52994523000001, 7.33739432 ], [ 134.52994523000001, 7.33743924 ], [ 134.52999015, 7.33743924 ] ] ] } },
{ "type": "Feature", "properties": { "id": "geomorphic_data_verbose.fid-75f8f034_1a0c1004d45_-5a8f", "class_name": "Deep Lagoon", "area_sqkm": 2.4634644964244218e-05 }, "geometry": { "type": "Polygon", "coordinates": [ [ [ 134.52999015, 7.33793331 ], [ 134.52999015, 7.3378884 ], [ 134.52994523000001, 7.3378884 ], [ 134.52994523000001, 7.33793331 ], [ 134.52999015, 7.33793331 ] ] ] } },
{ "type": "Feature", "properties": { "id": "geomorphic_data_verbose.fid-75f8f034_1a0c1004d45_-538b", "class_name": "Deep Lagoon", "area_sqkm": 0.0011578280619769358 }, "geometry": { "type": "Polygon", "coordinates": [ [ [ 134.52945116, 7.33820281 ], [ 134.52940625, 7.33820281 ], [ 134.52940625, 7.33815789 ], [ 134.52936133, 7.33815789 ], [ 134.52936133, 7.33806806 ], [ 134.529540989999987, 7.33806806 ], [ 134.529540989999987, 7.33815789 ], [ 134.52963082, 7.33815789 ], [ 134.52963082, 7.33793331 ], [ 134.52958591, 7.33793331 ], [ 134.52940625, 7.33793331 ], [ 134.52940625, 7.33797823 ], [ 134.52936133, 7.33797823 ], [ 134.52936133, 7.33793331 ], [ 134.52931641, 7.33793331 ], [ 134.52931641, 7.3378884 ], [ 134.52936133, 7.3378884 ], [ 134.52936133, 7.33779857 ], [ 134.52931641, 7.33779857 ], [ 134.52931641, 7.33775365 ], [ 134.5292715, 7.33775365 ], [ 134.5292715, 7.33779857 ], [ 134.529181670000014, 7.33779857 ], [ 134.529181670000014, 7.33784348 ], [ 134.52922658, 7.33784348 ], [ 134.52922658, 7.33797823 ], [ 134.5292715, 7.33797823 ], [ 134.5292715, 7.33820281 ], [ 134.52931641, 7.33820281 ], [ 134.52931641, 7.33824772 ], [ 134.52945116, 7.33824772 ], [ 134.52945116, 7.33820281 ] ], [ [ 134.529540989999987, 7.33802315 ], [ 134.52958591, 7.33802315 ], [ 134.52958591, 7.33806806 ], [ 134.529540989999987, 7.33806806 ], [ 134.529540989999987, 7.33802315 ] ] ] } },
{ "type": "Feature", "properties": { "id": "geomorphic_data_verbose.fid-75f8f034_1a0c1004d45_-59ab", "class_name": "Deep Lagoon", "area_sqkm": 0.0019215010448480024 }, "geometry": { "type": "Polygon", "coordinates": [ [ [ 134.528912170000012, 7.33869688 ], [ 134.528912170000012, 7.33860705 ], [ 134.529002, 7.33860705 ], [ 134.529002, 7.33842739 ], [ 134.529046920000013, 7.33842739 ], [ 134.529046920000013, 7.33824772 ], [ 134.52909184, 7.33824772 ], [ 134.52909184, 7.33811298 ], [ 134.52913675, 7.33811298 ], [ 134.52913675, 7.33802315 ], [ 134.52909184, 7.33802315 ], [ 134.52909184, 7.33797823 ], [ 134.529046920000013, 7.33797823 ], [ 134.529046920000013, 7.33784348 ], [ 134.52909184, 7.33784348 ], [ 134.52909184, 7.33779857 ], [ 134.52895709, 7.33779857 ], [ 134.52895709, 7.33793331 ], [ 134.528912170000012, 7.33793331 ], [ 134.528912170000012, 7.33797823 ], [ 134.52886726, 7.33797823 ], [ 134.52886726, 7.33806806 ], [ 134.52882234, 7.33806806 ], [ 134.52882234, 7.33815789 ], [ 134.52873251, 7.33815789 ], [ 134.52873251, 7.33820281 ], [ 134.52877743, 7.33820281 ], [ 134.52877743, 7.33824772 ], [ 134.52882234, 7.33824772 ], [ 134.52882234, 7.33833756 ], [ 134.528912170000012, 7.33833756 ], [ 134.52895709, 7.33833756 ], [ 134.52895709, 7.33838247 ], [ 134.528912170000012, 7.33838247 ], [ 134.528912170000012, 7.33856213 ], [ 134.52882234, 7.33856213 ], [ 134.52882234, 7.33869688 ], [ 134.528912170000012, 7.33869688 ] ] ] } },
{ "type": "Feature", "properties": { "id": "geomorphic_data_verbose.fid-75f8f034_1a0c1004d45_-59a8", "class_name": "Deep Lagoon", "area_sqkm": 2.4634613503701984e-05 }, "geometry": { "type": "Polygon", "coordinates": [ [ [ 134.5292715, 7.33851722 ], [ 134.5292715, 7.3384723 ], [ 134.52922658, 7.3384723 ], [ 134.52922658, 7.33851722 ], [ 134.5292715, 7.33851722 ] ] ] } },
{ "type": "Feature", "properties": { "id": "geomorphic_data_verbose.fid-75f8f034_1a0c1004d45_-59a9", "class_name": "Deep Lagoon", "area_sqkm": 4.9269226976670327e-05 }, "geometry": { "type": "Polygon", "coordinates": [ [ [ 134.529181670000014, 7.33851722 ], [ 134.529181670000014, 7.3384723 ], [ 134.52909184, 7.3384723 ], [ 134.52909184, 7.33851722 ], [ 134.529181670000014, 7.33851722 ] ] ] } },
{ "type": "Feature", "properties": { "id": "geomorphic_data_verbose.fid-75f8f034_1a0c1004d45_-5c66", "class_name": "Deep Lagoon", "area_sqkm": 0.00054196144290035591 }, "geometry": { "type": "Polygon", "coordinates": [ [ [ 134.52949608, 7.33869688 ], [ 134.52949608, 7.33856213 ], [ 134.52945116, 7.33856213 ], [ 134.52940625, 7.33856213 ], [ 134.52940625, 7.33851722 ], [ 134.52945116, 7.33851722 ], [ 134.52945116, 7.3384723 ], [ 134.52949608, 7.3384723 ], [ 134.52949608, 7.33842739 ], [ 134.52945116, 7.33842739 ], [ 134.52945116, 7.33838247 ], [ 134.52940625, 7.33838247 ], [ 134.52940625, 7.33833756 ], [ 134.52936133, 7.33833756 ], [ 134.52936133, 7.33860705 ], [ 134.5292715, 7.33860705 ], [ 134.5292715, 7.33869688 ], [ 134.52949608, 7.33869688 ] ] ] } },
{ "type": "Feature", "properties": { "id": "geomorphic_data_verbose.fid-75f8f034_1a0c1004d45_-59ad", "class_name": "Deep Lagoon", "area_sqkm": 2.4634562631137668e-05 }, "geometry": { "type": "Polygon", "coordinates": [ [ [ 134.52976557, 7.33946045 ], [ 134.52976557, 7.33941553 ], [ 134.52972066000001, 7.33941553 ], [ 134.52972066000001, 7.33946045 ], [ 134.52976557, 7.33946045 ] ] ] } },
{ "type": "Feature", "properties": { "id": "geomorphic_data_verbose.fid-75f8f034_1a0c1004d45_-5306", "class_name": "Deep Lagoon", "area_sqkm": 2.4634637718554587e-05 }, "geometry": { "type": "Polygon", "coordinates": [ [ [ 134.52576807, 7.33806806 ], [ 134.52576807, 7.33802315 ], [ 134.52572315, 7.33802315 ], [ 134.52572315, 7.33806806 ], [ 134.52576807, 7.33806806 ] ] ] } },
{ "type": "Feature", "properties": { "id": "geomorphic_data_verbose.fid-75f8f034_1a0c1004d45_-59a1", "class_name": "Outer Reef Flat", "area_sqkm": 0.098908071141568479 }, "geometry": { "type": "Polygon", "coordinates": [ [ [ 134.52172565, 7.33851722 ], [ 134.52172565, 7.3384723 ], [ 134.52177057, 7.3384723 ], [ 134.52177057, 7.33842739 ], [ 134.521815479999987, 7.33842739 ], [ 134.521815479999987, 7.33833756 ], [ 134.52190531, 7.33833756 ], [ 134.52190531, 7.33829264 ], [ 134.522084979999988, 7.33829264 ], [ 134.522084979999988, 7.33833756 ], [ 134.52217481, 7.33833756 ], [ 134.52221972000001, 7.33833756 ], [ 134.52221972000001, 7.33838247 ], [ 134.52235447000001, 7.33838247 ], [ 134.52239939, 7.33838247 ], [ 134.52239939, 7.33842739 ], [ 134.522444299999989, 7.33842739 ], [ 134.522444299999989, 7.33851722 ], [ 134.52230956, 7.33851722 ], [ 134.52230956, 7.3384723 ], [ 134.52226464, 7.3384723 ], [ 134.52226464, 7.33851722 ], [ 134.52221972000001, 7.33851722 ], [ 134.52221972000001, 7.33869688 ], [ 134.52217481, 7.33869688 ], [ 134.52217481, 7.33878671 ], [ 134.52212989, 7.33878671 ], [ 134.52212989, 7.33883163 ], [ 134.522084979999988, 7.33883163 ], [ 134.522084979999988, 7.33887655 ], [ 134.52199514, 7.33887655 ], [ 134.52199514, 7.33919096 ], [ 134.5218604, 7.33919096 ], [ 134.5218604, 7.33923587 ], [ 134.521815479999987, 7.33923587 ], [ 134.521815479999987, 7.33919096 ], [ 134.521751928085024, 7.33919096 ], [ 134.521767121357556, 7.33955028 ], [ 134.521950229999987, 7.33955028 ], [ 134.521950229999987, 7.3395952 ], [ 134.522084979999988, 7.3395952 ], [ 134.522084979999988, 7.33950537 ], [ 134.52204006, 7.33950537 ], [ 134.52204006, 7.33946045 ], [ 134.522084979999988, 7.33946045 ], [ 134.522084979999988, 7.33941553 ], [ 134.52217481, 7.33941553 ], [ 134.52217481, 7.33937062 ], [ 134.52221972000001, 7.33937062 ], [ 134.52221972000001, 7.33928079 ], [ 134.52217481, 7.33928079 ], [ 134.52212989, 7.33928079 ], [ 134.52212989, 7.33923587 ], [ 134.52217481, 7.33923587 ], [ 134.52217481, 7.33919096 ], [ 134.52226464, 7.33919096 ], [ 134.52226464, 7.33923587 ], [ 134.52235447000001, 7.33923587 ], [ 134.52235447000001, 7.33919096 ], [ 134.52239939, 7.33919096 ], [ 134.52239939, 7.33914604 ], [ 134.52235447000001, 7.33914604 ], [ 134.52230956, 7.33914604 ], [ 134.52230956, 7.33910112 ], [ 134.52226464, 7.33910112 ], [ 134.52226464, 7.33905621 ], [ 134.522489220000011, 7.33905621 ], [ 134.522489220000011, 7.33892146 ], [ 134.522623970000012, 7.33892146 ], [ 134.522623970000012, 7.33887655 ], [ 134.52266888, 7.33887655 ], [ 134.52266888, 7.33883163 ], [ 134.52280363, 7.33883163 ], [ 134.52280363, 7.33869688 ], [ 134.52275871, 7.33869688 ], [ 134.52275871, 7.33815789 ], [ 134.522848540000012, 7.33815789 ], [ 134.522848540000012, 7.33811298 ], [ 134.52302821, 7.33811298 ], [ 134.52302821, 7.33815789 ], [ 134.5232977, 7.33815789 ], [ 134.52334262, 7.33815789 ], [ 134.52334262, 7.33820281 ], [ 134.52338753, 7.33820281 ], [ 134.52338753, 7.33824772 ], [ 134.52343245, 7.33824772 ], [ 134.52343245, 7.33833756 ], [ 134.523477359999987, 7.33833756 ], [ 134.523477359999987, 7.33865197 ], [ 134.52352228, 7.33865197 ], [ 134.52352228, 7.33878671 ], [ 134.5235672, 7.33878671 ], [ 134.5235672, 7.33883163 ], [ 134.52379178000001, 7.33883163 ], [ 134.52379178000001, 7.33878671 ], [ 134.523881609999989, 7.33878671 ], [ 134.523881609999989, 7.33869688 ], [ 134.52392652, 7.33869688 ], [ 134.52392652, 7.33860705 ], [ 134.52397144, 7.33860705 ], [ 134.52397144, 7.3384723 ], [ 134.524016350000011, 7.3384723 ], [ 134.524016350000011, 7.33851722 ], [ 134.52410619, 7.33851722 ], [ 134.52410619, 7.3384723 ], [ 134.524151100000012, 7.3384723 ], [ 134.524151100000012, 7.33838247 ], [ 134.52410619, 7.33838247 ], [ 134.52410619, 7.33833756 ], [ 134.52406127, 7.33833756 ], [ 134.52406127, 7.33824772 ], [ 134.524016350000011, 7.33824772 ], [ 134.524016350000011, 7.33815789 ], [ 134.52397144, 7.33815789 ], [ 134.52397144, 7.33775365 ], [ 134.524016350000011, 7.33775365 ], [ 134.524016350000011, 7.33752907 ], [ 134.52406127, 7.33752907 ], [ 134.52406127, 7.33743924 ], [ 134.524016350000011, 7.33743924 ], [ 134.524016350000011, 7.33739432 ], [ 134.52406127, 7.33739432 ], [ 134.52406127, 7.33734941 ], [ 134.52410619, 7.33734941 ], [ 134.52410619, 7.33716975 ], [ 134.52406127, 7.33716975 ], [ 134.52406127, 7.337035 ], [ 134.524016350000011, 7.337035 ], [ 134.524016350000011, 7.33685534 ], [ 134.52397144, 7.33685534 ], [ 134.52397144, 7.33681042 ], [ 134.52392652, 7.33681042 ], [ 134.52392652, 7.3367655 ], [ 134.52397144, 7.3367655 ], [ 134.52397144, 7.33667567 ], [ 134.52392652, 7.33667567 ], [ 134.52392652, 7.33658584 ], [ 134.52397144, 7.33658584 ], [ 134.52397144, 7.33609177 ], [ 134.524016350000011, 7.33609177 ], [ 134.524016350000011, 7.33577736 ], [ 134.52397144, 7.33577736 ], [ 134.52397144, 7.33573244 ], [ 134.52392652, 7.33573244 ], [ 134.523881609999989, 7.33573244 ], [ 134.523881609999989, 7.33559769 ], [ 134.52379178000001, 7.33559769 ], [ 134.52379178000001, 7.33564261 ], [ 134.523746859999989, 7.33564261 ], [ 134.523746859999989, 7.33582227 ], [ 134.52365703000001, 7.33582227 ], [ 134.52365703000001, 7.33586719 ], [ 134.5235672, 7.33586719 ], [ 134.5235672, 7.3359121 ], [ 134.523477359999987, 7.3359121 ], [ 134.523477359999987, 7.33586719 ], [ 134.52343245, 7.33586719 ], [ 134.52343245, 7.33582227 ], [ 134.52338753, 7.33582227 ], [ 134.52338753, 7.33586719 ], [ 134.52334262, 7.33586719 ], [ 134.52334262, 7.33595702 ], [ 134.523252789999987, 7.33595702 ], [ 134.523252789999987, 7.33604685 ], [ 134.52338753, 7.33604685 ], [ 134.52338753, 7.33600194 ], [ 134.52343245, 7.33600194 ], [ 134.52343245, 7.33595702 ], [ 134.523477359999987, 7.33595702 ], [ 134.523477359999987, 7.3361816 ], [ 134.52338753, 7.3361816 ], [ 134.52338753, 7.33622652 ], [ 134.52334262, 7.33622652 ], [ 134.52334262, 7.33627143 ], [ 134.52316295, 7.33627143 ], [ 134.52316295, 7.33645109 ], [ 134.52257905, 7.33645109 ], [ 134.52257905, 7.33640618 ], [ 134.52239939, 7.33640618 ], [ 134.52239939, 7.33645109 ], [ 134.52235447000001, 7.33645109 ], [ 134.52235447000001, 7.33654093 ], [ 134.52226464, 7.33654093 ], [ 134.52226464, 7.33663076 ], [ 134.52217481, 7.33663076 ], [ 134.52217481, 7.33672059 ], [ 134.52212989, 7.33672059 ], [ 134.52212989, 7.3367655 ], [ 134.522084979999988, 7.3367655 ], [ 134.522084979999988, 7.33681042 ], [ 134.52199514, 7.33681042 ], [ 134.52199514, 7.33685534 ], [ 134.521950229999987, 7.33685534 ], [ 134.521950229999987, 7.33690025 ], [ 134.5218604, 7.33690025 ], [ 134.5218604, 7.33694517 ], [ 134.521815479999987, 7.33694517 ], [ 134.521815479999987, 7.33707991 ], [ 134.52177057, 7.33707991 ], [ 134.52177057, 7.33712483 ], [ 134.52172565, 7.33712483 ], [ 134.52172565, 7.33716975 ], [ 134.521680730000014, 7.33716975 ], [ 134.521680730000014, 7.33721466 ], [ 134.521668363394724, 7.33721466 ], [ 134.521723440064761, 7.33851722 ], [ 134.52172565, 7.33851722 ] ], [ [ 134.52397144, 7.33694517 ], [ 134.52392652, 7.33694517 ], [ 134.52392652, 7.33685534 ], [ 134.52397144, 7.33685534 ], [ 134.52397144, 7.33694517 ] ], [ [ 134.524016350000011, 7.33721466 ], [ 134.524016350000011, 7.33725958 ], [ 134.52397144, 7.33725958 ], [ 134.52397144, 7.33721466 ], [ 134.524016350000011, 7.33721466 ] ] ] } },
{ "type": "Feature", "properties": { "id": "geomorphic_data_verbose.fid-75f8f034_1a0c1004d45_-59a4", "class_name": "Terrestrial Reef Flat", "area_sqkm": 0.063335463972639297 }, "geometry": { "type": "MultiPolygon", "coordinates": [ [ [ [ 134.521815479999987, 7.34067318 ], [ 134.52204006, 7.34067318 ], [ 134.52204006, 7.34062826 ], [ 134.52212989, 7.34062826 ], [ 134.52212989, 7.34058334 ], [ 134.52217481, 7.34058334 ], [ 134.52217481, 7.34062826 ], [ 134.52221972000001, 7.34062826 ], [ 134.52221972000001, 7.34058334 ], [ 134.52226464, 7.34058334 ], [ 134.52226464, 7.34053843 ], [ 134.52230956, 7.34053843 ], [ 134.52230956, 7.34049351 ], [ 134.52235447000001, 7.34049351 ], [ 134.52235447000001, 7.34031385 ], [ 134.52239939, 7.34031385 ], [ 134.52239939, 7.34026893 ], [ 134.522444299999989, 7.34026893 ], [ 134.522444299999989, 7.34022402 ], [ 134.522489220000011, 7.34022402 ], [ 134.522489220000011, 7.34013419 ], [ 134.52253413, 7.34013419 ], [ 134.52253413, 7.34008927 ], [ 134.52257905, 7.34008927 ], [ 134.52257905, 7.34004436 ], [ 134.52275871, 7.34004436 ], [ 134.52275871, 7.33999944 ], [ 134.5235672, 7.33999944 ], [ 134.5235672, 7.34004436 ], [ 134.52370194, 7.34004436 ], [ 134.52370194, 7.33999944 ], [ 134.52379178000001, 7.33999944 ], [ 134.52379178000001, 7.33995452 ], [ 134.523881609999989, 7.33995452 ], [ 134.523881609999989, 7.33990961 ], [ 134.524016350000011, 7.33990961 ], [ 134.524016350000011, 7.33986469 ], [ 134.524151100000012, 7.33986469 ], [ 134.524151100000012, 7.33990961 ], [ 134.52419602, 7.33990961 ], [ 134.52424093, 7.33990961 ], [ 134.52424093, 7.33995452 ], [ 134.524285850000012, 7.33995452 ], [ 134.524285850000012, 7.33999944 ], [ 134.52433076, 7.33999944 ], [ 134.52437568, 7.33999944 ], [ 134.52437568, 7.34004436 ], [ 134.524420600000013, 7.34004436 ], [ 134.524420600000013, 7.34008927 ], [ 134.52446551, 7.34008927 ], [ 134.52446551, 7.33990961 ], [ 134.524420600000013, 7.33990961 ], [ 134.524420600000013, 7.33986469 ], [ 134.52437568, 7.33986469 ], [ 134.52437568, 7.33981978 ], [ 134.524420600000013, 7.33981978 ], [ 134.524420600000013, 7.33955028 ], [ 134.52446551, 7.33955028 ], [ 134.52446551, 7.33950537 ], [ 134.52451043, 7.33950537 ], [ 134.52451043, 7.3393257 ], [ 134.52455534, 7.3393257 ], [ 134.52455534, 7.33928079 ], [ 134.52451043, 7.33928079 ], [ 134.52451043, 7.33923587 ], [ 134.52446551, 7.33923587 ], [ 134.524420600000013, 7.33923587 ], [ 134.524420600000013, 7.33919096 ], [ 134.52437568, 7.33919096 ], [ 134.52424093, 7.33919096 ], [ 134.52424093, 7.33914604 ], [ 134.52419602, 7.33914604 ], [ 134.524151100000012, 7.33914604 ], [ 134.524151100000012, 7.33910112 ], [ 134.52410619, 7.33910112 ], [ 134.524016350000011, 7.33910112 ], [ 134.524016350000011, 7.33905621 ], [ 134.52397144, 7.33905621 ], [ 134.52397144, 7.33869688 ], [ 134.524016350000011, 7.33869688 ], [ 134.524016350000011, 7.33865197 ], [ 134.52410619, 7.33865197 ], [ 134.52410619, 7.33860705 ], [ 134.524151100000012, 7.33860705 ], [ 134.524151100000012, 7.33856213 ], [ 134.52419602, 7.33856213 ], [ 134.52419602, 7.33851722 ], [ 134.52424093, 7.33851722 ], [ 134.52424093, 7.33842739 ], [ 134.52419602, 7.33842739 ], [ 134.52419602, 7.33829264 ], [ 134.524151100000012, 7.33829264 ], [ 134.524151100000012, 7.33824772 ], [ 134.52410619, 7.33824772 ], [ 134.52410619, 7.33811298 ], [ 134.52406127, 7.33811298 ], [ 134.52406127, 7.3376189 ], [ 134.52410619, 7.3376189 ], [ 134.52410619, 7.33748416 ], [ 134.524151100000012, 7.33748416 ], [ 134.524151100000012, 7.33739432 ], [ 134.52419602, 7.33739432 ], [ 134.52419602, 7.33716975 ], [ 134.524151100000012, 7.33716975 ], [ 134.524151100000012, 7.337035 ], [ 134.52410619, 7.337035 ], [ 134.52406127, 7.337035 ], [ 134.52406127, 7.33712483 ], [ 134.52410619, 7.33712483 ], [ 134.52410619, 7.33739432 ], [ 134.52406127, 7.33739432 ], [ 134.52406127, 7.33752907 ], [ 134.524016350000011, 7.33752907 ], [ 134.524016350000011, 7.33775365 ], [ 134.52397144, 7.33775365 ], [ 134.52397144, 7.33815789 ], [ 134.524016350000011, 7.33815789 ], [ 134.524016350000011, 7.33824772 ], [ 134.52406127, 7.33824772 ], [ 134.52406127, 7.33833756 ], [ 134.52410619, 7.33833756 ], [ 134.52410619, 7.33838247 ], [ 134.524151100000012, 7.33838247 ], [ 134.524151100000012, 7.3384723 ], [ 134.52410619, 7.3384723 ], [ 134.52410619, 7.33851722 ], [ 134.524016350000011, 7.33851722 ], [ 134.524016350000011, 7.3384723 ], [ 134.52397144, 7.3384723 ], [ 134.52397144, 7.33860705 ], [ 134.52392652, 7.33860705 ], [ 134.52392652, 7.33869688 ], [ 134.523881609999989, 7.33869688 ], [ 134.523881609999989, 7.33878671 ], [ 134.52379178000001, 7.33878671 ], [ 134.52379178000001, 7.33883163 ], [ 134.5235672, 7.33883163 ], [ 134.5235672, 7.33878671 ], [ 134.52352228, 7.33878671 ], [ 134.52352228, 7.33865197 ], [ 134.523477359999987, 7.33865197 ], [ 134.523477359999987, 7.33833756 ], [ 134.52343245, 7.33833756 ], [ 134.52343245, 7.33824772 ], [ 134.52338753, 7.33824772 ], [ 134.52338753, 7.33820281 ], [ 134.52334262, 7.33820281 ], [ 134.52334262, 7.33815789 ], [ 134.5232977, 7.33815789 ], [ 134.52302821, 7.33815789 ], [ 134.52302821, 7.33811298 ], [ 134.522848540000012, 7.33811298 ], [ 134.522848540000012, 7.33815789 ], [ 134.52275871, 7.33815789 ], [ 134.52275871, 7.33869688 ], [ 134.52280363, 7.33869688 ], [ 134.52280363, 7.33883163 ], [ 134.52266888, 7.33883163 ], [ 134.52266888, 7.33887655 ], [ 134.522623970000012, 7.33887655 ], [ 134.522623970000012, 7.33892146 ], [ 134.522489220000011, 7.33892146 ], [ 134.522489220000011, 7.33905621 ], [ 134.52226464, 7.33905621 ], [ 134.52226464, 7.33910112 ], [ 134.52230956, 7.33910112 ], [ 134.52230956, 7.33914604 ], [ 134.52235447000001, 7.33914604 ], [ 134.52239939, 7.33914604 ], [ 134.52239939, 7.33919096 ], [ 134.52235447000001, 7.33919096 ], [ 134.52235447000001, 7.33923587 ], [ 134.52226464, 7.33923587 ], [ 134.52226464, 7.33919096 ], [ 134.52217481, 7.33919096 ], [ 134.52217481, 7.33923587 ], [ 134.52212989, 7.33923587 ], [ 134.52212989, 7.33928079 ], [ 134.52217481, 7.33928079 ], [ 134.52221972000001, 7.33928079 ], [ 134.52221972000001, 7.33937062 ], [ 134.52217481, 7.33937062 ], [ 134.52217481, 7.33941553 ], [ 134.522084979999988, 7.33941553 ], [ 134.522084979999988, 7.33946045 ], [ 134.52204006, 7.33946045 ], [ 134.52204006, 7.33950537 ], [ 134.522084979999988, 7.33950537 ], [ 134.522084979999988, 7.3395952 ], [ 134.521950229999987, 7.3395952 ], [ 134.521950229999987, 7.33955028 ], [ 134.521767121357556, 7.33955028 ], [ 134.521815479999987, 7.340693959043175 ], [ 134.521815479999987, 7.34067318 ] ] ], [ [ [ 134.521815479999987, 7.33919096 ], [ 134.521815479999987, 7.33923587 ], [ 134.5218604, 7.33923587 ], [ 134.5218604, 7.33919096 ], [ 134.52199514, 7.33919096 ], [ 134.52199514, 7.33887655 ], [ 134.522084979999988, 7.33887655 ], [ 134.522084979999988, 7.33883163 ], [ 134.52212989, 7.33883163 ], [ 134.52212989, 7.33878671 ], [ 134.52217481, 7.33878671 ], [ 134.52217481, 7.33869688 ], [ 134.52221972000001, 7.33869688 ], [ 134.52221972000001, 7.33851722 ], [ 134.52226464, 7.33851722 ], [ 134.52226464, 7.3384723 ], [ 134.52230956, 7.3384723 ], [ 134.52230956, 7.33851722 ], [ 134.522444299999989, 7.33851722 ], [ 134.522444299999989, 7.33842739 ], [ 134.52239939, 7.33842739 ], [ 134.52239939, 7.33838247 ], [ 134.52235447000001, 7.33838247 ], [ 134.52221972000001, 7.33838247 ], [ 134.52221972000001, 7.33833756 ], [ 134.52217481, 7.33833756 ], [ 134.522084979999988, 7.33833756 ], [ 134.522084979999988, 7.33829264 ], [ 134.52190531, 7.33829264 ], [ 134.52190531, 7.33833756 ], [ 134.521815479999987, 7.33833756 ], [ 134.521815479999987, 7.33842739 ], [ 134.52177057, 7.33842739 ], [ 134.52177057, 7.3384723 ], [ 134.52172565, 7.3384723 ], [ 134.52172565, 7.33851722 ], [ 134.521723440064761, 7.33851722 ], [ 134.521751928085024, 7.33919096 ], [ 134.521815479999987, 7.33919096 ] ] ] ] } },
{ "type": "Feature", "properties": { "id": "geomorphic_data_verbose.fid-75f8f034_1a0c1004d45_-55a2", "class_name": "Deep Lagoon", "area_sqkm": 2.4634528739377858e-05 }, "geometry": { "type": "Polygon", "coordinates": [ [ [ 134.52275871, 7.34008927 ], [ 134.52275871, 7.34004436 ], [ 134.5227138, 7.34004436 ], [ 134.5227138, 7.34008927 ], [ 134.52275871, 7.34008927 ] ] ] } },
{ "type": "Feature", "properties": { "id": "geomorphic_data_verbose.fid-75f8f034_1a0c1004d45_-538d", "class_name": "Deep Lagoon", "area_sqkm": 2.4634519049897791e-05 }, "geometry": { "type": "Polygon", "coordinates": [ [ [ 134.522489220000011, 7.34026893 ], [ 134.522489220000011, 7.34022402 ], [ 134.522444299999989, 7.34022402 ], [ 134.522444299999989, 7.34026893 ], [ 134.522489220000011, 7.34026893 ] ] ] } },
{ "type": "Feature", "properties": { "id": "geomorphic_data_verbose.fid-75f8f034_1a0c1004d45_-59c3", "class_name": "Deep Lagoon", "area_sqkm": 0.00014780707787629216 }, "geometry": { "type": "Polygon", "coordinates": [ [ [ 134.52239939, 7.3404486 ], [ 134.52239939, 7.34040368 ], [ 134.522444299999989, 7.34040368 ], [ 134.522444299999989, 7.34026893 ], [ 134.52239939, 7.34026893 ], [ 134.52239939, 7.34031385 ], [ 134.52235447000001, 7.34031385 ], [ 134.52235447000001, 7.3404486 ], [ 134.52239939, 7.3404486 ] ] ] } },
{ "type": "Feature", "properties": { "id": "geomorphic_data_verbose.fid-75f8f034_1a0c1004d45_-59c6", "class_name": "Deep Lagoon", "area_sqkm": 2.4634480277542025e-05 }, "geometry": { "type": "Polygon", "coordinates": [ [ [ 134.525408739999989, 7.34098759 ], [ 134.525408739999989, 7.34094267 ], [ 134.52536383, 7.34094267 ], [ 134.52536383, 7.34098759 ], [ 134.525408739999989, 7.34098759 ] ] ] } },
{ "type": "Feature", "properties": { "id": "geomorphic_data_verbose.fid-75f8f034_1a0c1004d45_-55a6", "class_name": "Deep Lagoon", "area_sqkm": 2.4634480293840169e-05 }, "geometry": { "type": "Polygon", "coordinates": [ [ [ 134.52549857, 7.34098759 ], [ 134.52549857, 7.34094267 ], [ 134.525453660000011, 7.34094267 ], [ 134.525453660000011, 7.34098759 ], [ 134.52549857, 7.34098759 ] ] ] } },
{ "type": "Feature", "properties": { "id": "geomorphic_data_verbose.fid-75f8f034_1a0c1004d45_-59c9", "class_name": "Deep Lagoon", "area_sqkm": 0.001010013889444992 }, "geometry": { "type": "Polygon", "coordinates": [ [ [ 134.52460026, 7.34112233 ], [ 134.52460026, 7.3410325 ], [ 134.52455534, 7.3410325 ], [ 134.52451043, 7.3410325 ], [ 134.52451043, 7.34098759 ], [ 134.52446551, 7.34098759 ], [ 134.52446551, 7.34094267 ], [ 134.524151100000012, 7.34094267 ], [ 134.524151100000012, 7.3410325 ], [ 134.524016350000011, 7.3410325 ], [ 134.524016350000011, 7.34112233 ], [ 134.52460026, 7.34112233 ] ] ] } },
{ "type": "Feature", "properties": { "id": "geomorphic_data_verbose.fid-75f8f034_1a0c1004d45_-59c7", "class_name": "Deep Lagoon", "area_sqkm": 0.0007883032563417219 }, "geometry": { "type": "Polygon", "coordinates": [ [ [ 134.524914669999987, 7.34121216 ], [ 134.524914669999987, 7.34116725 ], [ 134.52495959, 7.34116725 ], [ 134.52495959, 7.34112233 ], [ 134.524914669999987, 7.34112233 ], [ 134.524914669999987, 7.3410325 ], [ 134.52495959, 7.3410325 ], [ 134.52495959, 7.34098759 ], [ 134.5250045, 7.34098759 ], [ 134.5250045, 7.3410325 ], [ 134.525049419999988, 7.3410325 ], [ 134.525049419999988, 7.34112233 ], [ 134.52509433, 7.34112233 ], [ 134.52509433, 7.3410325 ], [ 134.52513925, 7.3410325 ], [ 134.52513925, 7.34098759 ], [ 134.52518416, 7.34098759 ], [ 134.52518416, 7.34094267 ], [ 134.52513925, 7.34094267 ], [ 134.52495959, 7.34094267 ], [ 134.52495959, 7.34089775 ], [ 134.524914669999987, 7.34089775 ], [ 134.524914669999987, 7.34094267 ], [ 134.52486975, 7.34094267 ], [ 134.52486975, 7.34089775 ], [ 134.524779919999986, 7.34089775 ], [ 134.524779919999986, 7.34094267 ], [ 134.52473501, 7.34094267 ], [ 134.52473501, 7.34098759 ], [ 134.524779919999986, 7.34098759 ], [ 134.524779919999986, 7.34116725 ], [ 134.52482484, 7.34116725 ], [ 134.52482484, 7.34112233 ], [ 134.52486975, 7.34112233 ], [ 134.52486975, 7.34121216 ], [ 134.524914669999987, 7.34121216 ] ] ] } },
{ "type": "Feature", "properties": { "id": "geomorphic_data_verbose.fid-75f8f034_1a0c1004d45_-5649", "class_name": "Deep Lagoon", "area_sqkm": 2.4634528739377858e-05 }, "geometry": { "type": "Polygon", "coordinates": [ [ [ 134.52868759, 7.34008927 ], [ 134.52868759, 7.34004436 ], [ 134.52864268, 7.34004436 ], [ 134.52864268, 7.34008927 ], [ 134.52868759, 7.34008927 ] ] ] } },
{ "type": "Feature", "properties": { "id": "geomorphic_data_verbose.fid-75f8f034_1a0c1004d45_-53b8", "class_name": "Deep Lagoon", "area_sqkm": 0.00039415212306706234 }, "geometry": { "type": "Polygon", "coordinates": [ [ [ 134.52810369, 7.34058334 ], [ 134.52810369, 7.34049351 ], [ 134.52819352, 7.34049351 ], [ 134.52819352, 7.34035877 ], [ 134.5281486, 7.34035877 ], [ 134.5281486, 7.34031385 ], [ 134.52810369, 7.34031385 ], [ 134.52810369, 7.34040368 ], [ 134.528013859999987, 7.34040368 ], [ 134.528013859999987, 7.34049351 ], [ 134.52792403, 7.34049351 ], [ 134.52792403, 7.34053843 ], [ 134.528013859999987, 7.34053843 ], [ 134.52805877, 7.34053843 ], [ 134.52805877, 7.34058334 ], [ 134.52810369, 7.34058334 ] ] ] } },
{ "type": "Feature", "properties": { "id": "geomorphic_data_verbose.fid-75f8f034_1a0c1004d45_-5c68", "class_name": "Deep Lagoon", "area_sqkm": 9.8537968382705007e-05 }, "geometry": { "type": "Polygon", "coordinates": [ [ [ 134.52841810000001, 7.34080792 ], [ 134.52841810000001, 7.34067318 ], [ 134.528373179999988, 7.34067318 ], [ 134.528373179999988, 7.34076301 ], [ 134.52832827, 7.34076301 ], [ 134.52832827, 7.34080792 ], [ 134.52841810000001, 7.34080792 ] ] ] } },
{ "type": "Feature", "properties": { "id": "geomorphic_data_verbose.fid-75f8f034_1a0c1004d45_-53bd", "class_name": "Deep Lagoon", "area_sqkm": 2.4634477857034654e-05 }, "geometry": { "type": "Polygon", "coordinates": [ [ [ 134.52864268, 7.3410325 ], [ 134.52864268, 7.34098759 ], [ 134.52859776, 7.34098759 ], [ 134.52859776, 7.3410325 ], [ 134.52864268, 7.3410325 ] ] ] } },
{ "type": "Feature", "properties": { "id": "geomorphic_data_verbose.fid-75f8f034_1a0c1004d45_-53be", "class_name": "Deep Lagoon", "area_sqkm": 0.00012317236760444938 }, "geometry": { "type": "Polygon", "coordinates": [ [ [ 134.527385040000013, 7.34116725 ], [ 134.527385040000013, 7.3410325 ], [ 134.52734012, 7.3410325 ], [ 134.5272952, 7.3410325 ], [ 134.5272952, 7.34112233 ], [ 134.52734012, 7.34112233 ], [ 134.52734012, 7.34116725 ], [ 134.527385040000013, 7.34116725 ] ] ] } },
{ "type": "Feature", "properties": { "id": "geomorphic_data_verbose.fid-75f8f034_1a0c1004d45_-564a", "class_name": "Deep Lagoon", "area_sqkm": 4.9268938787747176e-05 }, "geometry": { "type": "Polygon", "coordinates": [ [ [ 134.52760962, 7.34121216 ], [ 134.52760962, 7.34112233 ], [ 134.5275647, 7.34112233 ], [ 134.5275647, 7.34121216 ], [ 134.52760962, 7.34121216 ] ] ] } },
{ "type": "Feature", "properties": { "id": "geomorphic_data_verbose.fid-75f8f034_1a0c1004d45_-53b9", "class_name": "Deep Lagoon", "area_sqkm": 0.00014780668906867503 }, "geometry": { "type": "Polygon", "coordinates": [ [ [ 134.52765453, 7.34166132 ], [ 134.52765453, 7.34157149 ], [ 134.52769945, 7.34157149 ], [ 134.52769945, 7.34148166 ], [ 134.52760962, 7.34148166 ], [ 134.52760962, 7.34166132 ], [ 134.52765453, 7.34166132 ] ] ] } },
{ "type": "Feature", "properties": { "id": "geomorphic_data_verbose.fid-75f8f034_1a0c1004d45_-59b4", "class_name": "Deep Lagoon", "area_sqkm": 0.003547360444113612 }, "geometry": { "type": "Polygon", "coordinates": [ [ [ 134.52693588, 7.34206556 ], [ 134.52693588, 7.34202065 ], [ 134.52702571, 7.34202065 ], [ 134.52702571, 7.34197573 ], [ 134.527115540000011, 7.34197573 ], [ 134.527115540000011, 7.34193082 ], [ 134.52720537, 7.34193082 ], [ 134.52720537, 7.34184099 ], [ 134.527385040000013, 7.34184099 ], [ 134.527385040000013, 7.34175115 ], [ 134.52751978, 7.34175115 ], [ 134.52751978, 7.34170624 ], [ 134.5275647, 7.34170624 ], [ 134.5275647, 7.34166132 ], [ 134.52751978, 7.34166132 ], [ 134.52747487, 7.34166132 ], [ 134.52747487, 7.34161641 ], [ 134.52742995, 7.34161641 ], [ 134.527385040000013, 7.34161641 ], [ 134.527385040000013, 7.34157149 ], [ 134.52742995, 7.34157149 ], [ 134.52742995, 7.34152658 ], [ 134.52747487, 7.34152658 ], [ 134.52747487, 7.34148166 ], [ 134.52760962, 7.34148166 ], [ 134.52760962, 7.34139183 ], [ 134.5275647, 7.34139183 ], [ 134.52747487, 7.34139183 ], [ 134.52747487, 7.34121216 ], [ 134.52742995, 7.34121216 ], [ 134.527385040000013, 7.34121216 ], [ 134.527385040000013, 7.34134691 ], [ 134.52734012, 7.34134691 ], [ 134.52734012, 7.341302 ], [ 134.5272952, 7.341302 ], [ 134.5272952, 7.34125708 ], [ 134.52734012, 7.34125708 ], [ 134.52734012, 7.34121216 ], [ 134.52707063, 7.34121216 ], [ 134.52707063, 7.34139183 ], [ 134.52698079000001, 7.34139183 ], [ 134.52698079000001, 7.341302 ], [ 134.52693588, 7.341302 ], [ 134.52693588, 7.34139183 ], [ 134.526846049999989, 7.34139183 ], [ 134.526846049999989, 7.34157149 ], [ 134.52689096, 7.34157149 ], [ 134.52689096, 7.34152658 ], [ 134.52693588, 7.34152658 ], [ 134.52693588, 7.34148166 ], [ 134.52702571, 7.34148166 ], [ 134.52702571, 7.34152658 ], [ 134.52707063, 7.34152658 ], [ 134.527115540000011, 7.34152658 ], [ 134.527115540000011, 7.34157149 ], [ 134.52716046, 7.34157149 ], [ 134.52720537, 7.34157149 ], [ 134.52720537, 7.34166132 ], [ 134.527250290000012, 7.34166132 ], [ 134.527250290000012, 7.34179607 ], [ 134.52720537, 7.34179607 ], [ 134.52720537, 7.34175115 ], [ 134.52716046, 7.34175115 ], [ 134.527115540000011, 7.34175115 ], [ 134.527115540000011, 7.34170624 ], [ 134.52716046, 7.34170624 ], [ 134.52716046, 7.34166132 ], [ 134.527115540000011, 7.34166132 ], [ 134.527115540000011, 7.34161641 ], [ 134.52702571, 7.34161641 ], [ 134.52702571, 7.34166132 ], [ 134.52693588, 7.34166132 ], [ 134.52693588, 7.34170624 ], [ 134.52698079000001, 7.34170624 ], [ 134.52698079000001, 7.34175115 ], [ 134.52702571, 7.34175115 ], [ 134.52702571, 7.34179607 ], [ 134.52707063, 7.34179607 ], [ 134.52707063, 7.34184099 ], [ 134.52693588, 7.34184099 ], [ 134.52693588, 7.34197573 ], [ 134.52689096, 7.34197573 ], [ 134.52689096, 7.34206556 ], [ 134.52693588, 7.34206556 ] ], [ [ 134.52720537, 7.34152658 ], [ 134.527250290000012, 7.34152658 ], [ 134.527250290000012, 7.34148166 ], [ 134.5272952, 7.34148166 ], [ 134.52734012, 7.34148166 ], [ 134.52734012, 7.34157149 ], [ 134.5272952, 7.34157149 ], [ 134.5272952, 7.34161641 ], [ 134.527250290000012, 7.34161641 ], [ 134.527250290000012, 7.34157149 ], [ 134.52720537, 7.34157149 ], [ 134.52720537, 7.34152658 ] ], [ [ 134.52734012, 7.34139183 ], [ 134.52742995, 7.34139183 ], [ 134.52742995, 7.34148166 ], [ 134.52734012, 7.34148166 ], [ 134.52734012, 7.34139183 ] ], [ [ 134.5272952, 7.34166132 ], [ 134.52734012, 7.34166132 ], [ 134.52734012, 7.34170624 ], [ 134.5272952, 7.34170624 ], [ 134.5272952, 7.34166132 ] ] ] } },
{ "type": "Feature", "properties": { "id": "geomorphic_data_verbose.fid-75f8f034_1a0c1004d45_-53ba", "class_name": "Deep Lagoon", "area_sqkm": 7.3903320957906547e-05 }, "geometry": { "type": "Polygon", "coordinates": [ [ [ 134.526846049999989, 7.34175115 ], [ 134.526846049999989, 7.34170624 ], [ 134.52680113, 7.34170624 ], [ 134.52680113, 7.34166132 ], [ 134.52675622000001, 7.34166132 ], [ 134.52675622000001, 7.34175115 ], [ 134.526846049999989, 7.34175115 ] ] ] } },
{ "type": "Feature", "properties": { "id": "geomorphic_data_verbose.fid-75f8f034_1a0c1004d45_-520c", "class_name": "Deep Lagoon", "area_sqkm": 2.4634434251114727e-05 }, "geometry": { "type": "Polygon", "coordinates": [ [ [ 134.52689096, 7.34184099 ], [ 134.52689096, 7.34179607 ], [ 134.526846049999989, 7.34179607 ], [ 134.526846049999989, 7.34184099 ], [ 134.52689096, 7.34184099 ] ] ] } },
{ "type": "Feature", "properties": { "id": "geomorphic_data_verbose.fid-75f8f034_1a0c1004d45_-59ae", "class_name": "Deep Lagoon", "area_sqkm": 0.00019707638483913617 }, "geometry": { "type": "Polygon", "coordinates": [ [ [ 134.52940625, 7.33981978 ], [ 134.52940625, 7.33977486 ], [ 134.52945116, 7.33977486 ], [ 134.52945116, 7.33964011 ], [ 134.52940625, 7.33964011 ], [ 134.52940625, 7.3395952 ], [ 134.52936133, 7.3395952 ], [ 134.52936133, 7.33981978 ], [ 134.52940625, 7.33981978 ] ] ] } },
{ "type": "Feature", "properties": { "id": "geomorphic_data_verbose.fid-75f8f034_1a0c1004d45_-53b6", "class_name": "Deep Lagoon", "area_sqkm": 0.0019953976153666152 }, "geometry": { "type": "Polygon", "coordinates": [ [ [ 134.53003507, 7.34031385 ], [ 134.53003507, 7.34026893 ], [ 134.530079980000011, 7.34026893 ], [ 134.530079980000011, 7.34013419 ], [ 134.53003507, 7.34013419 ], [ 134.52999015, 7.34013419 ], [ 134.52999015, 7.34004436 ], [ 134.52994523000001, 7.34004436 ], [ 134.52994523000001, 7.33990961 ], [ 134.52990032, 7.33990961 ], [ 134.52990032, 7.33986469 ], [ 134.5298554, 7.33986469 ], [ 134.5298554, 7.33968503 ], [ 134.529810489999988, 7.33968503 ], [ 134.529810489999988, 7.3395952 ], [ 134.52976557, 7.3395952 ], [ 134.52976557, 7.33955028 ], [ 134.52972066000001, 7.33955028 ], [ 134.52972066000001, 7.33950537 ], [ 134.52963082, 7.33950537 ], [ 134.52963082, 7.3395952 ], [ 134.529675739999988, 7.3395952 ], [ 134.529675739999988, 7.33968503 ], [ 134.52958591, 7.33968503 ], [ 134.52958591, 7.33977486 ], [ 134.52949608, 7.33977486 ], [ 134.52949608, 7.33981978 ], [ 134.52945116, 7.33981978 ], [ 134.52945116, 7.33995452 ], [ 134.52949608, 7.33995452 ], [ 134.52949608, 7.33986469 ], [ 134.529540989999987, 7.33986469 ], [ 134.529540989999987, 7.33995452 ], [ 134.52958591, 7.33995452 ], [ 134.52958591, 7.33990961 ], [ 134.52963082, 7.33990961 ], [ 134.52963082, 7.33995452 ], [ 134.529675739999988, 7.33995452 ], [ 134.529675739999988, 7.33999944 ], [ 134.52972066000001, 7.33999944 ], [ 134.52976557, 7.33999944 ], [ 134.52976557, 7.34004436 ], [ 134.529810489999988, 7.34004436 ], [ 134.5298554, 7.34004436 ], [ 134.5298554, 7.34013419 ], [ 134.52990032, 7.34013419 ], [ 134.52990032, 7.3401791 ], [ 134.52994523000001, 7.3401791 ], [ 134.52994523000001, 7.34022402 ], [ 134.52999015, 7.34022402 ], [ 134.52999015, 7.34031385 ], [ 134.53003507, 7.34031385 ] ], [ [ 134.52972066000001, 7.33968503 ], [ 134.52972066000001, 7.33972994 ], [ 134.529675739999988, 7.33972994 ], [ 134.529675739999988, 7.33968503 ], [ 134.52972066000001, 7.33968503 ] ], [ [ 134.529675739999988, 7.33981978 ], [ 134.52972066000001, 7.33981978 ], [ 134.52972066000001, 7.33986469 ], [ 134.529675739999988, 7.33986469 ], [ 134.529675739999988, 7.33981978 ] ], [ [ 134.52976557, 7.33990961 ], [ 134.529810489999988, 7.33990961 ], [ 134.529810489999988, 7.33995452 ], [ 134.52976557, 7.33995452 ], [ 134.52976557, 7.33990961 ] ] ] } },
{ "type": "Feature", "properties": { "id": "geomorphic_data_verbose.fid-75f8f034_1a0c1004d45_-5215", "class_name": "Deep Lagoon", "area_sqkm": 2.4634526299778371e-05 }, "geometry": { "type": "Polygon", "coordinates": [ [ [ 134.52940625, 7.34013419 ], [ 134.52940625, 7.34008927 ], [ 134.52936133, 7.34008927 ], [ 134.52936133, 7.34013419 ], [ 134.52940625, 7.34013419 ] ] ] } },
{ "type": "Feature", "properties": { "id": "geomorphic_data_verbose.fid-75f8f034_1a0c1004d45_-5216", "class_name": "Deep Lagoon", "area_sqkm": 2.463452389650047e-05 }, "geometry": { "type": "Polygon", "coordinates": [ [ [ 134.52909184, 7.3401791 ], [ 134.52909184, 7.34013419 ], [ 134.529046920000013, 7.34013419 ], [ 134.529046920000013, 7.3401791 ], [ 134.52909184, 7.3401791 ] ] ] } },
{ "type": "Feature", "properties": { "id": "geomorphic_data_verbose.fid-75f8f034_1a0c1004d45_-59c2", "class_name": "Deep Lagoon", "area_sqkm": 0.00029561418840661646 }, "geometry": { "type": "Polygon", "coordinates": [ [ [ 134.52922658, 7.34040368 ], [ 134.52922658, 7.34026893 ], [ 134.5292715, 7.34026893 ], [ 134.5292715, 7.34022402 ], [ 134.52922658, 7.34022402 ], [ 134.52909184, 7.34022402 ], [ 134.52909184, 7.34035877 ], [ 134.52913675, 7.34035877 ], [ 134.52913675, 7.34040368 ], [ 134.52922658, 7.34040368 ] ] ] } },
{ "type": "Feature", "properties": { "id": "geomorphic_data_verbose.fid-75f8f034_1a0c1004d45_-59b0", "class_name": "Deep Lagoon", "area_sqkm": 0.0026112575354035944 }, "geometry": { "type": "Polygon", "coordinates": [ [ [ 134.529540989999987, 7.34094267 ], [ 134.529540989999987, 7.34089775 ], [ 134.52958591, 7.34089775 ], [ 134.52958591, 7.34094267 ], [ 134.52972066000001, 7.34094267 ], [ 134.52972066000001, 7.34080792 ], [ 134.529675739999988, 7.34080792 ], [ 134.529675739999988, 7.34071809 ], [ 134.52963082, 7.34071809 ], [ 134.52963082, 7.34062826 ], [ 134.52972066000001, 7.34062826 ], [ 134.52972066000001, 7.34058334 ], [ 134.52976557, 7.34058334 ], [ 134.52976557, 7.34053843 ], [ 134.52972066000001, 7.34053843 ], [ 134.52972066000001, 7.34049351 ], [ 134.529675739999988, 7.34049351 ], [ 134.529675739999988, 7.3404486 ], [ 134.52963082, 7.3404486 ], [ 134.52963082, 7.34035877 ], [ 134.52958591, 7.34035877 ], [ 134.52958591, 7.34026893 ], [ 134.529540989999987, 7.34026893 ], [ 134.529540989999987, 7.34022402 ], [ 134.529675739999988, 7.34022402 ], [ 134.529675739999988, 7.34026893 ], [ 134.529810489999988, 7.34026893 ], [ 134.529810489999988, 7.34022402 ], [ 134.52976557, 7.34022402 ], [ 134.52972066000001, 7.34022402 ], [ 134.52972066000001, 7.34004436 ], [ 134.529675739999988, 7.34004436 ], [ 134.529675739999988, 7.33999944 ], [ 134.52958591, 7.33999944 ], [ 134.52958591, 7.34013419 ], [ 134.529540989999987, 7.34013419 ], [ 134.529540989999987, 7.3401791 ], [ 134.52949608, 7.3401791 ], [ 134.52949608, 7.34013419 ], [ 134.52945116, 7.34013419 ], [ 134.52945116, 7.34035877 ], [ 134.52940625, 7.34035877 ], [ 134.52940625, 7.34049351 ], [ 134.52945116, 7.34049351 ], [ 134.52949608, 7.34049351 ], [ 134.52949608, 7.34053843 ], [ 134.529540989999987, 7.34053843 ], [ 134.529540989999987, 7.34062826 ], [ 134.52945116, 7.34062826 ], [ 134.52945116, 7.34053843 ], [ 134.52940625, 7.34053843 ], [ 134.52940625, 7.34058334 ], [ 134.52922658, 7.34058334 ], [ 134.52922658, 7.34053843 ], [ 134.529181670000014, 7.34053843 ], [ 134.529181670000014, 7.34058334 ], [ 134.52913675, 7.34058334 ], [ 134.52913675, 7.34062826 ], [ 134.52909184, 7.34062826 ], [ 134.52909184, 7.34067318 ], [ 134.52922658, 7.34067318 ], [ 134.5292715, 7.34067318 ], [ 134.5292715, 7.34076301 ], [ 134.52931641, 7.34076301 ], [ 134.52931641, 7.34067318 ], [ 134.52949608, 7.34067318 ], [ 134.52949608, 7.34071809 ], [ 134.529540989999987, 7.34071809 ], [ 134.529540989999987, 7.34076301 ], [ 134.52958591, 7.34076301 ], [ 134.52958591, 7.34080792 ], [ 134.52949608, 7.34080792 ], [ 134.52949608, 7.34089775 ], [ 134.52945116, 7.34089775 ], [ 134.52945116, 7.34094267 ], [ 134.529540989999987, 7.34094267 ] ] ] } },
{ "type": "Feature", "properties": { "id": "geomorphic_data_verbose.fid-75f8f034_1a0c1004d45_-59bd", "class_name": "Deep Lagoon", "area_sqkm": 2.4634487545117737e-05 }, "geometry": { "type": "Polygon", "coordinates": [ [ [ 134.52940625, 7.34085284 ], [ 134.52940625, 7.34080792 ], [ 134.52936133, 7.34080792 ], [ 134.52936133, 7.34085284 ], [ 134.52940625, 7.34085284 ] ] ] } },
{ "type": "Feature", "properties": { "id": "geomorphic_data_verbose.fid-75f8f034_1a0c1004d45_-59bf", "class_name": "Deep Lagoon", "area_sqkm": 4.9268853962421417e-05 }, "geometry": { "type": "Polygon", "coordinates": [ [ [ 134.52963082, 7.34197573 ], [ 134.52963082, 7.34193082 ], [ 134.529540989999987, 7.34193082 ], [ 134.529540989999987, 7.34197573 ], [ 134.52963082, 7.34197573 ] ] ] } },
{ "type": "Feature", "properties": { "id": "geomorphic_data_verbose.fid-75f8f034_1a0c1004d45_-55a5", "class_name": "Deep Lagoon", "area_sqkm": 0.0026112475683488885 }, "geometry": { "type": "Polygon", "coordinates": [ [ [ 134.52963082, 7.34260455 ], [ 134.529675739999988, 7.34260455 ], [ 134.529675739999988, 7.34255964 ], [ 134.52972066000001, 7.34255964 ], [ 134.52972066000001, 7.34246981 ], [ 134.529810489999988, 7.34246981 ], [ 134.529810489999988, 7.34251472 ], [ 134.5298554, 7.34251472 ], [ 134.5298554, 7.34242489 ], [ 134.52990032, 7.34242489 ], [ 134.52990032, 7.34237997 ], [ 134.5298554, 7.34237997 ], [ 134.52963082, 7.34237997 ], [ 134.52963082, 7.34233506 ], [ 134.529675739999988, 7.34233506 ], [ 134.529675739999988, 7.34229014 ], [ 134.52972066000001, 7.34229014 ], [ 134.52972066000001, 7.34224523 ], [ 134.529675739999988, 7.34224523 ], [ 134.52958591, 7.34224523 ], [ 134.52958591, 7.3421554 ], [ 134.52963082, 7.3421554 ], [ 134.52963082, 7.34220031 ], [ 134.52972066000001, 7.34220031 ], [ 134.52972066000001, 7.34211048 ], [ 134.52976557, 7.34211048 ], [ 134.52976557, 7.34206556 ], [ 134.5298554, 7.34206556 ], [ 134.5298554, 7.34211048 ], [ 134.52994523000001, 7.34211048 ], [ 134.52994523000001, 7.34206556 ], [ 134.52999015, 7.34206556 ], [ 134.52999015, 7.34202065 ], [ 134.52994523000001, 7.34202065 ], [ 134.52994523000001, 7.34193082 ], [ 134.52999015, 7.34193082 ], [ 134.52999015, 7.34179607 ], [ 134.52994523000001, 7.34179607 ], [ 134.52994523000001, 7.34184099 ], [ 134.52990032, 7.34184099 ], [ 134.52990032, 7.3418859 ], [ 134.5298554, 7.3418859 ], [ 134.5298554, 7.34179607 ], [ 134.529810489999988, 7.34179607 ], [ 134.52972066000001, 7.34179607 ], [ 134.52972066000001, 7.34184099 ], [ 134.52963082, 7.34184099 ], [ 134.52963082, 7.34193082 ], [ 134.529675739999988, 7.34193082 ], [ 134.52972066000001, 7.34193082 ], [ 134.52972066000001, 7.34197573 ], [ 134.529675739999988, 7.34197573 ], [ 134.529675739999988, 7.34202065 ], [ 134.52972066000001, 7.34202065 ], [ 134.52972066000001, 7.34206556 ], [ 134.529675739999988, 7.34206556 ], [ 134.529675739999988, 7.34211048 ], [ 134.52963082, 7.34211048 ], [ 134.52963082, 7.34202065 ], [ 134.52958591, 7.34202065 ], [ 134.52958591, 7.34206556 ], [ 134.529540989999987, 7.34206556 ], [ 134.529540989999987, 7.34211048 ], [ 134.52949608, 7.34211048 ], [ 134.52949608, 7.3421554 ], [ 134.529540989999987, 7.3421554 ], [ 134.529540989999987, 7.34220031 ], [ 134.52945116, 7.34220031 ], [ 134.52945116, 7.34237997 ], [ 134.52949608, 7.34237997 ], [ 134.52949608, 7.34246981 ], [ 134.52940625, 7.34246981 ], [ 134.52940625, 7.34260455 ], [ 134.52945116, 7.34260455 ], [ 134.52945116, 7.34264947 ], [ 134.52949608, 7.34264947 ], [ 134.529540989999987, 7.34264947 ], [ 134.529540989999987, 7.34269439 ], [ 134.52963082, 7.34269439 ], [ 134.52963082, 7.34260455 ] ], [ [ 134.52958591, 7.34233506 ], [ 134.529540989999987, 7.34233506 ], [ 134.529540989999987, 7.34224523 ], [ 134.52958591, 7.34224523 ], [ 134.52958591, 7.34233506 ] ], [ [ 134.5298554, 7.34193082 ], [ 134.529810489999988, 7.34193082 ], [ 134.529810489999988, 7.34197573 ], [ 134.52976557, 7.34197573 ], [ 134.52976557, 7.3418859 ], [ 134.5298554, 7.3418859 ], [ 134.5298554, 7.34193082 ] ], [ [ 134.52963082, 7.34251472 ], [ 134.52963082, 7.34255964 ], [ 134.52958591, 7.34255964 ], [ 134.52958591, 7.34251472 ], [ 134.52963082, 7.34251472 ] ], [ [ 134.52990032, 7.34197573 ], [ 134.52990032, 7.34202065 ], [ 134.5298554, 7.34202065 ], [ 134.5298554, 7.34197573 ], [ 134.52990032, 7.34197573 ] ] ] } },
{ "type": "Feature", "properties": { "id": "geomorphic_data_verbose.fid-75f8f034_1a0c1004d45_-564d", "class_name": "Deep Lagoon", "area_sqkm": 2.4634405191987752e-05 }, "geometry": { "type": "Polygon", "coordinates": [ [ [ 134.530214730000012, 7.34237997 ], [ 134.530214730000012, 7.34233506 ], [ 134.53016981, 7.34233506 ], [ 134.53016981, 7.34237997 ], [ 134.530214730000012, 7.34237997 ] ] ] } },
{ "type": "Feature", "properties": { "id": "geomorphic_data_verbose.fid-75f8f034_1a0c1004d45_-59c8", "class_name": "Deep Lagoon", "area_sqkm": 7.390341904759407e-05 }, "geometry": { "type": "Polygon", "coordinates": [ [ [ 134.52549857, 7.34112233 ], [ 134.52549857, 7.34107742 ], [ 134.52536383, 7.34107742 ], [ 134.52536383, 7.34112233 ], [ 134.52549857, 7.34112233 ] ] ] } },
{ "type": "Feature", "properties": { "id": "geomorphic_data_verbose.fid-75f8f034_1a0c1004d45_-59bc", "class_name": "Deep Lagoon", "area_sqkm": 0.00059122731743194168 }, "geometry": { "type": "Polygon", "coordinates": [ [ [ 134.52370194, 7.34121216 ], [ 134.52370194, 7.34112233 ], [ 134.523746859999989, 7.34112233 ], [ 134.523746859999989, 7.34107742 ], [ 134.52379178000001, 7.34107742 ], [ 134.52379178000001, 7.34112233 ], [ 134.52383669, 7.34112233 ], [ 134.52383669, 7.34107742 ], [ 134.523881609999989, 7.34107742 ], [ 134.523881609999989, 7.3410325 ], [ 134.523612109999988, 7.3410325 ], [ 134.523612109999988, 7.34112233 ], [ 134.52338753, 7.34112233 ], [ 134.52338753, 7.34121216 ], [ 134.52370194, 7.34121216 ] ] ] } },
{ "type": "Feature", "properties": { "id": "geomorphic_data_verbose.fid-75f8f034_1a0c1004d45_-59bb", "class_name": "Deep Lagoon", "area_sqkm": 2.463446810375899e-05 }, "geometry": { "type": "Polygon", "coordinates": [ [ [ 134.525049419999988, 7.34121216 ], [ 134.525049419999988, 7.34116725 ], [ 134.5250045, 7.34116725 ], [ 134.5250045, 7.34121216 ], [ 134.525049419999988, 7.34121216 ] ] ] } },
{ "type": "Feature", "properties": { "id": "geomorphic_data_verbose.fid-75f8f034_1a0c1004d45_-59b5", "class_name": "Deep Lagoon", "area_sqkm": 2.4634463338647037e-05 }, "geometry": { "type": "Polygon", "coordinates": [ [ [ 134.524914669999987, 7.341302 ], [ 134.524914669999987, 7.34125708 ], [ 134.52486975, 7.34125708 ], [ 134.52486975, 7.341302 ], [ 134.524914669999987, 7.341302 ] ] ] } },
{ "type": "Feature", "properties": { "id": "geomorphic_data_verbose.fid-75f8f034_1a0c1004d45_-520d", "class_name": "Deep Lagoon", "area_sqkm": 0.00034488193657621741 }, "geometry": { "type": "Polygon", "coordinates": [ [ [ 134.526711299999988, 7.34220031 ], [ 134.526711299999988, 7.34211048 ], [ 134.52675622000001, 7.34211048 ], [ 134.52675622000001, 7.34206556 ], [ 134.52680113, 7.34206556 ], [ 134.52680113, 7.34197573 ], [ 134.526846049999989, 7.34197573 ], [ 134.526846049999989, 7.34184099 ], [ 134.52675622000001, 7.34184099 ], [ 134.52675622000001, 7.34202065 ], [ 134.52666638, 7.34202065 ], [ 134.52666638, 7.34220031 ], [ 134.526711299999988, 7.34220031 ] ] ] } },
{ "type": "Feature", "properties": { "id": "geomorphic_data_verbose.fid-75f8f034_1a0c1004d45_-59cc", "class_name": "Deep Lagoon", "area_sqkm": 0.00032024733769660816 }, "geometry": { "type": "Polygon", "coordinates": [ [ [ 134.52680113, 7.34237997 ], [ 134.52680113, 7.34233506 ], [ 134.52693588, 7.34233506 ], [ 134.52693588, 7.34224523 ], [ 134.52689096, 7.34224523 ], [ 134.52689096, 7.34211048 ], [ 134.526846049999989, 7.34211048 ], [ 134.526846049999989, 7.34220031 ], [ 134.52680113, 7.34220031 ], [ 134.52680113, 7.34224523 ], [ 134.52675622000001, 7.34224523 ], [ 134.52675622000001, 7.342366500249706 ], [ 134.526796424802569, 7.34237997 ], [ 134.52680113, 7.34237997 ] ] ] } },
{ "type": "Feature", "properties": { "id": "geomorphic_data_verbose.fid-75f8f034_1a0c1004d45_-59be", "class_name": "Terrestrial Reef Flat", "area_sqkm": 0.022959243454072624 }, "geometry": { "type": "Polygon", "coordinates": [ [ [ 134.52882234, 7.34287405 ], [ 134.52886726, 7.34287405 ], [ 134.52886726, 7.34246981 ], [ 134.52882234, 7.34246981 ], [ 134.528507929999989, 7.34246981 ], [ 134.528507929999989, 7.34242489 ], [ 134.52846301, 7.34242489 ], [ 134.52846301, 7.34237997 ], [ 134.52841810000001, 7.34237997 ], [ 134.528373179999988, 7.34237997 ], [ 134.528373179999988, 7.34233506 ], [ 134.52832827, 7.34233506 ], [ 134.52828335, 7.34233506 ], [ 134.52828335, 7.34229014 ], [ 134.52823844, 7.34229014 ], [ 134.52823844, 7.34224523 ], [ 134.52819352, 7.34224523 ], [ 134.52819352, 7.34220031 ], [ 134.5281486, 7.34220031 ], [ 134.5281486, 7.34184099 ], [ 134.52810369, 7.34184099 ], [ 134.52810369, 7.34175115 ], [ 134.52805877, 7.34175115 ], [ 134.52805877, 7.34152658 ], [ 134.528013859999987, 7.34152658 ], [ 134.528013859999987, 7.34134691 ], [ 134.52796894, 7.34134691 ], [ 134.52796894, 7.34139183 ], [ 134.52792403, 7.34139183 ], [ 134.52792403, 7.34152658 ], [ 134.527879109999986, 7.34152658 ], [ 134.527879109999986, 7.34166132 ], [ 134.52783419, 7.34166132 ], [ 134.52783419, 7.34184099 ], [ 134.52778928, 7.34184099 ], [ 134.52778928, 7.3418859 ], [ 134.527744360000014, 7.3418859 ], [ 134.527744360000014, 7.34193082 ], [ 134.52769945, 7.34193082 ], [ 134.52769945, 7.34197573 ], [ 134.52765453, 7.34197573 ], [ 134.52765453, 7.34202065 ], [ 134.52751978, 7.34202065 ], [ 134.52751978, 7.34206556 ], [ 134.52747487, 7.34206556 ], [ 134.52747487, 7.34211048 ], [ 134.52742995, 7.34211048 ], [ 134.52742995, 7.34224523 ], [ 134.52747487, 7.34224523 ], [ 134.52747487, 7.34229014 ], [ 134.52751978, 7.34229014 ], [ 134.52751978, 7.34233506 ], [ 134.5275647, 7.34233506 ], [ 134.5275647, 7.34255964 ], [ 134.52760962, 7.34255964 ], [ 134.52760962, 7.342652413478262 ], [ 134.52882234, 7.343058709108149 ], [ 134.52882234, 7.34287405 ] ] ] } },
{ "type": "Feature", "properties": { "id": "geomorphic_data_verbose.fid-75f8f034_1a0c1004d45_-53bc", "class_name": "Deep Lagoon", "area_sqkm": 0.0017736758878487162 }, "geometry": { "type": "Polygon", "coordinates": [ [ [ 134.527115540000011, 7.34246981 ], [ 134.52716046, 7.34246981 ], [ 134.52716046, 7.34237997 ], [ 134.527115540000011, 7.34237997 ], [ 134.527115540000011, 7.34229014 ], [ 134.52707063, 7.34229014 ], [ 134.52702571, 7.34229014 ], [ 134.52702571, 7.34233506 ], [ 134.52707063, 7.34233506 ], [ 134.52707063, 7.34237997 ], [ 134.52702571, 7.34237997 ], [ 134.52702571, 7.342456787050694 ], [ 134.527115540000011, 7.342486882651027 ], [ 134.527115540000011, 7.34246981 ] ] ] } },
{ "type": "Feature", "properties": { "id": "geomorphic_data_verbose.fid-75f8f034_1a0c1004d45_-59b3", "class_name": "Deep Lagoon", "area_sqkm": 0.043528890913735144 }, "geometry": { "type": "MultiPolygon", "coordinates": [ [ [ [ 134.5301249, 7.34336812 ], [ 134.53016981, 7.34336812 ], [ 134.53016981, 7.34332321 ], [ 134.530214730000012, 7.34332321 ], [ 134.530214730000012, 7.34327829 ], [ 134.53016981, 7.34327829 ], [ 134.53016981, 7.34323337 ], [ 134.530214730000012, 7.34323337 ], [ 134.530214730000012, 7.34318846 ], [ 134.53016981, 7.34318846 ], [ 134.53016981, 7.34305371 ], [ 134.530214730000012, 7.34305371 ], [ 134.530214730000012, 7.34291896 ], [ 134.53016981, 7.34291896 ], [ 134.53016981, 7.34260455 ], [ 134.5301249, 7.34260455 ], [ 134.5301249, 7.34251472 ], [ 134.530079980000011, 7.34251472 ], [ 134.530079980000011, 7.34233506 ], [ 134.5301249, 7.34233506 ], [ 134.5301249, 7.34229014 ], [ 134.52999015, 7.34229014 ], [ 134.52999015, 7.34237997 ], [ 134.52994523000001, 7.34237997 ], [ 134.52994523000001, 7.34255964 ], [ 134.52990032, 7.34255964 ], [ 134.52990032, 7.34282913 ], [ 134.5298554, 7.34282913 ], [ 134.5298554, 7.34287405 ], [ 134.52994523000001, 7.34287405 ], [ 134.52994523000001, 7.34305371 ], [ 134.52990032, 7.34305371 ], [ 134.52990032, 7.34309863 ], [ 134.5298554, 7.34309863 ], [ 134.5298554, 7.34314354 ], [ 134.52994523000001, 7.34314354 ], [ 134.52994523000001, 7.34323337 ], [ 134.53003507, 7.34323337 ], [ 134.53003507, 7.34332321 ], [ 134.52999015, 7.34332321 ], [ 134.52999015, 7.343449958613009 ], [ 134.5301249, 7.343495103688646 ], [ 134.5301249, 7.34336812 ] ], [ [ 134.53003507, 7.3430088 ], [ 134.52999015, 7.3430088 ], [ 134.52999015, 7.34296388 ], [ 134.53003507, 7.34296388 ], [ 134.53003507, 7.3430088 ] ], [ [ 134.53003507, 7.34318846 ], [ 134.52999015, 7.34318846 ], [ 134.52999015, 7.34314354 ], [ 134.53003507, 7.34314354 ], [ 134.53003507, 7.34318846 ] ] ], [ [ [ 134.529181670000014, 7.3430088 ], [ 134.5292715, 7.3430088 ], [ 134.5292715, 7.34296388 ], [ 134.52922658, 7.34296388 ], [ 134.52922658, 7.34291896 ], [ 134.5292715, 7.34291896 ], [ 134.5292715, 7.34287405 ], [ 134.52936133, 7.34287405 ], [ 134.52936133, 7.34282913 ], [ 134.52940625, 7.34282913 ], [ 134.52940625, 7.34291896 ], [ 134.52945116, 7.34291896 ], [ 134.52945116, 7.34309863 ], [ 134.52949608, 7.34309863 ], [ 134.52949608, 7.34305371 ], [ 134.52958591, 7.34305371 ], [ 134.52958591, 7.34296388 ], [ 134.529540989999987, 7.34296388 ], [ 134.529540989999987, 7.34282913 ], [ 134.52949608, 7.34282913 ], [ 134.52949608, 7.34278422 ], [ 134.52945116, 7.34278422 ], [ 134.52945116, 7.3427393 ], [ 134.52940625, 7.3427393 ], [ 134.52940625, 7.34269439 ], [ 134.52936133, 7.34269439 ], [ 134.52936133, 7.3427393 ], [ 134.52931641, 7.3427393 ], [ 134.52931641, 7.34264947 ], [ 134.5292715, 7.34264947 ], [ 134.5292715, 7.34255964 ], [ 134.52936133, 7.34255964 ], [ 134.52936133, 7.34251472 ], [ 134.52913675, 7.34251472 ], [ 134.52913675, 7.34246981 ], [ 134.52909184, 7.34246981 ], [ 134.52909184, 7.34242489 ], [ 134.529002, 7.34242489 ], [ 134.529002, 7.34220031 ], [ 134.52886726, 7.34220031 ], [ 134.52886726, 7.34229014 ], [ 134.52882234, 7.34229014 ], [ 134.52882234, 7.34233506 ], [ 134.52877743, 7.34233506 ], [ 134.52877743, 7.34229014 ], [ 134.52873251, 7.34229014 ], [ 134.52873251, 7.34224523 ], [ 134.52877743, 7.34224523 ], [ 134.52877743, 7.3421554 ], [ 134.52873251, 7.3421554 ], [ 134.52873251, 7.34206556 ], [ 134.528552850000011, 7.34206556 ], [ 134.528552850000011, 7.3421554 ], [ 134.52859776, 7.3421554 ], [ 134.52859776, 7.34220031 ], [ 134.528507929999989, 7.34220031 ], [ 134.528507929999989, 7.3421554 ], [ 134.52828335, 7.3421554 ], [ 134.52828335, 7.34206556 ], [ 134.528373179999988, 7.34206556 ], [ 134.528373179999988, 7.34202065 ], [ 134.52832827, 7.34202065 ], [ 134.52832827, 7.34170624 ], [ 134.52828335, 7.34170624 ], [ 134.52828335, 7.34166132 ], [ 134.52823844, 7.34166132 ], [ 134.52823844, 7.34161641 ], [ 134.52819352, 7.34161641 ], [ 134.52819352, 7.34152658 ], [ 134.52823844, 7.34152658 ], [ 134.52823844, 7.34139183 ], [ 134.52810369, 7.34139183 ], [ 134.52810369, 7.34125708 ], [ 134.52805877, 7.34125708 ], [ 134.52805877, 7.34121216 ], [ 134.52828335, 7.34121216 ], [ 134.52828335, 7.34139183 ], [ 134.52846301, 7.34139183 ], [ 134.52846301, 7.341302 ], [ 134.528552850000011, 7.341302 ], [ 134.528552850000011, 7.34125708 ], [ 134.528507929999989, 7.34125708 ], [ 134.528507929999989, 7.34121216 ], [ 134.528552850000011, 7.34121216 ], [ 134.528552850000011, 7.3410325 ], [ 134.528507929999989, 7.3410325 ], [ 134.528507929999989, 7.34107742 ], [ 134.52846301, 7.34107742 ], [ 134.52846301, 7.3410325 ], [ 134.52841810000001, 7.3410325 ], [ 134.52841810000001, 7.34098759 ], [ 134.52832827, 7.34098759 ], [ 134.52832827, 7.34094267 ], [ 134.52819352, 7.34094267 ], [ 134.52819352, 7.34089775 ], [ 134.5281486, 7.34089775 ], [ 134.5281486, 7.34085284 ], [ 134.52810369, 7.34085284 ], [ 134.52810369, 7.34067318 ], [ 134.52796894, 7.34067318 ], [ 134.52796894, 7.34062826 ], [ 134.527879109999986, 7.34062826 ], [ 134.527879109999986, 7.34058334 ], [ 134.52783419, 7.34058334 ], [ 134.52783419, 7.34067318 ], [ 134.527879109999986, 7.34067318 ], [ 134.527879109999986, 7.34071809 ], [ 134.52796894, 7.34071809 ], [ 134.52796894, 7.34085284 ], [ 134.527879109999986, 7.34085284 ], [ 134.527879109999986, 7.34089775 ], [ 134.52783419, 7.34089775 ], [ 134.52783419, 7.34085284 ], [ 134.52778928, 7.34085284 ], [ 134.52778928, 7.34080792 ], [ 134.52769945, 7.34080792 ], [ 134.52769945, 7.34085284 ], [ 134.527744360000014, 7.34085284 ], [ 134.527744360000014, 7.34094267 ], [ 134.52783419, 7.34094267 ], [ 134.52783419, 7.34098759 ], [ 134.527879109999986, 7.34098759 ], [ 134.527879109999986, 7.34107742 ], [ 134.52778928, 7.34107742 ], [ 134.52778928, 7.3410325 ], [ 134.52765453, 7.3410325 ], [ 134.52765453, 7.341302 ], [ 134.527744360000014, 7.341302 ], [ 134.527744360000014, 7.34139183 ], [ 134.52778928, 7.34139183 ], [ 134.52778928, 7.34166132 ], [ 134.527744360000014, 7.34166132 ], [ 134.527744360000014, 7.34175115 ], [ 134.52769945, 7.34175115 ], [ 134.52769945, 7.34179607 ], [ 134.52765453, 7.34179607 ], [ 134.52765453, 7.3418859 ], [ 134.52751978, 7.3418859 ], [ 134.52751978, 7.34193082 ], [ 134.52747487, 7.34193082 ], [ 134.52747487, 7.34197573 ], [ 134.5272952, 7.34197573 ], [ 134.5272952, 7.3421554 ], [ 134.52734012, 7.3421554 ], [ 134.52734012, 7.34220031 ], [ 134.527385040000013, 7.34220031 ], [ 134.527385040000013, 7.34242489 ], [ 134.52734012, 7.34242489 ], [ 134.52734012, 7.34246981 ], [ 134.52742995, 7.34246981 ], [ 134.52742995, 7.34242489 ], [ 134.52751978, 7.34242489 ], [ 134.52751978, 7.342622314527652 ], [ 134.52760962, 7.342652413478262 ], [ 134.52760962, 7.34255964 ], [ 134.5275647, 7.34255964 ], [ 134.5275647, 7.34233506 ], [ 134.52751978, 7.34233506 ], [ 134.52751978, 7.34229014 ], [ 134.52747487, 7.34229014 ], [ 134.52747487, 7.34224523 ], [ 134.52742995, 7.34224523 ], [ 134.52742995, 7.34211048 ], [ 134.52747487, 7.34211048 ], [ 134.52747487, 7.34206556 ], [ 134.52751978, 7.34206556 ], [ 134.52751978, 7.34202065 ], [ 134.52765453, 7.34202065 ], [ 134.52765453, 7.34197573 ], [ 134.52769945, 7.34197573 ], [ 134.52769945, 7.34193082 ], [ 134.527744360000014, 7.34193082 ], [ 134.527744360000014, 7.3418859 ], [ 134.52778928, 7.3418859 ], [ 134.52778928, 7.34184099 ], [ 134.52783419, 7.34184099 ], [ 134.52783419, 7.34166132 ], [ 134.527879109999986, 7.34166132 ], [ 134.527879109999986, 7.34152658 ], [ 134.52792403, 7.34152658 ], [ 134.52792403, 7.34139183 ], [ 134.52796894, 7.34139183 ], [ 134.52796894, 7.34134691 ], [ 134.528013859999987, 7.34134691 ], [ 134.528013859999987, 7.34152658 ], [ 134.52805877, 7.34152658 ], [ 134.52805877, 7.34175115 ], [ 134.52810369, 7.34175115 ], [ 134.52810369, 7.34184099 ], [ 134.5281486, 7.34184099 ], [ 134.5281486, 7.34220031 ], [ 134.52819352, 7.34220031 ], [ 134.52819352, 7.34224523 ], [ 134.52823844, 7.34224523 ], [ 134.52823844, 7.34229014 ], [ 134.52828335, 7.34229014 ], [ 134.52828335, 7.34233506 ], [ 134.528373179999988, 7.34233506 ], [ 134.528373179999988, 7.34237997 ], [ 134.52846301, 7.34237997 ], [ 134.52846301, 7.34242489 ], [ 134.528507929999989, 7.34242489 ], [ 134.528507929999989, 7.34246981 ], [ 134.52886726, 7.34246981 ], [ 134.52886726, 7.34287405 ], [ 134.52882234, 7.34287405 ], [ 134.52882234, 7.343058709108149 ], [ 134.529181670000014, 7.343179094859758 ], [ 134.529181670000014, 7.3430088 ] ], [ [ 134.52909184, 7.3427393 ], [ 134.529046920000013, 7.3427393 ], [ 134.529046920000013, 7.34264947 ], [ 134.52909184, 7.34264947 ], [ 134.52909184, 7.3427393 ] ], [ [ 134.529002, 7.34264947 ], [ 134.529002, 7.34260455 ], [ 134.529046920000013, 7.34260455 ], [ 134.529046920000013, 7.34264947 ], [ 134.529002, 7.34264947 ] ], [ [ 134.52909184, 7.34309863 ], [ 134.529046920000013, 7.34309863 ], [ 134.529046920000013, 7.34305371 ], [ 134.52909184, 7.34305371 ], [ 134.52909184, 7.34309863 ] ], [ [ 134.52841810000001, 7.34116725 ], [ 134.52819352, 7.34116725 ], [ 134.52819352, 7.34112233 ], [ 134.52823844, 7.34112233 ], [ 134.52823844, 7.3410325 ], [ 134.52832827, 7.3410325 ], [ 134.52832827, 7.34107742 ], [ 134.52841810000001, 7.34107742 ], [ 134.52841810000001, 7.34116725 ] ], [ [ 134.52819352, 7.3410325 ], [ 134.52819352, 7.34098759 ], [ 134.52823844, 7.34098759 ], [ 134.52823844, 7.3410325 ], [ 134.52819352, 7.3410325 ] ] ] ] } },
{ "type": "Feature", "properties": { "id": "geomorphic_data_verbose.fid-75f8f034_1a0c1004d45_-53c9", "class_name": "Deep Lagoon", "area_sqkm": 2.4634366411715746e-05 }, "geometry": { "type": "Polygon", "coordinates": [ [ [ 134.52963082, 7.34309863 ], [ 134.52963082, 7.34305371 ], [ 134.52958591, 7.34305371 ], [ 134.52958591, 7.34309863 ], [ 134.52963082, 7.34309863 ] ] ] } },
{ "type": "Feature", "properties": { "id": "geomorphic_data_verbose.fid-75f8f034_1a0c1004d45_-5a90", "class_name": "Deep Lagoon", "area_sqkm": 4.9268682060297581e-05 }, "geometry": { "type": "Polygon", "coordinates": [ [ [ 134.53025965, 7.34350287 ], [ 134.530214730000012, 7.34350287 ], [ 134.530214730000012, 7.343525199288979 ], [ 134.53024858, 7.34353654 ], [ 134.53025965, 7.34353100908561 ], [ 134.53025965, 7.34350287 ] ] ] } },
{ "type": "Feature", "properties": { "id": "geomorphic_data_verbose.fid-75f8f034_1a0c1004d45_-59c1", "class_name": "Terrestrial Reef Flat", "area_sqkm": 0.18988031218737317 }, "geometry": { "type": "MultiPolygon", "coordinates": [ [ [ [ 134.53223594, 7.34246981 ], [ 134.53219102, 7.34246981 ], [ 134.53219102, 7.34242489 ], [ 134.532146110000014, 7.34242489 ], [ 134.532146110000014, 7.34246981 ], [ 134.53210119, 7.34246981 ], [ 134.53210119, 7.34255964 ], [ 134.53205628, 7.34255964 ], [ 134.53205628, 7.34260455 ], [ 134.532011360000013, 7.34260455 ], [ 134.532011360000013, 7.34264947 ], [ 134.53196644, 7.34264947 ], [ 134.53196644, 7.342678244011344 ], [ 134.53223594, 7.342543593475825 ], [ 134.53223594, 7.34246981 ] ] ], [ [ [ 134.53192153, 7.34269439 ], [ 134.53192153, 7.342700682436384 ], [ 134.531934124169055, 7.34269439 ], [ 134.53192153, 7.34269439 ] ] ] ] } }
]
}
