{
"type": "FeatureCollection",
"name": "M_QUAL",
"crs": { "type": "name", "properties": { "name": "urn:ogc:def:crs:OGC:1.3:CRS84" } },
"features": [
{ "type": "Feature", "properties": { "RCID": 5488, "PRIM": 3, "GRUP": 2, "OBJL": 308, "RVER": 1, "AGEN": 550, "FIDN": 157577058, "FIDS": 9, "LNAM": "022609646F620009", "LNAM_REFS": null, "FFPT_RIND": null, "CATQUA": null, "CATZOC": 3, "DRVAL1": 14.0, "DRVAL2": null, "POSACC": null, "SOUACC": null, "SUREND": "2004", "SURSTA": "1969", "TECSOU": null, "VERDAT": null, "INFORM": "A) U.S. Navy LIDAR Survey, 2004, Archive No. 04HFM01, Scale 1:5,000-1:10,000; B) U.S. Navy Single Beam Survey, 1969, Archive No. 685036, Scale 1:10,000-1:20,000", "NINFOM": null, "NTXTDS": null, "TXTDSC": null, "RECDAT": null, "RECIND": null, "SORDAT": "20150206", "SORIND": "US,US,reprt,L-246-2015", "_enc_cell": "US4TB3P0" }, "geometry": { "type": "Polygon", "coordinates": [ [ [ 134.4956513, 7.272439 ], [ 134.4957733, 7.272325 ], [ 134.4961853, 7.2724361 ], [ 134.496231099999989, 7.2724471 ], [ 134.4962616, 7.2724557 ], [ 134.4964905, 7.2725196 ], [ 134.497177099999988, 7.2719584 ], [ 134.495498700000013, 7.2701807 ], [ 134.4945831, 7.2713695 ], [ 134.494049100000012, 7.2720556 ], [ 134.4940033, 7.2723332 ], [ 134.493942299999986, 7.2726221 ], [ 134.4934692, 7.2728558 ], [ 134.4934235, 7.2735443 ], [ 134.493209799999988, 7.2739306 ], [ 134.4926758, 7.2743502 ], [ 134.4930115, 7.2743278 ], [ 134.4934235, 7.2743001 ], [ 134.4935913, 7.2742887 ], [ 134.493804899999986, 7.2742777 ], [ 134.494415299999986, 7.273675 ], [ 134.494415299999986, 7.2736692 ], [ 134.4950256, 7.2730584 ], [ 134.495254499999987, 7.2728334 ], [ 134.4956513, 7.2724419 ], [ 134.4956513, 7.272439 ] ] ] } },
{ "type": "Feature", "properties": { "RCID": 5490, "PRIM": 3, "GRUP": 2, "OBJL": 308, "RVER": 1, "AGEN": 550, "FIDN": 276184853, "FIDS": 9, "LNAM": "022610763F150009", "LNAM_REFS": null, "FFPT_RIND": null, "CATQUA": null, "CATZOC": 3, "DRVAL1": 13.0, "DRVAL2": null, "POSACC": null, "SOUACC": null, "SUREND": "2004", "SURSTA": "1969", "TECSOU": null, "VERDAT": null, "INFORM": "A) U.S. Navy LIDAR Survey, 2004, Archive No. 04HFM01, Scale 1:5,000-1:10,000; B) U.S. Navy Single Beam Survey, 1969, Archive No. 685036, Scale 1:10,000-1:20,000", "NINFOM": null, "NTXTDS": null, "TXTDSC": null, "RECDAT": null, "RECIND": null, "SORDAT": "20150206", "SORIND": "US,US,reprt,L-246-2015", "_enc_cell": "US4TB3P0" }, "geometry": { "type": "Polygon", "coordinates": [ [ [ 134.49800110000001, 7.2757196 ], [ 134.49800110000001, 7.2757139 ], [ 134.498016400000012, 7.2755666 ], [ 134.4979553, 7.2756167 ], [ 134.4979553, 7.2756195 ], [ 134.497894300000013, 7.2756805 ], [ 134.4965363, 7.2769251 ], [ 134.49617, 7.2772555 ], [ 134.4961548, 7.2772613 ], [ 134.4961548, 7.2772641 ], [ 134.495849600000014, 7.2775445 ], [ 134.495285, 7.2780609 ], [ 134.495254499999987, 7.2780943 ], [ 134.495468100000011, 7.2780557 ], [ 134.4957123, 7.2780085 ], [ 134.496353199999987, 7.2775974 ], [ 134.4963684, 7.277586 ], [ 134.4979401, 7.2765193 ], [ 134.4979858, 7.2758193 ], [ 134.49800110000001, 7.2757196 ] ] ] } },
{ "type": "Feature", "properties": { "RCID": 5491, "PRIM": 3, "GRUP": 2, "OBJL": 308, "RVER": 1, "AGEN": 550, "FIDN": 194562177, "FIDS": 9, "LNAM": "02260B98C8810009", "LNAM_REFS": null, "FFPT_RIND": null, "CATQUA": null, "CATZOC": 3, "DRVAL1": null, "DRVAL2": null, "POSACC": null, "SOUACC": null, "SUREND": "2004", "SURSTA": "1969", "TECSOU": null, "VERDAT": null, "INFORM": "A) U.S. Navy LIDAR Survey, 2004, Archive No. 04HFM01, Scale 1:5,000-1:10,000; B) U.S. Navy Single Beam Survey, 1969, Archive No. 685036, Scale 1:10,000-1:20,000", "NINFOM": null, "NTXTDS": null, "TXTDSC": null, "RECDAT": null, "RECIND": null, "SORDAT": "20150206", "SORIND": "US,US,reprt,L-246-2015", "_enc_cell": "US4TB3P0" }, "geometry": { "type": "Polygon", "coordinates": [ [ [ 134.5017282, 7.2734405 ], [ 134.5025054, 7.2739576 ], [ 134.5045673, 7.2790991 ], [ 134.5045624, 7.2790942 ], [ 134.5044098, 7.2789445 ], [ 134.5033875, 7.2779527 ], [ 134.5029907, 7.2775722 ], [ 134.5029602, 7.2775445 ], [ 134.5028839, 7.277472 ], [ 134.5023041, 7.2768998 ], [ 134.5020905, 7.2766914 ], [ 134.502105699999987, 7.2766419 ], [ 134.502182, 7.2760944 ], [ 134.502182, 7.2760778 ], [ 134.5015717, 7.2742915 ], [ 134.5017282, 7.2734405 ] ] ] } },
{ "type": "Feature", "properties": { "RCID": 5492, "PRIM": 3, "GRUP": 2, "OBJL": 308, "RVER": 1, "AGEN": 550, "FIDN": 248968111, "FIDS": 9, "LNAM": "02260ED6F3AF0009", "LNAM_REFS": null, "FFPT_RIND": null, "CATQUA": null, "CATZOC": 5, "DRVAL1": null, "DRVAL2": null, "POSACC": null, "SOUACC": null, "SUREND": "1938", "SURSTA": "1915", "TECSOU": null, "VERDAT": null, "INFORM": "Former Japan Chart 481 (Ed. 1940, Rev. 1944), from Japan surveys, Scale 1:25,000", "NINFOM": null, "NTXTDS": null, "TXTDSC": null, "RECDAT": null, "RECIND": null, "SORDAT": "20150206", "SORIND": "US,US,reprt,L-246-2015", "_enc_cell": "US4TB3P0" }, "geometry": { "type": "Polygon", "coordinates": [ [ [ 134.512802099999988, 7.349103 ], [ 134.5122223, 7.3490973 ], [ 134.512313799999987, 7.3483582 ], [ 134.512435900000014, 7.3481722 ], [ 134.51313780000001, 7.3475084 ], [ 134.51313780000001, 7.3478751 ], [ 134.5132599, 7.3480916 ], [ 134.51327520000001, 7.3482418 ], [ 134.513290399999988, 7.3484473 ], [ 134.5132141, 7.3487611 ], [ 134.513031, 7.3489027 ], [ 134.513046300000013, 7.3490806 ], [ 134.5129547, 7.349103 ], [ 134.512802099999988, 7.349103 ] ] ] } },
{ "type": "Feature", "properties": { "RCID": 5493, "PRIM": 3, "GRUP": 2, "OBJL": 308, "RVER": 1, "AGEN": 550, "FIDN": 225576656, "FIDS": 9, "LNAM": "02260D7206D00009", "LNAM_REFS": null, "FFPT_RIND": null, "CATQUA": null, "CATZOC": 3, "DRVAL1": 10.0, "DRVAL2": null, "POSACC": null, "SOUACC": null, "SUREND": "2004", "SURSTA": null, "TECSOU": null, "VERDAT": null, "INFORM": "U.S. Navy LIDAR Survey, Archive No. 04HFM01, Scale 1:5,000-1:10,000", "NINFOM": null, "NTXTDS": null, "TXTDSC": null, "RECDAT": null, "RECIND": null, "SORDAT": "20150206", "SORIND": "US,US,reprt,L-246-2015", "_enc_cell": "US4TB3P0" }, "geometry": { "type": "Polygon", "coordinates": [ [ [ 134.5156637, 7.3492891 ], [ 134.516387900000012, 7.3485279 ], [ 134.5171509, 7.3473334 ], [ 134.51759340000001, 7.346272 ], [ 134.5175629, 7.3459916 ], [ 134.5176544, 7.345561 ], [ 134.5180512, 7.3452807 ], [ 134.518219, 7.3449307 ], [ 134.5185625, 7.3437913 ], [ 134.5156637, 7.3492891 ] ] ] } },
{ "type": "Feature", "properties": { "RCID": 5494, "PRIM": 3, "GRUP": 2, "OBJL": 308, "RVER": 1, "AGEN": 550, "FIDN": 465471903, "FIDS": 9, "LNAM": "02261BBE899F0009", "LNAM_REFS": null, "FFPT_RIND": null, "CATQUA": null, "CATZOC": 3, "DRVAL1": 10.0, "DRVAL2": null, "POSACC": null, "SOUACC": null, "SUREND": "2004", "SURSTA": null, "TECSOU": null, "VERDAT": null, "INFORM": "U.S. Navy LIDAR Survey, Archive No. 04HFM01, Scale 1:5,000-1:10,000", "NINFOM": null, "NTXTDS": null, "TXTDSC": null, "RECDAT": null, "RECIND": null, "SORDAT": "20150206", "SORIND": "US,US,reprt,L-246-2015", "_enc_cell": "US4TB3P0" }, "geometry": { "type": "Polygon", "coordinates": [ [ [ 134.5806732, 7.3332696 ], [ 134.5819702, 7.3332696 ], [ 134.5822296, 7.3342695 ], [ 134.5822296, 7.334703 ], [ 134.5822296, 7.3349056 ], [ 134.5823517, 7.3351526 ], [ 134.5821228, 7.3352084 ], [ 134.5820007, 7.3352332 ], [ 134.5815125, 7.3355026 ], [ 134.581405600000011, 7.3356028 ], [ 134.5812378, 7.3357639 ], [ 134.5811615, 7.3359585 ], [ 134.5811768, 7.3361611 ], [ 134.5812836, 7.3362751 ], [ 134.581665, 7.3364639 ], [ 134.582489, 7.3365221 ], [ 134.5829163, 7.3365278 ], [ 134.5830994, 7.3365307 ], [ 134.5840454, 7.3365417 ], [ 134.584198, 7.3365445 ], [ 134.584915200000012, 7.3366027 ], [ 134.5846252, 7.3368444 ], [ 134.584564199999988, 7.3369083 ], [ 134.5842438, 7.3371973 ], [ 134.5842438, 7.3372002 ], [ 134.584198, 7.3372474 ], [ 134.583831800000013, 7.3375387 ], [ 134.583786, 7.3375778 ], [ 134.5834351, 7.3377695 ], [ 134.5834045, 7.3377833 ], [ 134.5820618, 7.3384695 ], [ 134.581543, 7.3386583 ], [ 134.581131, 7.3386974 ], [ 134.5804901, 7.3385057 ], [ 134.5801697, 7.3382611 ], [ 134.5798187, 7.3376751 ], [ 134.5796967, 7.3372946 ], [ 134.5796967, 7.336864 ], [ 134.579742399999986, 7.3366585 ], [ 134.579742399999986, 7.3366418 ], [ 134.5798187, 7.3361945 ], [ 134.5808106, 7.3349056 ], [ 134.580932600000011, 7.3345304 ], [ 134.580947900000012, 7.3342362 ], [ 134.580825800000014, 7.3336473 ], [ 134.5806732, 7.3332696 ] ] ] } },
{ "type": "Feature", "properties": { "RCID": 5495, "PRIM": 3, "GRUP": 2, "OBJL": 308, "RVER": 1, "AGEN": 550, "FIDN": 674741284, "FIDS": 9, "LNAM": "02262837BC240009", "LNAM_REFS": null, "FFPT_RIND": null, "CATQUA": null, "CATZOC": 3, "DRVAL1": 15.0, "DRVAL2": null, "POSACC": null, "SOUACC": null, "SUREND": "2004", "SURSTA": null, "TECSOU": null, "VERDAT": null, "INFORM": "U.S. Navy LIDAR Survey, Archive No. 04HFM01, Scale 1:5,000-1:10,000", "NINFOM": null, "NTXTDS": null, "TXTDSC": null, "RECDAT": null, "RECIND": null, "SORDAT": "20150206", "SORIND": "US,US,reprt,L-246-2015", "_enc_cell": "US4TB3P0" }, "geometry": { "type": "Polygon", "coordinates": [ [ [ 134.600418100000013, 7.3452277 ], [ 134.6008301, 7.3446026 ], [ 134.601364100000012, 7.3442054 ], [ 134.6019135, 7.3440056 ], [ 134.6023865, 7.3440332 ], [ 134.6034699, 7.344275 ], [ 134.6047174, 7.3445705 ], [ 134.6045157, 7.3443895 ], [ 134.6034637, 7.3434455 ], [ 134.603042499999987, 7.3430676 ], [ 134.6020518, 7.3421788 ], [ 134.5994834, 7.3398743 ], [ 134.5986086, 7.3390894 ], [ 134.598257600000011, 7.3387744 ], [ 134.597507799999988, 7.3381017 ], [ 134.5968976, 7.3375542 ], [ 134.594759399999987, 7.3356358 ], [ 134.593774200000013, 7.3347518 ], [ 134.5933193, 7.3343437 ], [ 134.5932314, 7.3342648 ], [ 134.591667699999988, 7.3328618 ], [ 134.5914419, 7.3326592 ], [ 134.5914391, 7.3326567 ], [ 134.590483400000011, 7.3315019 ], [ 134.5903007, 7.3312811 ], [ 134.5902252, 7.3314776 ], [ 134.5901642, 7.3316307 ], [ 134.58992, 7.3320694 ], [ 134.589477499999987, 7.332839 ], [ 134.589141899999987, 7.3334165 ], [ 134.588409399999989, 7.3342419 ], [ 134.5871277, 7.3352137 ], [ 134.5858307, 7.3360443 ], [ 134.5858307, 7.3360472 ], [ 134.5858154, 7.3360558 ], [ 134.5856781, 7.3361416 ], [ 134.585052499999989, 7.3365002 ], [ 134.584915200000012, 7.3366027 ], [ 134.5846252, 7.3368444 ], [ 134.584564199999988, 7.3369083 ], [ 134.5842438, 7.3371973 ], [ 134.5842438, 7.3372002 ], [ 134.584198, 7.3372474 ], [ 134.583831800000013, 7.3375387 ], [ 134.583786, 7.3375778 ], [ 134.5834351, 7.3377695 ], [ 134.5834045, 7.3377833 ], [ 134.5820618, 7.3384695 ], [ 134.581543, 7.3386583 ], [ 134.581131, 7.3386974 ], [ 134.5804901, 7.3385057 ], [ 134.5801697, 7.3382611 ], [ 134.5798187, 7.3376751 ], [ 134.5796967, 7.3372946 ], [ 134.5796967, 7.336864 ], [ 134.579742399999986, 7.3366585 ], [ 134.579742399999986, 7.3366418 ], [ 134.5798187, 7.3361945 ], [ 134.5808106, 7.3349056 ], [ 134.580932600000011, 7.3345304 ], [ 134.580947900000012, 7.3342362 ], [ 134.580825800000014, 7.3336473 ], [ 134.5806732, 7.3332696 ], [ 134.5805512, 7.3330641 ], [ 134.5805512, 7.3330612 ], [ 134.5800018, 7.3321085 ], [ 134.579498300000012, 7.3314223 ], [ 134.5819397, 7.3293252 ], [ 134.5819855, 7.329289 ], [ 134.5815125, 7.3289251 ], [ 134.5815125, 7.3289223 ], [ 134.57913210000001, 7.3271084 ], [ 134.57901, 7.3270221 ], [ 134.574295, 7.3249307 ], [ 134.5742493, 7.3248668 ], [ 134.574234, 7.3248529 ], [ 134.5739441, 7.3244252 ], [ 134.5739441, 7.3244224 ], [ 134.571228, 7.3205862 ], [ 134.571228, 7.3205833 ], [ 134.570755, 7.3199363 ], [ 134.570755, 7.3199306 ], [ 134.570495599999987, 7.3195558 ], [ 134.5698395, 7.3189778 ], [ 134.5693158, 7.318516 ], [ 134.571868, 7.3261726 ], [ 134.5694886, 7.3295039 ], [ 134.564570800000013, 7.3249164 ], [ 134.564030800000012, 7.3244127 ], [ 134.5628443, 7.3233058 ], [ 134.5622725, 7.3227725 ], [ 134.561517400000014, 7.3220681 ], [ 134.5600035, 7.32305 ], [ 134.5584179, 7.3240785 ], [ 134.555781, 7.325789 ], [ 134.5579376, 7.3275304 ], [ 134.5648041, 7.3340473 ], [ 134.565307600000011, 7.3345637 ], [ 134.567001299999987, 7.337275 ], [ 134.568222100000014, 7.3389525 ], [ 134.5699616, 7.3405638 ], [ 134.5709229, 7.3412333 ], [ 134.5721283, 7.3418584 ], [ 134.573486300000013, 7.342422 ], [ 134.576751699999988, 7.3430471 ], [ 134.5809631, 7.3448749 ], [ 134.5818634, 7.345264 ], [ 134.584213299999988, 7.3462806 ], [ 134.586624199999989, 7.3465223 ], [ 134.5884705, 7.3471637 ], [ 134.5892792, 7.3474388 ], [ 134.589477499999987, 7.3475084 ], [ 134.589706400000011, 7.3475862 ], [ 134.590560900000014, 7.3478918 ], [ 134.590576199999987, 7.3478947 ], [ 134.5910187, 7.3480554 ], [ 134.5917358, 7.3483086 ], [ 134.5926514, 7.3486109 ], [ 134.593948399999988, 7.3490391 ], [ 134.5940857, 7.3490944 ], [ 134.594101, 7.3490944 ], [ 134.5941162, 7.349103 ], [ 134.595001200000013, 7.3494225 ], [ 134.595260599999989, 7.3495169 ], [ 134.5955811, 7.349628 ], [ 134.5963135, 7.3493056 ], [ 134.5973511, 7.3486834 ], [ 134.598266599999988, 7.3478832 ], [ 134.5991058, 7.3469276 ], [ 134.5991211, 7.346911 ], [ 134.5991516, 7.3468833 ], [ 134.5991974, 7.3468251 ], [ 134.599227899999988, 7.3467889 ], [ 134.599227899999988, 7.346786 ], [ 134.5994263, 7.3465419 ], [ 134.599807700000014, 7.3460498 ], [ 134.6002197, 7.3455362 ], [ 134.600418100000013, 7.3452334 ], [ 134.600418100000013, 7.3452277 ] ], [ [ 134.5921936, 7.3352556 ], [ 134.5922852, 7.3349114 ], [ 134.5927734, 7.3345361 ], [ 134.592971799999987, 7.3344889 ], [ 134.5930481, 7.3345137 ], [ 134.5933991, 7.3346834 ], [ 134.5934906, 7.3347859 ], [ 134.5937195, 7.3350473 ], [ 134.5939179, 7.335403 ], [ 134.5939789, 7.3361139 ], [ 134.5938416, 7.3364501 ], [ 134.593582199999986, 7.3366833 ], [ 134.5932312, 7.3368111 ], [ 134.593078600000013, 7.3368001 ], [ 134.592926, 7.3367915 ], [ 134.592712400000011, 7.3366499 ], [ 134.5921783, 7.3360391 ], [ 134.592117300000012, 7.3355475 ], [ 134.5921936, 7.3352637 ], [ 134.5921936, 7.3352556 ] ], [ [ 134.572937, 7.3279862 ], [ 134.573135400000012, 7.3279834 ], [ 134.573349, 7.3280778 ], [ 134.573516899999987, 7.3282585 ], [ 134.5735474, 7.3284001 ], [ 134.5735321, 7.3287029 ], [ 134.57341, 7.3289223 ], [ 134.573028599999986, 7.328989 ], [ 134.5727539, 7.3289166 ], [ 134.5725708, 7.3287334 ], [ 134.5725708, 7.3287306 ], [ 134.572540299999986, 7.3287082 ], [ 134.572433499999988, 7.3283806 ], [ 134.5724945, 7.3282137 ], [ 134.5724945, 7.3282056 ], [ 134.5725098, 7.3281779 ], [ 134.5726929, 7.3279915 ], [ 134.572937, 7.3279862 ] ] ] } },
{ "type": "Feature", "properties": { "RCID": 5523, "PRIM": 3, "GRUP": 2, "OBJL": 308, "RVER": 1, "AGEN": 550, "FIDN": 852099732, "FIDS": 9, "LNAM": "022632CA02940009", "LNAM_REFS": null, "FFPT_RIND": null, "CATQUA": null, "CATZOC": 3, "DRVAL1": 13.0, "DRVAL2": null, "POSACC": null, "SOUACC": null, "SUREND": "2004", "SURSTA": "1969", "TECSOU": null, "VERDAT": null, "INFORM": "A) U.S. Navy LIDAR Survey, 2004, Archive No. 04HFM01, Scale 1:5,000-1:10,000; B) U.S. Navy Single Beam Survey, 1969, Archive No. 685036, Scale 1:10,000-1:20,000", "NINFOM": null, "NTXTDS": null, "TXTDSC": null, "RECDAT": null, "RECIND": null, "SORDAT": "20150206", "SORIND": "US,US,reprt,L-246-2015", "_enc_cell": "US4TB3P0" }, "geometry": { "type": "Polygon", "coordinates": [ [ [ 134.4926758, 7.2836194 ], [ 134.493331899999987, 7.2835112 ], [ 134.4946899, 7.2834444 ], [ 134.495575, 7.2834945 ], [ 134.4946899, 7.284586 ], [ 134.494293199999987, 7.2843971 ], [ 134.4941101, 7.2843113 ], [ 134.4926758, 7.2836194 ] ] ] } },
{ "type": "Feature", "properties": { "RCID": 5525, "PRIM": 3, "GRUP": 2, "OBJL": 308, "RVER": 1, "AGEN": 550, "FIDN": 705173942, "FIDS": 9, "LNAM": "02262A0819B60009", "LNAM_REFS": null, "FFPT_RIND": null, "CATQUA": null, "CATZOC": 3, "DRVAL1": 15.0, "DRVAL2": null, "POSACC": null, "SOUACC": null, "SUREND": "2004", "SURSTA": "1969", "TECSOU": null, "VERDAT": null, "INFORM": "A) U.S. Navy LIDAR Survey, 2004, Archive No. 04HFM01, Scale 1:5,000-1:10,000; B) U.S. Navy Single Beam Survey, 1969, Archive No. 685036, Scale 1:10,000-1:20,000", "NINFOM": null, "NTXTDS": null, "TXTDSC": null, "RECDAT": null, "RECIND": null, "SORDAT": "20150206", "SORIND": "US,US,reprt,L-246-2015", "_enc_cell": "US4TB3P0" }, "geometry": { "type": "Polygon", "coordinates": [ [ [ 134.4955902, 7.2848835 ], [ 134.495849600000014, 7.2851915 ], [ 134.4983521, 7.2881832 ], [ 134.4985024, 7.2883661 ], [ 134.4928686, 7.2899595 ], [ 134.49063240000001, 7.2901354 ], [ 134.4905455, 7.2901422 ], [ 134.4902649, 7.2897 ], [ 134.4900208, 7.2890887 ], [ 134.4899139, 7.2887888 ], [ 134.489868199999989, 7.2885361 ], [ 134.48983770000001, 7.2884054 ], [ 134.4897919, 7.2882056 ], [ 134.4897614, 7.2880611 ], [ 134.4897614, 7.2880502 ], [ 134.48970030000001, 7.287714 ], [ 134.489715600000011, 7.2868609 ], [ 134.4898987, 7.2856612 ], [ 134.4901428, 7.2852554 ], [ 134.4902802, 7.2850556 ], [ 134.4903107, 7.2850137 ], [ 134.490325899999988, 7.2850056 ], [ 134.490814199999988, 7.2845445 ], [ 134.4909821, 7.2844248 ], [ 134.4911957, 7.2842832 ], [ 134.4911957, 7.2842808 ], [ 134.491745, 7.2839279 ], [ 134.492248499999988, 7.2837582 ], [ 134.4926758, 7.2836194 ], [ 134.4941101, 7.2843113 ], [ 134.494293199999987, 7.2843971 ], [ 134.4946899, 7.284586 ], [ 134.4954376, 7.2849584 ], [ 134.4955902, 7.2848835 ] ] ] } },
{ "type": "Feature", "properties": { "RCID": 5526, "PRIM": 3, "GRUP": 2, "OBJL": 308, "RVER": 1, "AGEN": 550, "FIDN": 767231896, "FIDS": 9, "LNAM": "02262DBB07980009", "LNAM_REFS": null, "FFPT_RIND": null, "CATQUA": null, "CATZOC": 3, "DRVAL1": 11.0, "DRVAL2": null, "POSACC": null, "SOUACC": null, "SUREND": "2004", "SURSTA": "1969", "TECSOU": null, "VERDAT": null, "INFORM": "A) U.S. Navy LIDAR Survey, 2004, Archive No. 04HFM01, Scale 1:5,000-1:10,000; B) U.S. Navy Single Beam Survey, 1969, Archive No. 685036, Scale 1:10,000-1:20,000", "NINFOM": null, "NTXTDS": null, "TXTDSC": null, "RECDAT": null, "RECIND": null, "SORDAT": "20150206", "SORIND": "US,US,reprt,L-246-2015", "_enc_cell": "US4TB3P0" }, "geometry": { "type": "Polygon", "coordinates": [ [ [ 134.4926758, 7.2836194 ], [ 134.493331899999987, 7.2835112 ], [ 134.4946899, 7.2834444 ], [ 134.495575, 7.2834945 ], [ 134.4962006, 7.2836332 ], [ 134.496215799999987, 7.2836361 ], [ 134.4963074, 7.2836556 ], [ 134.496231099999989, 7.2834501 ], [ 134.496231099999989, 7.2834415 ], [ 134.49607850000001, 7.2830668 ], [ 134.4960632, 7.283 ], [ 134.4959869, 7.2828665 ], [ 134.4959106, 7.2826943 ], [ 134.495620699999989, 7.2821169 ], [ 134.4968872, 7.2815251 ], [ 134.4972534, 7.2812557 ], [ 134.4984131, 7.2804308 ], [ 134.499328600000013, 7.2797918 ], [ 134.499527, 7.2796946 ], [ 134.499527, 7.2796917 ], [ 134.5, 7.2794695 ], [ 134.5005646, 7.2792029 ], [ 134.5005646, 7.2792001 ], [ 134.500762900000012, 7.2791057 ], [ 134.5016022, 7.2787027 ], [ 134.501617399999986, 7.2786112 ], [ 134.5018005, 7.2778859 ], [ 134.5018768, 7.2775445 ], [ 134.5019989, 7.2770863 ], [ 134.5020905, 7.2766914 ], [ 134.502105699999987, 7.2766419 ], [ 134.502182, 7.2760944 ], [ 134.502182, 7.2760778 ], [ 134.5015717, 7.2742915 ], [ 134.5017282, 7.2734405 ], [ 134.5, 7.2722906 ], [ 134.4983557, 7.2711966 ], [ 134.4983978, 7.2714529 ], [ 134.4983978, 7.2714639 ], [ 134.4983978, 7.2714696 ], [ 134.4984131, 7.2715778 ], [ 134.4983978, 7.2717056 ], [ 134.4983368, 7.272378 ], [ 134.4981995, 7.2735972 ], [ 134.498138399999988, 7.2740946 ], [ 134.4980927, 7.2745528 ], [ 134.4980927, 7.2746668 ], [ 134.4980774, 7.2747526 ], [ 134.4980621, 7.2748222 ], [ 134.4980469, 7.2751083 ], [ 134.498016400000012, 7.2755666 ], [ 134.49800110000001, 7.2757139 ], [ 134.49800110000001, 7.2757196 ], [ 134.4979858, 7.2758193 ], [ 134.4979401, 7.2765193 ], [ 134.4963684, 7.277586 ], [ 134.496353199999987, 7.2775974 ], [ 134.4957123, 7.2780085 ], [ 134.495468100000011, 7.2780557 ], [ 134.495254499999987, 7.2780943 ], [ 134.494171099999988, 7.2782779 ], [ 134.4940186, 7.2777 ], [ 134.495483400000012, 7.2774057 ], [ 134.4957733, 7.277061 ], [ 134.4958191, 7.2769861 ], [ 134.495849600000014, 7.2769418 ], [ 134.4960632, 7.2766776 ], [ 134.496215799999987, 7.2764721 ], [ 134.4961395, 7.2762027 ], [ 134.495971700000013, 7.2759776 ], [ 134.4959412, 7.2759275 ], [ 134.495727499999987, 7.2757669 ], [ 134.4956513, 7.2758389 ], [ 134.4955902, 7.2759085 ], [ 134.4955444, 7.2759194 ], [ 134.495376599999986, 7.2759609 ], [ 134.495132500000011, 7.2759419 ], [ 134.4950867, 7.2758946 ], [ 134.4948425, 7.2756581 ], [ 134.4947357, 7.2753806 ], [ 134.4947052, 7.2752557 ], [ 134.494659399999989, 7.275022 ], [ 134.4947052, 7.2747722 ], [ 134.494751, 7.274653 ], [ 134.494781499999988, 7.2746248 ], [ 134.4949646, 7.2744722 ], [ 134.495468100000011, 7.274425 ], [ 134.4957886, 7.2745915 ], [ 134.4958954, 7.2743721 ], [ 134.496215799999987, 7.2740889 ], [ 134.496429400000011, 7.2739806 ], [ 134.4965057, 7.2739415 ], [ 134.4965057, 7.2739387 ], [ 134.4967804, 7.2738137 ], [ 134.497283900000014, 7.2737222 ], [ 134.497345, 7.2737083 ], [ 134.4974365, 7.2736917 ], [ 134.4978333, 7.2736917 ], [ 134.497283900000014, 7.2729197 ], [ 134.497192399999989, 7.2727804 ], [ 134.4965363, 7.2725306 ], [ 134.4964905, 7.2725196 ], [ 134.4962616, 7.2724557 ], [ 134.496231099999989, 7.2724471 ], [ 134.4961853, 7.2724361 ], [ 134.4957733, 7.272325 ], [ 134.4956513, 7.272439 ], [ 134.4956513, 7.2724419 ], [ 134.495254499999987, 7.2728334 ], [ 134.4950256, 7.2730584 ], [ 134.494415299999986, 7.2736692 ], [ 134.494415299999986, 7.273675 ], [ 134.493804899999986, 7.2742777 ], [ 134.4935913, 7.2742887 ], [ 134.4934235, 7.2743001 ], [ 134.4930115, 7.2743278 ], [ 134.4926758, 7.2743502 ], [ 134.49263, 7.2743526 ], [ 134.491989100000012, 7.2744141 ], [ 134.4914398, 7.2744665 ], [ 134.4911804, 7.2742696 ], [ 134.491043100000013, 7.2741556 ], [ 134.491043100000013, 7.2741528 ], [ 134.4906921, 7.2738972 ], [ 134.490676900000011, 7.2738862 ], [ 134.489608800000013, 7.2730279 ], [ 134.489379899999989, 7.2726555 ], [ 134.488998400000014, 7.272047 ], [ 134.4889832, 7.2720332 ], [ 134.4887848, 7.2716832 ], [ 134.4883423, 7.2709889 ], [ 134.4882507, 7.2708001 ], [ 134.487945599999989, 7.2701836 ], [ 134.487793, 7.269836 ], [ 134.487670900000012, 7.2695165 ], [ 134.487564099999986, 7.2692556 ], [ 134.4873352, 7.2686973 ], [ 134.48703, 7.2678862 ], [ 134.4851837, 7.2660999 ], [ 134.4857025, 7.2672334 ], [ 134.486023, 7.2679529 ], [ 134.486114500000014, 7.2683277 ], [ 134.4864044, 7.2695055 ], [ 134.4864044, 7.2695112 ], [ 134.4864349, 7.2696056 ], [ 134.4864044, 7.2697415 ], [ 134.4864044, 7.2697668 ], [ 134.486007699999988, 7.2712665 ], [ 134.4859314, 7.2714944 ], [ 134.4842835, 7.2704721 ], [ 134.4842835, 7.2704697 ], [ 134.4842529, 7.2704473 ], [ 134.4836273, 7.2697835 ], [ 134.4824371, 7.2685137 ], [ 134.482284600000014, 7.2660499 ], [ 134.482284600000014, 7.2659998 ], [ 134.481658900000014, 7.2644472 ], [ 134.4815216, 7.2644138 ], [ 134.4806671, 7.264214 ], [ 134.4792481, 7.263875 ], [ 134.479171799999989, 7.2638555 ], [ 134.4777679, 7.2630916 ], [ 134.4772797, 7.2627196 ], [ 134.476745599999987, 7.2622972 ], [ 134.475296, 7.2611361 ], [ 134.4750671, 7.260953 ], [ 134.4745483, 7.2605391 ], [ 134.4741058, 7.2601805 ], [ 134.4738922, 7.2599526 ], [ 134.4738007, 7.2598472 ], [ 134.4738007, 7.2598391 ], [ 134.4736633, 7.2596808 ], [ 134.473587, 7.2595863 ], [ 134.473587, 7.2595806 ], [ 134.4721527, 7.257875 ], [ 134.46975710000001, 7.2549887 ], [ 134.4683075, 7.253789 ], [ 134.4677582, 7.2533722 ], [ 134.4677302, 7.2533514 ], [ 134.4674363, 7.253671 ], [ 134.467013400000013, 7.2541308 ], [ 134.467041, 7.2542224 ], [ 134.4670715, 7.2544165 ], [ 134.4671478, 7.2549973 ], [ 134.4668579, 7.2581611 ], [ 134.4660797, 7.2594914 ], [ 134.463882500000011, 7.2605057 ], [ 134.462326100000013, 7.2606139 ], [ 134.461700400000012, 7.2606583 ], [ 134.461624199999989, 7.260664 ], [ 134.4610807, 7.2605816 ], [ 134.4609984, 7.2606712 ], [ 134.46092440000001, 7.2607516 ], [ 134.4608374, 7.2615067 ], [ 134.460832399999987, 7.2615501 ], [ 134.460907, 7.2616 ], [ 134.461349500000011, 7.2620053 ], [ 134.4615479, 7.2621889 ], [ 134.4626007, 7.2631474 ], [ 134.462616, 7.2631583 ], [ 134.4632263, 7.2637081 ], [ 134.463745100000011, 7.2641888 ], [ 134.463745100000011, 7.2641916 ], [ 134.464035, 7.2644668 ], [ 134.4640656, 7.2644863 ], [ 134.464508099999989, 7.2648835 ], [ 134.463882500000011, 7.266253 ], [ 134.4636688, 7.2666974 ], [ 134.463531499999988, 7.2670083 ], [ 134.4633637, 7.267375 ], [ 134.463256800000011, 7.2675915 ], [ 134.4629822, 7.2681751 ], [ 134.46229550000001, 7.269661 ], [ 134.4621582, 7.2699499 ], [ 134.4621582, 7.2699637 ], [ 134.4614258, 7.2715473 ], [ 134.461120599999987, 7.2722306 ], [ 134.460739100000012, 7.2732277 ], [ 134.4621735, 7.2749558 ], [ 134.4642639, 7.2760553 ], [ 134.466064499999987, 7.2767668 ], [ 134.4661255, 7.2777972 ], [ 134.4661408, 7.2780056 ], [ 134.4661408, 7.2780085 ], [ 134.4661408, 7.2780891 ], [ 134.4661865, 7.2786417 ], [ 134.4661865, 7.2786779 ], [ 134.466188100000011, 7.2787102 ], [ 134.4663026, 7.2787644 ], [ 134.4667972, 7.2789985 ], [ 134.4668427, 7.2788138 ], [ 134.4668732, 7.278697 ], [ 134.466995200000014, 7.2782888 ], [ 134.466995200000014, 7.2782583 ], [ 134.4672546, 7.2771611 ], [ 134.468948399999988, 7.2775888 ], [ 134.469223, 7.2777252 ], [ 134.4707031, 7.2785335 ], [ 134.4721375, 7.2794972 ], [ 134.4738007, 7.2811279 ], [ 134.477600099999989, 7.2840362 ], [ 134.478653, 7.2842279 ], [ 134.4789276, 7.2843165 ], [ 134.4793549, 7.2844248 ], [ 134.4817658, 7.2867193 ], [ 134.4821777, 7.2880387 ], [ 134.4821777, 7.2880473 ], [ 134.4826813, 7.2896056 ], [ 134.4839284, 7.2906627 ], [ 134.489022799999987, 7.290262 ], [ 134.4901222, 7.2901755 ], [ 134.4905455, 7.2901422 ], [ 134.4902649, 7.2897 ], [ 134.4900208, 7.2890887 ], [ 134.4899139, 7.2887888 ], [ 134.489868199999989, 7.2885361 ], [ 134.48983770000001, 7.2884054 ], [ 134.4897919, 7.2882056 ], [ 134.4897614, 7.2880611 ], [ 134.4897614, 7.2880502 ], [ 134.48970030000001, 7.287714 ], [ 134.489715600000011, 7.2868609 ], [ 134.4898987, 7.2856612 ], [ 134.4901428, 7.2852554 ], [ 134.4902802, 7.2850556 ], [ 134.4903107, 7.2850137 ], [ 134.490325899999988, 7.2850056 ], [ 134.490814199999988, 7.2845445 ], [ 134.4909821, 7.2844248 ], [ 134.4911957, 7.2842832 ], [ 134.4911957, 7.2842808 ], [ 134.491745, 7.2839279 ], [ 134.492248499999988, 7.2837582 ], [ 134.4926758, 7.2836194 ] ] ] } },
{ "type": "Feature", "properties": { "RCID": 5527, "PRIM": 3, "GRUP": 2, "OBJL": 308, "RVER": 1, "AGEN": 550, "FIDN": 843156378, "FIDS": 9, "LNAM": "022632418B9A0009", "LNAM_REFS": null, "FFPT_RIND": null, "CATQUA": null, "CATZOC": 3, "DRVAL1": 7.0, "DRVAL2": null, "POSACC": null, "SOUACC": null, "SUREND": "2004", "SURSTA": "1969", "TECSOU": null, "VERDAT": null, "INFORM": "A) U.S. Navy LIDAR Survey, 2004, Archive No. 04HFM01, Scale 1:5,000-1:10,000; B) U.S. Navy Single Beam Survey, 1969, Archive No. 685036, Scale 1:10,000-1:20,000", "NINFOM": null, "NTXTDS": null, "TXTDSC": null, "RECDAT": null, "RECIND": null, "SORDAT": "20150206", "SORIND": "US,US,reprt,L-246-2015", "_enc_cell": "US4TB3P0" }, "geometry": { "type": "Polygon", "coordinates": [ [ [ 134.496688799999987, 7.2843666 ], [ 134.4968414, 7.2842917 ], [ 134.497192399999989, 7.2841249 ], [ 134.498870899999986, 7.2825832 ], [ 134.4986572, 7.2823138 ], [ 134.49861150000001, 7.2817612 ], [ 134.49861150000001, 7.2817278 ], [ 134.4987946, 7.281436 ], [ 134.4990692, 7.2813196 ], [ 134.4993897, 7.2814446 ], [ 134.499816900000013, 7.2816029 ], [ 134.4999847, 7.2814279 ], [ 134.5, 7.281414 ], [ 134.5002136, 7.2811942 ], [ 134.5009155, 7.2804861 ], [ 134.501022299999988, 7.2803779 ], [ 134.501022299999988, 7.280375 ], [ 134.5012054, 7.2801833 ], [ 134.5016785, 7.2797055 ], [ 134.5018768, 7.2794972 ], [ 134.5023041, 7.2790613 ], [ 134.502349900000013, 7.2790165 ], [ 134.5031128, 7.278225 ], [ 134.5033875, 7.2779527 ], [ 134.5029907, 7.2775722 ], [ 134.5029602, 7.2775445 ], [ 134.5028839, 7.277472 ], [ 134.5023041, 7.2768998 ], [ 134.5020905, 7.2766914 ], [ 134.5019989, 7.2770863 ], [ 134.5018768, 7.2775445 ], [ 134.5018005, 7.2778859 ], [ 134.501617399999986, 7.2786112 ], [ 134.5016022, 7.2787027 ], [ 134.500762900000012, 7.2791057 ], [ 134.5005646, 7.2792001 ], [ 134.5005646, 7.2792029 ], [ 134.5, 7.2794695 ], [ 134.499527, 7.2796917 ], [ 134.499527, 7.2796946 ], [ 134.499328600000013, 7.2797918 ], [ 134.4984131, 7.2804308 ], [ 134.4972534, 7.2812557 ], [ 134.4970245, 7.2817779 ], [ 134.4960632, 7.283 ], [ 134.49607850000001, 7.2830668 ], [ 134.496231099999989, 7.2834415 ], [ 134.496231099999989, 7.2834501 ], [ 134.4963074, 7.2836556 ], [ 134.496215799999987, 7.2836361 ], [ 134.4962006, 7.2836332 ], [ 134.495575, 7.2834945 ], [ 134.4946899, 7.284586 ], [ 134.4954376, 7.2849584 ], [ 134.4955902, 7.2848835 ], [ 134.496521, 7.2844443 ], [ 134.496688799999987, 7.2843666 ] ] ] } },
{ "type": "Feature", "properties": { "RCID": 5528, "PRIM": 3, "GRUP": 2, "OBJL": 308, "RVER": 1, "AGEN": 550, "FIDN": 977172721, "FIDS": 9, "LNAM": "02263A3E78F10009", "LNAM_REFS": null, "FFPT_RIND": null, "CATQUA": null, "CATZOC": 5, "DRVAL1": null, "DRVAL2": null, "POSACC": null, "SOUACC": null, "SUREND": "1938", "SURSTA": "1915", "TECSOU": null, "VERDAT": null, "INFORM": "Former Japan Chart 481 (Ed. 1940, Rev. 1944), from Japan surveys, Scale 1:25,000", "NINFOM": null, "NTXTDS": null, "TXTDSC": null, "RECDAT": null, "RECIND": null, "SORDAT": "20150206", "SORIND": "US,US,reprt,L-246-2015", "_enc_cell": "US4TB3P0" }, "geometry": { "type": "Polygon", "coordinates": [ [ [ 134.525642299999987, 7.3092539 ], [ 134.5264352, 7.3083709 ], [ 134.5258179, 7.3083973 ], [ 134.5257111, 7.3084917 ], [ 134.5246735, 7.3094692 ], [ 134.524597199999988, 7.3097305 ], [ 134.524597199999988, 7.3097501 ], [ 134.5245361, 7.3099389 ], [ 134.5245667, 7.3104224 ], [ 134.524563300000011, 7.3104556 ], [ 134.5250935, 7.3098651 ], [ 134.5251192, 7.3098365 ], [ 134.525642299999987, 7.3092539 ] ] ] } },
{ "type": "Feature", "properties": { "RCID": 5530, "PRIM": 3, "GRUP": 2, "OBJL": 308, "RVER": 1, "AGEN": 550, "FIDN": 538681004, "FIDS": 9, "LNAM": "0226201B9EAC0009", "LNAM_REFS": null, "FFPT_RIND": null, "CATQUA": null, "CATZOC": 5, "DRVAL1": 7.0, "DRVAL2": null, "POSACC": null, "SOUACC": null, "SUREND": "1938", "SURSTA": "1915", "TECSOU": null, "VERDAT": null, "INFORM": "Former Japan Chart 481 (Ed. 1940, Rev. 1944), from Japan surveys, Scale 1:25,000", "NINFOM": null, "NTXTDS": null, "TXTDSC": null, "RECDAT": null, "RECIND": null, "SORDAT": "20150206", "SORIND": "US,US,reprt,L-246-2015", "_enc_cell": "US4TB3P0" }, "geometry": { "type": "Polygon", "coordinates": [ [ [ 134.582763699999987, 7.3199835 ], [ 134.5827942, 7.3197804 ], [ 134.5830536, 7.3190613 ], [ 134.583313, 7.3183637 ], [ 134.5853424, 7.3200083 ], [ 134.589248700000013, 7.3218002 ], [ 134.5873413, 7.3240471 ], [ 134.58729550000001, 7.3240914 ], [ 134.5868835, 7.3245583 ], [ 134.585968, 7.3256388 ], [ 134.5857973, 7.3258395 ], [ 134.585105, 7.325003 ], [ 134.5824893, 7.3218423 ], [ 134.5825501, 7.3209472 ], [ 134.582763699999987, 7.3199835 ] ] ] } },
{ "type": "Feature", "properties": { "RCID": 5573, "PRIM": 3, "GRUP": 2, "OBJL": 308, "RVER": 1, "AGEN": 550, "FIDN": 98556697, "FIDS": 9, "LNAM": "022605DFDB190009", "LNAM_REFS": null, "FFPT_RIND": null, "CATQUA": null, "CATZOC": 3, "DRVAL1": 14.0, "DRVAL2": null, "POSACC": null, "SOUACC": null, "SUREND": "2004", "SURSTA": "1969", "TECSOU": null, "VERDAT": null, "INFORM": "A) U.S. Navy LIDAR Survey, 2004, Archive No. 04HFM01, Scale 1:5,000-1:10,000; B) U.S. Navy Single Beam Survey, 1969, Archive No. 685036, Scale 1:10,000-1:20,000", "NINFOM": null, "NTXTDS": null, "TXTDSC": null, "RECDAT": null, "RECIND": null, "SORDAT": "20150206", "SORIND": "US,US,reprt,L-246-2015", "_enc_cell": "US4TB3P0" }, "geometry": { "type": "Polygon", "coordinates": [ [ [ 134.491483100000011, 7.2666239 ], [ 134.4942833, 7.268487 ], [ 134.4934845, 7.2689748 ], [ 134.492004400000013, 7.269886 ], [ 134.491531400000014, 7.2701502 ], [ 134.4914703, 7.2701888 ], [ 134.4913788, 7.2702475 ], [ 134.4904938, 7.2707558 ], [ 134.4904785, 7.2707667 ], [ 134.490463299999988, 7.2707834 ], [ 134.4897308, 7.2719002 ], [ 134.4895325, 7.2723055 ], [ 134.4895172, 7.2723332 ], [ 134.489379899999989, 7.2726221 ], [ 134.489379899999989, 7.2726555 ], [ 134.488998400000014, 7.272047 ], [ 134.4889832, 7.2720332 ], [ 134.4887848, 7.2716832 ], [ 134.4883423, 7.2709889 ], [ 134.4882507, 7.2708001 ], [ 134.487945599999989, 7.2701836 ], [ 134.4880829, 7.2701249 ], [ 134.4882507, 7.270061 ], [ 134.488754300000011, 7.2695556 ], [ 134.4890442, 7.2694807 ], [ 134.4890442, 7.2694778 ], [ 134.4893341, 7.2693973 ], [ 134.4894257, 7.2691889 ], [ 134.489502, 7.2690334 ], [ 134.489502, 7.2690306 ], [ 134.4895783, 7.268878 ], [ 134.4895783, 7.268539 ], [ 134.4897308, 7.2683168 ], [ 134.4898071, 7.2681861 ], [ 134.4914398, 7.266664 ], [ 134.491483100000011, 7.2666239 ] ] ] } },
{ "type": "Feature", "properties": { "RCID": 5574, "PRIM": 3, "GRUP": 2, "OBJL": 308, "RVER": 1, "AGEN": 550, "FIDN": 776459242, "FIDS": 9, "LNAM": "02262E47D3EA0009", "LNAM_REFS": null, "FFPT_RIND": null, "CATQUA": null, "CATZOC": 3, "DRVAL1": null, "DRVAL2": null, "POSACC": null, "SOUACC": null, "SUREND": "2004", "SURSTA": "1969", "TECSOU": null, "VERDAT": null, "INFORM": "A) U.S. Navy LIDAR Survey, 2004, Archive No. 04HFM01, Scale 1:5,000-1:10,000; B) U.S. Navy Single Beam Survey, 1969, Archive No. 685036, Scale 1:10,000-1:20,000", "NINFOM": null, "NTXTDS": null, "TXTDSC": null, "RECDAT": null, "RECIND": null, "SORDAT": "20150206", "SORIND": "US,US,reprt,L-246-2015", "_enc_cell": "US4TB3P0" }, "geometry": { "type": "Polygon", "coordinates": [ [ [ 134.4961548, 7.2772613 ], [ 134.49617, 7.2772555 ], [ 134.4965363, 7.2769251 ], [ 134.497894300000013, 7.2756805 ], [ 134.4979553, 7.2756195 ], [ 134.4979553, 7.2756167 ], [ 134.498016400000012, 7.2755666 ], [ 134.4980469, 7.2751083 ], [ 134.4980621, 7.2748222 ], [ 134.4980774, 7.2747526 ], [ 134.4980927, 7.2746668 ], [ 134.4980927, 7.2745528 ], [ 134.498138399999988, 7.2740946 ], [ 134.4981995, 7.2735972 ], [ 134.4983368, 7.272378 ], [ 134.4983978, 7.2717056 ], [ 134.4984131, 7.2715778 ], [ 134.4983978, 7.2714696 ], [ 134.4983978, 7.2714639 ], [ 134.4983978, 7.2714529 ], [ 134.4983557, 7.2711966 ], [ 134.497982400000012, 7.2709482 ], [ 134.4942833, 7.268487 ], [ 134.4934845, 7.2689748 ], [ 134.492004400000013, 7.269886 ], [ 134.491531400000014, 7.2701502 ], [ 134.4914703, 7.2701888 ], [ 134.4913788, 7.2702475 ], [ 134.4904938, 7.2707558 ], [ 134.4904785, 7.2707667 ], [ 134.490463299999988, 7.2707834 ], [ 134.4897308, 7.2719002 ], [ 134.4895325, 7.2723055 ], [ 134.4895172, 7.2723332 ], [ 134.489379899999989, 7.2726221 ], [ 134.489379899999989, 7.2726555 ], [ 134.489608800000013, 7.2730279 ], [ 134.490676900000011, 7.2738862 ], [ 134.4906921, 7.2738972 ], [ 134.491043100000013, 7.2741528 ], [ 134.491043100000013, 7.2741556 ], [ 134.4911804, 7.2742696 ], [ 134.4914398, 7.2744665 ], [ 134.491989100000012, 7.2744141 ], [ 134.49263, 7.2743526 ], [ 134.4926758, 7.2743502 ], [ 134.493209799999988, 7.2739306 ], [ 134.4934235, 7.2735443 ], [ 134.4934692, 7.2728558 ], [ 134.493942299999986, 7.2726221 ], [ 134.4940033, 7.2723332 ], [ 134.494049100000012, 7.2720556 ], [ 134.4945831, 7.2713695 ], [ 134.495498700000013, 7.2701807 ], [ 134.497177099999988, 7.2719584 ], [ 134.4964905, 7.2725196 ], [ 134.4965363, 7.2725306 ], [ 134.497192399999989, 7.2727804 ], [ 134.497283900000014, 7.2729197 ], [ 134.4978333, 7.2736917 ], [ 134.4974365, 7.2736917 ], [ 134.497345, 7.2737083 ], [ 134.497283900000014, 7.2737222 ], [ 134.4967804, 7.2738137 ], [ 134.4965057, 7.2739387 ], [ 134.4965057, 7.2739415 ], [ 134.496429400000011, 7.2739806 ], [ 134.496215799999987, 7.2740889 ], [ 134.4958954, 7.2743721 ], [ 134.4957886, 7.2745915 ], [ 134.495468100000011, 7.274425 ], [ 134.4949646, 7.2744722 ], [ 134.494781499999988, 7.2746248 ], [ 134.494751, 7.274653 ], [ 134.4947052, 7.2747722 ], [ 134.494659399999989, 7.275022 ], [ 134.4947052, 7.2752557 ], [ 134.4947357, 7.2753806 ], [ 134.4948425, 7.2756581 ], [ 134.4950867, 7.2758946 ], [ 134.495132500000011, 7.2759419 ], [ 134.495376599999986, 7.2759609 ], [ 134.4955444, 7.2759194 ], [ 134.4955902, 7.2759085 ], [ 134.4956513, 7.2758389 ], [ 134.495727499999987, 7.2757669 ], [ 134.4959412, 7.2759275 ], [ 134.495971700000013, 7.2759776 ], [ 134.4961395, 7.2762027 ], [ 134.496215799999987, 7.2764721 ], [ 134.4960632, 7.2766776 ], [ 134.495849600000014, 7.2769418 ], [ 134.4958191, 7.2769861 ], [ 134.4957733, 7.277061 ], [ 134.495483400000012, 7.2774057 ], [ 134.4940186, 7.2777 ], [ 134.494171099999988, 7.2782779 ], [ 134.495254499999987, 7.2780943 ], [ 134.495285, 7.2780609 ], [ 134.495849600000014, 7.2775445 ], [ 134.4961548, 7.2772641 ], [ 134.4961548, 7.2772613 ] ] ] } },
{ "type": "Feature", "properties": { "RCID": 5575, "PRIM": 3, "GRUP": 2, "OBJL": 308, "RVER": 1, "AGEN": 550, "FIDN": 679302023, "FIDS": 9, "LNAM": "0226287D53870009", "LNAM_REFS": null, "FFPT_RIND": null, "CATQUA": null, "CATZOC": 3, "DRVAL1": null, "DRVAL2": null, "POSACC": null, "SOUACC": null, "SUREND": "2004", "SURSTA": null, "TECSOU": null, "VERDAT": null, "INFORM": "U.S. Navy LIDAR Survey, Archive No. 04HFM01, Scale 1:5,000-1:10,000", "NINFOM": null, "NTXTDS": null, "TXTDSC": null, "RECDAT": null, "RECIND": null, "SORDAT": "20150206", "SORIND": "US,US,reprt,L-246-2015", "_enc_cell": "US4TB3P0" }, "geometry": { "type": "Polygon", "coordinates": [ [ [ 134.5001526, 7.2956557 ], [ 134.5001526, 7.2956529 ], [ 134.5001068, 7.2955942 ], [ 134.5001068, 7.2953501 ], [ 134.500427300000013, 7.2947054 ], [ 134.5005951, 7.2946363 ], [ 134.5008698, 7.2946582 ], [ 134.5010986, 7.2946749 ], [ 134.5013275, 7.2948222 ], [ 134.5013275, 7.2949443 ], [ 134.5013275, 7.2949472 ], [ 134.5013428, 7.295114 ], [ 134.501266500000014, 7.2954583 ], [ 134.501037599999989, 7.2958279 ], [ 134.500762900000012, 7.2959943 ], [ 134.5003815, 7.2959085 ], [ 134.5001526, 7.2956557 ] ] ] } },
{ "type": "Feature", "properties": { "RCID": 5576, "PRIM": 3, "GRUP": 2, "OBJL": 308, "RVER": 1, "AGEN": 550, "FIDN": 306667783, "FIDS": 9, "LNAM": "0226124761070009", "LNAM_REFS": null, "FFPT_RIND": null, "CATQUA": null, "CATZOC": 3, "DRVAL1": null, "DRVAL2": null, "POSACC": null, "SOUACC": null, "SUREND": "2004", "SURSTA": null, "TECSOU": null, "VERDAT": null, "INFORM": "U.S. Navy LIDAR Survey, Archive No. 04HFM01, Scale 1:5,000-1:10,000", "NINFOM": null, "NTXTDS": null, "TXTDSC": null, "RECDAT": null, "RECIND": null, "SORDAT": "20150206", "SORIND": "US,US,reprt,L-246-2015", "_enc_cell": "US4TB3P0" }, "geometry": { "type": "Polygon", "coordinates": [ [ [ 134.4679413, 7.3275585 ], [ 134.467971799999987, 7.3274751 ], [ 134.4680023, 7.3273916 ], [ 134.468444799999986, 7.3272724 ], [ 134.4687195, 7.3278027 ], [ 134.468933099999987, 7.3279028 ], [ 134.4690247, 7.3280082 ], [ 134.4691315, 7.3280029 ], [ 134.469223, 7.3279419 ], [ 134.4690704, 7.3276167 ], [ 134.469223, 7.327136 ], [ 134.4693756, 7.3269639 ], [ 134.469574, 7.3268113 ], [ 134.46975710000001, 7.3267417 ], [ 134.4699402, 7.326828 ], [ 134.4701538, 7.3267498 ], [ 134.470138600000013, 7.3266335 ], [ 134.470108, 7.3265276 ], [ 134.4701691, 7.3264751 ], [ 134.4700775, 7.3263917 ], [ 134.470108, 7.3262196 ], [ 134.4701538, 7.3259387 ], [ 134.4705658, 7.3258557 ], [ 134.4708405, 7.325664 ], [ 134.4710388, 7.3254638 ], [ 134.4711762, 7.3251414 ], [ 134.4712524, 7.3249583 ], [ 134.4714356, 7.3248138 ], [ 134.4714356, 7.3247137 ], [ 134.4716644, 7.3245916 ], [ 134.47167970000001, 7.3245916 ], [ 134.4717865, 7.3244472 ], [ 134.471832299999988, 7.3240891 ], [ 134.4721527, 7.3237972 ], [ 134.472229, 7.3235583 ], [ 134.472656300000011, 7.3233776 ], [ 134.4727631, 7.3231387 ], [ 134.4722443, 7.322403 ], [ 134.4722138, 7.32235 ], [ 134.4720154, 7.3221583 ], [ 134.4719086, 7.3220553 ], [ 134.4718628, 7.3218637 ], [ 134.4716644, 7.3213668 ], [ 134.4717255, 7.3212194 ], [ 134.4718018, 7.3211446 ], [ 134.471939099999986, 7.3210583 ], [ 134.4720764, 7.3211112 ], [ 134.4722443, 7.3211832 ], [ 134.4723816, 7.3211527 ], [ 134.472518900000011, 7.3212028 ], [ 134.4726868, 7.3211055 ], [ 134.4728546, 7.3210974 ], [ 134.472991900000011, 7.321136 ], [ 134.473053, 7.3212862 ], [ 134.4730835, 7.3214221 ], [ 134.4730835, 7.3215637 ], [ 134.473007200000012, 7.321661 ], [ 134.472900399999986, 7.3217502 ], [ 134.4728546, 7.3218498 ], [ 134.472702, 7.3219028 ], [ 134.472793599999989, 7.3220501 ], [ 134.4729614, 7.322011 ], [ 134.4731598, 7.3219528 ], [ 134.4732361, 7.3217888 ], [ 134.4731903, 7.3214054 ], [ 134.4731751, 7.3210611 ], [ 134.4732056, 7.3208861 ], [ 134.4735107, 7.3200917 ], [ 134.4734192, 7.3200336 ], [ 134.473266599999988, 7.3199363 ], [ 134.473114, 7.3197637 ], [ 134.473114, 7.319664 ], [ 134.4731903, 7.3195391 ], [ 134.473388699999987, 7.31955 ], [ 134.473465, 7.3194833 ], [ 134.473739599999988, 7.319386 ], [ 134.4740601, 7.3192697 ], [ 134.4741211, 7.3191724 ], [ 134.4741516, 7.3190475 ], [ 134.4742584, 7.3190446 ], [ 134.4742889, 7.3189807 ], [ 134.474227899999988, 7.3187971 ], [ 134.4741669, 7.3185639 ], [ 134.4741821, 7.3183112 ], [ 134.4741669, 7.3181725 ], [ 134.474243199999989, 7.3179975 ], [ 134.4742889, 7.3179026 ], [ 134.4743805, 7.3177805 ], [ 134.4744263, 7.3176751 ], [ 134.4744873, 7.3175554 ], [ 134.4743958, 7.3173919 ], [ 134.474411, 7.3172584 ], [ 134.47456360000001, 7.3170137 ], [ 134.4746246, 7.3167334 ], [ 134.47456360000001, 7.3166361 ], [ 134.474472100000014, 7.3165388 ], [ 134.474243199999989, 7.3164973 ], [ 134.4740448, 7.3164139 ], [ 134.4739227, 7.3163028 ], [ 134.473861699999986, 7.3161359 ], [ 134.4739075, 7.3157697 ], [ 134.473983800000013, 7.3156471 ], [ 134.4741211, 7.3155055 ], [ 134.4742889, 7.3153806 ], [ 134.4743652, 7.3153834 ], [ 134.474411, 7.3154416 ], [ 134.474456800000013, 7.3154168 ], [ 134.474456800000013, 7.3153057 ], [ 134.474472100000014, 7.3151193 ], [ 134.4745178, 7.3150387 ], [ 134.4746552, 7.3149915 ], [ 134.4747315, 7.3150168 ], [ 134.474823, 7.3150473 ], [ 134.4749146, 7.315228 ], [ 134.474884, 7.3154001 ], [ 134.4747772, 7.3155222 ], [ 134.4746704, 7.3156056 ], [ 134.4746704, 7.3156891 ], [ 134.4747315, 7.3157363 ], [ 134.474807700000014, 7.3157611 ], [ 134.4748993, 7.3156915 ], [ 134.4748993, 7.3155804 ], [ 134.474884, 7.3154836 ], [ 134.474945100000014, 7.3154721 ], [ 134.4749756, 7.3155112 ], [ 134.47503660000001, 7.3154473 ], [ 134.47503660000001, 7.3153362 ], [ 134.4749908, 7.3152723 ], [ 134.47503660000001, 7.3152056 ], [ 134.4751129, 7.315228 ], [ 134.4751587, 7.3153057 ], [ 134.4752197, 7.3153167 ], [ 134.4752502, 7.3152723 ], [ 134.475189199999988, 7.3151584 ], [ 134.4750824, 7.3151417 ], [ 134.4750671, 7.315011 ], [ 134.4751434, 7.3147526 ], [ 134.4752045, 7.3144832 ], [ 134.475296, 7.3141723 ], [ 134.4753418, 7.3140473 ], [ 134.4752655, 7.3139806 ], [ 134.4750824, 7.3140249 ], [ 134.4748688, 7.3141084 ], [ 134.4746704, 7.3142748 ], [ 134.4745178, 7.3143888 ], [ 134.4742737, 7.3144584 ], [ 134.4736633, 7.3143501 ], [ 134.473465, 7.3144693 ], [ 134.4733429, 7.3145585 ], [ 134.4732056, 7.314539 ], [ 134.4730988, 7.3144918 ], [ 134.473053, 7.3143859 ], [ 134.473053, 7.3142695 ], [ 134.4731598, 7.3140526 ], [ 134.4732208, 7.3138695 ], [ 134.4731903, 7.3138084 ], [ 134.473114, 7.3136807 ], [ 134.4730835, 7.3135805 ], [ 134.473053, 7.3133526 ], [ 134.4729462, 7.3131862 ], [ 134.4726868, 7.3131418 ], [ 134.4723358, 7.3130417 ], [ 134.4721375, 7.3128333 ], [ 134.472030600000011, 7.3124971 ], [ 134.471923800000013, 7.3121944 ], [ 134.471817, 7.3119917 ], [ 134.4716339, 7.3119249 ], [ 134.471450800000014, 7.3119054 ], [ 134.471359299999989, 7.3118639 ], [ 134.4712677, 7.3117194 ], [ 134.4712982, 7.311461 ], [ 134.471359299999989, 7.311214 ], [ 134.4716492, 7.3108196 ], [ 134.4717712, 7.3107138 ], [ 134.4717255, 7.3105359 ], [ 134.4717712, 7.3104224 ], [ 134.4717712, 7.3101778 ], [ 134.471695, 7.3098083 ], [ 134.4717407, 7.3096862 ], [ 134.4718781, 7.3094835 ], [ 134.4718781, 7.3087554 ], [ 134.472045900000012, 7.3075585 ], [ 134.472305299999988, 7.3059669 ], [ 134.4723358, 7.3056054 ], [ 134.472641, 7.3053498 ], [ 134.4730988, 7.3044167 ], [ 134.473388699999987, 7.3029614 ], [ 134.47360230000001, 7.3026609 ], [ 134.473846400000014, 7.3016582 ], [ 134.473861699999986, 7.3014584 ], [ 134.4738007, 7.3013082 ], [ 134.4738159, 7.301189 ], [ 134.4740143, 7.3008804 ], [ 134.4741516, 7.3007221 ], [ 134.474334700000014, 7.3005943 ], [ 134.4745331, 7.3005109 ], [ 134.474716199999989, 7.3005471 ], [ 134.4749603, 7.3006139 ], [ 134.475189199999988, 7.3006859 ], [ 134.475540200000012, 7.3007417 ], [ 134.4758453, 7.3007779 ], [ 134.4760284, 7.3007779 ], [ 134.476181, 7.3007307 ], [ 134.4763031, 7.3006916 ], [ 134.4763489, 7.3006835 ], [ 134.4764557, 7.3006668 ], [ 134.4765778, 7.3007002 ], [ 134.476638799999989, 7.3007722 ], [ 134.4766083, 7.3008723 ], [ 134.4764404, 7.3010249 ], [ 134.4762421, 7.3011694 ], [ 134.4760284, 7.3012834 ], [ 134.475799599999988, 7.3014336 ], [ 134.4755859, 7.3015776 ], [ 134.475433399999986, 7.3016887 ], [ 134.4753723, 7.3017583 ], [ 134.475433399999986, 7.3018637 ], [ 134.475311299999987, 7.3022752 ], [ 134.4749603, 7.3026276 ], [ 134.4747467, 7.3026085 ], [ 134.4745178, 7.302875 ], [ 134.474243199999989, 7.3035779 ], [ 134.4740601, 7.3044334 ], [ 134.473861699999986, 7.3051558 ], [ 134.4737701, 7.3054915 ], [ 134.4736328, 7.3059473 ], [ 134.473266599999988, 7.3070445 ], [ 134.473480200000012, 7.3076 ], [ 134.4738007, 7.30795 ], [ 134.473999, 7.3078251 ], [ 134.4741058, 7.3078222 ], [ 134.474700899999988, 7.3080721 ], [ 134.4752045, 7.3085165 ], [ 134.4752808, 7.3085942 ], [ 134.4752808, 7.3087082 ], [ 134.4752045, 7.3087668 ], [ 134.47503660000001, 7.3087387 ], [ 134.4747772, 7.3086028 ], [ 134.474700899999988, 7.3085194 ], [ 134.4746704, 7.3084221 ], [ 134.4743195, 7.308372 ], [ 134.4738159, 7.3083973 ], [ 134.473617600000011, 7.3082943 ], [ 134.473480200000012, 7.308372 ], [ 134.4734345, 7.3084502 ], [ 134.473388699999987, 7.3085666 ], [ 134.4733429, 7.3086915 ], [ 134.4733582, 7.3087554 ], [ 134.473465, 7.3087387 ], [ 134.4735565, 7.3088474 ], [ 134.4735565, 7.3094721 ], [ 134.4735565, 7.3099084 ], [ 134.4733124, 7.3101196 ], [ 134.473281899999989, 7.3101974 ], [ 134.4733276, 7.3102694 ], [ 134.473266599999988, 7.3103418 ], [ 134.473144499999989, 7.3104057 ], [ 134.4731598, 7.3105168 ], [ 134.473144499999989, 7.3106194 ], [ 134.473129300000011, 7.3107166 ], [ 134.473144499999989, 7.3107805 ], [ 134.4732056, 7.3108196 ], [ 134.473266599999988, 7.3108444 ], [ 134.473281899999989, 7.3109002 ], [ 134.4732208, 7.310936 ], [ 134.473144499999989, 7.3109474 ], [ 134.473114, 7.3110223 ], [ 134.473129300000011, 7.3112779 ], [ 134.4730988, 7.3116221 ], [ 134.473053, 7.311728 ], [ 134.4729614, 7.3117471 ], [ 134.4728241, 7.3118362 ], [ 134.4728699, 7.311914 ], [ 134.4729309, 7.3119946 ], [ 134.473007200000012, 7.3121057 ], [ 134.473114, 7.3123694 ], [ 134.4732208, 7.3126168 ], [ 134.4733582, 7.3126888 ], [ 134.473480200000012, 7.3127446 ], [ 134.4736633, 7.3127585 ], [ 134.4737091, 7.3126669 ], [ 134.4736786, 7.3125362 ], [ 134.4735718, 7.3124776 ], [ 134.473617600000011, 7.3123694 ], [ 134.473754899999989, 7.3122973 ], [ 134.4738007, 7.3123083 ], [ 134.473983800000013, 7.3121443 ], [ 134.4740295, 7.3120751 ], [ 134.473999, 7.311986 ], [ 134.4739227, 7.3119974 ], [ 134.4738159, 7.3119917 ], [ 134.4737091, 7.312078 ], [ 134.4736481, 7.3121777 ], [ 134.473373400000014, 7.3124251 ], [ 134.4732208, 7.3123641 ], [ 134.4731751, 7.3122611 ], [ 134.4732056, 7.3121109 ], [ 134.473373400000014, 7.3119831 ], [ 134.473465, 7.3116751 ], [ 134.473388699999987, 7.3115029 ], [ 134.4734039, 7.3113942 ], [ 134.473373400000014, 7.3112555 ], [ 134.473388699999987, 7.3110724 ], [ 134.473465, 7.3108778 ], [ 134.4737091, 7.3108082 ], [ 134.473877, 7.3108335 ], [ 134.4740448, 7.3108029 ], [ 134.4741669, 7.3107276 ], [ 134.4742737, 7.3106141 ], [ 134.4743958, 7.310575 ], [ 134.4745178, 7.3104081 ], [ 134.4746094, 7.3102222 ], [ 134.4746857, 7.3100109 ], [ 134.4746704, 7.3098998 ], [ 134.4746704, 7.309803 ], [ 134.474700899999988, 7.3096194 ], [ 134.4748535, 7.3095331 ], [ 134.4748688, 7.3094139 ], [ 134.4749756, 7.3092527 ], [ 134.4751587, 7.3092971 ], [ 134.475662199999988, 7.3094363 ], [ 134.4759827, 7.3094363 ], [ 134.4761658, 7.3093391 ], [ 134.476257299999986, 7.3092279 ], [ 134.476150499999989, 7.3089085 ], [ 134.476471, 7.3088307 ], [ 134.4767304, 7.3088613 ], [ 134.476974500000011, 7.3089914 ], [ 134.4772644, 7.3090529 ], [ 134.4774933, 7.3089914 ], [ 134.477706899999987, 7.3088307 ], [ 134.4779663, 7.3085389 ], [ 134.478302, 7.3083553 ], [ 134.478683499999988, 7.3083248 ], [ 134.4790497, 7.3083029 ], [ 134.4794312, 7.3081946 ], [ 134.479736300000013, 7.3081026 ], [ 134.4800873, 7.3078666 ], [ 134.4803619, 7.3076749 ], [ 134.480606099999989, 7.3075223 ], [ 134.4808502, 7.3074832 ], [ 134.4812317, 7.307497 ], [ 134.4814606, 7.3075361 ], [ 134.4814758, 7.3075361 ], [ 134.481674199999986, 7.3074446 ], [ 134.48188780000001, 7.3073387 ], [ 134.482193, 7.3073306 ], [ 134.482254, 7.307375 ], [ 134.4823456, 7.3074918 ], [ 134.482605, 7.3075972 ], [ 134.4827118, 7.3075419 ], [ 134.4827271, 7.3074002 ], [ 134.482757600000014, 7.3073387 ], [ 134.4828949, 7.3072305 ], [ 134.4829712, 7.3072028 ], [ 134.4832764, 7.3071971 ], [ 134.4833069, 7.3072195 ], [ 134.4833679, 7.3073502 ], [ 134.4833832, 7.3074446 ], [ 134.4833679, 7.307539 ], [ 134.483337400000011, 7.3075833 ], [ 134.4833832, 7.3076224 ], [ 134.4834442, 7.3076029 ], [ 134.483474699999988, 7.30755 ], [ 134.48349, 7.3072529 ], [ 134.4835358, 7.3071528 ], [ 134.4836273, 7.3071113 ], [ 134.483718900000014, 7.307086 ], [ 134.4838409, 7.3069806 ], [ 134.4839172, 7.3069611 ], [ 134.4840241, 7.3069058 ], [ 134.484069799999986, 7.3068419 ], [ 134.4841003, 7.3067279 ], [ 134.484314, 7.3065276 ], [ 134.484436, 7.3063889 ], [ 134.4845123, 7.3062639 ], [ 134.4845123, 7.3061805 ], [ 134.484558099999987, 7.3060918 ], [ 134.4846344, 7.3059721 ], [ 134.4849701, 7.305614 ], [ 134.4851074, 7.305397 ], [ 134.4851227, 7.3051806 ], [ 134.4846344, 7.3050194 ], [ 134.4843903, 7.3050418 ], [ 134.4841309, 7.3051415 ], [ 134.48394780000001, 7.305378 ], [ 134.4836884, 7.3055553 ], [ 134.483429, 7.305614 ], [ 134.4830322, 7.3056221 ], [ 134.4829254, 7.3056502 ], [ 134.482757600000014, 7.3056526 ], [ 134.4824066, 7.3054943 ], [ 134.4823151, 7.3054137 ], [ 134.482269300000013, 7.3053165 ], [ 134.4821777, 7.3052197 ], [ 134.4820709, 7.305161 ], [ 134.4816437, 7.3051558 ], [ 134.48141480000001, 7.3051276 ], [ 134.4812164, 7.3050776 ], [ 134.481063799999987, 7.3050165 ], [ 134.480957, 7.3049278 ], [ 134.4808807, 7.3047471 ], [ 134.480804400000011, 7.3046193 ], [ 134.4806213, 7.3039222 ], [ 134.4807587, 7.3037415 ], [ 134.4807739, 7.303647 ], [ 134.4807587, 7.3034887 ], [ 134.480590799999987, 7.3032584 ], [ 134.4802704, 7.303061 ], [ 134.480239899999987, 7.3029804 ], [ 134.480239899999987, 7.3028779 ], [ 134.480545, 7.3026419 ], [ 134.4807434, 7.3025804 ], [ 134.4807892, 7.3025084 ], [ 134.4808502, 7.302475 ], [ 134.480957, 7.3024669 ], [ 134.48141480000001, 7.3025141 ], [ 134.4815064, 7.3025527 ], [ 134.4817047, 7.3027306 ], [ 134.481781, 7.3028641 ], [ 134.481842, 7.302947 ], [ 134.4819641, 7.3030224 ], [ 134.482162499999987, 7.3030639 ], [ 134.4822388, 7.3031278 ], [ 134.4823151, 7.3032084 ], [ 134.4823608, 7.3033276 ], [ 134.4824219, 7.3033805 ], [ 134.4824524, 7.3034444 ], [ 134.4824524, 7.303514 ], [ 134.482620200000014, 7.3034749 ], [ 134.482650799999988, 7.3034167 ], [ 134.482666, 7.3033056 ], [ 134.4827118, 7.3032308 ], [ 134.482757600000014, 7.3030834 ], [ 134.4827728, 7.302886 ], [ 134.4825897, 7.3028498 ], [ 134.4824829, 7.3027749 ], [ 134.4823608, 7.3022251 ], [ 134.4820862, 7.3021083 ], [ 134.4819489, 7.3020806 ], [ 134.4817505, 7.3019443 ], [ 134.4816132, 7.3019362 ], [ 134.4812775, 7.3019972 ], [ 134.4811401, 7.3019776 ], [ 134.4810486, 7.3019304 ], [ 134.480896, 7.3017111 ], [ 134.480804400000011, 7.3015609 ], [ 134.480728199999987, 7.3014917 ], [ 134.4804382, 7.3014526 ], [ 134.4803162, 7.3014054 ], [ 134.480239899999987, 7.3013501 ], [ 134.480224600000014, 7.3012724 ], [ 134.4800873, 7.3012333 ], [ 134.480011, 7.3011694 ], [ 134.47995, 7.3009305 ], [ 134.4797821, 7.3008447 ], [ 134.479644799999988, 7.300664 ], [ 134.4795532, 7.300653 ], [ 134.4792023, 7.3006835 ], [ 134.47901920000001, 7.3006444 ], [ 134.4789581, 7.3005724 ], [ 134.4788666, 7.3004332 ], [ 134.478790299999986, 7.3002639 ], [ 134.478790299999986, 7.300128 ], [ 134.4788361, 7.3000026 ], [ 134.478897100000012, 7.2999082 ], [ 134.4789887, 7.2998443 ], [ 134.4790955, 7.2998362 ], [ 134.479156499999988, 7.2998724 ], [ 134.4792481, 7.2998724 ], [ 134.4793091, 7.2998304 ], [ 134.479370100000011, 7.2998557 ], [ 134.4795227, 7.2999721 ], [ 134.479766899999987, 7.3002777 ], [ 134.479980500000011, 7.3003445 ], [ 134.4801636, 7.3003836 ], [ 134.4807739, 7.3004499 ], [ 134.480941800000011, 7.3005109 ], [ 134.481079099999988, 7.3005304 ], [ 134.4811096, 7.3004918 ], [ 134.481094399999989, 7.3004389 ], [ 134.4810028, 7.3004112 ], [ 134.480896, 7.3003998 ], [ 134.4807892, 7.300364 ], [ 134.4806519, 7.3003111 ], [ 134.480423, 7.3001804 ], [ 134.4803009, 7.3001695 ], [ 134.480224600000014, 7.3000917 ], [ 134.480133099999989, 7.3000445 ], [ 134.480011, 7.3000054 ], [ 134.479751599999986, 7.2998166 ], [ 134.4794617, 7.299675 ], [ 134.479385400000012, 7.2994804 ], [ 134.4793091, 7.2994471 ], [ 134.479263300000014, 7.2994752 ], [ 134.479034399999989, 7.299386 ], [ 134.478897100000012, 7.2993751 ], [ 134.4788208, 7.2994113 ], [ 134.478775, 7.2994695 ], [ 134.478668199999987, 7.2998667 ], [ 134.478546099999988, 7.3000279 ], [ 134.4785004, 7.3001418 ], [ 134.4783936, 7.3000917 ], [ 134.478302, 7.2999554 ], [ 134.478073099999989, 7.2996836 ], [ 134.4779968, 7.299675 ], [ 134.4779053, 7.2996359 ], [ 134.477813700000013, 7.2995944 ], [ 134.4777374, 7.2995305 ], [ 134.4774017, 7.2994666 ], [ 134.477249199999989, 7.2993999 ], [ 134.4771271, 7.2992721 ], [ 134.4771271, 7.2990637 ], [ 134.4772949, 7.2989416 ], [ 134.477584799999988, 7.2989416 ], [ 134.4778442, 7.2988887 ], [ 134.4780426, 7.2988248 ], [ 134.478210499999989, 7.2988248 ], [ 134.478408800000011, 7.2987971 ], [ 134.47853090000001, 7.2987304 ], [ 134.478653, 7.2987332 ], [ 134.4789429, 7.2986999 ], [ 134.4790955, 7.2987137 ], [ 134.4792481, 7.2987609 ], [ 134.4794464, 7.298914 ], [ 134.479538, 7.2989669 ], [ 134.4796074, 7.2989908 ], [ 134.4796753, 7.2990141 ], [ 134.4797821, 7.2990141 ], [ 134.479836, 7.2989577 ], [ 134.4799042, 7.2988863 ], [ 134.479980500000011, 7.2988362 ], [ 134.480072, 7.2988277 ], [ 134.4802295, 7.2989008 ], [ 134.488169199999987, 7.2977523 ], [ 134.4955369, 7.3025688 ], [ 134.495575, 7.3025723 ], [ 134.495636, 7.3025527 ], [ 134.495849600000014, 7.3026276 ], [ 134.4959106, 7.3026891 ], [ 134.495956400000011, 7.3027611 ], [ 134.4960327, 7.3027859 ], [ 134.496353199999987, 7.3030415 ], [ 134.4963787, 7.3031191 ], [ 134.5, 7.3054865 ], [ 134.5096438, 7.3117911 ], [ 134.5130346, 7.3084598 ], [ 134.5195186, 7.3125644 ], [ 134.5208589, 7.3108555 ], [ 134.521765499999987, 7.3096996 ], [ 134.521898099999987, 7.3095306 ], [ 134.5210194, 7.3079468 ], [ 134.520700799999986, 7.3073726 ], [ 134.52063, 7.307245 ], [ 134.518203699999987, 7.306953 ], [ 134.5181732, 7.3069472 ], [ 134.518203699999987, 7.3062081 ], [ 134.518203699999987, 7.3056583 ], [ 134.518219, 7.3044529 ], [ 134.5186282, 7.3036368 ], [ 134.5184567, 7.3033276 ], [ 134.518214300000011, 7.3028908 ], [ 134.5171509, 7.3025889 ], [ 134.5170593, 7.3024669 ], [ 134.516647299999988, 7.3018613 ], [ 134.516571, 7.3017526 ], [ 134.5161896, 7.3015194 ], [ 134.515914900000013, 7.3015585 ], [ 134.5157776, 7.3017612 ], [ 134.5157623, 7.3019891 ], [ 134.515930200000014, 7.3021693 ], [ 134.5157929, 7.3024998 ], [ 134.5157776, 7.3025308 ], [ 134.5157776, 7.3025389 ], [ 134.5157318, 7.3026638 ], [ 134.515441900000013, 7.3034306 ], [ 134.5153961, 7.3035388 ], [ 134.5152283, 7.3040085 ], [ 134.5146637, 7.3038416 ], [ 134.5144196, 7.3037696 ], [ 134.5142822, 7.3037334 ], [ 134.513855, 7.3035808 ], [ 134.5135651, 7.3034916 ], [ 134.513412499999987, 7.3034415 ], [ 134.5126038, 7.3031306 ], [ 134.5106812, 7.3023973 ], [ 134.50820920000001, 7.3012304 ], [ 134.5074921, 7.3007808 ], [ 134.5066986, 7.3001447 ], [ 134.5062256, 7.2996669 ], [ 134.5057678, 7.2990751 ], [ 134.505493199999989, 7.2985807 ], [ 134.5052033, 7.2983222 ], [ 134.5051422, 7.2982583 ], [ 134.50485230000001, 7.2982445 ], [ 134.5033569, 7.2985945 ], [ 134.503082299999988, 7.2982612 ], [ 134.502945, 7.2980776 ], [ 134.5028381, 7.2979388 ], [ 134.5027313, 7.297811 ], [ 134.502212500000013, 7.2976584 ], [ 134.50177, 7.2975249 ], [ 134.5015411, 7.297461 ], [ 134.5014038, 7.2974196 ], [ 134.5013428, 7.2973332 ], [ 134.501297, 7.2972555 ], [ 134.501022299999988, 7.2968721 ], [ 134.5008545, 7.2970305 ], [ 134.5008392, 7.2973862 ], [ 134.500762900000012, 7.2982612 ], [ 134.500671399999987, 7.299397 ], [ 134.5005951, 7.3002529 ], [ 134.5005951, 7.3002558 ], [ 134.5005798, 7.3004222 ], [ 134.500549299999989, 7.3008194 ], [ 134.5005035, 7.3013415 ], [ 134.5005035, 7.3013444 ], [ 134.50039670000001, 7.302814 ], [ 134.500351, 7.3027916 ], [ 134.5003357, 7.3027887 ], [ 134.5, 7.302639 ], [ 134.499588, 7.3024554 ], [ 134.499588, 7.3024526 ], [ 134.498275799999988, 7.3018751 ], [ 134.4973297, 7.3005805 ], [ 134.497192399999989, 7.3003917 ], [ 134.496917700000012, 7.3002944 ], [ 134.4969025, 7.3002915 ], [ 134.4958344, 7.2999363 ], [ 134.495468100000011, 7.2998166 ], [ 134.4947052, 7.299561 ], [ 134.4946137, 7.2995305 ], [ 134.4944763, 7.2994084 ], [ 134.4940949, 7.2990665 ], [ 134.4938965, 7.2988863 ], [ 134.493804899999986, 7.2987971 ], [ 134.492965700000013, 7.2980471 ], [ 134.4892883, 7.2951527 ], [ 134.4878998, 7.2942667 ], [ 134.4867554, 7.2935305 ], [ 134.4867554, 7.2935276 ], [ 134.4862518, 7.2932 ], [ 134.485992399999986, 7.2930446 ], [ 134.485534699999988, 7.2927585 ], [ 134.485275300000012, 7.2926002 ], [ 134.485275300000012, 7.2925973 ], [ 134.484664900000013, 7.2922168 ], [ 134.483123799999987, 7.2912445 ], [ 134.4830322, 7.2910752 ], [ 134.4828544, 7.2907472 ], [ 134.48228, 7.2907923 ], [ 134.4819421, 7.2904655 ], [ 134.481018, 7.2895718 ], [ 134.473926400000011, 7.2827135 ], [ 134.4732381, 7.2820478 ], [ 134.4719872, 7.2814556 ], [ 134.469223, 7.280147 ], [ 134.469223, 7.2802196 ], [ 134.468826299999989, 7.2799668 ], [ 134.468826299999989, 7.279964 ], [ 134.4687931, 7.2799434 ], [ 134.4678079, 7.279477 ], [ 134.4677087, 7.2794301 ], [ 134.467615099999989, 7.2793857 ], [ 134.4671942, 7.2791865 ], [ 134.4670868, 7.2794113 ], [ 134.466903699999989, 7.2798109 ], [ 134.4668274, 7.2799444 ], [ 134.46626280000001, 7.2810583 ], [ 134.4660797, 7.2817946 ], [ 134.4660187, 7.2820363 ], [ 134.4657593, 7.2830277 ], [ 134.465194700000012, 7.2836943 ], [ 134.46492, 7.2840166 ], [ 134.4645538, 7.2844362 ], [ 134.464218100000011, 7.2851224 ], [ 134.4641571, 7.285275 ], [ 134.4640961, 7.2853971 ], [ 134.46229550000001, 7.2874084 ], [ 134.46229550000001, 7.2875056 ], [ 134.4622803, 7.2876749 ], [ 134.462265, 7.287828 ], [ 134.4620361, 7.288075 ], [ 134.4618683, 7.2882557 ], [ 134.4617767, 7.2883639 ], [ 134.4616699, 7.288475 ], [ 134.4614563, 7.2886806 ], [ 134.4613953, 7.2887502 ], [ 134.4612732, 7.2889667 ], [ 134.4610596, 7.2893529 ], [ 134.461013799999989, 7.2894363 ], [ 134.460556, 7.2903638 ], [ 134.46051030000001, 7.290453 ], [ 134.460495, 7.2904835 ], [ 134.46037290000001, 7.2906251 ], [ 134.4598236, 7.2912779 ], [ 134.459686299999987, 7.2914 ], [ 134.4595184, 7.2915525 ], [ 134.459213299999988, 7.2918248 ], [ 134.4590454, 7.2919664 ], [ 134.4590302, 7.2919693 ], [ 134.4588623, 7.2919998 ], [ 134.458847100000014, 7.292028 ], [ 134.4587708, 7.2921305 ], [ 134.4587402, 7.2921805 ], [ 134.4586639, 7.2923026 ], [ 134.4586487, 7.2923083 ], [ 134.458618199999989, 7.2923141 ], [ 134.4585114, 7.292336 ], [ 134.4580841, 7.2929778 ], [ 134.457275399999986, 7.2941999 ], [ 134.4572296, 7.294436 ], [ 134.4570923, 7.2950363 ], [ 134.4570007, 7.2954502 ], [ 134.4569397, 7.2956529 ], [ 134.457168599999989, 7.2958584 ], [ 134.457290699999987, 7.2959666 ], [ 134.4572144, 7.2961583 ], [ 134.4571075, 7.2964168 ], [ 134.4569397, 7.2968221 ], [ 134.456909200000013, 7.2974277 ], [ 134.456909200000013, 7.2980919 ], [ 134.4569702, 7.2987695 ], [ 134.4570465, 7.2997141 ], [ 134.4571991, 7.2999501 ], [ 134.4572449, 7.3003054 ], [ 134.4575958, 7.3007026 ], [ 134.4580536, 7.3014555 ], [ 134.457992600000011, 7.3016529 ], [ 134.458374, 7.3020001 ], [ 134.45858770000001, 7.3022056 ], [ 134.458618199999989, 7.3021889 ], [ 134.458953900000012, 7.3020387 ], [ 134.4589691, 7.3020697 ], [ 134.459182700000014, 7.3024168 ], [ 134.4592743, 7.3025417 ], [ 134.459426900000011, 7.3028054 ], [ 134.4594574, 7.3028474 ], [ 134.4594727, 7.3029027 ], [ 134.4598541, 7.3038669 ], [ 134.4599457, 7.3041277 ], [ 134.4601288, 7.3045387 ], [ 134.460223, 7.3047004 ], [ 134.460797, 7.3046663 ], [ 134.461119, 7.3046472 ], [ 134.4617226, 7.3055801 ], [ 134.462900600000012, 7.3074006 ], [ 134.4634747, 7.3082878 ], [ 134.4642552, 7.3156694 ], [ 134.4643261, 7.3163391 ], [ 134.4645272, 7.3182416 ], [ 134.464722200000011, 7.3200855 ], [ 134.4648053, 7.320871 ], [ 134.4648726, 7.3215075 ], [ 134.4650031, 7.3227418 ], [ 134.4650791, 7.3234604 ], [ 134.4651165, 7.3238137 ], [ 134.4652581, 7.3240198 ], [ 134.465962600000012, 7.3250445 ], [ 134.4662483, 7.32546 ], [ 134.4673797, 7.3271057 ], [ 134.4674721, 7.3272402 ], [ 134.4679386, 7.3275667 ], [ 134.4679413, 7.3275585 ] ], [ [ 134.46928410000001, 7.3200083 ], [ 134.4690704, 7.3200584 ], [ 134.4690094, 7.3201361 ], [ 134.469039900000013, 7.3202305 ], [ 134.4691925, 7.3202581 ], [ 134.46928410000001, 7.3204279 ], [ 134.469406099999986, 7.3207278 ], [ 134.469421399999987, 7.3209887 ], [ 134.469406099999986, 7.3212724 ], [ 134.4693756, 7.3214779 ], [ 134.4693298, 7.3219609 ], [ 134.469406099999986, 7.3221612 ], [ 134.469512900000012, 7.3222585 ], [ 134.46975710000001, 7.3221054 ], [ 134.4699707, 7.3219276 ], [ 134.4699402, 7.3218141 ], [ 134.4701538, 7.3216085 ], [ 134.4701996, 7.3212695 ], [ 134.470260599999989, 7.3211222 ], [ 134.470382699999988, 7.3206167 ], [ 134.470489500000014, 7.320539 ], [ 134.470504799999986, 7.320303 ], [ 134.470382699999988, 7.3202276 ], [ 134.4702759, 7.3200917 ], [ 134.470047, 7.3200083 ], [ 134.4697418, 7.3199444 ], [ 134.46928410000001, 7.3200083 ] ], [ [ 134.4776306, 7.3045111 ], [ 134.4775238, 7.3047943 ], [ 134.4773712, 7.3051224 ], [ 134.4771881, 7.3053165 ], [ 134.4771423, 7.305686 ], [ 134.4771729, 7.3059001 ], [ 134.477249199999989, 7.3061166 ], [ 134.4773865, 7.3060832 ], [ 134.477478, 7.3061442 ], [ 134.477600099999989, 7.3060832 ], [ 134.4776917, 7.3059249 ], [ 134.4777679, 7.3059444 ], [ 134.477951100000013, 7.3058915 ], [ 134.478073099999989, 7.3058224 ], [ 134.478179899999986, 7.3056641 ], [ 134.478317299999986, 7.3054471 ], [ 134.478408800000011, 7.3052001 ], [ 134.478424100000012, 7.3049359 ], [ 134.478363, 7.3047223 ], [ 134.4782715, 7.3044806 ], [ 134.478195199999988, 7.3042054 ], [ 134.478073099999989, 7.3041501 ], [ 134.477951100000013, 7.3041668 ], [ 134.4777527, 7.3043165 ], [ 134.4776306, 7.3045111 ] ], [ [ 134.467498799999987, 7.325922 ], [ 134.4674377, 7.3261919 ], [ 134.4676514, 7.3264999 ], [ 134.46818540000001, 7.3268724 ], [ 134.468582199999986, 7.3270583 ], [ 134.4686585, 7.3270192 ], [ 134.4687805, 7.326478 ], [ 134.4688568, 7.326314 ], [ 134.4689789, 7.3262029 ], [ 134.46914670000001, 7.3260779 ], [ 134.469223, 7.3259807 ], [ 134.469162, 7.3258057 ], [ 134.4690094, 7.3257194 ], [ 134.4688721, 7.3256946 ], [ 134.4685364, 7.3258419 ], [ 134.4682617, 7.3258915 ], [ 134.4678803, 7.3257666 ], [ 134.467498799999987, 7.325922 ] ], [ [ 134.4718781, 7.3192887 ], [ 134.471695, 7.3195028 ], [ 134.471557600000011, 7.3197026 ], [ 134.471466099999986, 7.3199387 ], [ 134.4714356, 7.3200946 ], [ 134.4714813, 7.3202086 ], [ 134.4716492, 7.3202558 ], [ 134.4717255, 7.3203001 ], [ 134.47167970000001, 7.3204918 ], [ 134.471756, 7.3206224 ], [ 134.4719696, 7.3208695 ], [ 134.4721985, 7.3210416 ], [ 134.472320599999989, 7.3210197 ], [ 134.4723969, 7.3209109 ], [ 134.472702, 7.3206081 ], [ 134.4726715, 7.3202887 ], [ 134.4725647, 7.3202334 ], [ 134.4724426, 7.3201389 ], [ 134.4723969, 7.3199554 ], [ 134.4724731, 7.3197889 ], [ 134.4724731, 7.3196445 ], [ 134.472412100000014, 7.3194723 ], [ 134.4722748, 7.3194137 ], [ 134.4721985, 7.3192887 ], [ 134.4720917, 7.3192887 ], [ 134.4718781, 7.3192887 ] ], [ [ 134.4787293, 7.3038387 ], [ 134.4788208, 7.3038111 ], [ 134.4789429, 7.3037305 ], [ 134.4790649, 7.3037057 ], [ 134.479126, 7.3036027 ], [ 134.4792328, 7.3034697 ], [ 134.4793243, 7.3033695 ], [ 134.4794006, 7.3032417 ], [ 134.4794006, 7.3031139 ], [ 134.4793549, 7.3029723 ], [ 134.479263300000014, 7.3028722 ], [ 134.479156499999988, 7.3028169 ], [ 134.4788361, 7.3028169 ], [ 134.4787445, 7.3028779 ], [ 134.4786224, 7.3030057 ], [ 134.4786072, 7.30335 ], [ 134.4786224, 7.3035307 ], [ 134.478653, 7.3036752 ], [ 134.478653, 7.303803 ], [ 134.4787293, 7.3038387 ] ], [ [ 134.4711914, 7.3234863 ], [ 134.4712372, 7.323647 ], [ 134.4711762, 7.3237391 ], [ 134.4711914, 7.3238277 ], [ 134.4713135, 7.3238196 ], [ 134.471466099999986, 7.3237276 ], [ 134.4716187, 7.3235974 ], [ 134.4718018, 7.3234944 ], [ 134.4719086, 7.323472 ], [ 134.4719849, 7.3233275 ], [ 134.4720001, 7.3232918 ], [ 134.471939099999986, 7.323278 ], [ 134.471939099999986, 7.3231888 ], [ 134.4718933, 7.3231306 ], [ 134.4719086, 7.3229446 ], [ 134.4718628, 7.322875 ], [ 134.4716034, 7.3226528 ], [ 134.4715118, 7.3226223 ], [ 134.4714203, 7.3227553 ], [ 134.471405, 7.3228416 ], [ 134.471405, 7.3230028 ], [ 134.4713135, 7.3231053 ], [ 134.4712982, 7.323164 ], [ 134.47120670000001, 7.3233166 ], [ 134.471221899999989, 7.3233695 ], [ 134.4711914, 7.3234863 ] ], [ [ 134.4693909, 7.325078 ], [ 134.4692688, 7.3252721 ], [ 134.4693756, 7.3256002 ], [ 134.4697113, 7.3256474 ], [ 134.469986, 7.3258085 ], [ 134.4701691, 7.3256998 ], [ 134.47024540000001, 7.3255167 ], [ 134.470108, 7.3252473 ], [ 134.4696808, 7.3250418 ], [ 134.4693909, 7.325078 ] ], [ [ 134.4666748, 7.3234334 ], [ 134.4665985, 7.3234224 ], [ 134.4664612, 7.3234639 ], [ 134.466415399999988, 7.3235831 ], [ 134.4663849, 7.3239889 ], [ 134.466537499999987, 7.324203 ], [ 134.466644300000013, 7.3242641 ], [ 134.4667358, 7.3242807 ], [ 134.4668427, 7.3242359 ], [ 134.466995200000014, 7.3241277 ], [ 134.467041, 7.3240418 ], [ 134.467041, 7.3239527 ], [ 134.466995200000014, 7.3238692 ], [ 134.4669495, 7.323803 ], [ 134.466888399999988, 7.3236775 ], [ 134.4667816, 7.3236055 ], [ 134.4667816, 7.3236027 ], [ 134.466766400000012, 7.323586 ], [ 134.4667358, 7.3234916 ], [ 134.4666748, 7.3234334 ] ], [ [ 134.4668121, 7.3249168 ], [ 134.4667816, 7.324986 ], [ 134.466766400000012, 7.3250833 ], [ 134.4667969, 7.3251777 ], [ 134.4668732, 7.3252835 ], [ 134.466995200000014, 7.3253832 ], [ 134.4671478, 7.3254137 ], [ 134.4672699, 7.3253665 ], [ 134.467376699999988, 7.3252807 ], [ 134.467376699999988, 7.3251696 ], [ 134.4673462, 7.3250527 ], [ 134.4673309, 7.3249359 ], [ 134.4674072, 7.3248444 ], [ 134.467453, 7.324739 ], [ 134.467392, 7.3247113 ], [ 134.4672852, 7.3247724 ], [ 134.4671478, 7.3246665 ], [ 134.4670563, 7.3246555 ], [ 134.46698, 7.3246946 ], [ 134.466888399999988, 7.324739 ], [ 134.4668732, 7.3247914 ], [ 134.4668121, 7.3249168 ] ], [ [ 134.4730377, 7.3185697 ], [ 134.4730988, 7.3187027 ], [ 134.4732361, 7.3189249 ], [ 134.473373400000014, 7.3189778 ], [ 134.4736481, 7.3188529 ], [ 134.473877, 7.3187027 ], [ 134.4739533, 7.3185916 ], [ 134.4739533, 7.3184724 ], [ 134.4739075, 7.3183694 ], [ 134.4737854, 7.3183613 ], [ 134.4736481, 7.3184304 ], [ 134.4735413, 7.3184667 ], [ 134.4734192, 7.3184304 ], [ 134.4732361, 7.3184667 ], [ 134.4732056, 7.3185167 ], [ 134.4730988, 7.3184891 ], [ 134.4730377, 7.3185697 ] ], [ [ 134.473938, 7.3096166 ], [ 134.4737701, 7.3096752 ], [ 134.4736328, 7.3097806 ], [ 134.47360230000001, 7.3098474 ], [ 134.4736939, 7.3099556 ], [ 134.473739599999988, 7.3100419 ], [ 134.473754899999989, 7.3101692 ], [ 134.4738007, 7.3102779 ], [ 134.473938, 7.3103056 ], [ 134.4741821, 7.3101778 ], [ 134.47421270000001, 7.3101335 ], [ 134.4743042, 7.3100252 ], [ 134.474456800000013, 7.3099113 ], [ 134.474472100000014, 7.3098445 ], [ 134.4743805, 7.3097835 ], [ 134.4741974, 7.3097277 ], [ 134.4740295, 7.3096695 ], [ 134.473938, 7.3096166 ] ], [ [ 134.467376699999988, 7.3243861 ], [ 134.467376699999988, 7.3245363 ], [ 134.4676971, 7.324522 ], [ 134.4678955, 7.324378 ], [ 134.4679108, 7.3241835 ], [ 134.4677734, 7.3239946 ], [ 134.4676514, 7.3239164 ], [ 134.4674377, 7.3239861 ], [ 134.4674225, 7.3241472 ], [ 134.467376699999988, 7.3243861 ] ], [ [ 134.4717407, 7.3176141 ], [ 134.4717712, 7.3177276 ], [ 134.4718018, 7.3178415 ], [ 134.471756, 7.3178916 ], [ 134.4717407, 7.3179498 ], [ 134.4716492, 7.3180084 ], [ 134.4716644, 7.3181086 ], [ 134.4717865, 7.3181086 ], [ 134.471817, 7.3180723 ], [ 134.4718628, 7.3180804 ], [ 134.471939099999986, 7.3180752 ], [ 134.4720001, 7.3180447 ], [ 134.4720154, 7.3179474 ], [ 134.472030600000011, 7.3178973 ], [ 134.4720764, 7.3178721 ], [ 134.4721222, 7.3177443 ], [ 134.4721069, 7.3176751 ], [ 134.472061200000013, 7.3175721 ], [ 134.471923800000013, 7.3174944 ], [ 134.4718475, 7.3175721 ], [ 134.4717865, 7.3175669 ], [ 134.4717407, 7.3176141 ] ], [ [ 134.4735107, 7.3087387 ], [ 134.473617600000011, 7.3088474 ], [ 134.4737244, 7.3088417 ], [ 134.4738007, 7.3087778 ], [ 134.4738312, 7.3086834 ], [ 134.473754899999989, 7.3084416 ], [ 134.4736633, 7.3084192 ], [ 134.4735565, 7.3084779 ], [ 134.473480200000012, 7.3086138 ], [ 134.4735107, 7.3087387 ] ] ] } },
{ "type": "Feature", "properties": { "RCID": 5577, "PRIM": 3, "GRUP": 2, "OBJL": 308, "RVER": 1, "AGEN": 550, "FIDN": 530286765, "FIDS": 9, "LNAM": "02261F9B88AD0009", "LNAM_REFS": null, "FFPT_RIND": null, "CATQUA": null, "CATZOC": 3, "DRVAL1": 10.0, "DRVAL2": null, "POSACC": null, "SOUACC": null, "SUREND": "2004", "SURSTA": null, "TECSOU": null, "VERDAT": null, "INFORM": "U.S. Navy LIDAR Survey, Archive No. 04HFM01, Scale 1:5,000-1:10,000", "NINFOM": null, "NTXTDS": null, "TXTDSC": null, "RECDAT": null, "RECIND": null, "SORDAT": "20150206", "SORIND": "US,US,reprt,L-246-2015", "_enc_cell": "US4TB3P0" }, "geometry": { "type": "Polygon", "coordinates": [ [ [ 134.5245361, 7.3107224 ], [ 134.524563300000011, 7.3104556 ], [ 134.524453099999988, 7.3105783 ], [ 134.524338300000011, 7.3107061 ], [ 134.5244411, 7.3118477 ], [ 134.5245361, 7.3107276 ], [ 134.5245361, 7.3107224 ] ] ] } },
{ "type": "Feature", "properties": { "RCID": 5579, "PRIM": 3, "GRUP": 2, "OBJL": 308, "RVER": 1, "AGEN": 550, "FIDN": 308502926, "FIDS": 9, "LNAM": "02261263618E0009", "LNAM_REFS": null, "FFPT_RIND": null, "CATQUA": null, "CATZOC": 3, "DRVAL1": 15.0, "DRVAL2": null, "POSACC": null, "SOUACC": null, "SUREND": "2004", "SURSTA": null, "TECSOU": null, "VERDAT": null, "INFORM": "U.S. Navy LIDAR Survey, Archive No. 04HFM01, Scale 1:5,000-1:10,000", "NINFOM": null, "NTXTDS": null, "TXTDSC": null, "RECDAT": null, "RECIND": null, "SORDAT": "20150206", "SORIND": "US,US,reprt,L-246-2015", "_enc_cell": "US4TB3P0" }, "geometry": { "type": "Polygon", "coordinates": [ [ [ 134.5264352, 7.3083709 ], [ 134.5269557, 7.3077913 ], [ 134.527342800000014, 7.3081228 ], [ 134.5279483, 7.3086412 ], [ 134.527587899999986, 7.3084974 ], [ 134.5271759, 7.3083391 ], [ 134.526733400000012, 7.3083582 ], [ 134.5264352, 7.3083709 ] ] ] } },
{ "type": "Feature", "properties": { "RCID": 5580, "PRIM": 3, "GRUP": 2, "OBJL": 308, "RVER": 1, "AGEN": 550, "FIDN": 999006956, "FIDS": 9, "LNAM": "02263B8BA2EC0009", "LNAM_REFS": null, "FFPT_RIND": null, "CATQUA": null, "CATZOC": 5, "DRVAL1": null, "DRVAL2": null, "POSACC": null, "SOUACC": null, "SUREND": "1938", "SURSTA": "1915", "TECSOU": null, "VERDAT": null, "INFORM": "Former Japan Chart 481 (Ed. 1940, Rev. 1944), from Japan surveys, Scale 1:25,000", "NINFOM": null, "NTXTDS": null, "TXTDSC": null, "RECDAT": null, "RECIND": null, "SORDAT": "20150206", "SORIND": "US,US,reprt,L-246-2015", "_enc_cell": "US4TB3P0" }, "geometry": { "type": "Polygon", "coordinates": [ [ [ 134.5533447, 7.3187304 ], [ 134.553436299999987, 7.3186555 ], [ 134.5538635, 7.3187165 ], [ 134.554016100000013, 7.31885 ], [ 134.5541992, 7.3192582 ], [ 134.5543518, 7.3200111 ], [ 134.5543518, 7.3200498 ], [ 134.5543366, 7.3201637 ], [ 134.5542297, 7.3203554 ], [ 134.5540009, 7.3204141 ], [ 134.553436299999987, 7.3202248 ], [ 134.5532227, 7.3200498 ], [ 134.552887, 7.3194418 ], [ 134.5529022, 7.3194223 ], [ 134.5529022, 7.3194165 ], [ 134.552963299999988, 7.3192582 ], [ 134.553070100000014, 7.3189778 ], [ 134.5533447, 7.3187304 ] ] ] } },
{ "type": "Feature", "properties": { "RCID": 5581, "PRIM": 3, "GRUP": 2, "OBJL": 308, "RVER": 1, "AGEN": 550, "FIDN": 707860161, "FIDS": 9, "LNAM": "02262A3116C10009", "LNAM_REFS": null, "FFPT_RIND": null, "CATQUA": null, "CATZOC": 5, "DRVAL1": null, "DRVAL2": null, "POSACC": null, "SOUACC": null, "SUREND": "1938", "SURSTA": "1915", "TECSOU": null, "VERDAT": null, "INFORM": "Former Japan Chart 481 (Ed. 1940, Rev. 1944), from Japan surveys, Scale 1:25,000", "NINFOM": null, "NTXTDS": null, "TXTDSC": null, "RECDAT": null, "RECIND": null, "SORDAT": "20150206", "SORIND": "US,US,reprt,L-246-2015", "_enc_cell": "US4TB3P0" }, "geometry": { "type": "Polygon", "coordinates": [ [ [ 134.5688721, 7.3181247 ], [ 134.5692506, 7.3183204 ], [ 134.5693158, 7.318516 ], [ 134.5688721, 7.3181247 ] ] ] } },
{ "type": "Feature", "properties": { "RCID": 5582, "PRIM": 3, "GRUP": 2, "OBJL": 308, "RVER": 1, "AGEN": 550, "FIDN": 360042718, "FIDS": 9, "LNAM": "02261575D0DE0009", "LNAM_REFS": null, "FFPT_RIND": null, "CATQUA": null, "CATZOC": 3, "DRVAL1": 11.0, "DRVAL2": null, "POSACC": null, "SOUACC": null, "SUREND": "2004", "SURSTA": null, "TECSOU": null, "VERDAT": null, "INFORM": "U.S. Navy LIDAR Survey, Archive No. 04HFM01, Scale 1:5,000-1:10,000", "NINFOM": null, "NTXTDS": null, "TXTDSC": null, "RECDAT": null, "RECIND": null, "SORDAT": "20150206", "SORIND": "US,US,reprt,L-246-2015", "_enc_cell": "US4TB3P0" }, "geometry": { "type": "Polygon", "coordinates": [ [ [ 134.572937, 7.3279862 ], [ 134.573135400000012, 7.3279834 ], [ 134.573349, 7.3280778 ], [ 134.573516899999987, 7.3282585 ], [ 134.5735474, 7.3284001 ], [ 134.5735321, 7.3287029 ], [ 134.57341, 7.3289223 ], [ 134.573028599999986, 7.328989 ], [ 134.5727539, 7.3289166 ], [ 134.5725708, 7.3287334 ], [ 134.5725708, 7.3287306 ], [ 134.572540299999986, 7.3287082 ], [ 134.572433499999988, 7.3283806 ], [ 134.5724945, 7.3282137 ], [ 134.5724945, 7.3282056 ], [ 134.5725098, 7.3281779 ], [ 134.5726929, 7.3279915 ], [ 134.572937, 7.3279862 ] ] ] } },
{ "type": "Feature", "properties": { "RCID": 5583, "PRIM": 3, "GRUP": 2, "OBJL": 308, "RVER": 1, "AGEN": 550, "FIDN": 572918653, "FIDS": 9, "LNAM": "022622260B7D0009", "LNAM_REFS": null, "FFPT_RIND": null, "CATQUA": null, "CATZOC": 3, "DRVAL1": 7.0, "DRVAL2": null, "POSACC": null, "SOUACC": null, "SUREND": "2004", "SURSTA": null, "TECSOU": null, "VERDAT": null, "INFORM": "U.S. Navy LIDAR Survey, Archive No. 04HFM01, Scale 1:5,000-1:10,000", "NINFOM": null, "NTXTDS": null, "TXTDSC": null, "RECDAT": null, "RECIND": null, "SORDAT": "20150206", "SORIND": "US,US,reprt,L-246-2015", "_enc_cell": "US4TB3P0" }, "geometry": { "type": "Polygon", "coordinates": [ [ [ 134.5830536, 7.3290248 ], [ 134.5830994, 7.3289776 ], [ 134.5847321, 7.3270998 ], [ 134.5854034, 7.326303 ], [ 134.5854034, 7.3263001 ], [ 134.585434, 7.3262668 ], [ 134.5857973, 7.3258395 ], [ 134.585105, 7.325003 ], [ 134.5824893, 7.3218423 ], [ 134.582428, 7.3227444 ], [ 134.582428, 7.3237472 ], [ 134.5817108, 7.3250804 ], [ 134.580841099999986, 7.3262363 ], [ 134.580734299999989, 7.3263807 ], [ 134.5800476, 7.3273001 ], [ 134.5800476, 7.3273058 ], [ 134.5800171, 7.3273306 ], [ 134.579498300000012, 7.327147 ], [ 134.5791168, 7.3270474 ], [ 134.5791016, 7.3270445 ], [ 134.57901, 7.3270221 ], [ 134.57913210000001, 7.3271084 ], [ 134.5815125, 7.3289223 ], [ 134.5815125, 7.3289251 ], [ 134.5819855, 7.329289 ], [ 134.5819397, 7.3293252 ], [ 134.579498300000012, 7.3314223 ], [ 134.5800018, 7.3321085 ], [ 134.5805512, 7.3330612 ], [ 134.5805512, 7.3330641 ], [ 134.5806732, 7.3332696 ], [ 134.5819702, 7.3332696 ], [ 134.5818481, 7.3328471 ], [ 134.5818481, 7.3328443 ], [ 134.5817719, 7.3325362 ], [ 134.5817719, 7.3314362 ], [ 134.5820923, 7.3303638 ], [ 134.5822296, 7.3301473 ], [ 134.5824585, 7.3297582 ], [ 134.5827332, 7.329422 ], [ 134.5827332, 7.3294196 ], [ 134.5830536, 7.3290248 ] ] ] } },
{ "type": "Feature", "properties": { "RCID": 5584, "PRIM": 3, "GRUP": 2, "OBJL": 308, "RVER": 1, "AGEN": 550, "FIDN": 969943113, "FIDS": 9, "LNAM": "022639D028490009", "LNAM_REFS": null, "FFPT_RIND": null, "CATQUA": null, "CATZOC": 3, "DRVAL1": null, "DRVAL2": null, "POSACC": null, "SOUACC": null, "SUREND": "2004", "SURSTA": null, "TECSOU": null, "VERDAT": null, "INFORM": "U.S. Navy LIDAR Survey, Archive No. 04HFM01, Scale 1:5,000-1:10,000", "NINFOM": null, "NTXTDS": null, "TXTDSC": null, "RECDAT": null, "RECIND": null, "SORDAT": "20150206", "SORIND": "US,US,reprt,L-246-2015", "_enc_cell": "US4TB3P0" }, "geometry": { "type": "Polygon", "coordinates": [ [ [ 134.5082855, 7.3629084 ], [ 134.508194, 7.3627391 ], [ 134.5081635, 7.3627362 ], [ 134.5081482, 7.3626609 ], [ 134.5080566, 7.362597 ], [ 134.5080414, 7.3625474 ], [ 134.5080566, 7.3625054 ], [ 134.5080414, 7.3624668 ], [ 134.5080566, 7.3624249 ], [ 134.508117700000014, 7.3623471 ], [ 134.508117700000014, 7.3622193 ], [ 134.5081482, 7.3622141 ], [ 134.5081635, 7.362186 ], [ 134.5081329, 7.3621111 ], [ 134.508194, 7.3619666 ], [ 134.508224500000011, 7.3618584 ], [ 134.508255, 7.3618169 ], [ 134.508194, 7.3617749 ], [ 134.5081787, 7.3616581 ], [ 134.50820920000001, 7.3615222 ], [ 134.508255, 7.3614612 ], [ 134.5082703, 7.3613138 ], [ 134.508316, 7.3612194 ], [ 134.508361799999989, 7.3612166 ], [ 134.5084229, 7.3611808 ], [ 134.5084534, 7.3611808 ], [ 134.5083923, 7.3611527 ], [ 134.50834660000001, 7.3610807 ], [ 134.50834660000001, 7.3610249 ], [ 134.5083923, 7.3609166 ], [ 134.508361799999989, 7.3608751 ], [ 134.5083771, 7.3606529 ], [ 134.5084076, 7.3605971 ], [ 134.5085144, 7.3605056 ], [ 134.5086212, 7.3604555 ], [ 134.5086823, 7.3604527 ], [ 134.508728, 7.3603916 ], [ 134.5087585, 7.3603249 ], [ 134.5087585, 7.360189 ], [ 134.5088806, 7.3600221 ], [ 134.5088806, 7.3599777 ], [ 134.508972199999988, 7.3599029 ], [ 134.5091095, 7.3599029 ], [ 134.5092773, 7.359725 ], [ 134.5093842, 7.3596721 ], [ 134.509429899999986, 7.3596721 ], [ 134.5094757, 7.3596139 ], [ 134.5095978, 7.3595581 ], [ 134.509613, 7.3595305 ], [ 134.5095825, 7.3594666 ], [ 134.5095825, 7.3594222 ], [ 134.509658800000011, 7.3592944 ], [ 134.510040299999986, 7.359036 ], [ 134.5101929, 7.3589888 ], [ 134.5103302, 7.3590055 ], [ 134.510406499999988, 7.3591085 ], [ 134.510513300000014, 7.359086 ], [ 134.5105896, 7.3590474 ], [ 134.510620100000011, 7.3587971 ], [ 134.5106812, 7.3586612 ], [ 134.5108032, 7.3585749 ], [ 134.5109406, 7.3585472 ], [ 134.511093100000011, 7.3586001 ], [ 134.5112915, 7.3586083 ], [ 134.5114441, 7.3585582 ], [ 134.511734, 7.3584943 ], [ 134.5119934, 7.3583803 ], [ 134.512344399999989, 7.3583446 ], [ 134.51266480000001, 7.3582501 ], [ 134.5127564, 7.358222 ], [ 134.5127106, 7.3580918 ], [ 134.512680100000011, 7.3579111 ], [ 134.5127106, 7.3578248 ], [ 134.51266480000001, 7.3577166 ], [ 134.5125885, 7.357625 ], [ 134.5125885, 7.3573637 ], [ 134.5126953, 7.3570972 ], [ 134.5127564, 7.3570418 ], [ 134.5128479, 7.3568583 ], [ 134.5129852, 7.3567891 ], [ 134.51313780000001, 7.3566361 ], [ 134.5132294, 7.3564696 ], [ 134.51362610000001, 7.3562946 ], [ 134.5141754, 7.3559251 ], [ 134.514251699999988, 7.3558555 ], [ 134.5143433, 7.355875 ], [ 134.514495899999986, 7.3558388 ], [ 134.5146637, 7.3556972 ], [ 134.514862099999988, 7.3555722 ], [ 134.515075700000011, 7.3554888 ], [ 134.5152893, 7.3554416 ], [ 134.5155182, 7.3554139 ], [ 134.515701299999989, 7.3553696 ], [ 134.5158691, 7.3554196 ], [ 134.515946500000013, 7.3554105 ], [ 134.5196483, 7.3494341 ], [ 134.5209773, 7.3472884 ], [ 134.5210978, 7.347094 ], [ 134.5213196, 7.3467359 ], [ 134.5219505, 7.3457173 ], [ 134.522342900000012, 7.3450837 ], [ 134.52308, 7.3438938 ], [ 134.5241364, 7.3421883 ], [ 134.5251024, 7.3406286 ], [ 134.5253582, 7.3402157 ], [ 134.5254064, 7.340005 ], [ 134.526056399999987, 7.3371622 ], [ 134.5261189, 7.3368889 ], [ 134.5263086, 7.336059 ], [ 134.526787899999988, 7.3339631 ], [ 134.5270392, 7.3328637 ], [ 134.530295599999988, 7.3186221 ], [ 134.533091399999989, 7.3183842 ], [ 134.5484384, 7.3298001 ], [ 134.5484467, 7.3297887 ], [ 134.548584, 7.3296862 ], [ 134.5487061, 7.3295693 ], [ 134.5487671, 7.3294554 ], [ 134.5489197, 7.3293581 ], [ 134.549057, 7.3293529 ], [ 134.549469, 7.3292751 ], [ 134.5497284, 7.3293333 ], [ 134.5497894, 7.3294082 ], [ 134.5497131, 7.3295169 ], [ 134.5496521, 7.3297668 ], [ 134.5496674, 7.3299527 ], [ 134.549697900000012, 7.3300891 ], [ 134.5497437, 7.330164 ], [ 134.5497894, 7.3301721 ], [ 134.5497742, 7.3302808 ], [ 134.5496674, 7.3302612 ], [ 134.5495606, 7.3302002 ], [ 134.5494232, 7.330153 ], [ 134.5493164, 7.330153 ], [ 134.5492401, 7.3302112 ], [ 134.5491581, 7.3303355 ], [ 134.5500451, 7.3309953 ], [ 134.5668651, 7.3425497 ], [ 134.5670073, 7.3426474 ], [ 134.5698808, 7.3446213 ], [ 134.5699463, 7.3446331 ], [ 134.570129400000013, 7.3447585 ], [ 134.5701904, 7.3448196 ], [ 134.5703278, 7.3448472 ], [ 134.5704346, 7.344903 ], [ 134.570463, 7.3449564 ], [ 134.5713724, 7.3452783 ], [ 134.5717057, 7.3453963 ], [ 134.572534499999989, 7.3456897 ], [ 134.58598760000001, 7.3504524 ], [ 134.5860291, 7.3504224 ], [ 134.586242700000014, 7.3503666 ], [ 134.5864563, 7.3503804 ], [ 134.586715700000013, 7.3504472 ], [ 134.5869141, 7.3505721 ], [ 134.5870514, 7.3508167 ], [ 134.587130800000011, 7.3508854 ], [ 134.5953606, 7.3545687 ], [ 134.5957517, 7.3547438 ], [ 134.5958784, 7.3548005 ], [ 134.596925199999987, 7.355269 ], [ 134.5974305, 7.3549273 ], [ 134.5983349, 7.3543158 ], [ 134.5997538, 7.3533563 ], [ 134.6019102, 7.3518982 ], [ 134.6023408, 7.351607 ], [ 134.603669200000013, 7.3507088 ], [ 134.6051018, 7.3497401 ], [ 134.6062317, 7.348976 ], [ 134.606968, 7.3484782 ], [ 134.6078305, 7.3478949 ], [ 134.6081682, 7.3476666 ], [ 134.6053952, 7.3451786 ], [ 134.6047174, 7.3445705 ], [ 134.6034699, 7.344275 ], [ 134.6023865, 7.3440332 ], [ 134.6019135, 7.3440056 ], [ 134.601364100000012, 7.3442054 ], [ 134.6008301, 7.3446026 ], [ 134.600418100000013, 7.3452277 ], [ 134.600418100000013, 7.3452334 ], [ 134.6002197, 7.3455362 ], [ 134.599807700000014, 7.3460498 ], [ 134.5994263, 7.3465419 ], [ 134.599227899999988, 7.346786 ], [ 134.599227899999988, 7.3467889 ], [ 134.5991974, 7.3468251 ], [ 134.5991516, 7.3468833 ], [ 134.5991211, 7.346911 ], [ 134.5991058, 7.3469276 ], [ 134.598266599999988, 7.3478832 ], [ 134.5973511, 7.3486834 ], [ 134.5963135, 7.3493056 ], [ 134.5955811, 7.349628 ], [ 134.595260599999989, 7.3495169 ], [ 134.595001200000013, 7.3494225 ], [ 134.5941162, 7.349103 ], [ 134.594101, 7.3490944 ], [ 134.5940857, 7.3490944 ], [ 134.593948399999988, 7.3490391 ], [ 134.5926514, 7.3486109 ], [ 134.5917358, 7.3483086 ], [ 134.5910187, 7.3480554 ], [ 134.590576199999987, 7.3478947 ], [ 134.590560900000014, 7.3478918 ], [ 134.589706400000011, 7.3475862 ], [ 134.589477499999987, 7.3475084 ], [ 134.5892792, 7.3474388 ], [ 134.5884705, 7.3471637 ], [ 134.586624199999989, 7.3465223 ], [ 134.584213299999988, 7.3462806 ], [ 134.5818634, 7.345264 ], [ 134.5809631, 7.3448749 ], [ 134.576751699999988, 7.3430471 ], [ 134.573486300000013, 7.342422 ], [ 134.5721283, 7.3418584 ], [ 134.5709229, 7.3412333 ], [ 134.5699616, 7.3405638 ], [ 134.568222100000014, 7.3389525 ], [ 134.567001299999987, 7.337275 ], [ 134.565307600000011, 7.3345637 ], [ 134.5648041, 7.3340473 ], [ 134.5579376, 7.3275304 ], [ 134.555781, 7.325789 ], [ 134.5549144, 7.3263511 ], [ 134.5456245, 7.3192265 ], [ 134.5399085, 7.3148428 ], [ 134.5390909, 7.3142158 ], [ 134.5384776, 7.3144924 ], [ 134.5382244, 7.3146066 ], [ 134.5371844, 7.3150756 ], [ 134.5367838, 7.3152563 ], [ 134.536568499999987, 7.3153534 ], [ 134.5360571, 7.315584 ], [ 134.5304502, 7.3107834 ], [ 134.5303572, 7.3107037 ], [ 134.5296845, 7.3101278 ], [ 134.5286605, 7.309251 ], [ 134.5279483, 7.3086412 ], [ 134.527587899999986, 7.3084974 ], [ 134.5271759, 7.3083391 ], [ 134.526733400000012, 7.3083582 ], [ 134.5264352, 7.3083709 ], [ 134.525642299999987, 7.3092539 ], [ 134.5251192, 7.3098365 ], [ 134.5250935, 7.3098651 ], [ 134.524563300000011, 7.3104556 ], [ 134.5245361, 7.3107224 ], [ 134.5245361, 7.3107276 ], [ 134.5244411, 7.3118477 ], [ 134.5245261, 7.3127911 ], [ 134.5246473, 7.3141363 ], [ 134.5247081, 7.3148107 ], [ 134.525416799999988, 7.3226772 ], [ 134.5254249, 7.3227671 ], [ 134.5254822, 7.3234033 ], [ 134.525528, 7.3239122 ], [ 134.525227, 7.3248019 ], [ 134.525065, 7.3252807 ], [ 134.5247752, 7.3261371 ], [ 134.5243845, 7.327292 ], [ 134.524155900000011, 7.3279674 ], [ 134.5240104, 7.3283976 ], [ 134.523776, 7.3290903 ], [ 134.5235291, 7.3298202 ], [ 134.5234504, 7.3300527 ], [ 134.5229711, 7.3314694 ], [ 134.5228511, 7.3318239 ], [ 134.5227869, 7.3322414 ], [ 134.522337099999987, 7.3351653 ], [ 134.5221889, 7.3361282 ], [ 134.522142800000012, 7.3364278 ], [ 134.522018300000013, 7.3372371 ], [ 134.52026, 7.3405719 ], [ 134.519125800000012, 7.342723 ], [ 134.5189416, 7.3430724 ], [ 134.5187168, 7.3434986 ], [ 134.5185625, 7.3437913 ], [ 134.518219, 7.3449307 ], [ 134.5180512, 7.3452807 ], [ 134.5176544, 7.345561 ], [ 134.5175629, 7.3459916 ], [ 134.51759340000001, 7.346272 ], [ 134.5171509, 7.3473334 ], [ 134.516387900000012, 7.3485279 ], [ 134.5156637, 7.3492891 ], [ 134.515588400000013, 7.3494318 ], [ 134.5151179, 7.3503242 ], [ 134.513815599999987, 7.3518983 ], [ 134.513412499999987, 7.3523856 ], [ 134.5123467, 7.3536738 ], [ 134.5115475, 7.3546399 ], [ 134.506583, 7.3606408 ], [ 134.5056317, 7.3617906 ], [ 134.505405700000011, 7.3620638 ], [ 134.505448, 7.3621715 ], [ 134.50552540000001, 7.3623685 ], [ 134.5055695, 7.3623748 ], [ 134.5056458, 7.3623862 ], [ 134.5057678, 7.3624334 ], [ 134.505828900000012, 7.3624806 ], [ 134.506012, 7.3624835 ], [ 134.5061035, 7.3625112 ], [ 134.5062408, 7.3625999 ], [ 134.5063171, 7.3626113 ], [ 134.5063782, 7.3626609 ], [ 134.506439199999988, 7.362761 ], [ 134.5065002, 7.3628168 ], [ 134.5065765, 7.3628416 ], [ 134.506683399999986, 7.3629193 ], [ 134.5067291, 7.3629026 ], [ 134.5067444, 7.3628502 ], [ 134.5068207, 7.3627472 ], [ 134.5068512, 7.3624058 ], [ 134.507034299999987, 7.3623471 ], [ 134.5071716, 7.3623028 ], [ 134.5072784, 7.3623443 ], [ 134.507309, 7.3623834 ], [ 134.50737, 7.3623972 ], [ 134.507431, 7.3623471 ], [ 134.5074921, 7.3623443 ], [ 134.5077057, 7.362453 ], [ 134.5079041, 7.3625002 ], [ 134.5079651, 7.3625474 ], [ 134.5079804, 7.3626919 ], [ 134.5079651, 7.3629613 ], [ 134.5080566, 7.363153 ], [ 134.508194, 7.3632612 ], [ 134.5081635, 7.3631806 ], [ 134.5081787, 7.3631363 ], [ 134.50820920000001, 7.3630943 ], [ 134.5082855, 7.3630529 ], [ 134.5082703, 7.3630028 ], [ 134.5082855, 7.3629084 ] ], [ [ 134.54788210000001, 7.3292084 ], [ 134.547897299999988, 7.3292141 ], [ 134.5479431, 7.3292251 ], [ 134.5480042, 7.3291721 ], [ 134.548019399999987, 7.3291111 ], [ 134.5479736, 7.3290443 ], [ 134.5479584, 7.3290248 ], [ 134.5479279, 7.3289805 ], [ 134.5478363, 7.328989 ], [ 134.5478058, 7.3290305 ], [ 134.5477905, 7.3290639 ], [ 134.547821, 7.3291502 ], [ 134.54788210000001, 7.3292084 ] ] ] } },
{ "type": "Feature", "properties": { "RCID": 5618, "PRIM": 3, "GRUP": 2, "OBJL": 308, "RVER": 1, "AGEN": 550, "FIDN": 375569701, "FIDS": 9, "LNAM": "02261662BD250009", "LNAM_REFS": null, "FFPT_RIND": null, "CATQUA": null, "CATZOC": 3, "DRVAL1": 10.0, "DRVAL2": null, "POSACC": null, "SOUACC": null, "SUREND": "2004", "SURSTA": "1969", "TECSOU": null, "VERDAT": null, "INFORM": "A) U.S. Navy LIDAR Survey, 2004, Archive No. 04HFM01, Scale 1:5,000-1:10,000; B) U.S. Navy Single Beam Survey, 1969, Archive No. 685036, Scale 1:10,000-1:20,000", "NINFOM": null, "NTXTDS": null, "TXTDSC": null, "RECDAT": null, "RECIND": null, "SORDAT": "20150206", "SORIND": "US,US,reprt,L-246-2015", "_enc_cell": "US4TB3P0" }, "geometry": { "type": "Polygon", "coordinates": [ [ [ 134.4843445, 7.366725 ], [ 134.4844666, 7.3665195 ], [ 134.4848175, 7.3666835 ], [ 134.4850159, 7.3667722 ], [ 134.4857025, 7.3668251 ], [ 134.4857178, 7.366828 ], [ 134.4862824, 7.3671417 ], [ 134.4865418, 7.3675389 ], [ 134.4865418, 7.3676333 ], [ 134.4865265, 7.3676972 ], [ 134.4865265, 7.3677473 ], [ 134.486480699999987, 7.3680582 ], [ 134.486480699999987, 7.3681054 ], [ 134.488052399999987, 7.3692999 ], [ 134.488403299999987, 7.3693471 ], [ 134.488540699999987, 7.3693638 ], [ 134.4886017, 7.3693695 ], [ 134.4888153, 7.3693943 ], [ 134.4890747, 7.3694224 ], [ 134.4893036, 7.3694472 ], [ 134.4895325, 7.3694749 ], [ 134.489852899999988, 7.369514 ], [ 134.4903107, 7.3695641 ], [ 134.490463299999988, 7.3695831 ], [ 134.4905972, 7.3695578 ], [ 134.4901773, 7.3677104 ], [ 134.489959700000014, 7.3674641 ], [ 134.4893341, 7.3671498 ], [ 134.4892578, 7.3666835 ], [ 134.488906899999989, 7.3657084 ], [ 134.488281300000011, 7.3648109 ], [ 134.4878693, 7.3638973 ], [ 134.4877319, 7.3632445 ], [ 134.487548800000013, 7.3617473 ], [ 134.4856567, 7.361814 ], [ 134.485611, 7.3625336 ], [ 134.4853668, 7.3625336 ], [ 134.485611, 7.3629832 ], [ 134.4854584, 7.3635249 ], [ 134.4853516, 7.3638973 ], [ 134.485061699999989, 7.3656364 ], [ 134.4836731, 7.3661666 ], [ 134.4834137, 7.3662639 ], [ 134.482742300000012, 7.3665166 ], [ 134.4826813, 7.3666611 ], [ 134.4817658, 7.3691583 ], [ 134.4817352, 7.3699803 ], [ 134.4817047, 7.3701639 ], [ 134.4817047, 7.3701668 ], [ 134.481658900000014, 7.3704195 ], [ 134.4816284, 7.3706141 ], [ 134.4815979, 7.3708639 ], [ 134.4817352, 7.3706665 ], [ 134.481756100000013, 7.3705992 ], [ 134.481796300000013, 7.3704696 ], [ 134.4818115, 7.3703971 ], [ 134.4818115, 7.3703723 ], [ 134.4818573, 7.3702054 ], [ 134.4819641, 7.3698554 ], [ 134.4821014, 7.3695583 ], [ 134.482391400000012, 7.3691363 ], [ 134.4824677, 7.3690667 ], [ 134.483017, 7.3685141 ], [ 134.4834595, 7.3680749 ], [ 134.4837799, 7.3676724 ], [ 134.4838867, 7.3674889 ], [ 134.4843445, 7.366725 ] ] ] } },
{ "type": "Feature", "properties": { "RCID": 5620, "PRIM": 3, "GRUP": 2, "OBJL": 308, "RVER": 1, "AGEN": 550, "FIDN": 662875124, "FIDS": 9, "LNAM": "02262782ABF40009", "LNAM_REFS": null, "FFPT_RIND": null, "CATQUA": null, "CATZOC": 3, "DRVAL1": null, "DRVAL2": null, "POSACC": null, "SOUACC": null, "SUREND": "2004", "SURSTA": "1969", "TECSOU": null, "VERDAT": null, "INFORM": "A) U.S. Navy LIDAR Survey, 2004, Archive No. 04HFM01, Scale 1:5,000-1:10,000; B) U.S. Navy Single Beam Survey, 1969, Archive No. 685036, Scale 1:10,000-1:20,000", "NINFOM": null, "NTXTDS": null, "TXTDSC": null, "RECDAT": null, "RECIND": null, "SORDAT": "20150206", "SORIND": "US,US,reprt,L-246-2015", "_enc_cell": "US4TB3P0" }, "geometry": { "type": "Polygon", "coordinates": [ [ [ 134.4905972, 7.3695578 ], [ 134.4906527, 7.3698021 ], [ 134.490713699999986, 7.3700704 ], [ 134.4907251, 7.3701208 ], [ 134.4893256, 7.3708587 ], [ 134.4841816, 7.373571 ], [ 134.4819118, 7.3763856 ], [ 134.4813208, 7.3771184 ], [ 134.4813122, 7.3771291 ], [ 134.4807068, 7.3778798 ], [ 134.479265700000013, 7.3796667 ], [ 134.479167600000011, 7.3797884 ], [ 134.4790649, 7.379714 ], [ 134.4789429, 7.3796225 ], [ 134.4789276, 7.3796167 ], [ 134.478714, 7.3794584 ], [ 134.47853090000001, 7.3793278 ], [ 134.478912400000013, 7.3780026 ], [ 134.4789581, 7.3778667 ], [ 134.4793549, 7.376514 ], [ 134.4792481, 7.3760028 ], [ 134.4792481, 7.3755779 ], [ 134.4796906, 7.3750944 ], [ 134.4802094, 7.3748388 ], [ 134.4803162, 7.3745279 ], [ 134.4803162, 7.3745251 ], [ 134.4803772, 7.3743248 ], [ 134.480606099999989, 7.3736529 ], [ 134.480697600000013, 7.3733888 ], [ 134.480804400000011, 7.3730946 ], [ 134.4808807, 7.3728528 ], [ 134.4809723, 7.3725891 ], [ 134.4814606, 7.3711362 ], [ 134.4814911, 7.3710613 ], [ 134.4814911, 7.3710332 ], [ 134.4815369, 7.3709555 ], [ 134.4815979, 7.3708639 ], [ 134.4817352, 7.3706665 ], [ 134.481756100000013, 7.3705992 ], [ 134.481796300000013, 7.3704696 ], [ 134.4818115, 7.3703971 ], [ 134.4818115, 7.3703723 ], [ 134.4818573, 7.3702054 ], [ 134.4819641, 7.3698554 ], [ 134.4821014, 7.3695583 ], [ 134.482391400000012, 7.3691363 ], [ 134.4824677, 7.3690667 ], [ 134.483017, 7.3685141 ], [ 134.4834595, 7.3680749 ], [ 134.4837799, 7.3676724 ], [ 134.4838867, 7.3674889 ], [ 134.4843445, 7.366725 ], [ 134.4844666, 7.3665195 ], [ 134.4848175, 7.3666835 ], [ 134.4850159, 7.3667722 ], [ 134.4857025, 7.3668251 ], [ 134.4857178, 7.366828 ], [ 134.4862824, 7.3671417 ], [ 134.4865418, 7.3675389 ], [ 134.4865418, 7.3676333 ], [ 134.4865265, 7.3676972 ], [ 134.4865265, 7.3677473 ], [ 134.486480699999987, 7.3680582 ], [ 134.486480699999987, 7.3681054 ], [ 134.488052399999987, 7.3692999 ], [ 134.488403299999987, 7.3693471 ], [ 134.488540699999987, 7.3693638 ], [ 134.4886017, 7.3693695 ], [ 134.4888153, 7.3693943 ], [ 134.4890747, 7.3694224 ], [ 134.4893036, 7.3694472 ], [ 134.4895325, 7.3694749 ], [ 134.489852899999988, 7.369514 ], [ 134.4903107, 7.3695641 ], [ 134.490463299999988, 7.3695831 ], [ 134.4905972, 7.3695578 ] ] ] } },
{ "type": "Feature", "properties": { "RCID": 5625, "PRIM": 3, "GRUP": 2, "OBJL": 308, "RVER": 1, "AGEN": 550, "FIDN": 113101839, "FIDS": 9, "LNAM": "022606BDCC0F0009", "LNAM_REFS": null, "FFPT_RIND": null, "CATQUA": null, "CATZOC": 3, "DRVAL1": 10.0, "DRVAL2": null, "POSACC": null, "SOUACC": null, "SUREND": "2004", "SURSTA": null, "TECSOU": null, "VERDAT": null, "INFORM": "U.S. Navy LIDAR Survey, Archive No. 04HFM01, Scale 1:5,000-1:10,000", "NINFOM": null, "NTXTDS": null, "TXTDSC": null, "RECDAT": null, "RECIND": null, "SORDAT": "20150206", "SORIND": "US,US,reprt,L-246-2015", "_enc_cell": "US4TB3P0" }, "geometry": { "type": "Polygon", "coordinates": [ [ [ 134.49368290000001, 7.3688889 ], [ 134.4944763, 7.3686972 ], [ 134.4952087, 7.3685613 ], [ 134.4956513, 7.3685417 ], [ 134.4956665, 7.3685417 ], [ 134.4959259, 7.3685308 ], [ 134.49751280000001, 7.3684583 ], [ 134.497787499999987, 7.3684473 ], [ 134.4985199, 7.368247 ], [ 134.498748799999987, 7.368186 ], [ 134.4997559, 7.3679085 ], [ 134.5, 7.3678751 ], [ 134.5012054, 7.3677082 ], [ 134.501846300000011, 7.3670583 ], [ 134.5019379, 7.3669639 ], [ 134.5023041, 7.3665724 ], [ 134.5024109, 7.3664556 ], [ 134.502655, 7.3662028 ], [ 134.503189099999986, 7.3651586 ], [ 134.503189099999986, 7.3651528 ], [ 134.503204399999987, 7.3651304 ], [ 134.5037994, 7.3639641 ], [ 134.50383, 7.3638973 ], [ 134.5039978, 7.3635359 ], [ 134.504043599999989, 7.3634558 ], [ 134.504394499999989, 7.3627667 ], [ 134.504516599999988, 7.3624973 ], [ 134.504531899999989, 7.3624501 ], [ 134.5046211, 7.3622684 ], [ 134.503895199999988, 7.3619481 ], [ 134.5038936, 7.3619474 ], [ 134.503465299999988, 7.3617584 ], [ 134.5034638, 7.3617611 ], [ 134.5033875, 7.3619027 ], [ 134.5033569, 7.3619528 ], [ 134.503173800000013, 7.3622584 ], [ 134.503082299999988, 7.3623972 ], [ 134.5029602, 7.3625584 ], [ 134.5027618, 7.3628359 ], [ 134.502334600000012, 7.3631916 ], [ 134.5021362, 7.3634415 ], [ 134.502105699999987, 7.3634806 ], [ 134.5017853, 7.3638973 ], [ 134.5018158, 7.3643084 ], [ 134.50177, 7.3643751 ], [ 134.5014648, 7.3645778 ], [ 134.5009155, 7.3648391 ], [ 134.5007324, 7.3649249 ], [ 134.5006409, 7.3649669 ], [ 134.5005798, 7.3650193 ], [ 134.500061, 7.3654723 ], [ 134.5, 7.3655028 ], [ 134.4991303, 7.3659415 ], [ 134.4985046, 7.3661614 ], [ 134.4978333, 7.3663998 ], [ 134.4975433, 7.3664889 ], [ 134.4967804, 7.3667612 ], [ 134.4963989, 7.3671389 ], [ 134.4961548, 7.3673863 ], [ 134.4957733, 7.3674445 ], [ 134.4951019, 7.3675418 ], [ 134.4936218, 7.3681641 ], [ 134.4926453, 7.368072 ], [ 134.4919586, 7.3680472 ], [ 134.4912415, 7.3679891 ], [ 134.4902344, 7.367775 ], [ 134.4901773, 7.3677104 ], [ 134.4905972, 7.3695578 ], [ 134.490814199999988, 7.3695169 ], [ 134.4919739, 7.3692999 ], [ 134.4931335, 7.3690195 ], [ 134.49368290000001, 7.3688889 ] ] ] } },
{ "type": "Feature", "properties": { "RCID": 5626, "PRIM": 3, "GRUP": 2, "OBJL": 308, "RVER": 1, "AGEN": 550, "FIDN": 272390082, "FIDS": 9, "LNAM": "0226103C57C20009", "LNAM_REFS": null, "FFPT_RIND": null, "CATQUA": null, "CATZOC": 5, "DRVAL1": null, "DRVAL2": null, "POSACC": null, "SOUACC": null, "SUREND": "1938", "SURSTA": "1915", "TECSOU": null, "VERDAT": null, "INFORM": "Former Japan Chart 481 (Ed. 1940, Rev. 1944), from Japan surveys, Scale 1:25,000", "NINFOM": null, "NTXTDS": null, "TXTDSC": null, "RECDAT": null, "RECIND": null, "SORDAT": "20150206", "SORIND": "US,US,reprt,L-246-2015", "_enc_cell": "US4TB3P0" }, "geometry": { "type": "Polygon", "coordinates": [ [ [ 134.503465299999988, 7.3617584 ], [ 134.504241900000011, 7.3604083 ], [ 134.504745500000013, 7.3595529 ], [ 134.5048065, 7.3594418 ], [ 134.5052948, 7.3588557 ], [ 134.5055542, 7.3585334 ], [ 134.50581360000001, 7.3582139 ], [ 134.5060425, 7.3579278 ], [ 134.5062561, 7.3576779 ], [ 134.50628660000001, 7.357636 ], [ 134.5071106, 7.3565168 ], [ 134.507888799999989, 7.3554668 ], [ 134.5080872, 7.3552055 ], [ 134.508316, 7.3547611 ], [ 134.5084076, 7.3545971 ], [ 134.5086823, 7.354075 ], [ 134.508712800000012, 7.3540196 ], [ 134.509063700000013, 7.3533554 ], [ 134.509445199999988, 7.3526168 ], [ 134.509491, 7.3525362 ], [ 134.5099793, 7.3518224 ], [ 134.5102234, 7.3514586 ], [ 134.510894799999988, 7.3505082 ], [ 134.5109253, 7.3504334 ], [ 134.5110474, 7.3501582 ], [ 134.5112, 7.3498526 ], [ 134.5112, 7.3498387 ], [ 134.511245699999989, 7.3497086 ], [ 134.5112915, 7.3495445 ], [ 134.5114288, 7.3487668 ], [ 134.5114441, 7.3486724 ], [ 134.5114441, 7.3486695 ], [ 134.5115356, 7.3479333 ], [ 134.511962899999986, 7.3474054 ], [ 134.512146, 7.3471918 ], [ 134.5122376, 7.347086 ], [ 134.5126343, 7.3464584 ], [ 134.5128784, 7.3460665 ], [ 134.5132141, 7.3457279 ], [ 134.513412499999987, 7.3455362 ], [ 134.513534600000014, 7.345428 ], [ 134.5137177, 7.3453417 ], [ 134.514007600000014, 7.3452082 ], [ 134.5141296, 7.3451057 ], [ 134.514465300000012, 7.3447304 ], [ 134.514389, 7.3421416 ], [ 134.514602700000012, 7.3420057 ], [ 134.5147705, 7.3418918 ], [ 134.5149078, 7.3418055 ], [ 134.5152283, 7.3407474 ], [ 134.5152283, 7.3407388 ], [ 134.515319799999986, 7.3404584 ], [ 134.5155182, 7.3396306 ], [ 134.515686, 7.339139 ], [ 134.515686, 7.3391304 ], [ 134.515914900000013, 7.3384638 ], [ 134.516037, 7.3381891 ], [ 134.5164642, 7.3376722 ], [ 134.5165863, 7.3373113 ], [ 134.5166168, 7.3372192 ], [ 134.5168152, 7.3366303 ], [ 134.5174103, 7.3355308 ], [ 134.518920900000012, 7.3342137 ], [ 134.519195599999989, 7.3339806 ], [ 134.5196075, 7.3326807 ], [ 134.519668599999989, 7.3325057 ], [ 134.5197144, 7.3323336 ], [ 134.520156899999989, 7.3309083 ], [ 134.520156899999989, 7.3309002 ], [ 134.5201874, 7.3307862 ], [ 134.5203857, 7.3301582 ], [ 134.520401, 7.330122 ], [ 134.520492600000011, 7.3298359 ], [ 134.520492600000011, 7.3298278 ], [ 134.5206451, 7.3293834 ], [ 134.5207062, 7.3292027 ], [ 134.5211487, 7.3278418 ], [ 134.5213013, 7.3273692 ], [ 134.5213013, 7.3273668 ], [ 134.521347100000014, 7.3271971 ], [ 134.5213928, 7.3270612 ], [ 134.5214081, 7.326961 ], [ 134.5214691, 7.3267751 ], [ 134.5218506, 7.3254252 ], [ 134.522171, 7.3248167 ], [ 134.5223236, 7.3245306 ], [ 134.522399900000011, 7.3243251 ], [ 134.522415200000012, 7.3242946 ], [ 134.522552499999989, 7.3240166 ], [ 134.5227051, 7.3235192 ], [ 134.522781400000014, 7.323225 ], [ 134.5228424, 7.3230224 ], [ 134.5229034, 7.3228722 ], [ 134.5231934, 7.3220835 ], [ 134.5234222, 7.3215303 ], [ 134.523513799999989, 7.321239 ], [ 134.5235901, 7.3209558 ], [ 134.5235596, 7.3207831 ], [ 134.523376500000012, 7.3200693 ], [ 134.523269699999986, 7.3197222 ], [ 134.523269699999986, 7.3197026 ], [ 134.5232086, 7.3195138 ], [ 134.5231934, 7.3192697 ], [ 134.5231934, 7.3183389 ], [ 134.523407, 7.3159223 ], [ 134.5229645, 7.3135471 ], [ 134.522934, 7.3128362 ], [ 134.522995, 7.3122778 ], [ 134.522934, 7.3117471 ], [ 134.5228577, 7.3114085 ], [ 134.5227356, 7.3109555 ], [ 134.523025499999989, 7.3105946 ], [ 134.523056, 7.3104167 ], [ 134.523056, 7.3102889 ], [ 134.523025499999989, 7.3101888 ], [ 134.5229797, 7.3100362 ], [ 134.5229034, 7.3098555 ], [ 134.5223389, 7.3096557 ], [ 134.5222473, 7.3094249 ], [ 134.5223236, 7.3091002 ], [ 134.5223541, 7.3088889 ], [ 134.5223236, 7.3087111 ], [ 134.522308399999986, 7.3084474 ], [ 134.5220184, 7.3080168 ], [ 134.5219574, 7.3079724 ], [ 134.5215149, 7.3076415 ], [ 134.52143860000001, 7.307478 ], [ 134.5213623, 7.3073335 ], [ 134.5213013, 7.3073249 ], [ 134.5211792, 7.3073111 ], [ 134.52063, 7.307245 ], [ 134.520700799999986, 7.3073726 ], [ 134.5210194, 7.3079468 ], [ 134.521898099999987, 7.3095306 ], [ 134.521765499999987, 7.3096996 ], [ 134.5208589, 7.3108555 ], [ 134.5195186, 7.3125644 ], [ 134.5130346, 7.3084598 ], [ 134.5096438, 7.3117911 ], [ 134.5, 7.3054865 ], [ 134.4963787, 7.3031191 ], [ 134.4963989, 7.3031807 ], [ 134.4963989, 7.3033028 ], [ 134.496353199999987, 7.3034444 ], [ 134.4962463, 7.3035722 ], [ 134.4960022, 7.3037748 ], [ 134.4959869, 7.3038721 ], [ 134.4960022, 7.3040056 ], [ 134.4962616, 7.3042917 ], [ 134.4963074, 7.304328 ], [ 134.4963684, 7.3043389 ], [ 134.496429400000011, 7.3043861 ], [ 134.4966126, 7.3047471 ], [ 134.4966278, 7.3048639 ], [ 134.4967346, 7.3048639 ], [ 134.496810900000014, 7.3049192 ], [ 134.4968414, 7.3049693 ], [ 134.4970093, 7.3050666 ], [ 134.4971314, 7.3051887 ], [ 134.4972229, 7.3051887 ], [ 134.497283900000014, 7.3051696 ], [ 134.497421300000013, 7.305275 ], [ 134.497772200000014, 7.3054586 ], [ 134.497894300000013, 7.3054304 ], [ 134.4979553, 7.3054638 ], [ 134.49800110000001, 7.3055277 ], [ 134.4980316, 7.305614 ], [ 134.4981079, 7.3056612 ], [ 134.498153699999989, 7.3057194 ], [ 134.498169, 7.3057861 ], [ 134.498153699999989, 7.3058834 ], [ 134.4981995, 7.3059554 ], [ 134.498245200000014, 7.3060165 ], [ 134.49823, 7.3060832 ], [ 134.4984283, 7.3063779 ], [ 134.4985046, 7.3065276 ], [ 134.4985809, 7.3067417 ], [ 134.4985504, 7.306797 ], [ 134.4984589, 7.3068419 ], [ 134.4983521, 7.3068442 ], [ 134.498291, 7.3068137 ], [ 134.498245200000014, 7.30685 ], [ 134.49823, 7.3069196 ], [ 134.498245200000014, 7.3072557 ], [ 134.498291, 7.3074946 ], [ 134.498260499999986, 7.3078027 ], [ 134.4981842, 7.3078861 ], [ 134.4980927, 7.30795 ], [ 134.4978485, 7.3078775 ], [ 134.4977112, 7.3078113 ], [ 134.4974365, 7.3076029 ], [ 134.4972687, 7.3074002 ], [ 134.4972229, 7.3073306 ], [ 134.4971008, 7.3073053 ], [ 134.4970703, 7.3072333 ], [ 134.4970093, 7.3072333 ], [ 134.4969482, 7.307303 ], [ 134.496917700000012, 7.3073692 ], [ 134.4968567, 7.3073721 ], [ 134.496810900000014, 7.3074498 ], [ 134.496688799999987, 7.3075724 ], [ 134.4965973, 7.3076167 ], [ 134.496521, 7.3076248 ], [ 134.4963837, 7.3076081 ], [ 134.496215799999987, 7.307672 ], [ 134.4960632, 7.307786 ], [ 134.495971700000013, 7.3080277 ], [ 134.495849600000014, 7.3081389 ], [ 134.495620699999989, 7.3083057 ], [ 134.495361300000013, 7.3083139 ], [ 134.495132500000011, 7.3083444 ], [ 134.494812, 7.3085165 ], [ 134.4947205, 7.3086362 ], [ 134.4946899, 7.3087583 ], [ 134.4945984, 7.3088527 ], [ 134.494537400000013, 7.3089585 ], [ 134.494537400000013, 7.3091888 ], [ 134.4945831, 7.30935 ], [ 134.4946137, 7.3099113 ], [ 134.494522100000012, 7.3100915 ], [ 134.4944916, 7.3102112 ], [ 134.4943237, 7.3104138 ], [ 134.494308499999988, 7.3104639 ], [ 134.4944, 7.3103919 ], [ 134.4944611, 7.3104167 ], [ 134.4946289, 7.3104248 ], [ 134.494751, 7.3104582 ], [ 134.4948731, 7.3105192 ], [ 134.4952087, 7.3106613 ], [ 134.495391899999987, 7.3107724 ], [ 134.4955444, 7.3108749 ], [ 134.4956818, 7.3109999 ], [ 134.495727499999987, 7.3110919 ], [ 134.495758099999989, 7.3113585 ], [ 134.495758099999989, 7.3115139 ], [ 134.495742799999988, 7.3116388 ], [ 134.4956513, 7.3117223 ], [ 134.495361300000013, 7.3118887 ], [ 134.495269799999988, 7.3119917 ], [ 134.4951782, 7.3121305 ], [ 134.4951477, 7.3122416 ], [ 134.4951782, 7.3125639 ], [ 134.495163, 7.3126831 ], [ 134.4950714, 7.3128223 ], [ 134.4949799, 7.3128834 ], [ 134.494888300000014, 7.3128362 ], [ 134.494796799999989, 7.312747 ], [ 134.4944611, 7.3126831 ], [ 134.4943848, 7.3127165 ], [ 134.493988, 7.3127804 ], [ 134.4937897, 7.3129668 ], [ 134.4937439, 7.3129916 ], [ 134.4936066, 7.3132029 ], [ 134.493515, 7.3132944 ], [ 134.4935303, 7.3133612 ], [ 134.4934845, 7.3134251 ], [ 134.493331899999987, 7.3135028 ], [ 134.4932404, 7.3135696 ], [ 134.493072500000011, 7.3135834 ], [ 134.492614800000013, 7.3137002 ], [ 134.4922333, 7.3139582 ], [ 134.491806, 7.3140974 ], [ 134.4915619, 7.3141193 ], [ 134.4911804, 7.3141666 ], [ 134.4909821, 7.3141193 ], [ 134.4906158, 7.3139668 ], [ 134.4901276, 7.3137221 ], [ 134.48983770000001, 7.3137054 ], [ 134.489608800000013, 7.3137612 ], [ 134.4895477, 7.3138971 ], [ 134.4895477, 7.3143582 ], [ 134.4894104, 7.3145418 ], [ 134.489242600000011, 7.3146167 ], [ 134.4890595, 7.314786 ], [ 134.4889526, 7.3151918 ], [ 134.4889679, 7.3152943 ], [ 134.4890442, 7.3154526 ], [ 134.489242600000011, 7.3157444 ], [ 134.4893341, 7.3157835 ], [ 134.4894104, 7.3158808 ], [ 134.489563, 7.3162141 ], [ 134.489563, 7.3162804 ], [ 134.4894562, 7.316453 ], [ 134.489151, 7.3166251 ], [ 134.4890442, 7.3166609 ], [ 134.4889221, 7.316639 ], [ 134.4888458, 7.316597 ], [ 134.4887238, 7.3166528 ], [ 134.4886627, 7.3167167 ], [ 134.488632200000012, 7.3167887 ], [ 134.488403299999987, 7.3169193 ], [ 134.488327, 7.3170586 ], [ 134.488159200000013, 7.3171363 ], [ 134.4879913, 7.3173418 ], [ 134.4879761, 7.3174224 ], [ 134.4880066, 7.3174834 ], [ 134.487945599999989, 7.3175139 ], [ 134.487930299999988, 7.3175583 ], [ 134.4879608, 7.3177748 ], [ 134.4880981, 7.3182168 ], [ 134.4881134, 7.3183861 ], [ 134.488037100000014, 7.3186498 ], [ 134.488037100000014, 7.3188 ], [ 134.488159200000013, 7.3190832 ], [ 134.4882965, 7.3193445 ], [ 134.488327, 7.3194614 ], [ 134.488403299999987, 7.3196387 ], [ 134.4884644, 7.3198471 ], [ 134.4884644, 7.3200083 ], [ 134.4883881, 7.320364 ], [ 134.4883575, 7.3205752 ], [ 134.4883881, 7.3207083 ], [ 134.4884796, 7.3206248 ], [ 134.488525399999986, 7.3205361 ], [ 134.4886932, 7.3203692 ], [ 134.488769499999989, 7.3203387 ], [ 134.4888458, 7.3203554 ], [ 134.4890595, 7.3204947 ], [ 134.489151, 7.3205056 ], [ 134.4892731, 7.3203473 ], [ 134.4893036, 7.3202472 ], [ 134.4893036, 7.3199835 ], [ 134.4892578, 7.3199 ], [ 134.4890442, 7.3197751 ], [ 134.4889679, 7.3197026 ], [ 134.488876299999987, 7.3197446 ], [ 134.488769499999989, 7.3197694 ], [ 134.4886627, 7.3197584 ], [ 134.4886017, 7.319725 ], [ 134.4885712, 7.3196502 ], [ 134.4885864, 7.319561 ], [ 134.4886932, 7.3193359 ], [ 134.4888153, 7.3192582 ], [ 134.4889374, 7.3192806 ], [ 134.4889526, 7.319253 ], [ 134.4886932, 7.3188472 ], [ 134.488647500000013, 7.3187056 ], [ 134.488647500000013, 7.3184333 ], [ 134.4887085, 7.3183947 ], [ 134.4887085, 7.3183332 ], [ 134.488632200000012, 7.3183308 ], [ 134.4885864, 7.3182583 ], [ 134.488632200000012, 7.3180723 ], [ 134.4887085, 7.3180418 ], [ 134.4888153, 7.3180943 ], [ 134.488891599999988, 7.3180223 ], [ 134.4891357, 7.317986 ], [ 134.48922730000001, 7.3179555 ], [ 134.4892883, 7.3178668 ], [ 134.489379899999989, 7.3178167 ], [ 134.4894562, 7.3177419 ], [ 134.4895477, 7.3176222 ], [ 134.4896545, 7.3175221 ], [ 134.4899139, 7.3172193 ], [ 134.4899445, 7.3172193 ], [ 134.4900055, 7.3172584 ], [ 134.4901428, 7.3174057 ], [ 134.4901428, 7.3174887 ], [ 134.490203900000012, 7.3175583 ], [ 134.4902954, 7.317853 ], [ 134.4903107, 7.3179555 ], [ 134.490341199999989, 7.3180084 ], [ 134.4904175, 7.3180223 ], [ 134.490570100000014, 7.3181391 ], [ 134.4906464, 7.3182306 ], [ 134.4907379, 7.3182859 ], [ 134.4909668, 7.3186221 ], [ 134.4910736, 7.3188138 ], [ 134.4911041, 7.3189416 ], [ 134.4909821, 7.3190918 ], [ 134.4908905, 7.3191028 ], [ 134.4908752, 7.3191609 ], [ 134.4908295, 7.3194084 ], [ 134.4908295, 7.3196335 ], [ 134.4908752, 7.3198724 ], [ 134.4908447, 7.3200474 ], [ 134.4907379, 7.3203778 ], [ 134.49066160000001, 7.3205276 ], [ 134.4906006, 7.320725 ], [ 134.4905396, 7.3208332 ], [ 134.4904785, 7.3208942 ], [ 134.4902802, 7.3211222 ], [ 134.4902496, 7.3213611 ], [ 134.49018860000001, 7.3214417 ], [ 134.490081800000013, 7.3215027 ], [ 134.4899445, 7.3215222 ], [ 134.4897766, 7.3215137 ], [ 134.4896698, 7.3214665 ], [ 134.489624, 7.3213973 ], [ 134.4893189, 7.3214445 ], [ 134.48909, 7.3213582 ], [ 134.488906899999989, 7.3213887 ], [ 134.488739, 7.3213363 ], [ 134.488647500000013, 7.3213611 ], [ 134.488540699999987, 7.3214388 ], [ 134.488418599999989, 7.3215971 ], [ 134.4882965, 7.3218446 ], [ 134.488205, 7.3219085 ], [ 134.4881134, 7.321939 ], [ 134.4879761, 7.3219528 ], [ 134.4878845, 7.3220058 ], [ 134.4877625, 7.3220224 ], [ 134.4875183, 7.3220248 ], [ 134.4874268, 7.3220806 ], [ 134.48730470000001, 7.3221693 ], [ 134.4872131, 7.3222776 ], [ 134.4871216, 7.3224721 ], [ 134.4870453, 7.3225946 ], [ 134.4868164, 7.3227501 ], [ 134.486694300000011, 7.322711 ], [ 134.486602799999986, 7.3226442 ], [ 134.486496, 7.3226471 ], [ 134.4862824, 7.3226166 ], [ 134.486129799999986, 7.3226252 ], [ 134.4859619, 7.3226972 ], [ 134.4859009, 7.3226471 ], [ 134.4858551, 7.3225665 ], [ 134.4856567, 7.3225164 ], [ 134.4855804, 7.322464 ], [ 134.4855042, 7.3224363 ], [ 134.485397299999988, 7.3224502 ], [ 134.4852295, 7.3224053 ], [ 134.4849701, 7.3223581 ], [ 134.4849386, 7.3223375 ], [ 134.4847987, 7.3237957 ], [ 134.4852448, 7.3240471 ], [ 134.48538210000001, 7.3241668 ], [ 134.4854736, 7.3240943 ], [ 134.4855804, 7.3241472 ], [ 134.485672, 7.3243027 ], [ 134.4859314, 7.3245335 ], [ 134.486007699999988, 7.3246946 ], [ 134.48634340000001, 7.3248529 ], [ 134.4864349, 7.3248529 ], [ 134.4865418, 7.3247891 ], [ 134.486709600000012, 7.3245721 ], [ 134.4868927, 7.3243918 ], [ 134.4871368, 7.3243361 ], [ 134.487197900000012, 7.324286 ], [ 134.4872284, 7.3242002 ], [ 134.4871521, 7.3240609 ], [ 134.4871521, 7.3239861 ], [ 134.4872131, 7.3239112 ], [ 134.4874878, 7.3238249 ], [ 134.487686200000013, 7.3235307 ], [ 134.4878388, 7.3234668 ], [ 134.4878693, 7.3233609 ], [ 134.4880676, 7.3232222 ], [ 134.4881134, 7.3231306 ], [ 134.4884949, 7.3229833 ], [ 134.4887238, 7.3228474 ], [ 134.488998400000014, 7.3228169 ], [ 134.489120500000013, 7.3227611 ], [ 134.4893189, 7.3225999 ], [ 134.489379899999989, 7.3224721 ], [ 134.489608800000013, 7.3222418 ], [ 134.48970030000001, 7.3222332 ], [ 134.4899139, 7.3222919 ], [ 134.4900513, 7.3223667 ], [ 134.4903717, 7.322578 ], [ 134.4906006, 7.3228002 ], [ 134.4907379, 7.3228388 ], [ 134.49086, 7.3228359 ], [ 134.4909058, 7.3229361 ], [ 134.4910736, 7.3230805 ], [ 134.4911957, 7.3229585 ], [ 134.491333, 7.3229222 ], [ 134.4914856, 7.3229556 ], [ 134.4915924, 7.3230109 ], [ 134.4916687, 7.3229971 ], [ 134.491684, 7.3229113 ], [ 134.4917297, 7.3228169 ], [ 134.4917297, 7.3226667 ], [ 134.4915619, 7.322125 ], [ 134.4916534, 7.3217692 ], [ 134.491745, 7.3215694 ], [ 134.4919128, 7.3213778 ], [ 134.4922333, 7.3211474 ], [ 134.492843599999986, 7.3208304 ], [ 134.493103, 7.3204889 ], [ 134.493347199999988, 7.3203335 ], [ 134.4936676, 7.3203669 ], [ 134.4937744, 7.3203416 ], [ 134.494659399999989, 7.319272 ], [ 134.4949188, 7.3191776 ], [ 134.4950867, 7.31915 ], [ 134.495285, 7.318964 ], [ 134.495468100000011, 7.3188777 ], [ 134.495575, 7.318903 ], [ 134.4959106, 7.3193498 ], [ 134.4962921, 7.3197165 ], [ 134.4962921, 7.3199916 ], [ 134.496429400000011, 7.3201113 ], [ 134.4965057, 7.3202558 ], [ 134.4965339, 7.3203658 ], [ 134.4969161, 7.3205569 ], [ 134.4969788, 7.3205252 ], [ 134.4971314, 7.3205113 ], [ 134.497467, 7.3204417 ], [ 134.4975739, 7.3203473 ], [ 134.497757, 7.3201723 ], [ 134.4978485, 7.3198776 ], [ 134.497879, 7.3196721 ], [ 134.497787499999987, 7.3195057 ], [ 134.4976959, 7.3192945 ], [ 134.4976959, 7.3190832 ], [ 134.4977264, 7.3190055 ], [ 134.4977112, 7.3189502 ], [ 134.4975891, 7.3188362 ], [ 134.4975433, 7.3186808 ], [ 134.497528100000011, 7.3185749 ], [ 134.4974365, 7.3184195 ], [ 134.497055100000011, 7.3182836 ], [ 134.4968414, 7.3182669 ], [ 134.4967804, 7.31815 ], [ 134.4967346, 7.3180804 ], [ 134.496704099999988, 7.3179998 ], [ 134.496688799999987, 7.3179832 ], [ 134.4966278, 7.3179221 ], [ 134.4965057, 7.3176665 ], [ 134.4965057, 7.3175693 ], [ 134.49655150000001, 7.3173304 ], [ 134.496521, 7.317214 ], [ 134.49646, 7.3170943 ], [ 134.4963837, 7.3170471 ], [ 134.4963684, 7.3169251 ], [ 134.4963989, 7.3167944 ], [ 134.4965363, 7.3165832 ], [ 134.496566800000011, 7.3164859 ], [ 134.4966736, 7.3164444 ], [ 134.4967804, 7.316278 ], [ 134.4968414, 7.3161416 ], [ 134.4969635, 7.3159695 ], [ 134.4971161, 7.3156915 ], [ 134.4972076, 7.3156056 ], [ 134.4973297, 7.3155308 ], [ 134.497528100000011, 7.3154974 ], [ 134.4976349, 7.3153276 ], [ 134.4977417, 7.3153334 ], [ 134.497909600000014, 7.3152556 ], [ 134.498169, 7.3151779 ], [ 134.4985046, 7.315053 ], [ 134.4987793, 7.3149862 ], [ 134.4991913, 7.314786 ], [ 134.4993744, 7.3146696 ], [ 134.499588, 7.3144279 ], [ 134.4996033, 7.3142915 ], [ 134.4996033, 7.3139277 ], [ 134.499588, 7.3135777 ], [ 134.499816900000013, 7.3134027 ], [ 134.5, 7.3133917 ], [ 134.5000916, 7.313386 ], [ 134.5003662, 7.3132224 ], [ 134.5004425, 7.3130999 ], [ 134.500427300000013, 7.3128748 ], [ 134.5004883, 7.3125973 ], [ 134.50053410000001, 7.3125057 ], [ 134.5006104, 7.3124471 ], [ 134.5007019, 7.3124442 ], [ 134.5008545, 7.3125248 ], [ 134.5008698, 7.3126192 ], [ 134.5008545, 7.3128109 ], [ 134.5007477, 7.3130307 ], [ 134.500778200000013, 7.3130832 ], [ 134.501022299999988, 7.3131113 ], [ 134.5012207, 7.313211 ], [ 134.5013428, 7.3131361 ], [ 134.501632699999988, 7.3131557 ], [ 134.5018005, 7.3130999 ], [ 134.501983599999988, 7.3130002 ], [ 134.502227799999986, 7.3127942 ], [ 134.5022888, 7.3127165 ], [ 134.5022888, 7.3126388 ], [ 134.5022583, 7.3125916 ], [ 134.502105699999987, 7.3125558 ], [ 134.5021668, 7.3122888 ], [ 134.5022736, 7.312078 ], [ 134.5023041, 7.3119555 ], [ 134.5022888, 7.3117471 ], [ 134.5022583, 7.3116221 ], [ 134.502243, 7.3114362 ], [ 134.502319300000011, 7.3113418 ], [ 134.5024414, 7.3112888 ], [ 134.5026703, 7.3113251 ], [ 134.5028687, 7.3112526 ], [ 134.5031281, 7.3112359 ], [ 134.503295900000012, 7.3112192 ], [ 134.503433199999989, 7.3111029 ], [ 134.50354, 7.3111138 ], [ 134.5036316, 7.3111501 ], [ 134.5037537, 7.311161 ], [ 134.503784200000013, 7.311203 ], [ 134.503906300000011, 7.3112526 ], [ 134.503952, 7.3113112 ], [ 134.504043599999989, 7.3116221 ], [ 134.504135100000013, 7.3117166 ], [ 134.504364, 7.3119693 ], [ 134.504501299999987, 7.3121915 ], [ 134.504531899999989, 7.3123388 ], [ 134.5046997, 7.312614 ], [ 134.5048065, 7.312686 ], [ 134.504989599999988, 7.3128667 ], [ 134.5050354, 7.3130446 ], [ 134.5051422, 7.3131084 ], [ 134.505233800000013, 7.3131251 ], [ 134.505340600000011, 7.3131113 ], [ 134.5054474, 7.3131723 ], [ 134.5055389, 7.3132472 ], [ 134.5055542, 7.3133612 ], [ 134.5055084, 7.3134222 ], [ 134.5052948, 7.313489 ], [ 134.505249, 7.3135777 ], [ 134.5052795, 7.313714 ], [ 134.505340600000011, 7.3138332 ], [ 134.505477899999988, 7.3141112 ], [ 134.5057831, 7.3143001 ], [ 134.505828900000012, 7.3143835 ], [ 134.5058594, 7.3144918 ], [ 134.5057526, 7.3149085 ], [ 134.5056458, 7.315022 ], [ 134.5054474, 7.315053 ], [ 134.505340600000011, 7.3149972 ], [ 134.5053558, 7.3147612 ], [ 134.5052643, 7.314661 ], [ 134.5051727, 7.3145304 ], [ 134.505004899999989, 7.3142276 ], [ 134.50485230000001, 7.3139582 ], [ 134.50485230000001, 7.3139415 ], [ 134.5047607, 7.3139334 ], [ 134.5046692, 7.314064 ], [ 134.504623400000014, 7.3143249 ], [ 134.504623400000014, 7.3145223 ], [ 134.5045929, 7.3147359 ], [ 134.504531899999989, 7.3149304 ], [ 134.5044403, 7.3150697 ], [ 134.5044861, 7.3152165 ], [ 134.5045624, 7.3154054 ], [ 134.504730200000012, 7.3155026 ], [ 134.5049286, 7.3155112 ], [ 134.5051575, 7.3155499 ], [ 134.505233800000013, 7.315589 ], [ 134.5053864, 7.3157835 ], [ 134.505706800000013, 7.3160944 ], [ 134.5057678, 7.3161974 ], [ 134.5059204, 7.3163695 ], [ 134.5060272, 7.3165388 ], [ 134.506057700000014, 7.3167 ], [ 134.5060272, 7.3167915 ], [ 134.505950899999988, 7.3168974 ], [ 134.5058746, 7.3170638 ], [ 134.5058441, 7.3171945 ], [ 134.5057373, 7.3178415 ], [ 134.505706800000013, 7.3181887 ], [ 134.5056152, 7.3185363 ], [ 134.505722100000014, 7.3185444 ], [ 134.5057678, 7.3183417 ], [ 134.5058746, 7.3181748 ], [ 134.5059967, 7.3181748 ], [ 134.506073, 7.3181944 ], [ 134.5061188, 7.3184304 ], [ 134.5059967, 7.3185778 ], [ 134.5059967, 7.3188558 ], [ 134.506073, 7.3189139 ], [ 134.5062256, 7.319036 ], [ 134.5063324, 7.319314 ], [ 134.5063324, 7.3194943 ], [ 134.506195100000014, 7.3196335 ], [ 134.5062103, 7.3198361 ], [ 134.5065155, 7.320025 ], [ 134.5066376, 7.3201971 ], [ 134.5068054, 7.3203778 ], [ 134.5069428, 7.3205085 ], [ 134.5071259, 7.320672 ], [ 134.507141100000013, 7.3208499 ], [ 134.5072784, 7.3209167 ], [ 134.5073547, 7.3208919 ], [ 134.5074463, 7.3207693 ], [ 134.50737, 7.3206472 ], [ 134.50724790000001, 7.3205557 ], [ 134.507141100000013, 7.3204751 ], [ 134.5070648, 7.3203807 ], [ 134.507019, 7.3203197 ], [ 134.507019, 7.3202109 ], [ 134.507034299999987, 7.3201304 ], [ 134.5070038, 7.3200278 ], [ 134.5069885, 7.3199081 ], [ 134.5070038, 7.3198223 ], [ 134.5069885, 7.3197498 ], [ 134.5069428, 7.3196974 ], [ 134.5068817, 7.3193946 ], [ 134.5068359, 7.3193278 ], [ 134.5068359, 7.319078 ], [ 134.506958, 7.3188248 ], [ 134.507034299999987, 7.3187332 ], [ 134.507141100000013, 7.3186917 ], [ 134.50724790000001, 7.3187361 ], [ 134.50737, 7.3187113 ], [ 134.507629400000013, 7.3188224 ], [ 134.507751500000012, 7.3188582 ], [ 134.5079193, 7.3188529 ], [ 134.5080719, 7.3188086 ], [ 134.508224500000011, 7.3186998 ], [ 134.5082855, 7.3184557 ], [ 134.50834660000001, 7.3183999 ], [ 134.5083771, 7.3183084 ], [ 134.5084229, 7.3182445 ], [ 134.5085297, 7.318203 ], [ 134.509079, 7.3181391 ], [ 134.509185800000012, 7.3180666 ], [ 134.5092926, 7.3180389 ], [ 134.5095825, 7.3180418 ], [ 134.5098877, 7.3181086 ], [ 134.5100555, 7.3181696 ], [ 134.510406499999988, 7.3183889 ], [ 134.5105438, 7.3185473 ], [ 134.5105743, 7.318625 ], [ 134.5105743, 7.3187137 ], [ 134.5104981, 7.3189583 ], [ 134.5103607, 7.3193054 ], [ 134.5103607, 7.3194332 ], [ 134.510421799999989, 7.3197861 ], [ 134.5104523, 7.3201361 ], [ 134.510437, 7.3202334 ], [ 134.5104675, 7.3202777 ], [ 134.510406499999988, 7.3203611 ], [ 134.5103607, 7.3204165 ], [ 134.5104523, 7.3204331 ], [ 134.5105743, 7.3204331 ], [ 134.5106812, 7.3204584 ], [ 134.5106812, 7.3205252 ], [ 134.510513300000014, 7.3206554 ], [ 134.510437, 7.3208027 ], [ 134.5104523, 7.3209748 ], [ 134.5104828, 7.3209834 ], [ 134.5105896, 7.3209333 ], [ 134.51074220000001, 7.320828 ], [ 134.510986300000013, 7.3206887 ], [ 134.511322, 7.3206167 ], [ 134.5114594, 7.3206554 ], [ 134.511489899999987, 7.3207445 ], [ 134.5115204, 7.3208499 ], [ 134.5115356, 7.3213749 ], [ 134.511581400000011, 7.3214974 ], [ 134.511581400000011, 7.3215971 ], [ 134.5115356, 7.3216581 ], [ 134.5114594, 7.3216696 ], [ 134.5111847, 7.3215752 ], [ 134.511123700000013, 7.3214665 ], [ 134.5110779, 7.3214083 ], [ 134.51091, 7.3214026 ], [ 134.510879499999987, 7.321486 ], [ 134.5108643, 7.3216028 ], [ 134.5108337, 7.3216558 ], [ 134.510849, 7.3217363 ], [ 134.5109558, 7.3218112 ], [ 134.511001599999986, 7.3219419 ], [ 134.5110474, 7.322 ], [ 134.5110626, 7.3221169 ], [ 134.511245699999989, 7.3224917 ], [ 134.511322, 7.3225722 ], [ 134.5114136, 7.3226137 ], [ 134.511489899999987, 7.322578 ], [ 134.5115509, 7.3225222 ], [ 134.5118103, 7.3221083 ], [ 134.5119019, 7.3220224 ], [ 134.5120239, 7.3219695 ], [ 134.512313799999987, 7.3219252 ], [ 134.512435900000014, 7.3219361 ], [ 134.512497, 7.3219609 ], [ 134.5125275, 7.3220277 ], [ 134.512542700000012, 7.3221445 ], [ 134.5124817, 7.3226972 ], [ 134.512542700000012, 7.3228169 ], [ 134.5126038, 7.3228998 ], [ 134.512680100000011, 7.3228722 ], [ 134.5131836, 7.322947 ], [ 134.5132446, 7.3230252 ], [ 134.51327520000001, 7.3231196 ], [ 134.51327520000001, 7.3232026 ], [ 134.5131226, 7.3233585 ], [ 134.5129852, 7.3235502 ], [ 134.5126495, 7.3236141 ], [ 134.51266480000001, 7.3239446 ], [ 134.5127106, 7.3242221 ], [ 134.512802099999988, 7.3243861 ], [ 134.5128632, 7.3245668 ], [ 134.5128937, 7.32475 ], [ 134.5128937, 7.3250971 ], [ 134.5130615, 7.3254724 ], [ 134.5131073, 7.3256722 ], [ 134.513153100000011, 7.3259916 ], [ 134.5131989, 7.3261418 ], [ 134.5132141, 7.3264251 ], [ 134.513290399999988, 7.3265557 ], [ 134.513519300000013, 7.3267946 ], [ 134.5135498, 7.3268776 ], [ 134.5135803, 7.3270526 ], [ 134.5135498, 7.3271942 ], [ 134.5134735, 7.3273139 ], [ 134.513382, 7.3275585 ], [ 134.513412499999987, 7.3276277 ], [ 134.5136108, 7.3277555 ], [ 134.5136871, 7.3278279 ], [ 134.5137329, 7.3279138 ], [ 134.5137329, 7.328022 ], [ 134.5136871, 7.3282137 ], [ 134.513885499999986, 7.328464 ], [ 134.513900799999988, 7.3287835 ], [ 134.513855, 7.3288889 ], [ 134.5140839, 7.3290391 ], [ 134.5141907, 7.329164 ], [ 134.5141907, 7.329422 ], [ 134.51409910000001, 7.3294916 ], [ 134.513992300000012, 7.3295498 ], [ 134.513916, 7.3296166 ], [ 134.5137177, 7.3297248 ], [ 134.5136108, 7.3297277 ], [ 134.5134583, 7.3295641 ], [ 134.5134735, 7.3295112 ], [ 134.5135651, 7.329361 ], [ 134.513534600000014, 7.3291888 ], [ 134.513534600000014, 7.3291221 ], [ 134.5135803, 7.3290415 ], [ 134.5135803, 7.3289666 ], [ 134.5134583, 7.3290081 ], [ 134.513382, 7.3290916 ], [ 134.51327520000001, 7.3293304 ], [ 134.513305699999989, 7.3294001 ], [ 134.5133514, 7.3294501 ], [ 134.5133667, 7.3295169 ], [ 134.5135498, 7.3297029 ], [ 134.5135803, 7.3297696 ], [ 134.51362610000001, 7.3300805 ], [ 134.5136108, 7.3303638 ], [ 134.5137024, 7.3305974 ], [ 134.5137177, 7.3307362 ], [ 134.5138245, 7.3308945 ], [ 134.51409910000001, 7.3310609 ], [ 134.5141754, 7.3311472 ], [ 134.5141602, 7.3312473 ], [ 134.51409910000001, 7.3313055 ], [ 134.513870200000014, 7.3313584 ], [ 134.513763399999988, 7.3313193 ], [ 134.5136719, 7.3312583 ], [ 134.513534600000014, 7.3310752 ], [ 134.5134888, 7.3311029 ], [ 134.5134735, 7.3312221 ], [ 134.513412499999987, 7.3312502 ], [ 134.513397200000014, 7.3313055 ], [ 134.5133667, 7.3313527 ], [ 134.5133514, 7.3314276 ], [ 134.513397200000014, 7.3315306 ], [ 134.5135803, 7.3316722 ], [ 134.51362610000001, 7.3317499 ], [ 134.513641400000012, 7.3319001 ], [ 134.51362610000001, 7.3320637 ], [ 134.5135956, 7.3321528 ], [ 134.5134735, 7.3321557 ], [ 134.513412499999987, 7.3321137 ], [ 134.5132294, 7.3320832 ], [ 134.5132141, 7.3318276 ], [ 134.5131683, 7.3317361 ], [ 134.5130768, 7.3316889 ], [ 134.51297, 7.3316665 ], [ 134.5128326, 7.331861 ], [ 134.5127564, 7.3318915 ], [ 134.5127106, 7.3319359 ], [ 134.512680100000011, 7.3320084 ], [ 134.5126038, 7.3320417 ], [ 134.5125122, 7.3320417 ], [ 134.512435900000014, 7.3320141 ], [ 134.5123901, 7.331872 ], [ 134.512207, 7.3320804 ], [ 134.512069700000012, 7.3321276 ], [ 134.5119324, 7.3321557 ], [ 134.511856099999989, 7.3321528 ], [ 134.5117645, 7.3321109 ], [ 134.511718800000011, 7.3320584 ], [ 134.511673, 7.3320446 ], [ 134.51170350000001, 7.3318472 ], [ 134.5115509, 7.3319249 ], [ 134.5114441, 7.3320084 ], [ 134.5113983, 7.3321137 ], [ 134.511322, 7.3321776 ], [ 134.5113068, 7.3322749 ], [ 134.5113373, 7.3323498 ], [ 134.511290699999989, 7.3324653 ], [ 134.511261, 7.3325391 ], [ 134.5111847, 7.3326945 ], [ 134.511123700000013, 7.3327417 ], [ 134.5110321, 7.3327556 ], [ 134.511001599999986, 7.33285 ], [ 134.5109406, 7.3329639 ], [ 134.510849, 7.3330555 ], [ 134.5107727, 7.3331833 ], [ 134.5106812, 7.3335862 ], [ 134.510635400000012, 7.3337169 ], [ 134.5104675, 7.3339696 ], [ 134.510406499999988, 7.3341279 ], [ 134.510391199999987, 7.3341947 ], [ 134.510406499999988, 7.3342695 ], [ 134.5104523, 7.3344808 ], [ 134.510421799999989, 7.3344998 ], [ 134.510406499999988, 7.334547 ], [ 134.510406499999988, 7.3346305 ], [ 134.510391199999987, 7.334722 ], [ 134.5103302, 7.3347836 ], [ 134.5102539, 7.334836 ], [ 134.510147100000012, 7.3348751 ], [ 134.509918199999987, 7.3349195 ], [ 134.509933499999988, 7.3349891 ], [ 134.509918199999987, 7.3350554 ], [ 134.5098877, 7.3351388 ], [ 134.5098724, 7.335228 ], [ 134.5099487, 7.335464 ], [ 134.509964, 7.3356195 ], [ 134.509933499999988, 7.3357081 ], [ 134.5098572, 7.3357916 ], [ 134.50978090000001, 7.3358307 ], [ 134.5097046, 7.3359137 ], [ 134.5095825, 7.3359613 ], [ 134.5094757, 7.3359585 ], [ 134.50930790000001, 7.335825 ], [ 134.509323099999989, 7.3360581 ], [ 134.5094147, 7.3363056 ], [ 134.509567299999986, 7.3365889 ], [ 134.5096436, 7.3366447 ], [ 134.509658800000011, 7.3367391 ], [ 134.5095978, 7.3368835 ], [ 134.5094147, 7.3370028 ], [ 134.509323099999989, 7.3371058 ], [ 134.5090942, 7.3372502 ], [ 134.508956899999987, 7.3372335 ], [ 134.508834799999988, 7.3371639 ], [ 134.508712800000012, 7.3370943 ], [ 134.508590700000013, 7.3368416 ], [ 134.508575400000012, 7.3367391 ], [ 134.508575400000012, 7.3366833 ], [ 134.508606, 7.3366222 ], [ 134.508575400000012, 7.3364778 ], [ 134.5086823, 7.3363943 ], [ 134.5086823, 7.3363557 ], [ 134.5086212, 7.3363304 ], [ 134.5085449, 7.3363276 ], [ 134.5085297, 7.3363891 ], [ 134.5085449, 7.3364363 ], [ 134.5084534, 7.3365417 ], [ 134.5085449, 7.3366499 ], [ 134.508468599999986, 7.3367724 ], [ 134.5085297, 7.3369141 ], [ 134.5085602, 7.337111 ], [ 134.508606, 7.3371863 ], [ 134.5087585, 7.3373585 ], [ 134.5089417, 7.3374252 ], [ 134.5090027, 7.3374915 ], [ 134.509079, 7.337625 ], [ 134.5090942, 7.3378863 ], [ 134.508972199999988, 7.3380055 ], [ 134.5089111, 7.3380165 ], [ 134.508712800000012, 7.3380776 ], [ 134.5085297, 7.3381558 ], [ 134.5083008, 7.3383417 ], [ 134.5081635, 7.33845 ], [ 134.508102400000013, 7.338511 ], [ 134.508102400000013, 7.3386307 ], [ 134.5079498, 7.3388639 ], [ 134.507888799999989, 7.3389835 ], [ 134.507873499999988, 7.339097 ], [ 134.507751500000012, 7.3391776 ], [ 134.5076599, 7.3391585 ], [ 134.5075684, 7.3391638 ], [ 134.507522599999987, 7.3394055 ], [ 134.507309, 7.3395724 ], [ 134.5070801, 7.3396249 ], [ 134.5069885, 7.3397331 ], [ 134.506897, 7.3398194 ], [ 134.5067291, 7.3398972 ], [ 134.5065308, 7.3399501 ], [ 134.5064087, 7.3399501 ], [ 134.5066223, 7.3400917 ], [ 134.5066986, 7.340189 ], [ 134.5067139, 7.3402915 ], [ 134.5066986, 7.3405361 ], [ 134.5066376, 7.3406196 ], [ 134.506439199999988, 7.3408055 ], [ 134.5063477, 7.3409777 ], [ 134.506012, 7.341228 ], [ 134.5059357, 7.3415279 ], [ 134.5058899, 7.3416224 ], [ 134.5058441, 7.3417029 ], [ 134.5057831, 7.3416944 ], [ 134.505706800000013, 7.3417583 ], [ 134.505706800000013, 7.3419223 ], [ 134.505828900000012, 7.3420138 ], [ 134.5057526, 7.342103 ], [ 134.505706800000013, 7.3421807 ], [ 134.5056152, 7.3421722 ], [ 134.5055695, 7.342278 ], [ 134.5055084, 7.3423085 ], [ 134.505477899999988, 7.342289 ], [ 134.5054321, 7.3423085 ], [ 134.5054321, 7.34235 ], [ 134.505340600000011, 7.3424668 ], [ 134.505340600000011, 7.3425612 ], [ 134.505233800000013, 7.3426776 ], [ 134.505111699999986, 7.342886 ], [ 134.5050507, 7.342947 ], [ 134.5049744, 7.3429999 ], [ 134.504745500000013, 7.3430305 ], [ 134.504715, 7.3430834 ], [ 134.5046845, 7.3431554 ], [ 134.5045929, 7.3432584 ], [ 134.5045776, 7.3433251 ], [ 134.504623400000014, 7.3434668 ], [ 134.504623400000014, 7.3435669 ], [ 134.5045929, 7.3436055 ], [ 134.5044861, 7.3436418 ], [ 134.5044861, 7.3436804 ], [ 134.504531899999989, 7.3436971 ], [ 134.5045929, 7.3437443 ], [ 134.5046082, 7.343811 ], [ 134.5045776, 7.3439331 ], [ 134.5045929, 7.3440971 ], [ 134.504501299999987, 7.3441777 ], [ 134.5045929, 7.3441916 ], [ 134.5045929, 7.3441944 ], [ 134.5048218, 7.344336 ], [ 134.505096400000014, 7.3444252 ], [ 134.5051575, 7.3446193 ], [ 134.5052948, 7.344728 ], [ 134.5054016, 7.3449721 ], [ 134.5056763, 7.3451667 ], [ 134.5058441, 7.3453999 ], [ 134.505950899999988, 7.3454943 ], [ 134.5061493, 7.345922 ], [ 134.5062256, 7.3465943 ], [ 134.506179800000012, 7.3467722 ], [ 134.5061188, 7.3470221 ], [ 134.5063171, 7.3473306 ], [ 134.5062714, 7.3476501 ], [ 134.5064087, 7.347961 ], [ 134.5065765, 7.3480835 ], [ 134.5066376, 7.3482223 ], [ 134.5067444, 7.3483443 ], [ 134.5067291, 7.3486276 ], [ 134.506897, 7.3488388 ], [ 134.506927499999989, 7.3489971 ], [ 134.5069428, 7.3490362 ], [ 134.506958, 7.3491082 ], [ 134.506927499999989, 7.3491721 ], [ 134.506927499999989, 7.3492389 ], [ 134.507034299999987, 7.3493276 ], [ 134.507156400000014, 7.3495336 ], [ 134.5072784, 7.3495808 ], [ 134.5074616, 7.3495693 ], [ 134.507507299999986, 7.3496165 ], [ 134.5075378, 7.3497057 ], [ 134.5077972, 7.3497725 ], [ 134.5079651, 7.3497334 ], [ 134.5081329, 7.3497334 ], [ 134.508239800000013, 7.3497138 ], [ 134.508468599999986, 7.3495998 ], [ 134.5085449, 7.3495946 ], [ 134.5091095, 7.3493724 ], [ 134.5093536, 7.3492918 ], [ 134.5093994, 7.3493333 ], [ 134.5093384, 7.3493667 ], [ 134.50914, 7.3494387 ], [ 134.5088654, 7.3495359 ], [ 134.5086823, 7.3496165 ], [ 134.5085297, 7.3496695 ], [ 134.5083771, 7.3497415 ], [ 134.5082855, 7.3498139 ], [ 134.508224500000011, 7.349864 ], [ 134.50820920000001, 7.3498778 ], [ 134.5081787, 7.3499723 ], [ 134.508194, 7.3501139 ], [ 134.508239800000013, 7.3501668 ], [ 134.508361799999989, 7.3502307 ], [ 134.508499199999989, 7.3503528 ], [ 134.508590700000013, 7.3504472 ], [ 134.508606, 7.3504944 ], [ 134.508575400000012, 7.3505249 ], [ 134.508499199999989, 7.350739 ], [ 134.5084229, 7.3507724 ], [ 134.508239800000013, 7.3510499 ], [ 134.5081482, 7.3510919 ], [ 134.5080719, 7.3511944 ], [ 134.508010899999988, 7.3512445 ], [ 134.5079346, 7.3512473 ], [ 134.5078583, 7.3513475 ], [ 134.507888799999989, 7.3514276 ], [ 134.507873499999988, 7.3514972 ], [ 134.507843, 7.3515863 ], [ 134.507843, 7.3515945 ], [ 134.507751500000012, 7.3517194 ], [ 134.5075989, 7.3516946 ], [ 134.5075684, 7.3517222 ], [ 134.5076599, 7.3517585 ], [ 134.507721, 7.3518086 ], [ 134.507782, 7.351922 ], [ 134.507736200000011, 7.3520389 ], [ 134.507736200000011, 7.3521223 ], [ 134.5077667, 7.3522306 ], [ 134.5077667, 7.3524332 ], [ 134.5077057, 7.3527803 ], [ 134.507629400000013, 7.3530335 ], [ 134.5074768, 7.3533692 ], [ 134.5073395, 7.3535333 ], [ 134.5070953, 7.3536668 ], [ 134.5068359, 7.3537693 ], [ 134.5066376, 7.3539252 ], [ 134.5065155, 7.3539805 ], [ 134.5055542, 7.3541803 ], [ 134.505340600000011, 7.3542113 ], [ 134.505111699999986, 7.3542056 ], [ 134.5049286, 7.3543553 ], [ 134.504745500000013, 7.3544169 ], [ 134.5045929, 7.3544612 ], [ 134.5042267, 7.3544917 ], [ 134.5039368, 7.3545585 ], [ 134.5036926, 7.3546915 ], [ 134.5034485, 7.3548055 ], [ 134.503295900000012, 7.354836 ], [ 134.503204399999987, 7.3549223 ], [ 134.5030365, 7.3550334 ], [ 134.5028687, 7.3551054 ], [ 134.5027313, 7.3551359 ], [ 134.5024872, 7.3552418 ], [ 134.502334600000012, 7.3552694 ], [ 134.502121, 7.3552251 ], [ 134.5020294, 7.3552303 ], [ 134.50196840000001, 7.3552804 ], [ 134.5019074, 7.3554416 ], [ 134.5017853, 7.3555193 ], [ 134.5015564, 7.3555861 ], [ 134.50100710000001, 7.3555999 ], [ 134.500824, 7.3555803 ], [ 134.5007172, 7.3555584 ], [ 134.500427300000013, 7.3554473 ], [ 134.5002441, 7.3554053 ], [ 134.5001526, 7.355464 ], [ 134.5, 7.3555331 ], [ 134.4998779, 7.3555918 ], [ 134.4994659, 7.355639 ], [ 134.499221799999987, 7.3556418 ], [ 134.498977700000012, 7.3556914 ], [ 134.4988098, 7.3557057 ], [ 134.4985199, 7.3555307 ], [ 134.4984436, 7.3555307 ], [ 134.4983978, 7.3555861 ], [ 134.4983063, 7.3556418 ], [ 134.498153699999989, 7.3557029 ], [ 134.498016400000012, 7.3557305 ], [ 134.4976196, 7.3557639 ], [ 134.4975586, 7.3558054 ], [ 134.497467, 7.3558831 ], [ 134.4975891, 7.3561583 ], [ 134.4981995, 7.3571277 ], [ 134.4984436, 7.357111 ], [ 134.4985199, 7.3570919 ], [ 134.4985657, 7.3571081 ], [ 134.4985962, 7.357214 ], [ 134.4986877, 7.3572416 ], [ 134.498764, 7.3573141 ], [ 134.4988098, 7.3574166 ], [ 134.4988861, 7.3574805 ], [ 134.4989166, 7.3575859 ], [ 134.4989319, 7.3577056 ], [ 134.4989929, 7.3578696 ], [ 134.4989929, 7.357986 ], [ 134.4988861, 7.3581581 ], [ 134.4989014, 7.358222 ], [ 134.499221799999987, 7.3587418 ], [ 134.49943540000001, 7.3590307 ], [ 134.499694799999986, 7.3592806 ], [ 134.499832199999986, 7.359211 ], [ 134.499923700000011, 7.359128 ], [ 134.5, 7.3589692 ], [ 134.5000153, 7.3589277 ], [ 134.5003204, 7.3586526 ], [ 134.500427300000013, 7.3584776 ], [ 134.5005951, 7.3582888 ], [ 134.500656099999986, 7.3582945 ], [ 134.5007019, 7.3583279 ], [ 134.5007019, 7.3583946 ], [ 134.5006409, 7.3585029 ], [ 134.500549299999989, 7.3585973 ], [ 134.5004425, 7.3588777 ], [ 134.5003357, 7.3590498 ], [ 134.5002136, 7.3591471 ], [ 134.5000305, 7.3593612 ], [ 134.5000305, 7.3594585 ], [ 134.500061, 7.3595333 ], [ 134.5002594, 7.3596416 ], [ 134.5002441, 7.3597388 ], [ 134.5003357, 7.3598471 ], [ 134.5007172, 7.3601666 ], [ 134.5014343, 7.3607249 ], [ 134.5016937, 7.3608279 ], [ 134.5018005, 7.3608279 ], [ 134.5018921, 7.3607888 ], [ 134.502227799999986, 7.3609252 ], [ 134.502471899999989, 7.3609915 ], [ 134.502609299999989, 7.3610082 ], [ 134.5027313, 7.3609471 ], [ 134.502807600000011, 7.3609805 ], [ 134.5028992, 7.3610888 ], [ 134.5029755, 7.361125 ], [ 134.5030975, 7.3611388 ], [ 134.503189099999986, 7.3611112 ], [ 134.503280600000011, 7.3610668 ], [ 134.5033417, 7.3610582 ], [ 134.5034485, 7.3610807 ], [ 134.503479, 7.3610363 ], [ 134.503479, 7.3609891 ], [ 134.5034638, 7.3609195 ], [ 134.503479, 7.3608971 ], [ 134.5035095, 7.3608918 ], [ 134.5035248, 7.3609419 ], [ 134.5035248, 7.3610363 ], [ 134.503479, 7.3611474 ], [ 134.5034027, 7.3612695 ], [ 134.5033875, 7.3613887 ], [ 134.503433199999989, 7.3615613 ], [ 134.5034638, 7.3615751 ], [ 134.503404499999988, 7.3617316 ], [ 134.503465299999988, 7.3617584 ] ], [ [ 134.5145111, 7.3334694 ], [ 134.514495899999986, 7.3336806 ], [ 134.5145721, 7.3338833 ], [ 134.5146637, 7.3340082 ], [ 134.5148773, 7.3340082 ], [ 134.5149994, 7.3339362 ], [ 134.5152435, 7.33355 ], [ 134.5153046, 7.3334804 ], [ 134.515548700000011, 7.3334804 ], [ 134.5156555, 7.3334165 ], [ 134.515823399999988, 7.3330193 ], [ 134.5160065, 7.3328471 ], [ 134.516311699999989, 7.332675 ], [ 134.5164337, 7.3326526 ], [ 134.516647299999988, 7.3327112 ], [ 134.5168152, 7.3326249 ], [ 134.516784699999988, 7.3324113 ], [ 134.5167236, 7.3322277 ], [ 134.51651, 7.3322277 ], [ 134.5164337, 7.3322334 ], [ 134.5163422, 7.3320332 ], [ 134.516311699999989, 7.3318582 ], [ 134.5162659, 7.331625 ], [ 134.5162354, 7.3315139 ], [ 134.5163574, 7.3313527 ], [ 134.5165863, 7.3312974 ], [ 134.516784699999988, 7.3311415 ], [ 134.516876200000013, 7.3310137 ], [ 134.51712040000001, 7.3309279 ], [ 134.5175324, 7.3308473 ], [ 134.5176697, 7.3308082 ], [ 134.5177155, 7.3306751 ], [ 134.5176544, 7.3304334 ], [ 134.5174103, 7.3304863 ], [ 134.5172272, 7.3304639 ], [ 134.5169067, 7.3303471 ], [ 134.516784699999988, 7.3304057 ], [ 134.516662599999989, 7.3305721 ], [ 134.516647299999988, 7.3307777 ], [ 134.5164795, 7.3308363 ], [ 134.5163269, 7.3307777 ], [ 134.5161133, 7.3309336 ], [ 134.516037, 7.3309336 ], [ 134.5158997, 7.3308582 ], [ 134.5156708, 7.3308473 ], [ 134.515548700000011, 7.3309169 ], [ 134.5152893, 7.3314166 ], [ 134.5151062, 7.3315778 ], [ 134.51474, 7.3318138 ], [ 134.5144501, 7.3318639 ], [ 134.514373799999987, 7.3320613 ], [ 134.5145569, 7.3323307 ], [ 134.5146179, 7.3323307 ], [ 134.51474, 7.3325248 ], [ 134.514846799999987, 7.3325725 ], [ 134.5148773, 7.332614 ], [ 134.5146637, 7.3331137 ], [ 134.5145111, 7.3334694 ] ], [ [ 134.5144043, 7.3195529 ], [ 134.514328, 7.3195028 ], [ 134.5140228, 7.3195195 ], [ 134.513763399999988, 7.319664 ], [ 134.5136719, 7.3196807 ], [ 134.5135651, 7.319725 ], [ 134.513519300000013, 7.3198085 ], [ 134.513382, 7.3198166 ], [ 134.51327520000001, 7.3200111 ], [ 134.5131836, 7.3201418 ], [ 134.5130768, 7.3203139 ], [ 134.513031, 7.3204446 ], [ 134.5130005, 7.3206029 ], [ 134.51313780000001, 7.3208194 ], [ 134.513290399999988, 7.3209944 ], [ 134.5134277, 7.3211803 ], [ 134.5134583, 7.3212609 ], [ 134.513534600000014, 7.3213916 ], [ 134.5137024, 7.3214641 ], [ 134.513870200000014, 7.3216529 ], [ 134.513900799999988, 7.3217306 ], [ 134.5139313, 7.3218112 ], [ 134.5139313, 7.3218947 ], [ 134.513900799999988, 7.3219914 ], [ 134.5140381, 7.3222141 ], [ 134.5141602, 7.3223696 ], [ 134.5142975, 7.3226833 ], [ 134.51474, 7.3230891 ], [ 134.514831500000014, 7.3231053 ], [ 134.5148773, 7.3231721 ], [ 134.5148926, 7.3233557 ], [ 134.5149231, 7.3234696 ], [ 134.514968900000014, 7.3235083 ], [ 134.514968900000014, 7.3236055 ], [ 134.5150452, 7.3238473 ], [ 134.5151215, 7.323936 ], [ 134.5152588, 7.3239613 ], [ 134.5152893, 7.3238306 ], [ 134.515319799999986, 7.3235445 ], [ 134.5153503, 7.3234224 ], [ 134.5153046, 7.3233752 ], [ 134.5153046, 7.3233333 ], [ 134.5153656, 7.3233304 ], [ 134.5153961, 7.3231916 ], [ 134.5153961, 7.3231139 ], [ 134.515319799999986, 7.3229919 ], [ 134.5152741, 7.3229332 ], [ 134.5151367, 7.3226776 ], [ 134.5150452, 7.3224249 ], [ 134.5150147, 7.3223109 ], [ 134.5150147, 7.3221002 ], [ 134.5148773, 7.3217363 ], [ 134.514862099999988, 7.3216581 ], [ 134.514862099999988, 7.3215251 ], [ 134.5147553, 7.3213582 ], [ 134.5146942, 7.3213224 ], [ 134.5146637, 7.3212194 ], [ 134.5146637, 7.3210945 ], [ 134.514724699999988, 7.3208585 ], [ 134.5146332, 7.3206444 ], [ 134.514602700000012, 7.3205276 ], [ 134.5146179, 7.3199806 ], [ 134.514587400000011, 7.3198333 ], [ 134.5145111, 7.3197279 ], [ 134.514465300000012, 7.3196306 ], [ 134.5144043, 7.3195529 ] ], [ [ 134.500351, 7.3094611 ], [ 134.5002594, 7.3095193 ], [ 134.5002594, 7.3095803 ], [ 134.500289900000013, 7.3096528 ], [ 134.500305200000014, 7.3097501 ], [ 134.5003204, 7.3098998 ], [ 134.500198399999988, 7.3101416 ], [ 134.5002289, 7.3102331 ], [ 134.5002594, 7.3103471 ], [ 134.500351, 7.3105001 ], [ 134.500412, 7.3106446 ], [ 134.5005035, 7.3107777 ], [ 134.5005646, 7.3108611 ], [ 134.500656099999986, 7.3109751 ], [ 134.5007019, 7.3110113 ], [ 134.5008087, 7.3110113 ], [ 134.5009155, 7.3109832 ], [ 134.5010986, 7.3109665 ], [ 134.501266500000014, 7.3109613 ], [ 134.5014191, 7.3109722 ], [ 134.5015564, 7.3109417 ], [ 134.501724200000012, 7.310914 ], [ 134.5017853, 7.3108859 ], [ 134.501846300000011, 7.3108611 ], [ 134.5019074, 7.3108168 ], [ 134.5019074, 7.3107472 ], [ 134.5018768, 7.3107028 ], [ 134.5018158, 7.310678 ], [ 134.5017853, 7.3105998 ], [ 134.501724200000012, 7.3104334 ], [ 134.501617399999986, 7.3103361 ], [ 134.5015411, 7.3103166 ], [ 134.5014648, 7.3101668 ], [ 134.501510599999989, 7.3100333 ], [ 134.5014801, 7.3099999 ], [ 134.501297, 7.3098831 ], [ 134.501266500000014, 7.3097887 ], [ 134.5012207, 7.3096943 ], [ 134.5010529, 7.3096442 ], [ 134.5009613, 7.3095722 ], [ 134.5009155, 7.3095279 ], [ 134.500778200000013, 7.309475 ], [ 134.5007324, 7.3093944 ], [ 134.500656099999986, 7.3093252 ], [ 134.5005951, 7.3093276 ], [ 134.5005646, 7.3093667 ], [ 134.5005646, 7.3094277 ], [ 134.5005188, 7.3094554 ], [ 134.500473, 7.3094554 ], [ 134.500412, 7.3094363 ], [ 134.500351, 7.3094611 ] ], [ [ 134.5122681, 7.3331223 ], [ 134.5121613, 7.3330612 ], [ 134.5119934, 7.3330917 ], [ 134.511795, 7.3332667 ], [ 134.5116425, 7.3333335 ], [ 134.5115051, 7.3333612 ], [ 134.511352499999987, 7.3333888 ], [ 134.5111542, 7.3335028 ], [ 134.511093100000011, 7.3336668 ], [ 134.511093100000011, 7.3338695 ], [ 134.5111389, 7.3340778 ], [ 134.5111847, 7.3342557 ], [ 134.5112, 7.3343916 ], [ 134.5114288, 7.3345556 ], [ 134.5115204, 7.3346 ], [ 134.51170350000001, 7.3346086 ], [ 134.5118713, 7.3345919 ], [ 134.511947600000013, 7.3345389 ], [ 134.512054400000011, 7.3344779 ], [ 134.5121155, 7.3343835 ], [ 134.5121155, 7.3343248 ], [ 134.512085, 7.3342443 ], [ 134.5121002, 7.3341308 ], [ 134.5122376, 7.3339748 ], [ 134.5123596, 7.3337445 ], [ 134.5124054, 7.3336501 ], [ 134.5124207, 7.3335028 ], [ 134.5122681, 7.3331223 ] ], [ [ 134.5150299, 7.3279834 ], [ 134.5150909, 7.3280416 ], [ 134.5152588, 7.3280335 ], [ 134.5153503, 7.3279748 ], [ 134.515335099999987, 7.3278332 ], [ 134.5152283, 7.3277054 ], [ 134.5153809, 7.327539 ], [ 134.5154877, 7.327322 ], [ 134.5154877, 7.3271222 ], [ 134.5153961, 7.326911 ], [ 134.5151672, 7.3267388 ], [ 134.5151062, 7.326664 ], [ 134.51506040000001, 7.3264389 ], [ 134.5149841, 7.326261 ], [ 134.514831500000014, 7.3261113 ], [ 134.5147095, 7.3260641 ], [ 134.514587400000011, 7.3259974 ], [ 134.514480600000013, 7.3260722 ], [ 134.5145264, 7.3264918 ], [ 134.5147095, 7.3268971 ], [ 134.514724699999988, 7.3271499 ], [ 134.514587400000011, 7.3274193 ], [ 134.5145721, 7.327661 ], [ 134.5146942, 7.3278556 ], [ 134.5147705, 7.3278389 ], [ 134.5148773, 7.3277946 ], [ 134.5149994, 7.3278165 ], [ 134.5150299, 7.3279834 ] ], [ [ 134.5123596, 7.3347859 ], [ 134.5123901, 7.3349137 ], [ 134.512451199999987, 7.3349972 ], [ 134.512558, 7.335053 ], [ 134.51266480000001, 7.3350668 ], [ 134.5127869, 7.335053 ], [ 134.5128784, 7.3349862 ], [ 134.512924199999986, 7.3349114 ], [ 134.51297, 7.3348475 ], [ 134.5131683, 7.3347111 ], [ 134.5132294, 7.3346391 ], [ 134.5132599, 7.3345194 ], [ 134.5131836, 7.3341498 ], [ 134.5131989, 7.3340335 ], [ 134.5132599, 7.3339443 ], [ 134.513290399999988, 7.3337641 ], [ 134.513443, 7.3336554 ], [ 134.5134583, 7.3335724 ], [ 134.513443, 7.3334918 ], [ 134.513305699999989, 7.3334556 ], [ 134.5132294, 7.3334832 ], [ 134.513153100000011, 7.3335109 ], [ 134.513092, 7.3335915 ], [ 134.512908900000014, 7.3337221 ], [ 134.5128632, 7.3338056 ], [ 134.5128632, 7.3340778 ], [ 134.5128326, 7.3342195 ], [ 134.5127564, 7.3343 ], [ 134.5126343, 7.3343554 ], [ 134.5125275, 7.3344498 ], [ 134.512497, 7.3345389 ], [ 134.5123596, 7.3347859 ] ], [ [ 134.5103455, 7.3361001 ], [ 134.5103302, 7.336164 ], [ 134.5103607, 7.3362141 ], [ 134.510376, 7.3362584 ], [ 134.510406499999988, 7.3362889 ], [ 134.5106049, 7.3363252 ], [ 134.51074220000001, 7.3363891 ], [ 134.5108032, 7.3364363 ], [ 134.5109253, 7.3365583 ], [ 134.5109711, 7.3367109 ], [ 134.511108400000012, 7.3368387 ], [ 134.5114136, 7.3369279 ], [ 134.5114594, 7.3369584 ], [ 134.511474600000014, 7.3370085 ], [ 134.5115051, 7.3370166 ], [ 134.5115356, 7.3370137 ], [ 134.5115356, 7.3369417 ], [ 134.5116272, 7.3367887 ], [ 134.5116425, 7.3367252 ], [ 134.511734, 7.3366194 ], [ 134.511734, 7.3365054 ], [ 134.5117798, 7.3364806 ], [ 134.5118256, 7.3363943 ], [ 134.5118103, 7.3363419 ], [ 134.5116425, 7.3363333 ], [ 134.5115509, 7.3364415 ], [ 134.511474600000014, 7.3364363 ], [ 134.5114136, 7.3364 ], [ 134.5110321, 7.3359971 ], [ 134.51074220000001, 7.3358221 ], [ 134.510620100000011, 7.3358388 ], [ 134.5105438, 7.3358831 ], [ 134.5103455, 7.3361001 ] ], [ [ 134.5139465, 7.3244777 ], [ 134.513916, 7.3246613 ], [ 134.5139771, 7.324903 ], [ 134.5139771, 7.3251443 ], [ 134.514007600000014, 7.3253861 ], [ 134.51409910000001, 7.3255138 ], [ 134.514251699999988, 7.3255944 ], [ 134.5142975, 7.3256168 ], [ 134.5144348, 7.3255363 ], [ 134.5145721, 7.3253307 ], [ 134.5145416, 7.3251362 ], [ 134.514373799999987, 7.3249583 ], [ 134.5142975, 7.3248973 ], [ 134.5142822, 7.3246946 ], [ 134.5143127, 7.3245306 ], [ 134.5143127, 7.3244414 ], [ 134.514251699999988, 7.3243804 ], [ 134.5140686, 7.3243637 ], [ 134.5139465, 7.3244777 ] ], [ [ 134.5166779, 7.3298998 ], [ 134.5166779, 7.3300109 ], [ 134.516876200000013, 7.3300419 ], [ 134.51712040000001, 7.3299141 ], [ 134.5171509, 7.3297029 ], [ 134.5170593, 7.3295026 ], [ 134.5170593, 7.3293972 ], [ 134.5169067, 7.3291197 ], [ 134.5167542, 7.3290081 ], [ 134.51663210000001, 7.3289862 ], [ 134.516525300000012, 7.3290305 ], [ 134.516449, 7.3292332 ], [ 134.5165405, 7.3293834 ], [ 134.516571, 7.3296056 ], [ 134.5166779, 7.3298998 ] ], [ [ 134.5030365, 7.3600001 ], [ 134.503082299999988, 7.359961 ], [ 134.5031586, 7.3599558 ], [ 134.5032196, 7.359972 ], [ 134.5032654, 7.3600388 ], [ 134.503280600000011, 7.3600917 ], [ 134.5033569, 7.3601637 ], [ 134.5034943, 7.3602638 ], [ 134.503555299999988, 7.36025 ], [ 134.503891, 7.3598137 ], [ 134.5044861, 7.3589749 ], [ 134.5045624, 7.3589335 ], [ 134.5048218, 7.3588667 ], [ 134.5049133, 7.3588085 ], [ 134.5050659, 7.3586278 ], [ 134.505096400000014, 7.3585944 ], [ 134.5051575, 7.358572 ], [ 134.5051575, 7.3585944 ], [ 134.5051422, 7.3586335 ], [ 134.505096400000014, 7.3587027 ], [ 134.504989599999988, 7.358839 ], [ 134.5049133, 7.358911 ], [ 134.5048065, 7.3589692 ], [ 134.5045624, 7.3590388 ], [ 134.504501299999987, 7.3591056 ], [ 134.5042114, 7.3594804 ], [ 134.5040131, 7.3597779 ], [ 134.5036469, 7.3602667 ], [ 134.503662100000014, 7.3603139 ], [ 134.503768900000011, 7.3603859 ], [ 134.503768900000011, 7.3604388 ], [ 134.5037231, 7.3604612 ], [ 134.503662100000014, 7.3604527 ], [ 134.5033264, 7.360239 ], [ 134.503204399999987, 7.3601141 ], [ 134.5030365, 7.3600526 ], [ 134.5030365, 7.3600001 ] ], [ [ 134.5100861, 7.3489056 ], [ 134.510040299999986, 7.3488169 ], [ 134.5098114, 7.3489637 ], [ 134.5098419, 7.3491168 ], [ 134.5095215, 7.349236 ], [ 134.5095215, 7.3492861 ], [ 134.5095978, 7.3492613 ], [ 134.5101013, 7.3490725 ], [ 134.510147100000012, 7.3491526 ], [ 134.5099793, 7.3493166 ], [ 134.5098419, 7.3494554 ], [ 134.5099487, 7.3495526 ], [ 134.5100861, 7.3496556 ], [ 134.51026920000001, 7.3495417 ], [ 134.5104981, 7.3494248 ], [ 134.510391199999987, 7.3493195 ], [ 134.510376, 7.3493028 ], [ 134.510147100000012, 7.3490224 ], [ 134.5100861, 7.3489056 ] ], [ [ 134.512069700000012, 7.3358388 ], [ 134.5121002, 7.3358831 ], [ 134.512146, 7.3359027 ], [ 134.5122681, 7.3358946 ], [ 134.5122833, 7.3358665 ], [ 134.5123749, 7.3358359 ], [ 134.5124207, 7.3358002 ], [ 134.5124207, 7.3357444 ], [ 134.512344399999989, 7.3355947 ], [ 134.5122986, 7.335536 ], [ 134.5122376, 7.3354945 ], [ 134.5122223, 7.3354473 ], [ 134.512191800000011, 7.335422 ], [ 134.512146, 7.3354778 ], [ 134.5118713, 7.3354502 ], [ 134.511856099999989, 7.3354888 ], [ 134.5118866, 7.3355832 ], [ 134.5120087, 7.3356252 ], [ 134.512069700000012, 7.3356972 ], [ 134.512054400000011, 7.3357749 ], [ 134.512069700000012, 7.3358388 ] ], [ [ 134.512619, 7.3323641 ], [ 134.512558, 7.3323832 ], [ 134.5125122, 7.3324499 ], [ 134.512497, 7.3325305 ], [ 134.512542700000012, 7.3325944 ], [ 134.5126038, 7.3326359 ], [ 134.5128937, 7.3326612 ], [ 134.5130005, 7.3326502 ], [ 134.5130615, 7.3326054 ], [ 134.513092, 7.3325472 ], [ 134.513092, 7.3324223 ], [ 134.5128937, 7.3323808 ], [ 134.512817399999989, 7.3324332 ], [ 134.512619, 7.3323641 ] ], [ [ 134.5010834, 7.3125887 ], [ 134.501037599999989, 7.3125863 ], [ 134.501037599999989, 7.3127027 ], [ 134.5010681, 7.3127308 ], [ 134.5010834, 7.3127971 ], [ 134.5010681, 7.3128195 ], [ 134.5010681, 7.31285 ], [ 134.5011292, 7.3128862 ], [ 134.501159699999988, 7.312861 ], [ 134.5011749, 7.3128305 ], [ 134.5011902, 7.3127418 ], [ 134.501236, 7.3127084 ], [ 134.5012817, 7.3126946 ], [ 134.501297, 7.3126669 ], [ 134.501297, 7.3126192 ], [ 134.501266500000014, 7.3125916 ], [ 134.501159699999988, 7.3126335 ], [ 134.5010834, 7.3125887 ] ], [ [ 134.5024414, 7.3103638 ], [ 134.5024109, 7.3104057 ], [ 134.5024109, 7.3104444 ], [ 134.50245670000001, 7.3104916 ], [ 134.502533, 7.3105249 ], [ 134.5025635, 7.3105054 ], [ 134.502609299999989, 7.310472 ], [ 134.5026245, 7.3104305 ], [ 134.502609299999989, 7.3103752 ], [ 134.5025024, 7.310339 ], [ 134.5024414, 7.3103638 ] ] ] } },
{ "type": "Feature", "properties": { "RCID": 5627, "PRIM": 3, "GRUP": 2, "OBJL": 308, "RVER": 1, "AGEN": 550, "FIDN": 827978010, "FIDS": 9, "LNAM": "02263159F11A0009", "LNAM_REFS": null, "FFPT_RIND": null, "CATQUA": null, "CATZOC": 3, "DRVAL1": null, "DRVAL2": null, "POSACC": null, "SOUACC": null, "SUREND": "2004", "SURSTA": "1969", "TECSOU": null, "VERDAT": null, "INFORM": "A) U.S. Navy LIDAR Survey, 2004, Archive No. 04HFM01, Scale 1:5,000-1:10,000; B) U.S. Navy Single Beam Survey, 1969, Archive No. 685036, Scale 1:10,000-1:20,000", "NINFOM": null, "NTXTDS": null, "TXTDSC": null, "RECDAT": null, "RECIND": null, "SORDAT": "20150206", "SORIND": "US,US,reprt,L-246-2015", "_enc_cell": "US4TB3P0" }, "geometry": { "type": "Polygon", "coordinates": [ [ [ 134.5216571, 7.2884781 ], [ 134.525285, 7.2865278 ], [ 134.5262639, 7.2860016 ], [ 134.5265843, 7.2858293 ], [ 134.5265647, 7.2856129 ], [ 134.5264963, 7.2848606 ], [ 134.5262995, 7.2826961 ], [ 134.526193799999987, 7.2815336 ], [ 134.5261255, 7.2807819 ], [ 134.5260375, 7.2798145 ], [ 134.525921, 7.2785324 ], [ 134.5258837, 7.2781217 ], [ 134.525315299999988, 7.2768195 ], [ 134.5251233, 7.2763797 ], [ 134.5247223, 7.2754612 ], [ 134.524394199999989, 7.2747095 ], [ 134.5239072, 7.2735937 ], [ 134.523541200000011, 7.2727553 ], [ 134.522611899999987, 7.2706264 ], [ 134.519946299999987, 7.2614757 ], [ 134.519499200000013, 7.2599411 ], [ 134.518905499999988, 7.2579031 ], [ 134.5186263, 7.2569445 ], [ 134.5183563, 7.2569445 ], [ 134.5167822, 7.2569445 ], [ 134.518685799999986, 7.2682469 ], [ 134.518685799999986, 7.2746715 ], [ 134.5226714, 7.2807391 ], [ 134.5208868, 7.2849032 ], [ 134.515652, 7.2866878 ], [ 134.509136399999988, 7.2859077 ], [ 134.5072049, 7.2856765 ], [ 134.5066065, 7.2841844 ], [ 134.5059072, 7.2824405 ], [ 134.504623400000014, 7.2829304 ], [ 134.5045624, 7.2829528 ], [ 134.5040131, 7.2831693 ], [ 134.5029602, 7.283586 ], [ 134.5025635, 7.2837362 ], [ 134.5025177, 7.2837558 ], [ 134.5023041, 7.2838359 ], [ 134.5007019, 7.2844443 ], [ 134.5, 7.284925 ], [ 134.4989014, 7.2856751 ], [ 134.4984436, 7.2872558 ], [ 134.4984436, 7.2872582 ], [ 134.4984283, 7.2872806 ], [ 134.498382600000014, 7.2875137 ], [ 134.4983521, 7.2881832 ], [ 134.4985024, 7.2883661 ], [ 134.4991934, 7.2881707 ], [ 134.4996907, 7.2880301 ], [ 134.5, 7.2879426 ], [ 134.5008925, 7.2876901 ], [ 134.5011706, 7.2876115 ], [ 134.5030611, 7.2870768 ], [ 134.503139800000014, 7.2870545 ], [ 134.503489699999989, 7.2869556 ], [ 134.5039482, 7.2868259 ], [ 134.504647, 7.2866283 ], [ 134.5070139, 7.287459 ], [ 134.5085561, 7.2880002 ], [ 134.5088101, 7.2880894 ], [ 134.5118645, 7.2891614 ], [ 134.5135783, 7.2897628 ], [ 134.5159692, 7.2906019 ], [ 134.5167983, 7.2908929 ], [ 134.5170202, 7.2909708 ], [ 134.517975299999989, 7.2904573 ], [ 134.5191211, 7.2898414 ], [ 134.519388099999986, 7.2896978 ], [ 134.5206446, 7.2890224 ], [ 134.5216571, 7.2884781 ] ] ] } },
{ "type": "Feature", "properties": { "RCID": 5628, "PRIM": 3, "GRUP": 2, "OBJL": 308, "RVER": 1, "AGEN": 550, "FIDN": 912988238, "FIDS": 9, "LNAM": "0226366B184E0009", "LNAM_REFS": null, "FFPT_RIND": null, "CATQUA": null, "CATZOC": 3, "DRVAL1": 15.0, "DRVAL2": null, "POSACC": null, "SOUACC": null, "SUREND": "2004", "SURSTA": null, "TECSOU": null, "VERDAT": null, "INFORM": "U.S. Navy LIDAR Survey, Archive No. 04HFM01, Scale 1:5,000-1:10,000", "NINFOM": null, "NTXTDS": null, "TXTDSC": null, "RECDAT": null, "RECIND": null, "SORDAT": "20150206", "SORIND": "US,US,reprt,L-246-2015", "_enc_cell": "US4TB3P0" }, "geometry": { "type": "Polygon", "coordinates": [ [ [ 134.5157776, 7.3025308 ], [ 134.5157929, 7.3024998 ], [ 134.515930200000014, 7.3021693 ], [ 134.5157623, 7.3019891 ], [ 134.5157776, 7.3017612 ], [ 134.515914900000013, 7.3015585 ], [ 134.5161896, 7.3015194 ], [ 134.516571, 7.3017526 ], [ 134.516647299999988, 7.3018613 ], [ 134.5170593, 7.3024669 ], [ 134.5171509, 7.3025889 ], [ 134.518214300000011, 7.3028908 ], [ 134.518141, 7.3027586 ], [ 134.5173768, 7.3013812 ], [ 134.517079599999988, 7.3008456 ], [ 134.5179113, 7.3007498 ], [ 134.519321600000012, 7.3005876 ], [ 134.5205927, 7.3004413 ], [ 134.5253299, 7.2998961 ], [ 134.526825, 7.2997241 ], [ 134.538276700000011, 7.2984062 ], [ 134.5379639, 7.2983027 ], [ 134.5375977, 7.298161 ], [ 134.536834700000014, 7.2980666 ], [ 134.536087, 7.2979751 ], [ 134.5360718, 7.2979751 ], [ 134.5356598, 7.297925 ], [ 134.5353088, 7.2978807 ], [ 134.534423800000013, 7.2977696 ], [ 134.5336914, 7.297678 ], [ 134.532959, 7.2975721 ], [ 134.5321198, 7.2974558 ], [ 134.5316925, 7.2975054 ], [ 134.531677300000013, 7.2975054 ], [ 134.529403699999989, 7.2977638 ], [ 134.52890020000001, 7.297822 ], [ 134.528671300000013, 7.2978501 ], [ 134.5286408, 7.297853 ], [ 134.5286255, 7.297853 ], [ 134.5274353, 7.2979808 ], [ 134.5269165, 7.2980332 ], [ 134.5263519, 7.2980919 ], [ 134.526153599999986, 7.297997 ], [ 134.526031499999988, 7.2979331 ], [ 134.5258637, 7.2978501 ], [ 134.5257263, 7.2980166 ], [ 134.5256195, 7.2981362 ], [ 134.5255127, 7.2982669 ], [ 134.5252686, 7.2983279 ], [ 134.5251007, 7.2982612 ], [ 134.5246124, 7.2977972 ], [ 134.5244904, 7.2977696 ], [ 134.5242462, 7.297328 ], [ 134.5226135, 7.2970138 ], [ 134.5220184, 7.2968974 ], [ 134.521209700000014, 7.2967639 ], [ 134.5204468, 7.296711 ], [ 134.5202789, 7.2967 ], [ 134.519531300000011, 7.2966499 ], [ 134.519516, 7.2966499 ], [ 134.5186157, 7.2966027 ], [ 134.5185089, 7.296597 ], [ 134.517395, 7.296536 ], [ 134.5172882, 7.2968388 ], [ 134.5167542, 7.2970915 ], [ 134.5164948, 7.2971363 ], [ 134.5163574, 7.2971611 ], [ 134.515548700000011, 7.2971335 ], [ 134.5152741, 7.297122 ], [ 134.514953600000013, 7.297039 ], [ 134.5148163, 7.2970028 ], [ 134.5147858, 7.2969666 ], [ 134.5142975, 7.2963972 ], [ 134.5136871, 7.2957859 ], [ 134.513031, 7.2954612 ], [ 134.5124817, 7.2951832 ], [ 134.5113373, 7.2946196 ], [ 134.5110474, 7.2944722 ], [ 134.5102387, 7.2940474 ], [ 134.5101776, 7.2940168 ], [ 134.509674100000012, 7.2937779 ], [ 134.508728, 7.293325 ], [ 134.5078125, 7.2928414 ], [ 134.5066223, 7.2922502 ], [ 134.5061493, 7.2920418 ], [ 134.505477899999988, 7.2917943 ], [ 134.505340600000011, 7.2917891 ], [ 134.5049133, 7.2917666 ], [ 134.5043182, 7.2918887 ], [ 134.5041199, 7.291925 ], [ 134.5033569, 7.2920666 ], [ 134.5032501, 7.2920723 ], [ 134.5032349, 7.2920723 ], [ 134.5028687, 7.2920861 ], [ 134.5023041, 7.2921085 ], [ 134.5020752, 7.2921166 ], [ 134.5020599, 7.2921166 ], [ 134.5019989, 7.2921195 ], [ 134.5015411, 7.2920666 ], [ 134.5, 7.2901888 ], [ 134.4985024, 7.2883661 ], [ 134.4928686, 7.2899595 ], [ 134.49063240000001, 7.2901354 ], [ 134.4905455, 7.2901422 ], [ 134.4908447, 7.2906137 ], [ 134.4908905, 7.290689 ], [ 134.491302499999989, 7.291172 ], [ 134.491302499999989, 7.2911749 ], [ 134.4918366, 7.2918081 ], [ 134.49066160000001, 7.2918 ], [ 134.490554800000012, 7.2918 ], [ 134.4898834, 7.2917943 ], [ 134.488037100000014, 7.2915835 ], [ 134.4868622, 7.2914472 ], [ 134.4864502, 7.2914 ], [ 134.4864349, 7.2914 ], [ 134.485412599999989, 7.2912831 ], [ 134.4845429, 7.2911835 ], [ 134.4839284, 7.2906627 ], [ 134.4828544, 7.2907472 ], [ 134.4830322, 7.2910752 ], [ 134.483123799999987, 7.2912445 ], [ 134.484664900000013, 7.2922168 ], [ 134.485275300000012, 7.2925973 ], [ 134.485275300000012, 7.2926002 ], [ 134.485534699999988, 7.2927585 ], [ 134.485992399999986, 7.2930446 ], [ 134.4862518, 7.2932 ], [ 134.4867554, 7.2935276 ], [ 134.4867554, 7.2935305 ], [ 134.4878998, 7.2942667 ], [ 134.4892883, 7.2951527 ], [ 134.492965700000013, 7.2980471 ], [ 134.493804899999986, 7.2987971 ], [ 134.4938965, 7.2988863 ], [ 134.4940949, 7.2990665 ], [ 134.4944763, 7.2994084 ], [ 134.4946137, 7.2995305 ], [ 134.4947052, 7.299561 ], [ 134.495468100000011, 7.2998166 ], [ 134.4958344, 7.2999363 ], [ 134.4969025, 7.3002915 ], [ 134.496917700000012, 7.3002944 ], [ 134.497192399999989, 7.3003917 ], [ 134.4973297, 7.3005805 ], [ 134.498275799999988, 7.3018751 ], [ 134.499588, 7.3024526 ], [ 134.499588, 7.3024554 ], [ 134.5, 7.302639 ], [ 134.5003357, 7.3027887 ], [ 134.500351, 7.3027916 ], [ 134.50039670000001, 7.302814 ], [ 134.5005035, 7.3013444 ], [ 134.5005035, 7.3013415 ], [ 134.500549299999989, 7.3008194 ], [ 134.5005798, 7.3004222 ], [ 134.5005951, 7.3002558 ], [ 134.5005951, 7.3002529 ], [ 134.500671399999987, 7.299397 ], [ 134.500762900000012, 7.2982612 ], [ 134.5008392, 7.2973862 ], [ 134.5008545, 7.2970305 ], [ 134.501022299999988, 7.2968721 ], [ 134.501297, 7.2972555 ], [ 134.5013428, 7.2973332 ], [ 134.5014038, 7.2974196 ], [ 134.5015411, 7.297461 ], [ 134.50177, 7.2975249 ], [ 134.502212500000013, 7.2976584 ], [ 134.5027313, 7.297811 ], [ 134.5028381, 7.2979388 ], [ 134.502945, 7.2980776 ], [ 134.503082299999988, 7.2982612 ], [ 134.5033569, 7.2985945 ], [ 134.50485230000001, 7.2982445 ], [ 134.5051422, 7.2982583 ], [ 134.5052033, 7.2983222 ], [ 134.505493199999989, 7.2985807 ], [ 134.5057678, 7.2990751 ], [ 134.5062256, 7.2996669 ], [ 134.5066986, 7.3001447 ], [ 134.5074921, 7.3007808 ], [ 134.50820920000001, 7.3012304 ], [ 134.5106812, 7.3023973 ], [ 134.5126038, 7.3031306 ], [ 134.513412499999987, 7.3034415 ], [ 134.5135651, 7.3034916 ], [ 134.513855, 7.3035808 ], [ 134.5142822, 7.3037334 ], [ 134.5144196, 7.3037696 ], [ 134.5146637, 7.3038416 ], [ 134.5152283, 7.3040085 ], [ 134.5153961, 7.3035388 ], [ 134.515441900000013, 7.3034306 ], [ 134.5157318, 7.3026638 ], [ 134.5157776, 7.3025389 ], [ 134.5157776, 7.3025308 ] ], [ [ 134.50581360000001, 7.2946806 ], [ 134.506134, 7.2944722 ], [ 134.506195100000014, 7.2944641 ], [ 134.5062103, 7.2944613 ], [ 134.5066071, 7.2943916 ], [ 134.5068665, 7.2944584 ], [ 134.5071869, 7.294672 ], [ 134.5072327, 7.2950611 ], [ 134.5072327, 7.2951694 ], [ 134.507034299999987, 7.295464 ], [ 134.506912199999988, 7.2955613 ], [ 134.506912199999988, 7.2955637 ], [ 134.506652800000012, 7.2957721 ], [ 134.5062714, 7.2958221 ], [ 134.506012, 7.2958002 ], [ 134.505691500000012, 7.295578 ], [ 134.5056152, 7.2951694 ], [ 134.505661, 7.2949891 ], [ 134.505661, 7.2949834 ], [ 134.505706800000013, 7.2948613 ], [ 134.50581360000001, 7.2946863 ], [ 134.50581360000001, 7.2946806 ] ], [ [ 134.513870200000014, 7.3005891 ], [ 134.5137329, 7.3004084 ], [ 134.514114400000011, 7.2994638 ], [ 134.514358499999986, 7.2993832 ], [ 134.5145721, 7.2995057 ], [ 134.5148163, 7.2997584 ], [ 134.514968900000014, 7.2999167 ], [ 134.515075700000011, 7.3001361 ], [ 134.515075700000011, 7.3004971 ], [ 134.5150147, 7.300622 ], [ 134.5148773, 7.3008084 ], [ 134.5147095, 7.3008609 ], [ 134.5140533, 7.3006887 ], [ 134.513870200000014, 7.3005891 ] ], [ [ 134.5001526, 7.2956557 ], [ 134.5001526, 7.2956529 ], [ 134.5001068, 7.2955942 ], [ 134.5001068, 7.2953501 ], [ 134.500427300000013, 7.2947054 ], [ 134.5005951, 7.2946363 ], [ 134.5008698, 7.2946582 ], [ 134.5010986, 7.2946749 ], [ 134.5013275, 7.2948222 ], [ 134.5013275, 7.2949443 ], [ 134.5013275, 7.2949472 ], [ 134.5013428, 7.295114 ], [ 134.501266500000014, 7.2954583 ], [ 134.501037599999989, 7.2958279 ], [ 134.500762900000012, 7.2959943 ], [ 134.5003815, 7.2959085 ], [ 134.5001526, 7.2956557 ] ] ] } },
{ "type": "Feature", "properties": { "RCID": 5629, "PRIM": 3, "GRUP": 2, "OBJL": 308, "RVER": 1, "AGEN": 550, "FIDN": 262649438, "FIDS": 9, "LNAM": "02260FA7B65E0009", "LNAM_REFS": null, "FFPT_RIND": null, "CATQUA": null, "CATZOC": 3, "DRVAL1": null, "DRVAL2": null, "POSACC": null, "SOUACC": null, "SUREND": "2004", "SURSTA": null, "TECSOU": null, "VERDAT": null, "INFORM": "U.S. Navy LIDAR Survey, Archive No. 04HFM01, Scale 1:5,000-1:10,000", "NINFOM": null, "NTXTDS": null, "TXTDSC": null, "RECDAT": null, "RECIND": null, "SORDAT": "20150206", "SORIND": "US,US,reprt,L-246-2015", "_enc_cell": "US4TB3P0" }, "geometry": { "type": "Polygon", "coordinates": [ [ [ 134.5858307, 7.3360472 ], [ 134.5858307, 7.3360443 ], [ 134.5871277, 7.3352137 ], [ 134.588409399999989, 7.3342419 ], [ 134.589141899999987, 7.3334165 ], [ 134.589477499999987, 7.332839 ], [ 134.58992, 7.3320694 ], [ 134.5901642, 7.3316307 ], [ 134.5902252, 7.3314776 ], [ 134.5903007, 7.3312811 ], [ 134.5885505, 7.3291663 ], [ 134.5859485, 7.3260223 ], [ 134.5857973, 7.3258395 ], [ 134.585434, 7.3262668 ], [ 134.5854034, 7.3263001 ], [ 134.5854034, 7.326303 ], [ 134.5847321, 7.3270998 ], [ 134.5830994, 7.3289776 ], [ 134.5830536, 7.3290248 ], [ 134.5827332, 7.3294196 ], [ 134.5827332, 7.329422 ], [ 134.5824585, 7.3297582 ], [ 134.5822296, 7.3301473 ], [ 134.5820923, 7.3303638 ], [ 134.5817719, 7.3314362 ], [ 134.5817719, 7.3325362 ], [ 134.5818481, 7.3328443 ], [ 134.5818481, 7.3328471 ], [ 134.5819702, 7.3332696 ], [ 134.5822296, 7.3342695 ], [ 134.5822296, 7.334703 ], [ 134.5822296, 7.3349056 ], [ 134.5823517, 7.3351526 ], [ 134.5826721, 7.3355308 ], [ 134.5828857, 7.3357582 ], [ 134.5834808, 7.3364029 ], [ 134.583709700000014, 7.3362308 ], [ 134.584137, 7.3359251 ], [ 134.585052499999989, 7.3365002 ], [ 134.5856781, 7.3361416 ], [ 134.5858154, 7.3360558 ], [ 134.5858307, 7.3360472 ] ] ] } },
{ "type": "Feature", "properties": { "RCID": 5630, "PRIM": 3, "GRUP": 2, "OBJL": 308, "RVER": 1, "AGEN": 550, "FIDN": 237920931, "FIDS": 9, "LNAM": "02260E2E62A30009", "LNAM_REFS": null, "FFPT_RIND": null, "CATQUA": null, "CATZOC": 5, "DRVAL1": null, "DRVAL2": null, "POSACC": null, "SOUACC": null, "SUREND": "1938", "SURSTA": "1915", "TECSOU": null, "VERDAT": null, "INFORM": "Former Japan Chart 481 (Ed. 1940, Rev. 1944), from Japan surveys, Scale 1:25,000", "NINFOM": null, "NTXTDS": null, "TXTDSC": null, "RECDAT": null, "RECIND": null, "SORDAT": "20150206", "SORIND": "US,US,reprt,L-246-2015", "_enc_cell": "US4TB3P0" }, "geometry": { "type": "Polygon", "coordinates": [ [ [ 134.4693604, 7.2363973 ], [ 134.626159699999988, 7.2363973 ], [ 134.626159699999988, 7.3734946 ], [ 134.626159699999988, 7.3808389 ], [ 134.6221466, 7.380839 ], [ 134.613617, 7.3808393 ], [ 134.6106566, 7.3808394 ], [ 134.5920557, 7.38084 ], [ 134.590224, 7.3808401 ], [ 134.5902252, 7.3808389 ], [ 134.5902405, 7.380825 ], [ 134.5902863, 7.3807445 ], [ 134.5903778, 7.3805666 ], [ 134.5904236, 7.3803697 ], [ 134.5903931, 7.380086 ], [ 134.590316800000011, 7.3800111 ], [ 134.5904083, 7.3799443 ], [ 134.5904846, 7.3797998 ], [ 134.5905914, 7.3796277 ], [ 134.590667700000012, 7.3793807 ], [ 134.5907593, 7.3792777 ], [ 134.5908814, 7.3791666 ], [ 134.590942399999989, 7.379139 ], [ 134.5909882, 7.3791165 ], [ 134.591033900000014, 7.3790946 ], [ 134.5911408, 7.3790026 ], [ 134.5911865, 7.3789444 ], [ 134.591171300000013, 7.3788586 ], [ 134.591217, 7.3787389 ], [ 134.5912476, 7.3786054 ], [ 134.59126280000001, 7.3784585 ], [ 134.5911865, 7.3783445 ], [ 134.5911102, 7.3782473 ], [ 134.5911408, 7.3781724 ], [ 134.591217, 7.3781276 ], [ 134.5912933, 7.3780723 ], [ 134.59126280000001, 7.377986 ], [ 134.591217, 7.3779168 ], [ 134.5913086, 7.3779082 ], [ 134.5913696, 7.377861 ], [ 134.591507, 7.3776388 ], [ 134.5915833, 7.377439 ], [ 134.591644300000013, 7.3772807 ], [ 134.5916748, 7.3772526 ], [ 134.5918121, 7.3770971 ], [ 134.5919647, 7.3770251 ], [ 134.5920563, 7.376853 ], [ 134.5921021, 7.3766332 ], [ 134.5921783, 7.376586 ], [ 134.5922852, 7.3765082 ], [ 134.5924377, 7.3762665 ], [ 134.5925751, 7.3760057 ], [ 134.592605600000013, 7.3757391 ], [ 134.5925751, 7.3755498 ], [ 134.592514, 7.3754807 ], [ 134.5924683, 7.3753557 ], [ 134.5924377, 7.3751669 ], [ 134.59236150000001, 7.3749638 ], [ 134.5922546, 7.3748474 ], [ 134.5921783, 7.374661 ], [ 134.5921783, 7.3744946 ], [ 134.5920868, 7.3742442 ], [ 134.5919495, 7.3740583 ], [ 134.591919, 7.3738585 ], [ 134.5918274, 7.3734665 ], [ 134.5918274, 7.37325 ], [ 134.591766400000012, 7.3731027 ], [ 134.59175110000001, 7.3726721 ], [ 134.5916138, 7.372478 ], [ 134.591522200000014, 7.3722777 ], [ 134.5914459, 7.3720498 ], [ 134.591430699999989, 7.3719111 ], [ 134.591430699999989, 7.3717389 ], [ 134.591507, 7.3715501 ], [ 134.591659600000014, 7.3713694 ], [ 134.5917358, 7.3712082 ], [ 134.59175110000001, 7.3709388 ], [ 134.591766400000012, 7.3707333 ], [ 134.591766400000012, 7.3705668 ], [ 134.5917969, 7.3705168 ], [ 134.5918274, 7.3704667 ], [ 134.591903699999989, 7.3703804 ], [ 134.592025799999988, 7.3702664 ], [ 134.5920868, 7.3701057 ], [ 134.5921631, 7.3699331 ], [ 134.5921478, 7.3697443 ], [ 134.5921021, 7.3695054 ], [ 134.592117300000012, 7.3693862 ], [ 134.5921783, 7.369225 ], [ 134.592239400000011, 7.369061 ], [ 134.5922699, 7.3689251 ], [ 134.592239400000011, 7.3687248 ], [ 134.592239400000011, 7.3683777 ], [ 134.5924072, 7.3683696 ], [ 134.592590300000012, 7.3683696 ], [ 134.5927582, 7.3683443 ], [ 134.592804, 7.3683276 ], [ 134.5928955, 7.3682971 ], [ 134.5930328, 7.3682056 ], [ 134.5931091, 7.3681278 ], [ 134.5931549, 7.3680224 ], [ 134.5931244, 7.3678803 ], [ 134.5931702, 7.3678279 ], [ 134.593200700000011, 7.367897 ], [ 134.5932617, 7.368011 ], [ 134.59332280000001, 7.36795 ], [ 134.5933685, 7.3678417 ], [ 134.5933838, 7.3677335 ], [ 134.5934906, 7.3676195 ], [ 134.5935364, 7.3674779 ], [ 134.5936127, 7.3673863 ], [ 134.5937195, 7.3672695 ], [ 134.5937653, 7.3671475 ], [ 134.5937042, 7.3670836 ], [ 134.5935974, 7.3670473 ], [ 134.5934906, 7.3670473 ], [ 134.593460099999987, 7.3670111 ], [ 134.5934906, 7.3669639 ], [ 134.5936279, 7.3669915 ], [ 134.5937347, 7.3670054 ], [ 134.5938416, 7.3669863 ], [ 134.5939179, 7.3669305 ], [ 134.593948399999988, 7.3668361 ], [ 134.593948399999988, 7.3666248 ], [ 134.593933099999987, 7.366478 ], [ 134.593948399999988, 7.3663335 ], [ 134.5939941, 7.3661723 ], [ 134.5940247, 7.3660474 ], [ 134.5939941, 7.3659864 ], [ 134.593933099999987, 7.3659196 ], [ 134.5939789, 7.3658724 ], [ 134.5940247, 7.3658609 ], [ 134.5940857, 7.3659277 ], [ 134.5941315, 7.366075 ], [ 134.594101, 7.3664222 ], [ 134.5940857, 7.3665223 ], [ 134.59414670000001, 7.366611 ], [ 134.5941925, 7.3667307 ], [ 134.5942535, 7.3667975 ], [ 134.5943451, 7.3668528 ], [ 134.594421399999987, 7.3668528 ], [ 134.594543499999986, 7.3667722 ], [ 134.5946655, 7.3665891 ], [ 134.594650300000012, 7.3665471 ], [ 134.5946808, 7.3665195 ], [ 134.59475710000001, 7.3664584 ], [ 134.594787599999989, 7.3663836 ], [ 134.594772299999988, 7.3662915 ], [ 134.594894399999987, 7.3662696 ], [ 134.5949707, 7.366261 ], [ 134.594787599999989, 7.3664947 ], [ 134.594696, 7.3666363 ], [ 134.594650300000012, 7.3667584 ], [ 134.594574, 7.3668833 ], [ 134.594574, 7.3671861 ], [ 134.5946045, 7.3673196 ], [ 134.5946808, 7.3673778 ], [ 134.594772299999988, 7.3673973 ], [ 134.5948486, 7.3674054 ], [ 134.594986, 7.3673415 ], [ 134.595047, 7.3672776 ], [ 134.595047, 7.3672028 ], [ 134.5950317, 7.3671026 ], [ 134.595138600000013, 7.3671613 ], [ 134.5952148, 7.3671527 ], [ 134.5953217, 7.367075 ], [ 134.5954132, 7.3669224 ], [ 134.5954132, 7.3667693 ], [ 134.595367399999986, 7.3666334 ], [ 134.595398, 7.3665667 ], [ 134.5954132, 7.3664308 ], [ 134.5953064, 7.3663306 ], [ 134.5951996, 7.3663168 ], [ 134.5951538, 7.3662696 ], [ 134.5950623, 7.3662138 ], [ 134.5950775, 7.3660998 ], [ 134.5951843, 7.365972 ], [ 134.5952148, 7.3658276 ], [ 134.595260599999989, 7.3657026 ], [ 134.5952148, 7.3655777 ], [ 134.595138600000013, 7.3655391 ], [ 134.595138600000013, 7.3654776 ], [ 134.5951691, 7.3653722 ], [ 134.595123300000012, 7.3652973 ], [ 134.5950928, 7.3650889 ], [ 134.594986, 7.364964 ], [ 134.5948639, 7.3649221 ], [ 134.59475710000001, 7.3649168 ], [ 134.5947418, 7.3647528 ], [ 134.5947418, 7.3645887 ], [ 134.594772299999988, 7.3644586 ], [ 134.5948486, 7.364378 ], [ 134.5949554, 7.3643584 ], [ 134.5950928, 7.3643026 ], [ 134.59524540000001, 7.364203 ], [ 134.595367399999986, 7.3640389 ], [ 134.595474200000012, 7.3637776 ], [ 134.595596300000011, 7.3632779 ], [ 134.595611600000012, 7.3629279 ], [ 134.5955505, 7.3625193 ], [ 134.5954437, 7.3622389 ], [ 134.5953064, 7.3620224 ], [ 134.5952301, 7.3618779 ], [ 134.5951691, 7.3617916 ], [ 134.5950775, 7.3617168 ], [ 134.5950317, 7.3615637 ], [ 134.5949707, 7.361486 ], [ 134.5948639, 7.3613944 ], [ 134.5948029, 7.361228 ], [ 134.5946808, 7.3611002 ], [ 134.594543499999986, 7.3611112 ], [ 134.5944977, 7.3610501 ], [ 134.5943909, 7.36095 ], [ 134.5942688, 7.3608613 ], [ 134.594177300000013, 7.3607249 ], [ 134.5940247, 7.3606391 ], [ 134.593933099999987, 7.3606443 ], [ 134.5936432, 7.3606472 ], [ 134.5934753, 7.3606834 ], [ 134.5934753, 7.360425 ], [ 134.5934296, 7.3602195 ], [ 134.5933838, 7.3601446 ], [ 134.593338, 7.3600502 ], [ 134.593200700000011, 7.3600249 ], [ 134.5930481, 7.3599863 ], [ 134.5930023, 7.3598919 ], [ 134.5928955, 7.3598919 ], [ 134.5927734, 7.3598056 ], [ 134.5927429, 7.3596306 ], [ 134.592727700000012, 7.3594694 ], [ 134.592605600000013, 7.3593445 ], [ 134.592483499999986, 7.3593054 ], [ 134.59236150000001, 7.3592582 ], [ 134.5922546, 7.359303 ], [ 134.59222410000001, 7.3593779 ], [ 134.5920715, 7.3593473 ], [ 134.59198, 7.3593583 ], [ 134.5918427, 7.3593359 ], [ 134.5918121, 7.3592749 ], [ 134.59175110000001, 7.3592138 ], [ 134.5916138, 7.3592277 ], [ 134.591568, 7.3592806 ], [ 134.5915527, 7.3593416 ], [ 134.5914917, 7.3594084 ], [ 134.5914459, 7.3594918 ], [ 134.591415399999988, 7.3594194 ], [ 134.591415399999988, 7.3592944 ], [ 134.5913544, 7.359189 ], [ 134.591217, 7.3591638 ], [ 134.591095, 7.3592224 ], [ 134.591033900000014, 7.3593221 ], [ 134.590942399999989, 7.3593473 ], [ 134.590805100000011, 7.3591805 ], [ 134.5906982, 7.3590832 ], [ 134.5905304, 7.3590946 ], [ 134.590438799999987, 7.3590641 ], [ 134.590271, 7.3590331 ], [ 134.590179400000011, 7.3589001 ], [ 134.5899353, 7.3587833 ], [ 134.589843800000011, 7.3588252 ], [ 134.589706400000011, 7.3587556 ], [ 134.5895233, 7.3586917 ], [ 134.589370699999989, 7.3586807 ], [ 134.589248700000013, 7.358736 ], [ 134.5891724, 7.3587942 ], [ 134.589035, 7.3587833 ], [ 134.5889282, 7.3588109 ], [ 134.5888367, 7.3588915 ], [ 134.5887299, 7.3588724 ], [ 134.5887146, 7.3588109 ], [ 134.5886993, 7.3587332 ], [ 134.5885925, 7.3586669 ], [ 134.5884247, 7.3586278 ], [ 134.588272100000012, 7.3586249 ], [ 134.5881195, 7.358572 ], [ 134.5880127, 7.3585167 ], [ 134.5879669, 7.3584194 ], [ 134.587921099999988, 7.3583999 ], [ 134.587783800000011, 7.3583722 ], [ 134.5877075, 7.3582473 ], [ 134.5877228, 7.3581028 ], [ 134.5877533, 7.3579946 ], [ 134.587783800000011, 7.3579249 ], [ 134.5877686, 7.3578553 ], [ 134.5878296, 7.3578057 ], [ 134.5878906, 7.3577166 ], [ 134.5878449, 7.3576584 ], [ 134.5878601, 7.3575945 ], [ 134.5878296, 7.3575416 ], [ 134.5877686, 7.3574834 ], [ 134.5877686, 7.3573971 ], [ 134.5878601, 7.3573666 ], [ 134.5879974, 7.3573804 ], [ 134.5881805, 7.3573446 ], [ 134.5883484, 7.3572974 ], [ 134.5884399, 7.3572221 ], [ 134.588501, 7.3570442 ], [ 134.5884399, 7.3568668 ], [ 134.5883179, 7.3567414 ], [ 134.5883637, 7.3565917 ], [ 134.5883789, 7.3563805 ], [ 134.5883026, 7.3561668 ], [ 134.5881958, 7.3561029 ], [ 134.5881958, 7.355989 ], [ 134.5883026, 7.3557806 ], [ 134.5883789, 7.3555555 ], [ 134.5884705, 7.3553195 ], [ 134.5884705, 7.3551307 ], [ 134.588409399999989, 7.3549252 ], [ 134.5883484, 7.3546748 ], [ 134.5883179, 7.3545499 ], [ 134.588272100000012, 7.3542862 ], [ 134.5881805, 7.3541446 ], [ 134.5879974, 7.3540306 ], [ 134.58790590000001, 7.3539085 ], [ 134.587921099999988, 7.3537917 ], [ 134.58790590000001, 7.3536582 ], [ 134.5878601, 7.3535667 ], [ 134.587677, 7.3534026 ], [ 134.587692299999986, 7.353086 ], [ 134.587738, 7.3529916 ], [ 134.5878296, 7.3530002 ], [ 134.5878601, 7.3529363 ], [ 134.5878449, 7.3528252 ], [ 134.587738, 7.3527083 ], [ 134.587677, 7.3525834 ], [ 134.587570199999988, 7.3525167 ], [ 134.5874176, 7.3523831 ], [ 134.5873413, 7.3522553 ], [ 134.5873566, 7.3521333 ], [ 134.5873566, 7.3518 ], [ 134.5875397, 7.3516083 ], [ 134.5876312, 7.3514748 ], [ 134.587661700000012, 7.3513861 ], [ 134.5875397, 7.3512721 ], [ 134.5873718, 7.3510723 ], [ 134.5872345, 7.350975 ], [ 134.587130800000011, 7.3508854 ], [ 134.5953606, 7.3545687 ], [ 134.5957517, 7.3547438 ], [ 134.5958784, 7.3548005 ], [ 134.596925199999987, 7.355269 ], [ 134.5974305, 7.3549273 ], [ 134.5983349, 7.3543158 ], [ 134.5997538, 7.3533563 ], [ 134.6019102, 7.3518982 ], [ 134.6023408, 7.351607 ], [ 134.603669200000013, 7.3507088 ], [ 134.6051018, 7.3497401 ], [ 134.6062317, 7.348976 ], [ 134.606968, 7.3484782 ], [ 134.6078305, 7.3478949 ], [ 134.6081682, 7.3476666 ], [ 134.6053952, 7.3451786 ], [ 134.6047174, 7.3445705 ], [ 134.604736300000013, 7.3445749 ], [ 134.6049194, 7.3446221 ], [ 134.6049347, 7.344625 ], [ 134.605239899999987, 7.3446999 ], [ 134.605545, 7.3447776 ], [ 134.6068268, 7.3450694 ], [ 134.6078949, 7.345314 ], [ 134.6087799, 7.3455248 ], [ 134.6096497, 7.3457332 ], [ 134.6103668, 7.345911 ], [ 134.610748300000012, 7.3456831 ], [ 134.6107788, 7.3452334 ], [ 134.6105804, 7.344522 ], [ 134.610153200000013, 7.343461 ], [ 134.6081543, 7.3396974 ], [ 134.6077118, 7.3388724 ], [ 134.606781, 7.3372808 ], [ 134.6042023, 7.3333836 ], [ 134.602722199999988, 7.3315973 ], [ 134.6021729, 7.3311138 ], [ 134.6008606, 7.3301888 ], [ 134.5967865, 7.327786 ], [ 134.5937805, 7.3264222 ], [ 134.592239400000011, 7.325953 ], [ 134.591507, 7.327961 ], [ 134.5914612, 7.328064 ], [ 134.5914612, 7.3280721 ], [ 134.591415399999988, 7.3282166 ], [ 134.5908508, 7.3297916 ], [ 134.590560900000014, 7.3305807 ], [ 134.590560900000014, 7.3305888 ], [ 134.5904236, 7.3309193 ], [ 134.5904236, 7.3309336 ], [ 134.5903778, 7.3310804 ], [ 134.5903007, 7.3312811 ], [ 134.5885505, 7.3291663 ], [ 134.5859485, 7.3260223 ], [ 134.5857973, 7.3258395 ], [ 134.585968, 7.3256388 ], [ 134.5868835, 7.3245583 ], [ 134.58729550000001, 7.3240914 ], [ 134.5873413, 7.3240471 ], [ 134.589248700000013, 7.3218002 ], [ 134.5853424, 7.3200083 ], [ 134.583313, 7.3183637 ], [ 134.5830536, 7.3190613 ], [ 134.5827942, 7.3197804 ], [ 134.582763699999987, 7.3199835 ], [ 134.5825501, 7.3209472 ], [ 134.5824893, 7.3218423 ], [ 134.580813400000011, 7.3198173 ], [ 134.5787573, 7.3173328 ], [ 134.5730422, 7.3104271 ], [ 134.572879300000011, 7.3102302 ], [ 134.572700200000014, 7.3101007 ], [ 134.5717584, 7.3094191 ], [ 134.56893070000001, 7.3073729 ], [ 134.56716320000001, 7.3060939 ], [ 134.5651263, 7.3046199 ], [ 134.55824290000001, 7.2996389 ], [ 134.5573082, 7.2989625 ], [ 134.5565205, 7.2983924 ], [ 134.558204100000012, 7.3092028 ], [ 134.558293600000013, 7.3097775 ], [ 134.5587454, 7.3126788 ], [ 134.558609, 7.3126416 ], [ 134.5571899, 7.3110471 ], [ 134.5565949, 7.310389 ], [ 134.5549469, 7.3090944 ], [ 134.5549469, 7.3090916 ], [ 134.553543100000013, 7.3079972 ], [ 134.55233770000001, 7.3070555 ], [ 134.5522919, 7.3070192 ], [ 134.5520172, 7.3068056 ], [ 134.5519104, 7.3067112 ], [ 134.5518951, 7.3066974 ], [ 134.551879899999989, 7.3066917 ], [ 134.5518036, 7.3066306 ], [ 134.5509796, 7.3059888 ], [ 134.5503693, 7.3055029 ], [ 134.5502167, 7.3053861 ], [ 134.54953, 7.3048639 ], [ 134.5479889, 7.3036666 ], [ 134.547180200000014, 7.3029919 ], [ 134.5466461, 7.3025556 ], [ 134.5458832, 7.301939 ], [ 134.5452728, 7.3015223 ], [ 134.5451965, 7.3014832 ], [ 134.5418396, 7.299603 ], [ 134.5406647, 7.2992168 ], [ 134.540222199999988, 7.2990723 ], [ 134.5396423, 7.2988582 ], [ 134.538276700000011, 7.2984062 ], [ 134.540639199999987, 7.2981343 ], [ 134.543682499999989, 7.2977841 ], [ 134.546277300000014, 7.2974855 ], [ 134.5470609, 7.2973953 ], [ 134.5470137, 7.2968766 ], [ 134.546870899999988, 7.2953057 ], [ 134.546811100000014, 7.2946476 ], [ 134.546733, 7.2937895 ], [ 134.5465255, 7.2915062 ], [ 134.5400926, 7.2882163 ], [ 134.539627599999989, 7.2879785 ], [ 134.538958799999989, 7.2876364 ], [ 134.5383479, 7.2873241 ], [ 134.5380701, 7.2871819 ], [ 134.533638700000012, 7.2849157 ], [ 134.533497899999986, 7.2848437 ], [ 134.5333798, 7.285024 ], [ 134.5331639, 7.2853535 ], [ 134.5323693, 7.2865663 ], [ 134.5312374, 7.2882939 ], [ 134.5273113, 7.2854385 ], [ 134.5269223, 7.2856477 ], [ 134.5265843, 7.2858293 ], [ 134.5265647, 7.2856129 ], [ 134.5264963, 7.2848606 ], [ 134.5262995, 7.2826961 ], [ 134.526193799999987, 7.2815336 ], [ 134.5261255, 7.2807819 ], [ 134.5260375, 7.2798145 ], [ 134.525921, 7.2785324 ], [ 134.5258837, 7.2781217 ], [ 134.525315299999988, 7.2768195 ], [ 134.5251233, 7.2763797 ], [ 134.5247223, 7.2754612 ], [ 134.524394199999989, 7.2747095 ], [ 134.5239072, 7.2735937 ], [ 134.523541200000011, 7.2727553 ], [ 134.522611899999987, 7.2706264 ], [ 134.519946299999987, 7.2614757 ], [ 134.519499200000013, 7.2599411 ], [ 134.518905499999988, 7.2579031 ], [ 134.5186263, 7.2569445 ], [ 134.5183563, 7.2569445 ], [ 134.5167822, 7.2569445 ], [ 134.518685799999986, 7.2682469 ], [ 134.518685799999986, 7.2746715 ], [ 134.5226714, 7.2807391 ], [ 134.5208868, 7.2849032 ], [ 134.515652, 7.2866878 ], [ 134.509136399999988, 7.2859077 ], [ 134.5072049, 7.2856765 ], [ 134.5066065, 7.2841844 ], [ 134.5059072, 7.2824405 ], [ 134.507309, 7.2819057 ], [ 134.5050812, 7.2796168 ], [ 134.5045673, 7.2790991 ], [ 134.5025054, 7.2739576 ], [ 134.5017282, 7.2734405 ], [ 134.5024262, 7.2696471 ], [ 134.5, 7.2677388 ], [ 134.498260499999986, 7.2663693 ], [ 134.4979706, 7.268486 ], [ 134.4979858, 7.2689471 ], [ 134.4983557, 7.2711966 ], [ 134.497982400000012, 7.2709482 ], [ 134.4942833, 7.268487 ], [ 134.49464420000001, 7.2682667 ], [ 134.494796799999989, 7.2681751 ], [ 134.495864899999987, 7.2675223 ], [ 134.492843599999986, 7.2653527 ], [ 134.4924316, 7.2657442 ], [ 134.492370599999987, 7.2658 ], [ 134.491483100000011, 7.2666239 ], [ 134.4912115, 7.2664432 ], [ 134.490658200000013, 7.266075 ], [ 134.4907532, 7.2659998 ], [ 134.4916534, 7.2652917 ], [ 134.4916534, 7.2652888 ], [ 134.4917297, 7.2652249 ], [ 134.492218, 7.2648444 ], [ 134.4897766, 7.263164 ], [ 134.4894257, 7.2629695 ], [ 134.4894104, 7.2629638 ], [ 134.488418599999989, 7.2624168 ], [ 134.4876404, 7.263 ], [ 134.4870574, 7.2634312 ], [ 134.4861074, 7.262103 ], [ 134.4858854, 7.2617926 ], [ 134.4864502, 7.2615943 ], [ 134.4864502, 7.2615914 ], [ 134.486724900000013, 7.2614999 ], [ 134.4868774, 7.2614474 ], [ 134.4869385, 7.2612085 ], [ 134.4837647, 7.2586474 ], [ 134.4836273, 7.2585278 ], [ 134.48344130000001, 7.2583754 ], [ 134.4834035, 7.2583225 ], [ 134.4820565, 7.2564392 ], [ 134.478761600000013, 7.2518325 ], [ 134.4766807, 7.248923 ], [ 134.474546800000013, 7.2459395 ], [ 134.474050799999986, 7.2464788 ], [ 134.4736303, 7.246936 ], [ 134.472592600000013, 7.2480643 ], [ 134.4712613, 7.2461796 ], [ 134.4712677, 7.2461805 ], [ 134.4713745, 7.2461944 ], [ 134.473114, 7.246439 ], [ 134.4734039, 7.2464776 ], [ 134.4731903, 7.2457695 ], [ 134.4731598, 7.2457085 ], [ 134.4731598, 7.245697 ], [ 134.472900399999986, 7.2451277 ], [ 134.4712677, 7.2424307 ], [ 134.470962500000013, 7.2419167 ], [ 134.4707794, 7.241611 ], [ 134.4707642, 7.2415891 ], [ 134.4698181, 7.2399974 ], [ 134.4678192, 7.2410555 ], [ 134.4676896, 7.2411236 ], [ 134.4675105, 7.24087 ], [ 134.467359499999986, 7.2406563 ], [ 134.466339799999986, 7.2392128 ], [ 134.4655703, 7.2381236 ], [ 134.4654247, 7.2379175 ], [ 134.464415, 7.2364881 ], [ 134.4643508, 7.2363973 ], [ 134.4693604, 7.2363973 ] ], [ [ 134.5894165, 7.3530917 ], [ 134.589370699999989, 7.3532639 ], [ 134.5892792, 7.3533444 ], [ 134.589218100000011, 7.3534641 ], [ 134.5890808, 7.3535419 ], [ 134.589019799999988, 7.3537474 ], [ 134.5890656, 7.3538251 ], [ 134.5890656, 7.3538499 ], [ 134.5891876, 7.3538666 ], [ 134.5896606, 7.3537555 ], [ 134.589798, 7.3536778 ], [ 134.58992, 7.3535891 ], [ 134.5900574, 7.3534279 ], [ 134.590087899999986, 7.3533473 ], [ 134.589981099999989, 7.3530693 ], [ 134.5898895, 7.3529553 ], [ 134.5897827, 7.3529639 ], [ 134.5896301, 7.3530526 ], [ 134.5895386, 7.3530221 ], [ 134.5894165, 7.3530917 ] ], [ [ 134.588760400000012, 7.3547053 ], [ 134.5886688, 7.3547583 ], [ 134.5886078, 7.3548279 ], [ 134.5885925, 7.3549223 ], [ 134.588638300000014, 7.3549752 ], [ 134.5886688, 7.355 ], [ 134.588760400000012, 7.3550057 ], [ 134.5888519, 7.3549776 ], [ 134.588913, 7.3549166 ], [ 134.588913, 7.3547335 ], [ 134.5888519, 7.3546863 ], [ 134.588760400000012, 7.3547053 ] ] ] } },
{ "type": "Feature", "properties": { "RCID": 5665, "PRIM": 3, "GRUP": 2, "OBJL": 308, "RVER": 1, "AGEN": 550, "FIDN": 82369395, "FIDS": 9, "LNAM": "022604E8DB730009", "LNAM_REFS": null, "FFPT_RIND": null, "CATQUA": null, "CATZOC": 3, "DRVAL1": 13.0, "DRVAL2": null, "POSACC": null, "SOUACC": null, "SUREND": "2004", "SURSTA": "1969", "TECSOU": null, "VERDAT": null, "INFORM": "A) U.S. Navy LIDAR Survey, 2004, Archive No. 04HFM01, Scale 1:5,000-1:10,000; B) U.S. Navy Single Beam Survey, 1969, Archive No. 685036, Scale 1:10,000-1:20,000", "NINFOM": null, "NTXTDS": null, "TXTDSC": null, "RECDAT": null, "RECIND": null, "SORDAT": "20150206", "SORIND": "US,US,reprt,L-246-2015", "_enc_cell": "US4TB3P0" }, "geometry": { "type": "Polygon", "coordinates": [ [ [ 134.4960632, 7.283 ], [ 134.4970245, 7.2817779 ], [ 134.4972534, 7.2812557 ], [ 134.4968872, 7.2815251 ], [ 134.495620699999989, 7.2821169 ], [ 134.4959106, 7.2826943 ], [ 134.4959869, 7.2828665 ], [ 134.4960632, 7.283 ] ] ] } },
{ "type": "Feature", "properties": { "RCID": 5666, "PRIM": 3, "GRUP": 2, "OBJL": 308, "RVER": 1, "AGEN": 550, "FIDN": 374512520, "FIDS": 9, "LNAM": "022616529B880009", "LNAM_REFS": null, "FFPT_RIND": null, "CATQUA": null, "CATZOC": 3, "DRVAL1": null, "DRVAL2": null, "POSACC": null, "SOUACC": null, "SUREND": "2004", "SURSTA": "1969", "TECSOU": null, "VERDAT": null, "INFORM": "A) U.S. Navy LIDAR Survey, 2004, Archive No. 04HFM01, Scale 1:5,000-1:10,000; B) U.S. Navy Single Beam Survey, 1969, Archive No. 685036, Scale 1:10,000-1:20,000", "NINFOM": null, "NTXTDS": null, "TXTDSC": null, "RECDAT": null, "RECIND": null, "SORDAT": "20150206", "SORIND": "US,US,reprt,L-246-2015", "_enc_cell": "US4TB3P0" }, "geometry": { "type": "Polygon", "coordinates": [ [ [ 134.498870899999986, 7.2825832 ], [ 134.4986572, 7.2823138 ], [ 134.49861150000001, 7.2817612 ], [ 134.49861150000001, 7.2817278 ], [ 134.4987946, 7.281436 ], [ 134.4990692, 7.2813196 ], [ 134.4993897, 7.2814446 ], [ 134.499816900000013, 7.2816029 ], [ 134.498870899999986, 7.2825832 ] ] ] } },
{ "type": "Feature", "properties": { "RCID": 5667, "PRIM": 3, "GRUP": 2, "OBJL": 308, "RVER": 1, "AGEN": 550, "FIDN": 182419905, "FIDS": 9, "LNAM": "02260ADF81C10009", "LNAM_REFS": null, "FFPT_RIND": null, "CATQUA": null, "CATZOC": 5, "DRVAL1": 5.0, "DRVAL2": null, "POSACC": null, "SOUACC": null, "SUREND": "1938", "SURSTA": "1915", "TECSOU": null, "VERDAT": null, "INFORM": "Former Japan Chart 481 (Ed. 1940, Rev. 1944), from Japan surveys, Scale 1:25,000", "NINFOM": null, "NTXTDS": null, "TXTDSC": null, "RECDAT": null, "RECIND": null, "SORDAT": "20150206", "SORIND": "US,US,reprt,L-246-2015", "_enc_cell": "US4TB3P0" }, "geometry": { "type": "Polygon", "coordinates": [ [ [ 134.5232464, 7.3045626 ], [ 134.5230866, 7.3045335 ], [ 134.5226898, 7.3046751 ], [ 134.5224609, 7.3049026 ], [ 134.5223236, 7.3053803 ], [ 134.5223694, 7.3057613 ], [ 134.522659299999987, 7.3061113 ], [ 134.5229645, 7.3063002 ], [ 134.5233154, 7.3063388 ], [ 134.5238953, 7.3060308 ], [ 134.5240326, 7.3056641 ], [ 134.5240631, 7.3053055 ], [ 134.5239563, 7.3051391 ], [ 134.523819, 7.3049169 ], [ 134.523732099999989, 7.3048552 ], [ 134.523346, 7.3045807 ], [ 134.5232464, 7.3045626 ] ] ] } },
{ "type": "Feature", "properties": { "RCID": 5668, "PRIM": 3, "GRUP": 2, "OBJL": 308, "RVER": 1, "AGEN": 550, "FIDN": 293330903, "FIDS": 9, "LNAM": "0226117BDFD70009", "LNAM_REFS": null, "FFPT_RIND": null, "CATQUA": null, "CATZOC": 5, "DRVAL1": null, "DRVAL2": null, "POSACC": null, "SOUACC": null, "SUREND": "1938", "SURSTA": "1915", "TECSOU": null, "VERDAT": null, "INFORM": "Former Japan Chart 481 (Ed. 1940, Rev. 1944), from Japan surveys, Scale 1:25,000", "NINFOM": null, "NTXTDS": null, "TXTDSC": null, "RECDAT": null, "RECIND": null, "SORDAT": "20150206", "SORIND": "US,US,reprt,L-246-2015", "_enc_cell": "US4TB3P0" }, "geometry": { "type": "Polygon", "coordinates": [ [ [ 134.5244411, 7.3118477 ], [ 134.5245261, 7.3127911 ], [ 134.5246473, 7.3141363 ], [ 134.5247081, 7.3148107 ], [ 134.525416799999988, 7.3226772 ], [ 134.5254249, 7.3227671 ], [ 134.5254822, 7.3234033 ], [ 134.525528, 7.3239122 ], [ 134.525227, 7.3248019 ], [ 134.525065, 7.3252807 ], [ 134.5247752, 7.3261371 ], [ 134.5243845, 7.327292 ], [ 134.524155900000011, 7.3279674 ], [ 134.5240104, 7.3283976 ], [ 134.523776, 7.3290903 ], [ 134.5235291, 7.3298202 ], [ 134.5234504, 7.3300527 ], [ 134.5229711, 7.3314694 ], [ 134.5228511, 7.3318239 ], [ 134.5227869, 7.3322414 ], [ 134.522337099999987, 7.3351653 ], [ 134.5221889, 7.3361282 ], [ 134.522142800000012, 7.3364278 ], [ 134.522018300000013, 7.3372371 ], [ 134.52026, 7.3405719 ], [ 134.519125800000012, 7.342723 ], [ 134.5189416, 7.3430724 ], [ 134.5187168, 7.3434986 ], [ 134.5185625, 7.3437913 ], [ 134.518631, 7.343564 ], [ 134.518631, 7.3435612 ], [ 134.518631, 7.3435555 ], [ 134.5186615, 7.3429112 ], [ 134.519180299999988, 7.3421445 ], [ 134.5197296, 7.3401723 ], [ 134.5198059, 7.3388443 ], [ 134.5205841, 7.3373833 ], [ 134.520874, 7.3368278 ], [ 134.5215454, 7.3355889 ], [ 134.521575899999988, 7.3352389 ], [ 134.5216522, 7.3351665 ], [ 134.5218658, 7.3349528 ], [ 134.5215302, 7.3332276 ], [ 134.5214691, 7.3325167 ], [ 134.5216065, 7.3318248 ], [ 134.5215607, 7.331214 ], [ 134.5218506, 7.3308973 ], [ 134.5219574, 7.3306446 ], [ 134.52191160000001, 7.3301277 ], [ 134.5219574, 7.3298388 ], [ 134.5224609, 7.3291612 ], [ 134.522766100000013, 7.3291001 ], [ 134.522781400000014, 7.3287444 ], [ 134.5231781, 7.3283749 ], [ 134.523254400000013, 7.3281946 ], [ 134.5233002, 7.3281002 ], [ 134.523407, 7.327611 ], [ 134.5234222, 7.3274889 ], [ 134.5236054, 7.3268027 ], [ 134.523620599999987, 7.3267665 ], [ 134.5236511, 7.3266721 ], [ 134.5236664, 7.3265667 ], [ 134.5237122, 7.3265028 ], [ 134.524597199999988, 7.3248668 ], [ 134.5247803, 7.3242083 ], [ 134.5246277, 7.3234167 ], [ 134.5248871, 7.3226724 ], [ 134.524826100000013, 7.3211083 ], [ 134.524322500000011, 7.3189778 ], [ 134.524124199999989, 7.3181138 ], [ 134.5242615, 7.3173919 ], [ 134.524459799999988, 7.3164082 ], [ 134.5245361, 7.315228 ], [ 134.524475099999989, 7.314353 ], [ 134.5243835, 7.313786 ], [ 134.5243835, 7.313622 ], [ 134.524353, 7.3128862 ], [ 134.5244411, 7.3118477 ] ] ] } },
{ "type": "Feature", "properties": { "RCID": 5669, "PRIM": 3, "GRUP": 2, "OBJL": 308, "RVER": 1, "AGEN": 550, "FIDN": 166382872, "FIDS": 9, "LNAM": "022609EACD180009", "LNAM_REFS": null, "FFPT_RIND": null, "CATQUA": null, "CATZOC": 3, "DRVAL1": 8.0, "DRVAL2": null, "POSACC": null, "SOUACC": null, "SUREND": "2004", "SURSTA": null, "TECSOU": null, "VERDAT": null, "INFORM": "U.S. Navy LIDAR Survey, Archive No. 04HFM01, Scale 1:5,000-1:10,000", "NINFOM": null, "NTXTDS": null, "TXTDSC": null, "RECDAT": null, "RECIND": null, "SORDAT": "20150206", "SORIND": "US,US,reprt,L-246-2015", "_enc_cell": "US4TB3P0" }, "geometry": { "type": "Polygon", "coordinates": [ [ [ 134.5823517, 7.3351526 ], [ 134.5826721, 7.3355308 ], [ 134.5828857, 7.3357582 ], [ 134.5834808, 7.3364029 ], [ 134.583709700000014, 7.3362308 ], [ 134.584137, 7.3359251 ], [ 134.585052499999989, 7.3365002 ], [ 134.584915200000012, 7.3366027 ], [ 134.584198, 7.3365445 ], [ 134.5840454, 7.3365417 ], [ 134.5830994, 7.3365307 ], [ 134.5829163, 7.3365278 ], [ 134.582489, 7.3365221 ], [ 134.581665, 7.3364639 ], [ 134.5812836, 7.3362751 ], [ 134.5811768, 7.3361611 ], [ 134.5811615, 7.3359585 ], [ 134.5812378, 7.3357639 ], [ 134.581405600000011, 7.3356028 ], [ 134.5815125, 7.3355026 ], [ 134.5820007, 7.3352332 ], [ 134.5821228, 7.3352084 ], [ 134.5823517, 7.3351526 ] ] ] } },
{ "type": "Feature", "properties": { "RCID": 5707, "PRIM": 3, "GRUP": 2, "OBJL": 308, "RVER": 1, "AGEN": 550, "FIDN": 86762615, "FIDS": 9, "LNAM": "0226052BE4770009", "LNAM_REFS": null, "FFPT_RIND": null, "CATQUA": null, "CATZOC": 3, "DRVAL1": null, "DRVAL2": null, "POSACC": null, "SOUACC": null, "SUREND": "2004", "SURSTA": "1969", "TECSOU": null, "VERDAT": null, "INFORM": "A) U.S. Navy LIDAR Survey, 2004, Archive No. 04HFM01, Scale 1:5,000-1:10,000; B) U.S. Navy Single Beam Survey, 1969, Archive No. 685036, Scale 1:10,000-1:20,000", "NINFOM": null, "NTXTDS": null, "TXTDSC": null, "RECDAT": null, "RECIND": null, "SORDAT": "20150206", "SORIND": "US,US,reprt,L-246-2015", "_enc_cell": "US4TB3P0" }, "geometry": { "type": "Polygon", "coordinates": [ [ [ 134.474472100000014, 7.3794832 ], [ 134.474472100000014, 7.3793693 ], [ 134.4745026, 7.3785224 ], [ 134.4745178, 7.3781805 ], [ 134.4745331, 7.3778472 ], [ 134.4745331, 7.3778415 ], [ 134.4745483, 7.3773723 ], [ 134.4745483, 7.377214 ], [ 134.4745483, 7.3772054 ], [ 134.4745026, 7.3760333 ], [ 134.4748688, 7.3749862 ], [ 134.4749756, 7.3746891 ], [ 134.4753265, 7.3737307 ], [ 134.4757538, 7.372736 ], [ 134.4763489, 7.3720279 ], [ 134.4771576, 7.370925 ], [ 134.4771576, 7.3709221 ], [ 134.477218599999986, 7.3708391 ], [ 134.4776764, 7.370225 ], [ 134.477935800000012, 7.3698974 ], [ 134.4786377, 7.3699389 ], [ 134.4788666, 7.3699527 ], [ 134.478881800000011, 7.3697166 ], [ 134.478897100000012, 7.3693276 ], [ 134.4781342, 7.3685331 ], [ 134.4786377, 7.367897 ], [ 134.4786377, 7.3678918 ], [ 134.4787293, 7.3677669 ], [ 134.47966, 7.3659082 ], [ 134.47966, 7.3659029 ], [ 134.4796753, 7.3658915 ], [ 134.480224600000014, 7.3645444 ], [ 134.4803925, 7.3640447 ], [ 134.4804993, 7.3637891 ], [ 134.4811707, 7.362339 ], [ 134.4792175, 7.3599558 ], [ 134.4789276, 7.3596973 ], [ 134.478653, 7.3593307 ], [ 134.4783783, 7.3590331 ], [ 134.4781036, 7.3597193 ], [ 134.47805790000001, 7.3601499 ], [ 134.4780426, 7.3603835 ], [ 134.4781647, 7.3611445 ], [ 134.477600099999989, 7.3604193 ], [ 134.477600099999989, 7.3604112 ], [ 134.4775543, 7.3603473 ], [ 134.4765472, 7.359097 ], [ 134.476471, 7.3589973 ], [ 134.4761658, 7.3586307 ], [ 134.4750977, 7.3573194 ], [ 134.4751129, 7.357286 ], [ 134.4751282, 7.3572359 ], [ 134.4755096, 7.356575 ], [ 134.4756012, 7.3564415 ], [ 134.47613530000001, 7.3555555 ], [ 134.4769287, 7.3557806 ], [ 134.477829, 7.3560305 ], [ 134.47805790000001, 7.3560944 ], [ 134.4784546, 7.3562026 ], [ 134.478653, 7.3562584 ], [ 134.4788208, 7.3564138 ], [ 134.4789276, 7.3565249 ], [ 134.4795837, 7.3570833 ], [ 134.4801483, 7.3563862 ], [ 134.4819489, 7.3579779 ], [ 134.4827271, 7.3588028 ], [ 134.4840088, 7.3604083 ], [ 134.4844971, 7.361011 ], [ 134.4853668, 7.3625336 ], [ 134.485611, 7.3625336 ], [ 134.4856567, 7.361814 ], [ 134.487548800000013, 7.3617473 ], [ 134.4877319, 7.3632445 ], [ 134.4878693, 7.3638973 ], [ 134.488281300000011, 7.3648109 ], [ 134.488906899999989, 7.3657084 ], [ 134.4892578, 7.3666835 ], [ 134.4893341, 7.3671498 ], [ 134.489959700000014, 7.3674641 ], [ 134.4901773, 7.3677104 ], [ 134.4901214, 7.3674643 ], [ 134.4892705, 7.3637203 ], [ 134.4892634, 7.3636891 ], [ 134.4890644, 7.3628133 ], [ 134.488733599999989, 7.3613582 ], [ 134.488575200000014, 7.3606611 ], [ 134.4883457, 7.3596512 ], [ 134.487358699999987, 7.3591944 ], [ 134.486645900000013, 7.3588645 ], [ 134.4864005, 7.3587509 ], [ 134.4858807, 7.3585103 ], [ 134.484890900000011, 7.3580522 ], [ 134.4843597, 7.3578064 ], [ 134.4816903, 7.356571 ], [ 134.4814695, 7.3564688 ], [ 134.4808392, 7.3561771 ], [ 134.4799361, 7.3557591 ], [ 134.4780154, 7.3548702 ], [ 134.4742561, 7.3531304 ], [ 134.4739499, 7.3529887 ], [ 134.4739782, 7.3534699 ], [ 134.4742085, 7.3573846 ], [ 134.4742105, 7.3574191 ], [ 134.474261500000011, 7.3582858 ], [ 134.474306899999988, 7.3590563 ], [ 134.4777742, 7.3620902 ], [ 134.478478200000012, 7.3627062 ], [ 134.4790658, 7.3632204 ], [ 134.4788523, 7.3634625 ], [ 134.4783314, 7.3640536 ], [ 134.4748928, 7.3679551 ], [ 134.474428499999988, 7.3684819 ], [ 134.4728792, 7.3702398 ], [ 134.4708532, 7.3719029 ], [ 134.4705703, 7.3721351 ], [ 134.4705459, 7.3721551 ], [ 134.4701272, 7.3724988 ], [ 134.468555, 7.3737894 ], [ 134.4684334, 7.3738892 ], [ 134.4675293, 7.3746314 ], [ 134.4649023, 7.3767879 ], [ 134.4644036, 7.3771973 ], [ 134.4643276, 7.3772597 ], [ 134.464355500000011, 7.3772721 ], [ 134.464355500000011, 7.377275 ], [ 134.4647522, 7.3774529 ], [ 134.4642944, 7.3775611 ], [ 134.464141899999987, 7.3775945 ], [ 134.4638352, 7.3776639 ], [ 134.462659, 7.3786294 ], [ 134.4624493, 7.3788016 ], [ 134.4627075, 7.3790445 ], [ 134.463028, 7.3793278 ], [ 134.463501, 7.3793335 ], [ 134.463638300000014, 7.3793359 ], [ 134.4641571, 7.3793445 ], [ 134.4649353, 7.3793111 ], [ 134.4652557, 7.3792887 ], [ 134.465469399999989, 7.3792415 ], [ 134.465560900000014, 7.3792749 ], [ 134.4661255, 7.3794971 ], [ 134.466171300000013, 7.3795419 ], [ 134.4663086, 7.3796582 ], [ 134.4668579, 7.3801498 ], [ 134.4678192, 7.3808417 ], [ 134.4678955, 7.3808694 ], [ 134.4685059, 7.3811054 ], [ 134.4688416, 7.3811417 ], [ 134.4697418, 7.3812361 ], [ 134.4701996, 7.3812861 ], [ 134.470504799999986, 7.381125 ], [ 134.47120670000001, 7.3808694 ], [ 134.471283, 7.3808417 ], [ 134.4724884, 7.3806334 ], [ 134.4728546, 7.3804641 ], [ 134.4738159, 7.3802362 ], [ 134.474441500000012, 7.3801804 ], [ 134.474441500000012, 7.3801332 ], [ 134.474456800000013, 7.3797193 ], [ 134.474472100000014, 7.3794832 ] ] ] } },
{ "type": "Feature", "properties": { "RCID": 5709, "PRIM": 3, "GRUP": 2, "OBJL": 308, "RVER": 1, "AGEN": 550, "FIDN": 449443873, "FIDS": 9, "LNAM": "02261AC9F8210009", "LNAM_REFS": null, "FFPT_RIND": null, "CATQUA": null, "CATZOC": 3, "DRVAL1": 11.0, "DRVAL2": null, "POSACC": null, "SOUACC": null, "SUREND": "2004", "SURSTA": null, "TECSOU": null, "VERDAT": null, "INFORM": "U.S. Navy LIDAR Survey, Archive No. 04HFM01, Scale 1:5,000-1:10,000", "NINFOM": null, "NTXTDS": null, "TXTDSC": null, "RECDAT": null, "RECIND": null, "SORDAT": "20150206", "SORIND": "US,US,reprt,L-246-2015", "_enc_cell": "US4TB3P0" }, "geometry": { "type": "Polygon", "coordinates": [ [ [ 134.4905455, 7.2901422 ], [ 134.4908447, 7.2906137 ], [ 134.4908905, 7.290689 ], [ 134.491302499999989, 7.291172 ], [ 134.491302499999989, 7.2911749 ], [ 134.4918366, 7.2918081 ], [ 134.49066160000001, 7.2918 ], [ 134.490554800000012, 7.2918 ], [ 134.4898834, 7.2917943 ], [ 134.488037100000014, 7.2915835 ], [ 134.4868622, 7.2914472 ], [ 134.4864502, 7.2914 ], [ 134.4864349, 7.2914 ], [ 134.485412599999989, 7.2912831 ], [ 134.4845429, 7.2911835 ], [ 134.4839284, 7.2906627 ], [ 134.489022799999987, 7.290262 ], [ 134.4901222, 7.2901755 ], [ 134.4905455, 7.2901422 ] ] ] } },
{ "type": "Feature", "properties": { "RCID": 5712, "PRIM": 3, "GRUP": 2, "OBJL": 308, "RVER": 1, "AGEN": 550, "FIDN": 866502312, "FIDS": 9, "LNAM": "022633A5C6A80009", "LNAM_REFS": null, "FFPT_RIND": null, "CATQUA": null, "CATZOC": 5, "DRVAL1": 11.0, "DRVAL2": null, "POSACC": null, "SOUACC": null, "SUREND": "1938", "SURSTA": "1915", "TECSOU": null, "VERDAT": null, "INFORM": "Former Japan Chart 481 (Ed. 1940, Rev. 1944), from Japan surveys, Scale 1:25,000", "NINFOM": null, "NTXTDS": null, "TXTDSC": null, "RECDAT": null, "RECIND": null, "SORDAT": "20150206", "SORIND": "US,US,reprt,L-246-2015", "_enc_cell": "US4TB3P0" }, "geometry": { "type": "Polygon", "coordinates": [ [ [ 134.4983557, 7.2711966 ], [ 134.4979858, 7.2689471 ], [ 134.4979706, 7.268486 ], [ 134.498260499999986, 7.2663693 ], [ 134.5, 7.2677388 ], [ 134.5024262, 7.2696471 ], [ 134.5017282, 7.2734405 ], [ 134.5, 7.2722906 ], [ 134.4983557, 7.2711966 ] ] ] } },
{ "type": "Feature", "properties": { "RCID": 5713, "PRIM": 3, "GRUP": 2, "OBJL": 308, "RVER": 1, "AGEN": 550, "FIDN": 756044490, "FIDS": 9, "LNAM": "02262D1052CA0009", "LNAM_REFS": null, "FFPT_RIND": null, "CATQUA": null, "CATZOC": 3, "DRVAL1": 6.0, "DRVAL2": null, "POSACC": null, "SOUACC": null, "SUREND": "2004", "SURSTA": null, "TECSOU": null, "VERDAT": null, "INFORM": "U.S. Navy LIDAR Survey, Archive No. 04HFM01, Scale 1:5,000-1:10,000", "NINFOM": null, "NTXTDS": null, "TXTDSC": null, "RECDAT": null, "RECIND": null, "SORDAT": "20150206", "SORIND": "US,US,reprt,L-246-2015", "_enc_cell": "US4TB3P0" }, "geometry": { "type": "Polygon", "coordinates": [ [ [ 134.506195100000014, 7.2944641 ], [ 134.5062103, 7.2944613 ], [ 134.5066071, 7.2943916 ], [ 134.5068665, 7.2944584 ], [ 134.5071869, 7.294672 ], [ 134.5072327, 7.2950611 ], [ 134.5072327, 7.2951694 ], [ 134.507034299999987, 7.295464 ], [ 134.506912199999988, 7.2955613 ], [ 134.506912199999988, 7.2955637 ], [ 134.506652800000012, 7.2957721 ], [ 134.5062714, 7.2958221 ], [ 134.506012, 7.2958002 ], [ 134.505691500000012, 7.295578 ], [ 134.5056152, 7.2951694 ], [ 134.505661, 7.2949891 ], [ 134.505661, 7.2949834 ], [ 134.505706800000013, 7.2948613 ], [ 134.50581360000001, 7.2946863 ], [ 134.50581360000001, 7.2946806 ], [ 134.506134, 7.2944722 ], [ 134.506195100000014, 7.2944641 ] ] ] } },
{ "type": "Feature", "properties": { "RCID": 5714, "PRIM": 3, "GRUP": 2, "OBJL": 308, "RVER": 1, "AGEN": 550, "FIDN": 732538556, "FIDS": 9, "LNAM": "02262BA9A6BC0009", "LNAM_REFS": null, "FFPT_RIND": null, "CATQUA": null, "CATZOC": 5, "DRVAL1": 10.0, "DRVAL2": null, "POSACC": null, "SOUACC": null, "SUREND": "1938", "SURSTA": "1915", "TECSOU": null, "VERDAT": null, "INFORM": "Former Japan Chart 481 (Ed. 1940, Rev. 1944), from Japan surveys, Scale 1:25,000", "NINFOM": null, "NTXTDS": null, "TXTDSC": null, "RECDAT": null, "RECIND": null, "SORDAT": "20150206", "SORIND": "US,US,reprt,L-246-2015", "_enc_cell": "US4TB3P0" }, "geometry": { "type": "Polygon", "coordinates": [ [ [ 134.5045673, 7.2790991 ], [ 134.5050812, 7.2796168 ], [ 134.507309, 7.2819057 ], [ 134.5059072, 7.2824405 ], [ 134.5045673, 7.2790991 ] ] ] } },
{ "type": "Feature", "properties": { "RCID": 5715, "PRIM": 3, "GRUP": 2, "OBJL": 308, "RVER": 1, "AGEN": 550, "FIDN": 539226840, "FIDS": 9, "LNAM": "02262023F2D80009", "LNAM_REFS": null, "FFPT_RIND": null, "CATQUA": null, "CATZOC": 3, "DRVAL1": null, "DRVAL2": null, "POSACC": null, "SOUACC": null, "SUREND": "2004", "SURSTA": null, "TECSOU": null, "VERDAT": null, "INFORM": "U.S. Navy LIDAR Survey, Archive No. 04HFM01, Scale 1:5,000-1:10,000", "NINFOM": null, "NTXTDS": null, "TXTDSC": null, "RECDAT": null, "RECIND": null, "SORDAT": "20150206", "SORIND": "US,US,reprt,L-246-2015", "_enc_cell": "US4TB3P0" }, "geometry": { "type": "Polygon", "coordinates": [ [ [ 134.4748928, 7.3679551 ], [ 134.4783314, 7.3640536 ], [ 134.4788523, 7.3634625 ], [ 134.4790658, 7.3632204 ], [ 134.478478200000012, 7.3627062 ], [ 134.4777742, 7.3620902 ], [ 134.474306899999988, 7.3590563 ], [ 134.474261500000011, 7.3582858 ], [ 134.4742105, 7.3574191 ], [ 134.4742085, 7.3573846 ], [ 134.4739782, 7.3534699 ], [ 134.4739499, 7.3529887 ], [ 134.4742561, 7.3531304 ], [ 134.4780154, 7.3548702 ], [ 134.4799361, 7.3557591 ], [ 134.4808392, 7.3561771 ], [ 134.4814695, 7.3564688 ], [ 134.4816903, 7.356571 ], [ 134.4843597, 7.3578064 ], [ 134.484890900000011, 7.3580522 ], [ 134.4858807, 7.3585103 ], [ 134.4864005, 7.3587509 ], [ 134.486645900000013, 7.3588645 ], [ 134.487358699999987, 7.3591944 ], [ 134.4883457, 7.3596512 ], [ 134.488575200000014, 7.3606611 ], [ 134.488733599999989, 7.3613582 ], [ 134.4890644, 7.3628133 ], [ 134.4892634, 7.3636891 ], [ 134.4892705, 7.3637203 ], [ 134.4901214, 7.3674643 ], [ 134.4901773, 7.3677104 ], [ 134.4902344, 7.367775 ], [ 134.4912415, 7.3679891 ], [ 134.4919586, 7.3680472 ], [ 134.4926453, 7.368072 ], [ 134.4936218, 7.3681641 ], [ 134.4951019, 7.3675418 ], [ 134.4957733, 7.3674445 ], [ 134.4961548, 7.3673863 ], [ 134.4963989, 7.3671389 ], [ 134.4967804, 7.3667612 ], [ 134.4975433, 7.3664889 ], [ 134.4978333, 7.3663998 ], [ 134.4985046, 7.3661614 ], [ 134.4991303, 7.3659415 ], [ 134.5, 7.3655028 ], [ 134.500061, 7.3654723 ], [ 134.5005798, 7.3650193 ], [ 134.5006409, 7.3649669 ], [ 134.5007324, 7.3649249 ], [ 134.5009155, 7.3648391 ], [ 134.5014648, 7.3645778 ], [ 134.50177, 7.3643751 ], [ 134.5018158, 7.3643084 ], [ 134.5017853, 7.3638973 ], [ 134.502105699999987, 7.3634806 ], [ 134.5021362, 7.3634415 ], [ 134.502334600000012, 7.3631916 ], [ 134.5027618, 7.3628359 ], [ 134.5029602, 7.3625584 ], [ 134.503082299999988, 7.3623972 ], [ 134.503173800000013, 7.3622584 ], [ 134.5033569, 7.3619528 ], [ 134.5033875, 7.3619027 ], [ 134.5034638, 7.3617611 ], [ 134.503465299999988, 7.3617584 ], [ 134.503404499999988, 7.3617316 ], [ 134.5034027, 7.3617363 ], [ 134.5033875, 7.3617721 ], [ 134.5030518, 7.3618193 ], [ 134.5029755, 7.3619585 ], [ 134.5031433, 7.3621001 ], [ 134.503082299999988, 7.3621974 ], [ 134.5030212, 7.3622665 ], [ 134.503006, 7.3622999 ], [ 134.5028534, 7.3621526 ], [ 134.5026856, 7.3619447 ], [ 134.5025177, 7.3617668 ], [ 134.502319300000011, 7.3616109 ], [ 134.502105699999987, 7.3614197 ], [ 134.5018311, 7.361239 ], [ 134.5015869, 7.3611083 ], [ 134.5005951, 7.3602724 ], [ 134.5001526, 7.3598666 ], [ 134.5, 7.3597498 ], [ 134.499527, 7.359364 ], [ 134.4992981, 7.359139 ], [ 134.4990692, 7.3588471 ], [ 134.498855600000013, 7.3584776 ], [ 134.4987946, 7.3585277 ], [ 134.4986877, 7.3585863 ], [ 134.4986877, 7.3585887 ], [ 134.49861150000001, 7.3587141 ], [ 134.49847410000001, 7.3588085 ], [ 134.4981079, 7.358953 ], [ 134.497894300000013, 7.3590918 ], [ 134.497818, 7.3590751 ], [ 134.497787499999987, 7.3589668 ], [ 134.4976959, 7.3587942 ], [ 134.497283900000014, 7.3582249 ], [ 134.4971008, 7.3580165 ], [ 134.4970856, 7.3578668 ], [ 134.4971008, 7.3577666 ], [ 134.497192399999989, 7.3576417 ], [ 134.497345, 7.3575583 ], [ 134.4974823, 7.3575168 ], [ 134.49765020000001, 7.3575029 ], [ 134.4976959, 7.3574419 ], [ 134.4977112, 7.3573332 ], [ 134.497818, 7.3572221 ], [ 134.4980774, 7.3571 ], [ 134.497787499999987, 7.3566499 ], [ 134.497680699999989, 7.356575 ], [ 134.4976044, 7.3564639 ], [ 134.49751280000001, 7.3562141 ], [ 134.4973908, 7.3559971 ], [ 134.497192399999989, 7.3559303 ], [ 134.4971008, 7.3559389 ], [ 134.49703980000001, 7.3559666 ], [ 134.4969788, 7.3560109 ], [ 134.496933, 7.3561945 ], [ 134.4967957, 7.356225 ], [ 134.496719399999989, 7.3562861 ], [ 134.4966583, 7.3562803 ], [ 134.49655150000001, 7.3562055 ], [ 134.496521, 7.3561196 ], [ 134.4964752, 7.3560863 ], [ 134.49646, 7.3560195 ], [ 134.496582, 7.3558779 ], [ 134.4967346, 7.3558555 ], [ 134.4967346, 7.3557749 ], [ 134.4966736, 7.3557 ], [ 134.4966126, 7.3553305 ], [ 134.4966431, 7.3552666 ], [ 134.496719399999989, 7.3552527 ], [ 134.496826199999987, 7.3549972 ], [ 134.4969482, 7.3548803 ], [ 134.496933, 7.3548083 ], [ 134.4970245, 7.3547807 ], [ 134.4970856, 7.3545528 ], [ 134.497299199999986, 7.3543248 ], [ 134.497314499999987, 7.3542275 ], [ 134.497314499999987, 7.3541279 ], [ 134.4973755, 7.3540525 ], [ 134.497421300000013, 7.3539558 ], [ 134.497177099999988, 7.3537917 ], [ 134.4970245, 7.3536224 ], [ 134.4969482, 7.3535252 ], [ 134.496810900000014, 7.3534222 ], [ 134.496688799999987, 7.3532472 ], [ 134.4966126, 7.353086 ], [ 134.496566800000011, 7.3529387 ], [ 134.4964905, 7.3526526 ], [ 134.496429400000011, 7.3525362 ], [ 134.496429400000011, 7.3524194 ], [ 134.4963989, 7.3523722 ], [ 134.496337899999986, 7.3523612 ], [ 134.4962463, 7.3525696 ], [ 134.4961853, 7.3526363 ], [ 134.496093800000011, 7.3526444 ], [ 134.4959869, 7.3526249 ], [ 134.4959259, 7.352561 ], [ 134.4958954, 7.3523693 ], [ 134.495849600000014, 7.3522863 ], [ 134.495727499999987, 7.3522835 ], [ 134.4956513, 7.3522611 ], [ 134.4955597, 7.3522668 ], [ 134.495498700000013, 7.3522472 ], [ 134.4954071, 7.3521419 ], [ 134.495163, 7.3517695 ], [ 134.49511720000001, 7.351747 ], [ 134.4950409, 7.351747 ], [ 134.494659399999989, 7.35185 ], [ 134.494537400000013, 7.3518252 ], [ 134.494415299999986, 7.3517752 ], [ 134.4942017, 7.3517418 ], [ 134.4941406, 7.3517194 ], [ 134.4940949, 7.3516583 ], [ 134.493911700000012, 7.3516808 ], [ 134.493820199999988, 7.3516612 ], [ 134.4937134, 7.3515835 ], [ 134.4935913, 7.3515611 ], [ 134.4935913, 7.3513498 ], [ 134.4934998, 7.3512998 ], [ 134.4933929, 7.3513308 ], [ 134.4933167, 7.3515415 ], [ 134.493225099999989, 7.351572 ], [ 134.493087800000012, 7.3515415 ], [ 134.4930267, 7.3514442 ], [ 134.4927673, 7.3512335 ], [ 134.492477400000013, 7.3509526 ], [ 134.4919128, 7.3512111 ], [ 134.49162290000001, 7.3511 ], [ 134.4914551, 7.3511887 ], [ 134.491165200000012, 7.3513084 ], [ 134.4909058, 7.3513527 ], [ 134.4906006, 7.3512836 ], [ 134.4903107, 7.3509808 ], [ 134.49018860000001, 7.3509831 ], [ 134.4898834, 7.3511558 ], [ 134.4897308, 7.3514056 ], [ 134.4895172, 7.3515306 ], [ 134.4893341, 7.3515501 ], [ 134.48922730000001, 7.3514862 ], [ 134.489151, 7.3515334 ], [ 134.4889679, 7.3515973 ], [ 134.4885864, 7.3519001 ], [ 134.4883118, 7.3520279 ], [ 134.488143900000011, 7.3519278 ], [ 134.488037100000014, 7.3518195 ], [ 134.4879608, 7.3517861 ], [ 134.4879761, 7.3519416 ], [ 134.487945599999989, 7.3519859 ], [ 134.487793, 7.3519974 ], [ 134.4876251, 7.3518529 ], [ 134.4874268, 7.3518667 ], [ 134.4872742, 7.3518581 ], [ 134.487182600000011, 7.3517389 ], [ 134.486953699999987, 7.3517528 ], [ 134.4867554, 7.3516998 ], [ 134.4867401, 7.3516359 ], [ 134.486557, 7.3515554 ], [ 134.4864197, 7.3515916 ], [ 134.4862518, 7.3515749 ], [ 134.4862061, 7.3515196 ], [ 134.486084, 7.3515863 ], [ 134.486023, 7.3515334 ], [ 134.4859009, 7.3515973 ], [ 134.4858246, 7.3515749 ], [ 134.485641500000014, 7.3515973 ], [ 134.4855957, 7.3515306 ], [ 134.4855499, 7.3514223 ], [ 134.4854736, 7.3513637 ], [ 134.485412599999989, 7.3514471 ], [ 134.485321, 7.3514361 ], [ 134.4852142, 7.3513417 ], [ 134.4851074, 7.3513279 ], [ 134.485046399999987, 7.3512721 ], [ 134.4849854, 7.351161 ], [ 134.4849854, 7.3510776 ], [ 134.4846954, 7.3509808 ], [ 134.4845276, 7.3508863 ], [ 134.4843903, 7.3507695 ], [ 134.4843903, 7.3502169 ], [ 134.4843445, 7.3499556 ], [ 134.484176600000012, 7.3499055 ], [ 134.4842835, 7.3495445 ], [ 134.4842835, 7.3494778 ], [ 134.484176600000012, 7.3494749 ], [ 134.4840393, 7.3494363 ], [ 134.4836273, 7.3490639 ], [ 134.483612099999988, 7.3487668 ], [ 134.4836273, 7.3486443 ], [ 134.4837341, 7.3485026 ], [ 134.4836426, 7.3484416 ], [ 134.4834595, 7.3483944 ], [ 134.483352700000012, 7.3484054 ], [ 134.4831543, 7.3482361 ], [ 134.4830933, 7.3481278 ], [ 134.483108499999986, 7.3479137 ], [ 134.48298650000001, 7.3479695 ], [ 134.4828796, 7.3479695 ], [ 134.482742300000012, 7.3479943 ], [ 134.4825745, 7.3479776 ], [ 134.4824982, 7.3479195 ], [ 134.482162499999987, 7.3478084 ], [ 134.4821167, 7.347775 ], [ 134.4820709, 7.3476195 ], [ 134.48202520000001, 7.3476 ], [ 134.4819794, 7.3475447 ], [ 134.4819489, 7.3474808 ], [ 134.48188780000001, 7.3474779 ], [ 134.4818115, 7.3475556 ], [ 134.481689499999987, 7.3475833 ], [ 134.4816437, 7.3475332 ], [ 134.4816284, 7.3474445 ], [ 134.481567399999989, 7.3473887 ], [ 134.4815216, 7.3473916 ], [ 134.4814758, 7.3475137 ], [ 134.4815369, 7.3476472 ], [ 134.4814758, 7.3477888 ], [ 134.4814911, 7.3478918 ], [ 134.4814606, 7.347961 ], [ 134.4813995, 7.3480029 ], [ 134.4812317, 7.3483305 ], [ 134.4810486, 7.3483195 ], [ 134.48092650000001, 7.3482919 ], [ 134.4809723, 7.348114 ], [ 134.480819700000012, 7.3480778 ], [ 134.480728199999987, 7.3484001 ], [ 134.4805298, 7.3483529 ], [ 134.4804993, 7.3484445 ], [ 134.480590799999987, 7.3484669 ], [ 134.4804382, 7.3489804 ], [ 134.4803619, 7.3489637 ], [ 134.480102499999987, 7.3501363 ], [ 134.480331400000011, 7.3502417 ], [ 134.4805145, 7.3503418 ], [ 134.4803619, 7.3507528 ], [ 134.480331400000011, 7.3508916 ], [ 134.4800568, 7.3508277 ], [ 134.4800263, 7.3509722 ], [ 134.4803162, 7.3510613 ], [ 134.4802704, 7.3512945 ], [ 134.4801788, 7.3512917 ], [ 134.4801483, 7.3514586 ], [ 134.480224600000014, 7.3514915 ], [ 134.480117799999988, 7.3517137 ], [ 134.4800873, 7.3517027 ], [ 134.480072, 7.3520665 ], [ 134.4799347, 7.3525443 ], [ 134.4796753, 7.3524613 ], [ 134.4796906, 7.3523831 ], [ 134.4798279, 7.3518639 ], [ 134.4795532, 7.3513055 ], [ 134.4795685, 7.3512445 ], [ 134.479370100000011, 7.3512001 ], [ 134.4789276, 7.3512139 ], [ 134.4788208, 7.3512669 ], [ 134.4788055, 7.3512836 ], [ 134.4787598, 7.3513722 ], [ 134.4787293, 7.3515973 ], [ 134.4787293, 7.3518167 ], [ 134.4788055, 7.3520308 ], [ 134.4789581, 7.3521442 ], [ 134.4790039, 7.35215 ], [ 134.4790039, 7.3522196 ], [ 134.4789734, 7.3522582 ], [ 134.478881800000011, 7.352211 ], [ 134.4786072, 7.352375 ], [ 134.4785156, 7.3522863 ], [ 134.4787598, 7.35215 ], [ 134.478653, 7.3518915 ], [ 134.478546099999988, 7.3519721 ], [ 134.478683499999988, 7.3521195 ], [ 134.4786072, 7.3521776 ], [ 134.478302, 7.3518305 ], [ 134.478286700000012, 7.3518138 ], [ 134.4783936, 7.3517613 ], [ 134.4785156, 7.3518748 ], [ 134.478653, 7.3518195 ], [ 134.478653, 7.3512693 ], [ 134.4788666, 7.3511276 ], [ 134.479034399999989, 7.3506331 ], [ 134.4790802, 7.3506498 ], [ 134.479156499999988, 7.3505001 ], [ 134.4793549, 7.3499832 ], [ 134.4795837, 7.3500361 ], [ 134.479843100000011, 7.3498554 ], [ 134.480102499999987, 7.3486638 ], [ 134.479766899999987, 7.3485723 ], [ 134.4798126, 7.3483748 ], [ 134.4796753, 7.3482165 ], [ 134.4797058, 7.3480835 ], [ 134.4794159, 7.3480001 ], [ 134.4794617, 7.3478499 ], [ 134.47966, 7.3478971 ], [ 134.479629499999987, 7.3473835 ], [ 134.480102499999987, 7.347497 ], [ 134.4801941, 7.3474526 ], [ 134.480239899999987, 7.3471389 ], [ 134.480133099999989, 7.3466721 ], [ 134.480011, 7.3466029 ], [ 134.4798889, 7.3463917 ], [ 134.4799194, 7.3461499 ], [ 134.47995, 7.3459029 ], [ 134.4800568, 7.3458276 ], [ 134.4801788, 7.3458195 ], [ 134.480331400000011, 7.3457751 ], [ 134.4804993, 7.345778 ], [ 134.4803619, 7.3455415 ], [ 134.4801788, 7.3455558 ], [ 134.4801941, 7.3456831 ], [ 134.4801788, 7.3457165 ], [ 134.480072, 7.3457999 ], [ 134.4798126, 7.3459668 ], [ 134.479629499999987, 7.3460665 ], [ 134.4794312, 7.3460388 ], [ 134.4790802, 7.3459721 ], [ 134.478912400000013, 7.3458915 ], [ 134.4788208, 7.3457418 ], [ 134.4786987, 7.345664 ], [ 134.4785004, 7.3455167 ], [ 134.478302, 7.3452139 ], [ 134.478241, 7.345222 ], [ 134.478179899999986, 7.3452859 ], [ 134.4781036, 7.3453555 ], [ 134.4778748, 7.3454776 ], [ 134.477600099999989, 7.3454833 ], [ 134.4775085, 7.3454166 ], [ 134.477478, 7.3453193 ], [ 134.4774933, 7.3451724 ], [ 134.477417, 7.3449249 ], [ 134.4774017, 7.3451276 ], [ 134.4772949, 7.3452835 ], [ 134.477218599999986, 7.345336 ], [ 134.476944, 7.3453641 ], [ 134.4767761, 7.3453946 ], [ 134.476593, 7.3454137 ], [ 134.4764252, 7.3454223 ], [ 134.476379400000013, 7.3452835 ], [ 134.4763336, 7.3452835 ], [ 134.4762268, 7.3454638 ], [ 134.476059, 7.345511 ], [ 134.4758606, 7.3455529 ], [ 134.4756928, 7.3454723 ], [ 134.4754791, 7.3455029 ], [ 134.4752045, 7.3454776 ], [ 134.474884, 7.3452888 ], [ 134.4747925, 7.3451915 ], [ 134.4748688, 7.3449917 ], [ 134.474807700000014, 7.3448887 ], [ 134.4746399, 7.3450055 ], [ 134.4746704, 7.3453612 ], [ 134.474472100000014, 7.3454084 ], [ 134.4743195, 7.3453999 ], [ 134.4741516, 7.3454585 ], [ 134.4739075, 7.3453693 ], [ 134.4738007, 7.3452668 ], [ 134.4735718, 7.3452334 ], [ 134.4734497, 7.3450861 ], [ 134.4733124, 7.3450971 ], [ 134.473114, 7.344964 ], [ 134.4726868, 7.3447862 ], [ 134.472229, 7.3447723 ], [ 134.4717407, 7.3446083 ], [ 134.4712677, 7.3447056 ], [ 134.470962500000013, 7.3445387 ], [ 134.470398, 7.3447776 ], [ 134.4701996, 7.344728 ], [ 134.4700928, 7.3448029 ], [ 134.4698792, 7.3448029 ], [ 134.4697266, 7.3449779 ], [ 134.4691925, 7.3453002 ], [ 134.4689941, 7.3453693 ], [ 134.4686432, 7.3455749 ], [ 134.4684143, 7.3456221 ], [ 134.4678955, 7.3458138 ], [ 134.467712400000011, 7.345736 ], [ 134.4676361, 7.3456583 ], [ 134.4676666, 7.3457971 ], [ 134.4675293, 7.3459697 ], [ 134.46722410000001, 7.3462057 ], [ 134.46675110000001, 7.3462806 ], [ 134.466629, 7.346436 ], [ 134.4659119, 7.3464446 ], [ 134.465744, 7.3463612 ], [ 134.4656982, 7.3461862 ], [ 134.4656067, 7.3462863 ], [ 134.4655304, 7.3463278 ], [ 134.4653778, 7.3462887 ], [ 134.46530150000001, 7.3462167 ], [ 134.4652557, 7.3461833 ], [ 134.46521, 7.3461361 ], [ 134.4651337, 7.3460641 ], [ 134.465103199999987, 7.3459697 ], [ 134.4650421, 7.3459029 ], [ 134.4648895, 7.3457971 ], [ 134.4648132, 7.3457055 ], [ 134.4648132, 7.3456359 ], [ 134.4647675, 7.3456001 ], [ 134.4646759, 7.3454609 ], [ 134.464599600000014, 7.3452973 ], [ 134.464599600000014, 7.3451529 ], [ 134.464614899999987, 7.3451085 ], [ 134.4645538, 7.3450556 ], [ 134.4644623, 7.3449779 ], [ 134.4644013, 7.3449054 ], [ 134.464370699999989, 7.3448248 ], [ 134.464355500000011, 7.3447557 ], [ 134.4643402, 7.3446832 ], [ 134.4642944, 7.3446083 ], [ 134.464218100000011, 7.3447332 ], [ 134.4637909, 7.3450527 ], [ 134.4636841, 7.3450251 ], [ 134.4636078, 7.3450666 ], [ 134.4635925, 7.3449974 ], [ 134.4636231, 7.3449221 ], [ 134.4635925, 7.3448167 ], [ 134.4633789, 7.3445334 ], [ 134.463058499999988, 7.3441391 ], [ 134.4629364, 7.3441 ], [ 134.4628906, 7.3440528 ], [ 134.462921099999988, 7.3440223 ], [ 134.4629669, 7.3439808 ], [ 134.4631043, 7.3438692 ], [ 134.4634705, 7.343564 ], [ 134.4636688, 7.3433919 ], [ 134.463760400000012, 7.3433027 ], [ 134.4637909, 7.3431196 ], [ 134.4632111, 7.3423805 ], [ 134.4632111, 7.3422942 ], [ 134.4632416, 7.3422585 ], [ 134.4631958, 7.3421583 ], [ 134.4631043, 7.342236 ], [ 134.463028, 7.3422918 ], [ 134.4628754, 7.3424168 ], [ 134.4628296, 7.3424473 ], [ 134.462799100000012, 7.3424749 ], [ 134.4628296, 7.3425999 ], [ 134.4628754, 7.3426919 ], [ 134.4629517, 7.3428946 ], [ 134.4629974, 7.343039 ], [ 134.462921099999988, 7.3430862 ], [ 134.4628296, 7.3430834 ], [ 134.4627533, 7.3430471 ], [ 134.462661700000012, 7.342864 ], [ 134.462570199999988, 7.3427529 ], [ 134.4624634, 7.3426251 ], [ 134.4623718, 7.342464 ], [ 134.4621124, 7.3421555 ], [ 134.4624023, 7.3418331 ], [ 134.4624786, 7.3418083 ], [ 134.462661700000012, 7.3417053 ], [ 134.4627686, 7.3418417 ], [ 134.4629364, 7.3417335 ], [ 134.4628296, 7.3415694 ], [ 134.4627228, 7.341475 ], [ 134.4625092, 7.3412805 ], [ 134.462585499999989, 7.3411584 ], [ 134.462616, 7.3410974 ], [ 134.462738, 7.3410029 ], [ 134.4628449, 7.3409944 ], [ 134.4629822, 7.3408804 ], [ 134.4629822, 7.3407722 ], [ 134.463043199999987, 7.3407359 ], [ 134.4631043, 7.3406863 ], [ 134.46315, 7.3407168 ], [ 134.4631805, 7.340786 ], [ 134.4631958, 7.3407888 ], [ 134.4632263, 7.3409944 ], [ 134.4633331, 7.3411613 ], [ 134.46339420000001, 7.3413248 ], [ 134.4634399, 7.3413138 ], [ 134.4634705, 7.3413749 ], [ 134.4634399, 7.3414555 ], [ 134.463546799999989, 7.3415666 ], [ 134.4635773, 7.3415918 ], [ 134.4636078, 7.3416276 ], [ 134.463653599999986, 7.3416972 ], [ 134.4636688, 7.3417139 ], [ 134.4636993, 7.3417554 ], [ 134.4637146, 7.3417807 ], [ 134.4637299, 7.3417945 ], [ 134.4638214, 7.3419333 ], [ 134.4638519, 7.3419666 ], [ 134.463913, 7.3420029 ], [ 134.4641724, 7.3421307 ], [ 134.464325, 7.342247 ], [ 134.464508099999989, 7.3425221 ], [ 134.4645386, 7.3426304 ], [ 134.4645538, 7.3427777 ], [ 134.464599600000014, 7.3427529 ], [ 134.4647675, 7.3428888 ], [ 134.465179400000011, 7.3424053 ], [ 134.4652252, 7.3423472 ], [ 134.46530150000001, 7.3423224 ], [ 134.4654236, 7.3422446 ], [ 134.4654846, 7.3422113 ], [ 134.4654846, 7.342164 ], [ 134.4655457, 7.342072 ], [ 134.465622, 7.3419666 ], [ 134.465667700000012, 7.3418527 ], [ 134.4656982, 7.3417835 ], [ 134.465744, 7.3416944 ], [ 134.4658814, 7.3416472 ], [ 134.4660034, 7.3415694 ], [ 134.4660034, 7.3413444 ], [ 134.4661102, 7.3411417 ], [ 134.4662476, 7.3410029 ], [ 134.466522200000014, 7.3408499 ], [ 134.4666748, 7.3407641 ], [ 134.4668732, 7.3405752 ], [ 134.46698, 7.3403554 ], [ 134.4671021, 7.3400807 ], [ 134.4671478, 7.3399696 ], [ 134.467239400000011, 7.3399029 ], [ 134.4673462, 7.3398666 ], [ 134.4674377, 7.3399081 ], [ 134.4675293, 7.340075 ], [ 134.467498799999987, 7.3402748 ], [ 134.4675293, 7.3406668 ], [ 134.467620899999986, 7.3408971 ], [ 134.4677734, 7.3408499 ], [ 134.467956500000014, 7.3406 ], [ 134.4680634, 7.3404527 ], [ 134.4683991, 7.3402891 ], [ 134.4687042, 7.3402748 ], [ 134.4688416, 7.3404331 ], [ 134.469101, 7.3402805 ], [ 134.4690094, 7.3401918 ], [ 134.4690857, 7.3400998 ], [ 134.468948399999988, 7.3399887 ], [ 134.4687653, 7.3398418 ], [ 134.4688721, 7.3397498 ], [ 134.4686432, 7.3397446 ], [ 134.468551600000012, 7.3398418 ], [ 134.4684753, 7.3397946 ], [ 134.4684753, 7.3396668 ], [ 134.4684296, 7.3396053 ], [ 134.4683075, 7.3396053 ], [ 134.4682617, 7.3394942 ], [ 134.4682922, 7.3393664 ], [ 134.467605600000013, 7.3389473 ], [ 134.467483499999986, 7.3391776 ], [ 134.4673004, 7.3391166 ], [ 134.4672089, 7.3390803 ], [ 134.4672089, 7.3390474 ], [ 134.466995200000014, 7.3388777 ], [ 134.466888399999988, 7.3389387 ], [ 134.4667358, 7.3390193 ], [ 134.4664612, 7.3389082 ], [ 134.466430699999989, 7.3389611 ], [ 134.4663086, 7.338922 ], [ 134.4663391, 7.3388472 ], [ 134.4662476, 7.3388109 ], [ 134.465622, 7.3385472 ], [ 134.465667700000012, 7.3384275 ], [ 134.46578980000001, 7.3381639 ], [ 134.465805100000011, 7.3381167 ], [ 134.4658661, 7.3379946 ], [ 134.466507, 7.3382974 ], [ 134.4665833, 7.3383474 ], [ 134.4668427, 7.3384471 ], [ 134.4669342, 7.3381667 ], [ 134.4669495, 7.3381028 ], [ 134.4668732, 7.3379169 ], [ 134.4669342, 7.3378444 ], [ 134.4671021, 7.3378196 ], [ 134.4671936, 7.3380332 ], [ 134.46722410000001, 7.3382778 ], [ 134.4675751, 7.3383474 ], [ 134.4676361, 7.3381529 ], [ 134.467956500000014, 7.3374333 ], [ 134.4684296, 7.3363695 ], [ 134.468566900000013, 7.3361168 ], [ 134.46875, 7.3359332 ], [ 134.4689026, 7.3360944 ], [ 134.469223, 7.3363724 ], [ 134.4693451, 7.3362861 ], [ 134.4693909, 7.3363333 ], [ 134.4693451, 7.3363915 ], [ 134.4693146, 7.3364415 ], [ 134.46928410000001, 7.3365307 ], [ 134.4693604, 7.3365917 ], [ 134.4696808, 7.3365889 ], [ 134.4697266, 7.3366303 ], [ 134.469787599999989, 7.3367028 ], [ 134.469787599999989, 7.3367529 ], [ 134.469772299999988, 7.3368306 ], [ 134.4698029, 7.3369222 ], [ 134.4698334, 7.3369947 ], [ 134.4698334, 7.3370943 ], [ 134.469894399999987, 7.3371387 ], [ 134.4698486, 7.3371916 ], [ 134.469787599999989, 7.3371501 ], [ 134.4697266, 7.3372779 ], [ 134.4698639, 7.3374109 ], [ 134.469894399999987, 7.3374276 ], [ 134.470047, 7.3375335 ], [ 134.4700775, 7.3375168 ], [ 134.470108, 7.3374806 ], [ 134.4701691, 7.337461 ], [ 134.4701843, 7.337461 ], [ 134.47024540000001, 7.3374138 ], [ 134.4702911, 7.3374109 ], [ 134.4702911, 7.3374915 ], [ 134.470260599999989, 7.3375111 ], [ 134.4702301, 7.3375473 ], [ 134.4702301, 7.337575 ], [ 134.4703064, 7.3375778 ], [ 134.470382699999988, 7.3375778 ], [ 134.470382699999988, 7.3373666 ], [ 134.4703064, 7.3372641 ], [ 134.4703369, 7.337172 ], [ 134.4705658, 7.3370752 ], [ 134.4707794, 7.3370752 ], [ 134.470993, 7.3368888 ], [ 134.471328699999987, 7.3367639 ], [ 134.4715118, 7.3366613 ], [ 134.4719849, 7.3364167 ], [ 134.4721985, 7.335989 ], [ 134.4723663, 7.3358417 ], [ 134.472656300000011, 7.3357835 ], [ 134.472702, 7.3356748 ], [ 134.4723816, 7.3350501 ], [ 134.4727631, 7.3348861 ], [ 134.472656300000011, 7.3346529 ], [ 134.4727631, 7.334589 ], [ 134.4730988, 7.335247 ], [ 134.4733124, 7.3351641 ], [ 134.473480200000012, 7.3353195 ], [ 134.4735565, 7.335247 ], [ 134.4734039, 7.3350749 ], [ 134.4734345, 7.3347888 ], [ 134.473373400000014, 7.3345637 ], [ 134.4734345, 7.3344026 ], [ 134.473617600000011, 7.3341584 ], [ 134.4736328, 7.3339109 ], [ 134.4737244, 7.3336721 ], [ 134.4739227, 7.333375 ], [ 134.473983800000013, 7.3331637 ], [ 134.4741821, 7.3330526 ], [ 134.474334700000014, 7.3328137 ], [ 134.4744873, 7.3323751 ], [ 134.474884, 7.3316641 ], [ 134.4750977, 7.3313499 ], [ 134.475524900000011, 7.3305359 ], [ 134.475891100000013, 7.3300443 ], [ 134.4762116, 7.3297696 ], [ 134.4762421, 7.3296084 ], [ 134.4764252, 7.329411 ], [ 134.4766541, 7.3293166 ], [ 134.4768066, 7.3291669 ], [ 134.4770203, 7.3290834 ], [ 134.4775543, 7.3291082 ], [ 134.4779968, 7.3290391 ], [ 134.478408800000011, 7.3293166 ], [ 134.4785919, 7.3295889 ], [ 134.4786224, 7.3297668 ], [ 134.4786224, 7.329886 ], [ 134.47853090000001, 7.3299308 ], [ 134.4784699, 7.3298831 ], [ 134.478363, 7.3299112 ], [ 134.4783783, 7.3301082 ], [ 134.47853090000001, 7.3301611 ], [ 134.4787598, 7.3304777 ], [ 134.4789276, 7.3308306 ], [ 134.479141199999987, 7.3309388 ], [ 134.4792175, 7.3310447 ], [ 134.4792328, 7.331172 ], [ 134.479187, 7.3312998 ], [ 134.478912400000013, 7.331564 ], [ 134.4788513, 7.3316889 ], [ 134.4788513, 7.3318138 ], [ 134.4789429, 7.3319111 ], [ 134.4789581, 7.3320279 ], [ 134.478881800000011, 7.3322835 ], [ 134.4787445, 7.3325028 ], [ 134.478714, 7.3326221 ], [ 134.4788208, 7.3331332 ], [ 134.478775, 7.3337832 ], [ 134.4788055, 7.3340473 ], [ 134.4787598, 7.3341665 ], [ 134.4786224, 7.3343749 ], [ 134.478790299999986, 7.3345776 ], [ 134.4788666, 7.334836 ], [ 134.4789429, 7.3349361 ], [ 134.4796906, 7.3351693 ], [ 134.479873700000013, 7.3353362 ], [ 134.480117799999988, 7.3353944 ], [ 134.4801941, 7.3354998 ], [ 134.480346700000013, 7.3361306 ], [ 134.4802856, 7.3366447 ], [ 134.4803162, 7.3369026 ], [ 134.4803009, 7.3370333 ], [ 134.4802551, 7.3371501 ], [ 134.4802551, 7.3372665 ], [ 134.4806366, 7.3373418 ], [ 134.4810028, 7.3374834 ], [ 134.4811096, 7.3375526 ], [ 134.481185900000014, 7.3376498 ], [ 134.4812164, 7.3377805 ], [ 134.481201199999987, 7.3381696 ], [ 134.481079099999988, 7.3383999 ], [ 134.4816132, 7.3386664 ], [ 134.481903100000011, 7.3389082 ], [ 134.482147200000014, 7.3389807 ], [ 134.4823608, 7.3391085 ], [ 134.482544, 7.3392696 ], [ 134.4826813, 7.3392887 ], [ 134.4827728, 7.3393779 ], [ 134.4828339, 7.3396249 ], [ 134.4828949, 7.339736 ], [ 134.4832764, 7.339828 ], [ 134.4833832, 7.3398891 ], [ 134.4835053, 7.3398833 ], [ 134.483612099999988, 7.3397999 ], [ 134.4837341, 7.3397694 ], [ 134.4841156, 7.3398752 ], [ 134.4842377, 7.3398609 ], [ 134.4844971, 7.3399196 ], [ 134.4847107, 7.3400359 ], [ 134.4850922, 7.3400083 ], [ 134.485199, 7.3400693 ], [ 134.4852905, 7.3401666 ], [ 134.4852905, 7.3404083 ], [ 134.48538210000001, 7.3405056 ], [ 134.4855499, 7.3404193 ], [ 134.4855957, 7.3403139 ], [ 134.485626200000013, 7.3401833 ], [ 134.4859009, 7.3399277 ], [ 134.486496, 7.3397083 ], [ 134.4870148, 7.3397331 ], [ 134.4872437, 7.3398361 ], [ 134.4873657, 7.3398442 ], [ 134.4874878, 7.3398972 ], [ 134.4877472, 7.3399057 ], [ 134.487854, 7.3399611 ], [ 134.4880219, 7.3401637 ], [ 134.4881134, 7.3398027 ], [ 134.488281300000011, 7.339478 ], [ 134.488205, 7.3393779 ], [ 134.4881897, 7.339253 ], [ 134.4882507, 7.3390055 ], [ 134.488327, 7.338903 ], [ 134.488281300000011, 7.3388696 ], [ 134.4883728, 7.3380971 ], [ 134.4882355, 7.3378863 ], [ 134.4880829, 7.3375306 ], [ 134.4880676, 7.3372722 ], [ 134.487945599999989, 7.3370752 ], [ 134.487915, 7.3368197 ], [ 134.487808199999989, 7.3367529 ], [ 134.4877625, 7.3366332 ], [ 134.487808199999989, 7.3365307 ], [ 134.487930299999988, 7.3365026 ], [ 134.4881897, 7.336525 ], [ 134.4884338, 7.3365917 ], [ 134.488540699999987, 7.3366695 ], [ 134.488769499999989, 7.3367724 ], [ 134.489151, 7.3371334 ], [ 134.48922730000001, 7.3376417 ], [ 134.489471400000014, 7.3380971 ], [ 134.4893951, 7.3383222 ], [ 134.4895477, 7.3385248 ], [ 134.4895477, 7.3386526 ], [ 134.4894562, 7.3388472 ], [ 134.4895783, 7.3388333 ], [ 134.4899139, 7.3389001 ], [ 134.4901276, 7.3390279 ], [ 134.49018860000001, 7.3392553 ], [ 134.4902496, 7.3392139 ], [ 134.490463299999988, 7.3393278 ], [ 134.4905243, 7.3394251 ], [ 134.4906006, 7.339675 ], [ 134.490570100000014, 7.339797 ], [ 134.490509, 7.3399029 ], [ 134.4902496, 7.3399415 ], [ 134.4901276, 7.3399196 ], [ 134.490066500000012, 7.3400168 ], [ 134.4901581, 7.3400664 ], [ 134.490341199999989, 7.3400555 ], [ 134.4904785, 7.3400502 ], [ 134.490554800000012, 7.3400278 ], [ 134.4907837, 7.3400664 ], [ 134.4907837, 7.3399944 ], [ 134.490936299999987, 7.3395748 ], [ 134.4909973, 7.3393002 ], [ 134.4910889, 7.3392582 ], [ 134.491272, 7.3391223 ], [ 134.491333, 7.3391194 ], [ 134.4913483, 7.339097 ], [ 134.491806, 7.3389945 ], [ 134.4926605, 7.3388834 ], [ 134.492874199999989, 7.3387222 ], [ 134.4931183, 7.3383164 ], [ 134.4931335, 7.3382335 ], [ 134.4932556, 7.3381167 ], [ 134.4933014, 7.3379974 ], [ 134.4931641, 7.3379335 ], [ 134.4930267, 7.3379526 ], [ 134.4929962, 7.3379192 ], [ 134.492981, 7.3378696 ], [ 134.4930115, 7.3378224 ], [ 134.493087800000012, 7.3377776 ], [ 134.4931793, 7.3376279 ], [ 134.4933167, 7.3377113 ], [ 134.4932709, 7.3377943 ], [ 134.4933929, 7.3378472 ], [ 134.4934235, 7.3377862 ], [ 134.493438700000013, 7.3376722 ], [ 134.4937592, 7.3373637 ], [ 134.493820199999988, 7.3372526 ], [ 134.4938965, 7.3372026 ], [ 134.493927, 7.3371167 ], [ 134.4939575, 7.3370304 ], [ 134.494049100000012, 7.336936 ], [ 134.494278, 7.3368473 ], [ 134.4943237, 7.3368888 ], [ 134.4948273, 7.3368917 ], [ 134.4950409, 7.3369446 ], [ 134.4950714, 7.336925 ], [ 134.494995100000011, 7.3367195 ], [ 134.4948578, 7.3364611 ], [ 134.4948425, 7.3363667 ], [ 134.4948425, 7.3362112 ], [ 134.4950867, 7.3362055 ], [ 134.4950714, 7.3364363 ], [ 134.4951019, 7.3365054 ], [ 134.4952087, 7.3364697 ], [ 134.495391899999987, 7.3363471 ], [ 134.4954529, 7.3361888 ], [ 134.4955139, 7.3361111 ], [ 134.495605500000011, 7.3360252 ], [ 134.4959259, 7.3359222 ], [ 134.496093800000011, 7.3357806 ], [ 134.496215799999987, 7.3357444 ], [ 134.4962769, 7.3356972 ], [ 134.4962006, 7.3355613 ], [ 134.4962616, 7.3355279 ], [ 134.496353199999987, 7.3356609 ], [ 134.496521, 7.3356724 ], [ 134.4965363, 7.3354836 ], [ 134.4965973, 7.3354363 ], [ 134.496704099999988, 7.335422 ], [ 134.496826199999987, 7.3354583 ], [ 134.4969482, 7.3354082 ], [ 134.4970856, 7.3354278 ], [ 134.4974365, 7.3353834 ], [ 134.4975433, 7.3354139 ], [ 134.4978485, 7.3354054 ], [ 134.4979401, 7.335422 ], [ 134.498016400000012, 7.3354669 ], [ 134.4981995, 7.3356805 ], [ 134.4983368, 7.3357444 ], [ 134.4985962, 7.3359056 ], [ 134.4986877, 7.335989 ], [ 134.498733499999986, 7.3360472 ], [ 134.4988251, 7.336061 ], [ 134.4989929, 7.3361888 ], [ 134.499115, 7.3362389 ], [ 134.4991608, 7.3363609 ], [ 134.4993134, 7.33635 ], [ 134.4995575, 7.3363862 ], [ 134.4997711, 7.3363419 ], [ 134.5, 7.3363972 ], [ 134.5000305, 7.3364058 ], [ 134.5001526, 7.3364081 ], [ 134.5002441, 7.3363833 ], [ 134.5002136, 7.3363471 ], [ 134.5002594, 7.3363113 ], [ 134.5003357, 7.3362861 ], [ 134.500473, 7.3362947 ], [ 134.50053410000001, 7.336236 ], [ 134.5005646, 7.3362165 ], [ 134.5005798, 7.3361692 ], [ 134.500671399999987, 7.3360748 ], [ 134.5007477, 7.33605 ], [ 134.50100710000001, 7.3360667 ], [ 134.5011292, 7.33605 ], [ 134.5011292, 7.3359304 ], [ 134.5011902, 7.3358722 ], [ 134.501266500000014, 7.3358526 ], [ 134.5012817, 7.335825 ], [ 134.5013275, 7.3358083 ], [ 134.501373300000012, 7.3358278 ], [ 134.5014343, 7.335772 ], [ 134.5014648, 7.3357 ], [ 134.501648, 7.3356276 ], [ 134.5016937, 7.3355832 ], [ 134.501648, 7.3355308 ], [ 134.501724200000012, 7.3355165 ], [ 134.5016785, 7.3354306 ], [ 134.5015869, 7.3353305 ], [ 134.5015259, 7.3352332 ], [ 134.501617399999986, 7.3351889 ], [ 134.5014038, 7.3347249 ], [ 134.5013123, 7.3347306 ], [ 134.5012817, 7.3346443 ], [ 134.5014496, 7.3345919 ], [ 134.501724200000012, 7.3352137 ], [ 134.5021515, 7.3351111 ], [ 134.502533, 7.3349915 ], [ 134.502716099999986, 7.3349586 ], [ 134.5028534, 7.3349586 ], [ 134.50292970000001, 7.335011 ], [ 134.5029755, 7.3351169 ], [ 134.5034638, 7.3352695 ], [ 134.503570599999989, 7.3353834 ], [ 134.5036316, 7.335525 ], [ 134.5036011, 7.33565 ], [ 134.503555299999988, 7.3357778 ], [ 134.50383, 7.336122 ], [ 134.5039368, 7.3361583 ], [ 134.504028299999987, 7.3362308 ], [ 134.5040894, 7.3363137 ], [ 134.5042267, 7.3363471 ], [ 134.504303, 7.3364029 ], [ 134.504364, 7.3365278 ], [ 134.5044861, 7.336472 ], [ 134.5045929, 7.3364501 ], [ 134.504730200000012, 7.3364554 ], [ 134.50485230000001, 7.3365278 ], [ 134.5048828, 7.3364363 ], [ 134.5049591, 7.3363833 ], [ 134.5051727, 7.3363361 ], [ 134.5054321, 7.336122 ], [ 134.5055389, 7.3360944 ], [ 134.5056763, 7.3360887 ], [ 134.5060425, 7.3360167 ], [ 134.506134, 7.3359056 ], [ 134.5061646, 7.3357501 ], [ 134.5061646, 7.3356195 ], [ 134.5063171, 7.3353057 ], [ 134.5063477, 7.3350697 ], [ 134.5063171, 7.3346195 ], [ 134.5063782, 7.3345194 ], [ 134.5064087, 7.3344002 ], [ 134.506561299999987, 7.3342362 ], [ 134.5066376, 7.3340807 ], [ 134.5068512, 7.3336835 ], [ 134.506897, 7.3333859 ], [ 134.5069733, 7.3331084 ], [ 134.506927499999989, 7.3327694 ], [ 134.506912199999988, 7.3323221 ], [ 134.507049599999988, 7.332036 ], [ 134.5070648, 7.3317695 ], [ 134.5071106, 7.3315277 ], [ 134.507263200000011, 7.3311834 ], [ 134.5072784, 7.3309169 ], [ 134.507284700000014, 7.3308988 ], [ 134.50737, 7.3306499 ], [ 134.5074463, 7.3305669 ], [ 134.507431, 7.3304248 ], [ 134.5073242, 7.3302527 ], [ 134.5072937, 7.3300695 ], [ 134.5071869, 7.3298335 ], [ 134.5071259, 7.3296084 ], [ 134.507034299999987, 7.3294668 ], [ 134.5068512, 7.3293834 ], [ 134.5068207, 7.3291168 ], [ 134.5067444, 7.3289805 ], [ 134.5068665, 7.3287082 ], [ 134.506897, 7.3285055 ], [ 134.5068817, 7.3283472 ], [ 134.506790200000012, 7.3283 ], [ 134.5066376, 7.3283057 ], [ 134.5063934, 7.3280554 ], [ 134.5061493, 7.3276057 ], [ 134.5058594, 7.3272638 ], [ 134.5056458, 7.3270721 ], [ 134.5054169, 7.3269777 ], [ 134.5047913, 7.3262944 ], [ 134.504745500000013, 7.3260002 ], [ 134.504501299999987, 7.325686 ], [ 134.504379300000011, 7.3254833 ], [ 134.5045776, 7.3249998 ], [ 134.5046539, 7.3247442 ], [ 134.5045929, 7.32445 ], [ 134.5044708, 7.3242416 ], [ 134.504303, 7.323997 ], [ 134.5041199, 7.3237138 ], [ 134.5038605, 7.3235917 ], [ 134.5037994, 7.323586 ], [ 134.5037231, 7.3236723 ], [ 134.5036316, 7.3237 ], [ 134.503280600000011, 7.3237057 ], [ 134.503082299999988, 7.3236752 ], [ 134.502807600000011, 7.3234944 ], [ 134.502578699999987, 7.3234696 ], [ 134.5024109, 7.3234139 ], [ 134.5022736, 7.3233419 ], [ 134.5021973, 7.3232613 ], [ 134.5021362, 7.3231168 ], [ 134.502212500000013, 7.3230362 ], [ 134.5021973, 7.3229165 ], [ 134.5021668, 7.3227553 ], [ 134.5020905, 7.3225722 ], [ 134.501983599999988, 7.3224387 ], [ 134.5017853, 7.32235 ], [ 134.5014648, 7.322403 ], [ 134.501297, 7.3224387 ], [ 134.501251200000013, 7.3225055 ], [ 134.501266500000014, 7.3225918 ], [ 134.5013428, 7.3227391 ], [ 134.5014191, 7.3228889 ], [ 134.501510599999989, 7.3230362 ], [ 134.5016785, 7.3231721 ], [ 134.501846300000011, 7.323278 ], [ 134.501861600000012, 7.3233557 ], [ 134.5017853, 7.3234863 ], [ 134.5016632, 7.3234863 ], [ 134.5015564, 7.3235664 ], [ 134.5015411, 7.3236222 ], [ 134.5014801, 7.3236694 ], [ 134.501388600000013, 7.3237 ], [ 134.501144399999987, 7.3236918 ], [ 134.50100710000001, 7.3237472 ], [ 134.5008545, 7.3237414 ], [ 134.5007172, 7.3238168 ], [ 134.500427300000013, 7.3239222 ], [ 134.5002594, 7.3240585 ], [ 134.5002594, 7.324172 ], [ 134.500183099999987, 7.3242002 ], [ 134.5, 7.3241806 ], [ 134.4999695, 7.3241777 ], [ 134.499939, 7.3245692 ], [ 134.4999695, 7.3245835 ], [ 134.5, 7.3246164 ], [ 134.5000458, 7.3246803 ], [ 134.500061, 7.3247585 ], [ 134.5001068, 7.3247914 ], [ 134.5001526, 7.3248973 ], [ 134.5002594, 7.3250055 ], [ 134.5002594, 7.3252082 ], [ 134.500305200000014, 7.3252749 ], [ 134.500289900000013, 7.325511 ], [ 134.5002441, 7.3255529 ], [ 134.5002289, 7.3256168 ], [ 134.5002594, 7.3257303 ], [ 134.5002747, 7.325922 ], [ 134.5003204, 7.3261805 ], [ 134.5003204, 7.3263917 ], [ 134.5002594, 7.3265944 ], [ 134.500183099999987, 7.3267112 ], [ 134.500183099999987, 7.3268137 ], [ 134.5001221, 7.3271637 ], [ 134.5, 7.327364 ], [ 134.4998932, 7.3275304 ], [ 134.4998627, 7.3276224 ], [ 134.4996185, 7.3277831 ], [ 134.4993591, 7.3278666 ], [ 134.499221799999987, 7.3279891 ], [ 134.4990692, 7.3282113 ], [ 134.498840300000012, 7.3286028 ], [ 134.4983368, 7.3289723 ], [ 134.498138399999988, 7.329072 ], [ 134.4978638, 7.3292613 ], [ 134.4977417, 7.3292918 ], [ 134.4974518, 7.3293085 ], [ 134.4973602, 7.3292499 ], [ 134.497299199999986, 7.3291693 ], [ 134.497299199999986, 7.3290777 ], [ 134.4974976, 7.3286333 ], [ 134.4976044, 7.3284779 ], [ 134.4977112, 7.3283081 ], [ 134.497909600000014, 7.3281279 ], [ 134.4981232, 7.3278279 ], [ 134.498260499999986, 7.3277054 ], [ 134.4983063, 7.3275471 ], [ 134.4983215, 7.3274169 ], [ 134.4983521, 7.3273058 ], [ 134.4984283, 7.3272724 ], [ 134.498489400000011, 7.3272667 ], [ 134.4985046, 7.3272333 ], [ 134.4985199, 7.3272224 ], [ 134.4985504, 7.3271499 ], [ 134.4985199, 7.3270555 ], [ 134.4985352, 7.3269582 ], [ 134.498703, 7.3267779 ], [ 134.498748799999987, 7.3266749 ], [ 134.4988251, 7.3265748 ], [ 134.4989471, 7.3263221 ], [ 134.498962400000011, 7.3262444 ], [ 134.4989471, 7.3261499 ], [ 134.498733499999986, 7.3258109 ], [ 134.49861150000001, 7.3257279 ], [ 134.49847410000001, 7.3255835 ], [ 134.498275799999988, 7.3254137 ], [ 134.498260499999986, 7.3253918 ], [ 134.498245200000014, 7.3253164 ], [ 134.498275799999988, 7.3252277 ], [ 134.4983215, 7.3251972 ], [ 134.498367300000012, 7.3252111 ], [ 134.498489400000011, 7.3251 ], [ 134.4985809, 7.3250613 ], [ 134.498626699999988, 7.3251305 ], [ 134.4987946, 7.3252692 ], [ 134.498870899999986, 7.3252916 ], [ 134.4989166, 7.3252416 ], [ 134.498962400000011, 7.3252249 ], [ 134.4990082, 7.3252554 ], [ 134.4990082, 7.325314 ], [ 134.4989929, 7.3253665 ], [ 134.4989319, 7.3254085 ], [ 134.498977700000012, 7.3256974 ], [ 134.4990082, 7.3257141 ], [ 134.4991303, 7.3255 ], [ 134.4991608, 7.3251443 ], [ 134.499115, 7.3249779 ], [ 134.4990692, 7.3249054 ], [ 134.4989929, 7.3248472 ], [ 134.4989319, 7.3248529 ], [ 134.498870899999986, 7.3248887 ], [ 134.498840300000012, 7.3249555 ], [ 134.498733499999986, 7.3249416 ], [ 134.4985809, 7.3247223 ], [ 134.49847410000001, 7.3246803 ], [ 134.4983978, 7.3246861 ], [ 134.4981995, 7.3246331 ], [ 134.4979706, 7.3246584 ], [ 134.4979248, 7.3247194 ], [ 134.4979248, 7.3250084 ], [ 134.497909600000014, 7.3250861 ], [ 134.4978638, 7.3251529 ], [ 134.4978027, 7.3251472 ], [ 134.497757, 7.3251443 ], [ 134.4976959, 7.3250666 ], [ 134.4976959, 7.3247027 ], [ 134.4977112, 7.3245916 ], [ 134.4977112, 7.32445 ], [ 134.4976044, 7.3243446 ], [ 134.4974365, 7.3240471 ], [ 134.497421300000013, 7.3239055 ], [ 134.4975586, 7.3238249 ], [ 134.4975891, 7.3237581 ], [ 134.49765020000001, 7.3237028 ], [ 134.497818, 7.3236389 ], [ 134.4979553, 7.3235612 ], [ 134.498153699999989, 7.3235722 ], [ 134.49823, 7.3235974 ], [ 134.498489400000011, 7.3235974 ], [ 134.4986572, 7.3236194 ], [ 134.4987183, 7.3236556 ], [ 134.498748799999987, 7.3237362 ], [ 134.4989319, 7.3239026 ], [ 134.499176, 7.3240752 ], [ 134.4992981, 7.3240776 ], [ 134.4993591, 7.3240418 ], [ 134.4994049, 7.3239803 ], [ 134.49943540000001, 7.3238139 ], [ 134.4995422, 7.3236332 ], [ 134.4996643, 7.3234835 ], [ 134.4996796, 7.3234668 ], [ 134.4997559, 7.3233361 ], [ 134.5, 7.3231525 ], [ 134.5000305, 7.3231335 ], [ 134.5001373, 7.3230944 ], [ 134.5002136, 7.3231168 ], [ 134.5002136, 7.3231778 ], [ 134.5002441, 7.3232164 ], [ 134.500305200000014, 7.3232026 ], [ 134.500351, 7.3231692 ], [ 134.500412, 7.3229775 ], [ 134.5005646, 7.3226914 ], [ 134.5005951, 7.3225861 ], [ 134.5005798, 7.3225083 ], [ 134.50039670000001, 7.3223333 ], [ 134.5002441, 7.3221169 ], [ 134.5000153, 7.3219419 ], [ 134.5, 7.3218694 ], [ 134.4999695, 7.3217363 ], [ 134.5, 7.3216972 ], [ 134.5000305, 7.3216558 ], [ 134.5001068, 7.3215971 ], [ 134.5002747, 7.3215776 ], [ 134.5006104, 7.3216085 ], [ 134.5007324, 7.3215919 ], [ 134.5008087, 7.3215165 ], [ 134.5009155, 7.3214583 ], [ 134.5010834, 7.3213944 ], [ 134.5012054, 7.3213224 ], [ 134.5012054, 7.3212333 ], [ 134.5010986, 7.3211446 ], [ 134.5009918, 7.3210807 ], [ 134.500900300000012, 7.3210778 ], [ 134.5007172, 7.3211222 ], [ 134.5005188, 7.3211165 ], [ 134.50039670000001, 7.3210859 ], [ 134.5002747, 7.3210278 ], [ 134.5000153, 7.320889 ], [ 134.5, 7.3208861 ], [ 134.499801600000012, 7.3208499 ], [ 134.499694799999986, 7.3207502 ], [ 134.4994659, 7.3207002 ], [ 134.4993897, 7.3206277 ], [ 134.4992523, 7.320611 ], [ 134.498977700000012, 7.3206058 ], [ 134.498840300000012, 7.3206058 ], [ 134.498733499999986, 7.3204918 ], [ 134.498703, 7.3204141 ], [ 134.498489400000011, 7.3209581 ], [ 134.498382600000014, 7.3212833 ], [ 134.4984283, 7.321528 ], [ 134.498382600000014, 7.3216224 ], [ 134.4983215, 7.321661 ], [ 134.4981995, 7.3216887 ], [ 134.4979858, 7.3216581 ], [ 134.4978485, 7.3216224 ], [ 134.497757, 7.3215556 ], [ 134.49765020000001, 7.3215084 ], [ 134.4975739, 7.321414 ], [ 134.4974518, 7.3214083 ], [ 134.4973602, 7.3213277 ], [ 134.4971619, 7.3212194 ], [ 134.4970856, 7.3212471 ], [ 134.496582, 7.3207998 ], [ 134.49655150000001, 7.3207054 ], [ 134.4967651, 7.3206334 ], [ 134.4969161, 7.3205569 ], [ 134.4965339, 7.3203658 ], [ 134.4965363, 7.320375 ], [ 134.4965057, 7.3204446 ], [ 134.4962921, 7.3205252 ], [ 134.496215799999987, 7.3204918 ], [ 134.496093800000011, 7.3205333 ], [ 134.495956400000011, 7.320611 ], [ 134.4958801, 7.3207359 ], [ 134.495620699999989, 7.3208556 ], [ 134.495483400000012, 7.3208332 ], [ 134.495376599999986, 7.3209362 ], [ 134.4953461, 7.3209777 ], [ 134.4952087, 7.3209944 ], [ 134.4951935, 7.3211083 ], [ 134.495254499999987, 7.3213334 ], [ 134.4952087, 7.3214026 ], [ 134.495269799999988, 7.3214917 ], [ 134.495254499999987, 7.3216305 ], [ 134.4953461, 7.3218637 ], [ 134.495620699999989, 7.3221583 ], [ 134.495849600000014, 7.3222942 ], [ 134.4960175, 7.3224416 ], [ 134.496048, 7.3225474 ], [ 134.495956400000011, 7.3226419 ], [ 134.495636, 7.3227444 ], [ 134.495636, 7.3228335 ], [ 134.4957123, 7.3229055 ], [ 134.496109, 7.3229332 ], [ 134.496429400000011, 7.3227835 ], [ 134.4965363, 7.3228555 ], [ 134.496688799999987, 7.3230305 ], [ 134.4967346, 7.323236 ], [ 134.496688799999987, 7.3234749 ], [ 134.4965973, 7.3236361 ], [ 134.4964905, 7.3237138 ], [ 134.496444700000012, 7.3238277 ], [ 134.4962006, 7.3239889 ], [ 134.4957733, 7.3240805 ], [ 134.495636, 7.3241639 ], [ 134.4955597, 7.3243084 ], [ 134.4955444, 7.3244581 ], [ 134.4956665, 7.3249221 ], [ 134.495605500000011, 7.3252277 ], [ 134.495376599999986, 7.3255611 ], [ 134.4949341, 7.3263555 ], [ 134.4945831, 7.3266139 ], [ 134.4944916, 7.326839 ], [ 134.4946747, 7.3273945 ], [ 134.49464420000001, 7.3274221 ], [ 134.494659399999989, 7.3275805 ], [ 134.4947052, 7.3276305 ], [ 134.4947052, 7.3277001 ], [ 134.4946747, 7.3277082 ], [ 134.494659399999989, 7.3278279 ], [ 134.4947205, 7.3279166 ], [ 134.4947357, 7.3280363 ], [ 134.4948273, 7.328136 ], [ 134.4948578, 7.3282304 ], [ 134.4951477, 7.3285999 ], [ 134.4953156, 7.329061 ], [ 134.495224, 7.3292613 ], [ 134.4950256, 7.3293943 ], [ 134.494766199999987, 7.3293834 ], [ 134.4945526, 7.3292832 ], [ 134.494415299999986, 7.3289805 ], [ 134.4943237, 7.3285723 ], [ 134.494339, 7.3284192 ], [ 134.4945679, 7.3279944 ], [ 134.4944763, 7.3279724 ], [ 134.4944305, 7.3279085 ], [ 134.4944, 7.3277359 ], [ 134.494278, 7.3274083 ], [ 134.4941101, 7.3272333 ], [ 134.4939728, 7.3271556 ], [ 134.493804899999986, 7.3271251 ], [ 134.4936523, 7.3271141 ], [ 134.4933167, 7.3272944 ], [ 134.4932556, 7.3273001 ], [ 134.493209799999988, 7.3272529 ], [ 134.4932709, 7.3271971 ], [ 134.4933167, 7.3271027 ], [ 134.49354550000001, 7.3269391 ], [ 134.494171099999988, 7.3263083 ], [ 134.494522100000012, 7.3260779 ], [ 134.4945526, 7.325964 ], [ 134.494522100000012, 7.3258057 ], [ 134.4945526, 7.325664 ], [ 134.4946289, 7.3255916 ], [ 134.494766199999987, 7.3253026 ], [ 134.4948273, 7.3249917 ], [ 134.494812, 7.3247252 ], [ 134.4946747, 7.3244638 ], [ 134.494659399999989, 7.3242974 ], [ 134.4946899, 7.3239861 ], [ 134.4949341, 7.3235359 ], [ 134.494888300000014, 7.323514 ], [ 134.494796799999989, 7.323575 ], [ 134.4946747, 7.3235974 ], [ 134.494506800000011, 7.3234973 ], [ 134.4944763, 7.3233972 ], [ 134.4946899, 7.3230748 ], [ 134.4946747, 7.3230252 ], [ 134.4944611, 7.3230391 ], [ 134.4944763, 7.3231807 ], [ 134.4943848, 7.3234415 ], [ 134.494049100000012, 7.3234806 ], [ 134.4940643, 7.3235693 ], [ 134.4941406, 7.3236694 ], [ 134.4941406, 7.3237891 ], [ 134.4940949, 7.323925 ], [ 134.4940186, 7.3240752 ], [ 134.493804899999986, 7.3242083 ], [ 134.49368290000001, 7.3245721 ], [ 134.4934998, 7.3248248 ], [ 134.4933929, 7.3248334 ], [ 134.4931488, 7.3247528 ], [ 134.492874199999989, 7.3247252 ], [ 134.4928284, 7.3246474 ], [ 134.492843599999986, 7.3245668 ], [ 134.4928894, 7.3245139 ], [ 134.4929962, 7.3245053 ], [ 134.4931335, 7.3245444 ], [ 134.4931335, 7.3243637 ], [ 134.4929962, 7.3243613 ], [ 134.492965700000013, 7.3242889 ], [ 134.492874199999989, 7.3242474 ], [ 134.4926758, 7.324564 ], [ 134.4925079, 7.3247113 ], [ 134.4925385, 7.3247805 ], [ 134.492599500000011, 7.3248248 ], [ 134.4926758, 7.3250585 ], [ 134.4926453, 7.3251391 ], [ 134.492492700000014, 7.3253026 ], [ 134.4923248, 7.3251834 ], [ 134.491989100000012, 7.3246889 ], [ 134.4919128, 7.3246164 ], [ 134.4918671, 7.3244362 ], [ 134.49176030000001, 7.324378 ], [ 134.491745, 7.3242974 ], [ 134.49162290000001, 7.3242502 ], [ 134.491531400000014, 7.3242889 ], [ 134.4913788, 7.3242555 ], [ 134.491165200000012, 7.3244557 ], [ 134.490936299999987, 7.3246026 ], [ 134.4908905, 7.3247557 ], [ 134.4907074, 7.3256249 ], [ 134.4905853, 7.3257527 ], [ 134.490554800000012, 7.3258443 ], [ 134.490448, 7.3259139 ], [ 134.490203900000012, 7.3259888 ], [ 134.490036, 7.3259749 ], [ 134.4897308, 7.3257723 ], [ 134.4895783, 7.3257446 ], [ 134.4892578, 7.3258696 ], [ 134.489013699999987, 7.3260665 ], [ 134.4889832, 7.3261442 ], [ 134.4888611, 7.3262444 ], [ 134.488540699999987, 7.3266692 ], [ 134.488037100000014, 7.3266778 ], [ 134.4879761, 7.3266139 ], [ 134.487915, 7.3263307 ], [ 134.4880066, 7.3260803 ], [ 134.4879913, 7.3259502 ], [ 134.487930299999988, 7.3255749 ], [ 134.4878693, 7.3254113 ], [ 134.487670900000012, 7.32515 ], [ 134.4874725, 7.3250084 ], [ 134.4872284, 7.3250141 ], [ 134.48703, 7.3252111 ], [ 134.486908, 7.3254557 ], [ 134.4865723, 7.3265805 ], [ 134.4864349, 7.3267751 ], [ 134.4863129, 7.326911 ], [ 134.4862671, 7.327003 ], [ 134.4861755, 7.3270221 ], [ 134.486084, 7.3268919 ], [ 134.4860382, 7.3267641 ], [ 134.4860687, 7.3266082 ], [ 134.4860382, 7.3262582 ], [ 134.4858246, 7.3257499 ], [ 134.485763600000013, 7.3253751 ], [ 134.4854584, 7.3249111 ], [ 134.4851074, 7.3246222 ], [ 134.4848938, 7.3245001 ], [ 134.4845276, 7.3244138 ], [ 134.484436, 7.3245111 ], [ 134.4842682, 7.324811 ], [ 134.484207199999986, 7.3248277 ], [ 134.484176600000012, 7.3249168 ], [ 134.484069799999986, 7.3250113 ], [ 134.4839935, 7.3249974 ], [ 134.483963, 7.324925 ], [ 134.483902, 7.324636 ], [ 134.483963, 7.324328 ], [ 134.483963, 7.324275 ], [ 134.4839783, 7.3242221 ], [ 134.4840546, 7.3241334 ], [ 134.4845429, 7.3237915 ], [ 134.484664900000013, 7.3238139 ], [ 134.484787, 7.3237891 ], [ 134.4847987, 7.3237957 ], [ 134.4849386, 7.3223375 ], [ 134.4847412, 7.3222084 ], [ 134.4844971, 7.3220916 ], [ 134.4842835, 7.3219056 ], [ 134.4841003, 7.3217249 ], [ 134.4840088, 7.3215776 ], [ 134.4839783, 7.3214307 ], [ 134.4841156, 7.3211279 ], [ 134.4841309, 7.3208361 ], [ 134.484191900000013, 7.3206668 ], [ 134.4843445, 7.320539 ], [ 134.4844971, 7.3204279 ], [ 134.4847565, 7.3202887 ], [ 134.4849396, 7.3202305 ], [ 134.4850922, 7.3201332 ], [ 134.485168499999986, 7.3200307 ], [ 134.4852142, 7.3198776 ], [ 134.4852905, 7.3197694 ], [ 134.485321, 7.3195748 ], [ 134.4854431, 7.3194943 ], [ 134.4858246, 7.3194027 ], [ 134.4859009, 7.3190832 ], [ 134.486023, 7.3189669 ], [ 134.4861755, 7.318903 ], [ 134.486602799999986, 7.3189526 ], [ 134.4866486, 7.3189807 ], [ 134.4866486, 7.3190222 ], [ 134.4866333, 7.3190584 ], [ 134.4865265, 7.3191195 ], [ 134.486496, 7.3191748 ], [ 134.4864655, 7.319314 ], [ 134.486694300000011, 7.3196082 ], [ 134.486724900000013, 7.3198137 ], [ 134.486846899999989, 7.320128 ], [ 134.4867554, 7.3202944 ], [ 134.486602799999986, 7.3205195 ], [ 134.486480699999987, 7.3206167 ], [ 134.4864349, 7.3207555 ], [ 134.4865418, 7.3208971 ], [ 134.486587500000013, 7.3211279 ], [ 134.486724900000013, 7.3211222 ], [ 134.4867554, 7.3209806 ], [ 134.486846899999989, 7.3208861 ], [ 134.486969, 7.320786 ], [ 134.487091099999986, 7.3207111 ], [ 134.48703, 7.320653 ], [ 134.486953699999987, 7.3206415 ], [ 134.486969, 7.3205195 ], [ 134.487075800000014, 7.3203917 ], [ 134.487197900000012, 7.3203778 ], [ 134.4872894, 7.3202944 ], [ 134.4872131, 7.3202305 ], [ 134.487197900000012, 7.3200779 ], [ 134.4872437, 7.3199501 ], [ 134.4871521, 7.3197165 ], [ 134.487091099999986, 7.3196139 ], [ 134.487091099999986, 7.3194804 ], [ 134.4869995, 7.3192945 ], [ 134.486908, 7.3192554 ], [ 134.4868927, 7.3191776 ], [ 134.4868927, 7.3179221 ], [ 134.4868164, 7.3175807 ], [ 134.4867401, 7.3174195 ], [ 134.486480699999987, 7.3172221 ], [ 134.486480699999987, 7.3170862 ], [ 134.4864655, 7.3169332 ], [ 134.486496, 7.3168359 ], [ 134.4870148, 7.3167667 ], [ 134.487182600000011, 7.3166943 ], [ 134.4874878, 7.3164887 ], [ 134.487686200000013, 7.3164387 ], [ 134.487915, 7.3161054 ], [ 134.4879761, 7.3159833 ], [ 134.4878998, 7.3158026 ], [ 134.487793, 7.3156252 ], [ 134.487686200000013, 7.3154888 ], [ 134.4876404, 7.3152971 ], [ 134.487564099999986, 7.3148055 ], [ 134.4876404, 7.3145223 ], [ 134.487930299999988, 7.3140197 ], [ 134.4880981, 7.3136835 ], [ 134.4881744, 7.3135276 ], [ 134.4881744, 7.3132443 ], [ 134.4880066, 7.3132334 ], [ 134.4877625, 7.3133168 ], [ 134.4874878, 7.3132582 ], [ 134.487091099999986, 7.3133502 ], [ 134.486587500000013, 7.3134222 ], [ 134.4862824, 7.3134222 ], [ 134.486023, 7.3131638 ], [ 134.485763600000013, 7.3130112 ], [ 134.4854736, 7.3130584 ], [ 134.48526, 7.3132224 ], [ 134.4848175, 7.313561 ], [ 134.484436, 7.3138166 ], [ 134.4842529, 7.313839 ], [ 134.4840088, 7.3139305 ], [ 134.4840546, 7.314075 ], [ 134.4840393, 7.3142195 ], [ 134.483825700000011, 7.3143416 ], [ 134.4836731, 7.314364 ], [ 134.4835663, 7.3144612 ], [ 134.483581500000014, 7.3145137 ], [ 134.483581500000014, 7.3147001 ], [ 134.483612099999988, 7.3148804 ], [ 134.4836273, 7.315022 ], [ 134.4835358, 7.3151612 ], [ 134.4834137, 7.3152137 ], [ 134.4834595, 7.3155804 ], [ 134.483429, 7.3157473 ], [ 134.4833221, 7.3159304 ], [ 134.483352700000012, 7.3160086 ], [ 134.4835358, 7.316061 ], [ 134.4837341, 7.3161502 ], [ 134.4838409, 7.316164 ], [ 134.483825700000011, 7.3163109 ], [ 134.4837494, 7.3163166 ], [ 134.483718900000014, 7.3164697 ], [ 134.4836273, 7.3165169 ], [ 134.4831848, 7.316464 ], [ 134.4831696, 7.3163223 ], [ 134.483123799999987, 7.3161836 ], [ 134.4828949, 7.3160224 ], [ 134.4828339, 7.3159056 ], [ 134.4827271, 7.3157835 ], [ 134.4826965, 7.3155918 ], [ 134.4827118, 7.3154502 ], [ 134.4828949, 7.3153029 ], [ 134.4829407, 7.3149195 ], [ 134.48298650000001, 7.3147445 ], [ 134.4829254, 7.3145585 ], [ 134.4829254, 7.3143473 ], [ 134.4829559, 7.3142638 ], [ 134.4828033, 7.313828 ], [ 134.482650799999988, 7.313736 ], [ 134.482513399999988, 7.313736 ], [ 134.4823151, 7.3138528 ], [ 134.4820709, 7.3141112 ], [ 134.4818268, 7.3143501 ], [ 134.481567399999989, 7.314703 ], [ 134.481247, 7.3149252 ], [ 134.48092650000001, 7.3150001 ], [ 134.4806519, 7.314939 ], [ 134.4803772, 7.3150001 ], [ 134.4801941, 7.3151002 ], [ 134.4799652, 7.315239 ], [ 134.479751599999986, 7.3152447 ], [ 134.479538, 7.3152609 ], [ 134.479370100000011, 7.3153667 ], [ 134.4792481, 7.3154836 ], [ 134.4791107, 7.3156195 ], [ 134.47901920000001, 7.3159027 ], [ 134.4790955, 7.3160086 ], [ 134.4790955, 7.3162279 ], [ 134.47901920000001, 7.3164973 ], [ 134.4789276, 7.3167138 ], [ 134.4788666, 7.3169527 ], [ 134.478897100000012, 7.3171835 ], [ 134.4788361, 7.3172889 ], [ 134.4787598, 7.3173556 ], [ 134.478653, 7.3173862 ], [ 134.4786072, 7.3174973 ], [ 134.4786072, 7.3175335 ], [ 134.4785919, 7.3175998 ], [ 134.4785004, 7.3176999 ], [ 134.478363, 7.3177252 ], [ 134.4782562, 7.3176999 ], [ 134.4782715, 7.3178334 ], [ 134.4782257, 7.3179307 ], [ 134.4781189, 7.3180361 ], [ 134.4779816, 7.3181138 ], [ 134.47792050000001, 7.3182612 ], [ 134.4777679, 7.3183804 ], [ 134.4776459, 7.3184085 ], [ 134.4775543, 7.3184943 ], [ 134.477584799999988, 7.318572 ], [ 134.4775085, 7.3186641 ], [ 134.4773712, 7.3187056 ], [ 134.477249199999989, 7.3187919 ], [ 134.4771576, 7.318903 ], [ 134.477218599999986, 7.3189836 ], [ 134.477249199999989, 7.319078 ], [ 134.4771423, 7.3192778 ], [ 134.4771881, 7.3194084 ], [ 134.47709660000001, 7.3198252 ], [ 134.477005, 7.3199668 ], [ 134.4768372, 7.3201137 ], [ 134.476593, 7.3202696 ], [ 134.476471, 7.3202972 ], [ 134.4764099, 7.320364 ], [ 134.4764404, 7.3205056 ], [ 134.4762268, 7.3209581 ], [ 134.4759827, 7.3212223 ], [ 134.475708, 7.3213501 ], [ 134.475647, 7.3214831 ], [ 134.4755859, 7.3216472 ], [ 134.475647, 7.3217669 ], [ 134.475799599999988, 7.3219695 ], [ 134.4759216, 7.3221808 ], [ 134.4759216, 7.3223224 ], [ 134.4758453, 7.3225474 ], [ 134.4757538, 7.3226137 ], [ 134.4756165, 7.3226471 ], [ 134.475524900000011, 7.3226137 ], [ 134.475402800000012, 7.3224444 ], [ 134.4752502, 7.3223558 ], [ 134.4749756, 7.3225999 ], [ 134.4749756, 7.3227696 ], [ 134.475235, 7.3231111 ], [ 134.4753265, 7.3232474 ], [ 134.475235, 7.3237777 ], [ 134.475174, 7.3240194 ], [ 134.4750061, 7.3244391 ], [ 134.4748993, 7.3244391 ], [ 134.4747925, 7.3243723 ], [ 134.4746552, 7.3240361 ], [ 134.47456360000001, 7.323997 ], [ 134.474472100000014, 7.3242388 ], [ 134.47435, 7.3244863 ], [ 134.4743805, 7.3245807 ], [ 134.4743195, 7.3246141 ], [ 134.4742584, 7.3248529 ], [ 134.474334700000014, 7.3249445 ], [ 134.4743652, 7.3250723 ], [ 134.4743805, 7.3254333 ], [ 134.4739227, 7.3260584 ], [ 134.4738922, 7.3263888 ], [ 134.4737854, 7.3266082 ], [ 134.4736328, 7.3267002 ], [ 134.4735107, 7.3266335 ], [ 134.4734039, 7.3266053 ], [ 134.473144499999989, 7.3266749 ], [ 134.473053, 7.3267002 ], [ 134.47258, 7.3267222 ], [ 134.472534200000013, 7.3265667 ], [ 134.4724579, 7.3265777 ], [ 134.4722443, 7.3270669 ], [ 134.4721069, 7.3276916 ], [ 134.4719849, 7.3277998 ], [ 134.47167970000001, 7.3282251 ], [ 134.471557600000011, 7.3284111 ], [ 134.4714813, 7.3285446 ], [ 134.4712524, 7.3288221 ], [ 134.470855699999987, 7.3289943 ], [ 134.470733599999988, 7.3292527 ], [ 134.4708405, 7.329464 ], [ 134.470932, 7.3295083 ], [ 134.470977799999986, 7.3296194 ], [ 134.4709168, 7.3296557 ], [ 134.4703522, 7.3297558 ], [ 134.4700775, 7.3300695 ], [ 134.4700623, 7.3301806 ], [ 134.4704437, 7.3302388 ], [ 134.470596300000011, 7.3303471 ], [ 134.470733599999988, 7.3307028 ], [ 134.4707794, 7.3308697 ], [ 134.47052, 7.3313308 ], [ 134.4702148, 7.3317752 ], [ 134.4696045, 7.332428 ], [ 134.469574, 7.3325305 ], [ 134.4694672, 7.3326387 ], [ 134.469421399999987, 7.3327751 ], [ 134.469421399999987, 7.3328972 ], [ 134.4693298, 7.3330722 ], [ 134.4691925, 7.3330975 ], [ 134.4690704, 7.3332057 ], [ 134.4690704, 7.3333278 ], [ 134.4689941, 7.3334971 ], [ 134.4688416, 7.3336582 ], [ 134.4686432, 7.3337641 ], [ 134.4685059, 7.3336 ], [ 134.4682159, 7.3340359 ], [ 134.4678955, 7.3344555 ], [ 134.467620899999986, 7.3345165 ], [ 134.467514, 7.3343363 ], [ 134.467483499999986, 7.334475 ], [ 134.4675446, 7.3345833 ], [ 134.4675293, 7.3346834 ], [ 134.467453, 7.3347526 ], [ 134.467376699999988, 7.3350058 ], [ 134.46736150000001, 7.3350473 ], [ 134.4674683, 7.3352084 ], [ 134.467453, 7.3352251 ], [ 134.467392, 7.3352637 ], [ 134.467376699999988, 7.3353887 ], [ 134.4672852, 7.3355055 ], [ 134.467132600000014, 7.335475 ], [ 134.467117300000012, 7.3355694 ], [ 134.467132600000014, 7.3356276 ], [ 134.467010499999986, 7.3358278 ], [ 134.4669342, 7.3358917 ], [ 134.4668274, 7.3358192 ], [ 134.466766400000012, 7.3357363 ], [ 134.466507, 7.3358998 ], [ 134.4663391, 7.3359447 ], [ 134.466156, 7.3357863 ], [ 134.466064499999987, 7.3357778 ], [ 134.4660034, 7.3358359 ], [ 134.4662323, 7.3362417 ], [ 134.466217, 7.3363586 ], [ 134.4661102, 7.3363471 ], [ 134.4660187, 7.3362751 ], [ 134.4659576, 7.336164 ], [ 134.4658661, 7.3361692 ], [ 134.4657288, 7.3362446 ], [ 134.4655914, 7.3362861 ], [ 134.4654236, 7.3357697 ], [ 134.4653801, 7.3355854 ], [ 134.4652227, 7.3356532 ], [ 134.46530150000001, 7.3359833 ], [ 134.4652405, 7.3362055 ], [ 134.46521, 7.3363915 ], [ 134.4650421, 7.336575 ], [ 134.464859, 7.3367915 ], [ 134.4646301, 7.3368721 ], [ 134.4643402, 7.3369417 ], [ 134.4640961, 7.3372722 ], [ 134.4637909, 7.3375197 ], [ 134.463516199999987, 7.3377943 ], [ 134.463287400000013, 7.3378305 ], [ 134.4630737, 7.3380222 ], [ 134.463089, 7.3381863 ], [ 134.4630127, 7.3383279 ], [ 134.463089, 7.3384028 ], [ 134.4629517, 7.3384972 ], [ 134.462570199999988, 7.3387971 ], [ 134.4622345, 7.339036 ], [ 134.4621429, 7.3393025 ], [ 134.4621124, 7.3395391 ], [ 134.4621277, 7.3396444 ], [ 134.4622192, 7.3396502 ], [ 134.4623413, 7.3396502 ], [ 134.46243290000001, 7.3395724 ], [ 134.4626312, 7.3395581 ], [ 134.4626312, 7.3398304 ], [ 134.4625397, 7.339828 ], [ 134.4625092, 7.339828 ], [ 134.4624939, 7.339828 ], [ 134.4623871, 7.3397832 ], [ 134.4622345, 7.3398113 ], [ 134.4617462, 7.3398361 ], [ 134.461441, 7.3398418 ], [ 134.46138, 7.3398471 ], [ 134.4610443, 7.3398752 ], [ 134.4608002, 7.3398695 ], [ 134.460266100000013, 7.339828 ], [ 134.459899900000011, 7.3397889 ], [ 134.4598236, 7.339778 ], [ 134.4597626, 7.3398638 ], [ 134.4597321, 7.3399749 ], [ 134.459777800000012, 7.340086 ], [ 134.4603272, 7.3401279 ], [ 134.4610748, 7.3401804 ], [ 134.461608899999987, 7.3402696 ], [ 134.4620514, 7.340539 ], [ 134.462310800000012, 7.3407474 ], [ 134.46229550000001, 7.3408556 ], [ 134.4621582, 7.3409224 ], [ 134.462097199999988, 7.340889 ], [ 134.4618683, 7.3406472 ], [ 134.4615784, 7.3404555 ], [ 134.4611664, 7.3403277 ], [ 134.4608307, 7.3403249 ], [ 134.4603272, 7.3402944 ], [ 134.4597168, 7.3402333 ], [ 134.4593964, 7.3400974 ], [ 134.4593658, 7.3401446 ], [ 134.4592743, 7.3401194 ], [ 134.459182700000014, 7.3402028 ], [ 134.4588928, 7.3406029 ], [ 134.4587402, 7.3405891 ], [ 134.4584808, 7.3404498 ], [ 134.458486599999986, 7.3403926 ], [ 134.458354, 7.3404319 ], [ 134.458358800000013, 7.3404388 ], [ 134.4583283, 7.3405943 ], [ 134.4582062, 7.3407083 ], [ 134.4580994, 7.3407221 ], [ 134.457962, 7.3406501 ], [ 134.4578857, 7.3407111 ], [ 134.457748400000014, 7.3407416 ], [ 134.4575501, 7.3407221 ], [ 134.4574432, 7.3408055 ], [ 134.4573517, 7.3408332 ], [ 134.4573059, 7.340786 ], [ 134.4574585, 7.3406334 ], [ 134.4575, 7.3405955 ], [ 134.4569214, 7.3406898 ], [ 134.456893900000011, 7.3407192 ], [ 134.4568329, 7.3407526 ], [ 134.4567719, 7.340889 ], [ 134.456543, 7.3411498 ], [ 134.4563599, 7.3412585 ], [ 134.456207299999988, 7.3412943 ], [ 134.4561615, 7.3414192 ], [ 134.4556274, 7.3415666 ], [ 134.4552918, 7.3417473 ], [ 134.45509340000001, 7.3417721 ], [ 134.454971300000011, 7.3417029 ], [ 134.4548035, 7.3418169 ], [ 134.4546967, 7.3419137 ], [ 134.454391500000014, 7.341989 ], [ 134.4541016, 7.3419085 ], [ 134.453674299999989, 7.341711 ], [ 134.4533844, 7.341825 ], [ 134.453201299999989, 7.3419666 ], [ 134.4530182, 7.3420696 ], [ 134.452835099999987, 7.3420696 ], [ 134.45256040000001, 7.3420167 ], [ 134.4524231, 7.3420305 ], [ 134.4522858, 7.3419805 ], [ 134.452102700000012, 7.3420057 ], [ 134.451980600000013, 7.3419972 ], [ 134.4519043, 7.3420582 ], [ 134.4517822, 7.3420472 ], [ 134.4516754, 7.3419919 ], [ 134.4514313, 7.341939 ], [ 134.451278699999989, 7.3418832 ], [ 134.45112610000001, 7.3419056 ], [ 134.451019300000013, 7.341814 ], [ 134.450882, 7.341825 ], [ 134.4506989, 7.3418832 ], [ 134.4503479, 7.3418999 ], [ 134.4501343, 7.3418307 ], [ 134.4499054, 7.3418002 ], [ 134.4497223, 7.3418193 ], [ 134.449356099999989, 7.3418193 ], [ 134.4492645, 7.3418832 ], [ 134.4491577, 7.3418169 ], [ 134.448974600000014, 7.3418498 ], [ 134.4488983, 7.3419137 ], [ 134.448730500000011, 7.3419862 ], [ 134.448608400000012, 7.342 ], [ 134.4484711, 7.341897 ], [ 134.4483337, 7.3418527 ], [ 134.4481812, 7.3418169 ], [ 134.4479828, 7.3418279 ], [ 134.4478455, 7.341897 ], [ 134.4477234, 7.3420057 ], [ 134.4475708, 7.3419442 ], [ 134.4475098, 7.3418307 ], [ 134.447418199999987, 7.3417306 ], [ 134.4471893, 7.3416696 ], [ 134.446991, 7.3416696 ], [ 134.4468384, 7.3417335 ], [ 134.4462891, 7.3420529 ], [ 134.4460144, 7.3421111 ], [ 134.445968599999986, 7.3421779 ], [ 134.4459076, 7.3422084 ], [ 134.4458313, 7.342186 ], [ 134.4456787, 7.3422194 ], [ 134.4454498, 7.3424168 ], [ 134.445388799999989, 7.3425779 ], [ 134.445343, 7.3426442 ], [ 134.445251500000012, 7.3426862 ], [ 134.445144699999986, 7.3426442 ], [ 134.4449768, 7.3426805 ], [ 134.44474790000001, 7.342814 ], [ 134.4446716, 7.342936 ], [ 134.4445038, 7.3430443 ], [ 134.444152800000012, 7.3431387 ], [ 134.443924, 7.3432307 ], [ 134.4436188, 7.3434973 ], [ 134.4434967, 7.3435998 ], [ 134.4431458, 7.3434029 ], [ 134.442993199999989, 7.3434415 ], [ 134.442840600000011, 7.3435359 ], [ 134.4427643, 7.3435473 ], [ 134.4425812, 7.3434973 ], [ 134.4425354, 7.3435445 ], [ 134.4424744, 7.3435473 ], [ 134.4423218, 7.343514 ], [ 134.4420624, 7.3436613 ], [ 134.441803, 7.3437805 ], [ 134.4413757, 7.3438668 ], [ 134.4412231, 7.3438668 ], [ 134.44104, 7.3438335 ], [ 134.440933199999989, 7.3438807 ], [ 134.4408875, 7.3439918 ], [ 134.4406586, 7.3439808 ], [ 134.4405212, 7.3440113 ], [ 134.4403839, 7.3441167 ], [ 134.4402466, 7.3441668 ], [ 134.4401245, 7.3441916 ], [ 134.4400482, 7.3440609 ], [ 134.439971899999989, 7.3440776 ], [ 134.4399262, 7.3441334 ], [ 134.439834600000012, 7.3441081 ], [ 134.4394989, 7.3442278 ], [ 134.4393921, 7.3442946 ], [ 134.4392853, 7.3443251 ], [ 134.439132699999988, 7.3443332 ], [ 134.4390259, 7.3443861 ], [ 134.4389191, 7.3444891 ], [ 134.4383392, 7.3448029 ], [ 134.4380035, 7.344872 ], [ 134.4376679, 7.3448777 ], [ 134.437423700000011, 7.3449335 ], [ 134.4372253, 7.3450141 ], [ 134.437027, 7.3450251 ], [ 134.4368134, 7.344986 ], [ 134.4365845, 7.3449888 ], [ 134.4364166, 7.345089 ], [ 134.4362946, 7.3451057 ], [ 134.4361572, 7.3450723 ], [ 134.4358368, 7.3451028 ], [ 134.4357641, 7.345131 ], [ 134.43612250000001, 7.3452954 ], [ 134.4361863, 7.3453246 ], [ 134.4364929, 7.3453193 ], [ 134.4371185, 7.3452387 ], [ 134.4372711, 7.3452196 ], [ 134.4376679, 7.3451695 ], [ 134.4389648, 7.3450027 ], [ 134.4389648, 7.3453193 ], [ 134.4390564, 7.3452835 ], [ 134.44042970000001, 7.3447638 ], [ 134.4408569, 7.3446388 ], [ 134.4412231, 7.3445277 ], [ 134.4425812, 7.3441081 ], [ 134.442749, 7.3446221 ], [ 134.4427795, 7.3447223 ], [ 134.4428711, 7.3448777 ], [ 134.4431763, 7.3447166 ], [ 134.4445038, 7.3440194 ], [ 134.4449921, 7.3439446 ], [ 134.4450531, 7.3439331 ], [ 134.4468536, 7.3436585 ], [ 134.4474945, 7.3437696 ], [ 134.4475098, 7.3437724 ], [ 134.447525, 7.3437748 ], [ 134.4467316, 7.3464694 ], [ 134.44667050000001, 7.346653 ], [ 134.4466095, 7.3468971 ], [ 134.4463806, 7.347014 ], [ 134.446075400000012, 7.3471694 ], [ 134.4459534, 7.3472304 ], [ 134.444900499999989, 7.3477387 ], [ 134.4431763, 7.3486891 ], [ 134.4430389, 7.3487697 ], [ 134.4430389, 7.3487721 ], [ 134.4430084, 7.3487835 ], [ 134.4425659, 7.3490138 ], [ 134.4421539, 7.3493166 ], [ 134.4417114, 7.3496471 ], [ 134.4413147, 7.3499751 ], [ 134.4410095, 7.350225 ], [ 134.4410095, 7.3502278 ], [ 134.440078699999987, 7.3509722 ], [ 134.440094, 7.3510027 ], [ 134.440200800000014, 7.3519387 ], [ 134.440109299999989, 7.3524528 ], [ 134.4399262, 7.3532887 ], [ 134.4399262, 7.353303 ], [ 134.439834600000012, 7.3537359 ], [ 134.4396515, 7.3540306 ], [ 134.4396515, 7.3540363 ], [ 134.4396515, 7.3540444 ], [ 134.4393005, 7.3546276 ], [ 134.4393005, 7.3546333 ], [ 134.4383545, 7.3561859 ], [ 134.438293499999986, 7.3562946 ], [ 134.4377863, 7.3570963 ], [ 134.437674, 7.3577429 ], [ 134.4375106, 7.3586824 ], [ 134.43723, 7.3602972 ], [ 134.4369493, 7.3619116 ], [ 134.4367215, 7.3619437 ], [ 134.4356688, 7.362092 ], [ 134.4352594, 7.3621497 ], [ 134.4323058, 7.3625657 ], [ 134.431647700000013, 7.3626583 ], [ 134.4307466, 7.3627853 ], [ 134.4298037, 7.3629181 ], [ 134.4290259, 7.3630276 ], [ 134.4285022, 7.3631014 ], [ 134.4286065, 7.3644854 ], [ 134.4286567, 7.3651514 ], [ 134.428717299999988, 7.3659561 ], [ 134.4287879, 7.3668935 ], [ 134.4288296, 7.367446 ], [ 134.4289684, 7.3692882 ], [ 134.4290465, 7.370325 ], [ 134.429611200000011, 7.37045 ], [ 134.4299622, 7.370503 ], [ 134.4306335, 7.3706112 ], [ 134.4306488, 7.3706141 ], [ 134.4309845, 7.3706641 ], [ 134.4311066, 7.3706474 ], [ 134.4313965, 7.3706055 ], [ 134.431442299999986, 7.3706002 ], [ 134.4316101, 7.3705721 ], [ 134.432312, 7.3698669 ], [ 134.4328308, 7.3691859 ], [ 134.4340363, 7.3711166 ], [ 134.435180699999989, 7.3693276 ], [ 134.4365845, 7.3684611 ], [ 134.437210099999987, 7.3680778 ], [ 134.437683099999987, 7.3677306 ], [ 134.4377441, 7.3676806 ], [ 134.4390259, 7.3684473 ], [ 134.4408722, 7.3670554 ], [ 134.442001299999987, 7.366828 ], [ 134.44282530000001, 7.3666167 ], [ 134.442840600000011, 7.3666139 ], [ 134.4431152, 7.3665443 ], [ 134.4442139, 7.366261 ], [ 134.4454041, 7.3660889 ], [ 134.4455566, 7.3660832 ], [ 134.446212800000012, 7.3660612 ], [ 134.4467163, 7.3656082 ], [ 134.4475708, 7.3662138 ], [ 134.4483643, 7.3667693 ], [ 134.448516899999987, 7.3668804 ], [ 134.4492798, 7.3674111 ], [ 134.449356099999989, 7.3674665 ], [ 134.4498596, 7.3678193 ], [ 134.4510651, 7.3686585 ], [ 134.4512482, 7.3687944 ], [ 134.4534912, 7.3703637 ], [ 134.4536133, 7.3704472 ], [ 134.455703699999987, 7.3718748 ], [ 134.455719, 7.3718863 ], [ 134.45578, 7.3721333 ], [ 134.45578, 7.3721361 ], [ 134.4560394, 7.3731055 ], [ 134.4565735, 7.3734112 ], [ 134.4565735, 7.373414 ], [ 134.4566498, 7.3734613 ], [ 134.4580994, 7.3743 ], [ 134.45893860000001, 7.3747835 ], [ 134.4606628, 7.3756113 ], [ 134.4609528, 7.3757472 ], [ 134.4625092, 7.3764305 ], [ 134.4641571, 7.3771834 ], [ 134.4643276, 7.3772597 ], [ 134.4644036, 7.3771973 ], [ 134.4649023, 7.3767879 ], [ 134.4675293, 7.3746314 ], [ 134.4684334, 7.3738892 ], [ 134.468555, 7.3737894 ], [ 134.4701272, 7.3724988 ], [ 134.4705459, 7.3721551 ], [ 134.4705703, 7.3721351 ], [ 134.4708532, 7.3719029 ], [ 134.4728792, 7.3702398 ], [ 134.474428499999988, 7.3684819 ], [ 134.4748928, 7.3679551 ] ], [ [ 134.4437103, 7.3535695 ], [ 134.443801900000011, 7.3537502 ], [ 134.4438782, 7.353961 ], [ 134.4438934, 7.3542194 ], [ 134.4438477, 7.3545251 ], [ 134.4437256, 7.3548527 ], [ 134.4436035, 7.3552446 ], [ 134.443512, 7.3555141 ], [ 134.4440002, 7.3555474 ], [ 134.444183399999986, 7.3555946 ], [ 134.444274900000011, 7.3557415 ], [ 134.4444733, 7.3559084 ], [ 134.444519, 7.3561277 ], [ 134.4444885, 7.3563442 ], [ 134.4443512, 7.3565693 ], [ 134.4443665, 7.3566527 ], [ 134.444274900000011, 7.3568053 ], [ 134.444168100000013, 7.3567805 ], [ 134.443924, 7.3568502 ], [ 134.4436493, 7.3568335 ], [ 134.4432831, 7.3567028 ], [ 134.4426727, 7.3567028 ], [ 134.4424744, 7.3566666 ], [ 134.4422913, 7.3566804 ], [ 134.442215, 7.3567414 ], [ 134.442138699999987, 7.3567028 ], [ 134.442001299999987, 7.3566804 ], [ 134.441757200000012, 7.3567166 ], [ 134.4416809, 7.3566804 ], [ 134.4417114, 7.3566113 ], [ 134.4415894, 7.3565474 ], [ 134.4414368, 7.3565474 ], [ 134.4411469, 7.3565388 ], [ 134.4407501, 7.3566527 ], [ 134.4406433, 7.3566942 ], [ 134.440506, 7.3570085 ], [ 134.4404907, 7.3572779 ], [ 134.4403992, 7.3574166 ], [ 134.4401703, 7.35745 ], [ 134.4401245, 7.3575501 ], [ 134.440155, 7.3576832 ], [ 134.440078699999987, 7.3578167 ], [ 134.4400482, 7.3580141 ], [ 134.4401703, 7.3581305 ], [ 134.440155, 7.3582835 ], [ 134.440094, 7.3584752 ], [ 134.4400177, 7.358511 ], [ 134.4398651, 7.3584752 ], [ 134.4395294, 7.3582306 ], [ 134.4393005, 7.3582363 ], [ 134.4391022, 7.3584194 ], [ 134.4389648, 7.3587251 ], [ 134.438797, 7.3589387 ], [ 134.438736, 7.3591695 ], [ 134.4388123, 7.3593917 ], [ 134.4389496, 7.3594694 ], [ 134.439010599999989, 7.3595057 ], [ 134.4389648, 7.3596249 ], [ 134.4384766, 7.359972 ], [ 134.438278200000013, 7.3607221 ], [ 134.438324, 7.361053 ], [ 134.4384766, 7.3613195 ], [ 134.438293499999986, 7.3619695 ], [ 134.4381256, 7.3621836 ], [ 134.437927300000013, 7.3622222 ], [ 134.4378357, 7.3624749 ], [ 134.4378662, 7.3626556 ], [ 134.438171399999987, 7.3626499 ], [ 134.438385, 7.3624387 ], [ 134.438446, 7.3624387 ], [ 134.4386139, 7.3625193 ], [ 134.438766500000014, 7.3624001 ], [ 134.4390411, 7.3625665 ], [ 134.43927, 7.362597 ], [ 134.4393921, 7.3624835 ], [ 134.4395294, 7.362597 ], [ 134.4398041, 7.3625054 ], [ 134.4401856, 7.3623333 ], [ 134.4404144, 7.3622613 ], [ 134.4407196, 7.362514 ], [ 134.441070599999989, 7.3625779 ], [ 134.441452, 7.3624778 ], [ 134.441635100000013, 7.3625474 ], [ 134.4426575, 7.3621669 ], [ 134.4431152, 7.3619113 ], [ 134.4437561, 7.3614721 ], [ 134.4445648, 7.3611641 ], [ 134.44488530000001, 7.3610444 ], [ 134.4451752, 7.3606391 ], [ 134.4455719, 7.3603835 ], [ 134.4461517, 7.3601861 ], [ 134.4465179, 7.3601084 ], [ 134.4466553, 7.3602276 ], [ 134.4467163, 7.360364 ], [ 134.446945199999988, 7.3603277 ], [ 134.4472046, 7.360322 ], [ 134.4474793, 7.3602028 ], [ 134.4476929, 7.3601918 ], [ 134.4478149, 7.3602696 ], [ 134.4482117, 7.3602138 ], [ 134.448486300000013, 7.36025 ], [ 134.4486389, 7.3601084 ], [ 134.448761, 7.3598805 ], [ 134.4486542, 7.3596835 ], [ 134.448867799999988, 7.3595944 ], [ 134.449096700000013, 7.3597751 ], [ 134.4491882, 7.3597388 ], [ 134.449356099999989, 7.3595944 ], [ 134.4494324, 7.3597083 ], [ 134.4496307, 7.3596888 ], [ 134.449691800000011, 7.359839 ], [ 134.4498749, 7.3598919 ], [ 134.449997, 7.3600669 ], [ 134.4501953, 7.3600669 ], [ 134.4504547, 7.3600168 ], [ 134.4504547, 7.3598166 ], [ 134.450592, 7.3597751 ], [ 134.4509583, 7.3598084 ], [ 134.4513397, 7.3595834 ], [ 134.4516449, 7.3594084 ], [ 134.451751699999988, 7.3592501 ], [ 134.4517975, 7.3588419 ], [ 134.4519196, 7.3588419 ], [ 134.4520721, 7.3589749 ], [ 134.4523163, 7.3590388 ], [ 134.4526367, 7.359086 ], [ 134.4528503, 7.3589611 ], [ 134.4528809, 7.3588471 ], [ 134.4527893, 7.3587222 ], [ 134.4528961, 7.3586335 ], [ 134.4530945, 7.358603 ], [ 134.4531097, 7.3584919 ], [ 134.453064, 7.3583527 ], [ 134.4531403, 7.3582583 ], [ 134.4533844, 7.3581972 ], [ 134.453552300000013, 7.3580613 ], [ 134.453903200000013, 7.3579307 ], [ 134.4541931, 7.3578529 ], [ 134.4543304, 7.3579168 ], [ 134.4546051, 7.3578277 ], [ 134.4551239, 7.3575363 ], [ 134.4551392, 7.3573971 ], [ 134.4552612, 7.3573332 ], [ 134.4555359, 7.3572445 ], [ 134.45578, 7.3571944 ], [ 134.455947900000012, 7.357028 ], [ 134.4561615, 7.3568859 ], [ 134.4571075, 7.3560724 ], [ 134.457855200000012, 7.3559666 ], [ 134.458114599999988, 7.356122 ], [ 134.4583893, 7.3574028 ], [ 134.4587555, 7.3573194 ], [ 134.4585571, 7.3562803 ], [ 134.4587708, 7.3560028 ], [ 134.459075899999988, 7.3559251 ], [ 134.459075899999988, 7.3559418 ], [ 134.4591065, 7.356 ], [ 134.4591522, 7.3561111 ], [ 134.4592285, 7.356122 ], [ 134.4594727, 7.3560696 ], [ 134.459549, 7.355978 ], [ 134.459549, 7.355825 ], [ 134.460174599999988, 7.3557277 ], [ 134.4602966, 7.3556943 ], [ 134.4601898, 7.3550224 ], [ 134.4604187, 7.3548584 ], [ 134.4609222, 7.3546414 ], [ 134.4610901, 7.3545752 ], [ 134.4614258, 7.3545585 ], [ 134.4616852, 7.3546 ], [ 134.4618073, 7.354825 ], [ 134.4619904, 7.3550277 ], [ 134.462310800000012, 7.3550472 ], [ 134.462677, 7.3551445 ], [ 134.4628906, 7.3553138 ], [ 134.463028, 7.3552446 ], [ 134.4631348, 7.3550553 ], [ 134.4633484, 7.3549862 ], [ 134.463531499999988, 7.3550472 ], [ 134.4635773, 7.3551474 ], [ 134.463531499999988, 7.3553472 ], [ 134.4635925, 7.3553972 ], [ 134.4636688, 7.3552861 ], [ 134.4636841, 7.3551168 ], [ 134.4637299, 7.3549418 ], [ 134.464218100000011, 7.354825 ], [ 134.4645844, 7.3547611 ], [ 134.4646759, 7.3547692 ], [ 134.4647522, 7.3547974 ], [ 134.4649048, 7.3547945 ], [ 134.4650574, 7.3548832 ], [ 134.465454099999988, 7.3553138 ], [ 134.465942399999989, 7.3558502 ], [ 134.466171300000013, 7.3560915 ], [ 134.4661865, 7.3561196 ], [ 134.466415399999988, 7.3563695 ], [ 134.466644300000013, 7.3566446 ], [ 134.4668732, 7.3568974 ], [ 134.4673157, 7.3574109 ], [ 134.4673309, 7.3574529 ], [ 134.467025799999988, 7.3580027 ], [ 134.467041, 7.3580165 ], [ 134.4671021, 7.358036 ], [ 134.467392, 7.3574638 ], [ 134.467514, 7.3575139 ], [ 134.4675446, 7.3574472 ], [ 134.4674072, 7.3574166 ], [ 134.4673309, 7.3573194 ], [ 134.4671936, 7.3571696 ], [ 134.4671783, 7.3571553 ], [ 134.4671631, 7.3571415 ], [ 134.4670715, 7.3570333 ], [ 134.4669647, 7.3568916 ], [ 134.4667816, 7.356678 ], [ 134.4657288, 7.3554668 ], [ 134.4658661, 7.355278 ], [ 134.466033900000014, 7.3552613 ], [ 134.466217, 7.3551526 ], [ 134.4660797, 7.3549442 ], [ 134.465942399999989, 7.35495 ], [ 134.4658508, 7.3550501 ], [ 134.4656982, 7.3551917 ], [ 134.4654846, 7.3551807 ], [ 134.4651337, 7.3547859 ], [ 134.465179400000011, 7.3546944 ], [ 134.46492, 7.3543806 ], [ 134.4649963, 7.3541918 ], [ 134.4649506, 7.3539 ], [ 134.464981099999989, 7.3537808 ], [ 134.465072600000013, 7.3537417 ], [ 134.465072600000013, 7.3536029 ], [ 134.4651337, 7.3534999 ], [ 134.465103199999987, 7.353375 ], [ 134.4650269, 7.3532834 ], [ 134.465087899999986, 7.352972 ], [ 134.4652252, 7.3529167 ], [ 134.4654083, 7.3528113 ], [ 134.4654846, 7.3527417 ], [ 134.4653931, 7.3525109 ], [ 134.46530150000001, 7.3523641 ], [ 134.4651642, 7.3521805 ], [ 134.4650116, 7.3519001 ], [ 134.4649353, 7.3516693 ], [ 134.46492, 7.3516445 ], [ 134.4646912, 7.3512721 ], [ 134.4645386, 7.3512278 ], [ 134.464447, 7.3511806 ], [ 134.464355500000011, 7.351161 ], [ 134.464233400000012, 7.3511529 ], [ 134.4640808, 7.351222 ], [ 134.463882500000011, 7.3511748 ], [ 134.463531499999988, 7.3513918 ], [ 134.4632416, 7.3515167 ], [ 134.463058499999988, 7.3515916 ], [ 134.462585499999989, 7.3518581 ], [ 134.4621124, 7.3521333 ], [ 134.462081899999987, 7.3520141 ], [ 134.4620056, 7.3519168 ], [ 134.461853, 7.3519363 ], [ 134.461715700000013, 7.352036 ], [ 134.461700400000012, 7.3521276 ], [ 134.461700400000012, 7.3521972 ], [ 134.461608899999987, 7.352211 ], [ 134.46133420000001, 7.3522501 ], [ 134.4610291, 7.3523889 ], [ 134.4608002, 7.3524194 ], [ 134.4606934, 7.3525109 ], [ 134.4607086, 7.3525944 ], [ 134.4605713, 7.3526111 ], [ 134.4605408, 7.3525472 ], [ 134.460388200000011, 7.3526807 ], [ 134.4601898, 7.352603 ], [ 134.460144, 7.352736 ], [ 134.460052499999989, 7.3527694 ], [ 134.459777800000012, 7.3527002 ], [ 134.4597015, 7.3527694 ], [ 134.4596405, 7.3526807 ], [ 134.45961, 7.3525806 ], [ 134.4594421, 7.3525472 ], [ 134.4592743, 7.3524137 ], [ 134.459182700000014, 7.3523359 ], [ 134.4589996, 7.3523555 ], [ 134.4588928, 7.3524113 ], [ 134.458831800000013, 7.3522887 ], [ 134.458831800000013, 7.3521752 ], [ 134.458725, 7.3521113 ], [ 134.4585419, 7.3520918 ], [ 134.4584045, 7.3521862 ], [ 134.458221400000014, 7.3521528 ], [ 134.4580231, 7.3521557 ], [ 134.4579315, 7.3521943 ], [ 134.4578095, 7.3521113 ], [ 134.4576874, 7.3521113 ], [ 134.457397500000013, 7.3521891 ], [ 134.4571991, 7.3521833 ], [ 134.4571075, 7.3523026 ], [ 134.4569397, 7.3522306 ], [ 134.4568176, 7.3522167 ], [ 134.456695599999989, 7.3522611 ], [ 134.4566498, 7.3521667 ], [ 134.456680299999988, 7.3520083 ], [ 134.4565735, 7.3518887 ], [ 134.4564514, 7.3518252 ], [ 134.456207299999988, 7.351789 ], [ 134.45607, 7.351861 ], [ 134.4559174, 7.3516555 ], [ 134.45578, 7.351511 ], [ 134.4556427, 7.3513999 ], [ 134.455459600000012, 7.3512363 ], [ 134.455307, 7.3511863 ], [ 134.4553223, 7.3510943 ], [ 134.455230699999987, 7.3509054 ], [ 134.4550018, 7.3507443 ], [ 134.4549408, 7.3505836 ], [ 134.4548187, 7.3505335 ], [ 134.454757699999988, 7.3503804 ], [ 134.4545746, 7.3502002 ], [ 134.4543304, 7.3499584 ], [ 134.4543304, 7.3498278 ], [ 134.4542999, 7.3496943 ], [ 134.4544067, 7.3495417 ], [ 134.4543457, 7.3493862 ], [ 134.4542389, 7.3492947 ], [ 134.4542542, 7.3491612 ], [ 134.4542236, 7.3489389 ], [ 134.454361, 7.3487887 ], [ 134.4544525, 7.348536 ], [ 134.4545593, 7.3484335 ], [ 134.454757699999988, 7.3482919 ], [ 134.454864500000014, 7.3481169 ], [ 134.4549408, 7.3478141 ], [ 134.4551239, 7.3475447 ], [ 134.4550781, 7.3473973 ], [ 134.454879799999986, 7.3471527 ], [ 134.4550476, 7.3470306 ], [ 134.4551544, 7.3469415 ], [ 134.4552002, 7.346736 ], [ 134.4552002, 7.3465056 ], [ 134.4551849, 7.3463359 ], [ 134.4550629, 7.3462277 ], [ 134.4546967, 7.3461332 ], [ 134.4545746, 7.3462529 ], [ 134.454391500000014, 7.3460779 ], [ 134.454284699999988, 7.3461752 ], [ 134.454162599999989, 7.3460722 ], [ 134.4540405, 7.3460307 ], [ 134.45401, 7.3460169 ], [ 134.4539337, 7.3459749 ], [ 134.4538269, 7.3458695 ], [ 134.453781099999986, 7.3458943 ], [ 134.453674299999989, 7.3458419 ], [ 134.4537201, 7.3457694 ], [ 134.45365910000001, 7.3456945 ], [ 134.453476, 7.3457999 ], [ 134.4533997, 7.3457694 ], [ 134.4532166, 7.3458972 ], [ 134.4527741, 7.3462081 ], [ 134.4526825, 7.3461251 ], [ 134.452575700000011, 7.346128 ], [ 134.452453600000013, 7.3461752 ], [ 134.4522705, 7.3461752 ], [ 134.452362099999988, 7.3459501 ], [ 134.4515686, 7.3457556 ], [ 134.4514465, 7.3463306 ], [ 134.4513397, 7.3463082 ], [ 134.4513397, 7.3462415 ], [ 134.451278699999989, 7.3462277 ], [ 134.451385499999986, 7.3456974 ], [ 134.4514313, 7.3454919 ], [ 134.45112610000001, 7.3454251 ], [ 134.4509888, 7.3461056 ], [ 134.4512024, 7.3461361 ], [ 134.451141400000012, 7.346386 ], [ 134.4512329, 7.3465252 ], [ 134.4511566, 7.3465695 ], [ 134.4510651, 7.3464308 ], [ 134.4509583, 7.346447 ], [ 134.450790399999988, 7.3464694 ], [ 134.4506836, 7.3464999 ], [ 134.45063780000001, 7.3467083 ], [ 134.4507141, 7.3469806 ], [ 134.45047, 7.3470111 ], [ 134.450546300000013, 7.3468695 ], [ 134.450531, 7.3467584 ], [ 134.4505158, 7.3467221 ], [ 134.4503937, 7.3467083 ], [ 134.4503784, 7.3468194 ], [ 134.450317399999989, 7.3469415 ], [ 134.4501953, 7.3468695 ], [ 134.449096700000013, 7.3470721 ], [ 134.448974600000014, 7.3470306 ], [ 134.448822, 7.3469806 ], [ 134.4487915, 7.346972 ], [ 134.448608400000012, 7.3469195 ], [ 134.4483643, 7.3468609 ], [ 134.4481964, 7.3468194 ], [ 134.4480743, 7.3468084 ], [ 134.4479981, 7.3468223 ], [ 134.447906499999988, 7.3468304 ], [ 134.447784399999989, 7.3469029 ], [ 134.4477234, 7.3469582 ], [ 134.447647100000012, 7.3470221 ], [ 134.4474945, 7.3471665 ], [ 134.4473724, 7.3473082 ], [ 134.4472656, 7.3474417 ], [ 134.447174100000012, 7.3476863 ], [ 134.447158800000011, 7.347764 ], [ 134.447113, 7.3479109 ], [ 134.4470062, 7.3480306 ], [ 134.4468994, 7.3481779 ], [ 134.4462738, 7.3488998 ], [ 134.4459076, 7.3488498 ], [ 134.4453278, 7.3491001 ], [ 134.4452667, 7.3492832 ], [ 134.4451599, 7.3494225 ], [ 134.445144699999986, 7.3495975 ], [ 134.445236200000011, 7.3497529 ], [ 134.445739800000013, 7.3498721 ], [ 134.4457703, 7.3513637 ], [ 134.4457703, 7.351686 ], [ 134.4457855, 7.3517919 ], [ 134.445739800000013, 7.351975 ], [ 134.445694, 7.3521028 ], [ 134.445739800000013, 7.3522196 ], [ 134.4457703, 7.3524251 ], [ 134.4458008, 7.3525252 ], [ 134.4458313, 7.3526835 ], [ 134.4458771, 7.352778 ], [ 134.4458313, 7.3529 ], [ 134.445816, 7.3529887 ], [ 134.445861799999989, 7.3530583 ], [ 134.445999199999989, 7.3531528 ], [ 134.446212800000012, 7.3531804 ], [ 134.446212800000012, 7.3532696 ], [ 134.4457855, 7.3532696 ], [ 134.4455719, 7.3529472 ], [ 134.445373499999988, 7.3525724 ], [ 134.4453125, 7.3523026 ], [ 134.445221, 7.352272 ], [ 134.4451904, 7.3524084 ], [ 134.4450378, 7.3523555 ], [ 134.4447327, 7.3524027 ], [ 134.444046, 7.3523917 ], [ 134.4436493, 7.3523917 ], [ 134.4429016, 7.3517165 ], [ 134.442977899999988, 7.3516474 ], [ 134.442749, 7.3514166 ], [ 134.4425659, 7.3516221 ], [ 134.4424286, 7.3516054 ], [ 134.4422607, 7.3514695 ], [ 134.442138699999987, 7.3514166 ], [ 134.442001299999987, 7.3514276 ], [ 134.441894499999989, 7.351511 ], [ 134.4417114, 7.3515697 ], [ 134.4415588, 7.3515863 ], [ 134.4413757, 7.3516169 ], [ 134.441268900000011, 7.3516808 ], [ 134.44133, 7.3517499 ], [ 134.4414825, 7.3517447 ], [ 134.4416962, 7.3518863 ], [ 134.441772500000013, 7.3520331 ], [ 134.441894499999989, 7.3521557 ], [ 134.4419708, 7.3522334 ], [ 134.442215, 7.3521442 ], [ 134.442367600000011, 7.3520918 ], [ 134.4425659, 7.3520613 ], [ 134.4427033, 7.3519917 ], [ 134.442749, 7.3519168 ], [ 134.4431152, 7.3521862 ], [ 134.443512, 7.3525777 ], [ 134.4438629, 7.3529224 ], [ 134.4441376, 7.3532 ], [ 134.4440308, 7.3533053 ], [ 134.44378660000001, 7.3533053 ], [ 134.443695100000014, 7.3532915 ], [ 134.443695100000014, 7.3533335 ], [ 134.4437103, 7.3535695 ] ], [ [ 134.4935913, 7.3335805 ], [ 134.4936066, 7.3336887 ], [ 134.493698099999989, 7.3337612 ], [ 134.4938507, 7.3339696 ], [ 134.4938965, 7.3343778 ], [ 134.493835499999989, 7.3344946 ], [ 134.4937592, 7.3345833 ], [ 134.4937134, 7.334722 ], [ 134.4937286, 7.3348613 ], [ 134.493820199999988, 7.3349609 ], [ 134.4939575, 7.3350554 ], [ 134.4942474, 7.3351526 ], [ 134.4942474, 7.3352919 ], [ 134.494278, 7.3353696 ], [ 134.4943695, 7.3353639 ], [ 134.4944305, 7.3353 ], [ 134.4944916, 7.3353362 ], [ 134.4944916, 7.3354082 ], [ 134.4946289, 7.3354168 ], [ 134.4946747, 7.3352556 ], [ 134.4947357, 7.3352165 ], [ 134.494766199999987, 7.3351002 ], [ 134.4949188, 7.334775 ], [ 134.4949341, 7.334547 ], [ 134.494995100000011, 7.3343334 ], [ 134.494995100000011, 7.334125 ], [ 134.494903599999986, 7.3338943 ], [ 134.494888300000014, 7.333653 ], [ 134.4949341, 7.3332582 ], [ 134.494903599999986, 7.3331251 ], [ 134.494888300000014, 7.3330026 ], [ 134.494903599999986, 7.3328471 ], [ 134.4949493, 7.3326917 ], [ 134.495010400000012, 7.3325276 ], [ 134.4950562, 7.3323526 ], [ 134.4950256, 7.332222 ], [ 134.4949646, 7.3320637 ], [ 134.4949646, 7.3319612 ], [ 134.495010400000012, 7.3318529 ], [ 134.4950714, 7.3317943 ], [ 134.4951019, 7.3317304 ], [ 134.4951019, 7.3316221 ], [ 134.495163, 7.3314276 ], [ 134.495132500000011, 7.331336 ], [ 134.4948273, 7.3310165 ], [ 134.494781499999988, 7.3308835 ], [ 134.494781499999988, 7.3307529 ], [ 134.49464420000001, 7.3306751 ], [ 134.4943848, 7.3304472 ], [ 134.4942474, 7.3303471 ], [ 134.4941101, 7.3301444 ], [ 134.494033800000011, 7.3298502 ], [ 134.4939728, 7.3297391 ], [ 134.4934692, 7.3294582 ], [ 134.4933167, 7.3292527 ], [ 134.4931641, 7.3289471 ], [ 134.4931488, 7.328711 ], [ 134.4930573, 7.3280277 ], [ 134.493103, 7.3279223 ], [ 134.493087800000012, 7.3277669 ], [ 134.4929199, 7.3275638 ], [ 134.4927826, 7.3275776 ], [ 134.492599500000011, 7.3276501 ], [ 134.4922028, 7.3277693 ], [ 134.4919739, 7.3276057 ], [ 134.491775499999989, 7.3273778 ], [ 134.4916077, 7.3273473 ], [ 134.4915009, 7.3273692 ], [ 134.4913483, 7.3275609 ], [ 134.4912109, 7.3276749 ], [ 134.4910126, 7.3277779 ], [ 134.4908295, 7.3277669 ], [ 134.490554800000012, 7.3276196 ], [ 134.490432700000014, 7.3275251 ], [ 134.4902802, 7.3273554 ], [ 134.49018860000001, 7.3271999 ], [ 134.490066500000012, 7.3270807 ], [ 134.4899139, 7.3269777 ], [ 134.4897308, 7.3269863 ], [ 134.489563, 7.3269415 ], [ 134.489502, 7.3270307 ], [ 134.489471400000014, 7.3271861 ], [ 134.4894257, 7.3276887 ], [ 134.4894562, 7.3278723 ], [ 134.4895325, 7.3279834 ], [ 134.4895477, 7.3281083 ], [ 134.4895477, 7.3282418 ], [ 134.489486699999986, 7.3283277 ], [ 134.4895172, 7.3284416 ], [ 134.4896393, 7.3286748 ], [ 134.4897461, 7.3287916 ], [ 134.4897919, 7.3288751 ], [ 134.4900208, 7.3288751 ], [ 134.490341199999989, 7.3286305 ], [ 134.4906006, 7.3284473 ], [ 134.490921, 7.3282943 ], [ 134.4911957, 7.3281779 ], [ 134.4913635, 7.3280778 ], [ 134.491531400000014, 7.328011 ], [ 134.4917145, 7.328011 ], [ 134.4918518, 7.3281169 ], [ 134.4920654, 7.3283081 ], [ 134.492111200000011, 7.328372 ], [ 134.4921875, 7.3284416 ], [ 134.4924164, 7.328928 ], [ 134.492492700000014, 7.3290391 ], [ 134.49263, 7.3291946 ], [ 134.4927063, 7.3294668 ], [ 134.4928131, 7.3296776 ], [ 134.4929199, 7.3297668 ], [ 134.4931641, 7.3298583 ], [ 134.49319460000001, 7.3299251 ], [ 134.4931641, 7.3300138 ], [ 134.493072500000011, 7.3300777 ], [ 134.492981, 7.3301749 ], [ 134.4929199, 7.3303776 ], [ 134.4928284, 7.3306027 ], [ 134.4927521, 7.3307419 ], [ 134.4926453, 7.3308749 ], [ 134.4926605, 7.3309498 ], [ 134.492736799999989, 7.3309336 ], [ 134.492858899999987, 7.330936 ], [ 134.4931183, 7.3308916 ], [ 134.4931641, 7.3308168 ], [ 134.4932404, 7.3308001 ], [ 134.493347199999988, 7.3308168 ], [ 134.4934082, 7.3308778 ], [ 134.4936218, 7.3308473 ], [ 134.4939728, 7.3309002 ], [ 134.4941254, 7.3309665 ], [ 134.4942474, 7.3310752 ], [ 134.494308499999988, 7.3311863 ], [ 134.4944, 7.3312502 ], [ 134.4944305, 7.3315697 ], [ 134.4944, 7.3317113 ], [ 134.494278, 7.3320055 ], [ 134.4942322, 7.3320584 ], [ 134.4942627, 7.3321915 ], [ 134.494171099999988, 7.3324556 ], [ 134.4941406, 7.3326416 ], [ 134.493927, 7.3328195 ], [ 134.493804899999986, 7.3330169 ], [ 134.493560800000012, 7.3333197 ], [ 134.4935913, 7.3335805 ] ], [ [ 134.430069, 7.368011 ], [ 134.43013, 7.3681054 ], [ 134.430236799999989, 7.3681278 ], [ 134.4302979, 7.3681917 ], [ 134.430191, 7.3683472 ], [ 134.4301758, 7.3684526 ], [ 134.43022160000001, 7.3685832 ], [ 134.4303131, 7.3686833 ], [ 134.4303894, 7.3687248 ], [ 134.430481, 7.3687248 ], [ 134.430542, 7.3687501 ], [ 134.430542, 7.3688083 ], [ 134.4306183, 7.3688831 ], [ 134.430847199999988, 7.3689637 ], [ 134.43118290000001, 7.3688641 ], [ 134.4312897, 7.3687639 ], [ 134.431411700000012, 7.3687081 ], [ 134.431549100000012, 7.3686333 ], [ 134.4316254, 7.3684974 ], [ 134.43165590000001, 7.3683028 ], [ 134.4317169, 7.3681641 ], [ 134.431808499999988, 7.3680835 ], [ 134.4319763, 7.3680501 ], [ 134.4320984, 7.3680029 ], [ 134.4321899, 7.3678861 ], [ 134.432296799999989, 7.3678193 ], [ 134.4323731, 7.3676724 ], [ 134.432388300000014, 7.3675499 ], [ 134.4324646, 7.3673697 ], [ 134.4324646, 7.3672557 ], [ 134.4324341, 7.3671308 ], [ 134.4323425, 7.367003 ], [ 134.432251, 7.3669777 ], [ 134.432251, 7.3669057 ], [ 134.4323425, 7.366828 ], [ 134.4323731, 7.3667693 ], [ 134.4321289, 7.3665137 ], [ 134.4320526, 7.3662224 ], [ 134.432022100000012, 7.3661361 ], [ 134.4319305, 7.3660474 ], [ 134.4318237, 7.3659 ], [ 134.4317017, 7.365911 ], [ 134.4314575, 7.3658056 ], [ 134.4312897, 7.3657861 ], [ 134.4311371, 7.3658361 ], [ 134.4310913, 7.3659248 ], [ 134.431060800000012, 7.3660307 ], [ 134.4309692, 7.3661056 ], [ 134.430938700000013, 7.3661919 ], [ 134.4310303, 7.3662834 ], [ 134.431076100000013, 7.3663669 ], [ 134.431015, 7.3664665 ], [ 134.4309082, 7.3665333 ], [ 134.430725099999989, 7.3665776 ], [ 134.4306183, 7.3666029 ], [ 134.430465700000013, 7.366714 ], [ 134.4304047, 7.3669057 ], [ 134.4304199, 7.3672752 ], [ 134.4304962, 7.3675447 ], [ 134.430572500000011, 7.3676109 ], [ 134.430542, 7.3677054 ], [ 134.430358899999987, 7.3678556 ], [ 134.4303284, 7.3679557 ], [ 134.4302673, 7.3679776 ], [ 134.430114800000013, 7.3679471 ], [ 134.430069, 7.368011 ] ], [ [ 134.490387, 7.3320556 ], [ 134.4904022, 7.3319998 ], [ 134.4903107, 7.3319001 ], [ 134.4902344, 7.3317194 ], [ 134.4901581, 7.3314834 ], [ 134.489975, 7.3311777 ], [ 134.489868199999989, 7.3310833 ], [ 134.4897308, 7.3310027 ], [ 134.4895783, 7.3309665 ], [ 134.4894257, 7.3309808 ], [ 134.4892731, 7.330936 ], [ 134.4891663, 7.3308749 ], [ 134.4889832, 7.3306999 ], [ 134.488876299999987, 7.330647 ], [ 134.4888611, 7.3305306 ], [ 134.4887085, 7.3304863 ], [ 134.4885712, 7.3304277 ], [ 134.4884491, 7.3303471 ], [ 134.488418599999989, 7.3302555 ], [ 134.488418599999989, 7.330122 ], [ 134.4883881, 7.329978 ], [ 134.4884949, 7.3297277 ], [ 134.4885864, 7.3295889 ], [ 134.4886932, 7.329464 ], [ 134.4888306, 7.3293724 ], [ 134.4889526, 7.3293333 ], [ 134.4890747, 7.3294139 ], [ 134.4891663, 7.329525 ], [ 134.489364599999988, 7.3297081 ], [ 134.4894409, 7.3298221 ], [ 134.4895172, 7.3298998 ], [ 134.4896393, 7.3299527 ], [ 134.4897308, 7.3300724 ], [ 134.490066500000012, 7.330214 ], [ 134.4904022, 7.3302474 ], [ 134.4904785, 7.3301473 ], [ 134.4904785, 7.33005 ], [ 134.4906158, 7.3299971 ], [ 134.4906921, 7.329947 ], [ 134.4907227, 7.3298278 ], [ 134.4907684, 7.3297224 ], [ 134.491043100000013, 7.3294501 ], [ 134.491287199999988, 7.3293724 ], [ 134.491394, 7.329422 ], [ 134.491516100000013, 7.3294277 ], [ 134.4915924, 7.32935 ], [ 134.4916077, 7.3292751 ], [ 134.4916992, 7.329236 ], [ 134.4918366, 7.3292613 ], [ 134.4919434, 7.3293195 ], [ 134.491989100000012, 7.3294363 ], [ 134.4919434, 7.3295693 ], [ 134.4918366, 7.3296723 ], [ 134.491684, 7.3297195 ], [ 134.491531400000014, 7.3297973 ], [ 134.4913788, 7.3299666 ], [ 134.4912262, 7.3300276 ], [ 134.4911346, 7.3301029 ], [ 134.491058399999986, 7.3301973 ], [ 134.4909515, 7.3302331 ], [ 134.4908752, 7.3303027 ], [ 134.4908295, 7.3304415 ], [ 134.4908295, 7.3305502 ], [ 134.4909668, 7.3308249 ], [ 134.4909668, 7.3309445 ], [ 134.4910126, 7.3310919 ], [ 134.4910736, 7.3311944 ], [ 134.4911804, 7.3315058 ], [ 134.491165200000012, 7.3316498 ], [ 134.4910889, 7.3319082 ], [ 134.4910889, 7.332036 ], [ 134.4911346, 7.3321891 ], [ 134.491149900000011, 7.3323307 ], [ 134.4911194, 7.3325 ], [ 134.4910126, 7.3327584 ], [ 134.4908447, 7.3327084 ], [ 134.4907684, 7.3324609 ], [ 134.4906464, 7.3324556 ], [ 134.4906006, 7.332397 ], [ 134.490554800000012, 7.3321972 ], [ 134.4904785, 7.3321252 ], [ 134.4903717, 7.3321304 ], [ 134.4903717, 7.3320723 ], [ 134.490387, 7.3320556 ] ], [ [ 134.485153200000013, 7.3321109 ], [ 134.485153200000013, 7.3319974 ], [ 134.485199, 7.3318834 ], [ 134.485397299999988, 7.3316169 ], [ 134.4854431, 7.3313947 ], [ 134.4855652, 7.3309946 ], [ 134.4857025, 7.3308916 ], [ 134.4857941, 7.3307419 ], [ 134.485885599999989, 7.3302555 ], [ 134.4859161, 7.3301806 ], [ 134.4859009, 7.3300724 ], [ 134.4857788, 7.3300223 ], [ 134.485672, 7.3299251 ], [ 134.4855804, 7.3297916 ], [ 134.485534699999988, 7.3296418 ], [ 134.4855042, 7.3294749 ], [ 134.485534699999988, 7.3293695 ], [ 134.4856567, 7.3292112 ], [ 134.4857941, 7.3291111 ], [ 134.4859467, 7.329061 ], [ 134.486236600000012, 7.3290167 ], [ 134.4863892, 7.3290582 ], [ 134.486480699999987, 7.3291249 ], [ 134.486480699999987, 7.329247 ], [ 134.4865112, 7.3293891 ], [ 134.486587500000013, 7.3294916 ], [ 134.486694300000011, 7.3295918 ], [ 134.4868164, 7.33005 ], [ 134.4868164, 7.3302054 ], [ 134.4868012, 7.3302918 ], [ 134.486846899999989, 7.3304057 ], [ 134.4868622, 7.3305306 ], [ 134.48683170000001, 7.3306165 ], [ 134.4867859, 7.3306751 ], [ 134.4866333, 7.3307638 ], [ 134.486618, 7.330853 ], [ 134.486587500000013, 7.3309417 ], [ 134.486587500000013, 7.3311582 ], [ 134.4866486, 7.3312359 ], [ 134.486618, 7.3313584 ], [ 134.486602799999986, 7.3315029 ], [ 134.486618, 7.3316221 ], [ 134.4865723, 7.3317418 ], [ 134.4865265, 7.3319197 ], [ 134.4864044, 7.3323751 ], [ 134.4862976, 7.3325863 ], [ 134.4859467, 7.3327723 ], [ 134.4857941, 7.3328638 ], [ 134.4854889, 7.3329973 ], [ 134.485397299999988, 7.3330221 ], [ 134.4850922, 7.3329082 ], [ 134.4850006, 7.3328557 ], [ 134.4849701, 7.3327861 ], [ 134.4850006, 7.3326554 ], [ 134.485153200000013, 7.3324418 ], [ 134.4851837, 7.3323026 ], [ 134.4851837, 7.3321915 ], [ 134.485153200000013, 7.3321137 ], [ 134.485153200000013, 7.3321109 ] ], [ [ 134.487548800000013, 7.331872 ], [ 134.4874878, 7.332036 ], [ 134.4874725, 7.3323083 ], [ 134.487381, 7.3326197 ], [ 134.4873657, 7.3328195 ], [ 134.4873962, 7.3329334 ], [ 134.4874725, 7.3330474 ], [ 134.487548800000013, 7.3332224 ], [ 134.4875946, 7.3335333 ], [ 134.4876251, 7.3336973 ], [ 134.4876251, 7.3342114 ], [ 134.487579399999987, 7.3344641 ], [ 134.487670900000012, 7.3345251 ], [ 134.487854, 7.3345919 ], [ 134.487930299999988, 7.3345666 ], [ 134.4880676, 7.3344054 ], [ 134.488159200000013, 7.3343749 ], [ 134.4882202, 7.3343225 ], [ 134.4882202, 7.334178 ], [ 134.4883118, 7.3340778 ], [ 134.4884491, 7.3338556 ], [ 134.488525399999986, 7.3336973 ], [ 134.488510100000013, 7.3335557 ], [ 134.488510100000013, 7.3334694 ], [ 134.4884491, 7.3332305 ], [ 134.4883118, 7.3327308 ], [ 134.4882355, 7.3325529 ], [ 134.4882202, 7.3324556 ], [ 134.488266, 7.332325 ], [ 134.4883423, 7.3321586 ], [ 134.488510100000013, 7.3320026 ], [ 134.488616900000011, 7.3318582 ], [ 134.4887238, 7.3316221 ], [ 134.4887238, 7.3314805 ], [ 134.4887085, 7.3313584 ], [ 134.488616900000011, 7.3312445 ], [ 134.4884491, 7.3311443 ], [ 134.4883118, 7.3310251 ], [ 134.4882202, 7.3308916 ], [ 134.4882202, 7.3307805 ], [ 134.488159200000013, 7.3306971 ], [ 134.488052399999987, 7.3306637 ], [ 134.487854, 7.3306499 ], [ 134.487670900000012, 7.3305416 ], [ 134.4876404, 7.3305278 ], [ 134.4875336, 7.3304863 ], [ 134.4871521, 7.3304334 ], [ 134.486984299999989, 7.3305445 ], [ 134.4869232, 7.3306251 ], [ 134.4868774, 7.3307362 ], [ 134.487091099999986, 7.3308859 ], [ 134.4871368, 7.3309584 ], [ 134.4872131, 7.3309946 ], [ 134.4873505, 7.3311057 ], [ 134.4876099, 7.3314223 ], [ 134.4876099, 7.3317332 ], [ 134.487548800000013, 7.331872 ] ], [ [ 134.483245899999986, 7.3254418 ], [ 134.4830475, 7.3254027 ], [ 134.4827271, 7.3252721 ], [ 134.4825745, 7.3253002 ], [ 134.4824066, 7.3253055 ], [ 134.4823608, 7.3252611 ], [ 134.482269300000013, 7.3252945 ], [ 134.482193, 7.3253641 ], [ 134.4821777, 7.3254361 ], [ 134.482132, 7.3255529 ], [ 134.481903100000011, 7.3257165 ], [ 134.4813843, 7.3257165 ], [ 134.4812164, 7.3258667 ], [ 134.4811401, 7.3259139 ], [ 134.481063799999987, 7.3259721 ], [ 134.4810486, 7.3260946 ], [ 134.480896, 7.3263888 ], [ 134.4808502, 7.3267417 ], [ 134.48092650000001, 7.3268528 ], [ 134.4810181, 7.3269081 ], [ 134.4810333, 7.3270054 ], [ 134.4811096, 7.3270888 ], [ 134.4811707, 7.3270946 ], [ 134.4812317, 7.327064 ], [ 134.481201199999987, 7.3268638 ], [ 134.4813385, 7.3267694 ], [ 134.4815064, 7.3266888 ], [ 134.4817658, 7.3266277 ], [ 134.481842, 7.326653 ], [ 134.48188780000001, 7.3267613 ], [ 134.4819794, 7.3268919 ], [ 134.4820709, 7.3268557 ], [ 134.4822388, 7.3266692 ], [ 134.4823303, 7.3264861 ], [ 134.4825897, 7.3262501 ], [ 134.4826813, 7.3262553 ], [ 134.4827881, 7.3263335 ], [ 134.4830933, 7.3266082 ], [ 134.4835053, 7.3267222 ], [ 134.4836731, 7.3267112 ], [ 134.4837341, 7.3266387 ], [ 134.4836578, 7.3263335 ], [ 134.4836426, 7.3261724 ], [ 134.4836884, 7.3260694 ], [ 134.4836426, 7.3259668 ], [ 134.4836273, 7.325922 ], [ 134.4834442, 7.3257942 ], [ 134.4834442, 7.3257418 ], [ 134.483245899999986, 7.3254418 ] ], [ [ 134.4801788, 7.3282695 ], [ 134.4802704, 7.3283916 ], [ 134.4802704, 7.3285141 ], [ 134.4802094, 7.3286419 ], [ 134.4801483, 7.3287196 ], [ 134.4801941, 7.3288527 ], [ 134.4803009, 7.3290138 ], [ 134.480590799999987, 7.3293085 ], [ 134.480728199999987, 7.3295527 ], [ 134.4807892, 7.329803 ], [ 134.4808502, 7.329978 ], [ 134.4810333, 7.3301058 ], [ 134.4812622, 7.3301058 ], [ 134.481674199999986, 7.3300419 ], [ 134.4819489, 7.3300138 ], [ 134.4821167, 7.3299556 ], [ 134.4821014, 7.3298168 ], [ 134.4819641, 7.3296695 ], [ 134.4818115, 7.3295474 ], [ 134.4815216, 7.3291221 ], [ 134.481292700000012, 7.3285723 ], [ 134.481247, 7.3283029 ], [ 134.4812317, 7.3280778 ], [ 134.4811096, 7.3277831 ], [ 134.481094399999989, 7.3275638 ], [ 134.4809876, 7.3273387 ], [ 134.4809113, 7.3271527 ], [ 134.4807892, 7.3270388 ], [ 134.480728199999987, 7.3270888 ], [ 134.480590799999987, 7.3273807 ], [ 134.4805603, 7.3275251 ], [ 134.4804993, 7.3276529 ], [ 134.4803925, 7.3277555 ], [ 134.4801788, 7.3282695 ] ], [ [ 134.4854431, 7.3149915 ], [ 134.486007699999988, 7.3146501 ], [ 134.4862518, 7.3142748 ], [ 134.4862824, 7.3141112 ], [ 134.4863281, 7.3140197 ], [ 134.4865723, 7.3142304 ], [ 134.4868927, 7.3143001 ], [ 134.487442, 7.3141723 ], [ 134.4875031, 7.3137722 ], [ 134.4872894, 7.3135972 ], [ 134.487091099999986, 7.3134804 ], [ 134.4868774, 7.3134804 ], [ 134.4865418, 7.3135276 ], [ 134.486358599999988, 7.3136444 ], [ 134.4862671, 7.3136444 ], [ 134.4860687, 7.3134918 ], [ 134.4855652, 7.3134556 ], [ 134.485137900000012, 7.3135028 ], [ 134.4849396, 7.3137612 ], [ 134.484726, 7.3139501 ], [ 134.4846191, 7.3140888 ], [ 134.4847412, 7.3144527 ], [ 134.4850159, 7.3147917 ], [ 134.4851074, 7.3149667 ], [ 134.4853363, 7.3150029 ], [ 134.4854431, 7.3149915 ] ], [ [ 134.484726, 7.3165612 ], [ 134.4849396, 7.3166971 ], [ 134.4854431, 7.3167334 ], [ 134.4855652, 7.3166556 ], [ 134.4856567, 7.316536 ], [ 134.4857941, 7.3161974 ], [ 134.4858246, 7.3160305 ], [ 134.4858093, 7.315928 ], [ 134.485748300000012, 7.3157749 ], [ 134.4857178, 7.3155918 ], [ 134.485641500000014, 7.3154416 ], [ 134.4853363, 7.3153749 ], [ 134.485168499999986, 7.315414 ], [ 134.485061699999989, 7.315475 ], [ 134.4849396, 7.3154416 ], [ 134.48477170000001, 7.3154197 ], [ 134.4846039, 7.3154974 ], [ 134.4844666, 7.3155637 ], [ 134.4844055, 7.3157501 ], [ 134.4842224, 7.3159499 ], [ 134.4841156, 7.3160195 ], [ 134.4841156, 7.3161502 ], [ 134.4842377, 7.3162751 ], [ 134.484375, 7.3163805 ], [ 134.4845123, 7.3164916 ], [ 134.484726, 7.3165612 ] ], [ [ 134.4832764, 7.3337193 ], [ 134.4831696, 7.3338223 ], [ 134.483139, 7.333961 ], [ 134.4830933, 7.3343058 ], [ 134.4830933, 7.3343864 ], [ 134.4833832, 7.3346696 ], [ 134.483596799999987, 7.3348556 ], [ 134.483703600000013, 7.3349609 ], [ 134.4837494, 7.3352556 ], [ 134.4838715, 7.3354836 ], [ 134.48394780000001, 7.3355999 ], [ 134.4841614, 7.3358278 ], [ 134.4842377, 7.3358445 ], [ 134.4843292, 7.3357973 ], [ 134.4843903, 7.3357196 ], [ 134.484436, 7.3355193 ], [ 134.4844818, 7.3353863 ], [ 134.4844971, 7.3351693 ], [ 134.484375, 7.3347859 ], [ 134.4842835, 7.334589 ], [ 134.4841156, 7.3342972 ], [ 134.4840393, 7.3342419 ], [ 134.4839325, 7.3342085 ], [ 134.4838562, 7.3341332 ], [ 134.483703600000013, 7.3340836 ], [ 134.4836426, 7.3340416 ], [ 134.483612099999988, 7.3339529 ], [ 134.4835358, 7.3339472 ], [ 134.483474699999988, 7.3338084 ], [ 134.4833984, 7.3337026 ], [ 134.4832764, 7.3337193 ] ], [ [ 134.4844055, 7.3276558 ], [ 134.484314, 7.3277192 ], [ 134.484207199999986, 7.3276415 ], [ 134.4841156, 7.3275304 ], [ 134.4840393, 7.327364 ], [ 134.4840241, 7.327178 ], [ 134.4839172, 7.3271279 ], [ 134.4838867, 7.3269668 ], [ 134.483902, 7.3268194 ], [ 134.4840393, 7.3267169 ], [ 134.4842224, 7.3264999 ], [ 134.4844208, 7.3263388 ], [ 134.4845276, 7.3262334 ], [ 134.4845886, 7.3261776 ], [ 134.484680200000014, 7.3260112 ], [ 134.48477170000001, 7.3257752 ], [ 134.4849396, 7.3257527 ], [ 134.485061699999989, 7.3258443 ], [ 134.4851074, 7.3260307 ], [ 134.4851227, 7.3262806 ], [ 134.4851074, 7.3266082 ], [ 134.485031099999986, 7.3267999 ], [ 134.4849854, 7.3269668 ], [ 134.4848938, 7.3270888 ], [ 134.4847565, 7.3272805 ], [ 134.4846191, 7.327425 ], [ 134.4844055, 7.3276529 ], [ 134.4844055, 7.3276558 ] ], [ [ 134.4837341, 7.3325472 ], [ 134.483703600000013, 7.3326278 ], [ 134.483596799999987, 7.3327389 ], [ 134.4835205, 7.3328805 ], [ 134.4834595, 7.3329749 ], [ 134.4834595, 7.3330445 ], [ 134.4833832, 7.3330998 ], [ 134.4832001, 7.3330221 ], [ 134.483123799999987, 7.3328166 ], [ 134.483123799999987, 7.3326693 ], [ 134.483230600000013, 7.332489 ], [ 134.483245899999986, 7.3323112 ], [ 134.4832764, 7.3322749 ], [ 134.483352700000012, 7.3322363 ], [ 134.4833984, 7.3321586 ], [ 134.4833984, 7.3320556 ], [ 134.4833679, 7.3319888 ], [ 134.4833832, 7.331914 ], [ 134.483581500000014, 7.3316917 ], [ 134.484085099999987, 7.3313613 ], [ 134.4842835, 7.3311667 ], [ 134.484375, 7.3310556 ], [ 134.4844971, 7.331028 ], [ 134.484573399999988, 7.3310752 ], [ 134.4846039, 7.3312335 ], [ 134.4846039, 7.3314056 ], [ 134.4845886, 7.3315334 ], [ 134.4845429, 7.3316474 ], [ 134.484451299999989, 7.3317194 ], [ 134.484298700000011, 7.3317666 ], [ 134.4842682, 7.3318696 ], [ 134.4840546, 7.331964 ], [ 134.4839783, 7.3320556 ], [ 134.4839783, 7.3321166 ], [ 134.4839172, 7.332161 ], [ 134.48381040000001, 7.3324084 ], [ 134.4837341, 7.3325472 ] ], [ [ 134.484451299999989, 7.3295999 ], [ 134.4843445, 7.3296361 ], [ 134.484298700000011, 7.3296971 ], [ 134.4842529, 7.3299527 ], [ 134.484207199999986, 7.3300557 ], [ 134.4841156, 7.3300972 ], [ 134.483963, 7.3301387 ], [ 134.48381040000001, 7.3302054 ], [ 134.483718900000014, 7.3302889 ], [ 134.483703600000013, 7.3303804 ], [ 134.4837952, 7.3304749 ], [ 134.4840241, 7.330586 ], [ 134.4842835, 7.3305721 ], [ 134.484436, 7.3305807 ], [ 134.4846039, 7.3306332 ], [ 134.4847412, 7.3306055 ], [ 134.4849548, 7.3304558 ], [ 134.485168499999986, 7.3302808 ], [ 134.4852142, 7.3302002 ], [ 134.4852295, 7.330111 ], [ 134.485275300000012, 7.3300138 ], [ 134.485275300000012, 7.3299527 ], [ 134.485199, 7.3299027 ], [ 134.4850922, 7.3298693 ], [ 134.48490910000001, 7.3296919 ], [ 134.48477170000001, 7.3296137 ], [ 134.4846191, 7.3295751 ], [ 134.484451299999989, 7.3295999 ] ], [ [ 134.480423, 7.330575 ], [ 134.480423, 7.3306446 ], [ 134.4803772, 7.330678 ], [ 134.480346700000013, 7.330864 ], [ 134.480239899999987, 7.3308778 ], [ 134.4801788, 7.3309445 ], [ 134.4801941, 7.3310919 ], [ 134.4801636, 7.331161 ], [ 134.4802094, 7.3313193 ], [ 134.4802856, 7.3313861 ], [ 134.4803619, 7.3315196 ], [ 134.480423, 7.331697 ], [ 134.4805145, 7.3318415 ], [ 134.4806519, 7.3319335 ], [ 134.480804400000011, 7.3319778 ], [ 134.480941800000011, 7.331986 ], [ 134.4810333, 7.3320251 ], [ 134.481079099999988, 7.332047 ], [ 134.481185900000014, 7.3321443 ], [ 134.481292700000012, 7.3321915 ], [ 134.4813843, 7.3322196 ], [ 134.4814453, 7.3321724 ], [ 134.4814606, 7.3320832 ], [ 134.481430100000011, 7.3320026 ], [ 134.4813385, 7.3319445 ], [ 134.481308, 7.3318777 ], [ 134.481308, 7.3318138 ], [ 134.4812317, 7.3317471 ], [ 134.4811707, 7.3316555 ], [ 134.481185900000014, 7.3315749 ], [ 134.4811401, 7.331511 ], [ 134.481063799999987, 7.3315306 ], [ 134.4810181, 7.3314748 ], [ 134.480957, 7.3313665 ], [ 134.480957, 7.331264 ], [ 134.4808502, 7.3310971 ], [ 134.4807739, 7.3309026 ], [ 134.4806671, 7.3307252 ], [ 134.4806366, 7.3306193 ], [ 134.4805603, 7.3305721 ], [ 134.480423, 7.330575 ] ], [ [ 134.4853058, 7.3398166 ], [ 134.4854279, 7.3398557 ], [ 134.4855652, 7.3398471 ], [ 134.4857025, 7.3397641 ], [ 134.4857788, 7.3396692 ], [ 134.4858398, 7.3395362 ], [ 134.48587040000001, 7.3393555 ], [ 134.4858398, 7.3390527 ], [ 134.4858551, 7.338975 ], [ 134.485748300000012, 7.3386307 ], [ 134.485672, 7.3385415 ], [ 134.4855499, 7.3384752 ], [ 134.4854736, 7.3384585 ], [ 134.4854279, 7.3384056 ], [ 134.485321, 7.3384113 ], [ 134.4852448, 7.3384914 ], [ 134.485168499999986, 7.3386002 ], [ 134.485153200000013, 7.3389363 ], [ 134.485168499999986, 7.3391252 ], [ 134.4852448, 7.3394613 ], [ 134.4852295, 7.3396111 ], [ 134.48526, 7.339736 ], [ 134.4853058, 7.3398166 ] ], [ [ 134.4858093, 7.3385472 ], [ 134.4858093, 7.3386807 ], [ 134.4858551, 7.338747 ], [ 134.4859161, 7.3387861 ], [ 134.486007699999988, 7.3388166 ], [ 134.486099200000012, 7.3388195 ], [ 134.4865265, 7.3386002 ], [ 134.486618, 7.3384891 ], [ 134.4866638, 7.338336 ], [ 134.486709600000012, 7.3381529 ], [ 134.4866791, 7.3380165 ], [ 134.4864655, 7.33775 ], [ 134.4863129, 7.3376527 ], [ 134.4862061, 7.3376527 ], [ 134.486114500000014, 7.337697 ], [ 134.4860687, 7.3377557 ], [ 134.4859009, 7.3378029 ], [ 134.4859161, 7.3379445 ], [ 134.48587040000001, 7.3380528 ], [ 134.48587040000001, 7.338275 ], [ 134.4858093, 7.3385472 ] ], [ [ 134.4866791, 7.3279972 ], [ 134.4868012, 7.3278999 ], [ 134.486953699999987, 7.327878 ], [ 134.4870606, 7.3278804 ], [ 134.4871521, 7.3280029 ], [ 134.4872894, 7.3279891 ], [ 134.4874115, 7.3280721 ], [ 134.4874725, 7.3282471 ], [ 134.487564099999986, 7.3282862 ], [ 134.4875946, 7.3283973 ], [ 134.4876099, 7.3285499 ], [ 134.4875946, 7.3287058 ], [ 134.487548800000013, 7.3289223 ], [ 134.4873962, 7.3289137 ], [ 134.4871063, 7.3288002 ], [ 134.48703, 7.3287916 ], [ 134.486984299999989, 7.328764 ], [ 134.4869385, 7.3286777 ], [ 134.486724900000013, 7.328661 ], [ 134.4866486, 7.3285804 ], [ 134.486602799999986, 7.3284307 ], [ 134.486602799999986, 7.3282776 ], [ 134.486602799999986, 7.3281388 ], [ 134.4866791, 7.3279972 ] ], [ [ 134.5001373, 7.3300057 ], [ 134.500289900000013, 7.3300028 ], [ 134.500412, 7.3299804 ], [ 134.50053410000001, 7.3299804 ], [ 134.500793499999986, 7.3299251 ], [ 134.5008698, 7.3299861 ], [ 134.5009613, 7.3299861 ], [ 134.501037599999989, 7.3299332 ], [ 134.5010681, 7.3298612 ], [ 134.500900300000012, 7.3296723 ], [ 134.500824, 7.3296304 ], [ 134.5005951, 7.3296528 ], [ 134.5004578, 7.3296418 ], [ 134.5003357, 7.3296084 ], [ 134.5, 7.3294196 ], [ 134.4999542, 7.3293943 ], [ 134.4998474, 7.3293057 ], [ 134.499694799999986, 7.3292666 ], [ 134.4995575, 7.3293362 ], [ 134.4994659, 7.3294249 ], [ 134.4993591, 7.3295417 ], [ 134.4993591, 7.3296557 ], [ 134.49943540000001, 7.3297582 ], [ 134.4999085, 7.3299556 ], [ 134.5, 7.3299751 ], [ 134.5001373, 7.3300057 ] ], [ [ 134.485885599999989, 7.3344889 ], [ 134.48587040000001, 7.3349776 ], [ 134.4859009, 7.335114 ], [ 134.4859009, 7.3351693 ], [ 134.485992399999986, 7.3352222 ], [ 134.486084, 7.3352056 ], [ 134.4862824, 7.3350806 ], [ 134.4863892, 7.3350501 ], [ 134.4864349, 7.3349667 ], [ 134.486557, 7.3348279 ], [ 134.4866486, 7.3346973 ], [ 134.4866486, 7.3345919 ], [ 134.486602799999986, 7.3344975 ], [ 134.4865265, 7.3344193 ], [ 134.4864502, 7.3343806 ], [ 134.4863892, 7.3343082 ], [ 134.4863129, 7.3343058 ], [ 134.4862061, 7.3342252 ], [ 134.486114500000014, 7.3342252 ], [ 134.486023, 7.3342862 ], [ 134.4859161, 7.3343167 ], [ 134.485885599999989, 7.3344889 ] ], [ [ 134.486480699999987, 7.3150249 ], [ 134.4869385, 7.3149667 ], [ 134.4872742, 7.3147693 ], [ 134.48730470000001, 7.3145804 ], [ 134.4871674, 7.3143945 ], [ 134.486953699999987, 7.3143945 ], [ 134.486694300000011, 7.314486 ], [ 134.486496, 7.3146639 ], [ 134.4864349, 7.3148389 ], [ 134.486480699999987, 7.3150249 ] ], [ [ 134.499206500000014, 7.3300443 ], [ 134.4991455, 7.3301554 ], [ 134.499099699999988, 7.3303084 ], [ 134.499054, 7.3304277 ], [ 134.499054, 7.3306165 ], [ 134.499099699999988, 7.3307252 ], [ 134.4991455, 7.3307724 ], [ 134.4991913, 7.3308554 ], [ 134.499206500000014, 7.330936 ], [ 134.4994202, 7.3309751 ], [ 134.4994659, 7.3309169 ], [ 134.4994812, 7.3306971 ], [ 134.4995422, 7.3304248 ], [ 134.4995117, 7.3302665 ], [ 134.4994659, 7.330164 ], [ 134.4993897, 7.3300529 ], [ 134.4992828, 7.3300057 ], [ 134.499206500000014, 7.3300443 ] ], [ [ 134.4994202, 7.3313446 ], [ 134.4994202, 7.3314276 ], [ 134.4994659, 7.331564 ], [ 134.499527, 7.3316307 ], [ 134.4996033, 7.3316808 ], [ 134.4997559, 7.3319693 ], [ 134.499832199999986, 7.3320222 ], [ 134.4999542, 7.3320389 ], [ 134.500076299999989, 7.3320389 ], [ 134.500183099999987, 7.3319778 ], [ 134.5002136, 7.3318944 ], [ 134.5001679, 7.3318057 ], [ 134.5000458, 7.331728 ], [ 134.5, 7.3316832 ], [ 134.4999542, 7.3316336 ], [ 134.499801600000012, 7.331389 ], [ 134.4996796, 7.3312669 ], [ 134.499527, 7.3311887 ], [ 134.499450700000011, 7.3311887 ], [ 134.4994202, 7.3313446 ] ], [ [ 134.4447784, 7.3493362 ], [ 134.444641100000013, 7.3492804 ], [ 134.4444885, 7.3493304 ], [ 134.4443359, 7.349453 ], [ 134.444183399999986, 7.3495498 ], [ 134.444274900000011, 7.3496304 ], [ 134.4447327, 7.3496862 ], [ 134.44487, 7.3496194 ], [ 134.444931, 7.3495307 ], [ 134.4449158, 7.3494582 ], [ 134.4447784, 7.3493362 ] ], [ [ 134.499450700000011, 7.3221612 ], [ 134.499450700000011, 7.3222585 ], [ 134.4994965, 7.3224583 ], [ 134.4996185, 7.3225193 ], [ 134.4997253, 7.3224053 ], [ 134.4997559, 7.3223252 ], [ 134.499816900000013, 7.3222613 ], [ 134.4997711, 7.3221946 ], [ 134.4997559, 7.3220863 ], [ 134.499694799999986, 7.3221002 ], [ 134.499527, 7.3220749 ], [ 134.499450700000011, 7.3221612 ] ], [ [ 134.4724426, 7.3275666 ], [ 134.4726257, 7.3275085 ], [ 134.4727325, 7.3273363 ], [ 134.4726715, 7.3272166 ], [ 134.4724884, 7.3271194 ], [ 134.4723663, 7.3272529 ], [ 134.4723511, 7.3274002 ], [ 134.4724426, 7.3275666 ] ], [ [ 134.4962006, 7.3564973 ], [ 134.4961395, 7.3566332 ], [ 134.496231099999989, 7.3567581 ], [ 134.4963074, 7.3567777 ], [ 134.4963837, 7.3567696 ], [ 134.4965057, 7.3567305 ], [ 134.4965363, 7.3566752 ], [ 134.4965363, 7.3565974 ], [ 134.4965057, 7.3565083 ], [ 134.49646, 7.3564277 ], [ 134.4964142, 7.3564 ], [ 134.4962006, 7.3564973 ] ], [ [ 134.495849600000014, 7.3347364 ], [ 134.4958038, 7.3347364 ], [ 134.4958038, 7.3347888 ], [ 134.4958191, 7.3348222 ], [ 134.4959259, 7.3350916 ], [ 134.4959106, 7.3351584 ], [ 134.4959106, 7.3352165 ], [ 134.4960175, 7.3352943 ], [ 134.496109, 7.3354583 ], [ 134.496215799999987, 7.3354082 ], [ 134.496109, 7.3351779 ], [ 134.4959106, 7.3348112 ], [ 134.495849600000014, 7.3347364 ] ], [ [ 134.4980469, 7.359972 ], [ 134.4979858, 7.3600168 ], [ 134.4979553, 7.3600831 ], [ 134.497909600000014, 7.3601418 ], [ 134.497909600000014, 7.3602166 ], [ 134.4979553, 7.3602696 ], [ 134.4980621, 7.3602724 ], [ 134.498138399999988, 7.360239 ], [ 134.4982147, 7.3600974 ], [ 134.498275799999988, 7.3600249 ], [ 134.498275799999988, 7.3599639 ], [ 134.4982147, 7.3599472 ], [ 134.4980469, 7.359972 ] ], [ [ 134.482055699999989, 7.3309641 ], [ 134.4819489, 7.3310056 ], [ 134.481903100000011, 7.3310609 ], [ 134.4819183, 7.3311391 ], [ 134.4819489, 7.331214 ], [ 134.4820099, 7.3312473 ], [ 134.482269300000013, 7.331111 ], [ 134.482284600000014, 7.331028 ], [ 134.4822235, 7.3309584 ], [ 134.482147200000014, 7.3309388 ], [ 134.482055699999989, 7.3309641 ] ], [ [ 134.4973602, 7.3275666 ], [ 134.4973297, 7.3276501 ], [ 134.497345, 7.327703 ], [ 134.497421300000013, 7.327714 ], [ 134.49751280000001, 7.3277001 ], [ 134.4976044, 7.327661 ], [ 134.497680699999989, 7.3275971 ], [ 134.497680699999989, 7.3275166 ], [ 134.4976044, 7.3274694 ], [ 134.4973602, 7.3275666 ] ], [ [ 134.4838867, 7.3251 ], [ 134.4838409, 7.3251638 ], [ 134.4838562, 7.3252611 ], [ 134.483902, 7.3252835 ], [ 134.48394780000001, 7.3253498 ], [ 134.4840088, 7.3253946 ], [ 134.4840241, 7.3254056 ], [ 134.484069799999986, 7.3253665 ], [ 134.484085099999987, 7.3252916 ], [ 134.484085099999987, 7.3251972 ], [ 134.4840393, 7.3251 ], [ 134.483963, 7.3250861 ], [ 134.4838867, 7.3251 ] ], [ [ 134.4907379, 7.3362112 ], [ 134.4907227, 7.3362722 ], [ 134.4907532, 7.3363166 ], [ 134.4908295, 7.3363419 ], [ 134.4908905, 7.3363252 ], [ 134.490921, 7.3363166 ], [ 134.4909821, 7.3362279 ], [ 134.4909668, 7.3361197 ], [ 134.4908295, 7.3360724 ], [ 134.4907379, 7.3362112 ] ], [ [ 134.4869995, 7.3373613 ], [ 134.486969, 7.3373804 ], [ 134.486953699999987, 7.3374696 ], [ 134.4870148, 7.337503 ], [ 134.4871216, 7.3374915 ], [ 134.4871368, 7.3374581 ], [ 134.4871368, 7.3373804 ], [ 134.487091099999986, 7.3373389 ], [ 134.4869995, 7.3373613 ] ], [ [ 134.470611600000012, 7.329761 ], [ 134.470611600000012, 7.329814 ], [ 134.470596300000011, 7.3298359 ], [ 134.470596300000011, 7.329864 ], [ 134.470611600000012, 7.3298779 ], [ 134.470611600000012, 7.3298831 ], [ 134.4706574, 7.3298945 ], [ 134.4706879, 7.3299027 ], [ 134.4707031, 7.3298888 ], [ 134.47071840000001, 7.3298388 ], [ 134.4707031, 7.3297777 ], [ 134.4706726, 7.3297501 ], [ 134.4706268, 7.3297443 ], [ 134.470611600000012, 7.329761 ] ] ] } },
{ "type": "Feature", "properties": { "RCID": 5716, "PRIM": 3, "GRUP": 2, "OBJL": 308, "RVER": 1, "AGEN": 550, "FIDN": 143373275, "FIDS": 9, "LNAM": "0226088BB3DB0009", "LNAM_REFS": null, "FFPT_RIND": null, "CATQUA": null, "CATZOC": 5, "DRVAL1": null, "DRVAL2": null, "POSACC": null, "SOUACC": null, "SUREND": "1938", "SURSTA": "1915", "TECSOU": null, "VERDAT": null, "INFORM": "Former Japan Chart 481 (Ed. 1940, Rev. 1944), from Japan surveys, Scale 1:25,000", "NINFOM": null, "NTXTDS": null, "TXTDSC": null, "RECDAT": null, "RECIND": null, "SORDAT": "20150206", "SORIND": "US,US,reprt,L-246-2015", "_enc_cell": "US4TB3P0" }, "geometry": { "type": "Polygon", "coordinates": [ [ [ 134.5052948, 7.3625526 ], [ 134.50532530000001, 7.3624082 ], [ 134.5053864, 7.3624306 ], [ 134.505493199999989, 7.3623638 ], [ 134.50552540000001, 7.3623685 ], [ 134.505448, 7.3621715 ], [ 134.505405700000011, 7.3620638 ], [ 134.5056317, 7.3617906 ], [ 134.506583, 7.3606408 ], [ 134.5115475, 7.3546399 ], [ 134.5123467, 7.3536738 ], [ 134.513412499999987, 7.3523856 ], [ 134.513815599999987, 7.3518983 ], [ 134.5151179, 7.3503242 ], [ 134.515588400000013, 7.3494318 ], [ 134.5156637, 7.3492891 ], [ 134.515441900000013, 7.3495221 ], [ 134.515426600000012, 7.3495359 ], [ 134.5150452, 7.3499332 ], [ 134.5146484, 7.3503666 ], [ 134.5145264, 7.350503 ], [ 134.5145264, 7.3505054 ], [ 134.514495899999986, 7.3505335 ], [ 134.5136108, 7.3514586 ], [ 134.5136108, 7.3514638 ], [ 134.51327520000001, 7.3518138 ], [ 134.5132446, 7.3518362 ], [ 134.5132446, 7.3518415 ], [ 134.5128632, 7.352253 ], [ 134.5127869, 7.3523336 ], [ 134.5119324, 7.3532724 ], [ 134.5119171, 7.3532863 ], [ 134.5111694, 7.3541026 ], [ 134.510894799999988, 7.3543305 ], [ 134.5106812, 7.3543582 ], [ 134.5104981, 7.3544722 ], [ 134.5103455, 7.3549223 ], [ 134.5101166, 7.3551779 ], [ 134.5066376, 7.358747 ], [ 134.5063629, 7.3591304 ], [ 134.5061646, 7.3596807 ], [ 134.505706800000013, 7.3602443 ], [ 134.505661, 7.360353 ], [ 134.5056305, 7.3604083 ], [ 134.505249, 7.3613305 ], [ 134.5051575, 7.3614416 ], [ 134.5051575, 7.3614445 ], [ 134.504837, 7.361814 ], [ 134.5048065, 7.3618641 ], [ 134.504623400000014, 7.3622637 ], [ 134.5046211, 7.3622684 ], [ 134.5052887, 7.362563 ], [ 134.505292700000012, 7.3625647 ], [ 134.5052948, 7.3625526 ] ] ] } },
{ "type": "Feature", "properties": { "RCID": 5717, "PRIM": 3, "GRUP": 2, "OBJL": 308, "RVER": 1, "AGEN": 550, "FIDN": 96595402, "FIDS": 9, "LNAM": "022605C1EDCA0009", "LNAM_REFS": null, "FFPT_RIND": null, "CATQUA": null, "CATZOC": 5, "DRVAL1": null, "DRVAL2": null, "POSACC": null, "SOUACC": null, "SUREND": "1938", "SURSTA": "1915", "TECSOU": null, "VERDAT": null, "INFORM": "Former Japan Chart 481 (Ed. 1940, Rev. 1944), from Japan surveys, Scale 1:25,000", "NINFOM": null, "NTXTDS": null, "TXTDSC": null, "RECDAT": null, "RECIND": null, "SORDAT": "20150206", "SORIND": "US,US,reprt,L-246-2015", "_enc_cell": "US4TB3P0" }, "geometry": { "type": "Polygon", "coordinates": [ [ [ 134.519882200000012, 7.3351779 ], [ 134.5199585, 7.3351917 ], [ 134.5203247, 7.3351831 ], [ 134.5202332, 7.3361001 ], [ 134.5202332, 7.336103 ], [ 134.5202179, 7.3361917 ], [ 134.520019499999989, 7.3367415 ], [ 134.520004300000011, 7.3368001 ], [ 134.520004300000011, 7.336803 ], [ 134.5199127, 7.3371916 ], [ 134.5196075, 7.3375888 ], [ 134.519577, 7.3376555 ], [ 134.519577, 7.3376584 ], [ 134.5191193, 7.3386278 ], [ 134.518829399999987, 7.3389525 ], [ 134.518798800000013, 7.3389888 ], [ 134.518447900000012, 7.3391833 ], [ 134.518219, 7.3394027 ], [ 134.5180206, 7.3396945 ], [ 134.517944300000011, 7.3398027 ], [ 134.5177612, 7.3402915 ], [ 134.5175018, 7.3414583 ], [ 134.5169067, 7.3449888 ], [ 134.516662599999989, 7.3456111 ], [ 134.516449, 7.3458056 ], [ 134.5162506, 7.3458056 ], [ 134.51602170000001, 7.3455305 ], [ 134.516311699999989, 7.3448863 ], [ 134.5163422, 7.3446112 ], [ 134.5162354, 7.3444305 ], [ 134.5162354, 7.3444276 ], [ 134.5160675, 7.3443527 ], [ 134.5155182, 7.3440695 ], [ 134.5153961, 7.3439055 ], [ 134.5152588, 7.3437276 ], [ 134.5150147, 7.3435221 ], [ 134.514953600000013, 7.3432832 ], [ 134.5150909, 7.3429279 ], [ 134.5155945, 7.3427248 ], [ 134.5156097, 7.3427224 ], [ 134.5158539, 7.3426166 ], [ 134.5158844, 7.342586 ], [ 134.5160828, 7.342411 ], [ 134.516281099999986, 7.3420639 ], [ 134.5163422, 7.3419666 ], [ 134.5163727, 7.3419333 ], [ 134.516418499999986, 7.3418613 ], [ 134.51663210000001, 7.3416057 ], [ 134.51663210000001, 7.3415999 ], [ 134.516647299999988, 7.3415918 ], [ 134.5171509, 7.3409276 ], [ 134.516876200000013, 7.3401446 ], [ 134.5168152, 7.3398609 ], [ 134.516769399999987, 7.3396945 ], [ 134.5171051, 7.3387666 ], [ 134.5173187, 7.3377137 ], [ 134.5177918, 7.3367086 ], [ 134.517837500000013, 7.3362498 ], [ 134.5181427, 7.3358946 ], [ 134.5181732, 7.3358192 ], [ 134.5183716, 7.3354001 ], [ 134.5187378, 7.3350029 ], [ 134.518814099999986, 7.3350029 ], [ 134.5190277, 7.3349972 ], [ 134.5192413, 7.3350415 ], [ 134.519882200000012, 7.3351779 ] ] ] } },
{ "type": "Feature", "properties": { "RCID": 5718, "PRIM": 3, "GRUP": 2, "OBJL": 308, "RVER": 1, "AGEN": 550, "FIDN": 657509416, "FIDS": 9, "LNAM": "02262730CC280009", "LNAM_REFS": null, "FFPT_RIND": null, "CATQUA": null, "CATZOC": 3, "DRVAL1": null, "DRVAL2": null, "POSACC": null, "SOUACC": null, "SUREND": "2004", "SURSTA": null, "TECSOU": null, "VERDAT": null, "INFORM": "U.S. Navy LIDAR Survey, Archive No. 04HFM01, Scale 1:5,000-1:10,000", "NINFOM": null, "NTXTDS": null, "TXTDSC": null, "RECDAT": null, "RECIND": null, "SORDAT": "20150206", "SORIND": "US,US,reprt,L-246-2015", "_enc_cell": "US4TB3P0" }, "geometry": { "type": "Polygon", "coordinates": [ [ [ 134.539627599999989, 7.2879785 ], [ 134.5400926, 7.2882163 ], [ 134.5465255, 7.2915062 ], [ 134.546733, 7.2937895 ], [ 134.546811100000014, 7.2946476 ], [ 134.546870899999988, 7.2953057 ], [ 134.5470137, 7.2968766 ], [ 134.5470609, 7.2973953 ], [ 134.546277300000014, 7.2974855 ], [ 134.543682499999989, 7.2977841 ], [ 134.540639199999987, 7.2981343 ], [ 134.538276700000011, 7.2984062 ], [ 134.5379639, 7.2983027 ], [ 134.5375977, 7.298161 ], [ 134.536834700000014, 7.2980666 ], [ 134.536087, 7.2979751 ], [ 134.5360718, 7.2979751 ], [ 134.5356598, 7.297925 ], [ 134.5353088, 7.2978807 ], [ 134.534423800000013, 7.2977696 ], [ 134.5336914, 7.297678 ], [ 134.532959, 7.2975721 ], [ 134.5321198, 7.2974558 ], [ 134.5316925, 7.2975054 ], [ 134.531677300000013, 7.2975054 ], [ 134.529403699999989, 7.2977638 ], [ 134.52890020000001, 7.297822 ], [ 134.528671300000013, 7.2978501 ], [ 134.5286408, 7.297853 ], [ 134.5286255, 7.297853 ], [ 134.5274353, 7.2979808 ], [ 134.5269165, 7.2980332 ], [ 134.5263519, 7.2980919 ], [ 134.526153599999986, 7.297997 ], [ 134.526031499999988, 7.2979331 ], [ 134.5258637, 7.2978501 ], [ 134.5257263, 7.2980166 ], [ 134.5256195, 7.2981362 ], [ 134.5255127, 7.2982669 ], [ 134.5252686, 7.2983279 ], [ 134.5251007, 7.2982612 ], [ 134.5246124, 7.2977972 ], [ 134.5244904, 7.2977696 ], [ 134.5242462, 7.297328 ], [ 134.5226135, 7.2970138 ], [ 134.5220184, 7.2968974 ], [ 134.521209700000014, 7.2967639 ], [ 134.5204468, 7.296711 ], [ 134.5202789, 7.2967 ], [ 134.519531300000011, 7.2966499 ], [ 134.519516, 7.2966499 ], [ 134.5186157, 7.2966027 ], [ 134.5185089, 7.296597 ], [ 134.517395, 7.296536 ], [ 134.5172882, 7.2968388 ], [ 134.5167542, 7.2970915 ], [ 134.5164948, 7.2971363 ], [ 134.5163574, 7.2971611 ], [ 134.515548700000011, 7.2971335 ], [ 134.5152741, 7.297122 ], [ 134.514953600000013, 7.297039 ], [ 134.5148163, 7.2970028 ], [ 134.5147858, 7.2969666 ], [ 134.5142975, 7.2963972 ], [ 134.5136871, 7.2957859 ], [ 134.513031, 7.2954612 ], [ 134.5124817, 7.2951832 ], [ 134.5113373, 7.2946196 ], [ 134.5110474, 7.2944722 ], [ 134.5102387, 7.2940474 ], [ 134.5101776, 7.2940168 ], [ 134.509674100000012, 7.2937779 ], [ 134.508728, 7.293325 ], [ 134.5078125, 7.2928414 ], [ 134.5066223, 7.2922502 ], [ 134.5061493, 7.2920418 ], [ 134.505477899999988, 7.2917943 ], [ 134.505340600000011, 7.2917891 ], [ 134.5049133, 7.2917666 ], [ 134.5043182, 7.2918887 ], [ 134.5041199, 7.291925 ], [ 134.5033569, 7.2920666 ], [ 134.5032501, 7.2920723 ], [ 134.5032349, 7.2920723 ], [ 134.5028687, 7.2920861 ], [ 134.5023041, 7.2921085 ], [ 134.5020752, 7.2921166 ], [ 134.5020599, 7.2921166 ], [ 134.5019989, 7.2921195 ], [ 134.5015411, 7.2920666 ], [ 134.5, 7.2901888 ], [ 134.4985024, 7.2883661 ], [ 134.4991934, 7.2881707 ], [ 134.4996907, 7.2880301 ], [ 134.5, 7.2879426 ], [ 134.5008925, 7.2876901 ], [ 134.5011706, 7.2876115 ], [ 134.5030611, 7.2870768 ], [ 134.503139800000014, 7.2870545 ], [ 134.503489699999989, 7.2869556 ], [ 134.5039482, 7.2868259 ], [ 134.504647, 7.2866283 ], [ 134.5070139, 7.287459 ], [ 134.5085561, 7.2880002 ], [ 134.5088101, 7.2880894 ], [ 134.5118645, 7.2891614 ], [ 134.5135783, 7.2897628 ], [ 134.5159692, 7.2906019 ], [ 134.5167983, 7.2908929 ], [ 134.5170202, 7.2909708 ], [ 134.517975299999989, 7.2904573 ], [ 134.5191211, 7.2898414 ], [ 134.519388099999986, 7.2896978 ], [ 134.5206446, 7.2890224 ], [ 134.5216571, 7.2884781 ], [ 134.525285, 7.2865278 ], [ 134.5262639, 7.2860016 ], [ 134.5265843, 7.2858293 ], [ 134.5269223, 7.2856477 ], [ 134.5273113, 7.2854385 ], [ 134.5312374, 7.2882939 ], [ 134.5323693, 7.2865663 ], [ 134.5331639, 7.2853535 ], [ 134.5333798, 7.285024 ], [ 134.533497899999986, 7.2848437 ], [ 134.533638700000012, 7.2849157 ], [ 134.5380701, 7.2871819 ], [ 134.5383479, 7.2873241 ], [ 134.538958799999989, 7.2876364 ], [ 134.539627599999989, 7.2879785 ] ] ] } },
{ "type": "Feature", "properties": { "RCID": 5719, "PRIM": 3, "GRUP": 2, "OBJL": 308, "RVER": 1, "AGEN": 550, "FIDN": 184603437, "FIDS": 9, "LNAM": "02260B00D32D0009", "LNAM_REFS": null, "FFPT_RIND": null, "CATQUA": null, "CATZOC": 3, "DRVAL1": 15.0, "DRVAL2": null, "POSACC": null, "SOUACC": null, "SUREND": "2004", "SURSTA": null, "TECSOU": null, "VERDAT": null, "INFORM": "U.S. Navy LIDAR Survey, Archive No. 04HFM01, Scale 1:5,000-1:10,000", "NINFOM": null, "NTXTDS": null, "TXTDSC": null, "RECDAT": null, "RECIND": null, "SORDAT": "20150206", "SORIND": "US,US,reprt,L-246-2015", "_enc_cell": "US4TB3P0" }, "geometry": { "type": "Polygon", "coordinates": [ [ [ 134.5587454, 7.3126788 ], [ 134.5588837, 7.3127165 ], [ 134.559082, 7.3126998 ], [ 134.5593872, 7.312675 ], [ 134.559845, 7.3127585 ], [ 134.5601196, 7.312736 ], [ 134.560287499999987, 7.3127141 ], [ 134.560287499999987, 7.3127165 ], [ 134.5639648, 7.313797 ], [ 134.5688721, 7.3181247 ], [ 134.558781, 7.3129071 ], [ 134.5587454, 7.3126788 ] ] ] } },
{ "type": "Feature", "properties": { "RCID": 5720, "PRIM": 3, "GRUP": 2, "OBJL": 308, "RVER": 1, "AGEN": 550, "FIDN": 869938806, "FIDS": 9, "LNAM": "022633DA36760009", "LNAM_REFS": null, "FFPT_RIND": null, "CATQUA": null, "CATZOC": 5, "DRVAL1": 15.0, "DRVAL2": null, "POSACC": null, "SOUACC": null, "SUREND": "1938", "SURSTA": "1915", "TECSOU": null, "VERDAT": null, "INFORM": "Former Japan Chart 481 (Ed. 1940, Rev. 1944), from Japan surveys, Scale 1:25,000", "NINFOM": null, "NTXTDS": null, "TXTDSC": null, "RECDAT": null, "RECIND": null, "SORDAT": "20150206", "SORIND": "US,US,reprt,L-246-2015", "_enc_cell": "US4TB3P0" }, "geometry": { "type": "Polygon", "coordinates": [ [ [ 134.564570800000013, 7.3249164 ], [ 134.5694886, 7.3295039 ], [ 134.571868, 7.3261726 ], [ 134.5693158, 7.318516 ], [ 134.5688721, 7.3181247 ], [ 134.558781, 7.3129071 ], [ 134.5587454, 7.3126788 ], [ 134.558609, 7.3126416 ], [ 134.5571899, 7.3110471 ], [ 134.5565949, 7.310389 ], [ 134.5549469, 7.3090944 ], [ 134.5549469, 7.3090916 ], [ 134.553543100000013, 7.3079972 ], [ 134.55233770000001, 7.3070555 ], [ 134.5522919, 7.3070192 ], [ 134.5520172, 7.3068056 ], [ 134.5519104, 7.3067112 ], [ 134.5518951, 7.3066974 ], [ 134.551879899999989, 7.3066917 ], [ 134.5518036, 7.3066306 ], [ 134.5509796, 7.3059888 ], [ 134.5503693, 7.3055029 ], [ 134.5502167, 7.3053861 ], [ 134.54953, 7.3048639 ], [ 134.5479889, 7.3036666 ], [ 134.547180200000014, 7.3029919 ], [ 134.5466461, 7.3025556 ], [ 134.5458832, 7.301939 ], [ 134.5452728, 7.3015223 ], [ 134.5451965, 7.3014832 ], [ 134.5418396, 7.299603 ], [ 134.5406647, 7.2992168 ], [ 134.540222199999988, 7.2990723 ], [ 134.5396423, 7.2988582 ], [ 134.538276700000011, 7.2984062 ], [ 134.526825, 7.2997241 ], [ 134.5253299, 7.2998961 ], [ 134.5205927, 7.3004413 ], [ 134.519321600000012, 7.3005876 ], [ 134.5179113, 7.3007498 ], [ 134.517079599999988, 7.3008456 ], [ 134.5173768, 7.3013812 ], [ 134.518141, 7.3027586 ], [ 134.518214300000011, 7.3028908 ], [ 134.518432600000011, 7.3029528 ], [ 134.518447900000012, 7.3029556 ], [ 134.5185242, 7.3029776 ], [ 134.518905600000011, 7.3030834 ], [ 134.5186282, 7.3036368 ], [ 134.52063, 7.307245 ], [ 134.5211792, 7.3073111 ], [ 134.5213013, 7.3073249 ], [ 134.5213623, 7.3073335 ], [ 134.5218658, 7.3074918 ], [ 134.5218811, 7.3074946 ], [ 134.523635899999988, 7.3080416 ], [ 134.524688700000013, 7.3082695 ], [ 134.524948099999989, 7.3083224 ], [ 134.52540590000001, 7.3083611 ], [ 134.5258179, 7.3083973 ], [ 134.5264352, 7.3083709 ], [ 134.5269557, 7.3077913 ], [ 134.527342800000014, 7.3081228 ], [ 134.5279483, 7.3086412 ], [ 134.5282288, 7.308753 ], [ 134.5292053, 7.3093 ], [ 134.5292969, 7.30935 ], [ 134.529632600000014, 7.3095641 ], [ 134.5308685, 7.3103499 ], [ 134.5340118, 7.3122501 ], [ 134.534195, 7.3123641 ], [ 134.5344696, 7.3125668 ], [ 134.5360565, 7.31355 ], [ 134.53610230000001, 7.3135724 ], [ 134.5377502, 7.313478 ], [ 134.5377655, 7.313478 ], [ 134.538269, 7.3134499 ], [ 134.538986200000011, 7.3139391 ], [ 134.5392761, 7.3141389 ], [ 134.5392914, 7.3141446 ], [ 134.539749199999989, 7.3144474 ], [ 134.5415497, 7.3156586 ], [ 134.5434876, 7.3169389 ], [ 134.5467529, 7.3190999 ], [ 134.5473633, 7.3195086 ], [ 134.5485687, 7.320303 ], [ 134.552368199999989, 7.3230333 ], [ 134.555781, 7.325789 ], [ 134.5584179, 7.3240785 ], [ 134.5600035, 7.32305 ], [ 134.561517400000014, 7.3220681 ], [ 134.5622725, 7.3227725 ], [ 134.5628443, 7.3233058 ], [ 134.564030800000012, 7.3244127 ], [ 134.564570800000013, 7.3249164 ] ], [ [ 134.5232464, 7.3045626 ], [ 134.5230866, 7.3045335 ], [ 134.5226898, 7.3046751 ], [ 134.5224609, 7.3049026 ], [ 134.5223236, 7.3053803 ], [ 134.5223694, 7.3057613 ], [ 134.522659299999987, 7.3061113 ], [ 134.5229645, 7.3063002 ], [ 134.5233154, 7.3063388 ], [ 134.5238953, 7.3060308 ], [ 134.5240326, 7.3056641 ], [ 134.5240631, 7.3053055 ], [ 134.5239563, 7.3051391 ], [ 134.523819, 7.3049169 ], [ 134.523732099999989, 7.3048552 ], [ 134.523346, 7.3045807 ], [ 134.5232464, 7.3045626 ] ], [ [ 134.5533447, 7.3187304 ], [ 134.553436299999987, 7.3186555 ], [ 134.5538635, 7.3187165 ], [ 134.554016100000013, 7.31885 ], [ 134.5541992, 7.3192582 ], [ 134.5543518, 7.3200111 ], [ 134.5543518, 7.3200498 ], [ 134.5543366, 7.3201637 ], [ 134.5542297, 7.3203554 ], [ 134.5540009, 7.3204141 ], [ 134.553436299999987, 7.3202248 ], [ 134.5532227, 7.3200498 ], [ 134.552887, 7.3194418 ], [ 134.5529022, 7.3194223 ], [ 134.5529022, 7.3194165 ], [ 134.552963299999988, 7.3192582 ], [ 134.553070100000014, 7.3189778 ], [ 134.5533447, 7.3187304 ] ] ] } },
{ "type": "Feature", "properties": { "RCID": 5721, "PRIM": 3, "GRUP": 2, "OBJL": 308, "RVER": 1, "AGEN": 550, "FIDN": 912774918, "FIDS": 9, "LNAM": "02263667D7060009", "LNAM_REFS": null, "FFPT_RIND": null, "CATQUA": null, "CATZOC": 3, "DRVAL1": null, "DRVAL2": null, "POSACC": null, "SOUACC": null, "SUREND": "2004", "SURSTA": null, "TECSOU": null, "VERDAT": null, "INFORM": "U.S. Navy LIDAR Survey, Archive No. 04HFM01, Scale 1:5,000-1:10,000", "NINFOM": null, "NTXTDS": null, "TXTDSC": null, "RECDAT": null, "RECIND": null, "SORDAT": "20150206", "SORIND": "US,US,reprt,L-246-2015", "_enc_cell": "US4TB3P0" }, "geometry": { "type": "Polygon", "coordinates": [ [ [ 134.5730422, 7.3104271 ], [ 134.5787573, 7.3173328 ], [ 134.580813400000011, 7.3198173 ], [ 134.5824893, 7.3218423 ], [ 134.582428, 7.3227444 ], [ 134.582428, 7.3237472 ], [ 134.5817108, 7.3250804 ], [ 134.580841099999986, 7.3262363 ], [ 134.580734299999989, 7.3263807 ], [ 134.5800476, 7.3273001 ], [ 134.5800476, 7.3273058 ], [ 134.5800171, 7.3273306 ], [ 134.579498300000012, 7.327147 ], [ 134.5791168, 7.3270474 ], [ 134.5791016, 7.3270445 ], [ 134.57901, 7.3270221 ], [ 134.574295, 7.3249307 ], [ 134.5742493, 7.3248668 ], [ 134.574234, 7.3248529 ], [ 134.5739441, 7.3244252 ], [ 134.5739441, 7.3244224 ], [ 134.571228, 7.3205862 ], [ 134.571228, 7.3205833 ], [ 134.570755, 7.3199363 ], [ 134.570755, 7.3199306 ], [ 134.570495599999987, 7.3195558 ], [ 134.5698395, 7.3189778 ], [ 134.5693158, 7.318516 ], [ 134.5692506, 7.3183204 ], [ 134.5688721, 7.3181247 ], [ 134.5639648, 7.313797 ], [ 134.560287499999987, 7.3127165 ], [ 134.560287499999987, 7.3127141 ], [ 134.5601196, 7.312736 ], [ 134.559845, 7.3127585 ], [ 134.5593872, 7.312675 ], [ 134.559082, 7.3126998 ], [ 134.5588837, 7.3127165 ], [ 134.5587454, 7.3126788 ], [ 134.558293600000013, 7.3097775 ], [ 134.558204100000012, 7.3092028 ], [ 134.5565205, 7.2983924 ], [ 134.5573082, 7.2989625 ], [ 134.55824290000001, 7.2996389 ], [ 134.5651263, 7.3046199 ], [ 134.56716320000001, 7.3060939 ], [ 134.56893070000001, 7.3073729 ], [ 134.5717584, 7.3094191 ], [ 134.572700200000014, 7.3101007 ], [ 134.572879300000011, 7.3102302 ], [ 134.5730422, 7.3104271 ] ] ] } },
{ "type": "Feature", "properties": { "RCID": 5722, "PRIM": 3, "GRUP": 2, "OBJL": 308, "RVER": 1, "AGEN": 550, "FIDN": 917709345, "FIDS": 9, "LNAM": "022636B322210009", "LNAM_REFS": null, "FFPT_RIND": null, "CATQUA": null, "CATZOC": 5, "DRVAL1": 15.0, "DRVAL2": null, "POSACC": null, "SOUACC": null, "SUREND": "1938", "SURSTA": "1915", "TECSOU": null, "VERDAT": null, "INFORM": "Former Japan Chart 481 (Ed. 1940, Rev. 1944), from Japan surveys, Scale 1:25,000", "NINFOM": null, "NTXTDS": null, "TXTDSC": null, "RECDAT": null, "RECIND": null, "SORDAT": "20150206", "SORIND": "US,US,reprt,L-246-2015", "_enc_cell": "US4TB3P0" }, "geometry": { "type": "Polygon", "coordinates": [ [ [ 134.5903007, 7.3312811 ], [ 134.5903778, 7.3310804 ], [ 134.5904236, 7.3309336 ], [ 134.5904236, 7.3309193 ], [ 134.590560900000014, 7.3305888 ], [ 134.590560900000014, 7.3305807 ], [ 134.5908508, 7.3297916 ], [ 134.591415399999988, 7.3282166 ], [ 134.5914612, 7.3280721 ], [ 134.5914612, 7.328064 ], [ 134.591507, 7.327961 ], [ 134.592239400000011, 7.325953 ], [ 134.5937805, 7.3264222 ], [ 134.5967865, 7.327786 ], [ 134.6008606, 7.3301888 ], [ 134.6021729, 7.3311138 ], [ 134.602722199999988, 7.3315973 ], [ 134.6042023, 7.3333836 ], [ 134.606781, 7.3372808 ], [ 134.6077118, 7.3388724 ], [ 134.6081543, 7.3396974 ], [ 134.610153200000013, 7.343461 ], [ 134.6105804, 7.344522 ], [ 134.6107788, 7.3452334 ], [ 134.610748300000012, 7.3456831 ], [ 134.6103668, 7.345911 ], [ 134.6096497, 7.3457332 ], [ 134.6087799, 7.3455248 ], [ 134.6078949, 7.345314 ], [ 134.6068268, 7.3450694 ], [ 134.605545, 7.3447776 ], [ 134.605239899999987, 7.3446999 ], [ 134.6049347, 7.344625 ], [ 134.6049194, 7.3446221 ], [ 134.604736300000013, 7.3445749 ], [ 134.6047174, 7.3445705 ], [ 134.6045157, 7.3443895 ], [ 134.6034637, 7.3434455 ], [ 134.603042499999987, 7.3430676 ], [ 134.6020518, 7.3421788 ], [ 134.5994834, 7.3398743 ], [ 134.5986086, 7.3390894 ], [ 134.598257600000011, 7.3387744 ], [ 134.597507799999988, 7.3381017 ], [ 134.5968976, 7.3375542 ], [ 134.594759399999987, 7.3356358 ], [ 134.593774200000013, 7.3347518 ], [ 134.5933193, 7.3343437 ], [ 134.5932314, 7.3342648 ], [ 134.591667699999988, 7.3328618 ], [ 134.5914419, 7.3326592 ], [ 134.5914391, 7.3326567 ], [ 134.590483400000011, 7.3315019 ], [ 134.5903007, 7.3312811 ] ] ] } },
{ "type": "Feature", "properties": { "RCID": 5754, "PRIM": 3, "GRUP": 2, "OBJL": 308, "RVER": 1, "AGEN": 550, "FIDN": 106382320, "FIDS": 9, "LNAM": "0226065743F00009", "LNAM_REFS": null, "FFPT_RIND": null, "CATQUA": null, "CATZOC": 5, "DRVAL1": null, "DRVAL2": null, "POSACC": null, "SOUACC": null, "SUREND": "1938", "SURSTA": "1915", "TECSOU": null, "VERDAT": null, "INFORM": "Former Japan Chart 481 (Ed. 1940, Rev. 1944), from Japan surveys, Scale 1:25,000", "NINFOM": null, "NTXTDS": null, "TXTDSC": null, "RECDAT": null, "RECIND": null, "SORDAT": "20150206", "SORIND": "US,US,reprt,L-246-2015", "_enc_cell": "US4TB3P0" }, "geometry": { "type": "Polygon", "coordinates": [ [ [ 134.4802295, 7.2989008 ], [ 134.4805145, 7.2990332 ], [ 134.4805756, 7.2990804 ], [ 134.480590799999987, 7.299161 ], [ 134.4806366, 7.2992334 ], [ 134.480697600000013, 7.2992916 ], [ 134.4811401, 7.2993832 ], [ 134.4812775, 7.2994776 ], [ 134.481369, 7.2995887 ], [ 134.4814606, 7.2997584 ], [ 134.4815369, 7.2998109 ], [ 134.4816284, 7.2998362 ], [ 134.481674199999986, 7.2998109 ], [ 134.4818268, 7.2998276 ], [ 134.4819183, 7.299778 ], [ 134.482055699999989, 7.2997446 ], [ 134.482620200000014, 7.299839 ], [ 134.482864400000011, 7.2999277 ], [ 134.483001699999988, 7.2999334 ], [ 134.483139, 7.2999835 ], [ 134.483215300000012, 7.3000779 ], [ 134.4832764, 7.3002138 ], [ 134.4832916, 7.300314 ], [ 134.483245899999986, 7.3005085 ], [ 134.483078, 7.3006306 ], [ 134.4830627, 7.3007169 ], [ 134.4830933, 7.3008194 ], [ 134.4831543, 7.3009415 ], [ 134.483245899999986, 7.3010335 ], [ 134.483352700000012, 7.3010693 ], [ 134.483581500000014, 7.3011947 ], [ 134.483596799999987, 7.3012748 ], [ 134.483703600000013, 7.3013806 ], [ 134.483703600000013, 7.3014722 ], [ 134.4839783, 7.3016028 ], [ 134.4839935, 7.3016501 ], [ 134.4839935, 7.3017082 ], [ 134.48394780000001, 7.3017612 ], [ 134.483718900000014, 7.3018804 ], [ 134.483078, 7.302289 ], [ 134.483017, 7.3023391 ], [ 134.4829407, 7.3025556 ], [ 134.483017, 7.3027196 ], [ 134.483230600000013, 7.3029194 ], [ 134.483352700000012, 7.3029723 ], [ 134.4834442, 7.3030391 ], [ 134.483474699999988, 7.3031139 ], [ 134.483474699999988, 7.3031807 ], [ 134.4833984, 7.3033609 ], [ 134.4834442, 7.303411 ], [ 134.48349, 7.3034334 ], [ 134.4835663, 7.3033915 ], [ 134.4836273, 7.3032804 ], [ 134.483703600000013, 7.3032222 ], [ 134.48381040000001, 7.3031974 ], [ 134.4838715, 7.3031554 ], [ 134.483902, 7.3029804 ], [ 134.4839325, 7.302947 ], [ 134.4840088, 7.3029614 ], [ 134.4840241, 7.3030086 ], [ 134.484085099999987, 7.3030582 ], [ 134.4841003, 7.3031197 ], [ 134.484085099999987, 7.3031669 ], [ 134.4839935, 7.3032332 ], [ 134.4840393, 7.3033056 ], [ 134.4841156, 7.3033724 ], [ 134.4842682, 7.3035808 ], [ 134.484314, 7.3036113 ], [ 134.4844208, 7.3036027 ], [ 134.4844666, 7.3035584 ], [ 134.4845429, 7.3033609 ], [ 134.484573399999988, 7.3032446 ], [ 134.4845123, 7.3031807 ], [ 134.484451299999989, 7.3031554 ], [ 134.4842682, 7.3030391 ], [ 134.4842682, 7.3029528 ], [ 134.484298700000011, 7.3028417 ], [ 134.4844055, 7.3027554 ], [ 134.4846191, 7.3026333 ], [ 134.48477170000001, 7.3024917 ], [ 134.4849396, 7.3024669 ], [ 134.4850159, 7.3024836 ], [ 134.485137900000012, 7.3025861 ], [ 134.4852448, 7.3026586 ], [ 134.485321, 7.3027387 ], [ 134.4853516, 7.302814 ], [ 134.4855042, 7.3029194 ], [ 134.4855499, 7.3030529 ], [ 134.4855957, 7.3031974 ], [ 134.4857025, 7.3031974 ], [ 134.4858551, 7.3031859 ], [ 134.4859619, 7.3033443 ], [ 134.4859772, 7.3035307 ], [ 134.4860687, 7.3037167 ], [ 134.486129799999986, 7.3038778 ], [ 134.486099200000012, 7.3040166 ], [ 134.485885599999989, 7.3039613 ], [ 134.485748300000012, 7.3039165 ], [ 134.485733, 7.3039165 ], [ 134.4855652, 7.3039308 ], [ 134.4855042, 7.3039861 ], [ 134.4855957, 7.3041029 ], [ 134.485748300000012, 7.3044529 ], [ 134.4858551, 7.3045836 ], [ 134.4859467, 7.3046475 ], [ 134.486114500000014, 7.3045917 ], [ 134.4863739, 7.3043943 ], [ 134.4864349, 7.304328 ], [ 134.4864197, 7.3042169 ], [ 134.4864655, 7.304153 ], [ 134.486587500000013, 7.3040667 ], [ 134.4866486, 7.3039613 ], [ 134.4866486, 7.3038693 ], [ 134.4863892, 7.3033695 ], [ 134.486236600000012, 7.302947 ], [ 134.486099200000012, 7.3026915 ], [ 134.4859314, 7.3024888 ], [ 134.4858246, 7.3023834 ], [ 134.4857025, 7.3023334 ], [ 134.485611, 7.3023582 ], [ 134.4855499, 7.302464 ], [ 134.4851837, 7.3025498 ], [ 134.4850922, 7.3025141 ], [ 134.485046399999987, 7.3024249 ], [ 134.485061699999989, 7.3023362 ], [ 134.4850159, 7.3023109 ], [ 134.4848785, 7.3024278 ], [ 134.4848175, 7.3024473 ], [ 134.4847107, 7.3024335 ], [ 134.4846344, 7.3024001 ], [ 134.4845886, 7.3023362 ], [ 134.484436, 7.3022943 ], [ 134.484375, 7.3022113 ], [ 134.4843292, 7.3020778 ], [ 134.4843445, 7.3019252 ], [ 134.4843292, 7.3018665 ], [ 134.484191900000013, 7.3018446 ], [ 134.484069799999986, 7.3017888 ], [ 134.4840393, 7.3017306 ], [ 134.4840393, 7.3016501 ], [ 134.484191900000013, 7.3015499 ], [ 134.484191900000013, 7.3014998 ], [ 134.4841461, 7.3014307 ], [ 134.4840546, 7.3013721 ], [ 134.484069799999986, 7.3013029 ], [ 134.4840393, 7.3012557 ], [ 134.4837341, 7.3011832 ], [ 134.4836884, 7.3010998 ], [ 134.483703600000013, 7.3009696 ], [ 134.4837799, 7.3008833 ], [ 134.483902, 7.3007917 ], [ 134.4839783, 7.3006749 ], [ 134.4841309, 7.3006001 ], [ 134.484207199999986, 7.3006029 ], [ 134.4843445, 7.3006501 ], [ 134.484451299999989, 7.3006611 ], [ 134.484573399999988, 7.3006611 ], [ 134.484664900000013, 7.3006334 ], [ 134.4847412, 7.3003306 ], [ 134.4848175, 7.3002667 ], [ 134.4849396, 7.3002248 ], [ 134.4852295, 7.3002501 ], [ 134.48538210000001, 7.3002777 ], [ 134.4857178, 7.3003998 ], [ 134.486084, 7.3004637 ], [ 134.4863892, 7.3004723 ], [ 134.4865418, 7.3005137 ], [ 134.486694300000011, 7.3006249 ], [ 134.4872742, 7.300797 ], [ 134.487457299999988, 7.3008695 ], [ 134.4876251, 7.3008752 ], [ 134.487686200000013, 7.3009362 ], [ 134.4877319, 7.3010221 ], [ 134.4878388, 7.301075 ], [ 134.4880219, 7.3010359 ], [ 134.4880981, 7.3010945 ], [ 134.488205, 7.3011389 ], [ 134.488266, 7.3011279 ], [ 134.4884796, 7.3009749 ], [ 134.488525399999986, 7.3008752 ], [ 134.4886017, 7.3008194 ], [ 134.488647500000013, 7.3007221 ], [ 134.488647500000013, 7.3006334 ], [ 134.4886932, 7.3005891 ], [ 134.488754300000011, 7.3005915 ], [ 134.4888306, 7.3006167 ], [ 134.488876299999987, 7.3006444 ], [ 134.4889221, 7.3007946 ], [ 134.4889832, 7.3008585 ], [ 134.4893189, 7.3009667 ], [ 134.4896545, 7.3011527 ], [ 134.4899902, 7.3012557 ], [ 134.4902954, 7.3011112 ], [ 134.4904022, 7.3011026 ], [ 134.49066160000001, 7.301136 ], [ 134.490799, 7.3012166 ], [ 134.4910736, 7.3012943 ], [ 134.491149900000011, 7.3012805 ], [ 134.4912415, 7.3011389 ], [ 134.4914551, 7.3011499 ], [ 134.491745, 7.3012223 ], [ 134.4919281, 7.3013082 ], [ 134.4923554, 7.3013082 ], [ 134.4925537, 7.3013611 ], [ 134.492691, 7.3014722 ], [ 134.492858899999987, 7.3017082 ], [ 134.493087800000012, 7.3021722 ], [ 134.493225099999989, 7.3022833 ], [ 134.493347199999988, 7.3023224 ], [ 134.4933777, 7.3024335 ], [ 134.493560800000012, 7.3025084 ], [ 134.4936371, 7.3025279 ], [ 134.4937592, 7.3024974 ], [ 134.493866, 7.3024111 ], [ 134.4938812, 7.3023362 ], [ 134.493927, 7.3022556 ], [ 134.493911700000012, 7.3021751 ], [ 134.493927, 7.3021307 ], [ 134.4942017, 7.3021445 ], [ 134.4946289, 7.3023167 ], [ 134.4947357, 7.3024473 ], [ 134.4948578, 7.3025084 ], [ 134.4949493, 7.3026586 ], [ 134.495010400000012, 7.3027 ], [ 134.495163, 7.3027444 ], [ 134.495254499999987, 7.3027554 ], [ 134.4953003, 7.3026748 ], [ 134.4954529, 7.3025613 ], [ 134.4955369, 7.3025688 ], [ 134.488169199999987, 7.2977523 ], [ 134.4802295, 7.2989008 ] ] ] } },
{ "type": "Feature", "properties": { "RCID": 5755, "PRIM": 3, "GRUP": 2, "OBJL": 308, "RVER": 1, "AGEN": 550, "FIDN": 93437665, "FIDS": 9, "LNAM": "02260591BEE10009", "LNAM_REFS": null, "FFPT_RIND": null, "CATQUA": null, "CATZOC": 3, "DRVAL1": 10.0, "DRVAL2": null, "POSACC": null, "SOUACC": null, "SUREND": "2004", "SURSTA": "1969", "TECSOU": null, "VERDAT": null, "INFORM": "A) U.S. Navy LIDAR Survey, 2004, Archive No. 04HFM01, Scale 1:5,000-1:10,000; B) U.S. Navy Single Beam Survey, 1969, Archive No. 685036, Scale 1:10,000-1:20,000", "NINFOM": null, "NTXTDS": null, "TXTDSC": null, "RECDAT": null, "RECIND": null, "SORDAT": "20150206", "SORIND": "US,US,reprt,L-246-2015", "_enc_cell": "US4TB3P0" }, "geometry": { "type": "Polygon", "coordinates": [ [ [ 134.5033875, 7.2779527 ], [ 134.5044098, 7.2789445 ], [ 134.5045624, 7.2790942 ], [ 134.5045673, 7.2790991 ], [ 134.5059072, 7.2824405 ], [ 134.504623400000014, 7.2829304 ], [ 134.5045624, 7.2829528 ], [ 134.5040131, 7.2831693 ], [ 134.5029602, 7.283586 ], [ 134.5025635, 7.2837362 ], [ 134.5025177, 7.2837558 ], [ 134.5023041, 7.2838359 ], [ 134.5007019, 7.2844443 ], [ 134.5, 7.284925 ], [ 134.4989014, 7.2856751 ], [ 134.4984436, 7.2872558 ], [ 134.4984436, 7.2872582 ], [ 134.4984283, 7.2872806 ], [ 134.498382600000014, 7.2875137 ], [ 134.4983521, 7.2881832 ], [ 134.495849600000014, 7.2851915 ], [ 134.4955902, 7.2848835 ], [ 134.496521, 7.2844443 ], [ 134.496688799999987, 7.2843666 ], [ 134.4968414, 7.2842917 ], [ 134.497192399999989, 7.2841249 ], [ 134.498870899999986, 7.2825832 ], [ 134.499816900000013, 7.2816029 ], [ 134.4999847, 7.2814279 ], [ 134.5, 7.281414 ], [ 134.5002136, 7.2811942 ], [ 134.5009155, 7.2804861 ], [ 134.501022299999988, 7.2803779 ], [ 134.501022299999988, 7.280375 ], [ 134.5012054, 7.2801833 ], [ 134.5016785, 7.2797055 ], [ 134.5018768, 7.2794972 ], [ 134.5023041, 7.2790613 ], [ 134.502349900000013, 7.2790165 ], [ 134.5031128, 7.278225 ], [ 134.5033875, 7.2779527 ] ] ] } },
{ "type": "Feature", "properties": { "RCID": 5756, "PRIM": 3, "GRUP": 2, "OBJL": 308, "RVER": 1, "AGEN": 550, "FIDN": 378072817, "FIDS": 9, "LNAM": "02261688EEF10009", "LNAM_REFS": null, "FFPT_RIND": null, "CATQUA": null, "CATZOC": 5, "DRVAL1": null, "DRVAL2": null, "POSACC": null, "SOUACC": null, "SUREND": "1938", "SURSTA": "1915", "TECSOU": null, "VERDAT": null, "INFORM": "Former Japan Chart 481 (Ed. 1940, Rev. 1944), from Japan surveys, Scale 1:25,000", "NINFOM": null, "NTXTDS": null, "TXTDSC": null, "RECDAT": null, "RECIND": null, "SORDAT": "20150206", "SORIND": "US,US,reprt,L-246-2015", "_enc_cell": "US4TB3P0" }, "geometry": { "type": "Polygon", "coordinates": [ [ [ 134.518214300000011, 7.3028908 ], [ 134.518432600000011, 7.3029528 ], [ 134.518447900000012, 7.3029556 ], [ 134.5185242, 7.3029776 ], [ 134.518905600000011, 7.3030834 ], [ 134.5186282, 7.3036368 ], [ 134.5184567, 7.3033276 ], [ 134.518214300000011, 7.3028908 ] ] ] } },
{ "type": "Feature", "properties": { "RCID": 5757, "PRIM": 3, "GRUP": 2, "OBJL": 308, "RVER": 1, "AGEN": 550, "FIDN": 47043165, "FIDS": 9, "LNAM": "022602CDD25D0009", "LNAM_REFS": null, "FFPT_RIND": null, "CATQUA": null, "CATZOC": 5, "DRVAL1": null, "DRVAL2": null, "POSACC": null, "SOUACC": null, "SUREND": "1938", "SURSTA": "1915", "TECSOU": null, "VERDAT": null, "INFORM": "Former Japan Chart 481 (Ed. 1940, Rev. 1944), from Japan surveys, Scale 1:25,000", "NINFOM": null, "NTXTDS": null, "TXTDSC": null, "RECDAT": null, "RECIND": null, "SORDAT": "20150206", "SORIND": "US,US,reprt,L-246-2015", "_enc_cell": "US4TB3P0" }, "geometry": { "type": "Polygon", "coordinates": [ [ [ 134.5653687, 7.3708167 ], [ 134.5655212, 7.370872 ], [ 134.5657654, 7.3703556 ], [ 134.565933199999989, 7.3693113 ], [ 134.5660095, 7.3691692 ], [ 134.5662994, 7.3690639 ], [ 134.567138699999987, 7.3689332 ], [ 134.56735230000001, 7.3689861 ], [ 134.567504899999989, 7.3690805 ], [ 134.5677643, 7.3691387 ], [ 134.5681763, 7.3693557 ], [ 134.5682373, 7.369453 ], [ 134.568328900000012, 7.3695359 ], [ 134.5684052, 7.3695693 ], [ 134.5684815, 7.3695025 ], [ 134.5685272, 7.3695278 ], [ 134.568588299999988, 7.3696165 ], [ 134.568634, 7.3696251 ], [ 134.5687103, 7.3695946 ], [ 134.5687714, 7.369647 ], [ 134.5688477, 7.3696165 ], [ 134.568985, 7.3696141 ], [ 134.569152800000012, 7.3696942 ], [ 134.5691986, 7.3698082 ], [ 134.5693207, 7.3697972 ], [ 134.5694733, 7.3698111 ], [ 134.5695801, 7.3697972 ], [ 134.5695801, 7.3697305 ], [ 134.5696716, 7.3696528 ], [ 134.5697784, 7.369575 ], [ 134.569900499999989, 7.3695335 ], [ 134.570114100000012, 7.3695526 ], [ 134.5703125, 7.3695889 ], [ 134.57070920000001, 7.3697472 ], [ 134.5708923, 7.369875 ], [ 134.5711823, 7.3701057 ], [ 134.571228, 7.3702831 ], [ 134.571563700000013, 7.3703499 ], [ 134.5717163, 7.3704166 ], [ 134.5717773, 7.3705111 ], [ 134.57180790000001, 7.3704414 ], [ 134.5722046, 7.3704305 ], [ 134.5723267, 7.370389 ], [ 134.5725555, 7.3703775 ], [ 134.57276920000001, 7.3703332 ], [ 134.5729828, 7.3702612 ], [ 134.5731049, 7.3702335 ], [ 134.5736542, 7.3701029 ], [ 134.5737915, 7.369997 ], [ 134.5739441, 7.3697863 ], [ 134.5741272, 7.3696556 ], [ 134.5743256, 7.3695502 ], [ 134.574585, 7.3694415 ], [ 134.5749664, 7.3693166 ], [ 134.575180100000011, 7.369339 ], [ 134.575531, 7.3691249 ], [ 134.57563780000001, 7.3688779 ], [ 134.5758362, 7.3686361 ], [ 134.575943, 7.3686085 ], [ 134.576004, 7.3686137 ], [ 134.5760498, 7.3686166 ], [ 134.5761108, 7.3684692 ], [ 134.5761566, 7.3683581 ], [ 134.5761871, 7.3681417 ], [ 134.5763245, 7.3679137 ], [ 134.576416, 7.3677363 ], [ 134.5764465, 7.3675084 ], [ 134.5765228, 7.3672442 ], [ 134.5765839, 7.3669725 ], [ 134.5767059, 7.3667111 ], [ 134.576889, 7.3665443 ], [ 134.5770264, 7.3664556 ], [ 134.5770416, 7.3664165 ], [ 134.5770721, 7.3663168 ], [ 134.5769043, 7.3661556 ], [ 134.576751699999988, 7.3659363 ], [ 134.5765839, 7.3658471 ], [ 134.576294, 7.3654389 ], [ 134.5761566, 7.3653112 ], [ 134.5760803, 7.3650446 ], [ 134.5758209, 7.3648167 ], [ 134.5757446, 7.3646946 ], [ 134.575653100000011, 7.3646083 ], [ 134.5756073, 7.3643141 ], [ 134.575546300000013, 7.3641725 ], [ 134.57547, 7.3639555 ], [ 134.575408900000014, 7.3639388 ], [ 134.5753479, 7.3638668 ], [ 134.575317399999989, 7.3637586 ], [ 134.575302099999988, 7.363647 ], [ 134.575317399999989, 7.3635221 ], [ 134.5753784, 7.3634167 ], [ 134.575408900000014, 7.3633585 ], [ 134.5753632, 7.362936 ], [ 134.5752869, 7.3627582 ], [ 134.57516480000001, 7.3627558 ], [ 134.574935900000014, 7.3625832 ], [ 134.5748901, 7.3624501 ], [ 134.5748596, 7.3622751 ], [ 134.574951199999987, 7.3617916 ], [ 134.5749207, 7.3614168 ], [ 134.574935900000014, 7.3612752 ], [ 134.5750122, 7.3610196 ], [ 134.5751495, 7.360939 ], [ 134.5752411, 7.3605723 ], [ 134.5752258, 7.3604055 ], [ 134.5752564, 7.360311 ], [ 134.5753479, 7.360178 ], [ 134.5757141, 7.3597169 ], [ 134.575882, 7.3595696 ], [ 134.5760803, 7.3594613 ], [ 134.576263399999988, 7.3594251 ], [ 134.576400799999988, 7.3593583 ], [ 134.5765381, 7.359272 ], [ 134.5766449, 7.3592305 ], [ 134.5769196, 7.3591943 ], [ 134.5770569, 7.3592444 ], [ 134.5772095, 7.3592444 ], [ 134.577301, 7.3592277 ], [ 134.5773773, 7.3591752 ], [ 134.5775147, 7.3591166 ], [ 134.5777435, 7.3590889 ], [ 134.577926600000012, 7.359097 ], [ 134.5781708, 7.3589945 ], [ 134.5782776, 7.3589692 ], [ 134.5783844, 7.3590279 ], [ 134.5785675, 7.3590527 ], [ 134.5786896, 7.3589916 ], [ 134.578887900000012, 7.35885 ], [ 134.5792542, 7.3587999 ], [ 134.5793457, 7.3588362 ], [ 134.579422, 7.3589029 ], [ 134.5795593, 7.3589139 ], [ 134.579849200000012, 7.3588724 ], [ 134.5800629, 7.3589277 ], [ 134.5803833, 7.3588862 ], [ 134.5804901, 7.3589139 ], [ 134.5805512, 7.3589807 ], [ 134.5806427, 7.3590279 ], [ 134.5811005, 7.3590279 ], [ 134.5814819, 7.3591361 ], [ 134.581665, 7.3591666 ], [ 134.5818176, 7.3591695 ], [ 134.5819702, 7.3591137 ], [ 134.5821075, 7.3590221 ], [ 134.5821991, 7.3589277 ], [ 134.5823517, 7.3588805 ], [ 134.58284, 7.3587861 ], [ 134.582962, 7.3587332 ], [ 134.5830841, 7.3587556 ], [ 134.5831604, 7.3587999 ], [ 134.583252, 7.3588333 ], [ 134.5832977, 7.3588724 ], [ 134.5834351, 7.3587999 ], [ 134.5835724, 7.3588166 ], [ 134.583953900000012, 7.3590083 ], [ 134.5841065, 7.3591223 ], [ 134.5842285, 7.3591695 ], [ 134.5843964, 7.359261 ], [ 134.584304800000012, 7.3591304 ], [ 134.584182700000014, 7.3589692 ], [ 134.583953900000012, 7.3586192 ], [ 134.583831800000013, 7.3585196 ], [ 134.5836639, 7.3582888 ], [ 134.5836487, 7.3581557 ], [ 134.58358770000001, 7.358047 ], [ 134.5835419, 7.3579445 ], [ 134.5833893, 7.3577776 ], [ 134.5833283, 7.3576331 ], [ 134.583221400000014, 7.3574472 ], [ 134.583114599999988, 7.3574224 ], [ 134.5830536, 7.3573527 ], [ 134.5830231, 7.3572583 ], [ 134.5830383, 7.3571696 ], [ 134.582901, 7.3570166 ], [ 134.5827332, 7.356914 ], [ 134.5825806, 7.3568859 ], [ 134.5824738, 7.3568444 ], [ 134.5821228, 7.356586 ], [ 134.5819702, 7.3565168 ], [ 134.581787100000014, 7.356411 ], [ 134.581436200000013, 7.356164 ], [ 134.5812378, 7.3561363 ], [ 134.5810852, 7.3561168 ], [ 134.5810242, 7.3561082 ], [ 134.580825800000014, 7.3560414 ], [ 134.5806732, 7.3559918 ], [ 134.5806427, 7.3560362 ], [ 134.5806274, 7.3560391 ], [ 134.5804901, 7.3560305 ], [ 134.5802918, 7.356 ], [ 134.5802612, 7.3560805 ], [ 134.5802612, 7.3560834 ], [ 134.5801849, 7.356175 ], [ 134.5801849, 7.3561778 ], [ 134.5800324, 7.3562222 ], [ 134.5800324, 7.356225 ], [ 134.579895, 7.356236 ], [ 134.5797119, 7.356236 ], [ 134.5795593, 7.3562112 ], [ 134.5794678, 7.3561502 ], [ 134.579422, 7.35605 ], [ 134.5792542, 7.3560777 ], [ 134.5791016, 7.3560972 ], [ 134.579025300000012, 7.3561554 ], [ 134.5789337, 7.3561778 ], [ 134.578811699999989, 7.3561945 ], [ 134.5786896, 7.356236 ], [ 134.5785675, 7.3562307 ], [ 134.5784607, 7.3562002 ], [ 134.5783539, 7.356164 ], [ 134.5782471, 7.3561668 ], [ 134.5781403, 7.3562055 ], [ 134.5780182, 7.3563304 ], [ 134.5780182, 7.3563333 ], [ 134.5779114, 7.3563862 ], [ 134.5779114, 7.3563891 ], [ 134.577835099999987, 7.3564334 ], [ 134.5777588, 7.356564 ], [ 134.5777588, 7.3565664 ], [ 134.57769780000001, 7.3566918 ], [ 134.57769780000001, 7.3566942 ], [ 134.577652, 7.3568306 ], [ 134.577652, 7.3568335 ], [ 134.5775299, 7.3569307 ], [ 134.5775299, 7.3569331 ], [ 134.577468900000014, 7.3569474 ], [ 134.5773926, 7.3569331 ], [ 134.5773163, 7.3568974 ], [ 134.577301, 7.356822 ], [ 134.5771942, 7.3568029 ], [ 134.5770721, 7.3567667 ], [ 134.576965300000012, 7.3567195 ], [ 134.576889, 7.3566418 ], [ 134.5767822, 7.3565335 ], [ 134.5767059, 7.3564277 ], [ 134.5766449, 7.3563304 ], [ 134.5765839, 7.3561974 ], [ 134.5764771, 7.3560834 ], [ 134.5764313, 7.3559861 ], [ 134.576370200000014, 7.3559084 ], [ 134.5763092, 7.3558612 ], [ 134.576263399999988, 7.3557553 ], [ 134.5762329, 7.3556609 ], [ 134.5761719, 7.3556027 ], [ 134.5760651, 7.3555613 ], [ 134.5758667, 7.3555417 ], [ 134.575790399999988, 7.3554888 ], [ 134.5756683, 7.3554554 ], [ 134.5755158, 7.3554363 ], [ 134.575408900000014, 7.3553724 ], [ 134.5752869, 7.3552723 ], [ 134.575180100000011, 7.3551583 ], [ 134.575058, 7.3550224 ], [ 134.5749664, 7.3549194 ], [ 134.574951199999987, 7.3548141 ], [ 134.5749054, 7.3547335 ], [ 134.5749207, 7.3546443 ], [ 134.5749207, 7.3546414 ], [ 134.574951199999987, 7.3546252 ], [ 134.5749664, 7.3545113 ], [ 134.5749664, 7.3543944 ], [ 134.5750122, 7.35425 ], [ 134.575042700000012, 7.3541751 ], [ 134.575042700000012, 7.3541694 ], [ 134.575119, 7.3541026 ], [ 134.575119, 7.3541002 ], [ 134.5752106, 7.3540111 ], [ 134.5752258, 7.3540111 ], [ 134.575302099999988, 7.3539777 ], [ 134.575424199999986, 7.3539109 ], [ 134.575424199999986, 7.3539085 ], [ 134.5754852, 7.3537889 ], [ 134.5754852, 7.3537831 ], [ 134.575546300000013, 7.3536029 ], [ 134.5755768, 7.3535166 ], [ 134.5756226, 7.353497 ], [ 134.5756226, 7.3534946 ], [ 134.5757141, 7.3534083 ], [ 134.5758209, 7.3534308 ], [ 134.575912499999987, 7.3535304 ], [ 134.5761719, 7.3535361 ], [ 134.576294, 7.3535752 ], [ 134.5765381, 7.3535805 ], [ 134.5765839, 7.353425 ], [ 134.5766602, 7.3532195 ], [ 134.5766907, 7.3530169 ], [ 134.5767059, 7.3528137 ], [ 134.576751699999988, 7.3526669 ], [ 134.576751699999988, 7.3525863 ], [ 134.576751699999988, 7.3525057 ], [ 134.5766907, 7.3524666 ], [ 134.5766754, 7.3523974 ], [ 134.5767059, 7.3523278 ], [ 134.5767059, 7.3522501 ], [ 134.5766449, 7.3522835 ], [ 134.5765228, 7.3522916 ], [ 134.576370200000014, 7.3522697 ], [ 134.5763397, 7.352428 ], [ 134.576263399999988, 7.3525085 ], [ 134.5761871, 7.3525443 ], [ 134.5760956, 7.3525195 ], [ 134.576034600000014, 7.3524556 ], [ 134.576004, 7.3523946 ], [ 134.5760651, 7.3522973 ], [ 134.5761719, 7.352253 ], [ 134.57612610000001, 7.3522224 ], [ 134.5759888, 7.3521776 ], [ 134.5759277, 7.352025 ], [ 134.575943, 7.3519473 ], [ 134.5760498, 7.35185 ], [ 134.576019300000013, 7.3518138 ], [ 134.5756683, 7.3518252 ], [ 134.5752869, 7.3518639 ], [ 134.5751038, 7.3518224 ], [ 134.574997, 7.3516946 ], [ 134.5750122, 7.3516002 ], [ 134.5749817, 7.3515334 ], [ 134.5749207, 7.3514748 ], [ 134.5748749, 7.3512974 ], [ 134.5749054, 7.3511581 ], [ 134.5750732, 7.3509779 ], [ 134.5751495, 7.3508472 ], [ 134.5752106, 7.3507667 ], [ 134.5755158, 7.3507443 ], [ 134.5756683, 7.3507137 ], [ 134.5758362, 7.3506084 ], [ 134.576141400000012, 7.3505583 ], [ 134.57659910000001, 7.3504834 ], [ 134.5769348, 7.3502808 ], [ 134.5771332, 7.3501029 ], [ 134.5777283, 7.3496471 ], [ 134.578201299999989, 7.3493528 ], [ 134.5788269, 7.3491335 ], [ 134.57901, 7.3490558 ], [ 134.5794373, 7.3489695 ], [ 134.5797272, 7.3490086 ], [ 134.5799408, 7.3491082 ], [ 134.5801849, 7.3492999 ], [ 134.5804138, 7.3495445 ], [ 134.58058170000001, 7.3498139 ], [ 134.58058170000001, 7.3500085 ], [ 134.5805359, 7.3503056 ], [ 134.580459600000012, 7.3503919 ], [ 134.580352799999986, 7.3504973 ], [ 134.580352799999986, 7.3505836 ], [ 134.580337500000013, 7.3507276 ], [ 134.580368, 7.3509388 ], [ 134.5805054, 7.3511443 ], [ 134.580658, 7.3513584 ], [ 134.5808716, 7.3515334 ], [ 134.5809784, 7.3515415 ], [ 134.58105470000001, 7.3516502 ], [ 134.5811615, 7.351747 ], [ 134.581558199999989, 7.3519278 ], [ 134.5821075, 7.352078 ], [ 134.582366900000011, 7.3521028 ], [ 134.5826874, 7.3520474 ], [ 134.5827332, 7.3519721 ], [ 134.5827332, 7.3517971 ], [ 134.5826111, 7.3514419 ], [ 134.582641599999988, 7.3513141 ], [ 134.582855200000012, 7.3512974 ], [ 134.5831451, 7.3512197 ], [ 134.5832062, 7.3511581 ], [ 134.5831909, 7.3509946 ], [ 134.583252, 7.3508778 ], [ 134.5835571, 7.3507972 ], [ 134.5836334, 7.3506999 ], [ 134.583709700000014, 7.3504863 ], [ 134.5837708, 7.3503556 ], [ 134.5840454, 7.3501554 ], [ 134.584213299999988, 7.3501248 ], [ 134.5844421, 7.3501806 ], [ 134.584899900000011, 7.3504086 ], [ 134.585174599999988, 7.3505669 ], [ 134.5855408, 7.3507114 ], [ 134.5857239, 7.3507528 ], [ 134.5858917, 7.3507471 ], [ 134.5858917, 7.3506193 ], [ 134.5859375, 7.3504887 ], [ 134.58598760000001, 7.3504524 ], [ 134.572534499999989, 7.3456897 ], [ 134.5717057, 7.3453963 ], [ 134.5713724, 7.3452783 ], [ 134.570463, 7.3449564 ], [ 134.5705261, 7.3450751 ], [ 134.570694, 7.345561 ], [ 134.5706482, 7.3457527 ], [ 134.5705719, 7.345839 ], [ 134.5705414, 7.3459473 ], [ 134.5705414, 7.3460641 ], [ 134.5706329, 7.3461723 ], [ 134.5706635, 7.3463054 ], [ 134.5706482, 7.3464279 ], [ 134.570510899999988, 7.3466749 ], [ 134.570495599999987, 7.3468194 ], [ 134.570236200000011, 7.3472085 ], [ 134.5702057, 7.3473196 ], [ 134.570114100000012, 7.3474307 ], [ 134.5700836, 7.3475223 ], [ 134.5701599, 7.347589 ], [ 134.570221, 7.3478141 ], [ 134.5704193, 7.3481112 ], [ 134.5704804, 7.3482499 ], [ 134.5704651, 7.3483863 ], [ 134.5702057, 7.3486362 ], [ 134.5700989, 7.3486638 ], [ 134.570007299999986, 7.3486223 ], [ 134.5698547, 7.3486443 ], [ 134.5697784, 7.348536 ], [ 134.5697327, 7.3484888 ], [ 134.5695953, 7.3485251 ], [ 134.5694428, 7.3486195 ], [ 134.5692444, 7.3487139 ], [ 134.5689545, 7.3489695 ], [ 134.56878660000001, 7.3491502 ], [ 134.5686646, 7.3493695 ], [ 134.5684204, 7.3499999 ], [ 134.5683594, 7.3503027 ], [ 134.56831360000001, 7.3504 ], [ 134.5682373, 7.3504696 ], [ 134.5681, 7.3504834 ], [ 134.5679169, 7.350461 ], [ 134.567749, 7.3503804 ], [ 134.5675507, 7.3502388 ], [ 134.567215, 7.349936 ], [ 134.567138699999987, 7.3498859 ], [ 134.5670929, 7.3499026 ], [ 134.567031899999989, 7.3498888 ], [ 134.5669556, 7.3499222 ], [ 134.5669098, 7.3498998 ], [ 134.5666199, 7.3497443 ], [ 134.5664368, 7.3496556 ], [ 134.5661316, 7.3496666 ], [ 134.565933199999989, 7.3498807 ], [ 134.5656586, 7.3500471 ], [ 134.565582299999988, 7.3503113 ], [ 134.5655365, 7.3507252 ], [ 134.5654602, 7.3512416 ], [ 134.5654907, 7.351325 ], [ 134.5654755, 7.3514195 ], [ 134.5651398, 7.3517919 ], [ 134.5652466, 7.35185 ], [ 134.5652618, 7.3519692 ], [ 134.5652924, 7.3520947 ], [ 134.5652618, 7.3522334 ], [ 134.565216099999986, 7.3523192 ], [ 134.565200800000014, 7.3527527 ], [ 134.5651856, 7.3528223 ], [ 134.565200800000014, 7.3528943 ], [ 134.565155, 7.3529611 ], [ 134.565078699999987, 7.3530054 ], [ 134.5650177, 7.3531165 ], [ 134.5650177, 7.353261 ], [ 134.5649872, 7.3533416 ], [ 134.5649109, 7.3537998 ], [ 134.5648651, 7.3539 ], [ 134.564712500000013, 7.3540196 ], [ 134.564682, 7.3541026 ], [ 134.5645599, 7.3541498 ], [ 134.5645142, 7.3542085 ], [ 134.5643158, 7.3541946 ], [ 134.5642853, 7.3541555 ], [ 134.564239500000014, 7.3541498 ], [ 134.5640717, 7.3544693 ], [ 134.5639343, 7.3546028 ], [ 134.563736, 7.35465 ], [ 134.5634766, 7.3546529 ], [ 134.5634155, 7.3546195 ], [ 134.563385, 7.3545556 ], [ 134.563262900000012, 7.3545361 ], [ 134.5632172, 7.3547053 ], [ 134.5632019, 7.3547859 ], [ 134.563156099999986, 7.3548389 ], [ 134.5631104, 7.3551002 ], [ 134.5630798, 7.3554363 ], [ 134.56303410000001, 7.3554306 ], [ 134.563049299999989, 7.3551416 ], [ 134.5630188, 7.3550944 ], [ 134.5630035, 7.3550277 ], [ 134.563049299999989, 7.3549776 ], [ 134.5630798, 7.3549666 ], [ 134.5631104, 7.3548722 ], [ 134.5630798, 7.3548279 ], [ 134.5630798, 7.3547525 ], [ 134.5631104, 7.3546529 ], [ 134.563171399999987, 7.3546391 ], [ 134.5632172, 7.3545165 ], [ 134.563156099999986, 7.3544831 ], [ 134.5631256, 7.3542585 ], [ 134.5630798, 7.354136 ], [ 134.56303410000001, 7.3539805 ], [ 134.5629578, 7.3538861 ], [ 134.56289670000001, 7.3537526 ], [ 134.5628815, 7.3536611 ], [ 134.5628662, 7.3533168 ], [ 134.562805200000014, 7.3532529 ], [ 134.562789900000013, 7.3531585 ], [ 134.562851, 7.3530779 ], [ 134.5629425, 7.3530054 ], [ 134.562973, 7.3528471 ], [ 134.5630646, 7.3526778 ], [ 134.563156099999986, 7.3526335 ], [ 134.5632477, 7.3525558 ], [ 134.5633087, 7.3524418 ], [ 134.563400300000012, 7.3524056 ], [ 134.56350710000001, 7.3523359 ], [ 134.5636749, 7.3521442 ], [ 134.563736, 7.3520193 ], [ 134.5636902, 7.3519416 ], [ 134.5636749, 7.3518667 ], [ 134.563736, 7.3516946 ], [ 134.563736, 7.3516359 ], [ 134.5637054, 7.3515639 ], [ 134.5637817, 7.3512249 ], [ 134.563659699999988, 7.3511305 ], [ 134.5636139, 7.3510499 ], [ 134.5635986, 7.350975 ], [ 134.5636292, 7.3508778 ], [ 134.5637054, 7.350811 ], [ 134.5638123, 7.3507586 ], [ 134.563888600000013, 7.3506918 ], [ 134.564148, 7.3503223 ], [ 134.564224200000012, 7.3502388 ], [ 134.5643005, 7.3500891 ], [ 134.5644226, 7.3498998 ], [ 134.5645599, 7.3495169 ], [ 134.5646362, 7.3494058 ], [ 134.5646668, 7.3491221 ], [ 134.5646515, 7.3489804 ], [ 134.564605699999987, 7.3490334 ], [ 134.5645142, 7.3490443 ], [ 134.564483599999988, 7.349 ], [ 134.564483599999988, 7.3488584 ], [ 134.5644226, 7.3488221 ], [ 134.5644074, 7.3487139 ], [ 134.5644226, 7.3485889 ], [ 134.56446840000001, 7.3483639 ], [ 134.564605699999987, 7.3481083 ], [ 134.5645599, 7.3481026 ], [ 134.5645599, 7.3479915 ], [ 134.564621, 7.3479056 ], [ 134.564682, 7.347836 ], [ 134.564834600000012, 7.3474112 ], [ 134.564819300000011, 7.3473139 ], [ 134.564743, 7.3471999 ], [ 134.5647736, 7.347075 ], [ 134.5648956, 7.3469334 ], [ 134.5649872, 7.346797 ], [ 134.5651398, 7.3466668 ], [ 134.5653687, 7.3465695 ], [ 134.5658264, 7.3465223 ], [ 134.5659485, 7.3465724 ], [ 134.565979, 7.3466058 ], [ 134.5660248, 7.3465362 ], [ 134.566177399999987, 7.3464694 ], [ 134.56633, 7.3464527 ], [ 134.5664825, 7.346386 ], [ 134.566741900000011, 7.3461137 ], [ 134.5668488, 7.3460445 ], [ 134.5673218, 7.345953 ], [ 134.567504899999989, 7.3459444 ], [ 134.5676422, 7.3458862 ], [ 134.5677033, 7.3457751 ], [ 134.567749, 7.3455887 ], [ 134.5680237, 7.3453169 ], [ 134.5682526, 7.3452444 ], [ 134.5684052, 7.3451805 ], [ 134.568634, 7.3449473 ], [ 134.5688171, 7.3448887 ], [ 134.5689697, 7.3447919 ], [ 134.5690308, 7.3447223 ], [ 134.5691071, 7.3446832 ], [ 134.569183399999986, 7.3447304 ], [ 134.5695648, 7.3446307 ], [ 134.569763200000011, 7.3446002 ], [ 134.5698808, 7.3446213 ], [ 134.5670073, 7.3426474 ], [ 134.5668651, 7.3425497 ], [ 134.5500451, 7.3309953 ], [ 134.5491581, 7.3303355 ], [ 134.5491486, 7.3303499 ], [ 134.549087500000013, 7.3305221 ], [ 134.5489655, 7.3306027 ], [ 134.5489044, 7.3306804 ], [ 134.548858599999988, 7.3308001 ], [ 134.548858599999988, 7.3309169 ], [ 134.5489197, 7.3309779 ], [ 134.5490265, 7.3309526 ], [ 134.549194300000011, 7.3309526 ], [ 134.549484299999989, 7.3310418 ], [ 134.5495453, 7.3310919 ], [ 134.5495606, 7.331203 ], [ 134.5495453, 7.3312779 ], [ 134.549408, 7.3313026 ], [ 134.549194300000011, 7.3314276 ], [ 134.5490723, 7.3316026 ], [ 134.5490723, 7.3317137 ], [ 134.5490112, 7.3317833 ], [ 134.5489044, 7.3318 ], [ 134.5487824, 7.3319082 ], [ 134.5486908, 7.3321834 ], [ 134.5485535, 7.3322444 ], [ 134.54837040000001, 7.3324137 ], [ 134.5483093, 7.3324332 ], [ 134.5481873, 7.3323665 ], [ 134.5480804, 7.3322415 ], [ 134.5480652, 7.3320332 ], [ 134.5481567, 7.3318749 ], [ 134.5481873, 7.331728 ], [ 134.548172, 7.331439 ], [ 134.5480957, 7.3313389 ], [ 134.5479279, 7.3312721 ], [ 134.5475769, 7.3311944 ], [ 134.547561699999989, 7.3311667 ], [ 134.547531099999986, 7.3311224 ], [ 134.547546399999987, 7.330997 ], [ 134.5476074, 7.3306279 ], [ 134.5477142, 7.3304915 ], [ 134.547821, 7.3303528 ], [ 134.5480042, 7.3302751 ], [ 134.5481567, 7.3301554 ], [ 134.5483093, 7.329978 ], [ 134.5484384, 7.3298001 ], [ 134.533091399999989, 7.3183842 ], [ 134.530295599999988, 7.3186221 ], [ 134.5270392, 7.3328637 ], [ 134.526787899999988, 7.3339631 ], [ 134.5263086, 7.336059 ], [ 134.5261189, 7.3368889 ], [ 134.526056399999987, 7.3371622 ], [ 134.5254064, 7.340005 ], [ 134.5253582, 7.3402157 ], [ 134.5251024, 7.3406286 ], [ 134.5241364, 7.3421883 ], [ 134.52308, 7.3438938 ], [ 134.522342900000012, 7.3450837 ], [ 134.5219505, 7.3457173 ], [ 134.5213196, 7.3467359 ], [ 134.5210978, 7.347094 ], [ 134.5209773, 7.3472884 ], [ 134.5196483, 7.3494341 ], [ 134.515946500000013, 7.3554105 ], [ 134.516174299999989, 7.3553834 ], [ 134.5163574, 7.3553891 ], [ 134.516525300000012, 7.3553472 ], [ 134.5167084, 7.3553333 ], [ 134.5169373, 7.3554139 ], [ 134.5171661, 7.3555389 ], [ 134.517257699999988, 7.3557472 ], [ 134.5174255, 7.3557916 ], [ 134.517730699999987, 7.355825 ], [ 134.5184174, 7.3560414 ], [ 134.51857, 7.3560472 ], [ 134.5189667, 7.3562417 ], [ 134.519043, 7.3562279 ], [ 134.519104, 7.3561611 ], [ 134.5191498, 7.3560915 ], [ 134.519195599999989, 7.3559194 ], [ 134.5192108, 7.3557138 ], [ 134.5193787, 7.3555417 ], [ 134.5194855, 7.3553276 ], [ 134.5196381, 7.3551998 ], [ 134.519866900000011, 7.3552389 ], [ 134.5201111, 7.3553224 ], [ 134.520263699999987, 7.3553529 ], [ 134.5204163, 7.355361 ], [ 134.5205536, 7.3553252 ], [ 134.520858800000013, 7.3551168 ], [ 134.5210724, 7.3548527 ], [ 134.521225, 7.3547473 ], [ 134.5213928, 7.3547444 ], [ 134.521575899999988, 7.3547835 ], [ 134.521713299999988, 7.3547669 ], [ 134.521820100000014, 7.3547001 ], [ 134.5219421, 7.3546972 ], [ 134.5220795, 7.3547196 ], [ 134.5221558, 7.354836 ], [ 134.5222473, 7.3549137 ], [ 134.5223541, 7.3549557 ], [ 134.5225678, 7.35495 ], [ 134.5223846, 7.3548918 ], [ 134.5222473, 7.3547888 ], [ 134.5221558, 7.3546639 ], [ 134.52211, 7.3544998 ], [ 134.5221252, 7.3543887 ], [ 134.5222626, 7.3542914 ], [ 134.522293100000013, 7.3541722 ], [ 134.522308399999986, 7.3540053 ], [ 134.522186299999987, 7.3536196 ], [ 134.5222168, 7.3534751 ], [ 134.522308399999986, 7.3533583 ], [ 134.5226135, 7.3530889 ], [ 134.522934, 7.3528833 ], [ 134.523025499999989, 7.3527861 ], [ 134.522995, 7.3526197 ], [ 134.522995, 7.3523388 ], [ 134.5230866, 7.3522058 ], [ 134.5231628, 7.3518305 ], [ 134.523254400000013, 7.3516831 ], [ 134.5233917, 7.3515778 ], [ 134.5235291, 7.3515196 ], [ 134.5236969, 7.351553 ], [ 134.523819, 7.3515554 ], [ 134.5239105, 7.3514724 ], [ 134.523986799999989, 7.351336 ], [ 134.5240784, 7.3512859 ], [ 134.5241699, 7.3512778 ], [ 134.523941, 7.3510613 ], [ 134.52383420000001, 7.351028 ], [ 134.5235748, 7.3510776 ], [ 134.5234528, 7.3510447 ], [ 134.5234222, 7.3511276 ], [ 134.5233307, 7.3511667 ], [ 134.523254400000013, 7.3511529 ], [ 134.5232086, 7.3511 ], [ 134.523147599999987, 7.3507443 ], [ 134.5231781, 7.3506584 ], [ 134.523254400000013, 7.3506112 ], [ 134.5233307, 7.3506165 ], [ 134.5233002, 7.3504639 ], [ 134.5231018, 7.3502221 ], [ 134.5229034, 7.35005 ], [ 134.52287290000001, 7.3499613 ], [ 134.522934, 7.3495054 ], [ 134.5230866, 7.3492584 ], [ 134.5231781, 7.3492141 ], [ 134.5233154, 7.349225 ], [ 134.5234222, 7.3492723 ], [ 134.5234833, 7.3496304 ], [ 134.523513799999989, 7.3497224 ], [ 134.5239105, 7.3499556 ], [ 134.5241394, 7.3500748 ], [ 134.5242615, 7.3501973 ], [ 134.524322500000011, 7.3503418 ], [ 134.524322500000011, 7.3504748 ], [ 134.5242767, 7.3505859 ], [ 134.524093599999986, 7.3506804 ], [ 134.5240631, 7.3507195 ], [ 134.524108899999987, 7.3507834 ], [ 134.524581899999987, 7.3508554 ], [ 134.5246277, 7.3507834 ], [ 134.5248566, 7.3506665 ], [ 134.5250092, 7.3506527 ], [ 134.5251465, 7.3505917 ], [ 134.5252533, 7.3506222 ], [ 134.5254517, 7.3507419 ], [ 134.525558499999988, 7.3506084 ], [ 134.525543199999987, 7.350522 ], [ 134.5254822, 7.3504391 ], [ 134.5254974, 7.350328 ], [ 134.5257111, 7.3502193 ], [ 134.5258789, 7.3502445 ], [ 134.5259552, 7.350328 ], [ 134.526062, 7.3502693 ], [ 134.526153599999986, 7.3502417 ], [ 134.5262299, 7.3501582 ], [ 134.5263367, 7.3501 ], [ 134.5265808, 7.3502722 ], [ 134.526611300000013, 7.3504334 ], [ 134.526519799999988, 7.3508139 ], [ 134.5265961, 7.3508945 ], [ 134.526641899999987, 7.3510418 ], [ 134.5265808, 7.3511777 ], [ 134.5264893, 7.3512445 ], [ 134.526382500000011, 7.3512611 ], [ 134.5262909, 7.3512363 ], [ 134.5262299, 7.3512778 ], [ 134.5261841, 7.3513308 ], [ 134.526138300000014, 7.3515306 ], [ 134.526062, 7.3515582 ], [ 134.5259399, 7.3516526 ], [ 134.52589420000001, 7.3516026 ], [ 134.5258331, 7.3516083 ], [ 134.5258637, 7.3516693 ], [ 134.5259247, 7.351747 ], [ 134.5259247, 7.3519387 ], [ 134.526001, 7.3518972 ], [ 134.5262146, 7.3517389 ], [ 134.5263519, 7.3517304 ], [ 134.5265656, 7.351861 ], [ 134.5266724, 7.3520556 ], [ 134.5267944, 7.3519974 ], [ 134.5269013, 7.3519168 ], [ 134.526977499999987, 7.3518972 ], [ 134.527114899999987, 7.3516722 ], [ 134.5271912, 7.351614 ], [ 134.5272827, 7.3516111 ], [ 134.5273743, 7.3516474 ], [ 134.5274048, 7.3517585 ], [ 134.5273895, 7.3518887 ], [ 134.527481099999989, 7.3520694 ], [ 134.5275574, 7.3521085 ], [ 134.527603199999987, 7.3520222 ], [ 134.5275421, 7.3519197 ], [ 134.5274963, 7.3517804 ], [ 134.527481099999989, 7.3516111 ], [ 134.5275116, 7.3515167 ], [ 134.5275574, 7.3513613 ], [ 134.5277252, 7.351089 ], [ 134.527816800000011, 7.3510056 ], [ 134.527694700000012, 7.3508277 ], [ 134.5276184, 7.350811 ], [ 134.5274963, 7.3505917 ], [ 134.5274506, 7.3506417 ], [ 134.527343800000011, 7.3506832 ], [ 134.5272675, 7.3507361 ], [ 134.527221700000013, 7.3507195 ], [ 134.5270691, 7.3504582 ], [ 134.5270691, 7.3503804 ], [ 134.52742, 7.3499694 ], [ 134.5275269, 7.3499584 ], [ 134.5276184, 7.3500419 ], [ 134.527771, 7.3500667 ], [ 134.527954099999988, 7.3502417 ], [ 134.528076199999987, 7.3503251 ], [ 134.5280914, 7.3503971 ], [ 134.5281372, 7.3504248 ], [ 134.528244, 7.3503861 ], [ 134.5283661, 7.3503056 ], [ 134.528549199999986, 7.3500915 ], [ 134.5287933, 7.3496113 ], [ 134.5288086, 7.3494749 ], [ 134.528778100000011, 7.3493276 ], [ 134.528717, 7.3492165 ], [ 134.528549199999986, 7.3488498 ], [ 134.5285187, 7.3487363 ], [ 134.528564499999987, 7.3486276 ], [ 134.528671300000013, 7.3485112 ], [ 134.5288239, 7.348475 ], [ 134.52890020000001, 7.3483529 ], [ 134.529007, 7.3482027 ], [ 134.52890020000001, 7.3481665 ], [ 134.5288239, 7.3480582 ], [ 134.528778100000011, 7.3479028 ], [ 134.528778100000011, 7.347764 ], [ 134.5288849, 7.3475943 ], [ 134.5289917, 7.347528 ], [ 134.5290833, 7.3475165 ], [ 134.5291748, 7.3476276 ], [ 134.5293274, 7.3478055 ], [ 134.5294647, 7.347878 ], [ 134.5299225, 7.3478832 ], [ 134.529953, 7.3477693 ], [ 134.5299225, 7.3476501 ], [ 134.5298309, 7.347425 ], [ 134.52986150000001, 7.3473139 ], [ 134.529953, 7.347239 ], [ 134.5301971, 7.3471308 ], [ 134.5303192, 7.3470974 ], [ 134.530456500000014, 7.3470836 ], [ 134.5306091, 7.3468471 ], [ 134.5306702, 7.346786 ], [ 134.5307617, 7.3467832 ], [ 134.530777, 7.3466859 ], [ 134.5308685, 7.3466139 ], [ 134.5309906, 7.3465776 ], [ 134.5312347, 7.3467917 ], [ 134.5313416, 7.3469138 ], [ 134.5315094, 7.3469863 ], [ 134.5316162, 7.3471026 ], [ 134.531723, 7.3471308 ], [ 134.531799299999989, 7.3471971 ], [ 134.5319672, 7.34725 ], [ 134.532028200000013, 7.347311 ], [ 134.5321198, 7.3473196 ], [ 134.5323486, 7.3471613 ], [ 134.532547, 7.3468862 ], [ 134.5328522, 7.3468776 ], [ 134.5329437, 7.3468084 ], [ 134.532974200000012, 7.3466835 ], [ 134.532989500000014, 7.3465586 ], [ 134.5330353, 7.3464332 ], [ 134.5330505, 7.3463197 ], [ 134.5331268, 7.3461499 ], [ 134.533111600000012, 7.3461113 ], [ 134.5331574, 7.346086 ], [ 134.5332642, 7.3461447 ], [ 134.533355699999987, 7.3462248 ], [ 134.533569300000011, 7.3463502 ], [ 134.5336762, 7.346447 ], [ 134.534195, 7.3467641 ], [ 134.5343475, 7.3468776 ], [ 134.534256, 7.3468971 ], [ 134.5341492, 7.3468752 ], [ 134.5337982, 7.3466582 ], [ 134.5336762, 7.3465586 ], [ 134.5336609, 7.3465862 ], [ 134.5336456, 7.3466582 ], [ 134.5336914, 7.3469195 ], [ 134.5337677, 7.347136 ], [ 134.5337524, 7.3472915 ], [ 134.53370670000001, 7.3474641 ], [ 134.5336151, 7.3475418 ], [ 134.5335083, 7.3477111 ], [ 134.5334015, 7.3480387 ], [ 134.533111600000012, 7.3484778 ], [ 134.5327759, 7.348711 ], [ 134.532760599999989, 7.3488193 ], [ 134.532638600000013, 7.3491139 ], [ 134.532623300000012, 7.3492165 ], [ 134.5325623, 7.3492665 ], [ 134.5325928, 7.3493862 ], [ 134.5325623, 7.3495221 ], [ 134.532409699999988, 7.3497443 ], [ 134.5323334, 7.3498278 ], [ 134.532272299999988, 7.349875 ], [ 134.532287599999989, 7.3499279 ], [ 134.5323334, 7.3499665 ], [ 134.5323181, 7.3500166 ], [ 134.53225710000001, 7.3500586 ], [ 134.5321808, 7.3502026 ], [ 134.5321045, 7.3502917 ], [ 134.5319977, 7.3503804 ], [ 134.5318451, 7.35045 ], [ 134.5317688, 7.3505387 ], [ 134.5315704, 7.350678 ], [ 134.531539900000013, 7.3508139 ], [ 134.5314636, 7.3509278 ], [ 134.5311585, 7.3509641 ], [ 134.5310059, 7.3510084 ], [ 134.5308685, 7.3510861 ], [ 134.5308075, 7.3511581 ], [ 134.530838, 7.3512335 ], [ 134.53082280000001, 7.3513165 ], [ 134.5307159, 7.3514609 ], [ 134.5305634, 7.3517332 ], [ 134.530471799999987, 7.3518086 ], [ 134.5304108, 7.3518391 ], [ 134.5305328, 7.3519974 ], [ 134.5306549, 7.3521085 ], [ 134.5308075, 7.3523307 ], [ 134.5309753, 7.3524804 ], [ 134.531082199999986, 7.3526082 ], [ 134.5311432, 7.3530555 ], [ 134.5311127, 7.3535914 ], [ 134.5311127, 7.3538055 ], [ 134.531173700000011, 7.3540082 ], [ 134.531311, 7.3540082 ], [ 134.5314026, 7.3535609 ], [ 134.5314636, 7.3534331 ], [ 134.5315704, 7.3533473 ], [ 134.5316315, 7.3531942 ], [ 134.5317688, 7.3530474 ], [ 134.532028200000013, 7.353014 ], [ 134.532287599999989, 7.3528724 ], [ 134.5324402, 7.3528695 ], [ 134.5325775, 7.3528891 ], [ 134.5326843, 7.3530111 ], [ 134.5327301, 7.3530808 ], [ 134.532867399999986, 7.3530502 ], [ 134.53302, 7.3530445 ], [ 134.5332031, 7.3532305 ], [ 134.5336151, 7.3533859 ], [ 134.53370670000001, 7.3535166 ], [ 134.533828699999987, 7.3535028 ], [ 134.533783, 7.3532639 ], [ 134.533721899999989, 7.3530111 ], [ 134.5336914, 7.3526249 ], [ 134.5336609, 7.3521862 ], [ 134.533584600000012, 7.3520055 ], [ 134.5335541, 7.3518529 ], [ 134.533828699999987, 7.3518276 ], [ 134.5338898, 7.3519335 ], [ 134.533828699999987, 7.3522167 ], [ 134.5338898, 7.3522582 ], [ 134.5340271, 7.3520861 ], [ 134.534195, 7.3519278 ], [ 134.5343628, 7.3518362 ], [ 134.534729, 7.3516002 ], [ 134.5350037, 7.3513331 ], [ 134.5351715, 7.3509975 ], [ 134.535385100000013, 7.3505445 ], [ 134.5354309, 7.3502693 ], [ 134.535507200000012, 7.3501864 ], [ 134.5356598, 7.3501668 ], [ 134.5359039, 7.3501835 ], [ 134.5360565, 7.3502054 ], [ 134.5361786, 7.3502498 ], [ 134.5362854, 7.3501639 ], [ 134.536361699999986, 7.3498502 ], [ 134.536361699999986, 7.3497138 ], [ 134.5363312, 7.3495555 ], [ 134.5362854, 7.3494639 ], [ 134.5361786, 7.3494 ], [ 134.5361786, 7.3493223 ], [ 134.536239599999988, 7.3492389 ], [ 134.536361699999986, 7.3491473 ], [ 134.5364533, 7.3489943 ], [ 134.536483800000013, 7.348836 ], [ 134.536468500000012, 7.3487167 ], [ 134.5363312, 7.3484974 ], [ 134.5362091, 7.3482223 ], [ 134.5361939, 7.3480887 ], [ 134.5363159, 7.3478918 ], [ 134.5364075, 7.3478055 ], [ 134.5365448, 7.3477693 ], [ 134.5368958, 7.3478279 ], [ 134.5370026, 7.3479276 ], [ 134.537200899999988, 7.348311 ], [ 134.5372772, 7.3483944 ], [ 134.5374603, 7.3484473 ], [ 134.5377197, 7.3484836 ], [ 134.5379639, 7.3485475 ], [ 134.5381165, 7.3485475 ], [ 134.53863530000001, 7.3486943 ], [ 134.5388336, 7.3486943 ], [ 134.5389404, 7.3486724 ], [ 134.5393982, 7.3486943 ], [ 134.5396881, 7.3487415 ], [ 134.5401611, 7.3488584 ], [ 134.5402527, 7.3489137 ], [ 134.5402527, 7.3490138 ], [ 134.5401611, 7.3491836 ], [ 134.5399017, 7.3494721 ], [ 134.5397797, 7.3495526 ], [ 134.539611799999989, 7.3496027 ], [ 134.539367700000014, 7.3495832 ], [ 134.5391998, 7.3495445 ], [ 134.538986200000011, 7.349525 ], [ 134.5388184, 7.3495474 ], [ 134.538406400000014, 7.3495693 ], [ 134.5381928, 7.3495665 ], [ 134.538024900000011, 7.3495445 ], [ 134.5378418, 7.3495693 ], [ 134.5374908, 7.3497391 ], [ 134.5373993, 7.3498778 ], [ 134.5372467, 7.3501835 ], [ 134.5371399, 7.350275 ], [ 134.5369873, 7.3503614 ], [ 134.53671270000001, 7.3504725 ], [ 134.5365295, 7.3504639 ], [ 134.53610230000001, 7.3503666 ], [ 134.5357208, 7.350328 ], [ 134.5356598, 7.3503389 ], [ 134.535614, 7.3504195 ], [ 134.5355682, 7.3506026 ], [ 134.5353699, 7.3510194 ], [ 134.5352325, 7.3512387 ], [ 134.5351715, 7.3514166 ], [ 134.5350952, 7.3515225 ], [ 134.5348358, 7.3516974 ], [ 134.5347138, 7.3518748 ], [ 134.534332299999988, 7.3519859 ], [ 134.5339813, 7.3524137 ], [ 134.533966099999986, 7.3524804 ], [ 134.534057600000011, 7.3524637 ], [ 134.534195, 7.3523831 ], [ 134.5343018, 7.3522887 ], [ 134.5344086, 7.3522472 ], [ 134.534530600000011, 7.3521776 ], [ 134.5346985, 7.3521776 ], [ 134.5350494, 7.352139 ], [ 134.5351715, 7.3522306 ], [ 134.5352173, 7.3522248 ], [ 134.5352631, 7.3521442 ], [ 134.535385100000013, 7.352097 ], [ 134.535553, 7.3520947 ], [ 134.5356751, 7.3521333 ], [ 134.5362701, 7.3521419 ], [ 134.5365295, 7.3521252 ], [ 134.536743199999989, 7.3521915 ], [ 134.5369263, 7.3522697 ], [ 134.53706360000001, 7.3522973 ], [ 134.5371857, 7.3522334 ], [ 134.537551900000011, 7.3521833 ], [ 134.537689199999988, 7.3522248 ], [ 134.5377655, 7.3522973 ], [ 134.5379486, 7.3522887 ], [ 134.5381165, 7.3522334 ], [ 134.5385437, 7.3521304 ], [ 134.538681, 7.3520498 ], [ 134.5388489, 7.3519249 ], [ 134.5390167, 7.3518276 ], [ 134.539505, 7.3517499 ], [ 134.539505, 7.3516917 ], [ 134.5395813, 7.3516417 ], [ 134.539566, 7.3516026 ], [ 134.5395355, 7.3516192 ], [ 134.5395203, 7.3515887 ], [ 134.53959660000001, 7.3515472 ], [ 134.539611799999989, 7.3515778 ], [ 134.53959660000001, 7.3515916 ], [ 134.539611799999989, 7.3516278 ], [ 134.5396576, 7.3516054 ], [ 134.5397034, 7.351686 ], [ 134.5397644, 7.3516722 ], [ 134.539825400000012, 7.3516083 ], [ 134.5399323, 7.3515554 ], [ 134.540084799999988, 7.3514304 ], [ 134.540206899999987, 7.3513026 ], [ 134.5402374, 7.3511472 ], [ 134.540313700000013, 7.3510447 ], [ 134.5405426, 7.3509831 ], [ 134.5406036, 7.3508444 ], [ 134.540679899999986, 7.3508472 ], [ 134.5410156, 7.3505974 ], [ 134.541183499999988, 7.3505054 ], [ 134.541671799999989, 7.3502832 ], [ 134.5419617, 7.350111 ], [ 134.542266899999987, 7.3499999 ], [ 134.543212899999986, 7.3498168 ], [ 134.543869, 7.3498721 ], [ 134.5443268, 7.3499417 ], [ 134.544555699999989, 7.3500419 ], [ 134.544891400000012, 7.3501473 ], [ 134.5450592, 7.3500915 ], [ 134.545120200000014, 7.3501415 ], [ 134.5452728, 7.3501167 ], [ 134.5454254, 7.3501277 ], [ 134.5458679, 7.3502359 ], [ 134.5461426, 7.3503304 ], [ 134.5463715, 7.3504582 ], [ 134.5465241, 7.3506165 ], [ 134.5468292, 7.3508582 ], [ 134.5469055, 7.3510666 ], [ 134.546951299999989, 7.3513308 ], [ 134.5469666, 7.3515444 ], [ 134.5471191, 7.3516111 ], [ 134.5471954, 7.3517919 ], [ 134.547287, 7.3517723 ], [ 134.5475159, 7.3519278 ], [ 134.548172, 7.3522363 ], [ 134.5482788, 7.3523998 ], [ 134.5483246, 7.3525362 ], [ 134.5484161, 7.3525777 ], [ 134.5484467, 7.3526387 ], [ 134.548492399999986, 7.3526335 ], [ 134.548523, 7.3525276 ], [ 134.5485535, 7.3524637 ], [ 134.5486908, 7.352447 ], [ 134.5489349, 7.3524637 ], [ 134.549224900000013, 7.3525085 ], [ 134.5495606, 7.3525944 ], [ 134.549697900000012, 7.352664 ], [ 134.54980470000001, 7.3526416 ], [ 134.5500946, 7.3528137 ], [ 134.5502014, 7.352839 ], [ 134.550293, 7.3528276 ], [ 134.5503693, 7.3528805 ], [ 134.550552399999987, 7.3528833 ], [ 134.5509644, 7.3529277 ], [ 134.5510864, 7.3529697 ], [ 134.551269499999989, 7.3531637 ], [ 134.5512848, 7.3532639 ], [ 134.551254300000011, 7.353322 ], [ 134.551376299999987, 7.3533416 ], [ 134.5514221, 7.3532972 ], [ 134.551498400000014, 7.3533554 ], [ 134.551498400000014, 7.3534222 ], [ 134.5515442, 7.3533168 ], [ 134.551605200000012, 7.3532529 ], [ 134.5516968, 7.3532333 ], [ 134.5522766, 7.3529835 ], [ 134.5524292, 7.3528972 ], [ 134.5528565, 7.3528805 ], [ 134.552963299999988, 7.3528223 ], [ 134.5531006, 7.3528137 ], [ 134.5535889, 7.3528304 ], [ 134.553665200000012, 7.3527665 ], [ 134.5538483, 7.3527308 ], [ 134.5540009, 7.3527498 ], [ 134.5540466, 7.3527832 ], [ 134.5544128, 7.3527279 ], [ 134.554489100000012, 7.3526526 ], [ 134.5545807, 7.3526082 ], [ 134.5547028, 7.3526082 ], [ 134.5547943, 7.3526387 ], [ 134.5548401, 7.3526917 ], [ 134.5549011, 7.3526945 ], [ 134.5549622, 7.3526502 ], [ 134.5551758, 7.3526001 ], [ 134.5552826, 7.352561 ], [ 134.555938700000013, 7.352561 ], [ 134.556060800000012, 7.3526001 ], [ 134.556366, 7.3526278 ], [ 134.5565033, 7.3526053 ], [ 134.5567627, 7.3525333 ], [ 134.557022100000012, 7.3524251 ], [ 134.557159399999989, 7.3524165 ], [ 134.5573731, 7.3524556 ], [ 134.557769799999988, 7.3523192 ], [ 134.557876599999986, 7.3523002 ], [ 134.557998700000013, 7.3523054 ], [ 134.5583801, 7.3525972 ], [ 134.558471700000013, 7.3526363 ], [ 134.55867, 7.3528805 ], [ 134.5587769, 7.3529363 ], [ 134.558822600000013, 7.3529887 ], [ 134.558853199999987, 7.3530693 ], [ 134.5589142, 7.353147 ], [ 134.5591431, 7.3532558 ], [ 134.5592346, 7.3533945 ], [ 134.559372, 7.3538332 ], [ 134.559372, 7.3539085 ], [ 134.5594635, 7.3540974 ], [ 134.5594788, 7.3541832 ], [ 134.5594482, 7.3543167 ], [ 134.559372, 7.3544583 ], [ 134.559372, 7.3545303 ], [ 134.5593414, 7.3546443 ], [ 134.5591583, 7.3549609 ], [ 134.5591431, 7.3550553 ], [ 134.5591126, 7.3552084 ], [ 134.5591278, 7.3555832 ], [ 134.5590973, 7.355711 ], [ 134.559082, 7.3558221 ], [ 134.5591278, 7.355875 ], [ 134.559188799999987, 7.3558054 ], [ 134.5592804, 7.3558612 ], [ 134.5593567, 7.3559556 ], [ 134.5594025, 7.3561053 ], [ 134.559372, 7.3561945 ], [ 134.5595856, 7.35635 ], [ 134.5596466, 7.3565054 ], [ 134.5598908, 7.3567276 ], [ 134.5599365, 7.3568306 ], [ 134.5602417, 7.3570862 ], [ 134.560318, 7.3571334 ], [ 134.560409600000014, 7.3571611 ], [ 134.56050110000001, 7.3572416 ], [ 134.5605927, 7.3572998 ], [ 134.5608521, 7.357553 ], [ 134.5610046, 7.357861 ], [ 134.5610352, 7.3578916 ], [ 134.5610657, 7.3579249 ], [ 134.56111150000001, 7.3579416 ], [ 134.5612183, 7.3580637 ], [ 134.561264, 7.3582501 ], [ 134.561142, 7.358386 ], [ 134.5610046, 7.3591418 ], [ 134.5610657, 7.3591442 ], [ 134.56111150000001, 7.3589001 ], [ 134.561203, 7.3589139 ], [ 134.5612793, 7.3584776 ], [ 134.5612793, 7.3584557 ], [ 134.561355600000013, 7.3584609 ], [ 134.561554, 7.3584695 ], [ 134.561843900000014, 7.3585167 ], [ 134.5618591, 7.3585081 ], [ 134.5618897, 7.3584805 ], [ 134.5618744, 7.3584333 ], [ 134.561828600000013, 7.3582888 ], [ 134.5617981, 7.3580084 ], [ 134.5617676, 7.3578057 ], [ 134.5617676, 7.3575501 ], [ 134.5617828, 7.3574305 ], [ 134.561737099999988, 7.3572998 ], [ 134.561706500000014, 7.357111 ], [ 134.561706500000014, 7.3571081 ], [ 134.5616455, 7.3568859 ], [ 134.561599699999988, 7.3566055 ], [ 134.5615387, 7.3564529 ], [ 134.561554, 7.3563752 ], [ 134.561462400000011, 7.356175 ], [ 134.5614166, 7.3559942 ], [ 134.5614166, 7.3559918 ], [ 134.5614014, 7.3558278 ], [ 134.5614166, 7.3556166 ], [ 134.561462400000011, 7.3555446 ], [ 134.561676, 7.3555331 ], [ 134.561843900000014, 7.3554945 ], [ 134.5619965, 7.3555002 ], [ 134.5620575, 7.3555446 ], [ 134.56207280000001, 7.3555861 ], [ 134.5621491, 7.3556471 ], [ 134.562194799999986, 7.35565 ], [ 134.5625153, 7.3557224 ], [ 134.5624847, 7.3558335 ], [ 134.562316900000013, 7.3557887 ], [ 134.5622864, 7.3558083 ], [ 134.562316900000013, 7.3559165 ], [ 134.5622864, 7.3559833 ], [ 134.5621491, 7.3560276 ], [ 134.5619202, 7.3560305 ], [ 134.5617676, 7.356236 ], [ 134.5617676, 7.3563724 ], [ 134.561843900000014, 7.3564668 ], [ 134.5618744, 7.3565526 ], [ 134.561828600000013, 7.3567891 ], [ 134.5618744, 7.3568974 ], [ 134.5619049, 7.3573971 ], [ 134.56193540000001, 7.3575363 ], [ 134.561950700000011, 7.3576832 ], [ 134.5619049, 7.3577666 ], [ 134.5619049, 7.357903 ], [ 134.5619812, 7.3581557 ], [ 134.5620117, 7.3585391 ], [ 134.5622711, 7.3586917 ], [ 134.562698399999988, 7.3590026 ], [ 134.5629578, 7.3591332 ], [ 134.5630035, 7.3591585 ], [ 134.5630646, 7.3591418 ], [ 134.5631409, 7.3591585 ], [ 134.5632019, 7.3592081 ], [ 134.5631409, 7.3592944 ], [ 134.5632172, 7.3595748 ], [ 134.563293499999986, 7.3596668 ], [ 134.5633545, 7.3597527 ], [ 134.56350710000001, 7.3598251 ], [ 134.5635834, 7.3599081 ], [ 134.5637817, 7.360014 ], [ 134.56399540000001, 7.3602333 ], [ 134.5642853, 7.3608861 ], [ 134.5643921, 7.3612919 ], [ 134.5643768, 7.3613915 ], [ 134.5643158, 7.3615112 ], [ 134.56427, 7.3616638 ], [ 134.5641785, 7.3619194 ], [ 134.564117399999986, 7.3621526 ], [ 134.564117399999986, 7.3623223 ], [ 134.5639191, 7.3626027 ], [ 134.5637817, 7.3626609 ], [ 134.5634308, 7.3628583 ], [ 134.5632019, 7.3629584 ], [ 134.5630951, 7.3630276 ], [ 134.5628357, 7.3630304 ], [ 134.562789900000013, 7.3629723 ], [ 134.562698399999988, 7.3629193 ], [ 134.5627747, 7.3631415 ], [ 134.5627289, 7.3632665 ], [ 134.5626373, 7.3633084 ], [ 134.5622406, 7.3633971 ], [ 134.562027, 7.3633862 ], [ 134.5618744, 7.3633332 ], [ 134.561615, 7.3633361 ], [ 134.5614014, 7.3632417 ], [ 134.5612946, 7.363214 ], [ 134.5612183, 7.3631611 ], [ 134.5611877, 7.3630748 ], [ 134.561126699999988, 7.3630776 ], [ 134.5610809, 7.3631859 ], [ 134.561126699999988, 7.3633752 ], [ 134.56111150000001, 7.3634501 ], [ 134.5609589, 7.3635082 ], [ 134.560745200000014, 7.3635387 ], [ 134.5607147, 7.3635721 ], [ 134.560760499999986, 7.3636389 ], [ 134.5608063, 7.363647 ], [ 134.560882600000014, 7.3636193 ], [ 134.5609283, 7.3636279 ], [ 134.5609436, 7.3636918 ], [ 134.560882600000014, 7.3637776 ], [ 134.5609131, 7.363811 ], [ 134.5609589, 7.3637943 ], [ 134.5610504, 7.3638387 ], [ 134.5611725, 7.3639474 ], [ 134.5614166, 7.364286 ], [ 134.561477700000012, 7.3644862 ], [ 134.561554, 7.3645916 ], [ 134.5617523, 7.3651362 ], [ 134.561843900000014, 7.3654499 ], [ 134.5618591, 7.3658891 ], [ 134.561843900000014, 7.3660359 ], [ 134.5618134, 7.3661165 ], [ 134.5619659, 7.3663416 ], [ 134.5620117, 7.3665609 ], [ 134.5620422, 7.3668389 ], [ 134.5621491, 7.3669028 ], [ 134.562194799999986, 7.3670111 ], [ 134.562194799999986, 7.367311 ], [ 134.5622864, 7.3674026 ], [ 134.5624542, 7.3675194 ], [ 134.5626526, 7.3676086 ], [ 134.562789900000013, 7.3677502 ], [ 134.5628815, 7.3679695 ], [ 134.5629578, 7.3681612 ], [ 134.5630035, 7.3680582 ], [ 134.5630951, 7.3679667 ], [ 134.5631409, 7.3679776 ], [ 134.563385, 7.3677111 ], [ 134.5635834, 7.3677054 ], [ 134.563751200000013, 7.3678193 ], [ 134.564224200000012, 7.3680749 ], [ 134.564239500000014, 7.3681002 ], [ 134.564361600000012, 7.3683305 ], [ 134.5646362, 7.3685751 ], [ 134.564712500000013, 7.3686972 ], [ 134.564682, 7.3688722 ], [ 134.564621, 7.3690195 ], [ 134.564621, 7.3691611 ], [ 134.564682, 7.3691888 ], [ 134.56495670000001, 7.3694501 ], [ 134.565078699999987, 7.3695998 ], [ 134.5654602, 7.3699307 ], [ 134.565567, 7.3701749 ], [ 134.5655518, 7.3703361 ], [ 134.5653687, 7.3708167 ] ], [ [ 134.5326996, 7.3450141 ], [ 134.5326843, 7.3453527 ], [ 134.5327148, 7.3454223 ], [ 134.5328522, 7.3455138 ], [ 134.5329437, 7.3456807 ], [ 134.533004799999986, 7.3458557 ], [ 134.5331726, 7.345911 ], [ 134.5331879, 7.3459806 ], [ 134.5332642, 7.3460555 ], [ 134.533721899999989, 7.3463502 ], [ 134.5337982, 7.346386 ], [ 134.5339203, 7.3465085 ], [ 134.533966099999986, 7.3465443 ], [ 134.5341492, 7.3465304 ], [ 134.5341492, 7.3463554 ], [ 134.5342865, 7.3462696 ], [ 134.5343781, 7.3462305 ], [ 134.5346527, 7.3462391 ], [ 134.5348358, 7.3462195 ], [ 134.5349426, 7.3461609 ], [ 134.535018900000011, 7.3460946 ], [ 134.5350952, 7.3459859 ], [ 134.5351257, 7.3457222 ], [ 134.5351715, 7.3456359 ], [ 134.5352631, 7.3456054 ], [ 134.5354309, 7.3453665 ], [ 134.535522500000013, 7.3453169 ], [ 134.5355682, 7.3451943 ], [ 134.535553, 7.3450947 ], [ 134.5355377, 7.3450556 ], [ 134.535553, 7.3449831 ], [ 134.5355835, 7.3449445 ], [ 134.5355988, 7.3448973 ], [ 134.5358276, 7.3448668 ], [ 134.5359345, 7.3447223 ], [ 134.536026, 7.3446307 ], [ 134.53610230000001, 7.3445249 ], [ 134.5361328, 7.3444276 ], [ 134.53610230000001, 7.344111 ], [ 134.5360413, 7.3440557 ], [ 134.535965, 7.3438888 ], [ 134.535995500000013, 7.3437748 ], [ 134.535995500000013, 7.3435974 ], [ 134.5359345, 7.343472 ], [ 134.5358124, 7.3432641 ], [ 134.5357971, 7.3431473 ], [ 134.5357361, 7.3430638 ], [ 134.5356751, 7.342936 ], [ 134.5357056, 7.3428502 ], [ 134.535751299999987, 7.3428888 ], [ 134.535751299999987, 7.3429527 ], [ 134.5358124, 7.3430224 ], [ 134.535965, 7.3431058 ], [ 134.5358582, 7.3431668 ], [ 134.535873400000014, 7.343214 ], [ 134.5359039, 7.3432946 ], [ 134.535980200000012, 7.3433585 ], [ 134.5361633, 7.3434501 ], [ 134.5362701, 7.3434529 ], [ 134.5363312, 7.3434057 ], [ 134.536361699999986, 7.343339 ], [ 134.536346400000014, 7.3432474 ], [ 134.536361699999986, 7.3431554 ], [ 134.5363312, 7.3431139 ], [ 134.536254899999989, 7.3430696 ], [ 134.5361786, 7.34305 ], [ 134.53610230000001, 7.3430529 ], [ 134.53610230000001, 7.3429942 ], [ 134.5361633, 7.3429251 ], [ 134.5362091, 7.342947 ], [ 134.5362701, 7.3429418 ], [ 134.5363159, 7.3429027 ], [ 134.5363312, 7.342814 ], [ 134.536377, 7.342803 ], [ 134.5364227, 7.342711 ], [ 134.536438, 7.3426137 ], [ 134.536483800000013, 7.3425584 ], [ 134.5365448, 7.3423863 ], [ 134.53657530000001, 7.3419752 ], [ 134.5366516, 7.3416529 ], [ 134.53671270000001, 7.3415527 ], [ 134.53671270000001, 7.3414192 ], [ 134.5366821, 7.3411946 ], [ 134.536743199999989, 7.3411584 ], [ 134.5368195, 7.3410363 ], [ 134.5368652, 7.340889 ], [ 134.5369263, 7.3407502 ], [ 134.536956800000013, 7.3406196 ], [ 134.5370026, 7.3400278 ], [ 134.5369873, 7.3398113 ], [ 134.5370483, 7.3397307 ], [ 134.5370331, 7.3396778 ], [ 134.53706360000001, 7.3395777 ], [ 134.5371246, 7.339561 ], [ 134.537200899999988, 7.3394585 ], [ 134.5373993, 7.3391333 ], [ 134.5375061, 7.338975 ], [ 134.5375977, 7.3388195 ], [ 134.537674, 7.338747 ], [ 134.5378723, 7.3385363 ], [ 134.5378723, 7.3383389 ], [ 134.5380096, 7.3379502 ], [ 134.5381012, 7.3377695 ], [ 134.538162199999988, 7.3374944 ], [ 134.538284299999987, 7.3374276 ], [ 134.5385284, 7.3370943 ], [ 134.5385895, 7.3369694 ], [ 134.5386658, 7.3368807 ], [ 134.538772599999987, 7.336822 ], [ 134.538879400000013, 7.3365998 ], [ 134.539123499999988, 7.3364248 ], [ 134.5391998, 7.3363195 ], [ 134.5392914, 7.3362417 ], [ 134.5393066, 7.3360748 ], [ 134.5393982, 7.3360724 ], [ 134.539489800000013, 7.3357973 ], [ 134.5397797, 7.3356972 ], [ 134.5401306, 7.3356609 ], [ 134.5402679, 7.3356252 ], [ 134.54039, 7.3355694 ], [ 134.5405273, 7.3355751 ], [ 134.5405121, 7.3354807 ], [ 134.5406342, 7.3354859 ], [ 134.540741, 7.3355389 ], [ 134.5408478, 7.3354836 ], [ 134.5409851, 7.3354778 ], [ 134.5412598, 7.3354306 ], [ 134.5413361, 7.3353725 ], [ 134.5414429, 7.33535 ], [ 134.5419617, 7.3352776 ], [ 134.5420685, 7.3352165 ], [ 134.5423279, 7.3352027 ], [ 134.542480500000011, 7.3351779 ], [ 134.5425415, 7.3351278 ], [ 134.5426483, 7.3349862 ], [ 134.5428009, 7.3349557 ], [ 134.5430298, 7.3349695 ], [ 134.5432892, 7.335011 ], [ 134.54342650000001, 7.335053 ], [ 134.543685900000014, 7.335228 ], [ 134.543792700000012, 7.3352723 ], [ 134.5438995, 7.3352585 ], [ 134.5440064, 7.3352027 ], [ 134.5441437, 7.3351665 ], [ 134.5442505, 7.3350778 ], [ 134.5444183, 7.3349972 ], [ 134.5445862, 7.3349443 ], [ 134.544662499999987, 7.3348475 ], [ 134.5447235, 7.3347998 ], [ 134.544891400000012, 7.3347526 ], [ 134.545013399999988, 7.3347278 ], [ 134.5455322, 7.3348389 ], [ 134.545639, 7.3347859 ], [ 134.545730600000013, 7.334722 ], [ 134.545837400000011, 7.3344889 ], [ 134.5459137, 7.3344002 ], [ 134.5461426, 7.3343582 ], [ 134.546203600000013, 7.3342891 ], [ 134.5463562, 7.3342695 ], [ 134.5465088, 7.3342748 ], [ 134.5466309, 7.3343139 ], [ 134.5467835, 7.3342695 ], [ 134.5468292, 7.3342333 ], [ 134.5467835, 7.3341193 ], [ 134.5467377, 7.3340859 ], [ 134.5467224, 7.3340387 ], [ 134.5467835, 7.3339558 ], [ 134.546707199999986, 7.3338666 ], [ 134.5467835, 7.3338113 ], [ 134.546875, 7.3336749 ], [ 134.546875, 7.3335166 ], [ 134.546814, 7.3332195 ], [ 134.5468597, 7.3331113 ], [ 134.5469208, 7.3329945 ], [ 134.547164900000013, 7.3327613 ], [ 134.5473938, 7.3323445 ], [ 134.5475769, 7.3321056 ], [ 134.5476074, 7.3319197 ], [ 134.5475922, 7.3317862 ], [ 134.547637900000012, 7.3317056 ], [ 134.547637900000012, 7.3316474 ], [ 134.5475922, 7.3315058 ], [ 134.547546399999987, 7.3314471 ], [ 134.5474854, 7.331461 ], [ 134.5474701, 7.3315029 ], [ 134.54740910000001, 7.3314972 ], [ 134.5473938, 7.3314748 ], [ 134.547424299999989, 7.3314419 ], [ 134.54740910000001, 7.3313999 ], [ 134.5474701, 7.3313112 ], [ 134.5474701, 7.3312554 ], [ 134.547424299999989, 7.3312416 ], [ 134.547348, 7.3312721 ], [ 134.547226, 7.3313446 ], [ 134.547073399999988, 7.331461 ], [ 134.5467529, 7.3314195 ], [ 134.5466156, 7.3314695 ], [ 134.5465241, 7.3315306 ], [ 134.5463409, 7.3317165 ], [ 134.5462647, 7.331728 ], [ 134.5462341, 7.3316112 ], [ 134.5461731, 7.3314972 ], [ 134.546203600000013, 7.3314304 ], [ 134.5463409, 7.3312721 ], [ 134.546463, 7.3311973 ], [ 134.5465088, 7.3311167 ], [ 134.5466003, 7.3309474 ], [ 134.5466309, 7.3308249 ], [ 134.546707199999986, 7.3307276 ], [ 134.5467835, 7.3306637 ], [ 134.546875, 7.3306165 ], [ 134.5469666, 7.3305998 ], [ 134.5470123, 7.3306193 ], [ 134.547058099999987, 7.3305974 ], [ 134.5470886, 7.3305335 ], [ 134.54727170000001, 7.3305388 ], [ 134.5473175, 7.3305693 ], [ 134.54740910000001, 7.3305168 ], [ 134.5476227, 7.3304887 ], [ 134.547653200000013, 7.3304305 ], [ 134.547653200000013, 7.3303638 ], [ 134.5476227, 7.3302527 ], [ 134.547653200000013, 7.3301196 ], [ 134.547668499999986, 7.3299666 ], [ 134.547637900000012, 7.329864 ], [ 134.5477448, 7.3296084 ], [ 134.5477295, 7.3295112 ], [ 134.547668499999986, 7.3294835 ], [ 134.5475922, 7.3295054 ], [ 134.5471954, 7.3295388 ], [ 134.5471191, 7.3295665 ], [ 134.5470276, 7.3296447 ], [ 134.5469208, 7.3296723 ], [ 134.546707199999986, 7.3296609 ], [ 134.546585099999987, 7.329689 ], [ 134.546402, 7.3297863 ], [ 134.5462647, 7.3299527 ], [ 134.5461731, 7.3299499 ], [ 134.546096799999987, 7.3299165 ], [ 134.5459442, 7.3297558 ], [ 134.5458832, 7.3297582 ], [ 134.5458069, 7.3298054 ], [ 134.5454407, 7.3296666 ], [ 134.5454102, 7.329639 ], [ 134.5453949, 7.3294945 ], [ 134.5453186, 7.3293834 ], [ 134.545242300000012, 7.3293028 ], [ 134.544784600000014, 7.3291721 ], [ 134.54438780000001, 7.3291831 ], [ 134.5443115, 7.3291416 ], [ 134.544281, 7.329072 ], [ 134.544281, 7.3289971 ], [ 134.544067399999989, 7.3288388 ], [ 134.5438995, 7.3287721 ], [ 134.5437775, 7.3287582 ], [ 134.5436707, 7.328814 ], [ 134.5435028, 7.3290224 ], [ 134.543441800000011, 7.3291526 ], [ 134.5432739, 7.3294416 ], [ 134.5430756, 7.3297248 ], [ 134.5429993, 7.3297834 ], [ 134.542739899999987, 7.3298807 ], [ 134.542617799999988, 7.3298998 ], [ 134.5425415, 7.3298974 ], [ 134.5424652, 7.3298416 ], [ 134.542236300000013, 7.3298583 ], [ 134.542007500000011, 7.3300057 ], [ 134.5419617, 7.3300695 ], [ 134.54199220000001, 7.3301249 ], [ 134.54199220000001, 7.3302498 ], [ 134.5420685, 7.3303418 ], [ 134.5417023, 7.330411 ], [ 134.541290299999986, 7.3307138 ], [ 134.541168199999987, 7.3307557 ], [ 134.5410767, 7.3307056 ], [ 134.5410156, 7.3307166 ], [ 134.5410004, 7.33075 ], [ 134.5407562, 7.3307834 ], [ 134.5406189, 7.3309054 ], [ 134.5404663, 7.3308196 ], [ 134.5402527, 7.330864 ], [ 134.539840700000013, 7.3308196 ], [ 134.5395508, 7.3308334 ], [ 134.5392151, 7.3307915 ], [ 134.5389099, 7.3307276 ], [ 134.538894699999986, 7.3307109 ], [ 134.5388184, 7.3306332 ], [ 134.5387421, 7.3306141 ], [ 134.538650499999989, 7.3306332 ], [ 134.5385895, 7.3305583 ], [ 134.538513200000011, 7.3305359 ], [ 134.5384674, 7.3304973 ], [ 134.538391100000013, 7.3305111 ], [ 134.5383301, 7.3305917 ], [ 134.538284299999987, 7.3306832 ], [ 134.538284299999987, 7.3307586 ], [ 134.538208, 7.3307943 ], [ 134.5381165, 7.3308249 ], [ 134.5379944, 7.3307724 ], [ 134.5378571, 7.3307777 ], [ 134.537674, 7.3303776 ], [ 134.5376587, 7.3302002 ], [ 134.537735, 7.3299141 ], [ 134.5378723, 7.3296332 ], [ 134.537933399999986, 7.329525 ], [ 134.538024900000011, 7.3294611 ], [ 134.5380554, 7.3293724 ], [ 134.5380096, 7.3292804 ], [ 134.537902800000012, 7.3291946 ], [ 134.537689199999988, 7.3291249 ], [ 134.5376434, 7.3290944 ], [ 134.53753660000001, 7.3291054 ], [ 134.5374146, 7.3291388 ], [ 134.537307700000014, 7.3291998 ], [ 134.537078900000012, 7.3290863 ], [ 134.536956800000013, 7.3291583 ], [ 134.536972100000014, 7.3293276 ], [ 134.537200899999988, 7.3296084 ], [ 134.5371246, 7.3296971 ], [ 134.536972100000014, 7.3298359 ], [ 134.536911, 7.3299112 ], [ 134.53685, 7.3300581 ], [ 134.536743199999989, 7.3301668 ], [ 134.5366516, 7.3301306 ], [ 134.5365448, 7.3301611 ], [ 134.536468500000012, 7.3302751 ], [ 134.536346400000014, 7.3302417 ], [ 134.536254899999989, 7.3302779 ], [ 134.5361786, 7.330225 ], [ 134.5358124, 7.330122 ], [ 134.535751299999987, 7.3301249 ], [ 134.5357056, 7.3301945 ], [ 134.5355835, 7.3301973 ], [ 134.535522500000013, 7.3302307 ], [ 134.535491900000011, 7.3301473 ], [ 134.5354462, 7.3300443 ], [ 134.5354462, 7.3298307 ], [ 134.5353699, 7.3297248 ], [ 134.5353241, 7.3295999 ], [ 134.535293599999989, 7.329411 ], [ 134.5353088, 7.3293085 ], [ 134.5353088, 7.3291502 ], [ 134.5352478, 7.3290696 ], [ 134.5352325, 7.3289776 ], [ 134.5353088, 7.3288417 ], [ 134.5353546, 7.3287082 ], [ 134.535400399999986, 7.3286252 ], [ 134.535491900000011, 7.3285418 ], [ 134.535614, 7.3284693 ], [ 134.5356903, 7.3283863 ], [ 134.5357056, 7.3283 ], [ 134.535553, 7.3280387 ], [ 134.5354614, 7.3277583 ], [ 134.535385100000013, 7.3274889 ], [ 134.5353699, 7.3272748 ], [ 134.535400399999986, 7.3271279 ], [ 134.5354767, 7.3269529 ], [ 134.5355835, 7.326797 ], [ 134.5356598, 7.3267279 ], [ 134.5356751, 7.3266335 ], [ 134.535614, 7.3265834 ], [ 134.535522500000013, 7.3265557 ], [ 134.535034200000013, 7.326622 ], [ 134.5348663, 7.3266029 ], [ 134.5347138, 7.3266277 ], [ 134.534561200000013, 7.3266277 ], [ 134.534454399999987, 7.326611 ], [ 134.5343475, 7.326561 ], [ 134.5342712, 7.3265085 ], [ 134.5342712, 7.3264251 ], [ 134.5342407, 7.3263474 ], [ 134.534057600000011, 7.3262777 ], [ 134.5340424, 7.3262081 ], [ 134.5339966, 7.3261585 ], [ 134.5339356, 7.3261666 ], [ 134.533905, 7.3262081 ], [ 134.533783, 7.3262277 ], [ 134.533721899999989, 7.3262639 ], [ 134.5336914, 7.3263946 ], [ 134.5336609, 7.326447 ], [ 134.5336609, 7.3266611 ], [ 134.5336456, 7.3267279 ], [ 134.5336609, 7.3267918 ], [ 134.533721899999989, 7.3268304 ], [ 134.5338135, 7.3269391 ], [ 134.533859299999989, 7.3270359 ], [ 134.5340424, 7.3271694 ], [ 134.5341034, 7.3272834 ], [ 134.5341339, 7.3274026 ], [ 134.53417970000001, 7.3274808 ], [ 134.534256, 7.3276334 ], [ 134.5342865, 7.3277555 ], [ 134.5342407, 7.327836 ], [ 134.53417970000001, 7.3278861 ], [ 134.534072900000012, 7.3279362 ], [ 134.533950800000014, 7.3280335 ], [ 134.5338745, 7.3281388 ], [ 134.533844, 7.3282418 ], [ 134.533844, 7.328536 ], [ 134.5339356, 7.3288446 ], [ 134.5339966, 7.328928 ], [ 134.5341034, 7.3292947 ], [ 134.534195, 7.3294416 ], [ 134.5342102, 7.3295584 ], [ 134.5341644, 7.3295889 ], [ 134.53417970000001, 7.3296723 ], [ 134.5343018, 7.3298945 ], [ 134.534317, 7.3300943 ], [ 134.5342865, 7.3301835 ], [ 134.5342865, 7.3302331 ], [ 134.5343018, 7.3302693 ], [ 134.5342865, 7.3303695 ], [ 134.534317, 7.3304777 ], [ 134.53417970000001, 7.3306141 ], [ 134.5341339, 7.3307276 ], [ 134.5341644, 7.3308029 ], [ 134.5343781, 7.330914 ], [ 134.534423800000013, 7.3309779 ], [ 134.5345764, 7.3315582 ], [ 134.5344696, 7.3318472 ], [ 134.5345001, 7.3320446 ], [ 134.534439099999986, 7.3320417 ], [ 134.5343781, 7.3319359 ], [ 134.534439099999986, 7.3316026 ], [ 134.5343933, 7.3315582 ], [ 134.534332299999988, 7.3315697 ], [ 134.5342712, 7.331522 ], [ 134.5342712, 7.3314276 ], [ 134.5343475, 7.3313417 ], [ 134.5343781, 7.3312197 ], [ 134.5343781, 7.3310447 ], [ 134.53417970000001, 7.3309193 ], [ 134.5340881, 7.3309445 ], [ 134.534057600000011, 7.3310165 ], [ 134.534057600000011, 7.3311138 ], [ 134.5339356, 7.3313055 ], [ 134.5340118, 7.3314529 ], [ 134.5341034, 7.3314529 ], [ 134.5341339, 7.3314943 ], [ 134.5341187, 7.3315582 ], [ 134.533966099999986, 7.3316193 ], [ 134.5338898, 7.331686 ], [ 134.533828699999987, 7.3317695 ], [ 134.5337524, 7.3319612 ], [ 134.5338135, 7.3320947 ], [ 134.5338745, 7.3323054 ], [ 134.533950800000014, 7.3323751 ], [ 134.5343018, 7.3324113 ], [ 134.5344086, 7.3323779 ], [ 134.534454399999987, 7.3322973 ], [ 134.5345154, 7.3323751 ], [ 134.534530600000011, 7.3325725 ], [ 134.5345917, 7.3326778 ], [ 134.5345917, 7.3327665 ], [ 134.534561200000013, 7.3329196 ], [ 134.5345917, 7.3331361 ], [ 134.534668, 7.3332696 ], [ 134.5348816, 7.3334889 ], [ 134.534927399999987, 7.3335834 ], [ 134.5348969, 7.3337526 ], [ 134.5350494, 7.3339415 ], [ 134.5351257, 7.3339887 ], [ 134.5352173, 7.3340836 ], [ 134.535293599999989, 7.3342114 ], [ 134.5353088, 7.334311 ], [ 134.5350647, 7.3345251 ], [ 134.535034200000013, 7.3346276 ], [ 134.535034200000013, 7.3347082 ], [ 134.5350647, 7.3347917 ], [ 134.5351257, 7.3348446 ], [ 134.5352631, 7.3350639 ], [ 134.5353699, 7.335125 ], [ 134.535400399999986, 7.3352056 ], [ 134.5353394, 7.3353529 ], [ 134.5353241, 7.3354583 ], [ 134.5353699, 7.3355861 ], [ 134.5353546, 7.3356972 ], [ 134.5353699, 7.335814 ], [ 134.5354462, 7.3358526 ], [ 134.5354767, 7.335928 ], [ 134.5354462, 7.3359833 ], [ 134.5353241, 7.3360724 ], [ 134.535293599999989, 7.3363752 ], [ 134.5353088, 7.3364582 ], [ 134.53508, 7.3364363 ], [ 134.535018900000011, 7.3365054 ], [ 134.5348969, 7.3367224 ], [ 134.534805299999988, 7.3368001 ], [ 134.5346527, 7.3368554 ], [ 134.534530600000011, 7.3368945 ], [ 134.5342865, 7.3368692 ], [ 134.5342102, 7.3368835 ], [ 134.5341339, 7.3370724 ], [ 134.534195, 7.3371973 ], [ 134.5342712, 7.3373361 ], [ 134.5342712, 7.3374391 ], [ 134.534317, 7.3375807 ], [ 134.5346222, 7.3380971 ], [ 134.5346985, 7.3381224 ], [ 134.534668, 7.3381972 ], [ 134.5346069, 7.3382917 ], [ 134.5345917, 7.3383889 ], [ 134.5346069, 7.3385887 ], [ 134.534668, 7.3386474 ], [ 134.5348511, 7.3387389 ], [ 134.534912100000014, 7.3387446 ], [ 134.5349426, 7.3390584 ], [ 134.5349884, 7.3391166 ], [ 134.5349426, 7.3391724 ], [ 134.5348663, 7.3391972 ], [ 134.53479, 7.3392501 ], [ 134.5346069, 7.3393502 ], [ 134.5345001, 7.3395166 ], [ 134.534439099999986, 7.3395443 ], [ 134.5344086, 7.3395138 ], [ 134.5343475, 7.339489 ], [ 134.534256, 7.3395472 ], [ 134.53417970000001, 7.3395724 ], [ 134.5341339, 7.339675 ], [ 134.5341339, 7.3397832 ], [ 134.533950800000014, 7.3398471 ], [ 134.533721899999989, 7.3399806 ], [ 134.5336456, 7.3400445 ], [ 134.5336151, 7.3401694 ], [ 134.5337677, 7.3403387 ], [ 134.533859299999989, 7.3404918 ], [ 134.533905, 7.3406334 ], [ 134.53417970000001, 7.3408527 ], [ 134.5341339, 7.3410335 ], [ 134.534072900000012, 7.3410554 ], [ 134.5340118, 7.3411279 ], [ 134.5339356, 7.3412333 ], [ 134.533859299999989, 7.3416972 ], [ 134.5339203, 7.3417554 ], [ 134.533950800000014, 7.3418474 ], [ 134.533905, 7.3420081 ], [ 134.533859299999989, 7.342072 ], [ 134.5337982, 7.3421278 ], [ 134.5337982, 7.3422141 ], [ 134.533828699999987, 7.3422751 ], [ 134.533844, 7.3424029 ], [ 134.533783, 7.3425026 ], [ 134.533599900000013, 7.3426251 ], [ 134.533477799999986, 7.342639 ], [ 134.5332031, 7.3425331 ], [ 134.5330505, 7.342453 ], [ 134.5329437, 7.3423529 ], [ 134.532882699999988, 7.3422055 ], [ 134.5327148, 7.3421888 ], [ 134.5326691, 7.3421278 ], [ 134.5326691, 7.3419943 ], [ 134.532608, 7.3418779 ], [ 134.5325317, 7.341661 ], [ 134.5325775, 7.3416224 ], [ 134.532547, 7.3415556 ], [ 134.5324707, 7.3415556 ], [ 134.532394399999987, 7.3415251 ], [ 134.5323181, 7.3414693 ], [ 134.5323181, 7.3413973 ], [ 134.5322113, 7.3413863 ], [ 134.5321655, 7.3413391 ], [ 134.5322266, 7.3412666 ], [ 134.532196, 7.3411555 ], [ 134.532150300000012, 7.3411164 ], [ 134.532028200000013, 7.3410668 ], [ 134.5319519, 7.3409944 ], [ 134.5318756, 7.3409305 ], [ 134.5311585, 7.3408222 ], [ 134.5310364, 7.3408637 ], [ 134.5307922, 7.3410306 ], [ 134.5307922, 7.3411112 ], [ 134.53082280000001, 7.3412194 ], [ 134.5307617, 7.3413167 ], [ 134.5307159, 7.3414307 ], [ 134.5307159, 7.3415499 ], [ 134.5307312, 7.3416333 ], [ 134.5306549, 7.3419418 ], [ 134.5304108, 7.342514 ], [ 134.5303803, 7.342628 ], [ 134.5304108, 7.3427639 ], [ 134.5306091, 7.3429751 ], [ 134.5306244, 7.3430529 ], [ 134.53068540000001, 7.3432055 ], [ 134.5307465, 7.3432832 ], [ 134.5308533, 7.3432641 ], [ 134.5308838, 7.3433418 ], [ 134.5308838, 7.3434558 ], [ 134.530944799999986, 7.3435168 ], [ 134.531051600000012, 7.3435445 ], [ 134.5311279, 7.3435359 ], [ 134.5312195, 7.3434558 ], [ 134.5313721, 7.3433833 ], [ 134.5315094, 7.3432808 ], [ 134.53164670000001, 7.343153 ], [ 134.531723, 7.3430028 ], [ 134.5317535, 7.3426862 ], [ 134.5318756, 7.3426194 ], [ 134.5319672, 7.3426056 ], [ 134.532028200000013, 7.3425388 ], [ 134.5321045, 7.3423777 ], [ 134.5321655, 7.342361 ], [ 134.5322418, 7.3423915 ], [ 134.532272299999988, 7.342453 ], [ 134.5323029, 7.3425694 ], [ 134.532287599999989, 7.3426609 ], [ 134.53225710000001, 7.3426919 ], [ 134.53225710000001, 7.3427472 ], [ 134.5323334, 7.3427863 ], [ 134.532394399999987, 7.3428669 ], [ 134.5325317, 7.3429527 ], [ 134.532623300000012, 7.3429694 ], [ 134.5327301, 7.3429637 ], [ 134.5328064, 7.3430057 ], [ 134.532898, 7.3430748 ], [ 134.5329437, 7.3431668 ], [ 134.5330353, 7.3432584 ], [ 134.5331421, 7.3432555 ], [ 134.5331574, 7.3432808 ], [ 134.533096300000011, 7.3433113 ], [ 134.5330811, 7.3433971 ], [ 134.5330811, 7.3434472 ], [ 134.53302, 7.3434305 ], [ 134.533004799999986, 7.3433862 ], [ 134.5329285, 7.3433666 ], [ 134.5326538, 7.3433723 ], [ 134.5325775, 7.3433919 ], [ 134.5324402, 7.343514 ], [ 134.5323181, 7.3436832 ], [ 134.5322113, 7.3440585 ], [ 134.5322113, 7.3441668 ], [ 134.5322266, 7.3442669 ], [ 134.5323334, 7.3444581 ], [ 134.5325928, 7.3446498 ], [ 134.532638600000013, 7.3447528 ], [ 134.5326996, 7.3449001 ], [ 134.5325623, 7.3449249 ], [ 134.532501200000013, 7.3449721 ], [ 134.5325623, 7.3450165 ], [ 134.532623300000012, 7.3449974 ], [ 134.5326996, 7.3450141 ] ], [ [ 134.547073399999988, 7.3435612 ], [ 134.547424299999989, 7.3436499 ], [ 134.5475159, 7.3436499 ], [ 134.547912599999989, 7.3434973 ], [ 134.5479279, 7.3434196 ], [ 134.548141500000014, 7.3431945 ], [ 134.548172, 7.3431168 ], [ 134.5483246, 7.3430028 ], [ 134.548584, 7.3428721 ], [ 134.5487671, 7.3428111 ], [ 134.548980699999987, 7.3425889 ], [ 134.549057, 7.3424721 ], [ 134.5491791, 7.3423638 ], [ 134.549209600000012, 7.342289 ], [ 134.5493774, 7.3421388 ], [ 134.5494995, 7.3420668 ], [ 134.54953, 7.3420081 ], [ 134.5496216, 7.342011 ], [ 134.5498352, 7.3419557 ], [ 134.5498657, 7.3419361 ], [ 134.549881, 7.3419027 ], [ 134.550079399999987, 7.3419027 ], [ 134.550155600000011, 7.3418889 ], [ 134.550186200000013, 7.341928 ], [ 134.5502777, 7.3419862 ], [ 134.550354, 7.3419471 ], [ 134.5503845, 7.3418999 ], [ 134.5505219, 7.3418388 ], [ 134.5505981, 7.3418446 ], [ 134.5506897, 7.3417611 ], [ 134.5506897, 7.3416748 ], [ 134.550643900000011, 7.3415694 ], [ 134.5506744, 7.3415141 ], [ 134.550766, 7.3414474 ], [ 134.550781300000011, 7.3413749 ], [ 134.5508423, 7.341372 ], [ 134.550918599999989, 7.3413334 ], [ 134.5511017, 7.3413305 ], [ 134.551178, 7.341311 ], [ 134.5512238, 7.3412724 ], [ 134.5512238, 7.3411918 ], [ 134.551116900000011, 7.3408055 ], [ 134.5510864, 7.340714 ], [ 134.5511017, 7.3404498 ], [ 134.551147500000013, 7.3402667 ], [ 134.5511627, 7.3401141 ], [ 134.551040699999987, 7.3398113 ], [ 134.5509949, 7.3397498 ], [ 134.5509796, 7.3396807 ], [ 134.551025399999986, 7.3395891 ], [ 134.5512085, 7.3393722 ], [ 134.551239, 7.3392973 ], [ 134.5512238, 7.3391862 ], [ 134.551254300000011, 7.3390665 ], [ 134.5513611, 7.3388333 ], [ 134.5513458, 7.3387332 ], [ 134.551254300000011, 7.3386388 ], [ 134.551132200000012, 7.3385415 ], [ 134.551025399999986, 7.3384972 ], [ 134.550903299999987, 7.3384805 ], [ 134.550781300000011, 7.338511 ], [ 134.5506897, 7.3385944 ], [ 134.550643900000011, 7.3387055 ], [ 134.5505676, 7.3388028 ], [ 134.5504761, 7.3388639 ], [ 134.550415, 7.3390555 ], [ 134.5503998, 7.3392553 ], [ 134.5502167, 7.3394666 ], [ 134.550186200000013, 7.3395777 ], [ 134.550170900000012, 7.3397055 ], [ 134.550155600000011, 7.3401251 ], [ 134.550186200000013, 7.3402834 ], [ 134.5500946, 7.3405862 ], [ 134.550079399999987, 7.3407359 ], [ 134.5500183, 7.3408251 ], [ 134.549881, 7.3410749 ], [ 134.5497742, 7.341114 ], [ 134.5496521, 7.3410835 ], [ 134.5495606, 7.3410001 ], [ 134.549469, 7.3409333 ], [ 134.54933170000001, 7.340889 ], [ 134.549224900000013, 7.3408279 ], [ 134.5490265, 7.3406334 ], [ 134.5489197, 7.3405585 ], [ 134.54884340000001, 7.3405914 ], [ 134.548736600000012, 7.340672 ], [ 134.548721300000011, 7.3407722 ], [ 134.548629799999986, 7.3408585 ], [ 134.548599200000012, 7.3409414 ], [ 134.548584, 7.3412776 ], [ 134.5484009, 7.341547 ], [ 134.5483246, 7.3416224 ], [ 134.5482025, 7.3416638 ], [ 134.5480499, 7.3418388 ], [ 134.54788210000001, 7.3419251 ], [ 134.5477142, 7.3420529 ], [ 134.5476227, 7.3419972 ], [ 134.547531099999986, 7.3418832 ], [ 134.54740910000001, 7.3418779 ], [ 134.5473633, 7.3418946 ], [ 134.547302300000013, 7.3418918 ], [ 134.5472565, 7.3417945 ], [ 134.547180200000014, 7.3417721 ], [ 134.5470276, 7.3418026 ], [ 134.5469971, 7.3418694 ], [ 134.5468903, 7.3419695 ], [ 134.5468597, 7.3421359 ], [ 134.546798700000011, 7.3421917 ], [ 134.546798700000011, 7.3422666 ], [ 134.5468292, 7.3423138 ], [ 134.5466614, 7.3428721 ], [ 134.546676600000012, 7.3429499 ], [ 134.546691900000013, 7.3430362 ], [ 134.5467224, 7.3431501 ], [ 134.5468292, 7.3433499 ], [ 134.546875, 7.3434196 ], [ 134.547073399999988, 7.3435612 ] ], [ [ 134.5308533, 7.3252749 ], [ 134.5307312, 7.3252082 ], [ 134.5306549, 7.3252363 ], [ 134.530487099999988, 7.3253861 ], [ 134.530471799999987, 7.3254805 ], [ 134.5303803, 7.3255553 ], [ 134.5303803, 7.3256278 ], [ 134.5304108, 7.325675 ], [ 134.530471799999987, 7.3256974 ], [ 134.5305023, 7.3258085 ], [ 134.5304413, 7.3262863 ], [ 134.530456500000014, 7.3264084 ], [ 134.530365, 7.3265944 ], [ 134.530365, 7.3267307 ], [ 134.5305328, 7.3272748 ], [ 134.530593900000014, 7.3273888 ], [ 134.5307465, 7.3276081 ], [ 134.5307312, 7.3278279 ], [ 134.5307465, 7.3280835 ], [ 134.5307312, 7.3282027 ], [ 134.5306702, 7.3282776 ], [ 134.53068540000001, 7.3286252 ], [ 134.530777, 7.3287416 ], [ 134.530838, 7.3287859 ], [ 134.531051600000012, 7.3290443 ], [ 134.5311585, 7.3291111 ], [ 134.5312195, 7.3292308 ], [ 134.5312805, 7.3292527 ], [ 134.5313721, 7.3292308 ], [ 134.5315247, 7.3290806 ], [ 134.5315857, 7.3288751 ], [ 134.5316315, 7.3286109 ], [ 134.5316315, 7.3284998 ], [ 134.5315704, 7.3283248 ], [ 134.5315247, 7.3279195 ], [ 134.5317078, 7.3277001 ], [ 134.5316925, 7.3276248 ], [ 134.531601, 7.3275609 ], [ 134.531539900000013, 7.3274665 ], [ 134.531539900000013, 7.3273721 ], [ 134.5316315, 7.3271751 ], [ 134.531601, 7.327003 ], [ 134.531555200000014, 7.3269196 ], [ 134.531539900000013, 7.3267779 ], [ 134.5314636, 7.3266692 ], [ 134.5313873, 7.3264666 ], [ 134.5312805, 7.3259778 ], [ 134.531173700000011, 7.3256388 ], [ 134.531066900000013, 7.3254695 ], [ 134.5308533, 7.3252749 ] ], [ [ 134.5390625, 7.3296695 ], [ 134.5391846, 7.3296332 ], [ 134.5393219, 7.3296332 ], [ 134.539489800000013, 7.3295693 ], [ 134.539566, 7.3294611 ], [ 134.5396271, 7.3293362 ], [ 134.5397034, 7.3292861 ], [ 134.5398102, 7.3292613 ], [ 134.5399933, 7.3293109 ], [ 134.5401764, 7.3293915 ], [ 134.54039, 7.3294058 ], [ 134.5404663, 7.3293915 ], [ 134.54055790000001, 7.3293471 ], [ 134.5406494, 7.3292332 ], [ 134.540817299999986, 7.329114 ], [ 134.5409851, 7.3289471 ], [ 134.541183499999988, 7.3286667 ], [ 134.541183499999988, 7.3286138 ], [ 134.5411224, 7.3285279 ], [ 134.541046099999988, 7.3285165 ], [ 134.540863, 7.3285723 ], [ 134.540817299999986, 7.3285165 ], [ 134.540817299999986, 7.3284359 ], [ 134.5407257, 7.3283167 ], [ 134.540573099999989, 7.3282027 ], [ 134.54042050000001, 7.3281474 ], [ 134.5402527, 7.3281584 ], [ 134.540084799999988, 7.3282223 ], [ 134.5398102, 7.328372 ], [ 134.5396423, 7.3284249 ], [ 134.53945920000001, 7.3284416 ], [ 134.5392914, 7.3284416 ], [ 134.539138799999989, 7.328414 ], [ 134.5390167, 7.3283334 ], [ 134.5389099, 7.3282304 ], [ 134.5387878, 7.3281946 ], [ 134.5385437, 7.328239 ], [ 134.5384827, 7.3283501 ], [ 134.5384522, 7.3284917 ], [ 134.538406400000014, 7.3285613 ], [ 134.5384369, 7.3287029 ], [ 134.5385437, 7.3288221 ], [ 134.538650499999989, 7.3288999 ], [ 134.538772599999987, 7.3288779 ], [ 134.538894699999986, 7.3288918 ], [ 134.5389404, 7.3289557 ], [ 134.5389099, 7.3290501 ], [ 134.5388489, 7.329114 ], [ 134.5387116, 7.3292222 ], [ 134.538650499999989, 7.3293276 ], [ 134.5386658, 7.3294334 ], [ 134.5387421, 7.3295221 ], [ 134.538879400000013, 7.3296194 ], [ 134.5390625, 7.3296695 ] ], [ [ 134.531601, 7.3291473 ], [ 134.5315857, 7.3292251 ], [ 134.5316162, 7.3293667 ], [ 134.531677300000013, 7.3294334 ], [ 134.531723, 7.3295331 ], [ 134.53178410000001, 7.3296084 ], [ 134.5318298, 7.3297138 ], [ 134.5318146, 7.329814 ], [ 134.531539900000013, 7.3300276 ], [ 134.5314179, 7.330153 ], [ 134.5313873, 7.3302722 ], [ 134.5313721, 7.3304029 ], [ 134.531326299999989, 7.3305306 ], [ 134.53125, 7.3306193 ], [ 134.5312042, 7.3307695 ], [ 134.5311585, 7.3312473 ], [ 134.5311127, 7.3315501 ], [ 134.531173700000011, 7.331686 ], [ 134.531311, 7.3318138 ], [ 134.5314941, 7.3319197 ], [ 134.5316162, 7.3318973 ], [ 134.531723, 7.3317919 ], [ 134.531723, 7.3316722 ], [ 134.5317078, 7.3315249 ], [ 134.53164670000001, 7.3314276 ], [ 134.531723, 7.3313141 ], [ 134.531799299999989, 7.3312779 ], [ 134.5318756, 7.3310943 ], [ 134.532012900000012, 7.3309083 ], [ 134.5321045, 7.3308334 ], [ 134.5322418, 7.3306193 ], [ 134.5322418, 7.330389 ], [ 134.5323334, 7.3301668 ], [ 134.532272299999988, 7.3300748 ], [ 134.5322113, 7.3296833 ], [ 134.5322266, 7.3296027 ], [ 134.532287599999989, 7.329525 ], [ 134.5323792, 7.3295169 ], [ 134.5324249, 7.3294807 ], [ 134.532486, 7.32935 ], [ 134.532486, 7.3292084 ], [ 134.532394399999987, 7.3290863 ], [ 134.5321655, 7.3289638 ], [ 134.532074, 7.3289805 ], [ 134.5319824, 7.3290248 ], [ 134.531936699999989, 7.3289943 ], [ 134.531601, 7.3291473 ] ], [ [ 134.552932700000014, 7.3420501 ], [ 134.55316160000001, 7.3422971 ], [ 134.5532074, 7.342453 ], [ 134.5532837, 7.3426194 ], [ 134.5533752, 7.3426724 ], [ 134.5534515, 7.3426724 ], [ 134.553558399999986, 7.3425832 ], [ 134.553649900000011, 7.3425498 ], [ 134.5538483, 7.3425279 ], [ 134.553924599999988, 7.3424692 ], [ 134.5539551, 7.3423419 ], [ 134.5539398, 7.3421502 ], [ 134.5539551, 7.3420363 ], [ 134.5539856, 7.3419251 ], [ 134.5540924, 7.3416891 ], [ 134.5541077, 7.3415833 ], [ 134.5540619, 7.3414612 ], [ 134.5539398, 7.3412585 ], [ 134.553894, 7.3411527 ], [ 134.553772, 7.3409863 ], [ 134.5536957, 7.3409333 ], [ 134.553649900000011, 7.3407693 ], [ 134.5536041, 7.3407168 ], [ 134.5536041, 7.3405776 ], [ 134.5535736, 7.340528 ], [ 134.553527800000012, 7.34055 ], [ 134.5534821, 7.3407002 ], [ 134.5535126, 7.3408113 ], [ 134.5534821, 7.3409472 ], [ 134.5533752, 7.3409834 ], [ 134.5533295, 7.3410916 ], [ 134.5532074, 7.3412223 ], [ 134.553009, 7.3416419 ], [ 134.552932700000014, 7.3418417 ], [ 134.552932700000014, 7.3420501 ] ], [ [ 134.5380707, 7.3280888 ], [ 134.5380707, 7.3280859 ], [ 134.538162199999988, 7.3279862 ], [ 134.538269, 7.3279166 ], [ 134.5383453, 7.3278637 ], [ 134.5383453, 7.3277583 ], [ 134.5383148, 7.3276668 ], [ 134.5383453, 7.3275833 ], [ 134.538406400000014, 7.3274446 ], [ 134.538406400000014, 7.3274417 ], [ 134.5384522, 7.3273554 ], [ 134.5384369, 7.3272862 ], [ 134.5383301, 7.3272057 ], [ 134.538299599999988, 7.3271999 ], [ 134.538162199999988, 7.3271833 ], [ 134.538147, 7.3271804 ], [ 134.538040200000012, 7.3272138 ], [ 134.5380096, 7.3272224 ], [ 134.537902800000012, 7.327261 ], [ 134.5376587, 7.3273139 ], [ 134.5375824, 7.3273945 ], [ 134.5375671, 7.3273974 ], [ 134.53753660000001, 7.3275113 ], [ 134.53753660000001, 7.3275137 ], [ 134.5374908, 7.3276248 ], [ 134.5374908, 7.3276277 ], [ 134.5375061, 7.3277388 ], [ 134.537551900000011, 7.3278332 ], [ 134.5375671, 7.3278418 ], [ 134.5375977, 7.3279223 ], [ 134.5375671, 7.3279362 ], [ 134.53753660000001, 7.3279443 ], [ 134.53753660000001, 7.3279471 ], [ 134.5375061, 7.3279972 ], [ 134.5375061, 7.3280001 ], [ 134.5373993, 7.328186 ], [ 134.5373993, 7.3281918 ], [ 134.537307700000014, 7.3283944 ], [ 134.5372925, 7.3284888 ], [ 134.537216199999989, 7.3286305 ], [ 134.537216199999989, 7.3286333 ], [ 134.5371246, 7.3287859 ], [ 134.5371246, 7.3287888 ], [ 134.53706360000001, 7.3289056 ], [ 134.5370483, 7.3289084 ], [ 134.537078900000012, 7.3289805 ], [ 134.5371857, 7.3290334 ], [ 134.537216199999989, 7.3290362 ], [ 134.5372772, 7.3290415 ], [ 134.537338299999988, 7.3290501 ], [ 134.537445100000014, 7.3290415 ], [ 134.5375061, 7.3290391 ], [ 134.5375214, 7.3290362 ], [ 134.5375671, 7.3290196 ], [ 134.5376587, 7.3289919 ], [ 134.537735, 7.328928 ], [ 134.537735, 7.3289251 ], [ 134.5378265, 7.3287945 ], [ 134.5378265, 7.3287916 ], [ 134.537933399999986, 7.3286419 ], [ 134.537933399999986, 7.328639 ], [ 134.5379791, 7.328536 ], [ 134.5379791, 7.3283668 ], [ 134.5379944, 7.3282194 ], [ 134.5379944, 7.3282166 ], [ 134.5380707, 7.3280888 ] ], [ [ 134.5575714, 7.3411779 ], [ 134.5575409, 7.3413081 ], [ 134.5575867, 7.3413916 ], [ 134.557632500000011, 7.3414416 ], [ 134.557769799999988, 7.3414278 ], [ 134.557861300000013, 7.3413696 ], [ 134.5580444, 7.3411193 ], [ 134.5581818, 7.3409915 ], [ 134.558364899999987, 7.3408918 ], [ 134.5585175, 7.3407807 ], [ 134.5584869, 7.3405862 ], [ 134.5585022, 7.3405304 ], [ 134.5585022, 7.3404388 ], [ 134.5585175, 7.3401141 ], [ 134.558548, 7.3399887 ], [ 134.5583801, 7.3398891 ], [ 134.5582123, 7.3398776 ], [ 134.5580597, 7.3399167 ], [ 134.5579529, 7.3399973 ], [ 134.557861300000013, 7.3401861 ], [ 134.5577393, 7.3403306 ], [ 134.5576477, 7.3403945 ], [ 134.557403599999986, 7.340436 ], [ 134.5573425, 7.3404889 ], [ 134.557281499999988, 7.3405304 ], [ 134.5572357, 7.3405943 ], [ 134.5572357, 7.340672 ], [ 134.557266199999987, 7.3408942 ], [ 134.557312, 7.3409667 ], [ 134.557312, 7.3411474 ], [ 134.5573578, 7.3411641 ], [ 134.5574188, 7.3411331 ], [ 134.557510400000012, 7.3411164 ], [ 134.5575256, 7.3411279 ], [ 134.5575714, 7.3411779 ] ], [ [ 134.5269623, 7.3494639 ], [ 134.5269013, 7.3493667 ], [ 134.5267639, 7.3492751 ], [ 134.5265808, 7.349225 ], [ 134.526413, 7.3492332 ], [ 134.526260400000012, 7.3492665 ], [ 134.5261841, 7.3493109 ], [ 134.5261688, 7.3493891 ], [ 134.5258637, 7.3496804 ], [ 134.5258637, 7.3497863 ], [ 134.5258789, 7.3498502 ], [ 134.5258637, 7.3499446 ], [ 134.5259247, 7.3500085 ], [ 134.526001, 7.3500085 ], [ 134.526031499999988, 7.3499556 ], [ 134.5261078, 7.3499193 ], [ 134.5261993, 7.3499332 ], [ 134.5263062, 7.3499751 ], [ 134.526748700000013, 7.3503056 ], [ 134.5270691, 7.3501387 ], [ 134.5271606, 7.3500667 ], [ 134.5272369, 7.3499665 ], [ 134.5272522, 7.3498278 ], [ 134.527221700000013, 7.3496666 ], [ 134.5271912, 7.349575 ], [ 134.5271301, 7.3495665 ], [ 134.527099600000014, 7.3496137 ], [ 134.5269623, 7.3494639 ] ], [ [ 134.533493, 7.3342638 ], [ 134.5334015, 7.3344083 ], [ 134.533371, 7.3344779 ], [ 134.5334168, 7.3346276 ], [ 134.533477799999986, 7.334764 ], [ 134.533462500000013, 7.3348446 ], [ 134.533493, 7.3349223 ], [ 134.5335541, 7.3349805 ], [ 134.5336304, 7.3349915 ], [ 134.533783, 7.3351169 ], [ 134.5338898, 7.335175 ], [ 134.533966099999986, 7.3352528 ], [ 134.5339966, 7.3353443 ], [ 134.5339813, 7.335422 ], [ 134.533950800000014, 7.3354859 ], [ 134.533966099999986, 7.3355694 ], [ 134.5340118, 7.3356695 ], [ 134.5340881, 7.3357806 ], [ 134.5341644, 7.3358054 ], [ 134.5342255, 7.3358054 ], [ 134.534256, 7.3357749 ], [ 134.534332299999988, 7.3357363 ], [ 134.5343933, 7.3355222 ], [ 134.534439099999986, 7.3355055 ], [ 134.5345001, 7.3355308 ], [ 134.534530600000011, 7.3354583 ], [ 134.534561200000013, 7.3353443 ], [ 134.534545900000012, 7.3353224 ], [ 134.5344696, 7.3353109 ], [ 134.5343475, 7.3351026 ], [ 134.5341339, 7.3349137 ], [ 134.5341339, 7.3346248 ], [ 134.5341034, 7.3344779 ], [ 134.5340118, 7.3343058 ], [ 134.5337677, 7.3342586 ], [ 134.5335541, 7.334239 ], [ 134.533493, 7.3342638 ] ], [ [ 134.5331879, 7.3334918 ], [ 134.5333099, 7.3335137 ], [ 134.533462500000013, 7.3334584 ], [ 134.5335083, 7.3333998 ], [ 134.533493, 7.3332501 ], [ 134.533584600000012, 7.3330278 ], [ 134.533599900000013, 7.3329167 ], [ 134.5335541, 7.3328362 ], [ 134.5335541, 7.332736 ], [ 134.533584600000012, 7.3326111 ], [ 134.533569300000011, 7.3325167 ], [ 134.5335236, 7.3324194 ], [ 134.5334473, 7.3323665 ], [ 134.5333252, 7.3323278 ], [ 134.5333252, 7.3322945 ], [ 134.533355699999987, 7.3322501 ], [ 134.5334015, 7.3322139 ], [ 134.533432, 7.3321667 ], [ 134.5334168, 7.3321137 ], [ 134.533355699999987, 7.3321028 ], [ 134.5334168, 7.3319473 ], [ 134.533355699999987, 7.3319445 ], [ 134.5333405, 7.3319082 ], [ 134.5332947, 7.3318863 ], [ 134.5332489, 7.331903 ], [ 134.53321840000001, 7.3319359 ], [ 134.533233599999988, 7.331975 ], [ 134.5332794, 7.3319998 ], [ 134.5332031, 7.332222 ], [ 134.5331726, 7.3322582 ], [ 134.533111600000012, 7.3322611 ], [ 134.532989500000014, 7.3322082 ], [ 134.5329285, 7.3322387 ], [ 134.532882699999988, 7.3322973 ], [ 134.5328217, 7.3324723 ], [ 134.5327759, 7.3325391 ], [ 134.5327759, 7.3326111 ], [ 134.532882699999988, 7.332736 ], [ 134.532974200000012, 7.3328834 ], [ 134.532989500000014, 7.3329444 ], [ 134.532959, 7.3330998 ], [ 134.533004799999986, 7.3332915 ], [ 134.533004799999986, 7.3333945 ], [ 134.5330658, 7.3334475 ], [ 134.5331879, 7.3334918 ] ], [ [ 134.531799299999989, 7.3528137 ], [ 134.5318909, 7.3524056 ], [ 134.5318756, 7.3520389 ], [ 134.5316925, 7.3520308 ], [ 134.5315247, 7.3522363 ], [ 134.5312653, 7.3523054 ], [ 134.5311127, 7.3523526 ], [ 134.5312195, 7.3527141 ], [ 134.531326299999989, 7.3529887 ], [ 134.53164670000001, 7.3529387 ], [ 134.531799299999989, 7.3528137 ] ], [ [ 134.562973, 7.3561611 ], [ 134.5630035, 7.3563333 ], [ 134.5630035, 7.3565998 ], [ 134.56303410000001, 7.3574362 ], [ 134.5631104, 7.3579888 ], [ 134.5632172, 7.3590779 ], [ 134.5633087, 7.3590751 ], [ 134.563171399999987, 7.357336 ], [ 134.5631409, 7.356514 ], [ 134.5630951, 7.3561082 ], [ 134.5631256, 7.3559694 ], [ 134.5631104, 7.3558693 ], [ 134.5630035, 7.3558502 ], [ 134.562973, 7.3561611 ] ], [ [ 134.5283966, 7.3477502 ], [ 134.5284882, 7.3478222 ], [ 134.5286102, 7.3477888 ], [ 134.528671300000013, 7.3476944 ], [ 134.528717, 7.3475833 ], [ 134.5287323, 7.3472304 ], [ 134.5286865, 7.3470693 ], [ 134.528595, 7.3469915 ], [ 134.5284729, 7.346972 ], [ 134.5283814, 7.3470111 ], [ 134.5282593, 7.3472748 ], [ 134.5282135, 7.3475113 ], [ 134.528244, 7.3475971 ], [ 134.5283966, 7.3477502 ] ], [ [ 134.52876280000001, 7.3462415 ], [ 134.528717, 7.3463221 ], [ 134.528656, 7.3463917 ], [ 134.5286408, 7.3464804 ], [ 134.5286408, 7.3466334 ], [ 134.528656, 7.3467555 ], [ 134.5287018, 7.3468585 ], [ 134.5288239, 7.3469224 ], [ 134.5289459, 7.3469224 ], [ 134.529037499999987, 7.3468971 ], [ 134.5291748, 7.3466945 ], [ 134.5291901, 7.3464165 ], [ 134.5291138, 7.3463082 ], [ 134.529022200000014, 7.3462277 ], [ 134.5288086, 7.346189 ], [ 134.52876280000001, 7.3462415 ] ], [ [ 134.5539856, 7.3404307 ], [ 134.5540924, 7.3403082 ], [ 134.554184, 7.3402529 ], [ 134.5541992, 7.3401918 ], [ 134.554275499999989, 7.3401141 ], [ 134.554275499999989, 7.3399553 ], [ 134.554245, 7.3398666 ], [ 134.5541077, 7.3397083 ], [ 134.554016100000013, 7.3397141 ], [ 134.5538483, 7.3398833 ], [ 134.553833, 7.3400002 ], [ 134.553787199999988, 7.3400583 ], [ 134.553772, 7.3401279 ], [ 134.553649900000011, 7.3403502 ], [ 134.5536346, 7.3404141 ], [ 134.553665200000012, 7.340425 ], [ 134.553787199999988, 7.3404026 ], [ 134.553924599999988, 7.3404498 ], [ 134.5539856, 7.3404307 ] ], [ [ 134.5336609, 7.3416834 ], [ 134.5336762, 7.3416472 ], [ 134.53370670000001, 7.3415833 ], [ 134.5337524, 7.3415585 ], [ 134.533783, 7.3414998 ], [ 134.5337524, 7.3414445 ], [ 134.53370670000001, 7.3413944 ], [ 134.5336914, 7.3412833 ], [ 134.5336151, 7.3412695 ], [ 134.533599900000013, 7.3411527 ], [ 134.5335388, 7.3411388 ], [ 134.5334015, 7.3411751 ], [ 134.5333405, 7.3412085 ], [ 134.5333099, 7.3413057 ], [ 134.5332947, 7.341403 ], [ 134.5333252, 7.3414998 ], [ 134.5334015, 7.3415446 ], [ 134.533477799999986, 7.3415361 ], [ 134.5335388, 7.3415833 ], [ 134.533584600000012, 7.3416362 ], [ 134.5336151, 7.3416944 ], [ 134.5336609, 7.3416834 ] ], [ [ 134.5266876, 7.3517027 ], [ 134.526748700000013, 7.3516917 ], [ 134.5268097, 7.3516974 ], [ 134.526870699999989, 7.3516388 ], [ 134.5269013, 7.3514891 ], [ 134.526886, 7.3513999 ], [ 134.5267639, 7.3512807 ], [ 134.5266571, 7.3512859 ], [ 134.5265808, 7.351325 ], [ 134.526535, 7.3514166 ], [ 134.526519799999988, 7.3515225 ], [ 134.5265503, 7.3515916 ], [ 134.5265808, 7.3516307 ], [ 134.5264893, 7.3516417 ], [ 134.5264435, 7.3516722 ], [ 134.526474, 7.3517056 ], [ 134.526504499999987, 7.3517389 ], [ 134.526626599999986, 7.3517942 ], [ 134.5266876, 7.3517027 ] ], [ [ 134.5341339, 7.3495417 ], [ 134.5339813, 7.3493557 ], [ 134.533844, 7.3494167 ], [ 134.533859299999989, 7.3495693 ], [ 134.5340271, 7.3497224 ], [ 134.5342102, 7.3497915 ], [ 134.5342865, 7.3496776 ], [ 134.5341339, 7.3495417 ] ], [ [ 134.534683199999989, 7.3340306 ], [ 134.5347443, 7.3341279 ], [ 134.534805299999988, 7.3341861 ], [ 134.5348969, 7.3342195 ], [ 134.5349731, 7.3342166 ], [ 134.5350037, 7.334178 ], [ 134.535034200000013, 7.3340387 ], [ 134.5350037, 7.3340054 ], [ 134.534912100000014, 7.3339667 ], [ 134.53479, 7.3338637 ], [ 134.5347138, 7.3338833 ], [ 134.534668, 7.3339415 ], [ 134.534683199999989, 7.3340306 ] ], [ [ 134.5333405, 7.3369527 ], [ 134.5333099, 7.3370113 ], [ 134.5332642, 7.3371029 ], [ 134.5332642, 7.3371749 ], [ 134.5332947, 7.337225 ], [ 134.5333405, 7.3372722 ], [ 134.5333862, 7.3372889 ], [ 134.533477799999986, 7.337275 ], [ 134.5335541, 7.337225 ], [ 134.5335541, 7.337153 ], [ 134.5334473, 7.3369222 ], [ 134.5334015, 7.3369165 ], [ 134.5333405, 7.3369527 ] ], [ [ 134.53178410000001, 7.332264 ], [ 134.531723, 7.3322501 ], [ 134.53164670000001, 7.3323641 ], [ 134.531601, 7.3324804 ], [ 134.531662, 7.3325415 ], [ 134.5317078, 7.3325806 ], [ 134.53178410000001, 7.3325748 ], [ 134.5318298, 7.3325529 ], [ 134.5318756, 7.3324971 ], [ 134.531921399999987, 7.3323665 ], [ 134.5318909, 7.3323083 ], [ 134.5318451, 7.332264 ], [ 134.53178410000001, 7.332264 ] ], [ [ 134.5305481, 7.3439446 ], [ 134.530578600000013, 7.3438692 ], [ 134.5305634, 7.3437667 ], [ 134.530487099999988, 7.3436971 ], [ 134.530365, 7.3437195 ], [ 134.5303192, 7.3437223 ], [ 134.530304, 7.3438139 ], [ 134.530349699999988, 7.343853 ], [ 134.530349699999988, 7.3439446 ], [ 134.530365, 7.3439751 ], [ 134.530471799999987, 7.3439751 ], [ 134.5305481, 7.3439446 ] ], [ [ 134.5323639, 7.3404999 ], [ 134.532272299999988, 7.3404803 ], [ 134.5322266, 7.340539 ], [ 134.5322113, 7.3406029 ], [ 134.53225710000001, 7.340672 ], [ 134.5323486, 7.340725 ], [ 134.5324554, 7.3407388 ], [ 134.532516500000014, 7.340714 ], [ 134.532516500000014, 7.3406444 ], [ 134.532501200000013, 7.34055 ], [ 134.5323639, 7.3404999 ] ], [ [ 134.5347138, 7.3485723 ], [ 134.5347748, 7.3484836 ], [ 134.53479, 7.3483558 ], [ 134.5345154, 7.3484111 ], [ 134.5344849, 7.3485055 ], [ 134.5345154, 7.3486137 ], [ 134.5346069, 7.3486223 ], [ 134.5347138, 7.3485723 ] ], [ [ 134.5293732, 7.3460221 ], [ 134.529419, 7.3459778 ], [ 134.5294495, 7.345922 ], [ 134.5294342, 7.3458056 ], [ 134.5292816, 7.3457665 ], [ 134.5292358, 7.3458223 ], [ 134.5292053, 7.3459058 ], [ 134.5291748, 7.3459916 ], [ 134.5292206, 7.3460279 ], [ 134.5293732, 7.3460221 ] ], [ [ 134.528122, 7.3477526 ], [ 134.5281067, 7.3478222 ], [ 134.528122, 7.3479085 ], [ 134.528183, 7.3479557 ], [ 134.528244, 7.347961 ], [ 134.5283356, 7.3479056 ], [ 134.5283508, 7.3478193 ], [ 134.528305100000011, 7.3477526 ], [ 134.5282135, 7.3476973 ], [ 134.528122, 7.3477526 ] ], [ [ 134.5284882, 7.3482194 ], [ 134.528533900000014, 7.3483 ], [ 134.5286255, 7.3483529 ], [ 134.528717, 7.3483305 ], [ 134.52876280000001, 7.3482165 ], [ 134.5287018, 7.348136 ], [ 134.5286102, 7.3481054 ], [ 134.528533900000014, 7.3481445 ], [ 134.5284882, 7.3482194 ] ], [ [ 134.561233499999986, 7.3634305 ], [ 134.5611877, 7.3634806 ], [ 134.5612183, 7.3635526 ], [ 134.561233499999986, 7.3635583 ], [ 134.561340300000012, 7.3635917 ], [ 134.5614166, 7.3635473 ], [ 134.5614319, 7.3634639 ], [ 134.5613861, 7.3633862 ], [ 134.5613098, 7.3633752 ], [ 134.561233499999986, 7.3634305 ] ], [ [ 134.5341644, 7.3375416 ], [ 134.5341187, 7.3375249 ], [ 134.534057600000011, 7.3375554 ], [ 134.5340118, 7.3376164 ], [ 134.5340271, 7.3376861 ], [ 134.534072900000012, 7.3377333 ], [ 134.5341492, 7.3377419 ], [ 134.5342255, 7.3376803 ], [ 134.5341644, 7.3375416 ] ], [ [ 134.528076199999987, 7.3481641 ], [ 134.5281067, 7.3481083 ], [ 134.5280914, 7.3480167 ], [ 134.5280457, 7.348011 ], [ 134.5279846, 7.3480554 ], [ 134.5279846, 7.3481221 ], [ 134.5280151, 7.3481779 ], [ 134.528076199999987, 7.3481641 ] ] ] } },
{ "type": "Feature", "properties": { "RCID": 5796, "PRIM": 3, "GRUP": 2, "OBJL": 308, "RVER": 1, "AGEN": 550, "FIDN": 24199031, "FIDS": 9, "LNAM": "022601713F770009", "LNAM_REFS": null, "FFPT_RIND": null, "CATQUA": null, "CATZOC": 3, "DRVAL1": null, "DRVAL2": null, "POSACC": null, "SOUACC": null, "SUREND": "2004", "SURSTA": null, "TECSOU": null, "VERDAT": null, "INFORM": "U.S. Navy LIDAR Survey, Archive No. 04HFM01, Scale 1:5,000-1:10,000", "NINFOM": null, "NTXTDS": null, "TXTDSC": null, "RECDAT": null, "RECIND": null, "SORDAT": "20150206", "SORIND": "US,US,reprt,L-246-2015", "_enc_cell": "US4TB3P0" }, "geometry": { "type": "Polygon", "coordinates": [ [ [ 134.4581719, 7.4527697 ], [ 134.4583518, 7.4500555 ], [ 134.4605171, 7.4493416 ], [ 134.4609788, 7.4498334 ], [ 134.4610808, 7.4499421 ], [ 134.461861199999987, 7.4507734 ], [ 134.4622574, 7.4511954 ], [ 134.4638008, 7.4528394 ], [ 134.4661326, 7.4535533 ], [ 134.4683001, 7.4534655 ], [ 134.4690305, 7.453436 ], [ 134.4715118, 7.4533355 ], [ 134.4715118, 7.453228 ], [ 134.4712677, 7.4530387 ], [ 134.4708405, 7.4528585 ], [ 134.4706726, 7.4526305 ], [ 134.4708862, 7.4522638 ], [ 134.4711762, 7.4519944 ], [ 134.471283, 7.4517307 ], [ 134.4721527, 7.4509611 ], [ 134.4721069, 7.4506083 ], [ 134.4723358, 7.4501891 ], [ 134.4721985, 7.4499888 ], [ 134.4719696, 7.4499641 ], [ 134.4712982, 7.4502139 ], [ 134.470474200000012, 7.4501305 ], [ 134.470367399999986, 7.4501414 ], [ 134.4700623, 7.4501724 ], [ 134.4697266, 7.4502692 ], [ 134.4691925, 7.450603 ], [ 134.4686279, 7.4508362 ], [ 134.4681397, 7.4509029 ], [ 134.467514, 7.4508638 ], [ 134.4674072, 7.4507804 ], [ 134.467392, 7.4505835 ], [ 134.4676971, 7.4492998 ], [ 134.4676819, 7.44905 ], [ 134.467483499999986, 7.4487724 ], [ 134.467376699999988, 7.4484305 ], [ 134.4673157, 7.4480863 ], [ 134.4674225, 7.4476585 ], [ 134.46736150000001, 7.4474306 ], [ 134.4670715, 7.4470196 ], [ 134.466629, 7.4468918 ], [ 134.46626280000001, 7.4471002 ], [ 134.4659729, 7.4475555 ], [ 134.4653626, 7.4475555 ], [ 134.465179400000011, 7.4475918 ], [ 134.4652405, 7.4478974 ], [ 134.465072600000013, 7.4482002 ], [ 134.46482850000001, 7.4484553 ], [ 134.464492799999988, 7.4485054 ], [ 134.464233400000012, 7.4483113 ], [ 134.463653599999986, 7.4482193 ], [ 134.4631348, 7.4481139 ], [ 134.4631348, 7.4478054 ], [ 134.463043199999987, 7.4476137 ], [ 134.4627228, 7.4474945 ], [ 134.4626312, 7.4473391 ], [ 134.462692299999986, 7.4472723 ], [ 134.4628296, 7.4469166 ], [ 134.4630737, 7.4467859 ], [ 134.463256800000011, 7.4467721 ], [ 134.463287400000013, 7.4466863 ], [ 134.463256800000011, 7.4466028 ], [ 134.463089, 7.4465694 ], [ 134.4629974, 7.446486 ], [ 134.4631348, 7.4462609 ], [ 134.4633179, 7.4461083 ], [ 134.463562, 7.4460974 ], [ 134.4638214, 7.4460974 ], [ 134.4639435, 7.4463639 ], [ 134.4643097, 7.4464445 ], [ 134.464721700000013, 7.4463611 ], [ 134.4651184, 7.4462805 ], [ 134.4651489, 7.4460692 ], [ 134.464981099999989, 7.4457917 ], [ 134.4649506, 7.4454751 ], [ 134.4654083, 7.4449167 ], [ 134.465438799999987, 7.4447084 ], [ 134.464981099999989, 7.4437223 ], [ 134.465087899999986, 7.4434304 ], [ 134.465316800000011, 7.4432221 ], [ 134.4656067, 7.4430943 ], [ 134.466171300000013, 7.4430251 ], [ 134.466888399999988, 7.4430528 ], [ 134.4677429, 7.4432335 ], [ 134.46818540000001, 7.4430447 ], [ 134.4685059, 7.4430447 ], [ 134.468566900000013, 7.4428001 ], [ 134.468689, 7.4426999 ], [ 134.4690857, 7.4425139 ], [ 134.4698181, 7.4423556 ], [ 134.4703369, 7.4417529 ], [ 134.4707794, 7.4414277 ], [ 134.4712677, 7.4412141 ], [ 134.471832299999988, 7.4411001 ], [ 134.4724884, 7.4411197 ], [ 134.4726105, 7.4411445 ], [ 134.4733429, 7.4412947 ], [ 134.4741364, 7.4415917 ], [ 134.4748535, 7.4419665 ], [ 134.4750824, 7.4422779 ], [ 134.4749908, 7.4424863 ], [ 134.47503660000001, 7.4426389 ], [ 134.4752655, 7.4427137 ], [ 134.4759216, 7.4427166 ], [ 134.476501500000012, 7.4433832 ], [ 134.476944, 7.4435582 ], [ 134.477325400000012, 7.4438443 ], [ 134.477813700000013, 7.4436808 ], [ 134.4779053, 7.4433947 ], [ 134.4782562, 7.4431276 ], [ 134.4788666, 7.4428415 ], [ 134.4800873, 7.4426751 ], [ 134.480468800000011, 7.4425306 ], [ 134.4810028, 7.4420724 ], [ 134.481247, 7.4414306 ], [ 134.4816284, 7.4409528 ], [ 134.4821167, 7.4407029 ], [ 134.4817658, 7.4403334 ], [ 134.4817047, 7.4401417 ], [ 134.4818115, 7.4396334 ], [ 134.48202520000001, 7.4392109 ], [ 134.4820862, 7.4389057 ], [ 134.48188780000001, 7.4384527 ], [ 134.481567399999989, 7.438189 ], [ 134.481567399999989, 7.4380584 ], [ 134.4811249, 7.4380169 ], [ 134.480957, 7.4377804 ], [ 134.480835, 7.4377308 ], [ 134.4806213, 7.4377861 ], [ 134.4803619, 7.4375224 ], [ 134.4802704, 7.4373331 ], [ 134.4802704, 7.4370499 ], [ 134.480102499999987, 7.4369831 ], [ 134.479980500000011, 7.436625 ], [ 134.4800263, 7.4363332 ], [ 134.480224600000014, 7.4361 ], [ 134.4802094, 7.435936 ], [ 134.4797058, 7.4351387 ], [ 134.4793549, 7.4354029 ], [ 134.479171799999989, 7.4354224 ], [ 134.478286700000012, 7.4350777 ], [ 134.477600099999989, 7.4350362 ], [ 134.477218599999986, 7.4346914 ], [ 134.4762878, 7.434711 ], [ 134.4759827, 7.4345331 ], [ 134.475708, 7.4340887 ], [ 134.4756928, 7.4338307 ], [ 134.4758453, 7.4334002 ], [ 134.4759827, 7.4321499 ], [ 134.4764404, 7.4312029 ], [ 134.477218599999986, 7.4306307 ], [ 134.477233899999987, 7.4304667 ], [ 134.4775085, 7.4303222 ], [ 134.4776611, 7.4298554 ], [ 134.4780121, 7.429575 ], [ 134.478286700000012, 7.4295249 ], [ 134.4787293, 7.4295945 ], [ 134.479263300000014, 7.4292779 ], [ 134.4795685, 7.4291887 ], [ 134.479873700000013, 7.4292831 ], [ 134.4802551, 7.4291887 ], [ 134.4805756, 7.4293833 ], [ 134.480697600000013, 7.4290276 ], [ 134.480941800000011, 7.4288278 ], [ 134.481308, 7.4287362 ], [ 134.4815064, 7.4285998 ], [ 134.481796300000013, 7.4286418 ], [ 134.4822083, 7.4282556 ], [ 134.4824677, 7.4281416 ], [ 134.4829407, 7.4281693 ], [ 134.4832916, 7.4283748 ], [ 134.4833832, 7.428225 ], [ 134.483551, 7.4281306 ], [ 134.483581500000014, 7.4279804 ], [ 134.4841614, 7.4276915 ], [ 134.4845123, 7.4273696 ], [ 134.484802300000013, 7.4273834 ], [ 134.4847412, 7.4270387 ], [ 134.4848785, 7.4268417 ], [ 134.4853363, 7.4268918 ], [ 134.4853516, 7.4268084 ], [ 134.4852142, 7.4267249 ], [ 134.4852142, 7.4265723 ], [ 134.4853363, 7.4263749 ], [ 134.485534699999988, 7.4263973 ], [ 134.485641500000014, 7.4263058 ], [ 134.485611, 7.4258723 ], [ 134.4859467, 7.4253359 ], [ 134.4867401, 7.4248805 ], [ 134.4875336, 7.4248304 ], [ 134.4878388, 7.4245138 ], [ 134.4883118, 7.4245863 ], [ 134.4886932, 7.4245167 ], [ 134.488540699999987, 7.4244084 ], [ 134.4885559, 7.4242444 ], [ 134.4887238, 7.4240804 ], [ 134.4892731, 7.4238806 ], [ 134.4891663, 7.4235945 ], [ 134.4892883, 7.4230471 ], [ 134.489471400000014, 7.4228721 ], [ 134.4897308, 7.4229193 ], [ 134.4896545, 7.4224916 ], [ 134.4898834, 7.4223585 ], [ 134.489852899999988, 7.4221692 ], [ 134.4899445, 7.4220276 ], [ 134.49066160000001, 7.4217167 ], [ 134.491043100000013, 7.421339 ], [ 134.4913788, 7.4211474 ], [ 134.49176030000001, 7.4211555 ], [ 134.4919739, 7.4208584 ], [ 134.4924164, 7.4205723 ], [ 134.49258420000001, 7.4205332 ], [ 134.492858899999987, 7.4206109 ], [ 134.4929962, 7.4200444 ], [ 134.49319460000001, 7.4199529 ], [ 134.4932404, 7.4196887 ], [ 134.493515, 7.4194694 ], [ 134.4936523, 7.4190335 ], [ 134.4935913, 7.4186416 ], [ 134.4933777, 7.4182529 ], [ 134.4934082, 7.4180694 ], [ 134.4931335, 7.417861 ], [ 134.493042, 7.4176974 ], [ 134.4930115, 7.4172669 ], [ 134.493087800000012, 7.4171224 ], [ 134.493225099999989, 7.4171109 ], [ 134.4934845, 7.4168668 ], [ 134.4938507, 7.4169278 ], [ 134.493820199999988, 7.4167805 ], [ 134.493927, 7.4166112 ], [ 134.4943543, 7.416625 ], [ 134.4945984, 7.4167166 ], [ 134.4944916, 7.416389 ], [ 134.493988, 7.4161363 ], [ 134.493927, 7.4155417 ], [ 134.494033800000011, 7.4153862 ], [ 134.4943543, 7.4153833 ], [ 134.4947357, 7.4155307 ], [ 134.4946747, 7.4161391 ], [ 134.494751, 7.4165974 ], [ 134.4948273, 7.4167028 ], [ 134.49511720000001, 7.4168248 ], [ 134.4952393, 7.4171777 ], [ 134.495269799999988, 7.417275 ], [ 134.495864899999987, 7.4175334 ], [ 134.495971700000013, 7.4176831 ], [ 134.4962463, 7.4177055 ], [ 134.4969635, 7.4179888 ], [ 134.4972534, 7.4181609 ], [ 134.497314499999987, 7.4182916 ], [ 134.4976044, 7.4181056 ], [ 134.4976959, 7.4181695 ], [ 134.497879, 7.4180389 ], [ 134.4980469, 7.4180918 ], [ 134.4985504, 7.4179001 ], [ 134.4987946, 7.4179916 ], [ 134.4988098, 7.417686 ], [ 134.4989471, 7.4175277 ], [ 134.499099699999988, 7.4175139 ], [ 134.4991913, 7.4174085 ], [ 134.4993134, 7.4174528 ], [ 134.499343900000014, 7.4173474 ], [ 134.4995117, 7.4172721 ], [ 134.4996491, 7.4173832 ], [ 134.4998474, 7.417222 ], [ 134.5, 7.4172306 ], [ 134.5000458, 7.4172335 ], [ 134.5001221, 7.4171414 ], [ 134.5003357, 7.4170971 ], [ 134.5003662, 7.4169693 ], [ 134.5006104, 7.4168167 ], [ 134.5018158, 7.4162002 ], [ 134.5022736, 7.4162779 ], [ 134.5024109, 7.4165859 ], [ 134.502700800000014, 7.4167194 ], [ 134.5030365, 7.4167557 ], [ 134.50383, 7.4172335 ], [ 134.5043335, 7.4176474 ], [ 134.504501299999987, 7.4176359 ], [ 134.504516599999988, 7.4175553 ], [ 134.503784200000013, 7.4169807 ], [ 134.5035858, 7.4166641 ], [ 134.5036163, 7.4163446 ], [ 134.5038147, 7.416039 ], [ 134.503906300000011, 7.4157195 ], [ 134.5041199, 7.4154916 ], [ 134.504272500000013, 7.4149303 ], [ 134.504730200000012, 7.4139862 ], [ 134.504989599999988, 7.4136639 ], [ 134.5052033, 7.4135389 ], [ 134.50532530000001, 7.4131694 ], [ 134.5059357, 7.4127221 ], [ 134.5061188, 7.412478 ], [ 134.506439199999988, 7.4123416 ], [ 134.506774900000011, 7.4123836 ], [ 134.5069733, 7.4122529 ], [ 134.507034299999987, 7.412128 ], [ 134.506927499999989, 7.4117498 ], [ 134.5071259, 7.4113445 ], [ 134.506958, 7.4112001 ], [ 134.5065308, 7.4102998 ], [ 134.5052948, 7.4088669 ], [ 134.505233800000013, 7.4084611 ], [ 134.5050659, 7.4081473 ], [ 134.5050201, 7.4074502 ], [ 134.505111699999986, 7.407311 ], [ 134.5047913, 7.4072447 ], [ 134.5046845, 7.4070554 ], [ 134.5043488, 7.4067807 ], [ 134.504303, 7.406414 ], [ 134.5041046, 7.4062109 ], [ 134.50354, 7.4051528 ], [ 134.5030365, 7.404686 ], [ 134.5030212, 7.404386 ], [ 134.5027466, 7.4036112 ], [ 134.5027313, 7.4033332 ], [ 134.502609299999989, 7.4031196 ], [ 134.5026703, 7.4025416 ], [ 134.5025024, 7.4019637 ], [ 134.502700800000014, 7.4014139 ], [ 134.5026703, 7.4012637 ], [ 134.502807600000011, 7.401011 ], [ 134.502807600000011, 7.4006777 ], [ 134.5029602, 7.400475 ], [ 134.5031128, 7.399786 ], [ 134.503677399999987, 7.3990974 ], [ 134.503784200000013, 7.398778 ], [ 134.5041962, 7.3983808 ], [ 134.504364, 7.3978887 ], [ 134.5045929, 7.3977084 ], [ 134.5051575, 7.3965693 ], [ 134.5051422, 7.3962917 ], [ 134.5054016, 7.3960891 ], [ 134.5056763, 7.3954196 ], [ 134.5062714, 7.3950834 ], [ 134.5063629, 7.3946915 ], [ 134.5065308, 7.3945332 ], [ 134.5066376, 7.3941779 ], [ 134.5070801, 7.3940139 ], [ 134.507019, 7.3937111 ], [ 134.507263200000011, 7.3934169 ], [ 134.5073395, 7.392911 ], [ 134.5076599, 7.3926888 ], [ 134.5074616, 7.3925252 ], [ 134.507522599999987, 7.3922749 ], [ 134.5074616, 7.3920832 ], [ 134.507736200000011, 7.3917279 ], [ 134.507873499999988, 7.3913498 ], [ 134.508010899999988, 7.3906555 ], [ 134.508102400000013, 7.3902669 ], [ 134.508194, 7.3898277 ], [ 134.508255, 7.3893166 ], [ 134.508255, 7.3891416 ], [ 134.50834660000001, 7.3887553 ], [ 134.5081787, 7.3883028 ], [ 134.508255, 7.3879499 ], [ 134.508834799999988, 7.3868694 ], [ 134.50917050000001, 7.3865304 ], [ 134.5093689, 7.3859835 ], [ 134.509613, 7.3858028 ], [ 134.5098419, 7.3858113 ], [ 134.5097504, 7.3855863 ], [ 134.5098114, 7.3853889 ], [ 134.509964, 7.3851943 ], [ 134.510284399999989, 7.385025 ], [ 134.510162400000013, 7.3847666 ], [ 134.5101166, 7.3841748 ], [ 134.510421799999989, 7.3836417 ], [ 134.51026920000001, 7.3826776 ], [ 134.5099945, 7.3821974 ], [ 134.5099793, 7.3820305 ], [ 134.5102387, 7.3814387 ], [ 134.5098877, 7.3808417 ], [ 134.5095215, 7.3802443 ], [ 134.5095062, 7.3800306 ], [ 134.5093994, 7.379653 ], [ 134.5093994, 7.3794141 ], [ 134.5092621, 7.3792834 ], [ 134.5092163, 7.3790999 ], [ 134.5090942, 7.3788028 ], [ 134.509063700000013, 7.3786168 ], [ 134.5089874, 7.3784804 ], [ 134.5088959, 7.3781138 ], [ 134.5088959, 7.3779836 ], [ 134.5089417, 7.3778582 ], [ 134.508956899999987, 7.3777361 ], [ 134.5089111, 7.3776054 ], [ 134.508850099999989, 7.3775387 ], [ 134.508834799999988, 7.3774695 ], [ 134.5088806, 7.3773971 ], [ 134.5088806, 7.3773418 ], [ 134.508850099999989, 7.3772721 ], [ 134.5088654, 7.3770695 ], [ 134.508956899999987, 7.3769279 ], [ 134.508850099999989, 7.3768668 ], [ 134.5088043, 7.3768196 ], [ 134.5087738, 7.3767028 ], [ 134.508667, 7.3766832 ], [ 134.508483899999987, 7.3765721 ], [ 134.508239800000013, 7.3763804 ], [ 134.5080872, 7.3762083 ], [ 134.5079193, 7.3760724 ], [ 134.507522599999987, 7.375689 ], [ 134.507400499999989, 7.3754888 ], [ 134.5072174, 7.3753195 ], [ 134.5071259, 7.3751998 ], [ 134.507019, 7.3749666 ], [ 134.5069885, 7.3749085 ], [ 134.5068817, 7.3745222 ], [ 134.5068817, 7.3744388 ], [ 134.506927499999989, 7.3743277 ], [ 134.5069733, 7.3742638 ], [ 134.507034299999987, 7.3742333 ], [ 134.507019, 7.374136 ], [ 134.5070038, 7.3741055 ], [ 134.5068817, 7.3741808 ], [ 134.5068207, 7.3741694 ], [ 134.5067444, 7.374136 ], [ 134.506683399999986, 7.3740554 ], [ 134.506652800000012, 7.3739696 ], [ 134.5064697, 7.3737307 ], [ 134.5063629, 7.3735638 ], [ 134.50628660000001, 7.373353 ], [ 134.5061493, 7.3726916 ], [ 134.5061493, 7.3725529 ], [ 134.506179800000012, 7.3724194 ], [ 134.5061646, 7.3721585 ], [ 134.506179800000012, 7.3720555 ], [ 134.5062714, 7.3719053 ], [ 134.506301900000011, 7.3718166 ], [ 134.5063782, 7.3716664 ], [ 134.5064087, 7.3713555 ], [ 134.506439199999988, 7.3712807 ], [ 134.506439199999988, 7.3711109 ], [ 134.5064545, 7.3710585 ], [ 134.5064697, 7.3709831 ], [ 134.506424, 7.3708081 ], [ 134.5064697, 7.3706584 ], [ 134.506485, 7.3705387 ], [ 134.5065918, 7.3703971 ], [ 134.5065765, 7.3703113 ], [ 134.5066376, 7.3701806 ], [ 134.506652800000012, 7.3700194 ], [ 134.5066986, 7.3698888 ], [ 134.5067444, 7.3696613 ], [ 134.5067596, 7.3696055 ], [ 134.5068665, 7.3695278 ], [ 134.506897, 7.3694863 ], [ 134.506927499999989, 7.3694391 ], [ 134.5069428, 7.3692279 ], [ 134.507019, 7.3691196 ], [ 134.5071106, 7.3690167 ], [ 134.5071259, 7.3689084 ], [ 134.507141100000013, 7.3688612 ], [ 134.507156400000014, 7.3686862 ], [ 134.5072174, 7.3685751 ], [ 134.507263200000011, 7.3685751 ], [ 134.507263200000011, 7.3685002 ], [ 134.507309, 7.3684249 ], [ 134.5074158, 7.3683138 ], [ 134.5075989, 7.3683167 ], [ 134.5075378, 7.3682165 ], [ 134.5075378, 7.3679085 ], [ 134.5075684, 7.3677917 ], [ 134.507614100000012, 7.3677111 ], [ 134.507614100000012, 7.367661 ], [ 134.5075836, 7.3676057 ], [ 134.5075989, 7.3675027 ], [ 134.507782, 7.3669109 ], [ 134.507843, 7.3667779 ], [ 134.507873499999988, 7.3666225 ], [ 134.5079651, 7.3663945 ], [ 134.507995599999987, 7.3660111 ], [ 134.5080414, 7.3658834 ], [ 134.5081635, 7.3656945 ], [ 134.508255, 7.3654194 ], [ 134.508499199999989, 7.3650723 ], [ 134.5082855, 7.3651333 ], [ 134.508117700000014, 7.365211 ], [ 134.5079498, 7.3652554 ], [ 134.5070648, 7.3650723 ], [ 134.5062714, 7.3648834 ], [ 134.50628660000001, 7.3648276 ], [ 134.506301900000011, 7.3647862 ], [ 134.5064545, 7.3642554 ], [ 134.506485, 7.3641944 ], [ 134.5066376, 7.3642359 ], [ 134.5067596, 7.3638697 ], [ 134.5070801, 7.363914 ], [ 134.507141100000013, 7.3636971 ], [ 134.5070953, 7.3636861 ], [ 134.506927499999989, 7.3636026 ], [ 134.5063934, 7.3635054 ], [ 134.505828900000012, 7.3633084 ], [ 134.5056, 7.3632584 ], [ 134.5053864, 7.3632336 ], [ 134.505233800000013, 7.3632336 ], [ 134.505127, 7.3631973 ], [ 134.5051575, 7.3631249 ], [ 134.505249, 7.3628168 ], [ 134.505292700000012, 7.3625647 ], [ 134.5052887, 7.362563 ], [ 134.5046211, 7.3622684 ], [ 134.504531899999989, 7.3624501 ], [ 134.504516599999988, 7.3624973 ], [ 134.504394499999989, 7.3627667 ], [ 134.504043599999989, 7.3634558 ], [ 134.5039978, 7.3635359 ], [ 134.50383, 7.3638973 ], [ 134.5037994, 7.3639641 ], [ 134.503204399999987, 7.3651304 ], [ 134.503189099999986, 7.3651528 ], [ 134.503189099999986, 7.3651586 ], [ 134.502655, 7.3662028 ], [ 134.5024109, 7.3664556 ], [ 134.5023041, 7.3665724 ], [ 134.5019379, 7.3669639 ], [ 134.501846300000011, 7.3670583 ], [ 134.5012054, 7.3677082 ], [ 134.5, 7.3678751 ], [ 134.4997559, 7.3679085 ], [ 134.498748799999987, 7.368186 ], [ 134.4985199, 7.368247 ], [ 134.497787499999987, 7.3684473 ], [ 134.49751280000001, 7.3684583 ], [ 134.4959259, 7.3685308 ], [ 134.4956665, 7.3685417 ], [ 134.4956513, 7.3685417 ], [ 134.4952087, 7.3685613 ], [ 134.4944763, 7.3686972 ], [ 134.49368290000001, 7.3688889 ], [ 134.4931335, 7.3690195 ], [ 134.4919739, 7.3692999 ], [ 134.490814199999988, 7.3695169 ], [ 134.4905972, 7.3695578 ], [ 134.4906527, 7.3698021 ], [ 134.490713699999986, 7.3700704 ], [ 134.4907251, 7.3701208 ], [ 134.4893256, 7.3708587 ], [ 134.4841816, 7.373571 ], [ 134.4819118, 7.3763856 ], [ 134.4813208, 7.3771184 ], [ 134.4813122, 7.3771291 ], [ 134.4807068, 7.3778798 ], [ 134.479265700000013, 7.3796667 ], [ 134.479167600000011, 7.3797884 ], [ 134.4798126, 7.3802557 ], [ 134.479873700000013, 7.3802915 ], [ 134.47966, 7.380589 ], [ 134.4794159, 7.3808417 ], [ 134.4784707, 7.3806525 ], [ 134.4780029, 7.3812326 ], [ 134.477279, 7.3821302 ], [ 134.4766172, 7.3829508 ], [ 134.475997299999989, 7.3837196 ], [ 134.4758942, 7.3838474 ], [ 134.4754944, 7.3844862 ], [ 134.4753265, 7.3846889 ], [ 134.475311299999987, 7.3846998 ], [ 134.4751587, 7.3848891 ], [ 134.474243199999989, 7.386025 ], [ 134.4730988, 7.3874445 ], [ 134.4725467, 7.3879983 ], [ 134.4712874, 7.3895598 ], [ 134.4707372, 7.3902421 ], [ 134.47071840000001, 7.3902946 ], [ 134.4706268, 7.3905473 ], [ 134.470611600000012, 7.3906779 ], [ 134.4705505, 7.3916693 ], [ 134.4706726, 7.3923221 ], [ 134.4706726, 7.3923249 ], [ 134.4706879, 7.3924446 ], [ 134.4710388, 7.3928556 ], [ 134.471221899999989, 7.3930583 ], [ 134.4712677, 7.3933387 ], [ 134.471344, 7.3937306 ], [ 134.4714203, 7.3937917 ], [ 134.4716492, 7.3937669 ], [ 134.471832299999988, 7.3936138 ], [ 134.471832299999988, 7.393611 ], [ 134.471954399999987, 7.3935165 ], [ 134.472183199999989, 7.393322 ], [ 134.4723816, 7.3938527 ], [ 134.4723816, 7.3938556 ], [ 134.4724884, 7.3941641 ], [ 134.4724884, 7.3941693 ], [ 134.47258, 7.3943944 ], [ 134.4726715, 7.39465 ], [ 134.4723969, 7.3948693 ], [ 134.4730377, 7.3964248 ], [ 134.4734192, 7.3973141 ], [ 134.473281899999989, 7.3983359 ], [ 134.473281899999989, 7.3983388 ], [ 134.4732056, 7.398839 ], [ 134.4732056, 7.3988442 ], [ 134.473114, 7.3995972 ], [ 134.473114, 7.3996029 ], [ 134.4730835, 7.3997722 ], [ 134.4728699, 7.4003668 ], [ 134.4727631, 7.4006581 ], [ 134.4719696, 7.4029751 ], [ 134.4727478, 7.4043918 ], [ 134.4727478, 7.4045196 ], [ 134.4719849, 7.4060111 ], [ 134.4718018, 7.4061499 ], [ 134.4714203, 7.4064169 ], [ 134.4724426, 7.4073501 ], [ 134.4730988, 7.407939 ], [ 134.472305299999988, 7.4081945 ], [ 134.471817, 7.4085193 ], [ 134.4708252, 7.4089084 ], [ 134.4707794, 7.4089279 ], [ 134.4700317, 7.409225 ], [ 134.4699249, 7.4092917 ], [ 134.4699249, 7.4092946 ], [ 134.4694519, 7.4095669 ], [ 134.4693451, 7.4096279 ], [ 134.4692078, 7.4099526 ], [ 134.4692383, 7.4102693 ], [ 134.4693298, 7.410347 ], [ 134.4693909, 7.4103861 ], [ 134.4693909, 7.410389 ], [ 134.469406099999986, 7.4104028 ], [ 134.4698486, 7.4105554 ], [ 134.4701691, 7.410461 ], [ 134.4702301, 7.4104443 ], [ 134.470459, 7.410203 ], [ 134.470504799999986, 7.4101443 ], [ 134.4705505, 7.4100862 ], [ 134.471084600000012, 7.4102082 ], [ 134.4708862, 7.4111166 ], [ 134.470932, 7.4114528 ], [ 134.470993, 7.4115362 ], [ 134.470993, 7.4115391 ], [ 134.4712372, 7.4118419 ], [ 134.471817, 7.412189 ], [ 134.471817, 7.4124498 ], [ 134.4718018, 7.4142942 ], [ 134.470871, 7.4143834 ], [ 134.470855699999987, 7.4143863 ], [ 134.470016500000014, 7.4143276 ], [ 134.469696, 7.4143057 ], [ 134.4682312, 7.4139667 ], [ 134.4659576, 7.4137836 ], [ 134.4645844, 7.4123669 ], [ 134.4640961, 7.4127946 ], [ 134.465316800000011, 7.4140806 ], [ 134.4656525, 7.4148054 ], [ 134.4644623, 7.4154334 ], [ 134.4634399, 7.4158001 ], [ 134.4624634, 7.4167805 ], [ 134.4606934, 7.4176889 ], [ 134.460022, 7.4177942 ], [ 134.4584961, 7.4187141 ], [ 134.4579163, 7.4177527 ], [ 134.4578857, 7.4176779 ], [ 134.4578857, 7.4176359 ], [ 134.457855200000012, 7.4170775 ], [ 134.45784, 7.4166918 ], [ 134.4578247, 7.4164805 ], [ 134.45784, 7.4163752 ], [ 134.4576721, 7.4160442 ], [ 134.4571838, 7.4155335 ], [ 134.4571381, 7.4154916 ], [ 134.4568481, 7.4151974 ], [ 134.4567719, 7.4151168 ], [ 134.4562683, 7.4142752 ], [ 134.455932600000011, 7.413703 ], [ 134.4557648, 7.4134054 ], [ 134.4556427, 7.4132166 ], [ 134.455474900000013, 7.4129195 ], [ 134.455444300000011, 7.4128666 ], [ 134.4552918, 7.4126973 ], [ 134.4552765, 7.4126887 ], [ 134.4545441, 7.4119 ], [ 134.4541168, 7.4114361 ], [ 134.4536285, 7.4109111 ], [ 134.4535828, 7.4106751 ], [ 134.453537, 7.4104419 ], [ 134.453476, 7.4101667 ], [ 134.453430200000014, 7.4099474 ], [ 134.452713, 7.4094558 ], [ 134.45269780000001, 7.4094472 ], [ 134.4526672, 7.4092779 ], [ 134.4525147, 7.4084001 ], [ 134.4524231, 7.407939 ], [ 134.4524231, 7.4079251 ], [ 134.4524078, 7.4078445 ], [ 134.4521942, 7.4077749 ], [ 134.452179, 7.4077697 ], [ 134.451995899999986, 7.407711 ], [ 134.451828, 7.4076557 ], [ 134.4517975, 7.4076529 ], [ 134.4519348, 7.4075027 ], [ 134.4520111, 7.407403 ], [ 134.4520416, 7.4072557 ], [ 134.4520416, 7.407197 ], [ 134.452102700000012, 7.4071331 ], [ 134.4520721, 7.406961 ], [ 134.4519501, 7.4067998 ], [ 134.4516602, 7.4064193 ], [ 134.4511566, 7.4061251 ], [ 134.450881, 7.4056498 ], [ 134.450418500000012, 7.4059921 ], [ 134.4499604, 7.4063311 ], [ 134.449421699999988, 7.4067298 ], [ 134.4478851, 7.4068546 ], [ 134.4472567, 7.4069056 ], [ 134.4454198, 7.4070548 ], [ 134.4453092, 7.4070638 ], [ 134.4417862, 7.4073499 ], [ 134.4416865, 7.407358 ], [ 134.4380008, 7.4076574 ], [ 134.437702800000011, 7.4076816 ], [ 134.437702800000011, 7.4078368 ], [ 134.437702800000011, 7.4090068 ], [ 134.437702800000011, 7.4107291 ], [ 134.437702800000011, 7.4119165 ], [ 134.437805200000014, 7.4121418 ], [ 134.4382172, 7.4130054 ], [ 134.4386292, 7.4139028 ], [ 134.438797, 7.4142556 ], [ 134.4387817, 7.4143224 ], [ 134.4386902, 7.4148555 ], [ 134.438644399999987, 7.415103 ], [ 134.4386292, 7.4152498 ], [ 134.4384918, 7.4160304 ], [ 134.4385529, 7.4163194 ], [ 134.438644399999987, 7.4167223 ], [ 134.438858, 7.4176693 ], [ 134.4389343, 7.4180193 ], [ 134.4384929, 7.4184112 ], [ 134.4385696, 7.4185925 ], [ 134.4386115, 7.4186912 ], [ 134.438904900000011, 7.4193843 ], [ 134.4389871, 7.4195784 ], [ 134.4393005, 7.4197555 ], [ 134.4394989, 7.4203305 ], [ 134.439621, 7.4203973 ], [ 134.440078699999987, 7.4206276 ], [ 134.4401856, 7.4206805 ], [ 134.4402618, 7.4212804 ], [ 134.4407654, 7.4221554 ], [ 134.440780600000011, 7.4221916 ], [ 134.4408722, 7.4223442 ], [ 134.4410095, 7.4225693 ], [ 134.4412994, 7.4230804 ], [ 134.4419098, 7.4231391 ], [ 134.442016599999988, 7.4231472 ], [ 134.4421997, 7.4236641 ], [ 134.4424591, 7.4244113 ], [ 134.442627, 7.4248748 ], [ 134.44282530000001, 7.425447 ], [ 134.4429321, 7.4257555 ], [ 134.4432526, 7.4266887 ], [ 134.4440155, 7.4266248 ], [ 134.4442291, 7.4266086 ], [ 134.4445648, 7.4265804 ], [ 134.4449158, 7.4265499 ], [ 134.444931, 7.4270916 ], [ 134.444931, 7.4271751 ], [ 134.444931, 7.4273944 ], [ 134.4448395, 7.4281054 ], [ 134.4447937, 7.4284697 ], [ 134.444549599999988, 7.4290276 ], [ 134.4443665, 7.4294276 ], [ 134.4443054, 7.4294806 ], [ 134.444168100000013, 7.4296331 ], [ 134.443466199999989, 7.4301333 ], [ 134.4434587, 7.43014 ], [ 134.4435932, 7.4304576 ], [ 134.4439489, 7.4312977 ], [ 134.4453689, 7.4314308 ], [ 134.4457488, 7.4314665 ], [ 134.446419, 7.4315293 ], [ 134.447756, 7.4316546 ], [ 134.4476482, 7.4320602 ], [ 134.447416299999986, 7.4329325 ], [ 134.447259300000013, 7.4335232 ], [ 134.447111799999988, 7.4340782 ], [ 134.4468532, 7.435051 ], [ 134.4465068, 7.4363541 ], [ 134.446140899999989, 7.4364982 ], [ 134.4448743, 7.4369972 ], [ 134.4427377, 7.4378389 ], [ 134.442749, 7.438611 ], [ 134.442749, 7.4386139 ], [ 134.4427643, 7.4394445 ], [ 134.4427795, 7.4397526 ], [ 134.4427795, 7.4398665 ], [ 134.4427795, 7.439878 ], [ 134.4426727, 7.4406776 ], [ 134.4426575, 7.4408722 ], [ 134.4427795, 7.4414778 ], [ 134.4428558, 7.4418612 ], [ 134.4428558, 7.441864 ], [ 134.4430542, 7.4428473 ], [ 134.4430542, 7.4428554 ], [ 134.443191500000012, 7.4436112 ], [ 134.443206800000013, 7.4436998 ], [ 134.44331360000001, 7.4441085 ], [ 134.44331360000001, 7.444314 ], [ 134.4433441, 7.4444389 ], [ 134.4434204, 7.4448223 ], [ 134.4434204, 7.444839 ], [ 134.443450899999988, 7.4449472 ], [ 134.4434967, 7.4451194 ], [ 134.4437714, 7.4456582 ], [ 134.4437714, 7.4456697 ], [ 134.4438934, 7.4459195 ], [ 134.4438934, 7.4461889 ], [ 134.4439087, 7.446353 ], [ 134.4439087, 7.4463806 ], [ 134.443924, 7.4466915 ], [ 134.4440002, 7.4467859 ], [ 134.444152800000012, 7.4470196 ], [ 134.4443817, 7.4473305 ], [ 134.4443817, 7.4477363 ], [ 134.4445801, 7.4479141 ], [ 134.4445953, 7.4479251 ], [ 134.44488530000001, 7.4481721 ], [ 134.445221, 7.4484835 ], [ 134.4453278, 7.4485807 ], [ 134.445343, 7.4490085 ], [ 134.4454498, 7.4490361 ], [ 134.4458771, 7.4491582 ], [ 134.4459534, 7.4492192 ], [ 134.446197500000011, 7.4494195 ], [ 134.446563700000013, 7.4497223 ], [ 134.4468842, 7.4499831 ], [ 134.4471283, 7.4501863 ], [ 134.4478302, 7.4507585 ], [ 134.4485474, 7.4513416 ], [ 134.449478199999987, 7.452086 ], [ 134.449478199999987, 7.4520888 ], [ 134.449813799999987, 7.452364 ], [ 134.4500195, 7.4525289 ], [ 134.450237, 7.4521283 ], [ 134.4505824, 7.4514924 ], [ 134.4507753, 7.4511371 ], [ 134.4511666, 7.4504165 ], [ 134.4515192, 7.4497673 ], [ 134.4533173, 7.4464562 ], [ 134.4548944, 7.4435519 ], [ 134.4548402, 7.443369 ], [ 134.4545515, 7.4423944 ], [ 134.4539091, 7.4402266 ], [ 134.4534424, 7.4386513 ], [ 134.4530422, 7.4373007 ], [ 134.4516735, 7.4326814 ], [ 134.450998700000014, 7.430404 ], [ 134.4507328, 7.4295065 ], [ 134.450611400000014, 7.4290967 ], [ 134.45079530000001, 7.4287725 ], [ 134.451355799999988, 7.4277842 ], [ 134.452174, 7.4263415 ], [ 134.4528719, 7.4251111 ], [ 134.453048700000011, 7.4251873 ], [ 134.455111100000011, 7.4260763 ], [ 134.4556431, 7.4263056 ], [ 134.4563221, 7.4265983 ], [ 134.456203499999987, 7.4272674 ], [ 134.456032599999986, 7.428232 ], [ 134.455763, 7.4297532 ], [ 134.4553879, 7.4318696 ], [ 134.455027800000011, 7.4339016 ], [ 134.4548797, 7.4347376 ], [ 134.4546565, 7.4359972 ], [ 134.4550738, 7.4365584 ], [ 134.4555872, 7.4372489 ], [ 134.4573907, 7.4396743 ], [ 134.45767810000001, 7.4400608 ], [ 134.4577482, 7.4401551 ], [ 134.4581067, 7.4406371 ], [ 134.4584001, 7.4403584 ], [ 134.4592273, 7.4395725 ], [ 134.45973140000001, 7.4390936 ], [ 134.4598159, 7.4390133 ], [ 134.4605795, 7.438288 ], [ 134.4609374, 7.437948 ], [ 134.461675899999989, 7.4372464 ], [ 134.4626611, 7.4374325 ], [ 134.4634796, 7.4375871 ], [ 134.464178, 7.437719 ], [ 134.465251, 7.4379217 ], [ 134.4655592, 7.4379799 ], [ 134.467029700000012, 7.4382576 ], [ 134.4575118, 7.4472445 ], [ 134.4572595, 7.4474827 ], [ 134.453169300000013, 7.4513447 ], [ 134.4525586, 7.45422 ], [ 134.4524452, 7.454754 ], [ 134.4525909, 7.4550443 ], [ 134.4528503, 7.4555721 ], [ 134.453064, 7.4558168 ], [ 134.4532471, 7.4559999 ], [ 134.4532471, 7.4560027 ], [ 134.4537659, 7.4565334 ], [ 134.454025300000012, 7.4567971 ], [ 134.4542236, 7.4570112 ], [ 134.4542389, 7.4570193 ], [ 134.4543304, 7.4571195 ], [ 134.4545746, 7.4573751 ], [ 134.45462040000001, 7.4574332 ], [ 134.4546509, 7.4574804 ], [ 134.4546509, 7.4574862 ], [ 134.4551697, 7.4582667 ], [ 134.4555761, 7.4588673 ], [ 134.456045, 7.4589652 ], [ 134.4571549, 7.4591969 ], [ 134.457355799999988, 7.4604193 ], [ 134.4575697, 7.4617202 ], [ 134.4576864, 7.4624302 ], [ 134.4577261, 7.4626719 ], [ 134.4577789, 7.4627805 ], [ 134.457901, 7.463047 ], [ 134.4580689, 7.4632082 ], [ 134.4582977, 7.4634471 ], [ 134.4584808, 7.4636278 ], [ 134.45858770000001, 7.4637361 ], [ 134.458786, 7.4639416 ], [ 134.4589233, 7.4640751 ], [ 134.459137, 7.4642916 ], [ 134.4591675, 7.4643221 ], [ 134.4598541, 7.4650722 ], [ 134.460022, 7.4652529 ], [ 134.4602356, 7.4657083 ], [ 134.4602356, 7.465725 ], [ 134.4602509, 7.4665723 ], [ 134.4606934, 7.4672694 ], [ 134.460754400000013, 7.4675055 ], [ 134.460769699999986, 7.4675527 ], [ 134.460907, 7.4681335 ], [ 134.460998499999988, 7.4684138 ], [ 134.461013799999989, 7.4684391 ], [ 134.4610901, 7.4686751 ], [ 134.4611511, 7.4688582 ], [ 134.461242700000014, 7.468936 ], [ 134.4614563, 7.4691277 ], [ 134.4616547, 7.4692974 ], [ 134.46167650000001, 7.4693172 ], [ 134.463295100000011, 7.4673049 ], [ 134.4646749, 7.4655895 ], [ 134.4654444, 7.4646329 ], [ 134.465514, 7.4645464 ], [ 134.465142899999989, 7.4636628 ], [ 134.4648809, 7.4630391 ], [ 134.4642189, 7.461463 ], [ 134.4638452, 7.460573 ], [ 134.4635594, 7.4598926 ], [ 134.4632579, 7.4591747 ], [ 134.4629244, 7.4583807 ], [ 134.4625159, 7.457408 ], [ 134.4619736, 7.4570368 ], [ 134.461358100000012, 7.4566155 ], [ 134.4592701, 7.4551863 ], [ 134.4590696, 7.4550491 ], [ 134.4583246, 7.4545391 ], [ 134.458066300000013, 7.4543623 ], [ 134.4581719, 7.4527697 ] ], [ [ 134.4919281, 7.4165387 ], [ 134.4918518, 7.4166694 ], [ 134.4918671, 7.4169192 ], [ 134.4919739, 7.4170752 ], [ 134.4923554, 7.4172053 ], [ 134.492691, 7.4172473 ], [ 134.4929352, 7.4169169 ], [ 134.49272160000001, 7.4166307 ], [ 134.4922333, 7.4164863 ], [ 134.4919281, 7.4165387 ] ], [ [ 134.4451752, 7.4139891 ], [ 134.445282, 7.414175 ], [ 134.4452972, 7.4146528 ], [ 134.445510899999988, 7.4146972 ], [ 134.445602400000013, 7.4143558 ], [ 134.4455719, 7.4140501 ], [ 134.4454193, 7.4138498 ], [ 134.4452057, 7.4138279 ], [ 134.4451752, 7.4139891 ] ] ] } },
{ "type": "Feature", "properties": { "RCID": 5797, "PRIM": 3, "GRUP": 2, "OBJL": 308, "RVER": 1, "AGEN": 550, "FIDN": 299092180, "FIDS": 9, "LNAM": "022611D3C8D40009", "LNAM_REFS": null, "FFPT_RIND": null, "CATQUA": null, "CATZOC": 3, "DRVAL1": null, "DRVAL2": null, "POSACC": null, "SOUACC": null, "SUREND": "2004", "SURSTA": null, "TECSOU": null, "VERDAT": null, "INFORM": "U.S. Navy LIDAR Survey, Archive No. 04HFM01, Scale 1:5,000-1:10,000", "NINFOM": null, "NTXTDS": null, "TXTDSC": null, "RECDAT": null, "RECIND": null, "SORDAT": "20150206", "SORIND": "US,US,reprt,L-246-2015", "_enc_cell": "US4TB3P0" }, "geometry": { "type": "Polygon", "coordinates": [ [ [ 134.513870200000014, 7.3005891 ], [ 134.5137329, 7.3004084 ], [ 134.514114400000011, 7.2994638 ], [ 134.514358499999986, 7.2993832 ], [ 134.5145721, 7.2995057 ], [ 134.5148163, 7.2997584 ], [ 134.514968900000014, 7.2999167 ], [ 134.515075700000011, 7.3001361 ], [ 134.515075700000011, 7.3004971 ], [ 134.5150147, 7.300622 ], [ 134.5148773, 7.3008084 ], [ 134.5147095, 7.3008609 ], [ 134.5140533, 7.3006887 ], [ 134.513870200000014, 7.3005891 ] ] ] } },
{ "type": "Feature", "properties": { "RCID": 5798, "PRIM": 3, "GRUP": 2, "OBJL": 308, "RVER": 1, "AGEN": 550, "FIDN": 111762750, "FIDS": 9, "LNAM": "022606A95D3E0009", "LNAM_REFS": null, "FFPT_RIND": null, "CATQUA": null, "CATZOC": 3, "DRVAL1": 15.0, "DRVAL2": null, "POSACC": null, "SOUACC": null, "SUREND": "2004", "SURSTA": null, "TECSOU": null, "VERDAT": null, "INFORM": "U.S. Navy LIDAR Survey, Archive No. 04HFM01, Scale 1:5,000-1:10,000", "NINFOM": null, "NTXTDS": null, "TXTDSC": null, "RECDAT": null, "RECIND": null, "SORDAT": "20150206", "SORIND": "US,US,reprt,L-246-2015", "_enc_cell": "US4TB3P0" }, "geometry": { "type": "Polygon", "coordinates": [ [ [ 134.5186282, 7.3036368 ], [ 134.52063, 7.307245 ], [ 134.518203699999987, 7.306953 ], [ 134.5181732, 7.3069472 ], [ 134.518203699999987, 7.3062081 ], [ 134.518203699999987, 7.3056583 ], [ 134.518219, 7.3044529 ], [ 134.5186282, 7.3036368 ] ] ] } },
{ "type": "Feature", "properties": { "RCID": 5799, "PRIM": 3, "GRUP": 2, "OBJL": 308, "RVER": 1, "AGEN": 550, "FIDN": 801678205, "FIDS": 9, "LNAM": "02262FC8A37D0009", "LNAM_REFS": null, "FFPT_RIND": null, "CATQUA": null, "CATZOC": 5, "DRVAL1": 10.0, "DRVAL2": null, "POSACC": null, "SOUACC": null, "SUREND": "1938", "SURSTA": "1915", "TECSOU": null, "VERDAT": null, "INFORM": "Former Japan Chart 481 (Ed. 1940, Rev. 1944), from Japan surveys, Scale 1:25,000", "NINFOM": null, "NTXTDS": null, "TXTDSC": null, "RECDAT": null, "RECIND": null, "SORDAT": "20150206", "SORIND": "US,US,reprt,L-246-2015", "_enc_cell": "US4TB3P0" }, "geometry": { "type": "Polygon", "coordinates": [ [ [ 134.5156637, 7.3492891 ], [ 134.5185625, 7.3437913 ], [ 134.518631, 7.343564 ], [ 134.518631, 7.3435612 ], [ 134.518631, 7.3435555 ], [ 134.5186615, 7.3429112 ], [ 134.519180299999988, 7.3421445 ], [ 134.5197296, 7.3401723 ], [ 134.5198059, 7.3388443 ], [ 134.5205841, 7.3373833 ], [ 134.520874, 7.3368278 ], [ 134.5215454, 7.3355889 ], [ 134.521575899999988, 7.3352389 ], [ 134.5216522, 7.3351665 ], [ 134.5218658, 7.3349528 ], [ 134.5215302, 7.3332276 ], [ 134.5214691, 7.3325167 ], [ 134.5216065, 7.3318248 ], [ 134.5215607, 7.331214 ], [ 134.5218506, 7.3308973 ], [ 134.5219574, 7.3306446 ], [ 134.52191160000001, 7.3301277 ], [ 134.5219574, 7.3298388 ], [ 134.5224609, 7.3291612 ], [ 134.522766100000013, 7.3291001 ], [ 134.522781400000014, 7.3287444 ], [ 134.5231781, 7.3283749 ], [ 134.523254400000013, 7.3281946 ], [ 134.5233002, 7.3281002 ], [ 134.523407, 7.327611 ], [ 134.5234222, 7.3274889 ], [ 134.5236054, 7.3268027 ], [ 134.523620599999987, 7.3267665 ], [ 134.5236511, 7.3266721 ], [ 134.5236664, 7.3265667 ], [ 134.5237122, 7.3265028 ], [ 134.524597199999988, 7.3248668 ], [ 134.5247803, 7.3242083 ], [ 134.5246277, 7.3234167 ], [ 134.5248871, 7.3226724 ], [ 134.524826100000013, 7.3211083 ], [ 134.524322500000011, 7.3189778 ], [ 134.524124199999989, 7.3181138 ], [ 134.5242615, 7.3173919 ], [ 134.524459799999988, 7.3164082 ], [ 134.5245361, 7.315228 ], [ 134.524475099999989, 7.314353 ], [ 134.5243835, 7.313786 ], [ 134.5243835, 7.313622 ], [ 134.524353, 7.3128862 ], [ 134.5244411, 7.3118477 ], [ 134.524338300000011, 7.3107061 ], [ 134.524453099999988, 7.3105783 ], [ 134.524563300000011, 7.3104556 ], [ 134.5245667, 7.3104224 ], [ 134.5245361, 7.3099389 ], [ 134.524597199999988, 7.3097501 ], [ 134.524597199999988, 7.3097305 ], [ 134.5246735, 7.3094692 ], [ 134.5257111, 7.3084917 ], [ 134.5258179, 7.3083973 ], [ 134.52540590000001, 7.3083611 ], [ 134.524948099999989, 7.3083224 ], [ 134.524688700000013, 7.3082695 ], [ 134.523635899999988, 7.3080416 ], [ 134.5218811, 7.3074946 ], [ 134.5218658, 7.3074918 ], [ 134.5213623, 7.3073335 ], [ 134.52143860000001, 7.307478 ], [ 134.5215149, 7.3076415 ], [ 134.5219574, 7.3079724 ], [ 134.5220184, 7.3080168 ], [ 134.522308399999986, 7.3084474 ], [ 134.5223236, 7.3087111 ], [ 134.5223541, 7.3088889 ], [ 134.5223236, 7.3091002 ], [ 134.5222473, 7.3094249 ], [ 134.5223389, 7.3096557 ], [ 134.5229034, 7.3098555 ], [ 134.5229797, 7.3100362 ], [ 134.523025499999989, 7.3101888 ], [ 134.523056, 7.3102889 ], [ 134.523056, 7.3104167 ], [ 134.523025499999989, 7.3105946 ], [ 134.5227356, 7.3109555 ], [ 134.5228577, 7.3114085 ], [ 134.522934, 7.3117471 ], [ 134.522995, 7.3122778 ], [ 134.522934, 7.3128362 ], [ 134.5229645, 7.3135471 ], [ 134.523407, 7.3159223 ], [ 134.5231934, 7.3183389 ], [ 134.5231934, 7.3192697 ], [ 134.5232086, 7.3195138 ], [ 134.523269699999986, 7.3197026 ], [ 134.523269699999986, 7.3197222 ], [ 134.523376500000012, 7.3200693 ], [ 134.5235596, 7.3207831 ], [ 134.5235901, 7.3209558 ], [ 134.523513799999989, 7.321239 ], [ 134.5234222, 7.3215303 ], [ 134.5231934, 7.3220835 ], [ 134.5229034, 7.3228722 ], [ 134.5228424, 7.3230224 ], [ 134.522781400000014, 7.323225 ], [ 134.5227051, 7.3235192 ], [ 134.522552499999989, 7.3240166 ], [ 134.522415200000012, 7.3242946 ], [ 134.522399900000011, 7.3243251 ], [ 134.5223236, 7.3245306 ], [ 134.522171, 7.3248167 ], [ 134.5218506, 7.3254252 ], [ 134.5214691, 7.3267751 ], [ 134.5214081, 7.326961 ], [ 134.5213928, 7.3270612 ], [ 134.521347100000014, 7.3271971 ], [ 134.5213013, 7.3273668 ], [ 134.5213013, 7.3273692 ], [ 134.5211487, 7.3278418 ], [ 134.5207062, 7.3292027 ], [ 134.5206451, 7.3293834 ], [ 134.520492600000011, 7.3298278 ], [ 134.520492600000011, 7.3298359 ], [ 134.520401, 7.330122 ], [ 134.5203857, 7.3301582 ], [ 134.5201874, 7.3307862 ], [ 134.520156899999989, 7.3309002 ], [ 134.520156899999989, 7.3309083 ], [ 134.5197144, 7.3323336 ], [ 134.519668599999989, 7.3325057 ], [ 134.5196075, 7.3326807 ], [ 134.519195599999989, 7.3339806 ], [ 134.518920900000012, 7.3342137 ], [ 134.5174103, 7.3355308 ], [ 134.5168152, 7.3366303 ], [ 134.5166168, 7.3372192 ], [ 134.5165863, 7.3373113 ], [ 134.5164642, 7.3376722 ], [ 134.516037, 7.3381891 ], [ 134.515914900000013, 7.3384638 ], [ 134.515686, 7.3391304 ], [ 134.515686, 7.339139 ], [ 134.5155182, 7.3396306 ], [ 134.515319799999986, 7.3404584 ], [ 134.5152283, 7.3407388 ], [ 134.5152283, 7.3407474 ], [ 134.5149078, 7.3418055 ], [ 134.5147705, 7.3418918 ], [ 134.514602700000012, 7.3420057 ], [ 134.514389, 7.3421416 ], [ 134.514465300000012, 7.3447304 ], [ 134.5141296, 7.3451057 ], [ 134.514007600000014, 7.3452082 ], [ 134.5137177, 7.3453417 ], [ 134.513534600000014, 7.345428 ], [ 134.513412499999987, 7.3455362 ], [ 134.5132141, 7.3457279 ], [ 134.5128784, 7.3460665 ], [ 134.5126343, 7.3464584 ], [ 134.5122376, 7.347086 ], [ 134.512146, 7.3471918 ], [ 134.511962899999986, 7.3474054 ], [ 134.5115356, 7.3479333 ], [ 134.5114441, 7.3486695 ], [ 134.5114441, 7.3486724 ], [ 134.5114288, 7.3487668 ], [ 134.5112915, 7.3495445 ], [ 134.511245699999989, 7.3497086 ], [ 134.5112, 7.3498387 ], [ 134.5112, 7.3498526 ], [ 134.5110474, 7.3501582 ], [ 134.5109253, 7.3504334 ], [ 134.510894799999988, 7.3505082 ], [ 134.5102234, 7.3514586 ], [ 134.5099793, 7.3518224 ], [ 134.509491, 7.3525362 ], [ 134.509445199999988, 7.3526168 ], [ 134.509063700000013, 7.3533554 ], [ 134.508712800000012, 7.3540196 ], [ 134.5086823, 7.354075 ], [ 134.5084076, 7.3545971 ], [ 134.508316, 7.3547611 ], [ 134.5080872, 7.3552055 ], [ 134.507888799999989, 7.3554668 ], [ 134.5071106, 7.3565168 ], [ 134.50628660000001, 7.357636 ], [ 134.5062561, 7.3576779 ], [ 134.5060425, 7.3579278 ], [ 134.50581360000001, 7.3582139 ], [ 134.5055542, 7.3585334 ], [ 134.5052948, 7.3588557 ], [ 134.5048065, 7.3594418 ], [ 134.504745500000013, 7.3595529 ], [ 134.504241900000011, 7.3604083 ], [ 134.503465299999988, 7.3617584 ], [ 134.5038936, 7.3619474 ], [ 134.503895199999988, 7.3619481 ], [ 134.5046211, 7.3622684 ], [ 134.504623400000014, 7.3622637 ], [ 134.5048065, 7.3618641 ], [ 134.504837, 7.361814 ], [ 134.5051575, 7.3614445 ], [ 134.5051575, 7.3614416 ], [ 134.505249, 7.3613305 ], [ 134.5056305, 7.3604083 ], [ 134.505661, 7.360353 ], [ 134.505706800000013, 7.3602443 ], [ 134.5061646, 7.3596807 ], [ 134.5063629, 7.3591304 ], [ 134.5066376, 7.358747 ], [ 134.5101166, 7.3551779 ], [ 134.5103455, 7.3549223 ], [ 134.5104981, 7.3544722 ], [ 134.5106812, 7.3543582 ], [ 134.510894799999988, 7.3543305 ], [ 134.5111694, 7.3541026 ], [ 134.5119171, 7.3532863 ], [ 134.5119324, 7.3532724 ], [ 134.5127869, 7.3523336 ], [ 134.5128632, 7.352253 ], [ 134.5132446, 7.3518415 ], [ 134.5132446, 7.3518362 ], [ 134.51327520000001, 7.3518138 ], [ 134.5136108, 7.3514638 ], [ 134.5136108, 7.3514586 ], [ 134.514495899999986, 7.3505335 ], [ 134.5145264, 7.3505054 ], [ 134.5145264, 7.350503 ], [ 134.5146484, 7.3503666 ], [ 134.5150452, 7.3499332 ], [ 134.515426600000012, 7.3495359 ], [ 134.515441900000013, 7.3495221 ], [ 134.5156637, 7.3492891 ] ], [ [ 134.5168152, 7.3398609 ], [ 134.516769399999987, 7.3396945 ], [ 134.5171051, 7.3387666 ], [ 134.5173187, 7.3377137 ], [ 134.5177918, 7.3367086 ], [ 134.517837500000013, 7.3362498 ], [ 134.5181427, 7.3358946 ], [ 134.5181732, 7.3358192 ], [ 134.5183716, 7.3354001 ], [ 134.5187378, 7.3350029 ], [ 134.518814099999986, 7.3350029 ], [ 134.5190277, 7.3349972 ], [ 134.5192413, 7.3350415 ], [ 134.519882200000012, 7.3351779 ], [ 134.5199585, 7.3351917 ], [ 134.5203247, 7.3351831 ], [ 134.5202332, 7.3361001 ], [ 134.5202332, 7.336103 ], [ 134.5202179, 7.3361917 ], [ 134.520019499999989, 7.3367415 ], [ 134.520004300000011, 7.3368001 ], [ 134.520004300000011, 7.336803 ], [ 134.5199127, 7.3371916 ], [ 134.5196075, 7.3375888 ], [ 134.519577, 7.3376555 ], [ 134.519577, 7.3376584 ], [ 134.5191193, 7.3386278 ], [ 134.518829399999987, 7.3389525 ], [ 134.518798800000013, 7.3389888 ], [ 134.518447900000012, 7.3391833 ], [ 134.518219, 7.3394027 ], [ 134.5180206, 7.3396945 ], [ 134.517944300000011, 7.3398027 ], [ 134.5177612, 7.3402915 ], [ 134.5175018, 7.3414583 ], [ 134.5169067, 7.3449888 ], [ 134.516662599999989, 7.3456111 ], [ 134.516449, 7.3458056 ], [ 134.5162506, 7.3458056 ], [ 134.51602170000001, 7.3455305 ], [ 134.516311699999989, 7.3448863 ], [ 134.5163422, 7.3446112 ], [ 134.5162354, 7.3444305 ], [ 134.5162354, 7.3444276 ], [ 134.5160675, 7.3443527 ], [ 134.5155182, 7.3440695 ], [ 134.5153961, 7.3439055 ], [ 134.5152588, 7.3437276 ], [ 134.5150147, 7.3435221 ], [ 134.514953600000013, 7.3432832 ], [ 134.5150909, 7.3429279 ], [ 134.5155945, 7.3427248 ], [ 134.5156097, 7.3427224 ], [ 134.5158539, 7.3426166 ], [ 134.5158844, 7.342586 ], [ 134.5160828, 7.342411 ], [ 134.516281099999986, 7.3420639 ], [ 134.5163422, 7.3419666 ], [ 134.5163727, 7.3419333 ], [ 134.516418499999986, 7.3418613 ], [ 134.51663210000001, 7.3416057 ], [ 134.51663210000001, 7.3415999 ], [ 134.516647299999988, 7.3415918 ], [ 134.5171509, 7.3409276 ], [ 134.516876200000013, 7.3401446 ], [ 134.5168152, 7.3398609 ] ], [ [ 134.512802099999988, 7.349103 ], [ 134.5122223, 7.3490973 ], [ 134.512313799999987, 7.3483582 ], [ 134.512435900000014, 7.3481722 ], [ 134.51313780000001, 7.3475084 ], [ 134.51313780000001, 7.3478751 ], [ 134.5132599, 7.3480916 ], [ 134.51327520000001, 7.3482418 ], [ 134.513290399999988, 7.3484473 ], [ 134.5132141, 7.3487611 ], [ 134.513031, 7.3489027 ], [ 134.513046300000013, 7.3490806 ], [ 134.5129547, 7.349103 ], [ 134.512802099999988, 7.349103 ] ] ] } },
{ "type": "Feature", "properties": { "RCID": 5800, "PRIM": 3, "GRUP": 2, "OBJL": 308, "RVER": 1, "AGEN": 550, "FIDN": 647327975, "FIDS": 9, "LNAM": "0226269570E70009", "LNAM_REFS": null, "FFPT_RIND": null, "CATQUA": null, "CATZOC": 5, "DRVAL1": null, "DRVAL2": null, "POSACC": null, "SOUACC": null, "SUREND": "1938", "SURSTA": "1915", "TECSOU": null, "VERDAT": null, "INFORM": "Former Japan Chart 481 (Ed. 1940, Rev. 1944), from Japan surveys, Scale 1:25,000", "NINFOM": null, "NTXTDS": null, "TXTDSC": null, "RECDAT": null, "RECIND": null, "SORDAT": "20150206", "SORIND": "US,US,reprt,L-246-2015", "_enc_cell": "US4TB3P0" }, "geometry": { "type": "Polygon", "coordinates": [ [ [ 134.5340118, 7.3122501 ], [ 134.534195, 7.3123641 ], [ 134.5344696, 7.3125668 ], [ 134.5360565, 7.31355 ], [ 134.53610230000001, 7.3135724 ], [ 134.5377502, 7.313478 ], [ 134.5377655, 7.313478 ], [ 134.538269, 7.3134499 ], [ 134.538986200000011, 7.3139391 ], [ 134.5392761, 7.3141389 ], [ 134.5392914, 7.3141446 ], [ 134.539749199999989, 7.3144474 ], [ 134.5415497, 7.3156586 ], [ 134.5434876, 7.3169389 ], [ 134.5467529, 7.3190999 ], [ 134.5473633, 7.3195086 ], [ 134.5485687, 7.320303 ], [ 134.552368199999989, 7.3230333 ], [ 134.555781, 7.325789 ], [ 134.5549144, 7.3263511 ], [ 134.5456245, 7.3192265 ], [ 134.5399085, 7.3148428 ], [ 134.5390909, 7.3142158 ], [ 134.5384776, 7.3144924 ], [ 134.5382244, 7.3146066 ], [ 134.5371844, 7.3150756 ], [ 134.5367838, 7.3152563 ], [ 134.536568499999987, 7.3153534 ], [ 134.5360571, 7.315584 ], [ 134.5304502, 7.3107834 ], [ 134.5303572, 7.3107037 ], [ 134.5296845, 7.3101278 ], [ 134.5286605, 7.309251 ], [ 134.5279483, 7.3086412 ], [ 134.5282288, 7.308753 ], [ 134.5292053, 7.3093 ], [ 134.5292969, 7.30935 ], [ 134.529632600000014, 7.3095641 ], [ 134.5308685, 7.3103499 ], [ 134.5340118, 7.3122501 ] ] ] } },
{ "type": "Feature", "properties": { "RCID": 5801, "PRIM": 3, "GRUP": 2, "OBJL": 308, "RVER": 1, "AGEN": 550, "FIDN": 92657573, "FIDS": 9, "LNAM": "02260585D7A50009", "LNAM_REFS": null, "FFPT_RIND": null, "CATQUA": null, "CATZOC": 3, "DRVAL1": 9.0, "DRVAL2": null, "POSACC": null, "SOUACC": null, "SUREND": "2004", "SURSTA": null, "TECSOU": null, "VERDAT": null, "INFORM": "U.S. Navy LIDAR Survey, Archive No. 04HFM01, Scale 1:5,000-1:10,000", "NINFOM": null, "NTXTDS": null, "TXTDSC": null, "RECDAT": null, "RECIND": null, "SORDAT": "20150206", "SORIND": "US,US,reprt,L-246-2015", "_enc_cell": "US4TB3P0" }, "geometry": { "type": "Polygon", "coordinates": [ [ [ 134.5921936, 7.3352556 ], [ 134.5922852, 7.3349114 ], [ 134.5927734, 7.3345361 ], [ 134.592971799999987, 7.3344889 ], [ 134.5930481, 7.3345137 ], [ 134.5933991, 7.3346834 ], [ 134.5934906, 7.3347859 ], [ 134.5937195, 7.3350473 ], [ 134.5939179, 7.335403 ], [ 134.5939789, 7.3361139 ], [ 134.5938416, 7.3364501 ], [ 134.593582199999986, 7.3366833 ], [ 134.5932312, 7.3368111 ], [ 134.593078600000013, 7.3368001 ], [ 134.592926, 7.3367915 ], [ 134.592712400000011, 7.3366499 ], [ 134.5921783, 7.3360391 ], [ 134.592117300000012, 7.3355475 ], [ 134.5921936, 7.3352637 ], [ 134.5921936, 7.3352556 ] ] ] } }
]
}
