{
  "type": "FeatureCollection",
  "name": "OSM_SEMANTICS_CORE_R07",
  "attribution": "© OpenStreetMap contributors, ODbL 1.0",
  "features": [
    {
      "type": "Feature",
      "properties": {
        "osm_id": "23702958",
        "name": null,
        "semanticRole": "coastline",
        "natural": "coastline",
        "reef": null,
        "wetland": null,
        "tidal": null,
        "place": null,
        "sourceLayer": "lines"
      },
      "geometry": {
        "type": "LineString",
        "coordinates": [
          [
            134.559384,
            7.3544592
          ],
          [
            134.5591981,
            7.3548488
          ],
          [
            134.5591199,
            7.3556731
          ],
          [
            134.5591594,
            7.3557457
          ],
          [
            134.5594524,
            7.3562841
          ],
          [
            134.5598681,
            7.3566727
          ],
          [
            134.5604344,
            7.3572022
          ],
          [
            134.5609011,
            7.3576445
          ],
          [
            134.5610455,
            7.3578435
          ],
          [
            134.5611051,
            7.3579257
          ],
          [
            134.5612088,
            7.3581348
          ],
          [
            134.5611713,
            7.3583495
          ],
          [
            134.5610866,
            7.3584319
          ],
          [
            134.560967,
            7.3590957
          ],
          [
            134.5610252,
            7.3591023
          ],
          [
            134.5610733,
            7.3589574
          ],
          [
            134.5611647,
            7.3589458
          ],
          [
            134.5612534,
            7.3583746
          ],
          [
            134.5617566,
            7.3584317
          ],
          [
            134.561883,
            7.3584811
          ],
          [
            134.5619946,
            7.358544
          ]
        ]
      }
    },
    {
      "type": "Feature",
      "properties": {
        "osm_id": "81102713",
        "name": null,
        "semanticRole": "coastline",
        "natural": "coastline",
        "reef": null,
        "wetland": null,
        "tidal": null,
        "place": null,
        "sourceLayer": "lines"
      },
      "geometry": {
        "type": "LineString",
        "coordinates": [
          [
            134.5631059,
            7.3592082
          ],
          [
            134.5632668,
            7.3595487
          ],
          [
            134.5636531,
            7.3599317
          ],
          [
            134.5637328,
            7.3600145
          ],
          [
            134.5640216,
            7.3603145
          ],
          [
            134.5641037,
            7.3603999
          ],
          [
            134.5642646,
            7.3607723
          ],
          [
            134.5642954,
            7.3609455
          ],
          [
            134.5643612,
            7.361315
          ],
          [
            134.5642002,
            7.3619109
          ],
          [
            134.5639106,
            7.3624961
          ],
          [
            134.5634707,
            7.3628685
          ],
          [
            134.5630308,
            7.3630175
          ],
          [
            134.562902,
            7.3630175
          ],
          [
            134.5627135,
            7.3629514
          ],
          [
            134.5626982,
            7.3630494
          ],
          [
            134.5627411,
            7.3632196
          ],
          [
            134.562548,
            7.3633579
          ],
          [
            134.5622905,
            7.3634112
          ],
          [
            134.5614659,
            7.3632939
          ],
          [
            134.5612498,
            7.3631877
          ],
          [
            134.5611532,
            7.36306
          ],
          [
            134.5610567,
            7.3631771
          ],
          [
            134.5610889,
            7.3632728
          ],
          [
            134.5611103,
            7.3634431
          ],
          [
            134.5609279,
            7.3635069
          ],
          [
            134.560767,
            7.3635388
          ],
          [
            134.5606812,
            7.3635708
          ],
          [
            134.5607563,
            7.3637091
          ],
          [
            134.560885,
            7.3638155
          ],
          [
            134.5611318,
            7.3639432
          ],
          [
            134.5613571,
            7.3642517
          ],
          [
            134.5615073,
            7.3645497
          ],
          [
            134.5616468,
            7.3649008
          ],
          [
            134.5617433,
            7.3652306
          ],
          [
            134.5618399,
            7.3655924
          ],
          [
            134.5618077,
            7.3659542
          ],
          [
            134.5617755,
            7.3661032
          ],
          [
            134.5618184,
            7.3661883
          ],
          [
            134.5619472,
            7.366316
          ],
          [
            134.5620223,
            7.366848
          ],
          [
            134.5621296,
            7.3669437
          ],
          [
            134.5621725,
            7.3670501
          ],
          [
            134.5621939,
            7.3672629
          ],
          [
            134.5623656,
            7.3674545
          ],
          [
            134.562548,
            7.3675928
          ],
          [
            134.5627518,
            7.3677311
          ],
          [
            134.5629235,
            7.3681142
          ],
          [
            134.5630522,
            7.3679971
          ],
          [
            134.5631703,
            7.3679971
          ],
          [
            134.5633097,
            7.3681142
          ],
          [
            134.5633205,
            7.3682525
          ],
          [
            134.5632132,
            7.368327
          ],
          [
            134.5632789,
            7.3684134
          ],
          [
            134.5634532,
            7.3682126
          ],
          [
            134.5633465,
            7.3680764
          ],
          [
            134.5632829,
            7.3677603
          ],
          [
            134.563427,
            7.3677279
          ],
          [
            134.5635477,
            7.3678529
          ],
          [
            134.5635342,
            7.3679966
          ],
          [
            134.5636684,
            7.3678769
          ],
          [
            134.5638937,
            7.3679194
          ],
          [
            134.5641941,
            7.3680205
          ],
          [
            134.5642879,
            7.3681721
          ],
          [
            134.5642498,
            7.368295
          ],
          [
            134.5642726,
            7.3683749
          ],
          [
            134.5641324,
            7.3685898
          ],
          [
            134.5639795,
            7.3687254
          ],
          [
            134.5640278,
            7.368768
          ],
          [
            134.5637461,
            7.3688052
          ],
          [
            134.5638078,
            7.368909
          ],
          [
            134.5640178,
            7.3689015
          ],
          [
            134.5642646,
            7.368976
          ],
          [
            134.5644148,
            7.3691037
          ],
          [
            134.5646401,
            7.369242
          ],
          [
            134.5648762,
            7.3694016
          ],
          [
            134.5650585,
            7.3695719
          ],
          [
            134.5651551,
            7.3697102
          ],
          [
            134.5653482,
            7.3698485
          ],
          [
            134.5654877,
            7.3700507
          ],
          [
            134.5655521,
            7.370189
          ],
          [
            134.5655092,
            7.3704444
          ],
          [
            134.5655437,
            7.3705896
          ],
          [
            134.565713,
            7.3704869
          ],
          [
            134.5658632,
            7.3699868
          ],
          [
            134.5658525,
            7.3696996
          ],
          [
            134.5658739,
            7.369391
          ],
          [
            134.5659276,
            7.369242
          ],
          [
            134.5660563,
            7.3691463
          ],
          [
            134.5662494,
            7.3690824
          ],
          [
            134.5664533,
            7.3690505
          ],
          [
            134.5665928,
            7.3690292
          ],
          [
            134.5667644,
            7.368976
          ],
          [
            134.567097,
            7.3689441
          ],
          [
            134.5672687,
            7.3689654
          ],
          [
            134.5675262,
            7.3690718
          ],
          [
            134.5677193,
            7.3691463
          ],
          [
            134.5679768,
            7.3692739
          ],
          [
            134.5681806,
            7.369391
          ],
          [
            134.5682343,
            7.3695293
          ],
          [
            134.5683201,
            7.36954
          ],
          [
            134.5683738,
            7.3696038
          ],
          [
            134.5684489,
            7.3695187
          ],
          [
            134.5685669,
            7.3695612
          ],
          [
            134.5685883,
            7.3696464
          ],
          [
            134.5686742,
            7.3696038
          ],
          [
            134.5687707,
            7.3696676
          ],
          [
            134.5688565,
            7.3696144
          ],
          [
            134.5690497,
            7.3696889
          ],
          [
            134.5691784,
            7.3697528
          ],
          [
            134.5691355,
            7.3698166
          ],
          [
            134.5693715,
            7.3698272
          ],
          [
            134.5695647,
            7.3697847
          ],
          [
            134.569629,
            7.3696996
          ],
          [
            134.5697578,
            7.3695825
          ],
          [
            134.5700367,
            7.3695612
          ],
          [
            134.5703586,
            7.3696357
          ],
          [
            134.5707019,
            7.3697847
          ],
          [
            134.5710452,
            7.3699975
          ],
          [
            134.5711851,
            7.3701156
          ],
          [
            134.5714005,
            7.3702976
          ]
        ]
      }
    },
    {
      "type": "Feature",
      "properties": {
        "osm_id": "100460749",
        "name": null,
        "semanticRole": "coastline",
        "natural": "coastline",
        "reef": null,
        "wetland": null,
        "tidal": null,
        "place": null,
        "sourceLayer": "lines"
      },
      "geometry": {
        "type": "LineString",
        "coordinates": [
          [
            134.5946859,
            7.3673077
          ],
          [
            134.5945357,
            7.3670524
          ],
          [
            134.5945357,
            7.3669034
          ],
          [
            134.5946371,
            7.3666467
          ],
          [
            134.5948213,
            7.366345
          ],
          [
            134.5949327,
            7.3662133
          ],
          [
            134.5947613,
            7.3662494
          ],
          [
            134.5947656,
            7.3663642
          ],
          [
            134.5946178,
            7.3666
          ],
          [
            134.5944701,
            7.3667796
          ],
          [
            134.5943383,
            7.3668415
          ],
          [
            134.5941923,
            7.3667757
          ],
          [
            134.5941065,
            7.3665948
          ],
          [
            134.5940665,
            7.3664375
          ],
          [
            134.5940922,
            7.3662123
          ],
          [
            134.5940707,
            7.3658979
          ],
          [
            134.5938565,
            7.3656217
          ],
          [
            134.5936209,
            7.3654985
          ],
          [
            134.5935395,
            7.365456
          ],
          [
            134.5935138,
            7.3653583
          ],
          [
            134.5935052,
            7.365218
          ],
          [
            134.5935266,
            7.3650778
          ],
          [
            134.5934281,
            7.3650948
          ],
          [
            134.5934581,
            7.365201
          ],
          [
            134.5934409,
            7.3654007
          ],
          [
            134.593351,
            7.3654815
          ],
          [
            134.5931282,
            7.365507
          ],
          [
            134.5929011,
            7.3654772
          ],
          [
            134.5927297,
            7.3653455
          ],
          [
            134.5926097,
            7.365133
          ],
          [
            134.5923998,
            7.3650311
          ],
          [
            134.5918857,
            7.3650353
          ],
          [
            134.5916843,
            7.3648739
          ],
          [
            134.5915515,
            7.3646147
          ],
          [
            134.5912816,
            7.3645297
          ],
          [
            134.5909645,
            7.3646062
          ],
          [
            134.5906989,
            7.3645127
          ],
          [
            134.5903347,
            7.364398
          ],
          [
            134.5901505,
            7.3641855
          ],
          [
            134.5899577,
            7.3640113
          ],
          [
            134.5897735,
            7.3640028
          ],
          [
            134.5894007,
            7.3639858
          ],
          [
            134.5892508,
            7.3641388
          ],
          [
            134.589088,
            7.3643342
          ],
          [
            134.5888309,
            7.3644829
          ],
          [
            134.5886766,
            7.3645127
          ],
          [
            134.5884753,
            7.3644362
          ],
          [
            134.5882911,
            7.3643215
          ],
          [
            134.5881582,
            7.3643597
          ],
          [
            134.5881068,
            7.3644702
          ],
          [
            134.588064,
            7.3646062
          ],
          [
            134.5879012,
            7.3648696
          ],
          [
            134.5877769,
            7.3651883
          ],
          [
            134.5876612,
            7.3652478
          ],
          [
            134.5875498,
            7.3652308
          ],
          [
            134.5873615,
            7.3651488
          ],
          [
            134.5872888,
            7.3650436
          ],
          [
            134.5872858,
            7.3649205
          ],
          [
            134.587304,
            7.3647522
          ],
          [
            134.5872434,
            7.3645148
          ],
          [
            134.5872858,
            7.3642474
          ],
          [
            134.5873767,
            7.3640371
          ],
          [
            134.5874948,
            7.3639139
          ],
          [
            134.5875312,
            7.3637968
          ],
          [
            134.5874403,
            7.3636225
          ],
          [
            134.5874403,
            7.3634272
          ],
          [
            134.5874797,
            7.3631628
          ],
          [
            134.5874403,
            7.3628473
          ],
          [
            134.5874676,
            7.3627061
          ],
          [
            134.5875827,
            7.3626069
          ],
          [
            134.5876312,
            7.3625138
          ],
          [
            134.5876312,
            7.3623816
          ],
          [
            134.5876221,
            7.3618768
          ],
          [
            134.5876312,
            7.3616365
          ],
          [
            134.5876766,
            7.361312
          ],
          [
            134.587822,
            7.3610626
          ],
          [
            134.5879523,
            7.3608192
          ],
          [
            134.587925,
            7.360645
          ],
          [
            134.5877948,
            7.3605548
          ],
          [
            134.5876342,
            7.3604497
          ],
          [
            134.5875554,
            7.3603024
          ],
          [
            134.5876009,
            7.3601642
          ],
          [
            134.5877221,
            7.360017
          ],
          [
            134.5877524,
            7.3598698
          ],
          [
            134.5877099,
            7.3596925
          ],
          [
            134.58751,
            7.3595573
          ],
          [
            134.5872767,
            7.3594371
          ],
          [
            134.5870647,
            7.359377
          ],
          [
            134.5869738,
            7.3594041
          ],
          [
            134.5868132,
            7.3594942
          ],
          [
            134.5866799,
            7.3595212
          ],
          [
            134.5864709,
            7.3595273
          ],
          [
            134.5861649,
            7.3594882
          ],
          [
            134.5859498,
            7.3594311
          ],
          [
            134.5859286,
            7.3593019
          ],
          [
            134.5858286,
            7.3594491
          ],
          [
            134.5855923,
            7.3595633
          ],
          [
            134.585359,
            7.3595663
          ],
          [
            134.5850954,
            7.3595092
          ],
          [
            134.5848531,
            7.359362
          ],
          [
            134.5848153,
            7.3593067
          ],
          [
            134.5843325,
            7.3591365
          ],
          [
            134.5841823,
            7.3590301
          ],
          [
            134.5841072,
            7.3588705
          ],
          [
            134.5839785,
            7.3586045
          ],
          [
            134.5837961,
            7.3584129
          ],
          [
            134.5836566,
            7.3581895
          ],
          [
            134.5835279,
            7.357849
          ],
          [
            134.5834099,
            7.3577319
          ],
          [
            134.5834099,
            7.3575404
          ],
          [
            134.5831738,
            7.3574234
          ],
          [
            134.5830129,
            7.3573489
          ],
          [
            134.5830129,
            7.3571041
          ],
          [
            134.5826588,
            7.3570084
          ],
          [
            134.5821868,
            7.356753
          ],
          [
            134.5817898,
            7.3563487
          ],
          [
            134.5813714,
            7.3561359
          ],
          [
            134.5808349,
            7.3560827
          ],
          [
            134.5805667,
            7.3560827
          ],
          [
            134.5802449,
            7.3560614
          ],
          [
            134.5800625,
            7.3562103
          ],
          [
            134.5797513,
            7.3562103
          ],
          [
            134.5794509,
            7.3560827
          ],
          [
            134.5789896,
            7.3561252
          ],
          [
            134.5784317,
            7.3562529
          ],
          [
            134.5780669,
            7.3562635
          ],
          [
            134.577788,
            7.3563593
          ],
          [
            134.5776989,
            7.3564575
          ],
          [
            134.5774404,
            7.3569728
          ],
          [
            134.5769238,
            7.3569724
          ]
        ]
      }
    },
    {
      "type": "Feature",
      "properties": {
        "osm_id": "100718217",
        "name": null,
        "semanticRole": "coastline",
        "natural": "coastline",
        "reef": null,
        "wetland": null,
        "tidal": null,
        "place": null,
        "sourceLayer": "lines"
      },
      "geometry": {
        "type": "MultiLineString",
        "coordinates": [
          [
            [
              134.5385888,
              7.3487296
            ],
            [
              134.5386542,
              7.3487807
            ],
            [
              134.5386703,
              7.3488368
            ],
            [
              134.5386298,
              7.3489075
            ],
            [
              134.5384838,
              7.348891
            ],
            [
              134.5383819,
              7.3489521
            ],
            [
              134.5381713,
              7.3489362
            ],
            [
              134.5381217,
              7.3490147
            ],
            [
              134.5380735,
              7.3490101
            ],
            [
              134.5380707,
              7.3488936
            ],
            [
              134.5380211,
              7.3489385
            ],
            [
              134.5380017,
              7.3490046
            ],
            [
              134.5378803,
              7.3493818
            ],
            [
              134.5379709,
              7.3495114
            ],
            [
              134.5390875,
              7.3494024
            ],
            [
              134.539516,
              7.3493459
            ],
            [
              134.5397808,
              7.3493406
            ],
            [
              134.539919,
              7.3492781
            ],
            [
              134.5399322,
              7.3491384
            ],
            [
              134.5398252,
              7.3490714
            ],
            [
              134.5394008,
              7.34903
            ],
            [
              134.5391295,
              7.3489403
            ],
            [
              134.5389764,
              7.348823
            ],
            [
              134.5388373,
              7.3487747
            ],
            [
              134.5388763,
              7.3486915
            ],
            [
              134.5391613,
              7.3486846
            ],
            [
              134.5393061,
              7.3487296
            ],
            [
              134.5397189,
              7.3487676
            ],
            [
              134.540084,
              7.3488763
            ],
            [
              134.5402721,
              7.3489766
            ],
            [
              134.5396979,
              7.3496553
            ],
            [
              134.5394884,
              7.3497171
            ],
            [
              134.5390025,
              7.3495622
            ],
            [
              134.5381052,
              7.3496186
            ],
            [
              134.5377981,
              7.3495933
            ],
            [
              134.5373424,
              7.3498395
            ],
            [
              134.5371639,
              7.3502304
            ],
            [
              134.5369934,
              7.3503179
            ],
            [
              134.5366827,
              7.3504878
            ],
            [
              134.5355918,
              7.3503167
            ],
            [
              134.5354844,
              7.3507441
            ],
            [
              134.535,
              7.351516651284433
            ]
          ],
          [
            [
              134.535,
              7.352126847412588
            ],
            [
              134.5351174,
              7.3521156
            ],
            [
              134.5356193,
              7.3520673
            ],
            [
              134.5365438,
              7.352124
            ],
            [
              134.5370043,
              7.3522636
            ],
            [
              134.5376829,
              7.3521144
            ],
            [
              134.5377159,
              7.3522708
            ],
            [
              134.5382876,
              7.3521646
            ],
            [
              134.5386035,
              7.3520804
            ],
            [
              134.5389012,
              7.3518404
            ],
            [
              134.539115,
              7.3518303
            ],
            [
              134.5395578,
              7.3517079
            ],
            [
              134.5399314,
              7.3515438
            ],
            [
              134.5402174,
              7.3511041
            ],
            [
              134.5406449,
              7.3508567
            ],
            [
              134.541081,
              7.350543
            ],
            [
              134.5418254,
              7.3501682
            ],
            [
              134.5425844,
              7.3498849
            ],
            [
              134.543303,
              7.3497939
            ],
            [
              134.5440374,
              7.349836
            ],
            [
              134.5449013,
              7.3500892
            ],
            [
              134.5459884,
              7.3502733
            ],
            [
              134.5463505,
              7.3504332
            ],
            [
              134.5465486,
              7.3507092
            ],
            [
              134.5468215,
              7.3508434
            ],
            [
              134.5469669,
              7.3513581
            ],
            [
              134.5469422,
              7.35151
            ],
            [
              134.5471613,
              7.3516742
            ],
            [
              134.5471699,
              7.3517478
            ],
            [
              134.5481806,
              7.3522312
            ],
            [
              134.5483066,
              7.3525286
            ],
            [
              134.5484123,
              7.3526361
            ],
            [
              134.5484925,
              7.3524501
            ],
            [
              134.5488629,
              7.3524201
            ],
            [
              134.5496642,
              7.3526376
            ],
            [
              134.5500764,
              7.3528273
            ],
            [
              134.5502411,
              7.3528316
            ],
            [
              134.5509229,
              7.3529186
            ],
            [
              134.5511267,
              7.3529784
            ],
            [
              134.551282,
              7.3532529
            ]
          ]
        ]
      }
    },
    {
      "type": "Feature",
      "properties": {
        "osm_id": "219489471",
        "name": null,
        "semanticRole": "coastline",
        "natural": "coastline",
        "reef": null,
        "wetland": null,
        "tidal": null,
        "place": null,
        "sourceLayer": "lines"
      },
      "geometry": {
        "type": "LineString",
        "coordinates": [
          [
            134.5619946,
            7.358544
          ],
          [
            134.5628377,
            7.3591124
          ]
        ]
      }
    },
    {
      "type": "Feature",
      "properties": {
        "osm_id": "245492620",
        "name": null,
        "semanticRole": "coastline",
        "natural": "coastline",
        "reef": null,
        "wetland": null,
        "tidal": null,
        "place": null,
        "sourceLayer": "lines"
      },
      "geometry": {
        "type": "LineString",
        "coordinates": [
          [
            134.5632055,
            7.3591053
          ],
          [
            134.5631586,
            7.3584723
          ],
          [
            134.5630137,
            7.357684
          ],
          [
            134.5629393,
            7.3566277
          ],
          [
            134.5630294,
            7.3559093
          ],
          [
            134.5630959,
            7.3559093
          ]
        ]
      }
    },
    {
      "type": "Feature",
      "properties": {
        "osm_id": "421458479",
        "name": null,
        "semanticRole": "coastline",
        "natural": "coastline",
        "reef": null,
        "wetland": null,
        "tidal": null,
        "place": null,
        "sourceLayer": "lines"
      },
      "geometry": {
        "type": "LineString",
        "coordinates": [
          [
            134.5764039,
            7.3593174
          ],
          [
            134.576758,
            7.3592003
          ],
          [
            134.5769618,
            7.359211
          ],
          [
            134.5774232,
            7.3591578
          ],
          [
            134.5777129,
            7.3590939
          ],
          [
            134.5779703,
            7.3590407
          ],
          [
            134.5782278,
            7.3588917
          ],
          [
            134.5783995,
            7.3590407
          ],
          [
            134.5786355,
            7.3589982
          ],
          [
            134.5790969,
            7.3588066
          ],
          [
            134.5794617,
            7.3588811
          ],
          [
            134.5798479,
            7.3588598
          ],
          [
            134.5800088,
            7.358913
          ],
          [
            134.5805345,
            7.3589343
          ],
          [
            134.580556,
            7.3590726
          ],
          [
            134.5809851,
            7.3590301
          ],
          [
            134.5813714,
            7.3591152
          ],
          [
            134.5816933,
            7.3591471
          ],
          [
            134.5819186,
            7.3590726
          ],
          [
            134.5823692,
            7.3588598
          ],
          [
            134.5828627,
            7.3586896
          ],
          [
            134.5832275,
            7.3588173
          ],
          [
            134.5834635,
            7.3588279
          ],
          [
            134.5838927,
            7.3589769
          ],
          [
            134.5843111,
            7.3592322
          ],
          [
            134.5847724,
            7.3593918
          ],
          [
            134.585082,
            7.3595922
          ],
          [
            134.5853477,
            7.3596517
          ],
          [
            134.5856047,
            7.3596177
          ],
          [
            134.5859218,
            7.3595497
          ],
          [
            134.5862731,
            7.3595497
          ],
          [
            134.586573,
            7.3595752
          ],
          [
            134.5867958,
            7.3595582
          ],
          [
            134.5870957,
            7.3594478
          ],
          [
            134.5873613,
            7.3595837
          ],
          [
            134.5876355,
            7.3597877
          ],
          [
            134.5876612,
            7.3599492
          ],
          [
            134.5876141,
            7.3600384
          ],
          [
            134.5874856,
            7.3601616
          ],
          [
            134.5874642,
            7.3603231
          ],
          [
            134.5875756,
            7.3605143
          ],
          [
            134.5878455,
            7.3607267
          ],
          [
            134.5878583,
            7.3608882
          ],
          [
            134.5876527,
            7.3612451
          ],
          [
            134.5875541,
            7.3616785
          ],
          [
            134.5875927,
            7.3622734
          ],
          [
            134.5875713,
            7.3625326
          ],
          [
            134.5874342,
            7.3626601
          ],
          [
            134.587387,
            7.3628088
          ],
          [
            134.5874256,
            7.3631827
          ],
          [
            134.5873828,
            7.3635991
          ],
          [
            134.5874556,
            7.3637903
          ],
          [
            134.5874427,
            7.3639008
          ],
          [
            134.5873185,
            7.3640155
          ],
          [
            134.5872328,
            7.3642322
          ],
          [
            134.58719,
            7.3645169
          ],
          [
            134.5872542,
            7.3647761
          ],
          [
            134.5872157,
            7.3650396
          ],
          [
            134.5873528,
            7.3652138
          ],
          [
            134.587567,
            7.365303
          ],
          [
            134.5875884,
            7.3653965
          ],
          [
            134.5876698,
            7.3653073
          ],
          [
            134.5878026,
            7.365252
          ],
          [
            134.5878969,
            7.3649971
          ],
          [
            134.5880983,
            7.3646614
          ],
          [
            134.5882182,
            7.3644404
          ],
          [
            134.5883253,
            7.3644192
          ],
          [
            134.5886252,
            7.3645722
          ],
          [
            134.5887709,
            7.3645807
          ],
          [
            134.5890537,
            7.3644362
          ],
          [
            134.5892936,
            7.364245
          ],
          [
            134.589435,
            7.3640538
          ],
          [
            134.589722,
            7.3640538
          ],
          [
            134.5899363,
            7.364075
          ],
          [
            134.5900477,
            7.3641898
          ],
          [
            134.5902319,
            7.3644404
          ],
          [
            134.5906475,
            7.3646019
          ],
          [
            134.5909388,
            7.3647294
          ],
          [
            134.5911873,
            7.3646826
          ],
          [
            134.5913544,
            7.3646657
          ],
          [
            134.5914144,
            7.3647421
          ],
          [
            134.5914144,
            7.3649036
          ],
          [
            134.5916115,
            7.3650736
          ],
          [
            134.5915344,
            7.3652733
          ],
          [
            134.5916286,
            7.365269
          ],
          [
            134.5917529,
            7.3652478
          ],
          [
            134.5917229,
            7.365133
          ],
          [
            134.5920271,
            7.3651246
          ],
          [
            134.5923313,
            7.3651246
          ],
          [
            134.5926055,
            7.3654135
          ],
          [
            134.5929868,
            7.365558
          ],
          [
            134.5933381,
            7.3655665
          ],
          [
            134.5936423,
            7.3656089
          ],
          [
            134.5938394,
            7.3657832
          ],
          [
            134.5939294,
            7.3659786
          ],
          [
            134.5939465,
            7.3661868
          ],
          [
            134.5938951,
            7.3664205
          ],
          [
            134.5938705,
            7.3665736
          ]
        ]
      }
    },
    {
      "type": "Feature",
      "properties": {
        "osm_id": "421458483",
        "name": null,
        "semanticRole": "coastline",
        "natural": "coastline",
        "reef": null,
        "wetland": null,
        "tidal": null,
        "place": null,
        "sourceLayer": "lines"
      },
      "geometry": {
        "type": "LineString",
        "coordinates": [
          [
            134.591714,
            7.3725427
          ],
          [
            134.5917998,
            7.3727981
          ],
          [
            134.5918535,
            7.3732024
          ],
          [
            134.5918535,
            7.3735429
          ],
          [
            134.5918535,
            7.3738515
          ],
          [
            134.5919929,
            7.3740855
          ],
          [
            134.5921431,
            7.3744367
          ],
          [
            134.5921646,
            7.374692
          ],
          [
            134.5924435,
            7.3751602
          ],
          [
            134.5926474,
            7.3755539
          ],
          [
            134.5925508,
            7.3759795
          ],
          [
            134.5924006,
            7.3763519
          ],
          [
            134.5920466,
            7.3768307
          ],
          [
            134.5917247,
            7.3771712
          ],
          [
            134.5915852,
            7.3774797
          ],
          [
            134.5914028,
            7.3777351
          ],
          [
            134.5912419,
            7.3779798
          ],
          [
            134.5912741,
            7.3783948
          ],
          [
            134.5912956,
            7.3786608
          ],
          [
            134.591081,
            7.3789906
          ],
          [
            134.5908986,
            7.3792034
          ],
          [
            134.5905124,
            7.3797141
          ],
          [
            134.5904587,
            7.3801716
          ],
          [
            134.5903407,
            7.3805653
          ],
          [
            134.5900188,
            7.380842
          ],
          [
            134.5898579,
            7.3813633
          ],
          [
            134.5897184,
            7.3816612
          ],
          [
            134.5897683,
            7.3819693
          ],
          [
            134.5897924,
            7.3823353
          ],
          [
            134.589307,
            7.3835913
          ],
          [
            134.5888151,
            7.384417
          ],
          [
            134.58861050067964,
            7.385
          ]
        ]
      }
    },
    {
      "type": "Feature",
      "properties": {
        "osm_id": "436222878",
        "name": null,
        "semanticRole": "coastline",
        "natural": "coastline",
        "reef": null,
        "wetland": null,
        "tidal": null,
        "place": null,
        "sourceLayer": "lines"
      },
      "geometry": {
        "type": "LineString",
        "coordinates": [
          [
            134.5769238,
            7.3569724
          ],
          [
            134.5764086,
            7.3556828
          ],
          [
            134.5753757,
            7.3555526
          ],
          [
            134.5751177,
            7.3554239
          ],
          [
            134.5750092,
            7.3551037
          ],
          [
            134.5748161,
            7.3546887
          ],
          [
            134.5749039,
            7.3542562
          ],
          [
            134.575112,
            7.3539772
          ],
          [
            134.5755105,
            7.3536007
          ],
          [
            134.5759026,
            7.3535264
          ],
          [
            134.5767681,
            7.3535603
          ],
          [
            134.5766738,
            7.352957
          ],
          [
            134.576571,
            7.3523876
          ],
          [
            134.576074,
            7.3524471
          ],
          [
            134.5759026,
            7.3518352
          ],
          [
            134.5751729,
            7.3518996
          ],
          [
            134.5749316,
            7.3516444
          ],
          [
            134.5749921,
            7.351299
          ],
          [
            134.575897,
            7.3506549
          ],
          [
            134.5769299,
            7.3505273
          ],
          [
            134.5770591,
            7.3500119
          ],
          [
            134.5792555,
            7.3488533
          ],
          [
            134.5795137,
            7.3488537
          ],
          [
            134.5800299,
            7.3491119
          ],
          [
            134.5804162,
            7.3497573
          ],
          [
            134.5805451,
            7.3505307
          ],
          [
            134.5803746,
            7.3506184
          ],
          [
            134.5804148,
            7.3513041
          ],
          [
            134.5815349,
            7.3520258
          ],
          [
            134.5821895,
            7.3521031
          ],
          [
            134.5826352,
            7.3520521
          ],
          [
            134.5827382,
            7.3518218
          ],
          [
            134.5827388,
            7.3513062
          ],
          [
            134.5836439,
            7.3504043
          ],
          [
            134.5841604,
            7.350147
          ],
          [
            134.584677,
            7.3501474
          ],
          [
            134.5854511,
            7.3506638
          ],
          [
            134.5857093,
            7.3506639
          ],
          [
            134.5859679,
            7.3504065
          ],
          [
            134.5867426,
            7.3504071
          ],
          [
            134.5871291,
            7.3507947
          ],
          [
            134.5873953,
            7.3511828
          ],
          [
            134.5875346,
            7.3514554
          ],
          [
            134.5873223,
            7.3518226
          ],
          [
            134.5873861,
            7.3520839
          ],
          [
            134.5873859,
            7.3523417
          ],
          [
            134.5879019,
            7.3528579
          ],
          [
            134.587665,
            7.3531739
          ],
          [
            134.5878411,
            7.3536057
          ],
          [
            134.5878707,
            7.3538538
          ],
          [
            134.5882277,
            7.3541866
          ],
          [
            134.5881584,
            7.3546626
          ],
          [
            134.5883344,
            7.3547951
          ],
          [
            134.5884631,
            7.3550292
          ],
          [
            134.5884095,
            7.3553485
          ],
          [
            134.5882808,
            7.355657
          ],
          [
            134.5882808,
            7.3559124
          ],
          [
            134.5883022,
            7.3562635
          ],
          [
            134.5882915,
            7.3565828
          ],
          [
            134.5883129,
            7.3568701
          ],
          [
            134.588388,
            7.3569977
          ],
          [
            134.5883022,
            7.3573595
          ],
          [
            134.5878731,
            7.357434
          ],
          [
            134.5877443,
            7.3576681
          ],
          [
            134.5877121,
            7.3579128
          ],
          [
            134.5876585,
            7.3582001
          ],
          [
            134.5879052,
            7.3583704
          ],
          [
            134.5879482,
            7.3586257
          ],
          [
            134.5882378,
            7.3586896
          ],
          [
            134.588388,
            7.3587109
          ],
          [
            134.5886348,
            7.3588492
          ],
          [
            134.5889996,
            7.3587109
          ],
          [
            134.5894502,
            7.3587002
          ],
          [
            134.5897291,
            7.3587428
          ],
          [
            134.5900939,
            7.3588066
          ],
          [
            134.59033,
            7.3590726
          ],
          [
            134.5905767,
            7.3591365
          ],
          [
            134.5908771,
            7.3593493
          ],
          [
            134.5910381,
            7.3592748
          ],
          [
            134.5913063,
            7.3593067
          ],
          [
            134.5915852,
            7.3594025
          ],
          [
            134.5920251,
            7.3593918
          ],
          [
            134.5923899,
            7.3593918
          ],
          [
            134.5926474,
            7.3595408
          ],
          [
            134.5927585,
            7.359906
          ],
          [
            134.5933448,
            7.3600622
          ],
          [
            134.5935187,
            7.3606433
          ],
          [
            134.5941387,
            7.3607857
          ],
          [
            134.5947073,
            7.3614455
          ],
          [
            134.5951794,
            7.362052
          ],
          [
            134.5954154,
            7.3624983
          ],
          [
            134.595512,
            7.3630197
          ],
          [
            134.5953403,
            7.3637113
          ],
          [
            134.595276,
            7.3640305
          ],
          [
            134.5948361,
            7.3643817
          ],
          [
            134.5947395,
            7.3646689
          ],
          [
            134.5947717,
            7.3648286
          ],
          [
            134.5951043,
            7.365052
          ],
          [
            134.5951687,
            7.3654776
          ],
          [
            134.5952009,
            7.3659032
          ],
          [
            134.5951472,
            7.3662118
          ],
          [
            134.5952652,
            7.366414
          ],
          [
            134.5954262,
            7.366797
          ],
          [
            134.595233,
            7.367063
          ],
          [
            134.5949326,
            7.3672226
          ],
          [
            134.5946859,
            7.3673077
          ]
        ]
      }
    },
    {
      "type": "Feature",
      "properties": {
        "osm_id": "436222881",
        "name": null,
        "semanticRole": "coastline",
        "natural": "coastline",
        "reef": null,
        "wetland": null,
        "tidal": null,
        "place": null,
        "sourceLayer": "lines"
      },
      "geometry": {
        "type": "LineString",
        "coordinates": [
          [
            134.5361374,
            7.3501714
          ],
          [
            134.5363604,
            7.3498304
          ],
          [
            134.5362718,
            7.3495112
          ],
          [
            134.5361318,
            7.3493938
          ],
          [
            134.5363836,
            7.3491102
          ],
          [
            134.5364286,
            7.3487478
          ],
          [
            134.536162,
            7.3481559
          ],
          [
            134.536262,
            7.3479093
          ],
          [
            134.5363918,
            7.34778
          ],
          [
            134.5369162,
            7.347871
          ],
          [
            134.5372054,
            7.348409
          ],
          [
            134.5379857,
            7.3485835
          ],
          [
            134.5385888,
            7.3487296
          ]
        ]
      }
    },
    {
      "type": "Feature",
      "properties": {
        "osm_id": "436222884",
        "name": null,
        "semanticRole": "coastline",
        "natural": "coastline",
        "reef": null,
        "wetland": null,
        "tidal": null,
        "place": null,
        "sourceLayer": "lines"
      },
      "geometry": {
        "type": "LineString",
        "coordinates": [
          [
            134.551282,
            7.3532529
          ],
          [
            134.5515639,
            7.3531976
          ],
          [
            134.5518077,
            7.3531979
          ],
          [
            134.552319,
            7.3529071
          ],
          [
            134.5531624,
            7.3528562
          ],
          [
            134.5535267,
            7.3528327
          ],
          [
            134.5554868,
            7.3525133
          ],
          [
            134.5563687,
            7.3526412
          ],
          [
            134.557061,
            7.3524342
          ],
          [
            134.5574151,
            7.3524455
          ],
          [
            134.5576687,
            7.3523206
          ],
          [
            134.5580174,
            7.3523217
          ],
          [
            134.558353,
            7.3526535
          ],
          [
            134.559163,
            7.3533973
          ],
          [
            134.5593259,
            7.3537308
          ],
          [
            134.5593792,
            7.3540431
          ],
          [
            134.559384,
            7.3544592
          ]
        ]
      }
    },
    {
      "type": "Feature",
      "properties": {
        "osm_id": "436222889",
        "name": null,
        "semanticRole": "coastline",
        "natural": "coastline",
        "reef": null,
        "wetland": null,
        "tidal": null,
        "place": null,
        "sourceLayer": "lines"
      },
      "geometry": {
        "type": "LineString",
        "coordinates": [
          [
            134.5628377,
            7.3591124
          ],
          [
            134.5631059,
            7.3592082
          ]
        ]
      }
    },
    {
      "type": "Feature",
      "properties": {
        "osm_id": "436222892",
        "name": null,
        "semanticRole": "coastline",
        "natural": "coastline",
        "reef": null,
        "wetland": null,
        "tidal": null,
        "place": null,
        "sourceLayer": "lines"
      },
      "geometry": {
        "type": "LineString",
        "coordinates": [
          [
            134.5938705,
            7.3665736
          ],
          [
            134.5938705,
            7.3668928
          ],
          [
            134.5937095,
            7.3671481
          ],
          [
            134.5932804,
            7.3677653
          ],
          [
            134.5929907,
            7.3681058
          ],
          [
            134.5928083,
            7.3682441
          ],
          [
            134.5925508,
            7.3682547
          ],
          [
            134.5922826,
            7.3682866
          ],
          [
            134.5922612,
            7.3686059
          ],
          [
            134.5922612,
            7.3689357
          ],
          [
            134.5921753,
            7.3691804
          ],
          [
            134.5920358,
            7.3694677
          ],
          [
            134.592068,
            7.3699572
          ],
          [
            134.5920573,
            7.3701593
          ],
          [
            134.5918749,
            7.3702976
          ],
          [
            134.5916925,
            7.3704679
          ],
          [
            134.5916925,
            7.3708084
          ],
          [
            134.5916925,
            7.3711063
          ],
          [
            134.591435,
            7.3715745
          ],
          [
            134.591435,
            7.3719362
          ],
          [
            134.5914994,
            7.3722342
          ],
          [
            134.591714,
            7.3725427
          ]
        ]
      }
    },
    {
      "type": "Feature",
      "properties": {
        "osm_id": "436222900",
        "name": null,
        "semanticRole": "coastline",
        "natural": "coastline",
        "reef": null,
        "wetland": null,
        "tidal": null,
        "place": null,
        "sourceLayer": "lines"
      },
      "geometry": {
        "type": "LineString",
        "coordinates": [
          [
            134.5630959,
            7.3559093
          ],
          [
            134.563233,
            7.357715
          ],
          [
            134.5632995,
            7.3590626
          ],
          [
            134.5632055,
            7.3591053
          ]
        ]
      }
    },
    {
      "type": "Feature",
      "properties": {
        "osm_id": "436222901",
        "name": null,
        "semanticRole": "coastline",
        "natural": "coastline",
        "reef": null,
        "wetland": null,
        "tidal": null,
        "place": null,
        "sourceLayer": "lines"
      },
      "geometry": {
        "type": "LineString",
        "coordinates": [
          [
            134.5714005,
            7.3702976
          ],
          [
            134.5716189,
            7.3703508
          ],
          [
            134.5720588,
            7.3703721
          ],
          [
            134.5727669,
            7.3702551
          ],
          [
            134.5732333,
            7.3701264
          ],
          [
            134.5736653,
            7.370087
          ],
          [
            134.5740007,
            7.369638
          ],
          [
            134.574649,
            7.3693631
          ],
          [
            134.5753346,
            7.3693518
          ],
          [
            134.5755585,
            7.3688973
          ],
          [
            134.5760666,
            7.3686055
          ],
          [
            134.5761202,
            7.3685747
          ],
          [
            134.5762859,
            7.3679249
          ],
          [
            134.5763074,
            7.3676482
          ],
          [
            134.5763503,
            7.3673184
          ],
          [
            134.576522,
            7.3669885
          ],
          [
            134.57664,
            7.3666693
          ],
          [
            134.5768331,
            7.3664672
          ],
          [
            134.5770369,
            7.3664672
          ],
          [
            134.5772,
            7.3665064
          ],
          [
            134.5770477,
            7.3663714
          ],
          [
            134.5769296,
            7.3662012
          ],
          [
            134.5767043,
            7.3659351
          ],
          [
            134.5765434,
            7.3658287
          ],
          [
            134.5762966,
            7.3655947
          ],
          [
            134.5760392,
            7.3651903
          ],
          [
            134.5759748,
            7.3649882
          ],
          [
            134.5757709,
            7.3647966
          ],
          [
            134.5756958,
            7.3646583
          ],
          [
            134.5756315,
            7.3644029
          ],
          [
            134.5751808,
            7.3638177
          ],
          [
            134.575213,
            7.3636794
          ],
          [
            134.5754062,
            7.3634347
          ],
          [
            134.5754062,
            7.3630835
          ],
          [
            134.5753418,
            7.362743
          ],
          [
            134.5751379,
            7.3627111
          ],
          [
            134.5749126,
            7.3625834
          ],
          [
            134.5748697,
            7.3621796
          ],
          [
            134.5748268,
            7.3616902
          ],
          [
            134.5749555,
            7.361073
          ],
          [
            134.5750628,
            7.3608815
          ],
          [
            134.575095,
            7.36069
          ],
          [
            134.5751916,
            7.3602537
          ],
          [
            134.5754491,
            7.35986
          ],
          [
            134.5756958,
            7.3596579
          ],
          [
            134.5759855,
            7.3595089
          ],
          [
            134.5764039,
            7.3593174
          ]
        ]
      }
    },
    {
      "type": "Feature",
      "properties": {
        "osm_id": "436222913",
        "name": null,
        "semanticRole": "coastline",
        "natural": "coastline",
        "reef": null,
        "wetland": null,
        "tidal": null,
        "place": null,
        "sourceLayer": "lines"
      },
      "geometry": {
        "type": "MultiLineString",
        "coordinates": [
          [
            [
              134.5351098,
              7.3388851
            ],
            [
              134.535,
              7.33878951049456
            ]
          ],
          [
            [
              134.535,
              7.33644504024123
            ],
            [
              134.5350391,
              7.3364131
            ],
            [
              134.5353196,
              7.3365144
            ],
            [
              134.5354821,
              7.3367754
            ],
            [
              134.5353646,
              7.3369294
            ],
            [
              134.5354863,
              7.3371223
            ],
            [
              134.5357134,
              7.3371488
            ],
            [
              134.5356221,
              7.3367887
            ],
            [
              134.5354555,
              7.3366291
            ],
            [
              134.5353164,
              7.336265
            ],
            [
              134.5352843,
              7.3360829
            ],
            [
              134.5355956,
              7.3359433
            ],
            [
              134.5355555,
              7.3358192
            ],
            [
              134.5354007,
              7.3357656
            ],
            [
              134.5353019,
              7.335498
            ],
            [
              134.5353261,
              7.3352985
            ],
            [
              134.5354306,
              7.335224
            ],
            [
              134.5352992,
              7.3350378
            ],
            [
              134.535192,
              7.3349207
            ],
            [
              134.5350552,
              7.3348835
            ],
            [
              134.5350096,
              7.3348356
            ],
            [
              134.5350417,
              7.3346244
            ],
            [
              134.535259,
              7.3342184
            ],
            [
              134.535023,
              7.3338486
            ],
            [
              134.535,
              7.333772035419448
            ]
          ],
          [
            [
              134.535,
              7.326578520631437
            ],
            [
              134.5352241,
              7.3265621
            ],
            [
              134.5353502,
              7.3265595
            ],
            [
              134.5356426,
              7.3265861
            ],
            [
              134.5355272,
              7.3267936
            ],
            [
              134.5353073,
              7.3270862
            ],
            [
              134.5353207,
              7.3272352
            ],
            [
              134.5352939,
              7.3276156
            ],
            [
              134.5354196,
              7.3279274
            ],
            [
              134.5355501,
              7.3280628
            ],
            [
              134.5355674,
              7.3282183
            ],
            [
              134.5355916,
              7.328286
            ],
            [
              134.5355112,
              7.3284776
            ],
            [
              134.5354136,
              7.3285284
            ],
            [
              134.535259,
              7.3287489
            ],
            [
              134.5351758,
              7.3290016
            ],
            [
              134.5353019,
              7.3292889
            ],
            [
              134.5354333,
              7.3297917
            ],
            [
              134.5354333,
              7.3300498
            ],
            [
              134.5354789,
              7.3301907
            ],
            [
              134.5355514,
              7.3301986
            ],
            [
              134.5355782,
              7.3301349
            ],
            [
              134.5360824,
              7.3301562
            ],
            [
              134.5361871,
              7.330236
            ],
            [
              134.5362461,
              7.3303105
            ],
            [
              134.5361763,
              7.3305925
            ],
            [
              134.536281,
              7.330643
            ],
            [
              134.5365036,
              7.3305127
            ],
            [
              134.536474,
              7.3302413
            ],
            [
              134.5367622,
              7.3300961
            ],
            [
              134.5369367,
              7.3298208
            ],
            [
              134.5370588,
              7.3297359
            ],
            [
              134.5371795,
              7.329555
            ],
            [
              134.5371821,
              7.3295523
            ],
            [
              134.5372438,
              7.3293262
            ],
            [
              134.5373324,
              7.3291825
            ],
            [
              134.5375016,
              7.3290791
            ],
            [
              134.5377347,
              7.3291293
            ],
            [
              134.5380324,
              7.3293102
            ],
            [
              134.5379841,
              7.3294166
            ],
            [
              134.5377937,
              7.3296268
            ],
            [
              134.5376462,
              7.3300178
            ],
            [
              134.5376381,
              7.3301775
            ],
            [
              134.5377588,
              7.3306084
            ],
            [
              134.5379573,
              7.3307388
            ],
            [
              134.5381156,
              7.330776
            ],
            [
              134.5382228,
              7.3307122
            ],
            [
              134.5383033,
              7.3304861
            ],
            [
              134.5383891,
              7.3304435
            ],
            [
              134.5386493,
              7.3305792
            ],
            [
              134.5392497,
              7.3307683
            ],
            [
              134.5401514,
              7.3308266
            ],
            [
              134.5404625,
              7.3307521
            ],
            [
              134.5406697,
              7.3308736
            ],
            [
              134.5408019,
              7.3307504
            ],
            [
              134.5409614,
              7.3307468
            ],
            [
              134.5414656,
              7.3306324
            ],
            [
              134.5417339,
              7.3303478
            ],
            [
              134.5420828,
              7.3302977
            ],
            [
              134.5419894,
              7.3299988
            ],
            [
              134.5424039,
              7.3297888
            ],
            [
              134.5428537,
              7.3298373
            ],
            [
              134.5434022,
              7.3294751
            ],
            [
              134.5435116,
              7.3288395
            ],
            [
              134.5437003,
              7.3287582
            ],
            [
              134.5438997,
              7.3287106
            ],
            [
              134.5440674,
              7.3288686
            ],
            [
              134.5442176,
              7.3289218
            ],
            [
              134.5443302,
              7.3291293
            ],
            [
              134.5447487,
              7.3291452
            ],
            [
              134.5450169,
              7.3292198
            ],
            [
              134.5452669,
              7.3293694
            ],
            [
              134.5453347,
              7.3294272
            ],
            [
              134.5453334,
              7.3295496
            ],
            [
              134.545447,
              7.3296532
            ],
            [
              134.5455265,
              7.3296707
            ],
            [
              134.5456512,
              7.3297026
            ],
            [
              134.5457974,
              7.3297066
            ],
            [
              134.5458614,
              7.3297464
            ],
            [
              134.5459892,
              7.3297824
            ],
            [
              134.546122,
              7.3298901
            ],
            [
              134.5461501,
              7.3299407
            ],
            [
              134.5462212,
              7.3299686
            ],
            [
              134.546362,
              7.3298622
            ],
            [
              134.5464344,
              7.3297598
            ],
            [
              134.5465699,
              7.3296826
            ],
            [
              134.5466477,
              7.3296214
            ],
            [
              134.5467348,
              7.329629
            ],
            [
              134.5467885,
              7.3296215
            ],
            [
              134.5468461,
              7.3296667
            ],
            [
              134.54694,
              7.3296959
            ],
            [
              134.5469977,
              7.3296946
            ],
            [
              134.547046,
              7.3295988
            ],
            [
              134.5471385,
              7.3295111
            ],
            [
              134.5473009,
              7.3295111
            ],
            [
              134.5474496,
              7.3294951
            ],
            [
              134.5476688,
              7.3294704
            ],
            [
              134.5477098,
              7.3295802
            ],
            [
              134.5476347,
              7.3297504
            ],
            [
              134.5476202,
              7.3301194
            ],
            [
              134.5476148,
              7.3304304
            ],
            [
              134.5469962,
              7.3305182
            ],
            [
              134.5467486,
              7.3306794
            ],
            [
              134.5464824,
              7.3309546
            ],
            [
              134.5464791,
              7.3311627
            ],
            [
              134.5462564,
              7.3313475
            ],
            [
              134.5463448,
              7.3315216
            ],
            [
              134.5463226,
              7.3317369
            ],
            [
              134.5465138,
              7.331556
            ],
            [
              134.5467901,
              7.3313882
            ],
            [
              134.5470638,
              7.3314251
            ],
            [
              134.5473785,
              7.3311858
            ],
            [
              134.5474316,
              7.3312356
            ],
            [
              134.5473613,
              7.3313351
            ],
            [
              134.5473854,
              7.3314456
            ],
            [
              134.5476091,
              7.3314647
            ],
            [
              134.547522,
              7.3319479
            ],
            [
              134.5473814,
              7.3321949
            ],
            [
              134.5472377,
              7.3326302
            ],
            [
              134.5469534,
              7.3328963
            ],
            [
              134.5467656,
              7.3331782
            ],
            [
              134.5468622,
              7.3335347
            ],
            [
              134.5466691,
              7.3338592
            ],
            [
              134.5467343,
              7.3342567
            ],
            [
              134.5459167,
              7.3342884
            ],
            [
              134.545701,
              7.3346418
            ],
            [
              134.5452851,
              7.3347691
            ],
            [
              134.5448345,
              7.3346786
            ],
            [
              134.5445877,
              7.3348702
            ],
            [
              134.5443141,
              7.3350351
            ],
            [
              134.5437375,
              7.3352254
            ]
          ]
        ]
      }
    },
    {
      "type": "Feature",
      "properties": {
        "osm_id": "1034549531",
        "name": null,
        "semanticRole": "coastline",
        "natural": "coastline",
        "reef": null,
        "wetland": null,
        "tidal": null,
        "place": null,
        "sourceLayer": "lines"
      },
      "geometry": {
        "type": "MultiLineString",
        "coordinates": [
          [
            [
              134.5437375,
              7.3352254
            ],
            [
              134.5429355,
              7.3349153
            ],
            [
              134.5424071,
              7.3351267
            ],
            [
              134.5412758,
              7.3353699
            ],
            [
              134.5400361,
              7.3355997
            ],
            [
              134.539442,
              7.3358025
            ],
            [
              134.5392558,
              7.3362011
            ],
            [
              134.5387488,
              7.3366804
            ],
            [
              134.5381507,
              7.3374346
            ],
            [
              134.5379468,
              7.3379218
            ],
            [
              134.5378073,
              7.3385068
            ],
            [
              134.5375142,
              7.3388449
            ],
            [
              134.5370094,
              7.3396109
            ],
            [
              134.5368357,
              7.34069
            ],
            [
              134.5366821,
              7.3413407
            ],
            [
              134.5365499,
              7.3419275
            ],
            [
              134.5365288,
              7.3422835
            ],
            [
              134.536252,
              7.3428972
            ],
            [
              134.5359157,
              7.3429933
            ],
            [
              134.5357563,
              7.3430415
            ],
            [
              134.5357488,
              7.3432714
            ],
            [
              134.535921,
              7.3434666
            ],
            [
              134.535943,
              7.3439066
            ],
            [
              134.5360707,
              7.3441048
            ],
            [
              134.536073,
              7.3444384
            ],
            [
              134.5357661,
              7.3448541
            ],
            [
              134.5355359,
              7.3449188
            ],
            [
              134.5354611,
              7.3449898
            ],
            [
              134.5355137,
              7.3451388
            ],
            [
              134.5351034,
              7.345637
            ],
            [
              134.5350211,
              7.345953
            ],
            [
              134.535,
              7.345981732655302
            ]
          ],
          [
            [
              134.535,
              7.339049014197294
            ],
            [
              134.5351098,
              7.3388851
            ]
          ]
        ]
      }
    },
    {
      "type": "Feature",
      "properties": {
        "osm_id": "1035940695",
        "name": null,
        "semanticRole": "coastline",
        "natural": "coastline",
        "reef": null,
        "wetland": null,
        "tidal": null,
        "place": null,
        "sourceLayer": "lines"
      },
      "geometry": {
        "type": "LineString",
        "coordinates": [
          [
            134.535,
            7.35127860991885
          ],
          [
            134.5350387,
            7.3512382
          ],
          [
            134.5354848,
            7.3501195
          ],
          [
            134.5361374,
            7.3501714
          ]
        ]
      }
    },
    {
      "type": "Feature",
      "properties": {
        "osm_id": "6476652",
        "name": null,
        "semanticRole": "reef",
        "natural": "reef",
        "reef": null,
        "wetland": null,
        "tidal": null,
        "place": null,
        "sourceLayer": "multipolygons"
      },
      "geometry": {
        "type": "MultiPolygon",
        "coordinates": [
          [
            [
              [
                134.5351174,
                7.3521156
              ],
              [
                134.5356193,
                7.3520673
              ],
              [
                134.5365438,
                7.352124
              ],
              [
                134.5370043,
                7.3522636
              ],
              [
                134.5376829,
                7.3521144
              ],
              [
                134.5377159,
                7.3522708
              ],
              [
                134.5382876,
                7.3521646
              ],
              [
                134.5386035,
                7.3520804
              ],
              [
                134.5389012,
                7.3518404
              ],
              [
                134.539115,
                7.3518303
              ],
              [
                134.5395578,
                7.3517079
              ],
              [
                134.5399314,
                7.3515438
              ],
              [
                134.5402174,
                7.3511041
              ],
              [
                134.5406449,
                7.3508567
              ],
              [
                134.541081,
                7.350543
              ],
              [
                134.5418254,
                7.3501682
              ],
              [
                134.5425844,
                7.3498849
              ],
              [
                134.543303,
                7.3497939
              ],
              [
                134.5440374,
                7.349836
              ],
              [
                134.5449013,
                7.3500892
              ],
              [
                134.5459884,
                7.3502733
              ],
              [
                134.5463505,
                7.3504332
              ],
              [
                134.5465486,
                7.3507092
              ],
              [
                134.5468215,
                7.3508434
              ],
              [
                134.5469669,
                7.3513581
              ],
              [
                134.5469422,
                7.35151
              ],
              [
                134.5471613,
                7.3516742
              ],
              [
                134.5471699,
                7.3517478
              ],
              [
                134.5481806,
                7.3522312
              ],
              [
                134.5483066,
                7.3525286
              ],
              [
                134.5484123,
                7.3526361
              ],
              [
                134.5484925,
                7.3524501
              ],
              [
                134.5488629,
                7.3524201
              ],
              [
                134.5496642,
                7.3526376
              ],
              [
                134.5500764,
                7.3528273
              ],
              [
                134.5502411,
                7.3528316
              ],
              [
                134.5509229,
                7.3529186
              ],
              [
                134.5511267,
                7.3529784
              ],
              [
                134.551282,
                7.3532529
              ],
              [
                134.5515639,
                7.3531976
              ],
              [
                134.5518077,
                7.3531979
              ],
              [
                134.552319,
                7.3529071
              ],
              [
                134.5531624,
                7.3528562
              ],
              [
                134.5535267,
                7.3528327
              ],
              [
                134.5554868,
                7.3525133
              ],
              [
                134.5563687,
                7.3526412
              ],
              [
                134.557061,
                7.3524342
              ],
              [
                134.5574151,
                7.3524455
              ],
              [
                134.5576687,
                7.3523206
              ],
              [
                134.5580174,
                7.3523217
              ],
              [
                134.558353,
                7.3526535
              ],
              [
                134.559163,
                7.3533973
              ],
              [
                134.5593259,
                7.3537308
              ],
              [
                134.5593792,
                7.3540431
              ],
              [
                134.559384,
                7.3544592
              ],
              [
                134.5621884,
                7.3553484
              ],
              [
                134.5630959,
                7.3559093
              ],
              [
                134.563233,
                7.357715
              ],
              [
                134.5632995,
                7.3590626
              ],
              [
                134.5632055,
                7.3591053
              ],
              [
                134.5631059,
                7.3592082
              ],
              [
                134.5632668,
                7.3595487
              ],
              [
                134.5636531,
                7.3599317
              ],
              [
                134.5637328,
                7.3600145
              ],
              [
                134.5640216,
                7.3603145
              ],
              [
                134.5641037,
                7.3603999
              ],
              [
                134.5642646,
                7.3607723
              ],
              [
                134.5642954,
                7.3609455
              ],
              [
                134.5643612,
                7.361315
              ],
              [
                134.5642002,
                7.3619109
              ],
              [
                134.5639106,
                7.3624961
              ],
              [
                134.5634707,
                7.3628685
              ],
              [
                134.5630308,
                7.3630175
              ],
              [
                134.562902,
                7.3630175
              ],
              [
                134.5627135,
                7.3629514
              ],
              [
                134.5626982,
                7.3630494
              ],
              [
                134.5627411,
                7.3632196
              ],
              [
                134.562548,
                7.3633579
              ],
              [
                134.5622905,
                7.3634112
              ],
              [
                134.5614659,
                7.3632939
              ],
              [
                134.5612498,
                7.3631877
              ],
              [
                134.5611532,
                7.36306
              ],
              [
                134.5610567,
                7.3631771
              ],
              [
                134.5610889,
                7.3632728
              ],
              [
                134.5611103,
                7.3634431
              ],
              [
                134.5609279,
                7.3635069
              ],
              [
                134.560767,
                7.3635388
              ],
              [
                134.5606812,
                7.3635708
              ],
              [
                134.5607563,
                7.3637091
              ],
              [
                134.560885,
                7.3638155
              ],
              [
                134.5611318,
                7.3639432
              ],
              [
                134.5613571,
                7.3642517
              ],
              [
                134.5615073,
                7.3645497
              ],
              [
                134.5616468,
                7.3649008
              ],
              [
                134.5617433,
                7.3652306
              ],
              [
                134.5618399,
                7.3655924
              ],
              [
                134.5618077,
                7.3659542
              ],
              [
                134.5617755,
                7.3661032
              ],
              [
                134.5618184,
                7.3661883
              ],
              [
                134.5619472,
                7.366316
              ],
              [
                134.5620223,
                7.366848
              ],
              [
                134.5621296,
                7.3669437
              ],
              [
                134.5621725,
                7.3670501
              ],
              [
                134.5621939,
                7.3672629
              ],
              [
                134.5623656,
                7.3674545
              ],
              [
                134.562548,
                7.3675928
              ],
              [
                134.5627518,
                7.3677311
              ],
              [
                134.5629235,
                7.3681142
              ],
              [
                134.5630522,
                7.3679971
              ],
              [
                134.5631703,
                7.3679971
              ],
              [
                134.5633097,
                7.3681142
              ],
              [
                134.5633205,
                7.3682525
              ],
              [
                134.5632132,
                7.368327
              ],
              [
                134.5632789,
                7.3684134
              ],
              [
                134.5634532,
                7.3682126
              ],
              [
                134.5633465,
                7.3680764
              ],
              [
                134.5632829,
                7.3677603
              ],
              [
                134.563427,
                7.3677279
              ],
              [
                134.5635477,
                7.3678529
              ],
              [
                134.5635342,
                7.3679966
              ],
              [
                134.5636684,
                7.3678769
              ],
              [
                134.5638937,
                7.3679194
              ],
              [
                134.5641941,
                7.3680205
              ],
              [
                134.5642879,
                7.3681721
              ],
              [
                134.5642498,
                7.368295
              ],
              [
                134.5642726,
                7.3683749
              ],
              [
                134.5641324,
                7.3685898
              ],
              [
                134.5639795,
                7.3687254
              ],
              [
                134.5640278,
                7.368768
              ],
              [
                134.5637461,
                7.3688052
              ],
              [
                134.5638078,
                7.368909
              ],
              [
                134.5640178,
                7.3689015
              ],
              [
                134.5642646,
                7.368976
              ],
              [
                134.5644148,
                7.3691037
              ],
              [
                134.5646401,
                7.369242
              ],
              [
                134.5648762,
                7.3694016
              ],
              [
                134.5650585,
                7.3695719
              ],
              [
                134.5651551,
                7.3697102
              ],
              [
                134.5653482,
                7.3698485
              ],
              [
                134.5654877,
                7.3700507
              ],
              [
                134.5655521,
                7.370189
              ],
              [
                134.5655092,
                7.3704444
              ],
              [
                134.5655437,
                7.3705896
              ],
              [
                134.565713,
                7.3704869
              ],
              [
                134.5658632,
                7.3699868
              ],
              [
                134.5658525,
                7.3696996
              ],
              [
                134.5658739,
                7.369391
              ],
              [
                134.5659276,
                7.369242
              ],
              [
                134.5660563,
                7.3691463
              ],
              [
                134.5662494,
                7.3690824
              ],
              [
                134.5664533,
                7.3690505
              ],
              [
                134.5665928,
                7.3690292
              ],
              [
                134.5667644,
                7.368976
              ],
              [
                134.567097,
                7.3689441
              ],
              [
                134.5672687,
                7.3689654
              ],
              [
                134.5675262,
                7.3690718
              ],
              [
                134.5677193,
                7.3691463
              ],
              [
                134.5679768,
                7.3692739
              ],
              [
                134.5681806,
                7.369391
              ],
              [
                134.5682343,
                7.3695293
              ],
              [
                134.5683201,
                7.36954
              ],
              [
                134.5683738,
                7.3696038
              ],
              [
                134.5684489,
                7.3695187
              ],
              [
                134.5685669,
                7.3695612
              ],
              [
                134.5685883,
                7.3696464
              ],
              [
                134.5686742,
                7.3696038
              ],
              [
                134.5687707,
                7.3696676
              ],
              [
                134.5688565,
                7.3696144
              ],
              [
                134.5690497,
                7.3696889
              ],
              [
                134.5691784,
                7.3697528
              ],
              [
                134.5691355,
                7.3698166
              ],
              [
                134.5693715,
                7.3698272
              ],
              [
                134.5695647,
                7.3697847
              ],
              [
                134.569629,
                7.3696996
              ],
              [
                134.5697578,
                7.3695825
              ],
              [
                134.5700367,
                7.3695612
              ],
              [
                134.5703586,
                7.3696357
              ],
              [
                134.5707019,
                7.3697847
              ],
              [
                134.5710452,
                7.3699975
              ],
              [
                134.5711851,
                7.3701156
              ],
              [
                134.5714005,
                7.3702976
              ],
              [
                134.5716189,
                7.3703508
              ],
              [
                134.5720588,
                7.3703721
              ],
              [
                134.5727669,
                7.3702551
              ],
              [
                134.5732333,
                7.3701264
              ],
              [
                134.5736653,
                7.370087
              ],
              [
                134.5740007,
                7.369638
              ],
              [
                134.574649,
                7.3693631
              ],
              [
                134.5753346,
                7.3693518
              ],
              [
                134.5755585,
                7.3688973
              ],
              [
                134.5760666,
                7.3686055
              ],
              [
                134.5761202,
                7.3685747
              ],
              [
                134.5762859,
                7.3679249
              ],
              [
                134.5763074,
                7.3676482
              ],
              [
                134.5763503,
                7.3673184
              ],
              [
                134.576522,
                7.3669885
              ],
              [
                134.57664,
                7.3666693
              ],
              [
                134.5768331,
                7.3664672
              ],
              [
                134.5770369,
                7.3664672
              ],
              [
                134.5772,
                7.3665064
              ],
              [
                134.5770477,
                7.3663714
              ],
              [
                134.5769296,
                7.3662012
              ],
              [
                134.5767043,
                7.3659351
              ],
              [
                134.5765434,
                7.3658287
              ],
              [
                134.5762966,
                7.3655947
              ],
              [
                134.5760392,
                7.3651903
              ],
              [
                134.5759748,
                7.3649882
              ],
              [
                134.5757709,
                7.3647966
              ],
              [
                134.5756958,
                7.3646583
              ],
              [
                134.5756315,
                7.3644029
              ],
              [
                134.5751808,
                7.3638177
              ],
              [
                134.575213,
                7.3636794
              ],
              [
                134.5754062,
                7.3634347
              ],
              [
                134.5754062,
                7.3630835
              ],
              [
                134.5753418,
                7.362743
              ],
              [
                134.5751379,
                7.3627111
              ],
              [
                134.5749126,
                7.3625834
              ],
              [
                134.5748697,
                7.3621796
              ],
              [
                134.5748268,
                7.3616902
              ],
              [
                134.5749555,
                7.361073
              ],
              [
                134.5750628,
                7.3608815
              ],
              [
                134.575095,
                7.36069
              ],
              [
                134.5751916,
                7.3602537
              ],
              [
                134.5754491,
                7.35986
              ],
              [
                134.5756958,
                7.3596579
              ],
              [
                134.5759855,
                7.3595089
              ],
              [
                134.5764039,
                7.3593174
              ],
              [
                134.5769238,
                7.3569724
              ],
              [
                134.5764086,
                7.3556828
              ],
              [
                134.5753757,
                7.3555526
              ],
              [
                134.5751177,
                7.3554239
              ],
              [
                134.5750092,
                7.3551037
              ],
              [
                134.5748161,
                7.3546887
              ],
              [
                134.5749039,
                7.3542562
              ],
              [
                134.575112,
                7.3539772
              ],
              [
                134.5755105,
                7.3536007
              ],
              [
                134.5759026,
                7.3535264
              ],
              [
                134.5767681,
                7.3535603
              ],
              [
                134.5766738,
                7.352957
              ],
              [
                134.576571,
                7.3523876
              ],
              [
                134.576074,
                7.3524471
              ],
              [
                134.5759026,
                7.3518352
              ],
              [
                134.5751729,
                7.3518996
              ],
              [
                134.5749316,
                7.3516444
              ],
              [
                134.5749921,
                7.351299
              ],
              [
                134.575897,
                7.3506549
              ],
              [
                134.5769299,
                7.3505273
              ],
              [
                134.5770591,
                7.3500119
              ],
              [
                134.5792555,
                7.3488533
              ],
              [
                134.5795137,
                7.3488537
              ],
              [
                134.5800299,
                7.3491119
              ],
              [
                134.5804162,
                7.3497573
              ],
              [
                134.5805451,
                7.3505307
              ],
              [
                134.5803746,
                7.3506184
              ],
              [
                134.5804148,
                7.3513041
              ],
              [
                134.5815349,
                7.3520258
              ],
              [
                134.5821895,
                7.3521031
              ],
              [
                134.5826352,
                7.3520521
              ],
              [
                134.5827382,
                7.3518218
              ],
              [
                134.5827388,
                7.3513062
              ],
              [
                134.5836439,
                7.3504043
              ],
              [
                134.5841604,
                7.350147
              ],
              [
                134.584677,
                7.3501474
              ],
              [
                134.5854511,
                7.3506638
              ],
              [
                134.5857093,
                7.3506639
              ],
              [
                134.5859679,
                7.3504065
              ],
              [
                134.5867426,
                7.3504071
              ],
              [
                134.5871291,
                7.3507947
              ],
              [
                134.5873953,
                7.3511828
              ],
              [
                134.5875346,
                7.3514554
              ],
              [
                134.5873223,
                7.3518226
              ],
              [
                134.5873861,
                7.3520839
              ],
              [
                134.5873859,
                7.3523417
              ],
              [
                134.5879019,
                7.3528579
              ],
              [
                134.587665,
                7.3531739
              ],
              [
                134.5878411,
                7.3536057
              ],
              [
                134.5878707,
                7.3538538
              ],
              [
                134.5882277,
                7.3541866
              ],
              [
                134.5881584,
                7.3546626
              ],
              [
                134.5883344,
                7.3547951
              ],
              [
                134.5884631,
                7.3550292
              ],
              [
                134.5884095,
                7.3553485
              ],
              [
                134.5882808,
                7.355657
              ],
              [
                134.5882808,
                7.3559124
              ],
              [
                134.5883022,
                7.3562635
              ],
              [
                134.5882915,
                7.3565828
              ],
              [
                134.5883129,
                7.3568701
              ],
              [
                134.588388,
                7.3569977
              ],
              [
                134.5883022,
                7.3573595
              ],
              [
                134.5878731,
                7.357434
              ],
              [
                134.5877443,
                7.3576681
              ],
              [
                134.5877121,
                7.3579128
              ],
              [
                134.5876585,
                7.3582001
              ],
              [
                134.5879052,
                7.3583704
              ],
              [
                134.5879482,
                7.3586257
              ],
              [
                134.5882378,
                7.3586896
              ],
              [
                134.588388,
                7.3587109
              ],
              [
                134.5886348,
                7.3588492
              ],
              [
                134.5889996,
                7.3587109
              ],
              [
                134.5894502,
                7.3587002
              ],
              [
                134.5897291,
                7.3587428
              ],
              [
                134.5900939,
                7.3588066
              ],
              [
                134.59033,
                7.3590726
              ],
              [
                134.5905767,
                7.3591365
              ],
              [
                134.5908771,
                7.3593493
              ],
              [
                134.5910381,
                7.3592748
              ],
              [
                134.5913063,
                7.3593067
              ],
              [
                134.5915852,
                7.3594025
              ],
              [
                134.5920251,
                7.3593918
              ],
              [
                134.5923899,
                7.3593918
              ],
              [
                134.5926474,
                7.3595408
              ],
              [
                134.5927585,
                7.359906
              ],
              [
                134.5933448,
                7.3600622
              ],
              [
                134.5935187,
                7.3606433
              ],
              [
                134.5941387,
                7.3607857
              ],
              [
                134.5947073,
                7.3614455
              ],
              [
                134.5951794,
                7.362052
              ],
              [
                134.5954154,
                7.3624983
              ],
              [
                134.595512,
                7.3630197
              ],
              [
                134.5953403,
                7.3637113
              ],
              [
                134.595276,
                7.3640305
              ],
              [
                134.5948361,
                7.3643817
              ],
              [
                134.5947395,
                7.3646689
              ],
              [
                134.5947717,
                7.3648286
              ],
              [
                134.5951043,
                7.365052
              ],
              [
                134.5951687,
                7.3654776
              ],
              [
                134.5952009,
                7.3659032
              ],
              [
                134.5951472,
                7.3662118
              ],
              [
                134.5952652,
                7.366414
              ],
              [
                134.5954262,
                7.366797
              ],
              [
                134.595233,
                7.367063
              ],
              [
                134.5949326,
                7.3672226
              ],
              [
                134.5946859,
                7.3673077
              ],
              [
                134.591714,
                7.3725427
              ],
              [
                134.5917998,
                7.3727981
              ],
              [
                134.5918535,
                7.3732024
              ],
              [
                134.5918535,
                7.3735429
              ],
              [
                134.5918535,
                7.3738515
              ],
              [
                134.5919929,
                7.3740855
              ],
              [
                134.5921431,
                7.3744367
              ],
              [
                134.5921646,
                7.374692
              ],
              [
                134.5924435,
                7.3751602
              ],
              [
                134.5926474,
                7.3755539
              ],
              [
                134.5925508,
                7.3759795
              ],
              [
                134.5924006,
                7.3763519
              ],
              [
                134.5920466,
                7.3768307
              ],
              [
                134.5917247,
                7.3771712
              ],
              [
                134.5915852,
                7.3774797
              ],
              [
                134.5914028,
                7.3777351
              ],
              [
                134.5912419,
                7.3779798
              ],
              [
                134.5912741,
                7.3783948
              ],
              [
                134.5912956,
                7.3786608
              ],
              [
                134.591081,
                7.3789906
              ],
              [
                134.5908986,
                7.3792034
              ],
              [
                134.5905124,
                7.3797141
              ],
              [
                134.5904587,
                7.3801716
              ],
              [
                134.5903407,
                7.3805653
              ],
              [
                134.5900188,
                7.380842
              ],
              [
                134.5898579,
                7.3813633
              ],
              [
                134.5897184,
                7.3816612
              ],
              [
                134.5897683,
                7.3819693
              ],
              [
                134.5897924,
                7.3823353
              ],
              [
                134.589307,
                7.3835913
              ],
              [
                134.5888151,
                7.384417
              ],
              [
                134.58861050067964,
                7.385
              ],
              [
                134.59140600302257,
                7.385
              ],
              [
                134.594171,
                7.3756767
              ],
              [
                134.5947289,
                7.371293
              ],
              [
                134.5973897,
                7.3709099
              ],
              [
                134.6022391,
                7.3649088
              ],
              [
                134.6016812,
                7.3624403
              ],
              [
                134.596746,
                7.356737
              ],
              [
                134.591639,
                7.350225
              ],
              [
                134.5879912,
                7.3486501
              ],
              [
                134.5824551,
                7.3490332
              ],
              [
                134.5803389,
                7.3485264
              ],
              [
                134.5776486,
                7.3460538
              ],
              [
                134.5748993,
                7.343887
              ],
              [
                134.5727778,
                7.3439469
              ],
              [
                134.572024,
                7.3448128
              ],
              [
                134.5727536,
                7.346345
              ],
              [
                134.5726463,
                7.3478347
              ],
              [
                134.5729145,
                7.3486009
              ],
              [
                134.5740062,
                7.3501664
              ],
              [
                134.5743978,
                7.3510868
              ],
              [
                134.5750308,
                7.3524967
              ],
              [
                134.5756799,
                7.3531777
              ],
              [
                134.5748538,
                7.3540875
              ],
              [
                134.5743549,
                7.3543056
              ],
              [
                134.5740867,
                7.3548164
              ],
              [
                134.573974,
                7.3554602
              ],
              [
                134.5747626,
                7.3560241
              ],
              [
                134.5753473,
                7.3563859
              ],
              [
                134.5754921,
                7.3567849
              ],
              [
                134.5752668,
                7.3570137
              ],
              [
                134.5727241,
                7.3582799
              ],
              [
                134.5714152,
                7.3579394
              ],
              [
                134.5712864,
                7.361472
              ],
              [
                134.5709646,
                7.3640895
              ],
              [
                134.5689261,
                7.3589183
              ],
              [
                134.5677888,
                7.3563007
              ],
              [
                134.5701277,
                7.3543003
              ],
              [
                134.5727562,
                7.3507038
              ],
              [
                134.5708466,
                7.3488789
              ],
              [
                134.5704603,
                7.3477404
              ],
              [
                134.5707983,
                7.3464475
              ],
              [
                134.5707231,
                7.3453462
              ],
              [
                134.5703316,
                7.3446386
              ],
              [
                134.5693016,
                7.3439575
              ],
              [
                134.5668822,
                7.3430079
              ],
              [
                134.5659596,
                7.3425157
              ],
              [
                134.5652729,
                7.3419411
              ],
              [
                134.5642751,
                7.3406536
              ],
              [
                134.5637548,
                7.3384881
              ],
              [
                134.5564592,
                7.3278471
              ],
              [
                134.5398509,
                7.3156733
              ],
              [
                134.5365894,
                7.3157159
              ],
              [
                134.5358348104076,
                7.315
              ],
              [
                134.535,
                7.315
              ],
              [
                134.535,
                7.326578520631437
              ],
              [
                134.5352241,
                7.3265621
              ],
              [
                134.5353502,
                7.3265595
              ],
              [
                134.5356426,
                7.3265861
              ],
              [
                134.5355272,
                7.3267936
              ],
              [
                134.5353073,
                7.3270862
              ],
              [
                134.5353207,
                7.3272352
              ],
              [
                134.5352939,
                7.3276156
              ],
              [
                134.5354196,
                7.3279274
              ],
              [
                134.5355501,
                7.3280628
              ],
              [
                134.5355674,
                7.3282183
              ],
              [
                134.5355916,
                7.328286
              ],
              [
                134.5355112,
                7.3284776
              ],
              [
                134.5354136,
                7.3285284
              ],
              [
                134.535259,
                7.3287489
              ],
              [
                134.5351758,
                7.3290016
              ],
              [
                134.5353019,
                7.3292889
              ],
              [
                134.5354333,
                7.3297917
              ],
              [
                134.5354333,
                7.3300498
              ],
              [
                134.5354789,
                7.3301907
              ],
              [
                134.5355514,
                7.3301986
              ],
              [
                134.5355782,
                7.3301349
              ],
              [
                134.5360824,
                7.3301562
              ],
              [
                134.5361871,
                7.330236
              ],
              [
                134.5362461,
                7.3303105
              ],
              [
                134.5361763,
                7.3305925
              ],
              [
                134.536281,
                7.330643
              ],
              [
                134.5365036,
                7.3305127
              ],
              [
                134.536474,
                7.3302413
              ],
              [
                134.5367622,
                7.3300961
              ],
              [
                134.5369367,
                7.3298208
              ],
              [
                134.5370588,
                7.3297359
              ],
              [
                134.5371795,
                7.329555
              ],
              [
                134.5371821,
                7.3295523
              ],
              [
                134.5372438,
                7.3293262
              ],
              [
                134.5373324,
                7.3291825
              ],
              [
                134.5375016,
                7.3290791
              ],
              [
                134.5377347,
                7.3291293
              ],
              [
                134.5380324,
                7.3293102
              ],
              [
                134.5379841,
                7.3294166
              ],
              [
                134.5377937,
                7.3296268
              ],
              [
                134.5376462,
                7.3300178
              ],
              [
                134.5376381,
                7.3301775
              ],
              [
                134.5377588,
                7.3306084
              ],
              [
                134.5379573,
                7.3307388
              ],
              [
                134.5381156,
                7.330776
              ],
              [
                134.5382228,
                7.3307122
              ],
              [
                134.5383033,
                7.3304861
              ],
              [
                134.5383891,
                7.3304435
              ],
              [
                134.5386493,
                7.3305792
              ],
              [
                134.5392497,
                7.3307683
              ],
              [
                134.5401514,
                7.3308266
              ],
              [
                134.5404625,
                7.3307521
              ],
              [
                134.5406697,
                7.3308736
              ],
              [
                134.5408019,
                7.3307504
              ],
              [
                134.5409614,
                7.3307468
              ],
              [
                134.5414656,
                7.3306324
              ],
              [
                134.5417339,
                7.3303478
              ],
              [
                134.5420828,
                7.3302977
              ],
              [
                134.5419894,
                7.3299988
              ],
              [
                134.5424039,
                7.3297888
              ],
              [
                134.5428537,
                7.3298373
              ],
              [
                134.5434022,
                7.3294751
              ],
              [
                134.5435116,
                7.3288395
              ],
              [
                134.5437003,
                7.3287582
              ],
              [
                134.5438997,
                7.3287106
              ],
              [
                134.5440674,
                7.3288686
              ],
              [
                134.5442176,
                7.3289218
              ],
              [
                134.5443302,
                7.3291293
              ],
              [
                134.5447487,
                7.3291452
              ],
              [
                134.5450169,
                7.3292198
              ],
              [
                134.5452669,
                7.3293694
              ],
              [
                134.5453347,
                7.3294272
              ],
              [
                134.5453334,
                7.3295496
              ],
              [
                134.545447,
                7.3296532
              ],
              [
                134.5455265,
                7.3296707
              ],
              [
                134.5456512,
                7.3297026
              ],
              [
                134.5457974,
                7.3297066
              ],
              [
                134.5458614,
                7.3297464
              ],
              [
                134.5459892,
                7.3297824
              ],
              [
                134.546122,
                7.3298901
              ],
              [
                134.5461501,
                7.3299407
              ],
              [
                134.5462212,
                7.3299686
              ],
              [
                134.546362,
                7.3298622
              ],
              [
                134.5464344,
                7.3297598
              ],
              [
                134.5465699,
                7.3296826
              ],
              [
                134.5466477,
                7.3296214
              ],
              [
                134.5467348,
                7.329629
              ],
              [
                134.5467885,
                7.3296215
              ],
              [
                134.5468461,
                7.3296667
              ],
              [
                134.54694,
                7.3296959
              ],
              [
                134.5469977,
                7.3296946
              ],
              [
                134.547046,
                7.3295988
              ],
              [
                134.5471385,
                7.3295111
              ],
              [
                134.5473009,
                7.3295111
              ],
              [
                134.5474496,
                7.3294951
              ],
              [
                134.5476688,
                7.3294704
              ],
              [
                134.5477098,
                7.3295802
              ],
              [
                134.5476347,
                7.3297504
              ],
              [
                134.5476202,
                7.3301194
              ],
              [
                134.5476148,
                7.3304304
              ],
              [
                134.5469962,
                7.3305182
              ],
              [
                134.5467486,
                7.3306794
              ],
              [
                134.5464824,
                7.3309546
              ],
              [
                134.5464791,
                7.3311627
              ],
              [
                134.5462564,
                7.3313475
              ],
              [
                134.5463448,
                7.3315216
              ],
              [
                134.5463226,
                7.3317369
              ],
              [
                134.5465138,
                7.331556
              ],
              [
                134.5467901,
                7.3313882
              ],
              [
                134.5470638,
                7.3314251
              ],
              [
                134.5473785,
                7.3311858
              ],
              [
                134.5474316,
                7.3312356
              ],
              [
                134.5473613,
                7.3313351
              ],
              [
                134.5473854,
                7.3314456
              ],
              [
                134.5476091,
                7.3314647
              ],
              [
                134.547522,
                7.3319479
              ],
              [
                134.5473814,
                7.3321949
              ],
              [
                134.5472377,
                7.3326302
              ],
              [
                134.5469534,
                7.3328963
              ],
              [
                134.5467656,
                7.3331782
              ],
              [
                134.5468622,
                7.3335347
              ],
              [
                134.5466691,
                7.3338592
              ],
              [
                134.5467343,
                7.3342567
              ],
              [
                134.5459167,
                7.3342884
              ],
              [
                134.545701,
                7.3346418
              ],
              [
                134.5452851,
                7.3347691
              ],
              [
                134.5448345,
                7.3346786
              ],
              [
                134.5445877,
                7.3348702
              ],
              [
                134.5443141,
                7.3350351
              ],
              [
                134.5437375,
                7.3352254
              ],
              [
                134.5458162,
                7.3357853
              ],
              [
                134.5475542,
                7.3342956
              ],
              [
                134.5475757,
                7.3364663
              ],
              [
                134.5464814,
                7.3369558
              ],
              [
                134.5454085,
                7.3362748
              ],
              [
                134.5453226,
                7.3376368
              ],
              [
                134.5436489,
                7.3370197
              ],
              [
                134.5443141,
                7.3362109
              ],
              [
                134.5434558,
                7.3363174
              ],
              [
                134.543134,
                7.3376156
              ],
              [
                134.5441854,
                7.3391691
              ],
              [
                134.5428336,
                7.3395735
              ],
              [
                134.5419967,
                7.3384456
              ],
              [
                134.5414817,
                7.3381689
              ],
              [
                134.541868,
                7.3368707
              ],
              [
                134.5404518,
                7.3367856
              ],
              [
                134.5406663,
                7.3384668
              ],
              [
                134.5393574,
                7.3379135
              ],
              [
                134.5384776,
                7.3396799
              ],
              [
                134.5399582,
                7.3398927
              ],
              [
                134.5401728,
                7.3410632
              ],
              [
                134.5392716,
                7.3409994
              ],
              [
                134.5384133,
                7.3407227
              ],
              [
                134.538821,
                7.3414676
              ],
              [
                134.5384776,
                7.3419996
              ],
              [
                134.5377052,
                7.3421486
              ],
              [
                134.5371473,
                7.3442768
              ],
              [
                134.5375764,
                7.3466816
              ],
              [
                134.5373833,
                7.3473732
              ],
              [
                134.5385888,
                7.3487296
              ],
              [
                134.5386542,
                7.3487807
              ],
              [
                134.5386703,
                7.3488368
              ],
              [
                134.5386298,
                7.3489075
              ],
              [
                134.5384838,
                7.348891
              ],
              [
                134.5383819,
                7.3489521
              ],
              [
                134.5381713,
                7.3489362
              ],
              [
                134.5381217,
                7.3490147
              ],
              [
                134.5380735,
                7.3490101
              ],
              [
                134.5380707,
                7.3488936
              ],
              [
                134.5380211,
                7.3489385
              ],
              [
                134.5380017,
                7.3490046
              ],
              [
                134.5378803,
                7.3493818
              ],
              [
                134.5379709,
                7.3495114
              ],
              [
                134.5390875,
                7.3494024
              ],
              [
                134.539516,
                7.3493459
              ],
              [
                134.5397808,
                7.3493406
              ],
              [
                134.539919,
                7.3492781
              ],
              [
                134.5399322,
                7.3491384
              ],
              [
                134.5398252,
                7.3490714
              ],
              [
                134.5394008,
                7.34903
              ],
              [
                134.5391295,
                7.3489403
              ],
              [
                134.5389764,
                7.348823
              ],
              [
                134.5388373,
                7.3487747
              ],
              [
                134.5388763,
                7.3486915
              ],
              [
                134.5391613,
                7.3486846
              ],
              [
                134.5393061,
                7.3487296
              ],
              [
                134.5397189,
                7.3487676
              ],
              [
                134.540084,
                7.3488763
              ],
              [
                134.5402721,
                7.3489766
              ],
              [
                134.5396979,
                7.3496553
              ],
              [
                134.5394884,
                7.3497171
              ],
              [
                134.5390025,
                7.3495622
              ],
              [
                134.5381052,
                7.3496186
              ],
              [
                134.5377981,
                7.3495933
              ],
              [
                134.5373424,
                7.3498395
              ],
              [
                134.5371639,
                7.3502304
              ],
              [
                134.5369934,
                7.3503179
              ],
              [
                134.5366827,
                7.3504878
              ],
              [
                134.5355918,
                7.3503167
              ],
              [
                134.5354844,
                7.3507441
              ],
              [
                134.535,
                7.351516651284433
              ],
              [
                134.535,
                7.352126847412588
              ],
              [
                134.5351174,
                7.3521156
              ]
            ],
            [
              [
                134.5899671,
                7.3533753
              ],
              [
                134.5895634,
                7.3537439
              ],
              [
                134.5889712,
                7.3538694
              ],
              [
                134.5890328,
                7.3535273
              ],
              [
                134.5893225,
                7.3530522
              ],
              [
                134.5898016,
                7.3529793
              ],
              [
                134.5899671,
                7.3533753
              ]
            ],
            [
              [
                134.5702217,
                7.3447201
              ],
              [
                134.570608,
                7.3453653
              ],
              [
                134.5706069,
                7.3463965
              ],
              [
                134.5705042,
                7.3469045
              ],
              [
                134.570233,
                7.3476764
              ],
              [
                134.5704763,
                7.3484589
              ],
              [
                134.57004,
                7.348722
              ],
              [
                134.5697016,
                7.3485866
              ],
              [
                134.5689265,
                7.348973
              ],
              [
                134.5687964,
                7.3494884
              ],
              [
                134.5681503,
                7.350519
              ],
              [
                134.5676341,
                7.3503891
              ],
              [
                134.5668601,
                7.349615
              ],
              [
                134.5663436,
                7.3496144
              ],
              [
                134.5655685,
                7.3500009
              ],
              [
                134.5654861,
                7.351408
              ],
              [
                134.565265,
                7.3518346
              ],
              [
                134.5652646,
                7.352328
              ],
              [
                134.5653077,
                7.3528365
              ],
              [
                134.5647988,
                7.3539334
              ],
              [
                134.564316,
                7.3541927
              ],
              [
                134.5637295,
                7.3547081
              ],
              [
                134.5632402,
                7.3545097
              ],
              [
                134.5631157,
                7.3543442
              ],
              [
                134.5628312,
                7.3533607
              ],
              [
                134.5631125,
                7.3525764
              ],
              [
                134.5636294,
                7.3520614
              ],
              [
                134.5636307,
                7.3507724
              ],
              [
                134.5644062,
                7.3499998
              ],
              [
                134.5646427,
                7.3493184
              ],
              [
                134.5644077,
                7.348453
              ],
              [
                134.5645139,
                7.3478946
              ],
              [
                134.5645648,
                7.3477324
              ],
              [
                134.5646284,
                7.347549
              ],
              [
                134.564766,
                7.3474477
              ],
              [
                134.5650554,
                7.3467775
              ],
              [
                134.5656078,
                7.3465204
              ],
              [
                134.5661497,
                7.3465867
              ],
              [
                134.5666052,
                7.3462635
              ],
              [
                134.5668635,
                7.3460058
              ],
              [
                134.5675603,
                7.3459387
              ],
              [
                134.5677646,
                7.3455721
              ],
              [
                134.5681554,
                7.3452336
              ],
              [
                134.5691723,
                7.344775
              ],
              [
                134.5697815,
                7.3445833
              ],
              [
                134.5702217,
                7.3447201
              ]
            ],
            [
              [
                134.5512575,
                7.3390741
              ],
              [
                134.5510078,
                7.339682
              ],
              [
                134.5511327,
                7.3400874
              ],
              [
                134.551166,
                7.34058
              ],
              [
                134.5513067,
                7.341277
              ],
              [
                134.5508583,
                7.3413034
              ],
              [
                134.5505999,
                7.341865
              ],
              [
                134.5495666,
                7.3421219
              ],
              [
                134.5490497,
                7.3426369
              ],
              [
                134.5483571,
                7.3430569
              ],
              [
                134.5478454,
                7.3435262
              ],
              [
                134.5474994,
                7.3436666
              ],
              [
                134.5470598,
                7.3435885
              ],
              [
                134.5467252,
                7.3432795
              ],
              [
                134.546726,
                7.3425061
              ],
              [
                134.5468365,
                7.3421348
              ],
              [
                134.5469849,
                7.3417329
              ],
              [
                134.5475012,
                7.341862
              ],
              [
                134.5485343,
                7.3417346
              ],
              [
                134.5485353,
                7.3407033
              ],
              [
                134.5490894,
                7.3405602
              ],
              [
                134.5498263,
                7.3408331
              ],
              [
                134.5502136,
                7.3404472
              ],
              [
                134.5502147,
                7.3391582
              ],
              [
                134.5507505,
                7.3386477
              ],
              [
                134.5511195,
                7.3386435
              ],
              [
                134.5512575,
                7.3390741
              ]
            ],
            [
              [
                134.5536391,
                7.3405609
              ],
              [
                134.5539079,
                7.3410364
              ],
              [
                134.5541432,
                7.3414641
              ],
              [
                134.553956,
                7.3425133
              ],
              [
                134.5536245,
                7.3425496
              ],
              [
                134.553392,
                7.3427009
              ],
              [
                134.5532432,
                7.34255
              ],
              [
                134.5529237,
                7.3419968
              ],
              [
                134.5532545,
                7.3411539
              ],
              [
                134.5534502,
                7.3409139
              ],
              [
                134.5534375,
                7.3405855
              ],
              [
                134.5536391,
                7.3405609
              ]
            ],
            [
              [
                134.5584881,
                7.3402764
              ],
              [
                134.5585475,
                7.340836
              ],
              [
                134.5579832,
                7.3411453
              ],
              [
                134.5578435,
                7.3414863
              ],
              [
                134.5575723,
                7.3413564
              ],
              [
                134.5572417,
                7.3409328
              ],
              [
                134.5573388,
                7.3404466
              ],
              [
                134.5578314,
                7.3403255
              ],
              [
                134.5579981,
                7.3398788
              ],
              [
                134.5584805,
                7.3399177
              ],
              [
                134.5584881,
                7.3402764
              ]
            ],
            [
              [
                134.5540935,
                7.3397438
              ],
              [
                134.554249,
                7.3399247
              ],
              [
                134.5541149,
                7.3403184
              ],
              [
                134.5539755,
                7.340313
              ],
              [
                134.5536999,
                7.3404508
              ],
              [
                134.5535691,
                7.3404208
              ],
              [
                134.5535503,
                7.3403795
              ],
              [
                134.5535651,
                7.3403024
              ],
              [
                134.5535879,
                7.3402532
              ],
              [
                134.5536469,
                7.3401907
              ],
              [
                134.5537004,
                7.3399352
              ],
              [
                134.5539486,
                7.3397597
              ],
              [
                134.5540935,
                7.3397438
              ]
            ],
            [
              [
                134.5480293,
                7.3302616
              ],
              [
                134.5485574,
                7.3297518
              ],
              [
                134.5487881,
                7.3293528
              ],
              [
                134.5491207,
                7.3292783
              ],
              [
                134.5495797,
                7.3292319
              ],
              [
                134.5497082,
                7.3293614
              ],
              [
                134.5496252,
                7.3298121
              ],
              [
                134.5498148,
                7.3302519
              ],
              [
                134.5496517,
                7.3302413
              ],
              [
                134.5493518,
                7.3300867
              ],
              [
                134.5491699,
                7.3301343
              ],
              [
                134.5490808,
                7.3304592
              ],
              [
                134.5488041,
                7.3307786
              ],
              [
                134.5488739,
                7.3309968
              ],
              [
                134.5490187,
                7.3309144
              ],
              [
                134.5491743,
                7.3309596
              ],
              [
                134.5494801,
                7.3310554
              ],
              [
                134.549405,
                7.3313054
              ],
              [
                134.5491582,
                7.3313826
              ],
              [
                134.5488936,
                7.3316462
              ],
              [
                134.5487237,
                7.3319332
              ],
              [
                134.5486271,
                7.3321514
              ],
              [
                134.5484984,
                7.3322472
              ],
              [
                134.5481712,
                7.3323376
              ],
              [
                134.5480317,
                7.3320769
              ],
              [
                134.5481551,
                7.3318907
              ],
              [
                134.5481569,
                7.3314222
              ],
              [
                134.5478976,
                7.3312416
              ],
              [
                134.5475436,
                7.3311532
              ],
              [
                134.5474953,
                7.3309915
              ],
              [
                134.5475954,
                7.3305135
              ],
              [
                134.5477903,
                7.3303637
              ],
              [
                134.5480293,
                7.3302616
              ]
            ],
            [
              [
                134.5372793,
                7.3284728
              ],
              [
                134.5373187,
                7.3282674
              ],
              [
                134.5375525,
                7.3278618
              ],
              [
                134.537554,
                7.327343
              ],
              [
                134.5381142,
                7.327115
              ],
              [
                134.5384245,
                7.3272513
              ],
              [
                134.5382812,
                7.3274227
              ],
              [
                134.5382282,
                7.3276295
              ],
              [
                134.5382518,
                7.3278002
              ],
              [
                134.5380301,
                7.3280522
              ],
              [
                134.5379257,
                7.3281317
              ],
              [
                134.5379983,
                7.3282751
              ],
              [
                134.5376112,
                7.3289667
              ],
              [
                134.5370386,
                7.3289373
              ],
              [
                134.5372793,
                7.3284728
              ]
            ],
            [
              [
                134.53893,
                7.3282291
              ],
              [
                134.5392179,
                7.328452
              ],
              [
                134.5397537,
                7.328488
              ],
              [
                134.5400625,
                7.3281638
              ],
              [
                134.5404268,
                7.3281106
              ],
              [
                134.5407426,
                7.3282184
              ],
              [
                134.5408673,
                7.3283482
              ],
              [
                134.5407399,
                7.328446
              ],
              [
                134.5408416,
                7.3285235
              ],
              [
                134.5410139,
                7.3284993
              ],
              [
                134.5410977,
                7.3286772
              ],
              [
                134.5408783,
                7.3290309
              ],
              [
                134.540669,
                7.3291849
              ],
              [
                134.5402713,
                7.3293888
              ],
              [
                134.5397677,
                7.3292221
              ],
              [
                134.5395092,
                7.3294795
              ],
              [
                134.5387345,
                7.329608
              ],
              [
                134.538592,
                7.3292834
              ],
              [
                134.5389622,
                7.3289607
              ],
              [
                134.5384771,
                7.3288344
              ],
              [
                134.5383539,
                7.3285823
              ],
              [
                134.5384776,
                7.3283189
              ],
              [
                134.5386099,
                7.3281499
              ],
              [
                134.53893,
                7.3282291
              ]
            ],
            [
              [
                134.5889084,
                7.354798
              ],
              [
                134.5889178,
                7.3548953
              ],
              [
                134.5886769,
                7.3550553
              ],
              [
                134.5886044,
                7.3549074
              ],
              [
                134.5886742,
                7.3547702
              ],
              [
                134.5888207,
                7.354692
              ],
              [
                134.5889084,
                7.354798
              ]
            ],
            [
              [
                134.547765,
                7.329133
              ],
              [
                134.5477543,
                7.3289999
              ],
              [
                134.5477916,
                7.328959
              ],
              [
                134.5478294,
                7.3289574
              ],
              [
                134.5479098,
                7.3289946
              ],
              [
                134.5479742,
                7.3290531
              ],
              [
                134.5479527,
                7.329133
              ],
              [
                134.5478776,
                7.3291808
              ],
              [
                134.547765,
                7.329133
              ]
            ]
          ],
          [
            [
              [
                134.5350391,
                7.3364131
              ],
              [
                134.5353196,
                7.3365144
              ],
              [
                134.5354821,
                7.3367754
              ],
              [
                134.5353646,
                7.3369294
              ],
              [
                134.5354863,
                7.3371223
              ],
              [
                134.5357134,
                7.3371488
              ],
              [
                134.5356221,
                7.3367887
              ],
              [
                134.5354555,
                7.3366291
              ],
              [
                134.5353164,
                7.336265
              ],
              [
                134.5352843,
                7.3360829
              ],
              [
                134.5355956,
                7.3359433
              ],
              [
                134.5355555,
                7.3358192
              ],
              [
                134.5354007,
                7.3357656
              ],
              [
                134.5353019,
                7.335498
              ],
              [
                134.5353261,
                7.3352985
              ],
              [
                134.5354306,
                7.335224
              ],
              [
                134.5352992,
                7.3350378
              ],
              [
                134.535192,
                7.3349207
              ],
              [
                134.5350552,
                7.3348835
              ],
              [
                134.5350096,
                7.3348356
              ],
              [
                134.5350417,
                7.3346244
              ],
              [
                134.535259,
                7.3342184
              ],
              [
                134.535023,
                7.3338486
              ],
              [
                134.535,
                7.333772035419448
              ],
              [
                134.535,
                7.333971291346156
              ],
              [
                134.5350445,
                7.3340282
              ],
              [
                134.535,
                7.334115117021288
              ],
              [
                134.535,
                7.33644504024123
              ],
              [
                134.5350391,
                7.3364131
              ]
            ]
          ],
          [
            [
              [
                134.5351098,
                7.3388851
              ],
              [
                134.535,
                7.33878951049456
              ],
              [
                134.535,
                7.338837116622853
              ],
              [
                134.5351098,
                7.3388851
              ]
            ]
          ]
        ]
      }
    },
    {
      "type": "Feature",
      "properties": {
        "osm_id": "6480240",
        "name": "Babeldaob",
        "semanticRole": "island",
        "natural": null,
        "reef": null,
        "wetland": null,
        "tidal": null,
        "place": "island",
        "sourceLayer": "multipolygons"
      },
      "geometry": {
        "type": "MultiPolygon",
        "coordinates": [
          [
            [
              [
                134.5354844,
                7.3507441
              ],
              [
                134.5355918,
                7.3503167
              ],
              [
                134.5366827,
                7.3504878
              ],
              [
                134.5369934,
                7.3503179
              ],
              [
                134.5371639,
                7.3502304
              ],
              [
                134.5373424,
                7.3498395
              ],
              [
                134.5377981,
                7.3495933
              ],
              [
                134.5381052,
                7.3496186
              ],
              [
                134.5390025,
                7.3495622
              ],
              [
                134.5394884,
                7.3497171
              ],
              [
                134.5396979,
                7.3496553
              ],
              [
                134.5402721,
                7.3489766
              ],
              [
                134.540084,
                7.3488763
              ],
              [
                134.5397189,
                7.3487676
              ],
              [
                134.5393061,
                7.3487296
              ],
              [
                134.5391613,
                7.3486846
              ],
              [
                134.5388763,
                7.3486915
              ],
              [
                134.5388373,
                7.3487747
              ],
              [
                134.5389764,
                7.348823
              ],
              [
                134.5391295,
                7.3489403
              ],
              [
                134.5394008,
                7.34903
              ],
              [
                134.5398252,
                7.3490714
              ],
              [
                134.5399322,
                7.3491384
              ],
              [
                134.539919,
                7.3492781
              ],
              [
                134.5397808,
                7.3493406
              ],
              [
                134.539516,
                7.3493459
              ],
              [
                134.5390875,
                7.3494024
              ],
              [
                134.5379709,
                7.3495114
              ],
              [
                134.5378803,
                7.3493818
              ],
              [
                134.5380017,
                7.3490046
              ],
              [
                134.5380211,
                7.3489385
              ],
              [
                134.5380707,
                7.3488936
              ],
              [
                134.5380735,
                7.3490101
              ],
              [
                134.5381217,
                7.3490147
              ],
              [
                134.5381713,
                7.3489362
              ],
              [
                134.5383819,
                7.3489521
              ],
              [
                134.5384838,
                7.348891
              ],
              [
                134.5386298,
                7.3489075
              ],
              [
                134.5386703,
                7.3488368
              ],
              [
                134.5386542,
                7.3487807
              ],
              [
                134.5385888,
                7.3487296
              ],
              [
                134.5379857,
                7.3485835
              ],
              [
                134.5372054,
                7.348409
              ],
              [
                134.5369162,
                7.347871
              ],
              [
                134.5363918,
                7.34778
              ],
              [
                134.536262,
                7.3479093
              ],
              [
                134.536162,
                7.3481559
              ],
              [
                134.5364286,
                7.3487478
              ],
              [
                134.5363836,
                7.3491102
              ],
              [
                134.5361318,
                7.3493938
              ],
              [
                134.5362718,
                7.3495112
              ],
              [
                134.5363604,
                7.3498304
              ],
              [
                134.5361374,
                7.3501714
              ],
              [
                134.5354848,
                7.3501195
              ],
              [
                134.5350387,
                7.3512382
              ],
              [
                134.535,
                7.35127860991885
              ],
              [
                134.535,
                7.351516651284433
              ],
              [
                134.5354844,
                7.3507441
              ]
            ]
          ],
          [
            [
              [
                134.5888151,
                7.384417
              ],
              [
                134.589307,
                7.3835913
              ],
              [
                134.5897924,
                7.3823353
              ],
              [
                134.5897683,
                7.3819693
              ],
              [
                134.5897184,
                7.3816612
              ],
              [
                134.5898579,
                7.3813633
              ],
              [
                134.5900188,
                7.380842
              ],
              [
                134.5903407,
                7.3805653
              ],
              [
                134.5904587,
                7.3801716
              ],
              [
                134.5905124,
                7.3797141
              ],
              [
                134.5908986,
                7.3792034
              ],
              [
                134.591081,
                7.3789906
              ],
              [
                134.5912956,
                7.3786608
              ],
              [
                134.5912741,
                7.3783948
              ],
              [
                134.5912419,
                7.3779798
              ],
              [
                134.5914028,
                7.3777351
              ],
              [
                134.5915852,
                7.3774797
              ],
              [
                134.5917247,
                7.3771712
              ],
              [
                134.5920466,
                7.3768307
              ],
              [
                134.5924006,
                7.3763519
              ],
              [
                134.5925508,
                7.3759795
              ],
              [
                134.5926474,
                7.3755539
              ],
              [
                134.5924435,
                7.3751602
              ],
              [
                134.5921646,
                7.374692
              ],
              [
                134.5921431,
                7.3744367
              ],
              [
                134.5919929,
                7.3740855
              ],
              [
                134.5918535,
                7.3738515
              ],
              [
                134.5918535,
                7.3735429
              ],
              [
                134.5918535,
                7.3732024
              ],
              [
                134.5917998,
                7.3727981
              ],
              [
                134.591714,
                7.3725427
              ],
              [
                134.5914994,
                7.3722342
              ],
              [
                134.591435,
                7.3719362
              ],
              [
                134.591435,
                7.3715745
              ],
              [
                134.5916925,
                7.3711063
              ],
              [
                134.5916925,
                7.3708084
              ],
              [
                134.5916925,
                7.3704679
              ],
              [
                134.5918749,
                7.3702976
              ],
              [
                134.5920573,
                7.3701593
              ],
              [
                134.592068,
                7.3699572
              ],
              [
                134.5920358,
                7.3694677
              ],
              [
                134.5921753,
                7.3691804
              ],
              [
                134.5922612,
                7.3689357
              ],
              [
                134.5922612,
                7.3686059
              ],
              [
                134.5922826,
                7.3682866
              ],
              [
                134.5925508,
                7.3682547
              ],
              [
                134.5928083,
                7.3682441
              ],
              [
                134.5929907,
                7.3681058
              ],
              [
                134.5932804,
                7.3677653
              ],
              [
                134.5937095,
                7.3671481
              ],
              [
                134.5938705,
                7.3668928
              ],
              [
                134.5938705,
                7.3665736
              ],
              [
                134.5938951,
                7.3664205
              ],
              [
                134.5939465,
                7.3661868
              ],
              [
                134.5939294,
                7.3659786
              ],
              [
                134.5938394,
                7.3657832
              ],
              [
                134.5936423,
                7.3656089
              ],
              [
                134.5933381,
                7.3655665
              ],
              [
                134.5929868,
                7.365558
              ],
              [
                134.5926055,
                7.3654135
              ],
              [
                134.5923313,
                7.3651246
              ],
              [
                134.5920271,
                7.3651246
              ],
              [
                134.5917229,
                7.365133
              ],
              [
                134.5917529,
                7.3652478
              ],
              [
                134.5916286,
                7.365269
              ],
              [
                134.5915344,
                7.3652733
              ],
              [
                134.5916115,
                7.3650736
              ],
              [
                134.5914144,
                7.3649036
              ],
              [
                134.5914144,
                7.3647421
              ],
              [
                134.5913544,
                7.3646657
              ],
              [
                134.5911873,
                7.3646826
              ],
              [
                134.5909388,
                7.3647294
              ],
              [
                134.5906475,
                7.3646019
              ],
              [
                134.5902319,
                7.3644404
              ],
              [
                134.5900477,
                7.3641898
              ],
              [
                134.5899363,
                7.364075
              ],
              [
                134.589722,
                7.3640538
              ],
              [
                134.589435,
                7.3640538
              ],
              [
                134.5892936,
                7.364245
              ],
              [
                134.5890537,
                7.3644362
              ],
              [
                134.5887709,
                7.3645807
              ],
              [
                134.5886252,
                7.3645722
              ],
              [
                134.5883253,
                7.3644192
              ],
              [
                134.5882182,
                7.3644404
              ],
              [
                134.5880983,
                7.3646614
              ],
              [
                134.5878969,
                7.3649971
              ],
              [
                134.5878026,
                7.365252
              ],
              [
                134.5876698,
                7.3653073
              ],
              [
                134.5875884,
                7.3653965
              ],
              [
                134.587567,
                7.365303
              ],
              [
                134.5873528,
                7.3652138
              ],
              [
                134.5872157,
                7.3650396
              ],
              [
                134.5872542,
                7.3647761
              ],
              [
                134.58719,
                7.3645169
              ],
              [
                134.5872328,
                7.3642322
              ],
              [
                134.5873185,
                7.3640155
              ],
              [
                134.5874427,
                7.3639008
              ],
              [
                134.5874556,
                7.3637903
              ],
              [
                134.5873828,
                7.3635991
              ],
              [
                134.5874256,
                7.3631827
              ],
              [
                134.587387,
                7.3628088
              ],
              [
                134.5874342,
                7.3626601
              ],
              [
                134.5875713,
                7.3625326
              ],
              [
                134.5875927,
                7.3622734
              ],
              [
                134.5875541,
                7.3616785
              ],
              [
                134.5876527,
                7.3612451
              ],
              [
                134.5878583,
                7.3608882
              ],
              [
                134.5878455,
                7.3607267
              ],
              [
                134.5875756,
                7.3605143
              ],
              [
                134.5874642,
                7.3603231
              ],
              [
                134.5874856,
                7.3601616
              ],
              [
                134.5876141,
                7.3600384
              ],
              [
                134.5876612,
                7.3599492
              ],
              [
                134.5876355,
                7.3597877
              ],
              [
                134.5873613,
                7.3595837
              ],
              [
                134.5870957,
                7.3594478
              ],
              [
                134.5867958,
                7.3595582
              ],
              [
                134.586573,
                7.3595752
              ],
              [
                134.5862731,
                7.3595497
              ],
              [
                134.5859218,
                7.3595497
              ],
              [
                134.5856047,
                7.3596177
              ],
              [
                134.5853477,
                7.3596517
              ],
              [
                134.585082,
                7.3595922
              ],
              [
                134.5847724,
                7.3593918
              ],
              [
                134.5843111,
                7.3592322
              ],
              [
                134.5838927,
                7.3589769
              ],
              [
                134.5834635,
                7.3588279
              ],
              [
                134.5832275,
                7.3588173
              ],
              [
                134.5828627,
                7.3586896
              ],
              [
                134.5823692,
                7.3588598
              ],
              [
                134.5819186,
                7.3590726
              ],
              [
                134.5816933,
                7.3591471
              ],
              [
                134.5813714,
                7.3591152
              ],
              [
                134.5809851,
                7.3590301
              ],
              [
                134.580556,
                7.3590726
              ],
              [
                134.5805345,
                7.3589343
              ],
              [
                134.5800088,
                7.358913
              ],
              [
                134.5798479,
                7.3588598
              ],
              [
                134.5794617,
                7.3588811
              ],
              [
                134.5790969,
                7.3588066
              ],
              [
                134.5786355,
                7.3589982
              ],
              [
                134.5783995,
                7.3590407
              ],
              [
                134.5782278,
                7.3588917
              ],
              [
                134.5779703,
                7.3590407
              ],
              [
                134.5777129,
                7.3590939
              ],
              [
                134.5774232,
                7.3591578
              ],
              [
                134.5769618,
                7.359211
              ],
              [
                134.576758,
                7.3592003
              ],
              [
                134.5764039,
                7.3593174
              ],
              [
                134.5759855,
                7.3595089
              ],
              [
                134.5756958,
                7.3596579
              ],
              [
                134.5754491,
                7.35986
              ],
              [
                134.5751916,
                7.3602537
              ],
              [
                134.575095,
                7.36069
              ],
              [
                134.5750628,
                7.3608815
              ],
              [
                134.5749555,
                7.361073
              ],
              [
                134.5748268,
                7.3616902
              ],
              [
                134.5748697,
                7.3621796
              ],
              [
                134.5749126,
                7.3625834
              ],
              [
                134.5751379,
                7.3627111
              ],
              [
                134.5753418,
                7.362743
              ],
              [
                134.5754062,
                7.3630835
              ],
              [
                134.5754062,
                7.3634347
              ],
              [
                134.575213,
                7.3636794
              ],
              [
                134.5751808,
                7.3638177
              ],
              [
                134.5756315,
                7.3644029
              ],
              [
                134.5756958,
                7.3646583
              ],
              [
                134.5757709,
                7.3647966
              ],
              [
                134.5759748,
                7.3649882
              ],
              [
                134.5760392,
                7.3651903
              ],
              [
                134.5762966,
                7.3655947
              ],
              [
                134.5765434,
                7.3658287
              ],
              [
                134.5767043,
                7.3659351
              ],
              [
                134.5769296,
                7.3662012
              ],
              [
                134.5770477,
                7.3663714
              ],
              [
                134.5772,
                7.3665064
              ],
              [
                134.5770369,
                7.3664672
              ],
              [
                134.5768331,
                7.3664672
              ],
              [
                134.57664,
                7.3666693
              ],
              [
                134.576522,
                7.3669885
              ],
              [
                134.5763503,
                7.3673184
              ],
              [
                134.5763074,
                7.3676482
              ],
              [
                134.5762859,
                7.3679249
              ],
              [
                134.5761202,
                7.3685747
              ],
              [
                134.5760666,
                7.3686055
              ],
              [
                134.5755585,
                7.3688973
              ],
              [
                134.5753346,
                7.3693518
              ],
              [
                134.574649,
                7.3693631
              ],
              [
                134.5740007,
                7.369638
              ],
              [
                134.5736653,
                7.370087
              ],
              [
                134.5732333,
                7.3701264
              ],
              [
                134.5727669,
                7.3702551
              ],
              [
                134.5720588,
                7.3703721
              ],
              [
                134.5716189,
                7.3703508
              ],
              [
                134.5714005,
                7.3702976
              ],
              [
                134.5711851,
                7.3701156
              ],
              [
                134.5710452,
                7.3699975
              ],
              [
                134.5707019,
                7.3697847
              ],
              [
                134.5703586,
                7.3696357
              ],
              [
                134.5700367,
                7.3695612
              ],
              [
                134.5697578,
                7.3695825
              ],
              [
                134.569629,
                7.3696996
              ],
              [
                134.5695647,
                7.3697847
              ],
              [
                134.5693715,
                7.3698272
              ],
              [
                134.5691355,
                7.3698166
              ],
              [
                134.5691784,
                7.3697528
              ],
              [
                134.5690497,
                7.3696889
              ],
              [
                134.5688565,
                7.3696144
              ],
              [
                134.5687707,
                7.3696676
              ],
              [
                134.5686742,
                7.3696038
              ],
              [
                134.5685883,
                7.3696464
              ],
              [
                134.5685669,
                7.3695612
              ],
              [
                134.5684489,
                7.3695187
              ],
              [
                134.5683738,
                7.3696038
              ],
              [
                134.5683201,
                7.36954
              ],
              [
                134.5682343,
                7.3695293
              ],
              [
                134.5681806,
                7.369391
              ],
              [
                134.5679768,
                7.3692739
              ],
              [
                134.5677193,
                7.3691463
              ],
              [
                134.5675262,
                7.3690718
              ],
              [
                134.5672687,
                7.3689654
              ],
              [
                134.567097,
                7.3689441
              ],
              [
                134.5667644,
                7.368976
              ],
              [
                134.5665928,
                7.3690292
              ],
              [
                134.5664533,
                7.3690505
              ],
              [
                134.5662494,
                7.3690824
              ],
              [
                134.5660563,
                7.3691463
              ],
              [
                134.5659276,
                7.369242
              ],
              [
                134.5658739,
                7.369391
              ],
              [
                134.5658525,
                7.3696996
              ],
              [
                134.5658632,
                7.3699868
              ],
              [
                134.565713,
                7.3704869
              ],
              [
                134.5655437,
                7.3705896
              ],
              [
                134.5655092,
                7.3704444
              ],
              [
                134.5655521,
                7.370189
              ],
              [
                134.5654877,
                7.3700507
              ],
              [
                134.5653482,
                7.3698485
              ],
              [
                134.5651551,
                7.3697102
              ],
              [
                134.5650585,
                7.3695719
              ],
              [
                134.5648762,
                7.3694016
              ],
              [
                134.5646401,
                7.369242
              ],
              [
                134.5644148,
                7.3691037
              ],
              [
                134.5642646,
                7.368976
              ],
              [
                134.5640178,
                7.3689015
              ],
              [
                134.5638078,
                7.368909
              ],
              [
                134.5637461,
                7.3688052
              ],
              [
                134.5640278,
                7.368768
              ],
              [
                134.5639795,
                7.3687254
              ],
              [
                134.5641324,
                7.3685898
              ],
              [
                134.5642726,
                7.3683749
              ],
              [
                134.5642498,
                7.368295
              ],
              [
                134.5642879,
                7.3681721
              ],
              [
                134.5641941,
                7.3680205
              ],
              [
                134.5638937,
                7.3679194
              ],
              [
                134.5636684,
                7.3678769
              ],
              [
                134.5635342,
                7.3679966
              ],
              [
                134.5635477,
                7.3678529
              ],
              [
                134.563427,
                7.3677279
              ],
              [
                134.5632829,
                7.3677603
              ],
              [
                134.5633465,
                7.3680764
              ],
              [
                134.5634532,
                7.3682126
              ],
              [
                134.5632789,
                7.3684134
              ],
              [
                134.5632132,
                7.368327
              ],
              [
                134.5633205,
                7.3682525
              ],
              [
                134.5633097,
                7.3681142
              ],
              [
                134.5631703,
                7.3679971
              ],
              [
                134.5630522,
                7.3679971
              ],
              [
                134.5629235,
                7.3681142
              ],
              [
                134.5627518,
                7.3677311
              ],
              [
                134.562548,
                7.3675928
              ],
              [
                134.5623656,
                7.3674545
              ],
              [
                134.5621939,
                7.3672629
              ],
              [
                134.5621725,
                7.3670501
              ],
              [
                134.5621296,
                7.3669437
              ],
              [
                134.5620223,
                7.366848
              ],
              [
                134.5619472,
                7.366316
              ],
              [
                134.5618184,
                7.3661883
              ],
              [
                134.5617755,
                7.3661032
              ],
              [
                134.5618077,
                7.3659542
              ],
              [
                134.5618399,
                7.3655924
              ],
              [
                134.5617433,
                7.3652306
              ],
              [
                134.5616468,
                7.3649008
              ],
              [
                134.5615073,
                7.3645497
              ],
              [
                134.5613571,
                7.3642517
              ],
              [
                134.5611318,
                7.3639432
              ],
              [
                134.560885,
                7.3638155
              ],
              [
                134.5607563,
                7.3637091
              ],
              [
                134.5606812,
                7.3635708
              ],
              [
                134.560767,
                7.3635388
              ],
              [
                134.5609279,
                7.3635069
              ],
              [
                134.5611103,
                7.3634431
              ],
              [
                134.5610889,
                7.3632728
              ],
              [
                134.5610567,
                7.3631771
              ],
              [
                134.5611532,
                7.36306
              ],
              [
                134.5612498,
                7.3631877
              ],
              [
                134.5614659,
                7.3632939
              ],
              [
                134.5622905,
                7.3634112
              ],
              [
                134.562548,
                7.3633579
              ],
              [
                134.5627411,
                7.3632196
              ],
              [
                134.5626982,
                7.3630494
              ],
              [
                134.5627135,
                7.3629514
              ],
              [
                134.562902,
                7.3630175
              ],
              [
                134.5630308,
                7.3630175
              ],
              [
                134.5634707,
                7.3628685
              ],
              [
                134.5639106,
                7.3624961
              ],
              [
                134.5642002,
                7.3619109
              ],
              [
                134.5643612,
                7.361315
              ],
              [
                134.5642954,
                7.3609455
              ],
              [
                134.5642646,
                7.3607723
              ],
              [
                134.5641037,
                7.3603999
              ],
              [
                134.5640216,
                7.3603145
              ],
              [
                134.5637328,
                7.3600145
              ],
              [
                134.5636531,
                7.3599317
              ],
              [
                134.5632668,
                7.3595487
              ],
              [
                134.5631059,
                7.3592082
              ],
              [
                134.5628377,
                7.3591124
              ],
              [
                134.5619946,
                7.358544
              ],
              [
                134.561883,
                7.3584811
              ],
              [
                134.5617566,
                7.3584317
              ],
              [
                134.5612534,
                7.3583746
              ],
              [
                134.5611647,
                7.3589458
              ],
              [
                134.5610733,
                7.3589574
              ],
              [
                134.5610252,
                7.3591023
              ],
              [
                134.560967,
                7.3590957
              ],
              [
                134.5610866,
                7.3584319
              ],
              [
                134.5611713,
                7.3583495
              ],
              [
                134.5612088,
                7.3581348
              ],
              [
                134.5611051,
                7.3579257
              ],
              [
                134.5610455,
                7.3578435
              ],
              [
                134.5609011,
                7.3576445
              ],
              [
                134.5604344,
                7.3572022
              ],
              [
                134.5598681,
                7.3566727
              ],
              [
                134.5594524,
                7.3562841
              ],
              [
                134.5591594,
                7.3557457
              ],
              [
                134.5591199,
                7.3556731
              ],
              [
                134.5591981,
                7.3548488
              ],
              [
                134.559384,
                7.3544592
              ],
              [
                134.5593792,
                7.3540431
              ],
              [
                134.5593259,
                7.3537308
              ],
              [
                134.559163,
                7.3533973
              ],
              [
                134.558353,
                7.3526535
              ],
              [
                134.5580174,
                7.3523217
              ],
              [
                134.5576687,
                7.3523206
              ],
              [
                134.5574151,
                7.3524455
              ],
              [
                134.557061,
                7.3524342
              ],
              [
                134.5563687,
                7.3526412
              ],
              [
                134.5554868,
                7.3525133
              ],
              [
                134.5535267,
                7.3528327
              ],
              [
                134.5531624,
                7.3528562
              ],
              [
                134.552319,
                7.3529071
              ],
              [
                134.5518077,
                7.3531979
              ],
              [
                134.5515639,
                7.3531976
              ],
              [
                134.551282,
                7.3532529
              ],
              [
                134.5511267,
                7.3529784
              ],
              [
                134.5509229,
                7.3529186
              ],
              [
                134.5502411,
                7.3528316
              ],
              [
                134.5500764,
                7.3528273
              ],
              [
                134.5496642,
                7.3526376
              ],
              [
                134.5488629,
                7.3524201
              ],
              [
                134.5484925,
                7.3524501
              ],
              [
                134.5484123,
                7.3526361
              ],
              [
                134.5483066,
                7.3525286
              ],
              [
                134.5481806,
                7.3522312
              ],
              [
                134.5471699,
                7.3517478
              ],
              [
                134.5471613,
                7.3516742
              ],
              [
                134.5469422,
                7.35151
              ],
              [
                134.5469669,
                7.3513581
              ],
              [
                134.5468215,
                7.3508434
              ],
              [
                134.5465486,
                7.3507092
              ],
              [
                134.5463505,
                7.3504332
              ],
              [
                134.5459884,
                7.3502733
              ],
              [
                134.5449013,
                7.3500892
              ],
              [
                134.5440374,
                7.349836
              ],
              [
                134.543303,
                7.3497939
              ],
              [
                134.5425844,
                7.3498849
              ],
              [
                134.5418254,
                7.3501682
              ],
              [
                134.541081,
                7.350543
              ],
              [
                134.5406449,
                7.3508567
              ],
              [
                134.5402174,
                7.3511041
              ],
              [
                134.5399314,
                7.3515438
              ],
              [
                134.5395578,
                7.3517079
              ],
              [
                134.539115,
                7.3518303
              ],
              [
                134.5389012,
                7.3518404
              ],
              [
                134.5386035,
                7.3520804
              ],
              [
                134.5382876,
                7.3521646
              ],
              [
                134.5377159,
                7.3522708
              ],
              [
                134.5376829,
                7.3521144
              ],
              [
                134.5370043,
                7.3522636
              ],
              [
                134.5365438,
                7.352124
              ],
              [
                134.5356193,
                7.3520673
              ],
              [
                134.5351174,
                7.3521156
              ],
              [
                134.535,
                7.352126847412588
              ],
              [
                134.535,
                7.385
              ],
              [
                134.58861050067964,
                7.385
              ],
              [
                134.5888151,
                7.384417
              ]
            ]
          ]
        ]
      }
    },
    {
      "type": "Feature",
      "properties": {
        "osm_id": "11598229",
        "name": "Ngerduais",
        "semanticRole": "island",
        "natural": null,
        "reef": null,
        "wetland": null,
        "tidal": null,
        "place": "island",
        "sourceLayer": "multipolygons"
      },
      "geometry": {
        "type": "Polygon",
        "coordinates": [
          [
            [
              134.5949326,
              7.3672226
            ],
            [
              134.595233,
              7.367063
            ],
            [
              134.5954262,
              7.366797
            ],
            [
              134.5952652,
              7.366414
            ],
            [
              134.5951472,
              7.3662118
            ],
            [
              134.5952009,
              7.3659032
            ],
            [
              134.5951687,
              7.3654776
            ],
            [
              134.5951043,
              7.365052
            ],
            [
              134.5947717,
              7.3648286
            ],
            [
              134.5947395,
              7.3646689
            ],
            [
              134.5948361,
              7.3643817
            ],
            [
              134.595276,
              7.3640305
            ],
            [
              134.5953403,
              7.3637113
            ],
            [
              134.595512,
              7.3630197
            ],
            [
              134.5954154,
              7.3624983
            ],
            [
              134.5951794,
              7.362052
            ],
            [
              134.5947073,
              7.3614455
            ],
            [
              134.5941387,
              7.3607857
            ],
            [
              134.5935187,
              7.3606433
            ],
            [
              134.5933448,
              7.3600622
            ],
            [
              134.5927585,
              7.359906
            ],
            [
              134.5926474,
              7.3595408
            ],
            [
              134.5923899,
              7.3593918
            ],
            [
              134.5920251,
              7.3593918
            ],
            [
              134.5915852,
              7.3594025
            ],
            [
              134.5913063,
              7.3593067
            ],
            [
              134.5910381,
              7.3592748
            ],
            [
              134.5908771,
              7.3593493
            ],
            [
              134.5905767,
              7.3591365
            ],
            [
              134.59033,
              7.3590726
            ],
            [
              134.5900939,
              7.3588066
            ],
            [
              134.5897291,
              7.3587428
            ],
            [
              134.5894502,
              7.3587002
            ],
            [
              134.5889996,
              7.3587109
            ],
            [
              134.5886348,
              7.3588492
            ],
            [
              134.588388,
              7.3587109
            ],
            [
              134.5882378,
              7.3586896
            ],
            [
              134.5879482,
              7.3586257
            ],
            [
              134.5879052,
              7.3583704
            ],
            [
              134.5876585,
              7.3582001
            ],
            [
              134.5877121,
              7.3579128
            ],
            [
              134.5877443,
              7.3576681
            ],
            [
              134.5878731,
              7.357434
            ],
            [
              134.5883022,
              7.3573595
            ],
            [
              134.588388,
              7.3569977
            ],
            [
              134.5883129,
              7.3568701
            ],
            [
              134.5882915,
              7.3565828
            ],
            [
              134.5883022,
              7.3562635
            ],
            [
              134.5882808,
              7.3559124
            ],
            [
              134.5882808,
              7.355657
            ],
            [
              134.5884095,
              7.3553485
            ],
            [
              134.5884631,
              7.3550292
            ],
            [
              134.5883344,
              7.3547951
            ],
            [
              134.5881584,
              7.3546626
            ],
            [
              134.5882277,
              7.3541866
            ],
            [
              134.5878707,
              7.3538538
            ],
            [
              134.5878411,
              7.3536057
            ],
            [
              134.587665,
              7.3531739
            ],
            [
              134.5879019,
              7.3528579
            ],
            [
              134.5873859,
              7.3523417
            ],
            [
              134.5873861,
              7.3520839
            ],
            [
              134.5873223,
              7.3518226
            ],
            [
              134.5875346,
              7.3514554
            ],
            [
              134.5873953,
              7.3511828
            ],
            [
              134.5871291,
              7.3507947
            ],
            [
              134.5867426,
              7.3504071
            ],
            [
              134.5859679,
              7.3504065
            ],
            [
              134.5857093,
              7.3506639
            ],
            [
              134.5854511,
              7.3506638
            ],
            [
              134.584677,
              7.3501474
            ],
            [
              134.5841604,
              7.350147
            ],
            [
              134.5836439,
              7.3504043
            ],
            [
              134.5827388,
              7.3513062
            ],
            [
              134.5827382,
              7.3518218
            ],
            [
              134.5826352,
              7.3520521
            ],
            [
              134.5821895,
              7.3521031
            ],
            [
              134.5815349,
              7.3520258
            ],
            [
              134.5804148,
              7.3513041
            ],
            [
              134.5803746,
              7.3506184
            ],
            [
              134.5805451,
              7.3505307
            ],
            [
              134.5804162,
              7.3497573
            ],
            [
              134.5800299,
              7.3491119
            ],
            [
              134.5795137,
              7.3488537
            ],
            [
              134.5792555,
              7.3488533
            ],
            [
              134.5770591,
              7.3500119
            ],
            [
              134.5769299,
              7.3505273
            ],
            [
              134.575897,
              7.3506549
            ],
            [
              134.5749921,
              7.351299
            ],
            [
              134.5749316,
              7.3516444
            ],
            [
              134.5751729,
              7.3518996
            ],
            [
              134.5759026,
              7.3518352
            ],
            [
              134.576074,
              7.3524471
            ],
            [
              134.576571,
              7.3523876
            ],
            [
              134.5766738,
              7.352957
            ],
            [
              134.5767681,
              7.3535603
            ],
            [
              134.5759026,
              7.3535264
            ],
            [
              134.5755105,
              7.3536007
            ],
            [
              134.575112,
              7.3539772
            ],
            [
              134.5749039,
              7.3542562
            ],
            [
              134.5748161,
              7.3546887
            ],
            [
              134.5750092,
              7.3551037
            ],
            [
              134.5751177,
              7.3554239
            ],
            [
              134.5753757,
              7.3555526
            ],
            [
              134.5764086,
              7.3556828
            ],
            [
              134.5769238,
              7.3569724
            ],
            [
              134.5774404,
              7.3569728
            ],
            [
              134.5776989,
              7.3564575
            ],
            [
              134.577788,
              7.3563593
            ],
            [
              134.5780669,
              7.3562635
            ],
            [
              134.5784317,
              7.3562529
            ],
            [
              134.5789896,
              7.3561252
            ],
            [
              134.5794509,
              7.3560827
            ],
            [
              134.5797513,
              7.3562103
            ],
            [
              134.5800625,
              7.3562103
            ],
            [
              134.5802449,
              7.3560614
            ],
            [
              134.5805667,
              7.3560827
            ],
            [
              134.5808349,
              7.3560827
            ],
            [
              134.5813714,
              7.3561359
            ],
            [
              134.5817898,
              7.3563487
            ],
            [
              134.5821868,
              7.356753
            ],
            [
              134.5826588,
              7.3570084
            ],
            [
              134.5830129,
              7.3571041
            ],
            [
              134.5830129,
              7.3573489
            ],
            [
              134.5831738,
              7.3574234
            ],
            [
              134.5834099,
              7.3575404
            ],
            [
              134.5834099,
              7.3577319
            ],
            [
              134.5835279,
              7.357849
            ],
            [
              134.5836566,
              7.3581895
            ],
            [
              134.5837961,
              7.3584129
            ],
            [
              134.5839785,
              7.3586045
            ],
            [
              134.5841072,
              7.3588705
            ],
            [
              134.5841823,
              7.3590301
            ],
            [
              134.5843325,
              7.3591365
            ],
            [
              134.5848153,
              7.3593067
            ],
            [
              134.5848531,
              7.359362
            ],
            [
              134.5850954,
              7.3595092
            ],
            [
              134.585359,
              7.3595663
            ],
            [
              134.5855923,
              7.3595633
            ],
            [
              134.5858286,
              7.3594491
            ],
            [
              134.5859286,
              7.3593019
            ],
            [
              134.5859498,
              7.3594311
            ],
            [
              134.5861649,
              7.3594882
            ],
            [
              134.5864709,
              7.3595273
            ],
            [
              134.5866799,
              7.3595212
            ],
            [
              134.5868132,
              7.3594942
            ],
            [
              134.5869738,
              7.3594041
            ],
            [
              134.5870647,
              7.359377
            ],
            [
              134.5872767,
              7.3594371
            ],
            [
              134.58751,
              7.3595573
            ],
            [
              134.5877099,
              7.3596925
            ],
            [
              134.5877524,
              7.3598698
            ],
            [
              134.5877221,
              7.360017
            ],
            [
              134.5876009,
              7.3601642
            ],
            [
              134.5875554,
              7.3603024
            ],
            [
              134.5876342,
              7.3604497
            ],
            [
              134.5877948,
              7.3605548
            ],
            [
              134.587925,
              7.360645
            ],
            [
              134.5879523,
              7.3608192
            ],
            [
              134.587822,
              7.3610626
            ],
            [
              134.5876766,
              7.361312
            ],
            [
              134.5876312,
              7.3616365
            ],
            [
              134.5876221,
              7.3618768
            ],
            [
              134.5876312,
              7.3623816
            ],
            [
              134.5876312,
              7.3625138
            ],
            [
              134.5875827,
              7.3626069
            ],
            [
              134.5874676,
              7.3627061
            ],
            [
              134.5874403,
              7.3628473
            ],
            [
              134.5874797,
              7.3631628
            ],
            [
              134.5874403,
              7.3634272
            ],
            [
              134.5874403,
              7.3636225
            ],
            [
              134.5875312,
              7.3637968
            ],
            [
              134.5874948,
              7.3639139
            ],
            [
              134.5873767,
              7.3640371
            ],
            [
              134.5872858,
              7.3642474
            ],
            [
              134.5872434,
              7.3645148
            ],
            [
              134.587304,
              7.3647522
            ],
            [
              134.5872858,
              7.3649205
            ],
            [
              134.5872888,
              7.3650436
            ],
            [
              134.5873615,
              7.3651488
            ],
            [
              134.5875498,
              7.3652308
            ],
            [
              134.5876612,
              7.3652478
            ],
            [
              134.5877769,
              7.3651883
            ],
            [
              134.5879012,
              7.3648696
            ],
            [
              134.588064,
              7.3646062
            ],
            [
              134.5881068,
              7.3644702
            ],
            [
              134.5881582,
              7.3643597
            ],
            [
              134.5882911,
              7.3643215
            ],
            [
              134.5884753,
              7.3644362
            ],
            [
              134.5886766,
              7.3645127
            ],
            [
              134.5888309,
              7.3644829
            ],
            [
              134.589088,
              7.3643342
            ],
            [
              134.5892508,
              7.3641388
            ],
            [
              134.5894007,
              7.3639858
            ],
            [
              134.5897735,
              7.3640028
            ],
            [
              134.5899577,
              7.3640113
            ],
            [
              134.5901505,
              7.3641855
            ],
            [
              134.5903347,
              7.364398
            ],
            [
              134.5906989,
              7.3645127
            ],
            [
              134.5909645,
              7.3646062
            ],
            [
              134.5912816,
              7.3645297
            ],
            [
              134.5915515,
              7.3646147
            ],
            [
              134.5916843,
              7.3648739
            ],
            [
              134.5918857,
              7.3650353
            ],
            [
              134.5923998,
              7.3650311
            ],
            [
              134.5926097,
              7.365133
            ],
            [
              134.5927297,
              7.3653455
            ],
            [
              134.5929011,
              7.3654772
            ],
            [
              134.5931282,
              7.365507
            ],
            [
              134.593351,
              7.3654815
            ],
            [
              134.5934409,
              7.3654007
            ],
            [
              134.5934581,
              7.365201
            ],
            [
              134.5934281,
              7.3650948
            ],
            [
              134.5935266,
              7.3650778
            ],
            [
              134.5935052,
              7.365218
            ],
            [
              134.5935138,
              7.3653583
            ],
            [
              134.5935395,
              7.365456
            ],
            [
              134.5936209,
              7.3654985
            ],
            [
              134.5938565,
              7.3656217
            ],
            [
              134.5940707,
              7.3658979
            ],
            [
              134.5940922,
              7.3662123
            ],
            [
              134.5940665,
              7.3664375
            ],
            [
              134.5941065,
              7.3665948
            ],
            [
              134.5941923,
              7.3667757
            ],
            [
              134.5943383,
              7.3668415
            ],
            [
              134.5944701,
              7.3667796
            ],
            [
              134.5946178,
              7.3666
            ],
            [
              134.5947656,
              7.3663642
            ],
            [
              134.5947613,
              7.3662494
            ],
            [
              134.5949327,
              7.3662133
            ],
            [
              134.5948213,
              7.366345
            ],
            [
              134.5946371,
              7.3666467
            ],
            [
              134.5945357,
              7.3669034
            ],
            [
              134.5945357,
              7.3670524
            ],
            [
              134.5946859,
              7.3673077
            ],
            [
              134.5949326,
              7.3672226
            ]
          ]
        ]
      }
    },
    {
      "type": "Feature",
      "properties": {
        "osm_id": "13873086",
        "name": "Garreru",
        "semanticRole": "island",
        "natural": null,
        "reef": null,
        "wetland": null,
        "tidal": null,
        "place": "island",
        "sourceLayer": "multipolygons"
      },
      "geometry": {
        "type": "Polygon",
        "coordinates": [
          [
            [
              134.5351098,
              7.3388851
            ],
            [
              134.535,
              7.339049014197294
            ],
            [
              134.535,
              7.345981732655302
            ],
            [
              134.5350211,
              7.345953
            ],
            [
              134.5351034,
              7.345637
            ],
            [
              134.5355137,
              7.3451388
            ],
            [
              134.5354611,
              7.3449898
            ],
            [
              134.5355359,
              7.3449188
            ],
            [
              134.5357661,
              7.3448541
            ],
            [
              134.536073,
              7.3444384
            ],
            [
              134.5360707,
              7.3441048
            ],
            [
              134.535943,
              7.3439066
            ],
            [
              134.535921,
              7.3434666
            ],
            [
              134.5357488,
              7.3432714
            ],
            [
              134.5357563,
              7.3430415
            ],
            [
              134.5359157,
              7.3429933
            ],
            [
              134.536252,
              7.3428972
            ],
            [
              134.5365288,
              7.3422835
            ],
            [
              134.5365499,
              7.3419275
            ],
            [
              134.5366821,
              7.3413407
            ],
            [
              134.5368357,
              7.34069
            ],
            [
              134.5370094,
              7.3396109
            ],
            [
              134.5375142,
              7.3388449
            ],
            [
              134.5378073,
              7.3385068
            ],
            [
              134.5379468,
              7.3379218
            ],
            [
              134.5381507,
              7.3374346
            ],
            [
              134.5387488,
              7.3366804
            ],
            [
              134.5392558,
              7.3362011
            ],
            [
              134.539442,
              7.3358025
            ],
            [
              134.5400361,
              7.3355997
            ],
            [
              134.5412758,
              7.3353699
            ],
            [
              134.5424071,
              7.3351267
            ],
            [
              134.5429355,
              7.3349153
            ],
            [
              134.5437375,
              7.3352254
            ],
            [
              134.5443141,
              7.3350351
            ],
            [
              134.5445877,
              7.3348702
            ],
            [
              134.5448345,
              7.3346786
            ],
            [
              134.5452851,
              7.3347691
            ],
            [
              134.545701,
              7.3346418
            ],
            [
              134.5459167,
              7.3342884
            ],
            [
              134.5467343,
              7.3342567
            ],
            [
              134.5466691,
              7.3338592
            ],
            [
              134.5468622,
              7.3335347
            ],
            [
              134.5467656,
              7.3331782
            ],
            [
              134.5469534,
              7.3328963
            ],
            [
              134.5472377,
              7.3326302
            ],
            [
              134.5473814,
              7.3321949
            ],
            [
              134.547522,
              7.3319479
            ],
            [
              134.5476091,
              7.3314647
            ],
            [
              134.5473854,
              7.3314456
            ],
            [
              134.5473613,
              7.3313351
            ],
            [
              134.5474316,
              7.3312356
            ],
            [
              134.5473785,
              7.3311858
            ],
            [
              134.5470638,
              7.3314251
            ],
            [
              134.5467901,
              7.3313882
            ],
            [
              134.5465138,
              7.331556
            ],
            [
              134.5463226,
              7.3317369
            ],
            [
              134.5463448,
              7.3315216
            ],
            [
              134.5462564,
              7.3313475
            ],
            [
              134.5464791,
              7.3311627
            ],
            [
              134.5464824,
              7.3309546
            ],
            [
              134.5467486,
              7.3306794
            ],
            [
              134.5469962,
              7.3305182
            ],
            [
              134.5476148,
              7.3304304
            ],
            [
              134.5476202,
              7.3301194
            ],
            [
              134.5476347,
              7.3297504
            ],
            [
              134.5477098,
              7.3295802
            ],
            [
              134.5476688,
              7.3294704
            ],
            [
              134.5474496,
              7.3294951
            ],
            [
              134.5473009,
              7.3295111
            ],
            [
              134.5471385,
              7.3295111
            ],
            [
              134.547046,
              7.3295988
            ],
            [
              134.5469977,
              7.3296946
            ],
            [
              134.54694,
              7.3296959
            ],
            [
              134.5468461,
              7.3296667
            ],
            [
              134.5467885,
              7.3296215
            ],
            [
              134.5467348,
              7.329629
            ],
            [
              134.5466477,
              7.3296214
            ],
            [
              134.5465699,
              7.3296826
            ],
            [
              134.5464344,
              7.3297598
            ],
            [
              134.546362,
              7.3298622
            ],
            [
              134.5462212,
              7.3299686
            ],
            [
              134.5461501,
              7.3299407
            ],
            [
              134.546122,
              7.3298901
            ],
            [
              134.5459892,
              7.3297824
            ],
            [
              134.5458614,
              7.3297464
            ],
            [
              134.5457974,
              7.3297066
            ],
            [
              134.5456512,
              7.3297026
            ],
            [
              134.5455265,
              7.3296707
            ],
            [
              134.545447,
              7.3296532
            ],
            [
              134.5453334,
              7.3295496
            ],
            [
              134.5453347,
              7.3294272
            ],
            [
              134.5452669,
              7.3293694
            ],
            [
              134.5450169,
              7.3292198
            ],
            [
              134.5447487,
              7.3291452
            ],
            [
              134.5443302,
              7.3291293
            ],
            [
              134.5442176,
              7.3289218
            ],
            [
              134.5440674,
              7.3288686
            ],
            [
              134.5438997,
              7.3287106
            ],
            [
              134.5437003,
              7.3287582
            ],
            [
              134.5435116,
              7.3288395
            ],
            [
              134.5434022,
              7.3294751
            ],
            [
              134.5428537,
              7.3298373
            ],
            [
              134.5424039,
              7.3297888
            ],
            [
              134.5419894,
              7.3299988
            ],
            [
              134.5420828,
              7.3302977
            ],
            [
              134.5417339,
              7.3303478
            ],
            [
              134.5414656,
              7.3306324
            ],
            [
              134.5409614,
              7.3307468
            ],
            [
              134.5408019,
              7.3307504
            ],
            [
              134.5406697,
              7.3308736
            ],
            [
              134.5404625,
              7.3307521
            ],
            [
              134.5401514,
              7.3308266
            ],
            [
              134.5392497,
              7.3307683
            ],
            [
              134.5386493,
              7.3305792
            ],
            [
              134.5383891,
              7.3304435
            ],
            [
              134.5383033,
              7.3304861
            ],
            [
              134.5382228,
              7.3307122
            ],
            [
              134.5381156,
              7.330776
            ],
            [
              134.5379573,
              7.3307388
            ],
            [
              134.5377588,
              7.3306084
            ],
            [
              134.5376381,
              7.3301775
            ],
            [
              134.5376462,
              7.3300178
            ],
            [
              134.5377937,
              7.3296268
            ],
            [
              134.5379841,
              7.3294166
            ],
            [
              134.5380324,
              7.3293102
            ],
            [
              134.5377347,
              7.3291293
            ],
            [
              134.5375016,
              7.3290791
            ],
            [
              134.5373324,
              7.3291825
            ],
            [
              134.5372438,
              7.3293262
            ],
            [
              134.5371821,
              7.3295523
            ],
            [
              134.5371795,
              7.329555
            ],
            [
              134.5370588,
              7.3297359
            ],
            [
              134.5369367,
              7.3298208
            ],
            [
              134.5367622,
              7.3300961
            ],
            [
              134.536474,
              7.3302413
            ],
            [
              134.5365036,
              7.3305127
            ],
            [
              134.536281,
              7.330643
            ],
            [
              134.5361763,
              7.3305925
            ],
            [
              134.5362461,
              7.3303105
            ],
            [
              134.5361871,
              7.330236
            ],
            [
              134.5360824,
              7.3301562
            ],
            [
              134.5355782,
              7.3301349
            ],
            [
              134.5355514,
              7.3301986
            ],
            [
              134.5354789,
              7.3301907
            ],
            [
              134.5354333,
              7.3300498
            ],
            [
              134.5354333,
              7.3297917
            ],
            [
              134.5353019,
              7.3292889
            ],
            [
              134.5351758,
              7.3290016
            ],
            [
              134.535259,
              7.3287489
            ],
            [
              134.5354136,
              7.3285284
            ],
            [
              134.5355112,
              7.3284776
            ],
            [
              134.5355916,
              7.328286
            ],
            [
              134.5355674,
              7.3282183
            ],
            [
              134.5355501,
              7.3280628
            ],
            [
              134.5354196,
              7.3279274
            ],
            [
              134.5352939,
              7.3276156
            ],
            [
              134.5353207,
              7.3272352
            ],
            [
              134.5353073,
              7.3270862
            ],
            [
              134.5355272,
              7.3267936
            ],
            [
              134.5356426,
              7.3265861
            ],
            [
              134.5353502,
              7.3265595
            ],
            [
              134.5352241,
              7.3265621
            ],
            [
              134.535,
              7.326578520631437
            ],
            [
              134.535,
              7.333772035419448
            ],
            [
              134.535023,
              7.3338486
            ],
            [
              134.535259,
              7.3342184
            ],
            [
              134.5350417,
              7.3346244
            ],
            [
              134.5350096,
              7.3348356
            ],
            [
              134.5350552,
              7.3348835
            ],
            [
              134.535192,
              7.3349207
            ],
            [
              134.5352992,
              7.3350378
            ],
            [
              134.5354306,
              7.335224
            ],
            [
              134.5353261,
              7.3352985
            ],
            [
              134.5353019,
              7.335498
            ],
            [
              134.5354007,
              7.3357656
            ],
            [
              134.5355555,
              7.3358192
            ],
            [
              134.5355956,
              7.3359433
            ],
            [
              134.5352843,
              7.3360829
            ],
            [
              134.5353164,
              7.336265
            ],
            [
              134.5354555,
              7.3366291
            ],
            [
              134.5356221,
              7.3367887
            ],
            [
              134.5357134,
              7.3371488
            ],
            [
              134.5354863,
              7.3371223
            ],
            [
              134.5353646,
              7.3369294
            ],
            [
              134.5354821,
              7.3367754
            ],
            [
              134.5353196,
              7.3365144
            ],
            [
              134.5350391,
              7.3364131
            ],
            [
              134.535,
              7.33644504024123
            ],
            [
              134.535,
              7.33878951049456
            ],
            [
              134.5351098,
              7.3388851
            ]
          ]
        ]
      }
    },
    {
      "type": "Feature",
      "properties": {
        "osm_id": "398705621",
        "name": null,
        "semanticRole": "reef",
        "natural": "reef",
        "reef": null,
        "wetland": null,
        "tidal": null,
        "place": null,
        "sourceLayer": "multipolygons"
      },
      "geometry": {
        "type": "Polygon",
        "coordinates": [
          [
            [
              134.5744298,
              7.3219467
            ],
            [
              134.5757038,
              7.3196866
            ],
            [
              134.57230512642928,
              7.315
            ],
            [
              134.56781878579275,
              7.315
            ],
            [
              134.5744298,
              7.3219467
            ]
          ]
        ]
      }
    },
    {
      "type": "Feature",
      "properties": {
        "osm_id": "540069491",
        "name": "Orrak",
        "semanticRole": "beach",
        "natural": "beach",
        "reef": null,
        "wetland": null,
        "tidal": null,
        "place": null,
        "sourceLayer": "multipolygons"
      },
      "geometry": {
        "type": "Polygon",
        "coordinates": [
          [
            [
              134.5645648,
              7.3477324
            ],
            [
              134.5645139,
              7.3478946
            ],
            [
              134.56453,
              7.3479532
            ],
            [
              134.5645621,
              7.3479425
            ],
            [
              134.5647955,
              7.347618
            ],
            [
              134.5648411,
              7.3475275
            ],
            [
              134.564766,
              7.3474477
            ],
            [
              134.5646284,
              7.347549
            ],
            [
              134.5645648,
              7.3477324
            ]
          ]
        ]
      }
    },
    {
      "type": "Feature",
      "properties": {
        "osm_id": "1154114500",
        "name": null,
        "semanticRole": "beach",
        "natural": "beach",
        "reef": null,
        "wetland": null,
        "tidal": null,
        "place": null,
        "sourceLayer": "multipolygons"
      },
      "geometry": {
        "type": "Polygon",
        "coordinates": [
          [
            [
              134.5453913,
              7.329663
            ],
            [
              134.5454457,
              7.3296932
            ],
            [
              134.5455265,
              7.3297305
            ],
            [
              134.5456459,
              7.3297625
            ],
            [
              134.5457183,
              7.3297711
            ],
            [
              134.5458105,
              7.3297652
            ],
            [
              134.5458614,
              7.3297464
            ],
            [
              134.5457974,
              7.3297066
            ],
            [
              134.5456512,
              7.3297026
            ],
            [
              134.5455265,
              7.3296707
            ],
            [
              134.545447,
              7.3296532
            ],
            [
              134.5453334,
              7.3295496
            ],
            [
              134.5453913,
              7.329663
            ]
          ]
        ]
      }
    },
    {
      "type": "Feature",
      "properties": {
        "osm_id": "1248299987",
        "name": null,
        "semanticRole": "mangrove",
        "natural": "wetland",
        "reef": null,
        "wetland": "mangrove",
        "tidal": null,
        "place": null,
        "sourceLayer": "multipolygons"
      },
      "geometry": {
        "type": "Polygon",
        "coordinates": [
          [
            [
              134.5351337,
              7.3528675
            ],
            [
              134.5356701,
              7.3530378
            ],
            [
              134.5360027,
              7.3532346
            ],
            [
              134.5361744,
              7.3534208
            ],
            [
              134.5362763,
              7.3536815
            ],
            [
              134.536507,
              7.3540805
            ],
            [
              134.536802,
              7.354155
            ],
            [
              134.5372526,
              7.3540805
            ],
            [
              134.537671,
              7.3541497
            ],
            [
              134.5380305,
              7.3539369
            ],
            [
              134.5382504,
              7.354038
            ],
            [
              134.5387815,
              7.3543306
            ],
            [
              134.5393555,
              7.3542189
            ],
            [
              134.5405384,
              7.3537981
            ],
            [
              134.5409461,
              7.3537609
            ],
            [
              134.5411714,
              7.3538034
            ],
            [
              134.5416596,
              7.3532342
            ],
            [
              134.5422121,
              7.3530107
            ],
            [
              134.5438292,
              7.3531867
            ],
            [
              134.5459691,
              7.35358
            ],
            [
              134.5470892,
              7.3546594
            ],
            [
              134.5533358,
              7.3560844
            ],
            [
              134.5580585,
              7.3571617
            ],
            [
              134.5592431,
              7.3575432
            ],
            [
              134.5597508,
              7.3568413
            ],
            [
              134.5592123,
              7.3563378
            ],
            [
              134.5588431,
              7.355697
            ],
            [
              134.5588892,
              7.3547052
            ],
            [
              134.55912,
              7.3543848
            ],
            [
              134.5589354,
              7.3537134
            ],
            [
              134.5584739,
              7.3531031
            ],
            [
              134.5579354,
              7.3526148
            ],
            [
              134.5570431,
              7.3526911
            ],
            [
              134.5562738,
              7.3528132
            ],
            [
              134.5553354,
              7.3527369
            ],
            [
              134.5538277,
              7.3529658
            ],
            [
              134.5523354,
              7.3531794
            ],
            [
              134.5515815,
              7.3534388
            ],
            [
              134.5512123,
              7.3534235
            ],
            [
              134.5507046,
              7.3531336
            ],
            [
              134.5499354,
              7.3529963
            ],
            [
              134.5490584,
              7.3526911
            ],
            [
              134.5488123,
              7.3526911
            ],
            [
              134.5485046,
              7.3527827
            ],
            [
              134.5479969,
              7.3525996
            ],
            [
              134.5473661,
              7.3521113
            ],
            [
              134.54672,
              7.3515773
            ],
            [
              134.54652,
              7.3510585
            ],
            [
              134.5461507,
              7.3505397
            ],
            [
              134.5449046,
              7.3502346
            ],
            [
              134.5440277,
              7.350082
            ],
            [
              134.5430892,
              7.3500515
            ],
            [
              134.5424123,
              7.3501277
            ],
            [
              134.5410584,
              7.3507381
            ],
            [
              134.5405815,
              7.3511348
            ],
            [
              134.5401046,
              7.3516536
            ],
            [
              134.5393969,
              7.3520045
            ],
            [
              134.5389363,
              7.3519507
            ],
            [
              134.5385826,
              7.3521402
            ],
            [
              134.5377085,
              7.3523499
            ],
            [
              134.5375825,
              7.3522047
            ],
            [
              134.5370092,
              7.3523257
            ],
            [
              134.5365087,
              7.3521975
            ],
            [
              134.5355695,
              7.3521087
            ],
            [
              134.535,
              7.352178698143626
            ],
            [
              134.535,
              7.35290537454739
            ],
            [
              134.5351337,
              7.3528675
            ]
          ]
        ]
      }
    }
  ]
}
