RCID,PRIM,GRUP,OBJL,RVER,AGEN,FIDN,FIDS,LNAM,LNAM_REFS,FFPT_RIND,EXPSOU,NOBJNM,OBJNAM,QUASOU,SOUACC,TECSOU,VERDAT,STATUS,INFORM,NINFOM,NTXTDS,SCAMAX,SCAMIN,TXTDSC,RECDAT,RECIND,SORDAT,SORIND,DEPTH,_enc_cell,depth_m,_sound_id,CATZOC,QUAL_POSACC,QUAL_SOUACC,QUAL_SUREND,QUAL_SURSTA,QUAL_TECSOU,QUAL_VERDAT,QUAL_INFORM,QUAL_SORDAT,QUAL_SORIND,QUAL_ENC_CELL,zoc_label,quality_model_weight,lon,lat
8841,1,2,129,1,550,-2004046809,19802,0226888CAC274D5A,,,,,,,,,,,,,,,29999,,,,20150206,"US,US,reprt,L-246-2015",12.6,US4TB3P0,12.6,0,3,,,2004,,,,"U.S. Navy LIDAR Survey, Archive No. 04HFM01, Scale 1:5,000-1:10,000",20150206,"US,US,reprt,L-246-2015",US4TB3P0,B,0.72,134.4901276,7.3970165
8841,1,2,129,1,550,-2004046809,19802,0226888CAC274D5A,,,,,,,,,,,,,,,29999,,,,20150206,"US,US,reprt,L-246-2015",27.1,US4TB3P0,27.1,1,3,,,2004,1969,,,"A) U.S. Navy LIDAR Survey, 2004, Archive No. 04HFM01, Scale 1:5,000-1:10,000; B) U.S. Navy Single Beam Survey, 1969, Archive No. 685036, Scale 1:10,000-1:20,000",20150206,"US,US,reprt,L-246-2015",US4TB3P0,B,0.72,134.4902191,7.2809196
8841,1,2,129,1,550,-2004046809,19802,0226888CAC274D5A,,,,,,,,,,,,,,,29999,,,,20150206,"US,US,reprt,L-246-2015",21.0,US4TB3P0,21.0,2,3,,,2004,,,,"U.S. Navy LIDAR Survey, Archive No. 04HFM01, Scale 1:5,000-1:10,000",20150206,"US,US,reprt,L-246-2015",US4TB3P0,B,0.72,134.4902344,7.3264556
8841,1,2,129,1,550,-2004046809,19802,0226888CAC274D5A,,,,,,,,,,,,,,,29999,,,,20150206,"US,US,reprt,L-246-2015",13.8,US4TB3P0,13.8,3,3,,,2004,,,,"U.S. Navy LIDAR Survey, Archive No. 04HFM01, Scale 1:5,000-1:10,000",20150206,"US,US,reprt,L-246-2015",US4TB3P0,B,0.72,134.4903107,7.3749557
8841,1,2,129,1,550,-2004046809,19802,0226888CAC274D5A,,,,,,,,,,,,,,,29999,,,,20150206,"US,US,reprt,L-246-2015",23.5,US4TB3P0,23.5,4,3,,,2004,,,,"U.S. Navy LIDAR Survey, Archive No. 04HFM01, Scale 1:5,000-1:10,000",20150206,"US,US,reprt,L-246-2015",US4TB3P0,B,0.72,134.4903412,7.359097
8841,1,2,129,1,550,-2004046809,19802,0226888CAC274D5A,,,,,,,,,,,,,,,29999,,,,20150206,"US,US,reprt,L-246-2015",23.8,US4TB3P0,23.8,5,3,,,2004,,,,"U.S. Navy LIDAR Survey, Archive No. 04HFM01, Scale 1:5,000-1:10,000",20150206,"US,US,reprt,L-246-2015",US4TB3P0,B,0.72,134.4904022,7.3685193
8841,1,2,129,1,550,-2004046809,19802,0226888CAC274D5A,,,,,,,,,,,,,,,29999,,,,20150206,"US,US,reprt,L-246-2015",11.5,US4TB3P0,11.5,6,3,,,2004,,,,"U.S. Navy LIDAR Survey, Archive No. 04HFM01, Scale 1:5,000-1:10,000",20150206,"US,US,reprt,L-246-2015",US4TB3P0,B,0.72,134.490448,7.3918638
8841,1,2,129,1,550,-2004046809,19802,0226888CAC274D5A,,,,,,,,,,,,,,,29999,,,,20150206,"US,US,reprt,L-246-2015",2.1,US4TB3P0,2.1,7,3,,,2004,,,,"U.S. Navy LIDAR Survey, Archive No. 04HFM01, Scale 1:5,000-1:10,000",20150206,"US,US,reprt,L-246-2015",US4TB3P0,B,0.72,134.4904633,7.3881555
8841,1,2,129,1,550,-2004046809,19802,0226888CAC274D5A,,,,,,,,,,,,,,,29999,,,,20150206,"US,US,reprt,L-246-2015",20.9,US4TB3P0,20.9,8,3,,,2004,,,,"U.S. Navy LIDAR Survey, Archive No. 04HFM01, Scale 1:5,000-1:10,000",20150206,"US,US,reprt,L-246-2015",US4TB3P0,B,0.72,134.4904785,7.3848391
8841,1,2,129,1,550,-2004046809,19802,0226888CAC274D5A,,,,,,,,,,,,,,,29999,,,,20150206,"US,US,reprt,L-246-2015",27.6,US4TB3P0,27.6,9,3,,,2004,1969,,,"A) U.S. Navy LIDAR Survey, 2004, Archive No. 04HFM01, Scale 1:5,000-1:10,000; B) U.S. Navy Single Beam Survey, 1969, Archive No. 685036, Scale 1:10,000-1:20,000",20150206,"US,US,reprt,L-246-2015",US4TB3P0,B,0.72,134.4905243,7.2839055
8841,1,2,129,1,550,-2004046809,19802,0226888CAC274D5A,,,,,,,,,,,,,,,29999,,,,20150206,"US,US,reprt,L-246-2015",14.5,US4TB3P0,14.5,10,3,,,2004,,,,"U.S. Navy LIDAR Survey, Archive No. 04HFM01, Scale 1:5,000-1:10,000",20150206,"US,US,reprt,L-246-2015",US4TB3P0,B,0.72,134.4905396,7.3773723
8841,1,2,129,1,550,-2004046809,19802,0226888CAC274D5A,,,,,,,,,,,,,,,29999,,,,20150206,"US,US,reprt,L-246-2015",15.0,US4TB3P0,15.0,11,3,,,2004,,,,"U.S. Navy LIDAR Survey, Archive No. 04HFM01, Scale 1:5,000-1:10,000",20150206,"US,US,reprt,L-246-2015",US4TB3P0,B,0.72,134.4905853,7.4013944
8841,1,2,129,1,550,-2004046809,19802,0226888CAC274D5A,,,,,,,,,,,,,,,29999,,,,20150206,"US,US,reprt,L-246-2015",9.5,US4TB3P0,9.5,12,3,,,2004,,,,"U.S. Navy LIDAR Survey, Archive No. 04HFM01, Scale 1:5,000-1:10,000",20150206,"US,US,reprt,L-246-2015",US4TB3P0,B,0.72,134.4906921,7.3811193
8841,1,2,129,1,550,-2004046809,19802,0226888CAC274D5A,,,,,,,,,,,,,,,29999,,,,20150206,"US,US,reprt,L-246-2015",24.6,US4TB3P0,24.6,13,3,,,2004,1969,,,"A) U.S. Navy LIDAR Survey, 2004, Archive No. 04HFM01, Scale 1:5,000-1:10,000; B) U.S. Navy Single Beam Survey, 1969, Archive No. 685036, Scale 1:10,000-1:20,000",20150206,"US,US,reprt,L-246-2015",US4TB3P0,B,0.72,134.4907379,7.2779446
8841,1,2,129,1,550,-2004046809,19802,0226888CAC274D5A,,,,,,,,,,,,,,,29999,,,,20150206,"US,US,reprt,L-246-2015",27.2,US4TB3P0,27.2,14,3,,,2004,,,,"U.S. Navy LIDAR Survey, Archive No. 04HFM01, Scale 1:5,000-1:10,000",20150206,"US,US,reprt,L-246-2015",US4TB3P0,B,0.72,134.4907379,7.2901807
8841,1,2,129,1,550,-2004046809,19802,0226888CAC274D5A,,,,,,,,,,,,,,,29999,,,,20150206,"US,US,reprt,L-246-2015",8.2,US4TB3P0,8.2,15,3,,,2004,1969,,,"A) U.S. Navy LIDAR Survey, 2004, Archive No. 04HFM01, Scale 1:5,000-1:10,000; B) U.S. Navy Single Beam Survey, 1969, Archive No. 685036, Scale 1:10,000-1:20,000",20150206,"US,US,reprt,L-246-2015",US4TB3P0,B,0.72,134.4907684,7.2730918
8841,1,2,129,1,550,-2004046809,19802,0226888CAC274D5A,,,,,,,,,,,,,,,29999,,,,20150206,"US,US,reprt,L-246-2015",4.8,US4TB3P0,4.8,16,3,,,2004,,,,"U.S. Navy LIDAR Survey, Archive No. 04HFM01, Scale 1:5,000-1:10,000",20150206,"US,US,reprt,L-246-2015",US4TB3P0,B,0.72,134.490799,7.3802109
8841,1,2,129,1,550,-2004046809,19802,0226888CAC274D5A,,,,,,,,,,,,,,,29999,,,,20150206,"US,US,reprt,L-246-2015",28.7,US4TB3P0,28.7,17,3,,,2004,1969,,,"A) U.S. Navy LIDAR Survey, 2004, Archive No. 04HFM01, Scale 1:5,000-1:10,000; B) U.S. Navy Single Beam Survey, 1969, Archive No. 685036, Scale 1:10,000-1:20,000",20150206,"US,US,reprt,L-246-2015",US4TB3P0,B,0.72,134.4908295,7.2848415
8841,1,2,129,1,550,-2004046809,19802,0226888CAC274D5A,,,,,,,,,,,,,,,29999,,,,20150206,"US,US,reprt,L-246-2015",17.9,US4TB3P0,17.9,18,3,,,2004,,,,"U.S. Navy LIDAR Survey, Archive No. 04HFM01, Scale 1:5,000-1:10,000",20150206,"US,US,reprt,L-246-2015",US4TB3P0,B,0.72,134.4908752,7.3835306
8841,1,2,129,1,550,-2004046809,19802,0226888CAC274D5A,,,,,,,,,,,,,,,29999,,,,20150206,"US,US,reprt,L-246-2015",25.4,US4TB3P0,25.4,19,3,,,2004,1969,,,"A) U.S. Navy LIDAR Survey, 2004, Archive No. 04HFM01, Scale 1:5,000-1:10,000; B) U.S. Navy Single Beam Survey, 1969, Archive No. 685036, Scale 1:10,000-1:20,000",20150206,"US,US,reprt,L-246-2015",US4TB3P0,B,0.72,134.4911041,7.2787499
8841,1,2,129,1,550,-2004046809,19802,0226888CAC274D5A,,,,,,,,,,,,,,,29999,,,,20150206,"US,US,reprt,L-246-2015",27.4,US4TB3P0,27.4,20,3,,,2004,,,,"U.S. Navy LIDAR Survey, Archive No. 04HFM01, Scale 1:5,000-1:10,000",20150206,"US,US,reprt,L-246-2015",US4TB3P0,B,0.72,134.4911041,7.2946973
8841,1,2,129,1,550,-2004046809,19802,0226888CAC274D5A,,,,,,,,,,,,,,,29999,,,,20150206,"US,US,reprt,L-246-2015",12.0,US4TB3P0,12.0,21,3,,,2004,,,,"U.S. Navy LIDAR Survey, Archive No. 04HFM01, Scale 1:5,000-1:10,000",20150206,"US,US,reprt,L-246-2015",US4TB3P0,B,0.72,134.4912109,7.3763723
8841,1,2,129,1,550,-2004046809,19802,0226888CAC274D5A,,,,,,,,,,,,,,,29999,,,,20150206,"US,US,reprt,L-246-2015",18.3,US4TB3P0,18.3,22,3,,,2004,,,,"U.S. Navy LIDAR Survey, Archive No. 04HFM01, Scale 1:5,000-1:10,000",20150206,"US,US,reprt,L-246-2015",US4TB3P0,B,0.72,134.4912109,7.3885083
8841,1,2,129,1,550,-2004046809,19802,0226888CAC274D5A,,,,,,,,,,,,,,,29999,,,,20150206,"US,US,reprt,L-246-2015",16.1,US4TB3P0,16.1,23,3,,,2004,1969,,,"A) U.S. Navy LIDAR Survey, 2004, Archive No. 04HFM01, Scale 1:5,000-1:10,000; B) U.S. Navy Single Beam Survey, 1969, Archive No. 685036, Scale 1:10,000-1:20,000",20150206,"US,US,reprt,L-246-2015",US4TB3P0,B,0.72,134.491272,7.271872
8841,1,2,129,1,550,-2004046809,19802,0226888CAC274D5A,,,,,,,,,,,,,,,29999,,,,20150206,"US,US,reprt,L-246-2015",15.7,US4TB3P0,15.7,24,3,,,2004,,,,"U.S. Navy LIDAR Survey, Archive No. 04HFM01, Scale 1:5,000-1:10,000",20150206,"US,US,reprt,L-246-2015",US4TB3P0,B,0.72,134.4913483,7.328578
8841,1,2,129,1,550,-2004046809,19802,0226888CAC274D5A,,,,,,,,,,,,,,,29999,,,,20150206,"US,US,reprt,L-246-2015",39.0,US4TB3P0,39.0,25,3,,,2004,1969,,,"A) U.S. Navy LIDAR Survey, 2004, Archive No. 04HFM01, Scale 1:5,000-1:10,000; B) U.S. Navy Single Beam Survey, 1969, Archive No. 685036, Scale 1:10,000-1:20,000",20150206,"US,US,reprt,L-246-2015",US4TB3P0,B,0.72,134.4913635,7.2865415
8841,1,2,129,1,550,-2004046809,19802,0226888CAC274D5A,,,,,,,,,,,,,,,29999,,,,20150206,"US,US,reprt,L-246-2015",15.7,US4TB3P0,15.7,26,3,,,2004,,,,"U.S. Navy LIDAR Survey, Archive No. 04HFM01, Scale 1:5,000-1:10,000",20150206,"US,US,reprt,L-246-2015",US4TB3P0,B,0.72,134.4913788,7.3342667
8841,1,2,129,1,550,-2004046809,19802,0226888CAC274D5A,,,,,,,,,,,,,,,29999,,,,20150206,"US,US,reprt,L-246-2015",12.1,US4TB3P0,12.1,27,3,,,2004,,,,"U.S. Navy LIDAR Survey, Archive No. 04HFM01, Scale 1:5,000-1:10,000",20150206,"US,US,reprt,L-246-2015",US4TB3P0,B,0.72,134.4914093,7.2985249
8841,1,2,129,1,550,-2004046809,19802,0226888CAC274D5A,,,,,,,,,,,,,,,29999,,,,20150206,"US,US,reprt,L-246-2015",27.0,US4TB3P0,27.0,28,3,,,2004,,,,"U.S. Navy LIDAR Survey, Archive No. 04HFM01, Scale 1:5,000-1:10,000",20150206,"US,US,reprt,L-246-2015",US4TB3P0,B,0.72,134.4914246,7.2918
8841,1,2,129,1,550,-2004046809,19802,0226888CAC274D5A,,,,,,,,,,,,,,,29999,,,,20150206,"US,US,reprt,L-246-2015",21.0,US4TB3P0,21.0,29,3,,,2004,,,,"U.S. Navy LIDAR Survey, Archive No. 04HFM01, Scale 1:5,000-1:10,000",20150206,"US,US,reprt,L-246-2015",US4TB3P0,B,0.72,134.4914246,7.3253331
8841,1,2,129,1,550,-2004046809,19802,0226888CAC274D5A,,,,,,,,,,,,,,,29999,,,,20150206,"US,US,reprt,L-246-2015",33.0,US4TB3P0,33.0,30,3,,,2004,,,,"U.S. Navy LIDAR Survey, Archive No. 04HFM01, Scale 1:5,000-1:10,000",20150206,"US,US,reprt,L-246-2015",US4TB3P0,B,0.72,134.4914398,7.2974277
8841,1,2,129,1,550,-2004046809,19802,0226888CAC274D5A,,,,,,,,,,,,,,,29999,,,,20150206,"US,US,reprt,L-246-2015",2.1,US4TB3P0,2.1,31,3,,,2004,,,,"U.S. Navy LIDAR Survey, Archive No. 04HFM01, Scale 1:5,000-1:10,000",20150206,"US,US,reprt,L-246-2015",US4TB3P0,B,0.72,134.4914398,7.3964305
8841,1,2,129,1,550,-2004046809,19802,0226888CAC274D5A,,,,,,,,,,,,,,,29999,,,,20150206,"US,US,reprt,L-246-2015",26.9,US4TB3P0,26.9,32,3,,,2004,1969,,,"A) U.S. Navy LIDAR Survey, 2004, Archive No. 04HFM01, Scale 1:5,000-1:10,000; B) U.S. Navy Single Beam Survey, 1969, Archive No. 685036, Scale 1:10,000-1:20,000",20150206,"US,US,reprt,L-246-2015",US4TB3P0,B,0.72,134.4915466,7.2826085
8841,1,2,129,1,550,-2004046809,19802,0226888CAC274D5A,,,,,,,,,,,,,,,29999,,,,20150206,"US,US,reprt,L-246-2015",4.1,US4TB3P0,4.1,33,3,,,2004,1969,,,"A) U.S. Navy LIDAR Survey, 2004, Archive No. 04HFM01, Scale 1:5,000-1:10,000; B) U.S. Navy Single Beam Survey, 1969, Archive No. 685036, Scale 1:10,000-1:20,000",20150206,"US,US,reprt,L-246-2015",US4TB3P0,B,0.72,134.4915619,7.2736416
8841,1,2,129,1,550,-2004046809,19802,0226888CAC274D5A,,,,,,,,,,,,,,,29999,,,,20150206,"US,US,reprt,L-246-2015",23.7,US4TB3P0,23.7,34,3,,,2004,,,,"U.S. Navy LIDAR Survey, Archive No. 04HFM01, Scale 1:5,000-1:10,000",20150206,"US,US,reprt,L-246-2015",US4TB3P0,B,0.72,134.4915619,7.3724113
8841,1,2,129,1,550,-2004046809,19802,0226888CAC274D5A,,,,,,,,,,,,,,,29999,,,,20150206,"US,US,reprt,L-246-2015",9.3,US4TB3P0,9.3,35,3,,,2004,,,,"U.S. Navy LIDAR Survey, Archive No. 04HFM01, Scale 1:5,000-1:10,000",20150206,"US,US,reprt,L-246-2015",US4TB3P0,B,0.72,134.4915924,7.3752999
8841,1,2,129,1,550,-2004046809,19802,0226888CAC274D5A,,,,,,,,,,,,,,,29999,,,,20150206,"US,US,reprt,L-246-2015",24.8,US4TB3P0,24.8,36,3,,,2004,1969,,,"A) U.S. Navy LIDAR Survey, 2004, Archive No. 04HFM01, Scale 1:5,000-1:10,000; B) U.S. Navy Single Beam Survey, 1969, Archive No. 685036, Scale 1:10,000-1:20,000",20150206,"US,US,reprt,L-246-2015",US4TB3P0,B,0.72,134.4916382,7.2706084
8841,1,2,129,1,550,-2004046809,19802,0226888CAC274D5A,,,,,,,,,,,,,,,29999,,,,20150206,"US,US,reprt,L-246-2015",27.8,US4TB3P0,27.8,37,3,,,2004,1969,,,"A) U.S. Navy LIDAR Survey, 2004, Archive No. 04HFM01, Scale 1:5,000-1:10,000; B) U.S. Navy Single Beam Survey, 1969, Archive No. 685036, Scale 1:10,000-1:20,000",20150206,"US,US,reprt,L-246-2015",US4TB3P0,B,0.72,134.4916687,7.288775
8841,1,2,129,1,550,-2004046809,19802,0226888CAC274D5A,,,,,,,,,,,,,,,29999,,,,20150206,"US,US,reprt,L-246-2015",21.0,US4TB3P0,21.0,38,3,,,2004,,,,"U.S. Navy LIDAR Survey, Archive No. 04HFM01, Scale 1:5,000-1:10,000",20150206,"US,US,reprt,L-246-2015",US4TB3P0,B,0.72,134.4917297,7.3330498
8841,1,2,129,1,550,-2004046809,19802,0226888CAC274D5A,,,,,,,,,,,,,,,29999,,,,20150206,"US,US,reprt,L-246-2015",8.7,US4TB3P0,8.7,39,3,,,2004,1969,,,"A) U.S. Navy LIDAR Survey, 2004, Archive No. 04HFM01, Scale 1:5,000-1:10,000; B) U.S. Navy Single Beam Survey, 1969, Archive No. 685036, Scale 1:10,000-1:20,000",20150206,"US,US,reprt,L-246-2015",US4TB3P0,B,0.72,134.4918213,7.2725611
8841,1,2,129,1,550,-2004046809,19802,0226888CAC274D5A,,,,,,,,,,,,,,,29999,,,,20150206,"US,US,reprt,L-246-2015",23.0,US4TB3P0,23.0,40,3,,,2004,,,,"U.S. Navy LIDAR Survey, Archive No. 04HFM01, Scale 1:5,000-1:10,000",20150206,"US,US,reprt,L-246-2015",US4TB3P0,B,0.72,134.4918518,7.3310251
8841,1,2,129,1,550,-2004046809,19802,0226888CAC274D5A,,,,,,,,,,,,,,,29999,,,,20150206,"US,US,reprt,L-246-2015",26.2,US4TB3P0,26.2,41,3,,,2004,,,,"U.S. Navy LIDAR Survey, Archive No. 04HFM01, Scale 1:5,000-1:10,000",20150206,"US,US,reprt,L-246-2015",US4TB3P0,B,0.72,134.4918671,7.2905693
8841,1,2,129,1,550,-2004046809,19802,0226888CAC274D5A,,,,,,,,,,,,,,,29999,,,,20150206,"US,US,reprt,L-246-2015",46.0,US4TB3P0,46.0,42,3,,,2004,1969,,,"A) U.S. Navy LIDAR Survey, 2004, Archive No. 04HFM01, Scale 1:5,000-1:10,000; B) U.S. Navy Single Beam Survey, 1969, Archive No. 685036, Scale 1:10,000-1:20,000",20150206,"US,US,reprt,L-246-2015",US4TB3P0,B,0.72,134.4918823,7.2852249
8841,1,2,129,1,550,-2004046809,19802,0226888CAC274D5A,,,,,,,,,,,,,,,29999,,,,20150206,"US,US,reprt,L-246-2015",16.4,US4TB3P0,16.4,43,3,,,2004,1969,,,"A) U.S. Navy LIDAR Survey, 2004, Archive No. 04HFM01, Scale 1:5,000-1:10,000; B) U.S. Navy Single Beam Survey, 1969, Archive No. 685036, Scale 1:10,000-1:20,000",20150206,"US,US,reprt,L-246-2015",US4TB3P0,B,0.72,134.4919128,7.2795248
8841,1,2,129,1,550,-2004046809,19802,0226888CAC274D5A,,,,,,,,,,,,,,,29999,,,,20150206,"US,US,reprt,L-246-2015",14.2,US4TB3P0,14.2,44,3,,,2004,,,,"U.S. Navy LIDAR Survey, Archive No. 04HFM01, Scale 1:5,000-1:10,000",20150206,"US,US,reprt,L-246-2015",US4TB3P0,B,0.72,134.4919586,7.4026084
8841,1,2,129,1,550,-2004046809,19802,0226888CAC274D5A,,,,,,,,,,,,,,,29999,,,,20150206,"US,US,reprt,L-246-2015",28.1,US4TB3P0,28.1,45,3,,,2004,1969,,,"A) U.S. Navy LIDAR Survey, 2004, Archive No. 04HFM01, Scale 1:5,000-1:10,000; B) U.S. Navy Single Beam Survey, 1969, Archive No. 685036, Scale 1:10,000-1:20,000",20150206,"US,US,reprt,L-246-2015",US4TB3P0,B,0.72,134.492096,7.2774415
8841,1,2,129,1,550,-2004046809,19802,0226888CAC274D5A,,,,,,,,,,,,,,,29999,,,,20150206,"US,US,reprt,L-246-2015",28.4,US4TB3P0,28.4,46,3,,,2004,1969,,,"A) U.S. Navy LIDAR Survey, 2004, Archive No. 04HFM01, Scale 1:5,000-1:10,000; B) U.S. Navy Single Beam Survey, 1969, Archive No. 685036, Scale 1:10,000-1:20,000",20150206,"US,US,reprt,L-246-2015",US4TB3P0,B,0.72,134.4922028,7.2760806
8841,1,2,129,1,550,-2004046809,19802,0226888CAC274D5A,,,,,,,,,,,,,,,29999,,,,20150206,"US,US,reprt,L-246-2015",13.7,US4TB3P0,13.7,47,3,,,2004,,,,"U.S. Navy LIDAR Survey, Archive No. 04HFM01, Scale 1:5,000-1:10,000",20150206,"US,US,reprt,L-246-2015",US4TB3P0,B,0.72,134.492218,7.3299694
8841,1,2,129,1,550,-2004046809,19802,0226888CAC274D5A,,,,,,,,,,,,,,,29999,,,,20150206,"US,US,reprt,L-246-2015",24.1,US4TB3P0,24.1,48,3,,,2004,,,,"U.S. Navy LIDAR Survey, Archive No. 04HFM01, Scale 1:5,000-1:10,000",20150206,"US,US,reprt,L-246-2015",US4TB3P0,B,0.72,134.4923554,7.2952194
8841,1,2,129,1,550,-2004046809,19802,0226888CAC274D5A,,,,,,,,,,,,,,,29999,,,,20150206,"US,US,reprt,L-246-2015",27.0,US4TB3P0,27.0,49,3,,,2004,,,,"U.S. Navy LIDAR Survey, Archive No. 04HFM01, Scale 1:5,000-1:10,000",20150206,"US,US,reprt,L-246-2015",US4TB3P0,B,0.72,134.4924011,7.3270502
8841,1,2,129,1,550,-2004046809,19802,0226888CAC274D5A,,,,,,,,,,,,,,,29999,,,,20150206,"US,US,reprt,L-246-2015",42.0,US4TB3P0,42.0,50,3,,,2004,,,,"U.S. Navy LIDAR Survey, Archive No. 04HFM01, Scale 1:5,000-1:10,000",20150206,"US,US,reprt,L-246-2015",US4TB3P0,B,0.72,134.4924164,7.2964501
8841,1,2,129,1,550,-2004046809,19802,0226888CAC274D5A,,,,,,,,,,,,,,,29999,,,,20150206,"US,US,reprt,L-246-2015",7.1,US4TB3P0,7.1,51,3,,,2004,,,,"U.S. Navy LIDAR Survey, Archive No. 04HFM01, Scale 1:5,000-1:10,000",20150206,"US,US,reprt,L-246-2015",US4TB3P0,B,0.72,134.4924316,7.2994137
8841,1,2,129,1,550,-2004046809,19802,0226888CAC274D5A,,,,,,,,,,,,,,,29999,,,,20150206,"US,US,reprt,L-246-2015",9.2,US4TB3P0,9.2,52,3,,,2004,,,,"U.S. Navy LIDAR Survey, Archive No. 04HFM01, Scale 1:5,000-1:10,000",20150206,"US,US,reprt,L-246-2015",US4TB3P0,B,0.72,134.4924316,7.3769946
8841,1,2,129,1,550,-2004046809,19802,0226888CAC274D5A,,,,,,,,,,,,,,,29999,,,,20150206,"US,US,reprt,L-246-2015",18.3,US4TB3P0,18.3,53,3,,,2004,1969,,,"A) U.S. Navy LIDAR Survey, 2004, Archive No. 04HFM01, Scale 1:5,000-1:10,000; B) U.S. Navy Single Beam Survey, 1969, Archive No. 685036, Scale 1:10,000-1:20,000",20150206,"US,US,reprt,L-246-2015",US4TB3P0,B,0.72,134.4924469,7.271872
8841,1,2,129,1,550,-2004046809,19802,0226888CAC274D5A,,,,,,,,,,,,,,,29999,,,,20150206,"US,US,reprt,L-246-2015",27.3,US4TB3P0,27.3,54,3,,,2004,,,,"U.S. Navy LIDAR Survey, Archive No. 04HFM01, Scale 1:5,000-1:10,000",20150206,"US,US,reprt,L-246-2015",US4TB3P0,B,0.72,134.4924469,7.368525
8841,1,2,129,1,550,-2004046809,19802,0226888CAC274D5A,,,,,,,,,,,,,,,29999,,,,20150206,"US,US,reprt,L-246-2015",7.3,US4TB3P0,7.3,55,3,,,2004,1969,,,"A) U.S. Navy LIDAR Survey, 2004, Archive No. 04HFM01, Scale 1:5,000-1:10,000; B) U.S. Navy Single Beam Survey, 1969, Archive No. 685036, Scale 1:10,000-1:20,000",20150206,"US,US,reprt,L-246-2015",US4TB3P0,B,0.72,134.4924622,7.2733111
8841,1,2,129,1,550,-2004046809,19802,0226888CAC274D5A,,,,,,,,,,,,,,,29999,,,,20150206,"US,US,reprt,L-246-2015",28.7,US4TB3P0,28.7,56,3,,,2004,1969,,,"A) U.S. Navy LIDAR Survey, 2004, Archive No. 04HFM01, Scale 1:5,000-1:10,000; B) U.S. Navy Single Beam Survey, 1969, Archive No. 685036, Scale 1:10,000-1:20,000",20150206,"US,US,reprt,L-246-2015",US4TB3P0,B,0.72,134.4925232,7.2843137
8841,1,2,129,1,550,-2004046809,19802,0226888CAC274D5A,,,,,,,,,,,,,,,29999,,,,20150206,"US,US,reprt,L-246-2015",13.7,US4TB3P0,13.7,57,3,,,2004,,,,"U.S. Navy LIDAR Survey, Archive No. 04HFM01, Scale 1:5,000-1:10,000",20150206,"US,US,reprt,L-246-2015",US4TB3P0,B,0.72,134.4925232,7.335525
8841,1,2,129,1,550,-2004046809,19802,0226888CAC274D5A,,,,,,,,,,,,,,,29999,,,,20150206,"US,US,reprt,L-246-2015",10.6,US4TB3P0,10.6,58,3,,,2004,,,,"U.S. Navy LIDAR Survey, Archive No. 04HFM01, Scale 1:5,000-1:10,000",20150206,"US,US,reprt,L-246-2015",US4TB3P0,B,0.72,134.4925232,7.4013224
8841,1,2,129,1,550,-2004046809,19802,0226888CAC274D5A,,,,,,,,,,,,,,,29999,,,,20150206,"US,US,reprt,L-246-2015",16.2,US4TB3P0,16.2,59,3,,,2004,1969,,,"A) U.S. Navy LIDAR Survey, 2004, Archive No. 04HFM01, Scale 1:5,000-1:10,000; B) U.S. Navy Single Beam Survey, 1969, Archive No. 685036, Scale 1:10,000-1:20,000",20150206,"US,US,reprt,L-246-2015",US4TB3P0,B,0.72,134.4925537,7.2802501
8841,1,2,129,1,550,-2004046809,19802,0226888CAC274D5A,,,,,,,,,,,,,,,29999,,,,20150206,"US,US,reprt,L-246-2015",4.4,US4TB3P0,4.4,60,3,,,2004,,,,"U.S. Navy LIDAR Survey, Archive No. 04HFM01, Scale 1:5,000-1:10,000",20150206,"US,US,reprt,L-246-2015",US4TB3P0,B,0.72,134.492569,7.4133611
8841,1,2,129,1,550,-2004046809,19802,0226888CAC274D5A,,,,,,,,,,,,,,,29999,,,,20150206,"US,US,reprt,L-246-2015",18.6,US4TB3P0,18.6,61,3,,,2004,,,,"U.S. Navy LIDAR Survey, Archive No. 04HFM01, Scale 1:5,000-1:10,000",20150206,"US,US,reprt,L-246-2015",US4TB3P0,B,0.72,134.4926453,7.3850918
8841,1,2,129,1,550,-2004046809,19802,0226888CAC274D5A,,,,,,,,,,,,,,,29999,,,,20150206,"US,US,reprt,L-246-2015",23.0,US4TB3P0,23.0,62,3,,,2004,,,,"U.S. Navy LIDAR Survey, Archive No. 04HFM01, Scale 1:5,000-1:10,000",20150206,"US,US,reprt,L-246-2015",US4TB3P0,B,0.72,134.4928436,7.3260222
8841,1,2,129,1,550,-2004046809,19802,0226888CAC274D5A,,,,,,,,,,,,,,,29999,,,,20150206,"US,US,reprt,L-246-2015",12.9,US4TB3P0,12.9,63,3,,,2004,,,,"U.S. Navy LIDAR Survey, Archive No. 04HFM01, Scale 1:5,000-1:10,000",20150206,"US,US,reprt,L-246-2015",US4TB3P0,B,0.72,134.4928589,7.3750777
8841,1,2,129,1,550,-2004046809,19802,0226888CAC274D5A,,,,,,,,,,,,,,,29999,,,,20150206,"US,US,reprt,L-246-2015",28.6,US4TB3P0,28.6,64,3,,,2004,,,,"U.S. Navy LIDAR Survey, Archive No. 04HFM01, Scale 1:5,000-1:10,000",20150206,"US,US,reprt,L-246-2015",US4TB3P0,B,0.72,134.4928742,7.2936974
8841,1,2,129,1,550,-2004046809,19802,0226888CAC274D5A,,,,,,,,,,,,,,,29999,,,,20150206,"US,US,reprt,L-246-2015",19.7,US4TB3P0,19.7,65,3,,,2004,,,,"U.S. Navy LIDAR Survey, Archive No. 04HFM01, Scale 1:5,000-1:10,000",20150206,"US,US,reprt,L-246-2015",US4TB3P0,B,0.72,134.4928894,7.3333473
8841,1,2,129,1,550,-2004046809,19802,0226888CAC274D5A,,,,,,,,,,,,,,,29999,,,,20150206,"US,US,reprt,L-246-2015",9.6,US4TB3P0,9.6,66,3,,,2004,,,,"U.S. Navy LIDAR Survey, Archive No. 04HFM01, Scale 1:5,000-1:10,000",20150206,"US,US,reprt,L-246-2015",US4TB3P0,B,0.72,134.4929657,7.3983359
8841,1,2,129,1,550,-2004046809,19802,0226888CAC274D5A,,,,,,,,,,,,,,,29999,,,,20150206,"US,US,reprt,L-246-2015",19.7,US4TB3P0,19.7,67,3,,,2004,,,,"U.S. Navy LIDAR Survey, Archive No. 04HFM01, Scale 1:5,000-1:10,000",20150206,"US,US,reprt,L-246-2015",US4TB3P0,B,0.72,134.4929962,7.331739
8841,1,2,129,1,550,-2004046809,19802,0226888CAC274D5A,,,,,,,,,,,,,,,29999,,,,20150206,"US,US,reprt,L-246-2015",11.2,US4TB3P0,11.2,68,3,,,2004,,,,"U.S. Navy LIDAR Survey, Archive No. 04HFM01, Scale 1:5,000-1:10,000",20150206,"US,US,reprt,L-246-2015",US4TB3P0,B,0.72,134.4929962,7.3779917
8841,1,2,129,1,550,-2004046809,19802,0226888CAC274D5A,,,,,,,,,,,,,,,29999,,,,20150206,"US,US,reprt,L-246-2015",29.7,US4TB3P0,29.7,69,3,,,2004,1969,,,"A) U.S. Navy LIDAR Survey, 2004, Archive No. 04HFM01, Scale 1:5,000-1:10,000; B) U.S. Navy Single Beam Survey, 1969, Archive No. 685036, Scale 1:10,000-1:20,000",20150206,"US,US,reprt,L-246-2015",US4TB3P0,B,0.72,134.4931183,7.2871752
8841,1,2,129,1,550,-2004046809,19802,0226888CAC274D5A,,,,,,,,,,,,,,,29999,,,,20150206,"US,US,reprt,L-246-2015",18.0,US4TB3P0,18.0,70,3,,,2004,,,,"U.S. Navy LIDAR Survey, Archive No. 04HFM01, Scale 1:5,000-1:10,000",20150206,"US,US,reprt,L-246-2015",US4TB3P0,B,0.72,134.4931335,7.3826804
8841,1,2,129,1,550,-2004046809,19802,0226888CAC274D5A,,,,,,,,,,,,,,,29999,,,,20150206,"US,US,reprt,L-246-2015",29.8,US4TB3P0,29.8,71,3,,,2004,1969,,,"A) U.S. Navy LIDAR Survey, 2004, Archive No. 04HFM01, Scale 1:5,000-1:10,000; B) U.S. Navy Single Beam Survey, 1969, Archive No. 685036, Scale 1:10,000-1:20,000",20150206,"US,US,reprt,L-246-2015",US4TB3P0,B,0.72,134.4931641,7.2895918
8841,1,2,129,1,550,-2004046809,19802,0226888CAC274D5A,,,,,,,,,,,,,,,29999,,,,20150206,"US,US,reprt,L-246-2015",15.9,US4TB3P0,15.9,72,3,,,2004,1969,,,"A) U.S. Navy LIDAR Survey, 2004, Archive No. 04HFM01, Scale 1:5,000-1:10,000; B) U.S. Navy Single Beam Survey, 1969, Archive No. 685036, Scale 1:10,000-1:20,000",20150206,"US,US,reprt,L-246-2015",US4TB3P0,B,0.72,134.4931946,7.2740665
8841,1,2,129,1,550,-2004046809,19802,0226888CAC274D5A,,,,,,,,,,,,,,,29999,,,,20150206,"US,US,reprt,L-246-2015",1.4,US4TB3P0,1.4,73,3,,,2004,,,,"U.S. Navy LIDAR Survey, Archive No. 04HFM01, Scale 1:5,000-1:10,000",20150206,"US,US,reprt,L-246-2015",US4TB3P0,B,0.72,134.4932709,7.4152417
8841,1,2,129,1,550,-2004046809,19802,0226888CAC274D5A,,,,,,,,,,,,,,,29999,,,,20150206,"US,US,reprt,L-246-2015",11.7,US4TB3P0,11.7,74,3,,,2004,,,,"U.S. Navy LIDAR Survey, Archive No. 04HFM01, Scale 1:5,000-1:10,000",20150206,"US,US,reprt,L-246-2015",US4TB3P0,B,0.72,134.4934082,7.3996472
8841,1,2,129,1,550,-2004046809,19802,0226888CAC274D5A,,,,,,,,,,,,,,,29999,,,,20150206,"US,US,reprt,L-246-2015",10.7,US4TB3P0,10.7,75,3,,,2004,,,,"U.S. Navy LIDAR Survey, Archive No. 04HFM01, Scale 1:5,000-1:10,000",20150206,"US,US,reprt,L-246-2015",US4TB3P0,B,0.72,134.4934845,7.3274694
8841,1,2,129,1,550,-2004046809,19802,0226888CAC274D5A,,,,,,,,,,,,,,,29999,,,,20150206,"US,US,reprt,L-246-2015",9.0,US4TB3P0,9.0,76,3,,,2004,,,,"U.S. Navy LIDAR Survey, Archive No. 04HFM01, Scale 1:5,000-1:10,000",20150206,"US,US,reprt,L-246-2015",US4TB3P0,B,0.72,134.4934998,7.3711639
8841,1,2,129,1,550,-2004046809,19802,0226888CAC274D5A,,,,,,,,,,,,,,,29999,,,,20150206,"US,US,reprt,L-246-2015",2.4,US4TB3P0,2.4,77,3,,,2004,,,,"U.S. Navy LIDAR Survey, Archive No. 04HFM01, Scale 1:5,000-1:10,000",20150206,"US,US,reprt,L-246-2015",US4TB3P0,B,0.72,134.4935303,7.4136639
8841,1,2,129,1,550,-2004046809,19802,0226888CAC274D5A,,,,,,,,,,,,,,,29999,,,,20150206,"US,US,reprt,L-246-2015",25.5,US4TB3P0,25.5,78,3,,,2004,1969,,,"A) U.S. Navy LIDAR Survey, 2004, Archive No. 04HFM01, Scale 1:5,000-1:10,000; B) U.S. Navy Single Beam Survey, 1969, Archive No. 685036, Scale 1:10,000-1:20,000",20150206,"US,US,reprt,L-246-2015",US4TB3P0,B,0.72,134.4935761,7.2821555
8841,1,2,129,1,550,-2004046809,19802,0226888CAC274D5A,,,,,,,,,,,,,,,29999,,,,20150206,"US,US,reprt,L-246-2015",8.3,US4TB3P0,8.3,79,3,,,2004,,,,"U.S. Navy LIDAR Survey, Archive No. 04HFM01, Scale 1:5,000-1:10,000",20150206,"US,US,reprt,L-246-2015",US4TB3P0,B,0.72,134.4936218,7.4019113
8841,1,2,129,1,550,-2004046809,19802,0226888CAC274D5A,,,,,,,,,,,,,,,29999,,,,20150206,"US,US,reprt,L-246-2015",18.2,US4TB3P0,18.2,80,3,,,2004,1969,,,"A) U.S. Navy LIDAR Survey, 2004, Archive No. 04HFM01, Scale 1:5,000-1:10,000; B) U.S. Navy Single Beam Survey, 1969, Archive No. 685036, Scale 1:10,000-1:20,000",20150206,"US,US,reprt,L-246-2015",US4TB3P0,B,0.72,134.4936676,7.2728248
8841,1,2,129,1,550,-2004046809,19802,0226888CAC274D5A,,,,,,,,,,,,,,,29999,,,,20150206,"US,US,reprt,L-246-2015",70.0,US4TB3P0,70.0,81,3,,,2004,1969,,,"A) U.S. Navy LIDAR Survey, 2004, Archive No. 04HFM01, Scale 1:5,000-1:10,000; B) U.S. Navy Single Beam Survey, 1969, Archive No. 685036, Scale 1:10,000-1:20,000",20150206,"US,US,reprt,L-246-2015",US4TB3P0,B,0.72,134.4936829,7.2702026
8841,1,2,129,1,550,-2004046809,19802,0226888CAC274D5A,,,,,,,,,,,,,,,29999,,,,20150206,"US,US,reprt,L-246-2015",27.1,US4TB3P0,27.1,82,3,,,2004,1969,,,"A) U.S. Navy LIDAR Survey, 2004, Archive No. 04HFM01, Scale 1:5,000-1:10,000; B) U.S. Navy Single Beam Survey, 1969, Archive No. 685036, Scale 1:10,000-1:20,000",20150206,"US,US,reprt,L-246-2015",US4TB3P0,B,0.72,134.4937134,7.2794666
8841,1,2,129,1,550,-2004046809,19802,0226888CAC274D5A,,,,,,,,,,,,,,,29999,,,,20150206,"US,US,reprt,L-246-2015",24.5,US4TB3P0,24.5,83,3,,,2004,1969,,,"A) U.S. Navy LIDAR Survey, 2004, Archive No. 04HFM01, Scale 1:5,000-1:10,000; B) U.S. Navy Single Beam Survey, 1969, Archive No. 685036, Scale 1:10,000-1:20,000",20150206,"US,US,reprt,L-246-2015",US4TB3P0,B,0.72,134.4938049,7.2808361
8841,1,2,129,1,550,-2004046809,19802,0226888CAC274D5A,,,,,,,,,,,,,,,29999,,,,20150206,"US,US,reprt,L-246-2015",19.4,US4TB3P0,19.4,84,3,,,2004,,,,"U.S. Navy LIDAR Survey, Archive No. 04HFM01, Scale 1:5,000-1:10,000",20150206,"US,US,reprt,L-246-2015",US4TB3P0,B,0.72,134.4938965,7.3834305
8841,1,2,129,1,550,-2004046809,19802,0226888CAC274D5A,,,,,,,,,,,,,,,29999,,,,20150206,"US,US,reprt,L-246-2015",24.4,US4TB3P0,24.4,85,3,,,2004,1969,,,"A) U.S. Navy LIDAR Survey, 2004, Archive No. 04HFM01, Scale 1:5,000-1:10,000; B) U.S. Navy Single Beam Survey, 1969, Archive No. 685036, Scale 1:10,000-1:20,000",20150206,"US,US,reprt,L-246-2015",US4TB3P0,B,0.72,134.4939117,7.2779141
8841,1,2,129,1,550,-2004046809,19802,0226888CAC274D5A,,,,,,,,,,,,,,,29999,,,,20150206,"US,US,reprt,L-246-2015",26.1,US4TB3P0,26.1,86,3,,,2004,1969,,,"A) U.S. Navy LIDAR Survey, 2004, Archive No. 04HFM01, Scale 1:5,000-1:10,000; B) U.S. Navy Single Beam Survey, 1969, Archive No. 685036, Scale 1:10,000-1:20,000",20150206,"US,US,reprt,L-246-2015",US4TB3P0,B,0.72,134.493927,7.2753
8841,1,2,129,1,550,-2004046809,19802,0226888CAC274D5A,,,,,,,,,,,,,,,29999,,,,20150206,"US,US,reprt,L-246-2015",6.8,US4TB3P0,6.8,87,3,,,2004,,,,"U.S. Navy LIDAR Survey, Archive No. 04HFM01, Scale 1:5,000-1:10,000",20150206,"US,US,reprt,L-246-2015",US4TB3P0,B,0.72,134.493927,7.3007946
8841,1,2,129,1,550,-2004046809,19802,0226888CAC274D5A,,,,,,,,,,,,,,,29999,,,,20150206,"US,US,reprt,L-246-2015",12.6,US4TB3P0,12.6,88,3,,,2004,,,,"U.S. Navy LIDAR Survey, Archive No. 04HFM01, Scale 1:5,000-1:10,000",20150206,"US,US,reprt,L-246-2015",US4TB3P0,B,0.72,134.4939575,7.2995501
8841,1,2,129,1,550,-2004046809,19802,0226888CAC274D5A,,,,,,,,,,,,,,,29999,,,,20150206,"US,US,reprt,L-246-2015",19.7,US4TB3P0,19.7,89,3,,,2004,,,,"U.S. Navy LIDAR Survey, Archive No. 04HFM01, Scale 1:5,000-1:10,000",20150206,"US,US,reprt,L-246-2015",US4TB3P0,B,0.72,134.4940338,7.3250499
8841,1,2,129,1,550,-2004046809,19802,0226888CAC274D5A,,,,,,,,,,,,,,,29999,,,,20150206,"US,US,reprt,L-246-2015",23.0,US4TB3P0,23.0,90,3,,,2004,,,,"U.S. Navy LIDAR Survey, Archive No. 04HFM01, Scale 1:5,000-1:10,000",20150206,"US,US,reprt,L-246-2015",US4TB3P0,B,0.72,134.4940491,7.328753
8841,1,2,129,1,550,-2004046809,19802,0226888CAC274D5A,,,,,,,,,,,,,,,29999,,,,20150206,"US,US,reprt,L-246-2015",23.0,US4TB3P0,23.0,91,3,,,2004,,,,"U.S. Navy LIDAR Survey, Archive No. 04HFM01, Scale 1:5,000-1:10,000",20150206,"US,US,reprt,L-246-2015",US4TB3P0,B,0.72,134.4942017,7.2962389
8841,1,2,129,1,550,-2004046809,19802,0226888CAC274D5A,,,,,,,,,,,,,,,29999,,,,20150206,"US,US,reprt,L-246-2015",18.4,US4TB3P0,18.4,92,3,,,2004,,,,"U.S. Navy LIDAR Survey, Archive No. 04HFM01, Scale 1:5,000-1:10,000",20150206,"US,US,reprt,L-246-2015",US4TB3P0,B,0.72,134.4942627,7.377089
8841,1,2,129,1,550,-2004046809,19802,0226888CAC274D5A,,,,,,,,,,,,,,,29999,,,,20150206,"US,US,reprt,L-246-2015",4.2,US4TB3P0,4.2,93,3,,,2004,,,,"U.S. Navy LIDAR Survey, Archive No. 04HFM01, Scale 1:5,000-1:10,000",20150206,"US,US,reprt,L-246-2015",US4TB3P0,B,0.72,134.4943848,7.4149919
8841,1,2,129,1,550,-2004046809,19802,0226888CAC274D5A,,,,,,,,,,,,,,,29999,,,,20150206,"US,US,reprt,L-246-2015",25.2,US4TB3P0,25.2,94,3,,,2004,,,,"U.S. Navy LIDAR Survey, Archive No. 04HFM01, Scale 1:5,000-1:10,000",20150206,"US,US,reprt,L-246-2015",US4TB3P0,B,0.72,134.4944153,7.3683109
8841,1,2,129,1,550,-2004046809,19802,0226888CAC274D5A,,,,,,,,,,,,,,,29999,,,,20150206,"US,US,reprt,L-246-2015",26.8,US4TB3P0,26.8,95,3,,,2004,,,,"U.S. Navy LIDAR Survey, Archive No. 04HFM01, Scale 1:5,000-1:10,000",20150206,"US,US,reprt,L-246-2015",US4TB3P0,B,0.72,134.4944763,7.3711109
8841,1,2,129,1,550,-2004046809,19802,0226888CAC274D5A,,,,,,,,,,,,,,,29999,,,,20150206,"US,US,reprt,L-246-2015",22.9,US4TB3P0,22.9,96,3,,,2004,,,,"U.S. Navy LIDAR Survey, Archive No. 04HFM01, Scale 1:5,000-1:10,000",20150206,"US,US,reprt,L-246-2015",US4TB3P0,B,0.72,134.4946137,7.2915278
8841,1,2,129,1,550,-2004046809,19802,0226888CAC274D5A,,,,,,,,,,,,,,,29999,,,,20150206,"US,US,reprt,L-246-2015",27.1,US4TB3P0,27.1,97,3,,,2004,1969,,,"A) U.S. Navy LIDAR Survey, 2004, Archive No. 04HFM01, Scale 1:5,000-1:10,000; B) U.S. Navy Single Beam Survey, 1969, Archive No. 685036, Scale 1:10,000-1:20,000",20150206,"US,US,reprt,L-246-2015",US4TB3P0,B,0.72,134.4947052,7.2844887
8841,1,2,129,1,550,-2004046809,19802,0226888CAC274D5A,,,,,,,,,,,,,,,29999,,,,20150206,"US,US,reprt,L-246-2015",26.5,US4TB3P0,26.5,98,3,,,2004,1969,,,"A) U.S. Navy LIDAR Survey, 2004, Archive No. 04HFM01, Scale 1:5,000-1:10,000; B) U.S. Navy Single Beam Survey, 1969, Archive No. 685036, Scale 1:10,000-1:20,000",20150206,"US,US,reprt,L-246-2015",US4TB3P0,B,0.72,134.494751,7.2883887
8841,1,2,129,1,550,-2004046809,19802,0226888CAC274D5A,,,,,,,,,,,,,,,29999,,,,20150206,"US,US,reprt,L-246-2015",23.3,US4TB3P0,23.3,99,3,,,2004,1969,,,"A) U.S. Navy LIDAR Survey, 2004, Archive No. 04HFM01, Scale 1:5,000-1:10,000; B) U.S. Navy Single Beam Survey, 1969, Archive No. 685036, Scale 1:10,000-1:20,000",20150206,"US,US,reprt,L-246-2015",US4TB3P0,B,0.72,134.4947662,7.278914
8841,1,2,129,1,550,-2004046809,19802,0226888CAC274D5A,,,,,,,,,,,,,,,29999,,,,20150206,"US,US,reprt,L-246-2015",18.8,US4TB3P0,18.8,100,3,,,2004,,,,"U.S. Navy LIDAR Survey, Archive No. 04HFM01, Scale 1:5,000-1:10,000",20150206,"US,US,reprt,L-246-2015",US4TB3P0,B,0.72,134.4949188,7.3839722
8841,1,2,129,1,550,-2004046809,19802,0226888CAC274D5A,,,,,,,,,,,,,,,29999,,,,20150206,"US,US,reprt,L-246-2015",22.9,US4TB3P0,22.9,101,3,,,2004,,,,"U.S. Navy LIDAR Survey, Archive No. 04HFM01, Scale 1:5,000-1:10,000",20150206,"US,US,reprt,L-246-2015",US4TB3P0,B,0.72,134.4949493,7.2944946
8841,1,2,129,1,550,-2004046809,19802,0226888CAC274D5A,,,,,,,,,,,,,,,29999,,,,20150206,"US,US,reprt,L-246-2015",11.0,US4TB3P0,11.0,102,3,,,2004,,,,"U.S. Navy LIDAR Survey, Archive No. 04HFM01, Scale 1:5,000-1:10,000",20150206,"US,US,reprt,L-246-2015",US4TB3P0,B,0.72,134.4949493,7.3990307
8841,1,2,129,1,550,-2004046809,19802,0226888CAC274D5A,,,,,,,,,,,,,,,29999,,,,20150206,"US,US,reprt,L-246-2015",26.4,US4TB3P0,26.4,103,3,,,2004,1969,,,"A) U.S. Navy LIDAR Survey, 2004, Archive No. 04HFM01, Scale 1:5,000-1:10,000; B) U.S. Navy Single Beam Survey, 1969, Archive No. 685036, Scale 1:10,000-1:20,000",20150206,"US,US,reprt,L-246-2015",US4TB3P0,B,0.72,134.4949951,7.2865944
8841,1,2,129,1,550,-2004046809,19802,0226888CAC274D5A,,,,,,,,,,,,,,,29999,,,,20150206,"US,US,reprt,L-246-2015",45.0,US4TB3P0,45.0,104,3,,,2004,,,,"U.S. Navy LIDAR Survey, Archive No. 04HFM01, Scale 1:5,000-1:10,000",20150206,"US,US,reprt,L-246-2015",US4TB3P0,B,0.72,134.4950256,7.2978697
8841,1,2,129,1,550,-2004046809,19802,0226888CAC274D5A,,,,,,,,,,,,,,,29999,,,,20150206,"US,US,reprt,L-246-2015",0.5,US4TB3P0,0.5,105,3,,,2004,,,,"U.S. Navy LIDAR Survey, Archive No. 04HFM01, Scale 1:5,000-1:10,000",20150206,"US,US,reprt,L-246-2015",US4TB3P0,B,0.72,134.4951019,7.4158778
8841,1,2,129,1,550,-2004046809,19802,0226888CAC274D5A,,,,,,,,,,,,,,,29999,,,,20150206,"US,US,reprt,L-246-2015",19.6,US4TB3P0,19.6,106,3,,,2004,1969,,,"A) U.S. Navy LIDAR Survey, 2004, Archive No. 04HFM01, Scale 1:5,000-1:10,000; B) U.S. Navy Single Beam Survey, 1969, Archive No. 685036, Scale 1:10,000-1:20,000",20150206,"US,US,reprt,L-246-2015",US4TB3P0,B,0.72,134.4951477,7.272625
8841,1,2,129,1,550,-2004046809,19802,0226888CAC274D5A,,,,,,,,,,,,,,,29999,,,,20150206,"US,US,reprt,L-246-2015",20.2,US4TB3P0,20.2,107,3,,,2004,1969,,,"A) U.S. Navy LIDAR Survey, 2004, Archive No. 04HFM01, Scale 1:5,000-1:10,000; B) U.S. Navy Single Beam Survey, 1969, Archive No. 685036, Scale 1:10,000-1:20,000",20150206,"US,US,reprt,L-246-2015",US4TB3P0,B,0.72,134.4952087,7.2803526
8841,1,2,129,1,550,-2004046809,19802,0226888CAC274D5A,,,,,,,,,,,,,,,29999,,,,20150206,"US,US,reprt,L-246-2015",7.5,US4TB3P0,7.5,108,3,,,2004,,,,"U.S. Navy LIDAR Survey, Archive No. 04HFM01, Scale 1:5,000-1:10,000",20150206,"US,US,reprt,L-246-2015",US4TB3P0,B,0.72,134.495285,7.3008137
8841,1,2,129,1,550,-2004046809,19802,0226888CAC274D5A,,,,,,,,,,,,,,,29999,,,,20150206,"US,US,reprt,L-246-2015",8.7,US4TB3P0,8.7,109,3,,,2004,,,,"U.S. Navy LIDAR Survey, Archive No. 04HFM01, Scale 1:5,000-1:10,000",20150206,"US,US,reprt,L-246-2015",US4TB3P0,B,0.72,134.4953003,7.4022527
8841,1,2,129,1,550,-2004046809,19802,0226888CAC274D5A,,,,,,,,,,,,,,,29999,,,,20150206,"US,US,reprt,L-246-2015",4.2,US4TB3P0,4.2,110,3,,,2004,,,,"U.S. Navy LIDAR Survey, Archive No. 04HFM01, Scale 1:5,000-1:10,000",20150206,"US,US,reprt,L-246-2015",US4TB3P0,B,0.72,134.4953003,7.4040165
8841,1,2,129,1,550,-2004046809,19802,0226888CAC274D5A,,,,,,,,,,,,,,,29999,,,,20150206,"US,US,reprt,L-246-2015",23.5,US4TB3P0,23.5,111,3,,,2004,1969,,,"A) U.S. Navy LIDAR Survey, 2004, Archive No. 04HFM01, Scale 1:5,000-1:10,000; B) U.S. Navy Single Beam Survey, 1969, Archive No. 685036, Scale 1:10,000-1:20,000",20150206,"US,US,reprt,L-246-2015",US4TB3P0,B,0.72,134.4955444,7.2828584
8841,1,2,129,1,550,-2004046809,19802,0226888CAC274D5A,,,,,,,,,,,,,,,29999,,,,20150206,"US,US,reprt,L-246-2015",4.0,US4TB3P0,4.0,112,3,,,2004,,,,"U.S. Navy LIDAR Survey, Archive No. 04HFM01, Scale 1:5,000-1:10,000",20150206,"US,US,reprt,L-246-2015",US4TB3P0,B,0.72,134.495575,7.4050026
8841,1,2,129,1,550,-2004046809,19802,0226888CAC274D5A,,,,,,,,,,,,,,,29999,,,,20150206,"US,US,reprt,L-246-2015",84.0,US4TB3P0,84.0,113,3,,,2004,1969,,,"A) U.S. Navy LIDAR Survey, 2004, Archive No. 04HFM01, Scale 1:5,000-1:10,000; B) U.S. Navy Single Beam Survey, 1969, Archive No. 685036, Scale 1:10,000-1:20,000",20150206,"US,US,reprt,L-246-2015",US4TB3P0,B,0.72,134.4956055,7.2708082
8841,1,2,129,1,550,-2004046809,19802,0226888CAC274D5A,,,,,,,,,,,,,,,29999,,,,20150206,"US,US,reprt,L-246-2015",5.4,US4TB3P0,5.4,114,3,,,2004,,,,"U.S. Navy LIDAR Survey, Archive No. 04HFM01, Scale 1:5,000-1:10,000",20150206,"US,US,reprt,L-246-2015",US4TB3P0,B,0.72,134.4956207,7.3019419
8841,1,2,129,1,550,-2004046809,19802,0226888CAC274D5A,,,,,,,,,,,,,,,29999,,,,20150206,"US,US,reprt,L-246-2015",14.9,US4TB3P0,14.9,115,3,,,2004,1969,,,"A) U.S. Navy LIDAR Survey, 2004, Archive No. 04HFM01, Scale 1:5,000-1:10,000; B) U.S. Navy Single Beam Survey, 1969, Archive No. 685036, Scale 1:10,000-1:20,000",20150206,"US,US,reprt,L-246-2015",US4TB3P0,B,0.72,134.495636,7.2764583
8841,1,2,129,1,550,-2004046809,19802,0226888CAC274D5A,,,,,,,,,,,,,,,29999,,,,20150206,"US,US,reprt,L-246-2015",18.9,US4TB3P0,18.9,116,3,,,2004,1969,,,"A) U.S. Navy LIDAR Survey, 2004, Archive No. 04HFM01, Scale 1:5,000-1:10,000; B) U.S. Navy Single Beam Survey, 1969, Archive No. 685036, Scale 1:10,000-1:20,000",20150206,"US,US,reprt,L-246-2015",US4TB3P0,B,0.72,134.4958649,7.2741137
8841,1,2,129,1,550,-2004046809,19802,0226888CAC274D5A,,,,,,,,,,,,,,,29999,,,,20150206,"US,US,reprt,L-246-2015",19.7,US4TB3P0,19.7,117,3,,,2004,,,,"U.S. Navy LIDAR Survey, Archive No. 04HFM01, Scale 1:5,000-1:10,000",20150206,"US,US,reprt,L-246-2015",US4TB3P0,B,0.72,134.4958649,7.3272667
8841,1,2,129,1,550,-2004046809,19802,0226888CAC274D5A,,,,,,,,,,,,,,,29999,,,,20150206,"US,US,reprt,L-246-2015",27.0,US4TB3P0,27.0,118,3,,,2004,,,,"U.S. Navy LIDAR Survey, Archive No. 04HFM01, Scale 1:5,000-1:10,000",20150206,"US,US,reprt,L-246-2015",US4TB3P0,B,0.72,134.4958801,7.3310638
8841,1,2,129,1,550,-2004046809,19802,0226888CAC274D5A,,,,,,,,,,,,,,,29999,,,,20150206,"US,US,reprt,L-246-2015",1.2,US4TB3P0,1.2,119,3,,,2004,,,,"U.S. Navy LIDAR Survey, Archive No. 04HFM01, Scale 1:5,000-1:10,000",20150206,"US,US,reprt,L-246-2015",US4TB3P0,B,0.72,134.496048,7.4144554
8841,1,2,129,1,550,-2004046809,19802,0226888CAC274D5A,,,,,,,,,,,,,,,29999,,,,20150206,"US,US,reprt,L-246-2015",47.0,US4TB3P0,47.0,120,3,,,2004,,,,"U.S. Navy LIDAR Survey, Archive No. 04HFM01, Scale 1:5,000-1:10,000",20150206,"US,US,reprt,L-246-2015",US4TB3P0,B,0.72,134.4960785,7.2988696
8841,1,2,129,1,550,-2004046809,19802,0226888CAC274D5A,,,,,,,,,,,,,,,29999,,,,20150206,"US,US,reprt,L-246-2015",25.1,US4TB3P0,25.1,121,3,,,2004,,,,"U.S. Navy LIDAR Survey, Archive No. 04HFM01, Scale 1:5,000-1:10,000",20150206,"US,US,reprt,L-246-2015",US4TB3P0,B,0.72,134.4961853,7.2911863
8841,1,2,129,1,550,-2004046809,19802,0226888CAC274D5A,,,,,,,,,,,,,,,29999,,,,20150206,"US,US,reprt,L-246-2015",23.1,US4TB3P0,23.1,122,3,,,2004,1969,,,"A) U.S. Navy LIDAR Survey, 2004, Archive No. 04HFM01, Scale 1:5,000-1:10,000; B) U.S. Navy Single Beam Survey, 1969, Archive No. 685036, Scale 1:10,000-1:20,000",20150206,"US,US,reprt,L-246-2015",US4TB3P0,B,0.72,134.4963226,7.278564
8841,1,2,129,1,550,-2004046809,19802,0226888CAC274D5A,,,,,,,,,,,,,,,29999,,,,20150206,"US,US,reprt,L-246-2015",25.2,US4TB3P0,25.2,123,3,,,2004,1969,,,"A) U.S. Navy LIDAR Survey, 2004, Archive No. 04HFM01, Scale 1:5,000-1:10,000; B) U.S. Navy Single Beam Survey, 1969, Archive No. 685036, Scale 1:10,000-1:20,000",20150206,"US,US,reprt,L-246-2015",US4TB3P0,B,0.72,134.4963379,7.2730165
8841,1,2,129,1,550,-2004046809,19802,0226888CAC274D5A,,,,,,,,,,,,,,,29999,,,,20150206,"US,US,reprt,L-246-2015",9.7,US4TB3P0,9.7,124,3,,,2004,,,,"U.S. Navy LIDAR Survey, Archive No. 04HFM01, Scale 1:5,000-1:10,000",20150206,"US,US,reprt,L-246-2015",US4TB3P0,B,0.72,134.4963532,7.3987474
8841,1,2,129,1,550,-2004046809,19802,0226888CAC274D5A,,,,,,,,,,,,,,,29999,,,,20150206,"US,US,reprt,L-246-2015",23.1,US4TB3P0,23.1,125,3,,,2004,1969,,,"A) U.S. Navy LIDAR Survey, 2004, Archive No. 04HFM01, Scale 1:5,000-1:10,000; B) U.S. Navy Single Beam Survey, 1969, Archive No. 685036, Scale 1:10,000-1:20,000",20150206,"US,US,reprt,L-246-2015",US4TB3P0,B,0.72,134.4963684,7.2815113
8841,1,2,129,1,550,-2004046809,19802,0226888CAC274D5A,,,,,,,,,,,,,,,29999,,,,20150206,"US,US,reprt,L-246-2015",20.4,US4TB3P0,20.4,126,3,,,2004,,,,"U.S. Navy LIDAR Survey, Archive No. 04HFM01, Scale 1:5,000-1:10,000",20150206,"US,US,reprt,L-246-2015",US4TB3P0,B,0.72,134.4964905,7.3710332
8841,1,2,129,1,550,-2004046809,19802,0226888CAC274D5A,,,,,,,,,,,,,,,29999,,,,20150206,"US,US,reprt,L-246-2015",24.8,US4TB3P0,24.8,127,3,,,2004,1969,,,"A) U.S. Navy LIDAR Survey, 2004, Archive No. 04HFM01, Scale 1:5,000-1:10,000; B) U.S. Navy Single Beam Survey, 1969, Archive No. 685036, Scale 1:10,000-1:20,000",20150206,"US,US,reprt,L-246-2015",US4TB3P0,B,0.72,134.4965973,7.2878666
8841,1,2,129,1,550,-2004046809,19802,0226888CAC274D5A,,,,,,,,,,,,,,,29999,,,,20150206,"US,US,reprt,L-246-2015",3.7,US4TB3P0,3.7,128,3,,,2004,,,,"U.S. Navy LIDAR Survey, Archive No. 04HFM01, Scale 1:5,000-1:10,000",20150206,"US,US,reprt,L-246-2015",US4TB3P0,B,0.72,134.4965973,7.4058723
8841,1,2,129,1,550,-2004046809,19802,0226888CAC274D5A,,,,,,,,,,,,,,,29999,,,,20150206,"US,US,reprt,L-246-2015",67.0,US4TB3P0,67.0,129,3,,,2004,1969,,,"A) U.S. Navy LIDAR Survey, 2004, Archive No. 04HFM01, Scale 1:5,000-1:10,000; B) U.S. Navy Single Beam Survey, 1969, Archive No. 685036, Scale 1:10,000-1:20,000",20150206,"US,US,reprt,L-246-2015",US4TB3P0,B,0.72,134.4967041,7.2720637
8841,1,2,129,1,550,-2004046809,19802,0226888CAC274D5A,,,,,,,,,,,,,,,29999,,,,20150206,"US,US,reprt,L-246-2015",15.6,US4TB3P0,15.6,130,3,,,2004,,,,"U.S. Navy LIDAR Survey, Archive No. 04HFM01, Scale 1:5,000-1:10,000",20150206,"US,US,reprt,L-246-2015",US4TB3P0,B,0.72,134.4967651,7.3007555
8841,1,2,129,1,550,-2004046809,19802,0226888CAC274D5A,,,,,,,,,,,,,,,29999,,,,20150206,"US,US,reprt,L-246-2015",19.2,US4TB3P0,19.2,131,3,,,2004,,,,"U.S. Navy LIDAR Survey, Archive No. 04HFM01, Scale 1:5,000-1:10,000",20150206,"US,US,reprt,L-246-2015",US4TB3P0,B,0.72,134.4968262,7.2943196
8841,1,2,129,1,550,-2004046809,19802,0226888CAC274D5A,,,,,,,,,,,,,,,29999,,,,20150206,"US,US,reprt,L-246-2015",14.5,US4TB3P0,14.5,132,3,,,2004,,,,"U.S. Navy LIDAR Survey, Archive No. 04HFM01, Scale 1:5,000-1:10,000",20150206,"US,US,reprt,L-246-2015",US4TB3P0,B,0.72,134.4968567,7.3679442
8841,1,2,129,1,550,-2004046809,19802,0226888CAC274D5A,,,,,,,,,,,,,,,29999,,,,20150206,"US,US,reprt,L-246-2015",24.2,US4TB3P0,24.2,133,3,,,2004,1969,,,"A) U.S. Navy LIDAR Survey, 2004, Archive No. 04HFM01, Scale 1:5,000-1:10,000; B) U.S. Navy Single Beam Survey, 1969, Archive No. 685036, Scale 1:10,000-1:20,000",20150206,"US,US,reprt,L-246-2015",US4TB3P0,B,0.72,134.4969025,7.2857919
8841,1,2,129,1,550,-2004046809,19802,0226888CAC274D5A,,,,,,,,,,,,,,,29999,,,,20150206,"US,US,reprt,L-246-2015",9.3,US4TB3P0,9.3,134,3,,,2004,,,,"U.S. Navy LIDAR Survey, Archive No. 04HFM01, Scale 1:5,000-1:10,000",20150206,"US,US,reprt,L-246-2015",US4TB3P0,B,0.72,134.4969025,7.333889
8841,1,2,129,1,550,-2004046809,19802,0226888CAC274D5A,,,,,,,,,,,,,,,29999,,,,20150206,"US,US,reprt,L-246-2015",17.7,US4TB3P0,17.7,135,3,,,2004,1969,,,"A) U.S. Navy LIDAR Survey, 2004, Archive No. 04HFM01, Scale 1:5,000-1:10,000; B) U.S. Navy Single Beam Survey, 1969, Archive No. 685036, Scale 1:10,000-1:20,000",20150206,"US,US,reprt,L-246-2015",US4TB3P0,B,0.72,134.4969177,7.2831221
8841,1,2,129,1,550,-2004046809,19802,0226888CAC274D5A,,,,,,,,,,,,,,,29999,,,,20150206,"US,US,reprt,L-246-2015",45.0,US4TB3P0,45.0,136,3,,,2004,,,,"U.S. Navy LIDAR Survey, Archive No. 04HFM01, Scale 1:5,000-1:10,000",20150206,"US,US,reprt,L-246-2015",US4TB3P0,B,0.72,134.4969177,7.2994084
8841,1,2,129,1,550,-2004046809,19802,0226888CAC274D5A,,,,,,,,,,,,,,,29999,,,,20150206,"US,US,reprt,L-246-2015",21.0,US4TB3P0,21.0,137,3,,,2004,,,,"U.S. Navy LIDAR Survey, Archive No. 04HFM01, Scale 1:5,000-1:10,000",20150206,"US,US,reprt,L-246-2015",US4TB3P0,B,0.72,134.4969482,7.3325915
8841,1,2,129,1,550,-2004046809,19802,0226888CAC274D5A,,,,,,,,,,,,,,,29999,,,,20150206,"US,US,reprt,L-246-2015",23.4,US4TB3P0,23.4,138,3,,,2004,,,,"U.S. Navy LIDAR Survey, Archive No. 04HFM01, Scale 1:5,000-1:10,000",20150206,"US,US,reprt,L-246-2015",US4TB3P0,B,0.72,134.4970703,7.2970362
8841,1,2,129,1,550,-2004046809,19802,0226888CAC274D5A,,,,,,,,,,,,,,,29999,,,,20150206,"US,US,reprt,L-246-2015",10.6,US4TB3P0,10.6,139,3,,,2004,1969,,,"A) U.S. Navy LIDAR Survey, 2004, Archive No. 04HFM01, Scale 1:5,000-1:10,000; B) U.S. Navy Single Beam Survey, 1969, Archive No. 685036, Scale 1:10,000-1:20,000",20150206,"US,US,reprt,L-246-2015",US4TB3P0,B,0.72,134.4970856,7.2839584
8841,1,2,129,1,550,-2004046809,19802,0226888CAC274D5A,,,,,,,,,,,,,,,29999,,,,20150206,"US,US,reprt,L-246-2015",23.4,US4TB3P0,23.4,140,3,,,2004,,,,"U.S. Navy LIDAR Survey, Archive No. 04HFM01, Scale 1:5,000-1:10,000",20150206,"US,US,reprt,L-246-2015",US4TB3P0,B,0.72,134.4971314,7.2929416
8841,1,2,129,1,550,-2004046809,19802,0226888CAC274D5A,,,,,,,,,,,,,,,29999,,,,20150206,"US,US,reprt,L-246-2015",27.3,US4TB3P0,27.3,141,3,,,2004,,,,"U.S. Navy LIDAR Survey, Archive No. 04HFM01, Scale 1:5,000-1:10,000",20150206,"US,US,reprt,L-246-2015",US4TB3P0,B,0.72,134.4971466,7.2893529
8841,1,2,129,1,550,-2004046809,19802,0226888CAC274D5A,,,,,,,,,,,,,,,29999,,,,20150206,"US,US,reprt,L-246-2015",19.2,US4TB3P0,19.2,142,3,,,2004,1969,,,"A) U.S. Navy LIDAR Survey, 2004, Archive No. 04HFM01, Scale 1:5,000-1:10,000; B) U.S. Navy Single Beam Survey, 1969, Archive No. 685036, Scale 1:10,000-1:20,000",20150206,"US,US,reprt,L-246-2015",US4TB3P0,B,0.72,134.4973145,7.2755752
8841,1,2,129,1,550,-2004046809,19802,0226888CAC274D5A,,,,,,,,,,,,,,,29999,,,,20150206,"US,US,reprt,L-246-2015",1.7,US4TB3P0,1.7,143,3,,,2004,,,,"U.S. Navy LIDAR Survey, Archive No. 04HFM01, Scale 1:5,000-1:10,000",20150206,"US,US,reprt,L-246-2015",US4TB3P0,B,0.72,134.4975128,7.4073138
8841,1,2,129,1,550,-2004046809,19802,0226888CAC274D5A,,,,,,,,,,,,,,,29999,,,,20150206,"US,US,reprt,L-246-2015",18.2,US4TB3P0,18.2,144,3,,,2004,1969,,,"A) U.S. Navy LIDAR Survey, 2004, Archive No. 04HFM01, Scale 1:5,000-1:10,000; B) U.S. Navy Single Beam Survey, 1969, Archive No. 685036, Scale 1:10,000-1:20,000",20150206,"US,US,reprt,L-246-2015",US4TB3P0,B,0.72,134.4975433,7.2789054
8841,1,2,129,1,550,-2004046809,19802,0226888CAC274D5A,,,,,,,,,,,,,,,29999,,,,20150206,"US,US,reprt,L-246-2015",27.1,US4TB3P0,27.1,145,3,,,2004,1969,,,"A) U.S. Navy LIDAR Survey, 2004, Archive No. 04HFM01, Scale 1:5,000-1:10,000; B) U.S. Navy Single Beam Survey, 1969, Archive No. 685036, Scale 1:10,000-1:20,000",20150206,"US,US,reprt,L-246-2015",US4TB3P0,B,0.72,134.4975891,7.2743859
8841,1,2,129,1,550,-2004046809,19802,0226888CAC274D5A,,,,,,,,,,,,,,,29999,,,,20150206,"US,US,reprt,L-246-2015",20.8,US4TB3P0,20.8,146,3,,,2004,,,,"U.S. Navy LIDAR Survey, Archive No. 04HFM01, Scale 1:5,000-1:10,000",20150206,"US,US,reprt,L-246-2015",US4TB3P0,B,0.72,134.4976349,7.3702998
8841,1,2,129,1,550,-2004046809,19802,0226888CAC274D5A,,,,,,,,,,,,,,,29999,,,,20150206,"US,US,reprt,L-246-2015",59.0,US4TB3P0,59.0,147,3,,,2004,1969,,,"A) U.S. Navy LIDAR Survey, 2004, Archive No. 04HFM01, Scale 1:5,000-1:10,000; B) U.S. Navy Single Beam Survey, 1969, Archive No. 685036, Scale 1:10,000-1:20,000",20150206,"US,US,reprt,L-246-2015",US4TB3P0,B,0.72,134.4976654,7.2732639
8841,1,2,129,1,550,-2004046809,19802,0226888CAC274D5A,,,,,,,,,,,,,,,29999,,,,20150206,"US,US,reprt,L-246-2015",15.6,US4TB3P0,15.6,148,3,,,2004,,,,"U.S. Navy LIDAR Survey, Archive No. 04HFM01, Scale 1:5,000-1:10,000",20150206,"US,US,reprt,L-246-2015",US4TB3P0,B,0.72,134.4976654,7.3669086
8841,1,2,129,1,550,-2004046809,19802,0226888CAC274D5A,,,,,,,,,,,,,,,29999,,,,20150206,"US,US,reprt,L-246-2015",6.4,US4TB3P0,6.4,149,3,,,2004,,,,"U.S. Navy LIDAR Survey, Archive No. 04HFM01, Scale 1:5,000-1:10,000",20150206,"US,US,reprt,L-246-2015",US4TB3P0,B,0.72,134.4977417,7.3026609
8841,1,2,129,1,550,-2004046809,19802,0226888CAC274D5A,,,,,,,,,,,,,,,29999,,,,20150206,"US,US,reprt,L-246-2015",22.1,US4TB3P0,22.1,150,3,,,2004,1969,,,"A) U.S. Navy LIDAR Survey, 2004, Archive No. 04HFM01, Scale 1:5,000-1:10,000; B) U.S. Navy Single Beam Survey, 1969, Archive No. 685036, Scale 1:10,000-1:20,000",20150206,"US,US,reprt,L-246-2015",US4TB3P0,B,0.72,134.4978943,7.2819057
8841,1,2,129,1,550,-2004046809,19802,0226888CAC274D5A,,,,,,,,,,,,,,,29999,,,,20150206,"US,US,reprt,L-246-2015",8.1,US4TB3P0,8.1,151,3,,,2004,,,,"U.S. Navy LIDAR Survey, Archive No. 04HFM01, Scale 1:5,000-1:10,000",20150206,"US,US,reprt,L-246-2015",US4TB3P0,B,0.72,134.4978943,7.3976111
8841,1,2,129,1,550,-2004046809,19802,0226888CAC274D5A,,,,,,,,,,,,,,,29999,,,,20150206,"US,US,reprt,L-246-2015",22.3,US4TB3P0,22.3,152,3,,,2004,,,,"U.S. Navy LIDAR Survey, Archive No. 04HFM01, Scale 1:5,000-1:10,000",20150206,"US,US,reprt,L-246-2015",US4TB3P0,B,0.72,134.4979401,7.294189
8841,1,2,129,1,550,-2004046809,19802,0226888CAC274D5A,,,,,,,,,,,,,,,29999,,,,20150206,"US,US,reprt,L-246-2015",24.1,US4TB3P0,24.1,153,3,,,2004,,,,"U.S. Navy LIDAR Survey, Archive No. 04HFM01, Scale 1:5,000-1:10,000",20150206,"US,US,reprt,L-246-2015",US4TB3P0,B,0.72,134.4980774,7.2957387
8841,1,2,129,1,550,-2004046809,19802,0226888CAC274D5A,,,,,,,,,,,,,,,29999,,,,20150206,"US,US,reprt,L-246-2015",1.3,US4TB3P0,1.3,154,3,,,2004,,,,"U.S. Navy LIDAR Survey, Archive No. 04HFM01, Scale 1:5,000-1:10,000",20150206,"US,US,reprt,L-246-2015",US4TB3P0,B,0.72,134.4980927,7.4086251
8841,1,2,129,1,550,-2004046809,19802,0226888CAC274D5A,,,,,,,,,,,,,,,29999,,,,20150206,"US,US,reprt,L-246-2015",22.0,US4TB3P0,22.0,155,3,,,2004,,,,"U.S. Navy LIDAR Survey, Archive No. 04HFM01, Scale 1:5,000-1:10,000",20150206,"US,US,reprt,L-246-2015",US4TB3P0,B,0.72,134.4981995,7.291564
8841,1,2,129,1,550,-2004046809,19802,0226888CAC274D5A,,,,,,,,,,,,,,,29999,,,,20150206,"US,US,reprt,L-246-2015",26.5,US4TB3P0,26.5,156,3,,,2004,,,,"U.S. Navy LIDAR Survey, Archive No. 04HFM01, Scale 1:5,000-1:10,000",20150206,"US,US,reprt,L-246-2015",US4TB3P0,B,0.72,134.4983215,7.289639
8841,1,2,129,1,550,-2004046809,19802,0226888CAC274D5A,,,,,,,,,,,,,,,29999,,,,20150206,"US,US,reprt,L-246-2015",25.0,US4TB3P0,25.0,157,3,,,2004,,,,"U.S. Navy LIDAR Survey, Archive No. 04HFM01, Scale 1:5,000-1:10,000",20150206,"US,US,reprt,L-246-2015",US4TB3P0,B,0.72,134.4983826,7.3339415
8841,1,2,129,1,550,-2004046809,19802,0226888CAC274D5A,,,,,,,,,,,,,,,29999,,,,20150206,"US,US,reprt,L-246-2015",20.9,US4TB3P0,20.9,158,3,,,2004,1969,,,"A) U.S. Navy LIDAR Survey, 2004, Archive No. 04HFM01, Scale 1:5,000-1:10,000; B) U.S. Navy Single Beam Survey, 1969, Archive No. 685036, Scale 1:10,000-1:20,000",20150206,"US,US,reprt,L-246-2015",US4TB3P0,B,0.72,134.4983978,7.2792416
8841,1,2,129,1,550,-2004046809,19802,0226888CAC274D5A,,,,,,,,,,,,,,,29999,,,,20150206,"US,US,reprt,L-246-2015",8.8,US4TB3P0,8.8,159,3,,,2004,,,,"U.S. Navy LIDAR Survey, Archive No. 04HFM01, Scale 1:5,000-1:10,000",20150206,"US,US,reprt,L-246-2015",US4TB3P0,B,0.72,134.4984589,7.3707252
8841,1,2,129,1,550,-2004046809,19802,0226888CAC274D5A,,,,,,,,,,,,,,,29999,,,,20150206,"US,US,reprt,L-246-2015",21.9,US4TB3P0,21.9,160,3,,,2004,,,,"U.S. Navy LIDAR Survey, Archive No. 04HFM01, Scale 1:5,000-1:10,000",20150206,"US,US,reprt,L-246-2015",US4TB3P0,B,0.72,134.4984894,7.2979083
8841,1,2,129,1,550,-2004046809,19802,0226888CAC274D5A,,,,,,,,,,,,,,,29999,,,,20150206,"US,US,reprt,L-246-2015",16.5,US4TB3P0,16.5,161,3,,,2004,1969,,,"A) U.S. Navy LIDAR Survey, 2004, Archive No. 04HFM01, Scale 1:5,000-1:10,000; B) U.S. Navy Single Beam Survey, 1969, Archive No. 685036, Scale 1:10,000-1:20,000",20150206,"US,US,reprt,L-246-2015",US4TB3P0,B,0.72,134.4985046,7.2864943
8841,1,2,129,1,550,-2004046809,19802,0226888CAC274D5A,,,,,,,,,,,,,,,29999,,,,20150206,"US,US,reprt,L-246-2015",29.0,US4TB3P0,29.0,162,3,,,2004,,,,"U.S. Navy LIDAR Survey, Archive No. 04HFM01, Scale 1:5,000-1:10,000",20150206,"US,US,reprt,L-246-2015",US4TB3P0,B,0.72,134.4985809,7.3297806
8841,1,2,129,1,550,-2004046809,19802,0226888CAC274D5A,,,,,,,,,,,,,,,29999,,,,20150206,"US,US,reprt,L-246-2015",27.0,US4TB3P0,27.0,163,3,,,2004,,,,"U.S. Navy LIDAR Survey, Archive No. 04HFM01, Scale 1:5,000-1:10,000",20150206,"US,US,reprt,L-246-2015",US4TB3P0,B,0.72,134.4986877,7.2886138
8841,1,2,129,1,550,-2004046809,19802,0226888CAC274D5A,,,,,,,,,,,,,,,29999,,,,20150206,"US,US,reprt,L-246-2015",14.9,US4TB3P0,14.9,164,3,,,2004,1969,,,"A) U.S. Navy LIDAR Survey, 2004, Archive No. 04HFM01, Scale 1:5,000-1:10,000; B) U.S. Navy Single Beam Survey, 1969, Archive No. 685036, Scale 1:10,000-1:20,000",20150206,"US,US,reprt,L-246-2015",US4TB3P0,B,0.72,134.4987183,7.2852888
8841,1,2,129,1,550,-2004046809,19802,0226888CAC274D5A,,,,,,,,,,,,,,,29999,,,,20150206,"US,US,reprt,L-246-2015",19.4,US4TB3P0,19.4,165,3,,,2004,1969,,,"A) U.S. Navy LIDAR Survey, 2004, Archive No. 04HFM01, Scale 1:5,000-1:10,000; B) U.S. Navy Single Beam Survey, 1969, Archive No. 685036, Scale 1:10,000-1:20,000",20150206,"US,US,reprt,L-246-2015",US4TB3P0,B,0.72,134.4987335,7.2774944
8841,1,2,129,1,550,-2004046809,19802,0226888CAC274D5A,,,,,,,,,,,,,,,29999,,,,20150206,"US,US,reprt,L-246-2015",49.0,US4TB3P0,49.0,166,3,,,2004,1969,,,"A) U.S. Navy LIDAR Survey, 2004, Archive No. 04HFM01, Scale 1:5,000-1:10,000; B) U.S. Navy Single Beam Survey, 1969, Archive No. 685036, Scale 1:10,000-1:20,000",20150206,"US,US,reprt,L-246-2015",US4TB3P0,B,0.72,134.4988098,7.2753501
8841,1,2,129,1,550,-2004046809,19802,0226888CAC274D5A,,,,,,,,,,,,,,,29999,,,,20150206,"US,US,reprt,L-246-2015",13.9,US4TB3P0,13.9,167,3,,,2004,,,,"U.S. Navy LIDAR Survey, Archive No. 04HFM01, Scale 1:5,000-1:10,000",20150206,"US,US,reprt,L-246-2015",US4TB3P0,B,0.72,134.4988403,7.3662915
8841,1,2,129,1,550,-2004046809,19802,0226888CAC274D5A,,,,,,,,,,,,,,,29999,,,,20150206,"US,US,reprt,L-246-2015",10.4,US4TB3P0,10.4,168,3,,,2004,1969,,,"A) U.S. Navy LIDAR Survey, 2004, Archive No. 04HFM01, Scale 1:5,000-1:10,000; B) U.S. Navy Single Beam Survey, 1969, Archive No. 685036, Scale 1:10,000-1:20,000",20150206,"US,US,reprt,L-246-2015",US4TB3P0,B,0.72,134.4989166,7.2822447
8841,1,2,129,1,550,-2004046809,19802,0226888CAC274D5A,,,,,,,,,,,,,,,29999,,,,20150206,"US,US,reprt,L-246-2015",27.0,US4TB3P0,27.0,169,3,,,2004,,,,"U.S. Navy LIDAR Survey, Archive No. 04HFM01, Scale 1:5,000-1:10,000",20150206,"US,US,reprt,L-246-2015",US4TB3P0,B,0.72,134.4989166,7.3316999
8841,1,2,129,1,550,-2004046809,19802,0226888CAC274D5A,,,,,,,,,,,,,,,29999,,,,20150206,"US,US,reprt,L-246-2015",24.1,US4TB3P0,24.1,170,3,,,2004,,,,"U.S. Navy LIDAR Survey, Archive No. 04HFM01, Scale 1:5,000-1:10,000",20150206,"US,US,reprt,L-246-2015",US4TB3P0,B,0.72,134.4991913,7.2943363
8841,1,2,129,1,550,-2004046809,19802,0226888CAC274D5A,,,,,,,,,,,,,,,29999,,,,20150206,"US,US,reprt,L-246-2015",29.0,US4TB3P0,29.0,171,3,,,2004,,,,"U.S. Navy LIDAR Survey, Archive No. 04HFM01, Scale 1:5,000-1:10,000",20150206,"US,US,reprt,L-246-2015",US4TB3P0,B,0.72,134.4992676,7.3214002
8841,1,2,129,1,550,-2004046809,19802,0226888CAC274D5A,,,,,,,,,,,,,,,29999,,,,20150206,"US,US,reprt,L-246-2015",17.5,US4TB3P0,17.5,172,3,,,2004,1969,,,"A) U.S. Navy LIDAR Survey, 2004, Archive No. 04HFM01, Scale 1:5,000-1:10,000; B) U.S. Navy Single Beam Survey, 1969, Archive No. 685036, Scale 1:10,000-1:20,000",20150206,"US,US,reprt,L-246-2015",US4TB3P0,B,0.72,134.4992828,7.2839251
8841,1,2,129,1,550,-2004046809,19802,0226888CAC274D5A,,,,,,,,,,,,,,,29999,,,,20150206,"US,US,reprt,L-246-2015",23.0,US4TB3P0,23.0,173,3,,,2004,1969,,,"A) U.S. Navy LIDAR Survey, 2004, Archive No. 04HFM01, Scale 1:5,000-1:10,000; B) U.S. Navy Single Beam Survey, 1969, Archive No. 685036, Scale 1:10,000-1:20,000",20150206,"US,US,reprt,L-246-2015",US4TB3P0,B,0.72,134.4993744,7.2808833
8841,1,2,129,1,550,-2004046809,19802,0226888CAC274D5A,,,,,,,,,,,,,,,29999,,,,20150206,"US,US,reprt,L-246-2015",18.6,US4TB3P0,18.6,174,3,,,2004,1969,,,"A) U.S. Navy LIDAR Survey, 2004, Archive No. 04HFM01, Scale 1:5,000-1:10,000; B) U.S. Navy Single Beam Survey, 1969, Archive No. 685036, Scale 1:10,000-1:20,000",20150206,"US,US,reprt,L-246-2015",US4TB3P0,B,0.72,134.4993897,7.2784667
8841,1,2,129,1,550,-2004046809,19802,0226888CAC274D5A,,,,,,,,,,,,,,,29999,,,,20150206,"US,US,reprt,L-246-2015",29.9,US4TB3P0,29.9,175,3,,,2004,,,,"U.S. Navy LIDAR Survey, Archive No. 04HFM01, Scale 1:5,000-1:10,000",20150206,"US,US,reprt,L-246-2015",US4TB3P0,B,0.72,134.4994354,7.2927499
8841,1,2,129,1,550,-2004046809,19802,0226888CAC274D5A,,,,,,,,,,,,,,,29999,,,,20150206,"US,US,reprt,L-246-2015",23.0,US4TB3P0,23.0,176,3,,,2004,,,,"U.S. Navy LIDAR Survey, Archive No. 04HFM01, Scale 1:5,000-1:10,000",20150206,"US,US,reprt,L-246-2015",US4TB3P0,B,0.72,134.499588,7.3347001
8841,1,2,129,1,550,-2004046809,19802,0226888CAC274D5A,,,,,,,,,,,,,,,29999,,,,20150206,"US,US,reprt,L-246-2015",238.0,US4TB3P0,238.0,177,5,,,1938,1915,,,"Former Japan Chart 481 (Ed. 1940, Rev. 1944), from Japan surveys, Scale 1:25,000",20150206,"US,US,reprt,L-246-2015",US4TB3P0,D,0.22,134.4996948,7.2703333
8841,1,2,129,1,550,-2004046809,19802,0226888CAC274D5A,,,,,,,,,,,,,,,29999,,,,20150206,"US,US,reprt,L-246-2015",6.1,US4TB3P0,6.1,178,3,,,2004,1969,,,"A) U.S. Navy LIDAR Survey, 2004, Archive No. 04HFM01, Scale 1:5,000-1:10,000; B) U.S. Navy Single Beam Survey, 1969, Archive No. 685036, Scale 1:10,000-1:20,000",20150206,"US,US,reprt,L-246-2015",US4TB3P0,B,0.72,134.4997864,7.2872138
8841,1,2,129,1,550,-2004046809,19802,0226888CAC274D5A,,,,,,,,,,,,,,,29999,,,,20150206,"US,US,reprt,L-246-2015",22.0,US4TB3P0,22.0,179,3,,,2004,,,,"U.S. Navy LIDAR Survey, Archive No. 04HFM01, Scale 1:5,000-1:10,000",20150206,"US,US,reprt,L-246-2015",US4TB3P0,B,0.72,134.4998474,7.3002415
8841,1,2,129,1,550,-2004046809,19802,0226888CAC274D5A,,,,,,,,,,,,,,,29999,,,,20150206,"US,US,reprt,L-246-2015",29.0,US4TB3P0,29.0,180,3,,,2004,,,,"U.S. Navy LIDAR Survey, Archive No. 04HFM01, Scale 1:5,000-1:10,000",20150206,"US,US,reprt,L-246-2015",US4TB3P0,B,0.72,134.4998627,7.3329973
8841,1,2,129,1,550,-2004046809,19802,0226888CAC274D5A,,,,,,,,,,,,,,,29999,,,,20150206,"US,US,reprt,L-246-2015",21.6,US4TB3P0,21.6,181,3,,,2004,,,,"U.S. Navy LIDAR Survey, Archive No. 04HFM01, Scale 1:5,000-1:10,000",20150206,"US,US,reprt,L-246-2015",US4TB3P0,B,0.72,134.4998779,7.2975111
8841,1,2,129,1,550,-2004046809,19802,0226888CAC274D5A,,,,,,,,,,,,,,,29999,,,,20150206,"US,US,reprt,L-246-2015",23.8,US4TB3P0,23.8,182,3,,,2004,,,,"U.S. Navy LIDAR Survey, Archive No. 04HFM01, Scale 1:5,000-1:10,000",20150206,"US,US,reprt,L-246-2015",US4TB3P0,B,0.72,134.4998932,7.3028445
8841,1,2,129,1,550,-2004046809,19802,0226888CAC274D5A,,,,,,,,,,,,,,,29999,,,,20150206,"US,US,reprt,L-246-2015",10.6,US4TB3P0,10.6,183,3,,,2004,1969,,,"A) U.S. Navy LIDAR Survey, 2004, Archive No. 04HFM01, Scale 1:5,000-1:10,000; B) U.S. Navy Single Beam Survey, 1969, Archive No. 685036, Scale 1:10,000-1:20,000",20150206,"US,US,reprt,L-246-2015",US4TB3P0,B,0.72,134.4999847,7.2796359
8841,1,2,129,1,550,-2004046809,19802,0226888CAC274D5A,,,,,,,,,,,,,,,29999,,,,20150206,"US,US,reprt,L-246-2015",22.6,US4TB3P0,22.6,184,3,,,2004,,,,"U.S. Navy LIDAR Survey, Archive No. 04HFM01, Scale 1:5,000-1:10,000",20150206,"US,US,reprt,L-246-2015",US4TB3P0,B,0.72,134.5000153,7.368597
8841,1,2,129,1,550,-2004046809,19802,0226888CAC274D5A,,,,,,,,,,,,,,,29999,,,,20150206,"US,US,reprt,L-246-2015",10.6,US4TB3P0,10.6,185,3,,,2004,1969,,,"A) U.S. Navy LIDAR Survey, 2004, Archive No. 04HFM01, Scale 1:5,000-1:10,000; B) U.S. Navy Single Beam Survey, 1969, Archive No. 685036, Scale 1:10,000-1:20,000",20150206,"US,US,reprt,L-246-2015",US4TB3P0,B,0.72,134.5000458,7.285789
8841,1,2,129,1,550,-2004046809,19802,0226888CAC274D5A,,,,,,,,,,,,,,,29999,,,,20150206,"US,US,reprt,L-246-2015",8.0,US4TB3P0,8.0,186,3,,,2004,,,,"U.S. Navy LIDAR Survey, Archive No. 04HFM01, Scale 1:5,000-1:10,000",20150206,"US,US,reprt,L-246-2015",US4TB3P0,B,0.72,134.5001679,7.2884054
8841,1,2,129,1,550,-2004046809,19802,0226888CAC274D5A,,,,,,,,,,,,,,,29999,,,,20150206,"US,US,reprt,L-246-2015",14.6,US4TB3P0,14.6,187,3,,,2004,1969,,,"A) U.S. Navy LIDAR Survey, 2004, Archive No. 04HFM01, Scale 1:5,000-1:10,000; B) U.S. Navy Single Beam Survey, 1969, Archive No. 685036, Scale 1:10,000-1:20,000",20150206,"US,US,reprt,L-246-2015",US4TB3P0,B,0.72,134.5002289,7.2818279
8841,1,2,129,1,550,-2004046809,19802,0226888CAC274D5A,,,,,,,,,,,,,,,29999,,,,20150206,"US,US,reprt,L-246-2015",270.0,US4TB3P0,270.0,188,5,,,1938,1915,,,"Former Japan Chart 481 (Ed. 1940, Rev. 1944), from Japan surveys, Scale 1:25,000",20150206,"US,US,reprt,L-246-2015",US4TB3P0,D,0.22,134.5002899,7.2712584
8841,1,2,129,1,550,-2004046809,19802,0226888CAC274D5A,,,,,,,,,,,,,,,29999,,,,20150206,"US,US,reprt,L-246-2015",51.0,US4TB3P0,51.0,189,3,,,2004,1969,,,"A) U.S. Navy LIDAR Survey, 2004, Archive No. 04HFM01, Scale 1:5,000-1:10,000; B) U.S. Navy Single Beam Survey, 1969, Archive No. 685036, Scale 1:10,000-1:20,000",20150206,"US,US,reprt,L-246-2015",US4TB3P0,B,0.72,134.5003052,7.2776446
8841,1,2,129,1,550,-2004046809,19802,0226888CAC274D5A,,,,,,,,,,,,,,,29999,,,,20150206,"US,US,reprt,L-246-2015",5.0,US4TB3P0,5.0,190,3,,,2004,,,,"U.S. Navy LIDAR Survey, Archive No. 04HFM01, Scale 1:5,000-1:10,000",20150206,"US,US,reprt,L-246-2015",US4TB3P0,B,0.72,134.5003967,7.2895889
8841,1,2,129,1,550,-2004046809,19802,0226888CAC274D5A,,,,,,,,,,,,,,,29999,,,,20150206,"US,US,reprt,L-246-2015",20.2,US4TB3P0,20.2,191,3,,,2004,,,,"U.S. Navy LIDAR Survey, Archive No. 04HFM01, Scale 1:5,000-1:10,000",20150206,"US,US,reprt,L-246-2015",US4TB3P0,B,0.72,134.500473,7.2989945
8841,1,2,129,1,550,-2004046809,19802,0226888CAC274D5A,,,,,,,,,,,,,,,29999,,,,20150206,"US,US,reprt,L-246-2015",18.6,US4TB3P0,18.6,192,3,,,2004,,,,"U.S. Navy LIDAR Survey, Archive No. 04HFM01, Scale 1:5,000-1:10,000",20150206,"US,US,reprt,L-246-2015",US4TB3P0,B,0.72,134.5006561,7.2960472
8841,1,2,129,1,550,-2004046809,19802,0226888CAC274D5A,,,,,,,,,,,,,,,29999,,,,20150206,"US,US,reprt,L-246-2015",13.0,US4TB3P0,13.0,193,3,,,2004,1969,,,"A) U.S. Navy LIDAR Survey, 2004, Archive No. 04HFM01, Scale 1:5,000-1:10,000; B) U.S. Navy Single Beam Survey, 1969, Archive No. 685036, Scale 1:10,000-1:20,000",20150206,"US,US,reprt,L-246-2015",US4TB3P0,B,0.72,134.5007172,7.2865415
8841,1,2,129,1,550,-2004046809,19802,0226888CAC274D5A,,,,,,,,,,,,,,,29999,,,,20150206,"US,US,reprt,L-246-2015",17.2,US4TB3P0,17.2,194,3,,,2004,1969,,,"A) U.S. Navy LIDAR Survey, 2004, Archive No. 04HFM01, Scale 1:5,000-1:10,000; B) U.S. Navy Single Beam Survey, 1969, Archive No. 685036, Scale 1:10,000-1:20,000",20150206,"US,US,reprt,L-246-2015",US4TB3P0,B,0.72,134.5007477,7.2809472
8841,1,2,129,1,550,-2004046809,19802,0226888CAC274D5A,,,,,,,,,,,,,,,29999,,,,20150206,"US,US,reprt,L-246-2015",29.0,US4TB3P0,29.0,195,3,,,2004,,,,"U.S. Navy LIDAR Survey, Archive No. 04HFM01, Scale 1:5,000-1:10,000",20150206,"US,US,reprt,L-246-2015",US4TB3P0,B,0.72,134.5007477,7.3307805
8841,1,2,129,1,550,-2004046809,19802,0226888CAC274D5A,,,,,,,,,,,,,,,29999,,,,20150206,"US,US,reprt,L-246-2015",19.0,US4TB3P0,19.0,196,3,,,2004,1969,,,"A) U.S. Navy LIDAR Survey, 2004, Archive No. 04HFM01, Scale 1:5,000-1:10,000; B) U.S. Navy Single Beam Survey, 1969, Archive No. 685036, Scale 1:10,000-1:20,000",20150206,"US,US,reprt,L-246-2015",US4TB3P0,B,0.72,134.5007629,7.2849641
8841,1,2,129,1,550,-2004046809,19802,0226888CAC274D5A,,,,,,,,,,,,,,,29999,,,,20150206,"US,US,reprt,L-246-2015",19.8,US4TB3P0,19.8,197,3,,,2004,,,,"U.S. Navy LIDAR Survey, Archive No. 04HFM01, Scale 1:5,000-1:10,000",20150206,"US,US,reprt,L-246-2015",US4TB3P0,B,0.72,134.5008545,7.300561
8841,1,2,129,1,550,-2004046809,19802,0226888CAC274D5A,,,,,,,,,,,,,,,29999,,,,20150206,"US,US,reprt,L-246-2015",1.2,US4TB3P0,1.2,198,5,,,1938,1915,,,"Former Japan Chart 481 (Ed. 1940, Rev. 1944), from Japan surveys, Scale 1:25,000",20150206,"US,US,reprt,L-246-2015",US4TB3P0,D,0.22,134.5011292,7.3598056
8841,1,2,129,1,550,-2004046809,19802,0226888CAC274D5A,,,,,,,,,,,,,,,29999,,,,20150206,"US,US,reprt,L-246-2015",248.0,US4TB3P0,248.0,199,3,,,2004,1969,,,"A) U.S. Navy LIDAR Survey, 2004, Archive No. 04HFM01, Scale 1:5,000-1:10,000; B) U.S. Navy Single Beam Survey, 1969, Archive No. 685036, Scale 1:10,000-1:20,000",20150206,"US,US,reprt,L-246-2015",US4TB3P0,B,0.72,134.5011749,7.2749
8841,1,2,129,1,550,-2004046809,19802,0226888CAC274D5A,,,,,,,,,,,,,,,29999,,,,20150206,"US,US,reprt,L-246-2015",25.3,US4TB3P0,25.3,200,3,,,2004,,,,"U.S. Navy LIDAR Survey, Archive No. 04HFM01, Scale 1:5,000-1:10,000",20150206,"US,US,reprt,L-246-2015",US4TB3P0,B,0.72,134.5011749,7.292922
8841,1,2,129,1,550,-2004046809,19802,0226888CAC274D5A,,,,,,,,,,,,,,,29999,,,,20150206,"US,US,reprt,L-246-2015",14.9,US4TB3P0,14.9,201,3,,,2004,1969,,,"A) U.S. Navy LIDAR Survey, 2004, Archive No. 04HFM01, Scale 1:5,000-1:10,000; B) U.S. Navy Single Beam Survey, 1969, Archive No. 685036, Scale 1:10,000-1:20,000",20150206,"US,US,reprt,L-246-2015",US4TB3P0,B,0.72,134.5012665,7.2817502
8841,1,2,129,1,550,-2004046809,19802,0226888CAC274D5A,,,,,,,,,,,,,,,29999,,,,20150206,"US,US,reprt,L-246-2015",7.3,US4TB3P0,7.3,202,3,,,2004,,,,"U.S. Navy LIDAR Survey, Archive No. 04HFM01, Scale 1:5,000-1:10,000",20150206,"US,US,reprt,L-246-2015",US4TB3P0,B,0.72,134.5012665,7.3039999
8841,1,2,129,1,550,-2004046809,19802,0226888CAC274D5A,,,,,,,,,,,,,,,29999,,,,20150206,"US,US,reprt,L-246-2015",22.8,US4TB3P0,22.8,203,3,,,2004,,,,"U.S. Navy LIDAR Survey, Archive No. 04HFM01, Scale 1:5,000-1:10,000",20150206,"US,US,reprt,L-246-2015",US4TB3P0,B,0.72,134.501358,7.3650112
8841,1,2,129,1,550,-2004046809,19802,0226888CAC274D5A,,,,,,,,,,,,,,,29999,,,,20150206,"US,US,reprt,L-246-2015",78.0,US4TB3P0,78.0,204,3,,,2004,1969,,,"A) U.S. Navy LIDAR Survey, 2004, Archive No. 04HFM01, Scale 1:5,000-1:10,000; B) U.S. Navy Single Beam Survey, 1969, Archive No. 685036, Scale 1:10,000-1:20,000",20150206,"US,US,reprt,L-246-2015",US4TB3P0,B,0.72,134.5014801,7.2788749
8841,1,2,129,1,550,-2004046809,19802,0226888CAC274D5A,,,,,,,,,,,,,,,29999,,,,20150206,"US,US,reprt,L-246-2015",9.7,US4TB3P0,9.7,205,3,,,2004,,,,"U.S. Navy LIDAR Survey, Archive No. 04HFM01, Scale 1:5,000-1:10,000",20150206,"US,US,reprt,L-246-2015",US4TB3P0,B,0.72,134.5015411,7.2977696
8841,1,2,129,1,550,-2004046809,19802,0226888CAC274D5A,,,,,,,,,,,,,,,29999,,,,20150206,"US,US,reprt,L-246-2015",24.9,US4TB3P0,24.9,206,3,,,2004,,,,"U.S. Navy LIDAR Survey, Archive No. 04HFM01, Scale 1:5,000-1:10,000",20150206,"US,US,reprt,L-246-2015",US4TB3P0,B,0.72,134.501648,7.3668776
8841,1,2,129,1,550,-2004046809,19802,0226888CAC274D5A,,,,,,,,,,,,,,,29999,,,,20150206,"US,US,reprt,L-246-2015",18.3,US4TB3P0,18.3,207,3,,,2004,,,,"U.S. Navy LIDAR Survey, Archive No. 04HFM01, Scale 1:5,000-1:10,000",20150206,"US,US,reprt,L-246-2015",US4TB3P0,B,0.72,134.50177,7.3017554
8841,1,2,129,1,550,-2004046809,19802,0226888CAC274D5A,,,,,,,,,,,,,,,29999,,,,20150206,"US,US,reprt,L-246-2015",21.0,US4TB3P0,21.0,208,3,,,2004,,,,"U.S. Navy LIDAR Survey, Archive No. 04HFM01, Scale 1:5,000-1:10,000",20150206,"US,US,reprt,L-246-2015",US4TB3P0,B,0.72,134.5019074,7.3339696
8841,1,2,129,1,550,-2004046809,19802,0226888CAC274D5A,,,,,,,,,,,,,,,29999,,,,20150206,"US,US,reprt,L-246-2015",0.3,US4TB3P0,0.3,209,5,,,1938,1915,,,"Former Japan Chart 481 (Ed. 1940, Rev. 1944), from Japan surveys, Scale 1:25,000",20150206,"US,US,reprt,L-246-2015",US4TB3P0,D,0.22,134.5019226,7.3581138
8841,1,2,129,1,550,-2004046809,19802,0226888CAC274D5A,,,,,,,,,,,,,,,29999,,,,20150206,"US,US,reprt,L-246-2015",14.7,US4TB3P0,14.7,210,3,,,2004,1969,,,"A) U.S. Navy LIDAR Survey, 2004, Archive No. 04HFM01, Scale 1:5,000-1:10,000; B) U.S. Navy Single Beam Survey, 1969, Archive No. 685036, Scale 1:10,000-1:20,000",20150206,"US,US,reprt,L-246-2015",US4TB3P0,B,0.72,134.5020752,7.2843919
8841,1,2,129,1,550,-2004046809,19802,0226888CAC274D5A,,,,,,,,,,,,,,,29999,,,,20150206,"US,US,reprt,L-246-2015",134.0,US4TB3P0,134.0,211,3,,,2004,1969,,,"A) U.S. Navy LIDAR Survey, 2004, Archive No. 04HFM01, Scale 1:5,000-1:10,000; B) U.S. Navy Single Beam Survey, 1969, Archive No. 685036, Scale 1:10,000-1:20,000",20150206,"US,US,reprt,L-246-2015",US4TB3P0,B,0.72,134.502243,7.2777638
8841,1,2,129,1,550,-2004046809,19802,0226888CAC274D5A,,,,,,,,,,,,,,,29999,,,,20150206,"US,US,reprt,L-246-2015",10.5,US4TB3P0,10.5,212,3,,,2004,,,,"U.S. Navy LIDAR Survey, Archive No. 04HFM01, Scale 1:5,000-1:10,000",20150206,"US,US,reprt,L-246-2015",US4TB3P0,B,0.72,134.5022736,7.2919221
8841,1,2,129,1,550,-2004046809,19802,0226888CAC274D5A,,,,,,,,,,,,,,,29999,,,,20150206,"US,US,reprt,L-246-2015",25.0,US4TB3P0,25.0,213,3,,,2004,,,,"U.S. Navy LIDAR Survey, Archive No. 04HFM01, Scale 1:5,000-1:10,000",20150206,"US,US,reprt,L-246-2015",US4TB3P0,B,0.72,134.5022736,7.2950583
8841,1,2,129,1,550,-2004046809,19802,0226888CAC274D5A,,,,,,,,,,,,,,,29999,,,,20150206,"US,US,reprt,L-246-2015",57.0,US4TB3P0,57.0,214,3,,,2004,1969,,,"A) U.S. Navy LIDAR Survey, 2004, Archive No. 04HFM01, Scale 1:5,000-1:10,000; B) U.S. Navy Single Beam Survey, 1969, Archive No. 685036, Scale 1:10,000-1:20,000",20150206,"US,US,reprt,L-246-2015",US4TB3P0,B,0.72,134.5022888,7.2810416
8841,1,2,129,1,550,-2004046809,19802,0226888CAC274D5A,,,,,,,,,,,,,,,29999,,,,20150206,"US,US,reprt,L-246-2015",3.0,US4TB3P0,3.0,215,3,,,2004,,,,"U.S. Navy LIDAR Survey, Archive No. 04HFM01, Scale 1:5,000-1:10,000",20150206,"US,US,reprt,L-246-2015",US4TB3P0,B,0.72,134.5023346,7.2985249
8841,1,2,129,1,550,-2004046809,19802,0226888CAC274D5A,,,,,,,,,,,,,,,29999,,,,20150206,"US,US,reprt,L-246-2015",23.9,US4TB3P0,23.9,216,3,,,2004,,,,"U.S. Navy LIDAR Survey, Archive No. 04HFM01, Scale 1:5,000-1:10,000",20150206,"US,US,reprt,L-246-2015",US4TB3P0,B,0.72,134.5023956,7.2972279
8841,1,2,129,1,550,-2004046809,19802,0226888CAC274D5A,,,,,,,,,,,,,,,29999,,,,20150206,"US,US,reprt,L-246-2015",3.1,US4TB3P0,3.1,217,3,,,2004,1969,,,"A) U.S. Navy LIDAR Survey, 2004, Archive No. 04HFM01, Scale 1:5,000-1:10,000; B) U.S. Navy Single Beam Survey, 1969, Archive No. 685036, Scale 1:10,000-1:20,000",20150206,"US,US,reprt,L-246-2015",US4TB3P0,B,0.72,134.5024109,7.2862721
8841,1,2,129,1,550,-2004046809,19802,0226888CAC274D5A,,,,,,,,,,,,,,,29999,,,,20150206,"US,US,reprt,L-246-2015",8.3,US4TB3P0,8.3,218,3,,,2004,1969,,,"A) U.S. Navy LIDAR Survey, 2004, Archive No. 04HFM01, Scale 1:5,000-1:10,000; B) U.S. Navy Single Beam Survey, 1969, Archive No. 685036, Scale 1:10,000-1:20,000",20150206,"US,US,reprt,L-246-2015",US4TB3P0,B,0.72,134.5024262,7.2854166
8841,1,2,129,1,550,-2004046809,19802,0226888CAC274D5A,,,,,,,,,,,,,,,29999,,,,20150206,"US,US,reprt,L-246-2015",18.4,US4TB3P0,18.4,219,3,,,2004,,,,"U.S. Navy LIDAR Survey, Archive No. 04HFM01, Scale 1:5,000-1:10,000",20150206,"US,US,reprt,L-246-2015",US4TB3P0,B,0.72,134.5025635,7.2992749
8841,1,2,129,1,550,-2004046809,19802,0226888CAC274D5A,,,,,,,,,,,,,,,29999,,,,20150206,"US,US,reprt,L-246-2015",28.5,US4TB3P0,28.5,220,3,,,2004,,,,"U.S. Navy LIDAR Survey, Archive No. 04HFM01, Scale 1:5,000-1:10,000",20150206,"US,US,reprt,L-246-2015",US4TB3P0,B,0.72,134.5026856,7.3650947
8841,1,2,129,1,550,-2004046809,19802,0226888CAC274D5A,,,,,,,,,,,,,,,29999,,,,20150206,"US,US,reprt,L-246-2015",13.4,US4TB3P0,13.4,221,3,,,2004,,,,"U.S. Navy LIDAR Survey, Archive No. 04HFM01, Scale 1:5,000-1:10,000",20150206,"US,US,reprt,L-246-2015",US4TB3P0,B,0.72,134.5027924,7.3008862
8841,1,2,129,1,550,-2004046809,19802,0226888CAC274D5A,,,,,,,,,,,,,,,29999,,,,20150206,"US,US,reprt,L-246-2015",8.6,US4TB3P0,8.6,222,3,,,2004,,,,"U.S. Navy LIDAR Survey, Archive No. 04HFM01, Scale 1:5,000-1:10,000",20150206,"US,US,reprt,L-246-2015",US4TB3P0,B,0.72,134.5028534,7.3026252
8841,1,2,129,1,550,-2004046809,19802,0226888CAC274D5A,,,,,,,,,,,,,,,29999,,,,20150206,"US,US,reprt,L-246-2015",1.2,US4TB3P0,1.2,223,5,,,1938,1915,,,"Former Japan Chart 481 (Ed. 1940, Rev. 1944), from Japan surveys, Scale 1:25,000",20150206,"US,US,reprt,L-246-2015",US4TB3P0,D,0.22,134.503067,7.3591776
8841,1,2,129,1,550,-2004046809,19802,0226888CAC274D5A,,,,,,,,,,,,,,,29999,,,,20150206,"US,US,reprt,L-246-2015",26.5,US4TB3P0,26.5,224,3,,,2004,,,,"U.S. Navy LIDAR Survey, Archive No. 04HFM01, Scale 1:5,000-1:10,000",20150206,"US,US,reprt,L-246-2015",US4TB3P0,B,0.72,134.5031738,7.3058972
8841,1,2,129,1,550,-2004046809,19802,0226888CAC274D5A,,,,,,,,,,,,,,,29999,,,,20150206,"US,US,reprt,L-246-2015",2.5,US4TB3P0,2.5,225,5,,,1938,1915,,,"Former Japan Chart 481 (Ed. 1940, Rev. 1944), from Japan surveys, Scale 1:25,000",20150206,"US,US,reprt,L-246-2015",US4TB3P0,D,0.22,134.5031738,7.3606167
8841,1,2,129,1,550,-2004046809,19802,0226888CAC274D5A,,,,,,,,,,,,,,,29999,,,,20150206,"US,US,reprt,L-246-2015",3.1,US4TB3P0,3.1,226,3,,,2004,,,,"U.S. Navy LIDAR Survey, Archive No. 04HFM01, Scale 1:5,000-1:10,000",20150206,"US,US,reprt,L-246-2015",US4TB3P0,B,0.72,134.5032349,7.3031859
8841,1,2,129,1,550,-2004046809,19802,0226888CAC274D5A,,,,,,,,,,,,,,,29999,,,,20150206,"US,US,reprt,L-246-2015",29.1,US4TB3P0,29.1,227,3,,,2004,,,,"U.S. Navy LIDAR Survey, Archive No. 04HFM01, Scale 1:5,000-1:10,000",20150206,"US,US,reprt,L-246-2015",US4TB3P0,B,0.72,134.5032806,7.296164
8841,1,2,129,1,550,-2004046809,19802,0226888CAC274D5A,,,,,,,,,,,,,,,29999,,,,20150206,"US,US,reprt,L-246-2015",95.0,US4TB3P0,95.0,228,3,,,2004,1969,,,"A) U.S. Navy LIDAR Survey, 2004, Archive No. 04HFM01, Scale 1:5,000-1:10,000; B) U.S. Navy Single Beam Survey, 1969, Archive No. 685036, Scale 1:10,000-1:20,000",20150206,"US,US,reprt,L-246-2015",US4TB3P0,B,0.72,134.5033722,7.2837081
8841,1,2,129,1,550,-2004046809,19802,0226888CAC274D5A,,,,,,,,,,,,,,,29999,,,,20150206,"US,US,reprt,L-246-2015",1.2,US4TB3P0,1.2,229,5,,,1938,1915,,,"Former Japan Chart 481 (Ed. 1940, Rev. 1944), from Japan surveys, Scale 1:25,000",20150206,"US,US,reprt,L-246-2015",US4TB3P0,D,0.22,134.5034485,7.3575335
8841,1,2,129,1,550,-2004046809,19802,0226888CAC274D5A,,,,,,,,,,,,,,,29999,,,,20150206,"US,US,reprt,L-246-2015",70.0,US4TB3P0,70.0,230,3,,,2004,1969,,,"A) U.S. Navy LIDAR Survey, 2004, Archive No. 04HFM01, Scale 1:5,000-1:10,000; B) U.S. Navy Single Beam Survey, 1969, Archive No. 685036, Scale 1:10,000-1:20,000",20150206,"US,US,reprt,L-246-2015",US4TB3P0,B,0.72,134.5035706,7.2846446
8841,1,2,129,1,550,-2004046809,19802,0226888CAC274D5A,,,,,,,,,,,,,,,29999,,,,20150206,"US,US,reprt,L-246-2015",30.0,US4TB3P0,30.0,231,3,,,2004,,,,"U.S. Navy LIDAR Survey, Archive No. 04HFM01, Scale 1:5,000-1:10,000",20150206,"US,US,reprt,L-246-2015",US4TB3P0,B,0.72,134.5036163,7.3634057
8841,1,2,129,1,550,-2004046809,19802,0226888CAC274D5A,,,,,,,,,,,,,,,29999,,,,20150206,"US,US,reprt,L-246-2015",4.7,US4TB3P0,4.7,232,5,,,1938,1915,,,"Former Japan Chart 481 (Ed. 1940, Rev. 1944), from Japan surveys, Scale 1:25,000",20150206,"US,US,reprt,L-246-2015",US4TB3P0,D,0.22,134.5036926,7.3584137
8841,1,2,129,1,550,-2004046809,19802,0226888CAC274D5A,,,,,,,,,,,,,,,29999,,,,20150206,"US,US,reprt,L-246-2015",19.7,US4TB3P0,19.7,233,3,,,2004,,,,"U.S. Navy LIDAR Survey, Archive No. 04HFM01, Scale 1:5,000-1:10,000",20150206,"US,US,reprt,L-246-2015",US4TB3P0,B,0.72,134.5037079,7.3342137
8841,1,2,129,1,550,-2004046809,19802,0226888CAC274D5A,,,,,,,,,,,,,,,29999,,,,20150206,"US,US,reprt,L-246-2015",24.4,US4TB3P0,24.4,234,3,,,2004,,,,"U.S. Navy LIDAR Survey, Archive No. 04HFM01, Scale 1:5,000-1:10,000",20150206,"US,US,reprt,L-246-2015",US4TB3P0,B,0.72,134.5037842,7.2942472
8841,1,2,129,1,550,-2004046809,19802,0226888CAC274D5A,,,,,,,,,,,,,,,29999,,,,20150206,"US,US,reprt,L-246-2015",25.0,US4TB3P0,25.0,235,3,,,2004,,,,"U.S. Navy LIDAR Survey, Archive No. 04HFM01, Scale 1:5,000-1:10,000",20150206,"US,US,reprt,L-246-2015",US4TB3P0,B,0.72,134.5040131,7.3260641
8841,1,2,129,1,550,-2004046809,19802,0226888CAC274D5A,,,,,,,,,,,,,,,29999,,,,20150206,"US,US,reprt,L-246-2015",23.9,US4TB3P0,23.9,236,3,,,2004,,,,"U.S. Navy LIDAR Survey, Archive No. 04HFM01, Scale 1:5,000-1:10,000",20150206,"US,US,reprt,L-246-2015",US4TB3P0,B,0.72,134.5041046,7.2975192
8841,1,2,129,1,550,-2004046809,19802,0226888CAC274D5A,,,,,,,,,,,,,,,29999,,,,20150206,"US,US,reprt,L-246-2015",12.1,US4TB3P0,12.1,237,3,,,2004,,,,"U.S. Navy LIDAR Survey, Archive No. 04HFM01, Scale 1:5,000-1:10,000",20150206,"US,US,reprt,L-246-2015",US4TB3P0,B,0.72,134.5041657,7.3004947
8841,1,2,129,1,550,-2004046809,19802,0226888CAC274D5A,,,,,,,,,,,,,,,29999,,,,20150206,"US,US,reprt,L-246-2015",14.9,US4TB3P0,14.9,238,3,,,2004,,,,"U.S. Navy LIDAR Survey, Archive No. 04HFM01, Scale 1:5,000-1:10,000",20150206,"US,US,reprt,L-246-2015",US4TB3P0,B,0.72,134.5041657,7.3076863
8841,1,2,129,1,550,-2004046809,19802,0226888CAC274D5A,,,,,,,,,,,,,,,29999,,,,20150206,"US,US,reprt,L-246-2015",16.6,US4TB3P0,16.6,239,3,,,2004,,,,"U.S. Navy LIDAR Survey, Archive No. 04HFM01, Scale 1:5,000-1:10,000",20150206,"US,US,reprt,L-246-2015",US4TB3P0,B,0.72,134.5041809,7.3028555
8841,1,2,129,1,550,-2004046809,19802,0226888CAC274D5A,,,,,,,,,,,,,,,29999,,,,20150206,"US,US,reprt,L-246-2015",259.0,US4TB3P0,259.0,240,3,,,2004,1969,,,"A) U.S. Navy LIDAR Survey, 2004, Archive No. 04HFM01, Scale 1:5,000-1:10,000; B) U.S. Navy Single Beam Survey, 1969, Archive No. 685036, Scale 1:10,000-1:20,000",20150206,"US,US,reprt,L-246-2015",US4TB3P0,B,0.72,134.5044556,7.2808776
8841,1,2,129,1,550,-2004046809,19802,0226888CAC274D5A,,,,,,,,,,,,,,,29999,,,,20150206,"US,US,reprt,L-246-2015",7.4,US4TB3P0,7.4,241,3,,,2004,,,,"U.S. Navy LIDAR Survey, Archive No. 04HFM01, Scale 1:5,000-1:10,000",20150206,"US,US,reprt,L-246-2015",US4TB3P0,B,0.72,134.5044708,7.2879334
8841,1,2,129,1,550,-2004046809,19802,0226888CAC274D5A,,,,,,,,,,,,,,,29999,,,,20150206,"US,US,reprt,L-246-2015",69.0,US4TB3P0,69.0,242,3,,,2004,1969,,,"A) U.S. Navy LIDAR Survey, 2004, Archive No. 04HFM01, Scale 1:5,000-1:10,000; B) U.S. Navy Single Beam Survey, 1969, Archive No. 685036, Scale 1:10,000-1:20,000",20150206,"US,US,reprt,L-246-2015",US4TB3P0,B,0.72,134.5046997,7.2860446
8841,1,2,129,1,550,-2004046809,19802,0226888CAC274D5A,,,,,,,,,,,,,,,29999,,,,20150206,"US,US,reprt,L-246-2015",19.6,US4TB3P0,19.6,243,3,,,2004,,,,"U.S. Navy LIDAR Survey, Archive No. 04HFM01, Scale 1:5,000-1:10,000",20150206,"US,US,reprt,L-246-2015",US4TB3P0,B,0.72,134.5047302,7.2930446
8841,1,2,129,1,550,-2004046809,19802,0226888CAC274D5A,,,,,,,,,,,,,,,29999,,,,20150206,"US,US,reprt,L-246-2015",26.0,US4TB3P0,26.0,244,5,,,1938,1915,,,"Former Japan Chart 481 (Ed. 1940, Rev. 1944), from Japan surveys, Scale 1:25,000",20150206,"US,US,reprt,L-246-2015",US4TB3P0,D,0.22,134.5047302,7.3614335
8841,1,2,129,1,550,-2004046809,19802,0226888CAC274D5A,,,,,,,,,,,,,,,29999,,,,20150206,"US,US,reprt,L-246-2015",1.8,US4TB3P0,1.8,245,3,,,2004,,,,"U.S. Navy LIDAR Survey, Archive No. 04HFM01, Scale 1:5,000-1:10,000",20150206,"US,US,reprt,L-246-2015",US4TB3P0,B,0.72,134.5047455,7.3642197
8841,1,2,129,1,550,-2004046809,19802,0226888CAC274D5A,,,,,,,,,,,,,,,29999,,,,20150206,"US,US,reprt,L-246-2015",10.5,US4TB3P0,10.5,246,3,,,2004,,,,"U.S. Navy LIDAR Survey, Archive No. 04HFM01, Scale 1:5,000-1:10,000",20150206,"US,US,reprt,L-246-2015",US4TB3P0,B,0.72,134.5047913,7.2986918
8841,1,2,129,1,550,-2004046809,19802,0226888CAC274D5A,,,,,,,,,,,,,,,29999,,,,20150206,"US,US,reprt,L-246-2015",13.4,US4TB3P0,13.4,247,3,,,2004,,,,"U.S. Navy LIDAR Survey, Archive No. 04HFM01, Scale 1:5,000-1:10,000",20150206,"US,US,reprt,L-246-2015",US4TB3P0,B,0.72,134.5048065,7.2915473
8841,1,2,129,1,550,-2004046809,19802,0226888CAC274D5A,,,,,,,,,,,,,,,29999,,,,20150206,"US,US,reprt,L-246-2015",3.7,US4TB3P0,3.7,248,3,,,2004,,,,"U.S. Navy LIDAR Survey, Archive No. 04HFM01, Scale 1:5,000-1:10,000",20150206,"US,US,reprt,L-246-2015",US4TB3P0,B,0.72,134.5050201,7.2891526
8841,1,2,129,1,550,-2004046809,19802,0226888CAC274D5A,,,,,,,,,,,,,,,29999,,,,20150206,"US,US,reprt,L-246-2015",25.8,US4TB3P0,25.8,249,3,,,2004,,,,"U.S. Navy LIDAR Survey, Archive No. 04HFM01, Scale 1:5,000-1:10,000",20150206,"US,US,reprt,L-246-2015",US4TB3P0,B,0.72,134.5050354,7.2962418
8841,1,2,129,1,550,-2004046809,19802,0226888CAC274D5A,,,,,,,,,,,,,,,29999,,,,20150206,"US,US,reprt,L-246-2015",25.6,US4TB3P0,25.6,250,3,,,2004,,,,"U.S. Navy LIDAR Survey, Archive No. 04HFM01, Scale 1:5,000-1:10,000",20150206,"US,US,reprt,L-246-2015",US4TB3P0,B,0.72,134.505127,7.303586
8841,1,2,129,1,550,-2004046809,19802,0226888CAC274D5A,,,,,,,,,,,,,,,29999,,,,20150206,"US,US,reprt,L-246-2015",7.2,US4TB3P0,7.2,251,3,,,2004,,,,"U.S. Navy LIDAR Survey, Archive No. 04HFM01, Scale 1:5,000-1:10,000",20150206,"US,US,reprt,L-246-2015",US4TB3P0,B,0.72,134.5052185,7.3053331
8841,1,2,129,1,550,-2004046809,19802,0226888CAC274D5A,,,,,,,,,,,,,,,29999,,,,20150206,"US,US,reprt,L-246-2015",17.7,US4TB3P0,17.7,252,3,,,2004,,,,"U.S. Navy LIDAR Survey, Archive No. 04HFM01, Scale 1:5,000-1:10,000",20150206,"US,US,reprt,L-246-2015",US4TB3P0,B,0.72,134.5052185,7.3336334
8841,1,2,129,1,550,-2004046809,19802,0226888CAC274D5A,,,,,,,,,,,,,,,29999,,,,20150206,"US,US,reprt,L-246-2015",7.5,US4TB3P0,7.5,253,3,,,2004,,,,"U.S. Navy LIDAR Survey, Archive No. 04HFM01, Scale 1:5,000-1:10,000",20150206,"US,US,reprt,L-246-2015",US4TB3P0,B,0.72,134.5052338,7.2897472
8841,1,2,129,1,550,-2004046809,19802,0226888CAC274D5A,,,,,,,,,,,,,,,29999,,,,20150206,"US,US,reprt,L-246-2015",18.9,US4TB3P0,18.9,254,3,,,2004,,,,"U.S. Navy LIDAR Survey, Archive No. 04HFM01, Scale 1:5,000-1:10,000",20150206,"US,US,reprt,L-246-2015",US4TB3P0,B,0.72,134.5052795,7.3001609
8841,1,2,129,1,550,-2004046809,19802,0226888CAC274D5A,,,,,,,,,,,,,,,29999,,,,20150206,"US,US,reprt,L-246-2015",23.8,US4TB3P0,23.8,255,3,,,2004,,,,"U.S. Navy LIDAR Survey, Archive No. 04HFM01, Scale 1:5,000-1:10,000",20150206,"US,US,reprt,L-246-2015",US4TB3P0,B,0.72,134.5056763,7.301014
8841,1,2,129,1,550,-2004046809,19802,0226888CAC274D5A,,,,,,,,,,,,,,,29999,,,,20150206,"US,US,reprt,L-246-2015",32.0,US4TB3P0,32.0,256,5,,,1938,1915,,,"Former Japan Chart 481 (Ed. 1940, Rev. 1944), from Japan surveys, Scale 1:25,000",20150206,"US,US,reprt,L-246-2015",US4TB3P0,D,0.22,134.5056763,7.3599863
8841,1,2,129,1,550,-2004046809,19802,0226888CAC274D5A,,,,,,,,,,,,,,,29999,,,,20150206,"US,US,reprt,L-246-2015",11.5,US4TB3P0,11.5,257,3,,,2004,,,,"U.S. Navy LIDAR Survey, Archive No. 04HFM01, Scale 1:5,000-1:10,000",20150206,"US,US,reprt,L-246-2015",US4TB3P0,B,0.72,134.5058289,7.3020721
8841,1,2,129,1,550,-2004046809,19802,0226888CAC274D5A,,,,,,,,,,,,,,,29999,,,,20150206,"US,US,reprt,L-246-2015",15.1,US4TB3P0,15.1,258,3,,,2004,,,,"U.S. Navy LIDAR Survey, Archive No. 04HFM01, Scale 1:5,000-1:10,000",20150206,"US,US,reprt,L-246-2015",US4TB3P0,B,0.72,134.5058594,7.2881584
8841,1,2,129,1,550,-2004046809,19802,0226888CAC274D5A,,,,,,,,,,,,,,,29999,,,,20150206,"US,US,reprt,L-246-2015",2.0,US4TB3P0,2.0,259,3,,,2004,,,,"U.S. Navy LIDAR Survey, Archive No. 04HFM01, Scale 1:5,000-1:10,000",20150206,"US,US,reprt,L-246-2015",US4TB3P0,B,0.72,134.5059204,7.3054915
8841,1,2,129,1,550,-2004046809,19802,0226888CAC274D5A,,,,,,,,,,,,,,,29999,,,,20150206,"US,US,reprt,L-246-2015",12.0,US4TB3P0,12.0,260,3,,,2004,,,,"U.S. Navy LIDAR Survey, Archive No. 04HFM01, Scale 1:5,000-1:10,000",20150206,"US,US,reprt,L-246-2015",US4TB3P0,B,0.72,134.5059967,7.290164
8841,1,2,129,1,550,-2004046809,19802,0226888CAC274D5A,,,,,,,,,,,,,,,29999,,,,20150206,"US,US,reprt,L-246-2015",0.4,US4TB3P0,0.4,261,5,,,1938,1915,,,"Former Japan Chart 481 (Ed. 1940, Rev. 1944), from Japan surveys, Scale 1:25,000",20150206,"US,US,reprt,L-246-2015",US4TB3P0,D,0.22,134.5060577,7.3609638
8841,1,2,129,1,550,-2004046809,19802,0226888CAC274D5A,,,,,,,,,,,,,,,29999,,,,20150206,"US,US,reprt,L-246-2015",16.7,US4TB3P0,16.7,262,3,,,2004,,,,"U.S. Navy LIDAR Survey, Archive No. 04HFM01, Scale 1:5,000-1:10,000",20150206,"US,US,reprt,L-246-2015",US4TB3P0,B,0.72,134.5061646,7.3074555
8841,1,2,129,1,550,-2004046809,19802,0226888CAC274D5A,,,,,,,,,,,,,,,29999,,,,20150206,"US,US,reprt,L-246-2015",153.0,US4TB3P0,153.0,263,3,,,2004,1969,,,"A) U.S. Navy LIDAR Survey, 2004, Archive No. 04HFM01, Scale 1:5,000-1:10,000; B) U.S. Navy Single Beam Survey, 1969, Archive No. 685036, Scale 1:10,000-1:20,000",20150206,"US,US,reprt,L-246-2015",US4TB3P0,B,0.72,134.5062561,7.2859082
8841,1,2,129,1,550,-2004046809,19802,0226888CAC274D5A,,,,,,,,,,,,,,,29999,,,,20150206,"US,US,reprt,L-246-2015",82.0,US4TB3P0,82.0,264,3,,,2004,1969,,,"A) U.S. Navy LIDAR Survey, 2004, Archive No. 04HFM01, Scale 1:5,000-1:10,000; B) U.S. Navy Single Beam Survey, 1969, Archive No. 685036, Scale 1:10,000-1:20,000",20150206,"US,US,reprt,L-246-2015",US4TB3P0,B,0.72,134.5062561,7.2868972
8841,1,2,129,1,550,-2004046809,19802,0226888CAC274D5A,,,,,,,,,,,,,,,29999,,,,20150206,"US,US,reprt,L-246-2015",10.7,US4TB3P0,10.7,265,3,,,2004,,,,"U.S. Navy LIDAR Survey, Archive No. 04HFM01, Scale 1:5,000-1:10,000",20150206,"US,US,reprt,L-246-2015",US4TB3P0,B,0.72,134.5063171,7.3037863
8841,1,2,129,1,550,-2004046809,19802,0226888CAC274D5A,,,,,,,,,,,,,,,29999,,,,20150206,"US,US,reprt,L-246-2015",1.9,US4TB3P0,1.9,266,3,,,2004,,,,"U.S. Navy LIDAR Survey, Archive No. 04HFM01, Scale 1:5,000-1:10,000",20150206,"US,US,reprt,L-246-2015",US4TB3P0,B,0.72,134.5063324,7.3618112
8841,1,2,129,1,550,-2004046809,19802,0226888CAC274D5A,,,,,,,,,,,,,,,29999,,,,20150206,"US,US,reprt,L-246-2015",1.3,US4TB3P0,1.3,267,3,,,2004,,,,"U.S. Navy LIDAR Survey, Archive No. 04HFM01, Scale 1:5,000-1:10,000",20150206,"US,US,reprt,L-246-2015",US4TB3P0,B,0.72,134.5063782,7.3637891
8841,1,2,129,1,550,-2004046809,19802,0226888CAC274D5A,,,,,,,,,,,,,,,29999,,,,20150206,"US,US,reprt,L-246-2015",7.4,US4TB3P0,7.4,268,3,,,2004,,,,"U.S. Navy LIDAR Survey, Archive No. 04HFM01, Scale 1:5,000-1:10,000",20150206,"US,US,reprt,L-246-2015",US4TB3P0,B,0.72,134.5064087,7.2888861
8841,1,2,129,1,550,-2004046809,19802,0226888CAC274D5A,,,,,,,,,,,,,,,29999,,,,20150206,"US,US,reprt,L-246-2015",24.4,US4TB3P0,24.4,269,3,,,2004,,,,"U.S. Navy LIDAR Survey, Archive No. 04HFM01, Scale 1:5,000-1:10,000",20150206,"US,US,reprt,L-246-2015",US4TB3P0,B,0.72,134.5064087,7.2913666
8841,1,2,129,1,550,-2004046809,19802,0226888CAC274D5A,,,,,,,,,,,,,,,29999,,,,20150206,"US,US,reprt,L-246-2015",34.0,US4TB3P0,34.0,270,5,,,1938,1915,,,"Former Japan Chart 481 (Ed. 1940, Rev. 1944), from Japan surveys, Scale 1:25,000",20150206,"US,US,reprt,L-246-2015",US4TB3P0,D,0.22,134.5064392,7.358078
8841,1,2,129,1,550,-2004046809,19802,0226888CAC274D5A,,,,,,,,,,,,,,,29999,,,,20150206,"US,US,reprt,L-246-2015",24.1,US4TB3P0,24.1,271,3,,,2004,,,,"U.S. Navy LIDAR Survey, Archive No. 04HFM01, Scale 1:5,000-1:10,000",20150206,"US,US,reprt,L-246-2015",US4TB3P0,B,0.72,134.5065155,7.2979751
8841,1,2,129,1,550,-2004046809,19802,0226888CAC274D5A,,,,,,,,,,,,,,,29999,,,,20150206,"US,US,reprt,L-246-2015",5.6,US4TB3P0,5.6,272,5,,,1938,1915,,,"Former Japan Chart 481 (Ed. 1940, Rev. 1944), from Japan surveys, Scale 1:25,000",20150206,"US,US,reprt,L-246-2015",US4TB3P0,D,0.22,134.506546,7.3597221
8841,1,2,129,1,550,-2004046809,19802,0226888CAC274D5A,,,,,,,,,,,,,,,29999,,,,20150206,"US,US,reprt,L-246-2015",18.5,US4TB3P0,18.5,273,3,,,2004,,,,"U.S. Navy LIDAR Survey, Archive No. 04HFM01, Scale 1:5,000-1:10,000",20150206,"US,US,reprt,L-246-2015",US4TB3P0,B,0.72,134.5066223,7.3013001
8841,1,2,129,1,550,-2004046809,19802,0226888CAC274D5A,,,,,,,,,,,,,,,29999,,,,20150206,"US,US,reprt,L-246-2015",337.0,US4TB3P0,337.0,274,5,,,1938,1915,,,"Former Japan Chart 481 (Ed. 1940, Rev. 1944), from Japan surveys, Scale 1:25,000",20150206,"US,US,reprt,L-246-2015",US4TB3P0,D,0.22,134.5066376,7.2797694
8841,1,2,129,1,550,-2004046809,19802,0226888CAC274D5A,,,,,,,,,,,,,,,29999,,,,20150206,"US,US,reprt,L-246-2015",3.2,US4TB3P0,3.2,275,3,,,2004,,,,"U.S. Navy LIDAR Survey, Archive No. 04HFM01, Scale 1:5,000-1:10,000",20150206,"US,US,reprt,L-246-2015",US4TB3P0,B,0.72,134.5066681,7.2895389
8841,1,2,129,1,550,-2004046809,19802,0226888CAC274D5A,,,,,,,,,,,,,,,29999,,,,20150206,"US,US,reprt,L-246-2015",3.5,US4TB3P0,3.5,276,3,,,2004,,,,"U.S. Navy LIDAR Survey, Archive No. 04HFM01, Scale 1:5,000-1:10,000",20150206,"US,US,reprt,L-246-2015",US4TB3P0,B,0.72,134.5068359,7.3046331
8841,1,2,129,1,550,-2004046809,19802,0226888CAC274D5A,,,,,,,,,,,,,,,29999,,,,20150206,"US,US,reprt,L-246-2015",25.1,US4TB3P0,25.1,277,3,,,2004,,,,"U.S. Navy LIDAR Survey, Archive No. 04HFM01, Scale 1:5,000-1:10,000",20150206,"US,US,reprt,L-246-2015",US4TB3P0,B,0.72,134.5069275,7.2961583
8841,1,2,129,1,550,-2004046809,19802,0226888CAC274D5A,,,,,,,,,,,,,,,29999,,,,20150206,"US,US,reprt,L-246-2015",19.9,US4TB3P0,19.9,278,3,,,2004,,,,"U.S. Navy LIDAR Survey, Archive No. 04HFM01, Scale 1:5,000-1:10,000",20150206,"US,US,reprt,L-246-2015",US4TB3P0,B,0.72,134.5070801,7.299253
8841,1,2,129,1,550,-2004046809,19802,0226888CAC274D5A,,,,,,,,,,,,,,,29999,,,,20150206,"US,US,reprt,L-246-2015",12.7,US4TB3P0,12.7,279,3,,,2004,,,,"U.S. Navy LIDAR Survey, Archive No. 04HFM01, Scale 1:5,000-1:10,000",20150206,"US,US,reprt,L-246-2015",US4TB3P0,B,0.72,134.5070953,7.2947831
8841,1,2,129,1,550,-2004046809,19802,0226888CAC274D5A,,,,,,,,,,,,,,,29999,,,,20150206,"US,US,reprt,L-246-2015",7.9,US4TB3P0,7.9,280,3,,,2004,1969,,,"A) U.S. Navy LIDAR Survey, 2004, Archive No. 04HFM01, Scale 1:5,000-1:10,000; B) U.S. Navy Single Beam Survey, 1969, Archive No. 685036, Scale 1:10,000-1:20,000",20150206,"US,US,reprt,L-246-2015",US4TB3P0,B,0.72,134.5073547,7.2875776
8841,1,2,129,1,550,-2004046809,19802,0226888CAC274D5A,,,,,,,,,,,,,,,29999,,,,20150206,"US,US,reprt,L-246-2015",35.0,US4TB3P0,35.0,281,5,,,1938,1915,,,"Former Japan Chart 481 (Ed. 1940, Rev. 1944), from Japan surveys, Scale 1:25,000",20150206,"US,US,reprt,L-246-2015",US4TB3P0,D,0.22,134.5074463,7.3577418
8841,1,2,129,1,550,-2004046809,19802,0226888CAC274D5A,,,,,,,,,,,,,,,29999,,,,20150206,"US,US,reprt,L-246-2015",9.0,US4TB3P0,9.0,282,3,,,2004,,,,"U.S. Navy LIDAR Survey, Archive No. 04HFM01, Scale 1:5,000-1:10,000",20150206,"US,US,reprt,L-246-2015",US4TB3P0,B,0.72,134.5074768,7.2886972
8841,1,2,129,1,550,-2004046809,19802,0226888CAC274D5A,,,,,,,,,,,,,,,29999,,,,20150206,"US,US,reprt,L-246-2015",23.3,US4TB3P0,23.3,283,3,,,2004,,,,"U.S. Navy LIDAR Survey, Archive No. 04HFM01, Scale 1:5,000-1:10,000",20150206,"US,US,reprt,L-246-2015",US4TB3P0,B,0.72,134.5074768,7.2933612
8841,1,2,129,1,550,-2004046809,19802,0226888CAC274D5A,,,,,,,,,,,,,,,29999,,,,20150206,"US,US,reprt,L-246-2015",14.7,US4TB3P0,14.7,284,5,,,1938,1915,,,"Former Japan Chart 481 (Ed. 1940, Rev. 1944), from Japan surveys, Scale 1:25,000",20150206,"US,US,reprt,L-246-2015",US4TB3P0,D,0.22,134.5075378,7.3587027
8841,1,2,129,1,550,-2004046809,19802,0226888CAC274D5A,,,,,,,,,,,,,,,29999,,,,20150206,"US,US,reprt,L-246-2015",33.0,US4TB3P0,33.0,285,5,,,1938,1915,,,"Former Japan Chart 481 (Ed. 1940, Rev. 1944), from Japan surveys, Scale 1:25,000",20150206,"US,US,reprt,L-246-2015",US4TB3P0,D,0.22,134.5078125,7.3564444
8841,1,2,129,1,550,-2004046809,19802,0226888CAC274D5A,,,,,,,,,,,,,,,29999,,,,20150206,"US,US,reprt,L-246-2015",11.4,US4TB3P0,11.4,286,3,,,2004,,,,"U.S. Navy LIDAR Survey, Archive No. 04HFM01, Scale 1:5,000-1:10,000",20150206,"US,US,reprt,L-246-2015",US4TB3P0,B,0.72,134.5078888,7.3017221
8841,1,2,129,1,550,-2004046809,19802,0226888CAC274D5A,,,,,,,,,,,,,,,29999,,,,20150206,"US,US,reprt,L-246-2015",12.7,US4TB3P0,12.7,287,3,,,2004,,,,"U.S. Navy LIDAR Survey, Archive No. 04HFM01, Scale 1:5,000-1:10,000",20150206,"US,US,reprt,L-246-2015",US4TB3P0,B,0.72,134.5080109,7.303236
8841,1,2,129,1,550,-2004046809,19802,0226888CAC274D5A,,,,,,,,,,,,,,,29999,,,,20150206,"US,US,reprt,L-246-2015",9.7,US4TB3P0,9.7,288,3,,,2004,,,,"U.S. Navy LIDAR Survey, Archive No. 04HFM01, Scale 1:5,000-1:10,000",20150206,"US,US,reprt,L-246-2015",US4TB3P0,B,0.72,134.5080261,7.2879887
8841,1,2,129,1,550,-2004046809,19802,0226888CAC274D5A,,,,,,,,,,,,,,,29999,,,,20150206,"US,US,reprt,L-246-2015",0.1,US4TB3P0,0.1,289,3,,,2004,,,,"U.S. Navy LIDAR Survey, Archive No. 04HFM01, Scale 1:5,000-1:10,000",20150206,"US,US,reprt,L-246-2015",US4TB3P0,B,0.72,134.5081177,7.2911058
8841,1,2,129,1,550,-2004046809,19802,0226888CAC274D5A,,,,,,,,,,,,,,,29999,,,,20150206,"US,US,reprt,L-246-2015",493.0,US4TB3P0,493.0,290,5,,,1938,1915,,,"Former Japan Chart 481 (Ed. 1940, Rev. 1944), from Japan surveys, Scale 1:25,000",20150206,"US,US,reprt,L-246-2015",US4TB3P0,D,0.22,134.5081787,7.2822971
8841,1,2,129,1,550,-2004046809,19802,0226888CAC274D5A,,,,,,,,,,,,,,,29999,,,,20150206,"US,US,reprt,L-246-2015",65.0,US4TB3P0,65.0,291,3,,,2004,,,,"U.S. Navy LIDAR Survey, Archive No. 04HFM01, Scale 1:5,000-1:10,000",20150206,"US,US,reprt,L-246-2015",US4TB3P0,B,0.72,134.5083771,7.2886915
8841,1,2,129,1,550,-2004046809,19802,0226888CAC274D5A,,,,,,,,,,,,,,,29999,,,,20150206,"US,US,reprt,L-246-2015",27.9,US4TB3P0,27.9,292,3,,,2004,,,,"U.S. Navy LIDAR Survey, Archive No. 04HFM01, Scale 1:5,000-1:10,000",20150206,"US,US,reprt,L-246-2015",US4TB3P0,B,0.72,134.5084381,7.2994804
8841,1,2,129,1,550,-2004046809,19802,0226888CAC274D5A,,,,,,,,,,,,,,,29999,,,,20150206,"US,US,reprt,L-246-2015",23.9,US4TB3P0,23.9,293,3,,,2004,,,,"U.S. Navy LIDAR Survey, Archive No. 04HFM01, Scale 1:5,000-1:10,000",20150206,"US,US,reprt,L-246-2015",US4TB3P0,B,0.72,134.5088501,7.2976584
8841,1,2,129,1,550,-2004046809,19802,0226888CAC274D5A,,,,,,,,,,,,,,,29999,,,,20150206,"US,US,reprt,L-246-2015",14.7,US4TB3P0,14.7,294,5,,,1938,1915,,,"Former Japan Chart 481 (Ed. 1940, Rev. 1944), from Japan surveys, Scale 1:25,000",20150206,"US,US,reprt,L-246-2015",US4TB3P0,D,0.22,134.5088806,7.357336
8841,1,2,129,1,550,-2004046809,19802,0226888CAC274D5A,,,,,,,,,,,,,,,29999,,,,20150206,"US,US,reprt,L-246-2015",23.9,US4TB3P0,23.9,295,3,,,2004,,,,"U.S. Navy LIDAR Survey, Archive No. 04HFM01, Scale 1:5,000-1:10,000",20150206,"US,US,reprt,L-246-2015",US4TB3P0,B,0.72,134.5090485,7.3011584
8841,1,2,129,1,550,-2004046809,19802,0226888CAC274D5A,,,,,,,,,,,,,,,29999,,,,20150206,"US,US,reprt,L-246-2015",21.2,US4TB3P0,21.2,296,3,,,2004,,,,"U.S. Navy LIDAR Survey, Archive No. 04HFM01, Scale 1:5,000-1:10,000",20150206,"US,US,reprt,L-246-2015",US4TB3P0,B,0.72,134.509079,7.2947445
8841,1,2,129,1,550,-2004046809,19802,0226888CAC274D5A,,,,,,,,,,,,,,,29999,,,,20150206,"US,US,reprt,L-246-2015",6.0,US4TB3P0,6.0,297,3,,,2004,,,,"U.S. Navy LIDAR Survey, Archive No. 04HFM01, Scale 1:5,000-1:10,000",20150206,"US,US,reprt,L-246-2015",US4TB3P0,B,0.72,134.5090942,7.2899637
8841,1,2,129,1,550,-2004046809,19802,0226888CAC274D5A,,,,,,,,,,,,,,,29999,,,,20150206,"US,US,reprt,L-246-2015",27.7,US4TB3P0,27.7,298,3,,,2004,,,,"U.S. Navy LIDAR Survey, Archive No. 04HFM01, Scale 1:5,000-1:10,000",20150206,"US,US,reprt,L-246-2015",US4TB3P0,B,0.72,134.5093994,7.2984419
8841,1,2,129,1,550,-2004046809,19802,0226888CAC274D5A,,,,,,,,,,,,,,,29999,,,,20150206,"US,US,reprt,L-246-2015",23.2,US4TB3P0,23.2,299,3,,,2004,,,,"U.S. Navy LIDAR Survey, Archive No. 04HFM01, Scale 1:5,000-1:10,000",20150206,"US,US,reprt,L-246-2015",US4TB3P0,B,0.72,134.5094299,7.2994194
8841,1,2,129,1,550,-2004046809,19802,0226888CAC274D5A,,,,,,,,,,,,,,,29999,,,,20150206,"US,US,reprt,L-246-2015",183.0,US4TB3P0,183.0,300,3,,,2004,1969,,,"A) U.S. Navy LIDAR Survey, 2004, Archive No. 04HFM01, Scale 1:5,000-1:10,000; B) U.S. Navy Single Beam Survey, 1969, Archive No. 685036, Scale 1:10,000-1:20,000",20150206,"US,US,reprt,L-246-2015",US4TB3P0,B,0.72,134.5095673,7.2875276
8841,1,2,129,1,550,-2004046809,19802,0226888CAC274D5A,,,,,,,,,,,,,,,29999,,,,20150206,"US,US,reprt,L-246-2015",4.9,US4TB3P0,4.9,301,3,,,2004,,,,"U.S. Navy LIDAR Survey, Archive No. 04HFM01, Scale 1:5,000-1:10,000",20150206,"US,US,reprt,L-246-2015",US4TB3P0,B,0.72,134.5095978,7.3036752
8841,1,2,129,1,550,-2004046809,19802,0226888CAC274D5A,,,,,,,,,,,,,,,29999,,,,20150206,"US,US,reprt,L-246-2015",26.1,US4TB3P0,26.1,302,3,,,2004,,,,"U.S. Navy LIDAR Survey, Archive No. 04HFM01, Scale 1:5,000-1:10,000",20150206,"US,US,reprt,L-246-2015",US4TB3P0,B,0.72,134.5097351,7.2961474
8841,1,2,129,1,550,-2004046809,19802,0226888CAC274D5A,,,,,,,,,,,,,,,29999,,,,20150206,"US,US,reprt,L-246-2015",4.3,US4TB3P0,4.3,303,3,,,2004,,,,"U.S. Navy LIDAR Survey, Archive No. 04HFM01, Scale 1:5,000-1:10,000",20150206,"US,US,reprt,L-246-2015",US4TB3P0,B,0.72,134.5097809,7.3043666
8841,1,2,129,1,550,-2004046809,19802,0226888CAC274D5A,,,,,,,,,,,,,,,29999,,,,20150206,"US,US,reprt,L-246-2015",36.0,US4TB3P0,36.0,304,5,,,1938,1915,,,"Former Japan Chart 481 (Ed. 1940, Rev. 1944), from Japan surveys, Scale 1:25,000",20150206,"US,US,reprt,L-246-2015",US4TB3P0,D,0.22,134.5097809,7.3550944
8841,1,2,129,1,550,-2004046809,19802,0226888CAC274D5A,,,,,,,,,,,,,,,29999,,,,20150206,"US,US,reprt,L-246-2015",31.0,US4TB3P0,31.0,305,5,,,1938,1915,,,"Former Japan Chart 481 (Ed. 1940, Rev. 1944), from Japan surveys, Scale 1:25,000",20150206,"US,US,reprt,L-246-2015",US4TB3P0,D,0.22,134.5099182,7.3537278
8841,1,2,129,1,550,-2004046809,19802,0226888CAC274D5A,,,,,,,,,,,,,,,29999,,,,20150206,"US,US,reprt,L-246-2015",13.9,US4TB3P0,13.9,306,5,,,1938,1915,,,"Former Japan Chart 481 (Ed. 1940, Rev. 1944), from Japan surveys, Scale 1:25,000",20150206,"US,US,reprt,L-246-2015",US4TB3P0,D,0.22,134.5099487,7.344686
8841,1,2,129,1,550,-2004046809,19802,0226888CAC274D5A,,,,,,,,,,,,,,,29999,,,,20150206,"US,US,reprt,L-246-2015",22.6,US4TB3P0,22.6,307,3,,,2004,,,,"U.S. Navy LIDAR Survey, Archive No. 04HFM01, Scale 1:5,000-1:10,000",20150206,"US,US,reprt,L-246-2015",US4TB3P0,B,0.72,134.5101624,7.302578
8841,1,2,129,1,550,-2004046809,19802,0226888CAC274D5A,,,,,,,,,,,,,,,29999,,,,20150206,"US,US,reprt,L-246-2015",111.0,US4TB3P0,111.0,308,3,,,2004,,,,"U.S. Navy LIDAR Survey, Archive No. 04HFM01, Scale 1:5,000-1:10,000",20150206,"US,US,reprt,L-246-2015",US4TB3P0,B,0.72,134.5102234,7.2888279
8841,1,2,129,1,550,-2004046809,19802,0226888CAC274D5A,,,,,,,,,,,,,,,29999,,,,20150206,"US,US,reprt,L-246-2015",25.6,US4TB3P0,25.6,309,3,,,2004,,,,"U.S. Navy LIDAR Survey, Archive No. 04HFM01, Scale 1:5,000-1:10,000",20150206,"US,US,reprt,L-246-2015",US4TB3P0,B,0.72,134.5102692,7.2991529
8841,1,2,129,1,550,-2004046809,19802,0226888CAC274D5A,,,,,,,,,,,,,,,29999,,,,20150206,"US,US,reprt,L-246-2015",10.4,US4TB3P0,10.4,310,5,,,1938,1915,,,"Former Japan Chart 481 (Ed. 1940, Rev. 1944), from Japan surveys, Scale 1:25,000",20150206,"US,US,reprt,L-246-2015",US4TB3P0,D,0.22,134.5103302,7.3413363
8841,1,2,129,1,550,-2004046809,19802,0226888CAC274D5A,,,,,,,,,,,,,,,29999,,,,20150206,"US,US,reprt,L-246-2015",47.0,US4TB3P0,47.0,311,3,,,2004,,,,"U.S. Navy LIDAR Survey, Archive No. 04HFM01, Scale 1:5,000-1:10,000",20150206,"US,US,reprt,L-246-2015",US4TB3P0,B,0.72,134.5103607,7.300303
8841,1,2,129,1,550,-2004046809,19802,0226888CAC274D5A,,,,,,,,,,,,,,,29999,,,,20150206,"US,US,reprt,L-246-2015",204.0,US4TB3P0,204.0,312,5,,,1938,1915,,,"Former Japan Chart 481 (Ed. 1940, Rev. 1944), from Japan surveys, Scale 1:25,000",20150206,"US,US,reprt,L-246-2015",US4TB3P0,D,0.22,134.5106201,7.27245
8841,1,2,129,1,550,-2004046809,19802,0226888CAC274D5A,,,,,,,,,,,,,,,29999,,,,20150206,"US,US,reprt,L-246-2015",0.6,US4TB3P0,0.6,313,3,,,2004,,,,"U.S. Navy LIDAR Survey, Archive No. 04HFM01, Scale 1:5,000-1:10,000",20150206,"US,US,reprt,L-246-2015",US4TB3P0,B,0.72,134.5106201,7.2906752
8841,1,2,129,1,550,-2004046809,19802,0226888CAC274D5A,,,,,,,,,,,,,,,29999,,,,20150206,"US,US,reprt,L-246-2015",26.0,US4TB3P0,26.0,314,5,,,1938,1915,,,"Former Japan Chart 481 (Ed. 1940, Rev. 1944), from Japan surveys, Scale 1:25,000",20150206,"US,US,reprt,L-246-2015",US4TB3P0,D,0.22,134.5106812,7.3515248
8841,1,2,129,1,550,-2004046809,19802,0226888CAC274D5A,,,,,,,,,,,,,,,29999,,,,20150206,"US,US,reprt,L-246-2015",9.7,US4TB3P0,9.7,315,5,,,1938,1915,,,"Former Japan Chart 481 (Ed. 1940, Rev. 1944), from Japan surveys, Scale 1:25,000",20150206,"US,US,reprt,L-246-2015",US4TB3P0,D,0.22,134.5107575,7.3550639
8841,1,2,129,1,550,-2004046809,19802,0226888CAC274D5A,,,,,,,,,,,,,,,29999,,,,20150206,"US,US,reprt,L-246-2015",25.0,US4TB3P0,25.0,316,3,,,2004,,,,"U.S. Navy LIDAR Survey, Archive No. 04HFM01, Scale 1:5,000-1:10,000",20150206,"US,US,reprt,L-246-2015",US4TB3P0,B,0.72,134.5107727,7.2984223
8841,1,2,129,1,550,-2004046809,19802,0226888CAC274D5A,,,,,,,,,,,,,,,29999,,,,20150206,"US,US,reprt,L-246-2015",16.7,US4TB3P0,16.7,317,5,,,1938,1915,,,"Former Japan Chart 481 (Ed. 1940, Rev. 1944), from Japan surveys, Scale 1:25,000",20150206,"US,US,reprt,L-246-2015",US4TB3P0,D,0.22,134.5108337,7.3460221
8841,1,2,129,1,550,-2004046809,19802,0226888CAC274D5A,,,,,,,,,,,,,,,29999,,,,20150206,"US,US,reprt,L-246-2015",28.0,US4TB3P0,28.0,318,3,,,2004,,,,"U.S. Navy LIDAR Survey, Archive No. 04HFM01, Scale 1:5,000-1:10,000",20150206,"US,US,reprt,L-246-2015",US4TB3P0,B,0.72,134.5110169,7.2948279
8841,1,2,129,1,550,-2004046809,19802,0226888CAC274D5A,,,,,,,,,,,,,,,29999,,,,20150206,"US,US,reprt,L-246-2015",12.0,US4TB3P0,12.0,319,5,,,1938,1915,,,"Former Japan Chart 481 (Ed. 1940, Rev. 1944), from Japan surveys, Scale 1:25,000",20150206,"US,US,reprt,L-246-2015",US4TB3P0,D,0.22,134.5110779,7.3432221
8841,1,2,129,1,550,-2004046809,19802,0226888CAC274D5A,,,,,,,,,,,,,,,29999,,,,20150206,"US,US,reprt,L-246-2015",16.2,US4TB3P0,16.2,320,3,,,2004,,,,"U.S. Navy LIDAR Survey, Archive No. 04HFM01, Scale 1:5,000-1:10,000",20150206,"US,US,reprt,L-246-2015",US4TB3P0,B,0.72,134.511261,7.304872
8841,1,2,129,1,550,-2004046809,19802,0226888CAC274D5A,,,,,,,,,,,,,,,29999,,,,20150206,"US,US,reprt,L-246-2015",172.0,US4TB3P0,172.0,321,5,,,1938,1915,,,"Former Japan Chart 481 (Ed. 1940, Rev. 1944), from Japan surveys, Scale 1:25,000",20150206,"US,US,reprt,L-246-2015",US4TB3P0,D,0.22,134.5113068,7.2745833
8841,1,2,129,1,550,-2004046809,19802,0226888CAC274D5A,,,,,,,,,,,,,,,29999,,,,20150206,"US,US,reprt,L-246-2015",42.0,US4TB3P0,42.0,322,3,,,2004,,,,"U.S. Navy LIDAR Survey, Archive No. 04HFM01, Scale 1:5,000-1:10,000",20150206,"US,US,reprt,L-246-2015",US4TB3P0,B,0.72,134.5114899,7.3014221
8841,1,2,129,1,550,-2004046809,19802,0226888CAC274D5A,,,,,,,,,,,,,,,29999,,,,20150206,"US,US,reprt,L-246-2015",32.0,US4TB3P0,32.0,323,5,,,1938,1915,,,"Former Japan Chart 481 (Ed. 1940, Rev. 1944), from Japan surveys, Scale 1:25,000",20150206,"US,US,reprt,L-246-2015",US4TB3P0,D,0.22,134.5114899,7.3525944
8841,1,2,129,1,550,-2004046809,19802,0226888CAC274D5A,,,,,,,,,,,,,,,29999,,,,20150206,"US,US,reprt,L-246-2015",18.6,US4TB3P0,18.6,324,3,,,2004,,,,"U.S. Navy LIDAR Survey, Archive No. 04HFM01, Scale 1:5,000-1:10,000",20150206,"US,US,reprt,L-246-2015",US4TB3P0,B,0.72,134.5115509,7.3039918
8841,1,2,129,1,550,-2004046809,19802,0226888CAC274D5A,,,,,,,,,,,,,,,29999,,,,20150206,"US,US,reprt,L-246-2015",4.3,US4TB3P0,4.3,325,3,,,2004,,,,"U.S. Navy LIDAR Survey, Archive No. 04HFM01, Scale 1:5,000-1:10,000",20150206,"US,US,reprt,L-246-2015",US4TB3P0,B,0.72,134.5115662,7.2899084
8841,1,2,129,1,550,-2004046809,19802,0226888CAC274D5A,,,,,,,,,,,,,,,29999,,,,20150206,"US,US,reprt,L-246-2015",25.7,US4TB3P0,25.7,326,3,,,2004,,,,"U.S. Navy LIDAR Survey, Archive No. 04HFM01, Scale 1:5,000-1:10,000",20150206,"US,US,reprt,L-246-2015",US4TB3P0,B,0.72,134.5115814,7.2932749
8841,1,2,129,1,550,-2004046809,19802,0226888CAC274D5A,,,,,,,,,,,,,,,29999,,,,20150206,"US,US,reprt,L-246-2015",314.0,US4TB3P0,314.0,327,5,,,1938,1915,,,"Former Japan Chart 481 (Ed. 1940, Rev. 1944), from Japan surveys, Scale 1:25,000",20150206,"US,US,reprt,L-246-2015",US4TB3P0,D,0.22,134.5116425,7.2858667
8841,1,2,129,1,550,-2004046809,19802,0226888CAC274D5A,,,,,,,,,,,,,,,29999,,,,20150206,"US,US,reprt,L-246-2015",181.0,US4TB3P0,181.0,328,5,,,1938,1915,,,"Former Japan Chart 481 (Ed. 1940, Rev. 1944), from Japan surveys, Scale 1:25,000",20150206,"US,US,reprt,L-246-2015",US4TB3P0,D,0.22,134.5116882,7.2729998
8841,1,2,129,1,550,-2004046809,19802,0226888CAC274D5A,,,,,,,,,,,,,,,29999,,,,20150206,"US,US,reprt,L-246-2015",15.7,US4TB3P0,15.7,329,5,,,1938,1915,,,"Former Japan Chart 481 (Ed. 1940, Rev. 1944), from Japan surveys, Scale 1:25,000",20150206,"US,US,reprt,L-246-2015",US4TB3P0,D,0.22,134.5117035,7.3543363
8841,1,2,129,1,550,-2004046809,19802,0226888CAC274D5A,,,,,,,,,,,,,,,29999,,,,20150206,"US,US,reprt,L-246-2015",17.5,US4TB3P0,17.5,330,5,,,1938,1915,,,"Former Japan Chart 481 (Ed. 1940, Rev. 1944), from Japan surveys, Scale 1:25,000",20150206,"US,US,reprt,L-246-2015",US4TB3P0,D,0.22,134.5118103,7.348125
8841,1,2,129,1,550,-2004046809,19802,0226888CAC274D5A,,,,,,,,,,,,,,,29999,,,,20150206,"US,US,reprt,L-246-2015",29.0,US4TB3P0,29.0,331,5,,,1938,1915,,,"Former Japan Chart 481 (Ed. 1940, Rev. 1944), from Japan surveys, Scale 1:25,000",20150206,"US,US,reprt,L-246-2015",US4TB3P0,D,0.22,134.5118866,7.3508639
8841,1,2,129,1,550,-2004046809,19802,0226888CAC274D5A,,,,,,,,,,,,,,,29999,,,,20150206,"US,US,reprt,L-246-2015",25.0,US4TB3P0,25.0,332,5,,,1938,1915,,,"Former Japan Chart 481 (Ed. 1940, Rev. 1944), from Japan surveys, Scale 1:25,000",20150206,"US,US,reprt,L-246-2015",US4TB3P0,D,0.22,134.5121765,7.3450666
8841,1,2,129,1,550,-2004046809,19802,0226888CAC274D5A,,,,,,,,,,,,,,,29999,,,,20150206,"US,US,reprt,L-246-2015",25.5,US4TB3P0,25.5,333,3,,,2004,,,,"U.S. Navy LIDAR Survey, Archive No. 04HFM01, Scale 1:5,000-1:10,000",20150206,"US,US,reprt,L-246-2015",US4TB3P0,B,0.72,134.5122833,7.2973862
8841,1,2,129,1,550,-2004046809,19802,0226888CAC274D5A,,,,,,,,,,,,,,,29999,,,,20150206,"US,US,reprt,L-246-2015",0.4,US4TB3P0,0.4,334,3,,,2004,,,,"U.S. Navy LIDAR Survey, Archive No. 04HFM01, Scale 1:5,000-1:10,000",20150206,"US,US,reprt,L-246-2015",US4TB3P0,B,0.72,134.5123291,7.2913055
8841,1,2,129,1,550,-2004046809,19802,0226888CAC274D5A,,,,,,,,,,,,,,,29999,,,,20150206,"US,US,reprt,L-246-2015",45.0,US4TB3P0,45.0,335,3,,,2004,,,,"U.S. Navy LIDAR Survey, Archive No. 04HFM01, Scale 1:5,000-1:10,000",20150206,"US,US,reprt,L-246-2015",US4TB3P0,B,0.72,134.5123291,7.2999082
8841,1,2,129,1,550,-2004046809,19802,0226888CAC274D5A,,,,,,,,,,,,,,,29999,,,,20150206,"US,US,reprt,L-246-2015",8.1,US4TB3P0,8.1,336,3,,,2004,,,,"U.S. Navy LIDAR Survey, Archive No. 04HFM01, Scale 1:5,000-1:10,000",20150206,"US,US,reprt,L-246-2015",US4TB3P0,B,0.72,134.5124664,7.2894945
8841,1,2,129,1,550,-2004046809,19802,0226888CAC274D5A,,,,,,,,,,,,,,,29999,,,,20150206,"US,US,reprt,L-246-2015",157.0,US4TB3P0,157.0,337,5,,,1938,1915,,,"Former Japan Chart 481 (Ed. 1940, Rev. 1944), from Japan surveys, Scale 1:25,000",20150206,"US,US,reprt,L-246-2015",US4TB3P0,D,0.22,134.5125122,7.2753196
8841,1,2,129,1,550,-2004046809,19802,0226888CAC274D5A,,,,,,,,,,,,,,,29999,,,,20150206,"US,US,reprt,L-246-2015",3.9,US4TB3P0,3.9,338,5,,,1938,1915,,,"Former Japan Chart 481 (Ed. 1940, Rev. 1944), from Japan surveys, Scale 1:25,000",20150206,"US,US,reprt,L-246-2015",US4TB3P0,D,0.22,134.5125122,7.3468332
8841,1,2,129,1,550,-2004046809,19802,0226888CAC274D5A,,,,,,,,,,,,,,,29999,,,,20150206,"US,US,reprt,L-246-2015",185.0,US4TB3P0,185.0,339,3,,,2004,1969,,,"A) U.S. Navy LIDAR Survey, 2004, Archive No. 04HFM01, Scale 1:5,000-1:10,000; B) U.S. Navy Single Beam Survey, 1969, Archive No. 685036, Scale 1:10,000-1:20,000",20150206,"US,US,reprt,L-246-2015",US4TB3P0,B,0.72,134.512619,7.2881947
8841,1,2,129,1,550,-2004046809,19802,0226888CAC274D5A,,,,,,,,,,,,,,,29999,,,,20150206,"US,US,reprt,L-246-2015",477.0,US4TB3P0,477.0,340,5,,,1938,1915,,,"Former Japan Chart 481 (Ed. 1940, Rev. 1944), from Japan surveys, Scale 1:25,000",20150206,"US,US,reprt,L-246-2015",US4TB3P0,D,0.22,134.5127869,7.2818389
8841,1,2,129,1,550,-2004046809,19802,0226888CAC274D5A,,,,,,,,,,,,,,,29999,,,,20150206,"US,US,reprt,L-246-2015",30.0,US4TB3P0,30.0,341,5,,,1938,1915,,,"Former Japan Chart 481 (Ed. 1940, Rev. 1944), from Japan surveys, Scale 1:25,000",20150206,"US,US,reprt,L-246-2015",US4TB3P0,D,0.22,134.5128021,7.352025
8841,1,2,129,1,550,-2004046809,19802,0226888CAC274D5A,,,,,,,,,,,,,,,29999,,,,20150206,"US,US,reprt,L-246-2015",18.5,US4TB3P0,18.5,342,5,,,1938,1915,,,"Former Japan Chart 481 (Ed. 1940, Rev. 1944), from Japan surveys, Scale 1:25,000",20150206,"US,US,reprt,L-246-2015",US4TB3P0,D,0.22,134.5128937,7.3435669
8841,1,2,129,1,550,-2004046809,19802,0226888CAC274D5A,,,,,,,,,,,,,,,29999,,,,20150206,"US,US,reprt,L-246-2015",17.2,US4TB3P0,17.2,343,3,,,2004,,,,"U.S. Navy LIDAR Survey, Archive No. 04HFM01, Scale 1:5,000-1:10,000",20150206,"US,US,reprt,L-246-2015",US4TB3P0,B,0.72,134.51297,7.3033471
8841,1,2,129,1,550,-2004046809,19802,0226888CAC274D5A,,,,,,,,,,,,,,,29999,,,,20150206,"US,US,reprt,L-246-2015",9.7,US4TB3P0,9.7,344,3,,,2004,,,,"U.S. Navy LIDAR Survey, Archive No. 04HFM01, Scale 1:5,000-1:10,000",20150206,"US,US,reprt,L-246-2015",US4TB3P0,B,0.72,134.5130158,7.3529553
8841,1,2,129,1,550,-2004046809,19802,0226888CAC274D5A,,,,,,,,,,,,,,,29999,,,,20150206,"US,US,reprt,L-246-2015",5.5,US4TB3P0,5.5,345,5,,,1938,1915,,,"Former Japan Chart 481 (Ed. 1940, Rev. 1944), from Japan surveys, Scale 1:25,000",20150206,"US,US,reprt,L-246-2015",US4TB3P0,D,0.22,134.5130615,7.3487444
8841,1,2,129,1,550,-2004046809,19802,0226888CAC274D5A,,,,,,,,,,,,,,,29999,,,,20150206,"US,US,reprt,L-246-2015",16.6,US4TB3P0,16.6,346,5,,,1938,1915,,,"Former Japan Chart 481 (Ed. 1940, Rev. 1944), from Japan surveys, Scale 1:25,000",20150206,"US,US,reprt,L-246-2015",US4TB3P0,D,0.22,134.5131226,7.3426528
8841,1,2,129,1,550,-2004046809,19802,0226888CAC274D5A,,,,,,,,,,,,,,,29999,,,,20150206,"US,US,reprt,L-246-2015",13.7,US4TB3P0,13.7,347,5,,,1938,1915,,,"Former Japan Chart 481 (Ed. 1940, Rev. 1944), from Japan surveys, Scale 1:25,000",20150206,"US,US,reprt,L-246-2015",US4TB3P0,D,0.22,134.5131378,7.3461919
8841,1,2,129,1,550,-2004046809,19802,0226888CAC274D5A,,,,,,,,,,,,,,,29999,,,,20150206,"US,US,reprt,L-246-2015",4.6,US4TB3P0,4.6,348,3,,,2004,,,,"U.S. Navy LIDAR Survey, Archive No. 04HFM01, Scale 1:5,000-1:10,000",20150206,"US,US,reprt,L-246-2015",US4TB3P0,B,0.72,134.5131531,7.2901526
8841,1,2,129,1,550,-2004046809,19802,0226888CAC274D5A,,,,,,,,,,,,,,,29999,,,,20150206,"US,US,reprt,L-246-2015",24.6,US4TB3P0,24.6,349,3,,,2004,,,,"U.S. Navy LIDAR Survey, Archive No. 04HFM01, Scale 1:5,000-1:10,000",20150206,"US,US,reprt,L-246-2015",US4TB3P0,B,0.72,134.5132752,7.2957778
8841,1,2,129,1,550,-2004046809,19802,0226888CAC274D5A,,,,,,,,,,,,,,,29999,,,,20150206,"US,US,reprt,L-246-2015",0.2,US4TB3P0,0.2,350,3,,,2004,,,,"U.S. Navy LIDAR Survey, Archive No. 04HFM01, Scale 1:5,000-1:10,000",20150206,"US,US,reprt,L-246-2015",US4TB3P0,B,0.72,134.513504,7.2916279
8841,1,2,129,1,550,-2004046809,19802,0226888CAC274D5A,,,,,,,,,,,,,,,29999,,,,20150206,"US,US,reprt,L-246-2015",11.9,US4TB3P0,11.9,351,5,,,1938,1915,,,"Former Japan Chart 481 (Ed. 1940, Rev. 1944), from Japan surveys, Scale 1:25,000",20150206,"US,US,reprt,L-246-2015",US4TB3P0,D,0.22,134.5135956,7.3468447
8841,1,2,129,1,550,-2004046809,19802,0226888CAC274D5A,,,,,,,,,,,,,,,29999,,,,20150206,"US,US,reprt,L-246-2015",8.0,US4TB3P0,8.0,352,3,,,2004,,,,"U.S. Navy LIDAR Survey, Archive No. 04HFM01, Scale 1:5,000-1:10,000",20150206,"US,US,reprt,L-246-2015",US4TB3P0,B,0.72,134.5137787,7.2902498
8841,1,2,129,1,550,-2004046809,19802,0226888CAC274D5A,,,,,,,,,,,,,,,29999,,,,20150206,"US,US,reprt,L-246-2015",134.0,US4TB3P0,134.0,353,5,,,1938,1915,,,"Former Japan Chart 481 (Ed. 1940, Rev. 1944), from Japan surveys, Scale 1:25,000",20150206,"US,US,reprt,L-246-2015",US4TB3P0,D,0.22,134.5138245,7.2759085
8841,1,2,129,1,550,-2004046809,19802,0226888CAC274D5A,,,,,,,,,,,,,,,29999,,,,20150206,"US,US,reprt,L-246-2015",21.4,US4TB3P0,21.4,354,3,,,2004,,,,"U.S. Navy LIDAR Survey, Archive No. 04HFM01, Scale 1:5,000-1:10,000",20150206,"US,US,reprt,L-246-2015",US4TB3P0,B,0.72,134.5140991,7.2994833
8841,1,2,129,1,550,-2004046809,19802,0226888CAC274D5A,,,,,,,,,,,,,,,29999,,,,20150206,"US,US,reprt,L-246-2015",30.0,US4TB3P0,30.0,355,5,,,1938,1915,,,"Former Japan Chart 481 (Ed. 1940, Rev. 1944), from Japan surveys, Scale 1:25,000",20150206,"US,US,reprt,L-246-2015",US4TB3P0,D,0.22,134.5140991,7.3484445
8841,1,2,129,1,550,-2004046809,19802,0226888CAC274D5A,,,,,,,,,,,,,,,29999,,,,20150206,"US,US,reprt,L-246-2015",0.6,US4TB3P0,0.6,356,3,,,2004,,,,"U.S. Navy LIDAR Survey, Archive No. 04HFM01, Scale 1:5,000-1:10,000",20150206,"US,US,reprt,L-246-2015",US4TB3P0,B,0.72,134.5141144,7.2936196
8841,1,2,129,1,550,-2004046809,19802,0226888CAC274D5A,,,,,,,,,,,,,,,29999,,,,20150206,"US,US,reprt,L-246-2015",22.9,US4TB3P0,22.9,357,3,,,2004,,,,"U.S. Navy LIDAR Survey, Archive No. 04HFM01, Scale 1:5,000-1:10,000",20150206,"US,US,reprt,L-246-2015",US4TB3P0,B,0.72,134.5141144,7.3024583
8841,1,2,129,1,550,-2004046809,19802,0226888CAC274D5A,,,,,,,,,,,,,,,29999,,,,20150206,"US,US,reprt,L-246-2015",14.1,US4TB3P0,14.1,358,5,,,1938,1915,,,"Former Japan Chart 481 (Ed. 1940, Rev. 1944), from Japan surveys, Scale 1:25,000",20150206,"US,US,reprt,L-246-2015",US4TB3P0,D,0.22,134.5141296,7.3409305
8841,1,2,129,1,550,-2004046809,19802,0226888CAC274D5A,,,,,,,,,,,,,,,29999,,,,20150206,"US,US,reprt,L-246-2015",3.9,US4TB3P0,3.9,359,3,,,2004,,,,"U.S. Navy LIDAR Survey, Archive No. 04HFM01, Scale 1:5,000-1:10,000",20150206,"US,US,reprt,L-246-2015",US4TB3P0,B,0.72,134.5141754,7.291564
8841,1,2,129,1,550,-2004046809,19802,0226888CAC274D5A,,,,,,,,,,,,,,,29999,,,,20150206,"US,US,reprt,L-246-2015",18.3,US4TB3P0,18.3,360,3,,,2004,,,,"U.S. Navy LIDAR Survey, Archive No. 04HFM01, Scale 1:5,000-1:10,000",20150206,"US,US,reprt,L-246-2015",US4TB3P0,B,0.72,134.5141907,7.3007083
8841,1,2,129,1,550,-2004046809,19802,0226888CAC274D5A,,,,,,,,,,,,,,,29999,,,,20150206,"US,US,reprt,L-246-2015",30.0,US4TB3P0,30.0,361,5,,,1938,1915,,,"Former Japan Chart 481 (Ed. 1940, Rev. 1944), from Japan surveys, Scale 1:25,000",20150206,"US,US,reprt,L-246-2015",US4TB3P0,D,0.22,134.5141907,7.3506193
8841,1,2,129,1,550,-2004046809,19802,0226888CAC274D5A,,,,,,,,,,,,,,,29999,,,,20150206,"US,US,reprt,L-246-2015",28.2,US4TB3P0,28.2,362,3,,,2004,,,,"U.S. Navy LIDAR Survey, Archive No. 04HFM01, Scale 1:5,000-1:10,000",20150206,"US,US,reprt,L-246-2015",US4TB3P0,B,0.72,134.5144501,7.2967305
8841,1,2,129,1,550,-2004046809,19802,0226888CAC274D5A,,,,,,,,,,,,,,,29999,,,,20150206,"US,US,reprt,L-246-2015",29.0,US4TB3P0,29.0,363,3,,,2004,,,,"U.S. Navy LIDAR Survey, Archive No. 04HFM01, Scale 1:5,000-1:10,000",20150206,"US,US,reprt,L-246-2015",US4TB3P0,B,0.72,134.5145721,7.2986527
8841,1,2,129,1,550,-2004046809,19802,0226888CAC274D5A,,,,,,,,,,,,,,,29999,,,,20150206,"US,US,reprt,L-246-2015",26.1,US4TB3P0,26.1,364,3,,,2004,,,,"U.S. Navy LIDAR Survey, Archive No. 04HFM01, Scale 1:5,000-1:10,000",20150206,"US,US,reprt,L-246-2015",US4TB3P0,B,0.72,134.5146942,7.2952113
8841,1,2,129,1,550,-2004046809,19802,0226888CAC274D5A,,,,,,,,,,,,,,,29999,,,,20150206,"US,US,reprt,L-246-2015",11.4,US4TB3P0,11.4,365,5,,,1938,1915,,,"Former Japan Chart 481 (Ed. 1940, Rev. 1944), from Japan surveys, Scale 1:25,000",20150206,"US,US,reprt,L-246-2015",US4TB3P0,D,0.22,134.5148926,7.3503833
8841,1,2,129,1,550,-2004046809,19802,0226888CAC274D5A,,,,,,,,,,,,,,,29999,,,,20150206,"US,US,reprt,L-246-2015",31.0,US4TB3P0,31.0,366,5,,,1938,1915,,,"Former Japan Chart 481 (Ed. 1940, Rev. 1944), from Japan surveys, Scale 1:25,000",20150206,"US,US,reprt,L-246-2015",US4TB3P0,D,0.22,134.5149384,7.3472834
8841,1,2,129,1,550,-2004046809,19802,0226888CAC274D5A,,,,,,,,,,,,,,,29999,,,,20150206,"US,US,reprt,L-246-2015",120.0,US4TB3P0,120.0,367,5,,,1938,1915,,,"Former Japan Chart 481 (Ed. 1940, Rev. 1944), from Japan surveys, Scale 1:25,000",20150206,"US,US,reprt,L-246-2015",US4TB3P0,D,0.22,134.5149841,7.2766833
8841,1,2,129,1,550,-2004046809,19802,0226888CAC274D5A,,,,,,,,,,,,,,,29999,,,,20150206,"US,US,reprt,L-246-2015",109.0,US4TB3P0,109.0,368,3,,,2004,,,,"U.S. Navy LIDAR Survey, Archive No. 04HFM01, Scale 1:5,000-1:10,000",20150206,"US,US,reprt,L-246-2015",US4TB3P0,B,0.72,134.5150604,7.290297
8841,1,2,129,1,550,-2004046809,19802,0226888CAC274D5A,,,,,,,,,,,,,,,29999,,,,20150206,"US,US,reprt,L-246-2015",30.0,US4TB3P0,30.0,369,5,,,1938,1915,,,"Former Japan Chart 481 (Ed. 1940, Rev. 1944), from Japan surveys, Scale 1:25,000",20150206,"US,US,reprt,L-246-2015",US4TB3P0,D,0.22,134.5151672,7.3457947
8841,1,2,129,1,550,-2004046809,19802,0226888CAC274D5A,,,,,,,,,,,,,,,29999,,,,20150206,"US,US,reprt,L-246-2015",17.8,US4TB3P0,17.8,370,3,,,2004,,,,"U.S. Navy LIDAR Survey, Archive No. 04HFM01, Scale 1:5,000-1:10,000",20150206,"US,US,reprt,L-246-2015",US4TB3P0,B,0.72,134.515213,7.3042388
8841,1,2,129,1,550,-2004046809,19802,0226888CAC274D5A,,,,,,,,,,,,,,,29999,,,,20150206,"US,US,reprt,L-246-2015",14.7,US4TB3P0,14.7,371,5,,,1938,1915,,,"Former Japan Chart 481 (Ed. 1940, Rev. 1944), from Japan surveys, Scale 1:25,000",20150206,"US,US,reprt,L-246-2015",US4TB3P0,D,0.22,134.5152283,7.3396583
8841,1,2,129,1,550,-2004046809,19802,0226888CAC274D5A,,,,,,,,,,,,,,,29999,,,,20150206,"US,US,reprt,L-246-2015",365.0,US4TB3P0,365.0,372,5,,,1938,1915,,,"Former Japan Chart 481 (Ed. 1940, Rev. 1944), from Japan surveys, Scale 1:25,000",20150206,"US,US,reprt,L-246-2015",US4TB3P0,D,0.22,134.5153046,7.2847972
8841,1,2,129,1,550,-2004046809,19802,0226888CAC274D5A,,,,,,,,,,,,,,,29999,,,,20150206,"US,US,reprt,L-246-2015",7.6,US4TB3P0,7.6,373,3,,,2004,,,,"U.S. Navy LIDAR Survey, Archive No. 04HFM01, Scale 1:5,000-1:10,000",20150206,"US,US,reprt,L-246-2015",US4TB3P0,B,0.72,134.5153656,7.2915387
8841,1,2,129,1,550,-2004046809,19802,0226888CAC274D5A,,,,,,,,,,,,,,,29999,,,,20150206,"US,US,reprt,L-246-2015",31.0,US4TB3P0,31.0,374,3,,,2004,,,,"U.S. Navy LIDAR Survey, Archive No. 04HFM01, Scale 1:5,000-1:10,000",20150206,"US,US,reprt,L-246-2015",US4TB3P0,B,0.72,134.5154114,7.2974777
8841,1,2,129,1,550,-2004046809,19802,0226888CAC274D5A,,,,,,,,,,,,,,,29999,,,,20150206,"US,US,reprt,L-246-2015",36.0,US4TB3P0,36.0,375,3,,,2004,,,,"U.S. Navy LIDAR Survey, Archive No. 04HFM01, Scale 1:5,000-1:10,000",20150206,"US,US,reprt,L-246-2015",US4TB3P0,B,0.72,134.5155945,7.2996669
8841,1,2,129,1,550,-2004046809,19802,0226888CAC274D5A,,,,,,,,,,,,,,,29999,,,,20150206,"US,US,reprt,L-246-2015",21.6,US4TB3P0,21.6,376,3,,,2004,,,,"U.S. Navy LIDAR Survey, Archive No. 04HFM01, Scale 1:5,000-1:10,000",20150206,"US,US,reprt,L-246-2015",US4TB3P0,B,0.72,134.5156097,7.3057084
8841,1,2,129,1,550,-2004046809,19802,0226888CAC274D5A,,,,,,,,,,,,,,,29999,,,,20150206,"US,US,reprt,L-246-2015",34.0,US4TB3P0,34.0,377,5,,,1938,1915,,,"Former Japan Chart 481 (Ed. 1940, Rev. 1944), from Japan surveys, Scale 1:25,000",20150206,"US,US,reprt,L-246-2015",US4TB3P0,D,0.22,134.5156097,7.3420639
8841,1,2,129,1,550,-2004046809,19802,0226888CAC274D5A,,,,,,,,,,,,,,,29999,,,,20150206,"US,US,reprt,L-246-2015",36.0,US4TB3P0,36.0,378,3,,,2004,,,,"U.S. Navy LIDAR Survey, Archive No. 04HFM01, Scale 1:5,000-1:10,000",20150206,"US,US,reprt,L-246-2015",US4TB3P0,B,0.72,134.5156403,7.3009224
8841,1,2,129,1,550,-2004046809,19802,0226888CAC274D5A,,,,,,,,,,,,,,,29999,,,,20150206,"US,US,reprt,L-246-2015",17.1,US4TB3P0,17.1,379,5,,,1938,1915,,,"Former Japan Chart 481 (Ed. 1940, Rev. 1944), from Japan surveys, Scale 1:25,000",20150206,"US,US,reprt,L-246-2015",US4TB3P0,D,0.22,134.5157623,7.3446002
8841,1,2,129,1,550,-2004046809,19802,0226888CAC274D5A,,,,,,,,,,,,,,,29999,,,,20150206,"US,US,reprt,L-246-2015",4.4,US4TB3P0,4.4,380,3,,,2004,,,,"U.S. Navy LIDAR Survey, Archive No. 04HFM01, Scale 1:5,000-1:10,000",20150206,"US,US,reprt,L-246-2015",US4TB3P0,B,0.72,134.5157929,7.2922335
8841,1,2,129,1,550,-2004046809,19802,0226888CAC274D5A,,,,,,,,,,,,,,,29999,,,,20150206,"US,US,reprt,L-246-2015",4.5,US4TB3P0,4.5,381,5,,,1938,1915,,,"Former Japan Chart 481 (Ed. 1940, Rev. 1944), from Japan surveys, Scale 1:25,000",20150206,"US,US,reprt,L-246-2015",US4TB3P0,D,0.22,134.5158234,7.3436942
8841,1,2,129,1,550,-2004046809,19802,0226888CAC274D5A,,,,,,,,,,,,,,,29999,,,,20150206,"US,US,reprt,L-246-2015",24.0,US4TB3P0,24.0,382,3,,,2004,,,,"U.S. Navy LIDAR Survey, Archive No. 04HFM01, Scale 1:5,000-1:10,000",20150206,"US,US,reprt,L-246-2015",US4TB3P0,B,0.72,134.5159302,7.3030863
8841,1,2,129,1,550,-2004046809,19802,0226888CAC274D5A,,,,,,,,,,,,,,,29999,,,,20150206,"US,US,reprt,L-246-2015",3.3,US4TB3P0,3.3,383,3,,,2004,,,,"U.S. Navy LIDAR Survey, Archive No. 04HFM01, Scale 1:5,000-1:10,000",20150206,"US,US,reprt,L-246-2015",US4TB3P0,B,0.72,134.516037,7.2953553
8841,1,2,129,1,550,-2004046809,19802,0226888CAC274D5A,,,,,,,,,,,,,,,29999,,,,20150206,"US,US,reprt,L-246-2015",21.6,US4TB3P0,21.6,384,3,,,2004,,,,"U.S. Navy LIDAR Survey, Archive No. 04HFM01, Scale 1:5,000-1:10,000",20150206,"US,US,reprt,L-246-2015",US4TB3P0,B,0.72,134.516098,7.2939029
8841,1,2,129,1,550,-2004046809,19802,0226888CAC274D5A,,,,,,,,,,,,,,,29999,,,,20150206,"US,US,reprt,L-246-2015",6.1,US4TB3P0,6.1,385,5,,,1938,1915,,,"Former Japan Chart 481 (Ed. 1940, Rev. 1944), from Japan surveys, Scale 1:25,000",20150206,"US,US,reprt,L-246-2015",US4TB3P0,D,0.22,134.5161133,7.3429084
8841,1,2,129,1,550,-2004046809,19802,0226888CAC274D5A,,,,,,,,,,,,,,,29999,,,,20150206,"US,US,reprt,L-246-2015",9.9,US4TB3P0,9.9,386,3,,,2004,,,,"U.S. Navy LIDAR Survey, Archive No. 04HFM01, Scale 1:5,000-1:10,000",20150206,"US,US,reprt,L-246-2015",US4TB3P0,B,0.72,134.5162048,7.3494778
8841,1,2,129,1,550,-2004046809,19802,0226888CAC274D5A,,,,,,,,,,,,,,,29999,,,,20150206,"US,US,reprt,L-246-2015",26.9,US4TB3P0,26.9,387,3,,,2004,,,,"U.S. Navy LIDAR Survey, Archive No. 04HFM01, Scale 1:5,000-1:10,000",20150206,"US,US,reprt,L-246-2015",US4TB3P0,B,0.72,134.5164185,7.2986083
8841,1,2,129,1,550,-2004046809,19802,0226888CAC274D5A,,,,,,,,,,,,,,,29999,,,,20150206,"US,US,reprt,L-246-2015",36.0,US4TB3P0,36.0,388,5,,,1938,1915,,,"Former Japan Chart 481 (Ed. 1940, Rev. 1944), from Japan surveys, Scale 1:25,000",20150206,"US,US,reprt,L-246-2015",US4TB3P0,D,0.22,134.5164337,7.3394303
8841,1,2,129,1,550,-2004046809,19802,0226888CAC274D5A,,,,,,,,,,,,,,,29999,,,,20150206,"US,US,reprt,L-246-2015",28.0,US4TB3P0,28.0,389,3,,,2004,,,,"U.S. Navy LIDAR Survey, Archive No. 04HFM01, Scale 1:5,000-1:10,000",20150206,"US,US,reprt,L-246-2015",US4TB3P0,B,0.72,134.5164337,7.3483362
8841,1,2,129,1,550,-2004046809,19802,0226888CAC274D5A,,,,,,,,,,,,,,,29999,,,,20150206,"US,US,reprt,L-246-2015",17.2,US4TB3P0,17.2,390,3,,,2004,1969,,,"A) U.S. Navy LIDAR Survey, 2004, Archive No. 04HFM01, Scale 1:5,000-1:10,000; B) U.S. Navy Single Beam Survey, 1969, Archive No. 685036, Scale 1:10,000-1:20,000",20150206,"US,US,reprt,L-246-2015",US4TB3P0,B,0.72,134.5164795,7.2905359
8841,1,2,129,1,550,-2004046809,19802,0226888CAC274D5A,,,,,,,,,,,,,,,29999,,,,20150206,"US,US,reprt,L-246-2015",8.1,US4TB3P0,8.1,391,3,,,2004,,,,"U.S. Navy LIDAR Survey, Archive No. 04HFM01, Scale 1:5,000-1:10,000",20150206,"US,US,reprt,L-246-2015",US4TB3P0,B,0.72,134.5165405,7.2915859
8841,1,2,129,1,550,-2004046809,19802,0226888CAC274D5A,,,,,,,,,,,,,,,29999,,,,20150206,"US,US,reprt,L-246-2015",15.9,US4TB3P0,15.9,392,5,,,1938,1915,,,"Former Japan Chart 481 (Ed. 1940, Rev. 1944), from Japan surveys, Scale 1:25,000",20150206,"US,US,reprt,L-246-2015",US4TB3P0,D,0.22,134.516571,7.3424692
8841,1,2,129,1,550,-2004046809,19802,0226888CAC274D5A,,,,,,,,,,,,,,,29999,,,,20150206,"US,US,reprt,L-246-2015",14.4,US4TB3P0,14.4,393,3,,,2004,,,,"U.S. Navy LIDAR Survey, Archive No. 04HFM01, Scale 1:5,000-1:10,000",20150206,"US,US,reprt,L-246-2015",US4TB3P0,B,0.72,134.5166168,7.3019276
8841,1,2,129,1,550,-2004046809,19802,0226888CAC274D5A,,,,,,,,,,,,,,,29999,,,,20150206,"US,US,reprt,L-246-2015",135.0,US4TB3P0,135.0,394,3,,,2004,1969,,,"A) U.S. Navy LIDAR Survey, 2004, Archive No. 04HFM01, Scale 1:5,000-1:10,000; B) U.S. Navy Single Beam Survey, 1969, Archive No. 685036, Scale 1:10,000-1:20,000",20150206,"US,US,reprt,L-246-2015",US4TB3P0,B,0.72,134.5166626,7.2890554
8841,1,2,129,1,550,-2004046809,19802,0226888CAC274D5A,,,,,,,,,,,,,,,29999,,,,20150206,"US,US,reprt,L-246-2015",18.5,US4TB3P0,18.5,395,3,,,2004,,,,"U.S. Navy LIDAR Survey, Archive No. 04HFM01, Scale 1:5,000-1:10,000",20150206,"US,US,reprt,L-246-2015",US4TB3P0,B,0.72,134.516861,7.3025889
8841,1,2,129,1,550,-2004046809,19802,0226888CAC274D5A,,,,,,,,,,,,,,,29999,,,,20150206,"US,US,reprt,L-246-2015",11.7,US4TB3P0,11.7,396,3,,,2004,,,,"U.S. Navy LIDAR Survey, Archive No. 04HFM01, Scale 1:5,000-1:10,000",20150206,"US,US,reprt,L-246-2015",US4TB3P0,B,0.72,134.516861,7.3084779
8841,1,2,129,1,550,-2004046809,19802,0226888CAC274D5A,,,,,,,,,,,,,,,29999,,,,20150206,"US,US,reprt,L-246-2015",21.9,US4TB3P0,21.9,397,3,,,2004,,,,"U.S. Navy LIDAR Survey, Archive No. 04HFM01, Scale 1:5,000-1:10,000",20150206,"US,US,reprt,L-246-2015",US4TB3P0,B,0.72,134.5169373,7.2951584
8841,1,2,129,1,550,-2004046809,19802,0226888CAC274D5A,,,,,,,,,,,,,,,29999,,,,20150206,"US,US,reprt,L-246-2015",30.0,US4TB3P0,30.0,398,5,,,1938,1915,,,"Former Japan Chart 481 (Ed. 1940, Rev. 1944), from Japan surveys, Scale 1:25,000",20150206,"US,US,reprt,L-246-2015",US4TB3P0,D,0.22,134.516983,7.3433752
8841,1,2,129,1,550,-2004046809,19802,0226888CAC274D5A,,,,,,,,,,,,,,,29999,,,,20150206,"US,US,reprt,L-246-2015",13.6,US4TB3P0,13.6,399,3,,,2004,,,,"U.S. Navy LIDAR Survey, Archive No. 04HFM01, Scale 1:5,000-1:10,000",20150206,"US,US,reprt,L-246-2015",US4TB3P0,B,0.72,134.5170288,7.2930389
8841,1,2,129,1,550,-2004046809,19802,0226888CAC274D5A,,,,,,,,,,,,,,,29999,,,,20150206,"US,US,reprt,L-246-2015",37.0,US4TB3P0,37.0,400,5,,,1938,1915,,,"Former Japan Chart 481 (Ed. 1940, Rev. 1944), from Japan surveys, Scale 1:25,000",20150206,"US,US,reprt,L-246-2015",US4TB3P0,D,0.22,134.5170898,7.3376331
8841,1,2,129,1,550,-2004046809,19802,0226888CAC274D5A,,,,,,,,,,,,,,,29999,,,,20150206,"US,US,reprt,L-246-2015",24.3,US4TB3P0,24.3,401,5,,,1938,1915,,,"Former Japan Chart 481 (Ed. 1940, Rev. 1944), from Japan surveys, Scale 1:25,000",20150206,"US,US,reprt,L-246-2015",US4TB3P0,D,0.22,134.5171356,7.340703
8841,1,2,129,1,550,-2004046809,19802,0226888CAC274D5A,,,,,,,,,,,,,,,29999,,,,20150206,"US,US,reprt,L-246-2015",14.7,US4TB3P0,14.7,402,3,,,2004,,,,"U.S. Navy LIDAR Survey, Archive No. 04HFM01, Scale 1:5,000-1:10,000",20150206,"US,US,reprt,L-246-2015",US4TB3P0,B,0.72,134.5171967,7.3064084
8841,1,2,129,1,550,-2004046809,19802,0226888CAC274D5A,,,,,,,,,,,,,,,29999,,,,20150206,"US,US,reprt,L-246-2015",13.7,US4TB3P0,13.7,403,3,,,2004,,,,"U.S. Navy LIDAR Survey, Archive No. 04HFM01, Scale 1:5,000-1:10,000",20150206,"US,US,reprt,L-246-2015",US4TB3P0,B,0.72,134.5172119,7.3489609
8841,1,2,129,1,550,-2004046809,19802,0226888CAC274D5A,,,,,,,,,,,,,,,29999,,,,20150206,"US,US,reprt,L-246-2015",51.0,US4TB3P0,51.0,404,5,,,1938,1915,,,"Former Japan Chart 481 (Ed. 1940, Rev. 1944), from Japan surveys, Scale 1:25,000",20150206,"US,US,reprt,L-246-2015",US4TB3P0,D,0.22,134.5173798,7.3008418
8841,1,2,129,1,550,-2004046809,19802,0226888CAC274D5A,,,,,,,,,,,,,,,29999,,,,20150206,"US,US,reprt,L-246-2015",7.9,US4TB3P0,7.9,405,3,,,2004,,,,"U.S. Navy LIDAR Survey, Archive No. 04HFM01, Scale 1:5,000-1:10,000",20150206,"US,US,reprt,L-246-2015",US4TB3P0,B,0.72,134.5173798,7.3092637
8841,1,2,129,1,550,-2004046809,19802,0226888CAC274D5A,,,,,,,,,,,,,,,29999,,,,20150206,"US,US,reprt,L-246-2015",457.0,US4TB3P0,457.0,406,5,,,1938,1915,,,"Former Japan Chart 481 (Ed. 1940, Rev. 1944), from Japan surveys, Scale 1:25,000",20150206,"US,US,reprt,L-246-2015",US4TB3P0,D,0.22,134.5175171,7.272861
8841,1,2,129,1,550,-2004046809,19802,0226888CAC274D5A,,,,,,,,,,,,,,,29999,,,,20150206,"US,US,reprt,L-246-2015",4.3,US4TB3P0,4.3,407,3,,,2004,,,,"U.S. Navy LIDAR Survey, Archive No. 04HFM01, Scale 1:5,000-1:10,000",20150206,"US,US,reprt,L-246-2015",US4TB3P0,B,0.72,134.5175476,7.2912192
8841,1,2,129,1,550,-2004046809,19802,0226888CAC274D5A,,,,,,,,,,,,,,,29999,,,,20150206,"US,US,reprt,L-246-2015",18.1,US4TB3P0,18.1,408,3,,,2004,,,,"U.S. Navy LIDAR Survey, Archive No. 04HFM01, Scale 1:5,000-1:10,000",20150206,"US,US,reprt,L-246-2015",US4TB3P0,B,0.72,134.5175781,7.2964554
8841,1,2,129,1,550,-2004046809,19802,0226888CAC274D5A,,,,,,,,,,,,,,,29999,,,,20150206,"US,US,reprt,L-246-2015",0.1,US4TB3P0,0.1,409,5,,,1938,1915,,,"Former Japan Chart 481 (Ed. 1940, Rev. 1944), from Japan surveys, Scale 1:25,000",20150206,"US,US,reprt,L-246-2015",US4TB3P0,D,0.22,134.5177307,7.3394918
8841,1,2,129,1,550,-2004046809,19802,0226888CAC274D5A,,,,,,,,,,,,,,,29999,,,,20150206,"US,US,reprt,L-246-2015",18.6,US4TB3P0,18.6,410,3,,,2004,,,,"U.S. Navy LIDAR Survey, Archive No. 04HFM01, Scale 1:5,000-1:10,000",20150206,"US,US,reprt,L-246-2015",US4TB3P0,B,0.72,134.5177918,7.2944307
8841,1,2,129,1,550,-2004046809,19802,0226888CAC274D5A,,,,,,,,,,,,,,,29999,,,,20150206,"US,US,reprt,L-246-2015",3.4,US4TB3P0,3.4,411,3,,,2004,,,,"U.S. Navy LIDAR Survey, Archive No. 04HFM01, Scale 1:5,000-1:10,000",20150206,"US,US,reprt,L-246-2015",US4TB3P0,B,0.72,134.5178986,7.3032193
8841,1,2,129,1,550,-2004046809,19802,0226888CAC274D5A,,,,,,,,,,,,,,,29999,,,,20150206,"US,US,reprt,L-246-2015",482.0,US4TB3P0,482.0,412,5,,,1938,1915,,,"Former Japan Chart 481 (Ed. 1940, Rev. 1944), from Japan surveys, Scale 1:25,000",20150206,"US,US,reprt,L-246-2015",US4TB3P0,D,0.22,134.5179901,7.2800417
8841,1,2,129,1,550,-2004046809,19802,0226888CAC274D5A,,,,,,,,,,,,,,,29999,,,,20150206,"US,US,reprt,L-246-2015",3.6,US4TB3P0,3.6,413,3,,,2004,,,,"U.S. Navy LIDAR Survey, Archive No. 04HFM01, Scale 1:5,000-1:10,000",20150206,"US,US,reprt,L-246-2015",US4TB3P0,B,0.72,134.5179901,7.3496833
8841,1,2,129,1,550,-2004046809,19802,0226888CAC274D5A,,,,,,,,,,,,,,,29999,,,,20150206,"US,US,reprt,L-246-2015",21.1,US4TB3P0,21.1,414,3,,,2004,,,,"U.S. Navy LIDAR Survey, Archive No. 04HFM01, Scale 1:5,000-1:10,000",20150206,"US,US,reprt,L-246-2015",US4TB3P0,B,0.72,134.5180206,7.2976027
8841,1,2,129,1,550,-2004046809,19802,0226888CAC274D5A,,,,,,,,,,,,,,,29999,,,,20150206,"US,US,reprt,L-246-2015",25.2,US4TB3P0,25.2,415,3,,,2004,1969,,,"A) U.S. Navy LIDAR Survey, 2004, Archive No. 04HFM01, Scale 1:5,000-1:10,000; B) U.S. Navy Single Beam Survey, 1969, Archive No. 685036, Scale 1:10,000-1:20,000",20150206,"US,US,reprt,L-246-2015",US4TB3P0,B,0.72,134.5180359,7.2900085
8841,1,2,129,1,550,-2004046809,19802,0226888CAC274D5A,,,,,,,,,,,,,,,29999,,,,20150206,"US,US,reprt,L-246-2015",30.0,US4TB3P0,30.0,416,5,,,1938,1915,,,"Former Japan Chart 481 (Ed. 1940, Rev. 1944), from Japan surveys, Scale 1:25,000",20150206,"US,US,reprt,L-246-2015",US4TB3P0,D,0.22,134.5180969,7.3422418
8841,1,2,129,1,550,-2004046809,19802,0226888CAC274D5A,,,,,,,,,,,,,,,29999,,,,20150206,"US,US,reprt,L-246-2015",8.2,US4TB3P0,8.2,417,3,,,2004,,,,"U.S. Navy LIDAR Survey, Archive No. 04HFM01, Scale 1:5,000-1:10,000",20150206,"US,US,reprt,L-246-2015",US4TB3P0,B,0.72,134.5181274,7.2907667
8841,1,2,129,1,550,-2004046809,19802,0226888CAC274D5A,,,,,,,,,,,,,,,29999,,,,20150206,"US,US,reprt,L-246-2015",5.2,US4TB3P0,5.2,418,3,,,2004,,,,"U.S. Navy LIDAR Survey, Archive No. 04HFM01, Scale 1:5,000-1:10,000",20150206,"US,US,reprt,L-246-2015",US4TB3P0,B,0.72,134.5182037,7.3459444
8841,1,2,129,1,550,-2004046809,19802,0226888CAC274D5A,,,,,,,,,,,,,,,29999,,,,20150206,"US,US,reprt,L-246-2015",23.9,US4TB3P0,23.9,419,3,,,2004,,,,"U.S. Navy LIDAR Survey, Archive No. 04HFM01, Scale 1:5,000-1:10,000",20150206,"US,US,reprt,L-246-2015",US4TB3P0,B,0.72,134.5182495,7.2994609
8841,1,2,129,1,550,-2004046809,19802,0226888CAC274D5A,,,,,,,,,,,,,,,29999,,,,20150206,"US,US,reprt,L-246-2015",305.0,US4TB3P0,305.0,420,3,,,2004,1969,,,"A) U.S. Navy LIDAR Survey, 2004, Archive No. 04HFM01, Scale 1:5,000-1:10,000; B) U.S. Navy Single Beam Survey, 1969, Archive No. 685036, Scale 1:10,000-1:20,000",20150206,"US,US,reprt,L-246-2015",US4TB3P0,B,0.72,134.5184174,7.2863388
8841,1,2,129,1,550,-2004046809,19802,0226888CAC274D5A,,,,,,,,,,,,,,,29999,,,,20150206,"US,US,reprt,L-246-2015",24.1,US4TB3P0,24.1,421,3,,,2004,,,,"U.S. Navy LIDAR Survey, Archive No. 04HFM01, Scale 1:5,000-1:10,000",20150206,"US,US,reprt,L-246-2015",US4TB3P0,B,0.72,134.5184631,7.3060722
8841,1,2,129,1,550,-2004046809,19802,0226888CAC274D5A,,,,,,,,,,,,,,,29999,,,,20150206,"US,US,reprt,L-246-2015",23.9,US4TB3P0,23.9,422,3,,,2004,,,,"U.S. Navy LIDAR Survey, Archive No. 04HFM01, Scale 1:5,000-1:10,000",20150206,"US,US,reprt,L-246-2015",US4TB3P0,B,0.72,134.5184631,7.3102307
8841,1,2,129,1,550,-2004046809,19802,0226888CAC274D5A,,,,,,,,,,,,,,,29999,,,,20150206,"US,US,reprt,L-246-2015",5.6,US4TB3P0,5.6,423,5,,,1938,1915,,,"Former Japan Chart 481 (Ed. 1940, Rev. 1944), from Japan surveys, Scale 1:25,000",20150206,"US,US,reprt,L-246-2015",US4TB3P0,D,0.22,134.5186005,7.3358831
8841,1,2,129,1,550,-2004046809,19802,0226888CAC274D5A,,,,,,,,,,,,,,,29999,,,,20150206,"US,US,reprt,L-246-2015",23.8,US4TB3P0,23.8,424,3,,,2004,,,,"U.S. Navy LIDAR Survey, Archive No. 04HFM01, Scale 1:5,000-1:10,000",20150206,"US,US,reprt,L-246-2015",US4TB3P0,B,0.72,134.5186462,7.3453083
8841,1,2,129,1,550,-2004046809,19802,0226888CAC274D5A,,,,,,,,,,,,,,,29999,,,,20150206,"US,US,reprt,L-246-2015",28.0,US4TB3P0,28.0,425,5,,,1938,1915,,,"Former Japan Chart 481 (Ed. 1940, Rev. 1944), from Japan surveys, Scale 1:25,000",20150206,"US,US,reprt,L-246-2015",US4TB3P0,D,0.22,134.5186615,7.3402138
8841,1,2,129,1,550,-2004046809,19802,0226888CAC274D5A,,,,,,,,,,,,,,,29999,,,,20150206,"US,US,reprt,L-246-2015",210.0,US4TB3P0,210.0,426,3,,,2004,1969,,,"A) U.S. Navy LIDAR Survey, 2004, Archive No. 04HFM01, Scale 1:5,000-1:10,000; B) U.S. Navy Single Beam Survey, 1969, Archive No. 685036, Scale 1:10,000-1:20,000",20150206,"US,US,reprt,L-246-2015",US4TB3P0,B,0.72,134.5187531,7.2878723
8841,1,2,129,1,550,-2004046809,19802,0226888CAC274D5A,,,,,,,,,,,,,,,29999,,,,20150206,"US,US,reprt,L-246-2015",19.7,US4TB3P0,19.7,427,3,,,2004,,,,"U.S. Navy LIDAR Survey, Archive No. 04HFM01, Scale 1:5,000-1:10,000",20150206,"US,US,reprt,L-246-2015",US4TB3P0,B,0.72,134.5187531,7.2961307
8841,1,2,129,1,550,-2004046809,19802,0226888CAC274D5A,,,,,,,,,,,,,,,29999,,,,20150206,"US,US,reprt,L-246-2015",34.0,US4TB3P0,34.0,428,5,,,1938,1915,,,"Former Japan Chart 481 (Ed. 1940, Rev. 1944), from Japan surveys, Scale 1:25,000",20150206,"US,US,reprt,L-246-2015",US4TB3P0,D,0.22,134.5187531,7.3367276
8841,1,2,129,1,550,-2004046809,19802,0226888CAC274D5A,,,,,,,,,,,,,,,29999,,,,20150206,"US,US,reprt,L-246-2015",351.0,US4TB3P0,351.0,429,3,,,2004,1969,,,"A) U.S. Navy LIDAR Survey, 2004, Archive No. 04HFM01, Scale 1:5,000-1:10,000; B) U.S. Navy Single Beam Survey, 1969, Archive No. 685036, Scale 1:10,000-1:20,000",20150206,"US,US,reprt,L-246-2015",US4TB3P0,B,0.72,134.5188446,7.2737584
8841,1,2,129,1,550,-2004046809,19802,0226888CAC274D5A,,,,,,,,,,,,,,,29999,,,,20150206,"US,US,reprt,L-246-2015",31.0,US4TB3P0,31.0,430,5,,,1938,1915,,,"Former Japan Chart 481 (Ed. 1940, Rev. 1944), from Japan surveys, Scale 1:25,000",20150206,"US,US,reprt,L-246-2015",US4TB3P0,D,0.22,134.5188904,7.3014221
8841,1,2,129,1,550,-2004046809,19802,0226888CAC274D5A,,,,,,,,,,,,,,,29999,,,,20150206,"US,US,reprt,L-246-2015",17.0,US4TB3P0,17.0,431,3,,,2004,,,,"U.S. Navy LIDAR Survey, Archive No. 04HFM01, Scale 1:5,000-1:10,000",20150206,"US,US,reprt,L-246-2015",US4TB3P0,B,0.72,134.5192261,7.2936029
8841,1,2,129,1,550,-2004046809,19802,0226888CAC274D5A,,,,,,,,,,,,,,,29999,,,,20150206,"US,US,reprt,L-246-2015",21.8,US4TB3P0,21.8,432,3,,,2004,,,,"U.S. Navy LIDAR Survey, Archive No. 04HFM01, Scale 1:5,000-1:10,000",20150206,"US,US,reprt,L-246-2015",US4TB3P0,B,0.72,134.5192413,7.3074694
8841,1,2,129,1,550,-2004046809,19802,0226888CAC274D5A,,,,,,,,,,,,,,,29999,,,,20150206,"US,US,reprt,L-246-2015",28.4,US4TB3P0,28.4,433,3,,,2004,,,,"U.S. Navy LIDAR Survey, Archive No. 04HFM01, Scale 1:5,000-1:10,000",20150206,"US,US,reprt,L-246-2015",US4TB3P0,B,0.72,134.5193024,7.294703
8841,1,2,129,1,550,-2004046809,19802,0226888CAC274D5A,,,,,,,,,,,,,,,29999,,,,20150206,"US,US,reprt,L-246-2015",11.6,US4TB3P0,11.6,434,3,,,2004,,,,"U.S. Navy LIDAR Survey, Archive No. 04HFM01, Scale 1:5,000-1:10,000",20150206,"US,US,reprt,L-246-2015",US4TB3P0,B,0.72,134.5193329,7.3457418
8841,1,2,129,1,550,-2004046809,19802,0226888CAC274D5A,,,,,,,,,,,,,,,29999,,,,20150206,"US,US,reprt,L-246-2015",172.0,US4TB3P0,172.0,435,5,,,1938,1915,,,"Former Japan Chart 481 (Ed. 1940, Rev. 1944), from Japan surveys, Scale 1:25,000",20150206,"US,US,reprt,L-246-2015",US4TB3P0,D,0.22,134.519455,7.2840276
8841,1,2,129,1,550,-2004046809,19802,0226888CAC274D5A,,,,,,,,,,,,,,,29999,,,,20150206,"US,US,reprt,L-246-2015",11.8,US4TB3P0,11.8,436,3,,,2004,,,,"U.S. Navy LIDAR Survey, Archive No. 04HFM01, Scale 1:5,000-1:10,000",20150206,"US,US,reprt,L-246-2015",US4TB3P0,B,0.72,134.519455,7.3445859
8841,1,2,129,1,550,-2004046809,19802,0226888CAC274D5A,,,,,,,,,,,,,,,29999,,,,20150206,"US,US,reprt,L-246-2015",2.9,US4TB3P0,2.9,437,5,,,1938,1915,,,"Former Japan Chart 481 (Ed. 1940, Rev. 1944), from Japan surveys, Scale 1:25,000",20150206,"US,US,reprt,L-246-2015",US4TB3P0,D,0.22,134.5196686,7.3371835
8841,1,2,129,1,550,-2004046809,19802,0226888CAC274D5A,,,,,,,,,,,,,,,29999,,,,20150206,"US,US,reprt,L-246-2015",7.6,US4TB3P0,7.6,438,3,,,2004,,,,"U.S. Navy LIDAR Survey, Archive No. 04HFM01, Scale 1:5,000-1:10,000",20150206,"US,US,reprt,L-246-2015",US4TB3P0,B,0.72,134.5196991,7.3489447
8841,1,2,129,1,550,-2004046809,19802,0226888CAC274D5A,,,,,,,,,,,,,,,29999,,,,20150206,"US,US,reprt,L-246-2015",3.7,US4TB3P0,3.7,439,3,,,2004,,,,"U.S. Navy LIDAR Survey, Archive No. 04HFM01, Scale 1:5,000-1:10,000",20150206,"US,US,reprt,L-246-2015",US4TB3P0,B,0.72,134.5197144,7.2903752
8841,1,2,129,1,550,-2004046809,19802,0226888CAC274D5A,,,,,,,,,,,,,,,29999,,,,20150206,"US,US,reprt,L-246-2015",440.0,US4TB3P0,440.0,440,5,,,1938,1915,,,"Former Japan Chart 481 (Ed. 1940, Rev. 1944), from Japan surveys, Scale 1:25,000",20150206,"US,US,reprt,L-246-2015",US4TB3P0,D,0.22,134.5197754,7.2772417
8841,1,2,129,1,550,-2004046809,19802,0226888CAC274D5A,,,,,,,,,,,,,,,29999,,,,20150206,"US,US,reprt,L-246-2015",15.7,US4TB3P0,15.7,441,5,,,1938,1915,,,"Former Japan Chart 481 (Ed. 1940, Rev. 1944), from Japan surveys, Scale 1:25,000",20150206,"US,US,reprt,L-246-2015",US4TB3P0,D,0.22,134.5197907,7.3317137
8841,1,2,129,1,550,-2004046809,19802,0226888CAC274D5A,,,,,,,,,,,,,,,29999,,,,20150206,"US,US,reprt,L-246-2015",39.0,US4TB3P0,39.0,442,5,,,1938,1915,,,"Former Japan Chart 481 (Ed. 1940, Rev. 1944), from Japan surveys, Scale 1:25,000",20150206,"US,US,reprt,L-246-2015",US4TB3P0,D,0.22,134.5197907,7.3388748
8841,1,2,129,1,550,-2004046809,19802,0226888CAC274D5A,,,,,,,,,,,,,,,29999,,,,20150206,"US,US,reprt,L-246-2015",44.0,US4TB3P0,44.0,443,5,,,1938,1915,,,"Former Japan Chart 481 (Ed. 1940, Rev. 1944), from Japan surveys, Scale 1:25,000",20150206,"US,US,reprt,L-246-2015",US4TB3P0,D,0.22,134.5198822,7.33355
8841,1,2,129,1,550,-2004046809,19802,0226888CAC274D5A,,,,,,,,,,,,,,,29999,,,,20150206,"US,US,reprt,L-246-2015",33.0,US4TB3P0,33.0,444,3,,,2004,,,,"U.S. Navy LIDAR Survey, Archive No. 04HFM01, Scale 1:5,000-1:10,000",20150206,"US,US,reprt,L-246-2015",US4TB3P0,B,0.72,134.5198975,7.3417416
8841,1,2,129,1,550,-2004046809,19802,0226888CAC274D5A,,,,,,,,,,,,,,,29999,,,,20150206,"US,US,reprt,L-246-2015",27.4,US4TB3P0,27.4,445,3,,,2004,,,,"U.S. Navy LIDAR Survey, Archive No. 04HFM01, Scale 1:5,000-1:10,000",20150206,"US,US,reprt,L-246-2015",US4TB3P0,B,0.72,134.519928,7.3003779
8841,1,2,129,1,550,-2004046809,19802,0226888CAC274D5A,,,,,,,,,,,,,,,29999,,,,20150206,"US,US,reprt,L-246-2015",26.6,US4TB3P0,26.6,446,5,,,1938,1915,,,"Former Japan Chart 481 (Ed. 1940, Rev. 1944), from Japan surveys, Scale 1:25,000",20150206,"US,US,reprt,L-246-2015",US4TB3P0,D,0.22,134.5199432,7.304214
8841,1,2,129,1,550,-2004046809,19802,0226888CAC274D5A,,,,,,,,,,,,,,,29999,,,,20150206,"US,US,reprt,L-246-2015",3.5,US4TB3P0,3.5,447,3,,,2004,,,,"U.S. Navy LIDAR Survey, Archive No. 04HFM01, Scale 1:5,000-1:10,000",20150206,"US,US,reprt,L-246-2015",US4TB3P0,B,0.72,134.5200043,7.3467221
8841,1,2,129,1,550,-2004046809,19802,0226888CAC274D5A,,,,,,,,,,,,,,,29999,,,,20150206,"US,US,reprt,L-246-2015",19.7,US4TB3P0,19.7,448,5,,,1938,1915,,,"Former Japan Chart 481 (Ed. 1940, Rev. 1944), from Japan surveys, Scale 1:25,000",20150206,"US,US,reprt,L-246-2015",US4TB3P0,D,0.22,134.5200806,7.3356528
8841,1,2,129,1,550,-2004046809,19802,0226888CAC274D5A,,,,,,,,,,,,,,,29999,,,,20150206,"US,US,reprt,L-246-2015",322.0,US4TB3P0,322.0,449,3,,,2004,1969,,,"A) U.S. Navy LIDAR Survey, 2004, Archive No. 04HFM01, Scale 1:5,000-1:10,000; B) U.S. Navy Single Beam Survey, 1969, Archive No. 685036, Scale 1:10,000-1:20,000",20150206,"US,US,reprt,L-246-2015",US4TB3P0,B,0.72,134.5201569,7.2734776
8841,1,2,129,1,550,-2004046809,19802,0226888CAC274D5A,,,,,,,,,,,,,,,29999,,,,20150206,"US,US,reprt,L-246-2015",9.7,US4TB3P0,9.7,450,3,,,2004,,,,"U.S. Navy LIDAR Survey, Archive No. 04HFM01, Scale 1:5,000-1:10,000",20150206,"US,US,reprt,L-246-2015",US4TB3P0,B,0.72,134.5201721,7.3424974
8841,1,2,129,1,550,-2004046809,19802,0226888CAC274D5A,,,,,,,,,,,,,,,29999,,,,20150206,"US,US,reprt,L-246-2015",54.0,US4TB3P0,54.0,451,5,,,1938,1915,,,"Former Japan Chart 481 (Ed. 1940, Rev. 1944), from Japan surveys, Scale 1:25,000",20150206,"US,US,reprt,L-246-2015",US4TB3P0,D,0.22,134.5201874,7.3025308
8841,1,2,129,1,550,-2004046809,19802,0226888CAC274D5A,,,,,,,,,,,,,,,29999,,,,20150206,"US,US,reprt,L-246-2015",285.0,US4TB3P0,285.0,452,3,,,2004,1969,,,"A) U.S. Navy LIDAR Survey, 2004, Archive No. 04HFM01, Scale 1:5,000-1:10,000; B) U.S. Navy Single Beam Survey, 1969, Archive No. 685036, Scale 1:10,000-1:20,000",20150206,"US,US,reprt,L-246-2015",US4TB3P0,B,0.72,134.5202179,7.2704415
8841,1,2,129,1,550,-2004046809,19802,0226888CAC274D5A,,,,,,,,,,,,,,,29999,,,,20150206,"US,US,reprt,L-246-2015",19.4,US4TB3P0,19.4,453,3,,,2004,,,,"U.S. Navy LIDAR Survey, Archive No. 04HFM01, Scale 1:5,000-1:10,000",20150206,"US,US,reprt,L-246-2015",US4TB3P0,B,0.72,134.5202179,7.2894473
8841,1,2,129,1,550,-2004046809,19802,0226888CAC274D5A,,,,,,,,,,,,,,,29999,,,,20150206,"US,US,reprt,L-246-2015",8.1,US4TB3P0,8.1,454,5,,,1938,1915,,,"Former Japan Chart 481 (Ed. 1940, Rev. 1944), from Japan surveys, Scale 1:25,000",20150206,"US,US,reprt,L-246-2015",US4TB3P0,D,0.22,134.5202332,7.3294554
8841,1,2,129,1,550,-2004046809,19802,0226888CAC274D5A,,,,,,,,,,,,,,,29999,,,,20150206,"US,US,reprt,L-246-2015",101.0,US4TB3P0,101.0,455,3,,,2004,1969,,,"A) U.S. Navy LIDAR Survey, 2004, Archive No. 04HFM01, Scale 1:5,000-1:10,000; B) U.S. Navy Single Beam Survey, 1969, Archive No. 685036, Scale 1:10,000-1:20,000",20150206,"US,US,reprt,L-246-2015",US4TB3P0,B,0.72,134.5202789,7.2887387
8841,1,2,129,1,550,-2004046809,19802,0226888CAC274D5A,,,,,,,,,,,,,,,29999,,,,20150206,"US,US,reprt,L-246-2015",16.7,US4TB3P0,16.7,456,5,,,1938,1915,,,"Former Japan Chart 481 (Ed. 1940, Rev. 1944), from Japan surveys, Scale 1:25,000",20150206,"US,US,reprt,L-246-2015",US4TB3P0,D,0.22,134.5203095,7.3198748
8841,1,2,129,1,550,-2004046809,19802,0226888CAC274D5A,,,,,,,,,,,,,,,29999,,,,20150206,"US,US,reprt,L-246-2015",34.0,US4TB3P0,34.0,457,5,,,1938,1915,,,"Former Japan Chart 481 (Ed. 1940, Rev. 1944), from Japan surveys, Scale 1:25,000",20150206,"US,US,reprt,L-246-2015",US4TB3P0,D,0.22,134.52034,7.3377137
8841,1,2,129,1,550,-2004046809,19802,0226888CAC274D5A,,,,,,,,,,,,,,,29999,,,,20150206,"US,US,reprt,L-246-2015",6.7,US4TB3P0,6.7,458,5,,,1938,1915,,,"Former Japan Chart 481 (Ed. 1940, Rev. 1944), from Japan surveys, Scale 1:25,000",20150206,"US,US,reprt,L-246-2015",US4TB3P0,D,0.22,134.5205078,7.3485527
8841,1,2,129,1,550,-2004046809,19802,0226888CAC274D5A,,,,,,,,,,,,,,,29999,,,,20150206,"US,US,reprt,L-246-2015",4.6,US4TB3P0,4.6,459,3,,,2004,,,,"U.S. Navy LIDAR Survey, Archive No. 04HFM01, Scale 1:5,000-1:10,000",20150206,"US,US,reprt,L-246-2015",US4TB3P0,B,0.72,134.5205231,7.3450527
8841,1,2,129,1,550,-2004046809,19802,0226888CAC274D5A,,,,,,,,,,,,,,,29999,,,,20150206,"US,US,reprt,L-246-2015",7.9,US4TB3P0,7.9,460,3,,,2004,,,,"U.S. Navy LIDAR Survey, Archive No. 04HFM01, Scale 1:5,000-1:10,000",20150206,"US,US,reprt,L-246-2015",US4TB3P0,B,0.72,134.5205994,7.289989
8841,1,2,129,1,550,-2004046809,19802,0226888CAC274D5A,,,,,,,,,,,,,,,29999,,,,20150206,"US,US,reprt,L-246-2015",304.0,US4TB3P0,304.0,461,3,,,2004,1969,,,"A) U.S. Navy LIDAR Survey, 2004, Archive No. 04HFM01, Scale 1:5,000-1:10,000; B) U.S. Navy Single Beam Survey, 1969, Archive No. 685036, Scale 1:10,000-1:20,000",20150206,"US,US,reprt,L-246-2015",US4TB3P0,B,0.72,134.5206604,7.2748942
8841,1,2,129,1,550,-2004046809,19802,0226888CAC274D5A,,,,,,,,,,,,,,,29999,,,,20150206,"US,US,reprt,L-246-2015",219.0,US4TB3P0,219.0,462,3,,,2004,1969,,,"A) U.S. Navy LIDAR Survey, 2004, Archive No. 04HFM01, Scale 1:5,000-1:10,000; B) U.S. Navy Single Beam Survey, 1969, Archive No. 685036, Scale 1:10,000-1:20,000",20150206,"US,US,reprt,L-246-2015",US4TB3P0,B,0.72,134.5207214,7.2719998
8841,1,2,129,1,550,-2004046809,19802,0226888CAC274D5A,,,,,,,,,,,,,,,29999,,,,20150206,"US,US,reprt,L-246-2015",8.3,US4TB3P0,8.3,463,5,,,1938,1915,,,"Former Japan Chart 481 (Ed. 1940, Rev. 1944), from Japan surveys, Scale 1:25,000",20150206,"US,US,reprt,L-246-2015",US4TB3P0,D,0.22,134.5207977,7.3505859
8841,1,2,129,1,550,-2004046809,19802,0226888CAC274D5A,,,,,,,,,,,,,,,29999,,,,20150206,"US,US,reprt,L-246-2015",40.0,US4TB3P0,40.0,464,5,,,1938,1915,,,"Former Japan Chart 481 (Ed. 1940, Rev. 1944), from Japan surveys, Scale 1:25,000",20150206,"US,US,reprt,L-246-2015",US4TB3P0,D,0.22,134.5208435,7.3012471
8841,1,2,129,1,550,-2004046809,19802,0226888CAC274D5A,,,,,,,,,,,,,,,29999,,,,20150206,"US,US,reprt,L-246-2015",352.0,US4TB3P0,352.0,465,5,,,1938,1915,,,"Former Japan Chart 481 (Ed. 1940, Rev. 1944), from Japan surveys, Scale 1:25,000",20150206,"US,US,reprt,L-246-2015",US4TB3P0,D,0.22,134.5208588,7.2839193
8841,1,2,129,1,550,-2004046809,19802,0226888CAC274D5A,,,,,,,,,,,,,,,29999,,,,20150206,"US,US,reprt,L-246-2015",25.9,US4TB3P0,25.9,466,3,,,2004,,,,"U.S. Navy LIDAR Survey, Archive No. 04HFM01, Scale 1:5,000-1:10,000",20150206,"US,US,reprt,L-246-2015",US4TB3P0,B,0.72,134.5208893,7.2979331
8841,1,2,129,1,550,-2004046809,19802,0226888CAC274D5A,,,,,,,,,,,,,,,29999,,,,20150206,"US,US,reprt,L-246-2015",21.1,US4TB3P0,21.1,467,5,,,1938,1915,,,"Former Japan Chart 481 (Ed. 1940, Rev. 1944), from Japan surveys, Scale 1:25,000",20150206,"US,US,reprt,L-246-2015",US4TB3P0,D,0.22,134.5209045,7.3058109
8841,1,2,129,1,550,-2004046809,19802,0226888CAC274D5A,,,,,,,,,,,,,,,29999,,,,20150206,"US,US,reprt,L-246-2015",168.0,US4TB3P0,168.0,468,3,,,2004,1969,,,"A) U.S. Navy LIDAR Survey, 2004, Archive No. 04HFM01, Scale 1:5,000-1:10,000; B) U.S. Navy Single Beam Survey, 1969, Archive No. 685036, Scale 1:10,000-1:20,000",20150206,"US,US,reprt,L-246-2015",US4TB3P0,B,0.72,134.5209351,7.2870445
8841,1,2,129,1,550,-2004046809,19802,0226888CAC274D5A,,,,,,,,,,,,,,,29999,,,,20150206,"US,US,reprt,L-246-2015",18.1,US4TB3P0,18.1,469,3,,,2004,,,,"U.S. Navy LIDAR Survey, Archive No. 04HFM01, Scale 1:5,000-1:10,000",20150206,"US,US,reprt,L-246-2015",US4TB3P0,B,0.72,134.5209503,7.3442335
8841,1,2,129,1,550,-2004046809,19802,0226888CAC274D5A,,,,,,,,,,,,,,,29999,,,,20150206,"US,US,reprt,L-246-2015",33.0,US4TB3P0,33.0,470,5,,,1938,1915,,,"Former Japan Chart 481 (Ed. 1940, Rev. 1944), from Japan surveys, Scale 1:25,000",20150206,"US,US,reprt,L-246-2015",US4TB3P0,D,0.22,134.5209808,7.330389
8841,1,2,129,1,550,-2004046809,19802,0226888CAC274D5A,,,,,,,,,,,,,,,29999,,,,20150206,"US,US,reprt,L-246-2015",19.4,US4TB3P0,19.4,471,3,,,2004,,,,"U.S. Navy LIDAR Survey, Archive No. 04HFM01, Scale 1:5,000-1:10,000",20150206,"US,US,reprt,L-246-2015",US4TB3P0,B,0.72,134.5209961,7.2939029
8841,1,2,129,1,550,-2004046809,19802,0226888CAC274D5A,,,,,,,,,,,,,,,29999,,,,20150206,"US,US,reprt,L-246-2015",7.3,US4TB3P0,7.3,472,5,,,1938,1915,,,"Former Japan Chart 481 (Ed. 1940, Rev. 1944), from Japan surveys, Scale 1:25,000",20150206,"US,US,reprt,L-246-2015",US4TB3P0,D,0.22,134.5211792,7.3493419
8841,1,2,129,1,550,-2004046809,19802,0226888CAC274D5A,,,,,,,,,,,,,,,29999,,,,20150206,"US,US,reprt,L-246-2015",3.6,US4TB3P0,3.6,473,5,,,1938,1915,,,"Former Japan Chart 481 (Ed. 1940, Rev. 1944), from Japan surveys, Scale 1:25,000",20150206,"US,US,reprt,L-246-2015",US4TB3P0,D,0.22,134.5213471,7.3214555
8841,1,2,129,1,550,-2004046809,19802,0226888CAC274D5A,,,,,,,,,,,,,,,29999,,,,20150206,"US,US,reprt,L-246-2015",25.0,US4TB3P0,25.0,474,5,,,1938,1915,,,"Former Japan Chart 481 (Ed. 1940, Rev. 1944), from Japan surveys, Scale 1:25,000",20150206,"US,US,reprt,L-246-2015",US4TB3P0,D,0.22,134.5213623,7.3284278
8841,1,2,129,1,550,-2004046809,19802,0226888CAC274D5A,,,,,,,,,,,,,,,29999,,,,20150206,"US,US,reprt,L-246-2015",36.0,US4TB3P0,36.0,475,5,,,1938,1915,,,"Former Japan Chart 481 (Ed. 1940, Rev. 1944), from Japan surveys, Scale 1:25,000",20150206,"US,US,reprt,L-246-2015",US4TB3P0,D,0.22,134.5213928,7.3030582
8841,1,2,129,1,550,-2004046809,19802,0226888CAC274D5A,,,,,,,,,,,,,,,29999,,,,20150206,"US,US,reprt,L-246-2015",12.4,US4TB3P0,12.4,476,5,,,1938,1915,,,"Former Japan Chart 481 (Ed. 1940, Rev. 1944), from Japan surveys, Scale 1:25,000",20150206,"US,US,reprt,L-246-2015",US4TB3P0,D,0.22,134.5214081,7.3078613
8841,1,2,129,1,550,-2004046809,19802,0226888CAC274D5A,,,,,,,,,,,,,,,29999,,,,20150206,"US,US,reprt,L-246-2015",3.6,US4TB3P0,3.6,477,5,,,1938,1915,,,"Former Japan Chart 481 (Ed. 1940, Rev. 1944), from Japan surveys, Scale 1:25,000",20150206,"US,US,reprt,L-246-2015",US4TB3P0,D,0.22,134.5214539,7.3483501
8841,1,2,129,1,550,-2004046809,19802,0226888CAC274D5A,,,,,,,,,,,,,,,29999,,,,20150206,"US,US,reprt,L-246-2015",27.5,US4TB3P0,27.5,478,3,,,2004,,,,"U.S. Navy LIDAR Survey, Archive No. 04HFM01, Scale 1:5,000-1:10,000",20150206,"US,US,reprt,L-246-2015",US4TB3P0,B,0.72,134.5214996,7.3413138
8841,1,2,129,1,550,-2004046809,19802,0226888CAC274D5A,,,,,,,,,,,,,,,29999,,,,20150206,"US,US,reprt,L-246-2015",4.2,US4TB3P0,4.2,479,5,,,1938,1915,,,"Former Japan Chart 481 (Ed. 1940, Rev. 1944), from Japan surveys, Scale 1:25,000",20150206,"US,US,reprt,L-246-2015",US4TB3P0,D,0.22,134.5214996,7.3475943
8841,1,2,129,1,550,-2004046809,19802,0226888CAC274D5A,,,,,,,,,,,,,,,29999,,,,20150206,"US,US,reprt,L-246-2015",40.0,US4TB3P0,40.0,480,5,,,1938,1915,,,"Former Japan Chart 481 (Ed. 1940, Rev. 1944), from Japan surveys, Scale 1:25,000",20150206,"US,US,reprt,L-246-2015",US4TB3P0,D,0.22,134.5216675,7.305572
8841,1,2,129,1,550,-2004046809,19802,0226888CAC274D5A,,,,,,,,,,,,,,,29999,,,,20150206,"US,US,reprt,L-246-2015",19.7,US4TB3P0,19.7,481,3,,,2004,,,,"U.S. Navy LIDAR Survey, Archive No. 04HFM01, Scale 1:5,000-1:10,000",20150206,"US,US,reprt,L-246-2015",US4TB3P0,B,0.72,134.521759,7.2960362
8841,1,2,129,1,550,-2004046809,19802,0226888CAC274D5A,,,,,,,,,,,,,,,29999,,,,20150206,"US,US,reprt,L-246-2015",57.0,US4TB3P0,57.0,482,3,,,2004,1969,,,"A) U.S. Navy LIDAR Survey, 2004, Archive No. 04HFM01, Scale 1:5,000-1:10,000; B) U.S. Navy Single Beam Survey, 1969, Archive No. 685036, Scale 1:10,000-1:20,000",20150206,"US,US,reprt,L-246-2015",US4TB3P0,B,0.72,134.5217743,7.2708526
8841,1,2,129,1,550,-2004046809,19802,0226888CAC274D5A,,,,,,,,,,,,,,,29999,,,,20150206,"US,US,reprt,L-246-2015",42.0,US4TB3P0,42.0,483,5,,,1938,1915,,,"Former Japan Chart 481 (Ed. 1940, Rev. 1944), from Japan surveys, Scale 1:25,000",20150206,"US,US,reprt,L-246-2015",US4TB3P0,D,0.22,134.5218201,7.3068166
8841,1,2,129,1,550,-2004046809,19802,0226888CAC274D5A,,,,,,,,,,,,,,,29999,,,,20150206,"US,US,reprt,L-246-2015",46.0,US4TB3P0,46.0,484,5,,,1938,1915,,,"Former Japan Chart 481 (Ed. 1940, Rev. 1944), from Japan surveys, Scale 1:25,000",20150206,"US,US,reprt,L-246-2015",US4TB3P0,D,0.22,134.5218658,7.3103724
8841,1,2,129,1,550,-2004046809,19802,0226888CAC274D5A,,,,,,,,,,,,,,,29999,,,,20150206,"US,US,reprt,L-246-2015",42.0,US4TB3P0,42.0,485,5,,,1938,1915,,,"Former Japan Chart 481 (Ed. 1940, Rev. 1944), from Japan surveys, Scale 1:25,000",20150206,"US,US,reprt,L-246-2015",US4TB3P0,D,0.22,134.5219879,7.3043027
8841,1,2,129,1,550,-2004046809,19802,0226888CAC274D5A,,,,,,,,,,,,,,,29999,,,,20150206,"US,US,reprt,L-246-2015",16.2,US4TB3P0,16.2,486,3,,,2004,,,,"U.S. Navy LIDAR Survey, Archive No. 04HFM01, Scale 1:5,000-1:10,000",20150206,"US,US,reprt,L-246-2015",US4TB3P0,B,0.72,134.5220184,7.2948585
8841,1,2,129,1,550,-2004046809,19802,0226888CAC274D5A,,,,,,,,,,,,,,,29999,,,,20150206,"US,US,reprt,L-246-2015",38.0,US4TB3P0,38.0,487,5,,,1938,1915,,,"Former Japan Chart 481 (Ed. 1940, Rev. 1944), from Japan surveys, Scale 1:25,000",20150206,"US,US,reprt,L-246-2015",US4TB3P0,D,0.22,134.5220184,7.3330112
8841,1,2,129,1,550,-2004046809,19802,0226888CAC274D5A,,,,,,,,,,,,,,,29999,,,,20150206,"US,US,reprt,L-246-2015",210.0,US4TB3P0,210.0,488,3,,,2004,1969,,,"A) U.S. Navy LIDAR Survey, 2004, Archive No. 04HFM01, Scale 1:5,000-1:10,000; B) U.S. Navy Single Beam Survey, 1969, Archive No. 685036, Scale 1:10,000-1:20,000",20150206,"US,US,reprt,L-246-2015",US4TB3P0,B,0.72,134.5220337,7.2742834
8841,1,2,129,1,550,-2004046809,19802,0226888CAC274D5A,,,,,,,,,,,,,,,29999,,,,20150206,"US,US,reprt,L-246-2015",373.0,US4TB3P0,373.0,489,5,,,1938,1915,,,"Former Japan Chart 481 (Ed. 1940, Rev. 1944), from Japan surveys, Scale 1:25,000",20150206,"US,US,reprt,L-246-2015",US4TB3P0,D,0.22,134.5220795,7.2818112
8841,1,2,129,1,550,-2004046809,19802,0226888CAC274D5A,,,,,,,,,,,,,,,29999,,,,20150206,"US,US,reprt,L-246-2015",16.6,US4TB3P0,16.6,490,5,,,1938,1915,,,"Former Japan Chart 481 (Ed. 1940, Rev. 1944), from Japan surveys, Scale 1:25,000",20150206,"US,US,reprt,L-246-2015",US4TB3P0,D,0.22,134.5220795,7.3218026
8841,1,2,129,1,550,-2004046809,19802,0226888CAC274D5A,,,,,,,,,,,,,,,29999,,,,20150206,"US,US,reprt,L-246-2015",43.0,US4TB3P0,43.0,491,5,,,1938,1915,,,"Former Japan Chart 481 (Ed. 1940, Rev. 1944), from Japan surveys, Scale 1:25,000",20150206,"US,US,reprt,L-246-2015",US4TB3P0,D,0.22,134.5220947,7.3344555
8841,1,2,129,1,550,-2004046809,19802,0226888CAC274D5A,,,,,,,,,,,,,,,29999,,,,20150206,"US,US,reprt,L-246-2015",27.8,US4TB3P0,27.8,492,5,,,1938,1915,,,"Former Japan Chart 481 (Ed. 1940, Rev. 1944), from Japan surveys, Scale 1:25,000",20150206,"US,US,reprt,L-246-2015",US4TB3P0,D,0.22,134.5221252,7.3228111
8841,1,2,129,1,550,-2004046809,19802,0226888CAC274D5A,,,,,,,,,,,,,,,29999,,,,20150206,"US,US,reprt,L-246-2015",3.4,US4TB3P0,3.4,493,3,,,2004,,,,"U.S. Navy LIDAR Survey, Archive No. 04HFM01, Scale 1:5,000-1:10,000",20150206,"US,US,reprt,L-246-2015",US4TB3P0,B,0.72,134.522171,7.2897277
8841,1,2,129,1,550,-2004046809,19802,0226888CAC274D5A,,,,,,,,,,,,,,,29999,,,,20150206,"US,US,reprt,L-246-2015",47.0,US4TB3P0,47.0,494,5,,,1938,1915,,,"Former Japan Chart 481 (Ed. 1940, Rev. 1944), from Japan surveys, Scale 1:25,000",20150206,"US,US,reprt,L-246-2015",US4TB3P0,D,0.22,134.522171,7.327239
8841,1,2,129,1,550,-2004046809,19802,0226888CAC274D5A,,,,,,,,,,,,,,,29999,,,,20150206,"US,US,reprt,L-246-2015",47.0,US4TB3P0,47.0,495,5,,,1938,1915,,,"Former Japan Chart 481 (Ed. 1940, Rev. 1944), from Japan surveys, Scale 1:25,000",20150206,"US,US,reprt,L-246-2015",US4TB3P0,D,0.22,134.5221863,7.3020859
8841,1,2,129,1,550,-2004046809,19802,0226888CAC274D5A,,,,,,,,,,,,,,,29999,,,,20150206,"US,US,reprt,L-246-2015",21.6,US4TB3P0,21.6,496,3,,,2004,,,,"U.S. Navy LIDAR Survey, Archive No. 04HFM01, Scale 1:5,000-1:10,000",20150206,"US,US,reprt,L-246-2015",US4TB3P0,B,0.72,134.5221863,7.3443942
8841,1,2,129,1,550,-2004046809,19802,0226888CAC274D5A,,,,,,,,,,,,,,,29999,,,,20150206,"US,US,reprt,L-246-2015",40.0,US4TB3P0,40.0,497,5,,,1938,1915,,,"Former Japan Chart 481 (Ed. 1940, Rev. 1944), from Japan surveys, Scale 1:25,000",20150206,"US,US,reprt,L-246-2015",US4TB3P0,D,0.22,134.5222168,7.3004084
8841,1,2,129,1,550,-2004046809,19802,0226888CAC274D5A,,,,,,,,,,,,,,,29999,,,,20150206,"US,US,reprt,L-246-2015",82.0,US4TB3P0,82.0,498,3,,,2004,1969,,,"A) U.S. Navy LIDAR Survey, 2004, Archive No. 04HFM01, Scale 1:5,000-1:10,000; B) U.S. Navy Single Beam Survey, 1969, Archive No. 685036, Scale 1:10,000-1:20,000",20150206,"US,US,reprt,L-246-2015",US4TB3P0,B,0.72,134.5223389,7.2878389
8841,1,2,129,1,550,-2004046809,19802,0226888CAC274D5A,,,,,,,,,,,,,,,29999,,,,20150206,"US,US,reprt,L-246-2015",332.0,US4TB3P0,332.0,499,3,,,2004,1969,,,"A) U.S. Navy LIDAR Survey, 2004, Archive No. 04HFM01, Scale 1:5,000-1:10,000; B) U.S. Navy Single Beam Survey, 1969, Archive No. 685036, Scale 1:10,000-1:20,000",20150206,"US,US,reprt,L-246-2015",US4TB3P0,B,0.72,134.5223541,7.2784581
8841,1,2,129,1,550,-2004046809,19802,0226888CAC274D5A,,,,,,,,,,,,,,,29999,,,,20150206,"US,US,reprt,L-246-2015",259.0,US4TB3P0,259.0,500,3,,,2004,1969,,,"A) U.S. Navy LIDAR Survey, 2004, Archive No. 04HFM01, Scale 1:5,000-1:10,000; B) U.S. Navy Single Beam Survey, 1969, Archive No. 685036, Scale 1:10,000-1:20,000",20150206,"US,US,reprt,L-246-2015",US4TB3P0,B,0.72,134.5223846,7.2757835
8841,1,2,129,1,550,-2004046809,19802,0226888CAC274D5A,,,,,,,,,,,,,,,29999,,,,20150206,"US,US,reprt,L-246-2015",9.7,US4TB3P0,9.7,501,5,,,1938,1915,,,"Former Japan Chart 481 (Ed. 1940, Rev. 1944), from Japan surveys, Scale 1:25,000",20150206,"US,US,reprt,L-246-2015",US4TB3P0,D,0.22,134.5223846,7.3238502
8841,1,2,129,1,550,-2004046809,19802,0226888CAC274D5A,,,,,,,,,,,,,,,29999,,,,20150206,"US,US,reprt,L-246-2015",16.6,US4TB3P0,16.6,502,3,,,2004,,,,"U.S. Navy LIDAR Survey, Archive No. 04HFM01, Scale 1:5,000-1:10,000",20150206,"US,US,reprt,L-246-2015",US4TB3P0,B,0.72,134.522522,7.2930665
8841,1,2,129,1,550,-2004046809,19802,0226888CAC274D5A,,,,,,,,,,,,,,,29999,,,,20150206,"US,US,reprt,L-246-2015",4.3,US4TB3P0,4.3,503,5,,,1938,1915,,,"Former Japan Chart 481 (Ed. 1940, Rev. 1944), from Japan surveys, Scale 1:25,000",20150206,"US,US,reprt,L-246-2015",US4TB3P0,D,0.22,134.5225372,7.3303027
8841,1,2,129,1,550,-2004046809,19802,0226888CAC274D5A,,,,,,,,,,,,,,,29999,,,,20150206,"US,US,reprt,L-246-2015",1.0,US4TB3P0,1.0,504,5,,,1938,1915,,,"Former Japan Chart 481 (Ed. 1940, Rev. 1944), from Japan surveys, Scale 1:25,000",20150206,"US,US,reprt,L-246-2015",US4TB3P0,D,0.22,134.5225678,7.348053
8841,1,2,129,1,550,-2004046809,19802,0226888CAC274D5A,,,,,,,,,,,,,,,29999,,,,20150206,"US,US,reprt,L-246-2015",37.0,US4TB3P0,37.0,505,5,,,1938,1915,,,"Former Japan Chart 481 (Ed. 1940, Rev. 1944), from Japan surveys, Scale 1:25,000",20150206,"US,US,reprt,L-246-2015",US4TB3P0,D,0.22,134.522583,7.3251305
8841,1,2,129,1,550,-2004046809,19802,0226888CAC274D5A,,,,,,,,,,,,,,,29999,,,,20150206,"US,US,reprt,L-246-2015",40.0,US4TB3P0,40.0,506,5,,,1938,1915,,,"Former Japan Chart 481 (Ed. 1940, Rev. 1944), from Japan surveys, Scale 1:25,000",20150206,"US,US,reprt,L-246-2015",US4TB3P0,D,0.22,134.5226135,7.3123026
8841,1,2,129,1,550,-2004046809,19802,0226888CAC274D5A,,,,,,,,,,,,,,,29999,,,,20150206,"US,US,reprt,L-246-2015",38.0,US4TB3P0,38.0,507,5,,,1938,1915,,,"Former Japan Chart 481 (Ed. 1940, Rev. 1944), from Japan surveys, Scale 1:25,000",20150206,"US,US,reprt,L-246-2015",US4TB3P0,D,0.22,134.5226898,7.3055472
8841,1,2,129,1,550,-2004046809,19802,0226888CAC274D5A,,,,,,,,,,,,,,,29999,,,,20150206,"US,US,reprt,L-246-2015",17.7,US4TB3P0,17.7,508,3,,,2004,,,,"U.S. Navy LIDAR Survey, Archive No. 04HFM01, Scale 1:5,000-1:10,000",20150206,"US,US,reprt,L-246-2015",US4TB3P0,B,0.72,134.5227356,7.3416944
8841,1,2,129,1,550,-2004046809,19802,0226888CAC274D5A,,,,,,,,,,,,,,,29999,,,,20150206,"US,US,reprt,L-246-2015",23.0,US4TB3P0,23.0,509,3,,,2004,,,,"U.S. Navy LIDAR Survey, Archive No. 04HFM01, Scale 1:5,000-1:10,000",20150206,"US,US,reprt,L-246-2015",US4TB3P0,B,0.72,134.5227509,7.2993279
8841,1,2,129,1,550,-2004046809,19802,0226888CAC274D5A,,,,,,,,,,,,,,,29999,,,,20150206,"US,US,reprt,L-246-2015",183.0,US4TB3P0,183.0,510,3,,,2004,1969,,,"A) U.S. Navy LIDAR Survey, 2004, Archive No. 04HFM01, Scale 1:5,000-1:10,000; B) U.S. Navy Single Beam Survey, 1969, Archive No. 685036, Scale 1:10,000-1:20,000",20150206,"US,US,reprt,L-246-2015",US4TB3P0,B,0.72,134.5227966,7.2856779
8841,1,2,129,1,550,-2004046809,19802,0226888CAC274D5A,,,,,,,,,,,,,,,29999,,,,20150206,"US,US,reprt,L-246-2015",44.0,US4TB3P0,44.0,511,3,,,2004,1969,,,"A) U.S. Navy LIDAR Survey, 2004, Archive No. 04HFM01, Scale 1:5,000-1:10,000; B) U.S. Navy Single Beam Survey, 1969, Archive No. 685036, Scale 1:10,000-1:20,000",20150206,"US,US,reprt,L-246-2015",US4TB3P0,B,0.72,134.5228119,7.2726831
8841,1,2,129,1,550,-2004046809,19802,0226888CAC274D5A,,,,,,,,,,,,,,,29999,,,,20150206,"US,US,reprt,L-246-2015",12.9,US4TB3P0,12.9,512,5,,,1938,1915,,,"Former Japan Chart 481 (Ed. 1940, Rev. 1944), from Japan surveys, Scale 1:25,000",20150206,"US,US,reprt,L-246-2015",US4TB3P0,D,0.22,134.5228119,7.3318248
8841,1,2,129,1,550,-2004046809,19802,0226888CAC274D5A,,,,,,,,,,,,,,,29999,,,,20150206,"US,US,reprt,L-246-2015",24.3,US4TB3P0,24.3,513,3,,,2004,,,,"U.S. Navy LIDAR Survey, Archive No. 04HFM01, Scale 1:5,000-1:10,000",20150206,"US,US,reprt,L-246-2015",US4TB3P0,B,0.72,134.5229034,7.2956581
8841,1,2,129,1,550,-2004046809,19802,0226888CAC274D5A,,,,,,,,,,,,,,,29999,,,,20150206,"US,US,reprt,L-246-2015",15.2,US4TB3P0,15.2,514,5,,,1938,1915,,,"Former Japan Chart 481 (Ed. 1940, Rev. 1944), from Japan surveys, Scale 1:25,000",20150206,"US,US,reprt,L-246-2015",US4TB3P0,D,0.22,134.5229034,7.3202581
8841,1,2,129,1,550,-2004046809,19802,0226888CAC274D5A,,,,,,,,,,,,,,,29999,,,,20150206,"US,US,reprt,L-246-2015",45.0,US4TB3P0,45.0,515,5,,,1938,1915,,,"Former Japan Chart 481 (Ed. 1940, Rev. 1944), from Japan surveys, Scale 1:25,000",20150206,"US,US,reprt,L-246-2015",US4TB3P0,D,0.22,134.522934,7.3081279
8841,1,2,129,1,550,-2004046809,19802,0226888CAC274D5A,,,,,,,,,,,,,,,29999,,,,20150206,"US,US,reprt,L-246-2015",18.6,US4TB3P0,18.6,516,5,,,1938,1915,,,"Former Japan Chart 481 (Ed. 1940, Rev. 1944), from Japan surveys, Scale 1:25,000",20150206,"US,US,reprt,L-246-2015",US4TB3P0,D,0.22,134.5229797,7.3227806
8841,1,2,129,1,550,-2004046809,19802,0226888CAC274D5A,,,,,,,,,,,,,,,29999,,,,20150206,"US,US,reprt,L-246-2015",29.0,US4TB3P0,29.0,517,5,,,1938,1915,,,"Former Japan Chart 481 (Ed. 1940, Rev. 1944), from Japan surveys, Scale 1:25,000",20150206,"US,US,reprt,L-246-2015",US4TB3P0,D,0.22,134.5231476,7.3265777
8841,1,2,129,1,550,-2004046809,19802,0226888CAC274D5A,,,,,,,,,,,,,,,29999,,,,20150206,"US,US,reprt,L-246-2015",39.0,US4TB3P0,39.0,518,5,,,1938,1915,,,"Former Japan Chart 481 (Ed. 1940, Rev. 1944), from Japan surveys, Scale 1:25,000",20150206,"US,US,reprt,L-246-2015",US4TB3P0,D,0.22,134.5232086,7.3110752
8841,1,2,129,1,550,-2004046809,19802,0226888CAC274D5A,,,,,,,,,,,,,,,29999,,,,20150206,"US,US,reprt,L-246-2015",58.0,US4TB3P0,58.0,519,5,,,1938,1915,,,"Former Japan Chart 481 (Ed. 1940, Rev. 1944), from Japan surveys, Scale 1:25,000",20150206,"US,US,reprt,L-246-2015",US4TB3P0,D,0.22,134.5232239,7.3033834
8841,1,2,129,1,550,-2004046809,19802,0226888CAC274D5A,,,,,,,,,,,,,,,29999,,,,20150206,"US,US,reprt,L-246-2015",4.2,US4TB3P0,4.2,520,5,,,1938,1915,,,"Former Japan Chart 481 (Ed. 1940, Rev. 1944), from Japan surveys, Scale 1:25,000",20150206,"US,US,reprt,L-246-2015",US4TB3P0,D,0.22,134.5232239,7.3469029
8841,1,2,129,1,550,-2004046809,19802,0226888CAC274D5A,,,,,,,,,,,,,,,29999,,,,20150206,"US,US,reprt,L-246-2015",26.0,US4TB3P0,26.0,521,3,,,2004,,,,"U.S. Navy LIDAR Survey, Archive No. 04HFM01, Scale 1:5,000-1:10,000",20150206,"US,US,reprt,L-246-2015",US4TB3P0,B,0.72,134.5233002,7.3309417
8841,1,2,129,1,550,-2004046809,19802,0226888CAC274D5A,,,,,,,,,,,,,,,29999,,,,20150206,"US,US,reprt,L-246-2015",12.1,US4TB3P0,12.1,522,3,,,2004,,,,"U.S. Navy LIDAR Survey, Archive No. 04HFM01, Scale 1:5,000-1:10,000",20150206,"US,US,reprt,L-246-2015",US4TB3P0,B,0.72,134.5233002,7.334425
8841,1,2,129,1,550,-2004046809,19802,0226888CAC274D5A,,,,,,,,,,,,,,,29999,,,,20150206,"US,US,reprt,L-246-2015",38.0,US4TB3P0,38.0,523,3,,,2004,1969,,,"A) U.S. Navy LIDAR Survey, 2004, Archive No. 04HFM01, Scale 1:5,000-1:10,000; B) U.S. Navy Single Beam Survey, 1969, Archive No. 685036, Scale 1:10,000-1:20,000",20150206,"US,US,reprt,L-246-2015",US4TB3P0,B,0.72,134.5233765,7.2734389
8841,1,2,129,1,550,-2004046809,19802,0226888CAC274D5A,,,,,,,,,,,,,,,29999,,,,20150206,"US,US,reprt,L-246-2015",42.0,US4TB3P0,42.0,524,5,,,1938,1915,,,"Former Japan Chart 481 (Ed. 1940, Rev. 1944), from Japan surveys, Scale 1:25,000",20150206,"US,US,reprt,L-246-2015",US4TB3P0,D,0.22,134.5233917,7.3011947
8841,1,2,129,1,550,-2004046809,19802,0226888CAC274D5A,,,,,,,,,,,,,,,29999,,,,20150206,"US,US,reprt,L-246-2015",8.7,US4TB3P0,8.7,525,3,,,2004,,,,"U.S. Navy LIDAR Survey, Archive No. 04HFM01, Scale 1:5,000-1:10,000",20150206,"US,US,reprt,L-246-2015",US4TB3P0,B,0.72,134.5234222,7.2884278
8841,1,2,129,1,550,-2004046809,19802,0226888CAC274D5A,,,,,,,,,,,,,,,29999,,,,20150206,"US,US,reprt,L-246-2015",25.0,US4TB3P0,25.0,526,5,,,1938,1915,,,"Former Japan Chart 481 (Ed. 1940, Rev. 1944), from Japan surveys, Scale 1:25,000",20150206,"US,US,reprt,L-246-2015",US4TB3P0,D,0.22,134.5234222,7.3448916
8841,1,2,129,1,550,-2004046809,19802,0226888CAC274D5A,,,,,,,,,,,,,,,29999,,,,20150206,"US,US,reprt,L-246-2015",19.4,US4TB3P0,19.4,527,5,,,1938,1915,,,"Former Japan Chart 481 (Ed. 1940, Rev. 1944), from Japan surveys, Scale 1:25,000",20150206,"US,US,reprt,L-246-2015",US4TB3P0,D,0.22,134.523468,7.3289499
8841,1,2,129,1,550,-2004046809,19802,0226888CAC274D5A,,,,,,,,,,,,,,,29999,,,,20150206,"US,US,reprt,L-246-2015",11.8,US4TB3P0,11.8,528,5,,,1938,1915,,,"Former Japan Chart 481 (Ed. 1940, Rev. 1944), from Japan surveys, Scale 1:25,000",20150206,"US,US,reprt,L-246-2015",US4TB3P0,D,0.22,134.523468,7.3433919
8841,1,2,129,1,550,-2004046809,19802,0226888CAC274D5A,,,,,,,,,,,,,,,29999,,,,20150206,"US,US,reprt,L-246-2015",29.0,US4TB3P0,29.0,529,5,,,1938,1915,,,"Former Japan Chart 481 (Ed. 1940, Rev. 1944), from Japan surveys, Scale 1:25,000",20150206,"US,US,reprt,L-246-2015",US4TB3P0,D,0.22,134.5235138,7.3046417
8841,1,2,129,1,550,-2004046809,19802,0226888CAC274D5A,,,,,,,,,,,,,,,29999,,,,20150206,"US,US,reprt,L-246-2015",40.0,US4TB3P0,40.0,530,5,,,1938,1915,,,"Former Japan Chart 481 (Ed. 1940, Rev. 1944), from Japan surveys, Scale 1:25,000",20150206,"US,US,reprt,L-246-2015",US4TB3P0,D,0.22,134.5235596,7.3176971
8841,1,2,129,1,550,-2004046809,19802,0226888CAC274D5A,,,,,,,,,,,,,,,29999,,,,20150206,"US,US,reprt,L-246-2015",313.0,US4TB3P0,313.0,531,3,,,2004,1969,,,"A) U.S. Navy LIDAR Survey, 2004, Archive No. 04HFM01, Scale 1:5,000-1:10,000; B) U.S. Navy Single Beam Survey, 1969, Archive No. 685036, Scale 1:10,000-1:20,000",20150206,"US,US,reprt,L-246-2015",US4TB3P0,B,0.72,134.5236206,7.281847
8841,1,2,129,1,550,-2004046809,19802,0226888CAC274D5A,,,,,,,,,,,,,,,29999,,,,20150206,"US,US,reprt,L-246-2015",21.3,US4TB3P0,21.3,532,5,,,1938,1915,,,"Former Japan Chart 481 (Ed. 1940, Rev. 1944), from Japan surveys, Scale 1:25,000",20150206,"US,US,reprt,L-246-2015",US4TB3P0,D,0.22,134.5236816,7.3235807
8841,1,2,129,1,550,-2004046809,19802,0226888CAC274D5A,,,,,,,,,,,,,,,29999,,,,20150206,"US,US,reprt,L-246-2015",47.0,US4TB3P0,47.0,533,5,,,1938,1915,,,"Former Japan Chart 481 (Ed. 1940, Rev. 1944), from Japan surveys, Scale 1:25,000",20150206,"US,US,reprt,L-246-2015",US4TB3P0,D,0.22,134.5237122,7.3095861
8841,1,2,129,1,550,-2004046809,19802,0226888CAC274D5A,,,,,,,,,,,,,,,29999,,,,20150206,"US,US,reprt,L-246-2015",9.7,US4TB3P0,9.7,534,5,,,1938,1915,,,"Former Japan Chart 481 (Ed. 1940, Rev. 1944), from Japan surveys, Scale 1:25,000",20150206,"US,US,reprt,L-246-2015",US4TB3P0,D,0.22,134.5237122,7.3483863
8841,1,2,129,1,550,-2004046809,19802,0226888CAC274D5A,,,,,,,,,,,,,,,29999,,,,20150206,"US,US,reprt,L-246-2015",37.0,US4TB3P0,37.0,535,5,,,1938,1915,,,"Former Japan Chart 481 (Ed. 1940, Rev. 1944), from Japan surveys, Scale 1:25,000",20150206,"US,US,reprt,L-246-2015",US4TB3P0,D,0.22,134.5237274,7.316103
8841,1,2,129,1,550,-2004046809,19802,0226888CAC274D5A,,,,,,,,,,,,,,,29999,,,,20150206,"US,US,reprt,L-246-2015",28.2,US4TB3P0,28.2,536,3,,,2004,,,,"U.S. Navy LIDAR Survey, Archive No. 04HFM01, Scale 1:5,000-1:10,000",20150206,"US,US,reprt,L-246-2015",US4TB3P0,B,0.72,134.5237579,7.2977724
8841,1,2,129,1,550,-2004046809,19802,0226888CAC274D5A,,,,,,,,,,,,,,,29999,,,,20150206,"US,US,reprt,L-246-2015",23.7,US4TB3P0,23.7,537,3,,,2004,,,,"U.S. Navy LIDAR Survey, Archive No. 04HFM01, Scale 1:5,000-1:10,000",20150206,"US,US,reprt,L-246-2015",US4TB3P0,B,0.72,134.5238342,7.2940002
8841,1,2,129,1,550,-2004046809,19802,0226888CAC274D5A,,,,,,,,,,,,,,,29999,,,,20150206,"US,US,reprt,L-246-2015",229.0,US4TB3P0,229.0,538,3,,,2004,1969,,,"A) U.S. Navy LIDAR Survey, 2004, Archive No. 04HFM01, Scale 1:5,000-1:10,000; B) U.S. Navy Single Beam Survey, 1969, Archive No. 685036, Scale 1:10,000-1:20,000",20150206,"US,US,reprt,L-246-2015",US4TB3P0,B,0.72,134.5240173,7.2842917
8841,1,2,129,1,550,-2004046809,19802,0226888CAC274D5A,,,,,,,,,,,,,,,29999,,,,20150206,"US,US,reprt,L-246-2015",214.0,US4TB3P0,214.0,539,3,,,2004,1969,,,"A) U.S. Navy LIDAR Survey, 2004, Archive No. 04HFM01, Scale 1:5,000-1:10,000; B) U.S. Navy Single Beam Survey, 1969, Archive No. 685036, Scale 1:10,000-1:20,000",20150206,"US,US,reprt,L-246-2015",US4TB3P0,B,0.72,134.5240479,7.2768025
8841,1,2,129,1,550,-2004046809,19802,0226888CAC274D5A,,,,,,,,,,,,,,,29999,,,,20150206,"US,US,reprt,L-246-2015",88.0,US4TB3P0,88.0,540,3,,,2004,1969,,,"A) U.S. Navy LIDAR Survey, 2004, Archive No. 04HFM01, Scale 1:5,000-1:10,000; B) U.S. Navy Single Beam Survey, 1969, Archive No. 685036, Scale 1:10,000-1:20,000",20150206,"US,US,reprt,L-246-2015",US4TB3P0,B,0.72,134.5240479,7.2863917
8841,1,2,129,1,550,-2004046809,19802,0226888CAC274D5A,,,,,,,,,,,,,,,29999,,,,20150206,"US,US,reprt,L-246-2015",2.4,US4TB3P0,2.4,541,5,,,1938,1915,,,"Former Japan Chart 481 (Ed. 1940, Rev. 1944), from Japan surveys, Scale 1:25,000",20150206,"US,US,reprt,L-246-2015",US4TB3P0,D,0.22,134.5240479,7.3267446
8841,1,2,129,1,550,-2004046809,19802,0226888CAC274D5A,,,,,,,,,,,,,,,29999,,,,20150206,"US,US,reprt,L-246-2015",3.3,US4TB3P0,3.3,542,3,,,2004,,,,"U.S. Navy LIDAR Survey, Archive No. 04HFM01, Scale 1:5,000-1:10,000",20150206,"US,US,reprt,L-246-2015",US4TB3P0,B,0.72,134.5241089,7.3340054
8841,1,2,129,1,550,-2004046809,19802,0226888CAC274D5A,,,,,,,,,,,,,,,29999,,,,20150206,"US,US,reprt,L-246-2015",24.8,US4TB3P0,24.8,543,3,,,2004,1969,,,"A) U.S. Navy LIDAR Survey, 2004, Archive No. 04HFM01, Scale 1:5,000-1:10,000; B) U.S. Navy Single Beam Survey, 1969, Archive No. 685036, Scale 1:10,000-1:20,000",20150206,"US,US,reprt,L-246-2015",US4TB3P0,B,0.72,134.5241242,7.2743807
8841,1,2,129,1,550,-2004046809,19802,0226888CAC274D5A,,,,,,,,,,,,,,,29999,,,,20150206,"US,US,reprt,L-246-2015",31.0,US4TB3P0,31.0,544,5,,,1938,1915,,,"Former Japan Chart 481 (Ed. 1940, Rev. 1944), from Japan surveys, Scale 1:25,000",20150206,"US,US,reprt,L-246-2015",US4TB3P0,D,0.22,134.5241394,7.3061805
8841,1,2,129,1,550,-2004046809,19802,0226888CAC274D5A,,,,,,,,,,,,,,,29999,,,,20150206,"US,US,reprt,L-246-2015",45.0,US4TB3P0,45.0,545,5,,,1938,1915,,,"Former Japan Chart 481 (Ed. 1940, Rev. 1944), from Japan surveys, Scale 1:25,000",20150206,"US,US,reprt,L-246-2015",US4TB3P0,D,0.22,134.5241394,7.3141418
8841,1,2,129,1,550,-2004046809,19802,0226888CAC274D5A,,,,,,,,,,,,,,,29999,,,,20150206,"US,US,reprt,L-246-2015",11.7,US4TB3P0,11.7,546,5,,,1938,1915,,,"Former Japan Chart 481 (Ed. 1940, Rev. 1944), from Japan surveys, Scale 1:25,000",20150206,"US,US,reprt,L-246-2015",US4TB3P0,D,0.22,134.524292,7.3449583
8841,1,2,129,1,550,-2004046809,19802,0226888CAC274D5A,,,,,,,,,,,,,,,29999,,,,20150206,"US,US,reprt,L-246-2015",43.0,US4TB3P0,43.0,547,5,,,1938,1915,,,"Former Japan Chart 481 (Ed. 1940, Rev. 1944), from Japan surveys, Scale 1:25,000",20150206,"US,US,reprt,L-246-2015",US4TB3P0,D,0.22,134.5243225,7.3194666
8841,1,2,129,1,550,-2004046809,19802,0226888CAC274D5A,,,,,,,,,,,,,,,29999,,,,20150206,"US,US,reprt,L-246-2015",54.0,US4TB3P0,54.0,548,5,,,1938,1915,,,"Former Japan Chart 481 (Ed. 1940, Rev. 1944), from Japan surveys, Scale 1:25,000",20150206,"US,US,reprt,L-246-2015",US4TB3P0,D,0.22,134.5243988,7.3026943
8841,1,2,129,1,550,-2004046809,19802,0226888CAC274D5A,,,,,,,,,,,,,,,29999,,,,20150206,"US,US,reprt,L-246-2015",2.4,US4TB3P0,2.4,549,5,,,1938,1915,,,"Former Japan Chart 481 (Ed. 1940, Rev. 1944), from Japan surveys, Scale 1:25,000",20150206,"US,US,reprt,L-246-2015",US4TB3P0,D,0.22,134.5245209,7.349278
8841,1,2,129,1,550,-2004046809,19802,0226888CAC274D5A,,,,,,,,,,,,,,,29999,,,,20150206,"US,US,reprt,L-246-2015",34.0,US4TB3P0,34.0,550,3,,,2004,1969,,,"A) U.S. Navy LIDAR Survey, 2004, Archive No. 04HFM01, Scale 1:5,000-1:10,000; B) U.S. Navy Single Beam Survey, 1969, Archive No. 685036, Scale 1:10,000-1:20,000",20150206,"US,US,reprt,L-246-2015",US4TB3P0,B,0.72,134.5245667,7.2751083
8841,1,2,129,1,550,-2004046809,19802,0226888CAC274D5A,,,,,,,,,,,,,,,29999,,,,20150206,"US,US,reprt,L-246-2015",143.0,US4TB3P0,143.0,551,3,,,2004,1969,,,"A) U.S. Navy LIDAR Survey, 2004, Archive No. 04HFM01, Scale 1:5,000-1:10,000; B) U.S. Navy Single Beam Survey, 1969, Archive No. 685036, Scale 1:10,000-1:20,000",20150206,"US,US,reprt,L-246-2015",US4TB3P0,B,0.72,134.5246277,7.2759442
8841,1,2,129,1,550,-2004046809,19802,0226888CAC274D5A,,,,,,,,,,,,,,,29999,,,,20150206,"US,US,reprt,L-246-2015",229.0,US4TB3P0,229.0,552,3,,,2004,1969,,,"A) U.S. Navy LIDAR Survey, 2004, Archive No. 04HFM01, Scale 1:5,000-1:10,000; B) U.S. Navy Single Beam Survey, 1969, Archive No. 685036, Scale 1:10,000-1:20,000",20150206,"US,US,reprt,L-246-2015",US4TB3P0,B,0.72,134.5246735,7.2790527
8841,1,2,129,1,550,-2004046809,19802,0226888CAC274D5A,,,,,,,,,,,,,,,29999,,,,20150206,"US,US,reprt,L-246-2015",14.6,US4TB3P0,14.6,553,5,,,1938,1915,,,"Former Japan Chart 481 (Ed. 1940, Rev. 1944), from Japan surveys, Scale 1:25,000",20150206,"US,US,reprt,L-246-2015",US4TB3P0,D,0.22,134.5247192,7.3101945
8841,1,2,129,1,550,-2004046809,19802,0226888CAC274D5A,,,,,,,,,,,,,,,29999,,,,20150206,"US,US,reprt,L-246-2015",8.4,US4TB3P0,8.4,554,5,,,1938,1915,,,"Former Japan Chart 481 (Ed. 1940, Rev. 1944), from Japan surveys, Scale 1:25,000",20150206,"US,US,reprt,L-246-2015",US4TB3P0,D,0.22,134.5248566,7.3257613
8841,1,2,129,1,550,-2004046809,19802,0226888CAC274D5A,,,,,,,,,,,,,,,29999,,,,20150206,"US,US,reprt,L-246-2015",1.9,US4TB3P0,1.9,555,5,,,1938,1915,,,"Former Japan Chart 481 (Ed. 1940, Rev. 1944), from Japan surveys, Scale 1:25,000",20150206,"US,US,reprt,L-246-2015",US4TB3P0,D,0.22,134.5248871,7.346489
8841,1,2,129,1,550,-2004046809,19802,0226888CAC274D5A,,,,,,,,,,,,,,,29999,,,,20150206,"US,US,reprt,L-246-2015",41.0,US4TB3P0,41.0,556,5,,,1938,1915,,,"Former Japan Chart 481 (Ed. 1940, Rev. 1944), from Japan surveys, Scale 1:25,000",20150206,"US,US,reprt,L-246-2015",US4TB3P0,D,0.22,134.5249176,7.3222919
8841,1,2,129,1,550,-2004046809,19802,0226888CAC274D5A,,,,,,,,,,,,,,,29999,,,,20150206,"US,US,reprt,L-246-2015",162.0,US4TB3P0,162.0,557,3,,,2004,1969,,,"A) U.S. Navy LIDAR Survey, 2004, Archive No. 04HFM01, Scale 1:5,000-1:10,000; B) U.S. Navy Single Beam Survey, 1969, Archive No. 685036, Scale 1:10,000-1:20,000",20150206,"US,US,reprt,L-246-2015",US4TB3P0,B,0.72,134.5249481,7.277503
8841,1,2,129,1,550,-2004046809,19802,0226888CAC274D5A,,,,,,,,,,,,,,,29999,,,,20150206,"US,US,reprt,L-246-2015",33.0,US4TB3P0,33.0,558,5,,,1938,1915,,,"Former Japan Chart 481 (Ed. 1940, Rev. 1944), from Japan surveys, Scale 1:25,000",20150206,"US,US,reprt,L-246-2015",US4TB3P0,D,0.22,134.5250092,7.308547
8841,1,2,129,1,550,-2004046809,19802,0226888CAC274D5A,,,,,,,,,,,,,,,29999,,,,20150206,"US,US,reprt,L-246-2015",36.0,US4TB3P0,36.0,559,5,,,1938,1915,,,"Former Japan Chart 481 (Ed. 1940, Rev. 1944), from Japan surveys, Scale 1:25,000",20150206,"US,US,reprt,L-246-2015",US4TB3P0,D,0.22,134.5250549,7.3065724
8841,1,2,129,1,550,-2004046809,19802,0226888CAC274D5A,,,,,,,,,,,,,,,29999,,,,20150206,"US,US,reprt,L-246-2015",4.6,US4TB3P0,4.6,560,3,,,2004,,,,"U.S. Navy LIDAR Survey, Archive No. 04HFM01, Scale 1:5,000-1:10,000",20150206,"US,US,reprt,L-246-2015",US4TB3P0,B,0.72,134.5250855,7.3383803
8841,1,2,129,1,550,-2004046809,19802,0226888CAC274D5A,,,,,,,,,,,,,,,29999,,,,20150206,"US,US,reprt,L-246-2015",9.7,US4TB3P0,9.7,561,5,,,1938,1915,,,"Former Japan Chart 481 (Ed. 1940, Rev. 1944), from Japan surveys, Scale 1:25,000",20150206,"US,US,reprt,L-246-2015",US4TB3P0,D,0.22,134.525238,7.3234444
8841,1,2,129,1,550,-2004046809,19802,0226888CAC274D5A,,,,,,,,,,,,,,,29999,,,,20150206,"US,US,reprt,L-246-2015",21.0,US4TB3P0,21.0,562,5,,,1938,1915,,,"Former Japan Chart 481 (Ed. 1940, Rev. 1944), from Japan surveys, Scale 1:25,000",20150206,"US,US,reprt,L-246-2015",US4TB3P0,D,0.22,134.5253143,7.3416057
8841,1,2,129,1,550,-2004046809,19802,0226888CAC274D5A,,,,,,,,,,,,,,,29999,,,,20150206,"US,US,reprt,L-246-2015",16.9,US4TB3P0,16.9,563,3,,,2004,,,,"U.S. Navy LIDAR Survey, Archive No. 04HFM01, Scale 1:5,000-1:10,000",20150206,"US,US,reprt,L-246-2015",US4TB3P0,B,0.72,134.5253449,7.3324666
8841,1,2,129,1,550,-2004046809,19802,0226888CAC274D5A,,,,,,,,,,,,,,,29999,,,,20150206,"US,US,reprt,L-246-2015",11.7,US4TB3P0,11.7,564,5,,,1938,1915,,,"Former Japan Chart 481 (Ed. 1940, Rev. 1944), from Japan surveys, Scale 1:25,000",20150206,"US,US,reprt,L-246-2015",US4TB3P0,D,0.22,134.5253449,7.3487973
8841,1,2,129,1,550,-2004046809,19802,0226888CAC274D5A,,,,,,,,,,,,,,,29999,,,,20150206,"US,US,reprt,L-246-2015",12.4,US4TB3P0,12.4,565,5,,,1938,1915,,,"Former Japan Chart 481 (Ed. 1940, Rev. 1944), from Japan surveys, Scale 1:25,000",20150206,"US,US,reprt,L-246-2015",US4TB3P0,D,0.22,134.5255432,7.3404388
8841,1,2,129,1,550,-2004046809,19802,0226888CAC274D5A,,,,,,,,,,,,,,,29999,,,,20150206,"US,US,reprt,L-246-2015",162.0,US4TB3P0,162.0,566,3,,,2004,1969,,,"A) U.S. Navy LIDAR Survey, 2004, Archive No. 04HFM01, Scale 1:5,000-1:10,000; B) U.S. Navy Single Beam Survey, 1969, Archive No. 685036, Scale 1:10,000-1:20,000",20150206,"US,US,reprt,L-246-2015",US4TB3P0,B,0.72,134.525589,7.2805195
8841,1,2,129,1,550,-2004046809,19802,0226888CAC274D5A,,,,,,,,,,,,,,,29999,,,,20150206,"US,US,reprt,L-246-2015",28.7,US4TB3P0,28.7,567,3,,,2004,1969,,,"A) U.S. Navy LIDAR Survey, 2004, Archive No. 04HFM01, Scale 1:5,000-1:10,000; B) U.S. Navy Single Beam Survey, 1969, Archive No. 685036, Scale 1:10,000-1:20,000",20150206,"US,US,reprt,L-246-2015",US4TB3P0,B,0.72,134.525589,7.285161
8841,1,2,129,1,550,-2004046809,19802,0226888CAC274D5A,,,,,,,,,,,,,,,29999,,,,20150206,"US,US,reprt,L-246-2015",16.7,US4TB3P0,16.7,568,3,,,2004,,,,"U.S. Navy LIDAR Survey, Archive No. 04HFM01, Scale 1:5,000-1:10,000",20150206,"US,US,reprt,L-246-2015",US4TB3P0,B,0.72,134.5256043,7.2937307
8841,1,2,129,1,550,-2004046809,19802,0226888CAC274D5A,,,,,,,,,,,,,,,29999,,,,20150206,"US,US,reprt,L-246-2015",32.0,US4TB3P0,32.0,569,5,,,1938,1915,,,"Former Japan Chart 481 (Ed. 1940, Rev. 1944), from Japan surveys, Scale 1:25,000",20150206,"US,US,reprt,L-246-2015",US4TB3P0,D,0.22,134.52565,7.2762752
8841,1,2,129,1,550,-2004046809,19802,0226888CAC274D5A,,,,,,,,,,,,,,,29999,,,,20150206,"US,US,reprt,L-246-2015",27.2,US4TB3P0,27.2,570,3,,,2004,1969,,,"A) U.S. Navy LIDAR Survey, 2004, Archive No. 04HFM01, Scale 1:5,000-1:10,000; B) U.S. Navy Single Beam Survey, 1969, Archive No. 685036, Scale 1:10,000-1:20,000",20150206,"US,US,reprt,L-246-2015",US4TB3P0,B,0.72,134.52565,7.2861557
8841,1,2,129,1,550,-2004046809,19802,0226888CAC274D5A,,,,,,,,,,,,,,,29999,,,,20150206,"US,US,reprt,L-246-2015",53.0,US4TB3P0,53.0,571,5,,,1938,1915,,,"Former Japan Chart 481 (Ed. 1940, Rev. 1944), from Japan surveys, Scale 1:25,000",20150206,"US,US,reprt,L-246-2015",US4TB3P0,D,0.22,134.5257721,7.3046141
8841,1,2,129,1,550,-2004046809,19802,0226888CAC274D5A,,,,,,,,,,,,,,,29999,,,,20150206,"US,US,reprt,L-246-2015",153.0,US4TB3P0,153.0,572,3,,,2004,1969,,,"A) U.S. Navy LIDAR Survey, 2004, Archive No. 04HFM01, Scale 1:5,000-1:10,000; B) U.S. Navy Single Beam Survey, 1969, Archive No. 685036, Scale 1:10,000-1:20,000",20150206,"US,US,reprt,L-246-2015",US4TB3P0,B,0.72,134.5258026,7.2823887
8841,1,2,129,1,550,-2004046809,19802,0226888CAC274D5A,,,,,,,,,,,,,,,29999,,,,20150206,"US,US,reprt,L-246-2015",27.0,US4TB3P0,27.0,573,3,,,2004,,,,"U.S. Navy LIDAR Survey, Archive No. 04HFM01, Scale 1:5,000-1:10,000",20150206,"US,US,reprt,L-246-2015",US4TB3P0,B,0.72,134.5258942,7.3374443
8841,1,2,129,1,550,-2004046809,19802,0226888CAC274D5A,,,,,,,,,,,,,,,29999,,,,20150206,"US,US,reprt,L-246-2015",4.9,US4TB3P0,4.9,574,3,,,2004,,,,"U.S. Navy LIDAR Survey, Archive No. 04HFM01, Scale 1:5,000-1:10,000",20150206,"US,US,reprt,L-246-2015",US4TB3P0,B,0.72,134.5259705,7.287075
8841,1,2,129,1,550,-2004046809,19802,0226888CAC274D5A,,,,,,,,,,,,,,,29999,,,,20150206,"US,US,reprt,L-246-2015",25.8,US4TB3P0,25.8,575,5,,,1938,1915,,,"Former Japan Chart 481 (Ed. 1940, Rev. 1944), from Japan surveys, Scale 1:25,000",20150206,"US,US,reprt,L-246-2015",US4TB3P0,D,0.22,134.5261536,7.2999859
8841,1,2,129,1,550,-2004046809,19802,0226888CAC274D5A,,,,,,,,,,,,,,,29999,,,,20150206,"US,US,reprt,L-246-2015",23.9,US4TB3P0,23.9,576,3,,,2004,,,,"U.S. Navy LIDAR Survey, Archive No. 04HFM01, Scale 1:5,000-1:10,000",20150206,"US,US,reprt,L-246-2015",US4TB3P0,B,0.72,134.5262299,7.2952056
8841,1,2,129,1,550,-2004046809,19802,0226888CAC274D5A,,,,,,,,,,,,,,,29999,,,,20150206,"US,US,reprt,L-246-2015",55.0,US4TB3P0,55.0,577,5,,,1938,1915,,,"Former Japan Chart 481 (Ed. 1940, Rev. 1944), from Japan surveys, Scale 1:25,000",20150206,"US,US,reprt,L-246-2015",US4TB3P0,D,0.22,134.5262756,7.2790027
8841,1,2,129,1,550,-2004046809,19802,0226888CAC274D5A,,,,,,,,,,,,,,,29999,,,,20150206,"US,US,reprt,L-246-2015",19.6,US4TB3P0,19.6,578,5,,,1938,1915,,,"Former Japan Chart 481 (Ed. 1940, Rev. 1944), from Japan surveys, Scale 1:25,000",20150206,"US,US,reprt,L-246-2015",US4TB3P0,D,0.22,134.5262756,7.3406
8841,1,2,129,1,550,-2004046809,19802,0226888CAC274D5A,,,,,,,,,,,,,,,29999,,,,20150206,"US,US,reprt,L-246-2015",53.0,US4TB3P0,53.0,579,3,,,2004,1969,,,"A) U.S. Navy LIDAR Survey, 2004, Archive No. 04HFM01, Scale 1:5,000-1:10,000; B) U.S. Navy Single Beam Survey, 1969, Archive No. 685036, Scale 1:10,000-1:20,000",20150206,"US,US,reprt,L-246-2015",US4TB3P0,B,0.72,134.5263367,7.2845416
8841,1,2,129,1,550,-2004046809,19802,0226888CAC274D5A,,,,,,,,,,,,,,,29999,,,,20150206,"US,US,reprt,L-246-2015",3.3,US4TB3P0,3.3,580,5,,,1938,1915,,,"Former Japan Chart 481 (Ed. 1940, Rev. 1944), from Japan surveys, Scale 1:25,000",20150206,"US,US,reprt,L-246-2015",US4TB3P0,D,0.22,134.5263519,7.3456669
8841,1,2,129,1,550,-2004046809,19802,0226888CAC274D5A,,,,,,,,,,,,,,,29999,,,,20150206,"US,US,reprt,L-246-2015",7.4,US4TB3P0,7.4,581,5,,,1938,1915,,,"Former Japan Chart 481 (Ed. 1940, Rev. 1944), from Japan surveys, Scale 1:25,000",20150206,"US,US,reprt,L-246-2015",US4TB3P0,D,0.22,134.526474,7.3413639
8841,1,2,129,1,550,-2004046809,19802,0226888CAC274D5A,,,,,,,,,,,,,,,29999,,,,20150206,"US,US,reprt,L-246-2015",61.0,US4TB3P0,61.0,582,5,,,1938,1915,,,"Former Japan Chart 481 (Ed. 1940, Rev. 1944), from Japan surveys, Scale 1:25,000",20150206,"US,US,reprt,L-246-2015",US4TB3P0,D,0.22,134.526535,7.2832751
8841,1,2,129,1,550,-2004046809,19802,0226888CAC274D5A,,,,,,,,,,,,,,,29999,,,,20150206,"US,US,reprt,L-246-2015",6.6,US4TB3P0,6.6,583,3,,,2004,,,,"U.S. Navy LIDAR Survey, Archive No. 04HFM01, Scale 1:5,000-1:10,000",20150206,"US,US,reprt,L-246-2015",US4TB3P0,B,0.72,134.526535,7.2861891
8841,1,2,129,1,550,-2004046809,19802,0226888CAC274D5A,,,,,,,,,,,,,,,29999,,,,20150206,"US,US,reprt,L-246-2015",53.0,US4TB3P0,53.0,584,5,,,1938,1915,,,"Former Japan Chart 481 (Ed. 1940, Rev. 1944), from Japan surveys, Scale 1:25,000",20150206,"US,US,reprt,L-246-2015",US4TB3P0,D,0.22,134.5265656,7.2811723
8841,1,2,129,1,550,-2004046809,19802,0226888CAC274D5A,,,,,,,,,,,,,,,29999,,,,20150206,"US,US,reprt,L-246-2015",19.8,US4TB3P0,19.8,585,3,,,2004,,,,"U.S. Navy LIDAR Survey, Archive No. 04HFM01, Scale 1:5,000-1:10,000",20150206,"US,US,reprt,L-246-2015",US4TB3P0,B,0.72,134.5266266,7.2964501
8841,1,2,129,1,550,-2004046809,19802,0226888CAC274D5A,,,,,,,,,,,,,,,29999,,,,20150206,"US,US,reprt,L-246-2015",54.0,US4TB3P0,54.0,586,5,,,1938,1915,,,"Former Japan Chart 481 (Ed. 1940, Rev. 1944), from Japan surveys, Scale 1:25,000",20150206,"US,US,reprt,L-246-2015",US4TB3P0,D,0.22,134.5267181,7.3025584
8841,1,2,129,1,550,-2004046809,19802,0226888CAC274D5A,,,,,,,,,,,,,,,29999,,,,20150206,"US,US,reprt,L-246-2015",43.0,US4TB3P0,43.0,587,5,,,1938,1915,,,"Former Japan Chart 481 (Ed. 1940, Rev. 1944), from Japan surveys, Scale 1:25,000",20150206,"US,US,reprt,L-246-2015",US4TB3P0,D,0.22,134.5267487,7.3076139
8841,1,2,129,1,550,-2004046809,19802,0226888CAC274D5A,,,,,,,,,,,,,,,29999,,,,20150206,"US,US,reprt,L-246-2015",13.1,US4TB3P0,13.1,588,3,,,2004,,,,"U.S. Navy LIDAR Survey, Archive No. 04HFM01, Scale 1:5,000-1:10,000",20150206,"US,US,reprt,L-246-2015",US4TB3P0,B,0.72,134.5269928,7.308589
8841,1,2,129,1,550,-2004046809,19802,0226888CAC274D5A,,,,,,,,,,,,,,,29999,,,,20150206,"US,US,reprt,L-246-2015",15.8,US4TB3P0,15.8,589,5,,,1938,1915,,,"Former Japan Chart 481 (Ed. 1940, Rev. 1944), from Japan surveys, Scale 1:25,000",20150206,"US,US,reprt,L-246-2015",US4TB3P0,D,0.22,134.5271759,7.3333168
8841,1,2,129,1,550,-2004046809,19802,0226888CAC274D5A,,,,,,,,,,,,,,,29999,,,,20150206,"US,US,reprt,L-246-2015",15.0,US4TB3P0,15.0,590,3,,,2004,,,,"U.S. Navy LIDAR Survey, Archive No. 04HFM01, Scale 1:5,000-1:10,000",20150206,"US,US,reprt,L-246-2015",US4TB3P0,B,0.72,134.5272675,7.2959194
8841,1,2,129,1,550,-2004046809,19802,0226888CAC274D5A,,,,,,,,,,,,,,,29999,,,,20150206,"US,US,reprt,L-246-2015",11.7,US4TB3P0,11.7,591,5,,,1938,1915,,,"Former Japan Chart 481 (Ed. 1940, Rev. 1944), from Japan surveys, Scale 1:25,000",20150206,"US,US,reprt,L-246-2015",US4TB3P0,D,0.22,134.5273895,7.3454862
8841,1,2,129,1,550,-2004046809,19802,0226888CAC274D5A,,,,,,,,,,,,,,,29999,,,,20150206,"US,US,reprt,L-246-2015",21.0,US4TB3P0,21.0,592,5,,,1938,1915,,,"Former Japan Chart 481 (Ed. 1940, Rev. 1944), from Japan surveys, Scale 1:25,000",20150206,"US,US,reprt,L-246-2015",US4TB3P0,D,0.22,134.5274353,7.3443222
8841,1,2,129,1,550,-2004046809,19802,0226888CAC274D5A,,,,,,,,,,,,,,,29999,,,,20150206,"US,US,reprt,L-246-2015",25.0,US4TB3P0,25.0,593,5,,,1938,1915,,,"Former Japan Chart 481 (Ed. 1940, Rev. 1944), from Japan surveys, Scale 1:25,000",20150206,"US,US,reprt,L-246-2015",US4TB3P0,D,0.22,134.5274506,7.3406582
8841,1,2,129,1,550,-2004046809,19802,0226888CAC274D5A,,,,,,,,,,,,,,,29999,,,,20150206,"US,US,reprt,L-246-2015",53.0,US4TB3P0,53.0,594,5,,,1938,1915,,,"Former Japan Chart 481 (Ed. 1940, Rev. 1944), from Japan surveys, Scale 1:25,000",20150206,"US,US,reprt,L-246-2015",US4TB3P0,D,0.22,134.5279541,7.3004637
8841,1,2,129,1,550,-2004046809,19802,0226888CAC274D5A,,,,,,,,,,,,,,,29999,,,,20150206,"US,US,reprt,L-246-2015",27.4,US4TB3P0,27.4,595,3,,,2004,,,,"U.S. Navy LIDAR Survey, Archive No. 04HFM01, Scale 1:5,000-1:10,000",20150206,"US,US,reprt,L-246-2015",US4TB3P0,B,0.72,134.5280151,7.2977777
8841,1,2,129,1,550,-2004046809,19802,0226888CAC274D5A,,,,,,,,,,,,,,,29999,,,,20150206,"US,US,reprt,L-246-2015",47.0,US4TB3P0,47.0,596,5,,,1938,1915,,,"Former Japan Chart 481 (Ed. 1940, Rev. 1944), from Japan surveys, Scale 1:25,000",20150206,"US,US,reprt,L-246-2015",US4TB3P0,D,0.22,134.5280762,7.3048167
8841,1,2,129,1,550,-2004046809,19802,0226888CAC274D5A,,,,,,,,,,,,,,,29999,,,,20150206,"US,US,reprt,L-246-2015",29.0,US4TB3P0,29.0,597,5,,,1938,1915,,,"Former Japan Chart 481 (Ed. 1940, Rev. 1944), from Japan surveys, Scale 1:25,000",20150206,"US,US,reprt,L-246-2015",US4TB3P0,D,0.22,134.5281982,7.3389554
8841,1,2,129,1,550,-2004046809,19802,0226888CAC274D5A,,,,,,,,,,,,,,,29999,,,,20150206,"US,US,reprt,L-246-2015",20.0,US4TB3P0,20.0,598,5,,,1938,1915,,,"Former Japan Chart 481 (Ed. 1940, Rev. 1944), from Japan surveys, Scale 1:25,000",20150206,"US,US,reprt,L-246-2015",US4TB3P0,D,0.22,134.5282288,7.335578
8841,1,2,129,1,550,-2004046809,19802,0226888CAC274D5A,,,,,,,,,,,,,,,29999,,,,20150206,"US,US,reprt,L-246-2015",54.0,US4TB3P0,54.0,599,5,,,1938,1915,,,"Former Japan Chart 481 (Ed. 1940, Rev. 1944), from Japan surveys, Scale 1:25,000",20150206,"US,US,reprt,L-246-2015",US4TB3P0,D,0.22,134.5282898,7.3023028
8841,1,2,129,1,550,-2004046809,19802,0226888CAC274D5A,,,,,,,,,,,,,,,29999,,,,20150206,"US,US,reprt,L-246-2015",9.7,US4TB3P0,9.7,600,5,,,1938,1915,,,"Former Japan Chart 481 (Ed. 1940, Rev. 1944), from Japan surveys, Scale 1:25,000",20150206,"US,US,reprt,L-246-2015",US4TB3P0,D,0.22,134.5283661,7.344389
8841,1,2,129,1,550,-2004046809,19802,0226888CAC274D5A,,,,,,,,,,,,,,,29999,,,,20150206,"US,US,reprt,L-246-2015",14.9,US4TB3P0,14.9,601,3,,,2004,,,,"U.S. Navy LIDAR Survey, Archive No. 04HFM01, Scale 1:5,000-1:10,000",20150206,"US,US,reprt,L-246-2015",US4TB3P0,B,0.72,134.5285492,7.3095999
8841,1,2,129,1,550,-2004046809,19802,0226888CAC274D5A,,,,,,,,,,,,,,,29999,,,,20150206,"US,US,reprt,L-246-2015",54.0,US4TB3P0,54.0,602,5,,,1938,1915,,,"Former Japan Chart 481 (Ed. 1940, Rev. 1944), from Japan surveys, Scale 1:25,000",20150206,"US,US,reprt,L-246-2015",US4TB3P0,D,0.22,134.5287018,7.308547
8841,1,2,129,1,550,-2004046809,19802,0226888CAC274D5A,,,,,,,,,,,,,,,29999,,,,20150206,"US,US,reprt,L-246-2015",54.0,US4TB3P0,54.0,603,5,,,1938,1915,,,"Former Japan Chart 481 (Ed. 1940, Rev. 1944), from Japan surveys, Scale 1:25,000",20150206,"US,US,reprt,L-246-2015",US4TB3P0,D,0.22,134.5289002,7.3061805
8841,1,2,129,1,550,-2004046809,19802,0226888CAC274D5A,,,,,,,,,,,,,,,29999,,,,20150206,"US,US,reprt,L-246-2015",17.7,US4TB3P0,17.7,604,5,,,1938,1915,,,"Former Japan Chart 481 (Ed. 1940, Rev. 1944), from Japan surveys, Scale 1:25,000",20150206,"US,US,reprt,L-246-2015",US4TB3P0,D,0.22,134.5289307,7.3363361
8841,1,2,129,1,550,-2004046809,19802,0226888CAC274D5A,,,,,,,,,,,,,,,29999,,,,20150206,"US,US,reprt,L-246-2015",21.0,US4TB3P0,21.0,605,5,,,1938,1915,,,"Former Japan Chart 481 (Ed. 1940, Rev. 1944), from Japan surveys, Scale 1:25,000",20150206,"US,US,reprt,L-246-2015",US4TB3P0,D,0.22,134.529129,7.3344555
8841,1,2,129,1,550,-2004046809,19802,0226888CAC274D5A,,,,,,,,,,,,,,,29999,,,,20150206,"US,US,reprt,L-246-2015",6.5,US4TB3P0,6.5,606,5,,,1938,1915,,,"Former Japan Chart 481 (Ed. 1940, Rev. 1944), from Japan surveys, Scale 1:25,000",20150206,"US,US,reprt,L-246-2015",US4TB3P0,D,0.22,134.5291443,7.3332834
8841,1,2,129,1,550,-2004046809,19802,0226888CAC274D5A,,,,,,,,,,,,,,,29999,,,,20150206,"US,US,reprt,L-246-2015",9.7,US4TB3P0,9.7,607,5,,,1938,1915,,,"Former Japan Chart 481 (Ed. 1940, Rev. 1944), from Japan surveys, Scale 1:25,000",20150206,"US,US,reprt,L-246-2015",US4TB3P0,D,0.22,134.529419,7.3429055
8841,1,2,129,1,550,-2004046809,19802,0226888CAC274D5A,,,,,,,,,,,,,,,29999,,,,20150206,"US,US,reprt,L-246-2015",56.0,US4TB3P0,56.0,608,5,,,1938,1915,,,"Former Japan Chart 481 (Ed. 1940, Rev. 1944), from Japan surveys, Scale 1:25,000",20150206,"US,US,reprt,L-246-2015",US4TB3P0,D,0.22,134.529953,7.3025861
8841,1,2,129,1,550,-2004046809,19802,0226888CAC274D5A,,,,,,,,,,,,,,,29999,,,,20150206,"US,US,reprt,L-246-2015",17.1,US4TB3P0,17.1,609,3,,,2004,,,,"U.S. Navy LIDAR Survey, Archive No. 04HFM01, Scale 1:5,000-1:10,000",20150206,"US,US,reprt,L-246-2015",US4TB3P0,B,0.72,134.5299988,7.2956724
8841,1,2,129,1,550,-2004046809,19802,0226888CAC274D5A,,,,,,,,,,,,,,,29999,,,,20150206,"US,US,reprt,L-246-2015",29.6,US4TB3P0,29.6,610,3,,,2004,,,,"U.S. Navy LIDAR Survey, Archive No. 04HFM01, Scale 1:5,000-1:10,000",20150206,"US,US,reprt,L-246-2015",US4TB3P0,B,0.72,134.530014,7.2981167
8841,1,2,129,1,550,-2004046809,19802,0226888CAC274D5A,,,,,,,,,,,,,,,29999,,,,20150206,"US,US,reprt,L-246-2015",7.9,US4TB3P0,7.9,611,5,,,1938,1915,,,"Former Japan Chart 481 (Ed. 1940, Rev. 1944), from Japan surveys, Scale 1:25,000",20150206,"US,US,reprt,L-246-2015",US4TB3P0,D,0.22,134.5301666,7.2766056
8841,1,2,129,1,550,-2004046809,19802,0226888CAC274D5A,,,,,,,,,,,,,,,29999,,,,20150206,"US,US,reprt,L-246-2015",51.0,US4TB3P0,51.0,612,5,,,1938,1915,,,"Former Japan Chart 481 (Ed. 1940, Rev. 1944), from Japan surveys, Scale 1:25,000",20150206,"US,US,reprt,L-246-2015",US4TB3P0,D,0.22,134.5301971,7.3067498
8841,1,2,129,1,550,-2004046809,19802,0226888CAC274D5A,,,,,,,,,,,,,,,29999,,,,20150206,"US,US,reprt,L-246-2015",51.0,US4TB3P0,51.0,613,5,,,1938,1915,,,"Former Japan Chart 481 (Ed. 1940, Rev. 1944), from Japan surveys, Scale 1:25,000",20150206,"US,US,reprt,L-246-2015",US4TB3P0,D,0.22,134.5302124,7.3009915
8841,1,2,129,1,550,-2004046809,19802,0226888CAC274D5A,,,,,,,,,,,,,,,29999,,,,20150206,"US,US,reprt,L-246-2015",21.0,US4TB3P0,21.0,614,5,,,1938,1915,,,"Former Japan Chart 481 (Ed. 1940, Rev. 1944), from Japan surveys, Scale 1:25,000",20150206,"US,US,reprt,L-246-2015",US4TB3P0,D,0.22,134.530365,7.3405914
8841,1,2,129,1,550,-2004046809,19802,0226888CAC274D5A,,,,,,,,,,,,,,,29999,,,,20150206,"US,US,reprt,L-246-2015",60.0,US4TB3P0,60.0,615,5,,,1938,1915,,,"Former Japan Chart 481 (Ed. 1940, Rev. 1944), from Japan surveys, Scale 1:25,000",20150206,"US,US,reprt,L-246-2015",US4TB3P0,D,0.22,134.5304413,7.3089252
8841,1,2,129,1,550,-2004046809,19802,0226888CAC274D5A,,,,,,,,,,,,,,,29999,,,,20150206,"US,US,reprt,L-246-2015",6.1,US4TB3P0,6.1,616,5,,,1938,1915,,,"Former Japan Chart 481 (Ed. 1940, Rev. 1944), from Japan surveys, Scale 1:25,000",20150206,"US,US,reprt,L-246-2015",US4TB3P0,D,0.22,134.5304718,7.2752056
8841,1,2,129,1,550,-2004046809,19802,0226888CAC274D5A,,,,,,,,,,,,,,,29999,,,,20150206,"US,US,reprt,L-246-2015",1.0,US4TB3P0,1.0,617,5,,,1938,1915,,,"Former Japan Chart 481 (Ed. 1940, Rev. 1944), from Japan surveys, Scale 1:25,000",20150206,"US,US,reprt,L-246-2015",US4TB3P0,D,0.22,134.5305176,7.338511
8841,1,2,129,1,550,-2004046809,19802,0226888CAC274D5A,,,,,,,,,,,,,,,29999,,,,20150206,"US,US,reprt,L-246-2015",43.0,US4TB3P0,43.0,618,5,,,1938,1915,,,"Former Japan Chart 481 (Ed. 1940, Rev. 1944), from Japan surveys, Scale 1:25,000",20150206,"US,US,reprt,L-246-2015",US4TB3P0,D,0.22,134.5305481,7.3046556
8841,1,2,129,1,550,-2004046809,19802,0226888CAC274D5A,,,,,,,,,,,,,,,29999,,,,20150206,"US,US,reprt,L-246-2015",8.3,US4TB3P0,8.3,619,5,,,1938,1915,,,"Former Japan Chart 481 (Ed. 1940, Rev. 1944), from Japan surveys, Scale 1:25,000",20150206,"US,US,reprt,L-246-2015",US4TB3P0,D,0.22,134.5305786,7.3330946
8841,1,2,129,1,550,-2004046809,19802,0226888CAC274D5A,,,,,,,,,,,,,,,29999,,,,20150206,"US,US,reprt,L-246-2015",19.7,US4TB3P0,19.7,620,5,,,1938,1915,,,"Former Japan Chart 481 (Ed. 1940, Rev. 1944), from Japan surveys, Scale 1:25,000",20150206,"US,US,reprt,L-246-2015",US4TB3P0,D,0.22,134.5305786,7.3345499
8841,1,2,129,1,550,-2004046809,19802,0226888CAC274D5A,,,,,,,,,,,,,,,29999,,,,20150206,"US,US,reprt,L-246-2015",8.8,US4TB3P0,8.8,621,5,,,1938,1915,,,"Former Japan Chart 481 (Ed. 1940, Rev. 1944), from Japan surveys, Scale 1:25,000",20150206,"US,US,reprt,L-246-2015",US4TB3P0,D,0.22,134.5308075,7.2795138
8841,1,2,129,1,550,-2004046809,19802,0226888CAC274D5A,,,,,,,,,,,,,,,29999,,,,20150206,"US,US,reprt,L-246-2015",17.7,US4TB3P0,17.7,622,5,,,1938,1915,,,"Former Japan Chart 481 (Ed. 1940, Rev. 1944), from Japan surveys, Scale 1:25,000",20150206,"US,US,reprt,L-246-2015",US4TB3P0,D,0.22,134.5315552,7.3353472
8841,1,2,129,1,550,-2004046809,19802,0226888CAC274D5A,,,,,,,,,,,,,,,29999,,,,20150206,"US,US,reprt,L-246-2015",9.7,US4TB3P0,9.7,623,5,,,1938,1915,,,"Former Japan Chart 481 (Ed. 1940, Rev. 1944), from Japan surveys, Scale 1:25,000",20150206,"US,US,reprt,L-246-2015",US4TB3P0,D,0.22,134.5315552,7.3398361
8841,1,2,129,1,550,-2004046809,19802,0226888CAC274D5A,,,,,,,,,,,,,,,29999,,,,20150206,"US,US,reprt,L-246-2015",36.0,US4TB3P0,36.0,624,3,,,2004,,,,"U.S. Navy LIDAR Survey, Archive No. 04HFM01, Scale 1:5,000-1:10,000",20150206,"US,US,reprt,L-246-2015",US4TB3P0,B,0.72,134.531601,7.2991109
8841,1,2,129,1,550,-2004046809,19802,0226888CAC274D5A,,,,,,,,,,,,,,,29999,,,,20150206,"US,US,reprt,L-246-2015",49.0,US4TB3P0,49.0,625,5,,,1938,1915,,,"Former Japan Chart 481 (Ed. 1940, Rev. 1944), from Japan surveys, Scale 1:25,000",20150206,"US,US,reprt,L-246-2015",US4TB3P0,D,0.22,134.5316925,7.3070612
8841,1,2,129,1,550,-2004046809,19802,0226888CAC274D5A,,,,,,,,,,,,,,,29999,,,,20150206,"US,US,reprt,L-246-2015",6.1,US4TB3P0,6.1,626,5,,,1938,1915,,,"Former Japan Chart 481 (Ed. 1940, Rev. 1944), from Japan surveys, Scale 1:25,000",20150206,"US,US,reprt,L-246-2015",US4TB3P0,D,0.22,134.5318298,7.2807808
8841,1,2,129,1,550,-2004046809,19802,0226888CAC274D5A,,,,,,,,,,,,,,,29999,,,,20150206,"US,US,reprt,L-246-2015",25.0,US4TB3P0,25.0,627,5,,,1938,1915,,,"Former Japan Chart 481 (Ed. 1940, Rev. 1944), from Japan surveys, Scale 1:25,000",20150206,"US,US,reprt,L-246-2015",US4TB3P0,D,0.22,134.5319367,7.2753501
8841,1,2,129,1,550,-2004046809,19802,0226888CAC274D5A,,,,,,,,,,,,,,,29999,,,,20150206,"US,US,reprt,L-246-2015",27.0,US4TB3P0,27.0,628,5,,,1938,1915,,,"Former Japan Chart 481 (Ed. 1940, Rev. 1944), from Japan surveys, Scale 1:25,000",20150206,"US,US,reprt,L-246-2015",US4TB3P0,D,0.22,134.5320587,7.2734165
8841,1,2,129,1,550,-2004046809,19802,0226888CAC274D5A,,,,,,,,,,,,,,,29999,,,,20150206,"US,US,reprt,L-246-2015",17.7,US4TB3P0,17.7,629,5,,,1938,1915,,,"Former Japan Chart 481 (Ed. 1940, Rev. 1944), from Japan surveys, Scale 1:25,000",20150206,"US,US,reprt,L-246-2015",US4TB3P0,D,0.22,134.5321198,7.2717276
8841,1,2,129,1,550,-2004046809,19802,0226888CAC274D5A,,,,,,,,,,,,,,,29999,,,,20150206,"US,US,reprt,L-246-2015",1.9,US4TB3P0,1.9,630,5,,,1938,1915,,,"Former Japan Chart 481 (Ed. 1940, Rev. 1944), from Japan surveys, Scale 1:25,000",20150206,"US,US,reprt,L-246-2015",US4TB3P0,D,0.22,134.5323486,7.3364029
8841,1,2,129,1,550,-2004046809,19802,0226888CAC274D5A,,,,,,,,,,,,,,,29999,,,,20150206,"US,US,reprt,L-246-2015",58.0,US4TB3P0,58.0,631,5,,,1938,1915,,,"Former Japan Chart 481 (Ed. 1940, Rev. 1944), from Japan surveys, Scale 1:25,000",20150206,"US,US,reprt,L-246-2015",US4TB3P0,D,0.22,134.5323944,7.3089528
8841,1,2,129,1,550,-2004046809,19802,0226888CAC274D5A,,,,,,,,,,,,,,,29999,,,,20150206,"US,US,reprt,L-246-2015",21.6,US4TB3P0,21.6,632,3,,,2004,,,,"U.S. Navy LIDAR Survey, Archive No. 04HFM01, Scale 1:5,000-1:10,000",20150206,"US,US,reprt,L-246-2015",US4TB3P0,B,0.72,134.5324249,7.2966862
8841,1,2,129,1,550,-2004046809,19802,0226888CAC274D5A,,,,,,,,,,,,,,,29999,,,,20150206,"US,US,reprt,L-246-2015",15.7,US4TB3P0,15.7,633,5,,,1938,1915,,,"Former Japan Chart 481 (Ed. 1940, Rev. 1944), from Japan surveys, Scale 1:25,000",20150206,"US,US,reprt,L-246-2015",US4TB3P0,D,0.22,134.5325165,7.2791891
8841,1,2,129,1,550,-2004046809,19802,0226888CAC274D5A,,,,,,,,,,,,,,,29999,,,,20150206,"US,US,reprt,L-246-2015",5.1,US4TB3P0,5.1,634,5,,,1938,1915,,,"Former Japan Chart 481 (Ed. 1940, Rev. 1944), from Japan surveys, Scale 1:25,000",20150206,"US,US,reprt,L-246-2015",US4TB3P0,D,0.22,134.5325165,7.2822166
8841,1,2,129,1,550,-2004046809,19802,0226888CAC274D5A,,,,,,,,,,,,,,,29999,,,,20150206,"US,US,reprt,L-246-2015",38.0,US4TB3P0,38.0,635,5,,,1938,1915,,,"Former Japan Chart 481 (Ed. 1940, Rev. 1944), from Japan surveys, Scale 1:25,000",20150206,"US,US,reprt,L-246-2015",US4TB3P0,D,0.22,134.5325775,7.300828
8841,1,2,129,1,550,-2004046809,19802,0226888CAC274D5A,,,,,,,,,,,,,,,29999,,,,20150206,"US,US,reprt,L-246-2015",23.0,US4TB3P0,23.0,636,5,,,1938,1915,,,"Former Japan Chart 481 (Ed. 1940, Rev. 1944), from Japan surveys, Scale 1:25,000",20150206,"US,US,reprt,L-246-2015",US4TB3P0,D,0.22,134.5326996,7.277514
8841,1,2,129,1,550,-2004046809,19802,0226888CAC274D5A,,,,,,,,,,,,,,,29999,,,,20150206,"US,US,reprt,L-246-2015",2.4,US4TB3P0,2.4,637,5,,,1938,1915,,,"Former Japan Chart 481 (Ed. 1940, Rev. 1944), from Japan surveys, Scale 1:25,000",20150206,"US,US,reprt,L-246-2015",US4TB3P0,D,0.22,134.5327606,7.3384695
8841,1,2,129,1,550,-2004046809,19802,0226888CAC274D5A,,,,,,,,,,,,,,,29999,,,,20150206,"US,US,reprt,L-246-2015",1.9,US4TB3P0,1.9,638,5,,,1938,1915,,,"Former Japan Chart 481 (Ed. 1940, Rev. 1944), from Japan surveys, Scale 1:25,000",20150206,"US,US,reprt,L-246-2015",US4TB3P0,D,0.22,134.5327759,7.3355613
8841,1,2,129,1,550,-2004046809,19802,0226888CAC274D5A,,,,,,,,,,,,,,,29999,,,,20150206,"US,US,reprt,L-246-2015",8.8,US4TB3P0,8.8,639,3,,,2004,,,,"U.S. Navy LIDAR Survey, Archive No. 04HFM01, Scale 1:5,000-1:10,000",20150206,"US,US,reprt,L-246-2015",US4TB3P0,B,0.72,134.5329285,7.2865305
8841,1,2,129,1,550,-2004046809,19802,0226888CAC274D5A,,,,,,,,,,,,,,,29999,,,,20150206,"US,US,reprt,L-246-2015",16.8,US4TB3P0,16.8,640,3,,,2004,,,,"U.S. Navy LIDAR Survey, Archive No. 04HFM01, Scale 1:5,000-1:10,000",20150206,"US,US,reprt,L-246-2015",US4TB3P0,B,0.72,134.5331574,7.2920752
8841,1,2,129,1,550,-2004046809,19802,0226888CAC274D5A,,,,,,,,,,,,,,,29999,,,,20150206,"US,US,reprt,L-246-2015",5.6,US4TB3P0,5.6,641,5,,,1938,1915,,,"Former Japan Chart 481 (Ed. 1940, Rev. 1944), from Japan surveys, Scale 1:25,000",20150206,"US,US,reprt,L-246-2015",US4TB3P0,D,0.22,134.5332031,7.2738805
8841,1,2,129,1,550,-2004046809,19802,0226888CAC274D5A,,,,,,,,,,,,,,,29999,,,,20150206,"US,US,reprt,L-246-2015",42.0,US4TB3P0,42.0,642,5,,,1938,1915,,,"Former Japan Chart 481 (Ed. 1940, Rev. 1944), from Japan surveys, Scale 1:25,000",20150206,"US,US,reprt,L-246-2015",US4TB3P0,D,0.22,134.5332336,7.3072224
8841,1,2,129,1,550,-2004046809,19802,0226888CAC274D5A,,,,,,,,,,,,,,,29999,,,,20150206,"US,US,reprt,L-246-2015",49.0,US4TB3P0,49.0,643,5,,,1938,1915,,,"Former Japan Chart 481 (Ed. 1940, Rev. 1944), from Japan surveys, Scale 1:25,000",20150206,"US,US,reprt,L-246-2015",US4TB3P0,D,0.22,134.5332794,7.2989917
8841,1,2,129,1,550,-2004046809,19802,0226888CAC274D5A,,,,,,,,,,,,,,,29999,,,,20150206,"US,US,reprt,L-246-2015",21.0,US4TB3P0,21.0,644,5,,,1938,1915,,,"Former Japan Chart 481 (Ed. 1940, Rev. 1944), from Japan surveys, Scale 1:25,000",20150206,"US,US,reprt,L-246-2015",US4TB3P0,D,0.22,134.5333252,7.2805529
8841,1,2,129,1,550,-2004046809,19802,0226888CAC274D5A,,,,,,,,,,,,,,,29999,,,,20150206,"US,US,reprt,L-246-2015",25.0,US4TB3P0,25.0,645,5,,,1938,1915,,,"Former Japan Chart 481 (Ed. 1940, Rev. 1944), from Japan surveys, Scale 1:25,000",20150206,"US,US,reprt,L-246-2015",US4TB3P0,D,0.22,134.5334015,7.27285
8841,1,2,129,1,550,-2004046809,19802,0226888CAC274D5A,,,,,,,,,,,,,,,29999,,,,20150206,"US,US,reprt,L-246-2015",51.0,US4TB3P0,51.0,646,5,,,1938,1915,,,"Former Japan Chart 481 (Ed. 1940, Rev. 1944), from Japan surveys, Scale 1:25,000",20150206,"US,US,reprt,L-246-2015",US4TB3P0,D,0.22,134.5335388,7.304925
8841,1,2,129,1,550,-2004046809,19802,0226888CAC274D5A,,,,,,,,,,,,,,,29999,,,,20150206,"US,US,reprt,L-246-2015",7.0,US4TB3P0,7.0,647,5,,,1938,1915,,,"Former Japan Chart 481 (Ed. 1940, Rev. 1944), from Japan surveys, Scale 1:25,000",20150206,"US,US,reprt,L-246-2015",US4TB3P0,D,0.22,134.5336456,7.2841611
8841,1,2,129,1,550,-2004046809,19802,0226888CAC274D5A,,,,,,,,,,,,,,,29999,,,,20150206,"US,US,reprt,L-246-2015",25.0,US4TB3P0,25.0,648,5,,,1938,1915,,,"Former Japan Chart 481 (Ed. 1940, Rev. 1944), from Japan surveys, Scale 1:25,000",20150206,"US,US,reprt,L-246-2015",US4TB3P0,D,0.22,134.5337524,7.2709971
8841,1,2,129,1,550,-2004046809,19802,0226888CAC274D5A,,,,,,,,,,,,,,,29999,,,,20150206,"US,US,reprt,L-246-2015",24.2,US4TB3P0,24.2,649,3,,,2004,,,,"U.S. Navy LIDAR Survey, Archive No. 04HFM01, Scale 1:5,000-1:10,000",20150206,"US,US,reprt,L-246-2015",US4TB3P0,B,0.72,134.5337677,7.2870779
8841,1,2,129,1,550,-2004046809,19802,0226888CAC274D5A,,,,,,,,,,,,,,,29999,,,,20150206,"US,US,reprt,L-246-2015",60.0,US4TB3P0,60.0,650,5,,,1938,1915,,,"Former Japan Chart 481 (Ed. 1940, Rev. 1944), from Japan surveys, Scale 1:25,000",20150206,"US,US,reprt,L-246-2015",US4TB3P0,D,0.22,134.5337677,7.3099251
8841,1,2,129,1,550,-2004046809,19802,0226888CAC274D5A,,,,,,,,,,,,,,,29999,,,,20150206,"US,US,reprt,L-246-2015",23.8,US4TB3P0,23.8,651,3,,,2004,,,,"U.S. Navy LIDAR Survey, Archive No. 04HFM01, Scale 1:5,000-1:10,000",20150206,"US,US,reprt,L-246-2015",US4TB3P0,B,0.72,134.5339203,7.2899776
8841,1,2,129,1,550,-2004046809,19802,0226888CAC274D5A,,,,,,,,,,,,,,,29999,,,,20150206,"US,US,reprt,L-246-2015",29.0,US4TB3P0,29.0,652,5,,,1938,1915,,,"Former Japan Chart 481 (Ed. 1940, Rev. 1944), from Japan surveys, Scale 1:25,000",20150206,"US,US,reprt,L-246-2015",US4TB3P0,D,0.22,134.5340576,7.2795
8841,1,2,129,1,550,-2004046809,19802,0226888CAC274D5A,,,,,,,,,,,,,,,29999,,,,20150206,"US,US,reprt,L-246-2015",21.0,US4TB3P0,21.0,653,5,,,1938,1915,,,"Former Japan Chart 481 (Ed. 1940, Rev. 1944), from Japan surveys, Scale 1:25,000",20150206,"US,US,reprt,L-246-2015",US4TB3P0,D,0.22,134.5341797,7.2823248
8841,1,2,129,1,550,-2004046809,19802,0226888CAC274D5A,,,,,,,,,,,,,,,29999,,,,20150206,"US,US,reprt,L-246-2015",24.1,US4TB3P0,24.1,654,3,,,2004,,,,"U.S. Navy LIDAR Survey, Archive No. 04HFM01, Scale 1:5,000-1:10,000",20150206,"US,US,reprt,L-246-2015",US4TB3P0,B,0.72,134.5342102,7.2855196
8841,1,2,129,1,550,-2004046809,19802,0226888CAC274D5A,,,,,,,,,,,,,,,29999,,,,20150206,"US,US,reprt,L-246-2015",13.0,US4TB3P0,13.0,655,3,,,2004,,,,"U.S. Navy LIDAR Survey, Archive No. 04HFM01, Scale 1:5,000-1:10,000",20150206,"US,US,reprt,L-246-2015",US4TB3P0,B,0.72,134.5342712,7.2957611
8841,1,2,129,1,550,-2004046809,19802,0226888CAC274D5A,,,,,,,,,,,,,,,29999,,,,20150206,"US,US,reprt,L-246-2015",23.0,US4TB3P0,23.0,656,5,,,1938,1915,,,"Former Japan Chart 481 (Ed. 1940, Rev. 1944), from Japan surveys, Scale 1:25,000",20150206,"US,US,reprt,L-246-2015",US4TB3P0,D,0.22,134.5343018,7.2756333
8841,1,2,129,1,550,-2004046809,19802,0226888CAC274D5A,,,,,,,,,,,,,,,29999,,,,20150206,"US,US,reprt,L-246-2015",43.0,US4TB3P0,43.0,657,5,,,1938,1915,,,"Former Japan Chart 481 (Ed. 1940, Rev. 1944), from Japan surveys, Scale 1:25,000",20150206,"US,US,reprt,L-246-2015",US4TB3P0,D,0.22,134.5345154,7.3031249
8841,1,2,129,1,550,-2004046809,19802,0226888CAC274D5A,,,,,,,,,,,,,,,29999,,,,20150206,"US,US,reprt,L-246-2015",23.6,US4TB3P0,23.6,658,5,,,1938,1915,,,"Former Japan Chart 481 (Ed. 1940, Rev. 1944), from Japan surveys, Scale 1:25,000",20150206,"US,US,reprt,L-246-2015",US4TB3P0,D,0.22,134.5345764,7.283989
8841,1,2,129,1,550,-2004046809,19802,0226888CAC274D5A,,,,,,,,,,,,,,,29999,,,,20150206,"US,US,reprt,L-246-2015",49.0,US4TB3P0,49.0,659,5,,,1938,1915,,,"Former Japan Chart 481 (Ed. 1940, Rev. 1944), from Japan surveys, Scale 1:25,000",20150206,"US,US,reprt,L-246-2015",US4TB3P0,D,0.22,134.5347595,7.3077641
8841,1,2,129,1,550,-2004046809,19802,0226888CAC274D5A,,,,,,,,,,,,,,,29999,,,,20150206,"US,US,reprt,L-246-2015",9.7,US4TB3P0,9.7,660,5,,,1938,1915,,,"Former Japan Chart 481 (Ed. 1940, Rev. 1944), from Japan surveys, Scale 1:25,000",20150206,"US,US,reprt,L-246-2015",US4TB3P0,D,0.22,134.5347748,7.2813916
8841,1,2,129,1,550,-2004046809,19802,0226888CAC274D5A,,,,,,,,,,,,,,,29999,,,,20150206,"US,US,reprt,L-246-2015",45.0,US4TB3P0,45.0,661,5,,,1938,1915,,,"Former Japan Chart 481 (Ed. 1940, Rev. 1944), from Japan surveys, Scale 1:25,000",20150206,"US,US,reprt,L-246-2015",US4TB3P0,D,0.22,134.53479,7.3011947
8841,1,2,129,1,550,-2004046809,19802,0226888CAC274D5A,,,,,,,,,,,,,,,29999,,,,20150206,"US,US,reprt,L-246-2015",40.0,US4TB3P0,40.0,662,5,,,1938,1915,,,"Former Japan Chart 481 (Ed. 1940, Rev. 1944), from Japan surveys, Scale 1:25,000",20150206,"US,US,reprt,L-246-2015",US4TB3P0,D,0.22,134.5349121,7.2991943
8841,1,2,129,1,550,-2004046809,19802,0226888CAC274D5A,,,,,,,,,,,,,,,29999,,,,20150206,"US,US,reprt,L-246-2015",62.0,US4TB3P0,62.0,663,5,,,1938,1915,,,"Former Japan Chart 481 (Ed. 1940, Rev. 1944), from Japan surveys, Scale 1:25,000",20150206,"US,US,reprt,L-246-2015",US4TB3P0,D,0.22,134.5349884,7.310925
8841,1,2,129,1,550,-2004046809,19802,0226888CAC274D5A,,,,,,,,,,,,,,,29999,,,,20150206,"US,US,reprt,L-246-2015",29.0,US4TB3P0,29.0,664,5,,,1938,1915,,,"Former Japan Chart 481 (Ed. 1940, Rev. 1944), from Japan surveys, Scale 1:25,000",20150206,"US,US,reprt,L-246-2015",US4TB3P0,D,0.22,134.5350952,7.2725248
8841,1,2,129,1,550,-2004046809,19802,0226888CAC274D5A,,,,,,,,,,,,,,,29999,,,,20150206,"US,US,reprt,L-246-2015",17.7,US4TB3P0,17.7,665,5,,,1938,1915,,,"Former Japan Chart 481 (Ed. 1940, Rev. 1944), from Japan surveys, Scale 1:25,000",20150206,"US,US,reprt,L-246-2015",US4TB3P0,D,0.22,134.5351715,7.2794724
8841,1,2,129,1,550,-2004046809,19802,0226888CAC274D5A,,,,,,,,,,,,,,,29999,,,,20150206,"US,US,reprt,L-246-2015",21.0,US4TB3P0,21.0,666,5,,,1938,1915,,,"Former Japan Chart 481 (Ed. 1940, Rev. 1944), from Japan surveys, Scale 1:25,000",20150206,"US,US,reprt,L-246-2015",US4TB3P0,D,0.22,134.5352173,7.2740388
8841,1,2,129,1,550,-2004046809,19802,0226888CAC274D5A,,,,,,,,,,,,,,,29999,,,,20150206,"US,US,reprt,L-246-2015",26.7,US4TB3P0,26.7,667,3,,,2004,,,,"U.S. Navy LIDAR Survey, Archive No. 04HFM01, Scale 1:5,000-1:10,000",20150206,"US,US,reprt,L-246-2015",US4TB3P0,B,0.72,134.5353546,7.2931862
8841,1,2,129,1,550,-2004046809,19802,0226888CAC274D5A,,,,,,,,,,,,,,,29999,,,,20150206,"US,US,reprt,L-246-2015",29.0,US4TB3P0,29.0,668,5,,,1938,1915,,,"Former Japan Chart 481 (Ed. 1940, Rev. 1944), from Japan surveys, Scale 1:25,000",20150206,"US,US,reprt,L-246-2015",US4TB3P0,D,0.22,134.5354462,7.2768221
8841,1,2,129,1,550,-2004046809,19802,0226888CAC274D5A,,,,,,,,,,,,,,,29999,,,,20150206,"US,US,reprt,L-246-2015",21.0,US4TB3P0,21.0,669,5,,,1938,1915,,,"Former Japan Chart 481 (Ed. 1940, Rev. 1944), from Japan surveys, Scale 1:25,000",20150206,"US,US,reprt,L-246-2015",US4TB3P0,D,0.22,134.5355377,7.2710109
8841,1,2,129,1,550,-2004046809,19802,0226888CAC274D5A,,,,,,,,,,,,,,,29999,,,,20150206,"US,US,reprt,L-246-2015",49.0,US4TB3P0,49.0,670,5,,,1938,1915,,,"Former Japan Chart 481 (Ed. 1940, Rev. 1944), from Japan surveys, Scale 1:25,000",20150206,"US,US,reprt,L-246-2015",US4TB3P0,D,0.22,134.535553,7.3056002
8841,1,2,129,1,550,-2004046809,19802,0226888CAC274D5A,,,,,,,,,,,,,,,29999,,,,20150206,"US,US,reprt,L-246-2015",25.7,US4TB3P0,25.7,671,3,,,2004,,,,"U.S. Navy LIDAR Survey, Archive No. 04HFM01, Scale 1:5,000-1:10,000",20150206,"US,US,reprt,L-246-2015",US4TB3P0,B,0.72,134.5357361,7.2877336
8841,1,2,129,1,550,-2004046809,19802,0226888CAC274D5A,,,,,,,,,,,,,,,29999,,,,20150206,"US,US,reprt,L-246-2015",36.0,US4TB3P0,36.0,672,5,,,1938,1915,,,"Former Japan Chart 481 (Ed. 1940, Rev. 1944), from Japan surveys, Scale 1:25,000",20150206,"US,US,reprt,L-246-2015",US4TB3P0,D,0.22,134.5357361,7.3119111
8841,1,2,129,1,550,-2004046809,19802,0226888CAC274D5A,,,,,,,,,,,,,,,29999,,,,20150206,"US,US,reprt,L-246-2015",29.0,US4TB3P0,29.0,673,3,,,2004,,,,"U.S. Navy LIDAR Survey, Archive No. 04HFM01, Scale 1:5,000-1:10,000",20150206,"US,US,reprt,L-246-2015",US4TB3P0,B,0.72,134.5357513,7.2915306
8841,1,2,129,1,550,-2004046809,19802,0226888CAC274D5A,,,,,,,,,,,,,,,29999,,,,20150206,"US,US,reprt,L-246-2015",25.0,US4TB3P0,25.0,674,5,,,1938,1915,,,"Former Japan Chart 481 (Ed. 1940, Rev. 1944), from Japan surveys, Scale 1:25,000",20150206,"US,US,reprt,L-246-2015",US4TB3P0,D,0.22,134.5357971,7.2835279
8841,1,2,129,1,550,-2004046809,19802,0226888CAC274D5A,,,,,,,,,,,,,,,29999,,,,20150206,"US,US,reprt,L-246-2015",20.2,US4TB3P0,20.2,675,3,,,2004,,,,"U.S. Navy LIDAR Survey, Archive No. 04HFM01, Scale 1:5,000-1:10,000",20150206,"US,US,reprt,L-246-2015",US4TB3P0,B,0.72,134.5360413,7.2866612
8841,1,2,129,1,550,-2004046809,19802,0226888CAC274D5A,,,,,,,,,,,,,,,29999,,,,20150206,"US,US,reprt,L-246-2015",28.8,US4TB3P0,28.8,676,3,,,2004,,,,"U.S. Navy LIDAR Survey, Archive No. 04HFM01, Scale 1:5,000-1:10,000",20150206,"US,US,reprt,L-246-2015",US4TB3P0,B,0.72,134.5361328,7.289772
8841,1,2,129,1,550,-2004046809,19802,0226888CAC274D5A,,,,,,,,,,,,,,,29999,,,,20150206,"US,US,reprt,L-246-2015",31.0,US4TB3P0,31.0,677,5,,,1938,1915,,,"Former Japan Chart 481 (Ed. 1940, Rev. 1944), from Japan surveys, Scale 1:25,000",20150206,"US,US,reprt,L-246-2015",US4TB3P0,D,0.22,134.5361786,7.2742415
8841,1,2,129,1,550,-2004046809,19802,0226888CAC274D5A,,,,,,,,,,,,,,,29999,,,,20150206,"US,US,reprt,L-246-2015",42.0,US4TB3P0,42.0,678,5,,,1938,1915,,,"Former Japan Chart 481 (Ed. 1940, Rev. 1944), from Japan surveys, Scale 1:25,000",20150206,"US,US,reprt,L-246-2015",US4TB3P0,D,0.22,134.5364075,7.3036666
8841,1,2,129,1,550,-2004046809,19802,0226888CAC274D5A,,,,,,,,,,,,,,,29999,,,,20150206,"US,US,reprt,L-246-2015",51.0,US4TB3P0,51.0,679,5,,,1938,1915,,,"Former Japan Chart 481 (Ed. 1940, Rev. 1944), from Japan surveys, Scale 1:25,000",20150206,"US,US,reprt,L-246-2015",US4TB3P0,D,0.22,134.536499,7.3002887
8841,1,2,129,1,550,-2004046809,19802,0226888CAC274D5A,,,,,,,,,,,,,,,29999,,,,20150206,"US,US,reprt,L-246-2015",58.0,US4TB3P0,58.0,680,5,,,1938,1915,,,"Former Japan Chart 481 (Ed. 1940, Rev. 1944), from Japan surveys, Scale 1:25,000",20150206,"US,US,reprt,L-246-2015",US4TB3P0,D,0.22,134.5365753,7.309289
8841,1,2,129,1,550,-2004046809,19802,0226888CAC274D5A,,,,,,,,,,,,,,,29999,,,,20150206,"US,US,reprt,L-246-2015",29.0,US4TB3P0,29.0,681,5,,,1938,1915,,,"Former Japan Chart 481 (Ed. 1940, Rev. 1944), from Japan surveys, Scale 1:25,000",20150206,"US,US,reprt,L-246-2015",US4TB3P0,D,0.22,134.5366974,7.2709165
8841,1,2,129,1,550,-2004046809,19802,0226888CAC274D5A,,,,,,,,,,,,,,,29999,,,,20150206,"US,US,reprt,L-246-2015",3.3,US4TB3P0,3.3,682,5,,,1938,1915,,,"Former Japan Chart 481 (Ed. 1940, Rev. 1944), from Japan surveys, Scale 1:25,000",20150206,"US,US,reprt,L-246-2015",US4TB3P0,D,0.22,134.5367584,7.2838669
8841,1,2,129,1,550,-2004046809,19802,0226888CAC274D5A,,,,,,,,,,,,,,,29999,,,,20150206,"US,US,reprt,L-246-2015",25.7,US4TB3P0,25.7,683,5,,,1938,1915,,,"Former Japan Chart 481 (Ed. 1940, Rev. 1944), from Japan surveys, Scale 1:25,000",20150206,"US,US,reprt,L-246-2015",US4TB3P0,D,0.22,134.5368195,7.3124919
8841,1,2,129,1,550,-2004046809,19802,0226888CAC274D5A,,,,,,,,,,,,,,,29999,,,,20150206,"US,US,reprt,L-246-2015",36.0,US4TB3P0,36.0,684,5,,,1938,1915,,,"Former Japan Chart 481 (Ed. 1940, Rev. 1944), from Japan surveys, Scale 1:25,000",20150206,"US,US,reprt,L-246-2015",US4TB3P0,D,0.22,134.5368195,7.3135891
8841,1,2,129,1,550,-2004046809,19802,0226888CAC274D5A,,,,,,,,,,,,,,,29999,,,,20150206,"US,US,reprt,L-246-2015",25.0,US4TB3P0,25.0,685,5,,,1938,1915,,,"Former Japan Chart 481 (Ed. 1940, Rev. 1944), from Japan surveys, Scale 1:25,000",20150206,"US,US,reprt,L-246-2015",US4TB3P0,D,0.22,134.5368347,7.2820139
8841,1,2,129,1,550,-2004046809,19802,0226888CAC274D5A,,,,,,,,,,,,,,,29999,,,,20150206,"US,US,reprt,L-246-2015",54.0,US4TB3P0,54.0,686,5,,,1938,1915,,,"Former Japan Chart 481 (Ed. 1940, Rev. 1944), from Japan surveys, Scale 1:25,000",20150206,"US,US,reprt,L-246-2015",US4TB3P0,D,0.22,134.5368805,7.3019109
8841,1,2,129,1,550,-2004046809,19802,0226888CAC274D5A,,,,,,,,,,,,,,,29999,,,,20150206,"US,US,reprt,L-246-2015",45.0,US4TB3P0,45.0,687,5,,,1938,1915,,,"Former Japan Chart 481 (Ed. 1940, Rev. 1944), from Japan surveys, Scale 1:25,000",20150206,"US,US,reprt,L-246-2015",US4TB3P0,D,0.22,134.5370789,7.3074665
8841,1,2,129,1,550,-2004046809,19802,0226888CAC274D5A,,,,,,,,,,,,,,,29999,,,,20150206,"US,US,reprt,L-246-2015",29.0,US4TB3P0,29.0,688,5,,,1938,1915,,,"Former Japan Chart 481 (Ed. 1940, Rev. 1944), from Japan surveys, Scale 1:25,000",20150206,"US,US,reprt,L-246-2015",US4TB3P0,D,0.22,134.5371857,7.2811222
8841,1,2,129,1,550,-2004046809,19802,0226888CAC274D5A,,,,,,,,,,,,,,,29999,,,,20150206,"US,US,reprt,L-246-2015",33.0,US4TB3P0,33.0,689,3,,,2004,,,,"U.S. Navy LIDAR Survey, Archive No. 04HFM01, Scale 1:5,000-1:10,000",20150206,"US,US,reprt,L-246-2015",US4TB3P0,B,0.72,134.5371857,7.2881084
8841,1,2,129,1,550,-2004046809,19802,0226888CAC274D5A,,,,,,,,,,,,,,,29999,,,,20150206,"US,US,reprt,L-246-2015",21.0,US4TB3P0,21.0,690,5,,,1938,1915,,,"Former Japan Chart 481 (Ed. 1940, Rev. 1944), from Japan surveys, Scale 1:25,000",20150206,"US,US,reprt,L-246-2015",US4TB3P0,D,0.22,134.5374603,7.284461
8841,1,2,129,1,550,-2004046809,19802,0226888CAC274D5A,,,,,,,,,,,,,,,29999,,,,20150206,"US,US,reprt,L-246-2015",32.0,US4TB3P0,32.0,691,5,,,1938,1915,,,"Former Japan Chart 481 (Ed. 1940, Rev. 1944), from Japan surveys, Scale 1:25,000",20150206,"US,US,reprt,L-246-2015",US4TB3P0,D,0.22,134.5375366,7.2718611
8841,1,2,129,1,550,-2004046809,19802,0226888CAC274D5A,,,,,,,,,,,,,,,29999,,,,20150206,"US,US,reprt,L-246-2015",25.0,US4TB3P0,25.0,692,5,,,1938,1915,,,"Former Japan Chart 481 (Ed. 1940, Rev. 1944), from Japan surveys, Scale 1:25,000",20150206,"US,US,reprt,L-246-2015",US4TB3P0,D,0.22,134.5375519,7.283175
8841,1,2,129,1,550,-2004046809,19802,0226888CAC274D5A,,,,,,,,,,,,,,,29999,,,,20150206,"US,US,reprt,L-246-2015",64.0,US4TB3P0,64.0,693,5,,,1938,1915,,,"Former Japan Chart 481 (Ed. 1940, Rev. 1944), from Japan surveys, Scale 1:25,000",20150206,"US,US,reprt,L-246-2015",US4TB3P0,D,0.22,134.5376434,7.3108721
8841,1,2,129,1,550,-2004046809,19802,0226888CAC274D5A,,,,,,,,,,,,,,,29999,,,,20150206,"US,US,reprt,L-246-2015",31.0,US4TB3P0,31.0,694,3,,,2004,,,,"U.S. Navy LIDAR Survey, Archive No. 04HFM01, Scale 1:5,000-1:10,000",20150206,"US,US,reprt,L-246-2015",US4TB3P0,B,0.72,134.5377045,7.2970834
8841,1,2,129,1,550,-2004046809,19802,0226888CAC274D5A,,,,,,,,,,,,,,,29999,,,,20150206,"US,US,reprt,L-246-2015",26.2,US4TB3P0,26.2,695,3,,,2004,,,,"U.S. Navy LIDAR Survey, Archive No. 04HFM01, Scale 1:5,000-1:10,000",20150206,"US,US,reprt,L-246-2015",US4TB3P0,B,0.72,134.5377655,7.2944832
8841,1,2,129,1,550,-2004046809,19802,0226888CAC274D5A,,,,,,,,,,,,,,,29999,,,,20150206,"US,US,reprt,L-246-2015",31.0,US4TB3P0,31.0,696,3,,,2004,,,,"U.S. Navy LIDAR Survey, Archive No. 04HFM01, Scale 1:5,000-1:10,000",20150206,"US,US,reprt,L-246-2015",US4TB3P0,B,0.72,134.5378265,7.291286
8841,1,2,129,1,550,-2004046809,19802,0226888CAC274D5A,,,,,,,,,,,,,,,29999,,,,20150206,"US,US,reprt,L-246-2015",29.0,US4TB3P0,29.0,697,5,,,1938,1915,,,"Former Japan Chart 481 (Ed. 1940, Rev. 1944), from Japan surveys, Scale 1:25,000",20150206,"US,US,reprt,L-246-2015",US4TB3P0,D,0.22,134.5378723,7.2790389
8841,1,2,129,1,550,-2004046809,19802,0226888CAC274D5A,,,,,,,,,,,,,,,29999,,,,20150206,"US,US,reprt,L-246-2015",17.0,US4TB3P0,17.0,698,5,,,1938,1915,,,"Former Japan Chart 481 (Ed. 1940, Rev. 1944), from Japan surveys, Scale 1:25,000",20150206,"US,US,reprt,L-246-2015",US4TB3P0,D,0.22,134.5378723,7.2864447
8841,1,2,129,1,550,-2004046809,19802,0226888CAC274D5A,,,,,,,,,,,,,,,29999,,,,20150206,"US,US,reprt,L-246-2015",28.7,US4TB3P0,28.7,699,3,,,2004,,,,"U.S. Navy LIDAR Survey, Archive No. 04HFM01, Scale 1:5,000-1:10,000",20150206,"US,US,reprt,L-246-2015",US4TB3P0,B,0.72,134.5378723,7.2930417
8841,1,2,129,1,550,-2004046809,19802,0226888CAC274D5A,,,,,,,,,,,,,,,29999,,,,20150206,"US,US,reprt,L-246-2015",25.0,US4TB3P0,25.0,700,5,,,1938,1915,,,"Former Japan Chart 481 (Ed. 1940, Rev. 1944), from Japan surveys, Scale 1:25,000",20150206,"US,US,reprt,L-246-2015",US4TB3P0,D,0.22,134.5379944,7.276403
8841,1,2,129,1,550,-2004046809,19802,0226888CAC274D5A,,,,,,,,,,,,,,,29999,,,,20150206,"US,US,reprt,L-246-2015",25.4,US4TB3P0,25.4,701,3,,,2004,,,,"U.S. Navy LIDAR Survey, Archive No. 04HFM01, Scale 1:5,000-1:10,000",20150206,"US,US,reprt,L-246-2015",US4TB3P0,B,0.72,134.5380249,7.3152971
8841,1,2,129,1,550,-2004046809,19802,0226888CAC274D5A,,,,,,,,,,,,,,,29999,,,,20150206,"US,US,reprt,L-246-2015",13.2,US4TB3P0,13.2,702,5,,,1938,1915,,,"Former Japan Chart 481 (Ed. 1940, Rev. 1944), from Japan surveys, Scale 1:25,000",20150206,"US,US,reprt,L-246-2015",US4TB3P0,D,0.22,134.5381317,7.3133307
8841,1,2,129,1,550,-2004046809,19802,0226888CAC274D5A,,,,,,,,,,,,,,,29999,,,,20150206,"US,US,reprt,L-246-2015",19.7,US4TB3P0,19.7,703,5,,,1938,1915,,,"Former Japan Chart 481 (Ed. 1940, Rev. 1944), from Japan surveys, Scale 1:25,000",20150206,"US,US,reprt,L-246-2015",US4TB3P0,D,0.22,134.538147,7.2854056
8841,1,2,129,1,550,-2004046809,19802,0226888CAC274D5A,,,,,,,,,,,,,,,29999,,,,20150206,"US,US,reprt,L-246-2015",34.0,US4TB3P0,34.0,704,3,,,2004,,,,"U.S. Navy LIDAR Survey, Archive No. 04HFM01, Scale 1:5,000-1:10,000",20150206,"US,US,reprt,L-246-2015",US4TB3P0,B,0.72,134.5382843,7.2959471
8841,1,2,129,1,550,-2004046809,19802,0226888CAC274D5A,,,,,,,,,,,,,,,29999,,,,20150206,"US,US,reprt,L-246-2015",28.6,US4TB3P0,28.6,705,3,,,2004,,,,"U.S. Navy LIDAR Survey, Archive No. 04HFM01, Scale 1:5,000-1:10,000",20150206,"US,US,reprt,L-246-2015",US4TB3P0,B,0.72,134.5384369,7.2899833
8841,1,2,129,1,550,-2004046809,19802,0226888CAC274D5A,,,,,,,,,,,,,,,29999,,,,20150206,"US,US,reprt,L-246-2015",49.0,US4TB3P0,49.0,706,5,,,1938,1915,,,"Former Japan Chart 481 (Ed. 1940, Rev. 1944), from Japan surveys, Scale 1:25,000",20150206,"US,US,reprt,L-246-2015",US4TB3P0,D,0.22,134.5386047,7.3053308
8841,1,2,129,1,550,-2004046809,19802,0226888CAC274D5A,,,,,,,,,,,,,,,29999,,,,20150206,"US,US,reprt,L-246-2015",1.5,US4TB3P0,1.5,707,5,,,1938,1915,,,"Former Japan Chart 481 (Ed. 1940, Rev. 1944), from Japan surveys, Scale 1:25,000",20150206,"US,US,reprt,L-246-2015",US4TB3P0,D,0.22,134.5386658,7.2872725
8841,1,2,129,1,550,-2004046809,19802,0226888CAC274D5A,,,,,,,,,,,,,,,29999,,,,20150206,"US,US,reprt,L-246-2015",34.0,US4TB3P0,34.0,708,5,,,1938,1915,,,"Former Japan Chart 481 (Ed. 1940, Rev. 1944), from Japan surveys, Scale 1:25,000",20150206,"US,US,reprt,L-246-2015",US4TB3P0,D,0.22,134.5387116,7.2703085
8841,1,2,129,1,550,-2004046809,19802,0226888CAC274D5A,,,,,,,,,,,,,,,29999,,,,20150206,"US,US,reprt,L-246-2015",31.0,US4TB3P0,31.0,709,5,,,1938,1915,,,"Former Japan Chart 481 (Ed. 1940, Rev. 1944), from Japan surveys, Scale 1:25,000",20150206,"US,US,reprt,L-246-2015",US4TB3P0,D,0.22,134.5387268,7.2826891
8841,1,2,129,1,550,-2004046809,19802,0226888CAC274D5A,,,,,,,,,,,,,,,29999,,,,20150206,"US,US,reprt,L-246-2015",43.0,US4TB3P0,43.0,710,5,,,1938,1915,,,"Former Japan Chart 481 (Ed. 1940, Rev. 1944), from Japan surveys, Scale 1:25,000",20150206,"US,US,reprt,L-246-2015",US4TB3P0,D,0.22,134.5387268,7.2990027
8841,1,2,129,1,550,-2004046809,19802,0226888CAC274D5A,,,,,,,,,,,,,,,29999,,,,20150206,"US,US,reprt,L-246-2015",43.0,US4TB3P0,43.0,711,5,,,1938,1915,,,"Former Japan Chart 481 (Ed. 1940, Rev. 1944), from Japan surveys, Scale 1:25,000",20150206,"US,US,reprt,L-246-2015",US4TB3P0,D,0.22,134.5387421,7.3086557
8841,1,2,129,1,550,-2004046809,19802,0226888CAC274D5A,,,,,,,,,,,,,,,29999,,,,20150206,"US,US,reprt,L-246-2015",17.8,US4TB3P0,17.8,712,3,,,2004,,,,"U.S. Navy LIDAR Survey, Archive No. 04HFM01, Scale 1:5,000-1:10,000",20150206,"US,US,reprt,L-246-2015",US4TB3P0,B,0.72,134.5387573,7.287961
8841,1,2,129,1,550,-2004046809,19802,0226888CAC274D5A,,,,,,,,,,,,,,,29999,,,,20150206,"US,US,reprt,L-246-2015",56.0,US4TB3P0,56.0,713,5,,,1938,1915,,,"Former Japan Chart 481 (Ed. 1940, Rev. 1944), from Japan surveys, Scale 1:25,000",20150206,"US,US,reprt,L-246-2015",US4TB3P0,D,0.22,134.5387573,7.3011112
8841,1,2,129,1,550,-2004046809,19802,0226888CAC274D5A,,,,,,,,,,,,,,,29999,,,,20150206,"US,US,reprt,L-246-2015",34.0,US4TB3P0,34.0,714,5,,,1938,1915,,,"Former Japan Chart 481 (Ed. 1940, Rev. 1944), from Japan surveys, Scale 1:25,000",20150206,"US,US,reprt,L-246-2015",US4TB3P0,D,0.22,134.5388184,7.2746611
8841,1,2,129,1,550,-2004046809,19802,0226888CAC274D5A,,,,,,,,,,,,,,,29999,,,,20150206,"US,US,reprt,L-246-2015",19.3,US4TB3P0,19.3,715,5,,,1938,1915,,,"Former Japan Chart 481 (Ed. 1940, Rev. 1944), from Japan surveys, Scale 1:25,000",20150206,"US,US,reprt,L-246-2015",US4TB3P0,D,0.22,134.5388641,7.2863221
8841,1,2,129,1,550,-2004046809,19802,0226888CAC274D5A,,,,,,,,,,,,,,,29999,,,,20150206,"US,US,reprt,L-246-2015",53.0,US4TB3P0,53.0,716,5,,,1938,1915,,,"Former Japan Chart 481 (Ed. 1940, Rev. 1944), from Japan surveys, Scale 1:25,000",20150206,"US,US,reprt,L-246-2015",US4TB3P0,D,0.22,134.5389404,7.3031001
8841,1,2,129,1,550,-2004046809,19802,0226888CAC274D5A,,,,,,,,,,,,,,,29999,,,,20150206,"US,US,reprt,L-246-2015",12.2,US4TB3P0,12.2,717,3,,,2004,,,,"U.S. Navy LIDAR Survey, Archive No. 04HFM01, Scale 1:5,000-1:10,000",20150206,"US,US,reprt,L-246-2015",US4TB3P0,B,0.72,134.539032,7.3147054
8841,1,2,129,1,550,-2004046809,19802,0226888CAC274D5A,,,,,,,,,,,,,,,29999,,,,20150206,"US,US,reprt,L-246-2015",32.0,US4TB3P0,32.0,718,5,,,1938,1915,,,"Former Japan Chart 481 (Ed. 1940, Rev. 1944), from Japan surveys, Scale 1:25,000",20150206,"US,US,reprt,L-246-2015",US4TB3P0,D,0.22,134.5390625,7.2840805
8841,1,2,129,1,550,-2004046809,19802,0226888CAC274D5A,,,,,,,,,,,,,,,29999,,,,20150206,"US,US,reprt,L-246-2015",31.0,US4TB3P0,31.0,719,5,,,1938,1915,,,"Former Japan Chart 481 (Ed. 1940, Rev. 1944), from Japan surveys, Scale 1:25,000",20150206,"US,US,reprt,L-246-2015",US4TB3P0,D,0.22,134.5392151,7.2797165
8841,1,2,129,1,550,-2004046809,19802,0226888CAC274D5A,,,,,,,,,,,,,,,29999,,,,20150206,"US,US,reprt,L-246-2015",42.0,US4TB3P0,42.0,720,5,,,1938,1915,,,"Former Japan Chart 481 (Ed. 1940, Rev. 1944), from Japan surveys, Scale 1:25,000",20150206,"US,US,reprt,L-246-2015",US4TB3P0,D,0.22,134.5392761,7.3114109
8841,1,2,129,1,550,-2004046809,19802,0226888CAC274D5A,,,,,,,,,,,,,,,29999,,,,20150206,"US,US,reprt,L-246-2015",29.9,US4TB3P0,29.9,721,3,,,2004,,,,"U.S. Navy LIDAR Survey, Archive No. 04HFM01, Scale 1:5,000-1:10,000",20150206,"US,US,reprt,L-246-2015",US4TB3P0,B,0.72,134.5393066,7.2904944
8841,1,2,129,1,550,-2004046809,19802,0226888CAC274D5A,,,,,,,,,,,,,,,29999,,,,20150206,"US,US,reprt,L-246-2015",31.0,US4TB3P0,31.0,722,5,,,1938,1915,,,"Former Japan Chart 481 (Ed. 1940, Rev. 1944), from Japan surveys, Scale 1:25,000",20150206,"US,US,reprt,L-246-2015",US4TB3P0,D,0.22,134.5393677,7.2775526
8841,1,2,129,1,550,-2004046809,19802,0226888CAC274D5A,,,,,,,,,,,,,,,29999,,,,20150206,"US,US,reprt,L-246-2015",34.0,US4TB3P0,34.0,723,5,,,1938,1915,,,"Former Japan Chart 481 (Ed. 1940, Rev. 1944), from Japan surveys, Scale 1:25,000",20150206,"US,US,reprt,L-246-2015",US4TB3P0,D,0.22,134.5393829,7.2723889
8841,1,2,129,1,550,-2004046809,19802,0226888CAC274D5A,,,,,,,,,,,,,,,29999,,,,20150206,"US,US,reprt,L-246-2015",5.6,US4TB3P0,5.6,724,5,,,1938,1915,,,"Former Japan Chart 481 (Ed. 1940, Rev. 1944), from Japan surveys, Scale 1:25,000",20150206,"US,US,reprt,L-246-2015",US4TB3P0,D,0.22,134.5394745,7.2833252
8841,1,2,129,1,550,-2004046809,19802,0226888CAC274D5A,,,,,,,,,,,,,,,29999,,,,20150206,"US,US,reprt,L-246-2015",29.0,US4TB3P0,29.0,725,5,,,1938,1915,,,"Former Japan Chart 481 (Ed. 1940, Rev. 1944), from Japan surveys, Scale 1:25,000",20150206,"US,US,reprt,L-246-2015",US4TB3P0,D,0.22,134.5396881,7.2859473
8841,1,2,129,1,550,-2004046809,19802,0226888CAC274D5A,,,,,,,,,,,,,,,29999,,,,20150206,"US,US,reprt,L-246-2015",32.0,US4TB3P0,32.0,726,5,,,1938,1915,,,"Former Japan Chart 481 (Ed. 1940, Rev. 1944), from Japan surveys, Scale 1:25,000",20150206,"US,US,reprt,L-246-2015",US4TB3P0,D,0.22,134.5398865,7.2714696
8841,1,2,129,1,550,-2004046809,19802,0226888CAC274D5A,,,,,,,,,,,,,,,29999,,,,20150206,"US,US,reprt,L-246-2015",17.7,US4TB3P0,17.7,727,5,,,1938,1915,,,"Former Japan Chart 481 (Ed. 1940, Rev. 1944), from Japan surveys, Scale 1:25,000",20150206,"US,US,reprt,L-246-2015",US4TB3P0,D,0.22,134.539978,7.2871637
8841,1,2,129,1,550,-2004046809,19802,0226888CAC274D5A,,,,,,,,,,,,,,,29999,,,,20150206,"US,US,reprt,L-246-2015",31.0,US4TB3P0,31.0,728,3,,,2004,,,,"U.S. Navy LIDAR Survey, Archive No. 04HFM01, Scale 1:5,000-1:10,000",20150206,"US,US,reprt,L-246-2015",US4TB3P0,B,0.72,134.5400391,7.2980862
8841,1,2,129,1,550,-2004046809,19802,0226888CAC274D5A,,,,,,,,,,,,,,,29999,,,,20150206,"US,US,reprt,L-246-2015",29.0,US4TB3P0,29.0,729,5,,,1938,1915,,,"Former Japan Chart 481 (Ed. 1940, Rev. 1944), from Japan surveys, Scale 1:25,000",20150206,"US,US,reprt,L-246-2015",US4TB3P0,D,0.22,134.5400696,7.2824583
8841,1,2,129,1,550,-2004046809,19802,0226888CAC274D5A,,,,,,,,,,,,,,,29999,,,,20150206,"US,US,reprt,L-246-2015",42.0,US4TB3P0,42.0,730,5,,,1938,1915,,,"Former Japan Chart 481 (Ed. 1940, Rev. 1944), from Japan surveys, Scale 1:25,000",20150206,"US,US,reprt,L-246-2015",US4TB3P0,D,0.22,134.5401306,7.3073444
8841,1,2,129,1,550,-2004046809,19802,0226888CAC274D5A,,,,,,,,,,,,,,,29999,,,,20150206,"US,US,reprt,L-246-2015",36.0,US4TB3P0,36.0,731,5,,,1938,1915,,,"Former Japan Chart 481 (Ed. 1940, Rev. 1944), from Japan surveys, Scale 1:25,000",20150206,"US,US,reprt,L-246-2015",US4TB3P0,D,0.22,134.5402679,7.2730918
8841,1,2,129,1,550,-2004046809,19802,0226888CAC274D5A,,,,,,,,,,,,,,,29999,,,,20150206,"US,US,reprt,L-246-2015",17.7,US4TB3P0,17.7,732,5,,,1938,1915,,,"Former Japan Chart 481 (Ed. 1940, Rev. 1944), from Japan surveys, Scale 1:25,000",20150206,"US,US,reprt,L-246-2015",US4TB3P0,D,0.22,134.5403748,7.2722416
8841,1,2,129,1,550,-2004046809,19802,0226888CAC274D5A,,,,,,,,,,,,,,,29999,,,,20150206,"US,US,reprt,L-246-2015",13.7,US4TB3P0,13.7,733,5,,,1938,1915,,,"Former Japan Chart 481 (Ed. 1940, Rev. 1944), from Japan surveys, Scale 1:25,000",20150206,"US,US,reprt,L-246-2015",US4TB3P0,D,0.22,134.54039,7.2835002
8841,1,2,129,1,550,-2004046809,19802,0226888CAC274D5A,,,,,,,,,,,,,,,29999,,,,20150206,"US,US,reprt,L-246-2015",27.0,US4TB3P0,27.0,734,3,,,2004,,,,"U.S. Navy LIDAR Survey, Archive No. 04HFM01, Scale 1:5,000-1:10,000",20150206,"US,US,reprt,L-246-2015",US4TB3P0,B,0.72,134.54039,7.2946391
8841,1,2,129,1,550,-2004046809,19802,0226888CAC274D5A,,,,,,,,,,,,,,,29999,,,,20150206,"US,US,reprt,L-246-2015",45.0,US4TB3P0,45.0,735,5,,,1938,1915,,,"Former Japan Chart 481 (Ed. 1940, Rev. 1944), from Japan surveys, Scale 1:25,000",20150206,"US,US,reprt,L-246-2015",US4TB3P0,D,0.22,134.5404053,7.299747
8841,1,2,129,1,550,-2004046809,19802,0226888CAC274D5A,,,,,,,,,,,,,,,29999,,,,20150206,"US,US,reprt,L-246-2015",65.0,US4TB3P0,65.0,736,5,,,1938,1915,,,"Former Japan Chart 481 (Ed. 1940, Rev. 1944), from Japan surveys, Scale 1:25,000",20150206,"US,US,reprt,L-246-2015",US4TB3P0,D,0.22,134.5404053,7.3130331
8841,1,2,129,1,550,-2004046809,19802,0226888CAC274D5A,,,,,,,,,,,,,,,29999,,,,20150206,"US,US,reprt,L-246-2015",31.0,US4TB3P0,31.0,737,5,,,1938,1915,,,"Former Japan Chart 481 (Ed. 1940, Rev. 1944), from Japan surveys, Scale 1:25,000",20150206,"US,US,reprt,L-246-2015",US4TB3P0,D,0.22,134.5405121,7.2809334
8841,1,2,129,1,550,-2004046809,19802,0226888CAC274D5A,,,,,,,,,,,,,,,29999,,,,20150206,"US,US,reprt,L-246-2015",27.7,US4TB3P0,27.7,738,3,,,2004,,,,"U.S. Navy LIDAR Survey, Archive No. 04HFM01, Scale 1:5,000-1:10,000",20150206,"US,US,reprt,L-246-2015",US4TB3P0,B,0.72,134.5406036,7.2885113
8841,1,2,129,1,550,-2004046809,19802,0226888CAC274D5A,,,,,,,,,,,,,,,29999,,,,20150206,"US,US,reprt,L-246-2015",28.5,US4TB3P0,28.5,739,3,,,2004,,,,"U.S. Navy LIDAR Survey, Archive No. 04HFM01, Scale 1:5,000-1:10,000",20150206,"US,US,reprt,L-246-2015",US4TB3P0,B,0.72,134.5407715,7.2912417
8841,1,2,129,1,550,-2004046809,19802,0226888CAC274D5A,,,,,,,,,,,,,,,29999,,,,20150206,"US,US,reprt,L-246-2015",58.0,US4TB3P0,58.0,740,5,,,1938,1915,,,"Former Japan Chart 481 (Ed. 1940, Rev. 1944), from Japan surveys, Scale 1:25,000",20150206,"US,US,reprt,L-246-2015",US4TB3P0,D,0.22,134.5407867,7.3107777
8841,1,2,129,1,550,-2004046809,19802,0226888CAC274D5A,,,,,,,,,,,,,,,29999,,,,20150206,"US,US,reprt,L-246-2015",34.0,US4TB3P0,34.0,741,5,,,1938,1915,,,"Former Japan Chart 481 (Ed. 1940, Rev. 1944), from Japan surveys, Scale 1:25,000",20150206,"US,US,reprt,L-246-2015",US4TB3P0,D,0.22,134.540802,7.276403
8841,1,2,129,1,550,-2004046809,19802,0226888CAC274D5A,,,,,,,,,,,,,,,29999,,,,20150206,"US,US,reprt,L-246-2015",34.0,US4TB3P0,34.0,742,5,,,1938,1915,,,"Former Japan Chart 481 (Ed. 1940, Rev. 1944), from Japan surveys, Scale 1:25,000",20150206,"US,US,reprt,L-246-2015",US4TB3P0,D,0.22,134.540863,7.2704973
8841,1,2,129,1,550,-2004046809,19802,0226888CAC274D5A,,,,,,,,,,,,,,,29999,,,,20150206,"US,US,reprt,L-246-2015",51.0,US4TB3P0,51.0,743,5,,,1938,1915,,,"Former Japan Chart 481 (Ed. 1940, Rev. 1944), from Japan surveys, Scale 1:25,000",20150206,"US,US,reprt,L-246-2015",US4TB3P0,D,0.22,134.5409088,7.3048835
8841,1,2,129,1,550,-2004046809,19802,0226888CAC274D5A,,,,,,,,,,,,,,,29999,,,,20150206,"US,US,reprt,L-246-2015",32.0,US4TB3P0,32.0,744,5,,,1938,1915,,,"Former Japan Chart 481 (Ed. 1940, Rev. 1944), from Japan surveys, Scale 1:25,000",20150206,"US,US,reprt,L-246-2015",US4TB3P0,D,0.22,134.5409393,7.2855001
8841,1,2,129,1,550,-2004046809,19802,0226888CAC274D5A,,,,,,,,,,,,,,,29999,,,,20150206,"US,US,reprt,L-246-2015",53.0,US4TB3P0,53.0,745,5,,,1938,1915,,,"Former Japan Chart 481 (Ed. 1940, Rev. 1944), from Japan surveys, Scale 1:25,000",20150206,"US,US,reprt,L-246-2015",US4TB3P0,D,0.22,134.5410461,7.3024359
8841,1,2,129,1,550,-2004046809,19802,0226888CAC274D5A,,,,,,,,,,,,,,,29999,,,,20150206,"US,US,reprt,L-246-2015",36.0,US4TB3P0,36.0,746,5,,,1938,1915,,,"Former Japan Chart 481 (Ed. 1940, Rev. 1944), from Japan surveys, Scale 1:25,000",20150206,"US,US,reprt,L-246-2015",US4TB3P0,D,0.22,134.541153,7.2742138
8841,1,2,129,1,550,-2004046809,19802,0226888CAC274D5A,,,,,,,,,,,,,,,29999,,,,20150206,"US,US,reprt,L-246-2015",34.0,US4TB3P0,34.0,747,5,,,1938,1915,,,"Former Japan Chart 481 (Ed. 1940, Rev. 1944), from Japan surveys, Scale 1:25,000",20150206,"US,US,reprt,L-246-2015",US4TB3P0,D,0.22,134.541153,7.2829332
8841,1,2,129,1,550,-2004046809,19802,0226888CAC274D5A,,,,,,,,,,,,,,,29999,,,,20150206,"US,US,reprt,L-246-2015",31.0,US4TB3P0,31.0,748,5,,,1938,1915,,,"Former Japan Chart 481 (Ed. 1940, Rev. 1944), from Japan surveys, Scale 1:25,000",20150206,"US,US,reprt,L-246-2015",US4TB3P0,D,0.22,134.5415344,7.2723222
8841,1,2,129,1,550,-2004046809,19802,0226888CAC274D5A,,,,,,,,,,,,,,,29999,,,,20150206,"US,US,reprt,L-246-2015",49.0,US4TB3P0,49.0,749,5,,,1938,1915,,,"Former Japan Chart 481 (Ed. 1940, Rev. 1944), from Japan surveys, Scale 1:25,000",20150206,"US,US,reprt,L-246-2015",US4TB3P0,D,0.22,134.541626,7.3137641
8841,1,2,129,1,550,-2004046809,19802,0226888CAC274D5A,,,,,,,,,,,,,,,29999,,,,20150206,"US,US,reprt,L-246-2015",21.8,US4TB3P0,21.8,750,3,,,2004,,,,"U.S. Navy LIDAR Survey, Archive No. 04HFM01, Scale 1:5,000-1:10,000",20150206,"US,US,reprt,L-246-2015",US4TB3P0,B,0.72,134.5417481,7.2902055
8841,1,2,129,1,550,-2004046809,19802,0226888CAC274D5A,,,,,,,,,,,,,,,29999,,,,20150206,"US,US,reprt,L-246-2015",45.0,US4TB3P0,45.0,751,5,,,1938,1915,,,"Former Japan Chart 481 (Ed. 1940, Rev. 1944), from Japan surveys, Scale 1:25,000",20150206,"US,US,reprt,L-246-2015",US4TB3P0,D,0.22,134.5419922,7.3084388
8841,1,2,129,1,550,-2004046809,19802,0226888CAC274D5A,,,,,,,,,,,,,,,29999,,,,20150206,"US,US,reprt,L-246-2015",20.1,US4TB3P0,20.1,752,3,,,2004,,,,"U.S. Navy LIDAR Survey, Archive No. 04HFM01, Scale 1:5,000-1:10,000",20150206,"US,US,reprt,L-246-2015",US4TB3P0,B,0.72,134.54216,7.2926526
8841,1,2,129,1,550,-2004046809,19802,0226888CAC274D5A,,,,,,,,,,,,,,,29999,,,,20150206,"US,US,reprt,L-246-2015",11.7,US4TB3P0,11.7,753,5,,,1938,1915,,,"Former Japan Chart 481 (Ed. 1940, Rev. 1944), from Japan surveys, Scale 1:25,000",20150206,"US,US,reprt,L-246-2015",US4TB3P0,D,0.22,134.5422669,7.2806363
8841,1,2,129,1,550,-2004046809,19802,0226888CAC274D5A,,,,,,,,,,,,,,,29999,,,,20150206,"US,US,reprt,L-246-2015",51.0,US4TB3P0,51.0,754,5,,,1938,1915,,,"Former Japan Chart 481 (Ed. 1940, Rev. 1944), from Japan surveys, Scale 1:25,000",20150206,"US,US,reprt,L-246-2015",US4TB3P0,D,0.22,134.5422974,7.3040333
8841,1,2,129,1,550,-2004046809,19802,0226888CAC274D5A,,,,,,,,,,,,,,,29999,,,,20150206,"US,US,reprt,L-246-2015",54.0,US4TB3P0,54.0,755,5,,,1938,1915,,,"Former Japan Chart 481 (Ed. 1940, Rev. 1944), from Japan surveys, Scale 1:25,000",20150206,"US,US,reprt,L-246-2015",US4TB3P0,D,0.22,134.5423279,7.3113971
8841,1,2,129,1,550,-2004046809,19802,0226888CAC274D5A,,,,,,,,,,,,,,,29999,,,,20150206,"US,US,reprt,L-246-2015",36.0,US4TB3P0,36.0,756,5,,,1938,1915,,,"Former Japan Chart 481 (Ed. 1940, Rev. 1944), from Japan surveys, Scale 1:25,000",20150206,"US,US,reprt,L-246-2015",US4TB3P0,D,0.22,134.5424194,7.3004637
8841,1,2,129,1,550,-2004046809,19802,0226888CAC274D5A,,,,,,,,,,,,,,,29999,,,,20150206,"US,US,reprt,L-246-2015",32.0,US4TB3P0,32.0,757,5,,,1938,1915,,,"Former Japan Chart 481 (Ed. 1940, Rev. 1944), from Japan surveys, Scale 1:25,000",20150206,"US,US,reprt,L-246-2015",US4TB3P0,D,0.22,134.5424652,7.2795668
8841,1,2,129,1,550,-2004046809,19802,0226888CAC274D5A,,,,,,,,,,,,,,,29999,,,,20150206,"US,US,reprt,L-246-2015",45.0,US4TB3P0,45.0,758,5,,,1938,1915,,,"Former Japan Chart 481 (Ed. 1940, Rev. 1944), from Japan surveys, Scale 1:25,000",20150206,"US,US,reprt,L-246-2015",US4TB3P0,D,0.22,134.5425263,7.3022194
8841,1,2,129,1,550,-2004046809,19802,0226888CAC274D5A,,,,,,,,,,,,,,,29999,,,,20150206,"US,US,reprt,L-246-2015",65.0,US4TB3P0,65.0,759,5,,,1938,1915,,,"Former Japan Chart 481 (Ed. 1940, Rev. 1944), from Japan surveys, Scale 1:25,000",20150206,"US,US,reprt,L-246-2015",US4TB3P0,D,0.22,134.5426178,7.3148861
8841,1,2,129,1,550,-2004046809,19802,0226888CAC274D5A,,,,,,,,,,,,,,,29999,,,,20150206,"US,US,reprt,L-246-2015",25.0,US4TB3P0,25.0,760,5,,,1938,1915,,,"Former Japan Chart 481 (Ed. 1940, Rev. 1944), from Japan surveys, Scale 1:25,000",20150206,"US,US,reprt,L-246-2015",US4TB3P0,D,0.22,134.5426483,7.2812696
8841,1,2,129,1,550,-2004046809,19802,0226888CAC274D5A,,,,,,,,,,,,,,,29999,,,,20150206,"US,US,reprt,L-246-2015",34.0,US4TB3P0,34.0,761,5,,,1938,1915,,,"Former Japan Chart 481 (Ed. 1940, Rev. 1944), from Japan surveys, Scale 1:25,000",20150206,"US,US,reprt,L-246-2015",US4TB3P0,D,0.22,134.5426636,7.2779861
8841,1,2,129,1,550,-2004046809,19802,0226888CAC274D5A,,,,,,,,,,,,,,,29999,,,,20150206,"US,US,reprt,L-246-2015",25.0,US4TB3P0,25.0,762,5,,,1938,1915,,,"Former Japan Chart 481 (Ed. 1940, Rev. 1944), from Japan surveys, Scale 1:25,000",20150206,"US,US,reprt,L-246-2015",US4TB3P0,D,0.22,134.5426941,7.2869887
8841,1,2,129,1,550,-2004046809,19802,0226888CAC274D5A,,,,,,,,,,,,,,,29999,,,,20150206,"US,US,reprt,L-246-2015",42.0,US4TB3P0,42.0,763,5,,,1938,1915,,,"Former Japan Chart 481 (Ed. 1940, Rev. 1944), from Japan surveys, Scale 1:25,000",20150206,"US,US,reprt,L-246-2015",US4TB3P0,D,0.22,134.5427551,7.3063974
8841,1,2,129,1,550,-2004046809,19802,0226888CAC274D5A,,,,,,,,,,,,,,,29999,,,,20150206,"US,US,reprt,L-246-2015",34.0,US4TB3P0,34.0,764,5,,,1938,1915,,,"Former Japan Chart 481 (Ed. 1940, Rev. 1944), from Japan surveys, Scale 1:25,000",20150206,"US,US,reprt,L-246-2015",US4TB3P0,D,0.22,134.5428467,7.2843919
8841,1,2,129,1,550,-2004046809,19802,0226888CAC274D5A,,,,,,,,,,,,,,,29999,,,,20150206,"US,US,reprt,L-246-2015",40.0,US4TB3P0,40.0,765,5,,,1938,1915,,,"Former Japan Chart 481 (Ed. 1940, Rev. 1944), from Japan surveys, Scale 1:25,000",20150206,"US,US,reprt,L-246-2015",US4TB3P0,D,0.22,134.542923,7.2734027
8841,1,2,129,1,550,-2004046809,19802,0226888CAC274D5A,,,,,,,,,,,,,,,29999,,,,20150206,"US,US,reprt,L-246-2015",51.0,US4TB3P0,51.0,766,5,,,1938,1915,,,"Former Japan Chart 481 (Ed. 1940, Rev. 1944), from Japan surveys, Scale 1:25,000",20150206,"US,US,reprt,L-246-2015",US4TB3P0,D,0.22,134.542984,7.3129001
8841,1,2,129,1,550,-2004046809,19802,0226888CAC274D5A,,,,,,,,,,,,,,,29999,,,,20150206,"US,US,reprt,L-246-2015",31.0,US4TB3P0,31.0,767,5,,,1938,1915,,,"Former Japan Chart 481 (Ed. 1940, Rev. 1944), from Japan surveys, Scale 1:25,000",20150206,"US,US,reprt,L-246-2015",US4TB3P0,D,0.22,134.5429993,7.2885556
8841,1,2,129,1,550,-2004046809,19802,0226888CAC274D5A,,,,,,,,,,,,,,,29999,,,,20150206,"US,US,reprt,L-246-2015",1.9,US4TB3P0,1.9,768,5,,,1938,1915,,,"Former Japan Chart 481 (Ed. 1940, Rev. 1944), from Japan surveys, Scale 1:25,000",20150206,"US,US,reprt,L-246-2015",US4TB3P0,D,0.22,134.543045,7.2863526
8841,1,2,129,1,550,-2004046809,19802,0226888CAC274D5A,,,,,,,,,,,,,,,29999,,,,20150206,"US,US,reprt,L-246-2015",36.0,US4TB3P0,36.0,769,5,,,1938,1915,,,"Former Japan Chart 481 (Ed. 1940, Rev. 1944), from Japan surveys, Scale 1:25,000",20150206,"US,US,reprt,L-246-2015",US4TB3P0,D,0.22,134.5430603,7.2756195
8841,1,2,129,1,550,-2004046809,19802,0226888CAC274D5A,,,,,,,,,,,,,,,29999,,,,20150206,"US,US,reprt,L-246-2015",29.3,US4TB3P0,29.3,770,3,,,2004,,,,"U.S. Navy LIDAR Survey, Archive No. 04HFM01, Scale 1:5,000-1:10,000",20150206,"US,US,reprt,L-246-2015",US4TB3P0,B,0.72,134.5431824,7.2975307
8841,1,2,129,1,550,-2004046809,19802,0226888CAC274D5A,,,,,,,,,,,,,,,29999,,,,20150206,"US,US,reprt,L-246-2015",36.0,US4TB3P0,36.0,771,5,,,1938,1915,,,"Former Japan Chart 481 (Ed. 1940, Rev. 1944), from Japan surveys, Scale 1:25,000",20150206,"US,US,reprt,L-246-2015",US4TB3P0,D,0.22,134.5435486,7.2702527
8841,1,2,129,1,550,-2004046809,19802,0226888CAC274D5A,,,,,,,,,,,,,,,29999,,,,20150206,"US,US,reprt,L-246-2015",32.0,US4TB3P0,32.0,772,5,,,1938,1915,,,"Former Japan Chart 481 (Ed. 1940, Rev. 1944), from Japan surveys, Scale 1:25,000",20150206,"US,US,reprt,L-246-2015",US4TB3P0,D,0.22,134.5436707,7.2825666
8841,1,2,129,1,550,-2004046809,19802,0226888CAC274D5A,,,,,,,,,,,,,,,29999,,,,20150206,"US,US,reprt,L-246-2015",51.0,US4TB3P0,51.0,773,5,,,1938,1915,,,"Former Japan Chart 481 (Ed. 1940, Rev. 1944), from Japan surveys, Scale 1:25,000",20150206,"US,US,reprt,L-246-2015",US4TB3P0,D,0.22,134.5436707,7.3102222
8841,1,2,129,1,550,-2004046809,19802,0226888CAC274D5A,,,,,,,,,,,,,,,29999,,,,20150206,"US,US,reprt,L-246-2015",29.1,US4TB3P0,29.1,774,3,,,2004,,,,"U.S. Navy LIDAR Survey, Archive No. 04HFM01, Scale 1:5,000-1:10,000",20150206,"US,US,reprt,L-246-2015",US4TB3P0,B,0.72,134.5437927,7.2930331
8841,1,2,129,1,550,-2004046809,19802,0226888CAC274D5A,,,,,,,,,,,,,,,29999,,,,20150206,"US,US,reprt,L-246-2015",60.0,US4TB3P0,60.0,775,5,,,1938,1915,,,"Former Japan Chart 481 (Ed. 1940, Rev. 1944), from Japan surveys, Scale 1:25,000",20150206,"US,US,reprt,L-246-2015",US4TB3P0,D,0.22,134.5438232,7.3162918
8841,1,2,129,1,550,-2004046809,19802,0226888CAC274D5A,,,,,,,,,,,,,,,29999,,,,20150206,"US,US,reprt,L-246-2015",27.0,US4TB3P0,27.0,776,5,,,1938,1915,,,"Former Japan Chart 481 (Ed. 1940, Rev. 1944), from Japan surveys, Scale 1:25,000",20150206,"US,US,reprt,L-246-2015",US4TB3P0,D,0.22,134.5439301,7.2857585
8841,1,2,129,1,550,-2004046809,19802,0226888CAC274D5A,,,,,,,,,,,,,,,29999,,,,20150206,"US,US,reprt,L-246-2015",34.0,US4TB3P0,34.0,777,5,,,1938,1915,,,"Former Japan Chart 481 (Ed. 1940, Rev. 1944), from Japan surveys, Scale 1:25,000",20150206,"US,US,reprt,L-246-2015",US4TB3P0,D,0.22,134.5441895,7.2802696
8841,1,2,129,1,550,-2004046809,19802,0226888CAC274D5A,,,,,,,,,,,,,,,29999,,,,20150206,"US,US,reprt,L-246-2015",38.0,US4TB3P0,38.0,778,5,,,1938,1915,,,"Former Japan Chart 481 (Ed. 1940, Rev. 1944), from Japan surveys, Scale 1:25,000",20150206,"US,US,reprt,L-246-2015",US4TB3P0,D,0.22,134.5442505,7.2723613
8841,1,2,129,1,550,-2004046809,19802,0226888CAC274D5A,,,,,,,,,,,,,,,29999,,,,20150206,"US,US,reprt,L-246-2015",5.6,US4TB3P0,5.6,779,5,,,1938,1915,,,"Former Japan Chart 481 (Ed. 1940, Rev. 1944), from Japan surveys, Scale 1:25,000",20150206,"US,US,reprt,L-246-2015",US4TB3P0,D,0.22,134.5442658,7.2996836
8841,1,2,129,1,550,-2004046809,19802,0226888CAC274D5A,,,,,,,,,,,,,,,29999,,,,20150206,"US,US,reprt,L-246-2015",45.0,US4TB3P0,45.0,780,5,,,1938,1915,,,"Former Japan Chart 481 (Ed. 1940, Rev. 1944), from Japan surveys, Scale 1:25,000",20150206,"US,US,reprt,L-246-2015",US4TB3P0,D,0.22,134.5443268,7.3076277
8841,1,2,129,1,550,-2004046809,19802,0226888CAC274D5A,,,,,,,,,,,,,,,29999,,,,20150206,"US,US,reprt,L-246-2015",38.0,US4TB3P0,38.0,781,5,,,1938,1915,,,"Former Japan Chart 481 (Ed. 1940, Rev. 1944), from Japan surveys, Scale 1:25,000",20150206,"US,US,reprt,L-246-2015",US4TB3P0,D,0.22,134.544342,7.2779446
8841,1,2,129,1,550,-2004046809,19802,0226888CAC274D5A,,,,,,,,,,,,,,,29999,,,,20150206,"US,US,reprt,L-246-2015",36.0,US4TB3P0,36.0,782,5,,,1938,1915,,,"Former Japan Chart 481 (Ed. 1940, Rev. 1944), from Japan surveys, Scale 1:25,000",20150206,"US,US,reprt,L-246-2015",US4TB3P0,D,0.22,134.5445099,7.3011804
8841,1,2,129,1,550,-2004046809,19802,0226888CAC274D5A,,,,,,,,,,,,,,,29999,,,,20150206,"US,US,reprt,L-246-2015",47.0,US4TB3P0,47.0,783,5,,,1938,1915,,,"Former Japan Chart 481 (Ed. 1940, Rev. 1944), from Japan surveys, Scale 1:25,000",20150206,"US,US,reprt,L-246-2015",US4TB3P0,D,0.22,134.5445099,7.3033695
8841,1,2,129,1,550,-2004046809,19802,0226888CAC274D5A,,,,,,,,,,,,,,,29999,,,,20150206,"US,US,reprt,L-246-2015",31.0,US4TB3P0,31.0,784,5,,,1938,1915,,,"Former Japan Chart 481 (Ed. 1940, Rev. 1944), from Japan surveys, Scale 1:25,000",20150206,"US,US,reprt,L-246-2015",US4TB3P0,D,0.22,134.5446777,7.2977748
8841,1,2,129,1,550,-2004046809,19802,0226888CAC274D5A,,,,,,,,,,,,,,,29999,,,,20150206,"US,US,reprt,L-246-2015",11.7,US4TB3P0,11.7,785,5,,,1938,1915,,,"Former Japan Chart 481 (Ed. 1940, Rev. 1944), from Japan surveys, Scale 1:25,000",20150206,"US,US,reprt,L-246-2015",US4TB3P0,D,0.22,134.5449677,7.3004613
8841,1,2,129,1,550,-2004046809,19802,0226888CAC274D5A,,,,,,,,,,,,,,,29999,,,,20150206,"US,US,reprt,L-246-2015",30.0,US4TB3P0,30.0,786,5,,,1938,1915,,,"Former Japan Chart 481 (Ed. 1940, Rev. 1944), from Japan surveys, Scale 1:25,000",20150206,"US,US,reprt,L-246-2015",US4TB3P0,D,0.22,134.5450592,7.2904334
8841,1,2,129,1,550,-2004046809,19802,0226888CAC274D5A,,,,,,,,,,,,,,,29999,,,,20150206,"US,US,reprt,L-246-2015",51.0,US4TB3P0,51.0,787,5,,,1938,1915,,,"Former Japan Chart 481 (Ed. 1940, Rev. 1944), from Japan surveys, Scale 1:25,000",20150206,"US,US,reprt,L-246-2015",US4TB3P0,D,0.22,134.5451202,7.313911
8841,1,2,129,1,550,-2004046809,19802,0226888CAC274D5A,,,,,,,,,,,,,,,29999,,,,20150206,"US,US,reprt,L-246-2015",29.9,US4TB3P0,29.9,788,3,,,2004,,,,"U.S. Navy LIDAR Survey, Archive No. 04HFM01, Scale 1:5,000-1:10,000",20150206,"US,US,reprt,L-246-2015",US4TB3P0,B,0.72,134.5452576,7.2947002
8841,1,2,129,1,550,-2004046809,19802,0226888CAC274D5A,,,,,,,,,,,,,,,29999,,,,20150206,"US,US,reprt,L-246-2015",42.0,US4TB3P0,42.0,789,5,,,1938,1915,,,"Former Japan Chart 481 (Ed. 1940, Rev. 1944), from Japan surveys, Scale 1:25,000",20150206,"US,US,reprt,L-246-2015",US4TB3P0,D,0.22,134.5453186,7.3098722
8841,1,2,129,1,550,-2004046809,19802,0226888CAC274D5A,,,,,,,,,,,,,,,29999,,,,20150206,"US,US,reprt,L-246-2015",36.0,US4TB3P0,36.0,790,5,,,1938,1915,,,"Former Japan Chart 481 (Ed. 1940, Rev. 1944), from Japan surveys, Scale 1:25,000",20150206,"US,US,reprt,L-246-2015",US4TB3P0,D,0.22,134.5453491,7.2705641
8841,1,2,129,1,550,-2004046809,19802,0226888CAC274D5A,,,,,,,,,,,,,,,29999,,,,20150206,"US,US,reprt,L-246-2015",34.0,US4TB3P0,34.0,791,5,,,1938,1915,,,"Former Japan Chart 481 (Ed. 1940, Rev. 1944), from Japan surveys, Scale 1:25,000",20150206,"US,US,reprt,L-246-2015",US4TB3P0,D,0.22,134.5453796,7.288353
8841,1,2,129,1,550,-2004046809,19802,0226888CAC274D5A,,,,,,,,,,,,,,,29999,,,,20150206,"US,US,reprt,L-246-2015",37.0,US4TB3P0,37.0,792,5,,,1938,1915,,,"Former Japan Chart 481 (Ed. 1940, Rev. 1944), from Japan surveys, Scale 1:25,000",20150206,"US,US,reprt,L-246-2015",US4TB3P0,D,0.22,134.5455322,7.2739167
8841,1,2,129,1,550,-2004046809,19802,0226888CAC274D5A,,,,,,,,,,,,,,,29999,,,,20150206,"US,US,reprt,L-246-2015",33.0,US4TB3P0,33.0,793,3,,,2004,,,,"U.S. Navy LIDAR Survey, Archive No. 04HFM01, Scale 1:5,000-1:10,000",20150206,"US,US,reprt,L-246-2015",US4TB3P0,B,0.72,134.5456543,7.2974224
8841,1,2,129,1,550,-2004046809,19802,0226888CAC274D5A,,,,,,,,,,,,,,,29999,,,,20150206,"US,US,reprt,L-246-2015",44.0,US4TB3P0,44.0,794,5,,,1938,1915,,,"Former Japan Chart 481 (Ed. 1940, Rev. 1944), from Japan surveys, Scale 1:25,000",20150206,"US,US,reprt,L-246-2015",US4TB3P0,D,0.22,134.5457001,7.3032332
8841,1,2,129,1,550,-2004046809,19802,0226888CAC274D5A,,,,,,,,,,,,,,,29999,,,,20150206,"US,US,reprt,L-246-2015",2.5,US4TB3P0,2.5,795,5,,,1938,1915,,,"Former Japan Chart 481 (Ed. 1940, Rev. 1944), from Japan surveys, Scale 1:25,000",20150206,"US,US,reprt,L-246-2015",US4TB3P0,D,0.22,134.5458527,7.2992168
8841,1,2,129,1,550,-2004046809,19802,0226888CAC274D5A,,,,,,,,,,,,,,,29999,,,,20150206,"US,US,reprt,L-246-2015",45.0,US4TB3P0,45.0,796,5,,,1938,1915,,,"Former Japan Chart 481 (Ed. 1940, Rev. 1944), from Japan surveys, Scale 1:25,000",20150206,"US,US,reprt,L-246-2015",US4TB3P0,D,0.22,134.545929,7.3062363
8841,1,2,129,1,550,-2004046809,19802,0226888CAC274D5A,,,,,,,,,,,,,,,29999,,,,20150206,"US,US,reprt,L-246-2015",36.0,US4TB3P0,36.0,797,5,,,1938,1915,,,"Former Japan Chart 481 (Ed. 1940, Rev. 1944), from Japan surveys, Scale 1:25,000",20150206,"US,US,reprt,L-246-2015",US4TB3P0,D,0.22,134.5460205,7.2790279
8841,1,2,129,1,550,-2004046809,19802,0226888CAC274D5A,,,,,,,,,,,,,,,29999,,,,20150206,"US,US,reprt,L-246-2015",36.0,US4TB3P0,36.0,798,5,,,1938,1915,,,"Former Japan Chart 481 (Ed. 1940, Rev. 1944), from Japan surveys, Scale 1:25,000",20150206,"US,US,reprt,L-246-2015",US4TB3P0,D,0.22,134.546051,7.2822585
8841,1,2,129,1,550,-2004046809,19802,0226888CAC274D5A,,,,,,,,,,,,,,,29999,,,,20150206,"US,US,reprt,L-246-2015",50.0,US4TB3P0,50.0,799,5,,,1938,1915,,,"Former Japan Chart 481 (Ed. 1940, Rev. 1944), from Japan surveys, Scale 1:25,000",20150206,"US,US,reprt,L-246-2015",US4TB3P0,D,0.22,134.5462036,7.3194666
8841,1,2,129,1,550,-2004046809,19802,0226888CAC274D5A,,,,,,,,,,,,,,,29999,,,,20150206,"US,US,reprt,L-246-2015",4.5,US4TB3P0,4.5,800,3,,,2004,,,,"U.S. Navy LIDAR Survey, Archive No. 04HFM01, Scale 1:5,000-1:10,000",20150206,"US,US,reprt,L-246-2015",US4TB3P0,B,0.72,134.5463562,7.2960196
8841,1,2,129,1,550,-2004046809,19802,0226888CAC274D5A,,,,,,,,,,,,,,,29999,,,,20150206,"US,US,reprt,L-246-2015",44.0,US4TB3P0,44.0,801,5,,,1938,1915,,,"Former Japan Chart 481 (Ed. 1940, Rev. 1944), from Japan surveys, Scale 1:25,000",20150206,"US,US,reprt,L-246-2015",US4TB3P0,D,0.22,134.5465241,7.3008833
8841,1,2,129,1,550,-2004046809,19802,0226888CAC274D5A,,,,,,,,,,,,,,,29999,,,,20150206,"US,US,reprt,L-246-2015",28.2,US4TB3P0,28.2,802,5,,,1938,1915,,,"Former Japan Chart 481 (Ed. 1940, Rev. 1944), from Japan surveys, Scale 1:25,000",20150206,"US,US,reprt,L-246-2015",US4TB3P0,D,0.22,134.5470123,7.2979083
8841,1,2,129,1,550,-2004046809,19802,0226888CAC274D5A,,,,,,,,,,,,,,,29999,,,,20150206,"US,US,reprt,L-246-2015",32.0,US4TB3P0,32.0,803,5,,,1938,1915,,,"Former Japan Chart 481 (Ed. 1940, Rev. 1944), from Japan surveys, Scale 1:25,000",20150206,"US,US,reprt,L-246-2015",US4TB3P0,D,0.22,134.5470429,7.2719169
8841,1,2,129,1,550,-2004046809,19802,0226888CAC274D5A,,,,,,,,,,,,,,,29999,,,,20150206,"US,US,reprt,L-246-2015",64.0,US4TB3P0,64.0,804,5,,,1938,1915,,,"Former Japan Chart 481 (Ed. 1940, Rev. 1944), from Japan surveys, Scale 1:25,000",20150206,"US,US,reprt,L-246-2015",US4TB3P0,D,0.22,134.5475159,7.3153305
8841,1,2,129,1,550,-2004046809,19802,0226888CAC274D5A,,,,,,,,,,,,,,,29999,,,,20150206,"US,US,reprt,L-246-2015",27.5,US4TB3P0,27.5,805,5,,,1938,1915,,,"Former Japan Chart 481 (Ed. 1940, Rev. 1944), from Japan surveys, Scale 1:25,000",20150206,"US,US,reprt,L-246-2015",US4TB3P0,D,0.22,134.5475769,7.2923584
8841,1,2,129,1,550,-2004046809,19802,0226888CAC274D5A,,,,,,,,,,,,,,,29999,,,,20150206,"US,US,reprt,L-246-2015",56.0,US4TB3P0,56.0,806,5,,,1938,1915,,,"Former Japan Chart 481 (Ed. 1940, Rev. 1944), from Japan surveys, Scale 1:25,000",20150206,"US,US,reprt,L-246-2015",US4TB3P0,D,0.22,134.5475769,7.3112502
8841,1,2,129,1,550,-2004046809,19802,0226888CAC274D5A,,,,,,,,,,,,,,,29999,,,,20150206,"US,US,reprt,L-246-2015",52.0,US4TB3P0,52.0,807,5,,,1938,1915,,,"Former Japan Chart 481 (Ed. 1940, Rev. 1944), from Japan surveys, Scale 1:25,000",20150206,"US,US,reprt,L-246-2015",US4TB3P0,D,0.22,134.54776,7.3139
8841,1,2,129,1,550,-2004046809,19802,0226888CAC274D5A,,,,,,,,,,,,,,,29999,,,,20150206,"US,US,reprt,L-246-2015",22.0,US4TB3P0,22.0,808,5,,,1938,1915,,,"Former Japan Chart 481 (Ed. 1940, Rev. 1944), from Japan surveys, Scale 1:25,000",20150206,"US,US,reprt,L-246-2015",US4TB3P0,D,0.22,134.5478973,7.2788248
8841,1,2,129,1,550,-2004046809,19802,0226888CAC274D5A,,,,,,,,,,,,,,,29999,,,,20150206,"US,US,reprt,L-246-2015",10.5,US4TB3P0,10.5,809,5,,,1938,1915,,,"Former Japan Chart 481 (Ed. 1940, Rev. 1944), from Japan surveys, Scale 1:25,000",20150206,"US,US,reprt,L-246-2015",US4TB3P0,D,0.22,134.5479126,7.3011332
8841,1,2,129,1,550,-2004046809,19802,0226888CAC274D5A,,,,,,,,,,,,,,,29999,,,,20150206,"US,US,reprt,L-246-2015",50.0,US4TB3P0,50.0,810,5,,,1938,1915,,,"Former Japan Chart 481 (Ed. 1940, Rev. 1944), from Japan surveys, Scale 1:25,000",20150206,"US,US,reprt,L-246-2015",US4TB3P0,D,0.22,134.5480347,7.3054915
8841,1,2,129,1,550,-2004046809,19802,0226888CAC274D5A,,,,,,,,,,,,,,,29999,,,,20150206,"US,US,reprt,L-246-2015",34.0,US4TB3P0,34.0,811,5,,,1938,1915,,,"Former Japan Chart 481 (Ed. 1940, Rev. 1944), from Japan surveys, Scale 1:25,000",20150206,"US,US,reprt,L-246-2015",US4TB3P0,D,0.22,134.5480499,7.2898808
8841,1,2,129,1,550,-2004046809,19802,0226888CAC274D5A,,,,,,,,,,,,,,,29999,,,,20150206,"US,US,reprt,L-246-2015",33.0,US4TB3P0,33.0,812,5,,,1938,1915,,,"Former Japan Chart 481 (Ed. 1940, Rev. 1944), from Japan surveys, Scale 1:25,000",20150206,"US,US,reprt,L-246-2015",US4TB3P0,D,0.22,134.5482483,7.2874889
8841,1,2,129,1,550,-2004046809,19802,0226888CAC274D5A,,,,,,,,,,,,,,,29999,,,,20150206,"US,US,reprt,L-246-2015",30.0,US4TB3P0,30.0,813,5,,,1938,1915,,,"Former Japan Chart 481 (Ed. 1940, Rev. 1944), from Japan surveys, Scale 1:25,000",20150206,"US,US,reprt,L-246-2015",US4TB3P0,D,0.22,134.5482636,7.3095331
8841,1,2,129,1,550,-2004046809,19802,0226888CAC274D5A,,,,,,,,,,,,,,,29999,,,,20150206,"US,US,reprt,L-246-2015",3.7,US4TB3P0,3.7,814,5,,,1938,1915,,,"Former Japan Chart 481 (Ed. 1940, Rev. 1944), from Japan surveys, Scale 1:25,000",20150206,"US,US,reprt,L-246-2015",US4TB3P0,D,0.22,134.5484314,7.2983832
8841,1,2,129,1,550,-2004046809,19802,0226888CAC274D5A,,,,,,,,,,,,,,,29999,,,,20150206,"US,US,reprt,L-246-2015",22.1,US4TB3P0,22.1,815,5,,,1938,1915,,,"Former Japan Chart 481 (Ed. 1940, Rev. 1944), from Japan surveys, Scale 1:25,000",20150206,"US,US,reprt,L-246-2015",US4TB3P0,D,0.22,134.5484314,7.3080335
8841,1,2,129,1,550,-2004046809,19802,0226888CAC274D5A,,,,,,,,,,,,,,,29999,,,,20150206,"US,US,reprt,L-246-2015",29.0,US4TB3P0,29.0,816,5,,,1938,1915,,,"Former Japan Chart 481 (Ed. 1940, Rev. 1944), from Japan surveys, Scale 1:25,000",20150206,"US,US,reprt,L-246-2015",US4TB3P0,D,0.22,134.5484772,7.2951665
8841,1,2,129,1,550,-2004046809,19802,0226888CAC274D5A,,,,,,,,,,,,,,,29999,,,,20150206,"US,US,reprt,L-246-2015",4.6,US4TB3P0,4.6,817,5,,,1938,1915,,,"Former Japan Chart 481 (Ed. 1940, Rev. 1944), from Japan surveys, Scale 1:25,000",20150206,"US,US,reprt,L-246-2015",US4TB3P0,D,0.22,134.549118,7.2961917
8841,1,2,129,1,550,-2004046809,19802,0226888CAC274D5A,,,,,,,,,,,,,,,29999,,,,20150206,"US,US,reprt,L-246-2015",14.5,US4TB3P0,14.5,818,5,,,1938,1915,,,"Former Japan Chart 481 (Ed. 1940, Rev. 1944), from Japan surveys, Scale 1:25,000",20150206,"US,US,reprt,L-246-2015",US4TB3P0,D,0.22,134.5492096,7.2744446
8841,1,2,129,1,550,-2004046809,19802,0226888CAC274D5A,,,,,,,,,,,,,,,29999,,,,20150206,"US,US,reprt,L-246-2015",41.0,US4TB3P0,41.0,819,5,,,1938,1915,,,"Former Japan Chart 481 (Ed. 1940, Rev. 1944), from Japan surveys, Scale 1:25,000",20150206,"US,US,reprt,L-246-2015",US4TB3P0,D,0.22,134.5493317,7.319211
8841,1,2,129,1,550,-2004046809,19802,0226888CAC274D5A,,,,,,,,,,,,,,,29999,,,,20150206,"US,US,reprt,L-246-2015",3.9,US4TB3P0,3.9,820,5,,,1938,1915,,,"Former Japan Chart 481 (Ed. 1940, Rev. 1944), from Japan surveys, Scale 1:25,000",20150206,"US,US,reprt,L-246-2015",US4TB3P0,D,0.22,134.5494232,7.3005223
8841,1,2,129,1,550,-2004046809,19802,0226888CAC274D5A,,,,,,,,,,,,,,,29999,,,,20150206,"US,US,reprt,L-246-2015",42.0,US4TB3P0,42.0,821,5,,,1938,1915,,,"Former Japan Chart 481 (Ed. 1940, Rev. 1944), from Japan surveys, Scale 1:25,000",20150206,"US,US,reprt,L-246-2015",US4TB3P0,D,0.22,134.5495453,7.3041415
8841,1,2,129,1,550,-2004046809,19802,0226888CAC274D5A,,,,,,,,,,,,,,,29999,,,,20150206,"US,US,reprt,L-246-2015",1.9,US4TB3P0,1.9,822,5,,,1938,1915,,,"Former Japan Chart 481 (Ed. 1940, Rev. 1944), from Japan surveys, Scale 1:25,000",20150206,"US,US,reprt,L-246-2015",US4TB3P0,D,0.22,134.5495758,7.2992473
8841,1,2,129,1,550,-2004046809,19802,0226888CAC274D5A,,,,,,,,,,,,,,,29999,,,,20150206,"US,US,reprt,L-246-2015",2.4,US4TB3P0,2.4,823,5,,,1938,1915,,,"Former Japan Chart 481 (Ed. 1940, Rev. 1944), from Japan surveys, Scale 1:25,000",20150206,"US,US,reprt,L-246-2015",US4TB3P0,D,0.22,134.5497742,7.297111
8841,1,2,129,1,550,-2004046809,19802,0226888CAC274D5A,,,,,,,,,,,,,,,29999,,,,20150206,"US,US,reprt,L-246-2015",14.7,US4TB3P0,14.7,824,5,,,1938,1915,,,"Former Japan Chart 481 (Ed. 1940, Rev. 1944), from Japan surveys, Scale 1:25,000",20150206,"US,US,reprt,L-246-2015",US4TB3P0,D,0.22,134.5498047,7.3028998
8841,1,2,129,1,550,-2004046809,19802,0226888CAC274D5A,,,,,,,,,,,,,,,29999,,,,20150206,"US,US,reprt,L-246-2015",46.0,US4TB3P0,46.0,825,5,,,1938,1915,,,"Former Japan Chart 481 (Ed. 1940, Rev. 1944), from Japan surveys, Scale 1:25,000",20150206,"US,US,reprt,L-246-2015",US4TB3P0,D,0.22,134.5499115,7.3067751
8841,1,2,129,1,550,-2004046809,19802,0226888CAC274D5A,,,,,,,,,,,,,,,29999,,,,20150206,"US,US,reprt,L-246-2015",3.3,US4TB3P0,3.3,826,5,,,1938,1915,,,"Former Japan Chart 481 (Ed. 1940, Rev. 1944), from Japan surveys, Scale 1:25,000",20150206,"US,US,reprt,L-246-2015",US4TB3P0,D,0.22,134.5501099,7.3011665
8841,1,2,129,1,550,-2004046809,19802,0226888CAC274D5A,,,,,,,,,,,,,,,29999,,,,20150206,"US,US,reprt,L-246-2015",39.0,US4TB3P0,39.0,827,5,,,1938,1915,,,"Former Japan Chart 481 (Ed. 1940, Rev. 1944), from Japan surveys, Scale 1:25,000",20150206,"US,US,reprt,L-246-2015",US4TB3P0,D,0.22,134.5503388,7.3119807
8841,1,2,129,1,550,-2004046809,19802,0226888CAC274D5A,,,,,,,,,,,,,,,29999,,,,20150206,"US,US,reprt,L-246-2015",15.5,US4TB3P0,15.5,828,5,,,1938,1915,,,"Former Japan Chart 481 (Ed. 1940, Rev. 1944), from Japan surveys, Scale 1:25,000",20150206,"US,US,reprt,L-246-2015",US4TB3P0,D,0.22,134.5505066,7.303175
8841,1,2,129,1,550,-2004046809,19802,0226888CAC274D5A,,,,,,,,,,,,,,,29999,,,,20150206,"US,US,reprt,L-246-2015",36.0,US4TB3P0,36.0,829,5,,,1938,1915,,,"Former Japan Chart 481 (Ed. 1940, Rev. 1944), from Japan surveys, Scale 1:25,000",20150206,"US,US,reprt,L-246-2015",US4TB3P0,D,0.22,134.5506897,7.3053446
8841,1,2,129,1,550,-2004046809,19802,0226888CAC274D5A,,,,,,,,,,,,,,,29999,,,,20150206,"US,US,reprt,L-246-2015",46.0,US4TB3P0,46.0,830,5,,,1938,1915,,,"Former Japan Chart 481 (Ed. 1940, Rev. 1944), from Japan surveys, Scale 1:25,000",20150206,"US,US,reprt,L-246-2015",US4TB3P0,D,0.22,134.5506897,7.3102779
8841,1,2,129,1,550,-2004046809,19802,0226888CAC274D5A,,,,,,,,,,,,,,,29999,,,,20150206,"US,US,reprt,L-246-2015",35.0,US4TB3P0,35.0,831,5,,,1938,1915,,,"Former Japan Chart 481 (Ed. 1940, Rev. 1944), from Japan surveys, Scale 1:25,000",20150206,"US,US,reprt,L-246-2015",US4TB3P0,D,0.22,134.5509491,7.2859054
8841,1,2,129,1,550,-2004046809,19802,0226888CAC274D5A,,,,,,,,,,,,,,,29999,,,,20150206,"US,US,reprt,L-246-2015",42.0,US4TB3P0,42.0,832,5,,,1938,1915,,,"Former Japan Chart 481 (Ed. 1940, Rev. 1944), from Japan surveys, Scale 1:25,000",20150206,"US,US,reprt,L-246-2015",US4TB3P0,D,0.22,134.5510254,7.3080196
8841,1,2,129,1,550,-2004046809,19802,0226888CAC274D5A,,,,,,,,,,,,,,,29999,,,,20150206,"US,US,reprt,L-246-2015",29.0,US4TB3P0,29.0,833,5,,,1938,1915,,,"Former Japan Chart 481 (Ed. 1940, Rev. 1944), from Japan surveys, Scale 1:25,000",20150206,"US,US,reprt,L-246-2015",US4TB3P0,D,0.22,134.551239,7.3040333
8841,1,2,129,1,550,-2004046809,19802,0226888CAC274D5A,,,,,,,,,,,,,,,29999,,,,20150206,"US,US,reprt,L-246-2015",40.0,US4TB3P0,40.0,834,5,,,1938,1915,,,"Former Japan Chart 481 (Ed. 1940, Rev. 1944), from Japan surveys, Scale 1:25,000",20150206,"US,US,reprt,L-246-2015",US4TB3P0,D,0.22,134.5512695,7.298964
8841,1,2,129,1,550,-2004046809,19802,0226888CAC274D5A,,,,,,,,,,,,,,,29999,,,,20150206,"US,US,reprt,L-246-2015",5.7,US4TB3P0,5.7,835,5,,,1938,1915,,,"Former Japan Chart 481 (Ed. 1940, Rev. 1944), from Japan surveys, Scale 1:25,000",20150206,"US,US,reprt,L-246-2015",US4TB3P0,D,0.22,134.5513306,7.3048973
8841,1,2,129,1,550,-2004046809,19802,0226888CAC274D5A,,,,,,,,,,,,,,,29999,,,,20150206,"US,US,reprt,L-246-2015",28.0,US4TB3P0,28.0,836,5,,,1938,1915,,,"Former Japan Chart 481 (Ed. 1940, Rev. 1944), from Japan surveys, Scale 1:25,000",20150206,"US,US,reprt,L-246-2015",US4TB3P0,D,0.22,134.5513611,7.2827973
8841,1,2,129,1,550,-2004046809,19802,0226888CAC274D5A,,,,,,,,,,,,,,,29999,,,,20150206,"US,US,reprt,L-246-2015",46.0,US4TB3P0,46.0,837,5,,,1938,1915,,,"Former Japan Chart 481 (Ed. 1940, Rev. 1944), from Japan surveys, Scale 1:25,000",20150206,"US,US,reprt,L-246-2015",US4TB3P0,D,0.22,134.5514679,7.3230224
8841,1,2,129,1,550,-2004046809,19802,0226888CAC274D5A,,,,,,,,,,,,,,,29999,,,,20150206,"US,US,reprt,L-246-2015",41.0,US4TB3P0,41.0,838,5,,,1938,1915,,,"Former Japan Chart 481 (Ed. 1940, Rev. 1944), from Japan surveys, Scale 1:25,000",20150206,"US,US,reprt,L-246-2015",US4TB3P0,D,0.22,134.5514984,7.3067222
8841,1,2,129,1,550,-2004046809,19802,0226888CAC274D5A,,,,,,,,,,,,,,,29999,,,,20150206,"US,US,reprt,L-246-2015",6.8,US4TB3P0,6.8,839,5,,,1938,1915,,,"Former Japan Chart 481 (Ed. 1940, Rev. 1944), from Japan surveys, Scale 1:25,000",20150206,"US,US,reprt,L-246-2015",US4TB3P0,D,0.22,134.5515289,7.3054471
8841,1,2,129,1,550,-2004046809,19802,0226888CAC274D5A,,,,,,,,,,,,,,,29999,,,,20150206,"US,US,reprt,L-246-2015",44.0,US4TB3P0,44.0,840,5,,,1938,1915,,,"Former Japan Chart 481 (Ed. 1940, Rev. 1944), from Japan surveys, Scale 1:25,000",20150206,"US,US,reprt,L-246-2015",US4TB3P0,D,0.22,134.5516968,7.3172498
8841,1,2,129,1,550,-2004046809,19802,0226888CAC274D5A,,,,,,,,,,,,,,,29999,,,,20150206,"US,US,reprt,L-246-2015",29.8,US4TB3P0,29.8,841,5,,,1938,1915,,,"Former Japan Chart 481 (Ed. 1940, Rev. 1944), from Japan surveys, Scale 1:25,000",20150206,"US,US,reprt,L-246-2015",US4TB3P0,D,0.22,134.551712,7.3028975
8841,1,2,129,1,550,-2004046809,19802,0226888CAC274D5A,,,,,,,,,,,,,,,29999,,,,20150206,"US,US,reprt,L-246-2015",66.0,US4TB3P0,66.0,842,5,,,1938,1915,,,"Former Japan Chart 481 (Ed. 1940, Rev. 1944), from Japan surveys, Scale 1:25,000",20150206,"US,US,reprt,L-246-2015",US4TB3P0,D,0.22,134.5517578,7.3210888
8841,1,2,129,1,550,-2004046809,19802,0226888CAC274D5A,,,,,,,,,,,,,,,29999,,,,20150206,"US,US,reprt,L-246-2015",43.0,US4TB3P0,43.0,843,5,,,1938,1915,,,"Former Japan Chart 481 (Ed. 1940, Rev. 1944), from Japan surveys, Scale 1:25,000",20150206,"US,US,reprt,L-246-2015",US4TB3P0,D,0.22,134.5518799,7.3144002
8841,1,2,129,1,550,-2004046809,19802,0226888CAC274D5A,,,,,,,,,,,,,,,29999,,,,20150206,"US,US,reprt,L-246-2015",36.0,US4TB3P0,36.0,844,5,,,1938,1915,,,"Former Japan Chart 481 (Ed. 1940, Rev. 1944), from Japan surveys, Scale 1:25,000",20150206,"US,US,reprt,L-246-2015",US4TB3P0,D,0.22,134.5522003,7.2902165
8841,1,2,129,1,550,-2004046809,19802,0226888CAC274D5A,,,,,,,,,,,,,,,29999,,,,20150206,"US,US,reprt,L-246-2015",15.9,US4TB3P0,15.9,845,5,,,1938,1915,,,"Former Japan Chart 481 (Ed. 1940, Rev. 1944), from Japan surveys, Scale 1:25,000",20150206,"US,US,reprt,L-246-2015",US4TB3P0,D,0.22,134.5523529,7.2961974
8841,1,2,129,1,550,-2004046809,19802,0226888CAC274D5A,,,,,,,,,,,,,,,29999,,,,20150206,"US,US,reprt,L-246-2015",38.0,US4TB3P0,38.0,846,5,,,1938,1915,,,"Former Japan Chart 481 (Ed. 1940, Rev. 1944), from Japan surveys, Scale 1:25,000",20150206,"US,US,reprt,L-246-2015",US4TB3P0,D,0.22,134.5525513,7.3020306
8841,1,2,129,1,550,-2004046809,19802,0226888CAC274D5A,,,,,,,,,,,,,,,29999,,,,20150206,"US,US,reprt,L-246-2015",38.0,US4TB3P0,38.0,847,5,,,1938,1915,,,"Former Japan Chart 481 (Ed. 1940, Rev. 1944), from Japan surveys, Scale 1:25,000",20150206,"US,US,reprt,L-246-2015",US4TB3P0,D,0.22,134.5527344,7.3133583
8841,1,2,129,1,550,-2004046809,19802,0226888CAC274D5A,,,,,,,,,,,,,,,29999,,,,20150206,"US,US,reprt,L-246-2015",32.0,US4TB3P0,32.0,848,5,,,1938,1915,,,"Former Japan Chart 481 (Ed. 1940, Rev. 1944), from Japan surveys, Scale 1:25,000",20150206,"US,US,reprt,L-246-2015",US4TB3P0,D,0.22,134.5529785,7.3225164
8841,1,2,129,1,550,-2004046809,19802,0226888CAC274D5A,,,,,,,,,,,,,,,29999,,,,20150206,"US,US,reprt,L-246-2015",42.0,US4TB3P0,42.0,849,5,,,1938,1915,,,"Former Japan Chart 481 (Ed. 1940, Rev. 1944), from Japan surveys, Scale 1:25,000",20150206,"US,US,reprt,L-246-2015",US4TB3P0,D,0.22,134.5530396,7.3098722
8841,1,2,129,1,550,-2004046809,19802,0226888CAC274D5A,,,,,,,,,,,,,,,29999,,,,20150206,"US,US,reprt,L-246-2015",7.3,US4TB3P0,7.3,850,5,,,1938,1915,,,"Former Japan Chart 481 (Ed. 1940, Rev. 1944), from Japan surveys, Scale 1:25,000",20150206,"US,US,reprt,L-246-2015",US4TB3P0,D,0.22,134.55336,7.3192058
8841,1,2,129,1,550,-2004046809,19802,0226888CAC274D5A,,,,,,,,,,,,,,,29999,,,,20150206,"US,US,reprt,L-246-2015",7.0,US4TB3P0,7.0,851,5,,,1938,1915,,,"Former Japan Chart 481 (Ed. 1940, Rev. 1944), from Japan surveys, Scale 1:25,000",20150206,"US,US,reprt,L-246-2015",US4TB3P0,D,0.22,134.5533905,7.2948556
8841,1,2,129,1,550,-2004046809,19802,0226888CAC274D5A,,,,,,,,,,,,,,,29999,,,,20150206,"US,US,reprt,L-246-2015",24.0,US4TB3P0,24.0,852,5,,,1938,1915,,,"Former Japan Chart 481 (Ed. 1940, Rev. 1944), from Japan surveys, Scale 1:25,000",20150206,"US,US,reprt,L-246-2015",US4TB3P0,D,0.22,134.553772,7.2978582
8841,1,2,129,1,550,-2004046809,19802,0226888CAC274D5A,,,,,,,,,,,,,,,29999,,,,20150206,"US,US,reprt,L-246-2015",32.0,US4TB3P0,32.0,853,5,,,1938,1915,,,"Former Japan Chart 481 (Ed. 1940, Rev. 1944), from Japan surveys, Scale 1:25,000",20150206,"US,US,reprt,L-246-2015",US4TB3P0,D,0.22,134.5539093,7.3024859
8841,1,2,129,1,550,-2004046809,19802,0226888CAC274D5A,,,,,,,,,,,,,,,29999,,,,20150206,"US,US,reprt,L-246-2015",58.0,US4TB3P0,58.0,854,5,,,1938,1915,,,"Former Japan Chart 481 (Ed. 1940, Rev. 1944), from Japan surveys, Scale 1:25,000",20150206,"US,US,reprt,L-246-2015",US4TB3P0,D,0.22,134.5541229,7.3213334
8841,1,2,129,1,550,-2004046809,19802,0226888CAC274D5A,,,,,,,,,,,,,,,29999,,,,20150206,"US,US,reprt,L-246-2015",29.4,US4TB3P0,29.4,855,5,,,1938,1915,,,"Former Japan Chart 481 (Ed. 1940, Rev. 1944), from Japan surveys, Scale 1:25,000",20150206,"US,US,reprt,L-246-2015",US4TB3P0,D,0.22,134.5541382,7.3197613
8841,1,2,129,1,550,-2004046809,19802,0226888CAC274D5A,,,,,,,,,,,,,,,29999,,,,20150206,"US,US,reprt,L-246-2015",35.0,US4TB3P0,35.0,856,5,,,1938,1915,,,"Former Japan Chart 481 (Ed. 1940, Rev. 1944), from Japan surveys, Scale 1:25,000",20150206,"US,US,reprt,L-246-2015",US4TB3P0,D,0.22,134.5543976,7.3252807
8841,1,2,129,1,550,-2004046809,19802,0226888CAC274D5A,,,,,,,,,,,,,,,29999,,,,20150206,"US,US,reprt,L-246-2015",28.7,US4TB3P0,28.7,857,5,,,1938,1915,,,"Former Japan Chart 481 (Ed. 1940, Rev. 1944), from Japan surveys, Scale 1:25,000",20150206,"US,US,reprt,L-246-2015",US4TB3P0,D,0.22,134.5544281,7.3035808
8841,1,2,129,1,550,-2004046809,19802,0226888CAC274D5A,,,,,,,,,,,,,,,29999,,,,20150206,"US,US,reprt,L-246-2015",34.0,US4TB3P0,34.0,858,5,,,1938,1915,,,"Former Japan Chart 481 (Ed. 1940, Rev. 1944), from Japan surveys, Scale 1:25,000",20150206,"US,US,reprt,L-246-2015",US4TB3P0,D,0.22,134.5546112,7.323575
8841,1,2,129,1,550,-2004046809,19802,0226888CAC274D5A,,,,,,,,,,,,,,,29999,,,,20150206,"US,US,reprt,L-246-2015",53.0,US4TB3P0,53.0,859,5,,,1938,1915,,,"Former Japan Chart 481 (Ed. 1940, Rev. 1944), from Japan surveys, Scale 1:25,000",20150206,"US,US,reprt,L-246-2015",US4TB3P0,D,0.22,134.5554504,7.3082361
8841,1,2,129,1,550,-2004046809,19802,0226888CAC274D5A,,,,,,,,,,,,,,,29999,,,,20150206,"US,US,reprt,L-246-2015",11.6,US4TB3P0,11.6,860,5,,,1938,1915,,,"Former Japan Chart 481 (Ed. 1940, Rev. 1944), from Japan surveys, Scale 1:25,000",20150206,"US,US,reprt,L-246-2015",US4TB3P0,D,0.22,134.5557098,7.3056278
8841,1,2,129,1,550,-2004046809,19802,0226888CAC274D5A,,,,,,,,,,,,,,,29999,,,,20150206,"US,US,reprt,L-246-2015",34.0,US4TB3P0,34.0,861,5,,,1938,1915,,,"Former Japan Chart 481 (Ed. 1940, Rev. 1944), from Japan surveys, Scale 1:25,000",20150206,"US,US,reprt,L-246-2015",US4TB3P0,D,0.22,134.5559235,7.3024945
8841,1,2,129,1,550,-2004046809,19802,0226888CAC274D5A,,,,,,,,,,,,,,,29999,,,,20150206,"US,US,reprt,L-246-2015",40.0,US4TB3P0,40.0,862,5,,,1938,1915,,,"Former Japan Chart 481 (Ed. 1940, Rev. 1944), from Japan surveys, Scale 1:25,000",20150206,"US,US,reprt,L-246-2015",US4TB3P0,D,0.22,134.555954,7.3168197
8841,1,2,129,1,550,-2004046809,19802,0226888CAC274D5A,,,,,,,,,,,,,,,29999,,,,20150206,"US,US,reprt,L-246-2015",53.0,US4TB3P0,53.0,863,5,,,1938,1915,,,"Former Japan Chart 481 (Ed. 1940, Rev. 1944), from Japan surveys, Scale 1:25,000",20150206,"US,US,reprt,L-246-2015",US4TB3P0,D,0.22,134.5559845,7.3141556
8841,1,2,129,1,550,-2004046809,19802,0226888CAC274D5A,,,,,,,,,,,,,,,29999,,,,20150206,"US,US,reprt,L-246-2015",34.0,US4TB3P0,34.0,864,5,,,1938,1915,,,"Former Japan Chart 481 (Ed. 1940, Rev. 1944), from Japan surveys, Scale 1:25,000",20150206,"US,US,reprt,L-246-2015",US4TB3P0,D,0.22,134.556366,7.3048167
8841,1,2,129,1,550,-2004046809,19802,0226888CAC274D5A,,,,,,,,,,,,,,,29999,,,,20150206,"US,US,reprt,L-246-2015",41.0,US4TB3P0,41.0,865,5,,,1938,1915,,,"Former Japan Chart 481 (Ed. 1940, Rev. 1944), from Japan surveys, Scale 1:25,000",20150206,"US,US,reprt,L-246-2015",US4TB3P0,D,0.22,134.556427,7.3110194
8841,1,2,129,1,550,-2004046809,19802,0226888CAC274D5A,,,,,,,,,,,,,,,29999,,,,20150206,"US,US,reprt,L-246-2015",30.8,US4TB3P0,30.8,866,3,,,2004,,,,"U.S. Navy LIDAR Survey, Archive No. 04HFM01, Scale 1:5,000-1:10,000",20150206,"US,US,reprt,L-246-2015",US4TB3P0,B,0.72,134.5565643,7.3253388
8841,1,2,129,1,550,-2004046809,19802,0226888CAC274D5A,,,,,,,,,,,,,,,29999,,,,20150206,"US,US,reprt,L-246-2015",32.0,US4TB3P0,32.0,867,3,,,2004,,,,"U.S. Navy LIDAR Survey, Archive No. 04HFM01, Scale 1:5,000-1:10,000",20150206,"US,US,reprt,L-246-2015",US4TB3P0,B,0.72,134.5566101,7.2986889
8841,1,2,129,1,550,-2004046809,19802,0226888CAC274D5A,,,,,,,,,,,,,,,29999,,,,20150206,"US,US,reprt,L-246-2015",28.4,US4TB3P0,28.4,868,5,,,1938,1915,,,"Former Japan Chart 481 (Ed. 1940, Rev. 1944), from Japan surveys, Scale 1:25,000",20150206,"US,US,reprt,L-246-2015",US4TB3P0,D,0.22,134.5569458,7.3242221
8841,1,2,129,1,550,-2004046809,19802,0226888CAC274D5A,,,,,,,,,,,,,,,29999,,,,20150206,"US,US,reprt,L-246-2015",31.0,US4TB3P0,31.0,869,3,,,2004,,,,"U.S. Navy LIDAR Survey, Archive No. 04HFM01, Scale 1:5,000-1:10,000",20150206,"US,US,reprt,L-246-2015",US4TB3P0,B,0.72,134.5575104,7.3013835
8841,1,2,129,1,550,-2004046809,19802,0226888CAC274D5A,,,,,,,,,,,,,,,29999,,,,20150206,"US,US,reprt,L-246-2015",27.8,US4TB3P0,27.8,870,3,,,2004,,,,"U.S. Navy LIDAR Survey, Archive No. 04HFM01, Scale 1:5,000-1:10,000",20150206,"US,US,reprt,L-246-2015",US4TB3P0,B,0.72,134.5577087,7.2998557
8841,1,2,129,1,550,-2004046809,19802,0226888CAC274D5A,,,,,,,,,,,,,,,29999,,,,20150206,"US,US,reprt,L-246-2015",6.4,US4TB3P0,6.4,871,3,,,2004,,,,"U.S. Navy LIDAR Survey, Archive No. 04HFM01, Scale 1:5,000-1:10,000",20150206,"US,US,reprt,L-246-2015",US4TB3P0,B,0.72,134.557724,7.3291221
8841,1,2,129,1,550,-2004046809,19802,0226888CAC274D5A,,,,,,,,,,,,,,,29999,,,,20150206,"US,US,reprt,L-246-2015",34.0,US4TB3P0,34.0,872,3,,,2004,,,,"U.S. Navy LIDAR Survey, Archive No. 04HFM01, Scale 1:5,000-1:10,000",20150206,"US,US,reprt,L-246-2015",US4TB3P0,B,0.72,134.5577393,7.3054724
8841,1,2,129,1,550,-2004046809,19802,0226888CAC274D5A,,,,,,,,,,,,,,,29999,,,,20150206,"US,US,reprt,L-246-2015",25.4,US4TB3P0,25.4,873,5,,,1938,1915,,,"Former Japan Chart 481 (Ed. 1940, Rev. 1944), from Japan surveys, Scale 1:25,000",20150206,"US,US,reprt,L-246-2015",US4TB3P0,D,0.22,134.5577698,7.3094721
8841,1,2,129,1,550,-2004046809,19802,0226888CAC274D5A,,,,,,,,,,,,,,,29999,,,,20150206,"US,US,reprt,L-246-2015",36.0,US4TB3P0,36.0,874,3,,,2004,,,,"U.S. Navy LIDAR Survey, Archive No. 04HFM01, Scale 1:5,000-1:10,000",20150206,"US,US,reprt,L-246-2015",US4TB3P0,B,0.72,134.5584717,7.3089666
8841,1,2,129,1,550,-2004046809,19802,0226888CAC274D5A,,,,,,,,,,,,,,,29999,,,,20150206,"US,US,reprt,L-246-2015",26.5,US4TB3P0,26.5,875,3,,,2004,,,,"U.S. Navy LIDAR Survey, Archive No. 04HFM01, Scale 1:5,000-1:10,000",20150206,"US,US,reprt,L-246-2015",US4TB3P0,B,0.72,134.5585785,7.3025308
8841,1,2,129,1,550,-2004046809,19802,0226888CAC274D5A,,,,,,,,,,,,,,,29999,,,,20150206,"US,US,reprt,L-246-2015",31.0,US4TB3P0,31.0,876,5,,,1938,1915,,,"Former Japan Chart 481 (Ed. 1940, Rev. 1944), from Japan surveys, Scale 1:25,000",20150206,"US,US,reprt,L-246-2015",US4TB3P0,D,0.22,134.5588226,7.3216529
8841,1,2,129,1,550,-2004046809,19802,0226888CAC274D5A,,,,,,,,,,,,,,,29999,,,,20150206,"US,US,reprt,L-246-2015",27.6,US4TB3P0,27.6,877,3,,,2004,,,,"U.S. Navy LIDAR Survey, Archive No. 04HFM01, Scale 1:5,000-1:10,000",20150206,"US,US,reprt,L-246-2015",US4TB3P0,B,0.72,134.5592957,7.3235278
8841,1,2,129,1,550,-2004046809,19802,0226888CAC274D5A,,,,,,,,,,,,,,,29999,,,,20150206,"US,US,reprt,L-246-2015",29.3,US4TB3P0,29.3,878,3,,,2004,,,,"U.S. Navy LIDAR Survey, Archive No. 04HFM01, Scale 1:5,000-1:10,000",20150206,"US,US,reprt,L-246-2015",US4TB3P0,B,0.72,134.5594635,7.326272
8841,1,2,129,1,550,-2004046809,19802,0226888CAC274D5A,,,,,,,,,,,,,,,29999,,,,20150206,"US,US,reprt,L-246-2015",26.3,US4TB3P0,26.3,879,3,,,2004,,,,"U.S. Navy LIDAR Survey, Archive No. 04HFM01, Scale 1:5,000-1:10,000",20150206,"US,US,reprt,L-246-2015",US4TB3P0,B,0.72,134.559494,7.3244805
8841,1,2,129,1,550,-2004046809,19802,0226888CAC274D5A,,,,,,,,,,,,,,,29999,,,,20150206,"US,US,reprt,L-246-2015",37.0,US4TB3P0,37.0,880,5,,,1938,1915,,,"Former Japan Chart 481 (Ed. 1940, Rev. 1944), from Japan surveys, Scale 1:25,000",20150206,"US,US,reprt,L-246-2015",US4TB3P0,D,0.22,134.5595398,7.3146834
8841,1,2,129,1,550,-2004046809,19802,0226888CAC274D5A,,,,,,,,,,,,,,,29999,,,,20150206,"US,US,reprt,L-246-2015",42.0,US4TB3P0,42.0,881,3,,,2004,,,,"U.S. Navy LIDAR Survey, Archive No. 04HFM01, Scale 1:5,000-1:10,000",20150206,"US,US,reprt,L-246-2015",US4TB3P0,B,0.72,134.5597992,7.327672
8841,1,2,129,1,550,-2004046809,19802,0226888CAC274D5A,,,,,,,,,,,,,,,29999,,,,20150206,"US,US,reprt,L-246-2015",40.0,US4TB3P0,40.0,882,5,,,1938,1915,,,"Former Japan Chart 481 (Ed. 1940, Rev. 1944), from Japan surveys, Scale 1:25,000",20150206,"US,US,reprt,L-246-2015",US4TB3P0,D,0.22,134.5598145,7.3175335
8841,1,2,129,1,550,-2004046809,19802,0226888CAC274D5A,,,,,,,,,,,,,,,29999,,,,20150206,"US,US,reprt,L-246-2015",6.9,US4TB3P0,6.9,883,3,,,2004,,,,"U.S. Navy LIDAR Survey, Archive No. 04HFM01, Scale 1:5,000-1:10,000",20150206,"US,US,reprt,L-246-2015",US4TB3P0,B,0.72,134.5600128,7.331625
8841,1,2,129,1,550,-2004046809,19802,0226888CAC274D5A,,,,,,,,,,,,,,,29999,,,,20150206,"US,US,reprt,L-246-2015",310.0,US4TB3P0,310.0,884,5,,,1938,1915,,,"Former Japan Chart 481 (Ed. 1940, Rev. 1944), from Japan surveys, Scale 1:25,000",20150206,"US,US,reprt,L-246-2015",US4TB3P0,D,0.22,134.5600739,7.2712946
8841,1,2,129,1,550,-2004046809,19802,0226888CAC274D5A,,,,,,,,,,,,,,,29999,,,,20150206,"US,US,reprt,L-246-2015",26.5,US4TB3P0,26.5,885,3,,,2004,,,,"U.S. Navy LIDAR Survey, Archive No. 04HFM01, Scale 1:5,000-1:10,000",20150206,"US,US,reprt,L-246-2015",US4TB3P0,B,0.72,134.5601654,7.3051834
8841,1,2,129,1,550,-2004046809,19802,0226888CAC274D5A,,,,,,,,,,,,,,,29999,,,,20150206,"US,US,reprt,L-246-2015",29.7,US4TB3P0,29.7,886,3,,,2004,,,,"U.S. Navy LIDAR Survey, Archive No. 04HFM01, Scale 1:5,000-1:10,000",20150206,"US,US,reprt,L-246-2015",US4TB3P0,B,0.72,134.5602417,7.3269529
8841,1,2,129,1,550,-2004046809,19802,0226888CAC274D5A,,,,,,,,,,,,,,,29999,,,,20150206,"US,US,reprt,L-246-2015",29.6,US4TB3P0,29.6,887,3,,,2004,,,,"U.S. Navy LIDAR Survey, Archive No. 04HFM01, Scale 1:5,000-1:10,000",20150206,"US,US,reprt,L-246-2015",US4TB3P0,B,0.72,134.5603943,7.312336
8841,1,2,129,1,550,-2004046809,19802,0226888CAC274D5A,,,,,,,,,,,,,,,29999,,,,20150206,"US,US,reprt,L-246-2015",28.3,US4TB3P0,28.3,888,5,,,1938,1915,,,"Former Japan Chart 481 (Ed. 1940, Rev. 1944), from Japan surveys, Scale 1:25,000",20150206,"US,US,reprt,L-246-2015",US4TB3P0,D,0.22,134.5607605,7.3196778
8841,1,2,129,1,550,-2004046809,19802,0226888CAC274D5A,,,,,,,,,,,,,,,29999,,,,20150206,"US,US,reprt,L-246-2015",23.0,US4TB3P0,23.0,889,3,,,2004,,,,"U.S. Navy LIDAR Survey, Archive No. 04HFM01, Scale 1:5,000-1:10,000",20150206,"US,US,reprt,L-246-2015",US4TB3P0,B,0.72,134.5610199,7.3095584
8841,1,2,129,1,550,-2004046809,19802,0226888CAC274D5A,,,,,,,,,,,,,,,29999,,,,20150206,"US,US,reprt,L-246-2015",40.0,US4TB3P0,40.0,890,3,,,2004,,,,"U.S. Navy LIDAR Survey, Archive No. 04HFM01, Scale 1:5,000-1:10,000",20150206,"US,US,reprt,L-246-2015",US4TB3P0,B,0.72,134.5612335,7.3127918
8841,1,2,129,1,550,-2004046809,19802,0226888CAC274D5A,,,,,,,,,,,,,,,29999,,,,20150206,"US,US,reprt,L-246-2015",3.0,US4TB3P0,3.0,891,3,,,2004,,,,"U.S. Navy LIDAR Survey, Archive No. 04HFM01, Scale 1:5,000-1:10,000",20150206,"US,US,reprt,L-246-2015",US4TB3P0,B,0.72,134.5614014,7.3107305
8841,1,2,129,1,550,-2004046809,19802,0226888CAC274D5A,,,,,,,,,,,,,,,29999,,,,20150206,"US,US,reprt,L-246-2015",6.2,US4TB3P0,6.2,892,3,,,2004,,,,"U.S. Navy LIDAR Survey, Archive No. 04HFM01, Scale 1:5,000-1:10,000",20150206,"US,US,reprt,L-246-2015",US4TB3P0,B,0.72,134.5618744,7.3334637
8841,1,2,129,1,550,-2004046809,19802,0226888CAC274D5A,,,,,,,,,,,,,,,29999,,,,20150206,"US,US,reprt,L-246-2015",26.9,US4TB3P0,26.9,893,3,,,2004,,,,"U.S. Navy LIDAR Survey, Archive No. 04HFM01, Scale 1:5,000-1:10,000",20150206,"US,US,reprt,L-246-2015",US4TB3P0,B,0.72,134.5619049,7.3284526
8841,1,2,129,1,550,-2004046809,19802,0226888CAC274D5A,,,,,,,,,,,,,,,29999,,,,20150206,"US,US,reprt,L-246-2015",29.1,US4TB3P0,29.1,894,3,,,2004,,,,"U.S. Navy LIDAR Survey, Archive No. 04HFM01, Scale 1:5,000-1:10,000",20150206,"US,US,reprt,L-246-2015",US4TB3P0,B,0.72,134.5619202,7.3260889
8841,1,2,129,1,550,-2004046809,19802,0226888CAC274D5A,,,,,,,,,,,,,,,29999,,,,20150206,"US,US,reprt,L-246-2015",32.0,US4TB3P0,32.0,895,5,,,1938,1915,,,"Former Japan Chart 481 (Ed. 1940, Rev. 1944), from Japan surveys, Scale 1:25,000",20150206,"US,US,reprt,L-246-2015",US4TB3P0,D,0.22,134.5620422,7.3210387
8841,1,2,129,1,550,-2004046809,19802,0226888CAC274D5A,,,,,,,,,,,,,,,29999,,,,20150206,"US,US,reprt,L-246-2015",420.0,US4TB3P0,420.0,896,5,,,1938,1915,,,"Former Japan Chart 481 (Ed. 1940, Rev. 1944), from Japan surveys, Scale 1:25,000",20150206,"US,US,reprt,L-246-2015",US4TB3P0,D,0.22,134.5621796,7.2771473
8841,1,2,129,1,550,-2004046809,19802,0226888CAC274D5A,,,,,,,,,,,,,,,29999,,,,20150206,"US,US,reprt,L-246-2015",15.5,US4TB3P0,15.5,897,3,,,2004,,,,"U.S. Navy LIDAR Survey, Archive No. 04HFM01, Scale 1:5,000-1:10,000",20150206,"US,US,reprt,L-246-2015",US4TB3P0,B,0.72,134.5622101,7.3101029
8841,1,2,129,1,550,-2004046809,19802,0226888CAC274D5A,,,,,,,,,,,,,,,29999,,,,20150206,"US,US,reprt,L-246-2015",3.2,US4TB3P0,3.2,898,5,,,1938,1915,,,"Former Japan Chart 481 (Ed. 1940, Rev. 1944), from Japan surveys, Scale 1:25,000",20150206,"US,US,reprt,L-246-2015",US4TB3P0,D,0.22,134.5622864,7.2982721
8841,1,2,129,1,550,-2004046809,19802,0226888CAC274D5A,,,,,,,,,,,,,,,29999,,,,20150206,"US,US,reprt,L-246-2015",23.0,US4TB3P0,23.0,899,3,,,2004,,,,"U.S. Navy LIDAR Survey, Archive No. 04HFM01, Scale 1:5,000-1:10,000",20150206,"US,US,reprt,L-246-2015",US4TB3P0,B,0.72,134.5623627,7.3307805
8841,1,2,129,1,550,-2004046809,19802,0226888CAC274D5A,,,,,,,,,,,,,,,29999,,,,20150206,"US,US,reprt,L-246-2015",24.2,US4TB3P0,24.2,900,5,,,1938,1915,,,"Former Japan Chart 481 (Ed. 1940, Rev. 1944), from Japan surveys, Scale 1:25,000",20150206,"US,US,reprt,L-246-2015",US4TB3P0,D,0.22,134.5625763,7.3228526
8841,1,2,129,1,550,-2004046809,19802,0226888CAC274D5A,,,,,,,,,,,,,,,29999,,,,20150206,"US,US,reprt,L-246-2015",28.3,US4TB3P0,28.3,901,3,,,2004,,,,"U.S. Navy LIDAR Survey, Archive No. 04HFM01, Scale 1:5,000-1:10,000",20150206,"US,US,reprt,L-246-2015",US4TB3P0,B,0.72,134.5626068,7.3242831
8841,1,2,129,1,550,-2004046809,19802,0226888CAC274D5A,,,,,,,,,,,,,,,29999,,,,20150206,"US,US,reprt,L-246-2015",6.5,US4TB3P0,6.5,902,3,,,2004,,,,"U.S. Navy LIDAR Survey, Archive No. 04HFM01, Scale 1:5,000-1:10,000",20150206,"US,US,reprt,L-246-2015",US4TB3P0,B,0.72,134.5629578,7.3342333
8841,1,2,129,1,550,-2004046809,19802,0226888CAC274D5A,,,,,,,,,,,,,,,29999,,,,20150206,"US,US,reprt,L-246-2015",13.2,US4TB3P0,13.2,903,5,,,1938,1915,,,"Former Japan Chart 481 (Ed. 1940, Rev. 1944), from Japan surveys, Scale 1:25,000",20150206,"US,US,reprt,L-246-2015",US4TB3P0,D,0.22,134.5631104,7.2970085
8841,1,2,129,1,550,-2004046809,19802,0226888CAC274D5A,,,,,,,,,,,,,,,29999,,,,20150206,"US,US,reprt,L-246-2015",5.6,US4TB3P0,5.6,904,3,,,2004,,,,"U.S. Navy LIDAR Survey, Archive No. 04HFM01, Scale 1:5,000-1:10,000",20150206,"US,US,reprt,L-246-2015",US4TB3P0,B,0.72,134.5631256,7.3356471
8841,1,2,129,1,550,-2004046809,19802,0226888CAC274D5A,,,,,,,,,,,,,,,29999,,,,20150206,"US,US,reprt,L-246-2015",49.0,US4TB3P0,49.0,905,3,,,2004,,,,"U.S. Navy LIDAR Survey, Archive No. 04HFM01, Scale 1:5,000-1:10,000",20150206,"US,US,reprt,L-246-2015",US4TB3P0,B,0.72,134.5632324,7.3148999
8841,1,2,129,1,550,-2004046809,19802,0226888CAC274D5A,,,,,,,,,,,,,,,29999,,,,20150206,"US,US,reprt,L-246-2015",29.5,US4TB3P0,29.5,906,3,,,2004,,,,"U.S. Navy LIDAR Survey, Archive No. 04HFM01, Scale 1:5,000-1:10,000",20150206,"US,US,reprt,L-246-2015",US4TB3P0,B,0.72,134.5632782,7.3109446
8841,1,2,129,1,550,-2004046809,19802,0226888CAC274D5A,,,,,,,,,,,,,,,29999,,,,20150206,"US,US,reprt,L-246-2015",23.8,US4TB3P0,23.8,907,3,,,2004,,,,"U.S. Navy LIDAR Survey, Archive No. 04HFM01, Scale 1:5,000-1:10,000",20150206,"US,US,reprt,L-246-2015",US4TB3P0,B,0.72,134.5633545,7.3126998
8841,1,2,129,1,550,-2004046809,19802,0226888CAC274D5A,,,,,,,,,,,,,,,29999,,,,20150206,"US,US,reprt,L-246-2015",25.3,US4TB3P0,25.3,908,3,,,2004,,,,"U.S. Navy LIDAR Survey, Archive No. 04HFM01, Scale 1:5,000-1:10,000",20150206,"US,US,reprt,L-246-2015",US4TB3P0,B,0.72,134.5634155,7.3304558
8841,1,2,129,1,550,-2004046809,19802,0226888CAC274D5A,,,,,,,,,,,,,,,29999,,,,20150206,"US,US,reprt,L-246-2015",13.0,US4TB3P0,13.0,909,3,,,2004,,,,"U.S. Navy LIDAR Survey, Archive No. 04HFM01, Scale 1:5,000-1:10,000",20150206,"US,US,reprt,L-246-2015",US4TB3P0,B,0.72,134.5638275,7.3344002
8841,1,2,129,1,550,-2004046809,19802,0226888CAC274D5A,,,,,,,,,,,,,,,29999,,,,20150206,"US,US,reprt,L-246-2015",6.4,US4TB3P0,6.4,910,3,,,2004,,,,"U.S. Navy LIDAR Survey, Archive No. 04HFM01, Scale 1:5,000-1:10,000",20150206,"US,US,reprt,L-246-2015",US4TB3P0,B,0.72,134.5639801,7.3373723
8841,1,2,129,1,550,-2004046809,19802,0226888CAC274D5A,,,,,,,,,,,,,,,29999,,,,20150206,"US,US,reprt,L-246-2015",44.0,US4TB3P0,44.0,911,5,,,1938,1915,,,"Former Japan Chart 481 (Ed. 1940, Rev. 1944), from Japan surveys, Scale 1:25,000",20150206,"US,US,reprt,L-246-2015",US4TB3P0,D,0.22,134.5640106,7.3188582
8841,1,2,129,1,550,-2004046809,19802,0226888CAC274D5A,,,,,,,,,,,,,,,29999,,,,20150206,"US,US,reprt,L-246-2015",26.6,US4TB3P0,26.6,912,3,,,2004,,,,"U.S. Navy LIDAR Survey, Archive No. 04HFM01, Scale 1:5,000-1:10,000",20150206,"US,US,reprt,L-246-2015",US4TB3P0,B,0.72,134.5640259,7.3263722
8841,1,2,129,1,550,-2004046809,19802,0226888CAC274D5A,,,,,,,,,,,,,,,29999,,,,20150206,"US,US,reprt,L-246-2015",27.0,US4TB3P0,27.0,913,3,,,2004,,,,"U.S. Navy LIDAR Survey, Archive No. 04HFM01, Scale 1:5,000-1:10,000",20150206,"US,US,reprt,L-246-2015",US4TB3P0,B,0.72,134.5644226,7.3288751
8841,1,2,129,1,550,-2004046809,19802,0226888CAC274D5A,,,,,,,,,,,,,,,29999,,,,20150206,"US,US,reprt,L-246-2015",6.5,US4TB3P0,6.5,914,3,,,2004,,,,"U.S. Navy LIDAR Survey, Archive No. 04HFM01, Scale 1:5,000-1:10,000",20150206,"US,US,reprt,L-246-2015",US4TB3P0,B,0.72,134.5646362,7.3392639
8841,1,2,129,1,550,-2004046809,19802,0226888CAC274D5A,,,,,,,,,,,,,,,29999,,,,20150206,"US,US,reprt,L-246-2015",25.5,US4TB3P0,25.5,915,3,,,2004,,,,"U.S. Navy LIDAR Survey, Archive No. 04HFM01, Scale 1:5,000-1:10,000",20150206,"US,US,reprt,L-246-2015",US4TB3P0,B,0.72,134.5647583,7.3119001
8841,1,2,129,1,550,-2004046809,19802,0226888CAC274D5A,,,,,,,,,,,,,,,29999,,,,20150206,"US,US,reprt,L-246-2015",29.9,US4TB3P0,29.9,916,3,,,2004,,,,"U.S. Navy LIDAR Survey, Archive No. 04HFM01, Scale 1:5,000-1:10,000",20150206,"US,US,reprt,L-246-2015",US4TB3P0,B,0.72,134.5648956,7.3137083
8841,1,2,129,1,550,-2004046809,19802,0226888CAC274D5A,,,,,,,,,,,,,,,29999,,,,20150206,"US,US,reprt,L-246-2015",24.4,US4TB3P0,24.4,917,3,,,2004,,,,"U.S. Navy LIDAR Survey, Archive No. 04HFM01, Scale 1:5,000-1:10,000",20150206,"US,US,reprt,L-246-2015",US4TB3P0,B,0.72,134.5649414,7.3311415
8841,1,2,129,1,550,-2004046809,19802,0226888CAC274D5A,,,,,,,,,,,,,,,29999,,,,20150206,"US,US,reprt,L-246-2015",26.3,US4TB3P0,26.3,918,3,,,2004,,,,"U.S. Navy LIDAR Survey, Archive No. 04HFM01, Scale 1:5,000-1:10,000",20150206,"US,US,reprt,L-246-2015",US4TB3P0,B,0.72,134.5650635,7.327672
8841,1,2,129,1,550,-2004046809,19802,0226888CAC274D5A,,,,,,,,,,,,,,,29999,,,,20150206,"US,US,reprt,L-246-2015",14.2,US4TB3P0,14.2,919,3,,,2004,,,,"U.S. Navy LIDAR Survey, Archive No. 04HFM01, Scale 1:5,000-1:10,000",20150206,"US,US,reprt,L-246-2015",US4TB3P0,B,0.72,134.5650635,7.3384304
8841,1,2,129,1,550,-2004046809,19802,0226888CAC274D5A,,,,,,,,,,,,,,,29999,,,,20150206,"US,US,reprt,L-246-2015",22.6,US4TB3P0,22.6,920,3,,,2004,,,,"U.S. Navy LIDAR Survey, Archive No. 04HFM01, Scale 1:5,000-1:10,000",20150206,"US,US,reprt,L-246-2015",US4TB3P0,B,0.72,134.5656586,7.332561
8841,1,2,129,1,550,-2004046809,19802,0226888CAC274D5A,,,,,,,,,,,,,,,29999,,,,20150206,"US,US,reprt,L-246-2015",33.0,US4TB3P0,33.0,921,5,,,1938,1915,,,"Former Japan Chart 481 (Ed. 1940, Rev. 1944), from Japan surveys, Scale 1:25,000",20150206,"US,US,reprt,L-246-2015",US4TB3P0,D,0.22,134.566391,7.324553
8841,1,2,129,1,550,-2004046809,19802,0226888CAC274D5A,,,,,,,,,,,,,,,29999,,,,20150206,"US,US,reprt,L-246-2015",40.0,US4TB3P0,40.0,922,3,,,2004,,,,"U.S. Navy LIDAR Survey, Archive No. 04HFM01, Scale 1:5,000-1:10,000",20150206,"US,US,reprt,L-246-2015",US4TB3P0,B,0.72,134.5666199,7.3368611
8841,1,2,129,1,550,-2004046809,19802,0226888CAC274D5A,,,,,,,,,,,,,,,29999,,,,20150206,"US,US,reprt,L-246-2015",25.7,US4TB3P0,25.7,923,3,,,2004,,,,"U.S. Navy LIDAR Survey, Archive No. 04HFM01, Scale 1:5,000-1:10,000",20150206,"US,US,reprt,L-246-2015",US4TB3P0,B,0.72,134.5666809,7.3145056
8841,1,2,129,1,550,-2004046809,19802,0226888CAC274D5A,,,,,,,,,,,,,,,29999,,,,20150206,"US,US,reprt,L-246-2015",23.3,US4TB3P0,23.3,924,3,,,2004,,,,"U.S. Navy LIDAR Survey, Archive No. 04HFM01, Scale 1:5,000-1:10,000",20150206,"US,US,reprt,L-246-2015",US4TB3P0,B,0.72,134.5667572,7.3313694
8841,1,2,129,1,550,-2004046809,19802,0226888CAC274D5A,,,,,,,,,,,,,,,29999,,,,20150206,"US,US,reprt,L-246-2015",3.7,US4TB3P0,3.7,925,3,,,2004,,,,"U.S. Navy LIDAR Survey, Archive No. 04HFM01, Scale 1:5,000-1:10,000",20150206,"US,US,reprt,L-246-2015",US4TB3P0,B,0.72,134.566803,7.3060751
8841,1,2,129,1,550,-2004046809,19802,0226888CAC274D5A,,,,,,,,,,,,,,,29999,,,,20150206,"US,US,reprt,L-246-2015",314.0,US4TB3P0,314.0,926,5,,,1938,1915,,,"Former Japan Chart 481 (Ed. 1940, Rev. 1944), from Japan surveys, Scale 1:25,000",20150206,"US,US,reprt,L-246-2015",US4TB3P0,D,0.22,134.5669403,7.2832723
8841,1,2,129,1,550,-2004046809,19802,0226888CAC274D5A,,,,,,,,,,,,,,,29999,,,,20150206,"US,US,reprt,L-246-2015",28.7,US4TB3P0,28.7,927,5,,,1938,1915,,,"Former Japan Chart 481 (Ed. 1940, Rev. 1944), from Japan surveys, Scale 1:25,000",20150206,"US,US,reprt,L-246-2015",US4TB3P0,D,0.22,134.5669861,7.3263888
8841,1,2,129,1,550,-2004046809,19802,0226888CAC274D5A,,,,,,,,,,,,,,,29999,,,,20150206,"US,US,reprt,L-246-2015",36.0,US4TB3P0,36.0,928,5,,,1938,1915,,,"Former Japan Chart 481 (Ed. 1940, Rev. 1944), from Japan surveys, Scale 1:25,000",20150206,"US,US,reprt,L-246-2015",US4TB3P0,D,0.22,134.567337,7.3184667
8841,1,2,129,1,550,-2004046809,19802,0226888CAC274D5A,,,,,,,,,,,,,,,29999,,,,20150206,"US,US,reprt,L-246-2015",29.7,US4TB3P0,29.7,929,3,,,2004,,,,"U.S. Navy LIDAR Survey, Archive No. 04HFM01, Scale 1:5,000-1:10,000",20150206,"US,US,reprt,L-246-2015",US4TB3P0,B,0.72,134.5674286,7.3337998
8841,1,2,129,1,550,-2004046809,19802,0226888CAC274D5A,,,,,,,,,,,,,,,29999,,,,20150206,"US,US,reprt,L-246-2015",36.0,US4TB3P0,36.0,930,5,,,1938,1915,,,"Former Japan Chart 481 (Ed. 1940, Rev. 1944), from Japan surveys, Scale 1:25,000",20150206,"US,US,reprt,L-246-2015",US4TB3P0,D,0.22,134.567627,7.3216167
8841,1,2,129,1,550,-2004046809,19802,0226888CAC274D5A,,,,,,,,,,,,,,,29999,,,,20150206,"US,US,reprt,L-246-2015",41.0,US4TB3P0,41.0,931,3,,,2004,,,,"U.S. Navy LIDAR Survey, Archive No. 04HFM01, Scale 1:5,000-1:10,000",20150206,"US,US,reprt,L-246-2015",US4TB3P0,B,0.72,134.5678864,7.3391724
8841,1,2,129,1,550,-2004046809,19802,0226888CAC274D5A,,,,,,,,,,,,,,,29999,,,,20150206,"US,US,reprt,L-246-2015",13.2,US4TB3P0,13.2,932,5,,,1938,1915,,,"Former Japan Chart 481 (Ed. 1940, Rev. 1944), from Japan surveys, Scale 1:25,000",20150206,"US,US,reprt,L-246-2015",US4TB3P0,D,0.22,134.5680542,7.3059692
8841,1,2,129,1,550,-2004046809,19802,0226888CAC274D5A,,,,,,,,,,,,,,,29999,,,,20150206,"US,US,reprt,L-246-2015",27.2,US4TB3P0,27.2,933,3,,,2004,,,,"U.S. Navy LIDAR Survey, Archive No. 04HFM01, Scale 1:5,000-1:10,000",20150206,"US,US,reprt,L-246-2015",US4TB3P0,B,0.72,134.568161,7.3309946
8841,1,2,129,1,550,-2004046809,19802,0226888CAC274D5A,,,,,,,,,,,,,,,29999,,,,20150206,"US,US,reprt,L-246-2015",35.0,US4TB3P0,35.0,934,5,,,1938,1915,,,"Former Japan Chart 481 (Ed. 1940, Rev. 1944), from Japan surveys, Scale 1:25,000",20150206,"US,US,reprt,L-246-2015",US4TB3P0,D,0.22,134.5682983,7.3257918
8841,1,2,129,1,550,-2004046809,19802,0226888CAC274D5A,,,,,,,,,,,,,,,29999,,,,20150206,"US,US,reprt,L-246-2015",29.3,US4TB3P0,29.3,935,5,,,1938,1915,,,"Former Japan Chart 481 (Ed. 1940, Rev. 1944), from Japan surveys, Scale 1:25,000",20150206,"US,US,reprt,L-246-2015",US4TB3P0,D,0.22,134.5683289,7.3186002
8841,1,2,129,1,550,-2004046809,19802,0226888CAC274D5A,,,,,,,,,,,,,,,29999,,,,20150206,"US,US,reprt,L-246-2015",8.0,US4TB3P0,8.0,936,5,,,1938,1915,,,"Former Japan Chart 481 (Ed. 1940, Rev. 1944), from Japan surveys, Scale 1:25,000",20150206,"US,US,reprt,L-246-2015",US4TB3P0,D,0.22,134.5685272,7.3069639
8841,1,2,129,1,550,-2004046809,19802,0226888CAC274D5A,,,,,,,,,,,,,,,29999,,,,20150206,"US,US,reprt,L-246-2015",28.4,US4TB3P0,28.4,937,3,,,2004,,,,"U.S. Navy LIDAR Survey, Archive No. 04HFM01, Scale 1:5,000-1:10,000",20150206,"US,US,reprt,L-246-2015",US4TB3P0,B,0.72,134.568634,7.317111
8841,1,2,129,1,550,-2004046809,19802,0226888CAC274D5A,,,,,,,,,,,,,,,29999,,,,20150206,"US,US,reprt,L-246-2015",382.0,US4TB3P0,382.0,938,5,,,1938,1915,,,"Former Japan Chart 481 (Ed. 1940, Rev. 1944), from Japan surveys, Scale 1:25,000",20150206,"US,US,reprt,L-246-2015",US4TB3P0,D,0.22,134.5688019,7.2975168
8841,1,2,129,1,550,-2004046809,19802,0226888CAC274D5A,,,,,,,,,,,,,,,29999,,,,20150206,"US,US,reprt,L-246-2015",2.7,US4TB3P0,2.7,939,3,,,2004,,,,"U.S. Navy LIDAR Survey, Archive No. 04HFM01, Scale 1:5,000-1:10,000",20150206,"US,US,reprt,L-246-2015",US4TB3P0,B,0.72,134.5688477,7.3091998
8841,1,2,129,1,550,-2004046809,19802,0226888CAC274D5A,,,,,,,,,,,,,,,29999,,,,20150206,"US,US,reprt,L-246-2015",24.8,US4TB3P0,24.8,940,3,,,2004,,,,"U.S. Navy LIDAR Survey, Archive No. 04HFM01, Scale 1:5,000-1:10,000",20150206,"US,US,reprt,L-246-2015",US4TB3P0,B,0.72,134.5688477,7.3368974
8841,1,2,129,1,550,-2004046809,19802,0226888CAC274D5A,,,,,,,,,,,,,,,29999,,,,20150206,"US,US,reprt,L-246-2015",384.0,US4TB3P0,384.0,941,5,,,1938,1915,,,"Former Japan Chart 481 (Ed. 1940, Rev. 1944), from Japan surveys, Scale 1:25,000",20150206,"US,US,reprt,L-246-2015",US4TB3P0,D,0.22,134.5691376,7.2898808
8841,1,2,129,1,550,-2004046809,19802,0226888CAC274D5A,,,,,,,,,,,,,,,29999,,,,20150206,"US,US,reprt,L-246-2015",20.1,US4TB3P0,20.1,942,3,,,2004,,,,"U.S. Navy LIDAR Survey, Archive No. 04HFM01, Scale 1:5,000-1:10,000",20150206,"US,US,reprt,L-246-2015",US4TB3P0,B,0.72,134.5695953,7.3321443
8841,1,2,129,1,550,-2004046809,19802,0226888CAC274D5A,,,,,,,,,,,,,,,29999,,,,20150206,"US,US,reprt,L-246-2015",8.8,US4TB3P0,8.8,943,3,,,2004,,,,"U.S. Navy LIDAR Survey, Archive No. 04HFM01, Scale 1:5,000-1:10,000",20150206,"US,US,reprt,L-246-2015",US4TB3P0,B,0.72,134.5698395,7.3093529
8841,1,2,129,1,550,-2004046809,19802,0226888CAC274D5A,,,,,,,,,,,,,,,29999,,,,20150206,"US,US,reprt,L-246-2015",24.5,US4TB3P0,24.5,944,3,,,2004,,,,"U.S. Navy LIDAR Survey, Archive No. 04HFM01, Scale 1:5,000-1:10,000",20150206,"US,US,reprt,L-246-2015",US4TB3P0,B,0.72,134.569931,7.3174276
8841,1,2,129,1,550,-2004046809,19802,0226888CAC274D5A,,,,,,,,,,,,,,,29999,,,,20150206,"US,US,reprt,L-246-2015",2.7,US4TB3P0,2.7,945,3,,,2004,,,,"U.S. Navy LIDAR Survey, Archive No. 04HFM01, Scale 1:5,000-1:10,000",20150206,"US,US,reprt,L-246-2015",US4TB3P0,B,0.72,134.5699463,7.3435388
8841,1,2,129,1,550,-2004046809,19802,0226888CAC274D5A,,,,,,,,,,,,,,,29999,,,,20150206,"US,US,reprt,L-246-2015",38.0,US4TB3P0,38.0,946,3,,,2004,,,,"U.S. Navy LIDAR Survey, Archive No. 04HFM01, Scale 1:5,000-1:10,000",20150206,"US,US,reprt,L-246-2015",US4TB3P0,B,0.72,134.5701599,7.3403611
8841,1,2,129,1,550,-2004046809,19802,0226888CAC274D5A,,,,,,,,,,,,,,,29999,,,,20150206,"US,US,reprt,L-246-2015",15.7,US4TB3P0,15.7,947,5,,,1938,1915,,,"Former Japan Chart 481 (Ed. 1940, Rev. 1944), from Japan surveys, Scale 1:25,000",20150206,"US,US,reprt,L-246-2015",US4TB3P0,D,0.22,134.5702972,7.3558917
8841,1,2,129,1,550,-2004046809,19802,0226888CAC274D5A,,,,,,,,,,,,,,,29999,,,,20150206,"US,US,reprt,L-246-2015",2.4,US4TB3P0,2.4,948,5,,,1938,1915,,,"Former Japan Chart 481 (Ed. 1940, Rev. 1944), from Japan surveys, Scale 1:25,000",20150206,"US,US,reprt,L-246-2015",US4TB3P0,D,0.22,134.5703735,7.3631835
8841,1,2,129,1,550,-2004046809,19802,0226888CAC274D5A,,,,,,,,,,,,,,,29999,,,,20150206,"US,US,reprt,L-246-2015",13.7,US4TB3P0,13.7,949,5,,,1938,1915,,,"Former Japan Chart 481 (Ed. 1940, Rev. 1944), from Japan surveys, Scale 1:25,000",20150206,"US,US,reprt,L-246-2015",US4TB3P0,D,0.22,134.5704041,7.3594499
8841,1,2,129,1,550,-2004046809,19802,0226888CAC274D5A,,,,,,,,,,,,,,,29999,,,,20150206,"US,US,reprt,L-246-2015",29.4,US4TB3P0,29.4,950,3,,,2004,,,,"U.S. Navy LIDAR Survey, Archive No. 04HFM01, Scale 1:5,000-1:10,000",20150206,"US,US,reprt,L-246-2015",US4TB3P0,B,0.72,134.5706635,7.3333554
8841,1,2,129,1,550,-2004046809,19802,0226888CAC274D5A,,,,,,,,,,,,,,,29999,,,,20150206,"US,US,reprt,L-246-2015",15.4,US4TB3P0,15.4,951,5,,,1938,1915,,,"Former Japan Chart 481 (Ed. 1940, Rev. 1944), from Japan surveys, Scale 1:25,000",20150206,"US,US,reprt,L-246-2015",US4TB3P0,D,0.22,134.570816,7.308486
8841,1,2,129,1,550,-2004046809,19802,0226888CAC274D5A,,,,,,,,,,,,,,,29999,,,,20150206,"US,US,reprt,L-246-2015",17.7,US4TB3P0,17.7,952,5,,,1938,1915,,,"Former Japan Chart 481 (Ed. 1940, Rev. 1944), from Japan surveys, Scale 1:25,000",20150206,"US,US,reprt,L-246-2015",US4TB3P0,D,0.22,134.5708313,7.354661
8841,1,2,129,1,550,-2004046809,19802,0226888CAC274D5A,,,,,,,,,,,,,,,29999,,,,20150206,"US,US,reprt,L-246-2015",25.5,US4TB3P0,25.5,953,3,,,2004,,,,"U.S. Navy LIDAR Survey, Archive No. 04HFM01, Scale 1:5,000-1:10,000",20150206,"US,US,reprt,L-246-2015",US4TB3P0,B,0.72,134.5708771,7.335597
8841,1,2,129,1,550,-2004046809,19802,0226888CAC274D5A,,,,,,,,,,,,,,,29999,,,,20150206,"US,US,reprt,L-246-2015",2.9,US4TB3P0,2.9,954,3,,,2004,,,,"U.S. Navy LIDAR Survey, Archive No. 04HFM01, Scale 1:5,000-1:10,000",20150206,"US,US,reprt,L-246-2015",US4TB3P0,B,0.72,134.5709992,7.3118529
8841,1,2,129,1,550,-2004046809,19802,0226888CAC274D5A,,,,,,,,,,,,,,,29999,,,,20150206,"US,US,reprt,L-246-2015",325.0,US4TB3P0,325.0,955,5,,,1938,1915,,,"Former Japan Chart 481 (Ed. 1940, Rev. 1944), from Japan surveys, Scale 1:25,000",20150206,"US,US,reprt,L-246-2015",US4TB3P0,D,0.22,134.5710144,7.3039637
8841,1,2,129,1,550,-2004046809,19802,0226888CAC274D5A,,,,,,,,,,,,,,,29999,,,,20150206,"US,US,reprt,L-246-2015",29.3,US4TB3P0,29.3,956,3,,,2004,,,,"U.S. Navy LIDAR Survey, Archive No. 04HFM01, Scale 1:5,000-1:10,000",20150206,"US,US,reprt,L-246-2015",US4TB3P0,B,0.72,134.5710449,7.3202972
8841,1,2,129,1,550,-2004046809,19802,0226888CAC274D5A,,,,,,,,,,,,,,,29999,,,,20150206,"US,US,reprt,L-246-2015",35.0,US4TB3P0,35.0,957,3,,,2004,,,,"U.S. Navy LIDAR Survey, Archive No. 04HFM01, Scale 1:5,000-1:10,000",20150206,"US,US,reprt,L-246-2015",US4TB3P0,B,0.72,134.5715332,7.3234806
8841,1,2,129,1,550,-2004046809,19802,0226888CAC274D5A,,,,,,,,,,,,,,,29999,,,,20150206,"US,US,reprt,L-246-2015",14.4,US4TB3P0,14.4,958,3,,,2004,,,,"U.S. Navy LIDAR Survey, Archive No. 04HFM01, Scale 1:5,000-1:10,000",20150206,"US,US,reprt,L-246-2015",US4TB3P0,B,0.72,134.5715485,7.3445611
8841,1,2,129,1,550,-2004046809,19802,0226888CAC274D5A,,,,,,,,,,,,,,,29999,,,,20150206,"US,US,reprt,L-246-2015",27.7,US4TB3P0,27.7,959,3,,,2004,,,,"U.S. Navy LIDAR Survey, Archive No. 04HFM01, Scale 1:5,000-1:10,000",20150206,"US,US,reprt,L-246-2015",US4TB3P0,B,0.72,134.5716248,7.319428
8841,1,2,129,1,550,-2004046809,19802,0226888CAC274D5A,,,,,,,,,,,,,,,29999,,,,20150206,"US,US,reprt,L-246-2015",32.0,US4TB3P0,32.0,960,3,,,2004,,,,"U.S. Navy LIDAR Survey, Archive No. 04HFM01, Scale 1:5,000-1:10,000",20150206,"US,US,reprt,L-246-2015",US4TB3P0,B,0.72,134.5716858,7.3325863
8841,1,2,129,1,550,-2004046809,19802,0226888CAC274D5A,,,,,,,,,,,,,,,29999,,,,20150206,"US,US,reprt,L-246-2015",36.0,US4TB3P0,36.0,961,3,,,2004,,,,"U.S. Navy LIDAR Survey, Archive No. 04HFM01, Scale 1:5,000-1:10,000",20150206,"US,US,reprt,L-246-2015",US4TB3P0,B,0.72,134.5717468,7.3269415
8841,1,2,129,1,550,-2004046809,19802,0226888CAC274D5A,,,,,,,,,,,,,,,29999,,,,20150206,"US,US,reprt,L-246-2015",15.7,US4TB3P0,15.7,962,5,,,1938,1915,,,"Former Japan Chart 481 (Ed. 1940, Rev. 1944), from Japan surveys, Scale 1:25,000",20150206,"US,US,reprt,L-246-2015",US4TB3P0,D,0.22,134.5717926,7.3573499
8841,1,2,129,1,550,-2004046809,19802,0226888CAC274D5A,,,,,,,,,,,,,,,29999,,,,20150206,"US,US,reprt,L-246-2015",31.0,US4TB3P0,31.0,963,3,,,2004,,,,"U.S. Navy LIDAR Survey, Archive No. 04HFM01, Scale 1:5,000-1:10,000",20150206,"US,US,reprt,L-246-2015",US4TB3P0,B,0.72,134.5718689,7.3301859
8841,1,2,129,1,550,-2004046809,19802,0226888CAC274D5A,,,,,,,,,,,,,,,29999,,,,20150206,"US,US,reprt,L-246-2015",9.8,US4TB3P0,9.8,964,3,,,2004,,,,"U.S. Navy LIDAR Survey, Archive No. 04HFM01, Scale 1:5,000-1:10,000",20150206,"US,US,reprt,L-246-2015",US4TB3P0,B,0.72,134.572052,7.3117805
8841,1,2,129,1,550,-2004046809,19802,0226888CAC274D5A,,,,,,,,,,,,,,,29999,,,,20150206,"US,US,reprt,L-246-2015",17.7,US4TB3P0,17.7,965,5,,,1938,1915,,,"Former Japan Chart 481 (Ed. 1940, Rev. 1944), from Japan surveys, Scale 1:25,000",20150206,"US,US,reprt,L-246-2015",US4TB3P0,D,0.22,134.5722504,7.3519306
8841,1,2,129,1,550,-2004046809,19802,0226888CAC274D5A,,,,,,,,,,,,,,,29999,,,,20150206,"US,US,reprt,L-246-2015",24.0,US4TB3P0,24.0,966,5,,,1938,1915,,,"Former Japan Chart 481 (Ed. 1940, Rev. 1944), from Japan surveys, Scale 1:25,000",20150206,"US,US,reprt,L-246-2015",US4TB3P0,D,0.22,134.5724945,7.3485665
8841,1,2,129,1,550,-2004046809,19802,0226888CAC274D5A,,,,,,,,,,,,,,,29999,,,,20150206,"US,US,reprt,L-246-2015",24.0,US4TB3P0,24.0,967,5,,,1938,1915,,,"Former Japan Chart 481 (Ed. 1940, Rev. 1944), from Japan surveys, Scale 1:25,000",20150206,"US,US,reprt,L-246-2015",US4TB3P0,D,0.22,134.5725098,7.3551474
8841,1,2,129,1,550,-2004046809,19802,0226888CAC274D5A,,,,,,,,,,,,,,,29999,,,,20150206,"US,US,reprt,L-246-2015",12.5,US4TB3P0,12.5,968,3,,,2004,,,,"U.S. Navy LIDAR Survey, Archive No. 04HFM01, Scale 1:5,000-1:10,000",20150206,"US,US,reprt,L-246-2015",US4TB3P0,B,0.72,134.5728149,7.3127446
8841,1,2,129,1,550,-2004046809,19802,0226888CAC274D5A,,,,,,,,,,,,,,,29999,,,,20150206,"US,US,reprt,L-246-2015",47.0,US4TB3P0,47.0,969,3,,,2004,,,,"U.S. Navy LIDAR Survey, Archive No. 04HFM01, Scale 1:5,000-1:10,000",20150206,"US,US,reprt,L-246-2015",US4TB3P0,B,0.72,134.5728455,7.3103252
8841,1,2,129,1,550,-2004046809,19802,0226888CAC274D5A,,,,,,,,,,,,,,,29999,,,,20150206,"US,US,reprt,L-246-2015",3.1,US4TB3P0,3.1,970,3,,,2004,,,,"U.S. Navy LIDAR Survey, Archive No. 04HFM01, Scale 1:5,000-1:10,000",20150206,"US,US,reprt,L-246-2015",US4TB3P0,B,0.72,134.572876,7.3142419
8841,1,2,129,1,550,-2004046809,19802,0226888CAC274D5A,,,,,,,,,,,,,,,29999,,,,20150206,"US,US,reprt,L-246-2015",32.0,US4TB3P0,32.0,971,3,,,2004,,,,"U.S. Navy LIDAR Survey, Archive No. 04HFM01, Scale 1:5,000-1:10,000",20150206,"US,US,reprt,L-246-2015",US4TB3P0,B,0.72,134.572876,7.3382416
8841,1,2,129,1,550,-2004046809,19802,0226888CAC274D5A,,,,,,,,,,,,,,,29999,,,,20150206,"US,US,reprt,L-246-2015",14.7,US4TB3P0,14.7,972,3,,,2004,,,,"U.S. Navy LIDAR Survey, Archive No. 04HFM01, Scale 1:5,000-1:10,000",20150206,"US,US,reprt,L-246-2015",US4TB3P0,B,0.72,134.5731659,7.3283916
8841,1,2,129,1,550,-2004046809,19802,0226888CAC274D5A,,,,,,,,,,,,,,,29999,,,,20150206,"US,US,reprt,L-246-2015",28.0,US4TB3P0,28.0,973,5,,,1938,1915,,,"Former Japan Chart 481 (Ed. 1940, Rev. 1944), from Japan surveys, Scale 1:25,000",20150206,"US,US,reprt,L-246-2015",US4TB3P0,D,0.22,134.5737,7.3508501
8841,1,2,129,1,550,-2004046809,19802,0226888CAC274D5A,,,,,,,,,,,,,,,29999,,,,20150206,"US,US,reprt,L-246-2015",22.1,US4TB3P0,22.1,974,3,,,2004,,,,"U.S. Navy LIDAR Survey, Archive No. 04HFM01, Scale 1:5,000-1:10,000",20150206,"US,US,reprt,L-246-2015",US4TB3P0,B,0.72,134.5737152,7.3255582
8841,1,2,129,1,550,-2004046809,19802,0226888CAC274D5A,,,,,,,,,,,,,,,29999,,,,20150206,"US,US,reprt,L-246-2015",33.0,US4TB3P0,33.0,975,3,,,2004,,,,"U.S. Navy LIDAR Survey, Archive No. 04HFM01, Scale 1:5,000-1:10,000",20150206,"US,US,reprt,L-246-2015",US4TB3P0,B,0.72,134.5737763,7.331439
8841,1,2,129,1,550,-2004046809,19802,0226888CAC274D5A,,,,,,,,,,,,,,,29999,,,,20150206,"US,US,reprt,L-246-2015",6.5,US4TB3P0,6.5,976,3,,,2004,,,,"U.S. Navy LIDAR Survey, Archive No. 04HFM01, Scale 1:5,000-1:10,000",20150206,"US,US,reprt,L-246-2015",US4TB3P0,B,0.72,134.5738068,7.3143835
8841,1,2,129,1,550,-2004046809,19802,0226888CAC274D5A,,,,,,,,,,,,,,,29999,,,,20150206,"US,US,reprt,L-246-2015",3.2,US4TB3P0,3.2,977,3,,,2004,,,,"U.S. Navy LIDAR Survey, Archive No. 04HFM01, Scale 1:5,000-1:10,000",20150206,"US,US,reprt,L-246-2015",US4TB3P0,B,0.72,134.573822,7.3437696
8841,1,2,129,1,550,-2004046809,19802,0226888CAC274D5A,,,,,,,,,,,,,,,29999,,,,20150206,"US,US,reprt,L-246-2015",26.1,US4TB3P0,26.1,978,3,,,2004,,,,"U.S. Navy LIDAR Survey, Archive No. 04HFM01, Scale 1:5,000-1:10,000",20150206,"US,US,reprt,L-246-2015",US4TB3P0,B,0.72,134.5738831,7.3366556
8841,1,2,129,1,550,-2004046809,19802,0226888CAC274D5A,,,,,,,,,,,,,,,29999,,,,20150206,"US,US,reprt,L-246-2015",49.0,US4TB3P0,49.0,979,3,,,2004,,,,"U.S. Navy LIDAR Survey, Archive No. 04HFM01, Scale 1:5,000-1:10,000",20150206,"US,US,reprt,L-246-2015",US4TB3P0,B,0.72,134.5740051,7.3426724
8841,1,2,129,1,550,-2004046809,19802,0226888CAC274D5A,,,,,,,,,,,,,,,29999,,,,20150206,"US,US,reprt,L-246-2015",281.0,US4TB3P0,281.0,980,5,,,1938,1915,,,"Former Japan Chart 481 (Ed. 1940, Rev. 1944), from Japan surveys, Scale 1:25,000",20150206,"US,US,reprt,L-246-2015",US4TB3P0,D,0.22,134.574173,7.3091807
8841,1,2,129,1,550,-2004046809,19802,0226888CAC274D5A,,,,,,,,,,,,,,,29999,,,,20150206,"US,US,reprt,L-246-2015",35.0,US4TB3P0,35.0,981,3,,,2004,,,,"U.S. Navy LIDAR Survey, Archive No. 04HFM01, Scale 1:5,000-1:10,000",20150206,"US,US,reprt,L-246-2015",US4TB3P0,B,0.72,134.574173,7.3346748
8841,1,2,129,1,550,-2004046809,19802,0226888CAC274D5A,,,,,,,,,,,,,,,29999,,,,20150206,"US,US,reprt,L-246-2015",33.0,US4TB3P0,33.0,982,3,,,2004,,,,"U.S. Navy LIDAR Survey, Archive No. 04HFM01, Scale 1:5,000-1:10,000",20150206,"US,US,reprt,L-246-2015",US4TB3P0,B,0.72,134.5744019,7.3239722
8841,1,2,129,1,550,-2004046809,19802,0226888CAC274D5A,,,,,,,,,,,,,,,29999,,,,20150206,"US,US,reprt,L-246-2015",12.6,US4TB3P0,12.6,983,3,,,2004,,,,"U.S. Navy LIDAR Survey, Archive No. 04HFM01, Scale 1:5,000-1:10,000",20150206,"US,US,reprt,L-246-2015",US4TB3P0,B,0.72,134.5744629,7.3431778
8841,1,2,129,1,550,-2004046809,19802,0226888CAC274D5A,,,,,,,,,,,,,,,29999,,,,20150206,"US,US,reprt,L-246-2015",26.6,US4TB3P0,26.6,984,3,,,2004,,,,"U.S. Navy LIDAR Survey, Archive No. 04HFM01, Scale 1:5,000-1:10,000",20150206,"US,US,reprt,L-246-2015",US4TB3P0,B,0.72,134.5748901,7.3228722
8841,1,2,129,1,550,-2004046809,19802,0226888CAC274D5A,,,,,,,,,,,,,,,29999,,,,20150206,"US,US,reprt,L-246-2015",26.2,US4TB3P0,26.2,985,3,,,2004,,,,"U.S. Navy LIDAR Survey, Archive No. 04HFM01, Scale 1:5,000-1:10,000",20150206,"US,US,reprt,L-246-2015",US4TB3P0,B,0.72,134.5750275,7.3345585
8841,1,2,129,1,550,-2004046809,19802,0226888CAC274D5A,,,,,,,,,,,,,,,29999,,,,20150206,"US,US,reprt,L-246-2015",27.0,US4TB3P0,27.0,986,3,,,2004,,,,"U.S. Navy LIDAR Survey, Archive No. 04HFM01, Scale 1:5,000-1:10,000",20150206,"US,US,reprt,L-246-2015",US4TB3P0,B,0.72,134.5751038,7.3315611
8841,1,2,129,1,550,-2004046809,19802,0226888CAC274D5A,,,,,,,,,,,,,,,29999,,,,20150206,"US,US,reprt,L-246-2015",3.2,US4TB3P0,3.2,987,3,,,2004,,,,"U.S. Navy LIDAR Survey, Archive No. 04HFM01, Scale 1:5,000-1:10,000",20150206,"US,US,reprt,L-246-2015",US4TB3P0,B,0.72,134.5752106,7.3169804
8841,1,2,129,1,550,-2004046809,19802,0226888CAC274D5A,,,,,,,,,,,,,,,29999,,,,20150206,"US,US,reprt,L-246-2015",826.0,US4TB3P0,826.0,988,5,,,1938,1915,,,"Former Japan Chart 481 (Ed. 1940, Rev. 1944), from Japan surveys, Scale 1:25,000",20150206,"US,US,reprt,L-246-2015",US4TB3P0,D,0.22,134.5752411,7.2792692
8841,1,2,129,1,550,-2004046809,19802,0226888CAC274D5A,,,,,,,,,,,,,,,29999,,,,20150206,"US,US,reprt,L-246-2015",2.8,US4TB3P0,2.8,989,3,,,2004,,,,"U.S. Navy LIDAR Survey, Archive No. 04HFM01, Scale 1:5,000-1:10,000",20150206,"US,US,reprt,L-246-2015",US4TB3P0,B,0.72,134.5752411,7.3439555
8841,1,2,129,1,550,-2004046809,19802,0226888CAC274D5A,,,,,,,,,,,,,,,29999,,,,20150206,"US,US,reprt,L-246-2015",3.4,US4TB3P0,3.4,990,3,,,2004,,,,"U.S. Navy LIDAR Survey, Archive No. 04HFM01, Scale 1:5,000-1:10,000",20150206,"US,US,reprt,L-246-2015",US4TB3P0,B,0.72,134.5753632,7.322053
8841,1,2,129,1,550,-2004046809,19802,0226888CAC274D5A,,,,,,,,,,,,,,,29999,,,,20150206,"US,US,reprt,L-246-2015",9.9,US4TB3P0,9.9,991,3,,,2004,,,,"U.S. Navy LIDAR Survey, Archive No. 04HFM01, Scale 1:5,000-1:10,000",20150206,"US,US,reprt,L-246-2015",US4TB3P0,B,0.72,134.5754547,7.3158832
8841,1,2,129,1,550,-2004046809,19802,0226888CAC274D5A,,,,,,,,,,,,,,,29999,,,,20150206,"US,US,reprt,L-246-2015",21.1,US4TB3P0,21.1,992,3,,,2004,,,,"U.S. Navy LIDAR Survey, Archive No. 04HFM01, Scale 1:5,000-1:10,000",20150206,"US,US,reprt,L-246-2015",US4TB3P0,B,0.72,134.5754547,7.3369083
8841,1,2,129,1,550,-2004046809,19802,0226888CAC274D5A,,,,,,,,,,,,,,,29999,,,,20150206,"US,US,reprt,L-246-2015",32.0,US4TB3P0,32.0,993,3,,,2004,,,,"U.S. Navy LIDAR Survey, Archive No. 04HFM01, Scale 1:5,000-1:10,000",20150206,"US,US,reprt,L-246-2015",US4TB3P0,B,0.72,134.5756073,7.3332443
8841,1,2,129,1,550,-2004046809,19802,0226888CAC274D5A,,,,,,,,,,,,,,,29999,,,,20150206,"US,US,reprt,L-246-2015",27.0,US4TB3P0,27.0,994,3,,,2004,,,,"U.S. Navy LIDAR Survey, Archive No. 04HFM01, Scale 1:5,000-1:10,000",20150206,"US,US,reprt,L-246-2015",US4TB3P0,B,0.72,134.5756683,7.3273196
8841,1,2,129,1,550,-2004046809,19802,0226888CAC274D5A,,,,,,,,,,,,,,,29999,,,,20150206,"US,US,reprt,L-246-2015",23.0,US4TB3P0,23.0,995,3,,,2004,,,,"U.S. Navy LIDAR Survey, Archive No. 04HFM01, Scale 1:5,000-1:10,000",20150206,"US,US,reprt,L-246-2015",US4TB3P0,B,0.72,134.5759888,7.3292971
8841,1,2,129,1,550,-2004046809,19802,0226888CAC274D5A,,,,,,,,,,,,,,,29999,,,,20150206,"US,US,reprt,L-246-2015",23.6,US4TB3P0,23.6,996,3,,,2004,,,,"U.S. Navy LIDAR Survey, Archive No. 04HFM01, Scale 1:5,000-1:10,000",20150206,"US,US,reprt,L-246-2015",US4TB3P0,B,0.72,134.5763245,7.3385916
8841,1,2,129,1,550,-2004046809,19802,0226888CAC274D5A,,,,,,,,,,,,,,,29999,,,,20150206,"US,US,reprt,L-246-2015",2.8,US4TB3P0,2.8,997,3,,,2004,,,,"U.S. Navy LIDAR Survey, Archive No. 04HFM01, Scale 1:5,000-1:10,000",20150206,"US,US,reprt,L-246-2015",US4TB3P0,B,0.72,134.5764008,7.3214641
8841,1,2,129,1,550,-2004046809,19802,0226888CAC274D5A,,,,,,,,,,,,,,,29999,,,,20150206,"US,US,reprt,L-246-2015",6.5,US4TB3P0,6.5,998,3,,,2004,,,,"U.S. Navy LIDAR Survey, Archive No. 04HFM01, Scale 1:5,000-1:10,000",20150206,"US,US,reprt,L-246-2015",US4TB3P0,B,0.72,134.5764923,7.3233419
8841,1,2,129,1,550,-2004046809,19802,0226888CAC274D5A,,,,,,,,,,,,,,,29999,,,,20150206,"US,US,reprt,L-246-2015",3.7,US4TB3P0,3.7,999,3,,,2004,,,,"U.S. Navy LIDAR Survey, Archive No. 04HFM01, Scale 1:5,000-1:10,000",20150206,"US,US,reprt,L-246-2015",US4TB3P0,B,0.72,134.5765991,7.3186665
8841,1,2,129,1,550,-2004046809,19802,0226888CAC274D5A,,,,,,,,,,,,,,,29999,,,,20150206,"US,US,reprt,L-246-2015",14.1,US4TB3P0,14.1,1000,3,,,2004,,,,"U.S. Navy LIDAR Survey, Archive No. 04HFM01, Scale 1:5,000-1:10,000",20150206,"US,US,reprt,L-246-2015",US4TB3P0,B,0.72,134.5766907,7.3169947
8841,1,2,129,1,550,-2004046809,19802,0226888CAC274D5A,,,,,,,,,,,,,,,29999,,,,20150206,"US,US,reprt,L-246-2015",10.5,US4TB3P0,10.5,1001,3,,,2004,,,,"U.S. Navy LIDAR Survey, Archive No. 04HFM01, Scale 1:5,000-1:10,000",20150206,"US,US,reprt,L-246-2015",US4TB3P0,B,0.72,134.5767975,7.3446279
8841,1,2,129,1,550,-2004046809,19802,0226888CAC274D5A,,,,,,,,,,,,,,,29999,,,,20150206,"US,US,reprt,L-246-2015",2.4,US4TB3P0,2.4,1002,3,,,2004,,,,"U.S. Navy LIDAR Survey, Archive No. 04HFM01, Scale 1:5,000-1:10,000",20150206,"US,US,reprt,L-246-2015",US4TB3P0,B,0.72,134.5769501,7.3201499
8841,1,2,129,1,550,-2004046809,19802,0226888CAC274D5A,,,,,,,,,,,,,,,29999,,,,20150206,"US,US,reprt,L-246-2015",25.6,US4TB3P0,25.6,1003,3,,,2004,,,,"U.S. Navy LIDAR Survey, Archive No. 04HFM01, Scale 1:5,000-1:10,000",20150206,"US,US,reprt,L-246-2015",US4TB3P0,B,0.72,134.5770111,7.334486
8841,1,2,129,1,550,-2004046809,19802,0226888CAC274D5A,,,,,,,,,,,,,,,29999,,,,20150206,"US,US,reprt,L-246-2015",18.8,US4TB3P0,18.8,1004,3,,,2004,,,,"U.S. Navy LIDAR Survey, Archive No. 04HFM01, Scale 1:5,000-1:10,000",20150206,"US,US,reprt,L-246-2015",US4TB3P0,B,0.72,134.5770569,7.3251915
8841,1,2,129,1,550,-2004046809,19802,0226888CAC274D5A,,,,,,,,,,,,,,,29999,,,,20150206,"US,US,reprt,L-246-2015",26.4,US4TB3P0,26.4,1005,3,,,2004,,,,"U.S. Navy LIDAR Survey, Archive No. 04HFM01, Scale 1:5,000-1:10,000",20150206,"US,US,reprt,L-246-2015",US4TB3P0,B,0.72,134.5770569,7.3401194
8841,1,2,129,1,550,-2004046809,19802,0226888CAC274D5A,,,,,,,,,,,,,,,29999,,,,20150206,"US,US,reprt,L-246-2015",4.7,US4TB3P0,4.7,1006,3,,,2004,,,,"U.S. Navy LIDAR Survey, Archive No. 04HFM01, Scale 1:5,000-1:10,000",20150206,"US,US,reprt,L-246-2015",US4TB3P0,B,0.72,134.5772858,7.324286
8841,1,2,129,1,550,-2004046809,19802,0226888CAC274D5A,,,,,,,,,,,,,,,29999,,,,20150206,"US,US,reprt,L-246-2015",32.0,US4TB3P0,32.0,1007,3,,,2004,,,,"U.S. Navy LIDAR Survey, Archive No. 04HFM01, Scale 1:5,000-1:10,000",20150206,"US,US,reprt,L-246-2015",US4TB3P0,B,0.72,134.577301,7.3272529
8841,1,2,129,1,550,-2004046809,19802,0226888CAC274D5A,,,,,,,,,,,,,,,29999,,,,20150206,"US,US,reprt,L-246-2015",3.1,US4TB3P0,3.1,1008,3,,,2004,,,,"U.S. Navy LIDAR Survey, Archive No. 04HFM01, Scale 1:5,000-1:10,000",20150206,"US,US,reprt,L-246-2015",US4TB3P0,B,0.72,134.5774078,7.3211832
8841,1,2,129,1,550,-2004046809,19802,0226888CAC274D5A,,,,,,,,,,,,,,,29999,,,,20150206,"US,US,reprt,L-246-2015",27.5,US4TB3P0,27.5,1009,3,,,2004,,,,"U.S. Navy LIDAR Survey, Archive No. 04HFM01, Scale 1:5,000-1:10,000",20150206,"US,US,reprt,L-246-2015",US4TB3P0,B,0.72,134.5774078,7.3333612
8841,1,2,129,1,550,-2004046809,19802,0226888CAC274D5A,,,,,,,,,,,,,,,29999,,,,20150206,"US,US,reprt,L-246-2015",9.4,US4TB3P0,9.4,1010,3,,,2004,,,,"U.S. Navy LIDAR Survey, Archive No. 04HFM01, Scale 1:5,000-1:10,000",20150206,"US,US,reprt,L-246-2015",US4TB3P0,B,0.72,134.5777283,7.3181748
8841,1,2,129,1,550,-2004046809,19802,0226888CAC274D5A,,,,,,,,,,,,,,,29999,,,,20150206,"US,US,reprt,L-246-2015",923.0,US4TB3P0,923.0,1011,5,,,1938,1915,,,"Former Japan Chart 481 (Ed. 1940, Rev. 1944), from Japan surveys, Scale 1:25,000",20150206,"US,US,reprt,L-246-2015",US4TB3P0,D,0.22,134.5780182,7.2898002
8841,1,2,129,1,550,-2004046809,19802,0226888CAC274D5A,,,,,,,,,,,,,,,29999,,,,20150206,"US,US,reprt,L-246-2015",3.6,US4TB3P0,3.6,1012,3,,,2004,,,,"U.S. Navy LIDAR Survey, Archive No. 04HFM01, Scale 1:5,000-1:10,000",20150206,"US,US,reprt,L-246-2015",US4TB3P0,B,0.72,134.5780792,7.3200889
8841,1,2,129,1,550,-2004046809,19802,0226888CAC274D5A,,,,,,,,,,,,,,,29999,,,,20150206,"US,US,reprt,L-246-2015",793.0,US4TB3P0,793.0,1013,5,,,1938,1915,,,"Former Japan Chart 481 (Ed. 1940, Rev. 1944), from Japan surveys, Scale 1:25,000",20150206,"US,US,reprt,L-246-2015",US4TB3P0,D,0.22,134.5781403,7.2991943
8841,1,2,129,1,550,-2004046809,19802,0226888CAC274D5A,,,,,,,,,,,,,,,29999,,,,20150206,"US,US,reprt,L-246-2015",4.6,US4TB3P0,4.6,1014,3,,,2004,,,,"U.S. Navy LIDAR Survey, Archive No. 04HFM01, Scale 1:5,000-1:10,000",20150206,"US,US,reprt,L-246-2015",US4TB3P0,B,0.72,134.5782013,7.3223805
8841,1,2,129,1,550,-2004046809,19802,0226888CAC274D5A,,,,,,,,,,,,,,,29999,,,,20150206,"US,US,reprt,L-246-2015",30.2,US4TB3P0,30.2,1015,3,,,2004,,,,"U.S. Navy LIDAR Survey, Archive No. 04HFM01, Scale 1:5,000-1:10,000",20150206,"US,US,reprt,L-246-2015",US4TB3P0,B,0.72,134.5782166,7.330936
8841,1,2,129,1,550,-2004046809,19802,0226888CAC274D5A,,,,,,,,,,,,,,,29999,,,,20150206,"US,US,reprt,L-246-2015",3.2,US4TB3P0,3.2,1016,3,,,2004,,,,"U.S. Navy LIDAR Survey, Archive No. 04HFM01, Scale 1:5,000-1:10,000",20150206,"US,US,reprt,L-246-2015",US4TB3P0,B,0.72,134.5784302,7.3457251
8841,1,2,129,1,550,-2004046809,19802,0226888CAC274D5A,,,,,,,,,,,,,,,29999,,,,20150206,"US,US,reprt,L-246-2015",26.2,US4TB3P0,26.2,1017,3,,,2004,,,,"U.S. Navy LIDAR Survey, Archive No. 04HFM01, Scale 1:5,000-1:10,000",20150206,"US,US,reprt,L-246-2015",US4TB3P0,B,0.72,134.5784912,7.3388472
8841,1,2,129,1,550,-2004046809,19802,0226888CAC274D5A,,,,,,,,,,,,,,,29999,,,,20150206,"US,US,reprt,L-246-2015",343.0,US4TB3P0,343.0,1018,5,,,1938,1915,,,"Former Japan Chart 481 (Ed. 1940, Rev. 1944), from Japan surveys, Scale 1:25,000",20150206,"US,US,reprt,L-246-2015",US4TB3P0,D,0.22,134.5785217,7.3128862
8841,1,2,129,1,550,-2004046809,19802,0226888CAC274D5A,,,,,,,,,,,,,,,29999,,,,20150206,"US,US,reprt,L-246-2015",7.0,US4TB3P0,7.0,1019,3,,,2004,,,,"U.S. Navy LIDAR Survey, Archive No. 04HFM01, Scale 1:5,000-1:10,000",20150206,"US,US,reprt,L-246-2015",US4TB3P0,B,0.72,134.578537,7.3247943
8841,1,2,129,1,550,-2004046809,19802,0226888CAC274D5A,,,,,,,,,,,,,,,29999,,,,20150206,"US,US,reprt,L-246-2015",31.0,US4TB3P0,31.0,1020,3,,,2004,,,,"U.S. Navy LIDAR Survey, Archive No. 04HFM01, Scale 1:5,000-1:10,000",20150206,"US,US,reprt,L-246-2015",US4TB3P0,B,0.72,134.5786285,7.3358831
8841,1,2,129,1,550,-2004046809,19802,0226888CAC274D5A,,,,,,,,,,,,,,,29999,,,,20150206,"US,US,reprt,L-246-2015",4.7,US4TB3P0,4.7,1021,3,,,2004,,,,"U.S. Navy LIDAR Survey, Archive No. 04HFM01, Scale 1:5,000-1:10,000",20150206,"US,US,reprt,L-246-2015",US4TB3P0,B,0.72,134.5788879,7.323411
8841,1,2,129,1,550,-2004046809,19802,0226888CAC274D5A,,,,,,,,,,,,,,,29999,,,,20150206,"US,US,reprt,L-246-2015",40.0,US4TB3P0,40.0,1022,3,,,2004,,,,"U.S. Navy LIDAR Survey, Archive No. 04HFM01, Scale 1:5,000-1:10,000",20150206,"US,US,reprt,L-246-2015",US4TB3P0,B,0.72,134.5789948,7.3432946
8841,1,2,129,1,550,-2004046809,19802,0226888CAC274D5A,,,,,,,,,,,,,,,29999,,,,20150206,"US,US,reprt,L-246-2015",25.1,US4TB3P0,25.1,1023,3,,,2004,,,,"U.S. Navy LIDAR Survey, Archive No. 04HFM01, Scale 1:5,000-1:10,000",20150206,"US,US,reprt,L-246-2015",US4TB3P0,B,0.72,134.57901,7.3405056
8841,1,2,129,1,550,-2004046809,19802,0226888CAC274D5A,,,,,,,,,,,,,,,29999,,,,20150206,"US,US,reprt,L-246-2015",9.4,US4TB3P0,9.4,1024,3,,,2004,,,,"U.S. Navy LIDAR Survey, Archive No. 04HFM01, Scale 1:5,000-1:10,000",20150206,"US,US,reprt,L-246-2015",US4TB3P0,B,0.72,134.5791473,7.3207417
8841,1,2,129,1,550,-2004046809,19802,0226888CAC274D5A,,,,,,,,,,,,,,,29999,,,,20150206,"US,US,reprt,L-246-2015",27.6,US4TB3P0,27.6,1025,3,,,2004,,,,"U.S. Navy LIDAR Survey, Archive No. 04HFM01, Scale 1:5,000-1:10,000",20150206,"US,US,reprt,L-246-2015",US4TB3P0,B,0.72,134.5791473,7.3287249
8841,1,2,129,1,550,-2004046809,19802,0226888CAC274D5A,,,,,,,,,,,,,,,29999,,,,20150206,"US,US,reprt,L-246-2015",7.4,US4TB3P0,7.4,1026,3,,,2004,,,,"U.S. Navy LIDAR Survey, Archive No. 04HFM01, Scale 1:5,000-1:10,000",20150206,"US,US,reprt,L-246-2015",US4TB3P0,B,0.72,134.5791779,7.3221445
8841,1,2,129,1,550,-2004046809,19802,0226888CAC274D5A,,,,,,,,,,,,,,,29999,,,,20150206,"US,US,reprt,L-246-2015",5.8,US4TB3P0,5.8,1027,3,,,2004,,,,"U.S. Navy LIDAR Survey, Archive No. 04HFM01, Scale 1:5,000-1:10,000",20150206,"US,US,reprt,L-246-2015",US4TB3P0,B,0.72,134.5791931,7.3461361
8841,1,2,129,1,550,-2004046809,19802,0226888CAC274D5A,,,,,,,,,,,,,,,29999,,,,20150206,"US,US,reprt,L-246-2015",27.3,US4TB3P0,27.3,1028,3,,,2004,,,,"U.S. Navy LIDAR Survey, Archive No. 04HFM01, Scale 1:5,000-1:10,000",20150206,"US,US,reprt,L-246-2015",US4TB3P0,B,0.72,134.5792847,7.3422666
8841,1,2,129,1,550,-2004046809,19802,0226888CAC274D5A,,,,,,,,,,,,,,,29999,,,,20150206,"US,US,reprt,L-246-2015",41.0,US4TB3P0,41.0,1029,3,,,2004,,,,"U.S. Navy LIDAR Survey, Archive No. 04HFM01, Scale 1:5,000-1:10,000",20150206,"US,US,reprt,L-246-2015",US4TB3P0,B,0.72,134.5793762,7.3383141
8841,1,2,129,1,550,-2004046809,19802,0226888CAC274D5A,,,,,,,,,,,,,,,29999,,,,20150206,"US,US,reprt,L-246-2015",26.0,US4TB3P0,26.0,1030,3,,,2004,,,,"U.S. Navy LIDAR Survey, Archive No. 04HFM01, Scale 1:5,000-1:10,000",20150206,"US,US,reprt,L-246-2015",US4TB3P0,B,0.72,134.579483,7.3338418
8841,1,2,129,1,550,-2004046809,19802,0226888CAC274D5A,,,,,,,,,,,,,,,29999,,,,20150206,"US,US,reprt,L-246-2015",12.4,US4TB3P0,12.4,1031,3,,,2004,,,,"U.S. Navy LIDAR Survey, Archive No. 04HFM01, Scale 1:5,000-1:10,000",20150206,"US,US,reprt,L-246-2015",US4TB3P0,B,0.72,134.579834,7.3453641
8841,1,2,129,1,550,-2004046809,19802,0226888CAC274D5A,,,,,,,,,,,,,,,29999,,,,20150206,"US,US,reprt,L-246-2015",8.0,US4TB3P0,8.0,1032,3,,,2004,,,,"U.S. Navy LIDAR Survey, Archive No. 04HFM01, Scale 1:5,000-1:10,000",20150206,"US,US,reprt,L-246-2015",US4TB3P0,B,0.72,134.5799255,7.3261166
8841,1,2,129,1,550,-2004046809,19802,0226888CAC274D5A,,,,,,,,,,,,,,,29999,,,,20150206,"US,US,reprt,L-246-2015",9.2,US4TB3P0,9.2,1033,3,,,2004,,,,"U.S. Navy LIDAR Survey, Archive No. 04HFM01, Scale 1:5,000-1:10,000",20150206,"US,US,reprt,L-246-2015",US4TB3P0,B,0.72,134.5799408,7.3238416
8841,1,2,129,1,550,-2004046809,19802,0226888CAC274D5A,,,,,,,,,,,,,,,29999,,,,20150206,"US,US,reprt,L-246-2015",9.4,US4TB3P0,9.4,1034,3,,,2004,,,,"U.S. Navy LIDAR Survey, Archive No. 04HFM01, Scale 1:5,000-1:10,000",20150206,"US,US,reprt,L-246-2015",US4TB3P0,B,0.72,134.5801239,7.3248248
8841,1,2,129,1,550,-2004046809,19802,0226888CAC274D5A,,,,,,,,,,,,,,,29999,,,,20150206,"US,US,reprt,L-246-2015",26.2,US4TB3P0,26.2,1035,3,,,2004,,,,"U.S. Navy LIDAR Survey, Archive No. 04HFM01, Scale 1:5,000-1:10,000",20150206,"US,US,reprt,L-246-2015",US4TB3P0,B,0.72,134.5801392,7.3358946
8841,1,2,129,1,550,-2004046809,19802,0226888CAC274D5A,,,,,,,,,,,,,,,29999,,,,20150206,"US,US,reprt,L-246-2015",114.0,US4TB3P0,114.0,1036,5,,,1938,1915,,,"Former Japan Chart 481 (Ed. 1940, Rev. 1944), from Japan surveys, Scale 1:25,000",20150206,"US,US,reprt,L-246-2015",US4TB3P0,D,0.22,134.5803528,7.3190889
8841,1,2,129,1,550,-2004046809,19802,0226888CAC274D5A,,,,,,,,,,,,,,,29999,,,,20150206,"US,US,reprt,L-246-2015",13.5,US4TB3P0,13.5,1037,3,,,2004,,,,"U.S. Navy LIDAR Survey, Archive No. 04HFM01, Scale 1:5,000-1:10,000",20150206,"US,US,reprt,L-246-2015",US4TB3P0,B,0.72,134.5804291,7.3222418
8841,1,2,129,1,550,-2004046809,19802,0226888CAC274D5A,,,,,,,,,,,,,,,29999,,,,20150206,"US,US,reprt,L-246-2015",9.5,US4TB3P0,9.5,1038,3,,,2004,,,,"U.S. Navy LIDAR Survey, Archive No. 04HFM01, Scale 1:5,000-1:10,000",20150206,"US,US,reprt,L-246-2015",US4TB3P0,B,0.72,134.5804901,7.3271279
8841,1,2,129,1,550,-2004046809,19802,0226888CAC274D5A,,,,,,,,,,,,,,,29999,,,,20150206,"US,US,reprt,L-246-2015",320.0,US4TB3P0,320.0,1039,5,,,1938,1915,,,"Former Japan Chart 481 (Ed. 1940, Rev. 1944), from Japan surveys, Scale 1:25,000",20150206,"US,US,reprt,L-246-2015",US4TB3P0,D,0.22,134.5806732,7.3160749
8841,1,2,129,1,550,-2004046809,19802,0226888CAC274D5A,,,,,,,,,,,,,,,29999,,,,20150206,"US,US,reprt,L-246-2015",14.7,US4TB3P0,14.7,1040,3,,,2004,,,,"U.S. Navy LIDAR Survey, Archive No. 04HFM01, Scale 1:5,000-1:10,000",20150206,"US,US,reprt,L-246-2015",US4TB3P0,B,0.72,134.5806732,7.3472529
8841,1,2,129,1,550,-2004046809,19802,0226888CAC274D5A,,,,,,,,,,,,,,,29999,,,,20150206,"US,US,reprt,L-246-2015",12.2,US4TB3P0,12.2,1041,3,,,2004,,,,"U.S. Navy LIDAR Survey, Archive No. 04HFM01, Scale 1:5,000-1:10,000",20150206,"US,US,reprt,L-246-2015",US4TB3P0,B,0.72,134.5808868,7.3376002
8841,1,2,129,1,550,-2004046809,19802,0226888CAC274D5A,,,,,,,,,,,,,,,29999,,,,20150206,"US,US,reprt,L-246-2015",22.4,US4TB3P0,22.4,1042,3,,,2004,,,,"U.S. Navy LIDAR Survey, Archive No. 04HFM01, Scale 1:5,000-1:10,000",20150206,"US,US,reprt,L-246-2015",US4TB3P0,B,0.72,134.5809479,7.3418694
8841,1,2,129,1,550,-2004046809,19802,0226888CAC274D5A,,,,,,,,,,,,,,,29999,,,,20150206,"US,US,reprt,L-246-2015",27.9,US4TB3P0,27.9,1043,3,,,2004,,,,"U.S. Navy LIDAR Survey, Archive No. 04HFM01, Scale 1:5,000-1:10,000",20150206,"US,US,reprt,L-246-2015",US4TB3P0,B,0.72,134.5810547,7.3334999
8841,1,2,129,1,550,-2004046809,19802,0226888CAC274D5A,,,,,,,,,,,,,,,29999,,,,20150206,"US,US,reprt,L-246-2015",34.0,US4TB3P0,34.0,1044,3,,,2004,,,,"U.S. Navy LIDAR Survey, Archive No. 04HFM01, Scale 1:5,000-1:10,000",20150206,"US,US,reprt,L-246-2015",US4TB3P0,B,0.72,134.58107,7.3308334
8841,1,2,129,1,550,-2004046809,19802,0226888CAC274D5A,,,,,,,,,,,,,,,29999,,,,20150206,"US,US,reprt,L-246-2015",29.7,US4TB3P0,29.7,1045,3,,,2004,,,,"U.S. Navy LIDAR Survey, Archive No. 04HFM01, Scale 1:5,000-1:10,000",20150206,"US,US,reprt,L-246-2015",US4TB3P0,B,0.72,134.5810852,7.346036
8841,1,2,129,1,550,-2004046809,19802,0226888CAC274D5A,,,,,,,,,,,,,,,29999,,,,20150206,"US,US,reprt,L-246-2015",4.2,US4TB3P0,4.2,1046,3,,,2004,,,,"U.S. Navy LIDAR Survey, Archive No. 04HFM01, Scale 1:5,000-1:10,000",20150206,"US,US,reprt,L-246-2015",US4TB3P0,B,0.72,134.5811615,7.3483391
8841,1,2,129,1,550,-2004046809,19802,0226888CAC274D5A,,,,,,,,,,,,,,,29999,,,,20150206,"US,US,reprt,L-246-2015",27.5,US4TB3P0,27.5,1047,3,,,2004,,,,"U.S. Navy LIDAR Survey, Archive No. 04HFM01, Scale 1:5,000-1:10,000",20150206,"US,US,reprt,L-246-2015",US4TB3P0,B,0.72,134.5812073,7.3286223
8841,1,2,129,1,550,-2004046809,19802,0226888CAC274D5A,,,,,,,,,,,,,,,29999,,,,20150206,"US,US,reprt,L-246-2015",12.6,US4TB3P0,12.6,1048,3,,,2004,,,,"U.S. Navy LIDAR Survey, Archive No. 04HFM01, Scale 1:5,000-1:10,000",20150206,"US,US,reprt,L-246-2015",US4TB3P0,B,0.72,134.5814056,7.3357167
8841,1,2,129,1,550,-2004046809,19802,0226888CAC274D5A,,,,,,,,,,,,,,,29999,,,,20150206,"US,US,reprt,L-246-2015",9.8,US4TB3P0,9.8,1049,3,,,2004,,,,"U.S. Navy LIDAR Survey, Archive No. 04HFM01, Scale 1:5,000-1:10,000",20150206,"US,US,reprt,L-246-2015",US4TB3P0,B,0.72,134.5814667,7.3246665
8841,1,2,129,1,550,-2004046809,19802,0226888CAC274D5A,,,,,,,,,,,,,,,29999,,,,20150206,"US,US,reprt,L-246-2015",24.3,US4TB3P0,24.3,1050,3,,,2004,,,,"U.S. Navy LIDAR Survey, Archive No. 04HFM01, Scale 1:5,000-1:10,000",20150206,"US,US,reprt,L-246-2015",US4TB3P0,B,0.72,134.5815735,7.3447194
8841,1,2,129,1,550,-2004046809,19802,0226888CAC274D5A,,,,,,,,,,,,,,,29999,,,,20150206,"US,US,reprt,L-246-2015",16.5,US4TB3P0,16.5,1051,3,,,2004,,,,"U.S. Navy LIDAR Survey, Archive No. 04HFM01, Scale 1:5,000-1:10,000",20150206,"US,US,reprt,L-246-2015",US4TB3P0,B,0.72,134.5817413,7.3372526
8841,1,2,129,1,550,-2004046809,19802,0226888CAC274D5A,,,,,,,,,,,,,,,29999,,,,20150206,"US,US,reprt,L-246-2015",12.9,US4TB3P0,12.9,1052,3,,,2004,,,,"U.S. Navy LIDAR Survey, Archive No. 04HFM01, Scale 1:5,000-1:10,000",20150206,"US,US,reprt,L-246-2015",US4TB3P0,B,0.72,134.5819855,7.3235612
8841,1,2,129,1,550,-2004046809,19802,0226888CAC274D5A,,,,,,,,,,,,,,,29999,,,,20150206,"US,US,reprt,L-246-2015",29.0,US4TB3P0,29.0,1053,3,,,2004,,,,"U.S. Navy LIDAR Survey, Archive No. 04HFM01, Scale 1:5,000-1:10,000",20150206,"US,US,reprt,L-246-2015",US4TB3P0,B,0.72,134.5820923,7.3392415
8841,1,2,129,1,550,-2004046809,19802,0226888CAC274D5A,,,,,,,,,,,,,,,29999,,,,20150206,"US,US,reprt,L-246-2015",16.5,US4TB3P0,16.5,1054,3,,,2004,,,,"U.S. Navy LIDAR Survey, Archive No. 04HFM01, Scale 1:5,000-1:10,000",20150206,"US,US,reprt,L-246-2015",US4TB3P0,B,0.72,134.5822601,7.3271084
8841,1,2,129,1,550,-2004046809,19802,0226888CAC274D5A,,,,,,,,,,,,,,,29999,,,,20150206,"US,US,reprt,L-246-2015",15.4,US4TB3P0,15.4,1055,3,,,2004,,,,"U.S. Navy LIDAR Survey, Archive No. 04HFM01, Scale 1:5,000-1:10,000",20150206,"US,US,reprt,L-246-2015",US4TB3P0,B,0.72,134.5823517,7.3357277
8841,1,2,129,1,550,-2004046809,19802,0226888CAC274D5A,,,,,,,,,,,,,,,29999,,,,20150206,"US,US,reprt,L-246-2015",46.0,US4TB3P0,46.0,1056,3,,,2004,,,,"U.S. Navy LIDAR Survey, Archive No. 04HFM01, Scale 1:5,000-1:10,000",20150206,"US,US,reprt,L-246-2015",US4TB3P0,B,0.72,134.5824127,7.3412418
8841,1,2,129,1,550,-2004046809,19802,0226888CAC274D5A,,,,,,,,,,,,,,,29999,,,,20150206,"US,US,reprt,L-246-2015",11.7,US4TB3P0,11.7,1057,3,,,2004,,,,"U.S. Navy LIDAR Survey, Archive No. 04HFM01, Scale 1:5,000-1:10,000",20150206,"US,US,reprt,L-246-2015",US4TB3P0,B,0.72,134.582489,7.3480611
8841,1,2,129,1,550,-2004046809,19802,0226888CAC274D5A,,,,,,,,,,,,,,,29999,,,,20150206,"US,US,reprt,L-246-2015",32.0,US4TB3P0,32.0,1058,3,,,2004,,,,"U.S. Navy LIDAR Survey, Archive No. 04HFM01, Scale 1:5,000-1:10,000",20150206,"US,US,reprt,L-246-2015",US4TB3P0,B,0.72,134.5827332,7.3454557
8841,1,2,129,1,550,-2004046809,19802,0226888CAC274D5A,,,,,,,,,,,,,,,29999,,,,20150206,"US,US,reprt,L-246-2015",23.9,US4TB3P0,23.9,1059,3,,,2004,,,,"U.S. Navy LIDAR Survey, Archive No. 04HFM01, Scale 1:5,000-1:10,000",20150206,"US,US,reprt,L-246-2015",US4TB3P0,B,0.72,134.583252,7.3328252
8841,1,2,129,1,550,-2004046809,19802,0226888CAC274D5A,,,,,,,,,,,,,,,29999,,,,20150206,"US,US,reprt,L-246-2015",22.2,US4TB3P0,22.2,1060,3,,,2004,,,,"U.S. Navy LIDAR Survey, Archive No. 04HFM01, Scale 1:5,000-1:10,000",20150206,"US,US,reprt,L-246-2015",US4TB3P0,B,0.72,134.5833893,7.3270669
8841,1,2,129,1,550,-2004046809,19802,0226888CAC274D5A,,,,,,,,,,,,,,,29999,,,,20150206,"US,US,reprt,L-246-2015",12.9,US4TB3P0,12.9,1061,3,,,2004,,,,"U.S. Navy LIDAR Survey, Archive No. 04HFM01, Scale 1:5,000-1:10,000",20150206,"US,US,reprt,L-246-2015",US4TB3P0,B,0.72,134.5835266,7.329289
8841,1,2,129,1,550,-2004046809,19802,0226888CAC274D5A,,,,,,,,,,,,,,,29999,,,,20150206,"US,US,reprt,L-246-2015",17.0,US4TB3P0,17.0,1062,3,,,2004,,,,"U.S. Navy LIDAR Survey, Archive No. 04HFM01, Scale 1:5,000-1:10,000",20150206,"US,US,reprt,L-246-2015",US4TB3P0,B,0.72,134.5835877,7.3361721
8841,1,2,129,1,550,-2004046809,19802,0226888CAC274D5A,,,,,,,,,,,,,,,29999,,,,20150206,"US,US,reprt,L-246-2015",18.8,US4TB3P0,18.8,1063,3,,,2004,,,,"U.S. Navy LIDAR Survey, Archive No. 04HFM01, Scale 1:5,000-1:10,000",20150206,"US,US,reprt,L-246-2015",US4TB3P0,B,0.72,134.5836182,7.3343444
8841,1,2,129,1,550,-2004046809,19802,0226888CAC274D5A,,,,,,,,,,,,,,,29999,,,,20150206,"US,US,reprt,L-246-2015",13.3,US4TB3P0,13.3,1064,3,,,2004,,,,"U.S. Navy LIDAR Survey, Archive No. 04HFM01, Scale 1:5,000-1:10,000",20150206,"US,US,reprt,L-246-2015",US4TB3P0,B,0.72,134.5837555,7.325489
8841,1,2,129,1,550,-2004046809,19802,0226888CAC274D5A,,,,,,,,,,,,,,,29999,,,,20150206,"US,US,reprt,L-246-2015",13.4,US4TB3P0,13.4,1065,3,,,2004,,,,"U.S. Navy LIDAR Survey, Archive No. 04HFM01, Scale 1:5,000-1:10,000",20150206,"US,US,reprt,L-246-2015",US4TB3P0,B,0.72,134.5838013,7.3278723
8841,1,2,129,1,550,-2004046809,19802,0226888CAC274D5A,,,,,,,,,,,,,,,29999,,,,20150206,"US,US,reprt,L-246-2015",83.0,US4TB3P0,83.0,1066,5,,,1938,1915,,,"Former Japan Chart 481 (Ed. 1940, Rev. 1944), from Japan surveys, Scale 1:25,000",20150206,"US,US,reprt,L-246-2015",US4TB3P0,D,0.22,134.5843048,7.3231835
8841,1,2,129,1,550,-2004046809,19802,0226888CAC274D5A,,,,,,,,,,,,,,,29999,,,,20150206,"US,US,reprt,L-246-2015",37.0,US4TB3P0,37.0,1067,3,,,2004,,,,"U.S. Navy LIDAR Survey, Archive No. 04HFM01, Scale 1:5,000-1:10,000",20150206,"US,US,reprt,L-246-2015",US4TB3P0,B,0.72,134.5843658,7.3408918
8841,1,2,129,1,550,-2004046809,19802,0226888CAC274D5A,,,,,,,,,,,,,,,29999,,,,20150206,"US,US,reprt,L-246-2015",28.5,US4TB3P0,28.5,1068,3,,,2004,,,,"U.S. Navy LIDAR Survey, Archive No. 04HFM01, Scale 1:5,000-1:10,000",20150206,"US,US,reprt,L-246-2015",US4TB3P0,B,0.72,134.5843811,7.3395166
8841,1,2,129,1,550,-2004046809,19802,0226888CAC274D5A,,,,,,,,,,,,,,,29999,,,,20150206,"US,US,reprt,L-246-2015",11.1,US4TB3P0,11.1,1069,3,,,2004,,,,"U.S. Navy LIDAR Survey, Archive No. 04HFM01, Scale 1:5,000-1:10,000",20150206,"US,US,reprt,L-246-2015",US4TB3P0,B,0.72,134.5843964,7.3315363
8841,1,2,129,1,550,-2004046809,19802,0226888CAC274D5A,,,,,,,,,,,,,,,29999,,,,20150206,"US,US,reprt,L-246-2015",31.0,US4TB3P0,31.0,1070,3,,,2004,,,,"U.S. Navy LIDAR Survey, Archive No. 04HFM01, Scale 1:5,000-1:10,000",20150206,"US,US,reprt,L-246-2015",US4TB3P0,B,0.72,134.5844574,7.345139
8841,1,2,129,1,550,-2004046809,19802,0226888CAC274D5A,,,,,,,,,,,,,,,29999,,,,20150206,"US,US,reprt,L-246-2015",8.2,US4TB3P0,8.2,1071,3,,,2004,,,,"U.S. Navy LIDAR Survey, Archive No. 04HFM01, Scale 1:5,000-1:10,000",20150206,"US,US,reprt,L-246-2015",US4TB3P0,B,0.72,134.5844727,7.3289609
8841,1,2,129,1,550,-2004046809,19802,0226888CAC274D5A,,,,,,,,,,,,,,,29999,,,,20150206,"US,US,reprt,L-246-2015",10.2,US4TB3P0,10.2,1072,3,,,2004,,,,"U.S. Navy LIDAR Survey, Archive No. 04HFM01, Scale 1:5,000-1:10,000",20150206,"US,US,reprt,L-246-2015",US4TB3P0,B,0.72,134.5844727,7.3303804
8841,1,2,129,1,550,-2004046809,19802,0226888CAC274D5A,,,,,,,,,,,,,,,29999,,,,20150206,"US,US,reprt,L-246-2015",11.2,US4TB3P0,11.2,1073,3,,,2004,,,,"U.S. Navy LIDAR Survey, Archive No. 04HFM01, Scale 1:5,000-1:10,000",20150206,"US,US,reprt,L-246-2015",US4TB3P0,B,0.72,134.5845795,7.3358584
8841,1,2,129,1,550,-2004046809,19802,0226888CAC274D5A,,,,,,,,,,,,,,,29999,,,,20150206,"US,US,reprt,L-246-2015",12.3,US4TB3P0,12.3,1074,3,,,2004,,,,"U.S. Navy LIDAR Survey, Archive No. 04HFM01, Scale 1:5,000-1:10,000",20150206,"US,US,reprt,L-246-2015",US4TB3P0,B,0.72,134.58461,7.3479586
8841,1,2,129,1,550,-2004046809,19802,0226888CAC274D5A,,,,,,,,,,,,,,,29999,,,,20150206,"US,US,reprt,L-246-2015",11.5,US4TB3P0,11.5,1075,3,,,2004,,,,"U.S. Navy LIDAR Survey, Archive No. 04HFM01, Scale 1:5,000-1:10,000",20150206,"US,US,reprt,L-246-2015",US4TB3P0,B,0.72,134.5848084,7.3271279
8841,1,2,129,1,550,-2004046809,19802,0226888CAC274D5A,,,,,,,,,,,,,,,29999,,,,20150206,"US,US,reprt,L-246-2015",24.0,US4TB3P0,24.0,1076,3,,,2004,,,,"U.S. Navy LIDAR Survey, Archive No. 04HFM01, Scale 1:5,000-1:10,000",20150206,"US,US,reprt,L-246-2015",US4TB3P0,B,0.72,134.5848084,7.3469305
8841,1,2,129,1,550,-2004046809,19802,0226888CAC274D5A,,,,,,,,,,,,,,,29999,,,,20150206,"US,US,reprt,L-246-2015",14.5,US4TB3P0,14.5,1077,3,,,2004,,,,"U.S. Navy LIDAR Survey, Archive No. 04HFM01, Scale 1:5,000-1:10,000",20150206,"US,US,reprt,L-246-2015",US4TB3P0,B,0.72,134.5848236,7.3368416
8841,1,2,129,1,550,-2004046809,19802,0226888CAC274D5A,,,,,,,,,,,,,,,29999,,,,20150206,"US,US,reprt,L-246-2015",25.3,US4TB3P0,25.3,1078,3,,,2004,,,,"U.S. Navy LIDAR Survey, Archive No. 04HFM01, Scale 1:5,000-1:10,000",20150206,"US,US,reprt,L-246-2015",US4TB3P0,B,0.72,134.585144,7.3256168
8841,1,2,129,1,550,-2004046809,19802,0226888CAC274D5A,,,,,,,,,,,,,,,29999,,,,20150206,"US,US,reprt,L-246-2015",9.4,US4TB3P0,9.4,1079,3,,,2004,,,,"U.S. Navy LIDAR Survey, Archive No. 04HFM01, Scale 1:5,000-1:10,000",20150206,"US,US,reprt,L-246-2015",US4TB3P0,B,0.72,134.5853424,7.3281112
8841,1,2,129,1,550,-2004046809,19802,0226888CAC274D5A,,,,,,,,,,,,,,,29999,,,,20150206,"US,US,reprt,L-246-2015",16.1,US4TB3P0,16.1,1080,3,,,2004,,,,"U.S. Navy LIDAR Survey, Archive No. 04HFM01, Scale 1:5,000-1:10,000",20150206,"US,US,reprt,L-246-2015",US4TB3P0,B,0.72,134.5853424,7.335
8841,1,2,129,1,550,-2004046809,19802,0226888CAC274D5A,,,,,,,,,,,,,,,29999,,,,20150206,"US,US,reprt,L-246-2015",24.1,US4TB3P0,24.1,1081,3,,,2004,,,,"U.S. Navy LIDAR Survey, Archive No. 04HFM01, Scale 1:5,000-1:10,000",20150206,"US,US,reprt,L-246-2015",US4TB3P0,B,0.72,134.5853729,7.3379998
8841,1,2,129,1,550,-2004046809,19802,0226888CAC274D5A,,,,,,,,,,,,,,,29999,,,,20150206,"US,US,reprt,L-246-2015",6.9,US4TB3P0,6.9,1082,3,,,2004,,,,"U.S. Navy LIDAR Survey, Archive No. 04HFM01, Scale 1:5,000-1:10,000",20150206,"US,US,reprt,L-246-2015",US4TB3P0,B,0.72,134.5856934,7.3296557
8841,1,2,129,1,550,-2004046809,19802,0226888CAC274D5A,,,,,,,,,,,,,,,29999,,,,20150206,"US,US,reprt,L-246-2015",29.1,US4TB3P0,29.1,1083,3,,,2004,,,,"U.S. Navy LIDAR Survey, Archive No. 04HFM01, Scale 1:5,000-1:10,000",20150206,"US,US,reprt,L-246-2015",US4TB3P0,B,0.72,134.5857697,7.343153
8841,1,2,129,1,550,-2004046809,19802,0226888CAC274D5A,,,,,,,,,,,,,,,29999,,,,20150206,"US,US,reprt,L-246-2015",13.3,US4TB3P0,13.3,1084,3,,,2004,,,,"U.S. Navy LIDAR Survey, Archive No. 04HFM01, Scale 1:5,000-1:10,000",20150206,"US,US,reprt,L-246-2015",US4TB3P0,B,0.72,134.5858307,7.3340221
8841,1,2,129,1,550,-2004046809,19802,0226888CAC274D5A,,,,,,,,,,,,,,,29999,,,,20150206,"US,US,reprt,L-246-2015",8.7,US4TB3P0,8.7,1085,3,,,2004,,,,"U.S. Navy LIDAR Survey, Archive No. 04HFM01, Scale 1:5,000-1:10,000",20150206,"US,US,reprt,L-246-2015",US4TB3P0,B,0.72,134.5861816,7.3313417
8841,1,2,129,1,550,-2004046809,19802,0226888CAC274D5A,,,,,,,,,,,,,,,29999,,,,20150206,"US,US,reprt,L-246-2015",36.0,US4TB3P0,36.0,1086,3,,,2004,,,,"U.S. Navy LIDAR Survey, Archive No. 04HFM01, Scale 1:5,000-1:10,000",20150206,"US,US,reprt,L-246-2015",US4TB3P0,B,0.72,134.5861969,7.3398833
8841,1,2,129,1,550,-2004046809,19802,0226888CAC274D5A,,,,,,,,,,,,,,,29999,,,,20150206,"US,US,reprt,L-246-2015",28.3,US4TB3P0,28.3,1087,3,,,2004,,,,"U.S. Navy LIDAR Survey, Archive No. 04HFM01, Scale 1:5,000-1:10,000",20150206,"US,US,reprt,L-246-2015",US4TB3P0,B,0.72,134.5862732,7.3450556
8841,1,2,129,1,550,-2004046809,19802,0226888CAC274D5A,,,,,,,,,,,,,,,29999,,,,20150206,"US,US,reprt,L-246-2015",13.3,US4TB3P0,13.3,1088,3,,,2004,,,,"U.S. Navy LIDAR Survey, Archive No. 04HFM01, Scale 1:5,000-1:10,000",20150206,"US,US,reprt,L-246-2015",US4TB3P0,B,0.72,134.5863648,7.3282499
8841,1,2,129,1,550,-2004046809,19802,0226888CAC274D5A,,,,,,,,,,,,,,,29999,,,,20150206,"US,US,reprt,L-246-2015",25.3,US4TB3P0,25.3,1089,3,,,2004,,,,"U.S. Navy LIDAR Survey, Archive No. 04HFM01, Scale 1:5,000-1:10,000",20150206,"US,US,reprt,L-246-2015",US4TB3P0,B,0.72,134.5863953,7.3351526
8841,1,2,129,1,550,-2004046809,19802,0226888CAC274D5A,,,,,,,,,,,,,,,29999,,,,20150206,"US,US,reprt,L-246-2015",36.0,US4TB3P0,36.0,1090,3,,,2004,,,,"U.S. Navy LIDAR Survey, Archive No. 04HFM01, Scale 1:5,000-1:10,000",20150206,"US,US,reprt,L-246-2015",US4TB3P0,B,0.72,134.5864563,7.3419805
8841,1,2,129,1,550,-2004046809,19802,0226888CAC274D5A,,,,,,,,,,,,,,,29999,,,,20150206,"US,US,reprt,L-246-2015",39.0,US4TB3P0,39.0,1091,3,,,2004,,,,"U.S. Navy LIDAR Survey, Archive No. 04HFM01, Scale 1:5,000-1:10,000",20150206,"US,US,reprt,L-246-2015",US4TB3P0,B,0.72,134.5865021,7.3370638
8841,1,2,129,1,550,-2004046809,19802,0226888CAC274D5A,,,,,,,,,,,,,,,29999,,,,20150206,"US,US,reprt,L-246-2015",16.9,US4TB3P0,16.9,1092,3,,,2004,,,,"U.S. Navy LIDAR Survey, Archive No. 04HFM01, Scale 1:5,000-1:10,000",20150206,"US,US,reprt,L-246-2015",US4TB3P0,B,0.72,134.5865936,7.3327751
8841,1,2,129,1,550,-2004046809,19802,0226888CAC274D5A,,,,,,,,,,,,,,,29999,,,,20150206,"US,US,reprt,L-246-2015",7.3,US4TB3P0,7.3,1093,3,,,2004,,,,"U.S. Navy LIDAR Survey, Archive No. 04HFM01, Scale 1:5,000-1:10,000",20150206,"US,US,reprt,L-246-2015",US4TB3P0,B,0.72,134.5869446,7.3299332
8841,1,2,129,1,550,-2004046809,19802,0226888CAC274D5A,,,,,,,,,,,,,,,29999,,,,20150206,"US,US,reprt,L-246-2015",2.0,US4TB3P0,2.0,1094,3,,,2004,,,,"U.S. Navy LIDAR Survey, Archive No. 04HFM01, Scale 1:5,000-1:10,000",20150206,"US,US,reprt,L-246-2015",US4TB3P0,B,0.72,134.5870667,7.3480363
8841,1,2,129,1,550,-2004046809,19802,0226888CAC274D5A,,,,,,,,,,,,,,,29999,,,,20150206,"US,US,reprt,L-246-2015",12.5,US4TB3P0,12.5,1095,3,,,2004,,,,"U.S. Navy LIDAR Survey, Archive No. 04HFM01, Scale 1:5,000-1:10,000",20150206,"US,US,reprt,L-246-2015",US4TB3P0,B,0.72,134.5873108,7.3340139
8841,1,2,129,1,550,-2004046809,19802,0226888CAC274D5A,,,,,,,,,,,,,,,29999,,,,20150206,"US,US,reprt,L-246-2015",8.9,US4TB3P0,8.9,1096,3,,,2004,,,,"U.S. Navy LIDAR Survey, Archive No. 04HFM01, Scale 1:5,000-1:10,000",20150206,"US,US,reprt,L-246-2015",US4TB3P0,B,0.72,134.587677,7.3315668
8841,1,2,129,1,550,-2004046809,19802,0226888CAC274D5A,,,,,,,,,,,,,,,29999,,,,20150206,"US,US,reprt,L-246-2015",15.6,US4TB3P0,15.6,1097,3,,,2004,,,,"U.S. Navy LIDAR Survey, Archive No. 04HFM01, Scale 1:5,000-1:10,000",20150206,"US,US,reprt,L-246-2015",US4TB3P0,B,0.72,134.5878449,7.3290834
8841,1,2,129,1,550,-2004046809,19802,0226888CAC274D5A,,,,,,,,,,,,,,,29999,,,,20150206,"US,US,reprt,L-246-2015",9.4,US4TB3P0,9.4,1098,3,,,2004,,,,"U.S. Navy LIDAR Survey, Archive No. 04HFM01, Scale 1:5,000-1:10,000",20150206,"US,US,reprt,L-246-2015",US4TB3P0,B,0.72,134.5879059,7.3306556
8841,1,2,129,1,550,-2004046809,19802,0226888CAC274D5A,,,,,,,,,,,,,,,29999,,,,20150206,"US,US,reprt,L-246-2015",34.0,US4TB3P0,34.0,1099,3,,,2004,,,,"U.S. Navy LIDAR Survey, Archive No. 04HFM01, Scale 1:5,000-1:10,000",20150206,"US,US,reprt,L-246-2015",US4TB3P0,B,0.72,134.58815,7.3414583
8841,1,2,129,1,550,-2004046809,19802,0226888CAC274D5A,,,,,,,,,,,,,,,29999,,,,20150206,"US,US,reprt,L-246-2015",74.0,US4TB3P0,74.0,1100,5,,,1938,1915,,,"Former Japan Chart 481 (Ed. 1940, Rev. 1944), from Japan surveys, Scale 1:25,000",20150206,"US,US,reprt,L-246-2015",US4TB3P0,D,0.22,134.5882111,7.3269696
8841,1,2,129,1,550,-2004046809,19802,0226888CAC274D5A,,,,,,,,,,,,,,,29999,,,,20150206,"US,US,reprt,L-246-2015",384.0,US4TB3P0,384.0,1101,5,,,1938,1915,,,"Former Japan Chart 481 (Ed. 1940, Rev. 1944), from Japan surveys, Scale 1:25,000",20150206,"US,US,reprt,L-246-2015",US4TB3P0,D,0.22,134.5883179,7.3236723
8841,1,2,129,1,550,-2004046809,19802,0226888CAC274D5A,,,,,,,,,,,,,,,29999,,,,20150206,"US,US,reprt,L-246-2015",12.9,US4TB3P0,12.9,1102,3,,,2004,,,,"U.S. Navy LIDAR Survey, Archive No. 04HFM01, Scale 1:5,000-1:10,000",20150206,"US,US,reprt,L-246-2015",US4TB3P0,B,0.72,134.5886536,7.348403
8841,1,2,129,1,550,-2004046809,19802,0226888CAC274D5A,,,,,,,,,,,,,,,29999,,,,20150206,"US,US,reprt,L-246-2015",21.8,US4TB3P0,21.8,1103,3,,,2004,,,,"U.S. Navy LIDAR Survey, Archive No. 04HFM01, Scale 1:5,000-1:10,000",20150206,"US,US,reprt,L-246-2015",US4TB3P0,B,0.72,134.5887146,7.3335695
8841,1,2,129,1,550,-2004046809,19802,0226888CAC274D5A,,,,,,,,,,,,,,,29999,,,,20150206,"US,US,reprt,L-246-2015",40.0,US4TB3P0,40.0,1104,3,,,2004,,,,"U.S. Navy LIDAR Survey, Archive No. 04HFM01, Scale 1:5,000-1:10,000",20150206,"US,US,reprt,L-246-2015",US4TB3P0,B,0.72,134.5887146,7.3388085
8841,1,2,129,1,550,-2004046809,19802,0226888CAC274D5A,,,,,,,,,,,,,,,29999,,,,20150206,"US,US,reprt,L-246-2015",13.6,US4TB3P0,13.6,1105,3,,,2004,,,,"U.S. Navy LIDAR Survey, Archive No. 04HFM01, Scale 1:5,000-1:10,000",20150206,"US,US,reprt,L-246-2015",US4TB3P0,B,0.72,134.5887604,7.3301945
8841,1,2,129,1,550,-2004046809,19802,0226888CAC274D5A,,,,,,,,,,,,,,,29999,,,,20150206,"US,US,reprt,L-246-2015",41.0,US4TB3P0,41.0,1106,3,,,2004,,,,"U.S. Navy LIDAR Survey, Archive No. 04HFM01, Scale 1:5,000-1:10,000",20150206,"US,US,reprt,L-246-2015",US4TB3P0,B,0.72,134.5888062,7.3374443
8841,1,2,129,1,550,-2004046809,19802,0226888CAC274D5A,,,,,,,,,,,,,,,29999,,,,20150206,"US,US,reprt,L-246-2015",27.7,US4TB3P0,27.7,1107,3,,,2004,,,,"U.S. Navy LIDAR Survey, Archive No. 04HFM01, Scale 1:5,000-1:10,000",20150206,"US,US,reprt,L-246-2015",US4TB3P0,B,0.72,134.588913,7.3455081
8841,1,2,129,1,550,-2004046809,19802,0226888CAC274D5A,,,,,,,,,,,,,,,29999,,,,20150206,"US,US,reprt,L-246-2015",29.6,US4TB3P0,29.6,1108,3,,,2004,,,,"U.S. Navy LIDAR Survey, Archive No. 04HFM01, Scale 1:5,000-1:10,000",20150206,"US,US,reprt,L-246-2015",US4TB3P0,B,0.72,134.5892792,7.3429613
8841,1,2,129,1,550,-2004046809,19802,0226888CAC274D5A,,,,,,,,,,,,,,,29999,,,,20150206,"US,US,reprt,L-246-2015",42.0,US4TB3P0,42.0,1109,3,,,2004,,,,"U.S. Navy LIDAR Survey, Archive No. 04HFM01, Scale 1:5,000-1:10,000",20150206,"US,US,reprt,L-246-2015",US4TB3P0,B,0.72,134.5893402,7.340672
8841,1,2,129,1,550,-2004046809,19802,0226888CAC274D5A,,,,,,,,,,,,,,,29999,,,,20150206,"US,US,reprt,L-246-2015",12.4,US4TB3P0,12.4,1110,3,,,2004,,,,"U.S. Navy LIDAR Survey, Archive No. 04HFM01, Scale 1:5,000-1:10,000",20150206,"US,US,reprt,L-246-2015",US4TB3P0,B,0.72,134.5894318,7.3318
8841,1,2,129,1,550,-2004046809,19802,0226888CAC274D5A,,,,,,,,,,,,,,,29999,,,,20150206,"US,US,reprt,L-246-2015",43.0,US4TB3P0,43.0,1111,3,,,2004,,,,"U.S. Navy LIDAR Survey, Archive No. 04HFM01, Scale 1:5,000-1:10,000",20150206,"US,US,reprt,L-246-2015",US4TB3P0,B,0.72,134.5895691,7.3419471
8841,1,2,129,1,550,-2004046809,19802,0226888CAC274D5A,,,,,,,,,,,,,,,29999,,,,20150206,"US,US,reprt,L-246-2015",43.0,US4TB3P0,43.0,1112,3,,,2004,,,,"U.S. Navy LIDAR Survey, Archive No. 04HFM01, Scale 1:5,000-1:10,000",20150206,"US,US,reprt,L-246-2015",US4TB3P0,B,0.72,134.5897064,7.3352137
8841,1,2,129,1,550,-2004046809,19802,0226888CAC274D5A,,,,,,,,,,,,,,,29999,,,,20150206,"US,US,reprt,L-246-2015",2.3,US4TB3P0,2.3,1113,3,,,2004,,,,"U.S. Navy LIDAR Survey, Archive No. 04HFM01, Scale 1:5,000-1:10,000",20150206,"US,US,reprt,L-246-2015",US4TB3P0,B,0.72,134.5900421,7.3489332
8841,1,2,129,1,550,-2004046809,19802,0226888CAC274D5A,,,,,,,,,,,,,,,29999,,,,20150206,"US,US,reprt,L-246-2015",35.0,US4TB3P0,35.0,1114,3,,,2004,,,,"U.S. Navy LIDAR Survey, Archive No. 04HFM01, Scale 1:5,000-1:10,000",20150206,"US,US,reprt,L-246-2015",US4TB3P0,B,0.72,134.590271,7.3472419
8841,1,2,129,1,550,-2004046809,19802,0226888CAC274D5A,,,,,,,,,,,,,,,29999,,,,20150206,"US,US,reprt,L-246-2015",32.0,US4TB3P0,32.0,1115,3,,,2004,,,,"U.S. Navy LIDAR Survey, Archive No. 04HFM01, Scale 1:5,000-1:10,000",20150206,"US,US,reprt,L-246-2015",US4TB3P0,B,0.72,134.5903015,7.3376222
8841,1,2,129,1,550,-2004046809,19802,0226888CAC274D5A,,,,,,,,,,,,,,,29999,,,,20150206,"US,US,reprt,L-246-2015",29.9,US4TB3P0,29.9,1116,3,,,2004,,,,"U.S. Navy LIDAR Survey, Archive No. 04HFM01, Scale 1:5,000-1:10,000",20150206,"US,US,reprt,L-246-2015",US4TB3P0,B,0.72,134.5904541,7.3362389
8841,1,2,129,1,550,-2004046809,19802,0226888CAC274D5A,,,,,,,,,,,,,,,29999,,,,20150206,"US,US,reprt,L-246-2015",33.0,US4TB3P0,33.0,1117,3,,,2004,,,,"U.S. Navy LIDAR Survey, Archive No. 04HFM01, Scale 1:5,000-1:10,000",20150206,"US,US,reprt,L-246-2015",US4TB3P0,B,0.72,134.5907288,7.3399553
8841,1,2,129,1,550,-2004046809,19802,0226888CAC274D5A,,,,,,,,,,,,,,,29999,,,,20150206,"US,US,reprt,L-246-2015",43.0,US4TB3P0,43.0,1118,3,,,2004,,,,"U.S. Navy LIDAR Survey, Archive No. 04HFM01, Scale 1:5,000-1:10,000",20150206,"US,US,reprt,L-246-2015",US4TB3P0,B,0.72,134.5909271,7.3454499
8841,1,2,129,1,550,-2004046809,19802,0226888CAC274D5A,,,,,,,,,,,,,,,29999,,,,20150206,"US,US,reprt,L-246-2015",36.0,US4TB3P0,36.0,1119,3,,,2004,,,,"U.S. Navy LIDAR Survey, Archive No. 04HFM01, Scale 1:5,000-1:10,000",20150206,"US,US,reprt,L-246-2015",US4TB3P0,B,0.72,134.5909882,7.3334861
8841,1,2,129,1,550,-2004046809,19802,0226888CAC274D5A,,,,,,,,,,,,,,,29999,,,,20150206,"US,US,reprt,L-246-2015",27.1,US4TB3P0,27.1,1120,3,,,2004,,,,"U.S. Navy LIDAR Survey, Archive No. 04HFM01, Scale 1:5,000-1:10,000",20150206,"US,US,reprt,L-246-2015",US4TB3P0,B,0.72,134.5910492,7.3324471
8841,1,2,129,1,550,-2004046809,19802,0226888CAC274D5A,,,,,,,,,,,,,,,29999,,,,20150206,"US,US,reprt,L-246-2015",45.0,US4TB3P0,45.0,1121,5,,,1938,1915,,,"Former Japan Chart 481 (Ed. 1940, Rev. 1944), from Japan surveys, Scale 1:25,000",20150206,"US,US,reprt,L-246-2015",US4TB3P0,D,0.22,134.5910645,7.3304973
8841,1,2,129,1,550,-2004046809,19802,0226888CAC274D5A,,,,,,,,,,,,,,,29999,,,,20150206,"US,US,reprt,L-246-2015",43.0,US4TB3P0,43.0,1122,3,,,2004,,,,"U.S. Navy LIDAR Survey, Archive No. 04HFM01, Scale 1:5,000-1:10,000",20150206,"US,US,reprt,L-246-2015",US4TB3P0,B,0.72,134.5912323,7.3433499
8841,1,2,129,1,550,-2004046809,19802,0226888CAC274D5A,,,,,,,,,,,,,,,29999,,,,20150206,"US,US,reprt,L-246-2015",15.2,US4TB3P0,15.2,1123,3,,,2004,,,,"U.S. Navy LIDAR Survey, Archive No. 04HFM01, Scale 1:5,000-1:10,000",20150206,"US,US,reprt,L-246-2015",US4TB3P0,B,0.72,134.5912781,7.3486748
8841,1,2,129,1,550,-2004046809,19802,0226888CAC274D5A,,,,,,,,,,,,,,,29999,,,,20150206,"US,US,reprt,L-246-2015",26.4,US4TB3P0,26.4,1124,3,,,2004,,,,"U.S. Navy LIDAR Survey, Archive No. 04HFM01, Scale 1:5,000-1:10,000",20150206,"US,US,reprt,L-246-2015",US4TB3P0,B,0.72,134.5915527,7.3368335
8841,1,2,129,1,550,-2004046809,19802,0226888CAC274D5A,,,,,,,,,,,,,,,29999,,,,20150206,"US,US,reprt,L-246-2015",26.9,US4TB3P0,26.9,1125,3,,,2004,,,,"U.S. Navy LIDAR Survey, Archive No. 04HFM01, Scale 1:5,000-1:10,000",20150206,"US,US,reprt,L-246-2015",US4TB3P0,B,0.72,134.5915833,7.3381443
8841,1,2,129,1,550,-2004046809,19802,0226888CAC274D5A,,,,,,,,,,,,,,,29999,,,,20150206,"US,US,reprt,L-246-2015",43.0,US4TB3P0,43.0,1126,3,,,2004,,,,"U.S. Navy LIDAR Survey, Archive No. 04HFM01, Scale 1:5,000-1:10,000",20150206,"US,US,reprt,L-246-2015",US4TB3P0,B,0.72,134.5916596,7.341661
8841,1,2,129,1,550,-2004046809,19802,0226888CAC274D5A,,,,,,,,,,,,,,,29999,,,,20150206,"US,US,reprt,L-246-2015",33.0,US4TB3P0,33.0,1127,3,,,2004,,,,"U.S. Navy LIDAR Survey, Archive No. 04HFM01, Scale 1:5,000-1:10,000",20150206,"US,US,reprt,L-246-2015",US4TB3P0,B,0.72,134.5918732,7.3344026
8841,1,2,129,1,550,-2004046809,19802,0226888CAC274D5A,,,,,,,,,,,,,,,29999,,,,20150206,"US,US,reprt,L-246-2015",38.0,US4TB3P0,38.0,1128,3,,,2004,,,,"U.S. Navy LIDAR Survey, Archive No. 04HFM01, Scale 1:5,000-1:10,000",20150206,"US,US,reprt,L-246-2015",US4TB3P0,B,0.72,134.5919647,7.3462558
8841,1,2,129,1,550,-2004046809,19802,0226888CAC274D5A,,,,,,,,,,,,,,,29999,,,,20150206,"US,US,reprt,L-246-2015",34.0,US4TB3P0,34.0,1129,3,,,2004,,,,"U.S. Navy LIDAR Survey, Archive No. 04HFM01, Scale 1:5,000-1:10,000",20150206,"US,US,reprt,L-246-2015",US4TB3P0,B,0.72,134.5923615,7.3447666
8841,1,2,129,1,550,-2004046809,19802,0226888CAC274D5A,,,,,,,,,,,,,,,29999,,,,20150206,"US,US,reprt,L-246-2015",24.3,US4TB3P0,24.3,1130,3,,,2004,,,,"U.S. Navy LIDAR Survey, Archive No. 04HFM01, Scale 1:5,000-1:10,000",20150206,"US,US,reprt,L-246-2015",US4TB3P0,B,0.72,134.5924225,7.3356333
8841,1,2,129,1,550,-2004046809,19802,0226888CAC274D5A,,,,,,,,,,,,,,,29999,,,,20150206,"US,US,reprt,L-246-2015",33.0,US4TB3P0,33.0,1131,3,,,2004,,,,"U.S. Navy LIDAR Survey, Archive No. 04HFM01, Scale 1:5,000-1:10,000",20150206,"US,US,reprt,L-246-2015",US4TB3P0,B,0.72,134.5927124,7.3402224
8841,1,2,129,1,550,-2004046809,19802,0226888CAC274D5A,,,,,,,,,,,,,,,29999,,,,20150206,"US,US,reprt,L-246-2015",68.0,US4TB3P0,68.0,1132,5,,,1938,1915,,,"Former Japan Chart 481 (Ed. 1940, Rev. 1944), from Japan surveys, Scale 1:25,000",20150206,"US,US,reprt,L-246-2015",US4TB3P0,D,0.22,134.5930328,7.3328471
8841,1,2,129,1,550,-2004046809,19802,0226888CAC274D5A,,,,,,,,,,,,,,,29999,,,,20150206,"US,US,reprt,L-246-2015",25.0,US4TB3P0,25.0,1133,3,,,2004,,,,"U.S. Navy LIDAR Survey, Archive No. 04HFM01, Scale 1:5,000-1:10,000",20150206,"US,US,reprt,L-246-2015",US4TB3P0,B,0.72,134.5931244,7.3385916
8841,1,2,129,1,550,-2004046809,19802,0226888CAC274D5A,,,,,,,,,,,,,,,29999,,,,20150206,"US,US,reprt,L-246-2015",15.8,US4TB3P0,15.8,1134,3,,,2004,,,,"U.S. Navy LIDAR Survey, Archive No. 04HFM01, Scale 1:5,000-1:10,000",20150206,"US,US,reprt,L-246-2015",US4TB3P0,B,0.72,134.5932465,7.3492999
8841,1,2,129,1,550,-2004046809,19802,0226888CAC274D5A,,,,,,,,,,,,,,,29999,,,,20150206,"US,US,reprt,L-246-2015",18.4,US4TB3P0,18.4,1135,3,,,2004,,,,"U.S. Navy LIDAR Survey, Archive No. 04HFM01, Scale 1:5,000-1:10,000",20150206,"US,US,reprt,L-246-2015",US4TB3P0,B,0.72,134.5934906,7.3366137
8841,1,2,129,1,550,-2004046809,19802,0226888CAC274D5A,,,,,,,,,,,,,,,29999,,,,20150206,"US,US,reprt,L-246-2015",37.0,US4TB3P0,37.0,1136,3,,,2004,,,,"U.S. Navy LIDAR Survey, Archive No. 04HFM01, Scale 1:5,000-1:10,000",20150206,"US,US,reprt,L-246-2015",US4TB3P0,B,0.72,134.5935364,7.3414779
8841,1,2,129,1,550,-2004046809,19802,0226888CAC274D5A,,,,,,,,,,,,,,,29999,,,,20150206,"US,US,reprt,L-246-2015",10.1,US4TB3P0,10.1,1137,3,,,2004,,,,"U.S. Navy LIDAR Survey, Archive No. 04HFM01, Scale 1:5,000-1:10,000",20150206,"US,US,reprt,L-246-2015",US4TB3P0,B,0.72,134.5935822,7.350625
8841,1,2,129,1,550,-2004046809,19802,0226888CAC274D5A,,,,,,,,,,,,,,,29999,,,,20150206,"US,US,reprt,L-246-2015",283.0,US4TB3P0,283.0,1138,5,,,1938,1915,,,"Former Japan Chart 481 (Ed. 1940, Rev. 1944), from Japan surveys, Scale 1:25,000",20150206,"US,US,reprt,L-246-2015",US4TB3P0,D,0.22,134.5936432,7.3305917
8841,1,2,129,1,550,-2004046809,19802,0226888CAC274D5A,,,,,,,,,,,,,,,29999,,,,20150206,"US,US,reprt,L-246-2015",28.0,US4TB3P0,28.0,1139,3,,,2004,,,,"U.S. Navy LIDAR Survey, Archive No. 04HFM01, Scale 1:5,000-1:10,000",20150206,"US,US,reprt,L-246-2015",US4TB3P0,B,0.72,134.5936737,7.3481445
8841,1,2,129,1,550,-2004046809,19802,0226888CAC274D5A,,,,,,,,,,,,,,,29999,,,,20150206,"US,US,reprt,L-246-2015",36.0,US4TB3P0,36.0,1140,3,,,2004,,,,"U.S. Navy LIDAR Survey, Archive No. 04HFM01, Scale 1:5,000-1:10,000",20150206,"US,US,reprt,L-246-2015",US4TB3P0,B,0.72,134.5939026,7.3459168
8841,1,2,129,1,550,-2004046809,19802,0226888CAC274D5A,,,,,,,,,,,,,,,29999,,,,20150206,"US,US,reprt,L-246-2015",26.8,US4TB3P0,26.8,1141,3,,,2004,,,,"U.S. Navy LIDAR Survey, Archive No. 04HFM01, Scale 1:5,000-1:10,000",20150206,"US,US,reprt,L-246-2015",US4TB3P0,B,0.72,134.5940094,7.3397918
8841,1,2,129,1,550,-2004046809,19802,0226888CAC274D5A,,,,,,,,,,,,,,,29999,,,,20150206,"US,US,reprt,L-246-2015",17.1,US4TB3P0,17.1,1142,3,,,2004,,,,"U.S. Navy LIDAR Survey, Archive No. 04HFM01, Scale 1:5,000-1:10,000",20150206,"US,US,reprt,L-246-2015",US4TB3P0,B,0.72,134.5940857,7.3353224
8841,1,2,129,1,550,-2004046809,19802,0226888CAC274D5A,,,,,,,,,,,,,,,29999,,,,20150206,"US,US,reprt,L-246-2015",27.5,US4TB3P0,27.5,1143,5,,,1938,1915,,,"Former Japan Chart 481 (Ed. 1940, Rev. 1944), from Japan surveys, Scale 1:25,000",20150206,"US,US,reprt,L-246-2015",US4TB3P0,D,0.22,134.5941925,7.3345027
8841,1,2,129,1,550,-2004046809,19802,0226888CAC274D5A,,,,,,,,,,,,,,,29999,,,,20150206,"US,US,reprt,L-246-2015",39.0,US4TB3P0,39.0,1144,3,,,2004,,,,"U.S. Navy LIDAR Survey, Archive No. 04HFM01, Scale 1:5,000-1:10,000",20150206,"US,US,reprt,L-246-2015",US4TB3P0,B,0.72,134.5941925,7.344389
8841,1,2,129,1,550,-2004046809,19802,0226888CAC274D5A,,,,,,,,,,,,,,,29999,,,,20150206,"US,US,reprt,L-246-2015",18.1,US4TB3P0,18.1,1145,3,,,2004,,,,"U.S. Navy LIDAR Survey, Archive No. 04HFM01, Scale 1:5,000-1:10,000",20150206,"US,US,reprt,L-246-2015",US4TB3P0,B,0.72,134.5944061,7.3361721
8841,1,2,129,1,550,-2004046809,19802,0226888CAC274D5A,,,,,,,,,,,,,,,29999,,,,20150206,"US,US,reprt,L-246-2015",42.0,US4TB3P0,42.0,1146,3,,,2004,,,,"U.S. Navy LIDAR Survey, Archive No. 04HFM01, Scale 1:5,000-1:10,000",20150206,"US,US,reprt,L-246-2015",US4TB3P0,B,0.72,134.594574,7.3423224
8841,1,2,129,1,550,-2004046809,19802,0226888CAC274D5A,,,,,,,,,,,,,,,29999,,,,20150206,"US,US,reprt,L-246-2015",13.8,US4TB3P0,13.8,1147,3,,,2004,,,,"U.S. Navy LIDAR Survey, Archive No. 04HFM01, Scale 1:5,000-1:10,000",20150206,"US,US,reprt,L-246-2015",US4TB3P0,B,0.72,134.5947113,7.3510971
8841,1,2,129,1,550,-2004046809,19802,0226888CAC274D5A,,,,,,,,,,,,,,,29999,,,,20150206,"US,US,reprt,L-246-2015",27.0,US4TB3P0,27.0,1148,3,,,2004,,,,"U.S. Navy LIDAR Survey, Archive No. 04HFM01, Scale 1:5,000-1:10,000",20150206,"US,US,reprt,L-246-2015",US4TB3P0,B,0.72,134.5950012,7.3493891
8841,1,2,129,1,550,-2004046809,19802,0226888CAC274D5A,,,,,,,,,,,,,,,29999,,,,20150206,"US,US,reprt,L-246-2015",2.5,US4TB3P0,2.5,1149,3,,,2004,,,,"U.S. Navy LIDAR Survey, Archive No. 04HFM01, Scale 1:5,000-1:10,000",20150206,"US,US,reprt,L-246-2015",US4TB3P0,B,0.72,134.5950623,7.3529806
8841,1,2,129,1,550,-2004046809,19802,0226888CAC274D5A,,,,,,,,,,,,,,,29999,,,,20150206,"US,US,reprt,L-246-2015",8.6,US4TB3P0,8.6,1150,3,,,2004,,,,"U.S. Navy LIDAR Survey, Archive No. 04HFM01, Scale 1:5,000-1:10,000",20150206,"US,US,reprt,L-246-2015",US4TB3P0,B,0.72,134.5951691,7.3523526
8841,1,2,129,1,550,-2004046809,19802,0226888CAC274D5A,,,,,,,,,,,,,,,29999,,,,20150206,"US,US,reprt,L-246-2015",608.0,US4TB3P0,608.0,1151,5,,,1938,1915,,,"Former Japan Chart 481 (Ed. 1940, Rev. 1944), from Japan surveys, Scale 1:25,000",20150206,"US,US,reprt,L-246-2015",US4TB3P0,D,0.22,134.5953064,7.3240085
8841,1,2,129,1,550,-2004046809,19802,0226888CAC274D5A,,,,,,,,,,,,,,,29999,,,,20150206,"US,US,reprt,L-246-2015",2.3,US4TB3P0,2.3,1152,3,,,2004,,,,"U.S. Navy LIDAR Survey, Archive No. 04HFM01, Scale 1:5,000-1:10,000",20150206,"US,US,reprt,L-246-2015",US4TB3P0,B,0.72,134.5953217,7.3540335
8841,1,2,129,1,550,-2004046809,19802,0226888CAC274D5A,,,,,,,,,,,,,,,29999,,,,20150206,"US,US,reprt,L-246-2015",24.9,US4TB3P0,24.9,1153,3,,,2004,,,,"U.S. Navy LIDAR Survey, Archive No. 04HFM01, Scale 1:5,000-1:10,000",20150206,"US,US,reprt,L-246-2015",US4TB3P0,B,0.72,134.5954132,7.336453
8841,1,2,129,1,550,-2004046809,19802,0226888CAC274D5A,,,,,,,,,,,,,,,29999,,,,20150206,"US,US,reprt,L-246-2015",34.0,US4TB3P0,34.0,1154,3,,,2004,,,,"U.S. Navy LIDAR Survey, Archive No. 04HFM01, Scale 1:5,000-1:10,000",20150206,"US,US,reprt,L-246-2015",US4TB3P0,B,0.72,134.5955811,7.3464446
8841,1,2,129,1,550,-2004046809,19802,0226888CAC274D5A,,,,,,,,,,,,,,,29999,,,,20150206,"US,US,reprt,L-246-2015",32.0,US4TB3P0,32.0,1155,3,,,2004,,,,"U.S. Navy LIDAR Survey, Archive No. 04HFM01, Scale 1:5,000-1:10,000",20150206,"US,US,reprt,L-246-2015",US4TB3P0,B,0.72,134.5958099,7.3449445
8841,1,2,129,1,550,-2004046809,19802,0226888CAC274D5A,,,,,,,,,,,,,,,29999,,,,20150206,"US,US,reprt,L-246-2015",40.0,US4TB3P0,40.0,1156,3,,,2004,,,,"U.S. Navy LIDAR Survey, Archive No. 04HFM01, Scale 1:5,000-1:10,000",20150206,"US,US,reprt,L-246-2015",US4TB3P0,B,0.72,134.5958099,7.3494859
8841,1,2,129,1,550,-2004046809,19802,0226888CAC274D5A,,,,,,,,,,,,,,,29999,,,,20150206,"US,US,reprt,L-246-2015",21.9,US4TB3P0,21.9,1157,3,,,2004,,,,"U.S. Navy LIDAR Survey, Archive No. 04HFM01, Scale 1:5,000-1:10,000",20150206,"US,US,reprt,L-246-2015",US4TB3P0,B,0.72,134.5958862,7.3378139
8841,1,2,129,1,550,-2004046809,19802,0226888CAC274D5A,,,,,,,,,,,,,,,29999,,,,20150206,"US,US,reprt,L-246-2015",34.0,US4TB3P0,34.0,1158,3,,,2004,,,,"U.S. Navy LIDAR Survey, Archive No. 04HFM01, Scale 1:5,000-1:10,000",20150206,"US,US,reprt,L-246-2015",US4TB3P0,B,0.72,134.5960388,7.3434334
8841,1,2,129,1,550,-2004046809,19802,0226888CAC274D5A,,,,,,,,,,,,,,,29999,,,,20150206,"US,US,reprt,L-246-2015",25.5,US4TB3P0,25.5,1159,3,,,2004,,,,"U.S. Navy LIDAR Survey, Archive No. 04HFM01, Scale 1:5,000-1:10,000",20150206,"US,US,reprt,L-246-2015",US4TB3P0,B,0.72,134.5960541,7.3400445
8841,1,2,129,1,550,-2004046809,19802,0226888CAC274D5A,,,,,,,,,,,,,,,29999,,,,20150206,"US,US,reprt,L-246-2015",7.2,US4TB3P0,7.2,1160,3,,,2004,,,,"U.S. Navy LIDAR Survey, Archive No. 04HFM01, Scale 1:5,000-1:10,000",20150206,"US,US,reprt,L-246-2015",US4TB3P0,B,0.72,134.5960693,7.3544526
8841,1,2,129,1,550,-2004046809,19802,0226888CAC274D5A,,,,,,,,,,,,,,,29999,,,,20150206,"US,US,reprt,L-246-2015",82.0,US4TB3P0,82.0,1161,5,,,1938,1915,,,"Former Japan Chart 481 (Ed. 1940, Rev. 1944), from Japan surveys, Scale 1:25,000",20150206,"US,US,reprt,L-246-2015",US4TB3P0,D,0.22,134.5964356,7.3351336
8841,1,2,129,1,550,-2004046809,19802,0226888CAC274D5A,,,,,,,,,,,,,,,29999,,,,20150206,"US,US,reprt,L-246-2015",15.0,US4TB3P0,15.0,1162,3,,,2004,,,,"U.S. Navy LIDAR Survey, Archive No. 04HFM01, Scale 1:5,000-1:10,000",20150206,"US,US,reprt,L-246-2015",US4TB3P0,B,0.72,134.5965881,7.353075
8841,1,2,129,1,550,-2004046809,19802,0226888CAC274D5A,,,,,,,,,,,,,,,29999,,,,20150206,"US,US,reprt,L-246-2015",26.9,US4TB3P0,26.9,1163,3,,,2004,,,,"U.S. Navy LIDAR Survey, Archive No. 04HFM01, Scale 1:5,000-1:10,000",20150206,"US,US,reprt,L-246-2015",US4TB3P0,B,0.72,134.5967255,7.3413
8841,1,2,129,1,550,-2004046809,19802,0226888CAC274D5A,,,,,,,,,,,,,,,29999,,,,20150206,"US,US,reprt,L-246-2015",37.0,US4TB3P0,37.0,1164,5,,,1938,1915,,,"Former Japan Chart 481 (Ed. 1940, Rev. 1944), from Japan surveys, Scale 1:25,000",20150206,"US,US,reprt,L-246-2015",US4TB3P0,D,0.22,134.5967865,7.3733835
8841,1,2,129,1,550,-2004046809,19802,0226888CAC274D5A,,,,,,,,,,,,,,,29999,,,,20150206,"US,US,reprt,L-246-2015",22.9,US4TB3P0,22.9,1165,3,,,2004,,,,"U.S. Navy LIDAR Survey, Archive No. 04HFM01, Scale 1:5,000-1:10,000",20150206,"US,US,reprt,L-246-2015",US4TB3P0,B,0.72,134.5968933,7.3389721
8841,1,2,129,1,550,-2004046809,19802,0226888CAC274D5A,,,,,,,,,,,,,,,29999,,,,20150206,"US,US,reprt,L-246-2015",31.0,US4TB3P0,31.0,1166,3,,,2004,,,,"U.S. Navy LIDAR Survey, Archive No. 04HFM01, Scale 1:5,000-1:10,000",20150206,"US,US,reprt,L-246-2015",US4TB3P0,B,0.72,134.5970764,7.3473806
8841,1,2,129,1,550,-2004046809,19802,0226888CAC274D5A,,,,,,,,,,,,,,,29999,,,,20150206,"US,US,reprt,L-246-2015",33.0,US4TB3P0,33.0,1167,3,,,2004,,,,"U.S. Navy LIDAR Survey, Archive No. 04HFM01, Scale 1:5,000-1:10,000",20150206,"US,US,reprt,L-246-2015",US4TB3P0,B,0.72,134.5972595,7.3496919
8841,1,2,129,1,550,-2004046809,19802,0226888CAC274D5A,,,,,,,,,,,,,,,29999,,,,20150206,"US,US,reprt,L-246-2015",30.7,US4TB3P0,30.7,1168,3,,,2004,,,,"U.S. Navy LIDAR Survey, Archive No. 04HFM01, Scale 1:5,000-1:10,000",20150206,"US,US,reprt,L-246-2015",US4TB3P0,B,0.72,134.5973511,7.3455749
8841,1,2,129,1,550,-2004046809,19802,0226888CAC274D5A,,,,,,,,,,,,,,,29999,,,,20150206,"US,US,reprt,L-246-2015",28.6,US4TB3P0,28.6,1169,3,,,2004,,,,"U.S. Navy LIDAR Survey, Archive No. 04HFM01, Scale 1:5,000-1:10,000",20150206,"US,US,reprt,L-246-2015",US4TB3P0,B,0.72,134.5977478,7.3433666
8841,1,2,129,1,550,-2004046809,19802,0226888CAC274D5A,,,,,,,,,,,,,,,29999,,,,20150206,"US,US,reprt,L-246-2015",35.0,US4TB3P0,35.0,1170,3,,,2004,,,,"U.S. Navy LIDAR Survey, Archive No. 04HFM01, Scale 1:5,000-1:10,000",20150206,"US,US,reprt,L-246-2015",US4TB3P0,B,0.72,134.5977631,7.3482666
8841,1,2,129,1,550,-2004046809,19802,0226888CAC274D5A,,,,,,,,,,,,,,,29999,,,,20150206,"US,US,reprt,L-246-2015",23.6,US4TB3P0,23.6,1171,3,,,2004,,,,"U.S. Navy LIDAR Survey, Archive No. 04HFM01, Scale 1:5,000-1:10,000",20150206,"US,US,reprt,L-246-2015",US4TB3P0,B,0.72,134.5979767,7.3405805
8841,1,2,129,1,550,-2004046809,19802,0226888CAC274D5A,,,,,,,,,,,,,,,29999,,,,20150206,"US,US,reprt,L-246-2015",407.0,US4TB3P0,407.0,1172,5,,,1938,1915,,,"Former Japan Chart 481 (Ed. 1940, Rev. 1944), from Japan surveys, Scale 1:25,000",20150206,"US,US,reprt,L-246-2015",US4TB3P0,D,0.22,134.5984039,7.333714
8841,1,2,129,1,550,-2004046809,19802,0226888CAC274D5A,,,,,,,,,,,,,,,29999,,,,20150206,"US,US,reprt,L-246-2015",58.0,US4TB3P0,58.0,1173,5,,,1938,1915,,,"Former Japan Chart 481 (Ed. 1940, Rev. 1944), from Japan surveys, Scale 1:25,000",20150206,"US,US,reprt,L-246-2015",US4TB3P0,D,0.22,134.5987244,7.3748446
8841,1,2,129,1,550,-2004046809,19802,0226888CAC274D5A,,,,,,,,,,,,,,,29999,,,,20150206,"US,US,reprt,L-246-2015",29.2,US4TB3P0,29.2,1174,3,,,2004,,,,"U.S. Navy LIDAR Survey, Archive No. 04HFM01, Scale 1:5,000-1:10,000",20150206,"US,US,reprt,L-246-2015",US4TB3P0,B,0.72,134.5987549,7.3464308
8841,1,2,129,1,550,-2004046809,19802,0226888CAC274D5A,,,,,,,,,,,,,,,29999,,,,20150206,"US,US,reprt,L-246-2015",22.0,US4TB3P0,22.0,1175,5,,,1938,1915,,,"Former Japan Chart 481 (Ed. 1940, Rev. 1944), from Japan surveys, Scale 1:25,000",20150206,"US,US,reprt,L-246-2015",US4TB3P0,D,0.22,134.5988312,7.3553085
8841,1,2,129,1,550,-2004046809,19802,0226888CAC274D5A,,,,,,,,,,,,,,,29999,,,,20150206,"US,US,reprt,L-246-2015",21.8,US4TB3P0,21.8,1176,3,,,2004,,,,"U.S. Navy LIDAR Survey, Archive No. 04HFM01, Scale 1:5,000-1:10,000",20150206,"US,US,reprt,L-246-2015",US4TB3P0,B,0.72,134.5990448,7.3413973
8841,1,2,129,1,550,-2004046809,19802,0226888CAC274D5A,,,,,,,,,,,,,,,29999,,,,20150206,"US,US,reprt,L-246-2015",31.0,US4TB3P0,31.0,1177,3,,,2004,,,,"U.S. Navy LIDAR Survey, Archive No. 04HFM01, Scale 1:5,000-1:10,000",20150206,"US,US,reprt,L-246-2015",US4TB3P0,B,0.72,134.5990753,7.3507223
8841,1,2,129,1,550,-2004046809,19802,0226888CAC274D5A,,,,,,,,,,,,,,,29999,,,,20150206,"US,US,reprt,L-246-2015",26.4,US4TB3P0,26.4,1178,3,,,2004,,,,"U.S. Navy LIDAR Survey, Archive No. 04HFM01, Scale 1:5,000-1:10,000",20150206,"US,US,reprt,L-246-2015",US4TB3P0,B,0.72,134.5990906,7.3427944
8841,1,2,129,1,550,-2004046809,19802,0226888CAC274D5A,,,,,,,,,,,,,,,29999,,,,20150206,"US,US,reprt,L-246-2015",34.0,US4TB3P0,34.0,1179,3,,,2004,,,,"U.S. Navy LIDAR Survey, Archive No. 04HFM01, Scale 1:5,000-1:10,000",20150206,"US,US,reprt,L-246-2015",US4TB3P0,B,0.72,134.5991211,7.3477001
8841,1,2,129,1,550,-2004046809,19802,0226888CAC274D5A,,,,,,,,,,,,,,,29999,,,,20150206,"US,US,reprt,L-246-2015",32.0,US4TB3P0,32.0,1180,3,,,2004,,,,"U.S. Navy LIDAR Survey, Archive No. 04HFM01, Scale 1:5,000-1:10,000",20150206,"US,US,reprt,L-246-2015",US4TB3P0,B,0.72,134.599411,7.344697
8841,1,2,129,1,550,-2004046809,19802,0226888CAC274D5A,,,,,,,,,,,,,,,29999,,,,20150206,"US,US,reprt,L-246-2015",19.3,US4TB3P0,19.3,1181,3,,,2004,,,,"U.S. Navy LIDAR Survey, Archive No. 04HFM01, Scale 1:5,000-1:10,000",20150206,"US,US,reprt,L-246-2015",US4TB3P0,B,0.72,134.5996552,7.3468084
8841,1,2,129,1,550,-2004046809,19802,0226888CAC274D5A,,,,,,,,,,,,,,,29999,,,,20150206,"US,US,reprt,L-246-2015",36.0,US4TB3P0,36.0,1182,5,,,1938,1915,,,"Former Japan Chart 481 (Ed. 1940, Rev. 1944), from Japan surveys, Scale 1:25,000",20150206,"US,US,reprt,L-246-2015",US4TB3P0,D,0.22,134.5997925,7.3396001
8841,1,2,129,1,550,-2004046809,19802,0226888CAC274D5A,,,,,,,,,,,,,,,29999,,,,20150206,"US,US,reprt,L-246-2015",26.2,US4TB3P0,26.2,1183,3,,,2004,,,,"U.S. Navy LIDAR Survey, Archive No. 04HFM01, Scale 1:5,000-1:10,000",20150206,"US,US,reprt,L-246-2015",US4TB3P0,B,0.72,134.5998077,7.3405695
8841,1,2,129,1,550,-2004046809,19802,0226888CAC274D5A,,,,,,,,,,,,,,,29999,,,,20150206,"US,US,reprt,L-246-2015",27.6,US4TB3P0,27.6,1184,3,,,2004,,,,"U.S. Navy LIDAR Survey, Archive No. 04HFM01, Scale 1:5,000-1:10,000",20150206,"US,US,reprt,L-246-2015",US4TB3P0,B,0.72,134.5999451,7.3526778
8841,1,2,129,1,550,-2004046809,19802,0226888CAC274D5A,,,,,,,,,,,,,,,29999,,,,20150206,"US,US,reprt,L-246-2015",61.0,US4TB3P0,61.0,1185,5,,,1938,1915,,,"Former Japan Chart 481 (Ed. 1940, Rev. 1944), from Japan surveys, Scale 1:25,000",20150206,"US,US,reprt,L-246-2015",US4TB3P0,D,0.22,134.6001587,7.3740196
8841,1,2,129,1,550,-2004046809,19802,0226888CAC274D5A,,,,,,,,,,,,,,,29999,,,,20150206,"US,US,reprt,L-246-2015",25.0,US4TB3P0,25.0,1186,5,,,1938,1915,,,"Former Japan Chart 481 (Ed. 1940, Rev. 1944), from Japan surveys, Scale 1:25,000",20150206,"US,US,reprt,L-246-2015",US4TB3P0,D,0.22,134.6002197,7.3689637
8841,1,2,129,1,550,-2004046809,19802,0226888CAC274D5A,,,,,,,,,,,,,,,29999,,,,20150206,"US,US,reprt,L-246-2015",21.5,US4TB3P0,21.5,1187,3,,,2004,,,,"U.S. Navy LIDAR Survey, Archive No. 04HFM01, Scale 1:5,000-1:10,000",20150206,"US,US,reprt,L-246-2015",US4TB3P0,B,0.72,134.6002655,7.3417945
8841,1,2,129,1,550,-2004046809,19802,0226888CAC274D5A,,,,,,,,,,,,,,,29999,,,,20150206,"US,US,reprt,L-246-2015",60.0,US4TB3P0,60.0,1188,5,,,1938,1915,,,"Former Japan Chart 481 (Ed. 1940, Rev. 1944), from Japan surveys, Scale 1:25,000",20150206,"US,US,reprt,L-246-2015",US4TB3P0,D,0.22,134.600647,7.3730474
8841,1,2,129,1,550,-2004046809,19802,0226888CAC274D5A,,,,,,,,,,,,,,,29999,,,,20150206,"US,US,reprt,L-246-2015",29.0,US4TB3P0,29.0,1189,3,,,2004,,,,"U.S. Navy LIDAR Survey, Archive No. 04HFM01, Scale 1:5,000-1:10,000",20150206,"US,US,reprt,L-246-2015",US4TB3P0,B,0.72,134.6008301,7.3475919
8841,1,2,129,1,550,-2004046809,19802,0226888CAC274D5A,,,,,,,,,,,,,,,29999,,,,20150206,"US,US,reprt,L-246-2015",26.5,US4TB3P0,26.5,1190,3,,,2004,,,,"U.S. Navy LIDAR Survey, Archive No. 04HFM01, Scale 1:5,000-1:10,000",20150206,"US,US,reprt,L-246-2015",US4TB3P0,B,0.72,134.6008453,7.3428445
8841,1,2,129,1,550,-2004046809,19802,0226888CAC274D5A,,,,,,,,,,,,,,,29999,,,,20150206,"US,US,reprt,L-246-2015",14.3,US4TB3P0,14.3,1191,3,,,2004,,,,"U.S. Navy LIDAR Survey, Archive No. 04HFM01, Scale 1:5,000-1:10,000",20150206,"US,US,reprt,L-246-2015",US4TB3P0,B,0.72,134.6010895,7.3465724
8841,1,2,129,1,550,-2004046809,19802,0226888CAC274D5A,,,,,,,,,,,,,,,29999,,,,20150206,"US,US,reprt,L-246-2015",24.7,US4TB3P0,24.7,1192,3,,,2004,,,,"U.S. Navy LIDAR Survey, Archive No. 04HFM01, Scale 1:5,000-1:10,000",20150206,"US,US,reprt,L-246-2015",US4TB3P0,B,0.72,134.6011353,7.3449612
8841,1,2,129,1,550,-2004046809,19802,0226888CAC274D5A,,,,,,,,,,,,,,,29999,,,,20150206,"US,US,reprt,L-246-2015",34.0,US4TB3P0,34.0,1193,3,,,2004,,,,"U.S. Navy LIDAR Survey, Archive No. 04HFM01, Scale 1:5,000-1:10,000",20150206,"US,US,reprt,L-246-2015",US4TB3P0,B,0.72,134.6012116,7.3509498
8841,1,2,129,1,550,-2004046809,19802,0226888CAC274D5A,,,,,,,,,,,,,,,29999,,,,20150206,"US,US,reprt,L-246-2015",29.0,US4TB3P0,29.0,1194,5,,,1938,1915,,,"Former Japan Chart 481 (Ed. 1940, Rev. 1944), from Japan surveys, Scale 1:25,000",20150206,"US,US,reprt,L-246-2015",US4TB3P0,D,0.22,134.6013184,7.3545804
8841,1,2,129,1,550,-2004046809,19802,0226888CAC274D5A,,,,,,,,,,,,,,,29999,,,,20150206,"US,US,reprt,L-246-2015",37.0,US4TB3P0,37.0,1195,3,,,2004,,,,"U.S. Navy LIDAR Survey, Archive No. 04HFM01, Scale 1:5,000-1:10,000",20150206,"US,US,reprt,L-246-2015",US4TB3P0,B,0.72,134.6013641,7.3490863
8841,1,2,129,1,550,-2004046809,19802,0226888CAC274D5A,,,,,,,,,,,,,,,29999,,,,20150206,"US,US,reprt,L-246-2015",25.0,US4TB3P0,25.0,1196,5,,,1938,1915,,,"Former Japan Chart 481 (Ed. 1940, Rev. 1944), from Japan surveys, Scale 1:25,000",20150206,"US,US,reprt,L-246-2015",US4TB3P0,D,0.22,134.6018677,7.3681946
8841,1,2,129,1,550,-2004046809,19802,0226888CAC274D5A,,,,,,,,,,,,,,,29999,,,,20150206,"US,US,reprt,L-246-2015",84.0,US4TB3P0,84.0,1197,5,,,1938,1915,,,"Former Japan Chart 481 (Ed. 1940, Rev. 1944), from Japan surveys, Scale 1:25,000",20150206,"US,US,reprt,L-246-2015",US4TB3P0,D,0.22,134.601944,7.3397002
8841,1,2,129,1,550,-2004046809,19802,0226888CAC274D5A,,,,,,,,,,,,,,,29999,,,,20150206,"US,US,reprt,L-246-2015",9.4,US4TB3P0,9.4,1198,3,,,2004,,,,"U.S. Navy LIDAR Survey, Archive No. 04HFM01, Scale 1:5,000-1:10,000",20150206,"US,US,reprt,L-246-2015",US4TB3P0,B,0.72,134.6019592,7.3468666
8841,1,2,129,1,550,-2004046809,19802,0226888CAC274D5A,,,,,,,,,,,,,,,29999,,,,20150206,"US,US,reprt,L-246-2015",22.2,US4TB3P0,22.2,1199,3,,,2004,,,,"U.S. Navy LIDAR Survey, Archive No. 04HFM01, Scale 1:5,000-1:10,000",20150206,"US,US,reprt,L-246-2015",US4TB3P0,B,0.72,134.6021423,7.3500166
8841,1,2,129,1,550,-2004046809,19802,0226888CAC274D5A,,,,,,,,,,,,,,,29999,,,,20150206,"US,US,reprt,L-246-2015",12.1,US4TB3P0,12.1,1200,3,,,2004,,,,"U.S. Navy LIDAR Survey, Archive No. 04HFM01, Scale 1:5,000-1:10,000",20150206,"US,US,reprt,L-246-2015",US4TB3P0,B,0.72,134.6022034,7.3458056
8841,1,2,129,1,550,-2004046809,19802,0226888CAC274D5A,,,,,,,,,,,,,,,29999,,,,20150206,"US,US,reprt,L-246-2015",16.0,US4TB3P0,16.0,1201,3,,,2004,,,,"U.S. Navy LIDAR Survey, Archive No. 04HFM01, Scale 1:5,000-1:10,000",20150206,"US,US,reprt,L-246-2015",US4TB3P0,B,0.72,134.6022492,7.3447585
8841,1,2,129,1,550,-2004046809,19802,0226888CAC274D5A,,,,,,,,,,,,,,,29999,,,,20150206,"US,US,reprt,L-246-2015",35.0,US4TB3P0,35.0,1202,5,,,1938,1915,,,"Former Japan Chart 481 (Ed. 1940, Rev. 1944), from Japan surveys, Scale 1:25,000",20150206,"US,US,reprt,L-246-2015",US4TB3P0,D,0.22,134.6023407,7.3583498
8841,1,2,129,1,550,-2004046809,19802,0226888CAC274D5A,,,,,,,,,,,,,,,29999,,,,20150206,"US,US,reprt,L-246-2015",9.9,US4TB3P0,9.9,1203,5,,,1938,1915,,,"Former Japan Chart 481 (Ed. 1940, Rev. 1944), from Japan surveys, Scale 1:25,000",20150206,"US,US,reprt,L-246-2015",US4TB3P0,D,0.22,134.6023865,7.3602305
8841,1,2,129,1,550,-2004046809,19802,0226888CAC274D5A,,,,,,,,,,,,,,,29999,,,,20150206,"US,US,reprt,L-246-2015",27.6,US4TB3P0,27.6,1204,3,,,2004,,,,"U.S. Navy LIDAR Survey, Archive No. 04HFM01, Scale 1:5,000-1:10,000",20150206,"US,US,reprt,L-246-2015",US4TB3P0,B,0.72,134.602478,7.3487945
8841,1,2,129,1,550,-2004046809,19802,0226888CAC274D5A,,,,,,,,,,,,,,,29999,,,,20150206,"US,US,reprt,L-246-2015",58.0,US4TB3P0,58.0,1205,5,,,1938,1915,,,"Former Japan Chart 481 (Ed. 1940, Rev. 1944), from Japan surveys, Scale 1:25,000",20150206,"US,US,reprt,L-246-2015",US4TB3P0,D,0.22,134.6026154,7.3746419
8841,1,2,129,1,550,-2004046809,19802,0226888CAC274D5A,,,,,,,,,,,,,,,29999,,,,20150206,"US,US,reprt,L-246-2015",19.7,US4TB3P0,19.7,1206,5,,,1938,1915,,,"Former Japan Chart 481 (Ed. 1940, Rev. 1944), from Japan surveys, Scale 1:25,000",20150206,"US,US,reprt,L-246-2015",US4TB3P0,D,0.22,134.6026306,7.3650279
8841,1,2,129,1,550,-2004046809,19802,0226888CAC274D5A,,,,,,,,,,,,,,,29999,,,,20150206,"US,US,reprt,L-246-2015",27.7,US4TB3P0,27.7,1207,3,,,2004,,,,"U.S. Navy LIDAR Survey, Archive No. 04HFM01, Scale 1:5,000-1:10,000",20150206,"US,US,reprt,L-246-2015",US4TB3P0,B,0.72,134.6026917,7.3435669
8841,1,2,129,1,550,-2004046809,19802,0226888CAC274D5A,,,,,,,,,,,,,,,29999,,,,20150206,"US,US,reprt,L-246-2015",9.6,US4TB3P0,9.6,1208,3,,,2004,,,,"U.S. Navy LIDAR Survey, Archive No. 04HFM01, Scale 1:5,000-1:10,000",20150206,"US,US,reprt,L-246-2015",US4TB3P0,B,0.72,134.6027222,7.3478112
8841,1,2,129,1,550,-2004046809,19802,0226888CAC274D5A,,,,,,,,,,,,,,,29999,,,,20150206,"US,US,reprt,L-246-2015",35.0,US4TB3P0,35.0,1209,5,,,1938,1915,,,"Former Japan Chart 481 (Ed. 1940, Rev. 1944), from Japan surveys, Scale 1:25,000",20150206,"US,US,reprt,L-246-2015",US4TB3P0,D,0.22,134.6027374,7.342361
8841,1,2,129,1,550,-2004046809,19802,0226888CAC274D5A,,,,,,,,,,,,,,,29999,,,,20150206,"US,US,reprt,L-246-2015",27.4,US4TB3P0,27.4,1210,3,,,2004,,,,"U.S. Navy LIDAR Survey, Archive No. 04HFM01, Scale 1:5,000-1:10,000",20150206,"US,US,reprt,L-246-2015",US4TB3P0,B,0.72,134.6028748,7.35115
8841,1,2,129,1,550,-2004046809,19802,0226888CAC274D5A,,,,,,,,,,,,,,,29999,,,,20150206,"US,US,reprt,L-246-2015",26.0,US4TB3P0,26.0,1211,5,,,1938,1915,,,"Former Japan Chart 481 (Ed. 1940, Rev. 1944), from Japan surveys, Scale 1:25,000",20150206,"US,US,reprt,L-246-2015",US4TB3P0,D,0.22,134.6030579,7.3697224
8841,1,2,129,1,550,-2004046809,19802,0226888CAC274D5A,,,,,,,,,,,,,,,29999,,,,20150206,"US,US,reprt,L-246-2015",37.0,US4TB3P0,37.0,1212,5,,,1938,1915,,,"Former Japan Chart 481 (Ed. 1940, Rev. 1944), from Japan surveys, Scale 1:25,000",20150206,"US,US,reprt,L-246-2015",US4TB3P0,D,0.22,134.6032715,7.363636
8841,1,2,129,1,550,-2004046809,19802,0226888CAC274D5A,,,,,,,,,,,,,,,29999,,,,20150206,"US,US,reprt,L-246-2015",9.7,US4TB3P0,9.7,1213,3,,,2004,,,,"U.S. Navy LIDAR Survey, Archive No. 04HFM01, Scale 1:5,000-1:10,000",20150206,"US,US,reprt,L-246-2015",US4TB3P0,B,0.72,134.6032867,7.3469167
8841,1,2,129,1,550,-2004046809,19802,0226888CAC274D5A,,,,,,,,,,,,,,,29999,,,,20150206,"US,US,reprt,L-246-2015",26.0,US4TB3P0,26.0,1214,5,,,1938,1915,,,"Former Japan Chart 481 (Ed. 1940, Rev. 1944), from Japan surveys, Scale 1:25,000",20150206,"US,US,reprt,L-246-2015",US4TB3P0,D,0.22,134.6032867,7.3720331
8841,1,2,129,1,550,-2004046809,19802,0226888CAC274D5A,,,,,,,,,,,,,,,29999,,,,20150206,"US,US,reprt,L-246-2015",17.9,US4TB3P0,17.9,1215,3,,,2004,,,,"U.S. Navy LIDAR Survey, Archive No. 04HFM01, Scale 1:5,000-1:10,000",20150206,"US,US,reprt,L-246-2015",US4TB3P0,B,0.72,134.6033173,7.3453002
8841,1,2,129,1,550,-2004046809,19802,0226888CAC274D5A,,,,,,,,,,,,,,,29999,,,,20150206,"US,US,reprt,L-246-2015",28.0,US4TB3P0,28.0,1216,5,,,1938,1915,,,"Former Japan Chart 481 (Ed. 1940, Rev. 1944), from Japan surveys, Scale 1:25,000",20150206,"US,US,reprt,L-246-2015",US4TB3P0,D,0.22,134.6033173,7.3532972
8841,1,2,129,1,550,-2004046809,19802,0226888CAC274D5A,,,,,,,,,,,,,,,29999,,,,20150206,"US,US,reprt,L-246-2015",9.4,US4TB3P0,9.4,1217,3,,,2004,,,,"U.S. Navy LIDAR Survey, Archive No. 04HFM01, Scale 1:5,000-1:10,000",20150206,"US,US,reprt,L-246-2015",US4TB3P0,B,0.72,134.6035156,7.3483362
8841,1,2,129,1,550,-2004046809,19802,0226888CAC274D5A,,,,,,,,,,,,,,,29999,,,,20150206,"US,US,reprt,L-246-2015",19.7,US4TB3P0,19.7,1218,3,,,2004,,,,"U.S. Navy LIDAR Survey, Archive No. 04HFM01, Scale 1:5,000-1:10,000",20150206,"US,US,reprt,L-246-2015",US4TB3P0,B,0.72,134.6035309,7.3493471
8841,1,2,129,1,550,-2004046809,19802,0226888CAC274D5A,,,,,,,,,,,,,,,29999,,,,20150206,"US,US,reprt,L-246-2015",12.1,US4TB3P0,12.1,1219,3,,,2004,,,,"U.S. Navy LIDAR Survey, Archive No. 04HFM01, Scale 1:5,000-1:10,000",20150206,"US,US,reprt,L-246-2015",US4TB3P0,B,0.72,134.6040649,7.3473887
8841,1,2,129,1,550,-2004046809,19802,0226888CAC274D5A,,,,,,,,,,,,,,,29999,,,,20150206,"US,US,reprt,L-246-2015",548.0,US4TB3P0,548.0,1220,5,,,1938,1915,,,"Former Japan Chart 481 (Ed. 1940, Rev. 1944), from Japan surveys, Scale 1:25,000",20150206,"US,US,reprt,L-246-2015",US4TB3P0,D,0.22,134.6041565,7.3359027
8841,1,2,129,1,550,-2004046809,19802,0226888CAC274D5A,,,,,,,,,,,,,,,29999,,,,20150206,"US,US,reprt,L-246-2015",15.1,US4TB3P0,15.1,1221,3,,,2004,,,,"U.S. Navy LIDAR Survey, Archive No. 04HFM01, Scale 1:5,000-1:10,000",20150206,"US,US,reprt,L-246-2015",US4TB3P0,B,0.72,134.6041565,7.3462582
8841,1,2,129,1,550,-2004046809,19802,0226888CAC274D5A,,,,,,,,,,,,,,,29999,,,,20150206,"US,US,reprt,L-246-2015",15.1,US4TB3P0,15.1,1222,5,,,1938,1915,,,"Former Japan Chart 481 (Ed. 1940, Rev. 1944), from Japan surveys, Scale 1:25,000",20150206,"US,US,reprt,L-246-2015",US4TB3P0,D,0.22,134.6042023,7.3511915
8841,1,2,129,1,550,-2004046809,19802,0226888CAC274D5A,,,,,,,,,,,,,,,29999,,,,20150206,"US,US,reprt,L-246-2015",34.0,US4TB3P0,34.0,1223,5,,,1938,1915,,,"Former Japan Chart 481 (Ed. 1940, Rev. 1944), from Japan surveys, Scale 1:25,000",20150206,"US,US,reprt,L-246-2015",US4TB3P0,D,0.22,134.6042328,7.3438749
8841,1,2,129,1,550,-2004046809,19802,0226888CAC274D5A,,,,,,,,,,,,,,,29999,,,,20150206,"US,US,reprt,L-246-2015",850.0,US4TB3P0,850.0,1224,5,,,1938,1915,,,"Former Japan Chart 481 (Ed. 1940, Rev. 1944), from Japan surveys, Scale 1:25,000",20150206,"US,US,reprt,L-246-2015",US4TB3P0,D,0.22,134.6044006,7.3292251
8841,1,2,129,1,550,-2004046809,19802,0226888CAC274D5A,,,,,,,,,,,,,,,29999,,,,20150206,"US,US,reprt,L-246-2015",33.0,US4TB3P0,33.0,1225,5,,,1938,1915,,,"Former Japan Chart 481 (Ed. 1940, Rev. 1944), from Japan surveys, Scale 1:25,000",20150206,"US,US,reprt,L-246-2015",US4TB3P0,D,0.22,134.6044006,7.3579168
8841,1,2,129,1,550,-2004046809,19802,0226888CAC274D5A,,,,,,,,,,,,,,,29999,,,,20150206,"US,US,reprt,L-246-2015",26.2,US4TB3P0,26.2,1226,3,,,2004,,,,"U.S. Navy LIDAR Survey, Archive No. 04HFM01, Scale 1:5,000-1:10,000",20150206,"US,US,reprt,L-246-2015",US4TB3P0,B,0.72,134.6044312,7.3448582
8841,1,2,129,1,550,-2004046809,19802,0226888CAC274D5A,,,,,,,,,,,,,,,29999,,,,20150206,"US,US,reprt,L-246-2015",26.0,US4TB3P0,26.0,1227,5,,,1938,1915,,,"Former Japan Chart 481 (Ed. 1940, Rev. 1944), from Japan surveys, Scale 1:25,000",20150206,"US,US,reprt,L-246-2015",US4TB3P0,D,0.22,134.6045075,7.3659196
8841,1,2,129,1,550,-2004046809,19802,0226888CAC274D5A,,,,,,,,,,,,,,,29999,,,,20150206,"US,US,reprt,L-246-2015",49.0,US4TB3P0,49.0,1228,5,,,1938,1915,,,"Former Japan Chart 481 (Ed. 1940, Rev. 1944), from Japan surveys, Scale 1:25,000",20150206,"US,US,reprt,L-246-2015",US4TB3P0,D,0.22,134.6045685,7.3616362
8841,1,2,129,1,550,-2004046809,19802,0226888CAC274D5A,,,,,,,,,,,,,,,29999,,,,20150206,"US,US,reprt,L-246-2015",38.0,US4TB3P0,38.0,1229,5,,,1938,1915,,,"Former Japan Chart 481 (Ed. 1940, Rev. 1944), from Japan surveys, Scale 1:25,000",20150206,"US,US,reprt,L-246-2015",US4TB3P0,D,0.22,134.6045837,7.3746419
8841,1,2,129,1,550,-2004046809,19802,0226888CAC274D5A,,,,,,,,,,,,,,,29999,,,,20150206,"US,US,reprt,L-246-2015",114.0,US4TB3P0,114.0,1230,5,,,1938,1915,,,"Former Japan Chart 481 (Ed. 1940, Rev. 1944), from Japan surveys, Scale 1:25,000",20150206,"US,US,reprt,L-246-2015",US4TB3P0,D,0.22,134.6047516,7.3413887
8841,1,2,129,1,550,-2004046809,19802,0226888CAC274D5A,,,,,,,,,,,,,,,29999,,,,20150206,"US,US,reprt,L-246-2015",27.2,US4TB3P0,27.2,1231,5,,,1938,1915,,,"Former Japan Chart 481 (Ed. 1940, Rev. 1944), from Japan surveys, Scale 1:25,000",20150206,"US,US,reprt,L-246-2015",US4TB3P0,D,0.22,134.6048279,7.3522387
8841,1,2,129,1,550,-2004046809,19802,0226888CAC274D5A,,,,,,,,,,,,,,,29999,,,,20150206,"US,US,reprt,L-246-2015",29.0,US4TB3P0,29.0,1232,5,,,1938,1915,,,"Former Japan Chart 481 (Ed. 1940, Rev. 1944), from Japan surveys, Scale 1:25,000",20150206,"US,US,reprt,L-246-2015",US4TB3P0,D,0.22,134.6049042,7.3685584
8841,1,2,129,1,550,-2004046809,19802,0226888CAC274D5A,,,,,,,,,,,,,,,29999,,,,20150206,"US,US,reprt,L-246-2015",15.5,US4TB3P0,15.5,1233,5,,,1938,1915,,,"Former Japan Chart 481 (Ed. 1940, Rev. 1944), from Japan surveys, Scale 1:25,000",20150206,"US,US,reprt,L-246-2015",US4TB3P0,D,0.22,134.6049347,7.3530779
8841,1,2,129,1,550,-2004046809,19802,0226888CAC274D5A,,,,,,,,,,,,,,,29999,,,,20150206,"US,US,reprt,L-246-2015",30.0,US4TB3P0,30.0,1234,5,,,1938,1915,,,"Former Japan Chart 481 (Ed. 1940, Rev. 1944), from Japan surveys, Scale 1:25,000",20150206,"US,US,reprt,L-246-2015",US4TB3P0,D,0.22,134.6049805,7.3542137
8841,1,2,129,1,550,-2004046809,19802,0226888CAC274D5A,,,,,,,,,,,,,,,29999,,,,20150206,"US,US,reprt,L-246-2015",7.2,US4TB3P0,7.2,1235,3,,,2004,,,,"U.S. Navy LIDAR Survey, Archive No. 04HFM01, Scale 1:5,000-1:10,000",20150206,"US,US,reprt,L-246-2015",US4TB3P0,B,0.72,134.6049957,7.3494029
8841,1,2,129,1,550,-2004046809,19802,0226888CAC274D5A,,,,,,,,,,,,,,,29999,,,,20150206,"US,US,reprt,L-246-2015",9.2,US4TB3P0,9.2,1236,3,,,2004,,,,"U.S. Navy LIDAR Survey, Archive No. 04HFM01, Scale 1:5,000-1:10,000",20150206,"US,US,reprt,L-246-2015",US4TB3P0,B,0.72,134.6051636,7.348136
8841,1,2,129,1,550,-2004046809,19802,0226888CAC274D5A,,,,,,,,,,,,,,,29999,,,,20150206,"US,US,reprt,L-246-2015",17.7,US4TB3P0,17.7,1237,5,,,1938,1915,,,"Former Japan Chart 481 (Ed. 1940, Rev. 1944), from Japan surveys, Scale 1:25,000",20150206,"US,US,reprt,L-246-2015",US4TB3P0,D,0.22,134.6054535,7.3506475
8841,1,2,129,1,550,-2004046809,19802,0226888CAC274D5A,,,,,,,,,,,,,,,29999,,,,20150206,"US,US,reprt,L-246-2015",26.0,US4TB3P0,26.0,1238,3,,,2004,,,,"U.S. Navy LIDAR Survey, Archive No. 04HFM01, Scale 1:5,000-1:10,000",20150206,"US,US,reprt,L-246-2015",US4TB3P0,B,0.72,134.6056213,7.3463388
8841,1,2,129,1,550,-2004046809,19802,0226888CAC274D5A,,,,,,,,,,,,,,,29999,,,,20150206,"US,US,reprt,L-246-2015",14.1,US4TB3P0,14.1,1239,5,,,1938,1915,,,"Former Japan Chart 481 (Ed. 1940, Rev. 1944), from Japan surveys, Scale 1:25,000",20150206,"US,US,reprt,L-246-2015",US4TB3P0,D,0.22,134.6057587,7.352253
8841,1,2,129,1,550,-2004046809,19802,0226888CAC274D5A,,,,,,,,,,,,,,,29999,,,,20150206,"US,US,reprt,L-246-2015",16.4,US4TB3P0,16.4,1240,3,,,2004,,,,"U.S. Navy LIDAR Survey, Archive No. 04HFM01, Scale 1:5,000-1:10,000",20150206,"US,US,reprt,L-246-2015",US4TB3P0,B,0.72,134.606247,7.3478251
8841,1,2,129,1,550,-2004046809,19802,0226888CAC274D5A,,,,,,,,,,,,,,,29999,,,,20150206,"US,US,reprt,L-246-2015",37.0,US4TB3P0,37.0,1241,5,,,1938,1915,,,"Former Japan Chart 481 (Ed. 1940, Rev. 1944), from Japan surveys, Scale 1:25,000",20150206,"US,US,reprt,L-246-2015",US4TB3P0,D,0.22,134.6064148,7.3578224
8841,1,2,129,1,550,-2004046809,19802,0226888CAC274D5A,,,,,,,,,,,,,,,29999,,,,20150206,"US,US,reprt,L-246-2015",34.0,US4TB3P0,34.0,1242,5,,,1938,1915,,,"Former Japan Chart 481 (Ed. 1940, Rev. 1944), from Japan surveys, Scale 1:25,000",20150206,"US,US,reprt,L-246-2015",US4TB3P0,D,0.22,134.6068268,7.3593779
8841,1,2,129,1,550,-2004046809,19802,0226888CAC274D5A,,,,,,,,,,,,,,,29999,,,,20150206,"US,US,reprt,L-246-2015",37.0,US4TB3P0,37.0,1243,5,,,1938,1915,,,"Former Japan Chart 481 (Ed. 1940, Rev. 1944), from Japan surveys, Scale 1:25,000",20150206,"US,US,reprt,L-246-2015",US4TB3P0,D,0.22,134.6075592,7.3651471
8841,1,2,129,1,550,-2004046809,19802,0226888CAC274D5A,,,,,,,,,,,,,,,29999,,,,20150206,"US,US,reprt,L-246-2015",25.0,US4TB3P0,25.0,1244,5,,,1938,1915,,,"Former Japan Chart 481 (Ed. 1940, Rev. 1944), from Japan surveys, Scale 1:25,000",20150206,"US,US,reprt,L-246-2015",US4TB3P0,D,0.22,134.6075745,7.3482943
8841,1,2,129,1,550,-2004046809,19802,0226888CAC274D5A,,,,,,,,,,,,,,,29999,,,,20150206,"US,US,reprt,L-246-2015",44.0,US4TB3P0,44.0,1245,5,,,1938,1915,,,"Former Japan Chart 481 (Ed. 1940, Rev. 1944), from Japan surveys, Scale 1:25,000",20150206,"US,US,reprt,L-246-2015",US4TB3P0,D,0.22,134.6077271,7.3462696
8841,1,2,129,1,550,-2004046809,19802,0226888CAC274D5A,,,,,,,,,,,,,,,29999,,,,20150206,"US,US,reprt,L-246-2015",31.0,US4TB3P0,31.0,1246,5,,,1938,1915,,,"Former Japan Chart 481 (Ed. 1940, Rev. 1944), from Japan surveys, Scale 1:25,000",20150206,"US,US,reprt,L-246-2015",US4TB3P0,D,0.22,134.6079102,7.3682084
8841,1,2,129,1,550,-2004046809,19802,0226888CAC274D5A,,,,,,,,,,,,,,,29999,,,,20150206,"US,US,reprt,L-246-2015",27.0,US4TB3P0,27.0,1247,5,,,1938,1915,,,"Former Japan Chart 481 (Ed. 1940, Rev. 1944), from Japan surveys, Scale 1:25,000",20150206,"US,US,reprt,L-246-2015",US4TB3P0,D,0.22,134.608017,7.3740859
8841,1,2,129,1,550,-2004046809,19802,0226888CAC274D5A,,,,,,,,,,,,,,,29999,,,,20150206,"US,US,reprt,L-246-2015",471.0,US4TB3P0,471.0,1248,5,,,1938,1915,,,"Former Japan Chart 481 (Ed. 1940, Rev. 1944), from Japan surveys, Scale 1:25,000",20150206,"US,US,reprt,L-246-2015",US4TB3P0,D,0.22,134.608078,7.3414307
8841,1,2,129,1,550,-2004046809,19802,0226888CAC274D5A,,,,,,,,,,,,,,,29999,,,,20150206,"US,US,reprt,L-246-2015",48.0,US4TB3P0,48.0,1249,5,,,1938,1915,,,"Former Japan Chart 481 (Ed. 1940, Rev. 1944), from Japan surveys, Scale 1:25,000",20150206,"US,US,reprt,L-246-2015",US4TB3P0,D,0.22,134.6103363,7.3491197
8841,1,2,129,1,550,-2004046809,19802,0226888CAC274D5A,,,,,,,,,,,,,,,29999,,,,20150206,"US,US,reprt,L-246-2015",9.5,US4TB3P0,9.5,1250,5,,,1938,1915,,,"Former Japan Chart 481 (Ed. 1940, Rev. 1944), from Japan surveys, Scale 1:25,000",20150206,"US,US,reprt,L-246-2015",US4TB3P0,D,0.22,134.6107941,7.3527722
8841,1,2,129,1,550,-2004046809,19802,0226888CAC274D5A,,,,,,,,,,,,,,,29999,,,,20150206,"US,US,reprt,L-246-2015",23.0,US4TB3P0,23.0,1251,5,,,1938,1915,,,"Former Japan Chart 481 (Ed. 1940, Rev. 1944), from Japan surveys, Scale 1:25,000",20150206,"US,US,reprt,L-246-2015",US4TB3P0,D,0.22,134.6109467,7.3691669
8841,1,2,129,1,550,-2004046809,19802,0226888CAC274D5A,,,,,,,,,,,,,,,29999,,,,20150206,"US,US,reprt,L-246-2015",426.0,US4TB3P0,426.0,1252,5,,,1938,1915,,,"Former Japan Chart 481 (Ed. 1940, Rev. 1944), from Japan surveys, Scale 1:25,000",20150206,"US,US,reprt,L-246-2015",US4TB3P0,D,0.22,134.6111755,7.346364
8841,1,2,129,1,550,-2004046809,19802,0226888CAC274D5A,,,,,,,,,,,,,,,29999,,,,20150206,"US,US,reprt,L-246-2015",28.0,US4TB3P0,28.0,1253,5,,,1938,1915,,,"Former Japan Chart 481 (Ed. 1940, Rev. 1944), from Japan surveys, Scale 1:25,000",20150206,"US,US,reprt,L-246-2015",US4TB3P0,D,0.22,134.611618,7.3657446
8841,1,2,129,1,550,-2004046809,19802,0226888CAC274D5A,,,,,,,,,,,,,,,29999,,,,20150206,"US,US,reprt,L-246-2015",30.0,US4TB3P0,30.0,1254,5,,,1938,1915,,,"Former Japan Chart 481 (Ed. 1940, Rev. 1944), from Japan surveys, Scale 1:25,000",20150206,"US,US,reprt,L-246-2015",US4TB3P0,D,0.22,134.6119385,7.3731804
8841,1,2,129,1,550,-2004046809,19802,0226888CAC274D5A,,,,,,,,,,,,,,,29999,,,,20150206,"US,US,reprt,L-246-2015",29.0,US4TB3P0,29.0,1255,5,,,1938,1915,,,"Former Japan Chart 481 (Ed. 1940, Rev. 1944), from Japan surveys, Scale 1:25,000",20150206,"US,US,reprt,L-246-2015",US4TB3P0,D,0.22,134.6122437,7.36795
8841,1,2,129,1,550,-2004046809,19802,0226888CAC274D5A,,,,,,,,,,,,,,,29999,,,,20150206,"US,US,reprt,L-246-2015",879.0,US4TB3P0,879.0,1256,5,,,1938,1915,,,"Former Japan Chart 481 (Ed. 1940, Rev. 1944), from Japan surveys, Scale 1:25,000",20150206,"US,US,reprt,L-246-2015",US4TB3P0,D,0.22,134.6128845,7.3351998
8841,1,2,129,1,550,-2004046809,19802,0226888CAC274D5A,,,,,,,,,,,,,,,29999,,,,20150206,"US,US,reprt,L-246-2015",54.0,US4TB3P0,54.0,1257,5,,,1938,1915,,,"Former Japan Chart 481 (Ed. 1940, Rev. 1944), from Japan surveys, Scale 1:25,000",20150206,"US,US,reprt,L-246-2015",US4TB3P0,D,0.22,134.6135559,7.3516054
8841,1,2,129,1,550,-2004046809,19802,0226888CAC274D5A,,,,,,,,,,,,,,,29999,,,,20150206,"US,US,reprt,L-246-2015",24.0,US4TB3P0,24.0,1258,5,,,1938,1915,,,"Former Japan Chart 481 (Ed. 1940, Rev. 1944), from Japan surveys, Scale 1:25,000",20150206,"US,US,reprt,L-246-2015",US4TB3P0,D,0.22,134.614563,7.3730335
8841,1,2,129,1,550,-2004046809,19802,0226888CAC274D5A,,,,,,,,,,,,,,,29999,,,,20150206,"US,US,reprt,L-246-2015",27.0,US4TB3P0,27.0,1259,5,,,1938,1915,,,"Former Japan Chart 481 (Ed. 1940, Rev. 1944), from Japan surveys, Scale 1:25,000",20150206,"US,US,reprt,L-246-2015",US4TB3P0,D,0.22,134.6151733,7.3711529
8841,1,2,129,1,550,-2004046809,19802,0226888CAC274D5A,,,,,,,,,,,,,,,29999,,,,20150206,"US,US,reprt,L-246-2015",33.0,US4TB3P0,33.0,1260,5,,,1938,1915,,,"Former Japan Chart 481 (Ed. 1940, Rev. 1944), from Japan surveys, Scale 1:25,000",20150206,"US,US,reprt,L-246-2015",US4TB3P0,D,0.22,134.6155396,7.3542695
8841,1,2,129,1,550,-2004046809,19802,0226888CAC274D5A,,,,,,,,,,,,,,,29999,,,,20150206,"US,US,reprt,L-246-2015",550.0,US4TB3P0,550.0,1261,5,,,1938,1915,,,"Former Japan Chart 481 (Ed. 1940, Rev. 1944), from Japan surveys, Scale 1:25,000",20150206,"US,US,reprt,L-246-2015",US4TB3P0,D,0.22,134.6164398,7.349864
8841,1,2,129,1,550,-2004046809,19802,0226888CAC274D5A,,,,,,,,,,,,,,,29999,,,,20150206,"US,US,reprt,L-246-2015",811.0,US4TB3P0,811.0,1262,5,,,1938,1915,,,"Former Japan Chart 481 (Ed. 1940, Rev. 1944), from Japan surveys, Scale 1:25,000",20150206,"US,US,reprt,L-246-2015",US4TB3P0,D,0.22,134.6194,7.3407664
8841,1,2,129,1,550,-2004046809,19802,0226888CAC274D5A,,,,,,,,,,,,,,,29999,,,,20150206,"US,US,reprt,L-246-2015",477.0,US4TB3P0,477.0,1263,5,,,1938,1915,,,"Former Japan Chart 481 (Ed. 1940, Rev. 1944), from Japan surveys, Scale 1:25,000",20150206,"US,US,reprt,L-246-2015",US4TB3P0,D,0.22,134.6215363,7.3535943
8841,1,2,129,1,550,-2004046809,19802,0226888CAC274D5A,,,,,,,,,,,,,,,29999,,,,20150206,"US,US,reprt,L-246-2015",50.0,US4TB3P0,50.0,1264,5,,,1938,1915,,,"Former Japan Chart 481 (Ed. 1940, Rev. 1944), from Japan surveys, Scale 1:25,000",20150206,"US,US,reprt,L-246-2015",US4TB3P0,D,0.22,134.6235352,7.3607168
8841,1,2,129,1,550,-2004046809,19802,0226888CAC274D5A,,,,,,,,,,,,,,,29999,,,,20150206,"US,US,reprt,L-246-2015",81.0,US4TB3P0,81.0,1265,5,,,1938,1915,,,"Former Japan Chart 481 (Ed. 1940, Rev. 1944), from Japan surveys, Scale 1:25,000",20150206,"US,US,reprt,L-246-2015",US4TB3P0,D,0.22,134.6256104,7.3652306
8842,1,2,129,1,550,199852186,19802,02260BE9809A4D5A,,,3.0,,,,,,,,,,,,29999,,,,20150206,"US,US,reprt,L-246-2015",32.0,US4TB3P0,32.0,1266,3,,,2004,,,,"U.S. Navy LIDAR Survey, Archive No. 04HFM01, Scale 1:5,000-1:10,000",20150206,"US,US,reprt,L-246-2015",US4TB3P0,B,0.72,134.4963074,7.3287945
8842,1,2,129,1,550,199852186,19802,02260BE9809A4D5A,,,3.0,,,,,,,,,,,,29999,,,,20150206,"US,US,reprt,L-246-2015",34.0,US4TB3P0,34.0,1267,3,,,2004,,,,"U.S. Navy LIDAR Survey, Archive No. 04HFM01, Scale 1:5,000-1:10,000",20150206,"US,US,reprt,L-246-2015",US4TB3P0,B,0.72,134.4966431,7.3222113
8842,1,2,129,1,550,199852186,19802,02260BE9809A4D5A,,,3.0,,,,,,,,,,,,29999,,,,20150206,"US,US,reprt,L-246-2015",34.0,US4TB3P0,34.0,1268,3,,,2004,,,,"U.S. Navy LIDAR Survey, Archive No. 04HFM01, Scale 1:5,000-1:10,000",20150206,"US,US,reprt,L-246-2015",US4TB3P0,B,0.72,134.4966431,7.3256974
8842,1,2,129,1,550,199852186,19802,02260BE9809A4D5A,,,3.0,,,,,,,,,,,,29999,,,,20150206,"US,US,reprt,L-246-2015",38.0,US4TB3P0,38.0,1269,3,,,2004,,,,"U.S. Navy LIDAR Survey, Archive No. 04HFM01, Scale 1:5,000-1:10,000",20150206,"US,US,reprt,L-246-2015",US4TB3P0,B,0.72,134.4967804,7.324564
8842,1,2,129,1,550,199852186,19802,02260BE9809A4D5A,,,3.0,,,,,,,,,,,,29999,,,,20150206,"US,US,reprt,L-246-2015",31.0,US4TB3P0,31.0,1270,3,,,2004,,,,"U.S. Navy LIDAR Survey, Archive No. 04HFM01, Scale 1:5,000-1:10,000",20150206,"US,US,reprt,L-246-2015",US4TB3P0,B,0.72,134.4984436,7.3223472
8842,1,2,129,1,550,199852186,19802,02260BE9809A4D5A,,,3.0,,,,,,,,,,,,29999,,,,20150206,"US,US,reprt,L-246-2015",34.0,US4TB3P0,34.0,1271,3,,,2004,,,,"U.S. Navy LIDAR Survey, Archive No. 04HFM01, Scale 1:5,000-1:10,000",20150206,"US,US,reprt,L-246-2015",US4TB3P0,B,0.72,134.5009155,7.3287668
8842,1,2,129,1,550,199852186,19802,02260BE9809A4D5A,,,3.0,,,,,,,,,,,,29999,,,,20150206,"US,US,reprt,L-246-2015",32.0,US4TB3P0,32.0,1272,3,,,2004,,,,"U.S. Navy LIDAR Survey, Archive No. 04HFM01, Scale 1:5,000-1:10,000",20150206,"US,US,reprt,L-246-2015",US4TB3P0,B,0.72,134.5010834,7.3257527
8842,1,2,129,1,550,199852186,19802,02260BE9809A4D5A,,,3.0,,,,,,,,,,,,29999,,,,20150206,"US,US,reprt,L-246-2015",36.0,US4TB3P0,36.0,1273,3,,,2004,,,,"U.S. Navy LIDAR Survey, Archive No. 04HFM01, Scale 1:5,000-1:10,000",20150206,"US,US,reprt,L-246-2015",US4TB3P0,B,0.72,134.5013733,7.3271861
8842,1,2,129,1,550,199852186,19802,02260BE9809A4D5A,,,3.0,,,,,,,,,,,,29999,,,,20150206,"US,US,reprt,L-246-2015",32.0,US4TB3P0,32.0,1274,3,,,2004,,,,"U.S. Navy LIDAR Survey, Archive No. 04HFM01, Scale 1:5,000-1:10,000",20150206,"US,US,reprt,L-246-2015",US4TB3P0,B,0.72,134.5022125,7.3239555
8842,1,2,129,1,550,199852186,19802,02260BE9809A4D5A,,,3.0,,,,,,,,,,,,29999,,,,20150206,"US,US,reprt,L-246-2015",31.0,US4TB3P0,31.0,1275,3,,,2004,,,,"U.S. Navy LIDAR Survey, Archive No. 04HFM01, Scale 1:5,000-1:10,000",20150206,"US,US,reprt,L-246-2015",US4TB3P0,B,0.72,134.5028839,7.3329306
8842,1,2,129,1,550,199852186,19802,02260BE9809A4D5A,,,3.0,,,,,,,,,,,,29999,,,,20150206,"US,US,reprt,L-246-2015",32.0,US4TB3P0,32.0,1276,3,,,2004,,,,"U.S. Navy LIDAR Survey, Archive No. 04HFM01, Scale 1:5,000-1:10,000",20150206,"US,US,reprt,L-246-2015",US4TB3P0,B,0.72,134.5029755,7.3266859
8842,1,2,129,1,550,199852186,19802,02260BE9809A4D5A,,,3.0,,,,,,,,,,,,29999,,,,20150206,"US,US,reprt,L-246-2015",34.0,US4TB3P0,34.0,1277,3,,,2004,,,,"U.S. Navy LIDAR Survey, Archive No. 04HFM01, Scale 1:5,000-1:10,000",20150206,"US,US,reprt,L-246-2015",US4TB3P0,B,0.72,134.5030518,7.3307667
8842,1,2,129,1,550,199852186,19802,02260BE9809A4D5A,,,3.0,,,,,,,,,,,,29999,,,,20150206,"US,US,reprt,L-246-2015",34.0,US4TB3P0,34.0,1278,3,,,2004,,,,"U.S. Navy LIDAR Survey, Archive No. 04HFM01, Scale 1:5,000-1:10,000",20150206,"US,US,reprt,L-246-2015",US4TB3P0,B,0.72,134.5041046,7.328064
8842,1,2,129,1,550,199852186,19802,02260BE9809A4D5A,,,3.0,,,,,,,,,,,,29999,,,,20150206,"US,US,reprt,L-246-2015",36.0,US4TB3P0,36.0,1279,3,,,2004,,,,"U.S. Navy LIDAR Survey, Archive No. 04HFM01, Scale 1:5,000-1:10,000",20150206,"US,US,reprt,L-246-2015",US4TB3P0,B,0.72,134.5061493,7.3286166
8842,1,2,129,1,550,199852186,19802,02260BE9809A4D5A,,,3.0,,,,,,,,,,,,29999,,,,20150206,"US,US,reprt,L-246-2015",32.0,US4TB3P0,32.0,1280,3,,,2004,,,,"U.S. Navy LIDAR Survey, Archive No. 04HFM01, Scale 1:5,000-1:10,000",20150206,"US,US,reprt,L-246-2015",US4TB3P0,B,0.72,134.5065613,7.331564
8842,1,2,129,1,550,199852186,19802,02260BE9809A4D5A,,,3.0,,,,,,,,,,,,29999,,,,20150206,"US,US,reprt,L-246-2015",32.0,US4TB3P0,32.0,1281,5,,,1938,1915,,,"Former Japan Chart 481 (Ed. 1940, Rev. 1944), from Japan surveys, Scale 1:25,000",20150206,"US,US,reprt,L-246-2015",US4TB3P0,D,0.22,134.5263214,7.3392668
8842,1,2,129,1,550,199852186,19802,02260BE9809A4D5A,,,3.0,,,,,,,,,,,,29999,,,,20150206,"US,US,reprt,L-246-2015",53.0,US4TB3P0,53.0,1282,5,,,1938,1915,,,"Former Japan Chart 481 (Ed. 1940, Rev. 1944), from Japan surveys, Scale 1:25,000",20150206,"US,US,reprt,L-246-2015",US4TB3P0,D,0.22,134.5441437,7.3054915
8842,1,2,129,1,550,199852186,19802,02260BE9809A4D5A,,,3.0,,,,,,,,,,,,29999,,,,20150206,"US,US,reprt,L-246-2015",54.0,US4TB3P0,54.0,1283,5,,,1938,1915,,,"Former Japan Chart 481 (Ed. 1940, Rev. 1944), from Japan surveys, Scale 1:25,000",20150206,"US,US,reprt,L-246-2015",US4TB3P0,D,0.22,134.5583038,7.3224554
8842,1,2,129,1,550,199852186,19802,02260BE9809A4D5A,,,3.0,,,,,,,,,,,,29999,,,,20150206,"US,US,reprt,L-246-2015",58.0,US4TB3P0,58.0,1284,3,,,2004,,,,"U.S. Navy LIDAR Survey, Archive No. 04HFM01, Scale 1:5,000-1:10,000",20150206,"US,US,reprt,L-246-2015",US4TB3P0,B,0.72,134.5760193,7.341836
8843,1,2,129,1,550,-1126871900,19802,0226BCD54CA44D5A,,,,,,['4'],,,,,,,,,29999,,,,20150206,"US,US,reprt,L-246-2015",45.0,US4TB3P0,45.0,1285,5,,,1938,1915,,,"Former Japan Chart 481 (Ed. 1940, Rev. 1944), from Japan surveys, Scale 1:25,000",20150206,"US,US,reprt,L-246-2015",US4TB3P0,D,0.22,134.5321808,7.3030472
8843,1,2,129,1,550,-1126871900,19802,0226BCD54CA44D5A,,,,,,['4'],,,,,,,,,29999,,,,20150206,"US,US,reprt,L-246-2015",27.0,US4TB3P0,27.0,1286,5,,,1938,1915,,,"Former Japan Chart 481 (Ed. 1940, Rev. 1944), from Japan surveys, Scale 1:25,000",20150206,"US,US,reprt,L-246-2015",US4TB3P0,D,0.22,134.54599,7.2756639
8843,1,2,129,1,550,-1126871900,19802,0226BCD54CA44D5A,,,,,,['4'],,,,,,,,,29999,,,,20150206,"US,US,reprt,L-246-2015",77.0,US4TB3P0,77.0,1287,5,,,1938,1915,,,"Former Japan Chart 481 (Ed. 1940, Rev. 1944), from Japan surveys, Scale 1:25,000",20150206,"US,US,reprt,L-246-2015",US4TB3P0,D,0.22,134.54599,7.3171887
8843,1,2,129,1,550,-1126871900,19802,0226BCD54CA44D5A,,,,,,['4'],,,,,,,,,29999,,,,20150206,"US,US,reprt,L-246-2015",54.0,US4TB3P0,54.0,1288,5,,,1938,1915,,,"Former Japan Chart 481 (Ed. 1940, Rev. 1944), from Japan surveys, Scale 1:25,000",20150206,"US,US,reprt,L-246-2015",US4TB3P0,D,0.22,134.5461273,7.3125944
8843,1,2,129,1,550,-1126871900,19802,0226BCD54CA44D5A,,,,,,['4'],,,,,,,,,29999,,,,20150206,"US,US,reprt,L-246-2015",53.0,US4TB3P0,53.0,1289,5,,,1938,1915,,,"Former Japan Chart 481 (Ed. 1940, Rev. 1944), from Japan surveys, Scale 1:25,000",20150206,"US,US,reprt,L-246-2015",US4TB3P0,D,0.22,134.5463867,7.3080001
8843,1,2,129,1,550,-1126871900,19802,0226BCD54CA44D5A,,,,,,['4'],,,,,,,,,29999,,,,20150206,"US,US,reprt,L-246-2015",38.0,US4TB3P0,38.0,1290,5,,,1938,1915,,,"Former Japan Chart 481 (Ed. 1940, Rev. 1944), from Japan surveys, Scale 1:25,000",20150206,"US,US,reprt,L-246-2015",US4TB3P0,D,0.22,134.5465241,7.2772722
8843,1,2,129,1,550,-1126871900,19802,0226BCD54CA44D5A,,,,,,['4'],,,,,,,,,29999,,,,20150206,"US,US,reprt,L-246-2015",32.0,US4TB3P0,32.0,1291,5,,,1938,1915,,,"Former Japan Chart 481 (Ed. 1940, Rev. 1944), from Japan surveys, Scale 1:25,000",20150206,"US,US,reprt,L-246-2015",US4TB3P0,D,0.22,134.5467682,7.2854805
8843,1,2,129,1,550,-1126871900,19802,0226BCD54CA44D5A,,,,,,['4'],,,,,,,,,29999,,,,20150206,"US,US,reprt,L-246-2015",32.0,US4TB3P0,32.0,1292,5,,,1938,1915,,,"Former Japan Chart 481 (Ed. 1940, Rev. 1944), from Japan surveys, Scale 1:25,000",20150206,"US,US,reprt,L-246-2015",US4TB3P0,D,0.22,134.546814,7.2895026
8843,1,2,129,1,550,-1126871900,19802,0226BCD54CA44D5A,,,,,,['4'],,,,,,,,,29999,,,,20150206,"US,US,reprt,L-246-2015",58.0,US4TB3P0,58.0,1293,5,,,1938,1915,,,"Former Japan Chart 481 (Ed. 1940, Rev. 1944), from Japan surveys, Scale 1:25,000",20150206,"US,US,reprt,L-246-2015",US4TB3P0,D,0.22,134.5471802,7.3183332
8843,1,2,129,1,550,-1126871900,19802,0226BCD54CA44D5A,,,,,,['4'],,,,,,,,,29999,,,,20150206,"US,US,reprt,L-246-2015",25.0,US4TB3P0,25.0,1294,5,,,1938,1915,,,"Former Japan Chart 481 (Ed. 1940, Rev. 1944), from Japan surveys, Scale 1:25,000",20150206,"US,US,reprt,L-246-2015",US4TB3P0,D,0.22,134.5473938,7.3202086
8843,1,2,129,1,550,-1126871900,19802,0226BCD54CA44D5A,,,,,,['4'],,,,,,,,,29999,,,,20150206,"US,US,reprt,L-246-2015",40.0,US4TB3P0,40.0,1295,5,,,1938,1915,,,"Former Japan Chart 481 (Ed. 1940, Rev. 1944), from Japan surveys, Scale 1:25,000",20150206,"US,US,reprt,L-246-2015",US4TB3P0,D,0.22,134.5474091,7.303175
8843,1,2,129,1,550,-1126871900,19802,0226BCD54CA44D5A,,,,,,['4'],,,,,,,,,29999,,,,20150206,"US,US,reprt,L-246-2015",32.0,US4TB3P0,32.0,1296,5,,,1938,1915,,,"Former Japan Chart 481 (Ed. 1940, Rev. 1944), from Japan surveys, Scale 1:25,000",20150206,"US,US,reprt,L-246-2015",US4TB3P0,D,0.22,134.5477753,7.2813139
8843,1,2,129,1,550,-1126871900,19802,0226BCD54CA44D5A,,,,,,['4'],,,,,,,,,29999,,,,20150206,"US,US,reprt,L-246-2015",34.0,US4TB3P0,34.0,1297,5,,,1938,1915,,,"Former Japan Chart 481 (Ed. 1940, Rev. 1944), from Japan surveys, Scale 1:25,000",20150206,"US,US,reprt,L-246-2015",US4TB3P0,D,0.22,134.5479126,7.2999249
8843,1,2,129,1,550,-1126871900,19802,0226BCD54CA44D5A,,,,,,['4'],,,,,,,,,29999,,,,20150206,"US,US,reprt,L-246-2015",32.0,US4TB3P0,32.0,1298,5,,,1938,1915,,,"Former Japan Chart 481 (Ed. 1940, Rev. 1944), from Japan surveys, Scale 1:25,000",20150206,"US,US,reprt,L-246-2015",US4TB3P0,D,0.22,134.5480194,7.2937083
8843,1,2,129,1,550,-1126871900,19802,0226BCD54CA44D5A,,,,,,['4'],,,,,,,,,29999,,,,20150206,"US,US,reprt,L-246-2015",7.9,US4TB3P0,7.9,1299,5,,,1938,1915,,,"Former Japan Chart 481 (Ed. 1940, Rev. 1944), from Japan surveys, Scale 1:25,000",20150206,"US,US,reprt,L-246-2015",US4TB3P0,D,0.22,134.5489044,7.3021054
8843,1,2,129,1,550,-1126871900,19802,0226BCD54CA44D5A,,,,,,['4'],,,,,,,,,29999,,,,20150206,"US,US,reprt,L-246-2015",40.0,US4TB3P0,40.0,1300,5,,,1938,1915,,,"Former Japan Chart 481 (Ed. 1940, Rev. 1944), from Japan surveys, Scale 1:25,000",20150206,"US,US,reprt,L-246-2015",US4TB3P0,D,0.22,134.5492401,7.3084998
8843,1,2,129,1,550,-1126871900,19802,0226BCD54CA44D5A,,,,,,['4'],,,,,,,,,29999,,,,20150206,"US,US,reprt,L-246-2015",27.0,US4TB3P0,27.0,1301,5,,,1938,1915,,,"Former Japan Chart 481 (Ed. 1940, Rev. 1944), from Japan surveys, Scale 1:25,000",20150206,"US,US,reprt,L-246-2015",US4TB3P0,D,0.22,134.5493469,7.2768807
8843,1,2,129,1,550,-1126871900,19802,0226BCD54CA44D5A,,,,,,['4'],,,,,,,,,29999,,,,20150206,"US,US,reprt,L-246-2015",0.6,US4TB3P0,0.6,1302,5,,,1938,1915,,,"Former Japan Chart 481 (Ed. 1940, Rev. 1944), from Japan surveys, Scale 1:25,000",20150206,"US,US,reprt,L-246-2015",US4TB3P0,D,0.22,134.5493927,7.2791419
8843,1,2,129,1,550,-1126871900,19802,0226BCD54CA44D5A,,,,,,['4'],,,,,,,,,29999,,,,20150206,"US,US,reprt,L-246-2015",69.0,US4TB3P0,69.0,1303,5,,,1938,1915,,,"Former Japan Chart 481 (Ed. 1940, Rev. 1944), from Japan surveys, Scale 1:25,000",20150206,"US,US,reprt,L-246-2015",US4TB3P0,D,0.22,134.54953,7.3137026
8843,1,2,129,1,550,-1126871900,19802,0226BCD54CA44D5A,,,,,,['4'],,,,,,,,,29999,,,,20150206,"US,US,reprt,L-246-2015",32.0,US4TB3P0,32.0,1304,5,,,1938,1915,,,"Former Japan Chart 481 (Ed. 1940, Rev. 1944), from Japan surveys, Scale 1:25,000",20150206,"US,US,reprt,L-246-2015",US4TB3P0,D,0.22,134.5495453,7.2843528
8843,1,2,129,1,550,-1126871900,19802,0226BCD54CA44D5A,,,,,,['4'],,,,,,,,,29999,,,,20150206,"US,US,reprt,L-246-2015",49.0,US4TB3P0,49.0,1305,5,,,1938,1915,,,"Former Japan Chart 481 (Ed. 1940, Rev. 1944), from Japan surveys, Scale 1:25,000",20150206,"US,US,reprt,L-246-2015",US4TB3P0,D,0.22,134.5495758,7.316339
8843,1,2,129,1,550,-1126871900,19802,0226BCD54CA44D5A,,,,,,['4'],,,,,,,,,29999,,,,20150206,"US,US,reprt,L-246-2015",30.0,US4TB3P0,30.0,1306,5,,,1938,1915,,,"Former Japan Chart 481 (Ed. 1940, Rev. 1944), from Japan surveys, Scale 1:25,000",20150206,"US,US,reprt,L-246-2015",US4TB3P0,D,0.22,134.5496063,7.3059444
8843,1,2,129,1,550,-1126871900,19802,0226BCD54CA44D5A,,,,,,['4'],,,,,,,,,29999,,,,20150206,"US,US,reprt,L-246-2015",31.0,US4TB3P0,31.0,1307,5,,,1938,1915,,,"Former Japan Chart 481 (Ed. 1940, Rev. 1944), from Japan surveys, Scale 1:25,000",20150206,"US,US,reprt,L-246-2015",US4TB3P0,D,0.22,134.5496521,7.2813249
8843,1,2,129,1,550,-1126871900,19802,0226BCD54CA44D5A,,,,,,['4'],,,,,,,,,29999,,,,20150206,"US,US,reprt,L-246-2015",49.0,US4TB3P0,49.0,1308,5,,,1938,1915,,,"Former Japan Chart 481 (Ed. 1940, Rev. 1944), from Japan surveys, Scale 1:25,000",20150206,"US,US,reprt,L-246-2015",US4TB3P0,D,0.22,134.5497589,7.3214359
8843,1,2,129,1,550,-1126871900,19802,0226BCD54CA44D5A,,,,,,['4'],,,,,,,,,29999,,,,20150206,"US,US,reprt,L-246-2015",34.0,US4TB3P0,34.0,1309,5,,,1938,1915,,,"Former Japan Chart 481 (Ed. 1940, Rev. 1944), from Japan surveys, Scale 1:25,000",20150206,"US,US,reprt,L-246-2015",US4TB3P0,D,0.22,134.54982,7.2882471
8843,1,2,129,1,550,-1126871900,19802,0226BCD54CA44D5A,,,,,,['4'],,,,,,,,,29999,,,,20150206,"US,US,reprt,L-246-2015",36.0,US4TB3P0,36.0,1310,5,,,1938,1915,,,"Former Japan Chart 481 (Ed. 1940, Rev. 1944), from Japan surveys, Scale 1:25,000",20150206,"US,US,reprt,L-246-2015",US4TB3P0,D,0.22,134.5501709,7.2914639
8843,1,2,129,1,550,-1126871900,19802,0226BCD54CA44D5A,,,,,,['4'],,,,,,,,,29999,,,,20150206,"US,US,reprt,L-246-2015",8.3,US4TB3P0,8.3,1311,5,,,1938,1915,,,"Former Japan Chart 481 (Ed. 1940, Rev. 1944), from Japan surveys, Scale 1:25,000",20150206,"US,US,reprt,L-246-2015",US4TB3P0,D,0.22,134.5509338,7.2940583
8843,1,2,129,1,550,-1126871900,19802,0226BCD54CA44D5A,,,,,,['4'],,,,,,,,,29999,,,,20150206,"US,US,reprt,L-246-2015",38.0,US4TB3P0,38.0,1312,5,,,1938,1915,,,"Former Japan Chart 481 (Ed. 1940, Rev. 1944), from Japan surveys, Scale 1:25,000",20150206,"US,US,reprt,L-246-2015",US4TB3P0,D,0.22,134.5513458,7.318922
8843,1,2,129,1,550,-1126871900,19802,0226BCD54CA44D5A,,,,,,['4'],,,,,,,,,29999,,,,20150206,"US,US,reprt,L-246-2015",5.6,US4TB3P0,5.6,1313,5,,,1938,1915,,,"Former Japan Chart 481 (Ed. 1940, Rev. 1944), from Japan surveys, Scale 1:25,000",20150206,"US,US,reprt,L-246-2015",US4TB3P0,D,0.22,134.5522919,7.30655
8843,1,2,129,1,550,-1126871900,19802,0226BCD54CA44D5A,,,,,,['4'],,,,,,,,,29999,,,,20150206,"US,US,reprt,L-246-2015",7.4,US4TB3P0,7.4,1314,5,,,1938,1915,,,"Former Japan Chart 481 (Ed. 1940, Rev. 1944), from Japan surveys, Scale 1:25,000",20150206,"US,US,reprt,L-246-2015",US4TB3P0,D,0.22,134.5526886,7.3053889
8843,1,2,129,1,550,-1126871900,19802,0226BCD54CA44D5A,,,,,,['4'],,,,,,,,,29999,,,,20150206,"US,US,reprt,L-246-2015",47.0,US4TB3P0,47.0,1315,5,,,1938,1915,,,"Former Japan Chart 481 (Ed. 1940, Rev. 1944), from Japan surveys, Scale 1:25,000",20150206,"US,US,reprt,L-246-2015",US4TB3P0,D,0.22,134.5531616,7.2928138
8843,1,2,129,1,550,-1126871900,19802,0226BCD54CA44D5A,,,,,,['4'],,,,,,,,,29999,,,,20150206,"US,US,reprt,L-246-2015",25.0,US4TB3P0,25.0,1316,5,,,1938,1915,,,"Former Japan Chart 481 (Ed. 1940, Rev. 1944), from Japan surveys, Scale 1:25,000",20150206,"US,US,reprt,L-246-2015",US4TB3P0,D,0.22,134.5533905,7.2863665
8843,1,2,129,1,550,-1126871900,19802,0226BCD54CA44D5A,,,,,,['4'],,,,,,,,,29999,,,,20150206,"US,US,reprt,L-246-2015",38.0,US4TB3P0,38.0,1317,5,,,1938,1915,,,"Former Japan Chart 481 (Ed. 1940, Rev. 1944), from Japan surveys, Scale 1:25,000",20150206,"US,US,reprt,L-246-2015",US4TB3P0,D,0.22,134.5535584,7.2892332
8843,1,2,129,1,550,-1126871900,19802,0226BCD54CA44D5A,,,,,,['4'],,,,,,,,,29999,,,,20150206,"US,US,reprt,L-246-2015",51.0,US4TB3P0,51.0,1318,5,,,1938,1915,,,"Former Japan Chart 481 (Ed. 1940, Rev. 1944), from Japan surveys, Scale 1:25,000",20150206,"US,US,reprt,L-246-2015",US4TB3P0,D,0.22,134.5535736,7.3085389
8843,1,2,129,1,550,-1126871900,19802,0226BCD54CA44D5A,,,,,,['4'],,,,,,,,,29999,,,,20150206,"US,US,reprt,L-246-2015",32.0,US4TB3P0,32.0,1319,5,,,1938,1915,,,"Former Japan Chart 481 (Ed. 1940, Rev. 1944), from Japan surveys, Scale 1:25,000",20150206,"US,US,reprt,L-246-2015",US4TB3P0,D,0.22,134.5536499,7.2985582
8843,1,2,129,1,550,-1126871900,19802,0226BCD54CA44D5A,,,,,,['4'],,,,,,,,,29999,,,,20150206,"US,US,reprt,L-246-2015",38.0,US4TB3P0,38.0,1320,5,,,1938,1915,,,"Former Japan Chart 481 (Ed. 1940, Rev. 1944), from Japan surveys, Scale 1:25,000",20150206,"US,US,reprt,L-246-2015",US4TB3P0,D,0.22,134.5537262,7.3156915
8843,1,2,129,1,550,-1126871900,19802,0226BCD54CA44D5A,,,,,,['4'],,,,,,,,,29999,,,,20150206,"US,US,reprt,L-246-2015",36.0,US4TB3P0,36.0,1321,5,,,1938,1915,,,"Former Japan Chart 481 (Ed. 1940, Rev. 1944), from Japan surveys, Scale 1:25,000",20150206,"US,US,reprt,L-246-2015",US4TB3P0,D,0.22,134.5538483,7.3009472
8843,1,2,129,1,550,-1126871900,19802,0226BCD54CA44D5A,,,,,,['4'],,,,,,,,,29999,,,,20150206,"US,US,reprt,L-246-2015",40.0,US4TB3P0,40.0,1322,5,,,1938,1915,,,"Former Japan Chart 481 (Ed. 1940, Rev. 1944), from Japan surveys, Scale 1:25,000",20150206,"US,US,reprt,L-246-2015",US4TB3P0,D,0.22,134.5538483,7.3115945
8843,1,2,129,1,550,-1126871900,19802,0226BCD54CA44D5A,,,,,,['4'],,,,,,,,,29999,,,,20150206,"US,US,reprt,L-246-2015",31.0,US4TB3P0,31.0,1323,5,,,1938,1915,,,"Former Japan Chart 481 (Ed. 1940, Rev. 1944), from Japan surveys, Scale 1:25,000",20150206,"US,US,reprt,L-246-2015",US4TB3P0,D,0.22,134.5544586,7.3061194
8843,1,2,129,1,550,-1126871900,19802,0226BCD54CA44D5A,,,,,,['4'],,,,,,,,,29999,,,,20150206,"US,US,reprt,L-246-2015",9.7,US4TB3P0,9.7,1324,5,,,1938,1915,,,"Former Japan Chart 481 (Ed. 1940, Rev. 1944), from Japan surveys, Scale 1:25,000",20150206,"US,US,reprt,L-246-2015",US4TB3P0,D,0.22,134.5553131,7.2738223
8843,1,2,129,1,550,-1126871900,19802,0226BCD54CA44D5A,,,,,,['4'],,,,,,,,,29999,,,,20150206,"US,US,reprt,L-246-2015",13.7,US4TB3P0,13.7,1325,5,,,1938,1915,,,"Former Japan Chart 481 (Ed. 1940, Rev. 1944), from Japan surveys, Scale 1:25,000",20150206,"US,US,reprt,L-246-2015",US4TB3P0,D,0.22,134.5553742,7.2702999
8843,1,2,129,1,550,-1126871900,19802,0226BCD54CA44D5A,,,,,,['4'],,,,,,,,,29999,,,,20150206,"US,US,reprt,L-246-2015",13.7,US4TB3P0,13.7,1326,5,,,1938,1915,,,"Former Japan Chart 481 (Ed. 1940, Rev. 1944), from Japan surveys, Scale 1:25,000",20150206,"US,US,reprt,L-246-2015",US4TB3P0,D,0.22,134.555603,7.2871113
8843,1,2,129,1,550,-1126871900,19802,0226BCD54CA44D5A,,,,,,['4'],,,,,,,,,29999,,,,20150206,"US,US,reprt,L-246-2015",32.0,US4TB3P0,32.0,1327,5,,,1938,1915,,,"Former Japan Chart 481 (Ed. 1940, Rev. 1944), from Japan surveys, Scale 1:25,000",20150206,"US,US,reprt,L-246-2015",US4TB3P0,D,0.22,134.555603,7.2962055
8843,1,2,129,1,550,-1126871900,19802,0226BCD54CA44D5A,,,,,,['4'],,,,,,,,,29999,,,,20150206,"US,US,reprt,L-246-2015",36.0,US4TB3P0,36.0,1328,5,,,1938,1915,,,"Former Japan Chart 481 (Ed. 1940, Rev. 1944), from Japan surveys, Scale 1:25,000",20150206,"US,US,reprt,L-246-2015",US4TB3P0,D,0.22,134.5558624,7.2928972
8843,1,2,129,1,550,-1126871900,19802,0226BCD54CA44D5A,,,,,,['4'],,,,,,,,,29999,,,,20150206,"US,US,reprt,L-246-2015",15.7,US4TB3P0,15.7,1329,5,,,1938,1915,,,"Former Japan Chart 481 (Ed. 1940, Rev. 1944), from Japan surveys, Scale 1:25,000",20150206,"US,US,reprt,L-246-2015",US4TB3P0,D,0.22,134.5565491,7.3064861
8843,1,2,129,1,550,-1126871900,19802,0226BCD54CA44D5A,,,,,,['4'],,,,,,,,,29999,,,,20150206,"US,US,reprt,L-246-2015",11.7,US4TB3P0,11.7,1330,5,,,1938,1915,,,"Former Japan Chart 481 (Ed. 1940, Rev. 1944), from Japan surveys, Scale 1:25,000",20150206,"US,US,reprt,L-246-2015",US4TB3P0,D,0.22,134.5567017,7.2795196
8843,1,2,129,1,550,-1126871900,19802,0226BCD54CA44D5A,,,,,,['4'],,,,,,,,,29999,,,,20150206,"US,US,reprt,L-246-2015",19.7,US4TB3P0,19.7,1331,5,,,1938,1915,,,"Former Japan Chart 481 (Ed. 1940, Rev. 1944), from Japan surveys, Scale 1:25,000",20150206,"US,US,reprt,L-246-2015",US4TB3P0,D,0.22,134.5567627,7.2894888
8843,1,2,129,1,550,-1126871900,19802,0226BCD54CA44D5A,,,,,,['4'],,,,,,,,,29999,,,,20150206,"US,US,reprt,L-246-2015",38.0,US4TB3P0,38.0,1332,5,,,1938,1915,,,"Former Japan Chart 481 (Ed. 1940, Rev. 1944), from Japan surveys, Scale 1:25,000",20150206,"US,US,reprt,L-246-2015",US4TB3P0,D,0.22,134.5571137,7.3194084
8843,1,2,129,1,550,-1126871900,19802,0226BCD54CA44D5A,,,,,,['4'],,,,,,,,,29999,,,,20150206,"US,US,reprt,L-246-2015",38.0,US4TB3P0,38.0,1333,5,,,1938,1915,,,"Former Japan Chart 481 (Ed. 1940, Rev. 1944), from Japan surveys, Scale 1:25,000",20150206,"US,US,reprt,L-246-2015",US4TB3P0,D,0.22,134.5574036,7.3155141
8843,1,2,129,1,550,-1126871900,19802,0226BCD54CA44D5A,,,,,,['4'],,,,,,,,,29999,,,,20150206,"US,US,reprt,L-246-2015",19.7,US4TB3P0,19.7,1334,5,,,1938,1915,,,"Former Japan Chart 481 (Ed. 1940, Rev. 1944), from Japan surveys, Scale 1:25,000",20150206,"US,US,reprt,L-246-2015",US4TB3P0,D,0.22,134.5576325,7.2957306
8843,1,2,129,1,550,-1126871900,19802,0226BCD54CA44D5A,,,,,,['4'],,,,,,,,,29999,,,,20150206,"US,US,reprt,L-246-2015",38.0,US4TB3P0,38.0,1335,5,,,1938,1915,,,"Former Japan Chart 481 (Ed. 1940, Rev. 1944), from Japan surveys, Scale 1:25,000",20150206,"US,US,reprt,L-246-2015",US4TB3P0,D,0.22,134.5581818,7.3123808
8843,1,2,129,1,550,-1126871900,19802,0226BCD54CA44D5A,,,,,,['4'],,,,,,,,,29999,,,,20150206,"US,US,reprt,L-246-2015",34.0,US4TB3P0,34.0,1336,5,,,1938,1915,,,"Former Japan Chart 481 (Ed. 1940, Rev. 1944), from Japan surveys, Scale 1:25,000",20150206,"US,US,reprt,L-246-2015",US4TB3P0,D,0.22,134.5583038,7.310678
8843,1,2,129,1,550,-1126871900,19802,0226BCD54CA44D5A,,,,,,['4'],,,,,,,,,29999,,,,20150206,"US,US,reprt,L-246-2015",15.7,US4TB3P0,15.7,1337,5,,,1938,1915,,,"Former Japan Chart 481 (Ed. 1940, Rev. 1944), from Japan surveys, Scale 1:25,000",20150206,"US,US,reprt,L-246-2015",US4TB3P0,D,0.22,134.5588989,7.2831359
8843,1,2,129,1,550,-1126871900,19802,0226BCD54CA44D5A,,,,,,['4'],,,,,,,,,29999,,,,20150206,"US,US,reprt,L-246-2015",34.0,US4TB3P0,34.0,1338,3,,,2004,,,,"U.S. Navy LIDAR Survey, Archive No. 04HFM01, Scale 1:5,000-1:10,000",20150206,"US,US,reprt,L-246-2015",US4TB3P0,B,0.72,134.5595703,7.329011
8843,1,2,129,1,550,-1126871900,19802,0226BCD54CA44D5A,,,,,,['4'],,,,,,,,,29999,,,,20150206,"US,US,reprt,L-246-2015",25.0,US4TB3P0,25.0,1339,3,,,2004,,,,"U.S. Navy LIDAR Survey, Archive No. 04HFM01, Scale 1:5,000-1:10,000",20150206,"US,US,reprt,L-246-2015",US4TB3P0,B,0.72,134.5595856,7.307147
8843,1,2,129,1,550,-1126871900,19802,0226BCD54CA44D5A,,,,,,['4'],,,,,,,,,29999,,,,20150206,"US,US,reprt,L-246-2015",34.0,US4TB3P0,34.0,1340,3,,,2004,,,,"U.S. Navy LIDAR Survey, Archive No. 04HFM01, Scale 1:5,000-1:10,000",20150206,"US,US,reprt,L-246-2015",US4TB3P0,B,0.72,134.5612183,7.3139195
8843,1,2,129,1,550,-1126871900,19802,0226BCD54CA44D5A,,,,,,['4'],,,,,,,,,29999,,,,20150206,"US,US,reprt,L-246-2015",47.0,US4TB3P0,47.0,1341,3,,,2004,,,,"U.S. Navy LIDAR Survey, Archive No. 04HFM01, Scale 1:5,000-1:10,000",20150206,"US,US,reprt,L-246-2015",US4TB3P0,B,0.72,134.561264,7.3223362
8843,1,2,129,1,550,-1126871900,19802,0226BCD54CA44D5A,,,,,,['4'],,,,,,,,,29999,,,,20150206,"US,US,reprt,L-246-2015",45.0,US4TB3P0,45.0,1342,5,,,1938,1915,,,"Former Japan Chart 481 (Ed. 1940, Rev. 1944), from Japan surveys, Scale 1:25,000",20150206,"US,US,reprt,L-246-2015",US4TB3P0,D,0.22,134.561676,7.3173361
8843,1,2,129,1,550,-1126871900,19802,0226BCD54CA44D5A,,,,,,['4'],,,,,,,,,29999,,,,20150206,"US,US,reprt,L-246-2015",9.7,US4TB3P0,9.7,1343,5,,,1938,1915,,,"Former Japan Chart 481 (Ed. 1940, Rev. 1944), from Japan surveys, Scale 1:25,000",20150206,"US,US,reprt,L-246-2015",US4TB3P0,D,0.22,134.5619202,7.285089
8843,1,2,129,1,550,-1126871900,19802,0226BCD54CA44D5A,,,,,,['4'],,,,,,,,,29999,,,,20150206,"US,US,reprt,L-246-2015",9.7,US4TB3P0,9.7,1344,5,,,1938,1915,,,"Former Japan Chart 481 (Ed. 1940, Rev. 1944), from Japan surveys, Scale 1:25,000",20150206,"US,US,reprt,L-246-2015",US4TB3P0,D,0.22,134.5630646,7.2895331
8843,1,2,129,1,550,-1126871900,19802,0226BCD54CA44D5A,,,,,,['4'],,,,,,,,,29999,,,,20150206,"US,US,reprt,L-246-2015",7.4,US4TB3P0,7.4,1345,5,,,1938,1915,,,"Former Japan Chart 481 (Ed. 1940, Rev. 1944), from Japan surveys, Scale 1:25,000",20150206,"US,US,reprt,L-246-2015",US4TB3P0,D,0.22,134.5635376,7.2931137
8843,1,2,129,1,550,-1126871900,19802,0226BCD54CA44D5A,,,,,,['4'],,,,,,,,,29999,,,,20150206,"US,US,reprt,L-246-2015",29.0,US4TB3P0,29.0,1346,5,,,1938,1915,,,"Former Japan Chart 481 (Ed. 1940, Rev. 1944), from Japan surveys, Scale 1:25,000",20150206,"US,US,reprt,L-246-2015",US4TB3P0,D,0.22,134.5644074,7.3245778
8843,1,2,129,1,550,-1126871900,19802,0226BCD54CA44D5A,,,,,,['4'],,,,,,,,,29999,,,,20150206,"US,US,reprt,L-246-2015",15.7,US4TB3P0,15.7,1347,5,,,1938,1915,,,"Former Japan Chart 481 (Ed. 1940, Rev. 1944), from Japan surveys, Scale 1:25,000",20150206,"US,US,reprt,L-246-2015",US4TB3P0,D,0.22,134.5647125,7.3018804
8843,1,2,129,1,550,-1126871900,19802,0226BCD54CA44D5A,,,,,,['4'],,,,,,,,,29999,,,,20150206,"US,US,reprt,L-246-2015",40.0,US4TB3P0,40.0,1348,5,,,1938,1915,,,"Former Japan Chart 481 (Ed. 1940, Rev. 1944), from Japan surveys, Scale 1:25,000",20150206,"US,US,reprt,L-246-2015",US4TB3P0,D,0.22,134.5652924,7.3166609
8843,1,2,129,1,550,-1126871900,19802,0226BCD54CA44D5A,,,,,,['4'],,,,,,,,,29999,,,,20150206,"US,US,reprt,L-246-2015",40.0,US4TB3P0,40.0,1349,5,,,1938,1915,,,"Former Japan Chart 481 (Ed. 1940, Rev. 1944), from Japan surveys, Scale 1:25,000",20150206,"US,US,reprt,L-246-2015",US4TB3P0,D,0.22,134.565445,7.3208637
8843,1,2,129,1,550,-1126871900,19802,0226BCD54CA44D5A,,,,,,['4'],,,,,,,,,29999,,,,20150206,"US,US,reprt,L-246-2015",11.7,US4TB3P0,11.7,1350,5,,,1938,1915,,,"Former Japan Chart 481 (Ed. 1940, Rev. 1944), from Japan surveys, Scale 1:25,000",20150206,"US,US,reprt,L-246-2015",US4TB3P0,D,0.22,134.5671234,7.3047862
8843,1,2,129,1,550,-1126871900,19802,0226BCD54CA44D5A,,,,,,['4'],,,,,,,,,29999,,,,20150206,"US,US,reprt,L-246-2015",32.0,US4TB3P0,32.0,1351,3,,,2004,,,,"U.S. Navy LIDAR Survey, Archive No. 04HFM01, Scale 1:5,000-1:10,000",20150206,"US,US,reprt,L-246-2015",US4TB3P0,B,0.72,134.5672607,7.3280778
8843,1,2,129,1,550,-1126871900,19802,0226BCD54CA44D5A,,,,,,['4'],,,,,,,,,29999,,,,20150206,"US,US,reprt,L-246-2015",31.0,US4TB3P0,31.0,1352,5,,,1938,1915,,,"Former Japan Chart 481 (Ed. 1940, Rev. 1944), from Japan surveys, Scale 1:25,000",20150206,"US,US,reprt,L-246-2015",US4TB3P0,D,0.22,134.5688629,7.3245611
8843,1,2,129,1,550,-1126871900,19802,0226BCD54CA44D5A,,,,,,['4'],,,,,,,,,29999,,,,20150206,"US,US,reprt,L-246-2015",27.0,US4TB3P0,27.0,1353,3,,,2004,,,,"U.S. Navy LIDAR Survey, Archive No. 04HFM01, Scale 1:5,000-1:10,000",20150206,"US,US,reprt,L-246-2015",US4TB3P0,B,0.72,134.568985,7.3414917
8843,1,2,129,1,550,-1126871900,19802,0226BCD54CA44D5A,,,,,,['4'],,,,,,,,,29999,,,,20150206,"US,US,reprt,L-246-2015",9.7,US4TB3P0,9.7,1354,5,,,1938,1915,,,"Former Japan Chart 481 (Ed. 1940, Rev. 1944), from Japan surveys, Scale 1:25,000",20150206,"US,US,reprt,L-246-2015",US4TB3P0,D,0.22,134.5690155,7.3566332
8843,1,2,129,1,550,-1126871900,19802,0226BCD54CA44D5A,,,,,,['4'],,,,,,,,,29999,,,,20150206,"US,US,reprt,L-246-2015",9.7,US4TB3P0,9.7,1355,5,,,1938,1915,,,"Former Japan Chart 481 (Ed. 1940, Rev. 1944), from Japan surveys, Scale 1:25,000",20150206,"US,US,reprt,L-246-2015",US4TB3P0,D,0.22,134.569519,7.3586001
8843,1,2,129,1,550,-1126871900,19802,0226BCD54CA44D5A,,,,,,['4'],,,,,,,,,29999,,,,20150206,"US,US,reprt,L-246-2015",36.0,US4TB3P0,36.0,1356,3,,,2004,,,,"U.S. Navy LIDAR Survey, Archive No. 04HFM01, Scale 1:5,000-1:10,000",20150206,"US,US,reprt,L-246-2015",US4TB3P0,B,0.72,134.5701752,7.3293419
8843,1,2,129,1,550,-1126871900,19802,0226BCD54CA44D5A,,,,,,['4'],,,,,,,,,29999,,,,20150206,"US,US,reprt,L-246-2015",5.6,US4TB3P0,5.6,1357,5,,,1938,1915,,,"Former Japan Chart 481 (Ed. 1940, Rev. 1944), from Japan surveys, Scale 1:25,000",20150206,"US,US,reprt,L-246-2015",US4TB3P0,D,0.22,134.570221,7.3610697
8843,1,2,129,1,550,-1126871900,19802,0226BCD54CA44D5A,,,,,,['4'],,,,,,,,,29999,,,,20150206,"US,US,reprt,L-246-2015",0.1,US4TB3P0,0.1,1358,5,,,1938,1915,,,"Former Japan Chart 481 (Ed. 1940, Rev. 1944), from Japan surveys, Scale 1:25,000",20150206,"US,US,reprt,L-246-2015",US4TB3P0,D,0.22,134.5706482,7.3647862
8843,1,2,129,1,550,-1126871900,19802,0226BCD54CA44D5A,,,,,,['4'],,,,,,,,,29999,,,,20150206,"US,US,reprt,L-246-2015",34.0,US4TB3P0,34.0,1359,3,,,2004,,,,"U.S. Navy LIDAR Survey, Archive No. 04HFM01, Scale 1:5,000-1:10,000",20150206,"US,US,reprt,L-246-2015",US4TB3P0,B,0.72,134.5714722,7.3228025
8843,1,2,129,1,550,-1126871900,19802,0226BCD54CA44D5A,,,,,,['4'],,,,,,,,,29999,,,,20150206,"US,US,reprt,L-246-2015",19.7,US4TB3P0,19.7,1360,5,,,1938,1915,,,"Former Japan Chart 481 (Ed. 1940, Rev. 1944), from Japan surveys, Scale 1:25,000",20150206,"US,US,reprt,L-246-2015",US4TB3P0,D,0.22,134.5718994,7.3535113
8843,1,2,129,1,550,-1126871900,19802,0226BCD54CA44D5A,,,,,,['4'],,,,,,,,,29999,,,,20150206,"US,US,reprt,L-246-2015",29.0,US4TB3P0,29.0,1361,5,,,1938,1915,,,"Former Japan Chart 481 (Ed. 1940, Rev. 1944), from Japan surveys, Scale 1:25,000",20150206,"US,US,reprt,L-246-2015",US4TB3P0,D,0.22,134.5723724,7.3469029
8843,1,2,129,1,550,-1126871900,19802,0226BCD54CA44D5A,,,,,,['4'],,,,,,,,,29999,,,,20150206,"US,US,reprt,L-246-2015",34.0,US4TB3P0,34.0,1362,3,,,2004,,,,"U.S. Navy LIDAR Survey, Archive No. 04HFM01, Scale 1:5,000-1:10,000",20150206,"US,US,reprt,L-246-2015",US4TB3P0,B,0.72,134.5726471,7.3401861
8843,1,2,129,1,550,-1126871900,19802,0226BCD54CA44D5A,,,,,,['4'],,,,,,,,,29999,,,,20150206,"US,US,reprt,L-246-2015",23.0,US4TB3P0,23.0,1363,5,,,1938,1915,,,"Former Japan Chart 481 (Ed. 1940, Rev. 1944), from Japan surveys, Scale 1:25,000",20150206,"US,US,reprt,L-246-2015",US4TB3P0,D,0.22,134.5729523,7.3503361
8843,1,2,129,1,550,-1126871900,19802,0226BCD54CA44D5A,,,,,,['4'],,,,,,,,,29999,,,,20150206,"US,US,reprt,L-246-2015",8.3,US4TB3P0,8.3,1364,5,,,1938,1915,,,"Former Japan Chart 481 (Ed. 1940, Rev. 1944), from Japan surveys, Scale 1:25,000",20150206,"US,US,reprt,L-246-2015",US4TB3P0,D,0.22,134.5740051,7.356689
8843,1,2,129,1,550,-1126871900,19802,0226BCD54CA44D5A,,,,,,['4'],,,,,,,,,29999,,,,20150206,"US,US,reprt,L-246-2015",45.0,US4TB3P0,45.0,1365,3,,,2004,,,,"U.S. Navy LIDAR Survey, Archive No. 04HFM01, Scale 1:5,000-1:10,000",20150206,"US,US,reprt,L-246-2015",US4TB3P0,B,0.72,134.5748138,7.3397389
8843,1,2,129,1,550,-1126871900,19802,0226BCD54CA44D5A,,,,,,['4'],,,,,,,,,29999,,,,20150206,"US,US,reprt,L-246-2015",78.0,US4TB3P0,78.0,1366,5,,,1938,1915,,,"Former Japan Chart 481 (Ed. 1940, Rev. 1944), from Japan surveys, Scale 1:25,000",20150206,"US,US,reprt,L-246-2015",US4TB3P0,D,0.22,134.5827026,7.3206277
8843,1,2,129,1,550,-1126871900,19802,0226BCD54CA44D5A,,,,,,['4'],,,,,,,,,29999,,,,20150206,"US,US,reprt,L-246-2015",62.0,US4TB3P0,62.0,1367,3,,,2004,,,,"U.S. Navy LIDAR Survey, Archive No. 04HFM01, Scale 1:5,000-1:10,000",20150206,"US,US,reprt,L-246-2015",US4TB3P0,B,0.72,134.5840302,7.3429556
8843,1,2,129,1,550,-1126871900,19802,0226BCD54CA44D5A,,,,,,['4'],,,,,,,,,29999,,,,20150206,"US,US,reprt,L-246-2015",42.0,US4TB3P0,42.0,1368,3,,,2004,,,,"U.S. Navy LIDAR Survey, Archive No. 04HFM01, Scale 1:5,000-1:10,000",20150206,"US,US,reprt,L-246-2015",US4TB3P0,B,0.72,134.5881348,7.3396859
8843,1,2,129,1,550,-1126871900,19802,0226BCD54CA44D5A,,,,,,['4'],,,,,,,,,29999,,,,20150206,"US,US,reprt,L-246-2015",47.0,US4TB3P0,47.0,1369,3,,,2004,,,,"U.S. Navy LIDAR Survey, Archive No. 04HFM01, Scale 1:5,000-1:10,000",20150206,"US,US,reprt,L-246-2015",US4TB3P0,B,0.72,134.5883331,7.3356586
8843,1,2,129,1,550,-1126871900,19802,0226BCD54CA44D5A,,,,,,['4'],,,,,,,,,29999,,,,20150206,"US,US,reprt,L-246-2015",96.0,US4TB3P0,96.0,1370,5,,,1938,1915,,,"Former Japan Chart 481 (Ed. 1940, Rev. 1944), from Japan surveys, Scale 1:25,000",20150206,"US,US,reprt,L-246-2015",US4TB3P0,D,0.22,134.5896149,7.3277807
8843,1,2,129,1,550,-1126871900,19802,0226BCD54CA44D5A,,,,,,['4'],,,,,,,,,29999,,,,20150206,"US,US,reprt,L-246-2015",42.0,US4TB3P0,42.0,1371,3,,,2004,,,,"U.S. Navy LIDAR Survey, Archive No. 04HFM01, Scale 1:5,000-1:10,000",20150206,"US,US,reprt,L-246-2015",US4TB3P0,B,0.72,134.5904846,7.3344808
8843,1,2,129,1,550,-1126871900,19802,0226BCD54CA44D5A,,,,,,['4'],,,,,,,,,29999,,,,20150206,"US,US,reprt,L-246-2015",6.5,US4TB3P0,6.5,1372,5,,,1938,1915,,,"Former Japan Chart 481 (Ed. 1940, Rev. 1944), from Japan surveys, Scale 1:25,000",20150206,"US,US,reprt,L-246-2015",US4TB3P0,D,0.22,134.5951538,7.3754501
8843,1,2,129,1,550,-1126871900,19802,0226BCD54CA44D5A,,,,,,['4'],,,,,,,,,29999,,,,20150206,"US,US,reprt,L-246-2015",56.0,US4TB3P0,56.0,1373,5,,,1938,1915,,,"Former Japan Chart 481 (Ed. 1940, Rev. 1944), from Japan surveys, Scale 1:25,000",20150206,"US,US,reprt,L-246-2015",US4TB3P0,D,0.22,134.5978851,7.3758473
8843,1,2,129,1,550,-1126871900,19802,0226BCD54CA44D5A,,,,,,['4'],,,,,,,,,29999,,,,20150206,"US,US,reprt,L-246-2015",21.0,US4TB3P0,21.0,1374,5,,,1938,1915,,,"Former Japan Chart 481 (Ed. 1940, Rev. 1944), from Japan surveys, Scale 1:25,000",20150206,"US,US,reprt,L-246-2015",US4TB3P0,D,0.22,134.5982666,7.3714418
8843,1,2,129,1,550,-1126871900,19802,0226BCD54CA44D5A,,,,,,['4'],,,,,,,,,29999,,,,20150206,"US,US,reprt,L-246-2015",54.0,US4TB3P0,54.0,1375,5,,,1938,1915,,,"Former Japan Chart 481 (Ed. 1940, Rev. 1944), from Japan surveys, Scale 1:25,000",20150206,"US,US,reprt,L-246-2015",US4TB3P0,D,0.22,134.5994263,7.3789554
8843,1,2,129,1,550,-1126871900,19802,0226BCD54CA44D5A,,,,,,['4'],,,,,,,,,29999,,,,20150206,"US,US,reprt,L-246-2015",32.0,US4TB3P0,32.0,1376,5,,,1938,1915,,,"Former Japan Chart 481 (Ed. 1940, Rev. 1944), from Japan surveys, Scale 1:25,000",20150206,"US,US,reprt,L-246-2015",US4TB3P0,D,0.22,134.6009827,7.3573499
8843,1,2,129,1,550,-1126871900,19802,0226BCD54CA44D5A,,,,,,['4'],,,,,,,,,29999,,,,20150206,"US,US,reprt,L-246-2015",21.0,US4TB3P0,21.0,1377,5,,,1938,1915,,,"Former Japan Chart 481 (Ed. 1940, Rev. 1944), from Japan surveys, Scale 1:25,000",20150206,"US,US,reprt,L-246-2015",US4TB3P0,D,0.22,134.6012573,7.3668499
8843,1,2,129,1,550,-1126871900,19802,0226BCD54CA44D5A,,,,,,['4'],,,,,,,,,29999,,,,20150206,"US,US,reprt,L-246-2015",34.0,US4TB3P0,34.0,1378,5,,,1938,1915,,,"Former Japan Chart 481 (Ed. 1940, Rev. 1944), from Japan surveys, Scale 1:25,000",20150206,"US,US,reprt,L-246-2015",US4TB3P0,D,0.22,134.6013489,7.3724251
8843,1,2,129,1,550,-1126871900,19802,0226BCD54CA44D5A,,,,,,['4'],,,,,,,,,29999,,,,20150206,"US,US,reprt,L-246-2015",64.0,US4TB3P0,64.0,1379,5,,,1938,1915,,,"Former Japan Chart 481 (Ed. 1940, Rev. 1944), from Japan surveys, Scale 1:25,000",20150206,"US,US,reprt,L-246-2015",US4TB3P0,D,0.22,134.6026611,7.3763471
8843,1,2,129,1,550,-1126871900,19802,0226BCD54CA44D5A,,,,,,['4'],,,,,,,,,29999,,,,20150206,"US,US,reprt,L-246-2015",3.8,US4TB3P0,3.8,1380,5,,,1938,1915,,,"Former Japan Chart 481 (Ed. 1940, Rev. 1944), from Japan surveys, Scale 1:25,000",20150206,"US,US,reprt,L-246-2015",US4TB3P0,D,0.22,134.6027527,7.361825
8843,1,2,129,1,550,-1126871900,19802,0226BCD54CA44D5A,,,,,,['4'],,,,,,,,,29999,,,,20150206,"US,US,reprt,L-246-2015",3.3,US4TB3P0,3.3,1381,5,,,1938,1915,,,"Former Japan Chart 481 (Ed. 1940, Rev. 1944), from Japan surveys, Scale 1:25,000",20150206,"US,US,reprt,L-246-2015",US4TB3P0,D,0.22,134.6030884,7.3674612
8843,1,2,129,1,550,-1126871900,19802,0226BCD54CA44D5A,,,,,,['4'],,,,,,,,,29999,,,,20150206,"US,US,reprt,L-246-2015",32.0,US4TB3P0,32.0,1382,5,,,1938,1915,,,"Former Japan Chart 481 (Ed. 1940, Rev. 1944), from Japan surveys, Scale 1:25,000",20150206,"US,US,reprt,L-246-2015",US4TB3P0,D,0.22,134.6032867,7.356689
8843,1,2,129,1,550,-1126871900,19802,0226BCD54CA44D5A,,,,,,['4'],,,,,,,,,29999,,,,20150206,"US,US,reprt,L-246-2015",29.0,US4TB3P0,29.0,1383,5,,,1938,1915,,,"Former Japan Chart 481 (Ed. 1940, Rev. 1944), from Japan surveys, Scale 1:25,000",20150206,"US,US,reprt,L-246-2015",US4TB3P0,D,0.22,134.6041107,7.3600278
8843,1,2,129,1,550,-1126871900,19802,0226BCD54CA44D5A,,,,,,['4'],,,,,,,,,29999,,,,20150206,"US,US,reprt,L-246-2015",7.4,US4TB3P0,7.4,1384,5,,,1938,1915,,,"Former Japan Chart 481 (Ed. 1940, Rev. 1944), from Japan surveys, Scale 1:25,000",20150206,"US,US,reprt,L-246-2015",US4TB3P0,D,0.22,134.6046906,7.3710861
8843,1,2,129,1,550,-1126871900,19802,0226BCD54CA44D5A,,,,,,['4'],,,,,,,,,29999,,,,20150206,"US,US,reprt,L-246-2015",78.0,US4TB3P0,78.0,1385,5,,,1938,1915,,,"Former Japan Chart 481 (Ed. 1940, Rev. 1944), from Japan surveys, Scale 1:25,000",20150206,"US,US,reprt,L-246-2015",US4TB3P0,D,0.22,134.6057587,7.3432002
8843,1,2,129,1,550,-1126871900,19802,0226BCD54CA44D5A,,,,,,['4'],,,,,,,,,29999,,,,20150206,"US,US,reprt,L-246-2015",31.0,US4TB3P0,31.0,1386,5,,,1938,1915,,,"Former Japan Chart 481 (Ed. 1940, Rev. 1944), from Japan surveys, Scale 1:25,000",20150206,"US,US,reprt,L-246-2015",US4TB3P0,D,0.22,134.6060638,7.3635807
8843,1,2,129,1,550,-1126871900,19802,0226BCD54CA44D5A,,,,,,['4'],,,,,,,,,29999,,,,20150206,"US,US,reprt,L-246-2015",19.7,US4TB3P0,19.7,1387,5,,,1938,1915,,,"Former Japan Chart 481 (Ed. 1940, Rev. 1944), from Japan surveys, Scale 1:25,000",20150206,"US,US,reprt,L-246-2015",US4TB3P0,D,0.22,134.6061859,7.3679915
8843,1,2,129,1,550,-1126871900,19802,0226BCD54CA44D5A,,,,,,['4'],,,,,,,,,29999,,,,20150206,"US,US,reprt,L-246-2015",1.9,US4TB3P0,1.9,1388,5,,,1938,1915,,,"Former Japan Chart 481 (Ed. 1940, Rev. 1944), from Japan surveys, Scale 1:25,000",20150206,"US,US,reprt,L-246-2015",US4TB3P0,D,0.22,134.6064606,7.3723359
8843,1,2,129,1,550,-1126871900,19802,0226BCD54CA44D5A,,,,,,['4'],,,,,,,,,29999,,,,20150206,"US,US,reprt,L-246-2015",17.7,US4TB3P0,17.7,1389,5,,,1938,1915,,,"Former Japan Chart 481 (Ed. 1940, Rev. 1944), from Japan surveys, Scale 1:25,000",20150206,"US,US,reprt,L-246-2015",US4TB3P0,D,0.22,134.607193,7.3504725
8843,1,2,129,1,550,-1126871900,19802,0226BCD54CA44D5A,,,,,,['4'],,,,,,,,,29999,,,,20150206,"US,US,reprt,L-246-2015",76.0,US4TB3P0,76.0,1390,5,,,1938,1915,,,"Former Japan Chart 481 (Ed. 1940, Rev. 1944), from Japan surveys, Scale 1:25,000",20150206,"US,US,reprt,L-246-2015",US4TB3P0,D,0.22,134.6073914,7.3447137
8843,1,2,129,1,550,-1126871900,19802,0226BCD54CA44D5A,,,,,,['4'],,,,,,,,,29999,,,,20150206,"US,US,reprt,L-246-2015",27.0,US4TB3P0,27.0,1391,5,,,1938,1915,,,"Former Japan Chart 481 (Ed. 1940, Rev. 1944), from Japan surveys, Scale 1:25,000",20150206,"US,US,reprt,L-246-2015",US4TB3P0,D,0.22,134.6077728,7.3761277
8843,1,2,129,1,550,-1126871900,19802,0226BCD54CA44D5A,,,,,,['4'],,,,,,,,,29999,,,,20150206,"US,US,reprt,L-246-2015",27.0,US4TB3P0,27.0,1392,5,,,1938,1915,,,"Former Japan Chart 481 (Ed. 1940, Rev. 1944), from Japan surveys, Scale 1:25,000",20150206,"US,US,reprt,L-246-2015",US4TB3P0,D,0.22,134.6079712,7.3608279
8843,1,2,129,1,550,-1126871900,19802,0226BCD54CA44D5A,,,,,,['4'],,,,,,,,,29999,,,,20150206,"US,US,reprt,L-246-2015",27.0,US4TB3P0,27.0,1393,5,,,1938,1915,,,"Former Japan Chart 481 (Ed. 1940, Rev. 1944), from Japan surveys, Scale 1:25,000",20150206,"US,US,reprt,L-246-2015",US4TB3P0,D,0.22,134.6091461,7.3636527
8843,1,2,129,1,550,-1126871900,19802,0226BCD54CA44D5A,,,,,,['4'],,,,,,,,,29999,,,,20150206,"US,US,reprt,L-246-2015",11.7,US4TB3P0,11.7,1394,5,,,1938,1915,,,"Former Japan Chart 481 (Ed. 1940, Rev. 1944), from Japan surveys, Scale 1:25,000",20150206,"US,US,reprt,L-246-2015",US4TB3P0,D,0.22,134.6095886,7.3508973
8843,1,2,129,1,550,-1126871900,19802,0226BCD54CA44D5A,,,,,,['4'],,,,,,,,,29999,,,,20150206,"US,US,reprt,L-246-2015",31.0,US4TB3P0,31.0,1395,5,,,1938,1915,,,"Former Japan Chart 481 (Ed. 1940, Rev. 1944), from Japan surveys, Scale 1:25,000",20150206,"US,US,reprt,L-246-2015",US4TB3P0,D,0.22,134.6100311,7.3667555
8843,1,2,129,1,550,-1126871900,19802,0226BCD54CA44D5A,,,,,,['4'],,,,,,,,,29999,,,,20150206,"US,US,reprt,L-246-2015",25.0,US4TB3P0,25.0,1396,5,,,1938,1915,,,"Former Japan Chart 481 (Ed. 1940, Rev. 1944), from Japan surveys, Scale 1:25,000",20150206,"US,US,reprt,L-246-2015",US4TB3P0,D,0.22,134.6103058,7.3714776
8843,1,2,129,1,550,-1126871900,19802,0226BCD54CA44D5A,,,,,,['4'],,,,,,,,,29999,,,,20150206,"US,US,reprt,L-246-2015",5.6,US4TB3P0,5.6,1397,5,,,1938,1915,,,"Former Japan Chart 481 (Ed. 1940, Rev. 1944), from Japan surveys, Scale 1:25,000",20150206,"US,US,reprt,L-246-2015",US4TB3P0,D,0.22,134.6123352,7.379714
8843,1,2,129,1,550,-1126871900,19802,0226BCD54CA44D5A,,,,,,['4'],,,,,,,,,29999,,,,20150206,"US,US,reprt,L-246-2015",13.7,US4TB3P0,13.7,1398,5,,,1938,1915,,,"Former Japan Chart 481 (Ed. 1940, Rev. 1944), from Japan surveys, Scale 1:25,000",20150206,"US,US,reprt,L-246-2015",US4TB3P0,D,0.22,134.6128235,7.3546138
8843,1,2,129,1,550,-1126871900,19802,0226BCD54CA44D5A,,,,,,['4'],,,,,,,,,29999,,,,20150206,"US,US,reprt,L-246-2015",29.0,US4TB3P0,29.0,1399,5,,,1938,1915,,,"Former Japan Chart 481 (Ed. 1940, Rev. 1944), from Japan surveys, Scale 1:25,000",20150206,"US,US,reprt,L-246-2015",US4TB3P0,D,0.22,134.6128388,7.3708363
8843,1,2,129,1,550,-1126871900,19802,0226BCD54CA44D5A,,,,,,['4'],,,,,,,,,29999,,,,20150206,"US,US,reprt,L-246-2015",32.0,US4TB3P0,32.0,1400,5,,,1938,1915,,,"Former Japan Chart 481 (Ed. 1940, Rev. 1944), from Japan surveys, Scale 1:25,000",20150206,"US,US,reprt,L-246-2015",US4TB3P0,D,0.22,134.6131744,7.3751721
8843,1,2,129,1,550,-1126871900,19802,0226BCD54CA44D5A,,,,,,['4'],,,,,,,,,29999,,,,20150206,"US,US,reprt,L-246-2015",6.1,US4TB3P0,6.1,1401,5,,,1938,1915,,,"Former Japan Chart 481 (Ed. 1940, Rev. 1944), from Japan surveys, Scale 1:25,000",20150206,"US,US,reprt,L-246-2015",US4TB3P0,D,0.22,134.6163025,7.374114
8843,1,2,129,1,550,-1126871900,19802,0226BCD54CA44D5A,,,,,,['4'],,,,,,,,,29999,,,,20150206,"US,US,reprt,L-246-2015",13.7,US4TB3P0,13.7,1402,5,,,1938,1915,,,"Former Japan Chart 481 (Ed. 1940, Rev. 1944), from Japan surveys, Scale 1:25,000",20150206,"US,US,reprt,L-246-2015",US4TB3P0,D,0.22,134.6167908,7.3573585
8843,1,2,129,1,550,-1126871900,19802,0226BCD54CA44D5A,,,,,,['4'],,,,,,,,,29999,,,,20150206,"US,US,reprt,L-246-2015",32.0,US4TB3P0,32.0,1403,5,,,1938,1915,,,"Former Japan Chart 481 (Ed. 1940, Rev. 1944), from Japan surveys, Scale 1:25,000",20150206,"US,US,reprt,L-246-2015",US4TB3P0,D,0.22,134.6198883,7.3572946
8843,1,2,129,1,550,-1126871900,19802,0226BCD54CA44D5A,,,,,,['4'],,,,,,,,,29999,,,,20150206,"US,US,reprt,L-246-2015",17.7,US4TB3P0,17.7,1404,5,,,1938,1915,,,"Former Japan Chart 481 (Ed. 1940, Rev. 1944), from Japan surveys, Scale 1:25,000",20150206,"US,US,reprt,L-246-2015",US4TB3P0,D,0.22,134.6198883,7.3596721
8843,1,2,129,1,550,-1126871900,19802,0226BCD54CA44D5A,,,,,,['4'],,,,,,,,,29999,,,,20150206,"US,US,reprt,L-246-2015",7.0,US4TB3P0,7.0,1405,5,,,1938,1915,,,"Former Japan Chart 481 (Ed. 1940, Rev. 1944), from Japan surveys, Scale 1:25,000",20150206,"US,US,reprt,L-246-2015",US4TB3P0,D,0.22,134.6222687,7.3634834
8843,1,2,129,1,550,-1126871900,19802,0226BCD54CA44D5A,,,,,,['4'],,,,,,,,,29999,,,,20150206,"US,US,reprt,L-246-2015",9.3,US4TB3P0,9.3,1406,5,,,1938,1915,,,"Former Japan Chart 481 (Ed. 1940, Rev. 1944), from Japan surveys, Scale 1:25,000",20150206,"US,US,reprt,L-246-2015",US4TB3P0,D,0.22,134.6252289,7.3681445
8844,1,2,129,1,550,2132849767,19802,02267F20B4674D5A,,,,,,['5'],,,,,,,,,29999,,,,20150206,"US,US,reprt,L-246-2015",914.0,US4TB3P0,914.0,1407,5,,,1938,1915,,,"Former Japan Chart 481 (Ed. 1940, Rev. 1944), from Japan surveys, Scale 1:25,000",20150206,"US,US,reprt,L-246-2015",US4TB3P0,D,0.22,134.5913239,7.2852221
8844,1,2,129,1,550,2132849767,19802,02267F20B4674D5A,,,,,,['5'],,,,,,,,,29999,,,,20150206,"US,US,reprt,L-246-2015",914.0,US4TB3P0,914.0,1408,5,,,1938,1915,,,"Former Japan Chart 481 (Ed. 1940, Rev. 1944), from Japan surveys, Scale 1:25,000",20150206,"US,US,reprt,L-246-2015",US4TB3P0,D,0.22,134.5978699,7.3042026
8844,1,2,129,1,550,2132849767,19802,02267F20B4674D5A,,,,,,['5'],,,,,,,,,29999,,,,20150206,"US,US,reprt,L-246-2015",914.0,US4TB3P0,914.0,1409,5,,,1938,1915,,,"Former Japan Chart 481 (Ed. 1940, Rev. 1944), from Japan surveys, Scale 1:25,000",20150206,"US,US,reprt,L-246-2015",US4TB3P0,D,0.22,134.6124115,7.3183665
8845,1,2,129,1,550,2075135465,19802,02267BB00DE94D5A,,,3.0,,,['4'],,,,,,,,,29999,,,,20150206,"US,US,reprt,L-246-2015",62.0,US4TB3P0,62.0,1410,3,,,2004,,,,"U.S. Navy LIDAR Survey, Archive No. 04HFM01, Scale 1:5,000-1:10,000",20150206,"US,US,reprt,L-246-2015",US4TB3P0,B,0.72,134.5733643,7.3416863
